stage,category,stock_id,company_name,year,quarter,statement,account,value,raw_value,market,source_url
上游,晶圓代工與先進封裝,2330,台積電,2013,1,income_statement,營業收入,132754996,"132,754,996",sii,https://mopsov.twse.com.tw/mops/web/ajax_t163sb04
上游,晶圓代工與先進封裝,2330,台積電,2013,1,income_statement,營業成本,71988726,"71,988,726",sii,https://mopsov.twse.com.tw/mops/web/ajax_t163sb04
上游,晶圓代工與先進封裝,2330,台積電,2013,1,income_statement,營業毛利（毛損）,60766270,"60,766,270",sii,https://mopsov.twse.com.tw/mops/web/ajax_t163sb04
上游,晶圓代工與先進封裝,2330,台積電,2013,1,income_statement,未實現銷貨（損）益,,--,sii,https://mopsov.twse.com.tw/mops/web/ajax_t163sb04
上游,晶圓代工與先進封裝,2330,台積電,2013,1,income_statement,已實現銷貨（損）益,3540,"3,540",sii,https://mopsov.twse.com.tw/mops/web/ajax_t163sb04
上游,晶圓代工與先進封裝,2330,台積電,2013,1,income_statement,營業毛利（毛損）淨額,60769810,"60,769,810",sii,https://mopsov.twse.com.tw/mops/web/ajax_t163sb04
上游,晶圓代工與先進封裝,2330,台積電,2013,1,income_statement,營業費用,16376304,"16,376,304",sii,https://mopsov.twse.com.tw/mops/web/ajax_t163sb04
上游,晶圓代工與先進封裝,2330,台積電,2013,1,income_statement,其他收益及費損淨額,34503,"34,503",sii,https://mopsov.twse.com.tw/mops/web/ajax_t163sb04
上游,晶圓代工與先進封裝,2330,台積電,2013,1,income_statement,營業利益（損失）,44428009,"44,428,009",sii,https://mopsov.twse.com.tw/mops/web/ajax_t163sb04
上游,晶圓代工與先進封裝,2330,台積電,2013,1,income_statement,營業外收入及支出,1319905,"1,319,905",sii,https://mopsov.twse.com.tw/mops/web/ajax_t163sb04
上游,晶圓代工與先進封裝,2330,台積電,2013,1,income_statement,稅前淨利（淨損）,45747914,"45,747,914",sii,https://mopsov.twse.com.tw/mops/web/ajax_t163sb04
上游,晶圓代工與先進封裝,2330,台積電,2013,1,income_statement,所得稅費用（利益）,6212371,"6,212,371",sii,https://mopsov.twse.com.tw/mops/web/ajax_t163sb04
上游,晶圓代工與先進封裝,2330,台積電,2013,1,income_statement,繼續營業單位本期淨利（淨損）,39535543,"39,535,543",sii,https://mopsov.twse.com.tw/mops/web/ajax_t163sb04
上游,晶圓代工與先進封裝,2330,台積電,2013,1,income_statement,停業單位損益,,--,sii,https://mopsov.twse.com.tw/mops/web/ajax_t163sb04
上游,晶圓代工與先進封裝,2330,台積電,2013,1,income_statement,合併前非屬共同控制股權損益,,--,sii,https://mopsov.twse.com.tw/mops/web/ajax_t163sb04
上游,晶圓代工與先進封裝,2330,台積電,2013,1,income_statement,本期淨利（淨損）,39535543,"39,535,543",sii,https://mopsov.twse.com.tw/mops/web/ajax_t163sb04
上游,晶圓代工與先進封裝,2330,台積電,2013,1,income_statement,其他綜合損益（淨額）,5907807,"5,907,807",sii,https://mopsov.twse.com.tw/mops/web/ajax_t163sb04
上游,晶圓代工與先進封裝,2330,台積電,2013,1,income_statement,合併前非屬共同控制股權綜合損益淨額,,--,sii,https://mopsov.twse.com.tw/mops/web/ajax_t163sb04
上游,晶圓代工與先進封裝,2330,台積電,2013,1,income_statement,本期綜合損益總額,45443350,"45,443,350",sii,https://mopsov.twse.com.tw/mops/web/ajax_t163sb04
上游,晶圓代工與先進封裝,2330,台積電,2013,1,income_statement,淨利（淨損）歸屬於母公司業主,39576876,"39,576,876",sii,https://mopsov.twse.com.tw/mops/web/ajax_t163sb04
上游,晶圓代工與先進封裝,2330,台積電,2013,1,income_statement,淨利（淨損）歸屬於共同控制下前手權益,,--,sii,https://mopsov.twse.com.tw/mops/web/ajax_t163sb04
上游,晶圓代工與先進封裝,2330,台積電,2013,1,income_statement,淨利（淨損）歸屬於非控制權益,-41333,"-41,333",sii,https://mopsov.twse.com.tw/mops/web/ajax_t163sb04
上游,晶圓代工與先進封裝,2330,台積電,2013,1,income_statement,綜合損益總額歸屬於母公司業主,45455386,"45,455,386",sii,https://mopsov.twse.com.tw/mops/web/ajax_t163sb04
上游,晶圓代工與先進封裝,2330,台積電,2013,1,income_statement,綜合損益總額歸屬於共同控制下前手權益,,--,sii,https://mopsov.twse.com.tw/mops/web/ajax_t163sb04
上游,晶圓代工與先進封裝,2330,台積電,2013,1,income_statement,綜合損益總額歸屬於非控制權益,-12036,"-12,036",sii,https://mopsov.twse.com.tw/mops/web/ajax_t163sb04
上游,晶圓代工與先進封裝,2330,台積電,2013,1,income_statement,基本每股盈餘（元）,1.53,1.53,sii,https://mopsov.twse.com.tw/mops/web/ajax_t163sb04
上游,晶圓代工與先進封裝,2330,台積電,2013,1,balance_sheet,流動資產,297751192,"297,751,192",sii,https://mopsov.twse.com.tw/mops/web/ajax_t163sb05
上游,晶圓代工與先進封裝,2330,台積電,2013,1,balance_sheet,非流動資產,763878534,"763,878,534",sii,https://mopsov.twse.com.tw/mops/web/ajax_t163sb05
上游,晶圓代工與先進封裝,2330,台積電,2013,1,balance_sheet,資產總額,1061629726,"1,061,629,726",sii,https://mopsov.twse.com.tw/mops/web/ajax_t163sb05
上游,晶圓代工與先進封裝,2330,台積電,2013,1,balance_sheet,流動負債,158206324,"158,206,324",sii,https://mopsov.twse.com.tw/mops/web/ajax_t163sb05
上游,晶圓代工與先進封裝,2330,台積電,2013,1,balance_sheet,非流動負債,134774317,"134,774,317",sii,https://mopsov.twse.com.tw/mops/web/ajax_t163sb05
上游,晶圓代工與先進封裝,2330,台積電,2013,1,balance_sheet,負債總額,292980641,"292,980,641",sii,https://mopsov.twse.com.tw/mops/web/ajax_t163sb05
上游,晶圓代工與先進封裝,2330,台積電,2013,1,balance_sheet,股本,259282327,"259,282,327",sii,https://mopsov.twse.com.tw/mops/web/ajax_t163sb05
上游,晶圓代工與先進封裝,2330,台積電,2013,1,balance_sheet,資本公積,55762572,"55,762,572",sii,https://mopsov.twse.com.tw/mops/web/ajax_t163sb05
上游,晶圓代工與先進封裝,2330,台積電,2013,1,balance_sheet,保留盈餘,447988344,"447,988,344",sii,https://mopsov.twse.com.tw/mops/web/ajax_t163sb05
上游,晶圓代工與先進封裝,2330,台積電,2013,1,balance_sheet,其他權益,3098025,"3,098,025",sii,https://mopsov.twse.com.tw/mops/web/ajax_t163sb05
上游,晶圓代工與先進封裝,2330,台積電,2013,1,balance_sheet,庫藏股票,0,0,sii,https://mopsov.twse.com.tw/mops/web/ajax_t163sb05
上游,晶圓代工與先進封裝,2330,台積電,2013,1,balance_sheet,歸屬於母公司業主之權益合計,766131268,"766,131,268",sii,https://mopsov.twse.com.tw/mops/web/ajax_t163sb05
上游,晶圓代工與先進封裝,2330,台積電,2013,1,balance_sheet,共同控制下前手權益,,--,sii,https://mopsov.twse.com.tw/mops/web/ajax_t163sb05
上游,晶圓代工與先進封裝,2330,台積電,2013,1,balance_sheet,合併前非屬共同控制股權,,--,sii,https://mopsov.twse.com.tw/mops/web/ajax_t163sb05
上游,晶圓代工與先進封裝,2330,台積電,2013,1,balance_sheet,非控制權益,2517817,"2,517,817",sii,https://mopsov.twse.com.tw/mops/web/ajax_t163sb05
上游,晶圓代工與先進封裝,2330,台積電,2013,1,balance_sheet,權益總額,768649085,"768,649,085",sii,https://mopsov.twse.com.tw/mops/web/ajax_t163sb05
上游,晶圓代工與先進封裝,2330,台積電,2013,1,balance_sheet,預收股款（權益項下）之約當發行股數（單位：股）,0,0,sii,https://mopsov.twse.com.tw/mops/web/ajax_t163sb05
上游,晶圓代工與先進封裝,2330,台積電,2013,1,balance_sheet,母公司暨子公司所持有之母公司庫藏股股數（單位：股）,0,0,sii,https://mopsov.twse.com.tw/mops/web/ajax_t163sb05
上游,晶圓代工與先進封裝,2330,台積電,2013,1,balance_sheet,每股參考淨值,29.55,29.55,sii,https://mopsov.twse.com.tw/mops/web/ajax_t163sb05
上游,晶圓代工與先進封裝,2330,台積電,2013,1,cash_flow,營業活動之淨現金流入（流出）,73569672,"73,569,672",sii,https://mopsov.twse.com.tw/mops/web/ajax_t163sb20
上游,晶圓代工與先進封裝,2330,台積電,2013,1,cash_flow,投資活動之淨現金流入（流出）,-77032913,"-77,032,913",sii,https://mopsov.twse.com.tw/mops/web/ajax_t163sb20
上游,晶圓代工與先進封裝,2330,台積電,2013,1,cash_flow,籌資活動之淨現金流入（流出）,44939320,"44,939,320",sii,https://mopsov.twse.com.tw/mops/web/ajax_t163sb20
上游,晶圓代工與先進封裝,2330,台積電,2013,1,cash_flow,匯率變動對現金及約當現金之影響,1142131,"1,142,131",sii,https://mopsov.twse.com.tw/mops/web/ajax_t163sb20
上游,晶圓代工與先進封裝,2330,台積電,2013,1,cash_flow,本期現金及約當現金增加（減少）數,42618210,"42,618,210",sii,https://mopsov.twse.com.tw/mops/web/ajax_t163sb20
上游,晶圓代工與先進封裝,2330,台積電,2013,1,cash_flow,期初現金及約當現金餘額,143410588,"143,410,588",sii,https://mopsov.twse.com.tw/mops/web/ajax_t163sb20
上游,晶圓代工與先進封裝,2330,台積電,2013,1,cash_flow,期末現金及約當現金餘額,186028798,"186,028,798",sii,https://mopsov.twse.com.tw/mops/web/ajax_t163sb20
上游,晶圓代工與先進封裝,2330,台積電,2013,2,income_statement,營業收入,288641316,"288,641,316",sii,https://mopsov.twse.com.tw/mops/web/ajax_t163sb04
上游,晶圓代工與先進封裝,2330,台積電,2013,2,income_statement,營業成本,151456246,"151,456,246",sii,https://mopsov.twse.com.tw/mops/web/ajax_t163sb04
上游,晶圓代工與先進封裝,2330,台積電,2013,2,income_statement,營業毛利（毛損）,137185070,"137,185,070",sii,https://mopsov.twse.com.tw/mops/web/ajax_t163sb04
上游,晶圓代工與先進封裝,2330,台積電,2013,2,income_statement,未實現銷貨（損）益,0,0,sii,https://mopsov.twse.com.tw/mops/web/ajax_t163sb04
上游,晶圓代工與先進封裝,2330,台積電,2013,2,income_statement,已實現銷貨（損）益,6926,"6,926",sii,https://mopsov.twse.com.tw/mops/web/ajax_t163sb04
上游,晶圓代工與先進封裝,2330,台積電,2013,2,income_statement,營業毛利（毛損）淨額,137191996,"137,191,996",sii,https://mopsov.twse.com.tw/mops/web/ajax_t163sb04
上游,晶圓代工與先進封裝,2330,台積電,2013,2,income_statement,營業費用,35168438,"35,168,438",sii,https://mopsov.twse.com.tw/mops/web/ajax_t163sb04
上游,晶圓代工與先進封裝,2330,台積電,2013,2,income_statement,其他收益及費損淨額,33533,"33,533",sii,https://mopsov.twse.com.tw/mops/web/ajax_t163sb04
上游,晶圓代工與先進封裝,2330,台積電,2013,2,income_statement,營業利益（損失）,102057091,"102,057,091",sii,https://mopsov.twse.com.tw/mops/web/ajax_t163sb04
上游,晶圓代工與先進封裝,2330,台積電,2013,2,income_statement,營業外收入及支出,3707502,"3,707,502",sii,https://mopsov.twse.com.tw/mops/web/ajax_t163sb04
上游,晶圓代工與先進封裝,2330,台積電,2013,2,income_statement,稅前淨利（淨損）,105764593,"105,764,593",sii,https://mopsov.twse.com.tw/mops/web/ajax_t163sb04
上游,晶圓代工與先進封裝,2330,台積電,2013,2,income_statement,所得稅費用（利益）,14467547,"14,467,547",sii,https://mopsov.twse.com.tw/mops/web/ajax_t163sb04
上游,晶圓代工與先進封裝,2330,台積電,2013,2,income_statement,繼續營業單位本期淨利（淨損）,91297046,"91,297,046",sii,https://mopsov.twse.com.tw/mops/web/ajax_t163sb04
上游,晶圓代工與先進封裝,2330,台積電,2013,2,income_statement,停業單位損益,,--,sii,https://mopsov.twse.com.tw/mops/web/ajax_t163sb04
上游,晶圓代工與先進封裝,2330,台積電,2013,2,income_statement,合併前非屬共同控制股權損益,,--,sii,https://mopsov.twse.com.tw/mops/web/ajax_t163sb04
上游,晶圓代工與先進封裝,2330,台積電,2013,2,income_statement,本期淨利（淨損）,91297046,"91,297,046",sii,https://mopsov.twse.com.tw/mops/web/ajax_t163sb04
上游,晶圓代工與先進封裝,2330,台積電,2013,2,income_statement,其他綜合損益（淨額）,11557718,"11,557,718",sii,https://mopsov.twse.com.tw/mops/web/ajax_t163sb04
上游,晶圓代工與先進封裝,2330,台積電,2013,2,income_statement,合併前非屬共同控制股權綜合損益淨額,,--,sii,https://mopsov.twse.com.tw/mops/web/ajax_t163sb04
上游,晶圓代工與先進封裝,2330,台積電,2013,2,income_statement,本期綜合損益總額,102854764,"102,854,764",sii,https://mopsov.twse.com.tw/mops/web/ajax_t163sb04
上游,晶圓代工與先進封裝,2330,台積電,2013,2,income_statement,淨利（淨損）歸屬於母公司業主,91384601,"91,384,601",sii,https://mopsov.twse.com.tw/mops/web/ajax_t163sb04
上游,晶圓代工與先進封裝,2330,台積電,2013,2,income_statement,淨利（淨損）歸屬於共同控制下前手權益,,--,sii,https://mopsov.twse.com.tw/mops/web/ajax_t163sb04
上游,晶圓代工與先進封裝,2330,台積電,2013,2,income_statement,淨利（淨損）歸屬於非控制權益,-87555,"-87,555",sii,https://mopsov.twse.com.tw/mops/web/ajax_t163sb04
上游,晶圓代工與先進封裝,2330,台積電,2013,2,income_statement,綜合損益總額歸屬於母公司業主,102942434,"102,942,434",sii,https://mopsov.twse.com.tw/mops/web/ajax_t163sb04
上游,晶圓代工與先進封裝,2330,台積電,2013,2,income_statement,綜合損益總額歸屬於共同控制下前手權益,,--,sii,https://mopsov.twse.com.tw/mops/web/ajax_t163sb04
上游,晶圓代工與先進封裝,2330,台積電,2013,2,income_statement,綜合損益總額歸屬於非控制權益,-87670,"-87,670",sii,https://mopsov.twse.com.tw/mops/web/ajax_t163sb04
上游,晶圓代工與先進封裝,2330,台積電,2013,2,income_statement,基本每股盈餘（元）,3.52,3.52,sii,https://mopsov.twse.com.tw/mops/web/ajax_t163sb04
上游,晶圓代工與先進封裝,2330,台積電,2013,2,balance_sheet,流動資產,352462353,"352,462,353",sii,https://mopsov.twse.com.tw/mops/web/ajax_t163sb05
上游,晶圓代工與先進封裝,2330,台積電,2013,2,balance_sheet,非流動資產,817423101,"817,423,101",sii,https://mopsov.twse.com.tw/mops/web/ajax_t163sb05
上游,晶圓代工與先進封裝,2330,台積電,2013,2,balance_sheet,資產總額,1169885454,"1,169,885,454",sii,https://mopsov.twse.com.tw/mops/web/ajax_t163sb05
上游,晶圓代工與先進封裝,2330,台積電,2013,2,balance_sheet,流動負債,243631467,"243,631,467",sii,https://mopsov.twse.com.tw/mops/web/ajax_t163sb05
上游,晶圓代工與先進封裝,2330,台積電,2013,2,balance_sheet,非流動負債,180017716,"180,017,716",sii,https://mopsov.twse.com.tw/mops/web/ajax_t163sb05
上游,晶圓代工與先進封裝,2330,台積電,2013,2,balance_sheet,負債總額,423649183,"423,649,183",sii,https://mopsov.twse.com.tw/mops/web/ajax_t163sb05
上游,晶圓代工與先進封裝,2330,台積電,2013,2,balance_sheet,股本,259283058,"259,283,058",sii,https://mopsov.twse.com.tw/mops/web/ajax_t163sb05
上游,晶圓代工與先進封裝,2330,台積電,2013,2,balance_sheet,資本公積,55828587,"55,828,587",sii,https://mopsov.twse.com.tw/mops/web/ajax_t163sb05
上游,晶圓代工與先進封裝,2330,台積電,2013,2,balance_sheet,保留盈餘,422022762,"422,022,762",sii,https://mopsov.twse.com.tw/mops/web/ajax_t163sb05
上游,晶圓代工與先進封裝,2330,台積電,2013,2,balance_sheet,其他權益,8777348,"8,777,348",sii,https://mopsov.twse.com.tw/mops/web/ajax_t163sb05
上游,晶圓代工與先進封裝,2330,台積電,2013,2,balance_sheet,庫藏股票,,--,sii,https://mopsov.twse.com.tw/mops/web/ajax_t163sb05
上游,晶圓代工與先進封裝,2330,台積電,2013,2,balance_sheet,歸屬於母公司業主之權益合計,745911755,"745,911,755",sii,https://mopsov.twse.com.tw/mops/web/ajax_t163sb05
上游,晶圓代工與先進封裝,2330,台積電,2013,2,balance_sheet,共同控制下前手權益,,--,sii,https://mopsov.twse.com.tw/mops/web/ajax_t163sb05
上游,晶圓代工與先進封裝,2330,台積電,2013,2,balance_sheet,合併前非屬共同控制股權,,--,sii,https://mopsov.twse.com.tw/mops/web/ajax_t163sb05
上游,晶圓代工與先進封裝,2330,台積電,2013,2,balance_sheet,非控制權益,324516,"324,516",sii,https://mopsov.twse.com.tw/mops/web/ajax_t163sb05
上游,晶圓代工與先進封裝,2330,台積電,2013,2,balance_sheet,權益總額,746236271,"746,236,271",sii,https://mopsov.twse.com.tw/mops/web/ajax_t163sb05
上游,晶圓代工與先進封裝,2330,台積電,2013,2,balance_sheet,預收股款（權益項下）之約當發行股數（單位：股）,0,0,sii,https://mopsov.twse.com.tw/mops/web/ajax_t163sb05
上游,晶圓代工與先進封裝,2330,台積電,2013,2,balance_sheet,母公司暨子公司所持有之母公司庫藏股股數（單位：股）,0,0,sii,https://mopsov.twse.com.tw/mops/web/ajax_t163sb05
上游,晶圓代工與先進封裝,2330,台積電,2013,2,balance_sheet,每股參考淨值,28.77,28.77,sii,https://mopsov.twse.com.tw/mops/web/ajax_t163sb05
上游,晶圓代工與先進封裝,2330,台積電,2013,2,cash_flow,營業活動之淨現金流入（流出）,148808328,"148,808,328",sii,https://mopsov.twse.com.tw/mops/web/ajax_t163sb20
上游,晶圓代工與先進封裝,2330,台積電,2013,2,cash_flow,投資活動之淨現金流入（流出）,-153664398,"-153,664,398",sii,https://mopsov.twse.com.tw/mops/web/ajax_t163sb20
上游,晶圓代工與先進封裝,2330,台積電,2013,2,cash_flow,籌資活動之淨現金流入（流出）,86029098,"86,029,098",sii,https://mopsov.twse.com.tw/mops/web/ajax_t163sb20
上游,晶圓代工與先進封裝,2330,台積電,2013,2,cash_flow,匯率變動對現金及約當現金之影響,1249030,"1,249,030",sii,https://mopsov.twse.com.tw/mops/web/ajax_t163sb20
上游,晶圓代工與先進封裝,2330,台積電,2013,2,cash_flow,本期現金及約當現金增加（減少）數,82422058,"82,422,058",sii,https://mopsov.twse.com.tw/mops/web/ajax_t163sb20
上游,晶圓代工與先進封裝,2330,台積電,2013,2,cash_flow,期初現金及約當現金餘額,143410588,"143,410,588",sii,https://mopsov.twse.com.tw/mops/web/ajax_t163sb20
上游,晶圓代工與先進封裝,2330,台積電,2013,2,cash_flow,期末現金及約當現金餘額,225832646,"225,832,646",sii,https://mopsov.twse.com.tw/mops/web/ajax_t163sb20
上游,晶圓代工與先進封裝,2330,台積電,2013,3,income_statement,營業收入,451218350,"451,218,350",sii,https://mopsov.twse.com.tw/mops/web/ajax_t163sb04
上游,晶圓代工與先進封裝,2330,台積電,2013,3,income_statement,營業成本,235092710,"235,092,710",sii,https://mopsov.twse.com.tw/mops/web/ajax_t163sb04
上游,晶圓代工與先進封裝,2330,台積電,2013,3,income_statement,營業毛利（毛損）,216125640,"216,125,640",sii,https://mopsov.twse.com.tw/mops/web/ajax_t163sb04
上游,晶圓代工與先進封裝,2330,台積電,2013,3,income_statement,未實現銷貨（損）益,,--,sii,https://mopsov.twse.com.tw/mops/web/ajax_t163sb04
上游,晶圓代工與先進封裝,2330,台積電,2013,3,income_statement,已實現銷貨（損）益,-42833,"-42,833",sii,https://mopsov.twse.com.tw/mops/web/ajax_t163sb04
上游,晶圓代工與先進封裝,2330,台積電,2013,3,income_statement,營業毛利（毛損）淨額,216082807,"216,082,807",sii,https://mopsov.twse.com.tw/mops/web/ajax_t163sb04
上游,晶圓代工與先進封裝,2330,台積電,2013,3,income_statement,營業費用,54428670,"54,428,670",sii,https://mopsov.twse.com.tw/mops/web/ajax_t163sb04
上游,晶圓代工與先進封裝,2330,台積電,2013,3,income_statement,其他收益及費損淨額,21008,"21,008",sii,https://mopsov.twse.com.tw/mops/web/ajax_t163sb04
上游,晶圓代工與先進封裝,2330,台積電,2013,3,income_statement,營業利益（損失）,161675145,"161,675,145",sii,https://mopsov.twse.com.tw/mops/web/ajax_t163sb04
上游,晶圓代工與先進封裝,2330,台積電,2013,3,income_statement,營業外收入及支出,3439332,"3,439,332",sii,https://mopsov.twse.com.tw/mops/web/ajax_t163sb04
上游,晶圓代工與先進封裝,2330,台積電,2013,3,income_statement,稅前淨利（淨損）,165114477,"165,114,477",sii,https://mopsov.twse.com.tw/mops/web/ajax_t163sb04
上游,晶圓代工與先進封裝,2330,台積電,2013,3,income_statement,所得稅費用（利益）,21882679,"21,882,679",sii,https://mopsov.twse.com.tw/mops/web/ajax_t163sb04
上游,晶圓代工與先進封裝,2330,台積電,2013,3,income_statement,繼續營業單位本期淨利（淨損）,143231798,"143,231,798",sii,https://mopsov.twse.com.tw/mops/web/ajax_t163sb04
上游,晶圓代工與先進封裝,2330,台積電,2013,3,income_statement,停業單位損益,,--,sii,https://mopsov.twse.com.tw/mops/web/ajax_t163sb04
上游,晶圓代工與先進封裝,2330,台積電,2013,3,income_statement,合併前非屬共同控制股權損益,,--,sii,https://mopsov.twse.com.tw/mops/web/ajax_t163sb04
上游,晶圓代工與先進封裝,2330,台積電,2013,3,income_statement,本期淨利（淨損）,143231798,"143,231,798",sii,https://mopsov.twse.com.tw/mops/web/ajax_t163sb04
上游,晶圓代工與先進封裝,2330,台積電,2013,3,income_statement,其他綜合損益（淨額）,17550749,"17,550,749",sii,https://mopsov.twse.com.tw/mops/web/ajax_t163sb04
上游,晶圓代工與先進封裝,2330,台積電,2013,3,income_statement,合併前非屬共同控制股權綜合損益淨額,,--,sii,https://mopsov.twse.com.tw/mops/web/ajax_t163sb04
上游,晶圓代工與先進封裝,2330,台積電,2013,3,income_statement,本期綜合損益總額,160782547,"160,782,547",sii,https://mopsov.twse.com.tw/mops/web/ajax_t163sb04
上游,晶圓代工與先進封裝,2330,台積電,2013,3,income_statement,淨利（淨損）歸屬於母公司業主,143336544,"143,336,544",sii,https://mopsov.twse.com.tw/mops/web/ajax_t163sb04
上游,晶圓代工與先進封裝,2330,台積電,2013,3,income_statement,淨利（淨損）歸屬於共同控制下前手權益,,--,sii,https://mopsov.twse.com.tw/mops/web/ajax_t163sb04
上游,晶圓代工與先進封裝,2330,台積電,2013,3,income_statement,淨利（淨損）歸屬於非控制權益,-104746,"-104,746",sii,https://mopsov.twse.com.tw/mops/web/ajax_t163sb04
上游,晶圓代工與先進封裝,2330,台積電,2013,3,income_statement,綜合損益總額歸屬於母公司業主,160893697,"160,893,697",sii,https://mopsov.twse.com.tw/mops/web/ajax_t163sb04
上游,晶圓代工與先進封裝,2330,台積電,2013,3,income_statement,綜合損益總額歸屬於共同控制下前手權益,,--,sii,https://mopsov.twse.com.tw/mops/web/ajax_t163sb04
上游,晶圓代工與先進封裝,2330,台積電,2013,3,income_statement,綜合損益總額歸屬於非控制權益,-111150,"-111,150",sii,https://mopsov.twse.com.tw/mops/web/ajax_t163sb04
上游,晶圓代工與先進封裝,2330,台積電,2013,3,income_statement,基本每股盈餘（元）,5.53,5.53,sii,https://mopsov.twse.com.tw/mops/web/ajax_t163sb04
上游,晶圓代工與先進封裝,2330,台積電,2013,3,balance_sheet,流動資產,338210837,"338,210,837",sii,https://mopsov.twse.com.tw/mops/web/ajax_t163sb05
上游,晶圓代工與先進封裝,2330,台積電,2013,3,balance_sheet,非流動資產,839329378,"839,329,378",sii,https://mopsov.twse.com.tw/mops/web/ajax_t163sb05
上游,晶圓代工與先進封裝,2330,台積電,2013,3,balance_sheet,資產總額,1177540215,"1,177,540,215",sii,https://mopsov.twse.com.tw/mops/web/ajax_t163sb05
上游,晶圓代工與先進封裝,2330,台積電,2013,3,balance_sheet,流動負債,148284188,"148,284,188",sii,https://mopsov.twse.com.tw/mops/web/ajax_t163sb05
上游,晶圓代工與先進封裝,2330,台積電,2013,3,balance_sheet,非流動負債,225081266,"225,081,266",sii,https://mopsov.twse.com.tw/mops/web/ajax_t163sb05
上游,晶圓代工與先進封裝,2330,台積電,2013,3,balance_sheet,負債總額,373365454,"373,365,454",sii,https://mopsov.twse.com.tw/mops/web/ajax_t163sb05
上游,晶圓代工與先進封裝,2330,台積電,2013,3,balance_sheet,股本,259283910,"259,283,910",sii,https://mopsov.twse.com.tw/mops/web/ajax_t163sb05
上游,晶圓代工與先進封裝,2330,台積電,2013,3,balance_sheet,資本公積,55841716,"55,841,716",sii,https://mopsov.twse.com.tw/mops/web/ajax_t163sb05
上游,晶圓代工與先進封裝,2330,台積電,2013,3,balance_sheet,保留盈餘,473974705,"473,974,705",sii,https://mopsov.twse.com.tw/mops/web/ajax_t163sb05
上游,晶圓代工與先進封裝,2330,台積電,2013,3,balance_sheet,其他權益,14776668,"14,776,668",sii,https://mopsov.twse.com.tw/mops/web/ajax_t163sb05
上游,晶圓代工與先進封裝,2330,台積電,2013,3,balance_sheet,庫藏股票,,--,sii,https://mopsov.twse.com.tw/mops/web/ajax_t163sb05
上游,晶圓代工與先進封裝,2330,台積電,2013,3,balance_sheet,歸屬於母公司業主之權益合計,803876999,"803,876,999",sii,https://mopsov.twse.com.tw/mops/web/ajax_t163sb05
上游,晶圓代工與先進封裝,2330,台積電,2013,3,balance_sheet,共同控制下前手權益,,--,sii,https://mopsov.twse.com.tw/mops/web/ajax_t163sb05
上游,晶圓代工與先進封裝,2330,台積電,2013,3,balance_sheet,合併前非屬共同控制股權,,--,sii,https://mopsov.twse.com.tw/mops/web/ajax_t163sb05
上游,晶圓代工與先進封裝,2330,台積電,2013,3,balance_sheet,非控制權益,297762,"297,762",sii,https://mopsov.twse.com.tw/mops/web/ajax_t163sb05
上游,晶圓代工與先進封裝,2330,台積電,2013,3,balance_sheet,權益總額,804174761,"804,174,761",sii,https://mopsov.twse.com.tw/mops/web/ajax_t163sb05
上游,晶圓代工與先進封裝,2330,台積電,2013,3,balance_sheet,預收股款（權益項下）之約當發行股數（單位：股）,0,0,sii,https://mopsov.twse.com.tw/mops/web/ajax_t163sb05
上游,晶圓代工與先進封裝,2330,台積電,2013,3,balance_sheet,母公司暨子公司所持有之母公司庫藏股股數（單位：股）,0,0,sii,https://mopsov.twse.com.tw/mops/web/ajax_t163sb05
上游,晶圓代工與先進封裝,2330,台積電,2013,3,balance_sheet,每股參考淨值,31.0,31.00,sii,https://mopsov.twse.com.tw/mops/web/ajax_t163sb05
上游,晶圓代工與先進封裝,2330,台積電,2013,3,cash_flow,營業活動之淨現金流入（流出）,244610435,"244,610,435",sii,https://mopsov.twse.com.tw/mops/web/ajax_t163sb20
上游,晶圓代工與先進封裝,2330,台積電,2013,3,cash_flow,投資活動之淨現金流入（流出）,-205986693,"-205,986,693",sii,https://mopsov.twse.com.tw/mops/web/ajax_t163sb20
上游,晶圓代工與先進封裝,2330,台積電,2013,3,cash_flow,籌資活動之淨現金流入（流出）,34530302,"34,530,302",sii,https://mopsov.twse.com.tw/mops/web/ajax_t163sb20
上游,晶圓代工與先進封裝,2330,台積電,2013,3,cash_flow,匯率變動對現金及約當現金之影響,39065,"39,065",sii,https://mopsov.twse.com.tw/mops/web/ajax_t163sb20
上游,晶圓代工與先進封裝,2330,台積電,2013,3,cash_flow,本期現金及約當現金增加（減少）數,73193109,"73,193,109",sii,https://mopsov.twse.com.tw/mops/web/ajax_t163sb20
上游,晶圓代工與先進封裝,2330,台積電,2013,3,cash_flow,期初現金及約當現金餘額,143410588,"143,410,588",sii,https://mopsov.twse.com.tw/mops/web/ajax_t163sb20
上游,晶圓代工與先進封裝,2330,台積電,2013,3,cash_flow,期末現金及約當現金餘額,216603697,"216,603,697",sii,https://mopsov.twse.com.tw/mops/web/ajax_t163sb20
上游,晶圓代工與先進封裝,2330,台積電,2013,4,income_statement,營業收入,597024197,"597,024,197",sii,https://mopsov.twse.com.tw/mops/web/ajax_t163sb04
上游,晶圓代工與先進封裝,2330,台積電,2013,4,income_statement,營業成本,316057820,"316,057,820",sii,https://mopsov.twse.com.tw/mops/web/ajax_t163sb04
上游,晶圓代工與先進封裝,2330,台積電,2013,4,income_statement,營業毛利（毛損）,280966377,"280,966,377",sii,https://mopsov.twse.com.tw/mops/web/ajax_t163sb04
上游,晶圓代工與先進封裝,2330,台積電,2013,4,income_statement,未實現銷貨（損）益,20870,"20,870",sii,https://mopsov.twse.com.tw/mops/web/ajax_t163sb04
上游,晶圓代工與先進封裝,2330,台積電,2013,4,income_statement,已實現銷貨（損）益,,--,sii,https://mopsov.twse.com.tw/mops/web/ajax_t163sb04
上游,晶圓代工與先進封裝,2330,台積電,2013,4,income_statement,營業毛利（毛損）淨額,280945507,"280,945,507",sii,https://mopsov.twse.com.tw/mops/web/ajax_t163sb04
上游,晶圓代工與先進封裝,2330,台積電,2013,4,income_statement,營業費用,71563234,"71,563,234",sii,https://mopsov.twse.com.tw/mops/web/ajax_t163sb04
上游,晶圓代工與先進封裝,2330,台積電,2013,4,income_statement,其他收益及費損淨額,47090,"47,090",sii,https://mopsov.twse.com.tw/mops/web/ajax_t163sb04
上游,晶圓代工與先進封裝,2330,台積電,2013,4,income_statement,營業利益（損失）,209429363,"209,429,363",sii,https://mopsov.twse.com.tw/mops/web/ajax_t163sb04
上游,晶圓代工與先進封裝,2330,台積電,2013,4,income_statement,營業外收入及支出,6057759,"6,057,759",sii,https://mopsov.twse.com.tw/mops/web/ajax_t163sb04
上游,晶圓代工與先進封裝,2330,台積電,2013,4,income_statement,稅前淨利（淨損）,215487122,"215,487,122",sii,https://mopsov.twse.com.tw/mops/web/ajax_t163sb04
上游,晶圓代工與先進封裝,2330,台積電,2013,4,income_statement,所得稅費用（利益）,27468185,"27,468,185",sii,https://mopsov.twse.com.tw/mops/web/ajax_t163sb04
上游,晶圓代工與先進封裝,2330,台積電,2013,4,income_statement,繼續營業單位本期淨利（淨損）,188018937,"188,018,937",sii,https://mopsov.twse.com.tw/mops/web/ajax_t163sb04
上游,晶圓代工與先進封裝,2330,台積電,2013,4,income_statement,停業單位損益,,--,sii,https://mopsov.twse.com.tw/mops/web/ajax_t163sb04
上游,晶圓代工與先進封裝,2330,台積電,2013,4,income_statement,合併前非屬共同控制股權損益,,--,sii,https://mopsov.twse.com.tw/mops/web/ajax_t163sb04
上游,晶圓代工與先進封裝,2330,台積電,2013,4,income_statement,本期淨利（淨損）,188018937,"188,018,937",sii,https://mopsov.twse.com.tw/mops/web/ajax_t163sb04
上游,晶圓代工與先進封裝,2330,台積電,2013,4,income_statement,其他綜合損益（淨額）,16352248,"16,352,248",sii,https://mopsov.twse.com.tw/mops/web/ajax_t163sb04
上游,晶圓代工與先進封裝,2330,台積電,2013,4,income_statement,合併前非屬共同控制股權綜合損益淨額,,--,sii,https://mopsov.twse.com.tw/mops/web/ajax_t163sb04
上游,晶圓代工與先進封裝,2330,台積電,2013,4,income_statement,本期綜合損益總額,204371185,"204,371,185",sii,https://mopsov.twse.com.tw/mops/web/ajax_t163sb04
上游,晶圓代工與先進封裝,2330,台積電,2013,4,income_statement,淨利（淨損）歸屬於母公司業主,188146790,"188,146,790",sii,https://mopsov.twse.com.tw/mops/web/ajax_t163sb04
上游,晶圓代工與先進封裝,2330,台積電,2013,4,income_statement,淨利（淨損）歸屬於共同控制下前手權益,,--,sii,https://mopsov.twse.com.tw/mops/web/ajax_t163sb04
上游,晶圓代工與先進封裝,2330,台積電,2013,4,income_statement,淨利（淨損）歸屬於非控制權益,-127853,"-127,853",sii,https://mopsov.twse.com.tw/mops/web/ajax_t163sb04
上游,晶圓代工與先進封裝,2330,台積電,2013,4,income_statement,綜合損益總額歸屬於母公司業主,204505782,"204,505,782",sii,https://mopsov.twse.com.tw/mops/web/ajax_t163sb04
上游,晶圓代工與先進封裝,2330,台積電,2013,4,income_statement,綜合損益總額歸屬於共同控制下前手權益,,--,sii,https://mopsov.twse.com.tw/mops/web/ajax_t163sb04
上游,晶圓代工與先進封裝,2330,台積電,2013,4,income_statement,綜合損益總額歸屬於非控制權益,-134597,"-134,597",sii,https://mopsov.twse.com.tw/mops/web/ajax_t163sb04
上游,晶圓代工與先進封裝,2330,台積電,2013,4,income_statement,基本每股盈餘（元）,7.26,7.26,sii,https://mopsov.twse.com.tw/mops/web/ajax_t163sb04
上游,晶圓代工與先進封裝,2330,台積電,2013,4,balance_sheet,流動資產,358486654,"358,486,654",sii,https://mopsov.twse.com.tw/mops/web/ajax_t163sb05
上游,晶圓代工與先進封裝,2330,台積電,2013,4,balance_sheet,非流動資產,904568323,"904,568,323",sii,https://mopsov.twse.com.tw/mops/web/ajax_t163sb05
上游,晶圓代工與先進封裝,2330,台積電,2013,4,balance_sheet,資產總額,1263054977,"1,263,054,977",sii,https://mopsov.twse.com.tw/mops/web/ajax_t163sb05
上游,晶圓代工與先進封裝,2330,台積電,2013,4,balance_sheet,流動負債,189777934,"189,777,934",sii,https://mopsov.twse.com.tw/mops/web/ajax_t163sb05
上游,晶圓代工與先進封裝,2330,台積電,2013,4,balance_sheet,非流動負債,225501958,"225,501,958",sii,https://mopsov.twse.com.tw/mops/web/ajax_t163sb05
上游,晶圓代工與先進封裝,2330,台積電,2013,4,balance_sheet,負債總額,415279892,"415,279,892",sii,https://mopsov.twse.com.tw/mops/web/ajax_t163sb05
上游,晶圓代工與先進封裝,2330,台積電,2013,4,balance_sheet,股本,259286171,"259,286,171",sii,https://mopsov.twse.com.tw/mops/web/ajax_t163sb05
上游,晶圓代工與先進封裝,2330,台積電,2013,4,balance_sheet,資本公積,55858626,"55,858,626",sii,https://mopsov.twse.com.tw/mops/web/ajax_t163sb05
上游,晶圓代工與先進封裝,2330,台積電,2013,4,balance_sheet,保留盈餘,518193152,"518,193,152",sii,https://mopsov.twse.com.tw/mops/web/ajax_t163sb05
上游,晶圓代工與先進封裝,2330,台積電,2013,4,balance_sheet,其他權益,14170306,"14,170,306",sii,https://mopsov.twse.com.tw/mops/web/ajax_t163sb05
上游,晶圓代工與先進封裝,2330,台積電,2013,4,balance_sheet,庫藏股票,,--,sii,https://mopsov.twse.com.tw/mops/web/ajax_t163sb05
上游,晶圓代工與先進封裝,2330,台積電,2013,4,balance_sheet,歸屬於母公司業主之權益合計,847508255,"847,508,255",sii,https://mopsov.twse.com.tw/mops/web/ajax_t163sb05
上游,晶圓代工與先進封裝,2330,台積電,2013,4,balance_sheet,共同控制下前手權益,,--,sii,https://mopsov.twse.com.tw/mops/web/ajax_t163sb05
上游,晶圓代工與先進封裝,2330,台積電,2013,4,balance_sheet,合併前非屬共同控制股權,,--,sii,https://mopsov.twse.com.tw/mops/web/ajax_t163sb05
上游,晶圓代工與先進封裝,2330,台積電,2013,4,balance_sheet,非控制權益,266830,"266,830",sii,https://mopsov.twse.com.tw/mops/web/ajax_t163sb05
上游,晶圓代工與先進封裝,2330,台積電,2013,4,balance_sheet,權益總額,847775085,"847,775,085",sii,https://mopsov.twse.com.tw/mops/web/ajax_t163sb05
上游,晶圓代工與先進封裝,2330,台積電,2013,4,balance_sheet,預收股款（權益項下）之約當發行股數（單位：股）,0,0,sii,https://mopsov.twse.com.tw/mops/web/ajax_t163sb05
上游,晶圓代工與先進封裝,2330,台積電,2013,4,balance_sheet,母公司暨子公司所持有之母公司庫藏股股數（單位：股）,0,0,sii,https://mopsov.twse.com.tw/mops/web/ajax_t163sb05
上游,晶圓代工與先進封裝,2330,台積電,2013,4,balance_sheet,每股參考淨值,32.69,32.69,sii,https://mopsov.twse.com.tw/mops/web/ajax_t163sb05
上游,晶圓代工與先進封裝,2330,台積電,2013,4,cash_flow,營業活動之淨現金流入（流出）,347383537,"347,383,537",sii,https://mopsov.twse.com.tw/mops/web/ajax_t163sb20
上游,晶圓代工與先進封裝,2330,台積電,2013,4,cash_flow,投資活動之淨現金流入（流出）,-281054215,"-281,054,215",sii,https://mopsov.twse.com.tw/mops/web/ajax_t163sb20
上游,晶圓代工與先進封裝,2330,台積電,2013,4,cash_flow,籌資活動之淨現金流入（流出）,32105925,"32,105,925",sii,https://mopsov.twse.com.tw/mops/web/ajax_t163sb20
上游,晶圓代工與先進封裝,2330,台積電,2013,4,cash_flow,匯率變動對現金及約當現金之影響,849612,"849,612",sii,https://mopsov.twse.com.tw/mops/web/ajax_t163sb20
上游,晶圓代工與先進封裝,2330,台積電,2013,4,cash_flow,本期現金及約當現金增加（減少）數,99284859,"99,284,859",sii,https://mopsov.twse.com.tw/mops/web/ajax_t163sb20
上游,晶圓代工與先進封裝,2330,台積電,2013,4,cash_flow,期初現金及約當現金餘額,143410588,"143,410,588",sii,https://mopsov.twse.com.tw/mops/web/ajax_t163sb20
上游,晶圓代工與先進封裝,2330,台積電,2013,4,cash_flow,期末現金及約當現金餘額,242695447,"242,695,447",sii,https://mopsov.twse.com.tw/mops/web/ajax_t163sb20
上游,晶圓代工與先進封裝,2330,台積電,2014,1,income_statement,營業收入,148215172,"148,215,172",sii,https://mopsov.twse.com.tw/mops/web/ajax_t163sb04
上游,晶圓代工與先進封裝,2330,台積電,2014,1,income_statement,營業成本,77836093,"77,836,093",sii,https://mopsov.twse.com.tw/mops/web/ajax_t163sb04
上游,晶圓代工與先進封裝,2330,台積電,2014,1,income_statement,營業毛利（毛損）,70379079,"70,379,079",sii,https://mopsov.twse.com.tw/mops/web/ajax_t163sb04
上游,晶圓代工與先進封裝,2330,台積電,2014,1,income_statement,未實現銷貨（損）益,,--,sii,https://mopsov.twse.com.tw/mops/web/ajax_t163sb04
上游,晶圓代工與先進封裝,2330,台積電,2014,1,income_statement,已實現銷貨（損）益,21017,"21,017",sii,https://mopsov.twse.com.tw/mops/web/ajax_t163sb04
上游,晶圓代工與先進封裝,2330,台積電,2014,1,income_statement,營業毛利（毛損）淨額,70400096,"70,400,096",sii,https://mopsov.twse.com.tw/mops/web/ajax_t163sb04
上游,晶圓代工與先進封裝,2330,台積電,2014,1,income_statement,營業費用,17874995,"17,874,995",sii,https://mopsov.twse.com.tw/mops/web/ajax_t163sb04
上游,晶圓代工與先進封裝,2330,台積電,2014,1,income_statement,其他收益及費損淨額,-2741,"-2,741",sii,https://mopsov.twse.com.tw/mops/web/ajax_t163sb04
上游,晶圓代工與先進封裝,2330,台積電,2014,1,income_statement,營業利益（損失）,52522360,"52,522,360",sii,https://mopsov.twse.com.tw/mops/web/ajax_t163sb04
上游,晶圓代工與先進封裝,2330,台積電,2014,1,income_statement,營業外收入及支出,779482,"779,482",sii,https://mopsov.twse.com.tw/mops/web/ajax_t163sb04
上游,晶圓代工與先進封裝,2330,台積電,2014,1,income_statement,稅前淨利（淨損）,53301842,"53,301,842",sii,https://mopsov.twse.com.tw/mops/web/ajax_t163sb04
上游,晶圓代工與先進封裝,2330,台積電,2014,1,income_statement,所得稅費用（利益）,5456064,"5,456,064",sii,https://mopsov.twse.com.tw/mops/web/ajax_t163sb04
上游,晶圓代工與先進封裝,2330,台積電,2014,1,income_statement,繼續營業單位本期淨利（淨損）,47845778,"47,845,778",sii,https://mopsov.twse.com.tw/mops/web/ajax_t163sb04
上游,晶圓代工與先進封裝,2330,台積電,2014,1,income_statement,停業單位損益,,--,sii,https://mopsov.twse.com.tw/mops/web/ajax_t163sb04
上游,晶圓代工與先進封裝,2330,台積電,2014,1,income_statement,合併前非屬共同控制股權損益,,--,sii,https://mopsov.twse.com.tw/mops/web/ajax_t163sb04
上游,晶圓代工與先進封裝,2330,台積電,2014,1,income_statement,本期淨利（淨損）,47845778,"47,845,778",sii,https://mopsov.twse.com.tw/mops/web/ajax_t163sb04
上游,晶圓代工與先進封裝,2330,台積電,2014,1,income_statement,其他綜合損益（淨額）,2414145,"2,414,145",sii,https://mopsov.twse.com.tw/mops/web/ajax_t163sb04
上游,晶圓代工與先進封裝,2330,台積電,2014,1,income_statement,合併前非屬共同控制股權綜合損益淨額,,--,sii,https://mopsov.twse.com.tw/mops/web/ajax_t163sb04
上游,晶圓代工與先進封裝,2330,台積電,2014,1,income_statement,本期綜合損益總額,50259923,"50,259,923",sii,https://mopsov.twse.com.tw/mops/web/ajax_t163sb04
上游,晶圓代工與先進封裝,2330,台積電,2014,1,income_statement,淨利（淨損）歸屬於母公司業主,47870745,"47,870,745",sii,https://mopsov.twse.com.tw/mops/web/ajax_t163sb04
上游,晶圓代工與先進封裝,2330,台積電,2014,1,income_statement,淨利（淨損）歸屬於共同控制下前手權益,,--,sii,https://mopsov.twse.com.tw/mops/web/ajax_t163sb04
上游,晶圓代工與先進封裝,2330,台積電,2014,1,income_statement,淨利（淨損）歸屬於非控制權益,-24967,"-24,967",sii,https://mopsov.twse.com.tw/mops/web/ajax_t163sb04
上游,晶圓代工與先進封裝,2330,台積電,2014,1,income_statement,綜合損益總額歸屬於母公司業主,50283666,"50,283,666",sii,https://mopsov.twse.com.tw/mops/web/ajax_t163sb04
上游,晶圓代工與先進封裝,2330,台積電,2014,1,income_statement,綜合損益總額歸屬於共同控制下前手權益,,--,sii,https://mopsov.twse.com.tw/mops/web/ajax_t163sb04
上游,晶圓代工與先進封裝,2330,台積電,2014,1,income_statement,綜合損益總額歸屬於非控制權益,-23743,"-23,743",sii,https://mopsov.twse.com.tw/mops/web/ajax_t163sb04
上游,晶圓代工與先進封裝,2330,台積電,2014,1,income_statement,基本每股盈餘（元）,1.85,1.85,sii,https://mopsov.twse.com.tw/mops/web/ajax_t163sb04
上游,晶圓代工與先進封裝,2330,台積電,2014,1,balance_sheet,流動資產,355890417,"355,890,417",sii,https://mopsov.twse.com.tw/mops/web/ajax_t163sb05
上游,晶圓代工與先進封裝,2330,台積電,2014,1,balance_sheet,非流動資產,942848864,"942,848,864",sii,https://mopsov.twse.com.tw/mops/web/ajax_t163sb05
上游,晶圓代工與先進封裝,2330,台積電,2014,1,balance_sheet,資產總額,1298739281,"1,298,739,281",sii,https://mopsov.twse.com.tw/mops/web/ajax_t163sb05
上游,晶圓代工與先進封裝,2330,台積電,2014,1,balance_sheet,流動負債,174397164,"174,397,164",sii,https://mopsov.twse.com.tw/mops/web/ajax_t163sb05
上游,晶圓代工與先進封裝,2330,台積電,2014,1,balance_sheet,非流動負債,226344016,"226,344,016",sii,https://mopsov.twse.com.tw/mops/web/ajax_t163sb05
上游,晶圓代工與先進封裝,2330,台積電,2014,1,balance_sheet,負債總額,400741180,"400,741,180",sii,https://mopsov.twse.com.tw/mops/web/ajax_t163sb05
上游,晶圓代工與先進封裝,2330,台積電,2014,1,balance_sheet,股本,259291239,"259,291,239",sii,https://mopsov.twse.com.tw/mops/web/ajax_t163sb05
上游,晶圓代工與先進封裝,2330,台積電,2014,1,balance_sheet,資本公積,55835280,"55,835,280",sii,https://mopsov.twse.com.tw/mops/web/ajax_t163sb05
上游,晶圓代工與先進封裝,2330,台積電,2014,1,balance_sheet,保留盈餘,566063897,"566,063,897",sii,https://mopsov.twse.com.tw/mops/web/ajax_t163sb05
上游,晶圓代工與先進封裝,2330,台積電,2014,1,balance_sheet,其他權益,16583227,"16,583,227",sii,https://mopsov.twse.com.tw/mops/web/ajax_t163sb05
上游,晶圓代工與先進封裝,2330,台積電,2014,1,balance_sheet,庫藏股票,,--,sii,https://mopsov.twse.com.tw/mops/web/ajax_t163sb05
上游,晶圓代工與先進封裝,2330,台積電,2014,1,balance_sheet,歸屬於母公司業主之權益合計,897773643,"897,773,643",sii,https://mopsov.twse.com.tw/mops/web/ajax_t163sb05
上游,晶圓代工與先進封裝,2330,台積電,2014,1,balance_sheet,共同控制下前手權益,,--,sii,https://mopsov.twse.com.tw/mops/web/ajax_t163sb05
上游,晶圓代工與先進封裝,2330,台積電,2014,1,balance_sheet,合併前非屬共同控制股權,,--,sii,https://mopsov.twse.com.tw/mops/web/ajax_t163sb05
上游,晶圓代工與先進封裝,2330,台積電,2014,1,balance_sheet,非控制權益,224458,"224,458",sii,https://mopsov.twse.com.tw/mops/web/ajax_t163sb05
上游,晶圓代工與先進封裝,2330,台積電,2014,1,balance_sheet,權益總額,897998101,"897,998,101",sii,https://mopsov.twse.com.tw/mops/web/ajax_t163sb05
上游,晶圓代工與先進封裝,2330,台積電,2014,1,balance_sheet,待註銷股本股數（單位：股）,0,0,sii,https://mopsov.twse.com.tw/mops/web/ajax_t163sb05
上游,晶圓代工與先進封裝,2330,台積電,2014,1,balance_sheet,預收股款（權益項下）之約當發行股數（單位：股）,0,0,sii,https://mopsov.twse.com.tw/mops/web/ajax_t163sb05
上游,晶圓代工與先進封裝,2330,台積電,2014,1,balance_sheet,母公司暨子公司所持有之母公司庫藏股股數（單位：股）,0,0,sii,https://mopsov.twse.com.tw/mops/web/ajax_t163sb05
上游,晶圓代工與先進封裝,2330,台積電,2014,1,balance_sheet,每股參考淨值,34.62,34.62,sii,https://mopsov.twse.com.tw/mops/web/ajax_t163sb05
上游,晶圓代工與先進封裝,2330,台積電,2014,1,cash_flow,營業活動之淨現金流入（流出）,94860941,"94,860,941",sii,https://mopsov.twse.com.tw/mops/web/ajax_t163sb20
上游,晶圓代工與先進封裝,2330,台積電,2014,1,cash_flow,投資活動之淨現金流入（流出）,-115859592,"-115,859,592",sii,https://mopsov.twse.com.tw/mops/web/ajax_t163sb20
上游,晶圓代工與先進封裝,2330,台積電,2014,1,cash_flow,籌資活動之淨現金流入（流出）,7950224,"7,950,224",sii,https://mopsov.twse.com.tw/mops/web/ajax_t163sb20
上游,晶圓代工與先進封裝,2330,台積電,2014,1,cash_flow,匯率變動對現金及約當現金之影響,2050275,"2,050,275",sii,https://mopsov.twse.com.tw/mops/web/ajax_t163sb20
上游,晶圓代工與先進封裝,2330,台積電,2014,1,cash_flow,本期現金及約當現金增加（減少）數,-10998152,"-10,998,152",sii,https://mopsov.twse.com.tw/mops/web/ajax_t163sb20
上游,晶圓代工與先進封裝,2330,台積電,2014,1,cash_flow,期初現金及約當現金餘額,242695447,"242,695,447",sii,https://mopsov.twse.com.tw/mops/web/ajax_t163sb20
上游,晶圓代工與先進封裝,2330,台積電,2014,1,cash_flow,期末現金及約當現金餘額,231697295,"231,697,295",sii,https://mopsov.twse.com.tw/mops/web/ajax_t163sb20
上游,晶圓代工與先進封裝,2330,台積電,2014,2,income_statement,營業收入,331235656,"331,235,656",sii,https://mopsov.twse.com.tw/mops/web/ajax_t163sb04
上游,晶圓代工與先進封裝,2330,台積電,2014,2,income_statement,營業成本,169659283,"169,659,283",sii,https://mopsov.twse.com.tw/mops/web/ajax_t163sb04
上游,晶圓代工與先進封裝,2330,台積電,2014,2,income_statement,營業毛利（毛損）,161576373,"161,576,373",sii,https://mopsov.twse.com.tw/mops/web/ajax_t163sb04
上游,晶圓代工與先進封裝,2330,台積電,2014,2,income_statement,未實現銷貨（損）益,,--,sii,https://mopsov.twse.com.tw/mops/web/ajax_t163sb04
上游,晶圓代工與先進封裝,2330,台積電,2014,2,income_statement,已實現銷貨（損）益,16648,"16,648",sii,https://mopsov.twse.com.tw/mops/web/ajax_t163sb04
上游,晶圓代工與先進封裝,2330,台積電,2014,2,income_statement,營業毛利（毛損）淨額,161593021,"161,593,021",sii,https://mopsov.twse.com.tw/mops/web/ajax_t163sb04
上游,晶圓代工與先進封裝,2330,台積電,2014,2,income_statement,營業費用,38126750,"38,126,750",sii,https://mopsov.twse.com.tw/mops/web/ajax_t163sb04
上游,晶圓代工與先進封裝,2330,台積電,2014,2,income_statement,其他收益及費損淨額,-229992,"-229,992",sii,https://mopsov.twse.com.tw/mops/web/ajax_t163sb04
上游,晶圓代工與先進封裝,2330,台積電,2014,2,income_statement,營業利益（損失）,123236279,"123,236,279",sii,https://mopsov.twse.com.tw/mops/web/ajax_t163sb04
上游,晶圓代工與先進封裝,2330,台積電,2014,2,income_statement,營業外收入及支出,4163683,"4,163,683",sii,https://mopsov.twse.com.tw/mops/web/ajax_t163sb04
上游,晶圓代工與先進封裝,2330,台積電,2014,2,income_statement,稅前淨利（淨損）,127399962,"127,399,962",sii,https://mopsov.twse.com.tw/mops/web/ajax_t163sb04
上游,晶圓代工與先進封裝,2330,台積電,2014,2,income_statement,所得稅費用（利益）,19894327,"19,894,327",sii,https://mopsov.twse.com.tw/mops/web/ajax_t163sb04
上游,晶圓代工與先進封裝,2330,台積電,2014,2,income_statement,繼續營業單位本期淨利（淨損）,107505635,"107,505,635",sii,https://mopsov.twse.com.tw/mops/web/ajax_t163sb04
上游,晶圓代工與先進封裝,2330,台積電,2014,2,income_statement,停業單位損益,,--,sii,https://mopsov.twse.com.tw/mops/web/ajax_t163sb04
上游,晶圓代工與先進封裝,2330,台積電,2014,2,income_statement,合併前非屬共同控制股權損益,,--,sii,https://mopsov.twse.com.tw/mops/web/ajax_t163sb04
上游,晶圓代工與先進封裝,2330,台積電,2014,2,income_statement,本期淨利（淨損）,107505635,"107,505,635",sii,https://mopsov.twse.com.tw/mops/web/ajax_t163sb04
上游,晶圓代工與先進封裝,2330,台積電,2014,2,income_statement,其他綜合損益（淨額）,-684506,"-684,506",sii,https://mopsov.twse.com.tw/mops/web/ajax_t163sb04
上游,晶圓代工與先進封裝,2330,台積電,2014,2,income_statement,合併前非屬共同控制股權綜合損益淨額,,--,sii,https://mopsov.twse.com.tw/mops/web/ajax_t163sb04
上游,晶圓代工與先進封裝,2330,台積電,2014,2,income_statement,本期綜合損益總額,106821129,"106,821,129",sii,https://mopsov.twse.com.tw/mops/web/ajax_t163sb04
上游,晶圓代工與先進封裝,2330,台積電,2014,2,income_statement,淨利（淨損）歸屬於母公司業主,107573029,"107,573,029",sii,https://mopsov.twse.com.tw/mops/web/ajax_t163sb04
上游,晶圓代工與先進封裝,2330,台積電,2014,2,income_statement,淨利（淨損）歸屬於共同控制下前手權益,,--,sii,https://mopsov.twse.com.tw/mops/web/ajax_t163sb04
上游,晶圓代工與先進封裝,2330,台積電,2014,2,income_statement,淨利（淨損）歸屬於非控制權益,-67394,"-67,394",sii,https://mopsov.twse.com.tw/mops/web/ajax_t163sb04
上游,晶圓代工與先進封裝,2330,台積電,2014,2,income_statement,綜合損益總額歸屬於母公司業主,106888320,"106,888,320",sii,https://mopsov.twse.com.tw/mops/web/ajax_t163sb04
上游,晶圓代工與先進封裝,2330,台積電,2014,2,income_statement,綜合損益總額歸屬於共同控制下前手權益,,--,sii,https://mopsov.twse.com.tw/mops/web/ajax_t163sb04
上游,晶圓代工與先進封裝,2330,台積電,2014,2,income_statement,綜合損益總額歸屬於非控制權益,-67191,"-67,191",sii,https://mopsov.twse.com.tw/mops/web/ajax_t163sb04
上游,晶圓代工與先進封裝,2330,台積電,2014,2,income_statement,基本每股盈餘（元）,4.15,4.15,sii,https://mopsov.twse.com.tw/mops/web/ajax_t163sb04
上游,晶圓代工與先進封裝,2330,台積電,2014,2,balance_sheet,流動資產,459199555,"459,199,555",sii,https://mopsov.twse.com.tw/mops/web/ajax_t163sb05
上游,晶圓代工與先進封裝,2330,台積電,2014,2,balance_sheet,非流動資產,885845212,"885,845,212",sii,https://mopsov.twse.com.tw/mops/web/ajax_t163sb05
上游,晶圓代工與先進封裝,2330,台積電,2014,2,balance_sheet,資產總額,1345044767,"1,345,044,767",sii,https://mopsov.twse.com.tw/mops/web/ajax_t163sb05
上游,晶圓代工與先進封裝,2330,台積電,2014,2,balance_sheet,流動負債,246635077,"246,635,077",sii,https://mopsov.twse.com.tw/mops/web/ajax_t163sb05
上游,晶圓代工與先進封裝,2330,台積電,2014,2,balance_sheet,非流動負債,221449396,"221,449,396",sii,https://mopsov.twse.com.tw/mops/web/ajax_t163sb05
上游,晶圓代工與先進封裝,2330,台積電,2014,2,balance_sheet,負債總額,468084473,"468,084,473",sii,https://mopsov.twse.com.tw/mops/web/ajax_t163sb05
上游,晶圓代工與先進封裝,2330,台積電,2014,2,balance_sheet,股本,259293750,"259,293,750",sii,https://mopsov.twse.com.tw/mops/web/ajax_t163sb05
上游,晶圓代工與先進封裝,2330,台積電,2014,2,balance_sheet,資本公積,56026837,"56,026,837",sii,https://mopsov.twse.com.tw/mops/web/ajax_t163sb05
上游,晶圓代工與先進封裝,2330,台積電,2014,2,balance_sheet,保留盈餘,547980330,"547,980,330",sii,https://mopsov.twse.com.tw/mops/web/ajax_t163sb05
上游,晶圓代工與先進封裝,2330,台積電,2014,2,balance_sheet,其他權益,13485597,"13,485,597",sii,https://mopsov.twse.com.tw/mops/web/ajax_t163sb05
上游,晶圓代工與先進封裝,2330,台積電,2014,2,balance_sheet,庫藏股票,,--,sii,https://mopsov.twse.com.tw/mops/web/ajax_t163sb05
上游,晶圓代工與先進封裝,2330,台積電,2014,2,balance_sheet,歸屬於母公司業主之權益合計,876786514,"876,786,514",sii,https://mopsov.twse.com.tw/mops/web/ajax_t163sb05
上游,晶圓代工與先進封裝,2330,台積電,2014,2,balance_sheet,共同控制下前手權益,0,0,sii,https://mopsov.twse.com.tw/mops/web/ajax_t163sb05
上游,晶圓代工與先進封裝,2330,台積電,2014,2,balance_sheet,合併前非屬共同控制股權,,--,sii,https://mopsov.twse.com.tw/mops/web/ajax_t163sb05
上游,晶圓代工與先進封裝,2330,台積電,2014,2,balance_sheet,非控制權益,173780,"173,780",sii,https://mopsov.twse.com.tw/mops/web/ajax_t163sb05
上游,晶圓代工與先進封裝,2330,台積電,2014,2,balance_sheet,權益總額,876960294,"876,960,294",sii,https://mopsov.twse.com.tw/mops/web/ajax_t163sb05
上游,晶圓代工與先進封裝,2330,台積電,2014,2,balance_sheet,待註銷股本股數（單位：股）,0,0,sii,https://mopsov.twse.com.tw/mops/web/ajax_t163sb05
上游,晶圓代工與先進封裝,2330,台積電,2014,2,balance_sheet,預收股款（權益項下）之約當發行股數（單位：股）,0,0,sii,https://mopsov.twse.com.tw/mops/web/ajax_t163sb05
上游,晶圓代工與先進封裝,2330,台積電,2014,2,balance_sheet,母公司暨子公司所持有之母公司庫藏股股數（單位：股）,0,0,sii,https://mopsov.twse.com.tw/mops/web/ajax_t163sb05
上游,晶圓代工與先進封裝,2330,台積電,2014,2,balance_sheet,每股參考淨值,33.81,33.81,sii,https://mopsov.twse.com.tw/mops/web/ajax_t163sb05
上游,晶圓代工與先進封裝,2330,台積電,2014,2,cash_flow,營業活動之淨現金流入（流出）,176609804,"176,609,804",sii,https://mopsov.twse.com.tw/mops/web/ajax_t163sb20
上游,晶圓代工與先進封裝,2330,台積電,2014,2,cash_flow,投資活動之淨現金流入（流出）,-182354151,"-182,354,151",sii,https://mopsov.twse.com.tw/mops/web/ajax_t163sb20
上游,晶圓代工與先進封裝,2330,台積電,2014,2,cash_flow,籌資活動之淨現金流入（流出）,18296977,"18,296,977",sii,https://mopsov.twse.com.tw/mops/web/ajax_t163sb20
上游,晶圓代工與先進封裝,2330,台積電,2014,2,cash_flow,匯率變動對現金及約當現金之影響,-194504,"-194,504",sii,https://mopsov.twse.com.tw/mops/web/ajax_t163sb20
上游,晶圓代工與先進封裝,2330,台積電,2014,2,cash_flow,本期現金及約當現金增加（減少）數,12358126,"12,358,126",sii,https://mopsov.twse.com.tw/mops/web/ajax_t163sb20
上游,晶圓代工與先進封裝,2330,台積電,2014,2,cash_flow,期初現金及約當現金餘額,242695447,"242,695,447",sii,https://mopsov.twse.com.tw/mops/web/ajax_t163sb20
上游,晶圓代工與先進封裝,2330,台積電,2014,2,cash_flow,期末現金及約當現金餘額,255053573,"255,053,573",sii,https://mopsov.twse.com.tw/mops/web/ajax_t163sb20
上游,晶圓代工與先進封裝,2330,台積電,2014,3,income_statement,營業收入,540285390,"540,285,390",sii,https://mopsov.twse.com.tw/mops/web/ajax_t163sb04
上游,晶圓代工與先進封裝,2330,台積電,2014,3,income_statement,營業成本,273127447,"273,127,447",sii,https://mopsov.twse.com.tw/mops/web/ajax_t163sb04
上游,晶圓代工與先進封裝,2330,台積電,2014,3,income_statement,營業毛利（毛損）,267157943,"267,157,943",sii,https://mopsov.twse.com.tw/mops/web/ajax_t163sb04
上游,晶圓代工與先進封裝,2330,台積電,2014,3,income_statement,未實現銷貨（損）益,,--,sii,https://mopsov.twse.com.tw/mops/web/ajax_t163sb04
上游,晶圓代工與先進封裝,2330,台積電,2014,3,income_statement,已實現銷貨（損）益,13442,"13,442",sii,https://mopsov.twse.com.tw/mops/web/ajax_t163sb04
上游,晶圓代工與先進封裝,2330,台積電,2014,3,income_statement,營業毛利（毛損）淨額,267171385,"267,171,385",sii,https://mopsov.twse.com.tw/mops/web/ajax_t163sb04
上游,晶圓代工與先進封裝,2330,台積電,2014,3,income_statement,營業費用,59267830,"59,267,830",sii,https://mopsov.twse.com.tw/mops/web/ajax_t163sb04
上游,晶圓代工與先進封裝,2330,台積電,2014,3,income_statement,其他收益及費損淨額,-235292,"-235,292",sii,https://mopsov.twse.com.tw/mops/web/ajax_t163sb04
上游,晶圓代工與先進封裝,2330,台積電,2014,3,income_statement,營業利益（損失）,207668263,"207,668,263",sii,https://mopsov.twse.com.tw/mops/web/ajax_t163sb04
上游,晶圓代工與先進封裝,2330,台積電,2014,3,income_statement,營業外收入及支出,5112891,"5,112,891",sii,https://mopsov.twse.com.tw/mops/web/ajax_t163sb04
上游,晶圓代工與先進封裝,2330,台積電,2014,3,income_statement,稅前淨利（淨損）,212781154,"212,781,154",sii,https://mopsov.twse.com.tw/mops/web/ajax_t163sb04
上游,晶圓代工與先進封裝,2330,台積電,2014,3,income_statement,所得稅費用（利益）,28970913,"28,970,913",sii,https://mopsov.twse.com.tw/mops/web/ajax_t163sb04
上游,晶圓代工與先進封裝,2330,台積電,2014,3,income_statement,繼續營業單位本期淨利（淨損）,183810241,"183,810,241",sii,https://mopsov.twse.com.tw/mops/web/ajax_t163sb04
上游,晶圓代工與先進封裝,2330,台積電,2014,3,income_statement,停業單位損益,,--,sii,https://mopsov.twse.com.tw/mops/web/ajax_t163sb04
上游,晶圓代工與先進封裝,2330,台積電,2014,3,income_statement,合併前非屬共同控制股權損益,,--,sii,https://mopsov.twse.com.tw/mops/web/ajax_t163sb04
上游,晶圓代工與先進封裝,2330,台積電,2014,3,income_statement,本期淨利（淨損）,183810241,"183,810,241",sii,https://mopsov.twse.com.tw/mops/web/ajax_t163sb04
上游,晶圓代工與先進封裝,2330,台積電,2014,3,income_statement,其他綜合損益（淨額）,2695851,"2,695,851",sii,https://mopsov.twse.com.tw/mops/web/ajax_t163sb04
上游,晶圓代工與先進封裝,2330,台積電,2014,3,income_statement,合併前非屬共同控制股權綜合損益淨額,,--,sii,https://mopsov.twse.com.tw/mops/web/ajax_t163sb04
上游,晶圓代工與先進封裝,2330,台積電,2014,3,income_statement,本期綜合損益總額,186506092,"186,506,092",sii,https://mopsov.twse.com.tw/mops/web/ajax_t163sb04
上游,晶圓代工與先進封裝,2330,台積電,2014,3,income_statement,淨利（淨損）歸屬於母公司業主,183908266,"183,908,266",sii,https://mopsov.twse.com.tw/mops/web/ajax_t163sb04
上游,晶圓代工與先進封裝,2330,台積電,2014,3,income_statement,淨利（淨損）歸屬於共同控制下前手權益,,--,sii,https://mopsov.twse.com.tw/mops/web/ajax_t163sb04
上游,晶圓代工與先進封裝,2330,台積電,2014,3,income_statement,淨利（淨損）歸屬於非控制權益,-98025,"-98,025",sii,https://mopsov.twse.com.tw/mops/web/ajax_t163sb04
上游,晶圓代工與先進封裝,2330,台積電,2014,3,income_statement,綜合損益總額歸屬於母公司業主,186603451,"186,603,451",sii,https://mopsov.twse.com.tw/mops/web/ajax_t163sb04
上游,晶圓代工與先進封裝,2330,台積電,2014,3,income_statement,綜合損益總額歸屬於共同控制下前手權益,,--,sii,https://mopsov.twse.com.tw/mops/web/ajax_t163sb04
上游,晶圓代工與先進封裝,2330,台積電,2014,3,income_statement,綜合損益總額歸屬於非控制權益,-97359,"-97,359",sii,https://mopsov.twse.com.tw/mops/web/ajax_t163sb04
上游,晶圓代工與先進封裝,2330,台積電,2014,3,income_statement,基本每股盈餘（元）,7.09,7.09,sii,https://mopsov.twse.com.tw/mops/web/ajax_t163sb04
上游,晶圓代工與先進封裝,2330,台積電,2014,3,balance_sheet,流動資產,476230199,"476,230,199",sii,https://mopsov.twse.com.tw/mops/web/ajax_t163sb05
上游,晶圓代工與先進封裝,2330,台積電,2014,3,balance_sheet,非流動資產,873764641,"873,764,641",sii,https://mopsov.twse.com.tw/mops/web/ajax_t163sb05
上游,晶圓代工與先進封裝,2330,台積電,2014,3,balance_sheet,資產總額,1349994840,"1,349,994,840",sii,https://mopsov.twse.com.tw/mops/web/ajax_t163sb05
上游,晶圓代工與先進封裝,2330,台積電,2014,3,balance_sheet,流動負債,172248167,"172,248,167",sii,https://mopsov.twse.com.tw/mops/web/ajax_t163sb05
上游,晶圓代工與先進封裝,2330,台積電,2014,3,balance_sheet,非流動負債,221188422,"221,188,422",sii,https://mopsov.twse.com.tw/mops/web/ajax_t163sb05
上游,晶圓代工與先進封裝,2330,台積電,2014,3,balance_sheet,負債總額,393436589,"393,436,589",sii,https://mopsov.twse.com.tw/mops/web/ajax_t163sb05
上游,晶圓代工與先進封裝,2330,台積電,2014,3,balance_sheet,股本,259293750,"259,293,750",sii,https://mopsov.twse.com.tw/mops/web/ajax_t163sb05
上游,晶圓代工與先進封裝,2330,台積電,2014,3,balance_sheet,資本公積,55944799,"55,944,799",sii,https://mopsov.twse.com.tw/mops/web/ajax_t163sb05
上游,晶圓代工與先進封裝,2330,台積電,2014,3,balance_sheet,保留盈餘,624315567,"624,315,567",sii,https://mopsov.twse.com.tw/mops/web/ajax_t163sb05
上游,晶圓代工與先進封裝,2330,台積電,2014,3,balance_sheet,其他權益,16865491,"16,865,491",sii,https://mopsov.twse.com.tw/mops/web/ajax_t163sb05
上游,晶圓代工與先進封裝,2330,台積電,2014,3,balance_sheet,庫藏股票,,--,sii,https://mopsov.twse.com.tw/mops/web/ajax_t163sb05
上游,晶圓代工與先進封裝,2330,台積電,2014,3,balance_sheet,歸屬於母公司業主之權益合計,956419607,"956,419,607",sii,https://mopsov.twse.com.tw/mops/web/ajax_t163sb05
上游,晶圓代工與先進封裝,2330,台積電,2014,3,balance_sheet,共同控制下前手權益,,--,sii,https://mopsov.twse.com.tw/mops/web/ajax_t163sb05
上游,晶圓代工與先進封裝,2330,台積電,2014,3,balance_sheet,合併前非屬共同控制股權,,--,sii,https://mopsov.twse.com.tw/mops/web/ajax_t163sb05
上游,晶圓代工與先進封裝,2330,台積電,2014,3,balance_sheet,非控制權益,138644,"138,644",sii,https://mopsov.twse.com.tw/mops/web/ajax_t163sb05
上游,晶圓代工與先進封裝,2330,台積電,2014,3,balance_sheet,權益總額,956558251,"956,558,251",sii,https://mopsov.twse.com.tw/mops/web/ajax_t163sb05
上游,晶圓代工與先進封裝,2330,台積電,2014,3,balance_sheet,待註銷股本股數（單位：股）,0,0,sii,https://mopsov.twse.com.tw/mops/web/ajax_t163sb05
上游,晶圓代工與先進封裝,2330,台積電,2014,3,balance_sheet,預收股款（權益項下）之約當發行股數（單位：股）,0,0,sii,https://mopsov.twse.com.tw/mops/web/ajax_t163sb05
上游,晶圓代工與先進封裝,2330,台積電,2014,3,balance_sheet,母公司暨子公司所持有之母公司庫藏股股數（單位：股）,0,0,sii,https://mopsov.twse.com.tw/mops/web/ajax_t163sb05
上游,晶圓代工與先進封裝,2330,台積電,2014,3,balance_sheet,每股參考淨值,36.89,36.89,sii,https://mopsov.twse.com.tw/mops/web/ajax_t163sb05
上游,晶圓代工與先進封裝,2330,台積電,2014,3,cash_flow,營業活動之淨現金流入（流出）,267854884,"267,854,884",sii,https://mopsov.twse.com.tw/mops/web/ajax_t163sb20
上游,晶圓代工與先進封裝,2330,台積電,2014,3,cash_flow,投資活動之淨現金流入（流出）,-226979290,"-226,979,290",sii,https://mopsov.twse.com.tw/mops/web/ajax_t163sb20
上游,晶圓代工與先進封裝,2330,台積電,2014,3,cash_flow,籌資活動之淨現金流入（流出）,-59964323,"-59,964,323",sii,https://mopsov.twse.com.tw/mops/web/ajax_t163sb20
上游,晶圓代工與先進封裝,2330,台積電,2014,3,cash_flow,匯率變動對現金及約當現金之影響,2277600,"2,277,600",sii,https://mopsov.twse.com.tw/mops/web/ajax_t163sb20
上游,晶圓代工與先進封裝,2330,台積電,2014,3,cash_flow,本期現金及約當現金增加（減少）數,-16811129,"-16,811,129",sii,https://mopsov.twse.com.tw/mops/web/ajax_t163sb20
上游,晶圓代工與先進封裝,2330,台積電,2014,3,cash_flow,期初現金及約當現金餘額,242695447,"242,695,447",sii,https://mopsov.twse.com.tw/mops/web/ajax_t163sb20
上游,晶圓代工與先進封裝,2330,台積電,2014,3,cash_flow,期末現金及約當現金餘額,225884318,"225,884,318",sii,https://mopsov.twse.com.tw/mops/web/ajax_t163sb20
上游,晶圓代工與先進封裝,2330,台積電,2014,4,income_statement,營業收入,762806465,"762,806,465",sii,https://mopsov.twse.com.tw/mops/web/ajax_t163sb04
上游,晶圓代工與先進封裝,2330,台積電,2014,4,income_statement,營業成本,385100646,"385,100,646",sii,https://mopsov.twse.com.tw/mops/web/ajax_t163sb04
上游,晶圓代工與先進封裝,2330,台積電,2014,4,income_statement,營業毛利（毛損）,377705819,"377,705,819",sii,https://mopsov.twse.com.tw/mops/web/ajax_t163sb04
上游,晶圓代工與先進封裝,2330,台積電,2014,4,income_statement,未實現銷貨（損）益,,--,sii,https://mopsov.twse.com.tw/mops/web/ajax_t163sb04
上游,晶圓代工與先進封裝,2330,台積電,2014,4,income_statement,已實現銷貨（損）益,28556,"28,556",sii,https://mopsov.twse.com.tw/mops/web/ajax_t163sb04
上游,晶圓代工與先進封裝,2330,台積電,2014,4,income_statement,營業毛利（毛損）淨額,377734375,"377,734,375",sii,https://mopsov.twse.com.tw/mops/web/ajax_t163sb04
上游,晶圓代工與先進封裝,2330,台積電,2014,4,income_statement,營業費用,80842944,"80,842,944",sii,https://mopsov.twse.com.tw/mops/web/ajax_t163sb04
上游,晶圓代工與先進封裝,2330,台積電,2014,4,income_statement,其他收益及費損淨額,-1001138,"-1,001,138",sii,https://mopsov.twse.com.tw/mops/web/ajax_t163sb04
上游,晶圓代工與先進封裝,2330,台積電,2014,4,income_statement,營業利益（損失）,295890293,"295,890,293",sii,https://mopsov.twse.com.tw/mops/web/ajax_t163sb04
上游,晶圓代工與先進封裝,2330,台積電,2014,4,income_statement,營業外收入及支出,6207253,"6,207,253",sii,https://mopsov.twse.com.tw/mops/web/ajax_t163sb04
上游,晶圓代工與先進封裝,2330,台積電,2014,4,income_statement,稅前淨利（淨損）,302097546,"302,097,546",sii,https://mopsov.twse.com.tw/mops/web/ajax_t163sb04
上游,晶圓代工與先進封裝,2330,台積電,2014,4,income_statement,所得稅費用（利益）,38316677,"38,316,677",sii,https://mopsov.twse.com.tw/mops/web/ajax_t163sb04
上游,晶圓代工與先進封裝,2330,台積電,2014,4,income_statement,繼續營業單位本期淨利（淨損）,263780869,"263,780,869",sii,https://mopsov.twse.com.tw/mops/web/ajax_t163sb04
上游,晶圓代工與先進封裝,2330,台積電,2014,4,income_statement,停業單位損益,,--,sii,https://mopsov.twse.com.tw/mops/web/ajax_t163sb04
上游,晶圓代工與先進封裝,2330,台積電,2014,4,income_statement,合併前非屬共同控制股權損益,,--,sii,https://mopsov.twse.com.tw/mops/web/ajax_t163sb04
上游,晶圓代工與先進封裝,2330,台積電,2014,4,income_statement,本期淨利（淨損）,263780869,"263,780,869",sii,https://mopsov.twse.com.tw/mops/web/ajax_t163sb04
上游,晶圓代工與先進封裝,2330,台積電,2014,4,income_statement,其他綜合損益（淨額）,11834164,"11,834,164",sii,https://mopsov.twse.com.tw/mops/web/ajax_t163sb04
上游,晶圓代工與先進封裝,2330,台積電,2014,4,income_statement,合併前非屬共同控制股權綜合損益淨額,,--,sii,https://mopsov.twse.com.tw/mops/web/ajax_t163sb04
上游,晶圓代工與先進封裝,2330,台積電,2014,4,income_statement,本期綜合損益總額,275615033,"275,615,033",sii,https://mopsov.twse.com.tw/mops/web/ajax_t163sb04
上游,晶圓代工與先進封裝,2330,台積電,2014,4,income_statement,淨利（淨損）歸屬於母公司業主,263898794,"263,898,794",sii,https://mopsov.twse.com.tw/mops/web/ajax_t163sb04
上游,晶圓代工與先進封裝,2330,台積電,2014,4,income_statement,淨利（淨損）歸屬於共同控制下前手權益,,--,sii,https://mopsov.twse.com.tw/mops/web/ajax_t163sb04
上游,晶圓代工與先進封裝,2330,台積電,2014,4,income_statement,淨利（淨損）歸屬於非控制權益,-117925,"-117,925",sii,https://mopsov.twse.com.tw/mops/web/ajax_t163sb04
上游,晶圓代工與先進封裝,2330,台積電,2014,4,income_statement,綜合損益總額歸屬於母公司業主,275717141,"275,717,141",sii,https://mopsov.twse.com.tw/mops/web/ajax_t163sb04
上游,晶圓代工與先進封裝,2330,台積電,2014,4,income_statement,綜合損益總額歸屬於共同控制下前手權益,,--,sii,https://mopsov.twse.com.tw/mops/web/ajax_t163sb04
上游,晶圓代工與先進封裝,2330,台積電,2014,4,income_statement,綜合損益總額歸屬於非控制權益,-102108,"-102,108",sii,https://mopsov.twse.com.tw/mops/web/ajax_t163sb04
上游,晶圓代工與先進封裝,2330,台積電,2014,4,income_statement,基本每股盈餘（元）,10.18,10.18,sii,https://mopsov.twse.com.tw/mops/web/ajax_t163sb04
上游,晶圓代工與先進封裝,2330,台積電,2014,4,balance_sheet,流動資產,626566787,"626,566,787",sii,https://mopsov.twse.com.tw/mops/web/ajax_t163sb05
上游,晶圓代工與先進封裝,2330,台積電,2014,4,balance_sheet,非流動資產,868567058,"868,567,058",sii,https://mopsov.twse.com.tw/mops/web/ajax_t163sb05
上游,晶圓代工與先進封裝,2330,台積電,2014,4,balance_sheet,資產總額,1495133845,"1,495,133,845",sii,https://mopsov.twse.com.tw/mops/web/ajax_t163sb05
上游,晶圓代工與先進封裝,2330,台積電,2014,4,balance_sheet,流動負債,201014777,"201,014,777",sii,https://mopsov.twse.com.tw/mops/web/ajax_t163sb05
上游,晶圓代工與先進封裝,2330,台積電,2014,4,balance_sheet,非流動負債,248443321,"248,443,321",sii,https://mopsov.twse.com.tw/mops/web/ajax_t163sb05
上游,晶圓代工與先進封裝,2330,台積電,2014,4,balance_sheet,負債總額,449458098,"449,458,098",sii,https://mopsov.twse.com.tw/mops/web/ajax_t163sb05
上游,晶圓代工與先進封裝,2330,台積電,2014,4,balance_sheet,股本,259296624,"259,296,624",sii,https://mopsov.twse.com.tw/mops/web/ajax_t163sb05
上游,晶圓代工與先進封裝,2330,台積電,2014,4,balance_sheet,資本公積,55989922,"55,989,922",sii,https://mopsov.twse.com.tw/mops/web/ajax_t163sb05
上游,晶圓代工與先進封裝,2330,台積電,2014,4,balance_sheet,保留盈餘,704512664,"704,512,664",sii,https://mopsov.twse.com.tw/mops/web/ajax_t163sb05
上游,晶圓代工與先進封裝,2330,台積電,2014,4,balance_sheet,其他權益,25749291,"25,749,291",sii,https://mopsov.twse.com.tw/mops/web/ajax_t163sb05
上游,晶圓代工與先進封裝,2330,台積電,2014,4,balance_sheet,庫藏股票,,--,sii,https://mopsov.twse.com.tw/mops/web/ajax_t163sb05
上游,晶圓代工與先進封裝,2330,台積電,2014,4,balance_sheet,歸屬於母公司業主之權益合計,1045548501,"1,045,548,501",sii,https://mopsov.twse.com.tw/mops/web/ajax_t163sb05
上游,晶圓代工與先進封裝,2330,台積電,2014,4,balance_sheet,共同控制下前手權益,,--,sii,https://mopsov.twse.com.tw/mops/web/ajax_t163sb05
上游,晶圓代工與先進封裝,2330,台積電,2014,4,balance_sheet,合併前非屬共同控制股權,,--,sii,https://mopsov.twse.com.tw/mops/web/ajax_t163sb05
上游,晶圓代工與先進封裝,2330,台積電,2014,4,balance_sheet,非控制權益,127246,"127,246",sii,https://mopsov.twse.com.tw/mops/web/ajax_t163sb05
上游,晶圓代工與先進封裝,2330,台積電,2014,4,balance_sheet,權益總額,1045675747,"1,045,675,747",sii,https://mopsov.twse.com.tw/mops/web/ajax_t163sb05
上游,晶圓代工與先進封裝,2330,台積電,2014,4,balance_sheet,待註銷股本股數（單位：股）,0,0,sii,https://mopsov.twse.com.tw/mops/web/ajax_t163sb05
上游,晶圓代工與先進封裝,2330,台積電,2014,4,balance_sheet,預收股款（權益項下）之約當發行股數（單位：股）,0,0,sii,https://mopsov.twse.com.tw/mops/web/ajax_t163sb05
上游,晶圓代工與先進封裝,2330,台積電,2014,4,balance_sheet,母公司暨子公司所持有之母公司庫藏股股數（單位：股）,0,0,sii,https://mopsov.twse.com.tw/mops/web/ajax_t163sb05
上游,晶圓代工與先進封裝,2330,台積電,2014,4,balance_sheet,每股參考淨值,40.32,40.32,sii,https://mopsov.twse.com.tw/mops/web/ajax_t163sb05
上游,晶圓代工與先進封裝,2330,台積電,2014,4,cash_flow,營業活動之淨現金流入（流出）,421523731,"421,523,731",sii,https://mopsov.twse.com.tw/mops/web/ajax_t163sb20
上游,晶圓代工與先進封裝,2330,台積電,2014,4,cash_flow,投資活動之淨現金流入（流出）,-282420557,"-282,420,557",sii,https://mopsov.twse.com.tw/mops/web/ajax_t163sb20
上游,晶圓代工與先進封裝,2330,台積電,2014,4,cash_flow,籌資活動之淨現金流入（流出）,-32328284,"-32,328,284",sii,https://mopsov.twse.com.tw/mops/web/ajax_t163sb20
上游,晶圓代工與先進封裝,2330,台積電,2014,4,cash_flow,匯率變動對現金及約當現金之影響,9060170,"9,060,170",sii,https://mopsov.twse.com.tw/mops/web/ajax_t163sb20
上游,晶圓代工與先進封裝,2330,台積電,2014,4,cash_flow,本期現金及約當現金增加（減少）數,115835060,"115,835,060",sii,https://mopsov.twse.com.tw/mops/web/ajax_t163sb20
上游,晶圓代工與先進封裝,2330,台積電,2014,4,cash_flow,期初現金及約當現金餘額,242695447,"242,695,447",sii,https://mopsov.twse.com.tw/mops/web/ajax_t163sb20
上游,晶圓代工與先進封裝,2330,台積電,2014,4,cash_flow,期末現金及約當現金餘額,358530507,"358,530,507",sii,https://mopsov.twse.com.tw/mops/web/ajax_t163sb20
上游,晶圓代工與先進封裝,2330,台積電,2015,1,income_statement,營業收入,222034144,"222,034,144",sii,https://mopsov.twse.com.tw/mops/web/ajax_t163sb04
上游,晶圓代工與先進封裝,2330,台積電,2015,1,income_statement,營業成本,112585333,"112,585,333",sii,https://mopsov.twse.com.tw/mops/web/ajax_t163sb04
上游,晶圓代工與先進封裝,2330,台積電,2015,1,income_statement,營業毛利（毛損）,109448811,"109,448,811",sii,https://mopsov.twse.com.tw/mops/web/ajax_t163sb04
上游,晶圓代工與先進封裝,2330,台積電,2015,1,income_statement,未實現銷貨（損）益,,--,sii,https://mopsov.twse.com.tw/mops/web/ajax_t163sb04
上游,晶圓代工與先進封裝,2330,台積電,2015,1,income_statement,已實現銷貨（損）益,-19547,"-19,547",sii,https://mopsov.twse.com.tw/mops/web/ajax_t163sb04
上游,晶圓代工與先進封裝,2330,台積電,2015,1,income_statement,營業毛利（毛損）淨額,109429264,"109,429,264",sii,https://mopsov.twse.com.tw/mops/web/ajax_t163sb04
上游,晶圓代工與先進封裝,2330,台積電,2015,1,income_statement,營業費用,22538512,"22,538,512",sii,https://mopsov.twse.com.tw/mops/web/ajax_t163sb04
上游,晶圓代工與先進封裝,2330,台積電,2015,1,income_statement,其他收益及費損淨額,-264629,"-264,629",sii,https://mopsov.twse.com.tw/mops/web/ajax_t163sb04
上游,晶圓代工與先進封裝,2330,台積電,2015,1,income_statement,營業利益（損失）,86626123,"86,626,123",sii,https://mopsov.twse.com.tw/mops/web/ajax_t163sb04
上游,晶圓代工與先進封裝,2330,台積電,2015,1,income_statement,營業外收入及支出,1632857,"1,632,857",sii,https://mopsov.twse.com.tw/mops/web/ajax_t163sb04
上游,晶圓代工與先進封裝,2330,台積電,2015,1,income_statement,稅前淨利（淨損）,88258980,"88,258,980",sii,https://mopsov.twse.com.tw/mops/web/ajax_t163sb04
上游,晶圓代工與先進封裝,2330,台積電,2015,1,income_statement,所得稅費用（利益）,9275072,"9,275,072",sii,https://mopsov.twse.com.tw/mops/web/ajax_t163sb04
上游,晶圓代工與先進封裝,2330,台積電,2015,1,income_statement,繼續營業單位本期淨利（淨損）,78983908,"78,983,908",sii,https://mopsov.twse.com.tw/mops/web/ajax_t163sb04
上游,晶圓代工與先進封裝,2330,台積電,2015,1,income_statement,停業單位損益,,--,sii,https://mopsov.twse.com.tw/mops/web/ajax_t163sb04
上游,晶圓代工與先進封裝,2330,台積電,2015,1,income_statement,合併前非屬共同控制股權損益,,--,sii,https://mopsov.twse.com.tw/mops/web/ajax_t163sb04
上游,晶圓代工與先進封裝,2330,台積電,2015,1,income_statement,本期淨利（淨損）,78983908,"78,983,908",sii,https://mopsov.twse.com.tw/mops/web/ajax_t163sb04
上游,晶圓代工與先進封裝,2330,台積電,2015,1,income_statement,其他綜合損益（淨額）,-1645583,"-1,645,583",sii,https://mopsov.twse.com.tw/mops/web/ajax_t163sb04
上游,晶圓代工與先進封裝,2330,台積電,2015,1,income_statement,合併前非屬共同控制股權綜合損益淨額,,--,sii,https://mopsov.twse.com.tw/mops/web/ajax_t163sb04
上游,晶圓代工與先進封裝,2330,台積電,2015,1,income_statement,本期綜合損益總額,77338325,"77,338,325",sii,https://mopsov.twse.com.tw/mops/web/ajax_t163sb04
上游,晶圓代工與先進封裝,2330,台積電,2015,1,income_statement,淨利（淨損）歸屬於母公司業主,78989911,"78,989,911",sii,https://mopsov.twse.com.tw/mops/web/ajax_t163sb04
上游,晶圓代工與先進封裝,2330,台積電,2015,1,income_statement,淨利（淨損）歸屬於共同控制下前手權益,,--,sii,https://mopsov.twse.com.tw/mops/web/ajax_t163sb04
上游,晶圓代工與先進封裝,2330,台積電,2015,1,income_statement,淨利（淨損）歸屬於非控制權益,-6003,"-6,003",sii,https://mopsov.twse.com.tw/mops/web/ajax_t163sb04
上游,晶圓代工與先進封裝,2330,台積電,2015,1,income_statement,綜合損益總額歸屬於母公司業主,77351478,"77,351,478",sii,https://mopsov.twse.com.tw/mops/web/ajax_t163sb04
上游,晶圓代工與先進封裝,2330,台積電,2015,1,income_statement,綜合損益總額歸屬於共同控制下前手權益,,--,sii,https://mopsov.twse.com.tw/mops/web/ajax_t163sb04
上游,晶圓代工與先進封裝,2330,台積電,2015,1,income_statement,綜合損益總額歸屬於非控制權益,-13153,"-13,153",sii,https://mopsov.twse.com.tw/mops/web/ajax_t163sb04
上游,晶圓代工與先進封裝,2330,台積電,2015,1,income_statement,基本每股盈餘（元）,3.05,3.05,sii,https://mopsov.twse.com.tw/mops/web/ajax_t163sb04
上游,晶圓代工與先進封裝,2330,台積電,2015,1,balance_sheet,流動資產,690493692,"690,493,692",sii,https://mopsov.twse.com.tw/mops/web/ajax_t163sb05
上游,晶圓代工與先進封裝,2330,台積電,2015,1,balance_sheet,非流動資產,866401363,"866,401,363",sii,https://mopsov.twse.com.tw/mops/web/ajax_t163sb05
上游,晶圓代工與先進封裝,2330,台積電,2015,1,balance_sheet,資產總計,1556895055,"1,556,895,055",sii,https://mopsov.twse.com.tw/mops/web/ajax_t163sb05
上游,晶圓代工與先進封裝,2330,台積電,2015,1,balance_sheet,流動負債,187565145,"187,565,145",sii,https://mopsov.twse.com.tw/mops/web/ajax_t163sb05
上游,晶圓代工與先進封裝,2330,台積電,2015,1,balance_sheet,非流動負債,245414157,"245,414,157",sii,https://mopsov.twse.com.tw/mops/web/ajax_t163sb05
上游,晶圓代工與先進封裝,2330,台積電,2015,1,balance_sheet,負債總額,432979302,"432,979,302",sii,https://mopsov.twse.com.tw/mops/web/ajax_t163sb05
上游,晶圓代工與先進封裝,2330,台積電,2015,1,balance_sheet,股本,259303020,"259,303,020",sii,https://mopsov.twse.com.tw/mops/web/ajax_t163sb05
上游,晶圓代工與先進封裝,2330,台積電,2015,1,balance_sheet,資本公積,56274436,"56,274,436",sii,https://mopsov.twse.com.tw/mops/web/ajax_t163sb05
上游,晶圓代工與先進封裝,2330,台積電,2015,1,balance_sheet,保留盈餘,784155185,"784,155,185",sii,https://mopsov.twse.com.tw/mops/web/ajax_t163sb05
上游,晶圓代工與先進封裝,2330,台積電,2015,1,balance_sheet,其他權益,24110858,"24,110,858",sii,https://mopsov.twse.com.tw/mops/web/ajax_t163sb05
上游,晶圓代工與先進封裝,2330,台積電,2015,1,balance_sheet,庫藏股票,,--,sii,https://mopsov.twse.com.tw/mops/web/ajax_t163sb05
上游,晶圓代工與先進封裝,2330,台積電,2015,1,balance_sheet,歸屬於母公司業主之權益合計,1123843499,"1,123,843,499",sii,https://mopsov.twse.com.tw/mops/web/ajax_t163sb05
上游,晶圓代工與先進封裝,2330,台積電,2015,1,balance_sheet,共同控制下前手權益,,--,sii,https://mopsov.twse.com.tw/mops/web/ajax_t163sb05
上游,晶圓代工與先進封裝,2330,台積電,2015,1,balance_sheet,合併前非屬共同控制股權,,--,sii,https://mopsov.twse.com.tw/mops/web/ajax_t163sb05
上游,晶圓代工與先進封裝,2330,台積電,2015,1,balance_sheet,非控制權益,72254,"72,254",sii,https://mopsov.twse.com.tw/mops/web/ajax_t163sb05
上游,晶圓代工與先進封裝,2330,台積電,2015,1,balance_sheet,權益總額,1123915753,"1,123,915,753",sii,https://mopsov.twse.com.tw/mops/web/ajax_t163sb05
上游,晶圓代工與先進封裝,2330,台積電,2015,1,balance_sheet,待註銷股本股數（單位：股）,0,0,sii,https://mopsov.twse.com.tw/mops/web/ajax_t163sb05
上游,晶圓代工與先進封裝,2330,台積電,2015,1,balance_sheet,預收股款（權益項下）之約當發行股數（單位：股）,0,0,sii,https://mopsov.twse.com.tw/mops/web/ajax_t163sb05
上游,晶圓代工與先進封裝,2330,台積電,2015,1,balance_sheet,母公司暨子公司所持有之母公司庫藏股股數（單位：股）,0,0,sii,https://mopsov.twse.com.tw/mops/web/ajax_t163sb05
上游,晶圓代工與先進封裝,2330,台積電,2015,1,balance_sheet,每股參考淨值,43.34,43.34,sii,https://mopsov.twse.com.tw/mops/web/ajax_t163sb05
上游,晶圓代工與先進封裝,2330,台積電,2015,1,cash_flow,營業活動之淨現金流入（流出）,156000661,"156,000,661",sii,https://mopsov.twse.com.tw/mops/web/ajax_t163sb20
上游,晶圓代工與先進封裝,2330,台積電,2015,1,cash_flow,投資活動之淨現金流入（流出）,-57168005,"-57,168,005",sii,https://mopsov.twse.com.tw/mops/web/ajax_t163sb20
上游,晶圓代工與先進封裝,2330,台積電,2015,1,cash_flow,籌資活動之淨現金流入（流出）,-18171589,"-18,171,589",sii,https://mopsov.twse.com.tw/mops/web/ajax_t163sb20
上游,晶圓代工與先進封裝,2330,台積電,2015,1,cash_flow,匯率變動對現金及約當現金之影響,-1779163,"-1,779,163",sii,https://mopsov.twse.com.tw/mops/web/ajax_t163sb20
上游,晶圓代工與先進封裝,2330,台積電,2015,1,cash_flow,本期現金及約當現金增加（減少）數,78881904,"78,881,904",sii,https://mopsov.twse.com.tw/mops/web/ajax_t163sb20
上游,晶圓代工與先進封裝,2330,台積電,2015,1,cash_flow,期初現金及約當現金餘額,358449029,"358,449,029",sii,https://mopsov.twse.com.tw/mops/web/ajax_t163sb20
上游,晶圓代工與先進封裝,2330,台積電,2015,1,cash_flow,期末現金及約當現金餘額,437330933,"437,330,933",sii,https://mopsov.twse.com.tw/mops/web/ajax_t163sb20
上游,晶圓代工與先進封裝,2330,台積電,2015,2,income_statement,營業收入,427473896,"427,473,896",sii,https://mopsov.twse.com.tw/mops/web/ajax_t163sb04
上游,晶圓代工與先進封裝,2330,台積電,2015,2,income_statement,營業成本,218321140,"218,321,140",sii,https://mopsov.twse.com.tw/mops/web/ajax_t163sb04
上游,晶圓代工與先進封裝,2330,台積電,2015,2,income_statement,營業毛利（毛損）,209152756,"209,152,756",sii,https://mopsov.twse.com.tw/mops/web/ajax_t163sb04
上游,晶圓代工與先進封裝,2330,台積電,2015,2,income_statement,未實現銷貨（損）益,,--,sii,https://mopsov.twse.com.tw/mops/web/ajax_t163sb04
上游,晶圓代工與先進封裝,2330,台積電,2015,2,income_statement,已實現銷貨（損）益,-18536,"-18,536",sii,https://mopsov.twse.com.tw/mops/web/ajax_t163sb04
上游,晶圓代工與先進封裝,2330,台積電,2015,2,income_statement,營業毛利（毛損）淨額,209134220,"209,134,220",sii,https://mopsov.twse.com.tw/mops/web/ajax_t163sb04
上游,晶圓代工與先進封裝,2330,台積電,2015,2,income_statement,營業費用,45093724,"45,093,724",sii,https://mopsov.twse.com.tw/mops/web/ajax_t163sb04
上游,晶圓代工與先進封裝,2330,台積電,2015,2,income_statement,其他收益及費損淨額,-345315,"-345,315",sii,https://mopsov.twse.com.tw/mops/web/ajax_t163sb04
上游,晶圓代工與先進封裝,2330,台積電,2015,2,income_statement,營業利益（損失）,163695181,"163,695,181",sii,https://mopsov.twse.com.tw/mops/web/ajax_t163sb04
上游,晶圓代工與先進封裝,2330,台積電,2015,2,income_statement,營業外收入及支出,22695482,"22,695,482",sii,https://mopsov.twse.com.tw/mops/web/ajax_t163sb04
上游,晶圓代工與先進封裝,2330,台積電,2015,2,income_statement,稅前淨利（淨損）,186390663,"186,390,663",sii,https://mopsov.twse.com.tw/mops/web/ajax_t163sb04
上游,晶圓代工與先進封裝,2330,台積電,2015,2,income_statement,所得稅費用（利益）,27993851,"27,993,851",sii,https://mopsov.twse.com.tw/mops/web/ajax_t163sb04
上游,晶圓代工與先進封裝,2330,台積電,2015,2,income_statement,繼續營業單位本期淨利（淨損）,158396812,"158,396,812",sii,https://mopsov.twse.com.tw/mops/web/ajax_t163sb04
上游,晶圓代工與先進封裝,2330,台積電,2015,2,income_statement,停業單位損益,,--,sii,https://mopsov.twse.com.tw/mops/web/ajax_t163sb04
上游,晶圓代工與先進封裝,2330,台積電,2015,2,income_statement,合併前非屬共同控制股權損益,,--,sii,https://mopsov.twse.com.tw/mops/web/ajax_t163sb04
上游,晶圓代工與先進封裝,2330,台積電,2015,2,income_statement,本期淨利（淨損）,158396812,"158,396,812",sii,https://mopsov.twse.com.tw/mops/web/ajax_t163sb04
上游,晶圓代工與先進封裝,2330,台積電,2015,2,income_statement,其他綜合損益（淨額）,-21904964,"-21,904,964",sii,https://mopsov.twse.com.tw/mops/web/ajax_t163sb04
上游,晶圓代工與先進封裝,2330,台積電,2015,2,income_statement,合併前非屬共同控制股權綜合損益淨額,,--,sii,https://mopsov.twse.com.tw/mops/web/ajax_t163sb04
上游,晶圓代工與先進封裝,2330,台積電,2015,2,income_statement,本期綜合損益總額,136491848,"136,491,848",sii,https://mopsov.twse.com.tw/mops/web/ajax_t163sb04
上游,晶圓代工與先進封裝,2330,台積電,2015,2,income_statement,淨利（淨損）歸屬於母公司業主,158407425,"158,407,425",sii,https://mopsov.twse.com.tw/mops/web/ajax_t163sb04
上游,晶圓代工與先進封裝,2330,台積電,2015,2,income_statement,淨利（淨損）歸屬於共同控制下前手權益,,--,sii,https://mopsov.twse.com.tw/mops/web/ajax_t163sb04
上游,晶圓代工與先進封裝,2330,台積電,2015,2,income_statement,淨利（淨損）歸屬於非控制權益,-10613,"-10,613",sii,https://mopsov.twse.com.tw/mops/web/ajax_t163sb04
上游,晶圓代工與先進封裝,2330,台積電,2015,2,income_statement,綜合損益總額歸屬於母公司業主,136512533,"136,512,533",sii,https://mopsov.twse.com.tw/mops/web/ajax_t163sb04
上游,晶圓代工與先進封裝,2330,台積電,2015,2,income_statement,綜合損益總額歸屬於共同控制下前手權益,,--,sii,https://mopsov.twse.com.tw/mops/web/ajax_t163sb04
上游,晶圓代工與先進封裝,2330,台積電,2015,2,income_statement,綜合損益總額歸屬於非控制權益,-20685,"-20,685",sii,https://mopsov.twse.com.tw/mops/web/ajax_t163sb04
上游,晶圓代工與先進封裝,2330,台積電,2015,2,income_statement,基本每股盈餘（元）,6.11,6.11,sii,https://mopsov.twse.com.tw/mops/web/ajax_t163sb04
上游,晶圓代工與先進封裝,2330,台積電,2015,2,balance_sheet,流動資產,731368790,"731,368,790",sii,https://mopsov.twse.com.tw/mops/web/ajax_t163sb05
上游,晶圓代工與先進封裝,2330,台積電,2015,2,balance_sheet,非流動資產,877484276,"877,484,276",sii,https://mopsov.twse.com.tw/mops/web/ajax_t163sb05
上游,晶圓代工與先進封裝,2330,台積電,2015,2,balance_sheet,資產總計,1608853066,"1,608,853,066",sii,https://mopsov.twse.com.tw/mops/web/ajax_t163sb05
上游,晶圓代工與先進封裝,2330,台積電,2015,2,balance_sheet,流動負債,309379741,"309,379,741",sii,https://mopsov.twse.com.tw/mops/web/ajax_t163sb05
上游,晶圓代工與先進封裝,2330,台積電,2015,2,balance_sheet,非流動負債,232845770,"232,845,770",sii,https://mopsov.twse.com.tw/mops/web/ajax_t163sb05
上游,晶圓代工與先進封裝,2330,台積電,2015,2,balance_sheet,負債總額,542225511,"542,225,511",sii,https://mopsov.twse.com.tw/mops/web/ajax_t163sb05
上游,晶圓代工與先進封裝,2330,台積電,2015,2,balance_sheet,股本,259303805,"259,303,805",sii,https://mopsov.twse.com.tw/mops/web/ajax_t163sb05
上游,晶圓代工與先進封裝,2330,台積電,2015,2,balance_sheet,資本公積,56532959,"56,532,959",sii,https://mopsov.twse.com.tw/mops/web/ajax_t163sb05
上游,晶圓代工與先進封裝,2330,台積電,2015,2,balance_sheet,保留盈餘,746889218,"746,889,218",sii,https://mopsov.twse.com.tw/mops/web/ajax_t163sb05
上游,晶圓代工與先進封裝,2330,台積電,2015,2,balance_sheet,其他權益,3854399,"3,854,399",sii,https://mopsov.twse.com.tw/mops/web/ajax_t163sb05
上游,晶圓代工與先進封裝,2330,台積電,2015,2,balance_sheet,庫藏股票,,--,sii,https://mopsov.twse.com.tw/mops/web/ajax_t163sb05
上游,晶圓代工與先進封裝,2330,台積電,2015,2,balance_sheet,歸屬於母公司業主之權益合計,1066580381,"1,066,580,381",sii,https://mopsov.twse.com.tw/mops/web/ajax_t163sb05
上游,晶圓代工與先進封裝,2330,台積電,2015,2,balance_sheet,共同控制下前手權益,,--,sii,https://mopsov.twse.com.tw/mops/web/ajax_t163sb05
上游,晶圓代工與先進封裝,2330,台積電,2015,2,balance_sheet,合併前非屬共同控制股權,,--,sii,https://mopsov.twse.com.tw/mops/web/ajax_t163sb05
上游,晶圓代工與先進封裝,2330,台積電,2015,2,balance_sheet,非控制權益,47174,"47,174",sii,https://mopsov.twse.com.tw/mops/web/ajax_t163sb05
上游,晶圓代工與先進封裝,2330,台積電,2015,2,balance_sheet,權益總額,1066627555,"1,066,627,555",sii,https://mopsov.twse.com.tw/mops/web/ajax_t163sb05
上游,晶圓代工與先進封裝,2330,台積電,2015,2,balance_sheet,待註銷股本股數（單位：股）,0,0,sii,https://mopsov.twse.com.tw/mops/web/ajax_t163sb05
上游,晶圓代工與先進封裝,2330,台積電,2015,2,balance_sheet,預收股款（權益項下）之約當發行股數（單位：股）,0,0,sii,https://mopsov.twse.com.tw/mops/web/ajax_t163sb05
上游,晶圓代工與先進封裝,2330,台積電,2015,2,balance_sheet,母公司暨子公司所持有之母公司庫藏股股數（單位：股）,0,0,sii,https://mopsov.twse.com.tw/mops/web/ajax_t163sb05
上游,晶圓代工與先進封裝,2330,台積電,2015,2,balance_sheet,每股參考淨值,41.13,41.13,sii,https://mopsov.twse.com.tw/mops/web/ajax_t163sb05
上游,晶圓代工與先進封裝,2330,台積電,2015,2,cash_flow,營業活動之淨現金流入（流出）,267067813,"267,067,813",sii,https://mopsov.twse.com.tw/mops/web/ajax_t163sb20
上游,晶圓代工與先進封裝,2330,台積電,2015,2,cash_flow,投資活動之淨現金流入（流出）,-61278131,"-61,278,131",sii,https://mopsov.twse.com.tw/mops/web/ajax_t163sb20
上游,晶圓代工與先進封裝,2330,台積電,2015,2,cash_flow,籌資活動之淨現金流入（流出）,-31574130,"-31,574,130",sii,https://mopsov.twse.com.tw/mops/web/ajax_t163sb20
上游,晶圓代工與先進封裝,2330,台積電,2015,2,cash_flow,匯率變動對現金及約當現金之影響,-3850952,"-3,850,952",sii,https://mopsov.twse.com.tw/mops/web/ajax_t163sb20
上游,晶圓代工與先進封裝,2330,台積電,2015,2,cash_flow,本期現金及約當現金增加（減少）數,170364600,"170,364,600",sii,https://mopsov.twse.com.tw/mops/web/ajax_t163sb20
上游,晶圓代工與先進封裝,2330,台積電,2015,2,cash_flow,期初現金及約當現金餘額,358449029,"358,449,029",sii,https://mopsov.twse.com.tw/mops/web/ajax_t163sb20
上游,晶圓代工與先進封裝,2330,台積電,2015,2,cash_flow,期末現金及約當現金餘額,528813629,"528,813,629",sii,https://mopsov.twse.com.tw/mops/web/ajax_t163sb20
上游,晶圓代工與先進封裝,2330,台積電,2015,3,income_statement,營業收入,639978805,"639,978,805",sii,https://mopsov.twse.com.tw/mops/web/ajax_t163sb04
上游,晶圓代工與先進封裝,2330,台積電,2015,3,income_statement,營業成本,328509564,"328,509,564",sii,https://mopsov.twse.com.tw/mops/web/ajax_t163sb04
上游,晶圓代工與先進封裝,2330,台積電,2015,3,income_statement,營業毛利（毛損）,311469241,"311,469,241",sii,https://mopsov.twse.com.tw/mops/web/ajax_t163sb04
上游,晶圓代工與先進封裝,2330,台積電,2015,3,income_statement,未實現銷貨（損）益,,--,sii,https://mopsov.twse.com.tw/mops/web/ajax_t163sb04
上游,晶圓代工與先進封裝,2330,台積電,2015,3,income_statement,已實現銷貨（損）益,735,735,sii,https://mopsov.twse.com.tw/mops/web/ajax_t163sb04
上游,晶圓代工與先進封裝,2330,台積電,2015,3,income_statement,營業毛利（毛損）淨額,311469976,"311,469,976",sii,https://mopsov.twse.com.tw/mops/web/ajax_t163sb04
上游,晶圓代工與先進封裝,2330,台積電,2015,3,income_statement,營業費用,67253888,"67,253,888",sii,https://mopsov.twse.com.tw/mops/web/ajax_t163sb04
上游,晶圓代工與先進封裝,2330,台積電,2015,3,income_statement,其他收益及費損淨額,-2131983,"-2,131,983",sii,https://mopsov.twse.com.tw/mops/web/ajax_t163sb04
上游,晶圓代工與先進封裝,2330,台積電,2015,3,income_statement,營業利益（損失）,242084105,"242,084,105",sii,https://mopsov.twse.com.tw/mops/web/ajax_t163sb04
上游,晶圓代工與先進封裝,2330,台積電,2015,3,income_statement,營業外收入及支出,27701177,"27,701,177",sii,https://mopsov.twse.com.tw/mops/web/ajax_t163sb04
上游,晶圓代工與先進封裝,2330,台積電,2015,3,income_statement,稅前淨利（淨損）,269785282,"269,785,282",sii,https://mopsov.twse.com.tw/mops/web/ajax_t163sb04
上游,晶圓代工與先進封裝,2330,台積電,2015,3,income_statement,所得稅費用（利益）,36071170,"36,071,170",sii,https://mopsov.twse.com.tw/mops/web/ajax_t163sb04
上游,晶圓代工與先進封裝,2330,台積電,2015,3,income_statement,繼續營業單位本期淨利（淨損）,233714112,"233,714,112",sii,https://mopsov.twse.com.tw/mops/web/ajax_t163sb04
上游,晶圓代工與先進封裝,2330,台積電,2015,3,income_statement,停業單位損益,,--,sii,https://mopsov.twse.com.tw/mops/web/ajax_t163sb04
上游,晶圓代工與先進封裝,2330,台積電,2015,3,income_statement,合併前非屬共同控制股權損益,,--,sii,https://mopsov.twse.com.tw/mops/web/ajax_t163sb04
上游,晶圓代工與先進封裝,2330,台積電,2015,3,income_statement,本期淨利（淨損）,233714112,"233,714,112",sii,https://mopsov.twse.com.tw/mops/web/ajax_t163sb04
上游,晶圓代工與先進封裝,2330,台積電,2015,3,income_statement,其他綜合損益（淨額）,-12620649,"-12,620,649",sii,https://mopsov.twse.com.tw/mops/web/ajax_t163sb04
上游,晶圓代工與先進封裝,2330,台積電,2015,3,income_statement,合併前非屬共同控制股權綜合損益淨額,,--,sii,https://mopsov.twse.com.tw/mops/web/ajax_t163sb04
上游,晶圓代工與先進封裝,2330,台積電,2015,3,income_statement,本期綜合損益總額,221093463,"221,093,463",sii,https://mopsov.twse.com.tw/mops/web/ajax_t163sb04
上游,晶圓代工與先進封裝,2330,台積電,2015,3,income_statement,淨利（淨損）歸屬於母公司業主,233736649,"233,736,649",sii,https://mopsov.twse.com.tw/mops/web/ajax_t163sb04
上游,晶圓代工與先進封裝,2330,台積電,2015,3,income_statement,淨利（淨損）歸屬於共同控制下前手權益,,--,sii,https://mopsov.twse.com.tw/mops/web/ajax_t163sb04
上游,晶圓代工與先進封裝,2330,台積電,2015,3,income_statement,淨利（淨損）歸屬於非控制權益,-22537,"-22,537",sii,https://mopsov.twse.com.tw/mops/web/ajax_t163sb04
上游,晶圓代工與先進封裝,2330,台積電,2015,3,income_statement,綜合損益總額歸屬於母公司業主,221125549,"221,125,549",sii,https://mopsov.twse.com.tw/mops/web/ajax_t163sb04
上游,晶圓代工與先進封裝,2330,台積電,2015,3,income_statement,綜合損益總額歸屬於共同控制下前手權益,,--,sii,https://mopsov.twse.com.tw/mops/web/ajax_t163sb04
上游,晶圓代工與先進封裝,2330,台積電,2015,3,income_statement,綜合損益總額歸屬於非控制權益,-32086,"-32,086",sii,https://mopsov.twse.com.tw/mops/web/ajax_t163sb04
上游,晶圓代工與先進封裝,2330,台積電,2015,3,income_statement,基本每股盈餘（元）,9.01,9.01,sii,https://mopsov.twse.com.tw/mops/web/ajax_t163sb04
上游,晶圓代工與先進封裝,2330,台積電,2015,3,balance_sheet,流動資產,693661496,"693,661,496",sii,https://mopsov.twse.com.tw/mops/web/ajax_t163sb05
上游,晶圓代工與先進封裝,2330,台積電,2015,3,balance_sheet,非流動資產,882557314,"882,557,314",sii,https://mopsov.twse.com.tw/mops/web/ajax_t163sb05
上游,晶圓代工與先進封裝,2330,台積電,2015,3,balance_sheet,資產總計,1576218810,"1,576,218,810",sii,https://mopsov.twse.com.tw/mops/web/ajax_t163sb05
上游,晶圓代工與先進封裝,2330,台積電,2015,3,balance_sheet,流動負債,201689370,"201,689,370",sii,https://mopsov.twse.com.tw/mops/web/ajax_t163sb05
上游,晶圓代工與先進封裝,2330,台積電,2015,3,balance_sheet,非流動負債,223534496,"223,534,496",sii,https://mopsov.twse.com.tw/mops/web/ajax_t163sb05
上游,晶圓代工與先進封裝,2330,台積電,2015,3,balance_sheet,負債總額,425223866,"425,223,866",sii,https://mopsov.twse.com.tw/mops/web/ajax_t163sb05
上游,晶圓代工與先進封裝,2330,台積電,2015,3,balance_sheet,股本,259303805,"259,303,805",sii,https://mopsov.twse.com.tw/mops/web/ajax_t163sb05
上游,晶圓代工與先進封裝,2330,台積電,2015,3,balance_sheet,資本公積,56298728,"56,298,728",sii,https://mopsov.twse.com.tw/mops/web/ajax_t163sb05
上游,晶圓代工與先進封裝,2330,台積電,2015,3,balance_sheet,保留盈餘,822218442,"822,218,442",sii,https://mopsov.twse.com.tw/mops/web/ajax_t163sb05
上游,晶圓代工與先進封裝,2330,台積電,2015,3,balance_sheet,其他權益,13138191,"13,138,191",sii,https://mopsov.twse.com.tw/mops/web/ajax_t163sb05
上游,晶圓代工與先進封裝,2330,台積電,2015,3,balance_sheet,庫藏股票,,--,sii,https://mopsov.twse.com.tw/mops/web/ajax_t163sb05
上游,晶圓代工與先進封裝,2330,台積電,2015,3,balance_sheet,歸屬於母公司業主之權益合計,1150959166,"1,150,959,166",sii,https://mopsov.twse.com.tw/mops/web/ajax_t163sb05
上游,晶圓代工與先進封裝,2330,台積電,2015,3,balance_sheet,共同控制下前手權益,,--,sii,https://mopsov.twse.com.tw/mops/web/ajax_t163sb05
上游,晶圓代工與先進封裝,2330,台積電,2015,3,balance_sheet,合併前非屬共同控制股權,,--,sii,https://mopsov.twse.com.tw/mops/web/ajax_t163sb05
上游,晶圓代工與先進封裝,2330,台積電,2015,3,balance_sheet,非控制權益,35778,"35,778",sii,https://mopsov.twse.com.tw/mops/web/ajax_t163sb05
上游,晶圓代工與先進封裝,2330,台積電,2015,3,balance_sheet,權益總額,1150994944,"1,150,994,944",sii,https://mopsov.twse.com.tw/mops/web/ajax_t163sb05
上游,晶圓代工與先進封裝,2330,台積電,2015,3,balance_sheet,待註銷股本股數（單位：股）,0,0,sii,https://mopsov.twse.com.tw/mops/web/ajax_t163sb05
上游,晶圓代工與先進封裝,2330,台積電,2015,3,balance_sheet,預收股款（權益項下）之約當發行股數（單位：股）,0,0,sii,https://mopsov.twse.com.tw/mops/web/ajax_t163sb05
上游,晶圓代工與先進封裝,2330,台積電,2015,3,balance_sheet,母公司暨子公司所持有之母公司庫藏股股數（單位：股）,0,0,sii,https://mopsov.twse.com.tw/mops/web/ajax_t163sb05
上游,晶圓代工與先進封裝,2330,台積電,2015,3,balance_sheet,每股參考淨值,44.39,44.39,sii,https://mopsov.twse.com.tw/mops/web/ajax_t163sb05
上游,晶圓代工與先進封裝,2330,台積電,2015,3,cash_flow,營業活動之淨現金流入（流出）,385207252,"385,207,252",sii,https://mopsov.twse.com.tw/mops/web/ajax_t163sb20
上游,晶圓代工與先進封裝,2330,台積電,2015,3,cash_flow,投資活動之淨現金流入（流出）,-116065652,"-116,065,652",sii,https://mopsov.twse.com.tw/mops/web/ajax_t163sb20
上游,晶圓代工與先進封裝,2330,台積電,2015,3,cash_flow,籌資活動之淨現金流入（流出）,-122049944,"-122,049,944",sii,https://mopsov.twse.com.tw/mops/web/ajax_t163sb20
上游,晶圓代工與先進封裝,2330,台積電,2015,3,cash_flow,匯率變動對現金及約當現金之影響,10109235,"10,109,235",sii,https://mopsov.twse.com.tw/mops/web/ajax_t163sb20
上游,晶圓代工與先進封裝,2330,台積電,2015,3,cash_flow,本期現金及約當現金增加（減少）數,157200891,"157,200,891",sii,https://mopsov.twse.com.tw/mops/web/ajax_t163sb20
上游,晶圓代工與先進封裝,2330,台積電,2015,3,cash_flow,期初現金及約當現金餘額,358449029,"358,449,029",sii,https://mopsov.twse.com.tw/mops/web/ajax_t163sb20
上游,晶圓代工與先進封裝,2330,台積電,2015,3,cash_flow,期末現金及約當現金餘額,515649920,"515,649,920",sii,https://mopsov.twse.com.tw/mops/web/ajax_t163sb20
上游,晶圓代工與先進封裝,2330,台積電,2015,4,income_statement,營業收入,843497368,"843,497,368",sii,https://mopsov.twse.com.tw/mops/web/ajax_t163sb04
上游,晶圓代工與先進封裝,2330,台積電,2015,4,income_statement,營業成本,433117601,"433,117,601",sii,https://mopsov.twse.com.tw/mops/web/ajax_t163sb04
上游,晶圓代工與先進封裝,2330,台積電,2015,4,income_statement,營業毛利（毛損）,410379767,"410,379,767",sii,https://mopsov.twse.com.tw/mops/web/ajax_t163sb04
上游,晶圓代工與先進封裝,2330,台積電,2015,4,income_statement,未實現銷貨（損）益,,--,sii,https://mopsov.twse.com.tw/mops/web/ajax_t163sb04
上游,晶圓代工與先進封裝,2330,台積電,2015,4,income_statement,已實現銷貨（損）益,15126,"15,126",sii,https://mopsov.twse.com.tw/mops/web/ajax_t163sb04
上游,晶圓代工與先進封裝,2330,台積電,2015,4,income_statement,營業毛利（毛損）淨額,410394893,"410,394,893",sii,https://mopsov.twse.com.tw/mops/web/ajax_t163sb04
上游,晶圓代工與先進封裝,2330,台積電,2015,4,income_statement,營業費用,88466500,"88,466,500",sii,https://mopsov.twse.com.tw/mops/web/ajax_t163sb04
上游,晶圓代工與先進封裝,2330,台積電,2015,4,income_statement,其他收益及費損淨額,-1880618,"-1,880,618",sii,https://mopsov.twse.com.tw/mops/web/ajax_t163sb04
上游,晶圓代工與先進封裝,2330,台積電,2015,4,income_statement,營業利益（損失）,320047775,"320,047,775",sii,https://mopsov.twse.com.tw/mops/web/ajax_t163sb04
上游,晶圓代工與先進封裝,2330,台積電,2015,4,income_statement,營業外收入及支出,30381136,"30,381,136",sii,https://mopsov.twse.com.tw/mops/web/ajax_t163sb04
上游,晶圓代工與先進封裝,2330,台積電,2015,4,income_statement,稅前淨利（淨損）,350428911,"350,428,911",sii,https://mopsov.twse.com.tw/mops/web/ajax_t163sb04
上游,晶圓代工與先進封裝,2330,台積電,2015,4,income_statement,所得稅費用（利益）,43872744,"43,872,744",sii,https://mopsov.twse.com.tw/mops/web/ajax_t163sb04
上游,晶圓代工與先進封裝,2330,台積電,2015,4,income_statement,繼續營業單位本期淨利（淨損）,306556167,"306,556,167",sii,https://mopsov.twse.com.tw/mops/web/ajax_t163sb04
上游,晶圓代工與先進封裝,2330,台積電,2015,4,income_statement,停業單位損益,,--,sii,https://mopsov.twse.com.tw/mops/web/ajax_t163sb04
上游,晶圓代工與先進封裝,2330,台積電,2015,4,income_statement,合併前非屬共同控制股權損益,,--,sii,https://mopsov.twse.com.tw/mops/web/ajax_t163sb04
上游,晶圓代工與先進封裝,2330,台積電,2015,4,income_statement,本期淨利（淨損）,306556167,"306,556,167",sii,https://mopsov.twse.com.tw/mops/web/ajax_t163sb04
上游,晶圓代工與先進封裝,2330,台積電,2015,4,income_statement,其他綜合損益（淨額）,-14714182,"-14,714,182",sii,https://mopsov.twse.com.tw/mops/web/ajax_t163sb04
上游,晶圓代工與先進封裝,2330,台積電,2015,4,income_statement,合併前非屬共同控制股權綜合損益淨額,,--,sii,https://mopsov.twse.com.tw/mops/web/ajax_t163sb04
上游,晶圓代工與先進封裝,2330,台積電,2015,4,income_statement,本期綜合損益總額,291841985,"291,841,985",sii,https://mopsov.twse.com.tw/mops/web/ajax_t163sb04
上游,晶圓代工與先進封裝,2330,台積電,2015,4,income_statement,淨利（淨損）歸屬於母公司業主,306573837,"306,573,837",sii,https://mopsov.twse.com.tw/mops/web/ajax_t163sb04
上游,晶圓代工與先進封裝,2330,台積電,2015,4,income_statement,淨利（淨損）歸屬於共同控制下前手權益,,--,sii,https://mopsov.twse.com.tw/mops/web/ajax_t163sb04
上游,晶圓代工與先進封裝,2330,台積電,2015,4,income_statement,淨利（淨損）歸屬於非控制權益,-17670,"-17,670",sii,https://mopsov.twse.com.tw/mops/web/ajax_t163sb04
上游,晶圓代工與先進封裝,2330,台積電,2015,4,income_statement,綜合損益總額歸屬於母公司業主,291867757,"291,867,757",sii,https://mopsov.twse.com.tw/mops/web/ajax_t163sb04
上游,晶圓代工與先進封裝,2330,台積電,2015,4,income_statement,綜合損益總額歸屬於共同控制下前手權益,,--,sii,https://mopsov.twse.com.tw/mops/web/ajax_t163sb04
上游,晶圓代工與先進封裝,2330,台積電,2015,4,income_statement,綜合損益總額歸屬於非控制權益,-25772,"-25,772",sii,https://mopsov.twse.com.tw/mops/web/ajax_t163sb04
上游,晶圓代工與先進封裝,2330,台積電,2015,4,income_statement,基本每股盈餘（元）,11.82,11.82,sii,https://mopsov.twse.com.tw/mops/web/ajax_t163sb04
上游,晶圓代工與先進封裝,2330,台積電,2015,4,balance_sheet,流動資產,746743991,"746,743,991",sii,https://mopsov.twse.com.tw/mops/web/ajax_t163sb05
上游,晶圓代工與先進封裝,2330,台積電,2015,4,balance_sheet,非流動資產,910774307,"910,774,307",sii,https://mopsov.twse.com.tw/mops/web/ajax_t163sb05
上游,晶圓代工與先進封裝,2330,台積電,2015,4,balance_sheet,資產總計,1657518298,"1,657,518,298",sii,https://mopsov.twse.com.tw/mops/web/ajax_t163sb05
上游,晶圓代工與先進封裝,2330,台積電,2015,4,balance_sheet,流動負債,212228594,"212,228,594",sii,https://mopsov.twse.com.tw/mops/web/ajax_t163sb05
上游,晶圓代工與先進封裝,2330,台積電,2015,4,balance_sheet,非流動負債,222655225,"222,655,225",sii,https://mopsov.twse.com.tw/mops/web/ajax_t163sb05
上游,晶圓代工與先進封裝,2330,台積電,2015,4,balance_sheet,負債總額,434883819,"434,883,819",sii,https://mopsov.twse.com.tw/mops/web/ajax_t163sb05
上游,晶圓代工與先進封裝,2330,台積電,2015,4,balance_sheet,股本,259303805,"259,303,805",sii,https://mopsov.twse.com.tw/mops/web/ajax_t163sb05
上游,晶圓代工與先進封裝,2330,台積電,2015,4,balance_sheet,資本公積,56300215,"56,300,215",sii,https://mopsov.twse.com.tw/mops/web/ajax_t163sb05
上游,晶圓代工與先進封裝,2330,台積電,2015,4,balance_sheet,保留盈餘,894293586,"894,293,586",sii,https://mopsov.twse.com.tw/mops/web/ajax_t163sb05
上游,晶圓代工與先進封裝,2330,台積電,2015,4,balance_sheet,其他權益,11774113,"11,774,113",sii,https://mopsov.twse.com.tw/mops/web/ajax_t163sb05
上游,晶圓代工與先進封裝,2330,台積電,2015,4,balance_sheet,庫藏股票,,--,sii,https://mopsov.twse.com.tw/mops/web/ajax_t163sb05
上游,晶圓代工與先進封裝,2330,台積電,2015,4,balance_sheet,歸屬於母公司業主之權益合計,1221671719,"1,221,671,719",sii,https://mopsov.twse.com.tw/mops/web/ajax_t163sb05
上游,晶圓代工與先進封裝,2330,台積電,2015,4,balance_sheet,共同控制下前手權益,,--,sii,https://mopsov.twse.com.tw/mops/web/ajax_t163sb05
上游,晶圓代工與先進封裝,2330,台積電,2015,4,balance_sheet,合併前非屬共同控制股權,,--,sii,https://mopsov.twse.com.tw/mops/web/ajax_t163sb05
上游,晶圓代工與先進封裝,2330,台積電,2015,4,balance_sheet,非控制權益,962760,"962,760",sii,https://mopsov.twse.com.tw/mops/web/ajax_t163sb05
上游,晶圓代工與先進封裝,2330,台積電,2015,4,balance_sheet,權益總額,1222634479,"1,222,634,479",sii,https://mopsov.twse.com.tw/mops/web/ajax_t163sb05
上游,晶圓代工與先進封裝,2330,台積電,2015,4,balance_sheet,待註銷股本股數（單位：股）,0,0,sii,https://mopsov.twse.com.tw/mops/web/ajax_t163sb05
上游,晶圓代工與先進封裝,2330,台積電,2015,4,balance_sheet,預收股款（權益項下）之約當發行股數（單位：股）,0,0,sii,https://mopsov.twse.com.tw/mops/web/ajax_t163sb05
上游,晶圓代工與先進封裝,2330,台積電,2015,4,balance_sheet,母公司暨子公司所持有之母公司庫藏股股數（單位：股）,0,0,sii,https://mopsov.twse.com.tw/mops/web/ajax_t163sb05
上游,晶圓代工與先進封裝,2330,台積電,2015,4,balance_sheet,每股參考淨值,47.11,47.11,sii,https://mopsov.twse.com.tw/mops/web/ajax_t163sb05
上游,晶圓代工與先進封裝,2330,台積電,2015,4,cash_flow,營業活動之淨現金流入（流出）,529879438,"529,879,438",sii,https://mopsov.twse.com.tw/mops/web/ajax_t163sb20
上游,晶圓代工與先進封裝,2330,台積電,2015,4,cash_flow,投資活動之淨現金流入（流出）,-217245837,"-217,245,837",sii,https://mopsov.twse.com.tw/mops/web/ajax_t163sb20
上游,晶圓代工與先進封裝,2330,台積電,2015,4,cash_flow,籌資活動之淨現金流入（流出）,-116734029,"-116,734,029",sii,https://mopsov.twse.com.tw/mops/web/ajax_t163sb20
上游,晶圓代工與先進封裝,2330,台積電,2015,4,cash_flow,匯率變動對現金及約當現金之影響,8258851,"8,258,851",sii,https://mopsov.twse.com.tw/mops/web/ajax_t163sb20
上游,晶圓代工與先進封裝,2330,台積電,2015,4,cash_flow,本期現金及約當現金增加（減少）數,204158423,"204,158,423",sii,https://mopsov.twse.com.tw/mops/web/ajax_t163sb20
上游,晶圓代工與先進封裝,2330,台積電,2015,4,cash_flow,期初現金及約當現金餘額,358449029,"358,449,029",sii,https://mopsov.twse.com.tw/mops/web/ajax_t163sb20
上游,晶圓代工與先進封裝,2330,台積電,2015,4,cash_flow,期末現金及約當現金餘額,562607452,"562,607,452",sii,https://mopsov.twse.com.tw/mops/web/ajax_t163sb20
上游,晶圓代工與先進封裝,2330,台積電,2016,1,income_statement,營業收入,203495361,"203,495,361",sii,https://mopsov.twse.com.tw/mops/web/ajax_t163sb04
上游,晶圓代工與先進封裝,2330,台積電,2016,1,income_statement,營業成本,112124894,"112,124,894",sii,https://mopsov.twse.com.tw/mops/web/ajax_t163sb04
上游,晶圓代工與先進封裝,2330,台積電,2016,1,income_statement,營業毛利（毛損）,91370467,"91,370,467",sii,https://mopsov.twse.com.tw/mops/web/ajax_t163sb04
上游,晶圓代工與先進封裝,2330,台積電,2016,1,income_statement,未實現銷貨（損）益,32889,"32,889",sii,https://mopsov.twse.com.tw/mops/web/ajax_t163sb04
上游,晶圓代工與先進封裝,2330,台積電,2016,1,income_statement,已實現銷貨（損）益,,--,sii,https://mopsov.twse.com.tw/mops/web/ajax_t163sb04
上游,晶圓代工與先進封裝,2330,台積電,2016,1,income_statement,營業毛利（毛損）淨額,91337578,"91,337,578",sii,https://mopsov.twse.com.tw/mops/web/ajax_t163sb04
上游,晶圓代工與先進封裝,2330,台積電,2016,1,income_statement,營業費用,20878997,"20,878,997",sii,https://mopsov.twse.com.tw/mops/web/ajax_t163sb04
上游,晶圓代工與先進封裝,2330,台積電,2016,1,income_statement,其他收益及費損淨額,8733,"8,733",sii,https://mopsov.twse.com.tw/mops/web/ajax_t163sb04
上游,晶圓代工與先進封裝,2330,台積電,2016,1,income_statement,營業利益（損失）,70467314,"70,467,314",sii,https://mopsov.twse.com.tw/mops/web/ajax_t163sb04
上游,晶圓代工與先進封裝,2330,台積電,2016,1,income_statement,營業外收入及支出,1788585,"1,788,585",sii,https://mopsov.twse.com.tw/mops/web/ajax_t163sb04
上游,晶圓代工與先進封裝,2330,台積電,2016,1,income_statement,稅前淨利（淨損）,72255899,"72,255,899",sii,https://mopsov.twse.com.tw/mops/web/ajax_t163sb04
上游,晶圓代工與先進封裝,2330,台積電,2016,1,income_statement,所得稅費用（利益）,7463302,"7,463,302",sii,https://mopsov.twse.com.tw/mops/web/ajax_t163sb04
上游,晶圓代工與先進封裝,2330,台積電,2016,1,income_statement,繼續營業單位本期淨利（淨損）,64792597,"64,792,597",sii,https://mopsov.twse.com.tw/mops/web/ajax_t163sb04
上游,晶圓代工與先進封裝,2330,台積電,2016,1,income_statement,停業單位損益,,--,sii,https://mopsov.twse.com.tw/mops/web/ajax_t163sb04
上游,晶圓代工與先進封裝,2330,台積電,2016,1,income_statement,合併前非屬共同控制股權損益,,--,sii,https://mopsov.twse.com.tw/mops/web/ajax_t163sb04
上游,晶圓代工與先進封裝,2330,台積電,2016,1,income_statement,本期淨利（淨損）,64792597,"64,792,597",sii,https://mopsov.twse.com.tw/mops/web/ajax_t163sb04
上游,晶圓代工與先進封裝,2330,台積電,2016,1,income_statement,其他綜合損益（淨額）,-6498162,"-6,498,162",sii,https://mopsov.twse.com.tw/mops/web/ajax_t163sb04
上游,晶圓代工與先進封裝,2330,台積電,2016,1,income_statement,合併前非屬共同控制股權綜合損益淨額,,--,sii,https://mopsov.twse.com.tw/mops/web/ajax_t163sb04
上游,晶圓代工與先進封裝,2330,台積電,2016,1,income_statement,本期綜合損益總額,58294435,"58,294,435",sii,https://mopsov.twse.com.tw/mops/web/ajax_t163sb04
上游,晶圓代工與先進封裝,2330,台積電,2016,1,income_statement,淨利（淨損）歸屬於母公司業主,64781493,"64,781,493",sii,https://mopsov.twse.com.tw/mops/web/ajax_t163sb04
上游,晶圓代工與先進封裝,2330,台積電,2016,1,income_statement,淨利（淨損）歸屬於共同控制下前手權益,,--,sii,https://mopsov.twse.com.tw/mops/web/ajax_t163sb04
上游,晶圓代工與先進封裝,2330,台積電,2016,1,income_statement,淨利（淨損）歸屬於非控制權益,11104,"11,104",sii,https://mopsov.twse.com.tw/mops/web/ajax_t163sb04
上游,晶圓代工與先進封裝,2330,台積電,2016,1,income_statement,綜合損益總額歸屬於母公司業主,58284228,"58,284,228",sii,https://mopsov.twse.com.tw/mops/web/ajax_t163sb04
上游,晶圓代工與先進封裝,2330,台積電,2016,1,income_statement,綜合損益總額歸屬於共同控制下前手權益,,--,sii,https://mopsov.twse.com.tw/mops/web/ajax_t163sb04
上游,晶圓代工與先進封裝,2330,台積電,2016,1,income_statement,綜合損益總額歸屬於非控制權益,10207,"10,207",sii,https://mopsov.twse.com.tw/mops/web/ajax_t163sb04
上游,晶圓代工與先進封裝,2330,台積電,2016,1,income_statement,基本每股盈餘（元）,2.5,2.50,sii,https://mopsov.twse.com.tw/mops/web/ajax_t163sb04
上游,晶圓代工與先進封裝,2330,台積電,2016,1,balance_sheet,流動資產,812491107,"812,491,107",sii,https://mopsov.twse.com.tw/mops/web/ajax_t163sb05
上游,晶圓代工與先進封裝,2330,台積電,2016,1,balance_sheet,非流動資產,914034529,"914,034,529",sii,https://mopsov.twse.com.tw/mops/web/ajax_t163sb05
上游,晶圓代工與先進封裝,2330,台積電,2016,1,balance_sheet,資產總計,1726525636,"1,726,525,636",sii,https://mopsov.twse.com.tw/mops/web/ajax_t163sb05
上游,晶圓代工與先進封裝,2330,台積電,2016,1,balance_sheet,流動負債,235893223,"235,893,223",sii,https://mopsov.twse.com.tw/mops/web/ajax_t163sb05
上游,晶圓代工與先進封裝,2330,台積電,2016,1,balance_sheet,非流動負債,209686337,"209,686,337",sii,https://mopsov.twse.com.tw/mops/web/ajax_t163sb05
上游,晶圓代工與先進封裝,2330,台積電,2016,1,balance_sheet,負債總額,445579560,"445,579,560",sii,https://mopsov.twse.com.tw/mops/web/ajax_t163sb05
上游,晶圓代工與先進封裝,2330,台積電,2016,1,balance_sheet,股本,259303805,"259,303,805",sii,https://mopsov.twse.com.tw/mops/web/ajax_t163sb05
上游,晶圓代工與先進封裝,2330,台積電,2016,1,balance_sheet,資本公積,56317375,"56,317,375",sii,https://mopsov.twse.com.tw/mops/web/ajax_t163sb05
上游,晶圓代工與先進封裝,2330,台積電,2016,1,balance_sheet,保留盈餘,959075079,"959,075,079",sii,https://mopsov.twse.com.tw/mops/web/ajax_t163sb05
上游,晶圓代工與先進封裝,2330,台積電,2016,1,balance_sheet,其他權益,5276848,"5,276,848",sii,https://mopsov.twse.com.tw/mops/web/ajax_t163sb05
上游,晶圓代工與先進封裝,2330,台積電,2016,1,balance_sheet,庫藏股票,,--,sii,https://mopsov.twse.com.tw/mops/web/ajax_t163sb05
上游,晶圓代工與先進封裝,2330,台積電,2016,1,balance_sheet,歸屬於母公司業主之權益合計,1279973107,"1,279,973,107",sii,https://mopsov.twse.com.tw/mops/web/ajax_t163sb05
上游,晶圓代工與先進封裝,2330,台積電,2016,1,balance_sheet,共同控制下前手權益,,--,sii,https://mopsov.twse.com.tw/mops/web/ajax_t163sb05
上游,晶圓代工與先進封裝,2330,台積電,2016,1,balance_sheet,合併前非屬共同控制股權,,--,sii,https://mopsov.twse.com.tw/mops/web/ajax_t163sb05
上游,晶圓代工與先進封裝,2330,台積電,2016,1,balance_sheet,非控制權益,972969,"972,969",sii,https://mopsov.twse.com.tw/mops/web/ajax_t163sb05
上游,晶圓代工與先進封裝,2330,台積電,2016,1,balance_sheet,權益總額,1280946076,"1,280,946,076",sii,https://mopsov.twse.com.tw/mops/web/ajax_t163sb05
上游,晶圓代工與先進封裝,2330,台積電,2016,1,balance_sheet,待註銷股本股數（單位：股）,0,0,sii,https://mopsov.twse.com.tw/mops/web/ajax_t163sb05
上游,晶圓代工與先進封裝,2330,台積電,2016,1,balance_sheet,預收股款（權益項下）之約當發行股數（單位：股）,0,0,sii,https://mopsov.twse.com.tw/mops/web/ajax_t163sb05
上游,晶圓代工與先進封裝,2330,台積電,2016,1,balance_sheet,母公司暨子公司所持有之母公司庫藏股股數（單位：股）,0,0,sii,https://mopsov.twse.com.tw/mops/web/ajax_t163sb05
上游,晶圓代工與先進封裝,2330,台積電,2016,1,balance_sheet,每股參考淨值,49.36,49.36,sii,https://mopsov.twse.com.tw/mops/web/ajax_t163sb05
上游,晶圓代工與先進封裝,2330,台積電,2016,1,cash_flow,營業活動之淨現金流入（流出）,121528853,"121,528,853",sii,https://mopsov.twse.com.tw/mops/web/ajax_t163sb20
上游,晶圓代工與先進封裝,2330,台積電,2016,1,cash_flow,投資活動之淨現金流入（流出）,-55347367,"-55,347,367",sii,https://mopsov.twse.com.tw/mops/web/ajax_t163sb20
上游,晶圓代工與先進封裝,2330,台積電,2016,1,cash_flow,籌資活動之淨現金流入（流出）,-4806832,"-4,806,832",sii,https://mopsov.twse.com.tw/mops/web/ajax_t163sb20
上游,晶圓代工與先進封裝,2330,台積電,2016,1,cash_flow,匯率變動對現金及約當現金之影響,-6079266,"-6,079,266",sii,https://mopsov.twse.com.tw/mops/web/ajax_t163sb20
上游,晶圓代工與先進封裝,2330,台積電,2016,1,cash_flow,本期現金及約當現金增加（減少）數,55295388,"55,295,388",sii,https://mopsov.twse.com.tw/mops/web/ajax_t163sb20
上游,晶圓代工與先進封裝,2330,台積電,2016,1,cash_flow,期初現金及約當現金餘額,562688930,"562,688,930",sii,https://mopsov.twse.com.tw/mops/web/ajax_t163sb20
上游,晶圓代工與先進封裝,2330,台積電,2016,1,cash_flow,期末現金及約當現金餘額,617984318,"617,984,318",sii,https://mopsov.twse.com.tw/mops/web/ajax_t163sb20
上游,晶圓代工與先進封裝,2330,台積電,2016,2,income_statement,營業收入,425305207,"425,305,207",sii,https://mopsov.twse.com.tw/mops/web/ajax_t163sb04
上游,晶圓代工與先進封裝,2330,台積電,2016,2,income_statement,營業成本,219593495,"219,593,495",sii,https://mopsov.twse.com.tw/mops/web/ajax_t163sb04
上游,晶圓代工與先進封裝,2330,台積電,2016,2,income_statement,營業毛利（毛損）,205711712,"205,711,712",sii,https://mopsov.twse.com.tw/mops/web/ajax_t163sb04
上游,晶圓代工與先進封裝,2330,台積電,2016,2,income_statement,未實現銷貨（損）益,39898,"39,898",sii,https://mopsov.twse.com.tw/mops/web/ajax_t163sb04
上游,晶圓代工與先進封裝,2330,台積電,2016,2,income_statement,已實現銷貨（損）益,,--,sii,https://mopsov.twse.com.tw/mops/web/ajax_t163sb04
上游,晶圓代工與先進封裝,2330,台積電,2016,2,income_statement,營業毛利（毛損）淨額,205671814,"205,671,814",sii,https://mopsov.twse.com.tw/mops/web/ajax_t163sb04
上游,晶圓代工與先進封裝,2330,台積電,2016,2,income_statement,營業費用,43886637,"43,886,637",sii,https://mopsov.twse.com.tw/mops/web/ajax_t163sb04
上游,晶圓代工與先進封裝,2330,台積電,2016,2,income_statement,其他收益及費損淨額,3138,"3,138",sii,https://mopsov.twse.com.tw/mops/web/ajax_t163sb04
上游,晶圓代工與先進封裝,2330,台積電,2016,2,income_statement,營業利益（損失）,161788315,"161,788,315",sii,https://mopsov.twse.com.tw/mops/web/ajax_t163sb04
上游,晶圓代工與先進封裝,2330,台積電,2016,2,income_statement,營業外收入及支出,3873975,"3,873,975",sii,https://mopsov.twse.com.tw/mops/web/ajax_t163sb04
上游,晶圓代工與先進封裝,2330,台積電,2016,2,income_statement,稅前淨利（淨損）,165662290,"165,662,290",sii,https://mopsov.twse.com.tw/mops/web/ajax_t163sb04
上游,晶圓代工與先進封裝,2330,台積電,2016,2,income_statement,所得稅費用（利益）,28341414,"28,341,414",sii,https://mopsov.twse.com.tw/mops/web/ajax_t163sb04
上游,晶圓代工與先進封裝,2330,台積電,2016,2,income_statement,繼續營業單位本期淨利（淨損）,137320876,"137,320,876",sii,https://mopsov.twse.com.tw/mops/web/ajax_t163sb04
上游,晶圓代工與先進封裝,2330,台積電,2016,2,income_statement,停業單位損益,,--,sii,https://mopsov.twse.com.tw/mops/web/ajax_t163sb04
上游,晶圓代工與先進封裝,2330,台積電,2016,2,income_statement,合併前非屬共同控制股權損益,,--,sii,https://mopsov.twse.com.tw/mops/web/ajax_t163sb04
上游,晶圓代工與先進封裝,2330,台積電,2016,2,income_statement,本期淨利（淨損）,137320876,"137,320,876",sii,https://mopsov.twse.com.tw/mops/web/ajax_t163sb04
上游,晶圓代工與先進封裝,2330,台積電,2016,2,income_statement,其他綜合損益（淨額）,-6888975,"-6,888,975",sii,https://mopsov.twse.com.tw/mops/web/ajax_t163sb04
上游,晶圓代工與先進封裝,2330,台積電,2016,2,income_statement,合併前非屬共同控制股權綜合損益淨額,,--,sii,https://mopsov.twse.com.tw/mops/web/ajax_t163sb04
上游,晶圓代工與先進封裝,2330,台積電,2016,2,income_statement,本期綜合損益總額,130431901,"130,431,901",sii,https://mopsov.twse.com.tw/mops/web/ajax_t163sb04
上游,晶圓代工與先進封裝,2330,台積電,2016,2,income_statement,淨利（淨損）歸屬於母公司業主,137287814,"137,287,814",sii,https://mopsov.twse.com.tw/mops/web/ajax_t163sb04
上游,晶圓代工與先進封裝,2330,台積電,2016,2,income_statement,淨利（淨損）歸屬於共同控制下前手權益,,--,sii,https://mopsov.twse.com.tw/mops/web/ajax_t163sb04
上游,晶圓代工與先進封裝,2330,台積電,2016,2,income_statement,淨利（淨損）歸屬於非控制權益,33062,"33,062",sii,https://mopsov.twse.com.tw/mops/web/ajax_t163sb04
上游,晶圓代工與先進封裝,2330,台積電,2016,2,income_statement,綜合損益總額歸屬於母公司業主,130401775,"130,401,775",sii,https://mopsov.twse.com.tw/mops/web/ajax_t163sb04
上游,晶圓代工與先進封裝,2330,台積電,2016,2,income_statement,綜合損益總額歸屬於共同控制下前手權益,,--,sii,https://mopsov.twse.com.tw/mops/web/ajax_t163sb04
上游,晶圓代工與先進封裝,2330,台積電,2016,2,income_statement,綜合損益總額歸屬於非控制權益,30126,"30,126",sii,https://mopsov.twse.com.tw/mops/web/ajax_t163sb04
上游,晶圓代工與先進封裝,2330,台積電,2016,2,income_statement,基本每股盈餘（元）,5.29,5.29,sii,https://mopsov.twse.com.tw/mops/web/ajax_t163sb04
上游,晶圓代工與先進封裝,2330,台積電,2016,2,balance_sheet,流動資產,852525071,"852,525,071",sii,https://mopsov.twse.com.tw/mops/web/ajax_t163sb05
上游,晶圓代工與先進封裝,2330,台積電,2016,2,balance_sheet,非流動資產,951966489,"951,966,489",sii,https://mopsov.twse.com.tw/mops/web/ajax_t163sb05
上游,晶圓代工與先進封裝,2330,台積電,2016,2,balance_sheet,資產總計,1804491560,"1,804,491,560",sii,https://mopsov.twse.com.tw/mops/web/ajax_t163sb05
上游,晶圓代工與先進封裝,2330,台積電,2016,2,balance_sheet,流動負債,398739054,"398,739,054",sii,https://mopsov.twse.com.tw/mops/web/ajax_t163sb05
上游,晶圓代工與先進封裝,2330,台積電,2016,2,balance_sheet,非流動負債,208421528,"208,421,528",sii,https://mopsov.twse.com.tw/mops/web/ajax_t163sb05
上游,晶圓代工與先進封裝,2330,台積電,2016,2,balance_sheet,負債總額,607160582,"607,160,582",sii,https://mopsov.twse.com.tw/mops/web/ajax_t163sb05
上游,晶圓代工與先進封裝,2330,台積電,2016,2,balance_sheet,股本,259303805,"259,303,805",sii,https://mopsov.twse.com.tw/mops/web/ajax_t163sb05
上游,晶圓代工與先進封裝,2330,台積電,2016,2,balance_sheet,資本公積,56263141,"56,263,141",sii,https://mopsov.twse.com.tw/mops/web/ajax_t163sb05
上游,晶圓代工與先進封裝,2330,台積電,2016,2,balance_sheet,保留盈餘,875999117,"875,999,117",sii,https://mopsov.twse.com.tw/mops/web/ajax_t163sb05
上游,晶圓代工與先進封裝,2330,台積電,2016,2,balance_sheet,其他權益,4888074,"4,888,074",sii,https://mopsov.twse.com.tw/mops/web/ajax_t163sb05
上游,晶圓代工與先進封裝,2330,台積電,2016,2,balance_sheet,庫藏股票,,--,sii,https://mopsov.twse.com.tw/mops/web/ajax_t163sb05
上游,晶圓代工與先進封裝,2330,台積電,2016,2,balance_sheet,歸屬於母公司業主之權益合計,1196454137,"1,196,454,137",sii,https://mopsov.twse.com.tw/mops/web/ajax_t163sb05
上游,晶圓代工與先進封裝,2330,台積電,2016,2,balance_sheet,共同控制下前手權益,,--,sii,https://mopsov.twse.com.tw/mops/web/ajax_t163sb05
上游,晶圓代工與先進封裝,2330,台積電,2016,2,balance_sheet,合併前非屬共同控制股權,,--,sii,https://mopsov.twse.com.tw/mops/web/ajax_t163sb05
上游,晶圓代工與先進封裝,2330,台積電,2016,2,balance_sheet,非控制權益,876841,"876,841",sii,https://mopsov.twse.com.tw/mops/web/ajax_t163sb05
上游,晶圓代工與先進封裝,2330,台積電,2016,2,balance_sheet,權益總額,1197330978,"1,197,330,978",sii,https://mopsov.twse.com.tw/mops/web/ajax_t163sb05
上游,晶圓代工與先進封裝,2330,台積電,2016,2,balance_sheet,待註銷股本股數（單位：股）,0,0,sii,https://mopsov.twse.com.tw/mops/web/ajax_t163sb05
上游,晶圓代工與先進封裝,2330,台積電,2016,2,balance_sheet,預收股款（權益項下）之約當發行股數（單位：股）,0,0,sii,https://mopsov.twse.com.tw/mops/web/ajax_t163sb05
上游,晶圓代工與先進封裝,2330,台積電,2016,2,balance_sheet,母公司暨子公司所持有之母公司庫藏股股數（單位：股）,0,0,sii,https://mopsov.twse.com.tw/mops/web/ajax_t163sb05
上游,晶圓代工與先進封裝,2330,台積電,2016,2,balance_sheet,每股參考淨值,46.14,46.14,sii,https://mopsov.twse.com.tw/mops/web/ajax_t163sb05
上游,晶圓代工與先進封裝,2330,台積電,2016,2,cash_flow,營業活動之淨現金流入（流出）,228205244,"228,205,244",sii,https://mopsov.twse.com.tw/mops/web/ajax_t163sb20
上游,晶圓代工與先進封裝,2330,台積電,2016,2,cash_flow,投資活動之淨現金流入（流出）,-150053641,"-150,053,641",sii,https://mopsov.twse.com.tw/mops/web/ajax_t163sb20
上游,晶圓代工與先進封裝,2330,台積電,2016,2,cash_flow,籌資活動之淨現金流入（流出）,-12909877,"-12,909,877",sii,https://mopsov.twse.com.tw/mops/web/ajax_t163sb20
上游,晶圓代工與先進封裝,2330,台積電,2016,2,cash_flow,匯率變動對現金及約當現金之影響,-5571354,"-5,571,354",sii,https://mopsov.twse.com.tw/mops/web/ajax_t163sb20
上游,晶圓代工與先進封裝,2330,台積電,2016,2,cash_flow,本期現金及約當現金增加（減少）數,59670372,"59,670,372",sii,https://mopsov.twse.com.tw/mops/web/ajax_t163sb20
上游,晶圓代工與先進封裝,2330,台積電,2016,2,cash_flow,期初現金及約當現金餘額,562688930,"562,688,930",sii,https://mopsov.twse.com.tw/mops/web/ajax_t163sb20
上游,晶圓代工與先進封裝,2330,台積電,2016,2,cash_flow,期末現金及約當現金餘額,622359302,"622,359,302",sii,https://mopsov.twse.com.tw/mops/web/ajax_t163sb20
上游,晶圓代工與先進封裝,2330,台積電,2016,3,income_statement,營業收入,685711092,"685,711,092",sii,https://mopsov.twse.com.tw/mops/web/ajax_t163sb04
上游,晶圓代工與先進封裝,2330,台積電,2016,3,income_statement,營業成本,347960308,"347,960,308",sii,https://mopsov.twse.com.tw/mops/web/ajax_t163sb04
上游,晶圓代工與先進封裝,2330,台積電,2016,3,income_statement,營業毛利（毛損）,337750784,"337,750,784",sii,https://mopsov.twse.com.tw/mops/web/ajax_t163sb04
上游,晶圓代工與先進封裝,2330,台積電,2016,3,income_statement,未實現銷貨（損）益,,--,sii,https://mopsov.twse.com.tw/mops/web/ajax_t163sb04
上游,晶圓代工與先進封裝,2330,台積電,2016,3,income_statement,已實現銷貨（損）益,-28181,"-28,181",sii,https://mopsov.twse.com.tw/mops/web/ajax_t163sb04
上游,晶圓代工與先進封裝,2330,台積電,2016,3,income_statement,營業毛利（毛損）淨額,337722603,"337,722,603",sii,https://mopsov.twse.com.tw/mops/web/ajax_t163sb04
上游,晶圓代工與先進封裝,2330,台積電,2016,3,income_statement,營業費用,69727225,"69,727,225",sii,https://mopsov.twse.com.tw/mops/web/ajax_t163sb04
上游,晶圓代工與先進封裝,2330,台積電,2016,3,income_statement,其他收益及費損淨額,55059,"55,059",sii,https://mopsov.twse.com.tw/mops/web/ajax_t163sb04
上游,晶圓代工與先進封裝,2330,台積電,2016,3,income_statement,營業利益（損失）,268050437,"268,050,437",sii,https://mopsov.twse.com.tw/mops/web/ajax_t163sb04
上游,晶圓代工與先進封裝,2330,台積電,2016,3,income_statement,營業外收入及支出,5861468,"5,861,468",sii,https://mopsov.twse.com.tw/mops/web/ajax_t163sb04
上游,晶圓代工與先進封裝,2330,台積電,2016,3,income_statement,稅前淨利（淨損）,273911905,"273,911,905",sii,https://mopsov.twse.com.tw/mops/web/ajax_t163sb04
上游,晶圓代工與先進封裝,2330,台積電,2016,3,income_statement,所得稅費用（利益）,39801916,"39,801,916",sii,https://mopsov.twse.com.tw/mops/web/ajax_t163sb04
上游,晶圓代工與先進封裝,2330,台積電,2016,3,income_statement,繼續營業單位本期淨利（淨損）,234109989,"234,109,989",sii,https://mopsov.twse.com.tw/mops/web/ajax_t163sb04
上游,晶圓代工與先進封裝,2330,台積電,2016,3,income_statement,停業單位損益,,--,sii,https://mopsov.twse.com.tw/mops/web/ajax_t163sb04
上游,晶圓代工與先進封裝,2330,台積電,2016,3,income_statement,合併前非屬共同控制股權損益,,--,sii,https://mopsov.twse.com.tw/mops/web/ajax_t163sb04
上游,晶圓代工與先進封裝,2330,台積電,2016,3,income_statement,本期淨利（淨損）,234109989,"234,109,989",sii,https://mopsov.twse.com.tw/mops/web/ajax_t163sb04
上游,晶圓代工與先進封裝,2330,台積電,2016,3,income_statement,其他綜合損益（淨額）,-16999140,"-16,999,140",sii,https://mopsov.twse.com.tw/mops/web/ajax_t163sb04
上游,晶圓代工與先進封裝,2330,台積電,2016,3,income_statement,合併前非屬共同控制股權綜合損益淨額,,--,sii,https://mopsov.twse.com.tw/mops/web/ajax_t163sb04
上游,晶圓代工與先進封裝,2330,台積電,2016,3,income_statement,本期綜合損益總額,217110849,"217,110,849",sii,https://mopsov.twse.com.tw/mops/web/ajax_t163sb04
上游,晶圓代工與先進封裝,2330,台積電,2016,3,income_statement,淨利（淨損）歸屬於母公司業主,234046870,"234,046,870",sii,https://mopsov.twse.com.tw/mops/web/ajax_t163sb04
上游,晶圓代工與先進封裝,2330,台積電,2016,3,income_statement,淨利（淨損）歸屬於共同控制下前手權益,,--,sii,https://mopsov.twse.com.tw/mops/web/ajax_t163sb04
上游,晶圓代工與先進封裝,2330,台積電,2016,3,income_statement,淨利（淨損）歸屬於非控制權益,63119,"63,119",sii,https://mopsov.twse.com.tw/mops/web/ajax_t163sb04
上游,晶圓代工與先進封裝,2330,台積電,2016,3,income_statement,綜合損益總額歸屬於母公司業主,217053855,"217,053,855",sii,https://mopsov.twse.com.tw/mops/web/ajax_t163sb04
上游,晶圓代工與先進封裝,2330,台積電,2016,3,income_statement,綜合損益總額歸屬於共同控制下前手權益,,--,sii,https://mopsov.twse.com.tw/mops/web/ajax_t163sb04
上游,晶圓代工與先進封裝,2330,台積電,2016,3,income_statement,綜合損益總額歸屬於非控制權益,56994,"56,994",sii,https://mopsov.twse.com.tw/mops/web/ajax_t163sb04
上游,晶圓代工與先進封裝,2330,台積電,2016,3,income_statement,基本每股盈餘（元）,9.03,9.03,sii,https://mopsov.twse.com.tw/mops/web/ajax_t163sb04
上游,晶圓代工與先進封裝,2330,台積電,2016,3,balance_sheet,流動資產,709591485,"709,591,485",sii,https://mopsov.twse.com.tw/mops/web/ajax_t163sb05
上游,晶圓代工與先進封裝,2330,台積電,2016,3,balance_sheet,非流動資產,1009095278,"1,009,095,278",sii,https://mopsov.twse.com.tw/mops/web/ajax_t163sb05
上游,晶圓代工與先進封裝,2330,台積電,2016,3,balance_sheet,資產總計,1718686763,"1,718,686,763",sii,https://mopsov.twse.com.tw/mops/web/ajax_t163sb05
上游,晶圓代工與先進封裝,2330,台積電,2016,3,balance_sheet,流動負債,257555112,"257,555,112",sii,https://mopsov.twse.com.tw/mops/web/ajax_t163sb05
上游,晶圓代工與先進封裝,2330,台積電,2016,3,balance_sheet,非流動負債,177239002,"177,239,002",sii,https://mopsov.twse.com.tw/mops/web/ajax_t163sb05
上游,晶圓代工與先進封裝,2330,台積電,2016,3,balance_sheet,負債總額,434794114,"434,794,114",sii,https://mopsov.twse.com.tw/mops/web/ajax_t163sb05
上游,晶圓代工與先進封裝,2330,台積電,2016,3,balance_sheet,股本,259303805,"259,303,805",sii,https://mopsov.twse.com.tw/mops/web/ajax_t163sb05
上游,晶圓代工與先進封裝,2330,台積電,2016,3,balance_sheet,資本公積,56269958,"56,269,958",sii,https://mopsov.twse.com.tw/mops/web/ajax_t163sb05
上游,晶圓代工與先進封裝,2330,台積電,2016,3,balance_sheet,保留盈餘,972758173,"972,758,173",sii,https://mopsov.twse.com.tw/mops/web/ajax_t163sb05
上游,晶圓代工與先進封裝,2330,台積電,2016,3,balance_sheet,其他權益,-5218902,"-5,218,902",sii,https://mopsov.twse.com.tw/mops/web/ajax_t163sb05
上游,晶圓代工與先進封裝,2330,台積電,2016,3,balance_sheet,庫藏股票,,--,sii,https://mopsov.twse.com.tw/mops/web/ajax_t163sb05
上游,晶圓代工與先進封裝,2330,台積電,2016,3,balance_sheet,歸屬於母公司業主之權益合計,1283113034,"1,283,113,034",sii,https://mopsov.twse.com.tw/mops/web/ajax_t163sb05
上游,晶圓代工與先進封裝,2330,台積電,2016,3,balance_sheet,共同控制下前手權益,,--,sii,https://mopsov.twse.com.tw/mops/web/ajax_t163sb05
上游,晶圓代工與先進封裝,2330,台積電,2016,3,balance_sheet,合併前非屬共同控制股權,,--,sii,https://mopsov.twse.com.tw/mops/web/ajax_t163sb05
上游,晶圓代工與先進封裝,2330,台積電,2016,3,balance_sheet,非控制權益,779615,"779,615",sii,https://mopsov.twse.com.tw/mops/web/ajax_t163sb05
上游,晶圓代工與先進封裝,2330,台積電,2016,3,balance_sheet,權益總額,1283892649,"1,283,892,649",sii,https://mopsov.twse.com.tw/mops/web/ajax_t163sb05
上游,晶圓代工與先進封裝,2330,台積電,2016,3,balance_sheet,待註銷股本股數（單位：股）,0,0,sii,https://mopsov.twse.com.tw/mops/web/ajax_t163sb05
上游,晶圓代工與先進封裝,2330,台積電,2016,3,balance_sheet,預收股款（權益項下）之約當發行股數（單位：股）,0,0,sii,https://mopsov.twse.com.tw/mops/web/ajax_t163sb05
上游,晶圓代工與先進封裝,2330,台積電,2016,3,balance_sheet,母公司暨子公司所持有之母公司庫藏股股數（單位：股）,0,0,sii,https://mopsov.twse.com.tw/mops/web/ajax_t163sb05
上游,晶圓代工與先進封裝,2330,台積電,2016,3,balance_sheet,每股參考淨值,49.48,49.48,sii,https://mopsov.twse.com.tw/mops/web/ajax_t163sb05
上游,晶圓代工與先進封裝,2330,台積電,2016,3,cash_flow,營業活動之淨現金流入（流出）,354614803,"354,614,803",sii,https://mopsov.twse.com.tw/mops/web/ajax_t163sb20
上游,晶圓代工與先進封裝,2330,台積電,2016,3,cash_flow,投資活動之淨現金流入（流出）,-256938363,"-256,938,363",sii,https://mopsov.twse.com.tw/mops/web/ajax_t163sb20
上游,晶圓代工與先進封裝,2330,台積電,2016,3,cash_flow,籌資活動之淨現金流入（流出）,-182101586,"-182,101,586",sii,https://mopsov.twse.com.tw/mops/web/ajax_t163sb20
上游,晶圓代工與先進封裝,2330,台積電,2016,3,cash_flow,匯率變動對現金及約當現金之影響,-14292127,"-14,292,127",sii,https://mopsov.twse.com.tw/mops/web/ajax_t163sb20
上游,晶圓代工與先進封裝,2330,台積電,2016,3,cash_flow,本期現金及約當現金增加（減少）數,-98717273,"-98,717,273",sii,https://mopsov.twse.com.tw/mops/web/ajax_t163sb20
上游,晶圓代工與先進封裝,2330,台積電,2016,3,cash_flow,期初現金及約當現金餘額,562688930,"562,688,930",sii,https://mopsov.twse.com.tw/mops/web/ajax_t163sb20
上游,晶圓代工與先進封裝,2330,台積電,2016,3,cash_flow,期末現金及約當現金餘額,463971657,"463,971,657",sii,https://mopsov.twse.com.tw/mops/web/ajax_t163sb20
上游,晶圓代工與先進封裝,2330,台積電,2016,4,income_statement,營業收入,947938344,"947,938,344",sii,https://mopsov.twse.com.tw/mops/web/ajax_t163sb04
上游,晶圓代工與先進封裝,2330,台積電,2016,4,income_statement,營業成本,473077173,"473,077,173",sii,https://mopsov.twse.com.tw/mops/web/ajax_t163sb04
上游,晶圓代工與先進封裝,2330,台積電,2016,4,income_statement,營業毛利（毛損）,474861171,"474,861,171",sii,https://mopsov.twse.com.tw/mops/web/ajax_t163sb04
上游,晶圓代工與先進封裝,2330,台積電,2016,4,income_statement,未實現銷貨（損）益,,--,sii,https://mopsov.twse.com.tw/mops/web/ajax_t163sb04
上游,晶圓代工與先進封裝,2330,台積電,2016,4,income_statement,已實現銷貨（損）益,-29073,"-29,073",sii,https://mopsov.twse.com.tw/mops/web/ajax_t163sb04
上游,晶圓代工與先進封裝,2330,台積電,2016,4,income_statement,營業毛利（毛損）淨額,474832098,"474,832,098",sii,https://mopsov.twse.com.tw/mops/web/ajax_t163sb04
上游,晶圓代工與先進封裝,2330,台積電,2016,4,income_statement,營業費用,96904133,"96,904,133",sii,https://mopsov.twse.com.tw/mops/web/ajax_t163sb04
上游,晶圓代工與先進封裝,2330,台積電,2016,4,income_statement,其他收益及費損淨額,29813,"29,813",sii,https://mopsov.twse.com.tw/mops/web/ajax_t163sb04
上游,晶圓代工與先進封裝,2330,台積電,2016,4,income_statement,營業利益（損失）,377957778,"377,957,778",sii,https://mopsov.twse.com.tw/mops/web/ajax_t163sb04
上游,晶圓代工與先進封裝,2330,台積電,2016,4,income_statement,營業外收入及支出,8001602,"8,001,602",sii,https://mopsov.twse.com.tw/mops/web/ajax_t163sb04
上游,晶圓代工與先進封裝,2330,台積電,2016,4,income_statement,稅前淨利（淨損）,385959380,"385,959,380",sii,https://mopsov.twse.com.tw/mops/web/ajax_t163sb04
上游,晶圓代工與先進封裝,2330,台積電,2016,4,income_statement,所得稅費用（利益）,51621144,"51,621,144",sii,https://mopsov.twse.com.tw/mops/web/ajax_t163sb04
上游,晶圓代工與先進封裝,2330,台積電,2016,4,income_statement,繼續營業單位本期淨利（淨損）,334338236,"334,338,236",sii,https://mopsov.twse.com.tw/mops/web/ajax_t163sb04
上游,晶圓代工與先進封裝,2330,台積電,2016,4,income_statement,停業單位損益,,--,sii,https://mopsov.twse.com.tw/mops/web/ajax_t163sb04
上游,晶圓代工與先進封裝,2330,台積電,2016,4,income_statement,合併前非屬共同控制股權損益,,--,sii,https://mopsov.twse.com.tw/mops/web/ajax_t163sb04
上游,晶圓代工與先進封裝,2330,台積電,2016,4,income_statement,本期淨利（淨損）,334338236,"334,338,236",sii,https://mopsov.twse.com.tw/mops/web/ajax_t163sb04
上游,晶圓代工與先進封裝,2330,台積電,2016,4,income_statement,其他綜合損益（淨額）,-11067189,"-11,067,189",sii,https://mopsov.twse.com.tw/mops/web/ajax_t163sb04
上游,晶圓代工與先進封裝,2330,台積電,2016,4,income_statement,合併前非屬共同控制股權綜合損益淨額,,--,sii,https://mopsov.twse.com.tw/mops/web/ajax_t163sb04
上游,晶圓代工與先進封裝,2330,台積電,2016,4,income_statement,本期綜合損益總額,323271047,"323,271,047",sii,https://mopsov.twse.com.tw/mops/web/ajax_t163sb04
上游,晶圓代工與先進封裝,2330,台積電,2016,4,income_statement,淨利（淨損）歸屬於母公司業主,334247180,"334,247,180",sii,https://mopsov.twse.com.tw/mops/web/ajax_t163sb04
上游,晶圓代工與先進封裝,2330,台積電,2016,4,income_statement,淨利（淨損）歸屬於共同控制下前手權益,,--,sii,https://mopsov.twse.com.tw/mops/web/ajax_t163sb04
上游,晶圓代工與先進封裝,2330,台積電,2016,4,income_statement,淨利（淨損）歸屬於非控制權益,91056,"91,056",sii,https://mopsov.twse.com.tw/mops/web/ajax_t163sb04
上游,晶圓代工與先進封裝,2330,台積電,2016,4,income_statement,綜合損益總額歸屬於母公司業主,323186736,"323,186,736",sii,https://mopsov.twse.com.tw/mops/web/ajax_t163sb04
上游,晶圓代工與先進封裝,2330,台積電,2016,4,income_statement,綜合損益總額歸屬於共同控制下前手權益,,--,sii,https://mopsov.twse.com.tw/mops/web/ajax_t163sb04
上游,晶圓代工與先進封裝,2330,台積電,2016,4,income_statement,綜合損益總額歸屬於非控制權益,84311,"84,311",sii,https://mopsov.twse.com.tw/mops/web/ajax_t163sb04
上游,晶圓代工與先進封裝,2330,台積電,2016,4,income_statement,基本每股盈餘（元）,12.89,12.89,sii,https://mopsov.twse.com.tw/mops/web/ajax_t163sb04
上游,晶圓代工與先進封裝,2330,台積電,2016,4,balance_sheet,流動資產,817729126,"817,729,126",sii,https://mopsov.twse.com.tw/mops/web/ajax_t163sb05
上游,晶圓代工與先進封裝,2330,台積電,2016,4,balance_sheet,非流動資產,1068726176,"1,068,726,176",sii,https://mopsov.twse.com.tw/mops/web/ajax_t163sb05
上游,晶圓代工與先進封裝,2330,台積電,2016,4,balance_sheet,資產總計,1886455302,"1,886,455,302",sii,https://mopsov.twse.com.tw/mops/web/ajax_t163sb05
上游,晶圓代工與先進封裝,2330,台積電,2016,4,balance_sheet,流動負債,318239273,"318,239,273",sii,https://mopsov.twse.com.tw/mops/web/ajax_t163sb05
上游,晶圓代工與先進封裝,2330,台積電,2016,4,balance_sheet,非流動負債,178164903,"178,164,903",sii,https://mopsov.twse.com.tw/mops/web/ajax_t163sb05
上游,晶圓代工與先進封裝,2330,台積電,2016,4,balance_sheet,負債總額,496404176,"496,404,176",sii,https://mopsov.twse.com.tw/mops/web/ajax_t163sb05
上游,晶圓代工與先進封裝,2330,台積電,2016,4,balance_sheet,股本,259303805,"259,303,805",sii,https://mopsov.twse.com.tw/mops/web/ajax_t163sb05
上游,晶圓代工與先進封裝,2330,台積電,2016,4,balance_sheet,資本公積,56272304,"56,272,304",sii,https://mopsov.twse.com.tw/mops/web/ajax_t163sb05
上游,晶圓代工與先進封裝,2330,台積電,2016,4,balance_sheet,保留盈餘,1072008169,"1,072,008,169",sii,https://mopsov.twse.com.tw/mops/web/ajax_t163sb05
上游,晶圓代工與先進封裝,2330,台積電,2016,4,balance_sheet,其他權益,1663983,"1,663,983",sii,https://mopsov.twse.com.tw/mops/web/ajax_t163sb05
上游,晶圓代工與先進封裝,2330,台積電,2016,4,balance_sheet,庫藏股票,,--,sii,https://mopsov.twse.com.tw/mops/web/ajax_t163sb05
上游,晶圓代工與先進封裝,2330,台積電,2016,4,balance_sheet,歸屬於母公司業主之權益合計,1389248261,"1,389,248,261",sii,https://mopsov.twse.com.tw/mops/web/ajax_t163sb05
上游,晶圓代工與先進封裝,2330,台積電,2016,4,balance_sheet,共同控制下前手權益,,--,sii,https://mopsov.twse.com.tw/mops/web/ajax_t163sb05
上游,晶圓代工與先進封裝,2330,台積電,2016,4,balance_sheet,合併前非屬共同控制股權,,--,sii,https://mopsov.twse.com.tw/mops/web/ajax_t163sb05
上游,晶圓代工與先進封裝,2330,台積電,2016,4,balance_sheet,非控制權益,802865,"802,865",sii,https://mopsov.twse.com.tw/mops/web/ajax_t163sb05
上游,晶圓代工與先進封裝,2330,台積電,2016,4,balance_sheet,權益總額,1390051126,"1,390,051,126",sii,https://mopsov.twse.com.tw/mops/web/ajax_t163sb05
上游,晶圓代工與先進封裝,2330,台積電,2016,4,balance_sheet,待註銷股本股數（單位：股）,,--,sii,https://mopsov.twse.com.tw/mops/web/ajax_t163sb05
上游,晶圓代工與先進封裝,2330,台積電,2016,4,balance_sheet,預收股款（權益項下）之約當發行股數（單位：股）,0,0,sii,https://mopsov.twse.com.tw/mops/web/ajax_t163sb05
上游,晶圓代工與先進封裝,2330,台積電,2016,4,balance_sheet,母公司暨子公司所持有之母公司庫藏股股數（單位：股）,0,0,sii,https://mopsov.twse.com.tw/mops/web/ajax_t163sb05
上游,晶圓代工與先進封裝,2330,台積電,2016,4,balance_sheet,每股參考淨值,53.58,53.58,sii,https://mopsov.twse.com.tw/mops/web/ajax_t163sb05
上游,晶圓代工與先進封裝,2330,台積電,2016,4,cash_flow,營業活動之淨現金流入（流出）,539834592,"539,834,592",sii,https://mopsov.twse.com.tw/mops/web/ajax_t163sb20
上游,晶圓代工與先進封裝,2330,台積電,2016,4,cash_flow,投資活動之淨現金流入（流出）,-395439680,"-395,439,680",sii,https://mopsov.twse.com.tw/mops/web/ajax_t163sb20
上游,晶圓代工與先進封裝,2330,台積電,2016,4,cash_flow,籌資活動之淨現金流入（流出）,-157800197,"-157,800,197",sii,https://mopsov.twse.com.tw/mops/web/ajax_t163sb20
上游,晶圓代工與先進封裝,2330,台積電,2016,4,cash_flow,匯率變動對現金及約當現金之影響,-8029812,"-8,029,812",sii,https://mopsov.twse.com.tw/mops/web/ajax_t163sb20
上游,晶圓代工與先進封裝,2330,台積電,2016,4,cash_flow,本期現金及約當現金增加（減少）數,-21435097,"-21,435,097",sii,https://mopsov.twse.com.tw/mops/web/ajax_t163sb20
上游,晶圓代工與先進封裝,2330,台積電,2016,4,cash_flow,期初現金及約當現金餘額,562688930,"562,688,930",sii,https://mopsov.twse.com.tw/mops/web/ajax_t163sb20
上游,晶圓代工與先進封裝,2330,台積電,2016,4,cash_flow,期末現金及約當現金餘額,541253833,"541,253,833",sii,https://mopsov.twse.com.tw/mops/web/ajax_t163sb20
上游,晶圓代工與先進封裝,2330,台積電,2017,1,income_statement,營業收入,233914400,"233,914,400",sii,https://mopsov.twse.com.tw/mops/web/ajax_t163sb04
上游,晶圓代工與先進封裝,2330,台積電,2017,1,income_statement,營業成本,112428734,"112,428,734",sii,https://mopsov.twse.com.tw/mops/web/ajax_t163sb04
上游,晶圓代工與先進封裝,2330,台積電,2017,1,income_statement,原始認列生物資產及農產品之利益（損失）,,--,sii,https://mopsov.twse.com.tw/mops/web/ajax_t163sb04
上游,晶圓代工與先進封裝,2330,台積電,2017,1,income_statement,生物資產當期公允價值減出售成本之變動利益（損失）,,--,sii,https://mopsov.twse.com.tw/mops/web/ajax_t163sb04
上游,晶圓代工與先進封裝,2330,台積電,2017,1,income_statement,營業毛利（毛損）,121485666,"121,485,666",sii,https://mopsov.twse.com.tw/mops/web/ajax_t163sb04
上游,晶圓代工與先進封裝,2330,台積電,2017,1,income_statement,未實現銷貨（損）益,,--,sii,https://mopsov.twse.com.tw/mops/web/ajax_t163sb04
上游,晶圓代工與先進封裝,2330,台積電,2017,1,income_statement,已實現銷貨（損）益,3970,"3,970",sii,https://mopsov.twse.com.tw/mops/web/ajax_t163sb04
上游,晶圓代工與先進封裝,2330,台積電,2017,1,income_statement,營業毛利（毛損）淨額,121489636,"121,489,636",sii,https://mopsov.twse.com.tw/mops/web/ajax_t163sb04
上游,晶圓代工與先進封裝,2330,台積電,2017,1,income_statement,營業費用,26156483,"26,156,483",sii,https://mopsov.twse.com.tw/mops/web/ajax_t163sb04
上游,晶圓代工與先進封裝,2330,台積電,2017,1,income_statement,其他收益及費損淨額,19237,"19,237",sii,https://mopsov.twse.com.tw/mops/web/ajax_t163sb04
上游,晶圓代工與先進封裝,2330,台積電,2017,1,income_statement,營業利益（損失）,95352390,"95,352,390",sii,https://mopsov.twse.com.tw/mops/web/ajax_t163sb04
上游,晶圓代工與先進封裝,2330,台積電,2017,1,income_statement,營業外收入及支出,2470109,"2,470,109",sii,https://mopsov.twse.com.tw/mops/web/ajax_t163sb04
上游,晶圓代工與先進封裝,2330,台積電,2017,1,income_statement,稅前淨利（淨損）,97822499,"97,822,499",sii,https://mopsov.twse.com.tw/mops/web/ajax_t163sb04
上游,晶圓代工與先進封裝,2330,台積電,2017,1,income_statement,所得稅費用（利益）,10201591,"10,201,591",sii,https://mopsov.twse.com.tw/mops/web/ajax_t163sb04
上游,晶圓代工與先進封裝,2330,台積電,2017,1,income_statement,繼續營業單位本期淨利（淨損）,87620908,"87,620,908",sii,https://mopsov.twse.com.tw/mops/web/ajax_t163sb04
上游,晶圓代工與先進封裝,2330,台積電,2017,1,income_statement,停業單位損益,,--,sii,https://mopsov.twse.com.tw/mops/web/ajax_t163sb04
上游,晶圓代工與先進封裝,2330,台積電,2017,1,income_statement,合併前非屬共同控制股權損益,,--,sii,https://mopsov.twse.com.tw/mops/web/ajax_t163sb04
上游,晶圓代工與先進封裝,2330,台積電,2017,1,income_statement,本期淨利（淨損）,87620908,"87,620,908",sii,https://mopsov.twse.com.tw/mops/web/ajax_t163sb04
上游,晶圓代工與先進封裝,2330,台積電,2017,1,income_statement,其他綜合損益（淨額）,-21352321,"-21,352,321",sii,https://mopsov.twse.com.tw/mops/web/ajax_t163sb04
上游,晶圓代工與先進封裝,2330,台積電,2017,1,income_statement,合併前非屬共同控制股權綜合損益淨額,,--,sii,https://mopsov.twse.com.tw/mops/web/ajax_t163sb04
上游,晶圓代工與先進封裝,2330,台積電,2017,1,income_statement,本期綜合損益總額,66268587,"66,268,587",sii,https://mopsov.twse.com.tw/mops/web/ajax_t163sb04
上游,晶圓代工與先進封裝,2330,台積電,2017,1,income_statement,淨利（淨損）歸屬於母公司業主,87628898,"87,628,898",sii,https://mopsov.twse.com.tw/mops/web/ajax_t163sb04
上游,晶圓代工與先進封裝,2330,台積電,2017,1,income_statement,淨利（淨損）歸屬於共同控制下前手權益,,--,sii,https://mopsov.twse.com.tw/mops/web/ajax_t163sb04
上游,晶圓代工與先進封裝,2330,台積電,2017,1,income_statement,淨利（淨損）歸屬於非控制權益,-7990,"-7,990",sii,https://mopsov.twse.com.tw/mops/web/ajax_t163sb04
上游,晶圓代工與先進封裝,2330,台積電,2017,1,income_statement,綜合損益總額歸屬於母公司業主,66274790,"66,274,790",sii,https://mopsov.twse.com.tw/mops/web/ajax_t163sb04
上游,晶圓代工與先進封裝,2330,台積電,2017,1,income_statement,綜合損益總額歸屬於共同控制下前手權益,,--,sii,https://mopsov.twse.com.tw/mops/web/ajax_t163sb04
上游,晶圓代工與先進封裝,2330,台積電,2017,1,income_statement,綜合損益總額歸屬於非控制權益,-6203,"-6,203",sii,https://mopsov.twse.com.tw/mops/web/ajax_t163sb04
上游,晶圓代工與先進封裝,2330,台積電,2017,1,income_statement,基本每股盈餘（元）,3.38,3.38,sii,https://mopsov.twse.com.tw/mops/web/ajax_t163sb04
上游,晶圓代工與先進封裝,2330,台積電,2017,1,balance_sheet,流動資產,825661833,"825,661,833",sii,https://mopsov.twse.com.tw/mops/web/ajax_t163sb05
上游,晶圓代工與先進封裝,2330,台積電,2017,1,balance_sheet,非流動資產,1109001928,"1,109,001,928",sii,https://mopsov.twse.com.tw/mops/web/ajax_t163sb05
上游,晶圓代工與先進封裝,2330,台積電,2017,1,balance_sheet,資產總計,1934663761,"1,934,663,761",sii,https://mopsov.twse.com.tw/mops/web/ajax_t163sb05
上游,晶圓代工與先進封裝,2330,台積電,2017,1,balance_sheet,流動負債,321580524,"321,580,524",sii,https://mopsov.twse.com.tw/mops/web/ajax_t163sb05
上游,晶圓代工與先進封裝,2330,台積電,2017,1,balance_sheet,非流動負債,156773212,"156,773,212",sii,https://mopsov.twse.com.tw/mops/web/ajax_t163sb05
上游,晶圓代工與先進封裝,2330,台積電,2017,1,balance_sheet,負債總額,478353736,"478,353,736",sii,https://mopsov.twse.com.tw/mops/web/ajax_t163sb05
上游,晶圓代工與先進封裝,2330,台積電,2017,1,balance_sheet,股本,259303805,"259,303,805",sii,https://mopsov.twse.com.tw/mops/web/ajax_t163sb05
上游,晶圓代工與先進封裝,2330,台積電,2017,1,balance_sheet,資本公積,56282118,"56,282,118",sii,https://mopsov.twse.com.tw/mops/web/ajax_t163sb05
上游,晶圓代工與先進封裝,2330,台積電,2017,1,balance_sheet,保留盈餘,1159637067,"1,159,637,067",sii,https://mopsov.twse.com.tw/mops/web/ajax_t163sb05
上游,晶圓代工與先進封裝,2330,台積電,2017,1,balance_sheet,其他權益,-19709627,"-19,709,627",sii,https://mopsov.twse.com.tw/mops/web/ajax_t163sb05
上游,晶圓代工與先進封裝,2330,台積電,2017,1,balance_sheet,庫藏股票,,--,sii,https://mopsov.twse.com.tw/mops/web/ajax_t163sb05
上游,晶圓代工與先進封裝,2330,台積電,2017,1,balance_sheet,歸屬於母公司業主之權益合計,1455513363,"1,455,513,363",sii,https://mopsov.twse.com.tw/mops/web/ajax_t163sb05
上游,晶圓代工與先進封裝,2330,台積電,2017,1,balance_sheet,共同控制下前手權益,,--,sii,https://mopsov.twse.com.tw/mops/web/ajax_t163sb05
上游,晶圓代工與先進封裝,2330,台積電,2017,1,balance_sheet,合併前非屬共同控制股權,,--,sii,https://mopsov.twse.com.tw/mops/web/ajax_t163sb05
上游,晶圓代工與先進封裝,2330,台積電,2017,1,balance_sheet,非控制權益,796662,"796,662",sii,https://mopsov.twse.com.tw/mops/web/ajax_t163sb05
上游,晶圓代工與先進封裝,2330,台積電,2017,1,balance_sheet,權益總額,1456310025,"1,456,310,025",sii,https://mopsov.twse.com.tw/mops/web/ajax_t163sb05
上游,晶圓代工與先進封裝,2330,台積電,2017,1,balance_sheet,待註銷股本股數（單位：股）,,--,sii,https://mopsov.twse.com.tw/mops/web/ajax_t163sb05
上游,晶圓代工與先進封裝,2330,台積電,2017,1,balance_sheet,預收股款（權益項下）之約當發行股數（單位：股）,0,0,sii,https://mopsov.twse.com.tw/mops/web/ajax_t163sb05
上游,晶圓代工與先進封裝,2330,台積電,2017,1,balance_sheet,母公司暨子公司所持有之母公司庫藏股股數（單位：股）,0,0,sii,https://mopsov.twse.com.tw/mops/web/ajax_t163sb05
上游,晶圓代工與先進封裝,2330,台積電,2017,1,balance_sheet,每股參考淨值,56.13,56.13,sii,https://mopsov.twse.com.tw/mops/web/ajax_t163sb05
上游,晶圓代工與先進封裝,2330,台積電,2017,1,cash_flow,營業活動之淨現金流入（流出）,161008044,"161,008,044",sii,https://mopsov.twse.com.tw/mops/web/ajax_t163sb20
上游,晶圓代工與先進封裝,2330,台積電,2017,1,cash_flow,投資活動之淨現金流入（流出）,-109230259,"-109,230,259",sii,https://mopsov.twse.com.tw/mops/web/ajax_t163sb20
上游,晶圓代工與先進封裝,2330,台積電,2017,1,cash_flow,籌資活動之淨現金流入（流出）,-11909919,"-11,909,919",sii,https://mopsov.twse.com.tw/mops/web/ajax_t163sb20
上游,晶圓代工與先進封裝,2330,台積電,2017,1,cash_flow,匯率變動對現金及約當現金之影響,-16396433,"-16,396,433",sii,https://mopsov.twse.com.tw/mops/web/ajax_t163sb20
上游,晶圓代工與先進封裝,2330,台積電,2017,1,cash_flow,本期現金及約當現金增加（減少）數,23471433,"23,471,433",sii,https://mopsov.twse.com.tw/mops/web/ajax_t163sb20
上游,晶圓代工與先進封裝,2330,台積電,2017,1,cash_flow,期初現金及約當現金餘額,541253833,"541,253,833",sii,https://mopsov.twse.com.tw/mops/web/ajax_t163sb20
上游,晶圓代工與先進封裝,2330,台積電,2017,1,cash_flow,期末現金及約當現金餘額,564725266,"564,725,266",sii,https://mopsov.twse.com.tw/mops/web/ajax_t163sb20
上游,晶圓代工與先進封裝,2330,台積電,2017,2,income_statement,營業收入,447769612,"447,769,612",sii,https://mopsov.twse.com.tw/mops/web/ajax_t163sb04
上游,晶圓代工與先進封裝,2330,台積電,2017,2,income_statement,營業成本,217530703,"217,530,703",sii,https://mopsov.twse.com.tw/mops/web/ajax_t163sb04
上游,晶圓代工與先進封裝,2330,台積電,2017,2,income_statement,原始認列生物資產及農產品之利益（損失）,,--,sii,https://mopsov.twse.com.tw/mops/web/ajax_t163sb04
上游,晶圓代工與先進封裝,2330,台積電,2017,2,income_statement,生物資產當期公允價值減出售成本之變動利益（損失）,,--,sii,https://mopsov.twse.com.tw/mops/web/ajax_t163sb04
上游,晶圓代工與先進封裝,2330,台積電,2017,2,income_statement,營業毛利（毛損）,230238909,"230,238,909",sii,https://mopsov.twse.com.tw/mops/web/ajax_t163sb04
上游,晶圓代工與先進封裝,2330,台積電,2017,2,income_statement,未實現銷貨（損）益,40619,"40,619",sii,https://mopsov.twse.com.tw/mops/web/ajax_t163sb04
上游,晶圓代工與先進封裝,2330,台積電,2017,2,income_statement,已實現銷貨（損）益,,--,sii,https://mopsov.twse.com.tw/mops/web/ajax_t163sb04
上游,晶圓代工與先進封裝,2330,台積電,2017,2,income_statement,營業毛利（毛損）淨額,230198290,"230,198,290",sii,https://mopsov.twse.com.tw/mops/web/ajax_t163sb04
上游,晶圓代工與先進封裝,2330,台積電,2017,2,income_statement,營業費用,51523297,"51,523,297",sii,https://mopsov.twse.com.tw/mops/web/ajax_t163sb04
上游,晶圓代工與先進封裝,2330,台積電,2017,2,income_statement,其他收益及費損淨額,-67202,"-67,202",sii,https://mopsov.twse.com.tw/mops/web/ajax_t163sb04
上游,晶圓代工與先進封裝,2330,台積電,2017,2,income_statement,營業利益（損失）,178607791,"178,607,791",sii,https://mopsov.twse.com.tw/mops/web/ajax_t163sb04
上游,晶圓代工與先進封裝,2330,台積電,2017,2,income_statement,營業外收入及支出,5332175,"5,332,175",sii,https://mopsov.twse.com.tw/mops/web/ajax_t163sb04
上游,晶圓代工與先進封裝,2330,台積電,2017,2,income_statement,稅前淨利（淨損）,183939966,"183,939,966",sii,https://mopsov.twse.com.tw/mops/web/ajax_t163sb04
上游,晶圓代工與先進封裝,2330,台積電,2017,2,income_statement,所得稅費用（利益）,30048406,"30,048,406",sii,https://mopsov.twse.com.tw/mops/web/ajax_t163sb04
上游,晶圓代工與先進封裝,2330,台積電,2017,2,income_statement,繼續營業單位本期淨利（淨損）,153891560,"153,891,560",sii,https://mopsov.twse.com.tw/mops/web/ajax_t163sb04
上游,晶圓代工與先進封裝,2330,台積電,2017,2,income_statement,停業單位損益,,--,sii,https://mopsov.twse.com.tw/mops/web/ajax_t163sb04
上游,晶圓代工與先進封裝,2330,台積電,2017,2,income_statement,合併前非屬共同控制股權損益,,--,sii,https://mopsov.twse.com.tw/mops/web/ajax_t163sb04
上游,晶圓代工與先進封裝,2330,台積電,2017,2,income_statement,本期淨利（淨損）,153891560,"153,891,560",sii,https://mopsov.twse.com.tw/mops/web/ajax_t163sb04
上游,晶圓代工與先進封裝,2330,台積電,2017,2,income_statement,其他綜合損益（淨額）,-19942085,"-19,942,085",sii,https://mopsov.twse.com.tw/mops/web/ajax_t163sb04
上游,晶圓代工與先進封裝,2330,台積電,2017,2,income_statement,合併前非屬共同控制股權綜合損益淨額,,--,sii,https://mopsov.twse.com.tw/mops/web/ajax_t163sb04
上游,晶圓代工與先進封裝,2330,台積電,2017,2,income_statement,本期綜合損益總額,133949475,"133,949,475",sii,https://mopsov.twse.com.tw/mops/web/ajax_t163sb04
上游,晶圓代工與先進封裝,2330,台積電,2017,2,income_statement,淨利（淨損）歸屬於母公司業主,153899917,"153,899,917",sii,https://mopsov.twse.com.tw/mops/web/ajax_t163sb04
上游,晶圓代工與先進封裝,2330,台積電,2017,2,income_statement,淨利（淨損）歸屬於共同控制下前手權益,,--,sii,https://mopsov.twse.com.tw/mops/web/ajax_t163sb04
上游,晶圓代工與先進封裝,2330,台積電,2017,2,income_statement,淨利（淨損）歸屬於非控制權益,-8357,"-8,357",sii,https://mopsov.twse.com.tw/mops/web/ajax_t163sb04
上游,晶圓代工與先進封裝,2330,台積電,2017,2,income_statement,綜合損益總額歸屬於母公司業主,133954807,"133,954,807",sii,https://mopsov.twse.com.tw/mops/web/ajax_t163sb04
上游,晶圓代工與先進封裝,2330,台積電,2017,2,income_statement,綜合損益總額歸屬於共同控制下前手權益,,--,sii,https://mopsov.twse.com.tw/mops/web/ajax_t163sb04
上游,晶圓代工與先進封裝,2330,台積電,2017,2,income_statement,綜合損益總額歸屬於非控制權益,-5332,"-5,332",sii,https://mopsov.twse.com.tw/mops/web/ajax_t163sb04
上游,晶圓代工與先進封裝,2330,台積電,2017,2,income_statement,基本每股盈餘（元）,5.94,5.94,sii,https://mopsov.twse.com.tw/mops/web/ajax_t163sb04
上游,晶圓代工與先進封裝,2330,台積電,2017,2,balance_sheet,流動資產,838049552,"838,049,552",sii,https://mopsov.twse.com.tw/mops/web/ajax_t163sb05
上游,晶圓代工與先進封裝,2330,台積電,2017,2,balance_sheet,非流動資產,1148384225,"1,148,384,225",sii,https://mopsov.twse.com.tw/mops/web/ajax_t163sb05
上游,晶圓代工與先進封裝,2330,台積電,2017,2,balance_sheet,資產總計,1986433777,"1,986,433,777",sii,https://mopsov.twse.com.tw/mops/web/ajax_t163sb05
上游,晶圓代工與先進封裝,2330,台積電,2017,2,balance_sheet,流動負債,523507145,"523,507,145",sii,https://mopsov.twse.com.tw/mops/web/ajax_t163sb05
上游,晶圓代工與先進封裝,2330,台積電,2017,2,balance_sheet,非流動負債,120560987,"120,560,987",sii,https://mopsov.twse.com.tw/mops/web/ajax_t163sb05
上游,晶圓代工與先進封裝,2330,台積電,2017,2,balance_sheet,負債總額,644068132,"644,068,132",sii,https://mopsov.twse.com.tw/mops/web/ajax_t163sb05
上游,晶圓代工與先進封裝,2330,台積電,2017,2,balance_sheet,股本,259303805,"259,303,805",sii,https://mopsov.twse.com.tw/mops/web/ajax_t163sb05
上游,晶圓代工與先進封裝,2330,台積電,2017,2,balance_sheet,資本公積,56282780,"56,282,780",sii,https://mopsov.twse.com.tw/mops/web/ajax_t163sb05
上游,晶圓代工與先進封裝,2330,台積電,2017,2,balance_sheet,保留盈餘,1044395423,"1,044,395,423",sii,https://mopsov.twse.com.tw/mops/web/ajax_t163sb05
上游,晶圓代工與先進封裝,2330,台積電,2017,2,balance_sheet,其他權益,-18296511,"-18,296,511",sii,https://mopsov.twse.com.tw/mops/web/ajax_t163sb05
上游,晶圓代工與先進封裝,2330,台積電,2017,2,balance_sheet,庫藏股票,,--,sii,https://mopsov.twse.com.tw/mops/web/ajax_t163sb05
上游,晶圓代工與先進封裝,2330,台積電,2017,2,balance_sheet,歸屬於母公司業主之權益合計,1341685497,"1,341,685,497",sii,https://mopsov.twse.com.tw/mops/web/ajax_t163sb05
上游,晶圓代工與先進封裝,2330,台積電,2017,2,balance_sheet,共同控制下前手權益,,--,sii,https://mopsov.twse.com.tw/mops/web/ajax_t163sb05
上游,晶圓代工與先進封裝,2330,台積電,2017,2,balance_sheet,合併前非屬共同控制股權,,--,sii,https://mopsov.twse.com.tw/mops/web/ajax_t163sb05
上游,晶圓代工與先進封裝,2330,台積電,2017,2,balance_sheet,非控制權益,680148,"680,148",sii,https://mopsov.twse.com.tw/mops/web/ajax_t163sb05
上游,晶圓代工與先進封裝,2330,台積電,2017,2,balance_sheet,權益總額,1342365645,"1,342,365,645",sii,https://mopsov.twse.com.tw/mops/web/ajax_t163sb05
上游,晶圓代工與先進封裝,2330,台積電,2017,2,balance_sheet,待註銷股本股數（單位：股）,,--,sii,https://mopsov.twse.com.tw/mops/web/ajax_t163sb05
上游,晶圓代工與先進封裝,2330,台積電,2017,2,balance_sheet,預收股款（權益項下）之約當發行股數（單位：股）,0,0,sii,https://mopsov.twse.com.tw/mops/web/ajax_t163sb05
上游,晶圓代工與先進封裝,2330,台積電,2017,2,balance_sheet,母公司暨子公司所持有之母公司庫藏股股數（單位：股）,0,0,sii,https://mopsov.twse.com.tw/mops/web/ajax_t163sb05
上游,晶圓代工與先進封裝,2330,台積電,2017,2,balance_sheet,每股參考淨值,51.74,51.74,sii,https://mopsov.twse.com.tw/mops/web/ajax_t163sb05
上游,晶圓代工與先進封裝,2330,台積電,2017,2,cash_flow,營業活動之淨現金流入（流出）,264408424,"264,408,424",sii,https://mopsov.twse.com.tw/mops/web/ajax_t163sb20
上游,晶圓代工與先進封裝,2330,台積電,2017,2,cash_flow,投資活動之淨現金流入（流出）,-207450014,"-207,450,014",sii,https://mopsov.twse.com.tw/mops/web/ajax_t163sb20
上游,晶圓代工與先進封裝,2330,台積電,2017,2,cash_flow,籌資活動之淨現金流入（流出）,-12548807,"-12,548,807",sii,https://mopsov.twse.com.tw/mops/web/ajax_t163sb20
上游,晶圓代工與先進封裝,2330,台積電,2017,2,cash_flow,匯率變動對現金及約當現金之影響,-15196478,"-15,196,478",sii,https://mopsov.twse.com.tw/mops/web/ajax_t163sb20
上游,晶圓代工與先進封裝,2330,台積電,2017,2,cash_flow,本期現金及約當現金增加（減少）數,29213125,"29,213,125",sii,https://mopsov.twse.com.tw/mops/web/ajax_t163sb20
上游,晶圓代工與先進封裝,2330,台積電,2017,2,cash_flow,期初現金及約當現金餘額,541253833,"541,253,833",sii,https://mopsov.twse.com.tw/mops/web/ajax_t163sb20
上游,晶圓代工與先進封裝,2330,台積電,2017,2,cash_flow,期末現金及約當現金餘額,570466958,"570,466,958",sii,https://mopsov.twse.com.tw/mops/web/ajax_t163sb20
上游,晶圓代工與先進封裝,2330,台積電,2017,3,income_statement,營業收入,699876957,"699,876,957",sii,https://mopsov.twse.com.tw/mops/web/ajax_t163sb04
上游,晶圓代工與先進封裝,2330,台積電,2017,3,income_statement,營業成本,343761367,"343,761,367",sii,https://mopsov.twse.com.tw/mops/web/ajax_t163sb04
上游,晶圓代工與先進封裝,2330,台積電,2017,3,income_statement,原始認列生物資產及農產品之利益（損失）,,--,sii,https://mopsov.twse.com.tw/mops/web/ajax_t163sb04
上游,晶圓代工與先進封裝,2330,台積電,2017,3,income_statement,生物資產當期公允價值減出售成本之變動利益（損失）,,--,sii,https://mopsov.twse.com.tw/mops/web/ajax_t163sb04
上游,晶圓代工與先進封裝,2330,台積電,2017,3,income_statement,營業毛利（毛損）,356115590,"356,115,590",sii,https://mopsov.twse.com.tw/mops/web/ajax_t163sb04
上游,晶圓代工與先進封裝,2330,台積電,2017,3,income_statement,未實現銷貨（損）益,,--,sii,https://mopsov.twse.com.tw/mops/web/ajax_t163sb04
上游,晶圓代工與先進封裝,2330,台積電,2017,3,income_statement,已實現銷貨（損）益,-37152,"-37,152",sii,https://mopsov.twse.com.tw/mops/web/ajax_t163sb04
上游,晶圓代工與先進封裝,2330,台積電,2017,3,income_statement,營業毛利（毛損）淨額,356078438,"356,078,438",sii,https://mopsov.twse.com.tw/mops/web/ajax_t163sb04
上游,晶圓代工與先進封裝,2330,台積電,2017,3,income_statement,營業費用,79060013,"79,060,013",sii,https://mopsov.twse.com.tw/mops/web/ajax_t163sb04
上游,晶圓代工與先進封裝,2330,台積電,2017,3,income_statement,其他收益及費損淨額,-354201,"-354,201",sii,https://mopsov.twse.com.tw/mops/web/ajax_t163sb04
上游,晶圓代工與先進封裝,2330,台積電,2017,3,income_statement,營業利益（損失）,276664224,"276,664,224",sii,https://mopsov.twse.com.tw/mops/web/ajax_t163sb04
上游,晶圓代工與先進封裝,2330,台積電,2017,3,income_statement,營業外收入及支出,7793906,"7,793,906",sii,https://mopsov.twse.com.tw/mops/web/ajax_t163sb04
上游,晶圓代工與先進封裝,2330,台積電,2017,3,income_statement,稅前淨利（淨損）,284458130,"284,458,130",sii,https://mopsov.twse.com.tw/mops/web/ajax_t163sb04
上游,晶圓代工與先進封裝,2330,台積電,2017,3,income_statement,所得稅費用（利益）,40617342,"40,617,342",sii,https://mopsov.twse.com.tw/mops/web/ajax_t163sb04
上游,晶圓代工與先進封裝,2330,台積電,2017,3,income_statement,繼續營業單位本期淨利（淨損）,243840788,"243,840,788",sii,https://mopsov.twse.com.tw/mops/web/ajax_t163sb04
上游,晶圓代工與先進封裝,2330,台積電,2017,3,income_statement,停業單位損益,,--,sii,https://mopsov.twse.com.tw/mops/web/ajax_t163sb04
上游,晶圓代工與先進封裝,2330,台積電,2017,3,income_statement,合併前非屬共同控制股權損益,,--,sii,https://mopsov.twse.com.tw/mops/web/ajax_t163sb04
上游,晶圓代工與先進封裝,2330,台積電,2017,3,income_statement,本期淨利（淨損）,243840788,"243,840,788",sii,https://mopsov.twse.com.tw/mops/web/ajax_t163sb04
上游,晶圓代工與先進封裝,2330,台積電,2017,3,income_statement,其他綜合損益（淨額）,-20845999,"-20,845,999",sii,https://mopsov.twse.com.tw/mops/web/ajax_t163sb04
上游,晶圓代工與先進封裝,2330,台積電,2017,3,income_statement,合併前非屬共同控制股權綜合損益淨額,,--,sii,https://mopsov.twse.com.tw/mops/web/ajax_t163sb04
上游,晶圓代工與先進封裝,2330,台積電,2017,3,income_statement,本期綜合損益總額,222994789,"222,994,789",sii,https://mopsov.twse.com.tw/mops/web/ajax_t163sb04
上游,晶圓代工與先進封裝,2330,台積電,2017,3,income_statement,淨利（淨損）歸屬於母公司業主,243825354,"243,825,354",sii,https://mopsov.twse.com.tw/mops/web/ajax_t163sb04
上游,晶圓代工與先進封裝,2330,台積電,2017,3,income_statement,淨利（淨損）歸屬於共同控制下前手權益,,--,sii,https://mopsov.twse.com.tw/mops/web/ajax_t163sb04
上游,晶圓代工與先進封裝,2330,台積電,2017,3,income_statement,淨利（淨損）歸屬於非控制權益,15434,"15,434",sii,https://mopsov.twse.com.tw/mops/web/ajax_t163sb04
上游,晶圓代工與先進封裝,2330,台積電,2017,3,income_statement,綜合損益總額歸屬於母公司業主,222984427,"222,984,427",sii,https://mopsov.twse.com.tw/mops/web/ajax_t163sb04
上游,晶圓代工與先進封裝,2330,台積電,2017,3,income_statement,綜合損益總額歸屬於共同控制下前手權益,,--,sii,https://mopsov.twse.com.tw/mops/web/ajax_t163sb04
上游,晶圓代工與先進封裝,2330,台積電,2017,3,income_statement,綜合損益總額歸屬於非控制權益,10362,"10,362",sii,https://mopsov.twse.com.tw/mops/web/ajax_t163sb04
上游,晶圓代工與先進封裝,2330,台積電,2017,3,income_statement,基本每股盈餘（元）,9.4,9.40,sii,https://mopsov.twse.com.tw/mops/web/ajax_t163sb04
上游,晶圓代工與先進封裝,2330,台積電,2017,3,balance_sheet,流動資產,704861778,"704,861,778",sii,https://mopsov.twse.com.tw/mops/web/ajax_t163sb05
上游,晶圓代工與先進封裝,2330,台積電,2017,3,balance_sheet,非流動資產,1136562604,"1,136,562,604",sii,https://mopsov.twse.com.tw/mops/web/ajax_t163sb05
上游,晶圓代工與先進封裝,2330,台積電,2017,3,balance_sheet,資產總計,1841424382,"1,841,424,382",sii,https://mopsov.twse.com.tw/mops/web/ajax_t163sb05
上游,晶圓代工與先進封裝,2330,台積電,2017,3,balance_sheet,流動負債,298522304,"298,522,304",sii,https://mopsov.twse.com.tw/mops/web/ajax_t163sb05
上游,晶圓代工與先進封裝,2330,台積電,2017,3,balance_sheet,非流動負債,111489389,"111,489,389",sii,https://mopsov.twse.com.tw/mops/web/ajax_t163sb05
上游,晶圓代工與先進封裝,2330,台積電,2017,3,balance_sheet,負債總額,410011693,"410,011,693",sii,https://mopsov.twse.com.tw/mops/web/ajax_t163sb05
上游,晶圓代工與先進封裝,2330,台積電,2017,3,balance_sheet,股本,259303805,"259,303,805",sii,https://mopsov.twse.com.tw/mops/web/ajax_t163sb05
上游,晶圓代工與先進封裝,2330,台積電,2017,3,balance_sheet,資本公積,56281271,"56,281,271",sii,https://mopsov.twse.com.tw/mops/web/ajax_t163sb05
上游,晶圓代工與先進封裝,2330,台積電,2017,3,balance_sheet,保留盈餘,1134320860,"1,134,320,860",sii,https://mopsov.twse.com.tw/mops/web/ajax_t163sb05
上游,晶圓代工與先進封裝,2330,台積電,2017,3,balance_sheet,其他權益,-19189089,"-19,189,089",sii,https://mopsov.twse.com.tw/mops/web/ajax_t163sb05
上游,晶圓代工與先進封裝,2330,台積電,2017,3,balance_sheet,庫藏股票,,--,sii,https://mopsov.twse.com.tw/mops/web/ajax_t163sb05
上游,晶圓代工與先進封裝,2330,台積電,2017,3,balance_sheet,歸屬於母公司業主之權益合計,1430716847,"1,430,716,847",sii,https://mopsov.twse.com.tw/mops/web/ajax_t163sb05
上游,晶圓代工與先進封裝,2330,台積電,2017,3,balance_sheet,共同控制下前手權益,,--,sii,https://mopsov.twse.com.tw/mops/web/ajax_t163sb05
上游,晶圓代工與先進封裝,2330,台積電,2017,3,balance_sheet,合併前非屬共同控制股權,,--,sii,https://mopsov.twse.com.tw/mops/web/ajax_t163sb05
上游,晶圓代工與先進封裝,2330,台積電,2017,3,balance_sheet,非控制權益,695842,"695,842",sii,https://mopsov.twse.com.tw/mops/web/ajax_t163sb05
上游,晶圓代工與先進封裝,2330,台積電,2017,3,balance_sheet,權益總額,1431412689,"1,431,412,689",sii,https://mopsov.twse.com.tw/mops/web/ajax_t163sb05
上游,晶圓代工與先進封裝,2330,台積電,2017,3,balance_sheet,待註銷股本股數（單位：股）,,--,sii,https://mopsov.twse.com.tw/mops/web/ajax_t163sb05
上游,晶圓代工與先進封裝,2330,台積電,2017,3,balance_sheet,預收股款（權益項下）之約當發行股數（單位：股）,0,0,sii,https://mopsov.twse.com.tw/mops/web/ajax_t163sb05
上游,晶圓代工與先進封裝,2330,台積電,2017,3,balance_sheet,母公司暨子公司所持有之母公司庫藏股股數（單位：股）,0,0,sii,https://mopsov.twse.com.tw/mops/web/ajax_t163sb05
上游,晶圓代工與先進封裝,2330,台積電,2017,3,balance_sheet,每股參考淨值,55.18,55.18,sii,https://mopsov.twse.com.tw/mops/web/ajax_t163sb05
上游,晶圓代工與先進封裝,2330,台積電,2017,3,cash_flow,營業活動之淨現金流入（流出）,381191858,"381,191,858",sii,https://mopsov.twse.com.tw/mops/web/ajax_t163sb20
上游,晶圓代工與先進封裝,2330,台積電,2017,3,cash_flow,投資活動之淨現金流入（流出）,-273112697,"-273,112,697",sii,https://mopsov.twse.com.tw/mops/web/ajax_t163sb20
上游,晶圓代工與先進封裝,2330,台積電,2017,3,cash_flow,籌資活動之淨現金流入（流出）,-225341763,"-225,341,763",sii,https://mopsov.twse.com.tw/mops/web/ajax_t163sb20
上游,晶圓代工與先進封裝,2330,台積電,2017,3,cash_flow,匯率變動對現金及約當現金之影響,-15913536,"-15,913,536",sii,https://mopsov.twse.com.tw/mops/web/ajax_t163sb20
上游,晶圓代工與先進封裝,2330,台積電,2017,3,cash_flow,本期現金及約當現金增加（減少）數,-133176138,"-133,176,138",sii,https://mopsov.twse.com.tw/mops/web/ajax_t163sb20
上游,晶圓代工與先進封裝,2330,台積電,2017,3,cash_flow,期初現金及約當現金餘額,541253833,"541,253,833",sii,https://mopsov.twse.com.tw/mops/web/ajax_t163sb20
上游,晶圓代工與先進封裝,2330,台積電,2017,3,cash_flow,期末現金及約當現金餘額,408077695,"408,077,695",sii,https://mopsov.twse.com.tw/mops/web/ajax_t163sb20
上游,晶圓代工與先進封裝,2330,台積電,2017,4,income_statement,營業收入,977447241,"977,447,241",sii,https://mopsov.twse.com.tw/mops/web/ajax_t163sb04
上游,晶圓代工與先進封裝,2330,台積電,2017,4,income_statement,營業成本,482616286,"482,616,286",sii,https://mopsov.twse.com.tw/mops/web/ajax_t163sb04
上游,晶圓代工與先進封裝,2330,台積電,2017,4,income_statement,原始認列生物資產及農產品之利益（損失）,,--,sii,https://mopsov.twse.com.tw/mops/web/ajax_t163sb04
上游,晶圓代工與先進封裝,2330,台積電,2017,4,income_statement,生物資產當期公允價值減出售成本之變動利益（損失）,,--,sii,https://mopsov.twse.com.tw/mops/web/ajax_t163sb04
上游,晶圓代工與先進封裝,2330,台積電,2017,4,income_statement,營業毛利（毛損）,494830955,"494,830,955",sii,https://mopsov.twse.com.tw/mops/web/ajax_t163sb04
上游,晶圓代工與先進封裝,2330,台積電,2017,4,income_statement,未實現銷貨（損）益,4553,"4,553",sii,https://mopsov.twse.com.tw/mops/web/ajax_t163sb04
上游,晶圓代工與先進封裝,2330,台積電,2017,4,income_statement,已實現銷貨（損）益,,--,sii,https://mopsov.twse.com.tw/mops/web/ajax_t163sb04
上游,晶圓代工與先進封裝,2330,台積電,2017,4,income_statement,營業毛利（毛損）淨額,494826402,"494,826,402",sii,https://mopsov.twse.com.tw/mops/web/ajax_t163sb04
上游,晶圓代工與先進封裝,2330,台積電,2017,4,income_statement,營業費用,107901668,"107,901,668",sii,https://mopsov.twse.com.tw/mops/web/ajax_t163sb04
上游,晶圓代工與先進封裝,2330,台積電,2017,4,income_statement,其他收益及費損淨額,-1365511,"-1,365,511",sii,https://mopsov.twse.com.tw/mops/web/ajax_t163sb04
上游,晶圓代工與先進封裝,2330,台積電,2017,4,income_statement,營業利益（損失）,385559223,"385,559,223",sii,https://mopsov.twse.com.tw/mops/web/ajax_t163sb04
上游,晶圓代工與先進封裝,2330,台積電,2017,4,income_statement,營業外收入及支出,10573807,"10,573,807",sii,https://mopsov.twse.com.tw/mops/web/ajax_t163sb04
上游,晶圓代工與先進封裝,2330,台積電,2017,4,income_statement,稅前淨利（淨損）,396133030,"396,133,030",sii,https://mopsov.twse.com.tw/mops/web/ajax_t163sb04
上游,晶圓代工與先進封裝,2330,台積電,2017,4,income_statement,所得稅費用（利益）,52986182,"52,986,182",sii,https://mopsov.twse.com.tw/mops/web/ajax_t163sb04
上游,晶圓代工與先進封裝,2330,台積電,2017,4,income_statement,繼續營業單位本期淨利（淨損）,343146848,"343,146,848",sii,https://mopsov.twse.com.tw/mops/web/ajax_t163sb04
上游,晶圓代工與先進封裝,2330,台積電,2017,4,income_statement,停業單位損益,,--,sii,https://mopsov.twse.com.tw/mops/web/ajax_t163sb04
上游,晶圓代工與先進封裝,2330,台積電,2017,4,income_statement,合併前非屬共同控制股權損益,,--,sii,https://mopsov.twse.com.tw/mops/web/ajax_t163sb04
上游,晶圓代工與先進封裝,2330,台積電,2017,4,income_statement,本期淨利（淨損）,343146848,"343,146,848",sii,https://mopsov.twse.com.tw/mops/web/ajax_t163sb04
上游,晶圓代工與先進封裝,2330,台積電,2017,4,income_statement,其他綜合損益（淨額）,-28821631,"-28,821,631",sii,https://mopsov.twse.com.tw/mops/web/ajax_t163sb04
上游,晶圓代工與先進封裝,2330,台積電,2017,4,income_statement,合併前非屬共同控制股權綜合損益淨額,,--,sii,https://mopsov.twse.com.tw/mops/web/ajax_t163sb04
上游,晶圓代工與先進封裝,2330,台積電,2017,4,income_statement,本期綜合損益總額,314325217,"314,325,217",sii,https://mopsov.twse.com.tw/mops/web/ajax_t163sb04
上游,晶圓代工與先進封裝,2330,台積電,2017,4,income_statement,淨利（淨損）歸屬於母公司業主,343111476,"343,111,476",sii,https://mopsov.twse.com.tw/mops/web/ajax_t163sb04
上游,晶圓代工與先進封裝,2330,台積電,2017,4,income_statement,淨利（淨損）歸屬於共同控制下前手權益,,--,sii,https://mopsov.twse.com.tw/mops/web/ajax_t163sb04
上游,晶圓代工與先進封裝,2330,台積電,2017,4,income_statement,淨利（淨損）歸屬於非控制權益,35372,"35,372",sii,https://mopsov.twse.com.tw/mops/web/ajax_t163sb04
上游,晶圓代工與先進封裝,2330,台積電,2017,4,income_statement,綜合損益總額歸屬於母公司業主,314294993,"314,294,993",sii,https://mopsov.twse.com.tw/mops/web/ajax_t163sb04
上游,晶圓代工與先進封裝,2330,台積電,2017,4,income_statement,綜合損益總額歸屬於共同控制下前手權益,,--,sii,https://mopsov.twse.com.tw/mops/web/ajax_t163sb04
上游,晶圓代工與先進封裝,2330,台積電,2017,4,income_statement,綜合損益總額歸屬於非控制權益,30224,"30,224",sii,https://mopsov.twse.com.tw/mops/web/ajax_t163sb04
上游,晶圓代工與先進封裝,2330,台積電,2017,4,income_statement,基本每股盈餘（元）,13.23,13.23,sii,https://mopsov.twse.com.tw/mops/web/ajax_t163sb04
上游,晶圓代工與先進封裝,2330,台積電,2017,4,balance_sheet,流動資產,857203110,"857,203,110",sii,https://mopsov.twse.com.tw/mops/web/ajax_t163sb05
上游,晶圓代工與先進封裝,2330,台積電,2017,4,balance_sheet,非流動資產,1134658533,"1,134,658,533",sii,https://mopsov.twse.com.tw/mops/web/ajax_t163sb05
上游,晶圓代工與先進封裝,2330,台積電,2017,4,balance_sheet,資產總計,1991861643,"1,991,861,643",sii,https://mopsov.twse.com.tw/mops/web/ajax_t163sb05
上游,晶圓代工與先進封裝,2330,台積電,2017,4,balance_sheet,流動負債,358706680,"358,706,680",sii,https://mopsov.twse.com.tw/mops/web/ajax_t163sb05
上游,晶圓代工與先進封裝,2330,台積電,2017,4,balance_sheet,非流動負債,110395320,"110,395,320",sii,https://mopsov.twse.com.tw/mops/web/ajax_t163sb05
上游,晶圓代工與先進封裝,2330,台積電,2017,4,balance_sheet,負債總額,469102000,"469,102,000",sii,https://mopsov.twse.com.tw/mops/web/ajax_t163sb05
上游,晶圓代工與先進封裝,2330,台積電,2017,4,balance_sheet,股本,259303805,"259,303,805",sii,https://mopsov.twse.com.tw/mops/web/ajax_t163sb05
上游,晶圓代工與先進封裝,2330,台積電,2017,4,balance_sheet,資本公積,56309536,"56,309,536",sii,https://mopsov.twse.com.tw/mops/web/ajax_t163sb05
上游,晶圓代工與先進封裝,2330,台積電,2017,4,balance_sheet,保留盈餘,1233362010,"1,233,362,010",sii,https://mopsov.twse.com.tw/mops/web/ajax_t163sb05
上游,晶圓代工與先進封裝,2330,台積電,2017,4,balance_sheet,其他權益,-26917818,"-26,917,818",sii,https://mopsov.twse.com.tw/mops/web/ajax_t163sb05
上游,晶圓代工與先進封裝,2330,台積電,2017,4,balance_sheet,庫藏股票,,--,sii,https://mopsov.twse.com.tw/mops/web/ajax_t163sb05
上游,晶圓代工與先進封裝,2330,台積電,2017,4,balance_sheet,歸屬於母公司業主之權益合計,1522057533,"1,522,057,533",sii,https://mopsov.twse.com.tw/mops/web/ajax_t163sb05
上游,晶圓代工與先進封裝,2330,台積電,2017,4,balance_sheet,共同控制下前手權益,,--,sii,https://mopsov.twse.com.tw/mops/web/ajax_t163sb05
上游,晶圓代工與先進封裝,2330,台積電,2017,4,balance_sheet,合併前非屬共同控制股權,,--,sii,https://mopsov.twse.com.tw/mops/web/ajax_t163sb05
上游,晶圓代工與先進封裝,2330,台積電,2017,4,balance_sheet,非控制權益,702110,"702,110",sii,https://mopsov.twse.com.tw/mops/web/ajax_t163sb05
上游,晶圓代工與先進封裝,2330,台積電,2017,4,balance_sheet,權益總額,1522759643,"1,522,759,643",sii,https://mopsov.twse.com.tw/mops/web/ajax_t163sb05
上游,晶圓代工與先進封裝,2330,台積電,2017,4,balance_sheet,待註銷股本股數（單位：股）,,--,sii,https://mopsov.twse.com.tw/mops/web/ajax_t163sb05
上游,晶圓代工與先進封裝,2330,台積電,2017,4,balance_sheet,預收股款（權益項下）之約當發行股數（單位：股）,0,0,sii,https://mopsov.twse.com.tw/mops/web/ajax_t163sb05
上游,晶圓代工與先進封裝,2330,台積電,2017,4,balance_sheet,母公司暨子公司所持有之母公司庫藏股股數（單位：股）,0,0,sii,https://mopsov.twse.com.tw/mops/web/ajax_t163sb05
上游,晶圓代工與先進封裝,2330,台積電,2017,4,balance_sheet,每股參考淨值,58.7,58.70,sii,https://mopsov.twse.com.tw/mops/web/ajax_t163sb05
上游,晶圓代工與先進封裝,2330,台積電,2017,4,cash_flow,營業活動之淨現金流入（流出）,585318167,"585,318,167",sii,https://mopsov.twse.com.tw/mops/web/ajax_t163sb20
上游,晶圓代工與先進封裝,2330,台積電,2017,4,cash_flow,投資活動之淨現金流入（流出）,-336164903,"-336,164,903",sii,https://mopsov.twse.com.tw/mops/web/ajax_t163sb20
上游,晶圓代工與先進封裝,2330,台積電,2017,4,cash_flow,籌資活動之淨現金流入（流出）,-215697629,"-215,697,629",sii,https://mopsov.twse.com.tw/mops/web/ajax_t163sb20
上游,晶圓代工與先進封裝,2330,台積電,2017,4,cash_flow,匯率變動對現金及約當現金之影響,-21317772,"-21,317,772",sii,https://mopsov.twse.com.tw/mops/web/ajax_t163sb20
上游,晶圓代工與先進封裝,2330,台積電,2017,4,cash_flow,本期現金及約當現金增加（減少）數,12137863,"12,137,863",sii,https://mopsov.twse.com.tw/mops/web/ajax_t163sb20
上游,晶圓代工與先進封裝,2330,台積電,2017,4,cash_flow,期初現金及約當現金餘額,541253833,"541,253,833",sii,https://mopsov.twse.com.tw/mops/web/ajax_t163sb20
上游,晶圓代工與先進封裝,2330,台積電,2017,4,cash_flow,期末現金及約當現金餘額,553391696,"553,391,696",sii,https://mopsov.twse.com.tw/mops/web/ajax_t163sb20
上游,晶圓代工與先進封裝,2330,台積電,2018,1,income_statement,營業收入,248078671,"248,078,671",sii,https://mopsov.twse.com.tw/mops/web/ajax_t163sb04
上游,晶圓代工與先進封裝,2330,台積電,2018,1,income_statement,營業成本,123103977,"123,103,977",sii,https://mopsov.twse.com.tw/mops/web/ajax_t163sb04
上游,晶圓代工與先進封裝,2330,台積電,2018,1,income_statement,原始認列生物資產及農產品之利益（損失）,,--,sii,https://mopsov.twse.com.tw/mops/web/ajax_t163sb04
上游,晶圓代工與先進封裝,2330,台積電,2018,1,income_statement,生物資產當期公允價值減出售成本之變動利益（損失）,,--,sii,https://mopsov.twse.com.tw/mops/web/ajax_t163sb04
上游,晶圓代工與先進封裝,2330,台積電,2018,1,income_statement,營業毛利（毛損）,124974694,"124,974,694",sii,https://mopsov.twse.com.tw/mops/web/ajax_t163sb04
上游,晶圓代工與先進封裝,2330,台積電,2018,1,income_statement,未實現銷貨（損）益,,--,sii,https://mopsov.twse.com.tw/mops/web/ajax_t163sb04
上游,晶圓代工與先進封裝,2330,台積電,2018,1,income_statement,已實現銷貨（損）益,-117155,"-117,155",sii,https://mopsov.twse.com.tw/mops/web/ajax_t163sb04
上游,晶圓代工與先進封裝,2330,台積電,2018,1,income_statement,營業毛利（毛損）淨額,124857539,"124,857,539",sii,https://mopsov.twse.com.tw/mops/web/ajax_t163sb04
上游,晶圓代工與先進封裝,2330,台積電,2018,1,income_statement,營業費用,26728394,"26,728,394",sii,https://mopsov.twse.com.tw/mops/web/ajax_t163sb04
上游,晶圓代工與先進封裝,2330,台積電,2018,1,income_statement,其他收益及費損淨額,-1302199,"-1,302,199",sii,https://mopsov.twse.com.tw/mops/web/ajax_t163sb04
上游,晶圓代工與先進封裝,2330,台積電,2018,1,income_statement,營業利益（損失）,96826946,"96,826,946",sii,https://mopsov.twse.com.tw/mops/web/ajax_t163sb04
上游,晶圓代工與先進封裝,2330,台積電,2018,1,income_statement,營業外收入及支出,3116675,"3,116,675",sii,https://mopsov.twse.com.tw/mops/web/ajax_t163sb04
上游,晶圓代工與先進封裝,2330,台積電,2018,1,income_statement,稅前淨利（淨損）,99943621,"99,943,621",sii,https://mopsov.twse.com.tw/mops/web/ajax_t163sb04
上游,晶圓代工與先進封裝,2330,台積電,2018,1,income_statement,所得稅費用（利益）,10156047,"10,156,047",sii,https://mopsov.twse.com.tw/mops/web/ajax_t163sb04
上游,晶圓代工與先進封裝,2330,台積電,2018,1,income_statement,繼續營業單位本期淨利（淨損）,89787574,"89,787,574",sii,https://mopsov.twse.com.tw/mops/web/ajax_t163sb04
上游,晶圓代工與先進封裝,2330,台積電,2018,1,income_statement,停業單位損益,,--,sii,https://mopsov.twse.com.tw/mops/web/ajax_t163sb04
上游,晶圓代工與先進封裝,2330,台積電,2018,1,income_statement,合併前非屬共同控制股權損益,,--,sii,https://mopsov.twse.com.tw/mops/web/ajax_t163sb04
上游,晶圓代工與先進封裝,2330,台積電,2018,1,income_statement,本期淨利（淨損）,89787574,"89,787,574",sii,https://mopsov.twse.com.tw/mops/web/ajax_t163sb04
上游,晶圓代工與先進封裝,2330,台積電,2018,1,income_statement,其他綜合損益（淨額）,-7186205,"-7,186,205",sii,https://mopsov.twse.com.tw/mops/web/ajax_t163sb04
上游,晶圓代工與先進封裝,2330,台積電,2018,1,income_statement,合併前非屬共同控制股權綜合損益淨額,,--,sii,https://mopsov.twse.com.tw/mops/web/ajax_t163sb04
上游,晶圓代工與先進封裝,2330,台積電,2018,1,income_statement,本期綜合損益總額,82601369,"82,601,369",sii,https://mopsov.twse.com.tw/mops/web/ajax_t163sb04
上游,晶圓代工與先進封裝,2330,台積電,2018,1,income_statement,淨利（淨損）歸屬於母公司業主,89784622,"89,784,622",sii,https://mopsov.twse.com.tw/mops/web/ajax_t163sb04
上游,晶圓代工與先進封裝,2330,台積電,2018,1,income_statement,淨利（淨損）歸屬於共同控制下前手權益,,--,sii,https://mopsov.twse.com.tw/mops/web/ajax_t163sb04
上游,晶圓代工與先進封裝,2330,台積電,2018,1,income_statement,淨利（淨損）歸屬於非控制權益,2952,"2,952",sii,https://mopsov.twse.com.tw/mops/web/ajax_t163sb04
上游,晶圓代工與先進封裝,2330,台積電,2018,1,income_statement,綜合損益總額歸屬於母公司業主,82596052,"82,596,052",sii,https://mopsov.twse.com.tw/mops/web/ajax_t163sb04
上游,晶圓代工與先進封裝,2330,台積電,2018,1,income_statement,綜合損益總額歸屬於共同控制下前手權益,,--,sii,https://mopsov.twse.com.tw/mops/web/ajax_t163sb04
上游,晶圓代工與先進封裝,2330,台積電,2018,1,income_statement,綜合損益總額歸屬於非控制權益,5317,"5,317",sii,https://mopsov.twse.com.tw/mops/web/ajax_t163sb04
上游,晶圓代工與先進封裝,2330,台積電,2018,1,income_statement,基本每股盈餘（元）,3.46,3.46,sii,https://mopsov.twse.com.tw/mops/web/ajax_t163sb04
上游,晶圓代工與先進封裝,2330,台積電,2018,1,balance_sheet,流動資產,929116660,"929,116,660",sii,https://mopsov.twse.com.tw/mops/web/ajax_t163sb05
上游,晶圓代工與先進封裝,2330,台積電,2018,1,balance_sheet,非流動資產,1120039146,"1,120,039,146",sii,https://mopsov.twse.com.tw/mops/web/ajax_t163sb05
上游,晶圓代工與先進封裝,2330,台積電,2018,1,balance_sheet,資產總計,2049155806,"2,049,155,806",sii,https://mopsov.twse.com.tw/mops/web/ajax_t163sb05
上游,晶圓代工與先進封裝,2330,台積電,2018,1,balance_sheet,流動負債,342235242,"342,235,242",sii,https://mopsov.twse.com.tw/mops/web/ajax_t163sb05
上游,晶圓代工與先進封裝,2330,台積電,2018,1,balance_sheet,非流動負債,100315535,"100,315,535",sii,https://mopsov.twse.com.tw/mops/web/ajax_t163sb05
上游,晶圓代工與先進封裝,2330,台積電,2018,1,balance_sheet,負債總計,442550777,"442,550,777",sii,https://mopsov.twse.com.tw/mops/web/ajax_t163sb05
上游,晶圓代工與先進封裝,2330,台積電,2018,1,balance_sheet,股本,259303805,"259,303,805",sii,https://mopsov.twse.com.tw/mops/web/ajax_t163sb05
上游,晶圓代工與先進封裝,2330,台積電,2018,1,balance_sheet,資本公積,56305751,"56,305,751",sii,https://mopsov.twse.com.tw/mops/web/ajax_t163sb05
上游,晶圓代工與先進封裝,2330,台積電,2018,1,balance_sheet,保留盈餘,1324689900,"1,324,689,900",sii,https://mopsov.twse.com.tw/mops/web/ajax_t163sb05
上游,晶圓代工與先進封裝,2330,台積電,2018,1,balance_sheet,其他權益,-34401067,"-34,401,067",sii,https://mopsov.twse.com.tw/mops/web/ajax_t163sb05
上游,晶圓代工與先進封裝,2330,台積電,2018,1,balance_sheet,庫藏股票,,--,sii,https://mopsov.twse.com.tw/mops/web/ajax_t163sb05
上游,晶圓代工與先進封裝,2330,台積電,2018,1,balance_sheet,歸屬於母公司業主之權益合計,1605898389,"1,605,898,389",sii,https://mopsov.twse.com.tw/mops/web/ajax_t163sb05
上游,晶圓代工與先進封裝,2330,台積電,2018,1,balance_sheet,共同控制下前手權益,,--,sii,https://mopsov.twse.com.tw/mops/web/ajax_t163sb05
上游,晶圓代工與先進封裝,2330,台積電,2018,1,balance_sheet,合併前非屬共同控制股權,,--,sii,https://mopsov.twse.com.tw/mops/web/ajax_t163sb05
上游,晶圓代工與先進封裝,2330,台積電,2018,1,balance_sheet,非控制權益,706640,"706,640",sii,https://mopsov.twse.com.tw/mops/web/ajax_t163sb05
上游,晶圓代工與先進封裝,2330,台積電,2018,1,balance_sheet,權益總計,1606605029,"1,606,605,029",sii,https://mopsov.twse.com.tw/mops/web/ajax_t163sb05
上游,晶圓代工與先進封裝,2330,台積電,2018,1,balance_sheet,待註銷股本股數（單位：股）,,--,sii,https://mopsov.twse.com.tw/mops/web/ajax_t163sb05
上游,晶圓代工與先進封裝,2330,台積電,2018,1,balance_sheet,預收股款（權益項下）之約當發行股數（單位：股）,0,0,sii,https://mopsov.twse.com.tw/mops/web/ajax_t163sb05
上游,晶圓代工與先進封裝,2330,台積電,2018,1,balance_sheet,母公司暨子公司所持有之母公司庫藏股股數（單位：股）,0,0,sii,https://mopsov.twse.com.tw/mops/web/ajax_t163sb05
上游,晶圓代工與先進封裝,2330,台積電,2018,1,balance_sheet,每股參考淨值,61.93,61.93,sii,https://mopsov.twse.com.tw/mops/web/ajax_t163sb05
上游,晶圓代工與先進封裝,2330,台積電,2018,1,cash_flow,營業活動之淨現金流入（流出）,160725918,"160,725,918",sii,https://mopsov.twse.com.tw/mops/web/ajax_t163sb20
上游,晶圓代工與先進封裝,2330,台積電,2018,1,cash_flow,投資活動之淨現金流入（流出）,-73459190,"-73,459,190",sii,https://mopsov.twse.com.tw/mops/web/ajax_t163sb20
上游,晶圓代工與先進封裝,2330,台積電,2018,1,cash_flow,籌資活動之淨現金流入（流出）,-57627226,"-57,627,226",sii,https://mopsov.twse.com.tw/mops/web/ajax_t163sb20
上游,晶圓代工與先進封裝,2330,台積電,2018,1,cash_flow,匯率變動對現金及約當現金之影響,-5248235,"-5,248,235",sii,https://mopsov.twse.com.tw/mops/web/ajax_t163sb20
上游,晶圓代工與先進封裝,2330,台積電,2018,1,cash_flow,本期現金及約當現金增加（減少）數,24391267,"24,391,267",sii,https://mopsov.twse.com.tw/mops/web/ajax_t163sb20
上游,晶圓代工與先進封裝,2330,台積電,2018,1,cash_flow,期初現金及約當現金餘額,553391696,"553,391,696",sii,https://mopsov.twse.com.tw/mops/web/ajax_t163sb20
上游,晶圓代工與先進封裝,2330,台積電,2018,1,cash_flow,期末現金及約當現金餘額,577782963,"577,782,963",sii,https://mopsov.twse.com.tw/mops/web/ajax_t163sb20
上游,晶圓代工與先進封裝,2330,台積電,2018,2,income_statement,營業收入,481355482,"481,355,482",sii,https://mopsov.twse.com.tw/mops/web/ajax_t163sb04
上游,晶圓代工與先進封裝,2330,台積電,2018,2,income_statement,營業成本,244792684,"244,792,684",sii,https://mopsov.twse.com.tw/mops/web/ajax_t163sb04
上游,晶圓代工與先進封裝,2330,台積電,2018,2,income_statement,原始認列生物資產及農產品之利益（損失）,,--,sii,https://mopsov.twse.com.tw/mops/web/ajax_t163sb04
上游,晶圓代工與先進封裝,2330,台積電,2018,2,income_statement,生物資產當期公允價值減出售成本之變動利益（損失）,,--,sii,https://mopsov.twse.com.tw/mops/web/ajax_t163sb04
上游,晶圓代工與先進封裝,2330,台積電,2018,2,income_statement,營業毛利（毛損）,236562798,"236,562,798",sii,https://mopsov.twse.com.tw/mops/web/ajax_t163sb04
上游,晶圓代工與先進封裝,2330,台積電,2018,2,income_statement,未實現銷貨（損）益,174325,"174,325",sii,https://mopsov.twse.com.tw/mops/web/ajax_t163sb04
上游,晶圓代工與先進封裝,2330,台積電,2018,2,income_statement,已實現銷貨（損）益,,--,sii,https://mopsov.twse.com.tw/mops/web/ajax_t163sb04
上游,晶圓代工與先進封裝,2330,台積電,2018,2,income_statement,營業毛利（毛損）淨額,236388473,"236,388,473",sii,https://mopsov.twse.com.tw/mops/web/ajax_t163sb04
上游,晶圓代工與先進封裝,2330,台積電,2018,2,income_statement,營業費用,53168518,"53,168,518",sii,https://mopsov.twse.com.tw/mops/web/ajax_t163sb04
上游,晶圓代工與先進封裝,2330,台積電,2018,2,income_statement,其他收益及費損淨額,-1964863,"-1,964,863",sii,https://mopsov.twse.com.tw/mops/web/ajax_t163sb04
上游,晶圓代工與先進封裝,2330,台積電,2018,2,income_statement,營業利益（損失）,181255092,"181,255,092",sii,https://mopsov.twse.com.tw/mops/web/ajax_t163sb04
上游,晶圓代工與先進封裝,2330,台積電,2018,2,income_statement,營業外收入及支出,6276137,"6,276,137",sii,https://mopsov.twse.com.tw/mops/web/ajax_t163sb04
上游,晶圓代工與先進封裝,2330,台積電,2018,2,income_statement,稅前淨利（淨損）,187531229,"187,531,229",sii,https://mopsov.twse.com.tw/mops/web/ajax_t163sb04
上游,晶圓代工與先進封裝,2330,台積電,2018,2,income_statement,所得稅費用（利益）,25450280,"25,450,280",sii,https://mopsov.twse.com.tw/mops/web/ajax_t163sb04
上游,晶圓代工與先進封裝,2330,台積電,2018,2,income_statement,繼續營業單位本期淨利（淨損）,162080949,"162,080,949",sii,https://mopsov.twse.com.tw/mops/web/ajax_t163sb04
上游,晶圓代工與先進封裝,2330,台積電,2018,2,income_statement,停業單位損益,,--,sii,https://mopsov.twse.com.tw/mops/web/ajax_t163sb04
上游,晶圓代工與先進封裝,2330,台積電,2018,2,income_statement,合併前非屬共同控制股權損益,,--,sii,https://mopsov.twse.com.tw/mops/web/ajax_t163sb04
上游,晶圓代工與先進封裝,2330,台積電,2018,2,income_statement,本期淨利（淨損）,162080949,"162,080,949",sii,https://mopsov.twse.com.tw/mops/web/ajax_t163sb04
上游,晶圓代工與先進封裝,2330,台積電,2018,2,income_statement,其他綜合損益（淨額）,12069470,"12,069,470",sii,https://mopsov.twse.com.tw/mops/web/ajax_t163sb04
上游,晶圓代工與先進封裝,2330,台積電,2018,2,income_statement,合併前非屬共同控制股權綜合損益淨額,,--,sii,https://mopsov.twse.com.tw/mops/web/ajax_t163sb04
上游,晶圓代工與先進封裝,2330,台積電,2018,2,income_statement,本期綜合損益總額,174150419,"174,150,419",sii,https://mopsov.twse.com.tw/mops/web/ajax_t163sb04
上游,晶圓代工與先進封裝,2330,台積電,2018,2,income_statement,淨利（淨損）歸屬於母公司業主,162075161,"162,075,161",sii,https://mopsov.twse.com.tw/mops/web/ajax_t163sb04
上游,晶圓代工與先進封裝,2330,台積電,2018,2,income_statement,淨利（淨損）歸屬於共同控制下前手權益,,--,sii,https://mopsov.twse.com.tw/mops/web/ajax_t163sb04
上游,晶圓代工與先進封裝,2330,台積電,2018,2,income_statement,淨利（淨損）歸屬於非控制權益,5788,"5,788",sii,https://mopsov.twse.com.tw/mops/web/ajax_t163sb04
上游,晶圓代工與先進封裝,2330,台積電,2018,2,income_statement,綜合損益總額歸屬於母公司業主,174141933,"174,141,933",sii,https://mopsov.twse.com.tw/mops/web/ajax_t163sb04
上游,晶圓代工與先進封裝,2330,台積電,2018,2,income_statement,綜合損益總額歸屬於共同控制下前手權益,,--,sii,https://mopsov.twse.com.tw/mops/web/ajax_t163sb04
上游,晶圓代工與先進封裝,2330,台積電,2018,2,income_statement,綜合損益總額歸屬於非控制權益,8486,"8,486",sii,https://mopsov.twse.com.tw/mops/web/ajax_t163sb04
上游,晶圓代工與先進封裝,2330,台積電,2018,2,income_statement,基本每股盈餘（元）,6.25,6.25,sii,https://mopsov.twse.com.tw/mops/web/ajax_t163sb04
上游,晶圓代工與先進封裝,2330,台積電,2018,2,balance_sheet,流動資產,959042679,"959,042,679",sii,https://mopsov.twse.com.tw/mops/web/ajax_t163sb05
上游,晶圓代工與先進封裝,2330,台積電,2018,2,balance_sheet,非流動資產,1094370275,"1,094,370,275",sii,https://mopsov.twse.com.tw/mops/web/ajax_t163sb05
上游,晶圓代工與先進封裝,2330,台積電,2018,2,balance_sheet,資產總計,2053412954,"2,053,412,954",sii,https://mopsov.twse.com.tw/mops/web/ajax_t163sb05
上游,晶圓代工與先進封裝,2330,台積電,2018,2,balance_sheet,流動負債,462997164,"462,997,164",sii,https://mopsov.twse.com.tw/mops/web/ajax_t163sb05
上游,晶圓代工與先進封裝,2330,台積電,2018,2,balance_sheet,非流動負債,99780505,"99,780,505",sii,https://mopsov.twse.com.tw/mops/web/ajax_t163sb05
上游,晶圓代工與先進封裝,2330,台積電,2018,2,balance_sheet,負債總計,562777669,"562,777,669",sii,https://mopsov.twse.com.tw/mops/web/ajax_t163sb05
上游,晶圓代工與先進封裝,2330,台積電,2018,2,balance_sheet,股本,259303805,"259,303,805",sii,https://mopsov.twse.com.tw/mops/web/ajax_t163sb05
上游,晶圓代工與先進封裝,2330,台積電,2018,2,balance_sheet,資本公積,56307720,"56,307,720",sii,https://mopsov.twse.com.tw/mops/web/ajax_t163sb05
上游,晶圓代工與先進封裝,2330,台積電,2018,2,balance_sheet,保留盈餘,1189470511,"1,189,470,511",sii,https://mopsov.twse.com.tw/mops/web/ajax_t163sb05
上游,晶圓代工與先進封裝,2330,台積電,2018,2,balance_sheet,其他權益,-15080494,"-15,080,494",sii,https://mopsov.twse.com.tw/mops/web/ajax_t163sb05
上游,晶圓代工與先進封裝,2330,台積電,2018,2,balance_sheet,庫藏股票,,--,sii,https://mopsov.twse.com.tw/mops/web/ajax_t163sb05
上游,晶圓代工與先進封裝,2330,台積電,2018,2,balance_sheet,歸屬於母公司業主之權益合計,1490001542,"1,490,001,542",sii,https://mopsov.twse.com.tw/mops/web/ajax_t163sb05
上游,晶圓代工與先進封裝,2330,台積電,2018,2,balance_sheet,共同控制下前手權益,,--,sii,https://mopsov.twse.com.tw/mops/web/ajax_t163sb05
上游,晶圓代工與先進封裝,2330,台積電,2018,2,balance_sheet,合併前非屬共同控制股權,,--,sii,https://mopsov.twse.com.tw/mops/web/ajax_t163sb05
上游,晶圓代工與先進封裝,2330,台積電,2018,2,balance_sheet,非控制權益,633743,"633,743",sii,https://mopsov.twse.com.tw/mops/web/ajax_t163sb05
上游,晶圓代工與先進封裝,2330,台積電,2018,2,balance_sheet,權益總計,1490635285,"1,490,635,285",sii,https://mopsov.twse.com.tw/mops/web/ajax_t163sb05
上游,晶圓代工與先進封裝,2330,台積電,2018,2,balance_sheet,待註銷股本股數（單位：股）,,--,sii,https://mopsov.twse.com.tw/mops/web/ajax_t163sb05
上游,晶圓代工與先進封裝,2330,台積電,2018,2,balance_sheet,預收股款（權益項下）之約當發行股數（單位：股）,0,0,sii,https://mopsov.twse.com.tw/mops/web/ajax_t163sb05
上游,晶圓代工與先進封裝,2330,台積電,2018,2,balance_sheet,母公司暨子公司所持有之母公司庫藏股股數（單位：股）,0,0,sii,https://mopsov.twse.com.tw/mops/web/ajax_t163sb05
上游,晶圓代工與先進封裝,2330,台積電,2018,2,balance_sheet,每股參考淨值,57.46,57.46,sii,https://mopsov.twse.com.tw/mops/web/ajax_t163sb05
上游,晶圓代工與先進封裝,2330,台積電,2018,2,cash_flow,營業活動之淨現金流入（流出）,290499278,"290,499,278",sii,https://mopsov.twse.com.tw/mops/web/ajax_t163sb20
上游,晶圓代工與先進封裝,2330,台積電,2018,2,cash_flow,投資活動之淨現金流入（流出）,-133534789,"-133,534,789",sii,https://mopsov.twse.com.tw/mops/web/ajax_t163sb20
上游,晶圓代工與先進封裝,2330,台積電,2018,2,cash_flow,籌資活動之淨現金流入（流出）,-86973526,"-86,973,526",sii,https://mopsov.twse.com.tw/mops/web/ajax_t163sb20
上游,晶圓代工與先進封裝,2330,台積電,2018,2,cash_flow,匯率變動對現金及約當現金之影響,8847221,"8,847,221",sii,https://mopsov.twse.com.tw/mops/web/ajax_t163sb20
上游,晶圓代工與先進封裝,2330,台積電,2018,2,cash_flow,本期現金及約當現金增加（減少）數,78838184,"78,838,184",sii,https://mopsov.twse.com.tw/mops/web/ajax_t163sb20
上游,晶圓代工與先進封裝,2330,台積電,2018,2,cash_flow,期初現金及約當現金餘額,553391696,"553,391,696",sii,https://mopsov.twse.com.tw/mops/web/ajax_t163sb20
上游,晶圓代工與先進封裝,2330,台積電,2018,2,cash_flow,期末現金及約當現金餘額,632229880,"632,229,880",sii,https://mopsov.twse.com.tw/mops/web/ajax_t163sb20
上游,晶圓代工與先進封裝,2330,台積電,2018,3,income_statement,營業收入,741703364,"741,703,364",sii,https://mopsov.twse.com.tw/mops/web/ajax_t163sb04
上游,晶圓代工與先進封裝,2330,台積電,2018,3,income_statement,營業成本,381759723,"381,759,723",sii,https://mopsov.twse.com.tw/mops/web/ajax_t163sb04
上游,晶圓代工與先進封裝,2330,台積電,2018,3,income_statement,原始認列生物資產及農產品之利益（損失）,,--,sii,https://mopsov.twse.com.tw/mops/web/ajax_t163sb04
上游,晶圓代工與先進封裝,2330,台積電,2018,3,income_statement,生物資產當期公允價值減出售成本之變動利益（損失）,,--,sii,https://mopsov.twse.com.tw/mops/web/ajax_t163sb04
上游,晶圓代工與先進封裝,2330,台積電,2018,3,income_statement,營業毛利（毛損）,359943641,"359,943,641",sii,https://mopsov.twse.com.tw/mops/web/ajax_t163sb04
上游,晶圓代工與先進封裝,2330,台積電,2018,3,income_statement,未實現銷貨（損）益,188528,"188,528",sii,https://mopsov.twse.com.tw/mops/web/ajax_t163sb04
上游,晶圓代工與先進封裝,2330,台積電,2018,3,income_statement,已實現銷貨（損）益,,--,sii,https://mopsov.twse.com.tw/mops/web/ajax_t163sb04
上游,晶圓代工與先進封裝,2330,台積電,2018,3,income_statement,營業毛利（毛損）淨額,359755113,"359,755,113",sii,https://mopsov.twse.com.tw/mops/web/ajax_t163sb04
上游,晶圓代工與先進封裝,2330,台積電,2018,3,income_statement,營業費用,81296970,"81,296,970",sii,https://mopsov.twse.com.tw/mops/web/ajax_t163sb04
上游,晶圓代工與先進封裝,2330,台積電,2018,3,income_statement,其他收益及費損淨額,-1957870,"-1,957,870",sii,https://mopsov.twse.com.tw/mops/web/ajax_t163sb04
上游,晶圓代工與先進封裝,2330,台積電,2018,3,income_statement,營業利益（損失）,276500273,"276,500,273",sii,https://mopsov.twse.com.tw/mops/web/ajax_t163sb04
上游,晶圓代工與先進封裝,2330,台積電,2018,3,income_statement,營業外收入及支出,9927898,"9,927,898",sii,https://mopsov.twse.com.tw/mops/web/ajax_t163sb04
上游,晶圓代工與先進封裝,2330,台積電,2018,3,income_statement,稅前淨利（淨損）,286428171,"286,428,171",sii,https://mopsov.twse.com.tw/mops/web/ajax_t163sb04
上游,晶圓代工與先進封裝,2330,台積電,2018,3,income_statement,所得稅費用（利益）,35249150,"35,249,150",sii,https://mopsov.twse.com.tw/mops/web/ajax_t163sb04
上游,晶圓代工與先進封裝,2330,台積電,2018,3,income_statement,繼續營業單位本期淨利（淨損）,251179021,"251,179,021",sii,https://mopsov.twse.com.tw/mops/web/ajax_t163sb04
上游,晶圓代工與先進封裝,2330,台積電,2018,3,income_statement,停業單位損益,,--,sii,https://mopsov.twse.com.tw/mops/web/ajax_t163sb04
上游,晶圓代工與先進封裝,2330,台積電,2018,3,income_statement,合併前非屬共同控制股權損益,,--,sii,https://mopsov.twse.com.tw/mops/web/ajax_t163sb04
上游,晶圓代工與先進封裝,2330,台積電,2018,3,income_statement,本期淨利（淨損）,251179021,"251,179,021",sii,https://mopsov.twse.com.tw/mops/web/ajax_t163sb04
上游,晶圓代工與先進封裝,2330,台積電,2018,3,income_statement,其他綜合損益（淨額）,8188464,"8,188,464",sii,https://mopsov.twse.com.tw/mops/web/ajax_t163sb04
上游,晶圓代工與先進封裝,2330,台積電,2018,3,income_statement,合併前非屬共同控制股權綜合損益淨額,,--,sii,https://mopsov.twse.com.tw/mops/web/ajax_t163sb04
上游,晶圓代工與先進封裝,2330,台積電,2018,3,income_statement,本期綜合損益總額,259367485,"259,367,485",sii,https://mopsov.twse.com.tw/mops/web/ajax_t163sb04
上游,晶圓代工與先進封裝,2330,台積電,2018,3,income_statement,淨利（淨損）歸屬於母公司業主,251146789,"251,146,789",sii,https://mopsov.twse.com.tw/mops/web/ajax_t163sb04
上游,晶圓代工與先進封裝,2330,台積電,2018,3,income_statement,淨利（淨損）歸屬於共同控制下前手權益,,--,sii,https://mopsov.twse.com.tw/mops/web/ajax_t163sb04
上游,晶圓代工與先進封裝,2330,台積電,2018,3,income_statement,淨利（淨損）歸屬於非控制權益,32232,"32,232",sii,https://mopsov.twse.com.tw/mops/web/ajax_t163sb04
上游,晶圓代工與先進封裝,2330,台積電,2018,3,income_statement,綜合損益總額歸屬於母公司業主,259332283,"259,332,283",sii,https://mopsov.twse.com.tw/mops/web/ajax_t163sb04
上游,晶圓代工與先進封裝,2330,台積電,2018,3,income_statement,綜合損益總額歸屬於共同控制下前手權益,,--,sii,https://mopsov.twse.com.tw/mops/web/ajax_t163sb04
上游,晶圓代工與先進封裝,2330,台積電,2018,3,income_statement,綜合損益總額歸屬於非控制權益,35202,"35,202",sii,https://mopsov.twse.com.tw/mops/web/ajax_t163sb04
上游,晶圓代工與先進封裝,2330,台積電,2018,3,income_statement,基本每股盈餘（元）,9.69,9.69,sii,https://mopsov.twse.com.tw/mops/web/ajax_t163sb04
上游,晶圓代工與先進封裝,2330,台積電,2018,3,balance_sheet,流動資產,859223705,"859,223,705",sii,https://mopsov.twse.com.tw/mops/web/ajax_t163sb05
上游,晶圓代工與先進封裝,2330,台積電,2018,3,balance_sheet,非流動資產,1110665083,"1,110,665,083",sii,https://mopsov.twse.com.tw/mops/web/ajax_t163sb05
上游,晶圓代工與先進封裝,2330,台積電,2018,3,balance_sheet,資產總計,1969888788,"1,969,888,788",sii,https://mopsov.twse.com.tw/mops/web/ajax_t163sb05
上游,晶圓代工與先進封裝,2330,台積電,2018,3,balance_sheet,流動負債,321630202,"321,630,202",sii,https://mopsov.twse.com.tw/mops/web/ajax_t163sb05
上游,晶圓代工與先進封裝,2330,台積電,2018,3,balance_sheet,非流動負債,72428585,"72,428,585",sii,https://mopsov.twse.com.tw/mops/web/ajax_t163sb05
上游,晶圓代工與先進封裝,2330,台積電,2018,3,balance_sheet,負債總計,394058787,"394,058,787",sii,https://mopsov.twse.com.tw/mops/web/ajax_t163sb05
上游,晶圓代工與先進封裝,2330,台積電,2018,3,balance_sheet,股本,259303805,"259,303,805",sii,https://mopsov.twse.com.tw/mops/web/ajax_t163sb05
上游,晶圓代工與先進封裝,2330,台積電,2018,3,balance_sheet,資本公積,56311659,"56,311,659",sii,https://mopsov.twse.com.tw/mops/web/ajax_t163sb05
上游,晶圓代工與先進封裝,2330,台積電,2018,3,balance_sheet,保留盈餘,1277737659,"1,277,737,659",sii,https://mopsov.twse.com.tw/mops/web/ajax_t163sb05
上游,晶圓代工與先進封裝,2330,台積電,2018,3,balance_sheet,其他權益,-18181209,"-18,181,209",sii,https://mopsov.twse.com.tw/mops/web/ajax_t163sb05
上游,晶圓代工與先進封裝,2330,台積電,2018,3,balance_sheet,庫藏股票,,--,sii,https://mopsov.twse.com.tw/mops/web/ajax_t163sb05
上游,晶圓代工與先進封裝,2330,台積電,2018,3,balance_sheet,歸屬於母公司業主之權益合計,1575171914,"1,575,171,914",sii,https://mopsov.twse.com.tw/mops/web/ajax_t163sb05
上游,晶圓代工與先進封裝,2330,台積電,2018,3,balance_sheet,共同控制下前手權益,,--,sii,https://mopsov.twse.com.tw/mops/web/ajax_t163sb05
上游,晶圓代工與先進封裝,2330,台積電,2018,3,balance_sheet,合併前非屬共同控制股權,,--,sii,https://mopsov.twse.com.tw/mops/web/ajax_t163sb05
上游,晶圓代工與先進封裝,2330,台積電,2018,3,balance_sheet,非控制權益,658087,"658,087",sii,https://mopsov.twse.com.tw/mops/web/ajax_t163sb05
上游,晶圓代工與先進封裝,2330,台積電,2018,3,balance_sheet,權益總計,1575830001,"1,575,830,001",sii,https://mopsov.twse.com.tw/mops/web/ajax_t163sb05
上游,晶圓代工與先進封裝,2330,台積電,2018,3,balance_sheet,待註銷股本股數（單位：股）,,--,sii,https://mopsov.twse.com.tw/mops/web/ajax_t163sb05
上游,晶圓代工與先進封裝,2330,台積電,2018,3,balance_sheet,預收股款（權益項下）之約當發行股數（單位：股）,0,0,sii,https://mopsov.twse.com.tw/mops/web/ajax_t163sb05
上游,晶圓代工與先進封裝,2330,台積電,2018,3,balance_sheet,母公司暨子公司所持有之母公司庫藏股股數（單位：股）,0,0,sii,https://mopsov.twse.com.tw/mops/web/ajax_t163sb05
上游,晶圓代工與先進封裝,2330,台積電,2018,3,balance_sheet,每股參考淨值,60.75,60.75,sii,https://mopsov.twse.com.tw/mops/web/ajax_t163sb05
上游,晶圓代工與先進封裝,2330,台積電,2018,3,cash_flow,營業活動之淨現金流入（流出）,384581760,"384,581,760",sii,https://mopsov.twse.com.tw/mops/web/ajax_t163sb20
上游,晶圓代工與先進封裝,2330,台積電,2018,3,cash_flow,投資活動之淨現金流入（流出）,-197007952,"-197,007,952",sii,https://mopsov.twse.com.tw/mops/web/ajax_t163sb20
上游,晶圓代工與先進封裝,2330,台積電,2018,3,cash_flow,籌資活動之淨現金流入（流出）,-259408212,"-259,408,212",sii,https://mopsov.twse.com.tw/mops/web/ajax_t163sb20
上游,晶圓代工與先進封裝,2330,台積電,2018,3,cash_flow,匯率變動對現金及約當現金之影響,7174829,"7,174,829",sii,https://mopsov.twse.com.tw/mops/web/ajax_t163sb20
上游,晶圓代工與先進封裝,2330,台積電,2018,3,cash_flow,本期現金及約當現金增加（減少）數,-64659575,"-64,659,575",sii,https://mopsov.twse.com.tw/mops/web/ajax_t163sb20
上游,晶圓代工與先進封裝,2330,台積電,2018,3,cash_flow,期初現金及約當現金餘額,553391696,"553,391,696",sii,https://mopsov.twse.com.tw/mops/web/ajax_t163sb20
上游,晶圓代工與先進封裝,2330,台積電,2018,3,cash_flow,期末現金及約當現金餘額,488732121,"488,732,121",sii,https://mopsov.twse.com.tw/mops/web/ajax_t163sb20
上游,晶圓代工與先進封裝,2330,台積電,2018,4,income_statement,營業收入,1031473557,"1,031,473,557",sii,https://mopsov.twse.com.tw/mops/web/ajax_t163sb04
上游,晶圓代工與先進封裝,2330,台積電,2018,4,income_statement,營業成本,533487516,"533,487,516",sii,https://mopsov.twse.com.tw/mops/web/ajax_t163sb04
上游,晶圓代工與先進封裝,2330,台積電,2018,4,income_statement,原始認列生物資產及農產品之利益（損失）,,--,sii,https://mopsov.twse.com.tw/mops/web/ajax_t163sb04
上游,晶圓代工與先進封裝,2330,台積電,2018,4,income_statement,生物資產當期公允價值減出售成本之變動利益（損失）,,--,sii,https://mopsov.twse.com.tw/mops/web/ajax_t163sb04
上游,晶圓代工與先進封裝,2330,台積電,2018,4,income_statement,營業毛利（毛損）,497986041,"497,986,041",sii,https://mopsov.twse.com.tw/mops/web/ajax_t163sb04
上游,晶圓代工與先進封裝,2330,台積電,2018,4,income_statement,未實現銷貨（損）益,111788,"111,788",sii,https://mopsov.twse.com.tw/mops/web/ajax_t163sb04
上游,晶圓代工與先進封裝,2330,台積電,2018,4,income_statement,已實現銷貨（損）益,,--,sii,https://mopsov.twse.com.tw/mops/web/ajax_t163sb04
上游,晶圓代工與先進封裝,2330,台積電,2018,4,income_statement,營業毛利（毛損）淨額,497874253,"497,874,253",sii,https://mopsov.twse.com.tw/mops/web/ajax_t163sb04
上游,晶圓代工與先進封裝,2330,台積電,2018,4,income_statement,營業費用,112149280,"112,149,280",sii,https://mopsov.twse.com.tw/mops/web/ajax_t163sb04
上游,晶圓代工與先進封裝,2330,台積電,2018,4,income_statement,其他收益及費損淨額,-2101449,"-2,101,449",sii,https://mopsov.twse.com.tw/mops/web/ajax_t163sb04
上游,晶圓代工與先進封裝,2330,台積電,2018,4,income_statement,營業利益（損失）,383623524,"383,623,524",sii,https://mopsov.twse.com.tw/mops/web/ajax_t163sb04
上游,晶圓代工與先進封裝,2330,台積電,2018,4,income_statement,營業外收入及支出,13886739,"13,886,739",sii,https://mopsov.twse.com.tw/mops/web/ajax_t163sb04
上游,晶圓代工與先進封裝,2330,台積電,2018,4,income_statement,稅前淨利（淨損）,397510263,"397,510,263",sii,https://mopsov.twse.com.tw/mops/web/ajax_t163sb04
上游,晶圓代工與先進封裝,2330,台積電,2018,4,income_statement,所得稅費用（利益）,46325857,"46,325,857",sii,https://mopsov.twse.com.tw/mops/web/ajax_t163sb04
上游,晶圓代工與先進封裝,2330,台積電,2018,4,income_statement,繼續營業單位本期淨利（淨損）,351184406,"351,184,406",sii,https://mopsov.twse.com.tw/mops/web/ajax_t163sb04
上游,晶圓代工與先進封裝,2330,台積電,2018,4,income_statement,停業單位損益,,--,sii,https://mopsov.twse.com.tw/mops/web/ajax_t163sb04
上游,晶圓代工與先進封裝,2330,台積電,2018,4,income_statement,合併前非屬共同控制股權損益,,--,sii,https://mopsov.twse.com.tw/mops/web/ajax_t163sb04
上游,晶圓代工與先進封裝,2330,台積電,2018,4,income_statement,本期淨利（淨損）,351184406,"351,184,406",sii,https://mopsov.twse.com.tw/mops/web/ajax_t163sb04
上游,晶圓代工與先進封裝,2330,台積電,2018,4,income_statement,其他綜合損益（淨額）,9836976,"9,836,976",sii,https://mopsov.twse.com.tw/mops/web/ajax_t163sb04
上游,晶圓代工與先進封裝,2330,台積電,2018,4,income_statement,合併前非屬共同控制股權綜合損益淨額,,--,sii,https://mopsov.twse.com.tw/mops/web/ajax_t163sb04
上游,晶圓代工與先進封裝,2330,台積電,2018,4,income_statement,本期綜合損益總額,361021382,"361,021,382",sii,https://mopsov.twse.com.tw/mops/web/ajax_t163sb04
上游,晶圓代工與先進封裝,2330,台積電,2018,4,income_statement,淨利（淨損）歸屬於母公司業主,351130884,"351,130,884",sii,https://mopsov.twse.com.tw/mops/web/ajax_t163sb04
上游,晶圓代工與先進封裝,2330,台積電,2018,4,income_statement,淨利（淨損）歸屬於共同控制下前手權益,,--,sii,https://mopsov.twse.com.tw/mops/web/ajax_t163sb04
上游,晶圓代工與先進封裝,2330,台積電,2018,4,income_statement,淨利（淨損）歸屬於非控制權益,53522,"53,522",sii,https://mopsov.twse.com.tw/mops/web/ajax_t163sb04
上游,晶圓代工與先進封裝,2330,台積電,2018,4,income_statement,綜合損益總額歸屬於母公司業主,360965015,"360,965,015",sii,https://mopsov.twse.com.tw/mops/web/ajax_t163sb04
上游,晶圓代工與先進封裝,2330,台積電,2018,4,income_statement,綜合損益總額歸屬於共同控制下前手權益,,--,sii,https://mopsov.twse.com.tw/mops/web/ajax_t163sb04
上游,晶圓代工與先進封裝,2330,台積電,2018,4,income_statement,綜合損益總額歸屬於非控制權益,56367,"56,367",sii,https://mopsov.twse.com.tw/mops/web/ajax_t163sb04
上游,晶圓代工與先進封裝,2330,台積電,2018,4,income_statement,基本每股盈餘（元）,13.54,13.54,sii,https://mopsov.twse.com.tw/mops/web/ajax_t163sb04
上游,晶圓代工與先進封裝,2330,台積電,2018,4,balance_sheet,流動資產,951679721,"951,679,721",sii,https://mopsov.twse.com.tw/mops/web/ajax_t163sb05
上游,晶圓代工與先進封裝,2330,台積電,2018,4,balance_sheet,非流動資產,1138448317,"1,138,448,317",sii,https://mopsov.twse.com.tw/mops/web/ajax_t163sb05
上游,晶圓代工與先進封裝,2330,台積電,2018,4,balance_sheet,資產總計,2090128038,"2,090,128,038",sii,https://mopsov.twse.com.tw/mops/web/ajax_t163sb05
上游,晶圓代工與先進封裝,2330,台積電,2018,4,balance_sheet,流動負債,340542586,"340,542,586",sii,https://mopsov.twse.com.tw/mops/web/ajax_t163sb05
上游,晶圓代工與先進封裝,2330,台積電,2018,4,balance_sheet,非流動負債,72089056,"72,089,056",sii,https://mopsov.twse.com.tw/mops/web/ajax_t163sb05
上游,晶圓代工與先進封裝,2330,台積電,2018,4,balance_sheet,負債總計,412631642,"412,631,642",sii,https://mopsov.twse.com.tw/mops/web/ajax_t163sb05
上游,晶圓代工與先進封裝,2330,台積電,2018,4,balance_sheet,股本,259303805,"259,303,805",sii,https://mopsov.twse.com.tw/mops/web/ajax_t163sb05
上游,晶圓代工與先進封裝,2330,台積電,2018,4,balance_sheet,資本公積,56315932,"56,315,932",sii,https://mopsov.twse.com.tw/mops/web/ajax_t163sb05
上游,晶圓代工與先進封裝,2330,台積電,2018,4,balance_sheet,保留盈餘,1376647841,"1,376,647,841",sii,https://mopsov.twse.com.tw/mops/web/ajax_t163sb05
上游,晶圓代工與先進封裝,2330,台積電,2018,4,balance_sheet,其他權益,-15449913,"-15,449,913",sii,https://mopsov.twse.com.tw/mops/web/ajax_t163sb05
上游,晶圓代工與先進封裝,2330,台積電,2018,4,balance_sheet,庫藏股票,,--,sii,https://mopsov.twse.com.tw/mops/web/ajax_t163sb05
上游,晶圓代工與先進封裝,2330,台積電,2018,4,balance_sheet,歸屬於母公司業主之權益合計,1676817665,"1,676,817,665",sii,https://mopsov.twse.com.tw/mops/web/ajax_t163sb05
上游,晶圓代工與先進封裝,2330,台積電,2018,4,balance_sheet,共同控制下前手權益,,--,sii,https://mopsov.twse.com.tw/mops/web/ajax_t163sb05
上游,晶圓代工與先進封裝,2330,台積電,2018,4,balance_sheet,合併前非屬共同控制股權,,--,sii,https://mopsov.twse.com.tw/mops/web/ajax_t163sb05
上游,晶圓代工與先進封裝,2330,台積電,2018,4,balance_sheet,非控制權益,678731,"678,731",sii,https://mopsov.twse.com.tw/mops/web/ajax_t163sb05
上游,晶圓代工與先進封裝,2330,台積電,2018,4,balance_sheet,權益總計,1677496396,"1,677,496,396",sii,https://mopsov.twse.com.tw/mops/web/ajax_t163sb05
上游,晶圓代工與先進封裝,2330,台積電,2018,4,balance_sheet,待註銷股本股數（單位：股）,,--,sii,https://mopsov.twse.com.tw/mops/web/ajax_t163sb05
上游,晶圓代工與先進封裝,2330,台積電,2018,4,balance_sheet,預收股款（權益項下）之約當發行股數（單位：股）,0,0,sii,https://mopsov.twse.com.tw/mops/web/ajax_t163sb05
上游,晶圓代工與先進封裝,2330,台積電,2018,4,balance_sheet,母公司暨子公司所持有之母公司庫藏股股數（單位：股）,0,0,sii,https://mopsov.twse.com.tw/mops/web/ajax_t163sb05
上游,晶圓代工與先進封裝,2330,台積電,2018,4,balance_sheet,每股參考淨值,64.67,64.67,sii,https://mopsov.twse.com.tw/mops/web/ajax_t163sb05
上游,晶圓代工與先進封裝,2330,台積電,2018,4,cash_flow,營業活動之淨現金流入（流出）,573954308,"573,954,308",sii,https://mopsov.twse.com.tw/mops/web/ajax_t163sb20
上游,晶圓代工與先進封裝,2330,台積電,2018,4,cash_flow,投資活動之淨現金流入（流出）,-314268908,"-314,268,908",sii,https://mopsov.twse.com.tw/mops/web/ajax_t163sb20
上游,晶圓代工與先進封裝,2330,台積電,2018,4,cash_flow,籌資活動之淨現金流入（流出）,-245124791,"-245,124,791",sii,https://mopsov.twse.com.tw/mops/web/ajax_t163sb20
上游,晶圓代工與先進封裝,2330,台積電,2018,4,cash_flow,匯率變動對現金及約當現金之影響,9862296,"9,862,296",sii,https://mopsov.twse.com.tw/mops/web/ajax_t163sb20
上游,晶圓代工與先進封裝,2330,台積電,2018,4,cash_flow,本期現金及約當現金增加（減少）數,24422905,"24,422,905",sii,https://mopsov.twse.com.tw/mops/web/ajax_t163sb20
上游,晶圓代工與先進封裝,2330,台積電,2018,4,cash_flow,期初現金及約當現金餘額,553391696,"553,391,696",sii,https://mopsov.twse.com.tw/mops/web/ajax_t163sb20
上游,晶圓代工與先進封裝,2330,台積電,2018,4,cash_flow,期末現金及約當現金餘額,577814601,"577,814,601",sii,https://mopsov.twse.com.tw/mops/web/ajax_t163sb20
上游,晶圓代工與先進封裝,2330,台積電,2019,1,income_statement,營業收入,218704469,"218,704,469",sii,https://mopsov.twse.com.tw/mops/web/ajax_t163sb04
上游,晶圓代工與先進封裝,2330,台積電,2019,1,income_statement,營業成本,128352344,"128,352,344",sii,https://mopsov.twse.com.tw/mops/web/ajax_t163sb04
上游,晶圓代工與先進封裝,2330,台積電,2019,1,income_statement,原始認列生物資產及農產品之利益（損失）,,--,sii,https://mopsov.twse.com.tw/mops/web/ajax_t163sb04
上游,晶圓代工與先進封裝,2330,台積電,2019,1,income_statement,生物資產當期公允價值減出售成本之變動利益（損失）,,--,sii,https://mopsov.twse.com.tw/mops/web/ajax_t163sb04
上游,晶圓代工與先進封裝,2330,台積電,2019,1,income_statement,營業毛利（毛損）,90352125,"90,352,125",sii,https://mopsov.twse.com.tw/mops/web/ajax_t163sb04
上游,晶圓代工與先進封裝,2330,台積電,2019,1,income_statement,未實現銷貨（損）益,,--,sii,https://mopsov.twse.com.tw/mops/web/ajax_t163sb04
上游,晶圓代工與先進封裝,2330,台積電,2019,1,income_statement,已實現銷貨（損）益,5432,"5,432",sii,https://mopsov.twse.com.tw/mops/web/ajax_t163sb04
上游,晶圓代工與先進封裝,2330,台積電,2019,1,income_statement,營業毛利（毛損）淨額,90357557,"90,357,557",sii,https://mopsov.twse.com.tw/mops/web/ajax_t163sb04
上游,晶圓代工與先進封裝,2330,台積電,2019,1,income_statement,營業費用,26018013,"26,018,013",sii,https://mopsov.twse.com.tw/mops/web/ajax_t163sb04
上游,晶圓代工與先進封裝,2330,台積電,2019,1,income_statement,其他收益及費損淨額,-73521,"-73,521",sii,https://mopsov.twse.com.tw/mops/web/ajax_t163sb04
上游,晶圓代工與先進封裝,2330,台積電,2019,1,income_statement,營業利益（損失）,64266023,"64,266,023",sii,https://mopsov.twse.com.tw/mops/web/ajax_t163sb04
上游,晶圓代工與先進封裝,2330,台積電,2019,1,income_statement,營業外收入及支出,3915629,"3,915,629",sii,https://mopsov.twse.com.tw/mops/web/ajax_t163sb04
上游,晶圓代工與先進封裝,2330,台積電,2019,1,income_statement,稅前淨利（淨損）,68181652,"68,181,652",sii,https://mopsov.twse.com.tw/mops/web/ajax_t163sb04
上游,晶圓代工與先進封裝,2330,台積電,2019,1,income_statement,所得稅費用（利益）,6794342,"6,794,342",sii,https://mopsov.twse.com.tw/mops/web/ajax_t163sb04
上游,晶圓代工與先進封裝,2330,台積電,2019,1,income_statement,繼續營業單位本期淨利（淨損）,61387310,"61,387,310",sii,https://mopsov.twse.com.tw/mops/web/ajax_t163sb04
上游,晶圓代工與先進封裝,2330,台積電,2019,1,income_statement,停業單位損益,,--,sii,https://mopsov.twse.com.tw/mops/web/ajax_t163sb04
上游,晶圓代工與先進封裝,2330,台積電,2019,1,income_statement,合併前非屬共同控制股權損益,,--,sii,https://mopsov.twse.com.tw/mops/web/ajax_t163sb04
上游,晶圓代工與先進封裝,2330,台積電,2019,1,income_statement,本期淨利（淨損）,61387310,"61,387,310",sii,https://mopsov.twse.com.tw/mops/web/ajax_t163sb04
上游,晶圓代工與先進封裝,2330,台積電,2019,1,income_statement,其他綜合損益（淨額）,4615986,"4,615,986",sii,https://mopsov.twse.com.tw/mops/web/ajax_t163sb04
上游,晶圓代工與先進封裝,2330,台積電,2019,1,income_statement,合併前非屬共同控制股權綜合損益淨額,,--,sii,https://mopsov.twse.com.tw/mops/web/ajax_t163sb04
上游,晶圓代工與先進封裝,2330,台積電,2019,1,income_statement,本期綜合損益總額,66003296,"66,003,296",sii,https://mopsov.twse.com.tw/mops/web/ajax_t163sb04
上游,晶圓代工與先進封裝,2330,台積電,2019,1,income_statement,淨利（淨損）歸屬於母公司業主,61393851,"61,393,851",sii,https://mopsov.twse.com.tw/mops/web/ajax_t163sb04
上游,晶圓代工與先進封裝,2330,台積電,2019,1,income_statement,淨利（淨損）歸屬於共同控制下前手權益,,--,sii,https://mopsov.twse.com.tw/mops/web/ajax_t163sb04
上游,晶圓代工與先進封裝,2330,台積電,2019,1,income_statement,淨利（淨損）歸屬於非控制權益,-6541,"-6,541",sii,https://mopsov.twse.com.tw/mops/web/ajax_t163sb04
上游,晶圓代工與先進封裝,2330,台積電,2019,1,income_statement,綜合損益總額歸屬於母公司業主,66009819,"66,009,819",sii,https://mopsov.twse.com.tw/mops/web/ajax_t163sb04
上游,晶圓代工與先進封裝,2330,台積電,2019,1,income_statement,綜合損益總額歸屬於共同控制下前手權益,,--,sii,https://mopsov.twse.com.tw/mops/web/ajax_t163sb04
上游,晶圓代工與先進封裝,2330,台積電,2019,1,income_statement,綜合損益總額歸屬於非控制權益,-6523,"-6,523",sii,https://mopsov.twse.com.tw/mops/web/ajax_t163sb04
上游,晶圓代工與先進封裝,2330,台積電,2019,1,income_statement,基本每股盈餘（元）,2.37,2.37,sii,https://mopsov.twse.com.tw/mops/web/ajax_t163sb04
上游,晶圓代工與先進封裝,2330,台積電,2019,1,balance_sheet,流動資產,991324815,"991,324,815",sii,https://mopsov.twse.com.tw/mops/web/ajax_t163sb05
上游,晶圓代工與先進封裝,2330,台積電,2019,1,balance_sheet,非流動資產,1196111970,"1,196,111,970",sii,https://mopsov.twse.com.tw/mops/web/ajax_t163sb05
上游,晶圓代工與先進封裝,2330,台積電,2019,1,balance_sheet,資產總計,2187436785,"2,187,436,785",sii,https://mopsov.twse.com.tw/mops/web/ajax_t163sb05
上游,晶圓代工與先進封裝,2330,台積電,2019,1,balance_sheet,流動負債,378267634,"378,267,634",sii,https://mopsov.twse.com.tw/mops/web/ajax_t163sb05
上游,晶圓代工與先進封裝,2330,台積電,2019,1,balance_sheet,非流動負債,65651549,"65,651,549",sii,https://mopsov.twse.com.tw/mops/web/ajax_t163sb05
上游,晶圓代工與先進封裝,2330,台積電,2019,1,balance_sheet,負債總計,443919183,"443,919,183",sii,https://mopsov.twse.com.tw/mops/web/ajax_t163sb05
上游,晶圓代工與先進封裝,2330,台積電,2019,1,balance_sheet,股本,259303805,"259,303,805",sii,https://mopsov.twse.com.tw/mops/web/ajax_t163sb05
上游,晶圓代工與先進封裝,2330,台積電,2019,1,balance_sheet,資本公積,56320688,"56,320,688",sii,https://mopsov.twse.com.tw/mops/web/ajax_t163sb05
上游,晶圓代工與先進封裝,2330,台積電,2019,1,balance_sheet,保留盈餘,1437946154,"1,437,946,154",sii,https://mopsov.twse.com.tw/mops/web/ajax_t163sb05
上游,晶圓代工與先進封裝,2330,台積電,2019,1,balance_sheet,其他權益,-10725023,"-10,725,023",sii,https://mopsov.twse.com.tw/mops/web/ajax_t163sb05
上游,晶圓代工與先進封裝,2330,台積電,2019,1,balance_sheet,庫藏股票,,--,sii,https://mopsov.twse.com.tw/mops/web/ajax_t163sb05
上游,晶圓代工與先進封裝,2330,台積電,2019,1,balance_sheet,歸屬於母公司業主之權益合計,1742845624,"1,742,845,624",sii,https://mopsov.twse.com.tw/mops/web/ajax_t163sb05
上游,晶圓代工與先進封裝,2330,台積電,2019,1,balance_sheet,共同控制下前手權益,,--,sii,https://mopsov.twse.com.tw/mops/web/ajax_t163sb05
上游,晶圓代工與先進封裝,2330,台積電,2019,1,balance_sheet,合併前非屬共同控制股權,,--,sii,https://mopsov.twse.com.tw/mops/web/ajax_t163sb05
上游,晶圓代工與先進封裝,2330,台積電,2019,1,balance_sheet,非控制權益,671978,"671,978",sii,https://mopsov.twse.com.tw/mops/web/ajax_t163sb05
上游,晶圓代工與先進封裝,2330,台積電,2019,1,balance_sheet,權益總計,1743517602,"1,743,517,602",sii,https://mopsov.twse.com.tw/mops/web/ajax_t163sb05
上游,晶圓代工與先進封裝,2330,台積電,2019,1,balance_sheet,待註銷股本股數（單位：股）,,--,sii,https://mopsov.twse.com.tw/mops/web/ajax_t163sb05
上游,晶圓代工與先進封裝,2330,台積電,2019,1,balance_sheet,預收股款（權益項下）之約當發行股數（單位：股）,0,0,sii,https://mopsov.twse.com.tw/mops/web/ajax_t163sb05
上游,晶圓代工與先進封裝,2330,台積電,2019,1,balance_sheet,母公司暨子公司所持有之母公司庫藏股股數（單位：股）,0,0,sii,https://mopsov.twse.com.tw/mops/web/ajax_t163sb05
上游,晶圓代工與先進封裝,2330,台積電,2019,1,balance_sheet,每股參考淨值,67.21,67.21,sii,https://mopsov.twse.com.tw/mops/web/ajax_t163sb05
上游,晶圓代工與先進封裝,2330,台積電,2019,1,cash_flow,營業活動之淨現金流入（流出）,152670278,"152,670,278",sii,https://mopsov.twse.com.tw/mops/web/ajax_t163sb20
上游,晶圓代工與先進封裝,2330,台積電,2019,1,cash_flow,投資活動之淨現金流入（流出）,-64188473,"-64,188,473",sii,https://mopsov.twse.com.tw/mops/web/ajax_t163sb20
上游,晶圓代工與先進封裝,2330,台積電,2019,1,cash_flow,籌資活動之淨現金流入（流出）,-22412645,"-22,412,645",sii,https://mopsov.twse.com.tw/mops/web/ajax_t163sb20
上游,晶圓代工與先進封裝,2330,台積電,2019,1,cash_flow,匯率變動對現金及約當現金之影響,1786766,"1,786,766",sii,https://mopsov.twse.com.tw/mops/web/ajax_t163sb20
上游,晶圓代工與先進封裝,2330,台積電,2019,1,cash_flow,本期現金及約當現金增加（減少）數,67855926,"67,855,926",sii,https://mopsov.twse.com.tw/mops/web/ajax_t163sb20
上游,晶圓代工與先進封裝,2330,台積電,2019,1,cash_flow,期初現金及約當現金餘額,577814601,"577,814,601",sii,https://mopsov.twse.com.tw/mops/web/ajax_t163sb20
上游,晶圓代工與先進封裝,2330,台積電,2019,1,cash_flow,期末現金及約當現金餘額,645670527,"645,670,527",sii,https://mopsov.twse.com.tw/mops/web/ajax_t163sb20
上游,晶圓代工與先進封裝,2330,台積電,2019,2,income_statement,營業收入,459702944,"459,702,944",sii,https://mopsov.twse.com.tw/mops/web/ajax_t163sb04
上游,晶圓代工與先進封裝,2330,台積電,2019,2,income_statement,營業成本,265677589,"265,677,589",sii,https://mopsov.twse.com.tw/mops/web/ajax_t163sb04
上游,晶圓代工與先進封裝,2330,台積電,2019,2,income_statement,原始認列生物資產及農產品之利益（損失）,,--,sii,https://mopsov.twse.com.tw/mops/web/ajax_t163sb04
上游,晶圓代工與先進封裝,2330,台積電,2019,2,income_statement,生物資產當期公允價值減出售成本之變動利益（損失）,,--,sii,https://mopsov.twse.com.tw/mops/web/ajax_t163sb04
上游,晶圓代工與先進封裝,2330,台積電,2019,2,income_statement,營業毛利（毛損）,194025355,"194,025,355",sii,https://mopsov.twse.com.tw/mops/web/ajax_t163sb04
上游,晶圓代工與先進封裝,2330,台積電,2019,2,income_statement,未實現銷貨（損）益,0,0,sii,https://mopsov.twse.com.tw/mops/web/ajax_t163sb04
上游,晶圓代工與先進封裝,2330,台積電,2019,2,income_statement,已實現銷貨（損）益,62262,"62,262",sii,https://mopsov.twse.com.tw/mops/web/ajax_t163sb04
上游,晶圓代工與先進封裝,2330,台積電,2019,2,income_statement,營業毛利（毛損）淨額,194087617,"194,087,617",sii,https://mopsov.twse.com.tw/mops/web/ajax_t163sb04
上游,晶圓代工與先進封裝,2330,台積電,2019,2,income_statement,營業費用,53183008,"53,183,008",sii,https://mopsov.twse.com.tw/mops/web/ajax_t163sb04
上游,晶圓代工與先進封裝,2330,台積電,2019,2,income_statement,其他收益及費損淨額,-334533,"-334,533",sii,https://mopsov.twse.com.tw/mops/web/ajax_t163sb04
上游,晶圓代工與先進封裝,2330,台積電,2019,2,income_statement,營業利益（損失）,140570076,"140,570,076",sii,https://mopsov.twse.com.tw/mops/web/ajax_t163sb04
上游,晶圓代工與先進封裝,2330,台積電,2019,2,income_statement,營業外收入及支出,8157016,"8,157,016",sii,https://mopsov.twse.com.tw/mops/web/ajax_t163sb04
上游,晶圓代工與先進封裝,2330,台積電,2019,2,income_statement,稅前淨利（淨損）,148727092,"148,727,092",sii,https://mopsov.twse.com.tw/mops/web/ajax_t163sb04
上游,晶圓代工與先進封裝,2330,台積電,2019,2,income_statement,所得稅費用（利益）,20563931,"20,563,931",sii,https://mopsov.twse.com.tw/mops/web/ajax_t163sb04
上游,晶圓代工與先進封裝,2330,台積電,2019,2,income_statement,繼續營業單位本期淨利（淨損）,128163161,"128,163,161",sii,https://mopsov.twse.com.tw/mops/web/ajax_t163sb04
上游,晶圓代工與先進封裝,2330,台積電,2019,2,income_statement,停業單位損益,,--,sii,https://mopsov.twse.com.tw/mops/web/ajax_t163sb04
上游,晶圓代工與先進封裝,2330,台積電,2019,2,income_statement,合併前非屬共同控制股權損益,,--,sii,https://mopsov.twse.com.tw/mops/web/ajax_t163sb04
上游,晶圓代工與先進封裝,2330,台積電,2019,2,income_statement,本期淨利（淨損）,128163161,"128,163,161",sii,https://mopsov.twse.com.tw/mops/web/ajax_t163sb04
上游,晶圓代工與先進封裝,2330,台積電,2019,2,income_statement,其他綜合損益（淨額）,8142006,"8,142,006",sii,https://mopsov.twse.com.tw/mops/web/ajax_t163sb04
上游,晶圓代工與先進封裝,2330,台積電,2019,2,income_statement,合併前非屬共同控制股權綜合損益淨額,,--,sii,https://mopsov.twse.com.tw/mops/web/ajax_t163sb04
上游,晶圓代工與先進封裝,2330,台積電,2019,2,income_statement,本期綜合損益總額,136305167,"136,305,167",sii,https://mopsov.twse.com.tw/mops/web/ajax_t163sb04
上游,晶圓代工與先進封裝,2330,台積電,2019,2,income_statement,淨利（淨損）歸屬於母公司業主,128158701,"128,158,701",sii,https://mopsov.twse.com.tw/mops/web/ajax_t163sb04
上游,晶圓代工與先進封裝,2330,台積電,2019,2,income_statement,淨利（淨損）歸屬於共同控制下前手權益,,--,sii,https://mopsov.twse.com.tw/mops/web/ajax_t163sb04
上游,晶圓代工與先進封裝,2330,台積電,2019,2,income_statement,淨利（淨損）歸屬於非控制權益,4460,"4,460",sii,https://mopsov.twse.com.tw/mops/web/ajax_t163sb04
上游,晶圓代工與先進封裝,2330,台積電,2019,2,income_statement,綜合損益總額歸屬於母公司業主,136300654,"136,300,654",sii,https://mopsov.twse.com.tw/mops/web/ajax_t163sb04
上游,晶圓代工與先進封裝,2330,台積電,2019,2,income_statement,綜合損益總額歸屬於共同控制下前手權益,,--,sii,https://mopsov.twse.com.tw/mops/web/ajax_t163sb04
上游,晶圓代工與先進封裝,2330,台積電,2019,2,income_statement,綜合損益總額歸屬於非控制權益,4513,"4,513",sii,https://mopsov.twse.com.tw/mops/web/ajax_t163sb04
上游,晶圓代工與先進封裝,2330,台積電,2019,2,income_statement,基本每股盈餘（元）,4.94,4.94,sii,https://mopsov.twse.com.tw/mops/web/ajax_t163sb04
上游,晶圓代工與先進封裝,2330,台積電,2019,2,balance_sheet,流動資產,1010179338,"1,010,179,338",sii,https://mopsov.twse.com.tw/mops/web/ajax_t163sb05
上游,晶圓代工與先進封裝,2330,台積電,2019,2,balance_sheet,非流動資產,1229164333,"1,229,164,333",sii,https://mopsov.twse.com.tw/mops/web/ajax_t163sb05
上游,晶圓代工與先進封裝,2330,台積電,2019,2,balance_sheet,資產總計,2239343671,"2,239,343,671",sii,https://mopsov.twse.com.tw/mops/web/ajax_t163sb05
上游,晶圓代工與先進封裝,2330,台積電,2019,2,balance_sheet,流動負債,622256378,"622,256,378",sii,https://mopsov.twse.com.tw/mops/web/ajax_t163sb05
上游,晶圓代工與先進封裝,2330,台積電,2019,2,balance_sheet,非流動負債,62665766,"62,665,766",sii,https://mopsov.twse.com.tw/mops/web/ajax_t163sb05
上游,晶圓代工與先進封裝,2330,台積電,2019,2,balance_sheet,負債總計,684922144,"684,922,144",sii,https://mopsov.twse.com.tw/mops/web/ajax_t163sb05
上游,晶圓代工與先進封裝,2330,台積電,2019,2,balance_sheet,股本,259303805,"259,303,805",sii,https://mopsov.twse.com.tw/mops/web/ajax_t163sb05
上游,晶圓代工與先進封裝,2330,台積電,2019,2,balance_sheet,資本公積,56320929,"56,320,929",sii,https://mopsov.twse.com.tw/mops/web/ajax_t163sb05
上游,晶圓代工與先進封裝,2330,台積電,2019,2,balance_sheet,保留盈餘,1245575785,"1,245,575,785",sii,https://mopsov.twse.com.tw/mops/web/ajax_t163sb05
上游,晶圓代工與先進封裝,2330,台積電,2019,2,balance_sheet,其他權益,-7385940,"-7,385,940",sii,https://mopsov.twse.com.tw/mops/web/ajax_t163sb05
上游,晶圓代工與先進封裝,2330,台積電,2019,2,balance_sheet,庫藏股票,,--,sii,https://mopsov.twse.com.tw/mops/web/ajax_t163sb05
上游,晶圓代工與先進封裝,2330,台積電,2019,2,balance_sheet,歸屬於母公司業主之權益合計,1553814579,"1,553,814,579",sii,https://mopsov.twse.com.tw/mops/web/ajax_t163sb05
上游,晶圓代工與先進封裝,2330,台積電,2019,2,balance_sheet,共同控制下前手權益,,--,sii,https://mopsov.twse.com.tw/mops/web/ajax_t163sb05
上游,晶圓代工與先進封裝,2330,台積電,2019,2,balance_sheet,合併前非屬共同控制股權,,--,sii,https://mopsov.twse.com.tw/mops/web/ajax_t163sb05
上游,晶圓代工與先進封裝,2330,台積電,2019,2,balance_sheet,非控制權益,606948,"606,948",sii,https://mopsov.twse.com.tw/mops/web/ajax_t163sb05
上游,晶圓代工與先進封裝,2330,台積電,2019,2,balance_sheet,權益總計,1554421527,"1,554,421,527",sii,https://mopsov.twse.com.tw/mops/web/ajax_t163sb05
上游,晶圓代工與先進封裝,2330,台積電,2019,2,balance_sheet,待註銷股本股數（單位：股）,,--,sii,https://mopsov.twse.com.tw/mops/web/ajax_t163sb05
上游,晶圓代工與先進封裝,2330,台積電,2019,2,balance_sheet,預收股款（權益項下）之約當發行股數（單位：股）,0,0,sii,https://mopsov.twse.com.tw/mops/web/ajax_t163sb05
上游,晶圓代工與先進封裝,2330,台積電,2019,2,balance_sheet,母公司暨子公司所持有之母公司庫藏股股數（單位：股）,0,0,sii,https://mopsov.twse.com.tw/mops/web/ajax_t163sb05
上游,晶圓代工與先進封裝,2330,台積電,2019,2,balance_sheet,每股參考淨值,59.92,59.92,sii,https://mopsov.twse.com.tw/mops/web/ajax_t163sb05
上游,晶圓代工與先進封裝,2330,台積電,2019,2,cash_flow,營業活動之淨現金流入（流出）,270431306,"270,431,306",sii,https://mopsov.twse.com.tw/mops/web/ajax_t163sb20
上游,晶圓代工與先進封裝,2330,台積電,2019,2,cash_flow,投資活動之淨現金流入（流出）,-178906424,"-178,906,424",sii,https://mopsov.twse.com.tw/mops/web/ajax_t163sb20
上游,晶圓代工與先進封裝,2330,台積電,2019,2,cash_flow,籌資活動之淨現金流入（流出）,-23343147,"-23,343,147",sii,https://mopsov.twse.com.tw/mops/web/ajax_t163sb20
上游,晶圓代工與先進封裝,2330,台積電,2019,2,cash_flow,匯率變動對現金及約當現金之影響,3700926,"3,700,926",sii,https://mopsov.twse.com.tw/mops/web/ajax_t163sb20
上游,晶圓代工與先進封裝,2330,台積電,2019,2,cash_flow,本期現金及約當現金增加（減少）數,71882661,"71,882,661",sii,https://mopsov.twse.com.tw/mops/web/ajax_t163sb20
上游,晶圓代工與先進封裝,2330,台積電,2019,2,cash_flow,期初現金及約當現金餘額,577814601,"577,814,601",sii,https://mopsov.twse.com.tw/mops/web/ajax_t163sb20
上游,晶圓代工與先進封裝,2330,台積電,2019,2,cash_flow,期末現金及約當現金餘額,649697262,"649,697,262",sii,https://mopsov.twse.com.tw/mops/web/ajax_t163sb20
上游,晶圓代工與先進封裝,2330,台積電,2019,3,income_statement,營業收入,752748383,"752,748,383",sii,https://mopsov.twse.com.tw/mops/web/ajax_t163sb04
上游,晶圓代工與先進封裝,2330,台積電,2019,3,income_statement,營業成本,419290867,"419,290,867",sii,https://mopsov.twse.com.tw/mops/web/ajax_t163sb04
上游,晶圓代工與先進封裝,2330,台積電,2019,3,income_statement,原始認列生物資產及農產品之利益（損失）,,--,sii,https://mopsov.twse.com.tw/mops/web/ajax_t163sb04
上游,晶圓代工與先進封裝,2330,台積電,2019,3,income_statement,生物資產當期公允價值減出售成本之變動利益（損失）,,--,sii,https://mopsov.twse.com.tw/mops/web/ajax_t163sb04
上游,晶圓代工與先進封裝,2330,台積電,2019,3,income_statement,營業毛利（毛損）,333457516,"333,457,516",sii,https://mopsov.twse.com.tw/mops/web/ajax_t163sb04
上游,晶圓代工與先進封裝,2330,台積電,2019,3,income_statement,未實現銷貨（損）益,0,0,sii,https://mopsov.twse.com.tw/mops/web/ajax_t163sb04
上游,晶圓代工與先進封裝,2330,台積電,2019,3,income_statement,已實現銷貨（損）益,42535,"42,535",sii,https://mopsov.twse.com.tw/mops/web/ajax_t163sb04
上游,晶圓代工與先進封裝,2330,台積電,2019,3,income_statement,營業毛利（毛損）淨額,333500051,"333,500,051",sii,https://mopsov.twse.com.tw/mops/web/ajax_t163sb04
上游,晶圓代工與先進封裝,2330,台積電,2019,3,income_statement,營業費用,84561961,"84,561,961",sii,https://mopsov.twse.com.tw/mops/web/ajax_t163sb04
上游,晶圓代工與先進封裝,2330,台積電,2019,3,income_statement,其他收益及費損淨額,-480722,"-480,722",sii,https://mopsov.twse.com.tw/mops/web/ajax_t163sb04
上游,晶圓代工與先進封裝,2330,台積電,2019,3,income_statement,營業利益（損失）,248457368,"248,457,368",sii,https://mopsov.twse.com.tw/mops/web/ajax_t163sb04
上游,晶圓代工與先進封裝,2330,台積電,2019,3,income_statement,營業外收入及支出,12605995,"12,605,995",sii,https://mopsov.twse.com.tw/mops/web/ajax_t163sb04
上游,晶圓代工與先進封裝,2330,台積電,2019,3,income_statement,稅前淨利（淨損）,261063363,"261,063,363",sii,https://mopsov.twse.com.tw/mops/web/ajax_t163sb04
上游,晶圓代工與先進封裝,2330,台積電,2019,3,income_statement,所得稅費用（利益）,31797748,"31,797,748",sii,https://mopsov.twse.com.tw/mops/web/ajax_t163sb04
上游,晶圓代工與先進封裝,2330,台積電,2019,3,income_statement,繼續營業單位本期淨利（淨損）,229265615,"229,265,615",sii,https://mopsov.twse.com.tw/mops/web/ajax_t163sb04
上游,晶圓代工與先進封裝,2330,台積電,2019,3,income_statement,停業單位損益,,--,sii,https://mopsov.twse.com.tw/mops/web/ajax_t163sb04
上游,晶圓代工與先進封裝,2330,台積電,2019,3,income_statement,合併前非屬共同控制股權損益,,--,sii,https://mopsov.twse.com.tw/mops/web/ajax_t163sb04
上游,晶圓代工與先進封裝,2330,台積電,2019,3,income_statement,本期淨利（淨損）,229265615,"229,265,615",sii,https://mopsov.twse.com.tw/mops/web/ajax_t163sb04
上游,晶圓代工與先進封裝,2330,台積電,2019,3,income_statement,其他綜合損益（淨額）,4917131,"4,917,131",sii,https://mopsov.twse.com.tw/mops/web/ajax_t163sb04
上游,晶圓代工與先進封裝,2330,台積電,2019,3,income_statement,合併前非屬共同控制股權綜合損益淨額,,--,sii,https://mopsov.twse.com.tw/mops/web/ajax_t163sb04
上游,晶圓代工與先進封裝,2330,台積電,2019,3,income_statement,本期綜合損益總額,234182746,"234,182,746",sii,https://mopsov.twse.com.tw/mops/web/ajax_t163sb04
上游,晶圓代工與先進封裝,2330,台積電,2019,3,income_statement,淨利（淨損）歸屬於母公司業主,229228587,"229,228,587",sii,https://mopsov.twse.com.tw/mops/web/ajax_t163sb04
上游,晶圓代工與先進封裝,2330,台積電,2019,3,income_statement,淨利（淨損）歸屬於共同控制下前手權益,,--,sii,https://mopsov.twse.com.tw/mops/web/ajax_t163sb04
上游,晶圓代工與先進封裝,2330,台積電,2019,3,income_statement,淨利（淨損）歸屬於非控制權益,37028,"37,028",sii,https://mopsov.twse.com.tw/mops/web/ajax_t163sb04
上游,晶圓代工與先進封裝,2330,台積電,2019,3,income_statement,綜合損益總額歸屬於母公司業主,234145635,"234,145,635",sii,https://mopsov.twse.com.tw/mops/web/ajax_t163sb04
上游,晶圓代工與先進封裝,2330,台積電,2019,3,income_statement,綜合損益總額歸屬於共同控制下前手權益,,--,sii,https://mopsov.twse.com.tw/mops/web/ajax_t163sb04
上游,晶圓代工與先進封裝,2330,台積電,2019,3,income_statement,綜合損益總額歸屬於非控制權益,37111,"37,111",sii,https://mopsov.twse.com.tw/mops/web/ajax_t163sb04
上游,晶圓代工與先進封裝,2330,台積電,2019,3,income_statement,基本每股盈餘（元）,8.84,8.84,sii,https://mopsov.twse.com.tw/mops/web/ajax_t163sb04
上游,晶圓代工與先進封裝,2330,台積電,2019,3,balance_sheet,流動資產,849427436,"849,427,436",sii,https://mopsov.twse.com.tw/mops/web/ajax_t163sb05
上游,晶圓代工與先進封裝,2330,台積電,2019,3,balance_sheet,非流動資產,1284807014,"1,284,807,014",sii,https://mopsov.twse.com.tw/mops/web/ajax_t163sb05
上游,晶圓代工與先進封裝,2330,台積電,2019,3,balance_sheet,資產總計,2134234450,"2,134,234,450",sii,https://mopsov.twse.com.tw/mops/web/ajax_t163sb05
上游,晶圓代工與先進封裝,2330,台積電,2019,3,balance_sheet,流動負債,494781125,"494,781,125",sii,https://mopsov.twse.com.tw/mops/web/ajax_t163sb05
上游,晶圓代工與先進封裝,2330,台積電,2019,3,balance_sheet,非流動負債,51956324,"51,956,324",sii,https://mopsov.twse.com.tw/mops/web/ajax_t163sb05
上游,晶圓代工與先進封裝,2330,台積電,2019,3,balance_sheet,負債總計,546737449,"546,737,449",sii,https://mopsov.twse.com.tw/mops/web/ajax_t163sb05
上游,晶圓代工與先進封裝,2330,台積電,2019,3,balance_sheet,股本,259303805,"259,303,805",sii,https://mopsov.twse.com.tw/mops/web/ajax_t163sb05
上游,晶圓代工與先進封裝,2330,台積電,2019,3,balance_sheet,資本公積,56320929,"56,320,929",sii,https://mopsov.twse.com.tw/mops/web/ajax_t163sb05
上游,晶圓代工與先進封裝,2330,台積電,2019,3,balance_sheet,保留盈餘,1281906438,"1,281,906,438",sii,https://mopsov.twse.com.tw/mops/web/ajax_t163sb05
上游,晶圓代工與先進封裝,2330,台積電,2019,3,balance_sheet,其他權益,-10675106,"-10,675,106",sii,https://mopsov.twse.com.tw/mops/web/ajax_t163sb05
上游,晶圓代工與先進封裝,2330,台積電,2019,3,balance_sheet,庫藏股票,,--,sii,https://mopsov.twse.com.tw/mops/web/ajax_t163sb05
上游,晶圓代工與先進封裝,2330,台積電,2019,3,balance_sheet,歸屬於母公司業主之權益合計,1586856066,"1,586,856,066",sii,https://mopsov.twse.com.tw/mops/web/ajax_t163sb05
上游,晶圓代工與先進封裝,2330,台積電,2019,3,balance_sheet,共同控制下前手權益,,--,sii,https://mopsov.twse.com.tw/mops/web/ajax_t163sb05
上游,晶圓代工與先進封裝,2330,台積電,2019,3,balance_sheet,合併前非屬共同控制股權,,--,sii,https://mopsov.twse.com.tw/mops/web/ajax_t163sb05
上游,晶圓代工與先進封裝,2330,台積電,2019,3,balance_sheet,非控制權益,640935,"640,935",sii,https://mopsov.twse.com.tw/mops/web/ajax_t163sb05
上游,晶圓代工與先進封裝,2330,台積電,2019,3,balance_sheet,權益總計,1587497001,"1,587,497,001",sii,https://mopsov.twse.com.tw/mops/web/ajax_t163sb05
上游,晶圓代工與先進封裝,2330,台積電,2019,3,balance_sheet,待註銷股本股數（單位：股）,,--,sii,https://mopsov.twse.com.tw/mops/web/ajax_t163sb05
上游,晶圓代工與先進封裝,2330,台積電,2019,3,balance_sheet,預收股款（權益項下）之約當發行股數（單位：股）,0,0,sii,https://mopsov.twse.com.tw/mops/web/ajax_t163sb05
上游,晶圓代工與先進封裝,2330,台積電,2019,3,balance_sheet,母公司暨子公司所持有之母公司庫藏股股數（單位：股）,0,0,sii,https://mopsov.twse.com.tw/mops/web/ajax_t163sb05
上游,晶圓代工與先進封裝,2330,台積電,2019,3,balance_sheet,每股參考淨值,61.2,61.20,sii,https://mopsov.twse.com.tw/mops/web/ajax_t163sb05
上游,晶圓代工與先進封裝,2330,台積電,2019,3,cash_flow,營業活動之淨現金流入（流出）,412184327,"412,184,327",sii,https://mopsov.twse.com.tw/mops/web/ajax_t163sb20
上游,晶圓代工與先進封裝,2330,台積電,2019,3,cash_flow,投資活動之淨現金流入（流出）,-287196541,"-287,196,541",sii,https://mopsov.twse.com.tw/mops/web/ajax_t163sb20
上游,晶圓代工與先進封裝,2330,台積電,2019,3,cash_flow,籌資活動之淨現金流入（流出）,-252455390,"-252,455,390",sii,https://mopsov.twse.com.tw/mops/web/ajax_t163sb20
上游,晶圓代工與先進封裝,2330,台積電,2019,3,cash_flow,匯率變動對現金及約當現金之影響,2083303,"2,083,303",sii,https://mopsov.twse.com.tw/mops/web/ajax_t163sb20
上游,晶圓代工與先進封裝,2330,台積電,2019,3,cash_flow,本期現金及約當現金增加（減少）數,-125384301,"-125,384,301",sii,https://mopsov.twse.com.tw/mops/web/ajax_t163sb20
上游,晶圓代工與先進封裝,2330,台積電,2019,3,cash_flow,期初現金及約當現金餘額,577814601,"577,814,601",sii,https://mopsov.twse.com.tw/mops/web/ajax_t163sb20
上游,晶圓代工與先進封裝,2330,台積電,2019,3,cash_flow,期末現金及約當現金餘額,452430300,"452,430,300",sii,https://mopsov.twse.com.tw/mops/web/ajax_t163sb20
上游,晶圓代工與先進封裝,2330,台積電,2019,4,income_statement,營業收入,1069985448,"1,069,985,448",sii,https://mopsov.twse.com.tw/mops/web/ajax_t163sb04
上游,晶圓代工與先進封裝,2330,台積電,2019,4,income_statement,營業成本,577286947,"577,286,947",sii,https://mopsov.twse.com.tw/mops/web/ajax_t163sb04
上游,晶圓代工與先進封裝,2330,台積電,2019,4,income_statement,原始認列生物資產及農產品之利益（損失）,,--,sii,https://mopsov.twse.com.tw/mops/web/ajax_t163sb04
上游,晶圓代工與先進封裝,2330,台積電,2019,4,income_statement,生物資產當期公允價值減出售成本之變動利益（損失）,,--,sii,https://mopsov.twse.com.tw/mops/web/ajax_t163sb04
上游,晶圓代工與先進封裝,2330,台積電,2019,4,income_statement,營業毛利（毛損）,492698501,"492,698,501",sii,https://mopsov.twse.com.tw/mops/web/ajax_t163sb04
上游,晶圓代工與先進封裝,2330,台積電,2019,4,income_statement,未實現銷貨（損）益,-3395,"-3,395",sii,https://mopsov.twse.com.tw/mops/web/ajax_t163sb04
上游,晶圓代工與先進封裝,2330,台積電,2019,4,income_statement,已實現銷貨（損）益,,--,sii,https://mopsov.twse.com.tw/mops/web/ajax_t163sb04
上游,晶圓代工與先進封裝,2330,台積電,2019,4,income_statement,營業毛利（毛損）淨額,492701896,"492,701,896",sii,https://mopsov.twse.com.tw/mops/web/ajax_t163sb04
上游,晶圓代工與先進封裝,2330,台積電,2019,4,income_statement,營業費用,119504582,"119,504,582",sii,https://mopsov.twse.com.tw/mops/web/ajax_t163sb04
上游,晶圓代工與先進封裝,2330,台積電,2019,4,income_statement,其他收益及費損淨額,-496224,"-496,224",sii,https://mopsov.twse.com.tw/mops/web/ajax_t163sb04
上游,晶圓代工與先進封裝,2330,台積電,2019,4,income_statement,營業利益（損失）,372701090,"372,701,090",sii,https://mopsov.twse.com.tw/mops/web/ajax_t163sb04
上游,晶圓代工與先進封裝,2330,台積電,2019,4,income_statement,營業外收入及支出,17144246,"17,144,246",sii,https://mopsov.twse.com.tw/mops/web/ajax_t163sb04
上游,晶圓代工與先進封裝,2330,台積電,2019,4,income_statement,稅前淨利（淨損）,389845336,"389,845,336",sii,https://mopsov.twse.com.tw/mops/web/ajax_t163sb04
上游,晶圓代工與先進封裝,2330,台積電,2019,4,income_statement,所得稅費用（利益）,44501527,"44,501,527",sii,https://mopsov.twse.com.tw/mops/web/ajax_t163sb04
上游,晶圓代工與先進封裝,2330,台積電,2019,4,income_statement,繼續營業單位本期淨利（淨損）,345343809,"345,343,809",sii,https://mopsov.twse.com.tw/mops/web/ajax_t163sb04
上游,晶圓代工與先進封裝,2330,台積電,2019,4,income_statement,停業單位損益,,--,sii,https://mopsov.twse.com.tw/mops/web/ajax_t163sb04
上游,晶圓代工與先進封裝,2330,台積電,2019,4,income_statement,合併前非屬共同控制股權損益,,--,sii,https://mopsov.twse.com.tw/mops/web/ajax_t163sb04
上游,晶圓代工與先進封裝,2330,台積電,2019,4,income_statement,本期淨利（淨損）,345343809,"345,343,809",sii,https://mopsov.twse.com.tw/mops/web/ajax_t163sb04
上游,晶圓代工與先進封裝,2330,台積電,2019,4,income_statement,其他綜合損益（淨額）,-11823562,"-11,823,562",sii,https://mopsov.twse.com.tw/mops/web/ajax_t163sb04
上游,晶圓代工與先進封裝,2330,台積電,2019,4,income_statement,合併前非屬共同控制股權綜合損益淨額,,--,sii,https://mopsov.twse.com.tw/mops/web/ajax_t163sb04
上游,晶圓代工與先進封裝,2330,台積電,2019,4,income_statement,本期綜合損益總額,333520247,"333,520,247",sii,https://mopsov.twse.com.tw/mops/web/ajax_t163sb04
上游,晶圓代工與先進封裝,2330,台積電,2019,4,income_statement,淨利（淨損）歸屬於母公司業主,345263668,"345,263,668",sii,https://mopsov.twse.com.tw/mops/web/ajax_t163sb04
上游,晶圓代工與先進封裝,2330,台積電,2019,4,income_statement,淨利（淨損）歸屬於共同控制下前手權益,,--,sii,https://mopsov.twse.com.tw/mops/web/ajax_t163sb04
上游,晶圓代工與先進封裝,2330,台積電,2019,4,income_statement,淨利（淨損）歸屬於非控制權益,80141,"80,141",sii,https://mopsov.twse.com.tw/mops/web/ajax_t163sb04
上游,晶圓代工與先進封裝,2330,台積電,2019,4,income_statement,綜合損益總額歸屬於母公司業主,333440460,"333,440,460",sii,https://mopsov.twse.com.tw/mops/web/ajax_t163sb04
上游,晶圓代工與先進封裝,2330,台積電,2019,4,income_statement,綜合損益總額歸屬於共同控制下前手權益,,--,sii,https://mopsov.twse.com.tw/mops/web/ajax_t163sb04
上游,晶圓代工與先進封裝,2330,台積電,2019,4,income_statement,綜合損益總額歸屬於非控制權益,79787,"79,787",sii,https://mopsov.twse.com.tw/mops/web/ajax_t163sb04
上游,晶圓代工與先進封裝,2330,台積電,2019,4,income_statement,基本每股盈餘（元）,13.32,13.32,sii,https://mopsov.twse.com.tw/mops/web/ajax_t163sb04
上游,晶圓代工與先進封裝,2330,台積電,2019,4,balance_sheet,流動資產,822613914,"822,613,914",sii,https://mopsov.twse.com.tw/mops/web/ajax_t163sb05
上游,晶圓代工與先進封裝,2330,台積電,2019,4,balance_sheet,非流動資產,1442191118,"1,442,191,118",sii,https://mopsov.twse.com.tw/mops/web/ajax_t163sb05
上游,晶圓代工與先進封裝,2330,台積電,2019,4,balance_sheet,資產總計,2264805032,"2,264,805,032",sii,https://mopsov.twse.com.tw/mops/web/ajax_t163sb05
上游,晶圓代工與先進封裝,2330,台積電,2019,4,balance_sheet,流動負債,590735701,"590,735,701",sii,https://mopsov.twse.com.tw/mops/web/ajax_t163sb05
上游,晶圓代工與先進封裝,2330,台積電,2019,4,balance_sheet,非流動負債,51973905,"51,973,905",sii,https://mopsov.twse.com.tw/mops/web/ajax_t163sb05
上游,晶圓代工與先進封裝,2330,台積電,2019,4,balance_sheet,負債總計,642709606,"642,709,606",sii,https://mopsov.twse.com.tw/mops/web/ajax_t163sb05
上游,晶圓代工與先進封裝,2330,台積電,2019,4,balance_sheet,股本,259303805,"259,303,805",sii,https://mopsov.twse.com.tw/mops/web/ajax_t163sb05
上游,晶圓代工與先進封裝,2330,台積電,2019,4,balance_sheet,資本公積,56339709,"56,339,709",sii,https://mopsov.twse.com.tw/mops/web/ajax_t163sb05
上游,晶圓代工與先進封裝,2330,台積電,2019,4,balance_sheet,保留盈餘,1333334979,"1,333,334,979",sii,https://mopsov.twse.com.tw/mops/web/ajax_t163sb05
上游,晶圓代工與先進封裝,2330,台積電,2019,4,balance_sheet,其他權益,-27568369,"-27,568,369",sii,https://mopsov.twse.com.tw/mops/web/ajax_t163sb05
上游,晶圓代工與先進封裝,2330,台積電,2019,4,balance_sheet,庫藏股票,,--,sii,https://mopsov.twse.com.tw/mops/web/ajax_t163sb05
上游,晶圓代工與先進封裝,2330,台積電,2019,4,balance_sheet,歸屬於母公司業主之權益合計,1621410124,"1,621,410,124",sii,https://mopsov.twse.com.tw/mops/web/ajax_t163sb05
上游,晶圓代工與先進封裝,2330,台積電,2019,4,balance_sheet,共同控制下前手權益,,--,sii,https://mopsov.twse.com.tw/mops/web/ajax_t163sb05
上游,晶圓代工與先進封裝,2330,台積電,2019,4,balance_sheet,合併前非屬共同控制股權,,--,sii,https://mopsov.twse.com.tw/mops/web/ajax_t163sb05
上游,晶圓代工與先進封裝,2330,台積電,2019,4,balance_sheet,非控制權益,685302,"685,302",sii,https://mopsov.twse.com.tw/mops/web/ajax_t163sb05
上游,晶圓代工與先進封裝,2330,台積電,2019,4,balance_sheet,權益總計,1622095426,"1,622,095,426",sii,https://mopsov.twse.com.tw/mops/web/ajax_t163sb05
上游,晶圓代工與先進封裝,2330,台積電,2019,4,balance_sheet,待註銷股本股數（單位：股）,,--,sii,https://mopsov.twse.com.tw/mops/web/ajax_t163sb05
上游,晶圓代工與先進封裝,2330,台積電,2019,4,balance_sheet,預收股款（權益項下）之約當發行股數（單位：股）,0,0,sii,https://mopsov.twse.com.tw/mops/web/ajax_t163sb05
上游,晶圓代工與先進封裝,2330,台積電,2019,4,balance_sheet,母公司暨子公司所持有之母公司庫藏股股數（單位：股）,0,0,sii,https://mopsov.twse.com.tw/mops/web/ajax_t163sb05
上游,晶圓代工與先進封裝,2330,台積電,2019,4,balance_sheet,每股參考淨值,62.53,62.53,sii,https://mopsov.twse.com.tw/mops/web/ajax_t163sb05
上游,晶圓代工與先進封裝,2330,台積電,2019,4,cash_flow,營業活動之淨現金流入（流出）,615138744,"615,138,744",sii,https://mopsov.twse.com.tw/mops/web/ajax_t163sb20
上游,晶圓代工與先進封裝,2330,台積電,2019,4,cash_flow,投資活動之淨現金流入（流出）,-458801647,"-458,801,647",sii,https://mopsov.twse.com.tw/mops/web/ajax_t163sb20
上游,晶圓代工與先進封裝,2330,台積電,2019,4,cash_flow,籌資活動之淨現金流入（流出）,-269638166,"-269,638,166",sii,https://mopsov.twse.com.tw/mops/web/ajax_t163sb20
上游,晶圓代工與先進封裝,2330,台積電,2019,4,cash_flow,匯率變動對現金及約當現金之影響,-9114196,"-9,114,196",sii,https://mopsov.twse.com.tw/mops/web/ajax_t163sb20
上游,晶圓代工與先進封裝,2330,台積電,2019,4,cash_flow,本期現金及約當現金增加（減少）數,-122415265,"-122,415,265",sii,https://mopsov.twse.com.tw/mops/web/ajax_t163sb20
上游,晶圓代工與先進封裝,2330,台積電,2019,4,cash_flow,期初現金及約當現金餘額,577814601,"577,814,601",sii,https://mopsov.twse.com.tw/mops/web/ajax_t163sb20
上游,晶圓代工與先進封裝,2330,台積電,2019,4,cash_flow,期末現金及約當現金餘額,455399336,"455,399,336",sii,https://mopsov.twse.com.tw/mops/web/ajax_t163sb20
上游,晶圓代工與先進封裝,2330,台積電,2020,1,income_statement,營業收入,310597183,"310,597,183",sii,https://mopsov.twse.com.tw/mops/web/ajax_t163sb04
上游,晶圓代工與先進封裝,2330,台積電,2020,1,income_statement,營業成本,149813002,"149,813,002",sii,https://mopsov.twse.com.tw/mops/web/ajax_t163sb04
上游,晶圓代工與先進封裝,2330,台積電,2020,1,income_statement,原始認列生物資產及農產品之利益（損失）,,--,sii,https://mopsov.twse.com.tw/mops/web/ajax_t163sb04
上游,晶圓代工與先進封裝,2330,台積電,2020,1,income_statement,生物資產當期公允價值減出售成本之變動利益（損失）,,--,sii,https://mopsov.twse.com.tw/mops/web/ajax_t163sb04
上游,晶圓代工與先進封裝,2330,台積電,2020,1,income_statement,營業毛利（毛損）,160784181,"160,784,181",sii,https://mopsov.twse.com.tw/mops/web/ajax_t163sb04
上游,晶圓代工與先進封裝,2330,台積電,2020,1,income_statement,未實現銷貨（損）益,,--,sii,https://mopsov.twse.com.tw/mops/web/ajax_t163sb04
上游,晶圓代工與先進封裝,2330,台積電,2020,1,income_statement,已實現銷貨（損）益,-7673,"-7,673",sii,https://mopsov.twse.com.tw/mops/web/ajax_t163sb04
上游,晶圓代工與先進封裝,2330,台積電,2020,1,income_statement,營業毛利（毛損）淨額,160776508,"160,776,508",sii,https://mopsov.twse.com.tw/mops/web/ajax_t163sb04
上游,晶圓代工與先進封裝,2330,台積電,2020,1,income_statement,營業費用,32323046,"32,323,046",sii,https://mopsov.twse.com.tw/mops/web/ajax_t163sb04
上游,晶圓代工與先進封裝,2330,台積電,2020,1,income_statement,其他收益及費損淨額,68175,"68,175",sii,https://mopsov.twse.com.tw/mops/web/ajax_t163sb04
上游,晶圓代工與先進封裝,2330,台積電,2020,1,income_statement,營業利益（損失）,128521637,"128,521,637",sii,https://mopsov.twse.com.tw/mops/web/ajax_t163sb04
上游,晶圓代工與先進封裝,2330,台積電,2020,1,income_statement,營業外收入及支出,3625541,"3,625,541",sii,https://mopsov.twse.com.tw/mops/web/ajax_t163sb04
上游,晶圓代工與先進封裝,2330,台積電,2020,1,income_statement,稅前淨利（淨損）,132147178,"132,147,178",sii,https://mopsov.twse.com.tw/mops/web/ajax_t163sb04
上游,晶圓代工與先進封裝,2330,台積電,2020,1,income_statement,所得稅費用（利益）,15084285,"15,084,285",sii,https://mopsov.twse.com.tw/mops/web/ajax_t163sb04
上游,晶圓代工與先進封裝,2330,台積電,2020,1,income_statement,繼續營業單位本期淨利（淨損）,117062893,"117,062,893",sii,https://mopsov.twse.com.tw/mops/web/ajax_t163sb04
上游,晶圓代工與先進封裝,2330,台積電,2020,1,income_statement,停業單位損益,,--,sii,https://mopsov.twse.com.tw/mops/web/ajax_t163sb04
上游,晶圓代工與先進封裝,2330,台積電,2020,1,income_statement,合併前非屬共同控制股權損益,,--,sii,https://mopsov.twse.com.tw/mops/web/ajax_t163sb04
上游,晶圓代工與先進封裝,2330,台積電,2020,1,income_statement,本期淨利（淨損）,117062893,"117,062,893",sii,https://mopsov.twse.com.tw/mops/web/ajax_t163sb04
上游,晶圓代工與先進封裝,2330,台積電,2020,1,income_statement,其他綜合損益（淨額）,2647918,"2,647,918",sii,https://mopsov.twse.com.tw/mops/web/ajax_t163sb04
上游,晶圓代工與先進封裝,2330,台積電,2020,1,income_statement,合併前非屬共同控制股權綜合損益淨額,,--,sii,https://mopsov.twse.com.tw/mops/web/ajax_t163sb04
上游,晶圓代工與先進封裝,2330,台積電,2020,1,income_statement,本期綜合損益總額,119710811,"119,710,811",sii,https://mopsov.twse.com.tw/mops/web/ajax_t163sb04
上游,晶圓代工與先進封裝,2330,台積電,2020,1,income_statement,淨利（淨損）歸屬於母公司業主,116986720,"116,986,720",sii,https://mopsov.twse.com.tw/mops/web/ajax_t163sb04
上游,晶圓代工與先進封裝,2330,台積電,2020,1,income_statement,淨利（淨損）歸屬於共同控制下前手權益,,--,sii,https://mopsov.twse.com.tw/mops/web/ajax_t163sb04
上游,晶圓代工與先進封裝,2330,台積電,2020,1,income_statement,淨利（淨損）歸屬於非控制權益,76173,"76,173",sii,https://mopsov.twse.com.tw/mops/web/ajax_t163sb04
上游,晶圓代工與先進封裝,2330,台積電,2020,1,income_statement,綜合損益總額歸屬於母公司業主,119634992,"119,634,992",sii,https://mopsov.twse.com.tw/mops/web/ajax_t163sb04
上游,晶圓代工與先進封裝,2330,台積電,2020,1,income_statement,綜合損益總額歸屬於共同控制下前手權益,,--,sii,https://mopsov.twse.com.tw/mops/web/ajax_t163sb04
上游,晶圓代工與先進封裝,2330,台積電,2020,1,income_statement,綜合損益總額歸屬於非控制權益,75819,"75,819",sii,https://mopsov.twse.com.tw/mops/web/ajax_t163sb04
上游,晶圓代工與先進封裝,2330,台積電,2020,1,income_statement,基本每股盈餘（元）,4.51,4.51,sii,https://mopsov.twse.com.tw/mops/web/ajax_t163sb04
上游,晶圓代工與先進封裝,2330,台積電,2020,1,balance_sheet,流動資產,802470040,"802,470,040",sii,https://mopsov.twse.com.tw/mops/web/ajax_t163sb05
上游,晶圓代工與先進封裝,2330,台積電,2020,1,balance_sheet,非流動資產,1540825656,"1,540,825,656",sii,https://mopsov.twse.com.tw/mops/web/ajax_t163sb05
上游,晶圓代工與先進封裝,2330,台積電,2020,1,balance_sheet,資產總計,2343295696,"2,343,295,696",sii,https://mopsov.twse.com.tw/mops/web/ajax_t163sb05
上游,晶圓代工與先進封裝,2330,台積電,2020,1,balance_sheet,流動負債,589468059,"589,468,059",sii,https://mopsov.twse.com.tw/mops/web/ajax_t163sb05
上游,晶圓代工與先進封裝,2330,台積電,2020,1,balance_sheet,非流動負債,76799106,"76,799,106",sii,https://mopsov.twse.com.tw/mops/web/ajax_t163sb05
上游,晶圓代工與先進封裝,2330,台積電,2020,1,balance_sheet,負債總計,666267165,"666,267,165",sii,https://mopsov.twse.com.tw/mops/web/ajax_t163sb05
上游,晶圓代工與先進封裝,2330,台積電,2020,1,balance_sheet,股本,259303805,"259,303,805",sii,https://mopsov.twse.com.tw/mops/web/ajax_t163sb05
上游,晶圓代工與先進封裝,2330,台積電,2020,1,balance_sheet,資本公積,56339785,"56,339,785",sii,https://mopsov.twse.com.tw/mops/web/ajax_t163sb05
上游,晶圓代工與先進封裝,2330,台積電,2020,1,balance_sheet,保留盈餘,1385495748,"1,385,495,748",sii,https://mopsov.twse.com.tw/mops/web/ajax_t163sb05
上游,晶圓代工與先進封裝,2330,台積電,2020,1,balance_sheet,其他權益,-24873338,"-24,873,338",sii,https://mopsov.twse.com.tw/mops/web/ajax_t163sb05
上游,晶圓代工與先進封裝,2330,台積電,2020,1,balance_sheet,庫藏股票,,--,sii,https://mopsov.twse.com.tw/mops/web/ajax_t163sb05
上游,晶圓代工與先進封裝,2330,台積電,2020,1,balance_sheet,歸屬於母公司業主之權益合計,1676266000,"1,676,266,000",sii,https://mopsov.twse.com.tw/mops/web/ajax_t163sb05
上游,晶圓代工與先進封裝,2330,台積電,2020,1,balance_sheet,共同控制下前手權益,,--,sii,https://mopsov.twse.com.tw/mops/web/ajax_t163sb05
上游,晶圓代工與先進封裝,2330,台積電,2020,1,balance_sheet,合併前非屬共同控制股權,,--,sii,https://mopsov.twse.com.tw/mops/web/ajax_t163sb05
上游,晶圓代工與先進封裝,2330,台積電,2020,1,balance_sheet,非控制權益,762531,"762,531",sii,https://mopsov.twse.com.tw/mops/web/ajax_t163sb05
上游,晶圓代工與先進封裝,2330,台積電,2020,1,balance_sheet,權益總計,1677028531,"1,677,028,531",sii,https://mopsov.twse.com.tw/mops/web/ajax_t163sb05
上游,晶圓代工與先進封裝,2330,台積電,2020,1,balance_sheet,待註銷股本股數（單位：股）,,--,sii,https://mopsov.twse.com.tw/mops/web/ajax_t163sb05
上游,晶圓代工與先進封裝,2330,台積電,2020,1,balance_sheet,預收股款（權益項下）之約當發行股數（單位：股）,0,0,sii,https://mopsov.twse.com.tw/mops/web/ajax_t163sb05
上游,晶圓代工與先進封裝,2330,台積電,2020,1,balance_sheet,母公司暨子公司所持有之母公司庫藏股股數（單位：股）,0,0,sii,https://mopsov.twse.com.tw/mops/web/ajax_t163sb05
上游,晶圓代工與先進封裝,2330,台積電,2020,1,balance_sheet,每股參考淨值,64.64,64.64,sii,https://mopsov.twse.com.tw/mops/web/ajax_t163sb05
上游,晶圓代工與先進封裝,2330,台積電,2020,1,cash_flow,營業活動之淨現金流入（流出）,203029442,"203,029,442",sii,https://mopsov.twse.com.tw/mops/web/ajax_t163sb20
上游,晶圓代工與先進封裝,2330,台積電,2020,1,cash_flow,投資活動之淨現金流入（流出）,-188993268,"-188,993,268",sii,https://mopsov.twse.com.tw/mops/web/ajax_t163sb20
上游,晶圓代工與先進封裝,2330,台積電,2020,1,cash_flow,籌資活動之淨現金流入（流出）,-40757411,"-40,757,411",sii,https://mopsov.twse.com.tw/mops/web/ajax_t163sb20
上游,晶圓代工與先進封裝,2330,台積電,2020,1,cash_flow,匯率變動對現金及約當現金之影響,2099130,"2,099,130",sii,https://mopsov.twse.com.tw/mops/web/ajax_t163sb20
上游,晶圓代工與先進封裝,2330,台積電,2020,1,cash_flow,本期現金及約當現金增加（減少）數,-24622107,"-24,622,107",sii,https://mopsov.twse.com.tw/mops/web/ajax_t163sb20
上游,晶圓代工與先進封裝,2330,台積電,2020,1,cash_flow,期初現金及約當現金餘額,455399336,"455,399,336",sii,https://mopsov.twse.com.tw/mops/web/ajax_t163sb20
上游,晶圓代工與先進封裝,2330,台積電,2020,1,cash_flow,期末現金及約當現金餘額,430777229,"430,777,229",sii,https://mopsov.twse.com.tw/mops/web/ajax_t163sb20
上游,晶圓代工與先進封裝,2330,台積電,2020,2,income_statement,營業收入,621295550,"621,295,550",sii,https://mopsov.twse.com.tw/mops/web/ajax_t163sb04
上游,晶圓代工與先進封裝,2330,台積電,2020,2,income_statement,營業成本,295818544,"295,818,544",sii,https://mopsov.twse.com.tw/mops/web/ajax_t163sb04
上游,晶圓代工與先進封裝,2330,台積電,2020,2,income_statement,原始認列生物資產及農產品之利益（損失）,,--,sii,https://mopsov.twse.com.tw/mops/web/ajax_t163sb04
上游,晶圓代工與先進封裝,2330,台積電,2020,2,income_statement,生物資產當期公允價值減出售成本之變動利益（損失）,,--,sii,https://mopsov.twse.com.tw/mops/web/ajax_t163sb04
上游,晶圓代工與先進封裝,2330,台積電,2020,2,income_statement,營業毛利（毛損）,325477006,"325,477,006",sii,https://mopsov.twse.com.tw/mops/web/ajax_t163sb04
上游,晶圓代工與先進封裝,2330,台積電,2020,2,income_statement,未實現銷貨（損）益,,--,sii,https://mopsov.twse.com.tw/mops/web/ajax_t163sb04
上游,晶圓代工與先進封裝,2330,台積電,2020,2,income_statement,已實現銷貨（損）益,-76707,"-76,707",sii,https://mopsov.twse.com.tw/mops/web/ajax_t163sb04
上游,晶圓代工與先進封裝,2330,台積電,2020,2,income_statement,營業毛利（毛損）淨額,325400299,"325,400,299",sii,https://mopsov.twse.com.tw/mops/web/ajax_t163sb04
上游,晶圓代工與先進封裝,2330,台積電,2020,2,income_statement,營業費用,65843755,"65,843,755",sii,https://mopsov.twse.com.tw/mops/web/ajax_t163sb04
上游,晶圓代工與先進封裝,2330,台積電,2020,2,income_statement,其他收益及費損淨額,59631,"59,631",sii,https://mopsov.twse.com.tw/mops/web/ajax_t163sb04
上游,晶圓代工與先進封裝,2330,台積電,2020,2,income_statement,營業利益（損失）,259616175,"259,616,175",sii,https://mopsov.twse.com.tw/mops/web/ajax_t163sb04
上游,晶圓代工與先進封裝,2330,台積電,2020,2,income_statement,營業外收入及支出,8929641,"8,929,641",sii,https://mopsov.twse.com.tw/mops/web/ajax_t163sb04
上游,晶圓代工與先進封裝,2330,台積電,2020,2,income_statement,稅前淨利（淨損）,268545816,"268,545,816",sii,https://mopsov.twse.com.tw/mops/web/ajax_t163sb04
上游,晶圓代工與先進封裝,2330,台積電,2020,2,income_statement,所得稅費用（利益）,30590409,"30,590,409",sii,https://mopsov.twse.com.tw/mops/web/ajax_t163sb04
上游,晶圓代工與先進封裝,2330,台積電,2020,2,income_statement,繼續營業單位本期淨利（淨損）,237955407,"237,955,407",sii,https://mopsov.twse.com.tw/mops/web/ajax_t163sb04
上游,晶圓代工與先進封裝,2330,台積電,2020,2,income_statement,停業單位損益,,--,sii,https://mopsov.twse.com.tw/mops/web/ajax_t163sb04
上游,晶圓代工與先進封裝,2330,台積電,2020,2,income_statement,合併前非屬共同控制股權損益,,--,sii,https://mopsov.twse.com.tw/mops/web/ajax_t163sb04
上游,晶圓代工與先進封裝,2330,台積電,2020,2,income_statement,本期淨利（淨損）,237955407,"237,955,407",sii,https://mopsov.twse.com.tw/mops/web/ajax_t163sb04
上游,晶圓代工與先進封裝,2330,台積電,2020,2,income_statement,其他綜合損益（淨額）,-9235568,"-9,235,568",sii,https://mopsov.twse.com.tw/mops/web/ajax_t163sb04
上游,晶圓代工與先進封裝,2330,台積電,2020,2,income_statement,合併前非屬共同控制股權綜合損益淨額,,--,sii,https://mopsov.twse.com.tw/mops/web/ajax_t163sb04
上游,晶圓代工與先進封裝,2330,台積電,2020,2,income_statement,本期綜合損益總額,228719839,"228,719,839",sii,https://mopsov.twse.com.tw/mops/web/ajax_t163sb04
上游,晶圓代工與先進封裝,2330,台積電,2020,2,income_statement,淨利（淨損）歸屬於母公司業主,237808913,"237,808,913",sii,https://mopsov.twse.com.tw/mops/web/ajax_t163sb04
上游,晶圓代工與先進封裝,2330,台積電,2020,2,income_statement,淨利（淨損）歸屬於共同控制下前手權益,,--,sii,https://mopsov.twse.com.tw/mops/web/ajax_t163sb04
上游,晶圓代工與先進封裝,2330,台積電,2020,2,income_statement,淨利（淨損）歸屬於非控制權益,146494,"146,494",sii,https://mopsov.twse.com.tw/mops/web/ajax_t163sb04
上游,晶圓代工與先進封裝,2330,台積電,2020,2,income_statement,綜合損益總額歸屬於母公司業主,228572728,"228,572,728",sii,https://mopsov.twse.com.tw/mops/web/ajax_t163sb04
上游,晶圓代工與先進封裝,2330,台積電,2020,2,income_statement,綜合損益總額歸屬於共同控制下前手權益,,--,sii,https://mopsov.twse.com.tw/mops/web/ajax_t163sb04
上游,晶圓代工與先進封裝,2330,台積電,2020,2,income_statement,綜合損益總額歸屬於非控制權益,147111,"147,111",sii,https://mopsov.twse.com.tw/mops/web/ajax_t163sb04
上游,晶圓代工與先進封裝,2330,台積電,2020,2,income_statement,基本每股盈餘（元）,9.17,9.17,sii,https://mopsov.twse.com.tw/mops/web/ajax_t163sb04
上游,晶圓代工與先進封裝,2330,台積電,2020,2,balance_sheet,流動資產,860031580,"860,031,580",sii,https://mopsov.twse.com.tw/mops/web/ajax_t163sb05
上游,晶圓代工與先進封裝,2330,台積電,2020,2,balance_sheet,非流動資產,1588632942,"1,588,632,942",sii,https://mopsov.twse.com.tw/mops/web/ajax_t163sb05
上游,晶圓代工與先進封裝,2330,台積電,2020,2,balance_sheet,資產總計,2448664522,"2,448,664,522",sii,https://mopsov.twse.com.tw/mops/web/ajax_t163sb05
上游,晶圓代工與先進封裝,2330,台積電,2020,2,balance_sheet,流動負債,614795728,"614,795,728",sii,https://mopsov.twse.com.tw/mops/web/ajax_t163sb05
上游,晶圓代工與先進封裝,2330,台積電,2020,2,balance_sheet,非流動負債,112655412,"112,655,412",sii,https://mopsov.twse.com.tw/mops/web/ajax_t163sb05
上游,晶圓代工與先進封裝,2330,台積電,2020,2,balance_sheet,負債總計,727451140,"727,451,140",sii,https://mopsov.twse.com.tw/mops/web/ajax_t163sb05
上游,晶圓代工與先進封裝,2330,台積電,2020,2,balance_sheet,股本,259303805,"259,303,805",sii,https://mopsov.twse.com.tw/mops/web/ajax_t163sb05
上游,晶圓代工與先進封裝,2330,台積電,2020,2,balance_sheet,權益─具證券性質之虛擬通貨,,--,sii,https://mopsov.twse.com.tw/mops/web/ajax_t163sb05
上游,晶圓代工與先進封裝,2330,台積電,2020,2,balance_sheet,資本公積,56339981,"56,339,981",sii,https://mopsov.twse.com.tw/mops/web/ajax_t163sb05
上游,晶圓代工與先進封裝,2330,台積電,2020,2,balance_sheet,保留盈餘,1441491990,"1,441,491,990",sii,https://mopsov.twse.com.tw/mops/web/ajax_t163sb05
上游,晶圓代工與先進封裝,2330,台積電,2020,2,balance_sheet,其他權益,-36757795,"-36,757,795",sii,https://mopsov.twse.com.tw/mops/web/ajax_t163sb05
上游,晶圓代工與先進封裝,2330,台積電,2020,2,balance_sheet,庫藏股票,,--,sii,https://mopsov.twse.com.tw/mops/web/ajax_t163sb05
上游,晶圓代工與先進封裝,2330,台積電,2020,2,balance_sheet,歸屬於母公司業主之權益合計,1720377981,"1,720,377,981",sii,https://mopsov.twse.com.tw/mops/web/ajax_t163sb05
上游,晶圓代工與先進封裝,2330,台積電,2020,2,balance_sheet,共同控制下前手權益,,--,sii,https://mopsov.twse.com.tw/mops/web/ajax_t163sb05
上游,晶圓代工與先進封裝,2330,台積電,2020,2,balance_sheet,合併前非屬共同控制股權,,--,sii,https://mopsov.twse.com.tw/mops/web/ajax_t163sb05
上游,晶圓代工與先進封裝,2330,台積電,2020,2,balance_sheet,非控制權益,835401,"835,401",sii,https://mopsov.twse.com.tw/mops/web/ajax_t163sb05
上游,晶圓代工與先進封裝,2330,台積電,2020,2,balance_sheet,權益總計,1721213382,"1,721,213,382",sii,https://mopsov.twse.com.tw/mops/web/ajax_t163sb05
上游,晶圓代工與先進封裝,2330,台積電,2020,2,balance_sheet,待註銷股本股數（單位：股）,,--,sii,https://mopsov.twse.com.tw/mops/web/ajax_t163sb05
上游,晶圓代工與先進封裝,2330,台積電,2020,2,balance_sheet,預收股款（權益項下）之約當發行股數（單位：股）,0,0,sii,https://mopsov.twse.com.tw/mops/web/ajax_t163sb05
上游,晶圓代工與先進封裝,2330,台積電,2020,2,balance_sheet,母公司暨子公司所持有之母公司庫藏股股數（單位：股）,0,0,sii,https://mopsov.twse.com.tw/mops/web/ajax_t163sb05
上游,晶圓代工與先進封裝,2330,台積電,2020,2,balance_sheet,每股參考淨值,66.35,66.35,sii,https://mopsov.twse.com.tw/mops/web/ajax_t163sb05
上游,晶圓代工與先進封裝,2330,台積電,2020,2,cash_flow,營業活動之淨現金流入（流出）,373364401,"373,364,401",sii,https://mopsov.twse.com.tw/mops/web/ajax_t163sb20
上游,晶圓代工與先進封裝,2330,台積電,2020,2,cash_flow,投資活動之淨現金流入（流出）,-318743432,"-318,743,432",sii,https://mopsov.twse.com.tw/mops/web/ajax_t163sb20
上游,晶圓代工與先進封裝,2330,台積電,2020,2,cash_flow,籌資活動之淨現金流入（流出）,-34845358,"-34,845,358",sii,https://mopsov.twse.com.tw/mops/web/ajax_t163sb20
上游,晶圓代工與先進封裝,2330,台積電,2020,2,cash_flow,匯率變動對現金及約當現金之影響,-7561504,"-7,561,504",sii,https://mopsov.twse.com.tw/mops/web/ajax_t163sb20
上游,晶圓代工與先進封裝,2330,台積電,2020,2,cash_flow,本期現金及約當現金增加（減少）數,12214107,"12,214,107",sii,https://mopsov.twse.com.tw/mops/web/ajax_t163sb20
上游,晶圓代工與先進封裝,2330,台積電,2020,2,cash_flow,期初現金及約當現金餘額,455399336,"455,399,336",sii,https://mopsov.twse.com.tw/mops/web/ajax_t163sb20
上游,晶圓代工與先進封裝,2330,台積電,2020,2,cash_flow,期末現金及約當現金餘額,467613443,"467,613,443",sii,https://mopsov.twse.com.tw/mops/web/ajax_t163sb20
上游,晶圓代工與先進封裝,2330,台積電,2020,3,income_statement,營業收入,977721754,"977,721,754",sii,https://mopsov.twse.com.tw/mops/web/ajax_t163sb04
上游,晶圓代工與先進封裝,2330,台積電,2020,3,income_statement,營業成本,461764078,"461,764,078",sii,https://mopsov.twse.com.tw/mops/web/ajax_t163sb04
上游,晶圓代工與先進封裝,2330,台積電,2020,3,income_statement,原始認列生物資產及農產品之利益（損失）,,--,sii,https://mopsov.twse.com.tw/mops/web/ajax_t163sb04
上游,晶圓代工與先進封裝,2330,台積電,2020,3,income_statement,生物資產當期公允價值減出售成本之變動利益（損失）,,--,sii,https://mopsov.twse.com.tw/mops/web/ajax_t163sb04
上游,晶圓代工與先進封裝,2330,台積電,2020,3,income_statement,營業毛利（毛損）,515957676,"515,957,676",sii,https://mopsov.twse.com.tw/mops/web/ajax_t163sb04
上游,晶圓代工與先進封裝,2330,台積電,2020,3,income_statement,未實現銷貨（損）益,,--,sii,https://mopsov.twse.com.tw/mops/web/ajax_t163sb04
上游,晶圓代工與先進封裝,2330,台積電,2020,3,income_statement,已實現銷貨（損）益,-63881,"-63,881",sii,https://mopsov.twse.com.tw/mops/web/ajax_t163sb04
上游,晶圓代工與先進封裝,2330,台積電,2020,3,income_statement,營業毛利（毛損）淨額,515893795,"515,893,795",sii,https://mopsov.twse.com.tw/mops/web/ajax_t163sb04
上游,晶圓代工與先進封裝,2330,台積電,2020,3,income_statement,營業費用,106735110,"106,735,110",sii,https://mopsov.twse.com.tw/mops/web/ajax_t163sb04
上游,晶圓代工與先進封裝,2330,台積電,2020,3,income_statement,其他收益及費損淨額,504839,"504,839",sii,https://mopsov.twse.com.tw/mops/web/ajax_t163sb04
上游,晶圓代工與先進封裝,2330,台積電,2020,3,income_statement,營業利益（損失）,409663524,"409,663,524",sii,https://mopsov.twse.com.tw/mops/web/ajax_t163sb04
上游,晶圓代工與先進封裝,2330,台積電,2020,3,income_statement,營業外收入及支出,14006295,"14,006,295",sii,https://mopsov.twse.com.tw/mops/web/ajax_t163sb04
上游,晶圓代工與先進封裝,2330,台積電,2020,3,income_statement,稅前淨利（淨損）,423669819,"423,669,819",sii,https://mopsov.twse.com.tw/mops/web/ajax_t163sb04
上游,晶圓代工與先進封裝,2330,台積電,2020,3,income_statement,所得稅費用（利益）,48336261,"48,336,261",sii,https://mopsov.twse.com.tw/mops/web/ajax_t163sb04
上游,晶圓代工與先進封裝,2330,台積電,2020,3,income_statement,繼續營業單位本期淨利（淨損）,375333558,"375,333,558",sii,https://mopsov.twse.com.tw/mops/web/ajax_t163sb04
上游,晶圓代工與先進封裝,2330,台積電,2020,3,income_statement,停業單位損益,,--,sii,https://mopsov.twse.com.tw/mops/web/ajax_t163sb04
上游,晶圓代工與先進封裝,2330,台積電,2020,3,income_statement,合併前非屬共同控制股權損益,,--,sii,https://mopsov.twse.com.tw/mops/web/ajax_t163sb04
上游,晶圓代工與先進封裝,2330,台積電,2020,3,income_statement,本期淨利（淨損）,375333558,"375,333,558",sii,https://mopsov.twse.com.tw/mops/web/ajax_t163sb04
上游,晶圓代工與先進封裝,2330,台積電,2020,3,income_statement,其他綜合損益（淨額）,-14670970,"-14,670,970",sii,https://mopsov.twse.com.tw/mops/web/ajax_t163sb04
上游,晶圓代工與先進封裝,2330,台積電,2020,3,income_statement,合併前非屬共同控制股權綜合損益淨額,,--,sii,https://mopsov.twse.com.tw/mops/web/ajax_t163sb04
上游,晶圓代工與先進封裝,2330,台積電,2020,3,income_statement,本期綜合損益總額,360662588,"360,662,588",sii,https://mopsov.twse.com.tw/mops/web/ajax_t163sb04
上游,晶圓代工與先進封裝,2330,台積電,2020,3,income_statement,淨利（淨損）歸屬於母公司業主,375118953,"375,118,953",sii,https://mopsov.twse.com.tw/mops/web/ajax_t163sb04
上游,晶圓代工與先進封裝,2330,台積電,2020,3,income_statement,淨利（淨損）歸屬於共同控制下前手權益,,--,sii,https://mopsov.twse.com.tw/mops/web/ajax_t163sb04
上游,晶圓代工與先進封裝,2330,台積電,2020,3,income_statement,淨利（淨損）歸屬於非控制權益,214605,"214,605",sii,https://mopsov.twse.com.tw/mops/web/ajax_t163sb04
上游,晶圓代工與先進封裝,2330,台積電,2020,3,income_statement,綜合損益總額歸屬於母公司業主,360447417,"360,447,417",sii,https://mopsov.twse.com.tw/mops/web/ajax_t163sb04
上游,晶圓代工與先進封裝,2330,台積電,2020,3,income_statement,綜合損益總額歸屬於共同控制下前手權益,,--,sii,https://mopsov.twse.com.tw/mops/web/ajax_t163sb04
上游,晶圓代工與先進封裝,2330,台積電,2020,3,income_statement,綜合損益總額歸屬於非控制權益,215171,"215,171",sii,https://mopsov.twse.com.tw/mops/web/ajax_t163sb04
上游,晶圓代工與先進封裝,2330,台積電,2020,3,income_statement,基本每股盈餘（元）,14.47,14.47,sii,https://mopsov.twse.com.tw/mops/web/ajax_t163sb04
上游,晶圓代工與先進封裝,2330,台積電,2020,3,balance_sheet,流動資產,1029673918,"1,029,673,918",sii,https://mopsov.twse.com.tw/mops/web/ajax_t163sb05
上游,晶圓代工與先進封裝,2330,台積電,2020,3,balance_sheet,非流動資產,1605898296,"1,605,898,296",sii,https://mopsov.twse.com.tw/mops/web/ajax_t163sb05
上游,晶圓代工與先進封裝,2330,台積電,2020,3,balance_sheet,資產總計,2635572214,"2,635,572,214",sii,https://mopsov.twse.com.tw/mops/web/ajax_t163sb05
上游,晶圓代工與先進封裝,2330,台積電,2020,3,balance_sheet,流動負債,588241723,"588,241,723",sii,https://mopsov.twse.com.tw/mops/web/ajax_t163sb05
上游,晶圓代工與先進封裝,2330,台積電,2020,3,balance_sheet,非流動負債,259064116,"259,064,116",sii,https://mopsov.twse.com.tw/mops/web/ajax_t163sb05
上游,晶圓代工與先進封裝,2330,台積電,2020,3,balance_sheet,負債總計,847305839,"847,305,839",sii,https://mopsov.twse.com.tw/mops/web/ajax_t163sb05
上游,晶圓代工與先進封裝,2330,台積電,2020,3,balance_sheet,股本,259303805,"259,303,805",sii,https://mopsov.twse.com.tw/mops/web/ajax_t163sb05
上游,晶圓代工與先進封裝,2330,台積電,2020,3,balance_sheet,權益─具證券性質之虛擬通貨,,--,sii,https://mopsov.twse.com.tw/mops/web/ajax_t163sb05
上游,晶圓代工與先進封裝,2330,台積電,2020,3,balance_sheet,資本公積,56339982,"56,339,982",sii,https://mopsov.twse.com.tw/mops/web/ajax_t163sb05
上游,晶圓代工與先進封裝,2330,台積電,2020,3,balance_sheet,保留盈餘,1513976388,"1,513,976,388",sii,https://mopsov.twse.com.tw/mops/web/ajax_t163sb05
上游,晶圓代工與先進封裝,2330,台積電,2020,3,balance_sheet,其他權益,-42259146,"-42,259,146",sii,https://mopsov.twse.com.tw/mops/web/ajax_t163sb05
上游,晶圓代工與先進封裝,2330,台積電,2020,3,balance_sheet,庫藏股票,,--,sii,https://mopsov.twse.com.tw/mops/web/ajax_t163sb05
上游,晶圓代工與先進封裝,2330,台積電,2020,3,balance_sheet,歸屬於母公司業主之權益合計,1787361029,"1,787,361,029",sii,https://mopsov.twse.com.tw/mops/web/ajax_t163sb05
上游,晶圓代工與先進封裝,2330,台積電,2020,3,balance_sheet,共同控制下前手權益,,--,sii,https://mopsov.twse.com.tw/mops/web/ajax_t163sb05
上游,晶圓代工與先進封裝,2330,台積電,2020,3,balance_sheet,合併前非屬共同控制股權,,--,sii,https://mopsov.twse.com.tw/mops/web/ajax_t163sb05
上游,晶圓代工與先進封裝,2330,台積電,2020,3,balance_sheet,非控制權益,905346,"905,346",sii,https://mopsov.twse.com.tw/mops/web/ajax_t163sb05
上游,晶圓代工與先進封裝,2330,台積電,2020,3,balance_sheet,權益總計,1788266375,"1,788,266,375",sii,https://mopsov.twse.com.tw/mops/web/ajax_t163sb05
上游,晶圓代工與先進封裝,2330,台積電,2020,3,balance_sheet,待註銷股本股數（單位：股）,,--,sii,https://mopsov.twse.com.tw/mops/web/ajax_t163sb05
上游,晶圓代工與先進封裝,2330,台積電,2020,3,balance_sheet,預收股款（權益項下）之約當發行股數（單位：股）,0,0,sii,https://mopsov.twse.com.tw/mops/web/ajax_t163sb05
上游,晶圓代工與先進封裝,2330,台積電,2020,3,balance_sheet,母公司暨子公司所持有之母公司庫藏股股數（單位：股）,0,0,sii,https://mopsov.twse.com.tw/mops/web/ajax_t163sb05
上游,晶圓代工與先進封裝,2330,台積電,2020,3,balance_sheet,每股參考淨值,68.93,68.93,sii,https://mopsov.twse.com.tw/mops/web/ajax_t163sb05
上游,晶圓代工與先進封裝,2330,台積電,2020,3,cash_flow,營業活動之淨現金流入（流出）,563535628,"563,535,628",sii,https://mopsov.twse.com.tw/mops/web/ajax_t163sb20
上游,晶圓代工與先進封裝,2330,台積電,2020,3,cash_flow,投資活動之淨現金流入（流出）,-414823101,"-414,823,101",sii,https://mopsov.twse.com.tw/mops/web/ajax_t163sb20
上游,晶圓代工與先進封裝,2330,台積電,2020,3,cash_flow,籌資活動之淨現金流入（流出）,12588708,"12,588,708",sii,https://mopsov.twse.com.tw/mops/web/ajax_t163sb20
上游,晶圓代工與先進封裝,2330,台積電,2020,3,cash_flow,匯率變動對現金及約當現金之影響,-12505458,"-12,505,458",sii,https://mopsov.twse.com.tw/mops/web/ajax_t163sb20
上游,晶圓代工與先進封裝,2330,台積電,2020,3,cash_flow,本期現金及約當現金增加（減少）數,148795777,"148,795,777",sii,https://mopsov.twse.com.tw/mops/web/ajax_t163sb20
上游,晶圓代工與先進封裝,2330,台積電,2020,3,cash_flow,期初現金及約當現金餘額,455399336,"455,399,336",sii,https://mopsov.twse.com.tw/mops/web/ajax_t163sb20
上游,晶圓代工與先進封裝,2330,台積電,2020,3,cash_flow,期末現金及約當現金餘額,604195113,"604,195,113",sii,https://mopsov.twse.com.tw/mops/web/ajax_t163sb20
上游,晶圓代工與先進封裝,2330,台積電,2020,4,income_statement,營業收入,1339254811,"1,339,254,811",sii,https://mopsov.twse.com.tw/mops/web/ajax_t163sb04
上游,晶圓代工與先進封裝,2330,台積電,2020,4,income_statement,營業成本,628108309,"628,108,309",sii,https://mopsov.twse.com.tw/mops/web/ajax_t163sb04
上游,晶圓代工與先進封裝,2330,台積電,2020,4,income_statement,原始認列生物資產及農產品之利益（損失）,,--,sii,https://mopsov.twse.com.tw/mops/web/ajax_t163sb04
上游,晶圓代工與先進封裝,2330,台積電,2020,4,income_statement,生物資產當期公允價值減出售成本之變動利益（損失）,,--,sii,https://mopsov.twse.com.tw/mops/web/ajax_t163sb04
上游,晶圓代工與先進封裝,2330,台積電,2020,4,income_statement,營業毛利（毛損）,711146502,"711,146,502",sii,https://mopsov.twse.com.tw/mops/web/ajax_t163sb04
上游,晶圓代工與先進封裝,2330,台積電,2020,4,income_statement,未實現銷貨（損）益,,--,sii,https://mopsov.twse.com.tw/mops/web/ajax_t163sb04
上游,晶圓代工與先進封裝,2330,台積電,2020,4,income_statement,已實現銷貨（損）益,-16382,"-16,382",sii,https://mopsov.twse.com.tw/mops/web/ajax_t163sb04
上游,晶圓代工與先進封裝,2330,台積電,2020,4,income_statement,營業毛利（毛損）淨額,711130120,"711,130,120",sii,https://mopsov.twse.com.tw/mops/web/ajax_t163sb04
上游,晶圓代工與先進封裝,2330,台積電,2020,4,income_statement,營業費用,145056549,"145,056,549",sii,https://mopsov.twse.com.tw/mops/web/ajax_t163sb04
上游,晶圓代工與先進封裝,2330,台積電,2020,4,income_statement,其他收益及費損淨額,710127,"710,127",sii,https://mopsov.twse.com.tw/mops/web/ajax_t163sb04
上游,晶圓代工與先進封裝,2330,台積電,2020,4,income_statement,營業利益（損失）,566783698,"566,783,698",sii,https://mopsov.twse.com.tw/mops/web/ajax_t163sb04
上游,晶圓代工與先進封裝,2330,台積電,2020,4,income_statement,營業外收入及支出,17993482,"17,993,482",sii,https://mopsov.twse.com.tw/mops/web/ajax_t163sb04
上游,晶圓代工與先進封裝,2330,台積電,2020,4,income_statement,稅前淨利（淨損）,584777180,"584,777,180",sii,https://mopsov.twse.com.tw/mops/web/ajax_t163sb04
上游,晶圓代工與先進封裝,2330,台積電,2020,4,income_statement,所得稅費用（利益）,66619098,"66,619,098",sii,https://mopsov.twse.com.tw/mops/web/ajax_t163sb04
上游,晶圓代工與先進封裝,2330,台積電,2020,4,income_statement,繼續營業單位本期淨利（淨損）,518158082,"518,158,082",sii,https://mopsov.twse.com.tw/mops/web/ajax_t163sb04
上游,晶圓代工與先進封裝,2330,台積電,2020,4,income_statement,停業單位損益,,--,sii,https://mopsov.twse.com.tw/mops/web/ajax_t163sb04
上游,晶圓代工與先進封裝,2330,台積電,2020,4,income_statement,合併前非屬共同控制股權損益,,--,sii,https://mopsov.twse.com.tw/mops/web/ajax_t163sb04
上游,晶圓代工與先進封裝,2330,台積電,2020,4,income_statement,本期淨利（淨損）,518158082,"518,158,082",sii,https://mopsov.twse.com.tw/mops/web/ajax_t163sb04
上游,晶圓代工與先進封裝,2330,台積電,2020,4,income_statement,其他綜合損益（淨額）,-30321802,"-30,321,802",sii,https://mopsov.twse.com.tw/mops/web/ajax_t163sb04
上游,晶圓代工與先進封裝,2330,台積電,2020,4,income_statement,合併前非屬共同控制股權綜合損益淨額,,--,sii,https://mopsov.twse.com.tw/mops/web/ajax_t163sb04
上游,晶圓代工與先進封裝,2330,台積電,2020,4,income_statement,本期綜合損益總額,487836280,"487,836,280",sii,https://mopsov.twse.com.tw/mops/web/ajax_t163sb04
上游,晶圓代工與先進封裝,2330,台積電,2020,4,income_statement,淨利（淨損）歸屬於母公司業主,517885387,"517,885,387",sii,https://mopsov.twse.com.tw/mops/web/ajax_t163sb04
上游,晶圓代工與先進封裝,2330,台積電,2020,4,income_statement,淨利（淨損）歸屬於共同控制下前手權益,,--,sii,https://mopsov.twse.com.tw/mops/web/ajax_t163sb04
上游,晶圓代工與先進封裝,2330,台積電,2020,4,income_statement,淨利（淨損）歸屬於非控制權益,272695,"272,695",sii,https://mopsov.twse.com.tw/mops/web/ajax_t163sb04
上游,晶圓代工與先進封裝,2330,台積電,2020,4,income_statement,綜合損益總額歸屬於母公司業主,487563478,"487,563,478",sii,https://mopsov.twse.com.tw/mops/web/ajax_t163sb04
上游,晶圓代工與先進封裝,2330,台積電,2020,4,income_statement,綜合損益總額歸屬於共同控制下前手權益,,--,sii,https://mopsov.twse.com.tw/mops/web/ajax_t163sb04
上游,晶圓代工與先進封裝,2330,台積電,2020,4,income_statement,綜合損益總額歸屬於非控制權益,272802,"272,802",sii,https://mopsov.twse.com.tw/mops/web/ajax_t163sb04
上游,晶圓代工與先進封裝,2330,台積電,2020,4,income_statement,基本每股盈餘（元）,19.97,19.97,sii,https://mopsov.twse.com.tw/mops/web/ajax_t163sb04
上游,晶圓代工與先進封裝,2330,台積電,2020,4,balance_sheet,流動資產,1092185308,"1,092,185,308",sii,https://mopsov.twse.com.tw/mops/web/ajax_t163sb05
上游,晶圓代工與先進封裝,2330,台積電,2020,4,balance_sheet,非流動資產,1668526097,"1,668,526,097",sii,https://mopsov.twse.com.tw/mops/web/ajax_t163sb05
上游,晶圓代工與先進封裝,2330,台積電,2020,4,balance_sheet,資產總計,2760711405,"2,760,711,405",sii,https://mopsov.twse.com.tw/mops/web/ajax_t163sb05
上游,晶圓代工與先進封裝,2330,台積電,2020,4,balance_sheet,流動負債,617151048,"617,151,048",sii,https://mopsov.twse.com.tw/mops/web/ajax_t163sb05
上游,晶圓代工與先進封裝,2330,台積電,2020,4,balance_sheet,非流動負債,292938358,"292,938,358",sii,https://mopsov.twse.com.tw/mops/web/ajax_t163sb05
上游,晶圓代工與先進封裝,2330,台積電,2020,4,balance_sheet,負債總計,910089406,"910,089,406",sii,https://mopsov.twse.com.tw/mops/web/ajax_t163sb05
上游,晶圓代工與先進封裝,2330,台積電,2020,4,balance_sheet,股本,259303805,"259,303,805",sii,https://mopsov.twse.com.tw/mops/web/ajax_t163sb05
上游,晶圓代工與先進封裝,2330,台積電,2020,4,balance_sheet,權益─具證券性質之虛擬通貨,,--,sii,https://mopsov.twse.com.tw/mops/web/ajax_t163sb05
上游,晶圓代工與先進封裝,2330,台積電,2020,4,balance_sheet,資本公積,56347243,"56,347,243",sii,https://mopsov.twse.com.tw/mops/web/ajax_t163sb05
上游,晶圓代工與先進封裝,2330,台積電,2020,4,balance_sheet,保留盈餘,1588686081,"1,588,686,081",sii,https://mopsov.twse.com.tw/mops/web/ajax_t163sb05
上游,晶圓代工與先進封裝,2330,台積電,2020,4,balance_sheet,其他權益,-54679873,"-54,679,873",sii,https://mopsov.twse.com.tw/mops/web/ajax_t163sb05
上游,晶圓代工與先進封裝,2330,台積電,2020,4,balance_sheet,庫藏股票,,--,sii,https://mopsov.twse.com.tw/mops/web/ajax_t163sb05
上游,晶圓代工與先進封裝,2330,台積電,2020,4,balance_sheet,歸屬於母公司業主之權益合計,1849657256,"1,849,657,256",sii,https://mopsov.twse.com.tw/mops/web/ajax_t163sb05
上游,晶圓代工與先進封裝,2330,台積電,2020,4,balance_sheet,共同控制下前手權益,,--,sii,https://mopsov.twse.com.tw/mops/web/ajax_t163sb05
上游,晶圓代工與先進封裝,2330,台積電,2020,4,balance_sheet,合併前非屬共同控制股權,,--,sii,https://mopsov.twse.com.tw/mops/web/ajax_t163sb05
上游,晶圓代工與先進封裝,2330,台積電,2020,4,balance_sheet,非控制權益,964743,"964,743",sii,https://mopsov.twse.com.tw/mops/web/ajax_t163sb05
上游,晶圓代工與先進封裝,2330,台積電,2020,4,balance_sheet,權益總計,1850621999,"1,850,621,999",sii,https://mopsov.twse.com.tw/mops/web/ajax_t163sb05
上游,晶圓代工與先進封裝,2330,台積電,2020,4,balance_sheet,待註銷股本股數（單位：股）,,--,sii,https://mopsov.twse.com.tw/mops/web/ajax_t163sb05
上游,晶圓代工與先進封裝,2330,台積電,2020,4,balance_sheet,預收股款（權益項下）之約當發行股數（單位：股）,0,0,sii,https://mopsov.twse.com.tw/mops/web/ajax_t163sb05
上游,晶圓代工與先進封裝,2330,台積電,2020,4,balance_sheet,母公司暨子公司所持有之母公司庫藏股股數（單位：股）,0,0,sii,https://mopsov.twse.com.tw/mops/web/ajax_t163sb05
上游,晶圓代工與先進封裝,2330,台積電,2020,4,balance_sheet,每股參考淨值,71.33,71.33,sii,https://mopsov.twse.com.tw/mops/web/ajax_t163sb05
上游,晶圓代工與先進封裝,2330,台積電,2020,4,cash_flow,營業活動之淨現金流入（流出）,822666212,"822,666,212",sii,https://mopsov.twse.com.tw/mops/web/ajax_t163sb20
上游,晶圓代工與先進封裝,2330,台積電,2020,4,cash_flow,投資活動之淨現金流入（流出）,-505781714,"-505,781,714",sii,https://mopsov.twse.com.tw/mops/web/ajax_t163sb20
上游,晶圓代工與先進封裝,2330,台積電,2020,4,cash_flow,籌資活動之淨現金流入（流出）,-88615087,"-88,615,087",sii,https://mopsov.twse.com.tw/mops/web/ajax_t163sb20
上游,晶圓代工與先進封裝,2330,台積電,2020,4,cash_flow,匯率變動對現金及約當現金之影響,-23498100,"-23,498,100",sii,https://mopsov.twse.com.tw/mops/web/ajax_t163sb20
上游,晶圓代工與先進封裝,2330,台積電,2020,4,cash_flow,本期現金及約當現金增加（減少）數,204771311,"204,771,311",sii,https://mopsov.twse.com.tw/mops/web/ajax_t163sb20
上游,晶圓代工與先進封裝,2330,台積電,2020,4,cash_flow,期初現金及約當現金餘額,455399336,"455,399,336",sii,https://mopsov.twse.com.tw/mops/web/ajax_t163sb20
上游,晶圓代工與先進封裝,2330,台積電,2020,4,cash_flow,期末現金及約當現金餘額,660170647,"660,170,647",sii,https://mopsov.twse.com.tw/mops/web/ajax_t163sb20
上游,晶圓代工與先進封裝,2330,台積電,2021,1,income_statement,營業收入,362410230,"362,410,230",sii,https://mopsov.twse.com.tw/mops/web/ajax_t163sb04
上游,晶圓代工與先進封裝,2330,台積電,2021,1,income_statement,營業成本,172635011,"172,635,011",sii,https://mopsov.twse.com.tw/mops/web/ajax_t163sb04
上游,晶圓代工與先進封裝,2330,台積電,2021,1,income_statement,原始認列生物資產及農產品之利益（損失）,,--,sii,https://mopsov.twse.com.tw/mops/web/ajax_t163sb04
上游,晶圓代工與先進封裝,2330,台積電,2021,1,income_statement,生物資產當期公允價值減出售成本之變動利益（損失）,,--,sii,https://mopsov.twse.com.tw/mops/web/ajax_t163sb04
上游,晶圓代工與先進封裝,2330,台積電,2021,1,income_statement,營業毛利（毛損）,189775219,"189,775,219",sii,https://mopsov.twse.com.tw/mops/web/ajax_t163sb04
上游,晶圓代工與先進封裝,2330,台積電,2021,1,income_statement,未實現銷貨（損）益,,--,sii,https://mopsov.twse.com.tw/mops/web/ajax_t163sb04
上游,晶圓代工與先進封裝,2330,台積電,2021,1,income_statement,已實現銷貨（損）益,64211,"64,211",sii,https://mopsov.twse.com.tw/mops/web/ajax_t163sb04
上游,晶圓代工與先進封裝,2330,台積電,2021,1,income_statement,營業毛利（毛損）淨額,189839430,"189,839,430",sii,https://mopsov.twse.com.tw/mops/web/ajax_t163sb04
上游,晶圓代工與先進封裝,2330,台積電,2021,1,income_statement,營業費用,39111833,"39,111,833",sii,https://mopsov.twse.com.tw/mops/web/ajax_t163sb04
上游,晶圓代工與先進封裝,2330,台積電,2021,1,income_statement,其他收益及費損淨額,-189407,"-189,407",sii,https://mopsov.twse.com.tw/mops/web/ajax_t163sb04
上游,晶圓代工與先進封裝,2330,台積電,2021,1,income_statement,營業利益（損失）,150538190,"150,538,190",sii,https://mopsov.twse.com.tw/mops/web/ajax_t163sb04
上游,晶圓代工與先進封裝,2330,台積電,2021,1,income_statement,營業外收入及支出,4526199,"4,526,199",sii,https://mopsov.twse.com.tw/mops/web/ajax_t163sb04
上游,晶圓代工與先進封裝,2330,台積電,2021,1,income_statement,稅前淨利（淨損）,155064389,"155,064,389",sii,https://mopsov.twse.com.tw/mops/web/ajax_t163sb04
上游,晶圓代工與先進封裝,2330,台積電,2021,1,income_statement,所得稅費用（利益）,15325640,"15,325,640",sii,https://mopsov.twse.com.tw/mops/web/ajax_t163sb04
上游,晶圓代工與先進封裝,2330,台積電,2021,1,income_statement,繼續營業單位本期淨利（淨損）,139738749,"139,738,749",sii,https://mopsov.twse.com.tw/mops/web/ajax_t163sb04
上游,晶圓代工與先進封裝,2330,台積電,2021,1,income_statement,停業單位損益,,--,sii,https://mopsov.twse.com.tw/mops/web/ajax_t163sb04
上游,晶圓代工與先進封裝,2330,台積電,2021,1,income_statement,合併前非屬共同控制股權損益,,--,sii,https://mopsov.twse.com.tw/mops/web/ajax_t163sb04
上游,晶圓代工與先進封裝,2330,台積電,2021,1,income_statement,本期淨利（淨損）,139738749,"139,738,749",sii,https://mopsov.twse.com.tw/mops/web/ajax_t163sb04
上游,晶圓代工與先進封裝,2330,台積電,2021,1,income_statement,其他綜合損益（淨額）,5967010,"5,967,010",sii,https://mopsov.twse.com.tw/mops/web/ajax_t163sb04
上游,晶圓代工與先進封裝,2330,台積電,2021,1,income_statement,合併前非屬共同控制股權綜合損益淨額,,--,sii,https://mopsov.twse.com.tw/mops/web/ajax_t163sb04
上游,晶圓代工與先進封裝,2330,台積電,2021,1,income_statement,本期綜合損益總額,145705759,"145,705,759",sii,https://mopsov.twse.com.tw/mops/web/ajax_t163sb04
上游,晶圓代工與先進封裝,2330,台積電,2021,1,income_statement,淨利（淨損）歸屬於母公司業主,139690493,"139,690,493",sii,https://mopsov.twse.com.tw/mops/web/ajax_t163sb04
上游,晶圓代工與先進封裝,2330,台積電,2021,1,income_statement,淨利（淨損）歸屬於共同控制下前手權益,,--,sii,https://mopsov.twse.com.tw/mops/web/ajax_t163sb04
上游,晶圓代工與先進封裝,2330,台積電,2021,1,income_statement,淨利（淨損）歸屬於非控制權益,48256,"48,256",sii,https://mopsov.twse.com.tw/mops/web/ajax_t163sb04
上游,晶圓代工與先進封裝,2330,台積電,2021,1,income_statement,綜合損益總額歸屬於母公司業主,145657311,"145,657,311",sii,https://mopsov.twse.com.tw/mops/web/ajax_t163sb04
上游,晶圓代工與先進封裝,2330,台積電,2021,1,income_statement,綜合損益總額歸屬於共同控制下前手權益,,--,sii,https://mopsov.twse.com.tw/mops/web/ajax_t163sb04
上游,晶圓代工與先進封裝,2330,台積電,2021,1,income_statement,綜合損益總額歸屬於非控制權益,48448,"48,448",sii,https://mopsov.twse.com.tw/mops/web/ajax_t163sb04
上游,晶圓代工與先進封裝,2330,台積電,2021,1,income_statement,基本每股盈餘（元）,5.39,5.39,sii,https://mopsov.twse.com.tw/mops/web/ajax_t163sb04
上游,晶圓代工與先進封裝,2330,台積電,2021,1,balance_sheet,流動資產,1139786823,"1,139,786,823",sii,https://mopsov.twse.com.tw/mops/web/ajax_t163sb05
上游,晶圓代工與先進封裝,2330,台積電,2021,1,balance_sheet,非流動資產,1779344638,"1,779,344,638",sii,https://mopsov.twse.com.tw/mops/web/ajax_t163sb05
上游,晶圓代工與先進封裝,2330,台積電,2021,1,balance_sheet,資產總計,2919131461,"2,919,131,461",sii,https://mopsov.twse.com.tw/mops/web/ajax_t163sb05
上游,晶圓代工與先進封裝,2330,台積電,2021,1,balance_sheet,流動負債,661648612,"661,648,612",sii,https://mopsov.twse.com.tw/mops/web/ajax_t163sb05
上游,晶圓代工與先進封裝,2330,台積電,2021,1,balance_sheet,非流動負債,316485887,"316,485,887",sii,https://mopsov.twse.com.tw/mops/web/ajax_t163sb05
上游,晶圓代工與先進封裝,2330,台積電,2021,1,balance_sheet,負債總計,978134499,"978,134,499",sii,https://mopsov.twse.com.tw/mops/web/ajax_t163sb05
上游,晶圓代工與先進封裝,2330,台積電,2021,1,balance_sheet,股本,259303805,"259,303,805",sii,https://mopsov.twse.com.tw/mops/web/ajax_t163sb05
上游,晶圓代工與先進封裝,2330,台積電,2021,1,balance_sheet,權益─具證券性質之虛擬通貨,,--,sii,https://mopsov.twse.com.tw/mops/web/ajax_t163sb05
上游,晶圓代工與先進封裝,2330,台積電,2021,1,balance_sheet,資本公積,64753607,"64,753,607",sii,https://mopsov.twse.com.tw/mops/web/ajax_t163sb05
上游,晶圓代工與先進封裝,2330,台積電,2021,1,balance_sheet,保留盈餘,1663271807,"1,663,271,807",sii,https://mopsov.twse.com.tw/mops/web/ajax_t163sb05
上游,晶圓代工與先進封裝,2330,台積電,2021,1,balance_sheet,其他權益,-48392823,"-48,392,823",sii,https://mopsov.twse.com.tw/mops/web/ajax_t163sb05
上游,晶圓代工與先進封裝,2330,台積電,2021,1,balance_sheet,庫藏股票,,--,sii,https://mopsov.twse.com.tw/mops/web/ajax_t163sb05
上游,晶圓代工與先進封裝,2330,台積電,2021,1,balance_sheet,歸屬於母公司業主之權益合計,1938936396,"1,938,936,396",sii,https://mopsov.twse.com.tw/mops/web/ajax_t163sb05
上游,晶圓代工與先進封裝,2330,台積電,2021,1,balance_sheet,共同控制下前手權益,,--,sii,https://mopsov.twse.com.tw/mops/web/ajax_t163sb05
上游,晶圓代工與先進封裝,2330,台積電,2021,1,balance_sheet,合併前非屬共同控制股權,,--,sii,https://mopsov.twse.com.tw/mops/web/ajax_t163sb05
上游,晶圓代工與先進封裝,2330,台積電,2021,1,balance_sheet,非控制權益,2060566,"2,060,566",sii,https://mopsov.twse.com.tw/mops/web/ajax_t163sb05
上游,晶圓代工與先進封裝,2330,台積電,2021,1,balance_sheet,權益總計,1940996962,"1,940,996,962",sii,https://mopsov.twse.com.tw/mops/web/ajax_t163sb05
上游,晶圓代工與先進封裝,2330,台積電,2021,1,balance_sheet,待註銷股本股數（單位：股）,,--,sii,https://mopsov.twse.com.tw/mops/web/ajax_t163sb05
上游,晶圓代工與先進封裝,2330,台積電,2021,1,balance_sheet,預收股款（權益項下）之約當發行股數（單位：股）,0,0,sii,https://mopsov.twse.com.tw/mops/web/ajax_t163sb05
上游,晶圓代工與先進封裝,2330,台積電,2021,1,balance_sheet,母公司暨子公司所持有之母公司庫藏股股數（單位：股）,0,0,sii,https://mopsov.twse.com.tw/mops/web/ajax_t163sb05
上游,晶圓代工與先進封裝,2330,台積電,2021,1,balance_sheet,每股參考淨值,74.77,74.77,sii,https://mopsov.twse.com.tw/mops/web/ajax_t163sb05
上游,晶圓代工與先進封裝,2330,台積電,2021,1,cash_flow,營業活動之淨現金流入（流出）,227815706,"227,815,706",sii,https://mopsov.twse.com.tw/mops/web/ajax_t163sb20
上游,晶圓代工與先進封裝,2330,台積電,2021,1,cash_flow,投資活動之淨現金流入（流出）,-244251414,"-244,251,414",sii,https://mopsov.twse.com.tw/mops/web/ajax_t163sb20
上游,晶圓代工與先進封裝,2330,台積電,2021,1,cash_flow,籌資活動之淨現金流入（流出）,14618457,"14,618,457",sii,https://mopsov.twse.com.tw/mops/web/ajax_t163sb20
上游,晶圓代工與先進封裝,2330,台積電,2021,1,cash_flow,匯率變動對現金及約當現金之影響,6374461,"6,374,461",sii,https://mopsov.twse.com.tw/mops/web/ajax_t163sb20
上游,晶圓代工與先進封裝,2330,台積電,2021,1,cash_flow,本期現金及約當現金增加（減少）數,4557210,"4,557,210",sii,https://mopsov.twse.com.tw/mops/web/ajax_t163sb20
上游,晶圓代工與先進封裝,2330,台積電,2021,1,cash_flow,期初現金及約當現金餘額,660170647,"660,170,647",sii,https://mopsov.twse.com.tw/mops/web/ajax_t163sb20
上游,晶圓代工與先進封裝,2330,台積電,2021,1,cash_flow,期末現金及約當現金餘額,664727857,"664,727,857",sii,https://mopsov.twse.com.tw/mops/web/ajax_t163sb20
上游,晶圓代工與先進封裝,2330,台積電,2021,2,income_statement,營業收入,734555352,"734,555,352",sii,https://mopsov.twse.com.tw/mops/web/ajax_t163sb04
上游,晶圓代工與先進封裝,2330,台積電,2021,2,income_statement,營業成本,358545998,"358,545,998",sii,https://mopsov.twse.com.tw/mops/web/ajax_t163sb04
上游,晶圓代工與先進封裝,2330,台積電,2021,2,income_statement,原始認列生物資產及農產品之利益（損失）,,--,sii,https://mopsov.twse.com.tw/mops/web/ajax_t163sb04
上游,晶圓代工與先進封裝,2330,台積電,2021,2,income_statement,生物資產當期公允價值減出售成本之變動利益（損失）,,--,sii,https://mopsov.twse.com.tw/mops/web/ajax_t163sb04
上游,晶圓代工與先進封裝,2330,台積電,2021,2,income_statement,營業毛利（毛損）,376009354,"376,009,354",sii,https://mopsov.twse.com.tw/mops/web/ajax_t163sb04
上游,晶圓代工與先進封裝,2330,台積電,2021,2,income_statement,未實現銷貨（損）益,,--,sii,https://mopsov.twse.com.tw/mops/web/ajax_t163sb04
上游,晶圓代工與先進封裝,2330,台積電,2021,2,income_statement,已實現銷貨（損）益,26894,"26,894",sii,https://mopsov.twse.com.tw/mops/web/ajax_t163sb04
上游,晶圓代工與先進封裝,2330,台積電,2021,2,income_statement,營業毛利（毛損）淨額,376036248,"376,036,248",sii,https://mopsov.twse.com.tw/mops/web/ajax_t163sb04
上游,晶圓代工與先進封裝,2330,台積電,2021,2,income_statement,營業費用,79695256,"79,695,256",sii,https://mopsov.twse.com.tw/mops/web/ajax_t163sb04
上游,晶圓代工與先進封裝,2330,台積電,2021,2,income_statement,其他收益及費損淨額,-135597,"-135,597",sii,https://mopsov.twse.com.tw/mops/web/ajax_t163sb04
上游,晶圓代工與先進封裝,2330,台積電,2021,2,income_statement,營業利益（損失）,296205395,"296,205,395",sii,https://mopsov.twse.com.tw/mops/web/ajax_t163sb04
上游,晶圓代工與先進封裝,2330,台積電,2021,2,income_statement,營業外收入及支出,8250069,"8,250,069",sii,https://mopsov.twse.com.tw/mops/web/ajax_t163sb04
上游,晶圓代工與先進封裝,2330,台積電,2021,2,income_statement,稅前淨利（淨損）,304455464,"304,455,464",sii,https://mopsov.twse.com.tw/mops/web/ajax_t163sb04
上游,晶圓代工與先進封裝,2330,台積電,2021,2,income_statement,所得稅費用（利益）,30234999,"30,234,999",sii,https://mopsov.twse.com.tw/mops/web/ajax_t163sb04
上游,晶圓代工與先進封裝,2330,台積電,2021,2,income_statement,繼續營業單位本期淨利（淨損）,274220465,"274,220,465",sii,https://mopsov.twse.com.tw/mops/web/ajax_t163sb04
上游,晶圓代工與先進封裝,2330,台積電,2021,2,income_statement,停業單位損益,,--,sii,https://mopsov.twse.com.tw/mops/web/ajax_t163sb04
上游,晶圓代工與先進封裝,2330,台積電,2021,2,income_statement,合併前非屬共同控制股權損益,,--,sii,https://mopsov.twse.com.tw/mops/web/ajax_t163sb04
上游,晶圓代工與先進封裝,2330,台積電,2021,2,income_statement,本期淨利（淨損）,274220465,"274,220,465",sii,https://mopsov.twse.com.tw/mops/web/ajax_t163sb04
上游,晶圓代工與先進封裝,2330,台積電,2021,2,income_statement,其他綜合損益（淨額）,-4234528,"-4,234,528",sii,https://mopsov.twse.com.tw/mops/web/ajax_t163sb04
上游,晶圓代工與先進封裝,2330,台積電,2021,2,income_statement,合併前非屬共同控制股權綜合損益淨額,,--,sii,https://mopsov.twse.com.tw/mops/web/ajax_t163sb04
上游,晶圓代工與先進封裝,2330,台積電,2021,2,income_statement,本期綜合損益總額,269985937,"269,985,937",sii,https://mopsov.twse.com.tw/mops/web/ajax_t163sb04
上游,晶圓代工與先進封裝,2330,台積電,2021,2,income_statement,淨利（淨損）歸屬於母公司業主,274049435,"274,049,435",sii,https://mopsov.twse.com.tw/mops/web/ajax_t163sb04
上游,晶圓代工與先進封裝,2330,台積電,2021,2,income_statement,淨利（淨損）歸屬於共同控制下前手權益,,--,sii,https://mopsov.twse.com.tw/mops/web/ajax_t163sb04
上游,晶圓代工與先進封裝,2330,台積電,2021,2,income_statement,淨利（淨損）歸屬於非控制權益,171030,"171,030",sii,https://mopsov.twse.com.tw/mops/web/ajax_t163sb04
上游,晶圓代工與先進封裝,2330,台積電,2021,2,income_statement,綜合損益總額歸屬於母公司業主,269815033,"269,815,033",sii,https://mopsov.twse.com.tw/mops/web/ajax_t163sb04
上游,晶圓代工與先進封裝,2330,台積電,2021,2,income_statement,綜合損益總額歸屬於共同控制下前手權益,,--,sii,https://mopsov.twse.com.tw/mops/web/ajax_t163sb04
上游,晶圓代工與先進封裝,2330,台積電,2021,2,income_statement,綜合損益總額歸屬於非控制權益,170904,"170,904",sii,https://mopsov.twse.com.tw/mops/web/ajax_t163sb04
上游,晶圓代工與先進封裝,2330,台積電,2021,2,income_statement,基本每股盈餘（元）,10.57,10.57,sii,https://mopsov.twse.com.tw/mops/web/ajax_t163sb04
上游,晶圓代工與先進封裝,2330,台積電,2021,2,balance_sheet,流動資產,1241104023,"1,241,104,023",sii,https://mopsov.twse.com.tw/mops/web/ajax_t163sb05
上游,晶圓代工與先進封裝,2330,台積電,2021,2,balance_sheet,非流動資產,1851711166,"1,851,711,166",sii,https://mopsov.twse.com.tw/mops/web/ajax_t163sb05
上游,晶圓代工與先進封裝,2330,台積電,2021,2,balance_sheet,資產總計,3092815189,"3,092,815,189",sii,https://mopsov.twse.com.tw/mops/web/ajax_t163sb05
上游,晶圓代工與先進封裝,2330,台積電,2021,2,balance_sheet,流動負債,647748947,"647,748,947",sii,https://mopsov.twse.com.tw/mops/web/ajax_t163sb05
上游,晶圓代工與先進封裝,2330,台積電,2021,2,balance_sheet,非流動負債,451095669,"451,095,669",sii,https://mopsov.twse.com.tw/mops/web/ajax_t163sb05
上游,晶圓代工與先進封裝,2330,台積電,2021,2,balance_sheet,負債總計,1098844616,"1,098,844,616",sii,https://mopsov.twse.com.tw/mops/web/ajax_t163sb05
上游,晶圓代工與先進封裝,2330,台積電,2021,2,balance_sheet,股本,259303805,"259,303,805",sii,https://mopsov.twse.com.tw/mops/web/ajax_t163sb05
上游,晶圓代工與先進封裝,2330,台積電,2021,2,balance_sheet,權益─具證券性質之虛擬通貨,,--,sii,https://mopsov.twse.com.tw/mops/web/ajax_t163sb05
上游,晶圓代工與先進封裝,2330,台積電,2021,2,balance_sheet,資本公積,64753836,"64,753,836",sii,https://mopsov.twse.com.tw/mops/web/ajax_t163sb05
上游,晶圓代工與先進封裝,2330,台積電,2021,2,balance_sheet,保留盈餘,1726322203,"1,726,322,203",sii,https://mopsov.twse.com.tw/mops/web/ajax_t163sb05
上游,晶圓代工與先進封裝,2330,台積電,2021,2,balance_sheet,其他權益,-58594043,"-58,594,043",sii,https://mopsov.twse.com.tw/mops/web/ajax_t163sb05
上游,晶圓代工與先進封裝,2330,台積電,2021,2,balance_sheet,庫藏股票,,--,sii,https://mopsov.twse.com.tw/mops/web/ajax_t163sb05
上游,晶圓代工與先進封裝,2330,台積電,2021,2,balance_sheet,歸屬於母公司業主之權益合計,1991785801,"1,991,785,801",sii,https://mopsov.twse.com.tw/mops/web/ajax_t163sb05
上游,晶圓代工與先進封裝,2330,台積電,2021,2,balance_sheet,共同控制下前手權益,,--,sii,https://mopsov.twse.com.tw/mops/web/ajax_t163sb05
上游,晶圓代工與先進封裝,2330,台積電,2021,2,balance_sheet,合併前非屬共同控制股權,,--,sii,https://mopsov.twse.com.tw/mops/web/ajax_t163sb05
上游,晶圓代工與先進封裝,2330,台積電,2021,2,balance_sheet,非控制權益,2184772,"2,184,772",sii,https://mopsov.twse.com.tw/mops/web/ajax_t163sb05
上游,晶圓代工與先進封裝,2330,台積電,2021,2,balance_sheet,權益總計,1993970573,"1,993,970,573",sii,https://mopsov.twse.com.tw/mops/web/ajax_t163sb05
上游,晶圓代工與先進封裝,2330,台積電,2021,2,balance_sheet,待註銷股本股數（單位：股）,,--,sii,https://mopsov.twse.com.tw/mops/web/ajax_t163sb05
上游,晶圓代工與先進封裝,2330,台積電,2021,2,balance_sheet,預收股款（權益項下）之約當發行股數（單位：股）,0,0,sii,https://mopsov.twse.com.tw/mops/web/ajax_t163sb05
上游,晶圓代工與先進封裝,2330,台積電,2021,2,balance_sheet,母公司暨子公司所持有之母公司庫藏股股數（單位：股）,0,0,sii,https://mopsov.twse.com.tw/mops/web/ajax_t163sb05
上游,晶圓代工與先進封裝,2330,台積電,2021,2,balance_sheet,每股參考淨值,76.81,76.81,sii,https://mopsov.twse.com.tw/mops/web/ajax_t163sb05
上游,晶圓代工與先進封裝,2330,台積電,2021,2,cash_flow,營業活動之淨現金流入（流出）,415255198,"415,255,198",sii,https://mopsov.twse.com.tw/mops/web/ajax_t163sb20
上游,晶圓代工與先進封裝,2330,台積電,2021,2,cash_flow,投資活動之淨現金流入（流出）,-414002412,"-414,002,412",sii,https://mopsov.twse.com.tw/mops/web/ajax_t163sb20
上游,晶圓代工與先進封裝,2330,台積電,2021,2,cash_flow,籌資活動之淨現金流入（流出）,89649139,"89,649,139",sii,https://mopsov.twse.com.tw/mops/web/ajax_t163sb20
上游,晶圓代工與先進封裝,2330,台積電,2021,2,cash_flow,匯率變動對現金及約當現金之影響,-3090490,"-3,090,490",sii,https://mopsov.twse.com.tw/mops/web/ajax_t163sb20
上游,晶圓代工與先進封裝,2330,台積電,2021,2,cash_flow,本期現金及約當現金增加（減少）數,87811435,"87,811,435",sii,https://mopsov.twse.com.tw/mops/web/ajax_t163sb20
上游,晶圓代工與先進封裝,2330,台積電,2021,2,cash_flow,期初現金及約當現金餘額,660170647,"660,170,647",sii,https://mopsov.twse.com.tw/mops/web/ajax_t163sb20
上游,晶圓代工與先進封裝,2330,台積電,2021,2,cash_flow,期末現金及約當現金餘額,747982082,"747,982,082",sii,https://mopsov.twse.com.tw/mops/web/ajax_t163sb20
上游,晶圓代工與先進封裝,2330,台積電,2021,3,income_statement,營業收入,1149225731,"1,149,225,731",sii,https://mopsov.twse.com.tw/mops/web/ajax_t163sb04
上游,晶圓代工與先進封裝,2330,台積電,2021,3,income_statement,營業成本,560367693,"560,367,693",sii,https://mopsov.twse.com.tw/mops/web/ajax_t163sb04
上游,晶圓代工與先進封裝,2330,台積電,2021,3,income_statement,原始認列生物資產及農產品之利益（損失）,,--,sii,https://mopsov.twse.com.tw/mops/web/ajax_t163sb04
上游,晶圓代工與先進封裝,2330,台積電,2021,3,income_statement,生物資產當期公允價值減出售成本之變動利益（損失）,,--,sii,https://mopsov.twse.com.tw/mops/web/ajax_t163sb04
上游,晶圓代工與先進封裝,2330,台積電,2021,3,income_statement,營業毛利（毛損）,588858038,"588,858,038",sii,https://mopsov.twse.com.tw/mops/web/ajax_t163sb04
上游,晶圓代工與先進封裝,2330,台積電,2021,3,income_statement,未實現銷貨（損）益,,--,sii,https://mopsov.twse.com.tw/mops/web/ajax_t163sb04
上游,晶圓代工與先進封裝,2330,台積電,2021,3,income_statement,已實現銷貨（損）益,-75595,"-75,595",sii,https://mopsov.twse.com.tw/mops/web/ajax_t163sb04
上游,晶圓代工與先進封裝,2330,台積電,2021,3,income_statement,營業毛利（毛損）淨額,588782443,"588,782,443",sii,https://mopsov.twse.com.tw/mops/web/ajax_t163sb04
上游,晶圓代工與先進封裝,2330,台積電,2021,3,income_statement,營業費用,121345172,"121,345,172",sii,https://mopsov.twse.com.tw/mops/web/ajax_t163sb04
上游,晶圓代工與先進封裝,2330,台積電,2021,3,income_statement,其他收益及費損淨額,-228328,"-228,328",sii,https://mopsov.twse.com.tw/mops/web/ajax_t163sb04
上游,晶圓代工與先進封裝,2330,台積電,2021,3,income_statement,營業利益（損失）,467208943,"467,208,943",sii,https://mopsov.twse.com.tw/mops/web/ajax_t163sb04
上游,晶圓代工與先進封裝,2330,台積電,2021,3,income_statement,營業外收入及支出,11098160,"11,098,160",sii,https://mopsov.twse.com.tw/mops/web/ajax_t163sb04
上游,晶圓代工與先進封裝,2330,台積電,2021,3,income_statement,稅前淨利（淨損）,478307103,"478,307,103",sii,https://mopsov.twse.com.tw/mops/web/ajax_t163sb04
上游,晶圓代工與先進封裝,2330,台積電,2021,3,income_statement,所得稅費用（利益）,47607484,"47,607,484",sii,https://mopsov.twse.com.tw/mops/web/ajax_t163sb04
上游,晶圓代工與先進封裝,2330,台積電,2021,3,income_statement,繼續營業單位本期淨利（淨損）,430699619,"430,699,619",sii,https://mopsov.twse.com.tw/mops/web/ajax_t163sb04
上游,晶圓代工與先進封裝,2330,台積電,2021,3,income_statement,停業單位損益,,--,sii,https://mopsov.twse.com.tw/mops/web/ajax_t163sb04
上游,晶圓代工與先進封裝,2330,台積電,2021,3,income_statement,合併前非屬共同控制股權損益,,--,sii,https://mopsov.twse.com.tw/mops/web/ajax_t163sb04
上游,晶圓代工與先進封裝,2330,台積電,2021,3,income_statement,本期淨利（淨損）,430699619,"430,699,619",sii,https://mopsov.twse.com.tw/mops/web/ajax_t163sb04
上游,晶圓代工與先進封裝,2330,台積電,2021,3,income_statement,其他綜合損益（淨額）,-4941852,"-4,941,852",sii,https://mopsov.twse.com.tw/mops/web/ajax_t163sb04
上游,晶圓代工與先進封裝,2330,台積電,2021,3,income_statement,合併前非屬共同控制股權綜合損益淨額,,--,sii,https://mopsov.twse.com.tw/mops/web/ajax_t163sb04
上游,晶圓代工與先進封裝,2330,台積電,2021,3,income_statement,本期綜合損益總額,425757767,"425,757,767",sii,https://mopsov.twse.com.tw/mops/web/ajax_t163sb04
上游,晶圓代工與先進封裝,2330,台積電,2021,3,income_statement,淨利（淨損）歸屬於母公司業主,430307722,"430,307,722",sii,https://mopsov.twse.com.tw/mops/web/ajax_t163sb04
上游,晶圓代工與先進封裝,2330,台積電,2021,3,income_statement,淨利（淨損）歸屬於共同控制下前手權益,,--,sii,https://mopsov.twse.com.tw/mops/web/ajax_t163sb04
上游,晶圓代工與先進封裝,2330,台積電,2021,3,income_statement,淨利（淨損）歸屬於非控制權益,391897,"391,897",sii,https://mopsov.twse.com.tw/mops/web/ajax_t163sb04
上游,晶圓代工與先進封裝,2330,台積電,2021,3,income_statement,綜合損益總額歸屬於母公司業主,425364812,"425,364,812",sii,https://mopsov.twse.com.tw/mops/web/ajax_t163sb04
上游,晶圓代工與先進封裝,2330,台積電,2021,3,income_statement,綜合損益總額歸屬於共同控制下前手權益,,--,sii,https://mopsov.twse.com.tw/mops/web/ajax_t163sb04
上游,晶圓代工與先進封裝,2330,台積電,2021,3,income_statement,綜合損益總額歸屬於非控制權益,392955,"392,955",sii,https://mopsov.twse.com.tw/mops/web/ajax_t163sb04
上游,晶圓代工與先進封裝,2330,台積電,2021,3,income_statement,基本每股盈餘（元）,16.59,16.59,sii,https://mopsov.twse.com.tw/mops/web/ajax_t163sb04
上游,晶圓代工與先進封裝,2330,台積電,2021,3,balance_sheet,流動資產,1370639169,"1,370,639,169",sii,https://mopsov.twse.com.tw/mops/web/ajax_t163sb05
上游,晶圓代工與先進封裝,2330,台積電,2021,3,balance_sheet,非流動資產,1961672715,"1,961,672,715",sii,https://mopsov.twse.com.tw/mops/web/ajax_t163sb05
上游,晶圓代工與先進封裝,2330,台積電,2021,3,balance_sheet,資產總計,3332311884,"3,332,311,884",sii,https://mopsov.twse.com.tw/mops/web/ajax_t163sb05
上游,晶圓代工與先進封裝,2330,台積電,2021,3,balance_sheet,流動負債,655621450,"655,621,450",sii,https://mopsov.twse.com.tw/mops/web/ajax_t163sb05
上游,晶圓代工與先進封裝,2330,台積電,2021,3,balance_sheet,非流動負債,598370124,"598,370,124",sii,https://mopsov.twse.com.tw/mops/web/ajax_t163sb05
上游,晶圓代工與先進封裝,2330,台積電,2021,3,balance_sheet,負債總計,1253991574,"1,253,991,574",sii,https://mopsov.twse.com.tw/mops/web/ajax_t163sb05
上游,晶圓代工與先進封裝,2330,台積電,2021,3,balance_sheet,股本,259303805,"259,303,805",sii,https://mopsov.twse.com.tw/mops/web/ajax_t163sb05
上游,晶圓代工與先進封裝,2330,台積電,2021,3,balance_sheet,權益─具證券性質之虛擬通貨,,--,sii,https://mopsov.twse.com.tw/mops/web/ajax_t163sb05
上游,晶圓代工與先進封裝,2330,台積電,2021,3,balance_sheet,資本公積,64746864,"64,746,864",sii,https://mopsov.twse.com.tw/mops/web/ajax_t163sb05
上游,晶圓代工與先進封裝,2330,台積電,2021,3,balance_sheet,保留盈餘,1811273605,"1,811,273,605",sii,https://mopsov.twse.com.tw/mops/web/ajax_t163sb05
上游,晶圓代工與先進封裝,2330,台積電,2021,3,balance_sheet,其他權益,-59304212,"-59,304,212",sii,https://mopsov.twse.com.tw/mops/web/ajax_t163sb05
上游,晶圓代工與先進封裝,2330,台積電,2021,3,balance_sheet,庫藏股票,,--,sii,https://mopsov.twse.com.tw/mops/web/ajax_t163sb05
上游,晶圓代工與先進封裝,2330,台積電,2021,3,balance_sheet,歸屬於母公司業主之權益合計,2076020062,"2,076,020,062",sii,https://mopsov.twse.com.tw/mops/web/ajax_t163sb05
上游,晶圓代工與先進封裝,2330,台積電,2021,3,balance_sheet,共同控制下前手權益,,--,sii,https://mopsov.twse.com.tw/mops/web/ajax_t163sb05
上游,晶圓代工與先進封裝,2330,台積電,2021,3,balance_sheet,合併前非屬共同控制股權,,--,sii,https://mopsov.twse.com.tw/mops/web/ajax_t163sb05
上游,晶圓代工與先進封裝,2330,台積電,2021,3,balance_sheet,非控制權益,2300248,"2,300,248",sii,https://mopsov.twse.com.tw/mops/web/ajax_t163sb05
上游,晶圓代工與先進封裝,2330,台積電,2021,3,balance_sheet,權益總計,2078320310,"2,078,320,310",sii,https://mopsov.twse.com.tw/mops/web/ajax_t163sb05
上游,晶圓代工與先進封裝,2330,台積電,2021,3,balance_sheet,待註銷股本股數（單位：股）,,--,sii,https://mopsov.twse.com.tw/mops/web/ajax_t163sb05
上游,晶圓代工與先進封裝,2330,台積電,2021,3,balance_sheet,預收股款（權益項下）之約當發行股數（單位：股）,0,0,sii,https://mopsov.twse.com.tw/mops/web/ajax_t163sb05
上游,晶圓代工與先進封裝,2330,台積電,2021,3,balance_sheet,母公司暨子公司所持有之母公司庫藏股股數（單位：股）,0,0,sii,https://mopsov.twse.com.tw/mops/web/ajax_t163sb05
上游,晶圓代工與先進封裝,2330,台積電,2021,3,balance_sheet,每股參考淨值,80.06,80.06,sii,https://mopsov.twse.com.tw/mops/web/ajax_t163sb05
上游,晶圓代工與先進封裝,2330,台積電,2021,3,cash_flow,營業活動之淨現金流入（流出）,733961405,"733,961,405",sii,https://mopsov.twse.com.tw/mops/web/ajax_t163sb20
上游,晶圓代工與先進封裝,2330,台積電,2021,3,cash_flow,投資活動之淨現金流入（流出）,-591022571,"-591,022,571",sii,https://mopsov.twse.com.tw/mops/web/ajax_t163sb20
上游,晶圓代工與先進封裝,2330,台積電,2021,3,cash_flow,籌資活動之淨現金流入（流出）,54324420,"54,324,420",sii,https://mopsov.twse.com.tw/mops/web/ajax_t163sb20
上游,晶圓代工與先進封裝,2330,台積電,2021,3,cash_flow,匯率變動對現金及約當現金之影響,-3621935,"-3,621,935",sii,https://mopsov.twse.com.tw/mops/web/ajax_t163sb20
上游,晶圓代工與先進封裝,2330,台積電,2021,3,cash_flow,本期現金及約當現金增加（減少）數,193641319,"193,641,319",sii,https://mopsov.twse.com.tw/mops/web/ajax_t163sb20
上游,晶圓代工與先進封裝,2330,台積電,2021,3,cash_flow,期初現金及約當現金餘額,660170647,"660,170,647",sii,https://mopsov.twse.com.tw/mops/web/ajax_t163sb20
上游,晶圓代工與先進封裝,2330,台積電,2021,3,cash_flow,期末現金及約當現金餘額,853811966,"853,811,966",sii,https://mopsov.twse.com.tw/mops/web/ajax_t163sb20
上游,晶圓代工與先進封裝,2330,台積電,2021,4,income_statement,營業收入,1587415037,"1,587,415,037",sii,https://mopsov.twse.com.tw/mops/web/ajax_t163sb04
上游,晶圓代工與先進封裝,2330,台積電,2021,4,income_statement,營業成本,767877771,"767,877,771",sii,https://mopsov.twse.com.tw/mops/web/ajax_t163sb04
上游,晶圓代工與先進封裝,2330,台積電,2021,4,income_statement,原始認列生物資產及農產品之利益（損失）,,--,sii,https://mopsov.twse.com.tw/mops/web/ajax_t163sb04
上游,晶圓代工與先進封裝,2330,台積電,2021,4,income_statement,生物資產當期公允價值減出售成本之變動利益（損失）,,--,sii,https://mopsov.twse.com.tw/mops/web/ajax_t163sb04
上游,晶圓代工與先進封裝,2330,台積電,2021,4,income_statement,營業毛利（毛損）,819537266,"819,537,266",sii,https://mopsov.twse.com.tw/mops/web/ajax_t163sb04
上游,晶圓代工與先進封裝,2330,台積電,2021,4,income_statement,未實現銷貨（損）益,,--,sii,https://mopsov.twse.com.tw/mops/web/ajax_t163sb04
上游,晶圓代工與先進封裝,2330,台積電,2021,4,income_statement,已實現銷貨（損）益,,--,sii,https://mopsov.twse.com.tw/mops/web/ajax_t163sb04
上游,晶圓代工與先進封裝,2330,台積電,2021,4,income_statement,營業毛利（毛損）淨額,819537266,"819,537,266",sii,https://mopsov.twse.com.tw/mops/web/ajax_t163sb04
上游,晶圓代工與先進封裝,2330,台積電,2021,4,income_statement,營業費用,169222934,"169,222,934",sii,https://mopsov.twse.com.tw/mops/web/ajax_t163sb04
上游,晶圓代工與先進封裝,2330,台積電,2021,4,income_statement,其他收益及費損淨額,-333435,"-333,435",sii,https://mopsov.twse.com.tw/mops/web/ajax_t163sb04
上游,晶圓代工與先進封裝,2330,台積電,2021,4,income_statement,營業利益（損失）,649980897,"649,980,897",sii,https://mopsov.twse.com.tw/mops/web/ajax_t163sb04
上游,晶圓代工與先進封裝,2330,台積電,2021,4,income_statement,營業外收入及支出,13145417,"13,145,417",sii,https://mopsov.twse.com.tw/mops/web/ajax_t163sb04
上游,晶圓代工與先進封裝,2330,台積電,2021,4,income_statement,稅前淨利（淨損）,663126314,"663,126,314",sii,https://mopsov.twse.com.tw/mops/web/ajax_t163sb04
上游,晶圓代工與先進封裝,2330,台積電,2021,4,income_statement,所得稅費用（利益）,66053180,"66,053,180",sii,https://mopsov.twse.com.tw/mops/web/ajax_t163sb04
上游,晶圓代工與先進封裝,2330,台積電,2021,4,income_statement,繼續營業單位本期淨利（淨損）,597073134,"597,073,134",sii,https://mopsov.twse.com.tw/mops/web/ajax_t163sb04
上游,晶圓代工與先進封裝,2330,台積電,2021,4,income_statement,停業單位損益,,--,sii,https://mopsov.twse.com.tw/mops/web/ajax_t163sb04
上游,晶圓代工與先進封裝,2330,台積電,2021,4,income_statement,合併前非屬共同控制股權損益,,--,sii,https://mopsov.twse.com.tw/mops/web/ajax_t163sb04
上游,晶圓代工與先進封裝,2330,台積電,2021,4,income_statement,本期淨利（淨損）,597073134,"597,073,134",sii,https://mopsov.twse.com.tw/mops/web/ajax_t163sb04
上游,晶圓代工與先進封裝,2330,台積電,2021,4,income_statement,其他綜合損益（淨額）,-7619456,"-7,619,456",sii,https://mopsov.twse.com.tw/mops/web/ajax_t163sb04
上游,晶圓代工與先進封裝,2330,台積電,2021,4,income_statement,合併前非屬共同控制股權綜合損益淨額,,--,sii,https://mopsov.twse.com.tw/mops/web/ajax_t163sb04
上游,晶圓代工與先進封裝,2330,台積電,2021,4,income_statement,本期綜合損益總額,589453678,"589,453,678",sii,https://mopsov.twse.com.tw/mops/web/ajax_t163sb04
上游,晶圓代工與先進封裝,2330,台積電,2021,4,income_statement,淨利（淨損）歸屬於母公司業主,596540013,"596,540,013",sii,https://mopsov.twse.com.tw/mops/web/ajax_t163sb04
上游,晶圓代工與先進封裝,2330,台積電,2021,4,income_statement,淨利（淨損）歸屬於共同控制下前手權益,,--,sii,https://mopsov.twse.com.tw/mops/web/ajax_t163sb04
上游,晶圓代工與先進封裝,2330,台積電,2021,4,income_statement,淨利（淨損）歸屬於非控制權益,533121,"533,121",sii,https://mopsov.twse.com.tw/mops/web/ajax_t163sb04
上游,晶圓代工與先進封裝,2330,台積電,2021,4,income_statement,綜合損益總額歸屬於母公司業主,588918059,"588,918,059",sii,https://mopsov.twse.com.tw/mops/web/ajax_t163sb04
上游,晶圓代工與先進封裝,2330,台積電,2021,4,income_statement,綜合損益總額歸屬於共同控制下前手權益,,--,sii,https://mopsov.twse.com.tw/mops/web/ajax_t163sb04
上游,晶圓代工與先進封裝,2330,台積電,2021,4,income_statement,綜合損益總額歸屬於非控制權益,535619,"535,619",sii,https://mopsov.twse.com.tw/mops/web/ajax_t163sb04
上游,晶圓代工與先進封裝,2330,台積電,2021,4,income_statement,基本每股盈餘（元）,23.01,23.01,sii,https://mopsov.twse.com.tw/mops/web/ajax_t163sb04
上游,晶圓代工與先進封裝,2330,台積電,2021,4,balance_sheet,流動資產,1607072907,"1,607,072,907",sii,https://mopsov.twse.com.tw/mops/web/ajax_t163sb05
上游,晶圓代工與先進封裝,2330,台積電,2021,4,balance_sheet,非流動資產,2118430548,"2,118,430,548",sii,https://mopsov.twse.com.tw/mops/web/ajax_t163sb05
上游,晶圓代工與先進封裝,2330,台積電,2021,4,balance_sheet,資產總計,3725503455,"3,725,503,455",sii,https://mopsov.twse.com.tw/mops/web/ajax_t163sb05
上游,晶圓代工與先進封裝,2330,台積電,2021,4,balance_sheet,流動負債,739503358,"739,503,358",sii,https://mopsov.twse.com.tw/mops/web/ajax_t163sb05
上游,晶圓代工與先進封裝,2330,台積電,2021,4,balance_sheet,非流動負債,815266892,"815,266,892",sii,https://mopsov.twse.com.tw/mops/web/ajax_t163sb05
上游,晶圓代工與先進封裝,2330,台積電,2021,4,balance_sheet,負債總計,1554770250,"1,554,770,250",sii,https://mopsov.twse.com.tw/mops/web/ajax_t163sb05
上游,晶圓代工與先進封裝,2330,台積電,2021,4,balance_sheet,股本,259303805,"259,303,805",sii,https://mopsov.twse.com.tw/mops/web/ajax_t163sb05
上游,晶圓代工與先進封裝,2330,台積電,2021,4,balance_sheet,權益─具證券性質之虛擬通貨,,--,sii,https://mopsov.twse.com.tw/mops/web/ajax_t163sb05
上游,晶圓代工與先進封裝,2330,台積電,2021,4,balance_sheet,資本公積,64761602,"64,761,602",sii,https://mopsov.twse.com.tw/mops/web/ajax_t163sb05
上游,晶圓代工與先進封裝,2330,台積電,2021,4,balance_sheet,保留盈餘,1906829661,"1,906,829,661",sii,https://mopsov.twse.com.tw/mops/web/ajax_t163sb05
上游,晶圓代工與先進封裝,2330,台積電,2021,4,balance_sheet,其他權益,-62608515,"-62,608,515",sii,https://mopsov.twse.com.tw/mops/web/ajax_t163sb05
上游,晶圓代工與先進封裝,2330,台積電,2021,4,balance_sheet,庫藏股票,,--,sii,https://mopsov.twse.com.tw/mops/web/ajax_t163sb05
上游,晶圓代工與先進封裝,2330,台積電,2021,4,balance_sheet,歸屬於母公司業主之權益合計,2168286553,"2,168,286,553",sii,https://mopsov.twse.com.tw/mops/web/ajax_t163sb05
上游,晶圓代工與先進封裝,2330,台積電,2021,4,balance_sheet,共同控制下前手權益,,--,sii,https://mopsov.twse.com.tw/mops/web/ajax_t163sb05
上游,晶圓代工與先進封裝,2330,台積電,2021,4,balance_sheet,合併前非屬共同控制股權,,--,sii,https://mopsov.twse.com.tw/mops/web/ajax_t163sb05
上游,晶圓代工與先進封裝,2330,台積電,2021,4,balance_sheet,非控制權益,2446652,"2,446,652",sii,https://mopsov.twse.com.tw/mops/web/ajax_t163sb05
上游,晶圓代工與先進封裝,2330,台積電,2021,4,balance_sheet,權益總計,2170733205,"2,170,733,205",sii,https://mopsov.twse.com.tw/mops/web/ajax_t163sb05
上游,晶圓代工與先進封裝,2330,台積電,2021,4,balance_sheet,待註銷股本股數（單位：股）,,--,sii,https://mopsov.twse.com.tw/mops/web/ajax_t163sb05
上游,晶圓代工與先進封裝,2330,台積電,2021,4,balance_sheet,預收股款（權益項下）之約當發行股數（單位：股）,0,0,sii,https://mopsov.twse.com.tw/mops/web/ajax_t163sb05
上游,晶圓代工與先進封裝,2330,台積電,2021,4,balance_sheet,母公司暨子公司所持有之母公司庫藏股股數（單位：股）,0,0,sii,https://mopsov.twse.com.tw/mops/web/ajax_t163sb05
上游,晶圓代工與先進封裝,2330,台積電,2021,4,balance_sheet,每股參考淨值,83.62,83.62,sii,https://mopsov.twse.com.tw/mops/web/ajax_t163sb05
上游,晶圓代工與先進封裝,2330,台積電,2021,4,cash_flow,營業活動之淨現金流入（流出）,1112160722,"1,112,160,722",sii,https://mopsov.twse.com.tw/mops/web/ajax_t163sb20
上游,晶圓代工與先進封裝,2330,台積電,2021,4,cash_flow,投資活動之淨現金流入（流出）,-836365863,"-836,365,863",sii,https://mopsov.twse.com.tw/mops/web/ajax_t163sb20
上游,晶圓代工與先進封裝,2330,台積電,2021,4,cash_flow,籌資活動之淨現金流入（流出）,136608438,"136,608,438",sii,https://mopsov.twse.com.tw/mops/web/ajax_t163sb20
上游,晶圓代工與先進封裝,2330,台積電,2021,4,cash_flow,匯率變動對現金及約當現金之影響,-7583752,"-7,583,752",sii,https://mopsov.twse.com.tw/mops/web/ajax_t163sb20
上游,晶圓代工與先進封裝,2330,台積電,2021,4,cash_flow,本期現金及約當現金增加（減少）數,404819545,"404,819,545",sii,https://mopsov.twse.com.tw/mops/web/ajax_t163sb20
上游,晶圓代工與先進封裝,2330,台積電,2021,4,cash_flow,期初現金及約當現金餘額,660170647,"660,170,647",sii,https://mopsov.twse.com.tw/mops/web/ajax_t163sb20
上游,晶圓代工與先進封裝,2330,台積電,2021,4,cash_flow,期末現金及約當現金餘額,1064990192,"1,064,990,192",sii,https://mopsov.twse.com.tw/mops/web/ajax_t163sb20
上游,晶圓代工與先進封裝,2330,台積電,2022,1,income_statement,營業收入,491075873,"491,075,873",sii,https://mopsov.twse.com.tw/mops/web/ajax_t163sb04
上游,晶圓代工與先進封裝,2330,台積電,2022,1,income_statement,營業成本,217872707,"217,872,707",sii,https://mopsov.twse.com.tw/mops/web/ajax_t163sb04
上游,晶圓代工與先進封裝,2330,台積電,2022,1,income_statement,原始認列生物資產及農產品之利益（損失）,,--,sii,https://mopsov.twse.com.tw/mops/web/ajax_t163sb04
上游,晶圓代工與先進封裝,2330,台積電,2022,1,income_statement,生物資產當期公允價值減出售成本之變動利益（損失）,,--,sii,https://mopsov.twse.com.tw/mops/web/ajax_t163sb04
上游,晶圓代工與先進封裝,2330,台積電,2022,1,income_statement,營業毛利（毛損）,273203166,"273,203,166",sii,https://mopsov.twse.com.tw/mops/web/ajax_t163sb04
上游,晶圓代工與先進封裝,2330,台積電,2022,1,income_statement,未實現銷貨（損）益,,--,sii,https://mopsov.twse.com.tw/mops/web/ajax_t163sb04
上游,晶圓代工與先進封裝,2330,台積電,2022,1,income_statement,已實現銷貨（損）益,,--,sii,https://mopsov.twse.com.tw/mops/web/ajax_t163sb04
上游,晶圓代工與先進封裝,2330,台積電,2022,1,income_statement,營業毛利（毛損）淨額,273203166,"273,203,166",sii,https://mopsov.twse.com.tw/mops/web/ajax_t163sb04
上游,晶圓代工與先進封裝,2330,台積電,2022,1,income_statement,營業費用,48611190,"48,611,190",sii,https://mopsov.twse.com.tw/mops/web/ajax_t163sb04
上游,晶圓代工與先進封裝,2330,台積電,2022,1,income_statement,其他收益及費損淨額,-801858,"-801,858",sii,https://mopsov.twse.com.tw/mops/web/ajax_t163sb04
上游,晶圓代工與先進封裝,2330,台積電,2022,1,income_statement,營業利益（損失）,223790118,"223,790,118",sii,https://mopsov.twse.com.tw/mops/web/ajax_t163sb04
上游,晶圓代工與先進封裝,2330,台積電,2022,1,income_statement,營業外收入及支出,3041578,"3,041,578",sii,https://mopsov.twse.com.tw/mops/web/ajax_t163sb04
上游,晶圓代工與先進封裝,2330,台積電,2022,1,income_statement,稅前淨利（淨損）,226831696,"226,831,696",sii,https://mopsov.twse.com.tw/mops/web/ajax_t163sb04
上游,晶圓代工與先進封裝,2330,台積電,2022,1,income_statement,所得稅費用（利益）,23958322,"23,958,322",sii,https://mopsov.twse.com.tw/mops/web/ajax_t163sb04
上游,晶圓代工與先進封裝,2330,台積電,2022,1,income_statement,繼續營業單位本期淨利（淨損）,202873374,"202,873,374",sii,https://mopsov.twse.com.tw/mops/web/ajax_t163sb04
上游,晶圓代工與先進封裝,2330,台積電,2022,1,income_statement,停業單位損益,,--,sii,https://mopsov.twse.com.tw/mops/web/ajax_t163sb04
上游,晶圓代工與先進封裝,2330,台積電,2022,1,income_statement,合併前非屬共同控制股權損益,,--,sii,https://mopsov.twse.com.tw/mops/web/ajax_t163sb04
上游,晶圓代工與先進封裝,2330,台積電,2022,1,income_statement,本期淨利（淨損）,202873374,"202,873,374",sii,https://mopsov.twse.com.tw/mops/web/ajax_t163sb04
上游,晶圓代工與先進封裝,2330,台積電,2022,1,income_statement,其他綜合損益（淨額）,15411217,"15,411,217",sii,https://mopsov.twse.com.tw/mops/web/ajax_t163sb04
上游,晶圓代工與先進封裝,2330,台積電,2022,1,income_statement,合併前非屬共同控制股權綜合損益淨額,,--,sii,https://mopsov.twse.com.tw/mops/web/ajax_t163sb04
上游,晶圓代工與先進封裝,2330,台積電,2022,1,income_statement,本期綜合損益總額,218284591,"218,284,591",sii,https://mopsov.twse.com.tw/mops/web/ajax_t163sb04
上游,晶圓代工與先進封裝,2330,台積電,2022,1,income_statement,淨利（淨損）歸屬於母公司業主,202732975,"202,732,975",sii,https://mopsov.twse.com.tw/mops/web/ajax_t163sb04
上游,晶圓代工與先進封裝,2330,台積電,2022,1,income_statement,淨利（淨損）歸屬於共同控制下前手權益,,--,sii,https://mopsov.twse.com.tw/mops/web/ajax_t163sb04
上游,晶圓代工與先進封裝,2330,台積電,2022,1,income_statement,淨利（淨損）歸屬於非控制權益,140399,"140,399",sii,https://mopsov.twse.com.tw/mops/web/ajax_t163sb04
上游,晶圓代工與先進封裝,2330,台積電,2022,1,income_statement,綜合損益總額歸屬於母公司業主,218283654,"218,283,654",sii,https://mopsov.twse.com.tw/mops/web/ajax_t163sb04
上游,晶圓代工與先進封裝,2330,台積電,2022,1,income_statement,綜合損益總額歸屬於共同控制下前手權益,,--,sii,https://mopsov.twse.com.tw/mops/web/ajax_t163sb04
上游,晶圓代工與先進封裝,2330,台積電,2022,1,income_statement,綜合損益總額歸屬於非控制權益,937,937,sii,https://mopsov.twse.com.tw/mops/web/ajax_t163sb04
上游,晶圓代工與先進封裝,2330,台積電,2022,1,income_statement,基本每股盈餘（元）,7.82,7.82,sii,https://mopsov.twse.com.tw/mops/web/ajax_t163sb04
上游,晶圓代工與先進封裝,2330,台積電,2022,1,balance_sheet,流動資產,1722237632,"1,722,237,632",sii,https://mopsov.twse.com.tw/mops/web/ajax_t163sb05
上游,晶圓代工與先進封裝,2330,台積電,2022,1,balance_sheet,非流動資產,2270439035,"2,270,439,035",sii,https://mopsov.twse.com.tw/mops/web/ajax_t163sb05
上游,晶圓代工與先進封裝,2330,台積電,2022,1,balance_sheet,資產總計,3992676667,"3,992,676,667",sii,https://mopsov.twse.com.tw/mops/web/ajax_t163sb05
上游,晶圓代工與先進封裝,2330,台積電,2022,1,balance_sheet,流動負債,822867707,"822,867,707",sii,https://mopsov.twse.com.tw/mops/web/ajax_t163sb05
上游,晶圓代工與先進封裝,2330,台積電,2022,1,balance_sheet,非流動負債,848340206,"848,340,206",sii,https://mopsov.twse.com.tw/mops/web/ajax_t163sb05
上游,晶圓代工與先進封裝,2330,台積電,2022,1,balance_sheet,負債總計,1671207913,"1,671,207,913",sii,https://mopsov.twse.com.tw/mops/web/ajax_t163sb05
上游,晶圓代工與先進封裝,2330,台積電,2022,1,balance_sheet,股本,259317675,"259,317,675",sii,https://mopsov.twse.com.tw/mops/web/ajax_t163sb05
上游,晶圓代工與先進封裝,2330,台積電,2022,1,balance_sheet,權益─具證券性質之虛擬通貨,,--,sii,https://mopsov.twse.com.tw/mops/web/ajax_t163sb05
上游,晶圓代工與先進封裝,2330,台積電,2022,1,balance_sheet,資本公積,65215135,"65,215,135",sii,https://mopsov.twse.com.tw/mops/web/ajax_t163sb05
上游,晶圓代工與先進封裝,2330,台積電,2022,1,balance_sheet,保留盈餘,2038261537,"2,038,261,537",sii,https://mopsov.twse.com.tw/mops/web/ajax_t163sb05
上游,晶圓代工與先進封裝,2330,台積電,2022,1,balance_sheet,其他權益,-47492685,"-47,492,685",sii,https://mopsov.twse.com.tw/mops/web/ajax_t163sb05
上游,晶圓代工與先進封裝,2330,台積電,2022,1,balance_sheet,庫藏股票,-871566,"-871,566",sii,https://mopsov.twse.com.tw/mops/web/ajax_t163sb05
上游,晶圓代工與先進封裝,2330,台積電,2022,1,balance_sheet,歸屬於母公司業主之權益合計,2314430096,"2,314,430,096",sii,https://mopsov.twse.com.tw/mops/web/ajax_t163sb05
上游,晶圓代工與先進封裝,2330,台積電,2022,1,balance_sheet,共同控制下前手權益,,--,sii,https://mopsov.twse.com.tw/mops/web/ajax_t163sb05
上游,晶圓代工與先進封裝,2330,台積電,2022,1,balance_sheet,合併前非屬共同控制股權,,--,sii,https://mopsov.twse.com.tw/mops/web/ajax_t163sb05
上游,晶圓代工與先進封裝,2330,台積電,2022,1,balance_sheet,非控制權益,7038658,"7,038,658",sii,https://mopsov.twse.com.tw/mops/web/ajax_t163sb05
上游,晶圓代工與先進封裝,2330,台積電,2022,1,balance_sheet,權益總計,2321468754,"2,321,468,754",sii,https://mopsov.twse.com.tw/mops/web/ajax_t163sb05
上游,晶圓代工與先進封裝,2330,台積電,2022,1,balance_sheet,待註銷股本股數（單位：股）,,--,sii,https://mopsov.twse.com.tw/mops/web/ajax_t163sb05
上游,晶圓代工與先進封裝,2330,台積電,2022,1,balance_sheet,預收股款（權益項下）之約當發行股數（單位：股）,0,0,sii,https://mopsov.twse.com.tw/mops/web/ajax_t163sb05
上游,晶圓代工與先進封裝,2330,台積電,2022,1,balance_sheet,母公司暨子公司所持有之母公司庫藏股股數（單位：股）,1387000,"1,387,000",sii,https://mopsov.twse.com.tw/mops/web/ajax_t163sb05
上游,晶圓代工與先進封裝,2330,台積電,2022,1,balance_sheet,每股參考淨值,89.26,89.26,sii,https://mopsov.twse.com.tw/mops/web/ajax_t163sb05
上游,晶圓代工與先進封裝,2330,台積電,2022,1,cash_flow,營業活動之淨現金流入（流出）,372169688,"372,169,688",sii,https://mopsov.twse.com.tw/mops/web/ajax_t163sb20
上游,晶圓代工與先進封裝,2330,台積電,2022,1,cash_flow,投資活動之淨現金流入（流出）,-288073791,"-288,073,791",sii,https://mopsov.twse.com.tw/mops/web/ajax_t163sb20
上游,晶圓代工與先進封裝,2330,台積電,2022,1,cash_flow,籌資活動之淨現金流入（流出）,-19086188,"-19,086,188",sii,https://mopsov.twse.com.tw/mops/web/ajax_t163sb20
上游,晶圓代工與先進封裝,2330,台積電,2022,1,cash_flow,匯率變動對現金及約當現金之影響,21589745,"21,589,745",sii,https://mopsov.twse.com.tw/mops/web/ajax_t163sb20
上游,晶圓代工與先進封裝,2330,台積電,2022,1,cash_flow,本期現金及約當現金增加（減少）數,86599454,"86,599,454",sii,https://mopsov.twse.com.tw/mops/web/ajax_t163sb20
上游,晶圓代工與先進封裝,2330,台積電,2022,1,cash_flow,期初現金及約當現金餘額,1064990192,"1,064,990,192",sii,https://mopsov.twse.com.tw/mops/web/ajax_t163sb20
上游,晶圓代工與先進封裝,2330,台積電,2022,1,cash_flow,期末現金及約當現金餘額,1151589646,"1,151,589,646",sii,https://mopsov.twse.com.tw/mops/web/ajax_t163sb20
上游,晶圓代工與先進封裝,2330,台積電,2022,2,income_statement,營業收入,1025216681,"1,025,216,681",sii,https://mopsov.twse.com.tw/mops/web/ajax_t163sb04
上游,晶圓代工與先進封裝,2330,台積電,2022,2,income_statement,營業成本,436545521,"436,545,521",sii,https://mopsov.twse.com.tw/mops/web/ajax_t163sb04
上游,晶圓代工與先進封裝,2330,台積電,2022,2,income_statement,原始認列生物資產及農產品之利益（損失）,,--,sii,https://mopsov.twse.com.tw/mops/web/ajax_t163sb04
上游,晶圓代工與先進封裝,2330,台積電,2022,2,income_statement,生物資產當期公允價值減出售成本之變動利益（損失）,,--,sii,https://mopsov.twse.com.tw/mops/web/ajax_t163sb04
上游,晶圓代工與先進封裝,2330,台積電,2022,2,income_statement,營業毛利（毛損）,588671160,"588,671,160",sii,https://mopsov.twse.com.tw/mops/web/ajax_t163sb04
上游,晶圓代工與先進封裝,2330,台積電,2022,2,income_statement,未實現銷貨（損）益,,--,sii,https://mopsov.twse.com.tw/mops/web/ajax_t163sb04
上游,晶圓代工與先進封裝,2330,台積電,2022,2,income_statement,已實現銷貨（損）益,,--,sii,https://mopsov.twse.com.tw/mops/web/ajax_t163sb04
上游,晶圓代工與先進封裝,2330,台積電,2022,2,income_statement,營業毛利（毛損）淨額,588671160,"588,671,160",sii,https://mopsov.twse.com.tw/mops/web/ajax_t163sb04
上游,晶圓代工與先進封裝,2330,台積電,2022,2,income_statement,營業費用,101985708,"101,985,708",sii,https://mopsov.twse.com.tw/mops/web/ajax_t163sb04
上游,晶圓代工與先進封裝,2330,台積電,2022,2,income_statement,其他收益及費損淨額,-771585,"-771,585",sii,https://mopsov.twse.com.tw/mops/web/ajax_t163sb04
上游,晶圓代工與先進封裝,2330,台積電,2022,2,income_statement,營業利益（損失）,485913867,"485,913,867",sii,https://mopsov.twse.com.tw/mops/web/ajax_t163sb04
上游,晶圓代工與先進封裝,2330,台積電,2022,2,income_statement,營業外收入及支出,6916110,"6,916,110",sii,https://mopsov.twse.com.tw/mops/web/ajax_t163sb04
上游,晶圓代工與先進封裝,2330,台積電,2022,2,income_statement,稅前淨利（淨損）,492829977,"492,829,977",sii,https://mopsov.twse.com.tw/mops/web/ajax_t163sb04
上游,晶圓代工與先進封裝,2330,台積電,2022,2,income_statement,所得稅費用（利益）,52776351,"52,776,351",sii,https://mopsov.twse.com.tw/mops/web/ajax_t163sb04
上游,晶圓代工與先進封裝,2330,台積電,2022,2,income_statement,繼續營業單位本期淨利（淨損）,440053626,"440,053,626",sii,https://mopsov.twse.com.tw/mops/web/ajax_t163sb04
上游,晶圓代工與先進封裝,2330,台積電,2022,2,income_statement,停業單位損益,,--,sii,https://mopsov.twse.com.tw/mops/web/ajax_t163sb04
上游,晶圓代工與先進封裝,2330,台積電,2022,2,income_statement,合併前非屬共同控制股權損益,,--,sii,https://mopsov.twse.com.tw/mops/web/ajax_t163sb04
上游,晶圓代工與先進封裝,2330,台積電,2022,2,income_statement,本期淨利（淨損）,440053626,"440,053,626",sii,https://mopsov.twse.com.tw/mops/web/ajax_t163sb04
上游,晶圓代工與先進封裝,2330,台積電,2022,2,income_statement,其他綜合損益（淨額）,26790722,"26,790,722",sii,https://mopsov.twse.com.tw/mops/web/ajax_t163sb04
上游,晶圓代工與先進封裝,2330,台積電,2022,2,income_statement,合併前非屬共同控制股權綜合損益淨額,,--,sii,https://mopsov.twse.com.tw/mops/web/ajax_t163sb04
上游,晶圓代工與先進封裝,2330,台積電,2022,2,income_statement,本期綜合損益總額,466844348,"466,844,348",sii,https://mopsov.twse.com.tw/mops/web/ajax_t163sb04
上游,晶圓代工與先進封裝,2330,台積電,2022,2,income_statement,淨利（淨損）歸屬於母公司業主,439760292,"439,760,292",sii,https://mopsov.twse.com.tw/mops/web/ajax_t163sb04
上游,晶圓代工與先進封裝,2330,台積電,2022,2,income_statement,淨利（淨損）歸屬於共同控制下前手權益,,--,sii,https://mopsov.twse.com.tw/mops/web/ajax_t163sb04
上游,晶圓代工與先進封裝,2330,台積電,2022,2,income_statement,淨利（淨損）歸屬於非控制權益,293334,"293,334",sii,https://mopsov.twse.com.tw/mops/web/ajax_t163sb04
上游,晶圓代工與先進封裝,2330,台積電,2022,2,income_statement,綜合損益總額歸屬於母公司業主,467332315,"467,332,315",sii,https://mopsov.twse.com.tw/mops/web/ajax_t163sb04
上游,晶圓代工與先進封裝,2330,台積電,2022,2,income_statement,綜合損益總額歸屬於共同控制下前手權益,,--,sii,https://mopsov.twse.com.tw/mops/web/ajax_t163sb04
上游,晶圓代工與先進封裝,2330,台積電,2022,2,income_statement,綜合損益總額歸屬於非控制權益,-487967,"-487,967",sii,https://mopsov.twse.com.tw/mops/web/ajax_t163sb04
上游,晶圓代工與先進封裝,2330,台積電,2022,2,income_statement,基本每股盈餘（元）,16.96,16.96,sii,https://mopsov.twse.com.tw/mops/web/ajax_t163sb04
上游,晶圓代工與先進封裝,2330,台積電,2022,2,balance_sheet,流動資產,1905866396,"1,905,866,396",sii,https://mopsov.twse.com.tw/mops/web/ajax_t163sb05
上游,晶圓代工與先進封裝,2330,台積電,2022,2,balance_sheet,非流動資產,2440074939,"2,440,074,939",sii,https://mopsov.twse.com.tw/mops/web/ajax_t163sb05
上游,晶圓代工與先進封裝,2330,台積電,2022,2,balance_sheet,資產總計,4345941335,"4,345,941,335",sii,https://mopsov.twse.com.tw/mops/web/ajax_t163sb05
上游,晶圓代工與先進封裝,2330,台積電,2022,2,balance_sheet,流動負債,845240981,"845,240,981",sii,https://mopsov.twse.com.tw/mops/web/ajax_t163sb05
上游,晶圓代工與先進封裝,2330,台積電,2022,2,balance_sheet,非流動負債,990238229,"990,238,229",sii,https://mopsov.twse.com.tw/mops/web/ajax_t163sb05
上游,晶圓代工與先進封裝,2330,台積電,2022,2,balance_sheet,負債總計,1835479210,"1,835,479,210",sii,https://mopsov.twse.com.tw/mops/web/ajax_t163sb05
上游,晶圓代工與先進封裝,2330,台積電,2022,2,balance_sheet,股本,259303805,"259,303,805",sii,https://mopsov.twse.com.tw/mops/web/ajax_t163sb05
上游,晶圓代工與先進封裝,2330,台積電,2022,2,balance_sheet,權益─具證券性質之虛擬通貨,,--,sii,https://mopsov.twse.com.tw/mops/web/ajax_t163sb05
上游,晶圓代工與先進封裝,2330,台積電,2022,2,balance_sheet,資本公積,69333650,"69,333,650",sii,https://mopsov.twse.com.tw/mops/web/ajax_t163sb05
上游,晶圓代工與先進封裝,2330,台積電,2022,2,balance_sheet,保留盈餘,2203125601,"2,203,125,601",sii,https://mopsov.twse.com.tw/mops/web/ajax_t163sb05
上游,晶圓代工與先進封裝,2330,台積電,2022,2,balance_sheet,其他權益,-35409864,"-35,409,864",sii,https://mopsov.twse.com.tw/mops/web/ajax_t163sb05
上游,晶圓代工與先進封裝,2330,台積電,2022,2,balance_sheet,庫藏股票,0,0,sii,https://mopsov.twse.com.tw/mops/web/ajax_t163sb05
上游,晶圓代工與先進封裝,2330,台積電,2022,2,balance_sheet,歸屬於母公司業主之權益合計,2496353192,"2,496,353,192",sii,https://mopsov.twse.com.tw/mops/web/ajax_t163sb05
上游,晶圓代工與先進封裝,2330,台積電,2022,2,balance_sheet,共同控制下前手權益,,--,sii,https://mopsov.twse.com.tw/mops/web/ajax_t163sb05
上游,晶圓代工與先進封裝,2330,台積電,2022,2,balance_sheet,合併前非屬共同控制股權,,--,sii,https://mopsov.twse.com.tw/mops/web/ajax_t163sb05
上游,晶圓代工與先進封裝,2330,台積電,2022,2,balance_sheet,非控制權益,14108933,"14,108,933",sii,https://mopsov.twse.com.tw/mops/web/ajax_t163sb05
上游,晶圓代工與先進封裝,2330,台積電,2022,2,balance_sheet,權益總計,2510462125,"2,510,462,125",sii,https://mopsov.twse.com.tw/mops/web/ajax_t163sb05
上游,晶圓代工與先進封裝,2330,台積電,2022,2,balance_sheet,待註銷股本股數（單位：股）,,--,sii,https://mopsov.twse.com.tw/mops/web/ajax_t163sb05
上游,晶圓代工與先進封裝,2330,台積電,2022,2,balance_sheet,預收股款（權益項下）之約當發行股數（單位：股）,0,0,sii,https://mopsov.twse.com.tw/mops/web/ajax_t163sb05
上游,晶圓代工與先進封裝,2330,台積電,2022,2,balance_sheet,母公司暨子公司所持有之母公司庫藏股股數（單位：股）,0,0,sii,https://mopsov.twse.com.tw/mops/web/ajax_t163sb05
上游,晶圓代工與先進封裝,2330,台積電,2022,2,balance_sheet,每股參考淨值,96.27,96.27,sii,https://mopsov.twse.com.tw/mops/web/ajax_t163sb05
上游,晶圓代工與先進封裝,2330,台積電,2022,2,cash_flow,營業活動之淨現金流入（流出）,711019117,"711,019,117",sii,https://mopsov.twse.com.tw/mops/web/ajax_t163sb20
上游,晶圓代工與先進封裝,2330,台積電,2022,2,cash_flow,投資活動之淨現金流入（流出）,-564005897,"-564,005,897",sii,https://mopsov.twse.com.tw/mops/web/ajax_t163sb20
上游,晶圓代工與先進封裝,2330,台積電,2022,2,cash_flow,籌資活動之淨現金流入（流出）,-5734,"-5,734",sii,https://mopsov.twse.com.tw/mops/web/ajax_t163sb20
上游,晶圓代工與先進封裝,2330,台積電,2022,2,cash_flow,匯率變動對現金及約當現金之影響,41191519,"41,191,519",sii,https://mopsov.twse.com.tw/mops/web/ajax_t163sb20
上游,晶圓代工與先進封裝,2330,台積電,2022,2,cash_flow,本期現金及約當現金增加（減少）數,188199005,"188,199,005",sii,https://mopsov.twse.com.tw/mops/web/ajax_t163sb20
上游,晶圓代工與先進封裝,2330,台積電,2022,2,cash_flow,期初現金及約當現金餘額,1064990192,"1,064,990,192",sii,https://mopsov.twse.com.tw/mops/web/ajax_t163sb20
上游,晶圓代工與先進封裝,2330,台積電,2022,2,cash_flow,期末現金及約當現金餘額,1253189197,"1,253,189,197",sii,https://mopsov.twse.com.tw/mops/web/ajax_t163sb20
上游,晶圓代工與先進封裝,2330,台積電,2022,3,income_statement,營業收入,1638359424,"1,638,359,424",sii,https://mopsov.twse.com.tw/mops/web/ajax_t163sb04
上游,晶圓代工與先進封裝,2330,台積電,2022,3,income_statement,營業成本,679189547,"679,189,547",sii,https://mopsov.twse.com.tw/mops/web/ajax_t163sb04
上游,晶圓代工與先進封裝,2330,台積電,2022,3,income_statement,原始認列生物資產及農產品之利益（損失）,,--,sii,https://mopsov.twse.com.tw/mops/web/ajax_t163sb04
上游,晶圓代工與先進封裝,2330,台積電,2022,3,income_statement,生物資產當期公允價值減出售成本之變動利益（損失）,,--,sii,https://mopsov.twse.com.tw/mops/web/ajax_t163sb04
上游,晶圓代工與先進封裝,2330,台積電,2022,3,income_statement,營業毛利（毛損）,959169877,"959,169,877",sii,https://mopsov.twse.com.tw/mops/web/ajax_t163sb04
上游,晶圓代工與先進封裝,2330,台積電,2022,3,income_statement,未實現銷貨（損）益,,--,sii,https://mopsov.twse.com.tw/mops/web/ajax_t163sb04
上游,晶圓代工與先進封裝,2330,台積電,2022,3,income_statement,已實現銷貨（損）益,,--,sii,https://mopsov.twse.com.tw/mops/web/ajax_t163sb04
上游,晶圓代工與先進封裝,2330,台積電,2022,3,income_statement,營業毛利（毛損）淨額,959169877,"959,169,877",sii,https://mopsov.twse.com.tw/mops/web/ajax_t163sb04
上游,晶圓代工與先進封裝,2330,台積電,2022,3,income_statement,營業費用,162172170,"162,172,170",sii,https://mopsov.twse.com.tw/mops/web/ajax_t163sb04
上游,晶圓代工與先進封裝,2330,台積電,2022,3,income_statement,其他收益及費損淨額,-759626,"-759,626",sii,https://mopsov.twse.com.tw/mops/web/ajax_t163sb04
上游,晶圓代工與先進封裝,2330,台積電,2022,3,income_statement,營業利益（損失）,796238081,"796,238,081",sii,https://mopsov.twse.com.tw/mops/web/ajax_t163sb04
上游,晶圓代工與先進封裝,2330,台積電,2022,3,income_statement,營業外收入及支出,13282763,"13,282,763",sii,https://mopsov.twse.com.tw/mops/web/ajax_t163sb04
上游,晶圓代工與先進封裝,2330,台積電,2022,3,income_statement,稅前淨利（淨損）,809520844,"809,520,844",sii,https://mopsov.twse.com.tw/mops/web/ajax_t163sb04
上游,晶圓代工與先進封裝,2330,台積電,2022,3,income_statement,所得稅費用（利益）,88498811,"88,498,811",sii,https://mopsov.twse.com.tw/mops/web/ajax_t163sb04
上游,晶圓代工與先進封裝,2330,台積電,2022,3,income_statement,繼續營業單位本期淨利（淨損）,721022033,"721,022,033",sii,https://mopsov.twse.com.tw/mops/web/ajax_t163sb04
上游,晶圓代工與先進封裝,2330,台積電,2022,3,income_statement,停業單位損益,,--,sii,https://mopsov.twse.com.tw/mops/web/ajax_t163sb04
上游,晶圓代工與先進封裝,2330,台積電,2022,3,income_statement,合併前非屬共同控制股權損益,,--,sii,https://mopsov.twse.com.tw/mops/web/ajax_t163sb04
上游,晶圓代工與先進封裝,2330,台積電,2022,3,income_statement,本期淨利（淨損）,721022033,"721,022,033",sii,https://mopsov.twse.com.tw/mops/web/ajax_t163sb04
上游,晶圓代工與先進封裝,2330,台積電,2022,3,income_statement,其他綜合損益（淨額）,58912121,"58,912,121",sii,https://mopsov.twse.com.tw/mops/web/ajax_t163sb04
上游,晶圓代工與先進封裝,2330,台積電,2022,3,income_statement,合併前非屬共同控制股權綜合損益淨額,,--,sii,https://mopsov.twse.com.tw/mops/web/ajax_t163sb04
上游,晶圓代工與先進封裝,2330,台積電,2022,3,income_statement,本期綜合損益總額,779934154,"779,934,154",sii,https://mopsov.twse.com.tw/mops/web/ajax_t163sb04
上游,晶圓代工與先進封裝,2330,台積電,2022,3,income_statement,淨利（淨損）歸屬於母公司業主,720626072,"720,626,072",sii,https://mopsov.twse.com.tw/mops/web/ajax_t163sb04
上游,晶圓代工與先進封裝,2330,台積電,2022,3,income_statement,淨利（淨損）歸屬於共同控制下前手權益,,--,sii,https://mopsov.twse.com.tw/mops/web/ajax_t163sb04
上游,晶圓代工與先進封裝,2330,台積電,2022,3,income_statement,淨利（淨損）歸屬於非控制權益,395961,"395,961",sii,https://mopsov.twse.com.tw/mops/web/ajax_t163sb04
上游,晶圓代工與先進封裝,2330,台積電,2022,3,income_statement,綜合損益總額歸屬於母公司業主,780221513,"780,221,513",sii,https://mopsov.twse.com.tw/mops/web/ajax_t163sb04
上游,晶圓代工與先進封裝,2330,台積電,2022,3,income_statement,綜合損益總額歸屬於共同控制下前手權益,,--,sii,https://mopsov.twse.com.tw/mops/web/ajax_t163sb04
上游,晶圓代工與先進封裝,2330,台積電,2022,3,income_statement,綜合損益總額歸屬於非控制權益,-287359,"-287,359",sii,https://mopsov.twse.com.tw/mops/web/ajax_t163sb04
上游,晶圓代工與先進封裝,2330,台積電,2022,3,income_statement,基本每股盈餘（元）,27.79,27.79,sii,https://mopsov.twse.com.tw/mops/web/ajax_t163sb04
上游,晶圓代工與先進封裝,2330,台積電,2022,3,balance_sheet,流動資產,2014232358,"2,014,232,358",sii,https://mopsov.twse.com.tw/mops/web/ajax_t163sb05
上游,晶圓代工與先進封裝,2330,台積電,2022,3,balance_sheet,非流動資產,2629069408,"2,629,069,408",sii,https://mopsov.twse.com.tw/mops/web/ajax_t163sb05
上游,晶圓代工與先進封裝,2330,台積電,2022,3,balance_sheet,資產總計,4643301766,"4,643,301,766",sii,https://mopsov.twse.com.tw/mops/web/ajax_t163sb05
上游,晶圓代工與先進封裝,2330,台積電,2022,3,balance_sheet,流動負債,807431287,"807,431,287",sii,https://mopsov.twse.com.tw/mops/web/ajax_t163sb05
上游,晶圓代工與先進封裝,2330,台積電,2022,3,balance_sheet,非流動負債,1083554320,"1,083,554,320",sii,https://mopsov.twse.com.tw/mops/web/ajax_t163sb05
上游,晶圓代工與先進封裝,2330,台積電,2022,3,balance_sheet,負債總計,1890985607,"1,890,985,607",sii,https://mopsov.twse.com.tw/mops/web/ajax_t163sb05
上游,晶圓代工與先進封裝,2330,台積電,2022,3,balance_sheet,股本,259303805,"259,303,805",sii,https://mopsov.twse.com.tw/mops/web/ajax_t163sb05
上游,晶圓代工與先進封裝,2330,台積電,2022,3,balance_sheet,權益─具證券性質之虛擬通貨,,--,sii,https://mopsov.twse.com.tw/mops/web/ajax_t163sb05
上游,晶圓代工與先進封裝,2330,台積電,2022,3,balance_sheet,資本公積,69316391,"69,316,391",sii,https://mopsov.twse.com.tw/mops/web/ajax_t163sb05
上游,晶圓代工與先進封裝,2330,台積電,2022,3,balance_sheet,保留盈餘,2412773597,"2,412,773,597",sii,https://mopsov.twse.com.tw/mops/web/ajax_t163sb05
上游,晶圓代工與先進封裝,2330,台積電,2022,3,balance_sheet,其他權益,-3419487,"-3,419,487",sii,https://mopsov.twse.com.tw/mops/web/ajax_t163sb05
上游,晶圓代工與先進封裝,2330,台積電,2022,3,balance_sheet,庫藏股票,0,0,sii,https://mopsov.twse.com.tw/mops/web/ajax_t163sb05
上游,晶圓代工與先進封裝,2330,台積電,2022,3,balance_sheet,歸屬於母公司業主之權益合計,2737974306,"2,737,974,306",sii,https://mopsov.twse.com.tw/mops/web/ajax_t163sb05
上游,晶圓代工與先進封裝,2330,台積電,2022,3,balance_sheet,共同控制下前手權益,,--,sii,https://mopsov.twse.com.tw/mops/web/ajax_t163sb05
上游,晶圓代工與先進封裝,2330,台積電,2022,3,balance_sheet,合併前非屬共同控制股權,,--,sii,https://mopsov.twse.com.tw/mops/web/ajax_t163sb05
上游,晶圓代工與先進封裝,2330,台積電,2022,3,balance_sheet,非控制權益,14341853,"14,341,853",sii,https://mopsov.twse.com.tw/mops/web/ajax_t163sb05
上游,晶圓代工與先進封裝,2330,台積電,2022,3,balance_sheet,權益總計,2752316159,"2,752,316,159",sii,https://mopsov.twse.com.tw/mops/web/ajax_t163sb05
上游,晶圓代工與先進封裝,2330,台積電,2022,3,balance_sheet,待註銷股本股數（單位：股）,,--,sii,https://mopsov.twse.com.tw/mops/web/ajax_t163sb05
上游,晶圓代工與先進封裝,2330,台積電,2022,3,balance_sheet,預收股款（權益項下）之約當發行股數（單位：股）,0,0,sii,https://mopsov.twse.com.tw/mops/web/ajax_t163sb05
上游,晶圓代工與先進封裝,2330,台積電,2022,3,balance_sheet,母公司暨子公司所持有之母公司庫藏股股數（單位：股）,0,0,sii,https://mopsov.twse.com.tw/mops/web/ajax_t163sb05
上游,晶圓代工與先進封裝,2330,台積電,2022,3,balance_sheet,每股參考淨值,105.59,105.59,sii,https://mopsov.twse.com.tw/mops/web/ajax_t163sb05
上游,晶圓代工與先進封裝,2330,台積電,2022,3,cash_flow,營業活動之淨現金流入（流出）,1123717284,"1,123,717,284",sii,https://mopsov.twse.com.tw/mops/web/ajax_t163sb20
上游,晶圓代工與先進封裝,2330,台積電,2022,3,cash_flow,投資活動之淨現金流入（流出）,-848396222,"-848,396,222",sii,https://mopsov.twse.com.tw/mops/web/ajax_t163sb20
上游,晶圓代工與先進封裝,2330,台積電,2022,3,cash_flow,籌資活動之淨現金流入（流出）,-130412487,"-130,412,487",sii,https://mopsov.twse.com.tw/mops/web/ajax_t163sb20
上游,晶圓代工與先進封裝,2330,台積電,2022,3,cash_flow,匯率變動對現金及約當現金之影響,86114017,"86,114,017",sii,https://mopsov.twse.com.tw/mops/web/ajax_t163sb20
上游,晶圓代工與先進封裝,2330,台積電,2022,3,cash_flow,本期現金及約當現金增加（減少）數,231022592,"231,022,592",sii,https://mopsov.twse.com.tw/mops/web/ajax_t163sb20
上游,晶圓代工與先進封裝,2330,台積電,2022,3,cash_flow,期初現金及約當現金餘額,1064990192,"1,064,990,192",sii,https://mopsov.twse.com.tw/mops/web/ajax_t163sb20
上游,晶圓代工與先進封裝,2330,台積電,2022,3,cash_flow,期末現金及約當現金餘額,1296012784,"1,296,012,784",sii,https://mopsov.twse.com.tw/mops/web/ajax_t163sb20
上游,晶圓代工與先進封裝,2330,台積電,2022,4,income_statement,營業收入,2263891292,"2,263,891,292",sii,https://mopsov.twse.com.tw/mops/web/ajax_t163sb04
上游,晶圓代工與先進封裝,2330,台積電,2022,4,income_statement,營業成本,915536486,"915,536,486",sii,https://mopsov.twse.com.tw/mops/web/ajax_t163sb04
上游,晶圓代工與先進封裝,2330,台積電,2022,4,income_statement,原始認列生物資產及農產品之利益（損失）,,--,sii,https://mopsov.twse.com.tw/mops/web/ajax_t163sb04
上游,晶圓代工與先進封裝,2330,台積電,2022,4,income_statement,生物資產當期公允價值減出售成本之變動利益（損失）,,--,sii,https://mopsov.twse.com.tw/mops/web/ajax_t163sb04
上游,晶圓代工與先進封裝,2330,台積電,2022,4,income_statement,營業毛利（毛損）,1348354806,"1,348,354,806",sii,https://mopsov.twse.com.tw/mops/web/ajax_t163sb04
上游,晶圓代工與先進封裝,2330,台積電,2022,4,income_statement,未實現銷貨（損）益,,--,sii,https://mopsov.twse.com.tw/mops/web/ajax_t163sb04
上游,晶圓代工與先進封裝,2330,台積電,2022,4,income_statement,已實現銷貨（損）益,,--,sii,https://mopsov.twse.com.tw/mops/web/ajax_t163sb04
上游,晶圓代工與先進封裝,2330,台積電,2022,4,income_statement,營業毛利（毛損）淨額,1348354806,"1,348,354,806",sii,https://mopsov.twse.com.tw/mops/web/ajax_t163sb04
上游,晶圓代工與先進封裝,2330,台積電,2022,4,income_statement,營業費用,226707552,"226,707,552",sii,https://mopsov.twse.com.tw/mops/web/ajax_t163sb04
上游,晶圓代工與先進封裝,2330,台積電,2022,4,income_statement,其他收益及費損淨額,-368403,"-368,403",sii,https://mopsov.twse.com.tw/mops/web/ajax_t163sb04
上游,晶圓代工與先進封裝,2330,台積電,2022,4,income_statement,營業利益（損失）,1121278851,"1,121,278,851",sii,https://mopsov.twse.com.tw/mops/web/ajax_t163sb04
上游,晶圓代工與先進封裝,2330,台積電,2022,4,income_statement,營業外收入及支出,22911867,"22,911,867",sii,https://mopsov.twse.com.tw/mops/web/ajax_t163sb04
上游,晶圓代工與先進封裝,2330,台積電,2022,4,income_statement,稅前淨利（淨損）,1144190718,"1,144,190,718",sii,https://mopsov.twse.com.tw/mops/web/ajax_t163sb04
上游,晶圓代工與先進封裝,2330,台積電,2022,4,income_statement,所得稅費用（利益）,127290203,"127,290,203",sii,https://mopsov.twse.com.tw/mops/web/ajax_t163sb04
上游,晶圓代工與先進封裝,2330,台積電,2022,4,income_statement,繼續營業單位本期淨利（淨損）,1016900515,"1,016,900,515",sii,https://mopsov.twse.com.tw/mops/web/ajax_t163sb04
上游,晶圓代工與先進封裝,2330,台積電,2022,4,income_statement,停業單位損益,,--,sii,https://mopsov.twse.com.tw/mops/web/ajax_t163sb04
上游,晶圓代工與先進封裝,2330,台積電,2022,4,income_statement,合併前非屬共同控制股權損益,,--,sii,https://mopsov.twse.com.tw/mops/web/ajax_t163sb04
上游,晶圓代工與先進封裝,2330,台積電,2022,4,income_statement,本期淨利（淨損）,1016900515,"1,016,900,515",sii,https://mopsov.twse.com.tw/mops/web/ajax_t163sb04
上游,晶圓代工與先進封裝,2330,台積電,2022,4,income_statement,其他綜合損益（淨額）,42430165,"42,430,165",sii,https://mopsov.twse.com.tw/mops/web/ajax_t163sb04
上游,晶圓代工與先進封裝,2330,台積電,2022,4,income_statement,合併前非屬共同控制股權綜合損益淨額,,--,sii,https://mopsov.twse.com.tw/mops/web/ajax_t163sb04
上游,晶圓代工與先進封裝,2330,台積電,2022,4,income_statement,本期綜合損益總額,1059330680,"1,059,330,680",sii,https://mopsov.twse.com.tw/mops/web/ajax_t163sb04
上游,晶圓代工與先進封裝,2330,台積電,2022,4,income_statement,淨利（淨損）歸屬於母公司業主,1016530249,"1,016,530,249",sii,https://mopsov.twse.com.tw/mops/web/ajax_t163sb04
上游,晶圓代工與先進封裝,2330,台積電,2022,4,income_statement,淨利（淨損）歸屬於共同控制下前手權益,,--,sii,https://mopsov.twse.com.tw/mops/web/ajax_t163sb04
上游,晶圓代工與先進封裝,2330,台積電,2022,4,income_statement,淨利（淨損）歸屬於非控制權益,370266,"370,266",sii,https://mopsov.twse.com.tw/mops/web/ajax_t163sb04
上游,晶圓代工與先進封裝,2330,台積電,2022,4,income_statement,綜合損益總額歸屬於母公司業主,1059124890,"1,059,124,890",sii,https://mopsov.twse.com.tw/mops/web/ajax_t163sb04
上游,晶圓代工與先進封裝,2330,台積電,2022,4,income_statement,綜合損益總額歸屬於共同控制下前手權益,,--,sii,https://mopsov.twse.com.tw/mops/web/ajax_t163sb04
上游,晶圓代工與先進封裝,2330,台積電,2022,4,income_statement,綜合損益總額歸屬於非控制權益,205790,"205,790",sii,https://mopsov.twse.com.tw/mops/web/ajax_t163sb04
上游,晶圓代工與先進封裝,2330,台積電,2022,4,income_statement,基本每股盈餘（元）,39.2,39.20,sii,https://mopsov.twse.com.tw/mops/web/ajax_t163sb04
上游,晶圓代工與先進封裝,2330,台積電,2022,4,balance_sheet,流動資產,2052896744,"2,052,896,744",sii,https://mopsov.twse.com.tw/mops/web/ajax_t163sb05
上游,晶圓代工與先進封裝,2330,台積電,2022,4,balance_sheet,非流動資產,2911882134,"2,911,882,134",sii,https://mopsov.twse.com.tw/mops/web/ajax_t163sb05
上游,晶圓代工與先進封裝,2330,台積電,2022,4,balance_sheet,資產總計,4964778878,"4,964,778,878",sii,https://mopsov.twse.com.tw/mops/web/ajax_t163sb05
上游,晶圓代工與先進封裝,2330,台積電,2022,4,balance_sheet,流動負債,944226817,"944,226,817",sii,https://mopsov.twse.com.tw/mops/web/ajax_t163sb05
上游,晶圓代工與先進封裝,2330,台積電,2022,4,balance_sheet,非流動負債,1060063194,"1,060,063,194",sii,https://mopsov.twse.com.tw/mops/web/ajax_t163sb05
上游,晶圓代工與先進封裝,2330,台積電,2022,4,balance_sheet,負債總計,2004290011,"2,004,290,011",sii,https://mopsov.twse.com.tw/mops/web/ajax_t163sb05
上游,晶圓代工與先進封裝,2330,台積電,2022,4,balance_sheet,股本,259303805,"259,303,805",sii,https://mopsov.twse.com.tw/mops/web/ajax_t163sb05
上游,晶圓代工與先進封裝,2330,台積電,2022,4,balance_sheet,權益─具證券性質之虛擬通貨,,--,sii,https://mopsov.twse.com.tw/mops/web/ajax_t163sb05
上游,晶圓代工與先進封裝,2330,台積電,2022,4,balance_sheet,資本公積,69330328,"69,330,328",sii,https://mopsov.twse.com.tw/mops/web/ajax_t163sb05
上游,晶圓代工與先進封裝,2330,台積電,2022,4,balance_sheet,保留盈餘,2637524688,"2,637,524,688",sii,https://mopsov.twse.com.tw/mops/web/ajax_t163sb05
上游,晶圓代工與先進封裝,2330,台積電,2022,4,balance_sheet,其他權益,-20505626,"-20,505,626",sii,https://mopsov.twse.com.tw/mops/web/ajax_t163sb05
上游,晶圓代工與先進封裝,2330,台積電,2022,4,balance_sheet,庫藏股票,0,0,sii,https://mopsov.twse.com.tw/mops/web/ajax_t163sb05
上游,晶圓代工與先進封裝,2330,台積電,2022,4,balance_sheet,歸屬於母公司業主之權益合計,2945653195,"2,945,653,195",sii,https://mopsov.twse.com.tw/mops/web/ajax_t163sb05
上游,晶圓代工與先進封裝,2330,台積電,2022,4,balance_sheet,共同控制下前手權益,,--,sii,https://mopsov.twse.com.tw/mops/web/ajax_t163sb05
上游,晶圓代工與先進封裝,2330,台積電,2022,4,balance_sheet,合併前非屬共同控制股權,,--,sii,https://mopsov.twse.com.tw/mops/web/ajax_t163sb05
上游,晶圓代工與先進封裝,2330,台積電,2022,4,balance_sheet,非控制權益,14835672,"14,835,672",sii,https://mopsov.twse.com.tw/mops/web/ajax_t163sb05
上游,晶圓代工與先進封裝,2330,台積電,2022,4,balance_sheet,權益總計,2960488867,"2,960,488,867",sii,https://mopsov.twse.com.tw/mops/web/ajax_t163sb05
上游,晶圓代工與先進封裝,2330,台積電,2022,4,balance_sheet,待註銷股本股數（單位：股）,,--,sii,https://mopsov.twse.com.tw/mops/web/ajax_t163sb05
上游,晶圓代工與先進封裝,2330,台積電,2022,4,balance_sheet,預收股款（權益項下）之約當發行股數（單位：股）,0,0,sii,https://mopsov.twse.com.tw/mops/web/ajax_t163sb05
上游,晶圓代工與先進封裝,2330,台積電,2022,4,balance_sheet,母公司暨子公司所持有之母公司庫藏股股數（單位：股）,0,0,sii,https://mopsov.twse.com.tw/mops/web/ajax_t163sb05
上游,晶圓代工與先進封裝,2330,台積電,2022,4,balance_sheet,每股參考淨值,113.6,113.60,sii,https://mopsov.twse.com.tw/mops/web/ajax_t163sb05
上游,晶圓代工與先進封裝,2330,台積電,2022,4,cash_flow,營業活動之淨現金流入（流出）,1610599188,"1,610,599,188",sii,https://mopsov.twse.com.tw/mops/web/ajax_t163sb20
上游,晶圓代工與先進封裝,2330,台積電,2022,4,cash_flow,投資活動之淨現金流入（流出）,-1190928235,"-1,190,928,235",sii,https://mopsov.twse.com.tw/mops/web/ajax_t163sb20
上游,晶圓代工與先進封裝,2330,台積電,2022,4,cash_flow,籌資活動之淨現金流入（流出）,-200244032,"-200,244,032",sii,https://mopsov.twse.com.tw/mops/web/ajax_t163sb20
上游,晶圓代工與先進封裝,2330,台積電,2022,4,cash_flow,匯率變動對現金及約當現金之影響,58396970,"58,396,970",sii,https://mopsov.twse.com.tw/mops/web/ajax_t163sb20
上游,晶圓代工與先進封裝,2330,台積電,2022,4,cash_flow,本期現金及約當現金增加（減少）數,277823891,"277,823,891",sii,https://mopsov.twse.com.tw/mops/web/ajax_t163sb20
上游,晶圓代工與先進封裝,2330,台積電,2022,4,cash_flow,期初現金及約當現金餘額,1064990192,"1,064,990,192",sii,https://mopsov.twse.com.tw/mops/web/ajax_t163sb20
上游,晶圓代工與先進封裝,2330,台積電,2022,4,cash_flow,期末現金及約當現金餘額,1342814083,"1,342,814,083",sii,https://mopsov.twse.com.tw/mops/web/ajax_t163sb20
上游,晶圓代工與先進封裝,2330,台積電,2023,1,income_statement,營業收入,508632973,"508,632,973",sii,https://mopsov.twse.com.tw/mops/web/ajax_t163sb04
上游,晶圓代工與先進封裝,2330,台積電,2023,1,income_statement,營業成本,222132581,"222,132,581",sii,https://mopsov.twse.com.tw/mops/web/ajax_t163sb04
上游,晶圓代工與先進封裝,2330,台積電,2023,1,income_statement,原始認列生物資產及農產品之利益（損失）,,--,sii,https://mopsov.twse.com.tw/mops/web/ajax_t163sb04
上游,晶圓代工與先進封裝,2330,台積電,2023,1,income_statement,生物資產當期公允價值減出售成本之變動利益（損失）,,--,sii,https://mopsov.twse.com.tw/mops/web/ajax_t163sb04
上游,晶圓代工與先進封裝,2330,台積電,2023,1,income_statement,營業毛利（毛損）,286500392,"286,500,392",sii,https://mopsov.twse.com.tw/mops/web/ajax_t163sb04
上游,晶圓代工與先進封裝,2330,台積電,2023,1,income_statement,未實現銷貨（損）益,,--,sii,https://mopsov.twse.com.tw/mops/web/ajax_t163sb04
上游,晶圓代工與先進封裝,2330,台積電,2023,1,income_statement,已實現銷貨（損）益,,--,sii,https://mopsov.twse.com.tw/mops/web/ajax_t163sb04
上游,晶圓代工與先進封裝,2330,台積電,2023,1,income_statement,營業毛利（毛損）淨額,286500392,"286,500,392",sii,https://mopsov.twse.com.tw/mops/web/ajax_t163sb04
上游,晶圓代工與先進封裝,2330,台積電,2023,1,income_statement,營業費用,55309344,"55,309,344",sii,https://mopsov.twse.com.tw/mops/web/ajax_t163sb04
上游,晶圓代工與先進封裝,2330,台積電,2023,1,income_statement,其他收益及費損淨額,47109,"47,109",sii,https://mopsov.twse.com.tw/mops/web/ajax_t163sb04
上游,晶圓代工與先進封裝,2330,台積電,2023,1,income_statement,營業利益（損失）,231238157,"231,238,157",sii,https://mopsov.twse.com.tw/mops/web/ajax_t163sb04
上游,晶圓代工與先進封裝,2330,台積電,2023,1,income_statement,營業外收入及支出,13036774,"13,036,774",sii,https://mopsov.twse.com.tw/mops/web/ajax_t163sb04
上游,晶圓代工與先進封裝,2330,台積電,2023,1,income_statement,稅前淨利（淨損）,244274931,"244,274,931",sii,https://mopsov.twse.com.tw/mops/web/ajax_t163sb04
上游,晶圓代工與先進封裝,2330,台積電,2023,1,income_statement,所得稅費用（利益）,37325895,"37,325,895",sii,https://mopsov.twse.com.tw/mops/web/ajax_t163sb04
上游,晶圓代工與先進封裝,2330,台積電,2023,1,income_statement,繼續營業單位本期淨利（淨損）,206949036,"206,949,036",sii,https://mopsov.twse.com.tw/mops/web/ajax_t163sb04
上游,晶圓代工與先進封裝,2330,台積電,2023,1,income_statement,停業單位損益,,--,sii,https://mopsov.twse.com.tw/mops/web/ajax_t163sb04
上游,晶圓代工與先進封裝,2330,台積電,2023,1,income_statement,合併前非屬共同控制股權損益,,--,sii,https://mopsov.twse.com.tw/mops/web/ajax_t163sb04
上游,晶圓代工與先進封裝,2330,台積電,2023,1,income_statement,本期淨利（淨損）,206949036,"206,949,036",sii,https://mopsov.twse.com.tw/mops/web/ajax_t163sb04
上游,晶圓代工與先進封裝,2330,台積電,2023,1,income_statement,其他綜合損益（淨額）,-3295773,"-3,295,773",sii,https://mopsov.twse.com.tw/mops/web/ajax_t163sb04
上游,晶圓代工與先進封裝,2330,台積電,2023,1,income_statement,合併前非屬共同控制股權綜合損益淨額,,--,sii,https://mopsov.twse.com.tw/mops/web/ajax_t163sb04
上游,晶圓代工與先進封裝,2330,台積電,2023,1,income_statement,本期綜合損益總額,203653263,"203,653,263",sii,https://mopsov.twse.com.tw/mops/web/ajax_t163sb04
上游,晶圓代工與先進封裝,2330,台積電,2023,1,income_statement,淨利（淨損）歸屬於母公司業主,206986561,"206,986,561",sii,https://mopsov.twse.com.tw/mops/web/ajax_t163sb04
上游,晶圓代工與先進封裝,2330,台積電,2023,1,income_statement,淨利（淨損）歸屬於共同控制下前手權益,,--,sii,https://mopsov.twse.com.tw/mops/web/ajax_t163sb04
上游,晶圓代工與先進封裝,2330,台積電,2023,1,income_statement,淨利（淨損）歸屬於非控制權益,-37525,"-37,525",sii,https://mopsov.twse.com.tw/mops/web/ajax_t163sb04
上游,晶圓代工與先進封裝,2330,台積電,2023,1,income_statement,綜合損益總額歸屬於母公司業主,203834717,"203,834,717",sii,https://mopsov.twse.com.tw/mops/web/ajax_t163sb04
上游,晶圓代工與先進封裝,2330,台積電,2023,1,income_statement,綜合損益總額歸屬於共同控制下前手權益,,--,sii,https://mopsov.twse.com.tw/mops/web/ajax_t163sb04
上游,晶圓代工與先進封裝,2330,台積電,2023,1,income_statement,綜合損益總額歸屬於非控制權益,-181454,"-181,454",sii,https://mopsov.twse.com.tw/mops/web/ajax_t163sb04
上游,晶圓代工與先進封裝,2330,台積電,2023,1,income_statement,基本每股盈餘（元）,7.98,7.98,sii,https://mopsov.twse.com.tw/mops/web/ajax_t163sb04
上游,晶圓代工與先進封裝,2330,台積電,2023,1,balance_sheet,流動資產,1995727521,"1,995,727,521",sii,https://mopsov.twse.com.tw/mops/web/ajax_t163sb05
上游,晶圓代工與先進封裝,2330,台積電,2023,1,balance_sheet,非流動資產,3050116827,"3,050,116,827",sii,https://mopsov.twse.com.tw/mops/web/ajax_t163sb05
上游,晶圓代工與先進封裝,2330,台積電,2023,1,balance_sheet,資產總計,5045844348,"5,045,844,348",sii,https://mopsov.twse.com.tw/mops/web/ajax_t163sb05
上游,晶圓代工與先進封裝,2330,台積電,2023,1,balance_sheet,流動負債,873089921,"873,089,921",sii,https://mopsov.twse.com.tw/mops/web/ajax_t163sb05
上游,晶圓代工與先進封裝,2330,台積電,2023,1,balance_sheet,非流動負債,1079856829,"1,079,856,829",sii,https://mopsov.twse.com.tw/mops/web/ajax_t163sb05
上游,晶圓代工與先進封裝,2330,台積電,2023,1,balance_sheet,負債總計,1952946750,"1,952,946,750",sii,https://mopsov.twse.com.tw/mops/web/ajax_t163sb05
上游,晶圓代工與先進封裝,2330,台積電,2023,1,balance_sheet,股本,259320710,"259,320,710",sii,https://mopsov.twse.com.tw/mops/web/ajax_t163sb05
上游,晶圓代工與先進封裝,2330,台積電,2023,1,balance_sheet,權益─具證券性質之虛擬通貨,,--,sii,https://mopsov.twse.com.tw/mops/web/ajax_t163sb05
上游,晶圓代工與先進封裝,2330,台積電,2023,1,balance_sheet,資本公積,69894441,"69,894,441",sii,https://mopsov.twse.com.tw/mops/web/ajax_t163sb05
上游,晶圓代工與先進封裝,2330,台積電,2023,1,balance_sheet,保留盈餘,2773288070,"2,773,288,070",sii,https://mopsov.twse.com.tw/mops/web/ajax_t163sb05
上游,晶圓代工與先進封裝,2330,台積電,2023,1,balance_sheet,其他權益,-24269263,"-24,269,263",sii,https://mopsov.twse.com.tw/mops/web/ajax_t163sb05
上游,晶圓代工與先進封裝,2330,台積電,2023,1,balance_sheet,庫藏股票,0,0,sii,https://mopsov.twse.com.tw/mops/web/ajax_t163sb05
上游,晶圓代工與先進封裝,2330,台積電,2023,1,balance_sheet,歸屬於母公司業主之權益合計,3078233958,"3,078,233,958",sii,https://mopsov.twse.com.tw/mops/web/ajax_t163sb05
上游,晶圓代工與先進封裝,2330,台積電,2023,1,balance_sheet,共同控制下前手權益,,--,sii,https://mopsov.twse.com.tw/mops/web/ajax_t163sb05
上游,晶圓代工與先進封裝,2330,台積電,2023,1,balance_sheet,合併前非屬共同控制股權,,--,sii,https://mopsov.twse.com.tw/mops/web/ajax_t163sb05
上游,晶圓代工與先進封裝,2330,台積電,2023,1,balance_sheet,非控制權益,14663640,"14,663,640",sii,https://mopsov.twse.com.tw/mops/web/ajax_t163sb05
上游,晶圓代工與先進封裝,2330,台積電,2023,1,balance_sheet,權益總計,3092897598,"3,092,897,598",sii,https://mopsov.twse.com.tw/mops/web/ajax_t163sb05
上游,晶圓代工與先進封裝,2330,台積電,2023,1,balance_sheet,待註銷股本股數（單位：股）,419466,"419,466",sii,https://mopsov.twse.com.tw/mops/web/ajax_t163sb05
上游,晶圓代工與先進封裝,2330,台積電,2023,1,balance_sheet,預收股款（權益項下）之約當發行股數（單位：股）,0,0,sii,https://mopsov.twse.com.tw/mops/web/ajax_t163sb05
上游,晶圓代工與先進封裝,2330,台積電,2023,1,balance_sheet,母公司暨子公司所持有之母公司庫藏股股數（單位：股）,0,0,sii,https://mopsov.twse.com.tw/mops/web/ajax_t163sb05
上游,晶圓代工與先進封裝,2330,台積電,2023,1,balance_sheet,每股參考淨值,118.7,118.70,sii,https://mopsov.twse.com.tw/mops/web/ajax_t163sb05
上游,晶圓代工與先進封裝,2330,台積電,2023,1,cash_flow,營業活動之淨現金流入（流出）,385244745,"385,244,745",sii,https://mopsov.twse.com.tw/mops/web/ajax_t163sb20
上游,晶圓代工與先進封裝,2330,台積電,2023,1,cash_flow,投資活動之淨現金流入（流出）,-272231795,"-272,231,795",sii,https://mopsov.twse.com.tw/mops/web/ajax_t163sb20
上游,晶圓代工與先進封裝,2330,台積電,2023,1,cash_flow,籌資活動之淨現金流入（流出）,-64487030,"-64,487,030",sii,https://mopsov.twse.com.tw/mops/web/ajax_t163sb20
上游,晶圓代工與先進封裝,2330,台積電,2023,1,cash_flow,匯率變動對現金及約當現金之影響,-6107193,"-6,107,193",sii,https://mopsov.twse.com.tw/mops/web/ajax_t163sb20
上游,晶圓代工與先進封裝,2330,台積電,2023,1,cash_flow,本期現金及約當現金增加（減少）數,42418727,"42,418,727",sii,https://mopsov.twse.com.tw/mops/web/ajax_t163sb20
上游,晶圓代工與先進封裝,2330,台積電,2023,1,cash_flow,期初現金及約當現金餘額,1342814083,"1,342,814,083",sii,https://mopsov.twse.com.tw/mops/web/ajax_t163sb20
上游,晶圓代工與先進封裝,2330,台積電,2023,1,cash_flow,期末現金及約當現金餘額,1385232810,"1,385,232,810",sii,https://mopsov.twse.com.tw/mops/web/ajax_t163sb20
上游,晶圓代工與先進封裝,2330,台積電,2023,2,income_statement,營業收入,989474227,"989,474,227",sii,https://mopsov.twse.com.tw/mops/web/ajax_t163sb04
上游,晶圓代工與先進封裝,2330,台積電,2023,2,income_statement,營業成本,442773988,"442,773,988",sii,https://mopsov.twse.com.tw/mops/web/ajax_t163sb04
上游,晶圓代工與先進封裝,2330,台積電,2023,2,income_statement,原始認列生物資產及農產品之利益（損失）,,--,sii,https://mopsov.twse.com.tw/mops/web/ajax_t163sb04
上游,晶圓代工與先進封裝,2330,台積電,2023,2,income_statement,生物資產當期公允價值減出售成本之變動利益（損失）,,--,sii,https://mopsov.twse.com.tw/mops/web/ajax_t163sb04
上游,晶圓代工與先進封裝,2330,台積電,2023,2,income_statement,營業毛利（毛損）,546700239,"546,700,239",sii,https://mopsov.twse.com.tw/mops/web/ajax_t163sb04
上游,晶圓代工與先進封裝,2330,台積電,2023,2,income_statement,未實現銷貨（損）益,,--,sii,https://mopsov.twse.com.tw/mops/web/ajax_t163sb04
上游,晶圓代工與先進封裝,2330,台積電,2023,2,income_statement,已實現銷貨（損）益,,--,sii,https://mopsov.twse.com.tw/mops/web/ajax_t163sb04
上游,晶圓代工與先進封裝,2330,台積電,2023,2,income_statement,營業毛利（毛損）淨額,546700239,"546,700,239",sii,https://mopsov.twse.com.tw/mops/web/ajax_t163sb04
上游,晶圓代工與先進封裝,2330,台積電,2023,2,income_statement,營業費用,113503904,"113,503,904",sii,https://mopsov.twse.com.tw/mops/web/ajax_t163sb04
上游,晶圓代工與先進封裝,2330,台積電,2023,2,income_statement,其他收益及費損淨額,-135,-135,sii,https://mopsov.twse.com.tw/mops/web/ajax_t163sb04
上游,晶圓代工與先進封裝,2330,台積電,2023,2,income_statement,營業利益（損失）,433196200,"433,196,200",sii,https://mopsov.twse.com.tw/mops/web/ajax_t163sb04
上游,晶圓代工與先進封裝,2330,台積電,2023,2,income_statement,營業外收入及支出,25753640,"25,753,640",sii,https://mopsov.twse.com.tw/mops/web/ajax_t163sb04
上游,晶圓代工與先進封裝,2330,台積電,2023,2,income_statement,稅前淨利（淨損）,458949840,"458,949,840",sii,https://mopsov.twse.com.tw/mops/web/ajax_t163sb04
上游,晶圓代工與先進封裝,2330,台積電,2023,2,income_statement,所得稅費用（利益）,70283798,"70,283,798",sii,https://mopsov.twse.com.tw/mops/web/ajax_t163sb04
上游,晶圓代工與先進封裝,2330,台積電,2023,2,income_statement,繼續營業單位本期淨利（淨損）,388666042,"388,666,042",sii,https://mopsov.twse.com.tw/mops/web/ajax_t163sb04
上游,晶圓代工與先進封裝,2330,台積電,2023,2,income_statement,停業單位損益,,--,sii,https://mopsov.twse.com.tw/mops/web/ajax_t163sb04
上游,晶圓代工與先進封裝,2330,台積電,2023,2,income_statement,合併前非屬共同控制股權損益,,--,sii,https://mopsov.twse.com.tw/mops/web/ajax_t163sb04
上游,晶圓代工與先進封裝,2330,台積電,2023,2,income_statement,本期淨利（淨損）,388666042,"388,666,042",sii,https://mopsov.twse.com.tw/mops/web/ajax_t163sb04
上游,晶圓代工與先進封裝,2330,台積電,2023,2,income_statement,其他綜合損益（淨額）,2363331,"2,363,331",sii,https://mopsov.twse.com.tw/mops/web/ajax_t163sb04
上游,晶圓代工與先進封裝,2330,台積電,2023,2,income_statement,合併前非屬共同控制股權綜合損益淨額,,--,sii,https://mopsov.twse.com.tw/mops/web/ajax_t163sb04
上游,晶圓代工與先進封裝,2330,台積電,2023,2,income_statement,本期綜合損益總額,391029373,"391,029,373",sii,https://mopsov.twse.com.tw/mops/web/ajax_t163sb04
上游,晶圓代工與先進封裝,2330,台積電,2023,2,income_statement,淨利（淨損）歸屬於母公司業主,388785582,"388,785,582",sii,https://mopsov.twse.com.tw/mops/web/ajax_t163sb04
上游,晶圓代工與先進封裝,2330,台積電,2023,2,income_statement,淨利（淨損）歸屬於共同控制下前手權益,,--,sii,https://mopsov.twse.com.tw/mops/web/ajax_t163sb04
上游,晶圓代工與先進封裝,2330,台積電,2023,2,income_statement,淨利（淨損）歸屬於非控制權益,-119540,"-119,540",sii,https://mopsov.twse.com.tw/mops/web/ajax_t163sb04
上游,晶圓代工與先進封裝,2330,台積電,2023,2,income_statement,綜合損益總額歸屬於母公司業主,392021727,"392,021,727",sii,https://mopsov.twse.com.tw/mops/web/ajax_t163sb04
上游,晶圓代工與先進封裝,2330,台積電,2023,2,income_statement,綜合損益總額歸屬於共同控制下前手權益,,--,sii,https://mopsov.twse.com.tw/mops/web/ajax_t163sb04
上游,晶圓代工與先進封裝,2330,台積電,2023,2,income_statement,綜合損益總額歸屬於非控制權益,-992354,"-992,354",sii,https://mopsov.twse.com.tw/mops/web/ajax_t163sb04
上游,晶圓代工與先進封裝,2330,台積電,2023,2,income_statement,基本每股盈餘（元）,14.99,14.99,sii,https://mopsov.twse.com.tw/mops/web/ajax_t163sb04
上游,晶圓代工與先進封裝,2330,台積電,2023,2,balance_sheet,流動資產,1959964207,"1,959,964,207",sii,https://mopsov.twse.com.tw/mops/web/ajax_t163sb05
上游,晶圓代工與先進封裝,2330,台積電,2023,2,balance_sheet,非流動資產,3189500838,"3,189,500,838",sii,https://mopsov.twse.com.tw/mops/web/ajax_t163sb05
上游,晶圓代工與先進封裝,2330,台積電,2023,2,balance_sheet,資產總計,5149465045,"5,149,465,045",sii,https://mopsov.twse.com.tw/mops/web/ajax_t163sb05
上游,晶圓代工與先進封裝,2330,台積電,2023,2,balance_sheet,流動負債,810829007,"810,829,007",sii,https://mopsov.twse.com.tw/mops/web/ajax_t163sb05
上游,晶圓代工與先進封裝,2330,台積電,2023,2,balance_sheet,非流動負債,1133167839,"1,133,167,839",sii,https://mopsov.twse.com.tw/mops/web/ajax_t163sb05
上游,晶圓代工與先進封裝,2330,台積電,2023,2,balance_sheet,負債總計,1943996846,"1,943,996,846",sii,https://mopsov.twse.com.tw/mops/web/ajax_t163sb05
上游,晶圓代工與先進封裝,2330,台積電,2023,2,balance_sheet,股本,259320710,"259,320,710",sii,https://mopsov.twse.com.tw/mops/web/ajax_t163sb05
上游,晶圓代工與先進封裝,2330,台積電,2023,2,balance_sheet,權益─具證券性質之虛擬通貨,,--,sii,https://mopsov.twse.com.tw/mops/web/ajax_t163sb05
上游,晶圓代工與先進封裝,2330,台積電,2023,2,balance_sheet,資本公積,69895542,"69,895,542",sii,https://mopsov.twse.com.tw/mops/web/ajax_t163sb05
上游,晶圓代工與先進封裝,2330,台積電,2023,2,balance_sheet,保留盈餘,2877310603,"2,877,310,603",sii,https://mopsov.twse.com.tw/mops/web/ajax_t163sb05
上游,晶圓代工與先進封裝,2330,台積電,2023,2,balance_sheet,其他權益,-17776400,"-17,776,400",sii,https://mopsov.twse.com.tw/mops/web/ajax_t163sb05
上游,晶圓代工與先進封裝,2330,台積電,2023,2,balance_sheet,庫藏股票,0,0,sii,https://mopsov.twse.com.tw/mops/web/ajax_t163sb05
上游,晶圓代工與先進封裝,2330,台積電,2023,2,balance_sheet,歸屬於母公司業主之權益合計,3188750455,"3,188,750,455",sii,https://mopsov.twse.com.tw/mops/web/ajax_t163sb05
上游,晶圓代工與先進封裝,2330,台積電,2023,2,balance_sheet,共同控制下前手權益,,--,sii,https://mopsov.twse.com.tw/mops/web/ajax_t163sb05
上游,晶圓代工與先進封裝,2330,台積電,2023,2,balance_sheet,合併前非屬共同控制股權,,--,sii,https://mopsov.twse.com.tw/mops/web/ajax_t163sb05
上游,晶圓代工與先進封裝,2330,台積電,2023,2,balance_sheet,非控制權益,16717744,"16,717,744",sii,https://mopsov.twse.com.tw/mops/web/ajax_t163sb05
上游,晶圓代工與先進封裝,2330,台積電,2023,2,balance_sheet,權益總計,3205468199,"3,205,468,199",sii,https://mopsov.twse.com.tw/mops/web/ajax_t163sb05
上游,晶圓代工與先進封裝,2330,台積電,2023,2,balance_sheet,待註銷股本股數（單位：股）,,--,sii,https://mopsov.twse.com.tw/mops/web/ajax_t163sb05
上游,晶圓代工與先進封裝,2330,台積電,2023,2,balance_sheet,預收股款（權益項下）之約當發行股數（單位：股）,0,0,sii,https://mopsov.twse.com.tw/mops/web/ajax_t163sb05
上游,晶圓代工與先進封裝,2330,台積電,2023,2,balance_sheet,母公司暨子公司所持有之母公司庫藏股股數（單位：股）,0,0,sii,https://mopsov.twse.com.tw/mops/web/ajax_t163sb05
上游,晶圓代工與先進封裝,2330,台積電,2023,2,balance_sheet,每股參考淨值,122.97,122.97,sii,https://mopsov.twse.com.tw/mops/web/ajax_t163sb05
上游,晶圓代工與先進封裝,2330,台積電,2023,2,cash_flow,營業活動之淨現金流入（流出）,552492724,"552,492,724",sii,https://mopsov.twse.com.tw/mops/web/ajax_t163sb20
上游,晶圓代工與先進封裝,2330,台積電,2023,2,cash_flow,投資活動之淨現金流入（流出）,-531557871,"-531,557,871",sii,https://mopsov.twse.com.tw/mops/web/ajax_t163sb20
上游,晶圓代工與先進封裝,2330,台積電,2023,2,cash_flow,籌資活動之淨現金流入（流出）,-91075915,"-91,075,915",sii,https://mopsov.twse.com.tw/mops/web/ajax_t163sb20
上游,晶圓代工與先進封裝,2330,台積電,2023,2,cash_flow,匯率變動對現金及約當現金之影響,4050963,"4,050,963",sii,https://mopsov.twse.com.tw/mops/web/ajax_t163sb20
上游,晶圓代工與先進封裝,2330,台積電,2023,2,cash_flow,本期現金及約當現金增加（減少）數,-66090099,"-66,090,099",sii,https://mopsov.twse.com.tw/mops/web/ajax_t163sb20
上游,晶圓代工與先進封裝,2330,台積電,2023,2,cash_flow,期初現金及約當現金餘額,1342814083,"1,342,814,083",sii,https://mopsov.twse.com.tw/mops/web/ajax_t163sb20
上游,晶圓代工與先進封裝,2330,台積電,2023,2,cash_flow,期末現金及約當現金餘額,1276723984,"1,276,723,984",sii,https://mopsov.twse.com.tw/mops/web/ajax_t163sb20
上游,晶圓代工與先進封裝,2330,台積電,2023,3,income_statement,營業收入,1536206985,"1,536,206,985",sii,https://mopsov.twse.com.tw/mops/web/ajax_t163sb04
上游,晶圓代工與先進封裝,2330,台積電,2023,3,income_statement,營業成本,692864282,"692,864,282",sii,https://mopsov.twse.com.tw/mops/web/ajax_t163sb04
上游,晶圓代工與先進封裝,2330,台積電,2023,3,income_statement,原始認列生物資產及農產品之利益（損失）,,--,sii,https://mopsov.twse.com.tw/mops/web/ajax_t163sb04
上游,晶圓代工與先進封裝,2330,台積電,2023,3,income_statement,生物資產當期公允價值減出售成本之變動利益（損失）,,--,sii,https://mopsov.twse.com.tw/mops/web/ajax_t163sb04
上游,晶圓代工與先進封裝,2330,台積電,2023,3,income_statement,營業毛利（毛損）,843342703,"843,342,703",sii,https://mopsov.twse.com.tw/mops/web/ajax_t163sb04
上游,晶圓代工與先進封裝,2330,台積電,2023,3,income_statement,未實現銷貨（損）益,,--,sii,https://mopsov.twse.com.tw/mops/web/ajax_t163sb04
上游,晶圓代工與先進封裝,2330,台積電,2023,3,income_statement,已實現銷貨（損）益,,--,sii,https://mopsov.twse.com.tw/mops/web/ajax_t163sb04
上游,晶圓代工與先進封裝,2330,台積電,2023,3,income_statement,營業毛利（毛損）淨額,843342703,"843,342,703",sii,https://mopsov.twse.com.tw/mops/web/ajax_t163sb04
上游,晶圓代工與先進封裝,2330,台積電,2023,3,income_statement,營業費用,182212695,"182,212,695",sii,https://mopsov.twse.com.tw/mops/web/ajax_t163sb04
上游,晶圓代工與先進封裝,2330,台積電,2023,3,income_statement,其他收益及費損淨額,131095,"131,095",sii,https://mopsov.twse.com.tw/mops/web/ajax_t163sb04
上游,晶圓代工與先進封裝,2330,台積電,2023,3,income_statement,營業利益（損失）,661261103,"661,261,103",sii,https://mopsov.twse.com.tw/mops/web/ajax_t163sb04
上游,晶圓代工與先進封裝,2330,台積電,2023,3,income_statement,營業外收入及支出,39629232,"39,629,232",sii,https://mopsov.twse.com.tw/mops/web/ajax_t163sb04
上游,晶圓代工與先進封裝,2330,台積電,2023,3,income_statement,稅前淨利（淨損）,700890335,"700,890,335",sii,https://mopsov.twse.com.tw/mops/web/ajax_t163sb04
上游,晶圓代工與先進封裝,2330,台積電,2023,3,income_statement,所得稅費用（利益）,101429019,"101,429,019",sii,https://mopsov.twse.com.tw/mops/web/ajax_t163sb04
上游,晶圓代工與先進封裝,2330,台積電,2023,3,income_statement,繼續營業單位本期淨利（淨損）,599461316,"599,461,316",sii,https://mopsov.twse.com.tw/mops/web/ajax_t163sb04
上游,晶圓代工與先進封裝,2330,台積電,2023,3,income_statement,停業單位損益,,--,sii,https://mopsov.twse.com.tw/mops/web/ajax_t163sb04
上游,晶圓代工與先進封裝,2330,台積電,2023,3,income_statement,合併前非屬共同控制股權損益,,--,sii,https://mopsov.twse.com.tw/mops/web/ajax_t163sb04
上游,晶圓代工與先進封裝,2330,台積電,2023,3,income_statement,本期淨利（淨損）,599461316,"599,461,316",sii,https://mopsov.twse.com.tw/mops/web/ajax_t163sb04
上游,晶圓代工與先進封裝,2330,台積電,2023,3,income_statement,其他綜合損益（淨額）,28412556,"28,412,556",sii,https://mopsov.twse.com.tw/mops/web/ajax_t163sb04
上游,晶圓代工與先進封裝,2330,台積電,2023,3,income_statement,合併前非屬共同控制股權綜合損益淨額,,--,sii,https://mopsov.twse.com.tw/mops/web/ajax_t163sb04
上游,晶圓代工與先進封裝,2330,台積電,2023,3,income_statement,本期綜合損益總額,627873872,"627,873,872",sii,https://mopsov.twse.com.tw/mops/web/ajax_t163sb04
上游,晶圓代工與先進封裝,2330,台積電,2023,3,income_statement,淨利（淨損）歸屬於母公司業主,599785521,"599,785,521",sii,https://mopsov.twse.com.tw/mops/web/ajax_t163sb04
上游,晶圓代工與先進封裝,2330,台積電,2023,3,income_statement,淨利（淨損）歸屬於共同控制下前手權益,,--,sii,https://mopsov.twse.com.tw/mops/web/ajax_t163sb04
上游,晶圓代工與先進封裝,2330,台積電,2023,3,income_statement,淨利（淨損）歸屬於非控制權益,-324205,"-324,205",sii,https://mopsov.twse.com.tw/mops/web/ajax_t163sb04
上游,晶圓代工與先進封裝,2330,台積電,2023,3,income_statement,綜合損益總額歸屬於母公司業主,629307238,"629,307,238",sii,https://mopsov.twse.com.tw/mops/web/ajax_t163sb04
上游,晶圓代工與先進封裝,2330,台積電,2023,3,income_statement,綜合損益總額歸屬於共同控制下前手權益,,--,sii,https://mopsov.twse.com.tw/mops/web/ajax_t163sb04
上游,晶圓代工與先進封裝,2330,台積電,2023,3,income_statement,綜合損益總額歸屬於非控制權益,-1433366,"-1,433,366",sii,https://mopsov.twse.com.tw/mops/web/ajax_t163sb04
上游,晶圓代工與先進封裝,2330,台積電,2023,3,income_statement,基本每股盈餘（元）,23.13,23.13,sii,https://mopsov.twse.com.tw/mops/web/ajax_t163sb04
上游,晶圓代工與先進封裝,2330,台積電,2023,3,balance_sheet,流動資產,2082477636,"2,082,477,636",sii,https://mopsov.twse.com.tw/mops/web/ajax_t163sb05
上游,晶圓代工與先進封裝,2330,台積電,2023,3,balance_sheet,非流動資產,3402078745,"3,402,078,745",sii,https://mopsov.twse.com.tw/mops/web/ajax_t163sb05
上游,晶圓代工與先進封裝,2330,台積電,2023,3,balance_sheet,資產總計,5484556381,"5,484,556,381",sii,https://mopsov.twse.com.tw/mops/web/ajax_t163sb05
上游,晶圓代工與先進封裝,2330,台積電,2023,3,balance_sheet,流動負債,970034816,"970,034,816",sii,https://mopsov.twse.com.tw/mops/web/ajax_t163sb05
上游,晶圓代工與先進封裝,2330,台積電,2023,3,balance_sheet,非流動負債,1141703458,"1,141,703,458",sii,https://mopsov.twse.com.tw/mops/web/ajax_t163sb05
上游,晶圓代工與先進封裝,2330,台積電,2023,3,balance_sheet,負債總計,2111738274,"2,111,738,274",sii,https://mopsov.twse.com.tw/mops/web/ajax_t163sb05
上游,晶圓代工與先進封裝,2330,台積電,2023,3,balance_sheet,股本,259320710,"259,320,710",sii,https://mopsov.twse.com.tw/mops/web/ajax_t163sb05
上游,晶圓代工與先進封裝,2330,台積電,2023,3,balance_sheet,權益─具證券性質之虛擬通貨,,--,sii,https://mopsov.twse.com.tw/mops/web/ajax_t163sb05
上游,晶圓代工與先進封裝,2330,台積電,2023,3,balance_sheet,資本公積,69879218,"69,879,218",sii,https://mopsov.twse.com.tw/mops/web/ajax_t163sb05
上游,晶圓代工與先進封裝,2330,台積電,2023,3,balance_sheet,保留盈餘,3010532799,"3,010,532,799",sii,https://mopsov.twse.com.tw/mops/web/ajax_t163sb05
上游,晶圓代工與先進封裝,2330,台積電,2023,3,balance_sheet,其他權益,8616930,"8,616,930",sii,https://mopsov.twse.com.tw/mops/web/ajax_t163sb05
上游,晶圓代工與先進封裝,2330,台積電,2023,3,balance_sheet,庫藏股票,0,0,sii,https://mopsov.twse.com.tw/mops/web/ajax_t163sb05
上游,晶圓代工與先進封裝,2330,台積電,2023,3,balance_sheet,歸屬於母公司業主之權益合計,3348349657,"3,348,349,657",sii,https://mopsov.twse.com.tw/mops/web/ajax_t163sb05
上游,晶圓代工與先進封裝,2330,台積電,2023,3,balance_sheet,共同控制下前手權益,,--,sii,https://mopsov.twse.com.tw/mops/web/ajax_t163sb05
上游,晶圓代工與先進封裝,2330,台積電,2023,3,balance_sheet,合併前非屬共同控制股權,,--,sii,https://mopsov.twse.com.tw/mops/web/ajax_t163sb05
上游,晶圓代工與先進封裝,2330,台積電,2023,3,balance_sheet,非控制權益,24468450,"24,468,450",sii,https://mopsov.twse.com.tw/mops/web/ajax_t163sb05
上游,晶圓代工與先進封裝,2330,台積電,2023,3,balance_sheet,權益總計,3372818107,"3,372,818,107",sii,https://mopsov.twse.com.tw/mops/web/ajax_t163sb05
上游,晶圓代工與先進封裝,2330,台積電,2023,3,balance_sheet,待註銷股本股數（單位：股）,,--,sii,https://mopsov.twse.com.tw/mops/web/ajax_t163sb05
上游,晶圓代工與先進封裝,2330,台積電,2023,3,balance_sheet,預收股款（權益項下）之約當發行股數（單位：股）,0,0,sii,https://mopsov.twse.com.tw/mops/web/ajax_t163sb05
上游,晶圓代工與先進封裝,2330,台積電,2023,3,balance_sheet,母公司暨子公司所持有之母公司庫藏股股數（單位：股）,0,0,sii,https://mopsov.twse.com.tw/mops/web/ajax_t163sb05
上游,晶圓代工與先進封裝,2330,台積電,2023,3,balance_sheet,每股參考淨值,129.12,129.12,sii,https://mopsov.twse.com.tw/mops/web/ajax_t163sb05
上游,晶圓代工與先進封裝,2330,台積電,2023,3,cash_flow,營業活動之淨現金流入（流出）,847138000,"847,138,000",sii,https://mopsov.twse.com.tw/mops/web/ajax_t163sb20
上游,晶圓代工與先進封裝,2330,台積電,2023,3,cash_flow,投資活動之淨現金流入（流出）,-773801094,"-773,801,094",sii,https://mopsov.twse.com.tw/mops/web/ajax_t163sb20
上游,晶圓代工與先進封裝,2330,台積電,2023,3,cash_flow,籌資活動之淨現金流入（流出）,-129527119,"-129,527,119",sii,https://mopsov.twse.com.tw/mops/web/ajax_t163sb20
上游,晶圓代工與先進封裝,2330,台積電,2023,3,cash_flow,匯率變動對現金及約當現金之影響,25182665,"25,182,665",sii,https://mopsov.twse.com.tw/mops/web/ajax_t163sb20
上游,晶圓代工與先進封裝,2330,台積電,2023,3,cash_flow,本期現金及約當現金增加（減少）數,-31007548,"-31,007,548",sii,https://mopsov.twse.com.tw/mops/web/ajax_t163sb20
上游,晶圓代工與先進封裝,2330,台積電,2023,3,cash_flow,期初現金及約當現金餘額,1342814083,"1,342,814,083",sii,https://mopsov.twse.com.tw/mops/web/ajax_t163sb20
上游,晶圓代工與先進封裝,2330,台積電,2023,3,cash_flow,期末現金及約當現金餘額,1311806535,"1,311,806,535",sii,https://mopsov.twse.com.tw/mops/web/ajax_t163sb20
上游,晶圓代工與先進封裝,2330,台積電,2023,4,income_statement,營業收入,2161735841,"2,161,735,841",sii,https://mopsov.twse.com.tw/mops/web/ajax_t163sb04
上游,晶圓代工與先進封裝,2330,台積電,2023,4,income_statement,營業成本,986625213,"986,625,213",sii,https://mopsov.twse.com.tw/mops/web/ajax_t163sb04
上游,晶圓代工與先進封裝,2330,台積電,2023,4,income_statement,原始認列生物資產及農產品之利益（損失）,,--,sii,https://mopsov.twse.com.tw/mops/web/ajax_t163sb04
上游,晶圓代工與先進封裝,2330,台積電,2023,4,income_statement,生物資產當期公允價值減出售成本之變動利益（損失）,,--,sii,https://mopsov.twse.com.tw/mops/web/ajax_t163sb04
上游,晶圓代工與先進封裝,2330,台積電,2023,4,income_statement,營業毛利（毛損）,1175110628,"1,175,110,628",sii,https://mopsov.twse.com.tw/mops/web/ajax_t163sb04
上游,晶圓代工與先進封裝,2330,台積電,2023,4,income_statement,未實現銷貨（損）益,,--,sii,https://mopsov.twse.com.tw/mops/web/ajax_t163sb04
上游,晶圓代工與先進封裝,2330,台積電,2023,4,income_statement,已實現銷貨（損）益,,--,sii,https://mopsov.twse.com.tw/mops/web/ajax_t163sb04
上游,晶圓代工與先進封裝,2330,台積電,2023,4,income_statement,營業毛利（毛損）淨額,1175110628,"1,175,110,628",sii,https://mopsov.twse.com.tw/mops/web/ajax_t163sb04
上游,晶圓代工與先進封裝,2330,台積電,2023,4,income_statement,營業費用,253833716,"253,833,716",sii,https://mopsov.twse.com.tw/mops/web/ajax_t163sb04
上游,晶圓代工與先進封裝,2330,台積電,2023,4,income_statement,其他收益及費損淨額,188694,"188,694",sii,https://mopsov.twse.com.tw/mops/web/ajax_t163sb04
上游,晶圓代工與先進封裝,2330,台積電,2023,4,income_statement,營業利益（損失）,921465606,"921,465,606",sii,https://mopsov.twse.com.tw/mops/web/ajax_t163sb04
上游,晶圓代工與先進封裝,2330,台積電,2023,4,income_statement,營業外收入及支出,57705718,"57,705,718",sii,https://mopsov.twse.com.tw/mops/web/ajax_t163sb04
上游,晶圓代工與先進封裝,2330,台積電,2023,4,income_statement,稅前淨利（淨損）,979171324,"979,171,324",sii,https://mopsov.twse.com.tw/mops/web/ajax_t163sb04
上游,晶圓代工與先進封裝,2330,台積電,2023,4,income_statement,所得稅費用（利益）,141403807,"141,403,807",sii,https://mopsov.twse.com.tw/mops/web/ajax_t163sb04
上游,晶圓代工與先進封裝,2330,台積電,2023,4,income_statement,繼續營業單位本期淨利（淨損）,837767517,"837,767,517",sii,https://mopsov.twse.com.tw/mops/web/ajax_t163sb04
上游,晶圓代工與先進封裝,2330,台積電,2023,4,income_statement,停業單位損益,,--,sii,https://mopsov.twse.com.tw/mops/web/ajax_t163sb04
上游,晶圓代工與先進封裝,2330,台積電,2023,4,income_statement,合併前非屬共同控制股權損益,,--,sii,https://mopsov.twse.com.tw/mops/web/ajax_t163sb04
上游,晶圓代工與先進封裝,2330,台積電,2023,4,income_statement,本期淨利（淨損）,837767517,"837,767,517",sii,https://mopsov.twse.com.tw/mops/web/ajax_t163sb04
上游,晶圓代工與先進封裝,2330,台積電,2023,4,income_statement,其他綜合損益（淨額）,-8813644,"-8,813,644",sii,https://mopsov.twse.com.tw/mops/web/ajax_t163sb04
上游,晶圓代工與先進封裝,2330,台積電,2023,4,income_statement,合併前非屬共同控制股權綜合損益淨額,,--,sii,https://mopsov.twse.com.tw/mops/web/ajax_t163sb04
上游,晶圓代工與先進封裝,2330,台積電,2023,4,income_statement,本期綜合損益總額,828953873,"828,953,873",sii,https://mopsov.twse.com.tw/mops/web/ajax_t163sb04
上游,晶圓代工與先進封裝,2330,台積電,2023,4,income_statement,淨利（淨損）歸屬於母公司業主,838497664,"838,497,664",sii,https://mopsov.twse.com.tw/mops/web/ajax_t163sb04
上游,晶圓代工與先進封裝,2330,台積電,2023,4,income_statement,淨利（淨損）歸屬於共同控制下前手權益,,--,sii,https://mopsov.twse.com.tw/mops/web/ajax_t163sb04
上游,晶圓代工與先進封裝,2330,台積電,2023,4,income_statement,淨利（淨損）歸屬於非控制權益,-730147,"-730,147",sii,https://mopsov.twse.com.tw/mops/web/ajax_t163sb04
上游,晶圓代工與先進封裝,2330,台積電,2023,4,income_statement,綜合損益總額歸屬於母公司業主,830509542,"830,509,542",sii,https://mopsov.twse.com.tw/mops/web/ajax_t163sb04
上游,晶圓代工與先進封裝,2330,台積電,2023,4,income_statement,綜合損益總額歸屬於共同控制下前手權益,,--,sii,https://mopsov.twse.com.tw/mops/web/ajax_t163sb04
上游,晶圓代工與先進封裝,2330,台積電,2023,4,income_statement,綜合損益總額歸屬於非控制權益,-1555669,"-1,555,669",sii,https://mopsov.twse.com.tw/mops/web/ajax_t163sb04
上游,晶圓代工與先進封裝,2330,台積電,2023,4,income_statement,基本每股盈餘（元）,32.34,32.34,sii,https://mopsov.twse.com.tw/mops/web/ajax_t163sb04
上游,晶圓代工與先進封裝,2330,台積電,2023,4,balance_sheet,流動資產,2194032910,"2,194,032,910",sii,https://mopsov.twse.com.tw/mops/web/ajax_t163sb05
上游,晶圓代工與先進封裝,2330,台積電,2023,4,balance_sheet,非流動資產,3338338305,"3,338,338,305",sii,https://mopsov.twse.com.tw/mops/web/ajax_t163sb05
上游,晶圓代工與先進封裝,2330,台積電,2023,4,balance_sheet,資產總計,5532371215,"5,532,371,215",sii,https://mopsov.twse.com.tw/mops/web/ajax_t163sb05
上游,晶圓代工與先進封裝,2330,台積電,2023,4,balance_sheet,流動負債,913583316,"913,583,316",sii,https://mopsov.twse.com.tw/mops/web/ajax_t163sb05
上游,晶圓代工與先進封裝,2330,台積電,2023,4,balance_sheet,非流動負債,1135525052,"1,135,525,052",sii,https://mopsov.twse.com.tw/mops/web/ajax_t163sb05
上游,晶圓代工與先進封裝,2330,台積電,2023,4,balance_sheet,負債總計,2049108368,"2,049,108,368",sii,https://mopsov.twse.com.tw/mops/web/ajax_t163sb05
上游,晶圓代工與先進封裝,2330,台積電,2023,4,balance_sheet,股本,259320710,"259,320,710",sii,https://mopsov.twse.com.tw/mops/web/ajax_t163sb05
上游,晶圓代工與先進封裝,2330,台積電,2023,4,balance_sheet,權益─具證券性質之虛擬通貨,,--,sii,https://mopsov.twse.com.tw/mops/web/ajax_t163sb05
上游,晶圓代工與先進封裝,2330,台積電,2023,4,balance_sheet,資本公積,69876381,"69,876,381",sii,https://mopsov.twse.com.tw/mops/web/ajax_t163sb05
上游,晶圓代工與先進封裝,2330,台積電,2023,4,balance_sheet,保留盈餘,3158030792,"3,158,030,792",sii,https://mopsov.twse.com.tw/mops/web/ajax_t163sb05
上游,晶圓代工與先進封裝,2330,台積電,2023,4,balance_sheet,其他權益,-28314256,"-28,314,256",sii,https://mopsov.twse.com.tw/mops/web/ajax_t163sb05
上游,晶圓代工與先進封裝,2330,台積電,2023,4,balance_sheet,庫藏股票,0,0,sii,https://mopsov.twse.com.tw/mops/web/ajax_t163sb05
上游,晶圓代工與先進封裝,2330,台積電,2023,4,balance_sheet,歸屬於母公司業主之權益合計,3458913627,"3,458,913,627",sii,https://mopsov.twse.com.tw/mops/web/ajax_t163sb05
上游,晶圓代工與先進封裝,2330,台積電,2023,4,balance_sheet,共同控制下前手權益,,--,sii,https://mopsov.twse.com.tw/mops/web/ajax_t163sb05
上游,晶圓代工與先進封裝,2330,台積電,2023,4,balance_sheet,合併前非屬共同控制股權,,--,sii,https://mopsov.twse.com.tw/mops/web/ajax_t163sb05
上游,晶圓代工與先進封裝,2330,台積電,2023,4,balance_sheet,非控制權益,24349220,"24,349,220",sii,https://mopsov.twse.com.tw/mops/web/ajax_t163sb05
上游,晶圓代工與先進封裝,2330,台積電,2023,4,balance_sheet,權益總計,3483262847,"3,483,262,847",sii,https://mopsov.twse.com.tw/mops/web/ajax_t163sb05
上游,晶圓代工與先進封裝,2330,台積電,2023,4,balance_sheet,待註銷股本股數（單位：股）,,--,sii,https://mopsov.twse.com.tw/mops/web/ajax_t163sb05
上游,晶圓代工與先進封裝,2330,台積電,2023,4,balance_sheet,預收股款（權益項下）之約當發行股數（單位：股）,0,0,sii,https://mopsov.twse.com.tw/mops/web/ajax_t163sb05
上游,晶圓代工與先進封裝,2330,台積電,2023,4,balance_sheet,母公司暨子公司所持有之母公司庫藏股股數（單位：股）,0,0,sii,https://mopsov.twse.com.tw/mops/web/ajax_t163sb05
上游,晶圓代工與先進封裝,2330,台積電,2023,4,balance_sheet,每股參考淨值,133.38,133.38,sii,https://mopsov.twse.com.tw/mops/web/ajax_t163sb05
上游,晶圓代工與先進封裝,2330,台積電,2023,4,cash_flow,營業活動之淨現金流入（流出）,1241967347,"1,241,967,347",sii,https://mopsov.twse.com.tw/mops/web/ajax_t163sb20
上游,晶圓代工與先進封裝,2330,台積電,2023,4,cash_flow,投資活動之淨現金流入（流出）,-906120596,"-906,120,596",sii,https://mopsov.twse.com.tw/mops/web/ajax_t163sb20
上游,晶圓代工與先進封裝,2330,台積電,2023,4,cash_flow,籌資活動之淨現金流入（流出）,-204894252,"-204,894,252",sii,https://mopsov.twse.com.tw/mops/web/ajax_t163sb20
上游,晶圓代工與先進封裝,2330,台積電,2023,4,cash_flow,匯率變動對現金及約當現金之影響,-8338829,"-8,338,829",sii,https://mopsov.twse.com.tw/mops/web/ajax_t163sb20
上游,晶圓代工與先進封裝,2330,台積電,2023,4,cash_flow,本期現金及約當現金增加（減少）數,122613670,"122,613,670",sii,https://mopsov.twse.com.tw/mops/web/ajax_t163sb20
上游,晶圓代工與先進封裝,2330,台積電,2023,4,cash_flow,期初現金及約當現金餘額,1342814083,"1,342,814,083",sii,https://mopsov.twse.com.tw/mops/web/ajax_t163sb20
上游,晶圓代工與先進封裝,2330,台積電,2023,4,cash_flow,期末現金及約當現金餘額,1465427753,"1,465,427,753",sii,https://mopsov.twse.com.tw/mops/web/ajax_t163sb20
上游,晶圓代工與先進封裝,2330,台積電,2024,1,income_statement,營業收入,592644201,"592,644,201",sii,https://mopsov.twse.com.tw/mops/web/ajax_t163sb04
上游,晶圓代工與先進封裝,2330,台積電,2024,1,income_statement,營業成本,278138932,"278,138,932",sii,https://mopsov.twse.com.tw/mops/web/ajax_t163sb04
上游,晶圓代工與先進封裝,2330,台積電,2024,1,income_statement,原始認列生物資產及農產品之利益（損失）,,--,sii,https://mopsov.twse.com.tw/mops/web/ajax_t163sb04
上游,晶圓代工與先進封裝,2330,台積電,2024,1,income_statement,生物資產當期公允價值減出售成本之變動利益（損失）,,--,sii,https://mopsov.twse.com.tw/mops/web/ajax_t163sb04
上游,晶圓代工與先進封裝,2330,台積電,2024,1,income_statement,營業毛利（毛損）,314505269,"314,505,269",sii,https://mopsov.twse.com.tw/mops/web/ajax_t163sb04
上游,晶圓代工與先進封裝,2330,台積電,2024,1,income_statement,未實現銷貨（損）益,,--,sii,https://mopsov.twse.com.tw/mops/web/ajax_t163sb04
上游,晶圓代工與先進封裝,2330,台積電,2024,1,income_statement,已實現銷貨（損）益,,--,sii,https://mopsov.twse.com.tw/mops/web/ajax_t163sb04
上游,晶圓代工與先進封裝,2330,台積電,2024,1,income_statement,營業毛利（毛損）淨額,314505269,"314,505,269",sii,https://mopsov.twse.com.tw/mops/web/ajax_t163sb04
上游,晶圓代工與先進封裝,2330,台積電,2024,1,income_statement,營業費用,65357281,"65,357,281",sii,https://mopsov.twse.com.tw/mops/web/ajax_t163sb04
上游,晶圓代工與先進封裝,2330,台積電,2024,1,income_statement,其他收益及費損淨額,-129682,"-129,682",sii,https://mopsov.twse.com.tw/mops/web/ajax_t163sb04
上游,晶圓代工與先進封裝,2330,台積電,2024,1,income_statement,營業利益（損失）,249018306,"249,018,306",sii,https://mopsov.twse.com.tw/mops/web/ajax_t163sb04
上游,晶圓代工與先進封裝,2330,台積電,2024,1,income_statement,營業外收入及支出,17524898,"17,524,898",sii,https://mopsov.twse.com.tw/mops/web/ajax_t163sb04
上游,晶圓代工與先進封裝,2330,台積電,2024,1,income_statement,稅前淨利（淨損）,266543204,"266,543,204",sii,https://mopsov.twse.com.tw/mops/web/ajax_t163sb04
上游,晶圓代工與先進封裝,2330,台積電,2024,1,income_statement,所得稅費用（利益）,41321941,"41,321,941",sii,https://mopsov.twse.com.tw/mops/web/ajax_t163sb04
上游,晶圓代工與先進封裝,2330,台積電,2024,1,income_statement,繼續營業單位本期淨利（淨損）,225221263,"225,221,263",sii,https://mopsov.twse.com.tw/mops/web/ajax_t163sb04
上游,晶圓代工與先進封裝,2330,台積電,2024,1,income_statement,停業單位損益,,--,sii,https://mopsov.twse.com.tw/mops/web/ajax_t163sb04
上游,晶圓代工與先進封裝,2330,台積電,2024,1,income_statement,合併前非屬共同控制股權損益,,--,sii,https://mopsov.twse.com.tw/mops/web/ajax_t163sb04
上游,晶圓代工與先進封裝,2330,台積電,2024,1,income_statement,本期淨利（淨損）,225221263,"225,221,263",sii,https://mopsov.twse.com.tw/mops/web/ajax_t163sb04
上游,晶圓代工與先進封裝,2330,台積電,2024,1,income_statement,其他綜合損益（淨額）,41273948,"41,273,948",sii,https://mopsov.twse.com.tw/mops/web/ajax_t163sb04
上游,晶圓代工與先進封裝,2330,台積電,2024,1,income_statement,合併前非屬共同控制股權綜合損益淨額,,--,sii,https://mopsov.twse.com.tw/mops/web/ajax_t163sb04
上游,晶圓代工與先進封裝,2330,台積電,2024,1,income_statement,本期綜合損益總額,266495211,"266,495,211",sii,https://mopsov.twse.com.tw/mops/web/ajax_t163sb04
上游,晶圓代工與先進封裝,2330,台積電,2024,1,income_statement,淨利（淨損）歸屬於母公司業主,225484877,"225,484,877",sii,https://mopsov.twse.com.tw/mops/web/ajax_t163sb04
上游,晶圓代工與先進封裝,2330,台積電,2024,1,income_statement,淨利（淨損）歸屬於共同控制下前手權益,,--,sii,https://mopsov.twse.com.tw/mops/web/ajax_t163sb04
上游,晶圓代工與先進封裝,2330,台積電,2024,1,income_statement,淨利（淨損）歸屬於非控制權益,-263614,"-263,614",sii,https://mopsov.twse.com.tw/mops/web/ajax_t163sb04
上游,晶圓代工與先進封裝,2330,台積電,2024,1,income_statement,綜合損益總額歸屬於母公司業主,267398572,"267,398,572",sii,https://mopsov.twse.com.tw/mops/web/ajax_t163sb04
上游,晶圓代工與先進封裝,2330,台積電,2024,1,income_statement,綜合損益總額歸屬於共同控制下前手權益,,--,sii,https://mopsov.twse.com.tw/mops/web/ajax_t163sb04
上游,晶圓代工與先進封裝,2330,台積電,2024,1,income_statement,綜合損益總額歸屬於非控制權益,-903361,"-903,361",sii,https://mopsov.twse.com.tw/mops/web/ajax_t163sb04
上游,晶圓代工與先進封裝,2330,台積電,2024,1,income_statement,基本每股盈餘（元）,8.7,8.70,sii,https://mopsov.twse.com.tw/mops/web/ajax_t163sb04
上游,晶圓代工與先進封裝,2330,台積電,2024,1,balance_sheet,流動資產,2452767394,"2,452,767,394",sii,https://mopsov.twse.com.tw/mops/web/ajax_t163sb05
上游,晶圓代工與先進封裝,2330,台積電,2024,1,balance_sheet,非流動資產,3335123688,"3,335,123,688",sii,https://mopsov.twse.com.tw/mops/web/ajax_t163sb05
上游,晶圓代工與先進封裝,2330,台積電,2024,1,balance_sheet,資產總計,5787891082,"5,787,891,082",sii,https://mopsov.twse.com.tw/mops/web/ajax_t163sb05
上游,晶圓代工與先進封裝,2330,台積電,2024,1,balance_sheet,流動負債,1026180079,"1,026,180,079",sii,https://mopsov.twse.com.tw/mops/web/ajax_t163sb05
上游,晶圓代工與先進封裝,2330,台積電,2024,1,balance_sheet,非流動負債,1095994749,"1,095,994,749",sii,https://mopsov.twse.com.tw/mops/web/ajax_t163sb05
上游,晶圓代工與先進封裝,2330,台積電,2024,1,balance_sheet,負債總計,2122174828,"2,122,174,828",sii,https://mopsov.twse.com.tw/mops/web/ajax_t163sb05
上游,晶圓代工與先進封裝,2330,台積電,2024,1,balance_sheet,股本,259336292,"259,336,292",sii,https://mopsov.twse.com.tw/mops/web/ajax_t163sb05
上游,晶圓代工與先進封裝,2330,台積電,2024,1,balance_sheet,權益─具證券性質之虛擬通貨,,--,sii,https://mopsov.twse.com.tw/mops/web/ajax_t163sb05
上游,晶圓代工與先進封裝,2330,台積電,2024,1,balance_sheet,資本公積,70940489,"70,940,489",sii,https://mopsov.twse.com.tw/mops/web/ajax_t163sb05
上游,晶圓代工與先進封裝,2330,台積電,2024,1,balance_sheet,保留盈餘,3294563704,"3,294,563,704",sii,https://mopsov.twse.com.tw/mops/web/ajax_t163sb05
上游,晶圓代工與先進封裝,2330,台積電,2024,1,balance_sheet,其他權益,10891445,"10,891,445",sii,https://mopsov.twse.com.tw/mops/web/ajax_t163sb05
上游,晶圓代工與先進封裝,2330,台積電,2024,1,balance_sheet,庫藏股票,,--,sii,https://mopsov.twse.com.tw/mops/web/ajax_t163sb05
上游,晶圓代工與先進封裝,2330,台積電,2024,1,balance_sheet,歸屬於母公司業主之權益合計,3635731930,"3,635,731,930",sii,https://mopsov.twse.com.tw/mops/web/ajax_t163sb05
上游,晶圓代工與先進封裝,2330,台積電,2024,1,balance_sheet,共同控制下前手權益,,--,sii,https://mopsov.twse.com.tw/mops/web/ajax_t163sb05
上游,晶圓代工與先進封裝,2330,台積電,2024,1,balance_sheet,合併前非屬共同控制股權,,--,sii,https://mopsov.twse.com.tw/mops/web/ajax_t163sb05
上游,晶圓代工與先進封裝,2330,台積電,2024,1,balance_sheet,非控制權益,29984324,"29,984,324",sii,https://mopsov.twse.com.tw/mops/web/ajax_t163sb05
上游,晶圓代工與先進封裝,2330,台積電,2024,1,balance_sheet,權益總計,3665716254,"3,665,716,254",sii,https://mopsov.twse.com.tw/mops/web/ajax_t163sb05
上游,晶圓代工與先進封裝,2330,台積電,2024,1,balance_sheet,待註銷股本股數（單位：股）,1401750,"1,401,750",sii,https://mopsov.twse.com.tw/mops/web/ajax_t163sb05
上游,晶圓代工與先進封裝,2330,台積電,2024,1,balance_sheet,預收股款（權益項下）之約當發行股數（單位：股）,0,0,sii,https://mopsov.twse.com.tw/mops/web/ajax_t163sb05
上游,晶圓代工與先進封裝,2330,台積電,2024,1,balance_sheet,母公司暨子公司所持有之母公司庫藏股股數（單位：股）,0,0,sii,https://mopsov.twse.com.tw/mops/web/ajax_t163sb05
上游,晶圓代工與先進封裝,2330,台積電,2024,1,balance_sheet,每股參考淨值,140.19,140.19,sii,https://mopsov.twse.com.tw/mops/web/ajax_t163sb05
上游,晶圓代工與先進封裝,2330,台積電,2024,1,cash_flow,營業活動之淨現金流入（流出）,436311108,"436,311,108",sii,https://mopsov.twse.com.tw/mops/web/ajax_t163sb20
上游,晶圓代工與先進封裝,2330,台積電,2024,1,cash_flow,投資活動之淨現金流入（流出）,-159806991,"-159,806,991",sii,https://mopsov.twse.com.tw/mops/web/ajax_t163sb20
上游,晶圓代工與先進封裝,2330,台積電,2024,1,cash_flow,籌資活動之淨現金流入（流出）,-71685617,"-71,685,617",sii,https://mopsov.twse.com.tw/mops/web/ajax_t163sb20
上游,晶圓代工與先進封裝,2330,台積電,2024,1,cash_flow,匯率變動對現金及約當現金之影響,27949451,"27,949,451",sii,https://mopsov.twse.com.tw/mops/web/ajax_t163sb20
上游,晶圓代工與先進封裝,2330,台積電,2024,1,cash_flow,本期現金及約當現金增加（減少）數,232767951,"232,767,951",sii,https://mopsov.twse.com.tw/mops/web/ajax_t163sb20
上游,晶圓代工與先進封裝,2330,台積電,2024,1,cash_flow,期初現金及約當現金餘額,1465427753,"1,465,427,753",sii,https://mopsov.twse.com.tw/mops/web/ajax_t163sb20
上游,晶圓代工與先進封裝,2330,台積電,2024,1,cash_flow,期末現金及約當現金餘額,1698195704,"1,698,195,704",sii,https://mopsov.twse.com.tw/mops/web/ajax_t163sb20
上游,晶圓代工與先進封裝,2330,台積電,2024,2,income_statement,營業收入,1266154378,"1,266,154,378",sii,https://mopsov.twse.com.tw/mops/web/ajax_t163sb04
上游,晶圓代工與先進封裝,2330,台積電,2024,2,income_statement,營業成本,593524631,"593,524,631",sii,https://mopsov.twse.com.tw/mops/web/ajax_t163sb04
上游,晶圓代工與先進封裝,2330,台積電,2024,2,income_statement,原始認列生物資產及農產品之利益（損失）,,--,sii,https://mopsov.twse.com.tw/mops/web/ajax_t163sb04
上游,晶圓代工與先進封裝,2330,台積電,2024,2,income_statement,生物資產當期公允價值減出售成本之變動利益（損失）,,--,sii,https://mopsov.twse.com.tw/mops/web/ajax_t163sb04
上游,晶圓代工與先進封裝,2330,台積電,2024,2,income_statement,營業毛利（毛損）,672629747,"672,629,747",sii,https://mopsov.twse.com.tw/mops/web/ajax_t163sb04
上游,晶圓代工與先進封裝,2330,台積電,2024,2,income_statement,未實現銷貨（損）益,,--,sii,https://mopsov.twse.com.tw/mops/web/ajax_t163sb04
上游,晶圓代工與先進封裝,2330,台積電,2024,2,income_statement,已實現銷貨（損）益,,--,sii,https://mopsov.twse.com.tw/mops/web/ajax_t163sb04
上游,晶圓代工與先進封裝,2330,台積電,2024,2,income_statement,營業毛利（毛損）淨額,672629747,"672,629,747",sii,https://mopsov.twse.com.tw/mops/web/ajax_t163sb04
上游,晶圓代工與先進封裝,2330,台積電,2024,2,income_statement,營業費用,135652591,"135,652,591",sii,https://mopsov.twse.com.tw/mops/web/ajax_t163sb04
上游,晶圓代工與先進封裝,2330,台積電,2024,2,income_statement,其他收益及費損淨額,-1403308,"-1,403,308",sii,https://mopsov.twse.com.tw/mops/web/ajax_t163sb04
上游,晶圓代工與先進封裝,2330,台積電,2024,2,income_statement,營業利益（損失）,535573848,"535,573,848",sii,https://mopsov.twse.com.tw/mops/web/ajax_t163sb04
上游,晶圓代工與先進封裝,2330,台積電,2024,2,income_statement,營業外收入及支出,37279931,"37,279,931",sii,https://mopsov.twse.com.tw/mops/web/ajax_t163sb04
上游,晶圓代工與先進封裝,2330,台積電,2024,2,income_statement,稅前淨利（淨損）,572853779,"572,853,779",sii,https://mopsov.twse.com.tw/mops/web/ajax_t163sb04
上游,晶圓代工與先進封裝,2330,台積電,2024,2,income_statement,所得稅費用（利益）,99971078,"99,971,078",sii,https://mopsov.twse.com.tw/mops/web/ajax_t163sb04
上游,晶圓代工與先進封裝,2330,台積電,2024,2,income_statement,繼續營業單位本期淨利（淨損）,472882701,"472,882,701",sii,https://mopsov.twse.com.tw/mops/web/ajax_t163sb04
上游,晶圓代工與先進封裝,2330,台積電,2024,2,income_statement,停業單位損益,,--,sii,https://mopsov.twse.com.tw/mops/web/ajax_t163sb04
上游,晶圓代工與先進封裝,2330,台積電,2024,2,income_statement,合併前非屬共同控制股權損益,,--,sii,https://mopsov.twse.com.tw/mops/web/ajax_t163sb04
上游,晶圓代工與先進封裝,2330,台積電,2024,2,income_statement,本期淨利（淨損）,472882701,"472,882,701",sii,https://mopsov.twse.com.tw/mops/web/ajax_t163sb04
上游,晶圓代工與先進封裝,2330,台積電,2024,2,income_statement,其他綜合損益（淨額）,54738547,"54,738,547",sii,https://mopsov.twse.com.tw/mops/web/ajax_t163sb04
上游,晶圓代工與先進封裝,2330,台積電,2024,2,income_statement,合併前非屬共同控制股權綜合損益淨額,,--,sii,https://mopsov.twse.com.tw/mops/web/ajax_t163sb04
上游,晶圓代工與先進封裝,2330,台積電,2024,2,income_statement,本期綜合損益總額,527621248,"527,621,248",sii,https://mopsov.twse.com.tw/mops/web/ajax_t163sb04
上游,晶圓代工與先進封裝,2330,台積電,2024,2,income_statement,淨利（淨損）歸屬於母公司業主,473330405,"473,330,405",sii,https://mopsov.twse.com.tw/mops/web/ajax_t163sb04
上游,晶圓代工與先進封裝,2330,台積電,2024,2,income_statement,淨利（淨損）歸屬於共同控制下前手權益,,--,sii,https://mopsov.twse.com.tw/mops/web/ajax_t163sb04
上游,晶圓代工與先進封裝,2330,台積電,2024,2,income_statement,淨利（淨損）歸屬於非控制權益,-447704,"-447,704",sii,https://mopsov.twse.com.tw/mops/web/ajax_t163sb04
上游,晶圓代工與先進封裝,2330,台積電,2024,2,income_statement,綜合損益總額歸屬於母公司業主,529663992,"529,663,992",sii,https://mopsov.twse.com.tw/mops/web/ajax_t163sb04
上游,晶圓代工與先進封裝,2330,台積電,2024,2,income_statement,綜合損益總額歸屬於共同控制下前手權益,,--,sii,https://mopsov.twse.com.tw/mops/web/ajax_t163sb04
上游,晶圓代工與先進封裝,2330,台積電,2024,2,income_statement,綜合損益總額歸屬於非控制權益,-2042744,"-2,042,744",sii,https://mopsov.twse.com.tw/mops/web/ajax_t163sb04
上游,晶圓代工與先進封裝,2330,台積電,2024,2,income_statement,基本每股盈餘（元）,18.25,18.25,sii,https://mopsov.twse.com.tw/mops/web/ajax_t163sb04
上游,晶圓代工與先進封裝,2330,台積電,2024,2,balance_sheet,流動資產,2591658093,"2,591,658,093",sii,https://mopsov.twse.com.tw/mops/web/ajax_t163sb05
上游,晶圓代工與先進封裝,2330,台積電,2024,2,balance_sheet,非流動資產,3390705921,"3,390,705,921",sii,https://mopsov.twse.com.tw/mops/web/ajax_t163sb05
上游,晶圓代工與先進封裝,2330,台積電,2024,2,balance_sheet,資產總計,5982364014,"5,982,364,014",sii,https://mopsov.twse.com.tw/mops/web/ajax_t163sb05
上游,晶圓代工與先進封裝,2330,台積電,2024,2,balance_sheet,流動負債,1048915680,"1,048,915,680",sii,https://mopsov.twse.com.tw/mops/web/ajax_t163sb05
上游,晶圓代工與先進封裝,2330,台積電,2024,2,balance_sheet,非流動負債,1113300129,"1,113,300,129",sii,https://mopsov.twse.com.tw/mops/web/ajax_t163sb05
上游,晶圓代工與先進封裝,2330,台積電,2024,2,balance_sheet,負債總計,2162215809,"2,162,215,809",sii,https://mopsov.twse.com.tw/mops/web/ajax_t163sb05
上游,晶圓代工與先進封裝,2330,台積電,2024,2,balance_sheet,股本,259336292,"259,336,292",sii,https://mopsov.twse.com.tw/mops/web/ajax_t163sb05
上游,晶圓代工與先進封裝,2330,台積電,2024,2,balance_sheet,權益─具證券性質之虛擬通貨,,--,sii,https://mopsov.twse.com.tw/mops/web/ajax_t163sb05
上游,晶圓代工與先進封裝,2330,台積電,2024,2,balance_sheet,資本公積,70940676,"70,940,676",sii,https://mopsov.twse.com.tw/mops/web/ajax_t163sb05
上游,晶圓代工與先進封裝,2330,台積電,2024,2,balance_sheet,保留盈餘,3438674715,"3,438,674,715",sii,https://mopsov.twse.com.tw/mops/web/ajax_t163sb05
上游,晶圓代工與先進封裝,2330,台積電,2024,2,balance_sheet,其他權益,25540368,"25,540,368",sii,https://mopsov.twse.com.tw/mops/web/ajax_t163sb05
上游,晶圓代工與先進封裝,2330,台積電,2024,2,balance_sheet,庫藏股票,-3089177,"-3,089,177",sii,https://mopsov.twse.com.tw/mops/web/ajax_t163sb05
上游,晶圓代工與先進封裝,2330,台積電,2024,2,balance_sheet,歸屬於母公司業主之權益合計,3791402874,"3,791,402,874",sii,https://mopsov.twse.com.tw/mops/web/ajax_t163sb05
上游,晶圓代工與先進封裝,2330,台積電,2024,2,balance_sheet,共同控制下前手權益,,--,sii,https://mopsov.twse.com.tw/mops/web/ajax_t163sb05
上游,晶圓代工與先進封裝,2330,台積電,2024,2,balance_sheet,合併前非屬共同控制股權,,--,sii,https://mopsov.twse.com.tw/mops/web/ajax_t163sb05
上游,晶圓代工與先進封裝,2330,台積電,2024,2,balance_sheet,非控制權益,28745331,"28,745,331",sii,https://mopsov.twse.com.tw/mops/web/ajax_t163sb05
上游,晶圓代工與先進封裝,2330,台積電,2024,2,balance_sheet,權益總計,3820148205,"3,820,148,205",sii,https://mopsov.twse.com.tw/mops/web/ajax_t163sb05
上游,晶圓代工與先進封裝,2330,台積電,2024,2,balance_sheet,待註銷股本股數（單位：股）,,--,sii,https://mopsov.twse.com.tw/mops/web/ajax_t163sb05
上游,晶圓代工與先進封裝,2330,台積電,2024,2,balance_sheet,預收股款（權益項下）之約當發行股數（單位：股）,0,0,sii,https://mopsov.twse.com.tw/mops/web/ajax_t163sb05
上游,晶圓代工與先進封裝,2330,台積電,2024,2,balance_sheet,母公司暨子公司所持有之母公司庫藏股股數（單位：股）,3249000,"3,249,000",sii,https://mopsov.twse.com.tw/mops/web/ajax_t163sb05
上游,晶圓代工與先進封裝,2330,台積電,2024,2,balance_sheet,每股參考淨值,146.21,146.21,sii,https://mopsov.twse.com.tw/mops/web/ajax_t163sb05
上游,晶圓代工與先進封裝,2330,台積電,2024,2,cash_flow,營業活動之淨現金流入（流出）,813979318,"813,979,318",sii,https://mopsov.twse.com.tw/mops/web/ajax_t163sb20
上游,晶圓代工與先進封裝,2330,台積電,2024,2,cash_flow,投資活動之淨現金流入（流出）,-357414321,"-357,414,321",sii,https://mopsov.twse.com.tw/mops/web/ajax_t163sb20
上游,晶圓代工與先進封裝,2330,台積電,2024,2,cash_flow,籌資活動之淨現金流入（流出）,-161930200,"-161,930,200",sii,https://mopsov.twse.com.tw/mops/web/ajax_t163sb20
上游,晶圓代工與先進封裝,2330,台積電,2024,2,cash_flow,匯率變動對現金及約當現金之影響,39064801,"39,064,801",sii,https://mopsov.twse.com.tw/mops/web/ajax_t163sb20
上游,晶圓代工與先進封裝,2330,台積電,2024,2,cash_flow,本期現金及約當現金增加（減少）數,333699598,"333,699,598",sii,https://mopsov.twse.com.tw/mops/web/ajax_t163sb20
上游,晶圓代工與先進封裝,2330,台積電,2024,2,cash_flow,期初現金及約當現金餘額,1465427753,"1,465,427,753",sii,https://mopsov.twse.com.tw/mops/web/ajax_t163sb20
上游,晶圓代工與先進封裝,2330,台積電,2024,2,cash_flow,期末現金及約當現金餘額,1799127351,"1,799,127,351",sii,https://mopsov.twse.com.tw/mops/web/ajax_t163sb20
上游,晶圓代工與先進封裝,2330,台積電,2024,3,income_statement,營業收入,2025846521,"2,025,846,521",sii,https://mopsov.twse.com.tw/mops/web/ajax_t163sb04
上游,晶圓代工與先進封裝,2330,台積電,2024,3,income_statement,營業成本,913871108,"913,871,108",sii,https://mopsov.twse.com.tw/mops/web/ajax_t163sb04
上游,晶圓代工與先進封裝,2330,台積電,2024,3,income_statement,原始認列生物資產及農產品之利益（損失）,,--,sii,https://mopsov.twse.com.tw/mops/web/ajax_t163sb04
上游,晶圓代工與先進封裝,2330,台積電,2024,3,income_statement,生物資產當期公允價值減出售成本之變動利益（損失）,,--,sii,https://mopsov.twse.com.tw/mops/web/ajax_t163sb04
上游,晶圓代工與先進封裝,2330,台積電,2024,3,income_statement,營業毛利（毛損）,1111975413,"1,111,975,413",sii,https://mopsov.twse.com.tw/mops/web/ajax_t163sb04
上游,晶圓代工與先進封裝,2330,台積電,2024,3,income_statement,未實現銷貨（損）益,,--,sii,https://mopsov.twse.com.tw/mops/web/ajax_t163sb04
上游,晶圓代工與先進封裝,2330,台積電,2024,3,income_statement,已實現銷貨（損）益,,--,sii,https://mopsov.twse.com.tw/mops/web/ajax_t163sb04
上游,晶圓代工與先進封裝,2330,台積電,2024,3,income_statement,營業毛利（毛損）淨額,1111975413,"1,111,975,413",sii,https://mopsov.twse.com.tw/mops/web/ajax_t163sb04
上游,晶圓代工與先進封裝,2330,台積電,2024,3,income_statement,營業費用,214731495,"214,731,495",sii,https://mopsov.twse.com.tw/mops/web/ajax_t163sb04
上游,晶圓代工與先進封裝,2330,台積電,2024,3,income_statement,其他收益及費損淨額,-903781,"-903,781",sii,https://mopsov.twse.com.tw/mops/web/ajax_t163sb04
上游,晶圓代工與先進封裝,2330,台積電,2024,3,income_statement,營業利益（損失）,896340137,"896,340,137",sii,https://mopsov.twse.com.tw/mops/web/ajax_t163sb04
上游,晶圓代工與先進封裝,2330,台積電,2024,3,income_statement,營業外收入及支出,60700494,"60,700,494",sii,https://mopsov.twse.com.tw/mops/web/ajax_t163sb04
上游,晶圓代工與先進封裝,2330,台積電,2024,3,income_statement,稅前淨利（淨損）,957040631,"957,040,631",sii,https://mopsov.twse.com.tw/mops/web/ajax_t163sb04
上游,晶圓代工與先進封裝,2330,台積電,2024,3,income_statement,所得稅費用（利益）,159077760,"159,077,760",sii,https://mopsov.twse.com.tw/mops/web/ajax_t163sb04
上游,晶圓代工與先進封裝,2330,台積電,2024,3,income_statement,繼續營業單位本期淨利（淨損）,797962871,"797,962,871",sii,https://mopsov.twse.com.tw/mops/web/ajax_t163sb04
上游,晶圓代工與先進封裝,2330,台積電,2024,3,income_statement,停業單位損益,,--,sii,https://mopsov.twse.com.tw/mops/web/ajax_t163sb04
上游,晶圓代工與先進封裝,2330,台積電,2024,3,income_statement,合併前非屬共同控制股權損益,,--,sii,https://mopsov.twse.com.tw/mops/web/ajax_t163sb04
上游,晶圓代工與先進封裝,2330,台積電,2024,3,income_statement,本期淨利（淨損）,797962871,"797,962,871",sii,https://mopsov.twse.com.tw/mops/web/ajax_t163sb04
上游,晶圓代工與先進封裝,2330,台積電,2024,3,income_statement,其他綜合損益（淨額）,33682269,"33,682,269",sii,https://mopsov.twse.com.tw/mops/web/ajax_t163sb04
上游,晶圓代工與先進封裝,2330,台積電,2024,3,income_statement,合併前非屬共同控制股權綜合損益淨額,,--,sii,https://mopsov.twse.com.tw/mops/web/ajax_t163sb04
上游,晶圓代工與先進封裝,2330,台積電,2024,3,income_statement,本期綜合損益總額,831645140,"831,645,140",sii,https://mopsov.twse.com.tw/mops/web/ajax_t163sb04
上游,晶圓代工與先進封裝,2330,台積電,2024,3,income_statement,淨利（淨損）歸屬於母公司業主,798587976,"798,587,976",sii,https://mopsov.twse.com.tw/mops/web/ajax_t163sb04
上游,晶圓代工與先進封裝,2330,台積電,2024,3,income_statement,淨利（淨損）歸屬於共同控制下前手權益,,--,sii,https://mopsov.twse.com.tw/mops/web/ajax_t163sb04
上游,晶圓代工與先進封裝,2330,台積電,2024,3,income_statement,淨利（淨損）歸屬於非控制權益,-625105,"-625,105",sii,https://mopsov.twse.com.tw/mops/web/ajax_t163sb04
上游,晶圓代工與先進封裝,2330,台積電,2024,3,income_statement,綜合損益總額歸屬於母公司業主,831764315,"831,764,315",sii,https://mopsov.twse.com.tw/mops/web/ajax_t163sb04
上游,晶圓代工與先進封裝,2330,台積電,2024,3,income_statement,綜合損益總額歸屬於共同控制下前手權益,,--,sii,https://mopsov.twse.com.tw/mops/web/ajax_t163sb04
上游,晶圓代工與先進封裝,2330,台積電,2024,3,income_statement,綜合損益總額歸屬於非控制權益,-119175,"-119,175",sii,https://mopsov.twse.com.tw/mops/web/ajax_t163sb04
上游,晶圓代工與先進封裝,2330,台積電,2024,3,income_statement,基本每股盈餘（元）,30.8,30.80,sii,https://mopsov.twse.com.tw/mops/web/ajax_t163sb04
上游,晶圓代工與先進封裝,2330,台積電,2024,3,balance_sheet,流動資產,2773913863,"2,773,913,863",sii,https://mopsov.twse.com.tw/mops/web/ajax_t163sb05
上游,晶圓代工與先進封裝,2330,台積電,2024,3,balance_sheet,非流動資產,3391744313,"3,391,744,313",sii,https://mopsov.twse.com.tw/mops/web/ajax_t163sb05
上游,晶圓代工與先進封裝,2330,台積電,2024,3,balance_sheet,資產總計,6165658176,"6,165,658,176",sii,https://mopsov.twse.com.tw/mops/web/ajax_t163sb05
上游,晶圓代工與先進封裝,2330,台積電,2024,3,balance_sheet,流動負債,1080399099,"1,080,399,099",sii,https://mopsov.twse.com.tw/mops/web/ajax_t163sb05
上游,晶圓代工與先進封裝,2330,台積電,2024,3,balance_sheet,非流動負債,1063336786,"1,063,336,786",sii,https://mopsov.twse.com.tw/mops/web/ajax_t163sb05
上游,晶圓代工與先進封裝,2330,台積電,2024,3,balance_sheet,負債總計,2143735885,"2,143,735,885",sii,https://mopsov.twse.com.tw/mops/web/ajax_t163sb05
上游,晶圓代工與先進封裝,2330,台積電,2024,3,balance_sheet,股本,259327332,"259,327,332",sii,https://mopsov.twse.com.tw/mops/web/ajax_t163sb05
上游,晶圓代工與先進封裝,2330,台積電,2024,3,balance_sheet,權益─具證券性質之虛擬通貨,,--,sii,https://mopsov.twse.com.tw/mops/web/ajax_t163sb05
上游,晶圓代工與先進封裝,2330,台積電,2024,3,balance_sheet,資本公積,72390172,"72,390,172",sii,https://mopsov.twse.com.tw/mops/web/ajax_t163sb05
上游,晶圓代工與先進封裝,2330,台積電,2024,3,balance_sheet,保留盈餘,3657379241,"3,657,379,241",sii,https://mopsov.twse.com.tw/mops/web/ajax_t163sb05
上游,晶圓代工與先進封裝,2330,台積電,2024,3,balance_sheet,其他權益,922408,"922,408",sii,https://mopsov.twse.com.tw/mops/web/ajax_t163sb05
上游,晶圓代工與先進封裝,2330,台積電,2024,3,balance_sheet,庫藏股票,0,0,sii,https://mopsov.twse.com.tw/mops/web/ajax_t163sb05
上游,晶圓代工與先進封裝,2330,台積電,2024,3,balance_sheet,歸屬於母公司業主之權益合計,3990019153,"3,990,019,153",sii,https://mopsov.twse.com.tw/mops/web/ajax_t163sb05
上游,晶圓代工與先進封裝,2330,台積電,2024,3,balance_sheet,共同控制下前手權益,,--,sii,https://mopsov.twse.com.tw/mops/web/ajax_t163sb05
上游,晶圓代工與先進封裝,2330,台積電,2024,3,balance_sheet,合併前非屬共同控制股權,,--,sii,https://mopsov.twse.com.tw/mops/web/ajax_t163sb05
上游,晶圓代工與先進封裝,2330,台積電,2024,3,balance_sheet,非控制權益,31903138,"31,903,138",sii,https://mopsov.twse.com.tw/mops/web/ajax_t163sb05
上游,晶圓代工與先進封裝,2330,台積電,2024,3,balance_sheet,權益總計,4021922291,"4,021,922,291",sii,https://mopsov.twse.com.tw/mops/web/ajax_t163sb05
上游,晶圓代工與先進封裝,2330,台積電,2024,3,balance_sheet,待註銷股本股數（單位：股）,,--,sii,https://mopsov.twse.com.tw/mops/web/ajax_t163sb05
上游,晶圓代工與先進封裝,2330,台積電,2024,3,balance_sheet,預收股款（權益項下）之約當發行股數（單位：股）,0,0,sii,https://mopsov.twse.com.tw/mops/web/ajax_t163sb05
上游,晶圓代工與先進封裝,2330,台積電,2024,3,balance_sheet,母公司暨子公司所持有之母公司庫藏股股數（單位：股）,0,0,sii,https://mopsov.twse.com.tw/mops/web/ajax_t163sb05
上游,晶圓代工與先進封裝,2330,台積電,2024,3,balance_sheet,每股參考淨值,153.86,153.86,sii,https://mopsov.twse.com.tw/mops/web/ajax_t163sb05
上游,晶圓代工與先進封裝,2330,台積電,2024,3,cash_flow,營業活動之淨現金流入（流出）,1205971785,"1,205,971,785",sii,https://mopsov.twse.com.tw/mops/web/ajax_t163sb20
上游,晶圓代工與先進封裝,2330,台積電,2024,3,cash_flow,投資活動之淨現金流入（流出）,-552924242,"-552,924,242",sii,https://mopsov.twse.com.tw/mops/web/ajax_t163sb20
上游,晶圓代工與先進封裝,2330,台積電,2024,3,cash_flow,籌資活動之淨現金流入（流出）,-245568487,"-245,568,487",sii,https://mopsov.twse.com.tw/mops/web/ajax_t163sb20
上游,晶圓代工與先進封裝,2330,台積電,2024,3,cash_flow,匯率變動對現金及約當現金之影響,13873746,"13,873,746",sii,https://mopsov.twse.com.tw/mops/web/ajax_t163sb20
上游,晶圓代工與先進封裝,2330,台積電,2024,3,cash_flow,本期現金及約當現金增加（減少）數,421352802,"421,352,802",sii,https://mopsov.twse.com.tw/mops/web/ajax_t163sb20
上游,晶圓代工與先進封裝,2330,台積電,2024,3,cash_flow,期初現金及約當現金餘額,1465427753,"1,465,427,753",sii,https://mopsov.twse.com.tw/mops/web/ajax_t163sb20
上游,晶圓代工與先進封裝,2330,台積電,2024,3,cash_flow,期末現金及約當現金餘額,1886780555,"1,886,780,555",sii,https://mopsov.twse.com.tw/mops/web/ajax_t163sb20
上游,晶圓代工與先進封裝,2330,台積電,2024,4,income_statement,營業收入,2894307699,"2,894,307,699",sii,https://mopsov.twse.com.tw/mops/web/ajax_t163sb04
上游,晶圓代工與先進封裝,2330,台積電,2024,4,income_statement,營業成本,1269954135,"1,269,954,135",sii,https://mopsov.twse.com.tw/mops/web/ajax_t163sb04
上游,晶圓代工與先進封裝,2330,台積電,2024,4,income_statement,原始認列生物資產及農產品之利益（損失）,,--,sii,https://mopsov.twse.com.tw/mops/web/ajax_t163sb04
上游,晶圓代工與先進封裝,2330,台積電,2024,4,income_statement,生物資產當期公允價值減出售成本之變動利益（損失）,,--,sii,https://mopsov.twse.com.tw/mops/web/ajax_t163sb04
上游,晶圓代工與先進封裝,2330,台積電,2024,4,income_statement,營業毛利（毛損）,1624353564,"1,624,353,564",sii,https://mopsov.twse.com.tw/mops/web/ajax_t163sb04
上游,晶圓代工與先進封裝,2330,台積電,2024,4,income_statement,未實現銷貨（損）益,,--,sii,https://mopsov.twse.com.tw/mops/web/ajax_t163sb04
上游,晶圓代工與先進封裝,2330,台積電,2024,4,income_statement,已實現銷貨（損）益,,--,sii,https://mopsov.twse.com.tw/mops/web/ajax_t163sb04
上游,晶圓代工與先進封裝,2330,台積電,2024,4,income_statement,營業毛利（毛損）淨額,1624353564,"1,624,353,564",sii,https://mopsov.twse.com.tw/mops/web/ajax_t163sb04
上游,晶圓代工與先進封裝,2330,台積電,2024,4,income_statement,營業費用,301070315,"301,070,315",sii,https://mopsov.twse.com.tw/mops/web/ajax_t163sb04
上游,晶圓代工與先進封裝,2330,台積電,2024,4,income_statement,其他收益及費損淨額,-1230199,"-1,230,199",sii,https://mopsov.twse.com.tw/mops/web/ajax_t163sb04
上游,晶圓代工與先進封裝,2330,台積電,2024,4,income_statement,營業利益（損失）,1322053050,"1,322,053,050",sii,https://mopsov.twse.com.tw/mops/web/ajax_t163sb04
上游,晶圓代工與先進封裝,2330,台積電,2024,4,income_statement,營業外收入及支出,83785585,"83,785,585",sii,https://mopsov.twse.com.tw/mops/web/ajax_t163sb04
上游,晶圓代工與先進封裝,2330,台積電,2024,4,income_statement,稅前淨利（淨損）,1405838635,"1,405,838,635",sii,https://mopsov.twse.com.tw/mops/web/ajax_t163sb04
上游,晶圓代工與先進封裝,2330,台積電,2024,4,income_statement,所得稅費用（利益）,233406876,"233,406,876",sii,https://mopsov.twse.com.tw/mops/web/ajax_t163sb04
上游,晶圓代工與先進封裝,2330,台積電,2024,4,income_statement,繼續營業單位本期淨利（淨損）,1172431759,"1,172,431,759",sii,https://mopsov.twse.com.tw/mops/web/ajax_t163sb04
上游,晶圓代工與先進封裝,2330,台積電,2024,4,income_statement,停業單位損益,,--,sii,https://mopsov.twse.com.tw/mops/web/ajax_t163sb04
上游,晶圓代工與先進封裝,2330,台積電,2024,4,income_statement,合併前非屬共同控制股權損益,,--,sii,https://mopsov.twse.com.tw/mops/web/ajax_t163sb04
上游,晶圓代工與先進封裝,2330,台積電,2024,4,income_statement,本期淨利（淨損）,1172431759,"1,172,431,759",sii,https://mopsov.twse.com.tw/mops/web/ajax_t163sb04
上游,晶圓代工與先進封裝,2330,台積電,2024,4,income_statement,其他綜合損益（淨額）,71585646,"71,585,646",sii,https://mopsov.twse.com.tw/mops/web/ajax_t163sb04
上游,晶圓代工與先進封裝,2330,台積電,2024,4,income_statement,合併前非屬共同控制股權綜合損益淨額,,--,sii,https://mopsov.twse.com.tw/mops/web/ajax_t163sb04
上游,晶圓代工與先進封裝,2330,台積電,2024,4,income_statement,本期綜合損益總額,1244017405,"1,244,017,405",sii,https://mopsov.twse.com.tw/mops/web/ajax_t163sb04
上游,晶圓代工與先進封裝,2330,台積電,2024,4,income_statement,淨利（淨損）歸屬於母公司業主,1173267703,"1,173,267,703",sii,https://mopsov.twse.com.tw/mops/web/ajax_t163sb04
上游,晶圓代工與先進封裝,2330,台積電,2024,4,income_statement,淨利（淨損）歸屬於共同控制下前手權益,,--,sii,https://mopsov.twse.com.tw/mops/web/ajax_t163sb04
上游,晶圓代工與先進封裝,2330,台積電,2024,4,income_statement,淨利（淨損）歸屬於非控制權益,-835944,"-835,944",sii,https://mopsov.twse.com.tw/mops/web/ajax_t163sb04
上游,晶圓代工與先進封裝,2330,台積電,2024,4,income_statement,綜合損益總額歸屬於母公司業主,1245836616,"1,245,836,616",sii,https://mopsov.twse.com.tw/mops/web/ajax_t163sb04
上游,晶圓代工與先進封裝,2330,台積電,2024,4,income_statement,綜合損益總額歸屬於共同控制下前手權益,,--,sii,https://mopsov.twse.com.tw/mops/web/ajax_t163sb04
上游,晶圓代工與先進封裝,2330,台積電,2024,4,income_statement,綜合損益總額歸屬於非控制權益,-1819211,"-1,819,211",sii,https://mopsov.twse.com.tw/mops/web/ajax_t163sb04
上游,晶圓代工與先進封裝,2330,台積電,2024,4,income_statement,基本每股盈餘（元）,45.25,45.25,sii,https://mopsov.twse.com.tw/mops/web/ajax_t163sb04
上游,晶圓代工與先進封裝,2330,台積電,2024,4,balance_sheet,流動資產,3088352120,"3,088,352,120",sii,https://mopsov.twse.com.tw/mops/web/ajax_t163sb05
上游,晶圓代工與先進封裝,2330,台積電,2024,4,balance_sheet,非流動資產,3603585880,"3,603,585,880",sii,https://mopsov.twse.com.tw/mops/web/ajax_t163sb05
上游,晶圓代工與先進封裝,2330,台積電,2024,4,balance_sheet,資產總計,6691938000,"6,691,938,000",sii,https://mopsov.twse.com.tw/mops/web/ajax_t163sb05
上游,晶圓代工與先進封裝,2330,台積電,2024,4,balance_sheet,流動負債,1264524964,"1,264,524,964",sii,https://mopsov.twse.com.tw/mops/web/ajax_t163sb05
上游,晶圓代工與先進封裝,2330,台積電,2024,4,balance_sheet,非流動負債,1103837171,"1,103,837,171",sii,https://mopsov.twse.com.tw/mops/web/ajax_t163sb05
上游,晶圓代工與先進封裝,2330,台積電,2024,4,balance_sheet,負債總計,2368362135,"2,368,362,135",sii,https://mopsov.twse.com.tw/mops/web/ajax_t163sb05
上游,晶圓代工與先進封裝,2330,台積電,2024,4,balance_sheet,股本,259327332,"259,327,332",sii,https://mopsov.twse.com.tw/mops/web/ajax_t163sb05
上游,晶圓代工與先進封裝,2330,台積電,2024,4,balance_sheet,權益─具證券性質之虛擬通貨,,--,sii,https://mopsov.twse.com.tw/mops/web/ajax_t163sb05
上游,晶圓代工與先進封裝,2330,台積電,2024,4,balance_sheet,資本公積,73260765,"73,260,765",sii,https://mopsov.twse.com.tw/mops/web/ajax_t163sb05
上游,晶圓代工與先進封裝,2330,台積電,2024,4,balance_sheet,保留盈餘,3917252023,"3,917,252,023",sii,https://mopsov.twse.com.tw/mops/web/ajax_t163sb05
上游,晶圓代工與先進封裝,2330,台積電,2024,4,balance_sheet,其他權益,38705047,"38,705,047",sii,https://mopsov.twse.com.tw/mops/web/ajax_t163sb05
上游,晶圓代工與先進封裝,2330,台積電,2024,4,balance_sheet,庫藏股票,0,0,sii,https://mopsov.twse.com.tw/mops/web/ajax_t163sb05
上游,晶圓代工與先進封裝,2330,台積電,2024,4,balance_sheet,歸屬於母公司業主之權益合計,4288545167,"4,288,545,167",sii,https://mopsov.twse.com.tw/mops/web/ajax_t163sb05
上游,晶圓代工與先進封裝,2330,台積電,2024,4,balance_sheet,共同控制下前手權益,,--,sii,https://mopsov.twse.com.tw/mops/web/ajax_t163sb05
上游,晶圓代工與先進封裝,2330,台積電,2024,4,balance_sheet,合併前非屬共同控制股權,,--,sii,https://mopsov.twse.com.tw/mops/web/ajax_t163sb05
上游,晶圓代工與先進封裝,2330,台積電,2024,4,balance_sheet,非控制權益,35030698,"35,030,698",sii,https://mopsov.twse.com.tw/mops/web/ajax_t163sb05
上游,晶圓代工與先進封裝,2330,台積電,2024,4,balance_sheet,權益總計,4323575865,"4,323,575,865",sii,https://mopsov.twse.com.tw/mops/web/ajax_t163sb05
上游,晶圓代工與先進封裝,2330,台積電,2024,4,balance_sheet,待註銷股本股數（單位：股）,,--,sii,https://mopsov.twse.com.tw/mops/web/ajax_t163sb05
上游,晶圓代工與先進封裝,2330,台積電,2024,4,balance_sheet,預收股款（權益項下）之約當發行股數（單位：股）,0,0,sii,https://mopsov.twse.com.tw/mops/web/ajax_t163sb05
上游,晶圓代工與先進封裝,2330,台積電,2024,4,balance_sheet,母公司暨子公司所持有之母公司庫藏股股數（單位：股）,0,0,sii,https://mopsov.twse.com.tw/mops/web/ajax_t163sb05
上游,晶圓代工與先進封裝,2330,台積電,2024,4,balance_sheet,每股參考淨值,165.37,165.37,sii,https://mopsov.twse.com.tw/mops/web/ajax_t163sb05
上游,晶圓代工與先進封裝,2330,台積電,2024,4,cash_flow,營業活動之淨現金流入（流出）,1826177068,"1,826,177,068",sii,https://mopsov.twse.com.tw/mops/web/ajax_t163sb20
上游,晶圓代工與先進封裝,2330,台積電,2024,4,cash_flow,投資活動之淨現金流入（流出）,-864842769,"-864,842,769",sii,https://mopsov.twse.com.tw/mops/web/ajax_t163sb20
上游,晶圓代工與先進封裝,2330,台積電,2024,4,cash_flow,籌資活動之淨現金流入（流出）,-346300910,"-346,300,910",sii,https://mopsov.twse.com.tw/mops/web/ajax_t163sb20
上游,晶圓代工與先進封裝,2330,台積電,2024,4,cash_flow,匯率變動對現金及約當現金之影響,47165901,"47,165,901",sii,https://mopsov.twse.com.tw/mops/web/ajax_t163sb20
上游,晶圓代工與先進封裝,2330,台積電,2024,4,cash_flow,本期現金及約當現金增加（減少）數,662199290,"662,199,290",sii,https://mopsov.twse.com.tw/mops/web/ajax_t163sb20
上游,晶圓代工與先進封裝,2330,台積電,2024,4,cash_flow,期初現金及約當現金餘額,1465427753,"1,465,427,753",sii,https://mopsov.twse.com.tw/mops/web/ajax_t163sb20
上游,晶圓代工與先進封裝,2330,台積電,2024,4,cash_flow,期末現金及約當現金餘額,2127627043,"2,127,627,043",sii,https://mopsov.twse.com.tw/mops/web/ajax_t163sb20
上游,晶圓代工與先進封裝,2330,台積電,2025,1,income_statement,營業收入,839253664,"839,253,664",sii,https://mopsov.twse.com.tw/mops/web/ajax_t163sb04
上游,晶圓代工與先進封裝,2330,台積電,2025,1,income_statement,營業成本,345858588,"345,858,588",sii,https://mopsov.twse.com.tw/mops/web/ajax_t163sb04
上游,晶圓代工與先進封裝,2330,台積電,2025,1,income_statement,原始認列生物資產及農產品之利益（損失）,,--,sii,https://mopsov.twse.com.tw/mops/web/ajax_t163sb04
上游,晶圓代工與先進封裝,2330,台積電,2025,1,income_statement,生物資產當期公允價值減出售成本之變動利益（損失）,,--,sii,https://mopsov.twse.com.tw/mops/web/ajax_t163sb04
上游,晶圓代工與先進封裝,2330,台積電,2025,1,income_statement,營業毛利（毛損）,493395076,"493,395,076",sii,https://mopsov.twse.com.tw/mops/web/ajax_t163sb04
上游,晶圓代工與先進封裝,2330,台積電,2025,1,income_statement,未實現銷貨（損）益,,--,sii,https://mopsov.twse.com.tw/mops/web/ajax_t163sb04
上游,晶圓代工與先進封裝,2330,台積電,2025,1,income_statement,已實現銷貨（損）益,,--,sii,https://mopsov.twse.com.tw/mops/web/ajax_t163sb04
上游,晶圓代工與先進封裝,2330,台積電,2025,1,income_statement,營業毛利（毛損）淨額,493395076,"493,395,076",sii,https://mopsov.twse.com.tw/mops/web/ajax_t163sb04
上游,晶圓代工與先進封裝,2330,台積電,2025,1,income_statement,營業費用,85186056,"85,186,056",sii,https://mopsov.twse.com.tw/mops/web/ajax_t163sb04
上游,晶圓代工與先進封裝,2330,台積電,2025,1,income_statement,其他收益及費損淨額,-1128212,"-1,128,212",sii,https://mopsov.twse.com.tw/mops/web/ajax_t163sb04
上游,晶圓代工與先進封裝,2330,台積電,2025,1,income_statement,營業利益（損失）,407080808,"407,080,808",sii,https://mopsov.twse.com.tw/mops/web/ajax_t163sb04
上游,晶圓代工與先進封裝,2330,台積電,2025,1,income_statement,營業外收入及支出,23814604,"23,814,604",sii,https://mopsov.twse.com.tw/mops/web/ajax_t163sb04
上游,晶圓代工與先進封裝,2330,台積電,2025,1,income_statement,稅前淨利（淨損）,430895412,"430,895,412",sii,https://mopsov.twse.com.tw/mops/web/ajax_t163sb04
上游,晶圓代工與先進封裝,2330,台積電,2025,1,income_statement,所得稅費用（利益）,70162751,"70,162,751",sii,https://mopsov.twse.com.tw/mops/web/ajax_t163sb04
上游,晶圓代工與先進封裝,2330,台積電,2025,1,income_statement,繼續營業單位本期淨利（淨損）,360732661,"360,732,661",sii,https://mopsov.twse.com.tw/mops/web/ajax_t163sb04
上游,晶圓代工與先進封裝,2330,台積電,2025,1,income_statement,停業單位損益,,--,sii,https://mopsov.twse.com.tw/mops/web/ajax_t163sb04
上游,晶圓代工與先進封裝,2330,台積電,2025,1,income_statement,合併前非屬共同控制股權損益,,--,sii,https://mopsov.twse.com.tw/mops/web/ajax_t163sb04
上游,晶圓代工與先進封裝,2330,台積電,2025,1,income_statement,本期淨利（淨損）,360732661,"360,732,661",sii,https://mopsov.twse.com.tw/mops/web/ajax_t163sb04
上游,晶圓代工與先進封裝,2330,台積電,2025,1,income_statement,其他綜合損益（淨額）,31896928,"31,896,928",sii,https://mopsov.twse.com.tw/mops/web/ajax_t163sb04
上游,晶圓代工與先進封裝,2330,台積電,2025,1,income_statement,合併前非屬共同控制股權綜合損益淨額,,--,sii,https://mopsov.twse.com.tw/mops/web/ajax_t163sb04
上游,晶圓代工與先進封裝,2330,台積電,2025,1,income_statement,本期綜合損益總額,392629589,"392,629,589",sii,https://mopsov.twse.com.tw/mops/web/ajax_t163sb04
上游,晶圓代工與先進封裝,2330,台積電,2025,1,income_statement,淨利（淨損）歸屬於母公司業主,361564128,"361,564,128",sii,https://mopsov.twse.com.tw/mops/web/ajax_t163sb04
上游,晶圓代工與先進封裝,2330,台積電,2025,1,income_statement,淨利（淨損）歸屬於共同控制下前手權益,,--,sii,https://mopsov.twse.com.tw/mops/web/ajax_t163sb04
上游,晶圓代工與先進封裝,2330,台積電,2025,1,income_statement,淨利（淨損）歸屬於非控制權益,-831467,"-831,467",sii,https://mopsov.twse.com.tw/mops/web/ajax_t163sb04
上游,晶圓代工與先進封裝,2330,台積電,2025,1,income_statement,綜合損益總額歸屬於母公司業主,391813092,"391,813,092",sii,https://mopsov.twse.com.tw/mops/web/ajax_t163sb04
上游,晶圓代工與先進封裝,2330,台積電,2025,1,income_statement,綜合損益總額歸屬於共同控制下前手權益,,--,sii,https://mopsov.twse.com.tw/mops/web/ajax_t163sb04
上游,晶圓代工與先進封裝,2330,台積電,2025,1,income_statement,綜合損益總額歸屬於非控制權益,816497,"816,497",sii,https://mopsov.twse.com.tw/mops/web/ajax_t163sb04
上游,晶圓代工與先進封裝,2330,台積電,2025,1,income_statement,基本每股盈餘（元）,13.95,13.95,sii,https://mopsov.twse.com.tw/mops/web/ajax_t163sb04
上游,晶圓代工與先進封裝,2330,台積電,2025,1,balance_sheet,流動資產,3345663882,"3,345,663,882",sii,https://mopsov.twse.com.tw/mops/web/ajax_t163sb05
上游,晶圓代工與先進封裝,2330,台積電,2025,1,balance_sheet,非流動資產,3787623538,"3,787,623,538",sii,https://mopsov.twse.com.tw/mops/web/ajax_t163sb05
上游,晶圓代工與先進封裝,2330,台積電,2025,1,balance_sheet,資產總計,7133287420,"7,133,287,420",sii,https://mopsov.twse.com.tw/mops/web/ajax_t163sb05
上游,晶圓代工與先進封裝,2330,台積電,2025,1,balance_sheet,流動負債,1399802998,"1,399,802,998",sii,https://mopsov.twse.com.tw/mops/web/ajax_t163sb05
上游,晶圓代工與先進封裝,2330,台積電,2025,1,balance_sheet,非流動負債,1131859965,"1,131,859,965",sii,https://mopsov.twse.com.tw/mops/web/ajax_t163sb05
上游,晶圓代工與先進封裝,2330,台積電,2025,1,balance_sheet,負債總計,2531662963,"2,531,662,963",sii,https://mopsov.twse.com.tw/mops/web/ajax_t163sb05
上游,晶圓代工與先進封裝,2330,台積電,2025,1,balance_sheet,股本,259326155,"259,326,155",sii,https://mopsov.twse.com.tw/mops/web/ajax_t163sb05
上游,晶圓代工與先進封裝,2330,台積電,2025,1,balance_sheet,權益─具證券性質之虛擬通貨,,--,sii,https://mopsov.twse.com.tw/mops/web/ajax_t163sb05
上游,晶圓代工與先進封裝,2330,台積電,2025,1,balance_sheet,資本公積,73307187,"73,307,187",sii,https://mopsov.twse.com.tw/mops/web/ajax_t163sb05
上游,晶圓代工與先進封裝,2330,台積電,2025,1,balance_sheet,保留盈餘,4162277269,"4,162,277,269",sii,https://mopsov.twse.com.tw/mops/web/ajax_t163sb05
上游,晶圓代工與先進封裝,2330,台積電,2025,1,balance_sheet,其他權益,69251969,"69,251,969",sii,https://mopsov.twse.com.tw/mops/web/ajax_t163sb05
上游,晶圓代工與先進封裝,2330,台積電,2025,1,balance_sheet,庫藏股票,,--,sii,https://mopsov.twse.com.tw/mops/web/ajax_t163sb05
上游,晶圓代工與先進封裝,2330,台積電,2025,1,balance_sheet,歸屬於母公司業主之權益合計,4564162580,"4,564,162,580",sii,https://mopsov.twse.com.tw/mops/web/ajax_t163sb05
上游,晶圓代工與先進封裝,2330,台積電,2025,1,balance_sheet,共同控制下前手權益,,--,sii,https://mopsov.twse.com.tw/mops/web/ajax_t163sb05
上游,晶圓代工與先進封裝,2330,台積電,2025,1,balance_sheet,合併前非屬共同控制股權,,--,sii,https://mopsov.twse.com.tw/mops/web/ajax_t163sb05
上游,晶圓代工與先進封裝,2330,台積電,2025,1,balance_sheet,非控制權益,37461877,"37,461,877",sii,https://mopsov.twse.com.tw/mops/web/ajax_t163sb05
上游,晶圓代工與先進封裝,2330,台積電,2025,1,balance_sheet,權益總計,4601624457,"4,601,624,457",sii,https://mopsov.twse.com.tw/mops/web/ajax_t163sb05
上游,晶圓代工與先進封裝,2330,台積電,2025,1,balance_sheet,待註銷股本股數（單位：股）,117721,"117,721",sii,https://mopsov.twse.com.tw/mops/web/ajax_t163sb05
上游,晶圓代工與先進封裝,2330,台積電,2025,1,balance_sheet,預收股款（權益項下）之約當發行股數（單位：股）,0,0,sii,https://mopsov.twse.com.tw/mops/web/ajax_t163sb05
上游,晶圓代工與先進封裝,2330,台積電,2025,1,balance_sheet,母公司暨子公司所持有之母公司庫藏股股數（單位：股）,0,0,sii,https://mopsov.twse.com.tw/mops/web/ajax_t163sb05
上游,晶圓代工與先進封裝,2330,台積電,2025,1,balance_sheet,每股參考淨值,176.0,176.00,sii,https://mopsov.twse.com.tw/mops/web/ajax_t163sb05
上游,晶圓代工與先進封裝,2330,台積電,2025,1,cash_flow,營業活動之淨現金流入（流出）,625573672,"625,573,672",sii,https://mopsov.twse.com.tw/mops/web/ajax_t163sb20
上游,晶圓代工與先進封裝,2330,台積電,2025,1,cash_flow,投資活動之淨現金流入（流出）,-290192426,"-290,192,426",sii,https://mopsov.twse.com.tw/mops/web/ajax_t163sb20
上游,晶圓代工與先進封裝,2330,台積電,2025,1,cash_flow,籌資活動之淨現金流入（流出）,-84665592,"-84,665,592",sii,https://mopsov.twse.com.tw/mops/web/ajax_t163sb20
上游,晶圓代工與先進封裝,2330,台積電,2025,1,cash_flow,匯率變動對現金及約當現金之影響,16461553,"16,461,553",sii,https://mopsov.twse.com.tw/mops/web/ajax_t163sb20
上游,晶圓代工與先進封裝,2330,台積電,2025,1,cash_flow,本期現金及約當現金增加（減少）數,267177207,"267,177,207",sii,https://mopsov.twse.com.tw/mops/web/ajax_t163sb20
上游,晶圓代工與先進封裝,2330,台積電,2025,1,cash_flow,期初現金及約當現金餘額,2127627043,"2,127,627,043",sii,https://mopsov.twse.com.tw/mops/web/ajax_t163sb20
上游,晶圓代工與先進封裝,2330,台積電,2025,1,cash_flow,期末現金及約當現金餘額,2394804250,"2,394,804,250",sii,https://mopsov.twse.com.tw/mops/web/ajax_t163sb20
上游,晶圓代工與先進封裝,2330,台積電,2025,2,income_statement,營業收入,1773045533,"1,773,045,533",sii,https://mopsov.twse.com.tw/mops/web/ajax_t163sb04
上游,晶圓代工與先進封裝,2330,台積電,2025,2,income_statement,營業成本,732281219,"732,281,219",sii,https://mopsov.twse.com.tw/mops/web/ajax_t163sb04
上游,晶圓代工與先進封裝,2330,台積電,2025,2,income_statement,原始認列生物資產及農產品之利益（損失）,,--,sii,https://mopsov.twse.com.tw/mops/web/ajax_t163sb04
上游,晶圓代工與先進封裝,2330,台積電,2025,2,income_statement,生物資產當期公允價值減出售成本之變動利益（損失）,,--,sii,https://mopsov.twse.com.tw/mops/web/ajax_t163sb04
上游,晶圓代工與先進封裝,2330,台積電,2025,2,income_statement,營業毛利（毛損）,1040764314,"1,040,764,314",sii,https://mopsov.twse.com.tw/mops/web/ajax_t163sb04
上游,晶圓代工與先進封裝,2330,台積電,2025,2,income_statement,未實現銷貨（損）益,,--,sii,https://mopsov.twse.com.tw/mops/web/ajax_t163sb04
上游,晶圓代工與先進封裝,2330,台積電,2025,2,income_statement,已實現銷貨（損）益,,--,sii,https://mopsov.twse.com.tw/mops/web/ajax_t163sb04
上游,晶圓代工與先進封裝,2330,台積電,2025,2,income_statement,營業毛利（毛損）淨額,1040764314,"1,040,764,314",sii,https://mopsov.twse.com.tw/mops/web/ajax_t163sb04
上游,晶圓代工與先進封裝,2330,台積電,2025,2,income_statement,營業費用,169694395,"169,694,395",sii,https://mopsov.twse.com.tw/mops/web/ajax_t163sb04
上游,晶圓代工與先進封裝,2330,台積電,2025,2,income_statement,其他收益及費損淨額,-565473,"-565,473",sii,https://mopsov.twse.com.tw/mops/web/ajax_t163sb04
上游,晶圓代工與先進封裝,2330,台積電,2025,2,income_statement,營業利益（損失）,870504446,"870,504,446",sii,https://mopsov.twse.com.tw/mops/web/ajax_t163sb04
上游,晶圓代工與先進封裝,2330,台積電,2025,2,income_statement,營業外收入及支出,53426170,"53,426,170",sii,https://mopsov.twse.com.tw/mops/web/ajax_t163sb04
上游,晶圓代工與先進封裝,2330,台積電,2025,2,income_statement,稅前淨利（淨損）,923930616,"923,930,616",sii,https://mopsov.twse.com.tw/mops/web/ajax_t163sb04
上游,晶圓代工與先進封裝,2330,台積電,2025,2,income_statement,所得稅費用（利益）,165704531,"165,704,531",sii,https://mopsov.twse.com.tw/mops/web/ajax_t163sb04
上游,晶圓代工與先進封裝,2330,台積電,2025,2,income_statement,繼續營業單位本期淨利（淨損）,758226085,"758,226,085",sii,https://mopsov.twse.com.tw/mops/web/ajax_t163sb04
上游,晶圓代工與先進封裝,2330,台積電,2025,2,income_statement,停業單位損益,,--,sii,https://mopsov.twse.com.tw/mops/web/ajax_t163sb04
上游,晶圓代工與先進封裝,2330,台積電,2025,2,income_statement,合併前非屬共同控制股權損益,,--,sii,https://mopsov.twse.com.tw/mops/web/ajax_t163sb04
上游,晶圓代工與先進封裝,2330,台積電,2025,2,income_statement,本期淨利（淨損）,758226085,"758,226,085",sii,https://mopsov.twse.com.tw/mops/web/ajax_t163sb04
上游,晶圓代工與先進封裝,2330,台積電,2025,2,income_statement,其他綜合損益（淨額）,-222604953,"-222,604,953",sii,https://mopsov.twse.com.tw/mops/web/ajax_t163sb04
上游,晶圓代工與先進封裝,2330,台積電,2025,2,income_statement,合併前非屬共同控制股權綜合損益淨額,,--,sii,https://mopsov.twse.com.tw/mops/web/ajax_t163sb04
上游,晶圓代工與先進封裝,2330,台積電,2025,2,income_statement,本期綜合損益總額,535621132,"535,621,132",sii,https://mopsov.twse.com.tw/mops/web/ajax_t163sb04
上游,晶圓代工與先進封裝,2330,台積電,2025,2,income_statement,淨利（淨損）歸屬於母公司業主,759837230,"759,837,230",sii,https://mopsov.twse.com.tw/mops/web/ajax_t163sb04
上游,晶圓代工與先進封裝,2330,台積電,2025,2,income_statement,淨利（淨損）歸屬於共同控制下前手權益,,--,sii,https://mopsov.twse.com.tw/mops/web/ajax_t163sb04
上游,晶圓代工與先進封裝,2330,台積電,2025,2,income_statement,淨利（淨損）歸屬於非控制權益,-1611145,"-1,611,145",sii,https://mopsov.twse.com.tw/mops/web/ajax_t163sb04
上游,晶圓代工與先進封裝,2330,台積電,2025,2,income_statement,綜合損益總額歸屬於母公司業主,538015970,"538,015,970",sii,https://mopsov.twse.com.tw/mops/web/ajax_t163sb04
上游,晶圓代工與先進封裝,2330,台積電,2025,2,income_statement,綜合損益總額歸屬於共同控制下前手權益,,--,sii,https://mopsov.twse.com.tw/mops/web/ajax_t163sb04
上游,晶圓代工與先進封裝,2330,台積電,2025,2,income_statement,綜合損益總額歸屬於非控制權益,-2394838,"-2,394,838",sii,https://mopsov.twse.com.tw/mops/web/ajax_t163sb04
上游,晶圓代工與先進封裝,2330,台積電,2025,2,income_statement,基本每股盈餘（元）,29.31,29.31,sii,https://mopsov.twse.com.tw/mops/web/ajax_t163sb04
上游,晶圓代工與先進封裝,2330,台積電,2025,2,balance_sheet,流動資產,3264917475,"3,264,917,475",sii,https://mopsov.twse.com.tw/mops/web/ajax_t163sb05
上游,晶圓代工與先進封裝,2330,台積電,2025,2,balance_sheet,非流動資產,3741432074,"3,741,432,074",sii,https://mopsov.twse.com.tw/mops/web/ajax_t163sb05
上游,晶圓代工與先進封裝,2330,台積電,2025,2,balance_sheet,資產總計,7006349549,"7,006,349,549",sii,https://mopsov.twse.com.tw/mops/web/ajax_t163sb05
上游,晶圓代工與先進封裝,2330,台積電,2025,2,balance_sheet,流動負債,1377314334,"1,377,314,334",sii,https://mopsov.twse.com.tw/mops/web/ajax_t163sb05
上游,晶圓代工與先進封裝,2330,台積電,2025,2,balance_sheet,非流動負債,1012403365,"1,012,403,365",sii,https://mopsov.twse.com.tw/mops/web/ajax_t163sb05
上游,晶圓代工與先進封裝,2330,台積電,2025,2,balance_sheet,負債總計,2389717699,"2,389,717,699",sii,https://mopsov.twse.com.tw/mops/web/ajax_t163sb05
上游,晶圓代工與先進封裝,2330,台積電,2025,2,balance_sheet,股本,259326155,"259,326,155",sii,https://mopsov.twse.com.tw/mops/web/ajax_t163sb05
上游,晶圓代工與先進封裝,2330,台積電,2025,2,balance_sheet,權益─具證券性質之虛擬通貨,,--,sii,https://mopsov.twse.com.tw/mops/web/ajax_t163sb05
上游,晶圓代工與先進封裝,2330,台積電,2025,2,balance_sheet,資本公積,73326265,"73,326,265",sii,https://mopsov.twse.com.tw/mops/web/ajax_t163sb05
上游,晶圓代工與先進封裝,2330,台積電,2025,2,balance_sheet,保留盈餘,4430887293,"4,430,887,293",sii,https://mopsov.twse.com.tw/mops/web/ajax_t163sb05
上游,晶圓代工與先進封裝,2330,台積電,2025,2,balance_sheet,其他權益,-182465738,"-182,465,738",sii,https://mopsov.twse.com.tw/mops/web/ajax_t163sb05
上游,晶圓代工與先進封裝,2330,台積電,2025,2,balance_sheet,庫藏股票,0,0,sii,https://mopsov.twse.com.tw/mops/web/ajax_t163sb05
上游,晶圓代工與先進封裝,2330,台積電,2025,2,balance_sheet,歸屬於母公司業主之權益合計,4581073975,"4,581,073,975",sii,https://mopsov.twse.com.tw/mops/web/ajax_t163sb05
上游,晶圓代工與先進封裝,2330,台積電,2025,2,balance_sheet,共同控制下前手權益,,--,sii,https://mopsov.twse.com.tw/mops/web/ajax_t163sb05
上游,晶圓代工與先進封裝,2330,台積電,2025,2,balance_sheet,合併前非屬共同控制股權,,--,sii,https://mopsov.twse.com.tw/mops/web/ajax_t163sb05
上游,晶圓代工與先進封裝,2330,台積電,2025,2,balance_sheet,非控制權益,35557875,"35,557,875",sii,https://mopsov.twse.com.tw/mops/web/ajax_t163sb05
上游,晶圓代工與先進封裝,2330,台積電,2025,2,balance_sheet,權益總計,4616631850,"4,616,631,850",sii,https://mopsov.twse.com.tw/mops/web/ajax_t163sb05
上游,晶圓代工與先進封裝,2330,台積電,2025,2,balance_sheet,待註銷股本股數（單位：股）,,--,sii,https://mopsov.twse.com.tw/mops/web/ajax_t163sb05
上游,晶圓代工與先進封裝,2330,台積電,2025,2,balance_sheet,預收股款（權益項下）之約當發行股數（單位：股）,0,0,sii,https://mopsov.twse.com.tw/mops/web/ajax_t163sb05
上游,晶圓代工與先進封裝,2330,台積電,2025,2,balance_sheet,母公司暨子公司所持有之母公司庫藏股股數（單位：股）,0,0,sii,https://mopsov.twse.com.tw/mops/web/ajax_t163sb05
上游,晶圓代工與先進封裝,2330,台積電,2025,2,balance_sheet,每股參考淨值,176.65,176.65,sii,https://mopsov.twse.com.tw/mops/web/ajax_t163sb05
上游,晶圓代工與先進封裝,2330,台積電,2025,2,cash_flow,營業活動之淨現金流入（流出）,1122637757,"1,122,637,757",sii,https://mopsov.twse.com.tw/mops/web/ajax_t163sb20
上游,晶圓代工與先進封裝,2330,台積電,2025,2,cash_flow,投資活動之淨現金流入（流出）,-518680733,"-518,680,733",sii,https://mopsov.twse.com.tw/mops/web/ajax_t163sb20
上游,晶圓代工與先進封裝,2330,台積電,2025,2,cash_flow,籌資活動之淨現金流入（流出）,-204366193,"-204,366,193",sii,https://mopsov.twse.com.tw/mops/web/ajax_t163sb20
上游,晶圓代工與先進封裝,2330,台積電,2025,2,cash_flow,匯率變動對現金及約當現金之影響,-162693534,"-162,693,534",sii,https://mopsov.twse.com.tw/mops/web/ajax_t163sb20
上游,晶圓代工與先進封裝,2330,台積電,2025,2,cash_flow,本期現金及約當現金增加（減少）數,236897297,"236,897,297",sii,https://mopsov.twse.com.tw/mops/web/ajax_t163sb20
上游,晶圓代工與先進封裝,2330,台積電,2025,2,cash_flow,期初現金及約當現金餘額,2127627043,"2,127,627,043",sii,https://mopsov.twse.com.tw/mops/web/ajax_t163sb20
上游,晶圓代工與先進封裝,2330,台積電,2025,2,cash_flow,期末現金及約當現金餘額,2364524340,"2,364,524,340",sii,https://mopsov.twse.com.tw/mops/web/ajax_t163sb20
上游,晶圓代工與先進封裝,2330,台積電,2025,3,income_statement,營業收入,2762963851,"2,762,963,851",sii,https://mopsov.twse.com.tw/mops/web/ajax_t163sb04
上游,晶圓代工與先進封裝,2330,台積電,2025,3,income_statement,營業成本,1133656708,"1,133,656,708",sii,https://mopsov.twse.com.tw/mops/web/ajax_t163sb04
上游,晶圓代工與先進封裝,2330,台積電,2025,3,income_statement,原始認列生物資產及農產品之利益（損失）,,--,sii,https://mopsov.twse.com.tw/mops/web/ajax_t163sb04
上游,晶圓代工與先進封裝,2330,台積電,2025,3,income_statement,生物資產當期公允價值減出售成本之變動利益（損失）,,--,sii,https://mopsov.twse.com.tw/mops/web/ajax_t163sb04
上游,晶圓代工與先進封裝,2330,台積電,2025,3,income_statement,營業毛利（毛損）,1629307143,"1,629,307,143",sii,https://mopsov.twse.com.tw/mops/web/ajax_t163sb04
上游,晶圓代工與先進封裝,2330,台積電,2025,3,income_statement,未實現銷貨（損）益,,--,sii,https://mopsov.twse.com.tw/mops/web/ajax_t163sb04
上游,晶圓代工與先進封裝,2330,台積電,2025,3,income_statement,已實現銷貨（損）益,,--,sii,https://mopsov.twse.com.tw/mops/web/ajax_t163sb04
上游,晶圓代工與先進封裝,2330,台積電,2025,3,income_statement,營業毛利（毛損）淨額,1629307143,"1,629,307,143",sii,https://mopsov.twse.com.tw/mops/web/ajax_t163sb04
上游,晶圓代工與先進封裝,2330,台積電,2025,3,income_statement,營業費用,257458840,"257,458,840",sii,https://mopsov.twse.com.tw/mops/web/ajax_t163sb04
上游,晶圓代工與先進封裝,2330,台積電,2025,3,income_statement,其他收益及費損淨額,-659039,"-659,039",sii,https://mopsov.twse.com.tw/mops/web/ajax_t163sb04
上游,晶圓代工與先進封裝,2330,台積電,2025,3,income_statement,營業利益（損失）,1371189264,"1,371,189,264",sii,https://mopsov.twse.com.tw/mops/web/ajax_t163sb04
上游,晶圓代工與先進封裝,2330,台積電,2025,3,income_statement,營業外收入及支出,78110375,"78,110,375",sii,https://mopsov.twse.com.tw/mops/web/ajax_t163sb04
上游,晶圓代工與先進封裝,2330,台積電,2025,3,income_statement,稅前淨利（淨損）,1449299639,"1,449,299,639",sii,https://mopsov.twse.com.tw/mops/web/ajax_t163sb04
上游,晶圓代工與先進封裝,2330,台積電,2025,3,income_statement,所得稅費用（利益）,239318192,"239,318,192",sii,https://mopsov.twse.com.tw/mops/web/ajax_t163sb04
上游,晶圓代工與先進封裝,2330,台積電,2025,3,income_statement,繼續營業單位本期淨利（淨損）,1209981447,"1,209,981,447",sii,https://mopsov.twse.com.tw/mops/web/ajax_t163sb04
上游,晶圓代工與先進封裝,2330,台積電,2025,3,income_statement,停業單位損益,,--,sii,https://mopsov.twse.com.tw/mops/web/ajax_t163sb04
上游,晶圓代工與先進封裝,2330,台積電,2025,3,income_statement,合併前非屬共同控制股權損益,,--,sii,https://mopsov.twse.com.tw/mops/web/ajax_t163sb04
上游,晶圓代工與先進封裝,2330,台積電,2025,3,income_statement,本期淨利（淨損）,1209981447,"1,209,981,447",sii,https://mopsov.twse.com.tw/mops/web/ajax_t163sb04
上游,晶圓代工與先進封裝,2330,台積電,2025,3,income_statement,其他綜合損益（淨額）,-127403017,"-127,403,017",sii,https://mopsov.twse.com.tw/mops/web/ajax_t163sb04
上游,晶圓代工與先進封裝,2330,台積電,2025,3,income_statement,合併前非屬共同控制股權綜合損益淨額,,--,sii,https://mopsov.twse.com.tw/mops/web/ajax_t163sb04
上游,晶圓代工與先進封裝,2330,台積電,2025,3,income_statement,本期綜合損益總額,1082578430,"1,082,578,430",sii,https://mopsov.twse.com.tw/mops/web/ajax_t163sb04
上游,晶圓代工與先進封裝,2330,台積電,2025,3,income_statement,淨利（淨損）歸屬於母公司業主,1212138637,"1,212,138,637",sii,https://mopsov.twse.com.tw/mops/web/ajax_t163sb04
上游,晶圓代工與先進封裝,2330,台積電,2025,3,income_statement,淨利（淨損）歸屬於共同控制下前手權益,,--,sii,https://mopsov.twse.com.tw/mops/web/ajax_t163sb04
上游,晶圓代工與先進封裝,2330,台積電,2025,3,income_statement,淨利（淨損）歸屬於非控制權益,-2157190,"-2,157,190",sii,https://mopsov.twse.com.tw/mops/web/ajax_t163sb04
上游,晶圓代工與先進封裝,2330,台積電,2025,3,income_statement,綜合損益總額歸屬於母公司業主,1084587960,"1,084,587,960",sii,https://mopsov.twse.com.tw/mops/web/ajax_t163sb04
上游,晶圓代工與先進封裝,2330,台積電,2025,3,income_statement,綜合損益總額歸屬於共同控制下前手權益,,--,sii,https://mopsov.twse.com.tw/mops/web/ajax_t163sb04
上游,晶圓代工與先進封裝,2330,台積電,2025,3,income_statement,綜合損益總額歸屬於非控制權益,-2009530,"-2,009,530",sii,https://mopsov.twse.com.tw/mops/web/ajax_t163sb04
上游,晶圓代工與先進封裝,2330,台積電,2025,3,income_statement,基本每股盈餘（元）,46.75,46.75,sii,https://mopsov.twse.com.tw/mops/web/ajax_t163sb04
上游,晶圓代工與先進封裝,2330,台積電,2025,3,balance_sheet,流動資產,3436015312,"3,436,015,312",sii,https://mopsov.twse.com.tw/mops/web/ajax_t163sb05
上游,晶圓代工與先進封裝,2330,台積電,2025,3,balance_sheet,非流動資產,3918091764,"3,918,091,764",sii,https://mopsov.twse.com.tw/mops/web/ajax_t163sb05
上游,晶圓代工與先進封裝,2330,台積電,2025,3,balance_sheet,資產總計,7354107076,"7,354,107,076",sii,https://mopsov.twse.com.tw/mops/web/ajax_t163sb05
上游,晶圓代工與先進封裝,2330,台積電,2025,3,balance_sheet,流動負債,1275906624,"1,275,906,624",sii,https://mopsov.twse.com.tw/mops/web/ajax_t163sb05
上游,晶圓代工與先進封裝,2330,台積電,2025,3,balance_sheet,非流動負債,1042622650,"1,042,622,650",sii,https://mopsov.twse.com.tw/mops/web/ajax_t163sb05
上游,晶圓代工與先進封裝,2330,台積電,2025,3,balance_sheet,負債總計,2318529274,"2,318,529,274",sii,https://mopsov.twse.com.tw/mops/web/ajax_t163sb05
上游,晶圓代工與先進封裝,2330,台積電,2025,3,balance_sheet,股本,259325245,"259,325,245",sii,https://mopsov.twse.com.tw/mops/web/ajax_t163sb05
上游,晶圓代工與先進封裝,2330,台積電,2025,3,balance_sheet,權益─具證券性質之虛擬通貨,,--,sii,https://mopsov.twse.com.tw/mops/web/ajax_t163sb05
上游,晶圓代工與先進封裝,2330,台積電,2025,3,balance_sheet,資本公積,73361113,"73,361,113",sii,https://mopsov.twse.com.tw/mops/web/ajax_t163sb05
上游,晶圓代工與先進封裝,2330,台積電,2025,3,balance_sheet,保留盈餘,4753530544,"4,753,530,544",sii,https://mopsov.twse.com.tw/mops/web/ajax_t163sb05
上游,晶圓代工與先進封裝,2330,台積電,2025,3,balance_sheet,其他權益,-87909930,"-87,909,930",sii,https://mopsov.twse.com.tw/mops/web/ajax_t163sb05
上游,晶圓代工與先進封裝,2330,台積電,2025,3,balance_sheet,庫藏股票,0,0,sii,https://mopsov.twse.com.tw/mops/web/ajax_t163sb05
上游,晶圓代工與先進封裝,2330,台積電,2025,3,balance_sheet,歸屬於母公司業主之權益合計,4998306972,"4,998,306,972",sii,https://mopsov.twse.com.tw/mops/web/ajax_t163sb05
上游,晶圓代工與先進封裝,2330,台積電,2025,3,balance_sheet,共同控制下前手權益,,--,sii,https://mopsov.twse.com.tw/mops/web/ajax_t163sb05
上游,晶圓代工與先進封裝,2330,台積電,2025,3,balance_sheet,合併前非屬共同控制股權,,--,sii,https://mopsov.twse.com.tw/mops/web/ajax_t163sb05
上游,晶圓代工與先進封裝,2330,台積電,2025,3,balance_sheet,非控制權益,37270830,"37,270,830",sii,https://mopsov.twse.com.tw/mops/web/ajax_t163sb05
上游,晶圓代工與先進封裝,2330,台積電,2025,3,balance_sheet,權益總計,5035577802,"5,035,577,802",sii,https://mopsov.twse.com.tw/mops/web/ajax_t163sb05
上游,晶圓代工與先進封裝,2330,台積電,2025,3,balance_sheet,待註銷股本股數（單位：股）,,--,sii,https://mopsov.twse.com.tw/mops/web/ajax_t163sb05
上游,晶圓代工與先進封裝,2330,台積電,2025,3,balance_sheet,預收股款（權益項下）之約當發行股數（單位：股）,0,0,sii,https://mopsov.twse.com.tw/mops/web/ajax_t163sb05
上游,晶圓代工與先進封裝,2330,台積電,2025,3,balance_sheet,母公司暨子公司所持有之母公司庫藏股股數（單位：股）,0,0,sii,https://mopsov.twse.com.tw/mops/web/ajax_t163sb05
上游,晶圓代工與先進封裝,2330,台積電,2025,3,balance_sheet,每股參考淨值,192.74,192.74,sii,https://mopsov.twse.com.tw/mops/web/ajax_t163sb05
上游,晶圓代工與先進封裝,2330,台積電,2025,3,cash_flow,營業活動之淨現金流入（流出）,1549466838,"1,549,466,838",sii,https://mopsov.twse.com.tw/mops/web/ajax_t163sb20
上游,晶圓代工與先進封裝,2330,台積電,2025,3,cash_flow,投資活動之淨現金流入（流出）,-778433350,"-778,433,350",sii,https://mopsov.twse.com.tw/mops/web/ajax_t163sb20
上游,晶圓代工與先進封裝,2330,台積電,2025,3,cash_flow,籌資活動之淨現金流入（流出）,-332659319,"-332,659,319",sii,https://mopsov.twse.com.tw/mops/web/ajax_t163sb20
上游,晶圓代工與先進封裝,2330,台積電,2025,3,cash_flow,匯率變動對現金及約當現金之影響,-95241828,"-95,241,828",sii,https://mopsov.twse.com.tw/mops/web/ajax_t163sb20
上游,晶圓代工與先進封裝,2330,台積電,2025,3,cash_flow,本期現金及約當現金增加（減少）數,343132341,"343,132,341",sii,https://mopsov.twse.com.tw/mops/web/ajax_t163sb20
上游,晶圓代工與先進封裝,2330,台積電,2025,3,cash_flow,期初現金及約當現金餘額,2127627043,"2,127,627,043",sii,https://mopsov.twse.com.tw/mops/web/ajax_t163sb20
上游,晶圓代工與先進封裝,2330,台積電,2025,3,cash_flow,期末現金及約當現金餘額,2470759384,"2,470,759,384",sii,https://mopsov.twse.com.tw/mops/web/ajax_t163sb20
上游,晶圓代工與先進封裝,2330,台積電,2025,4,income_statement,營業收入,3809054272,"3,809,054,272",sii,https://mopsov.twse.com.tw/mops/web/ajax_t163sb04
上游,晶圓代工與先進封裝,2330,台積電,2025,4,income_statement,營業成本,1527760293,"1,527,760,293",sii,https://mopsov.twse.com.tw/mops/web/ajax_t163sb04
上游,晶圓代工與先進封裝,2330,台積電,2025,4,income_statement,原始認列生物資產及農產品之利益（損失）,,--,sii,https://mopsov.twse.com.tw/mops/web/ajax_t163sb04
上游,晶圓代工與先進封裝,2330,台積電,2025,4,income_statement,生物資產當期公允價值減出售成本之變動利益（損失）,,--,sii,https://mopsov.twse.com.tw/mops/web/ajax_t163sb04
上游,晶圓代工與先進封裝,2330,台積電,2025,4,income_statement,營業毛利（毛損）,2281293979,"2,281,293,979",sii,https://mopsov.twse.com.tw/mops/web/ajax_t163sb04
上游,晶圓代工與先進封裝,2330,台積電,2025,4,income_statement,未實現銷貨（損）益,,--,sii,https://mopsov.twse.com.tw/mops/web/ajax_t163sb04
上游,晶圓代工與先進封裝,2330,台積電,2025,4,income_statement,已實現銷貨（損）益,,--,sii,https://mopsov.twse.com.tw/mops/web/ajax_t163sb04
上游,晶圓代工與先進封裝,2330,台積電,2025,4,income_statement,營業毛利（毛損）淨額,2281293979,"2,281,293,979",sii,https://mopsov.twse.com.tw/mops/web/ajax_t163sb04
上游,晶圓代工與先進封裝,2330,台積電,2025,4,income_statement,營業費用,345649630,"345,649,630",sii,https://mopsov.twse.com.tw/mops/web/ajax_t163sb04
上游,晶圓代工與先進封裝,2330,台積電,2025,4,income_statement,其他收益及費損淨額,447328,"447,328",sii,https://mopsov.twse.com.tw/mops/web/ajax_t163sb04
上游,晶圓代工與先進封裝,2330,台積電,2025,4,income_statement,營業利益（損失）,1936091677,"1,936,091,677",sii,https://mopsov.twse.com.tw/mops/web/ajax_t163sb04
上游,晶圓代工與先進封裝,2330,台積電,2025,4,income_statement,營業外收入及支出,105571163,"105,571,163",sii,https://mopsov.twse.com.tw/mops/web/ajax_t163sb04
上游,晶圓代工與先進封裝,2330,台積電,2025,4,income_statement,稅前淨利（淨損）,2041662840,"2,041,662,840",sii,https://mopsov.twse.com.tw/mops/web/ajax_t163sb04
上游,晶圓代工與先進封裝,2330,台積電,2025,4,income_statement,所得稅費用（利益）,326266060,"326,266,060",sii,https://mopsov.twse.com.tw/mops/web/ajax_t163sb04
上游,晶圓代工與先進封裝,2330,台積電,2025,4,income_statement,繼續營業單位本期淨利（淨損）,1715396780,"1,715,396,780",sii,https://mopsov.twse.com.tw/mops/web/ajax_t163sb04
上游,晶圓代工與先進封裝,2330,台積電,2025,4,income_statement,停業單位損益,,--,sii,https://mopsov.twse.com.tw/mops/web/ajax_t163sb04
上游,晶圓代工與先進封裝,2330,台積電,2025,4,income_statement,合併前非屬共同控制股權損益,,--,sii,https://mopsov.twse.com.tw/mops/web/ajax_t163sb04
上游,晶圓代工與先進封裝,2330,台積電,2025,4,income_statement,本期淨利（淨損）,1715396780,"1,715,396,780",sii,https://mopsov.twse.com.tw/mops/web/ajax_t163sb04
上游,晶圓代工與先進封裝,2330,台積電,2025,4,income_statement,其他綜合損益（淨額）,-56326519,"-56,326,519",sii,https://mopsov.twse.com.tw/mops/web/ajax_t163sb04
上游,晶圓代工與先進封裝,2330,台積電,2025,4,income_statement,合併前非屬共同控制股權綜合損益淨額,,--,sii,https://mopsov.twse.com.tw/mops/web/ajax_t163sb04
上游,晶圓代工與先進封裝,2330,台積電,2025,4,income_statement,本期綜合損益總額,1659070261,"1,659,070,261",sii,https://mopsov.twse.com.tw/mops/web/ajax_t163sb04
上游,晶圓代工與先進封裝,2330,台積電,2025,4,income_statement,淨利（淨損）歸屬於母公司業主,1717882627,"1,717,882,627",sii,https://mopsov.twse.com.tw/mops/web/ajax_t163sb04
上游,晶圓代工與先進封裝,2330,台積電,2025,4,income_statement,淨利（淨損）歸屬於共同控制下前手權益,,--,sii,https://mopsov.twse.com.tw/mops/web/ajax_t163sb04
上游,晶圓代工與先進封裝,2330,台積電,2025,4,income_statement,淨利（淨損）歸屬於非控制權益,-2485847,"-2,485,847",sii,https://mopsov.twse.com.tw/mops/web/ajax_t163sb04
上游,晶圓代工與先進封裝,2330,台積電,2025,4,income_statement,綜合損益總額歸屬於母公司業主,1661253891,"1,661,253,891",sii,https://mopsov.twse.com.tw/mops/web/ajax_t163sb04
上游,晶圓代工與先進封裝,2330,台積電,2025,4,income_statement,綜合損益總額歸屬於共同控制下前手權益,,--,sii,https://mopsov.twse.com.tw/mops/web/ajax_t163sb04
上游,晶圓代工與先進封裝,2330,台積電,2025,4,income_statement,綜合損益總額歸屬於非控制權益,-2183630,"-2,183,630",sii,https://mopsov.twse.com.tw/mops/web/ajax_t163sb04
上游,晶圓代工與先進封裝,2330,台積電,2025,4,income_statement,基本每股盈餘（元）,66.26,66.26,sii,https://mopsov.twse.com.tw/mops/web/ajax_t163sb04
上游,晶圓代工與先進封裝,2330,台積電,2025,4,balance_sheet,流動資產,3817130817,"3,817,130,817",sii,https://mopsov.twse.com.tw/mops/web/ajax_t163sb05
上游,晶圓代工與先進封裝,2330,台積電,2025,4,balance_sheet,非流動資產,4115893061,"4,115,893,061",sii,https://mopsov.twse.com.tw/mops/web/ajax_t163sb05
上游,晶圓代工與先進封裝,2330,台積電,2025,4,balance_sheet,資產總計,7933023878,"7,933,023,878",sii,https://mopsov.twse.com.tw/mops/web/ajax_t163sb05
上游,晶圓代工與先進封裝,2330,台積電,2025,4,balance_sheet,流動負債,1458019289,"1,458,019,289",sii,https://mopsov.twse.com.tw/mops/web/ajax_t163sb05
上游,晶圓代工與先進封裝,2330,台積電,2025,4,balance_sheet,非流動負債,1014209306,"1,014,209,306",sii,https://mopsov.twse.com.tw/mops/web/ajax_t163sb05
上游,晶圓代工與先進封裝,2330,台積電,2025,4,balance_sheet,負債總計,2472228595,"2,472,228,595",sii,https://mopsov.twse.com.tw/mops/web/ajax_t163sb05
上游,晶圓代工與先進封裝,2330,台積電,2025,4,balance_sheet,股本,259325245,"259,325,245",sii,https://mopsov.twse.com.tw/mops/web/ajax_t163sb05
上游,晶圓代工與先進封裝,2330,台積電,2025,4,balance_sheet,權益─具證券性質之虛擬通貨,,--,sii,https://mopsov.twse.com.tw/mops/web/ajax_t163sb05
上游,晶圓代工與先進封裝,2330,台積電,2025,4,balance_sheet,資本公積,73445601,"73,445,601",sii,https://mopsov.twse.com.tw/mops/web/ajax_t163sb05
上游,晶圓代工與先進封裝,2330,台積電,2025,4,balance_sheet,保留盈餘,5103501560,"5,103,501,560",sii,https://mopsov.twse.com.tw/mops/web/ajax_t163sb05
上游,晶圓代工與先進封裝,2330,台積電,2025,4,balance_sheet,其他權益,-16676412,"-16,676,412",sii,https://mopsov.twse.com.tw/mops/web/ajax_t163sb05
上游,晶圓代工與先進封裝,2330,台積電,2025,4,balance_sheet,庫藏股票,0,0,sii,https://mopsov.twse.com.tw/mops/web/ajax_t163sb05
上游,晶圓代工與先進封裝,2330,台積電,2025,4,balance_sheet,歸屬於母公司業主之權益合計,5419595994,"5,419,595,994",sii,https://mopsov.twse.com.tw/mops/web/ajax_t163sb05
上游,晶圓代工與先進封裝,2330,台積電,2025,4,balance_sheet,共同控制下前手權益,,--,sii,https://mopsov.twse.com.tw/mops/web/ajax_t163sb05
上游,晶圓代工與先進封裝,2330,台積電,2025,4,balance_sheet,合併前非屬共同控制股權,,--,sii,https://mopsov.twse.com.tw/mops/web/ajax_t163sb05
上游,晶圓代工與先進封裝,2330,台積電,2025,4,balance_sheet,非控制權益,41199289,"41,199,289",sii,https://mopsov.twse.com.tw/mops/web/ajax_t163sb05
上游,晶圓代工與先進封裝,2330,台積電,2025,4,balance_sheet,權益總計,5460795283,"5,460,795,283",sii,https://mopsov.twse.com.tw/mops/web/ajax_t163sb05
上游,晶圓代工與先進封裝,2330,台積電,2025,4,balance_sheet,待註銷股本股數（單位：股）,,--,sii,https://mopsov.twse.com.tw/mops/web/ajax_t163sb05
上游,晶圓代工與先進封裝,2330,台積電,2025,4,balance_sheet,預收股款（權益項下）之約當發行股數（單位：股）,0,0,sii,https://mopsov.twse.com.tw/mops/web/ajax_t163sb05
上游,晶圓代工與先進封裝,2330,台積電,2025,4,balance_sheet,母公司暨子公司所持有之母公司庫藏股股數（單位：股）,0,0,sii,https://mopsov.twse.com.tw/mops/web/ajax_t163sb05
上游,晶圓代工與先進封裝,2330,台積電,2025,4,balance_sheet,每股參考淨值,208.99,208.99,sii,https://mopsov.twse.com.tw/mops/web/ajax_t163sb05
上游,晶圓代工與先進封裝,2330,台積電,2025,4,cash_flow,營業活動之淨現金流入（流出）,2274975625,"2,274,975,625",sii,https://mopsov.twse.com.tw/mops/web/ajax_t163sb20
上游,晶圓代工與先進封裝,2330,台積電,2025,4,cash_flow,投資活動之淨現金流入（流出）,-1144393407,"-1,144,393,407",sii,https://mopsov.twse.com.tw/mops/web/ajax_t163sb20
上游,晶圓代工與先進封裝,2330,台積電,2025,4,cash_flow,籌資活動之淨現金流入（流出）,-440344692,"-440,344,692",sii,https://mopsov.twse.com.tw/mops/web/ajax_t163sb20
上游,晶圓代工與先進封裝,2330,台積電,2025,4,cash_flow,匯率變動對現金及約當現金之影響,-50008167,"-50,008,167",sii,https://mopsov.twse.com.tw/mops/web/ajax_t163sb20
上游,晶圓代工與先進封裝,2330,台積電,2025,4,cash_flow,本期現金及約當現金增加（減少）數,640229359,"640,229,359",sii,https://mopsov.twse.com.tw/mops/web/ajax_t163sb20
上游,晶圓代工與先進封裝,2330,台積電,2025,4,cash_flow,期初現金及約當現金餘額,2127627043,"2,127,627,043",sii,https://mopsov.twse.com.tw/mops/web/ajax_t163sb20
上游,晶圓代工與先進封裝,2330,台積電,2025,4,cash_flow,期末現金及約當現金餘額,2767856402,"2,767,856,402",sii,https://mopsov.twse.com.tw/mops/web/ajax_t163sb20
上游,晶圓代工與先進封裝,2330,台積電,2026,1,income_statement,營業收入,1134103440,"1,134,103,440",sii,https://mopsov.twse.com.tw/mops/web/ajax_t163sb04
上游,晶圓代工與先進封裝,2330,台積電,2026,1,income_statement,營業成本,382808019,"382,808,019",sii,https://mopsov.twse.com.tw/mops/web/ajax_t163sb04
上游,晶圓代工與先進封裝,2330,台積電,2026,1,income_statement,原始認列生物資產及農產品之利益（損失）,,--,sii,https://mopsov.twse.com.tw/mops/web/ajax_t163sb04
上游,晶圓代工與先進封裝,2330,台積電,2026,1,income_statement,生物資產當期公允價值減出售成本之變動利益（損失）,,--,sii,https://mopsov.twse.com.tw/mops/web/ajax_t163sb04
上游,晶圓代工與先進封裝,2330,台積電,2026,1,income_statement,營業毛利（毛損）,751295421,"751,295,421",sii,https://mopsov.twse.com.tw/mops/web/ajax_t163sb04
上游,晶圓代工與先進封裝,2330,台積電,2026,1,income_statement,未實現銷貨（損）益,,--,sii,https://mopsov.twse.com.tw/mops/web/ajax_t163sb04
上游,晶圓代工與先進封裝,2330,台積電,2026,1,income_statement,已實現銷貨（損）益,,--,sii,https://mopsov.twse.com.tw/mops/web/ajax_t163sb04
上游,晶圓代工與先進封裝,2330,台積電,2026,1,income_statement,營業毛利（毛損）淨額,751295421,"751,295,421",sii,https://mopsov.twse.com.tw/mops/web/ajax_t163sb04
上游,晶圓代工與先進封裝,2330,台積電,2026,1,income_statement,營業費用,94005657,"94,005,657",sii,https://mopsov.twse.com.tw/mops/web/ajax_t163sb04
上游,晶圓代工與先進封裝,2330,台積電,2026,1,income_statement,其他收益及費損淨額,1676378,"1,676,378",sii,https://mopsov.twse.com.tw/mops/web/ajax_t163sb04
上游,晶圓代工與先進封裝,2330,台積電,2026,1,income_statement,營業利益（損失）,658966142,"658,966,142",sii,https://mopsov.twse.com.tw/mops/web/ajax_t163sb04
上游,晶圓代工與先進封裝,2330,台積電,2026,1,income_statement,營業外收入及支出,28833545,"28,833,545",sii,https://mopsov.twse.com.tw/mops/web/ajax_t163sb04
上游,晶圓代工與先進封裝,2330,台積電,2026,1,income_statement,稅前淨利（淨損）,687799687,"687,799,687",sii,https://mopsov.twse.com.tw/mops/web/ajax_t163sb04
上游,晶圓代工與先進封裝,2330,台積電,2026,1,income_statement,所得稅費用（利益）,114998383,"114,998,383",sii,https://mopsov.twse.com.tw/mops/web/ajax_t163sb04
上游,晶圓代工與先進封裝,2330,台積電,2026,1,income_statement,繼續營業單位本期淨利（淨損）,572801304,"572,801,304",sii,https://mopsov.twse.com.tw/mops/web/ajax_t163sb04
上游,晶圓代工與先進封裝,2330,台積電,2026,1,income_statement,停業單位損益,,--,sii,https://mopsov.twse.com.tw/mops/web/ajax_t163sb04
上游,晶圓代工與先進封裝,2330,台積電,2026,1,income_statement,合併前非屬共同控制股權損益,,--,sii,https://mopsov.twse.com.tw/mops/web/ajax_t163sb04
上游,晶圓代工與先進封裝,2330,台積電,2026,1,income_statement,本期淨利（淨損）,572801304,"572,801,304",sii,https://mopsov.twse.com.tw/mops/web/ajax_t163sb04
上游,晶圓代工與先進封裝,2330,台積電,2026,1,income_statement,其他綜合損益（淨額）,53995651,"53,995,651",sii,https://mopsov.twse.com.tw/mops/web/ajax_t163sb04
上游,晶圓代工與先進封裝,2330,台積電,2026,1,income_statement,合併前非屬共同控制股權綜合損益淨額,,--,sii,https://mopsov.twse.com.tw/mops/web/ajax_t163sb04
上游,晶圓代工與先進封裝,2330,台積電,2026,1,income_statement,本期綜合損益總額,626796955,"626,796,955",sii,https://mopsov.twse.com.tw/mops/web/ajax_t163sb04
上游,晶圓代工與先進封裝,2330,台積電,2026,1,income_statement,淨利（淨損）歸屬於母公司業主,572479752,"572,479,752",sii,https://mopsov.twse.com.tw/mops/web/ajax_t163sb04
上游,晶圓代工與先進封裝,2330,台積電,2026,1,income_statement,淨利（淨損）歸屬於共同控制下前手權益,,--,sii,https://mopsov.twse.com.tw/mops/web/ajax_t163sb04
上游,晶圓代工與先進封裝,2330,台積電,2026,1,income_statement,淨利（淨損）歸屬於非控制權益,321552,"321,552",sii,https://mopsov.twse.com.tw/mops/web/ajax_t163sb04
上游,晶圓代工與先進封裝,2330,台積電,2026,1,income_statement,綜合損益總額歸屬於母公司業主,626591326,"626,591,326",sii,https://mopsov.twse.com.tw/mops/web/ajax_t163sb04
上游,晶圓代工與先進封裝,2330,台積電,2026,1,income_statement,綜合損益總額歸屬於共同控制下前手權益,,--,sii,https://mopsov.twse.com.tw/mops/web/ajax_t163sb04
上游,晶圓代工與先進封裝,2330,台積電,2026,1,income_statement,綜合損益總額歸屬於非控制權益,205629,"205,629",sii,https://mopsov.twse.com.tw/mops/web/ajax_t163sb04
上游,晶圓代工與先進封裝,2330,台積電,2026,1,income_statement,基本每股盈餘（元）,22.08,22.08,sii,https://mopsov.twse.com.tw/mops/web/ajax_t163sb04
上游,晶圓代工與先進封裝,2330,台積電,2026,1,balance_sheet,流動資產,4265512176,"4,265,512,176",sii,https://mopsov.twse.com.tw/mops/web/ajax_t163sb05
上游,晶圓代工與先進封裝,2330,台積電,2026,1,balance_sheet,非流動資產,4395437509,"4,395,437,509",sii,https://mopsov.twse.com.tw/mops/web/ajax_t163sb05
上游,晶圓代工與先進封裝,2330,台積電,2026,1,balance_sheet,資產總計,8660949685,"8,660,949,685",sii,https://mopsov.twse.com.tw/mops/web/ajax_t163sb05
上游,晶圓代工與先進封裝,2330,台積電,2026,1,balance_sheet,流動負債,1714253448,"1,714,253,448",sii,https://mopsov.twse.com.tw/mops/web/ajax_t163sb05
上游,晶圓代工與先進封裝,2330,台積電,2026,1,balance_sheet,非流動負債,1014307316,"1,014,307,316",sii,https://mopsov.twse.com.tw/mops/web/ajax_t163sb05
上游,晶圓代工與先進封裝,2330,台積電,2026,1,balance_sheet,負債總計,2728560764,"2,728,560,764",sii,https://mopsov.twse.com.tw/mops/web/ajax_t163sb05
上游,晶圓代工與先進封裝,2330,台積電,2026,1,balance_sheet,股本,259323701,"259,323,701",sii,https://mopsov.twse.com.tw/mops/web/ajax_t163sb05
上游,晶圓代工與先進封裝,2330,台積電,2026,1,balance_sheet,權益─具證券性質之虛擬通貨,,--,sii,https://mopsov.twse.com.tw/mops/web/ajax_t163sb05
上游,晶圓代工與先進封裝,2330,台積電,2026,1,balance_sheet,資本公積,73665831,"73,665,831",sii,https://mopsov.twse.com.tw/mops/web/ajax_t163sb05
上游,晶圓代工與先進封裝,2330,台積電,2026,1,balance_sheet,保留盈餘,5520488484,"5,520,488,484",sii,https://mopsov.twse.com.tw/mops/web/ajax_t163sb05
上游,晶圓代工與先進封裝,2330,台積電,2026,1,balance_sheet,其他權益,37482236,"37,482,236",sii,https://mopsov.twse.com.tw/mops/web/ajax_t163sb05
上游,晶圓代工與先進封裝,2330,台積電,2026,1,balance_sheet,庫藏股票,,--,sii,https://mopsov.twse.com.tw/mops/web/ajax_t163sb05
上游,晶圓代工與先進封裝,2330,台積電,2026,1,balance_sheet,歸屬於母公司業主之權益合計,5890960252,"5,890,960,252",sii,https://mopsov.twse.com.tw/mops/web/ajax_t163sb05
上游,晶圓代工與先進封裝,2330,台積電,2026,1,balance_sheet,共同控制下前手權益,,--,sii,https://mopsov.twse.com.tw/mops/web/ajax_t163sb05
上游,晶圓代工與先進封裝,2330,台積電,2026,1,balance_sheet,合併前非屬共同控制股權,,--,sii,https://mopsov.twse.com.tw/mops/web/ajax_t163sb05
上游,晶圓代工與先進封裝,2330,台積電,2026,1,balance_sheet,非控制權益,41428669,"41,428,669",sii,https://mopsov.twse.com.tw/mops/web/ajax_t163sb05
上游,晶圓代工與先進封裝,2330,台積電,2026,1,balance_sheet,權益總計,5932388921,"5,932,388,921",sii,https://mopsov.twse.com.tw/mops/web/ajax_t163sb05
上游,晶圓代工與先進封裝,2330,台積電,2026,1,balance_sheet,待註銷股本股數（單位：股）,154454,"154,454",sii,https://mopsov.twse.com.tw/mops/web/ajax_t163sb05
上游,晶圓代工與先進封裝,2330,台積電,2026,1,balance_sheet,預收股款（權益項下）之約當發行股數（單位：股）,0,0,sii,https://mopsov.twse.com.tw/mops/web/ajax_t163sb05
上游,晶圓代工與先進封裝,2330,台積電,2026,1,balance_sheet,母公司暨子公司所持有之母公司庫藏股股數（單位：股）,0,0,sii,https://mopsov.twse.com.tw/mops/web/ajax_t163sb05
上游,晶圓代工與先進封裝,2330,台積電,2026,1,balance_sheet,每股參考淨值,227.17,227.17,sii,https://mopsov.twse.com.tw/mops/web/ajax_t163sb05
上游,晶圓代工與先進封裝,2330,台積電,2026,1,cash_flow,營業活動之淨現金流入（流出）,698976265,"698,976,265",sii,https://mopsov.twse.com.tw/mops/web/ajax_t163sb20
上游,晶圓代工與先進封裝,2330,台積電,2026,1,cash_flow,投資活動之淨現金流入（流出）,-356853756,"-356,853,756",sii,https://mopsov.twse.com.tw/mops/web/ajax_t163sb20
上游,晶圓代工與先進封裝,2330,台積電,2026,1,cash_flow,籌資活動之淨現金流入（流出）,-119910612,"-119,910,612",sii,https://mopsov.twse.com.tw/mops/web/ajax_t163sb20
上游,晶圓代工與先進封裝,2330,台積電,2026,1,cash_flow,匯率變動對現金及約當現金之影響,45568929,"45,568,929",sii,https://mopsov.twse.com.tw/mops/web/ajax_t163sb20
上游,晶圓代工與先進封裝,2330,台積電,2026,1,cash_flow,本期現金及約當現金增加（減少）數,267780826,"267,780,826",sii,https://mopsov.twse.com.tw/mops/web/ajax_t163sb20
上游,晶圓代工與先進封裝,2330,台積電,2026,1,cash_flow,期初現金及約當現金餘額,2767856402,"2,767,856,402",sii,https://mopsov.twse.com.tw/mops/web/ajax_t163sb20
上游,晶圓代工與先進封裝,2330,台積電,2026,1,cash_flow,期末現金及約當現金餘額,3035637228,"3,035,637,228",sii,https://mopsov.twse.com.tw/mops/web/ajax_t163sb20
上游,晶圓代工與先進封裝,2330,台積電,2026,2,income_statement,營業收入,2404483690,"2,404,483,690",sii,https://mopsov.twse.com.tw/mops/web/ajax_t163sb04
上游,晶圓代工與先進封裝,2330,台積電,2026,2,income_statement,營業成本,792877574,"792,877,574",sii,https://mopsov.twse.com.tw/mops/web/ajax_t163sb04
上游,晶圓代工與先進封裝,2330,台積電,2026,2,income_statement,原始認列生物資產及農產品之利益（損失）,,--,sii,https://mopsov.twse.com.tw/mops/web/ajax_t163sb04
上游,晶圓代工與先進封裝,2330,台積電,2026,2,income_statement,生物資產當期公允價值減出售成本之變動利益（損失）,,--,sii,https://mopsov.twse.com.tw/mops/web/ajax_t163sb04
上游,晶圓代工與先進封裝,2330,台積電,2026,2,income_statement,營業毛利（毛損）,1611606116,"1,611,606,116",sii,https://mopsov.twse.com.tw/mops/web/ajax_t163sb04
上游,晶圓代工與先進封裝,2330,台積電,2026,2,income_statement,未實現銷貨（損）益,,--,sii,https://mopsov.twse.com.tw/mops/web/ajax_t163sb04
上游,晶圓代工與先進封裝,2330,台積電,2026,2,income_statement,已實現銷貨（損）益,,--,sii,https://mopsov.twse.com.tw/mops/web/ajax_t163sb04
上游,晶圓代工與先進封裝,2330,台積電,2026,2,income_statement,營業毛利（毛損）淨額,1611606116,"1,611,606,116",sii,https://mopsov.twse.com.tw/mops/web/ajax_t163sb04
上游,晶圓代工與先進封裝,2330,台積電,2026,2,income_statement,營業費用,192987740,"192,987,740",sii,https://mopsov.twse.com.tw/mops/web/ajax_t163sb04
上游,晶圓代工與先進封裝,2330,台積電,2026,2,income_statement,其他收益及費損淨額,6950417,"6,950,417",sii,https://mopsov.twse.com.tw/mops/web/ajax_t163sb04
上游,晶圓代工與先進封裝,2330,台積電,2026,2,income_statement,營業利益（損失）,1425568793,"1,425,568,793",sii,https://mopsov.twse.com.tw/mops/web/ajax_t163sb04
上游,晶圓代工與先進封裝,2330,台積電,2026,2,income_statement,營業外收入及支出,124660980,"124,660,980",sii,https://mopsov.twse.com.tw/mops/web/ajax_t163sb04
上游,晶圓代工與先進封裝,2330,台積電,2026,2,income_statement,稅前淨利（淨損）,1550229773,"1,550,229,773",sii,https://mopsov.twse.com.tw/mops/web/ajax_t163sb04
上游,晶圓代工與先進封裝,2330,台積電,2026,2,income_statement,所得稅費用（利益）,270647546,"270,647,546",sii,https://mopsov.twse.com.tw/mops/web/ajax_t163sb04
上游,晶圓代工與先進封裝,2330,台積電,2026,2,income_statement,繼續營業單位本期淨利（淨損）,1279582227,"1,279,582,227",sii,https://mopsov.twse.com.tw/mops/web/ajax_t163sb04
上游,晶圓代工與先進封裝,2330,台積電,2026,2,income_statement,停業單位損益,,--,sii,https://mopsov.twse.com.tw/mops/web/ajax_t163sb04
上游,晶圓代工與先進封裝,2330,台積電,2026,2,income_statement,合併前非屬共同控制股權損益,,--,sii,https://mopsov.twse.com.tw/mops/web/ajax_t163sb04
上游,晶圓代工與先進封裝,2330,台積電,2026,2,income_statement,本期淨利（淨損）,1279582227,"1,279,582,227",sii,https://mopsov.twse.com.tw/mops/web/ajax_t163sb04
上游,晶圓代工與先進封裝,2330,台積電,2026,2,income_statement,其他綜合損益（淨額）,71282249,"71,282,249",sii,https://mopsov.twse.com.tw/mops/web/ajax_t163sb04
上游,晶圓代工與先進封裝,2330,台積電,2026,2,income_statement,合併前非屬共同控制股權綜合損益淨額,,--,sii,https://mopsov.twse.com.tw/mops/web/ajax_t163sb04
上游,晶圓代工與先進封裝,2330,台積電,2026,2,income_statement,本期綜合損益總額,1350864476,"1,350,864,476",sii,https://mopsov.twse.com.tw/mops/web/ajax_t163sb04
上游,晶圓代工與先進封裝,2330,台積電,2026,2,income_statement,淨利（淨損）歸屬於母公司業主,1279041690,"1,279,041,690",sii,https://mopsov.twse.com.tw/mops/web/ajax_t163sb04
上游,晶圓代工與先進封裝,2330,台積電,2026,2,income_statement,淨利（淨損）歸屬於共同控制下前手權益,,--,sii,https://mopsov.twse.com.tw/mops/web/ajax_t163sb04
上游,晶圓代工與先進封裝,2330,台積電,2026,2,income_statement,淨利（淨損）歸屬於非控制權益,540537,"540,537",sii,https://mopsov.twse.com.tw/mops/web/ajax_t163sb04
上游,晶圓代工與先進封裝,2330,台積電,2026,2,income_statement,綜合損益總額歸屬於母公司業主,1350950974,"1,350,950,974",sii,https://mopsov.twse.com.tw/mops/web/ajax_t163sb04
上游,晶圓代工與先進封裝,2330,台積電,2026,2,income_statement,綜合損益總額歸屬於共同控制下前手權益,,--,sii,https://mopsov.twse.com.tw/mops/web/ajax_t163sb04
上游,晶圓代工與先進封裝,2330,台積電,2026,2,income_statement,綜合損益總額歸屬於非控制權益,-86498,"-86,498",sii,https://mopsov.twse.com.tw/mops/web/ajax_t163sb04
上游,晶圓代工與先進封裝,2330,台積電,2026,2,income_statement,基本每股盈餘（元）,49.33,49.33,sii,https://mopsov.twse.com.tw/mops/web/ajax_t163sb04
上游,晶圓代工與先進封裝,2330,台積電,2026,2,balance_sheet,流動資產,4565700742,"4,565,700,742",sii,https://mopsov.twse.com.tw/mops/web/ajax_t163sb05
上游,晶圓代工與先進封裝,2330,台積電,2026,2,balance_sheet,非流動資產,4809953985,"4,809,953,985",sii,https://mopsov.twse.com.tw/mops/web/ajax_t163sb05
上游,晶圓代工與先進封裝,2330,台積電,2026,2,balance_sheet,資產總計,9375654727,"9,375,654,727",sii,https://mopsov.twse.com.tw/mops/web/ajax_t163sb05
上游,晶圓代工與先進封裝,2330,台積電,2026,2,balance_sheet,流動負債,1857761825,"1,857,761,825",sii,https://mopsov.twse.com.tw/mops/web/ajax_t163sb05
上游,晶圓代工與先進封裝,2330,台積電,2026,2,balance_sheet,非流動負債,1043421921,"1,043,421,921",sii,https://mopsov.twse.com.tw/mops/web/ajax_t163sb05
上游,晶圓代工與先進封裝,2330,台積電,2026,2,balance_sheet,負債總計,2901183746,"2,901,183,746",sii,https://mopsov.twse.com.tw/mops/web/ajax_t163sb05
上游,晶圓代工與先進封裝,2330,台積電,2026,2,balance_sheet,股本,259323701,"259,323,701",sii,https://mopsov.twse.com.tw/mops/web/ajax_t163sb05
上游,晶圓代工與先進封裝,2330,台積電,2026,2,balance_sheet,權益─具證券性質之虛擬通貨,,--,sii,https://mopsov.twse.com.tw/mops/web/ajax_t163sb05
上游,晶圓代工與先進封裝,2330,台積電,2026,2,balance_sheet,資本公積,72290839,"72,290,839",sii,https://mopsov.twse.com.tw/mops/web/ajax_t163sb05
上游,晶圓代工與先進封裝,2330,台積電,2026,2,balance_sheet,保留盈餘,6051113099,"6,051,113,099",sii,https://mopsov.twse.com.tw/mops/web/ajax_t163sb05
上游,晶圓代工與先進封裝,2330,台積電,2026,2,balance_sheet,其他權益,49790695,"49,790,695",sii,https://mopsov.twse.com.tw/mops/web/ajax_t163sb05
上游,晶圓代工與先進封裝,2330,台積電,2026,2,balance_sheet,庫藏股票,,--,sii,https://mopsov.twse.com.tw/mops/web/ajax_t163sb05
上游,晶圓代工與先進封裝,2330,台積電,2026,2,balance_sheet,歸屬於母公司業主之權益合計,6432518334,"6,432,518,334",sii,https://mopsov.twse.com.tw/mops/web/ajax_t163sb05
上游,晶圓代工與先進封裝,2330,台積電,2026,2,balance_sheet,共同控制下前手權益,,--,sii,https://mopsov.twse.com.tw/mops/web/ajax_t163sb05
上游,晶圓代工與先進封裝,2330,台積電,2026,2,balance_sheet,合併前非屬共同控制股權,,--,sii,https://mopsov.twse.com.tw/mops/web/ajax_t163sb05
上游,晶圓代工與先進封裝,2330,台積電,2026,2,balance_sheet,非控制權益,41952647,"41,952,647",sii,https://mopsov.twse.com.tw/mops/web/ajax_t163sb05
上游,晶圓代工與先進封裝,2330,台積電,2026,2,balance_sheet,權益總計,6474470981,"6,474,470,981",sii,https://mopsov.twse.com.tw/mops/web/ajax_t163sb05
上游,晶圓代工與先進封裝,2330,台積電,2026,2,balance_sheet,待註銷股本股數（單位：股）,,--,sii,https://mopsov.twse.com.tw/mops/web/ajax_t163sb05
上游,晶圓代工與先進封裝,2330,台積電,2026,2,balance_sheet,預收股款（權益項下）之約當發行股數（單位：股）,0,0,sii,https://mopsov.twse.com.tw/mops/web/ajax_t163sb05
上游,晶圓代工與先進封裝,2330,台積電,2026,2,balance_sheet,母公司暨子公司所持有之母公司庫藏股股數（單位：股）,0,0,sii,https://mopsov.twse.com.tw/mops/web/ajax_t163sb05
上游,晶圓代工與先進封裝,2330,台積電,2026,2,balance_sheet,每股參考淨值,248.05,248.05,sii,https://mopsov.twse.com.tw/mops/web/ajax_t163sb05
上游,晶圓代工與先進封裝,2330,台積電,2026,2,cash_flow,營業活動之淨現金流入（流出）,1482341242,"1,482,341,242",sii,https://mopsov.twse.com.tw/mops/web/ajax_t163sb20
上游,晶圓代工與先進封裝,2330,台積電,2026,2,cash_flow,投資活動之淨現金流入（流出）,-849664174,"-849,664,174",sii,https://mopsov.twse.com.tw/mops/web/ajax_t163sb20
上游,晶圓代工與先進封裝,2330,台積電,2026,2,cash_flow,籌資活動之淨現金流入（流出）,-304563833,"-304,563,833",sii,https://mopsov.twse.com.tw/mops/web/ajax_t163sb20
上游,晶圓代工與先進封裝,2330,台積電,2026,2,cash_flow,匯率變動對現金及約當現金之影響,38248576,"38,248,576",sii,https://mopsov.twse.com.tw/mops/web/ajax_t163sb20
上游,晶圓代工與先進封裝,2330,台積電,2026,2,cash_flow,本期現金及約當現金增加（減少）數,366361811,"366,361,811",sii,https://mopsov.twse.com.tw/mops/web/ajax_t163sb20
上游,晶圓代工與先進封裝,2330,台積電,2026,2,cash_flow,期初現金及約當現金餘額,2767856402,"2,767,856,402",sii,https://mopsov.twse.com.tw/mops/web/ajax_t163sb20
上游,晶圓代工與先進封裝,2330,台積電,2026,2,cash_flow,期末現金及約當現金餘額,3134218213,"3,134,218,213",sii,https://mopsov.twse.com.tw/mops/web/ajax_t163sb20
