stage,category,stock_id,company_name,year,quarter,statement,account,value,raw_value,market,source_url
上游,晶片封測服務,2449,京元電子,2013,1,income_statement,營業收入,3381964,"3,381,964",sii,https://mopsov.twse.com.tw/mops/web/ajax_t163sb04
上游,晶片封測服務,2449,京元電子,2013,1,income_statement,營業成本,2552557,"2,552,557",sii,https://mopsov.twse.com.tw/mops/web/ajax_t163sb04
上游,晶片封測服務,2449,京元電子,2013,1,income_statement,營業毛利（毛損）,829407,"829,407",sii,https://mopsov.twse.com.tw/mops/web/ajax_t163sb04
上游,晶片封測服務,2449,京元電子,2013,1,income_statement,未實現銷貨（損）益,0,0,sii,https://mopsov.twse.com.tw/mops/web/ajax_t163sb04
上游,晶片封測服務,2449,京元電子,2013,1,income_statement,已實現銷貨（損）益,0,0,sii,https://mopsov.twse.com.tw/mops/web/ajax_t163sb04
上游,晶片封測服務,2449,京元電子,2013,1,income_statement,營業毛利（毛損）淨額,829407,"829,407",sii,https://mopsov.twse.com.tw/mops/web/ajax_t163sb04
上游,晶片封測服務,2449,京元電子,2013,1,income_statement,營業費用,402765,"402,765",sii,https://mopsov.twse.com.tw/mops/web/ajax_t163sb04
上游,晶片封測服務,2449,京元電子,2013,1,income_statement,其他收益及費損淨額,,--,sii,https://mopsov.twse.com.tw/mops/web/ajax_t163sb04
上游,晶片封測服務,2449,京元電子,2013,1,income_statement,營業利益（損失）,426642,"426,642",sii,https://mopsov.twse.com.tw/mops/web/ajax_t163sb04
上游,晶片封測服務,2449,京元電子,2013,1,income_statement,營業外收入及支出,26857,"26,857",sii,https://mopsov.twse.com.tw/mops/web/ajax_t163sb04
上游,晶片封測服務,2449,京元電子,2013,1,income_statement,稅前淨利（淨損）,453499,"453,499",sii,https://mopsov.twse.com.tw/mops/web/ajax_t163sb04
上游,晶片封測服務,2449,京元電子,2013,1,income_statement,所得稅費用（利益）,95000,"95,000",sii,https://mopsov.twse.com.tw/mops/web/ajax_t163sb04
上游,晶片封測服務,2449,京元電子,2013,1,income_statement,繼續營業單位本期淨利（淨損）,358499,"358,499",sii,https://mopsov.twse.com.tw/mops/web/ajax_t163sb04
上游,晶片封測服務,2449,京元電子,2013,1,income_statement,停業單位損益,0,0,sii,https://mopsov.twse.com.tw/mops/web/ajax_t163sb04
上游,晶片封測服務,2449,京元電子,2013,1,income_statement,合併前非屬共同控制股權損益,,--,sii,https://mopsov.twse.com.tw/mops/web/ajax_t163sb04
上游,晶片封測服務,2449,京元電子,2013,1,income_statement,本期淨利（淨損）,358499,"358,499",sii,https://mopsov.twse.com.tw/mops/web/ajax_t163sb04
上游,晶片封測服務,2449,京元電子,2013,1,income_statement,其他綜合損益（淨額）,120230,"120,230",sii,https://mopsov.twse.com.tw/mops/web/ajax_t163sb04
上游,晶片封測服務,2449,京元電子,2013,1,income_statement,合併前非屬共同控制股權綜合損益淨額,,--,sii,https://mopsov.twse.com.tw/mops/web/ajax_t163sb04
上游,晶片封測服務,2449,京元電子,2013,1,income_statement,本期綜合損益總額,478729,"478,729",sii,https://mopsov.twse.com.tw/mops/web/ajax_t163sb04
上游,晶片封測服務,2449,京元電子,2013,1,income_statement,淨利（淨損）歸屬於母公司業主,358393,"358,393",sii,https://mopsov.twse.com.tw/mops/web/ajax_t163sb04
上游,晶片封測服務,2449,京元電子,2013,1,income_statement,淨利（淨損）歸屬於共同控制下前手權益,,--,sii,https://mopsov.twse.com.tw/mops/web/ajax_t163sb04
上游,晶片封測服務,2449,京元電子,2013,1,income_statement,淨利（淨損）歸屬於非控制權益,106,106,sii,https://mopsov.twse.com.tw/mops/web/ajax_t163sb04
上游,晶片封測服務,2449,京元電子,2013,1,income_statement,綜合損益總額歸屬於母公司業主,478623,"478,623",sii,https://mopsov.twse.com.tw/mops/web/ajax_t163sb04
上游,晶片封測服務,2449,京元電子,2013,1,income_statement,綜合損益總額歸屬於共同控制下前手權益,,--,sii,https://mopsov.twse.com.tw/mops/web/ajax_t163sb04
上游,晶片封測服務,2449,京元電子,2013,1,income_statement,綜合損益總額歸屬於非控制權益,106,106,sii,https://mopsov.twse.com.tw/mops/web/ajax_t163sb04
上游,晶片封測服務,2449,京元電子,2013,1,income_statement,基本每股盈餘（元）,0.3,0.30,sii,https://mopsov.twse.com.tw/mops/web/ajax_t163sb04
上游,晶片封測服務,2449,京元電子,2013,1,balance_sheet,流動資產,14127341,"14,127,341",sii,https://mopsov.twse.com.tw/mops/web/ajax_t163sb05
上游,晶片封測服務,2449,京元電子,2013,1,balance_sheet,非流動資產,22242216,"22,242,216",sii,https://mopsov.twse.com.tw/mops/web/ajax_t163sb05
上游,晶片封測服務,2449,京元電子,2013,1,balance_sheet,資產總額,36369557,"36,369,557",sii,https://mopsov.twse.com.tw/mops/web/ajax_t163sb05
上游,晶片封測服務,2449,京元電子,2013,1,balance_sheet,流動負債,7207408,"7,207,408",sii,https://mopsov.twse.com.tw/mops/web/ajax_t163sb05
上游,晶片封測服務,2449,京元電子,2013,1,balance_sheet,非流動負債,7710052,"7,710,052",sii,https://mopsov.twse.com.tw/mops/web/ajax_t163sb05
上游,晶片封測服務,2449,京元電子,2013,1,balance_sheet,負債總額,14917460,"14,917,460",sii,https://mopsov.twse.com.tw/mops/web/ajax_t163sb05
上游,晶片封測服務,2449,京元電子,2013,1,balance_sheet,股本,11913439,"11,913,439",sii,https://mopsov.twse.com.tw/mops/web/ajax_t163sb05
上游,晶片封測服務,2449,京元電子,2013,1,balance_sheet,資本公積,6626344,"6,626,344",sii,https://mopsov.twse.com.tw/mops/web/ajax_t163sb05
上游,晶片封測服務,2449,京元電子,2013,1,balance_sheet,保留盈餘,2989842,"2,989,842",sii,https://mopsov.twse.com.tw/mops/web/ajax_t163sb05
上游,晶片封測服務,2449,京元電子,2013,1,balance_sheet,其他權益,-80547,"-80,547",sii,https://mopsov.twse.com.tw/mops/web/ajax_t163sb05
上游,晶片封測服務,2449,京元電子,2013,1,balance_sheet,庫藏股票,0,0,sii,https://mopsov.twse.com.tw/mops/web/ajax_t163sb05
上游,晶片封測服務,2449,京元電子,2013,1,balance_sheet,歸屬於母公司業主之權益合計,21449078,"21,449,078",sii,https://mopsov.twse.com.tw/mops/web/ajax_t163sb05
上游,晶片封測服務,2449,京元電子,2013,1,balance_sheet,共同控制下前手權益,,--,sii,https://mopsov.twse.com.tw/mops/web/ajax_t163sb05
上游,晶片封測服務,2449,京元電子,2013,1,balance_sheet,合併前非屬共同控制股權,,--,sii,https://mopsov.twse.com.tw/mops/web/ajax_t163sb05
上游,晶片封測服務,2449,京元電子,2013,1,balance_sheet,非控制權益,3019,"3,019",sii,https://mopsov.twse.com.tw/mops/web/ajax_t163sb05
上游,晶片封測服務,2449,京元電子,2013,1,balance_sheet,權益總額,21452097,"21,452,097",sii,https://mopsov.twse.com.tw/mops/web/ajax_t163sb05
上游,晶片封測服務,2449,京元電子,2013,1,balance_sheet,預收股款（權益項下）之約當發行股數（單位：股）,1120000,"1,120,000",sii,https://mopsov.twse.com.tw/mops/web/ajax_t163sb05
上游,晶片封測服務,2449,京元電子,2013,1,balance_sheet,母公司暨子公司所持有之母公司庫藏股股數（單位：股）,0,0,sii,https://mopsov.twse.com.tw/mops/web/ajax_t163sb05
上游,晶片封測服務,2449,京元電子,2013,1,balance_sheet,每股參考淨值,18.0,18.00,sii,https://mopsov.twse.com.tw/mops/web/ajax_t163sb05
上游,晶片封測服務,2449,京元電子,2013,1,cash_flow,營業活動之淨現金流入（流出）,1732039,"1,732,039",sii,https://mopsov.twse.com.tw/mops/web/ajax_t163sb20
上游,晶片封測服務,2449,京元電子,2013,1,cash_flow,投資活動之淨現金流入（流出）,-1177358,"-1,177,358",sii,https://mopsov.twse.com.tw/mops/web/ajax_t163sb20
上游,晶片封測服務,2449,京元電子,2013,1,cash_flow,籌資活動之淨現金流入（流出）,-64059,"-64,059",sii,https://mopsov.twse.com.tw/mops/web/ajax_t163sb20
上游,晶片封測服務,2449,京元電子,2013,1,cash_flow,匯率變動對現金及約當現金之影響,30218,"30,218",sii,https://mopsov.twse.com.tw/mops/web/ajax_t163sb20
上游,晶片封測服務,2449,京元電子,2013,1,cash_flow,本期現金及約當現金增加（減少）數,520840,"520,840",sii,https://mopsov.twse.com.tw/mops/web/ajax_t163sb20
上游,晶片封測服務,2449,京元電子,2013,1,cash_flow,期初現金及約當現金餘額,8257219,"8,257,219",sii,https://mopsov.twse.com.tw/mops/web/ajax_t163sb20
上游,晶片封測服務,2449,京元電子,2013,1,cash_flow,期末現金及約當現金餘額,8778059,"8,778,059",sii,https://mopsov.twse.com.tw/mops/web/ajax_t163sb20
上游,晶片封測服務,2449,京元電子,2013,2,income_statement,營業收入,7157912,"7,157,912",sii,https://mopsov.twse.com.tw/mops/web/ajax_t163sb04
上游,晶片封測服務,2449,京元電子,2013,2,income_statement,營業成本,5234965,"5,234,965",sii,https://mopsov.twse.com.tw/mops/web/ajax_t163sb04
上游,晶片封測服務,2449,京元電子,2013,2,income_statement,營業毛利（毛損）,1922947,"1,922,947",sii,https://mopsov.twse.com.tw/mops/web/ajax_t163sb04
上游,晶片封測服務,2449,京元電子,2013,2,income_statement,未實現銷貨（損）益,0,0,sii,https://mopsov.twse.com.tw/mops/web/ajax_t163sb04
上游,晶片封測服務,2449,京元電子,2013,2,income_statement,已實現銷貨（損）益,0,0,sii,https://mopsov.twse.com.tw/mops/web/ajax_t163sb04
上游,晶片封測服務,2449,京元電子,2013,2,income_statement,營業毛利（毛損）淨額,1922947,"1,922,947",sii,https://mopsov.twse.com.tw/mops/web/ajax_t163sb04
上游,晶片封測服務,2449,京元電子,2013,2,income_statement,營業費用,841780,"841,780",sii,https://mopsov.twse.com.tw/mops/web/ajax_t163sb04
上游,晶片封測服務,2449,京元電子,2013,2,income_statement,其他收益及費損淨額,,--,sii,https://mopsov.twse.com.tw/mops/web/ajax_t163sb04
上游,晶片封測服務,2449,京元電子,2013,2,income_statement,營業利益（損失）,1081167,"1,081,167",sii,https://mopsov.twse.com.tw/mops/web/ajax_t163sb04
上游,晶片封測服務,2449,京元電子,2013,2,income_statement,營業外收入及支出,62825,"62,825",sii,https://mopsov.twse.com.tw/mops/web/ajax_t163sb04
上游,晶片封測服務,2449,京元電子,2013,2,income_statement,稅前淨利（淨損）,1143992,"1,143,992",sii,https://mopsov.twse.com.tw/mops/web/ajax_t163sb04
上游,晶片封測服務,2449,京元電子,2013,2,income_statement,所得稅費用（利益）,215000,"215,000",sii,https://mopsov.twse.com.tw/mops/web/ajax_t163sb04
上游,晶片封測服務,2449,京元電子,2013,2,income_statement,繼續營業單位本期淨利（淨損）,928992,"928,992",sii,https://mopsov.twse.com.tw/mops/web/ajax_t163sb04
上游,晶片封測服務,2449,京元電子,2013,2,income_statement,停業單位損益,0,0,sii,https://mopsov.twse.com.tw/mops/web/ajax_t163sb04
上游,晶片封測服務,2449,京元電子,2013,2,income_statement,合併前非屬共同控制股權損益,,--,sii,https://mopsov.twse.com.tw/mops/web/ajax_t163sb04
上游,晶片封測服務,2449,京元電子,2013,2,income_statement,本期淨利（淨損）,928992,"928,992",sii,https://mopsov.twse.com.tw/mops/web/ajax_t163sb04
上游,晶片封測服務,2449,京元電子,2013,2,income_statement,其他綜合損益（淨額）,191237,"191,237",sii,https://mopsov.twse.com.tw/mops/web/ajax_t163sb04
上游,晶片封測服務,2449,京元電子,2013,2,income_statement,合併前非屬共同控制股權綜合損益淨額,,--,sii,https://mopsov.twse.com.tw/mops/web/ajax_t163sb04
上游,晶片封測服務,2449,京元電子,2013,2,income_statement,本期綜合損益總額,1120229,"1,120,229",sii,https://mopsov.twse.com.tw/mops/web/ajax_t163sb04
上游,晶片封測服務,2449,京元電子,2013,2,income_statement,淨利（淨損）歸屬於母公司業主,928554,"928,554",sii,https://mopsov.twse.com.tw/mops/web/ajax_t163sb04
上游,晶片封測服務,2449,京元電子,2013,2,income_statement,淨利（淨損）歸屬於共同控制下前手權益,,--,sii,https://mopsov.twse.com.tw/mops/web/ajax_t163sb04
上游,晶片封測服務,2449,京元電子,2013,2,income_statement,淨利（淨損）歸屬於非控制權益,438,438,sii,https://mopsov.twse.com.tw/mops/web/ajax_t163sb04
上游,晶片封測服務,2449,京元電子,2013,2,income_statement,綜合損益總額歸屬於母公司業主,1119791,"1,119,791",sii,https://mopsov.twse.com.tw/mops/web/ajax_t163sb04
上游,晶片封測服務,2449,京元電子,2013,2,income_statement,綜合損益總額歸屬於共同控制下前手權益,,--,sii,https://mopsov.twse.com.tw/mops/web/ajax_t163sb04
上游,晶片封測服務,2449,京元電子,2013,2,income_statement,綜合損益總額歸屬於非控制權益,438,438,sii,https://mopsov.twse.com.tw/mops/web/ajax_t163sb04
上游,晶片封測服務,2449,京元電子,2013,2,income_statement,基本每股盈餘（元）,0.78,0.78,sii,https://mopsov.twse.com.tw/mops/web/ajax_t163sb04
上游,晶片封測服務,2449,京元電子,2013,2,balance_sheet,流動資產,14597150,"14,597,150",sii,https://mopsov.twse.com.tw/mops/web/ajax_t163sb05
上游,晶片封測服務,2449,京元電子,2013,2,balance_sheet,非流動資產,22724606,"22,724,606",sii,https://mopsov.twse.com.tw/mops/web/ajax_t163sb05
上游,晶片封測服務,2449,京元電子,2013,2,balance_sheet,資產總額,37321756,"37,321,756",sii,https://mopsov.twse.com.tw/mops/web/ajax_t163sb05
上游,晶片封測服務,2449,京元電子,2013,2,balance_sheet,流動負債,5861736,"5,861,736",sii,https://mopsov.twse.com.tw/mops/web/ajax_t163sb05
上游,晶片封測服務,2449,京元電子,2013,2,balance_sheet,非流動負債,10665300,"10,665,300",sii,https://mopsov.twse.com.tw/mops/web/ajax_t163sb05
上游,晶片封測服務,2449,京元電子,2013,2,balance_sheet,負債總額,16527036,"16,527,036",sii,https://mopsov.twse.com.tw/mops/web/ajax_t163sb05
上游,晶片封測服務,2449,京元電子,2013,2,balance_sheet,股本,11926319,"11,926,319",sii,https://mopsov.twse.com.tw/mops/web/ajax_t163sb05
上游,晶片封測服務,2449,京元電子,2013,2,balance_sheet,資本公積,6617915,"6,617,915",sii,https://mopsov.twse.com.tw/mops/web/ajax_t163sb05
上游,晶片封測服務,2449,京元電子,2013,2,balance_sheet,保留盈餘,2251340,"2,251,340",sii,https://mopsov.twse.com.tw/mops/web/ajax_t163sb05
上游,晶片封測服務,2449,京元電子,2013,2,balance_sheet,其他權益,-3129,"-3,129",sii,https://mopsov.twse.com.tw/mops/web/ajax_t163sb05
上游,晶片封測服務,2449,京元電子,2013,2,balance_sheet,庫藏股票,-950,-950,sii,https://mopsov.twse.com.tw/mops/web/ajax_t163sb05
上游,晶片封測服務,2449,京元電子,2013,2,balance_sheet,歸屬於母公司業主之權益合計,20791495,"20,791,495",sii,https://mopsov.twse.com.tw/mops/web/ajax_t163sb05
上游,晶片封測服務,2449,京元電子,2013,2,balance_sheet,共同控制下前手權益,,--,sii,https://mopsov.twse.com.tw/mops/web/ajax_t163sb05
上游,晶片封測服務,2449,京元電子,2013,2,balance_sheet,合併前非屬共同控制股權,,--,sii,https://mopsov.twse.com.tw/mops/web/ajax_t163sb05
上游,晶片封測服務,2449,京元電子,2013,2,balance_sheet,非控制權益,3225,"3,225",sii,https://mopsov.twse.com.tw/mops/web/ajax_t163sb05
上游,晶片封測服務,2449,京元電子,2013,2,balance_sheet,權益總額,20794720,"20,794,720",sii,https://mopsov.twse.com.tw/mops/web/ajax_t163sb05
上游,晶片封測服務,2449,京元電子,2013,2,balance_sheet,預收股款（權益項下）之約當發行股數（單位：股）,0,0,sii,https://mopsov.twse.com.tw/mops/web/ajax_t163sb05
上游,晶片封測服務,2449,京元電子,2013,2,balance_sheet,母公司暨子公司所持有之母公司庫藏股股數（單位：股）,95000,"95,000",sii,https://mopsov.twse.com.tw/mops/web/ajax_t163sb05
上游,晶片封測服務,2449,京元電子,2013,2,balance_sheet,每股參考淨值,17.43,17.43,sii,https://mopsov.twse.com.tw/mops/web/ajax_t163sb05
上游,晶片封測服務,2449,京元電子,2013,2,cash_flow,營業活動之淨現金流入（流出）,2820657,"2,820,657",sii,https://mopsov.twse.com.tw/mops/web/ajax_t163sb20
上游,晶片封測服務,2449,京元電子,2013,2,cash_flow,投資活動之淨現金流入（流出）,-2725961,"-2,725,961",sii,https://mopsov.twse.com.tw/mops/web/ajax_t163sb20
上游,晶片封測服務,2449,京元電子,2013,2,cash_flow,籌資活動之淨現金流入（流出）,-179942,"-179,942",sii,https://mopsov.twse.com.tw/mops/web/ajax_t163sb20
上游,晶片封測服務,2449,京元電子,2013,2,cash_flow,匯率變動對現金及約當現金之影響,56189,"56,189",sii,https://mopsov.twse.com.tw/mops/web/ajax_t163sb20
上游,晶片封測服務,2449,京元電子,2013,2,cash_flow,本期現金及約當現金增加（減少）數,-29057,"-29,057",sii,https://mopsov.twse.com.tw/mops/web/ajax_t163sb20
上游,晶片封測服務,2449,京元電子,2013,2,cash_flow,期初現金及約當現金餘額,8257219,"8,257,219",sii,https://mopsov.twse.com.tw/mops/web/ajax_t163sb20
上游,晶片封測服務,2449,京元電子,2013,2,cash_flow,期末現金及約當現金餘額,8228162,"8,228,162",sii,https://mopsov.twse.com.tw/mops/web/ajax_t163sb20
上游,晶片封測服務,2449,京元電子,2013,3,income_statement,營業收入,10997550,"10,997,550",sii,https://mopsov.twse.com.tw/mops/web/ajax_t163sb04
上游,晶片封測服務,2449,京元電子,2013,3,income_statement,營業成本,7993203,"7,993,203",sii,https://mopsov.twse.com.tw/mops/web/ajax_t163sb04
上游,晶片封測服務,2449,京元電子,2013,3,income_statement,營業毛利（毛損）,3004347,"3,004,347",sii,https://mopsov.twse.com.tw/mops/web/ajax_t163sb04
上游,晶片封測服務,2449,京元電子,2013,3,income_statement,未實現銷貨（損）益,0,0,sii,https://mopsov.twse.com.tw/mops/web/ajax_t163sb04
上游,晶片封測服務,2449,京元電子,2013,3,income_statement,已實現銷貨（損）益,0,0,sii,https://mopsov.twse.com.tw/mops/web/ajax_t163sb04
上游,晶片封測服務,2449,京元電子,2013,3,income_statement,營業毛利（毛損）淨額,3004347,"3,004,347",sii,https://mopsov.twse.com.tw/mops/web/ajax_t163sb04
上游,晶片封測服務,2449,京元電子,2013,3,income_statement,營業費用,1279217,"1,279,217",sii,https://mopsov.twse.com.tw/mops/web/ajax_t163sb04
上游,晶片封測服務,2449,京元電子,2013,3,income_statement,其他收益及費損淨額,,--,sii,https://mopsov.twse.com.tw/mops/web/ajax_t163sb04
上游,晶片封測服務,2449,京元電子,2013,3,income_statement,營業利益（損失）,1725130,"1,725,130",sii,https://mopsov.twse.com.tw/mops/web/ajax_t163sb04
上游,晶片封測服務,2449,京元電子,2013,3,income_statement,營業外收入及支出,57112,"57,112",sii,https://mopsov.twse.com.tw/mops/web/ajax_t163sb04
上游,晶片封測服務,2449,京元電子,2013,3,income_statement,稅前淨利（淨損）,1782242,"1,782,242",sii,https://mopsov.twse.com.tw/mops/web/ajax_t163sb04
上游,晶片封測服務,2449,京元電子,2013,3,income_statement,所得稅費用（利益）,346441,"346,441",sii,https://mopsov.twse.com.tw/mops/web/ajax_t163sb04
上游,晶片封測服務,2449,京元電子,2013,3,income_statement,繼續營業單位本期淨利（淨損）,1435801,"1,435,801",sii,https://mopsov.twse.com.tw/mops/web/ajax_t163sb04
上游,晶片封測服務,2449,京元電子,2013,3,income_statement,停業單位損益,0,0,sii,https://mopsov.twse.com.tw/mops/web/ajax_t163sb04
上游,晶片封測服務,2449,京元電子,2013,3,income_statement,合併前非屬共同控制股權損益,,--,sii,https://mopsov.twse.com.tw/mops/web/ajax_t163sb04
上游,晶片封測服務,2449,京元電子,2013,3,income_statement,本期淨利（淨損）,1435801,"1,435,801",sii,https://mopsov.twse.com.tw/mops/web/ajax_t163sb04
上游,晶片封測服務,2449,京元電子,2013,3,income_statement,其他綜合損益（淨額）,148237,"148,237",sii,https://mopsov.twse.com.tw/mops/web/ajax_t163sb04
上游,晶片封測服務,2449,京元電子,2013,3,income_statement,合併前非屬共同控制股權綜合損益淨額,,--,sii,https://mopsov.twse.com.tw/mops/web/ajax_t163sb04
上游,晶片封測服務,2449,京元電子,2013,3,income_statement,本期綜合損益總額,1584038,"1,584,038",sii,https://mopsov.twse.com.tw/mops/web/ajax_t163sb04
上游,晶片封測服務,2449,京元電子,2013,3,income_statement,淨利（淨損）歸屬於母公司業主,1434928,"1,434,928",sii,https://mopsov.twse.com.tw/mops/web/ajax_t163sb04
上游,晶片封測服務,2449,京元電子,2013,3,income_statement,淨利（淨損）歸屬於共同控制下前手權益,,--,sii,https://mopsov.twse.com.tw/mops/web/ajax_t163sb04
上游,晶片封測服務,2449,京元電子,2013,3,income_statement,淨利（淨損）歸屬於非控制權益,873,873,sii,https://mopsov.twse.com.tw/mops/web/ajax_t163sb04
上游,晶片封測服務,2449,京元電子,2013,3,income_statement,綜合損益總額歸屬於母公司業主,1583165,"1,583,165",sii,https://mopsov.twse.com.tw/mops/web/ajax_t163sb04
上游,晶片封測服務,2449,京元電子,2013,3,income_statement,綜合損益總額歸屬於共同控制下前手權益,,--,sii,https://mopsov.twse.com.tw/mops/web/ajax_t163sb04
上游,晶片封測服務,2449,京元電子,2013,3,income_statement,綜合損益總額歸屬於非控制權益,873,873,sii,https://mopsov.twse.com.tw/mops/web/ajax_t163sb04
上游,晶片封測服務,2449,京元電子,2013,3,income_statement,基本每股盈餘（元）,1.21,1.21,sii,https://mopsov.twse.com.tw/mops/web/ajax_t163sb04
上游,晶片封測服務,2449,京元電子,2013,3,balance_sheet,流動資產,14066961,"14,066,961",sii,https://mopsov.twse.com.tw/mops/web/ajax_t163sb05
上游,晶片封測服務,2449,京元電子,2013,3,balance_sheet,非流動資產,22555105,"22,555,105",sii,https://mopsov.twse.com.tw/mops/web/ajax_t163sb05
上游,晶片封測服務,2449,京元電子,2013,3,balance_sheet,資產總額,36622066,"36,622,066",sii,https://mopsov.twse.com.tw/mops/web/ajax_t163sb05
上游,晶片封測服務,2449,京元電子,2013,3,balance_sheet,流動負債,4708199,"4,708,199",sii,https://mopsov.twse.com.tw/mops/web/ajax_t163sb05
上游,晶片封測服務,2449,京元電子,2013,3,balance_sheet,非流動負債,10648949,"10,648,949",sii,https://mopsov.twse.com.tw/mops/web/ajax_t163sb05
上游,晶片封測服務,2449,京元電子,2013,3,balance_sheet,負債總額,15357148,"15,357,148",sii,https://mopsov.twse.com.tw/mops/web/ajax_t163sb05
上游,晶片封測服務,2449,京元電子,2013,3,balance_sheet,股本,11925369,"11,925,369",sii,https://mopsov.twse.com.tw/mops/web/ajax_t163sb05
上游,晶片封測服務,2449,京元電子,2013,3,balance_sheet,資本公積,6618658,"6,618,658",sii,https://mopsov.twse.com.tw/mops/web/ajax_t163sb05
上游,晶片封測服務,2449,京元電子,2013,3,balance_sheet,保留盈餘,2757714,"2,757,714",sii,https://mopsov.twse.com.tw/mops/web/ajax_t163sb05
上游,晶片封測服務,2449,京元電子,2013,3,balance_sheet,其他權益,-40464,"-40,464",sii,https://mopsov.twse.com.tw/mops/web/ajax_t163sb05
上游,晶片封測服務,2449,京元電子,2013,3,balance_sheet,庫藏股票,0,0,sii,https://mopsov.twse.com.tw/mops/web/ajax_t163sb05
上游,晶片封測服務,2449,京元電子,2013,3,balance_sheet,歸屬於母公司業主之權益合計,21261277,"21,261,277",sii,https://mopsov.twse.com.tw/mops/web/ajax_t163sb05
上游,晶片封測服務,2449,京元電子,2013,3,balance_sheet,共同控制下前手權益,,--,sii,https://mopsov.twse.com.tw/mops/web/ajax_t163sb05
上游,晶片封測服務,2449,京元電子,2013,3,balance_sheet,合併前非屬共同控制股權,,--,sii,https://mopsov.twse.com.tw/mops/web/ajax_t163sb05
上游,晶片封測服務,2449,京元電子,2013,3,balance_sheet,非控制權益,3641,"3,641",sii,https://mopsov.twse.com.tw/mops/web/ajax_t163sb05
上游,晶片封測服務,2449,京元電子,2013,3,balance_sheet,權益總額,21264918,"21,264,918",sii,https://mopsov.twse.com.tw/mops/web/ajax_t163sb05
上游,晶片封測服務,2449,京元電子,2013,3,balance_sheet,預收股款（權益項下）之約當發行股數（單位：股）,0,0,sii,https://mopsov.twse.com.tw/mops/web/ajax_t163sb05
上游,晶片封測服務,2449,京元電子,2013,3,balance_sheet,母公司暨子公司所持有之母公司庫藏股股數（單位：股）,165000,"165,000",sii,https://mopsov.twse.com.tw/mops/web/ajax_t163sb05
上游,晶片封測服務,2449,京元電子,2013,3,balance_sheet,每股參考淨值,17.83,17.83,sii,https://mopsov.twse.com.tw/mops/web/ajax_t163sb05
上游,晶片封測服務,2449,京元電子,2013,3,cash_flow,營業活動之淨現金流入（流出）,4782344,"4,782,344",sii,https://mopsov.twse.com.tw/mops/web/ajax_t163sb20
上游,晶片封測服務,2449,京元電子,2013,3,cash_flow,投資活動之淨現金流入（流出）,-3327125,"-3,327,125",sii,https://mopsov.twse.com.tw/mops/web/ajax_t163sb20
上游,晶片封測服務,2449,京元電子,2013,3,cash_flow,籌資活動之淨現金流入（流出）,-1576950,"-1,576,950",sii,https://mopsov.twse.com.tw/mops/web/ajax_t163sb20
上游,晶片封測服務,2449,京元電子,2013,3,cash_flow,匯率變動對現金及約當現金之影響,43268,"43,268",sii,https://mopsov.twse.com.tw/mops/web/ajax_t163sb20
上游,晶片封測服務,2449,京元電子,2013,3,cash_flow,本期現金及約當現金增加（減少）數,-78463,"-78,463",sii,https://mopsov.twse.com.tw/mops/web/ajax_t163sb20
上游,晶片封測服務,2449,京元電子,2013,3,cash_flow,期初現金及約當現金餘額,8257219,"8,257,219",sii,https://mopsov.twse.com.tw/mops/web/ajax_t163sb20
上游,晶片封測服務,2449,京元電子,2013,3,cash_flow,期末現金及約當現金餘額,8178756,"8,178,756",sii,https://mopsov.twse.com.tw/mops/web/ajax_t163sb20
上游,晶片封測服務,2449,京元電子,2013,4,income_statement,營業收入,14694477,"14,694,477",sii,https://mopsov.twse.com.tw/mops/web/ajax_t163sb04
上游,晶片封測服務,2449,京元電子,2013,4,income_statement,營業成本,10680063,"10,680,063",sii,https://mopsov.twse.com.tw/mops/web/ajax_t163sb04
上游,晶片封測服務,2449,京元電子,2013,4,income_statement,營業毛利（毛損）,4014414,"4,014,414",sii,https://mopsov.twse.com.tw/mops/web/ajax_t163sb04
上游,晶片封測服務,2449,京元電子,2013,4,income_statement,未實現銷貨（損）益,,--,sii,https://mopsov.twse.com.tw/mops/web/ajax_t163sb04
上游,晶片封測服務,2449,京元電子,2013,4,income_statement,已實現銷貨（損）益,,--,sii,https://mopsov.twse.com.tw/mops/web/ajax_t163sb04
上游,晶片封測服務,2449,京元電子,2013,4,income_statement,營業毛利（毛損）淨額,4014414,"4,014,414",sii,https://mopsov.twse.com.tw/mops/web/ajax_t163sb04
上游,晶片封測服務,2449,京元電子,2013,4,income_statement,營業費用,1728662,"1,728,662",sii,https://mopsov.twse.com.tw/mops/web/ajax_t163sb04
上游,晶片封測服務,2449,京元電子,2013,4,income_statement,其他收益及費損淨額,,--,sii,https://mopsov.twse.com.tw/mops/web/ajax_t163sb04
上游,晶片封測服務,2449,京元電子,2013,4,income_statement,營業利益（損失）,2285752,"2,285,752",sii,https://mopsov.twse.com.tw/mops/web/ajax_t163sb04
上游,晶片封測服務,2449,京元電子,2013,4,income_statement,營業外收入及支出,34047,"34,047",sii,https://mopsov.twse.com.tw/mops/web/ajax_t163sb04
上游,晶片封測服務,2449,京元電子,2013,4,income_statement,稅前淨利（淨損）,2319799,"2,319,799",sii,https://mopsov.twse.com.tw/mops/web/ajax_t163sb04
上游,晶片封測服務,2449,京元電子,2013,4,income_statement,所得稅費用（利益）,502324,"502,324",sii,https://mopsov.twse.com.tw/mops/web/ajax_t163sb04
上游,晶片封測服務,2449,京元電子,2013,4,income_statement,繼續營業單位本期淨利（淨損）,1817475,"1,817,475",sii,https://mopsov.twse.com.tw/mops/web/ajax_t163sb04
上游,晶片封測服務,2449,京元電子,2013,4,income_statement,停業單位損益,,--,sii,https://mopsov.twse.com.tw/mops/web/ajax_t163sb04
上游,晶片封測服務,2449,京元電子,2013,4,income_statement,合併前非屬共同控制股權損益,,--,sii,https://mopsov.twse.com.tw/mops/web/ajax_t163sb04
上游,晶片封測服務,2449,京元電子,2013,4,income_statement,本期淨利（淨損）,1817475,"1,817,475",sii,https://mopsov.twse.com.tw/mops/web/ajax_t163sb04
上游,晶片封測服務,2449,京元電子,2013,4,income_statement,其他綜合損益（淨額）,204168,"204,168",sii,https://mopsov.twse.com.tw/mops/web/ajax_t163sb04
上游,晶片封測服務,2449,京元電子,2013,4,income_statement,合併前非屬共同控制股權綜合損益淨額,,--,sii,https://mopsov.twse.com.tw/mops/web/ajax_t163sb04
上游,晶片封測服務,2449,京元電子,2013,4,income_statement,本期綜合損益總額,2021643,"2,021,643",sii,https://mopsov.twse.com.tw/mops/web/ajax_t163sb04
上游,晶片封測服務,2449,京元電子,2013,4,income_statement,淨利（淨損）歸屬於母公司業主,1816371,"1,816,371",sii,https://mopsov.twse.com.tw/mops/web/ajax_t163sb04
上游,晶片封測服務,2449,京元電子,2013,4,income_statement,淨利（淨損）歸屬於共同控制下前手權益,,--,sii,https://mopsov.twse.com.tw/mops/web/ajax_t163sb04
上游,晶片封測服務,2449,京元電子,2013,4,income_statement,淨利（淨損）歸屬於非控制權益,1104,"1,104",sii,https://mopsov.twse.com.tw/mops/web/ajax_t163sb04
上游,晶片封測服務,2449,京元電子,2013,4,income_statement,綜合損益總額歸屬於母公司業主,2021119,"2,021,119",sii,https://mopsov.twse.com.tw/mops/web/ajax_t163sb04
上游,晶片封測服務,2449,京元電子,2013,4,income_statement,綜合損益總額歸屬於共同控制下前手權益,,--,sii,https://mopsov.twse.com.tw/mops/web/ajax_t163sb04
上游,晶片封測服務,2449,京元電子,2013,4,income_statement,綜合損益總額歸屬於非控制權益,524,524,sii,https://mopsov.twse.com.tw/mops/web/ajax_t163sb04
上游,晶片封測服務,2449,京元電子,2013,4,income_statement,基本每股盈餘（元）,1.53,1.53,sii,https://mopsov.twse.com.tw/mops/web/ajax_t163sb04
上游,晶片封測服務,2449,京元電子,2013,4,balance_sheet,流動資產,14622419,"14,622,419",sii,https://mopsov.twse.com.tw/mops/web/ajax_t163sb05
上游,晶片封測服務,2449,京元電子,2013,4,balance_sheet,非流動資產,22715875,"22,715,875",sii,https://mopsov.twse.com.tw/mops/web/ajax_t163sb05
上游,晶片封測服務,2449,京元電子,2013,4,balance_sheet,資產總額,37338294,"37,338,294",sii,https://mopsov.twse.com.tw/mops/web/ajax_t163sb05
上游,晶片封測服務,2449,京元電子,2013,4,balance_sheet,流動負債,4714996,"4,714,996",sii,https://mopsov.twse.com.tw/mops/web/ajax_t163sb05
上游,晶片封測服務,2449,京元電子,2013,4,balance_sheet,非流動負債,10929689,"10,929,689",sii,https://mopsov.twse.com.tw/mops/web/ajax_t163sb05
上游,晶片封測服務,2449,京元電子,2013,4,balance_sheet,負債總額,15644685,"15,644,685",sii,https://mopsov.twse.com.tw/mops/web/ajax_t163sb05
上游,晶片封測服務,2449,京元電子,2013,4,balance_sheet,股本,11925369,"11,925,369",sii,https://mopsov.twse.com.tw/mops/web/ajax_t163sb05
上游,晶片封測服務,2449,京元電子,2013,4,balance_sheet,資本公積,6620582,"6,620,582",sii,https://mopsov.twse.com.tw/mops/web/ajax_t163sb05
上游,晶片封測服務,2449,京元電子,2013,4,balance_sheet,保留盈餘,3119429,"3,119,429",sii,https://mopsov.twse.com.tw/mops/web/ajax_t163sb05
上游,晶片封測服務,2449,京元電子,2013,4,balance_sheet,其他權益,25413,"25,413",sii,https://mopsov.twse.com.tw/mops/web/ajax_t163sb05
上游,晶片封測服務,2449,京元電子,2013,4,balance_sheet,庫藏股票,-825,-825,sii,https://mopsov.twse.com.tw/mops/web/ajax_t163sb05
上游,晶片封測服務,2449,京元電子,2013,4,balance_sheet,歸屬於母公司業主之權益合計,21689968,"21,689,968",sii,https://mopsov.twse.com.tw/mops/web/ajax_t163sb05
上游,晶片封測服務,2449,京元電子,2013,4,balance_sheet,共同控制下前手權益,,--,sii,https://mopsov.twse.com.tw/mops/web/ajax_t163sb05
上游,晶片封測服務,2449,京元電子,2013,4,balance_sheet,合併前非屬共同控制股權,,--,sii,https://mopsov.twse.com.tw/mops/web/ajax_t163sb05
上游,晶片封測服務,2449,京元電子,2013,4,balance_sheet,非控制權益,3641,"3,641",sii,https://mopsov.twse.com.tw/mops/web/ajax_t163sb05
上游,晶片封測服務,2449,京元電子,2013,4,balance_sheet,權益總額,21693609,"21,693,609",sii,https://mopsov.twse.com.tw/mops/web/ajax_t163sb05
上游,晶片封測服務,2449,京元電子,2013,4,balance_sheet,預收股款（權益項下）之約當發行股數（單位：股）,0,0,sii,https://mopsov.twse.com.tw/mops/web/ajax_t163sb05
上游,晶片封測服務,2449,京元電子,2013,4,balance_sheet,母公司暨子公司所持有之母公司庫藏股股數（單位：股）,82500,"82,500",sii,https://mopsov.twse.com.tw/mops/web/ajax_t163sb05
上游,晶片封測服務,2449,京元電子,2013,4,balance_sheet,每股參考淨值,18.19,18.19,sii,https://mopsov.twse.com.tw/mops/web/ajax_t163sb05
上游,晶片封測服務,2449,京元電子,2013,4,cash_flow,營業活動之淨現金流入（流出）,6462023,"6,462,023",sii,https://mopsov.twse.com.tw/mops/web/ajax_t163sb20
上游,晶片封測服務,2449,京元電子,2013,4,cash_flow,投資活動之淨現金流入（流出）,-4533973,"-4,533,973",sii,https://mopsov.twse.com.tw/mops/web/ajax_t163sb20
上游,晶片封測服務,2449,京元電子,2013,4,cash_flow,籌資活動之淨現金流入（流出）,-1545609,"-1,545,609",sii,https://mopsov.twse.com.tw/mops/web/ajax_t163sb20
上游,晶片封測服務,2449,京元電子,2013,4,cash_flow,匯率變動對現金及約當現金之影響,68772,"68,772",sii,https://mopsov.twse.com.tw/mops/web/ajax_t163sb20
上游,晶片封測服務,2449,京元電子,2013,4,cash_flow,本期現金及約當現金增加（減少）數,451213,"451,213",sii,https://mopsov.twse.com.tw/mops/web/ajax_t163sb20
上游,晶片封測服務,2449,京元電子,2013,4,cash_flow,期初現金及約當現金餘額,8257219,"8,257,219",sii,https://mopsov.twse.com.tw/mops/web/ajax_t163sb20
上游,晶片封測服務,2449,京元電子,2013,4,cash_flow,期末現金及約當現金餘額,8708432,"8,708,432",sii,https://mopsov.twse.com.tw/mops/web/ajax_t163sb20
上游,晶片封測服務,2449,京元電子,2014,1,income_statement,營業收入,3529556,"3,529,556",sii,https://mopsov.twse.com.tw/mops/web/ajax_t163sb04
上游,晶片封測服務,2449,京元電子,2014,1,income_statement,營業成本,2567743,"2,567,743",sii,https://mopsov.twse.com.tw/mops/web/ajax_t163sb04
上游,晶片封測服務,2449,京元電子,2014,1,income_statement,營業毛利（毛損）,961813,"961,813",sii,https://mopsov.twse.com.tw/mops/web/ajax_t163sb04
上游,晶片封測服務,2449,京元電子,2014,1,income_statement,未實現銷貨（損）益,0,0,sii,https://mopsov.twse.com.tw/mops/web/ajax_t163sb04
上游,晶片封測服務,2449,京元電子,2014,1,income_statement,已實現銷貨（損）益,0,0,sii,https://mopsov.twse.com.tw/mops/web/ajax_t163sb04
上游,晶片封測服務,2449,京元電子,2014,1,income_statement,營業毛利（毛損）淨額,961813,"961,813",sii,https://mopsov.twse.com.tw/mops/web/ajax_t163sb04
上游,晶片封測服務,2449,京元電子,2014,1,income_statement,營業費用,449221,"449,221",sii,https://mopsov.twse.com.tw/mops/web/ajax_t163sb04
上游,晶片封測服務,2449,京元電子,2014,1,income_statement,其他收益及費損淨額,,--,sii,https://mopsov.twse.com.tw/mops/web/ajax_t163sb04
上游,晶片封測服務,2449,京元電子,2014,1,income_statement,營業利益（損失）,512592,"512,592",sii,https://mopsov.twse.com.tw/mops/web/ajax_t163sb04
上游,晶片封測服務,2449,京元電子,2014,1,income_statement,營業外收入及支出,15048,"15,048",sii,https://mopsov.twse.com.tw/mops/web/ajax_t163sb04
上游,晶片封測服務,2449,京元電子,2014,1,income_statement,稅前淨利（淨損）,527640,"527,640",sii,https://mopsov.twse.com.tw/mops/web/ajax_t163sb04
上游,晶片封測服務,2449,京元電子,2014,1,income_statement,所得稅費用（利益）,96639,"96,639",sii,https://mopsov.twse.com.tw/mops/web/ajax_t163sb04
上游,晶片封測服務,2449,京元電子,2014,1,income_statement,繼續營業單位本期淨利（淨損）,431001,"431,001",sii,https://mopsov.twse.com.tw/mops/web/ajax_t163sb04
上游,晶片封測服務,2449,京元電子,2014,1,income_statement,停業單位損益,,--,sii,https://mopsov.twse.com.tw/mops/web/ajax_t163sb04
上游,晶片封測服務,2449,京元電子,2014,1,income_statement,合併前非屬共同控制股權損益,,--,sii,https://mopsov.twse.com.tw/mops/web/ajax_t163sb04
上游,晶片封測服務,2449,京元電子,2014,1,income_statement,本期淨利（淨損）,431001,"431,001",sii,https://mopsov.twse.com.tw/mops/web/ajax_t163sb04
上游,晶片封測服務,2449,京元電子,2014,1,income_statement,其他綜合損益（淨額）,58133,"58,133",sii,https://mopsov.twse.com.tw/mops/web/ajax_t163sb04
上游,晶片封測服務,2449,京元電子,2014,1,income_statement,合併前非屬共同控制股權綜合損益淨額,,--,sii,https://mopsov.twse.com.tw/mops/web/ajax_t163sb04
上游,晶片封測服務,2449,京元電子,2014,1,income_statement,本期綜合損益總額,489134,"489,134",sii,https://mopsov.twse.com.tw/mops/web/ajax_t163sb04
上游,晶片封測服務,2449,京元電子,2014,1,income_statement,淨利（淨損）歸屬於母公司業主,430939,"430,939",sii,https://mopsov.twse.com.tw/mops/web/ajax_t163sb04
上游,晶片封測服務,2449,京元電子,2014,1,income_statement,淨利（淨損）歸屬於共同控制下前手權益,,--,sii,https://mopsov.twse.com.tw/mops/web/ajax_t163sb04
上游,晶片封測服務,2449,京元電子,2014,1,income_statement,淨利（淨損）歸屬於非控制權益,62,62,sii,https://mopsov.twse.com.tw/mops/web/ajax_t163sb04
上游,晶片封測服務,2449,京元電子,2014,1,income_statement,綜合損益總額歸屬於母公司業主,488917,"488,917",sii,https://mopsov.twse.com.tw/mops/web/ajax_t163sb04
上游,晶片封測服務,2449,京元電子,2014,1,income_statement,綜合損益總額歸屬於共同控制下前手權益,,--,sii,https://mopsov.twse.com.tw/mops/web/ajax_t163sb04
上游,晶片封測服務,2449,京元電子,2014,1,income_statement,綜合損益總額歸屬於非控制權益,217,217,sii,https://mopsov.twse.com.tw/mops/web/ajax_t163sb04
上游,晶片封測服務,2449,京元電子,2014,1,income_statement,基本每股盈餘（元）,0.36,0.36,sii,https://mopsov.twse.com.tw/mops/web/ajax_t163sb04
上游,晶片封測服務,2449,京元電子,2014,1,balance_sheet,流動資產,14265411,"14,265,411",sii,https://mopsov.twse.com.tw/mops/web/ajax_t163sb05
上游,晶片封測服務,2449,京元電子,2014,1,balance_sheet,非流動資產,23618315,"23,618,315",sii,https://mopsov.twse.com.tw/mops/web/ajax_t163sb05
上游,晶片封測服務,2449,京元電子,2014,1,balance_sheet,資產總額,37883726,"37,883,726",sii,https://mopsov.twse.com.tw/mops/web/ajax_t163sb05
上游,晶片封測服務,2449,京元電子,2014,1,balance_sheet,流動負債,5299372,"5,299,372",sii,https://mopsov.twse.com.tw/mops/web/ajax_t163sb05
上游,晶片封測服務,2449,京元電子,2014,1,balance_sheet,非流動負債,10400573,"10,400,573",sii,https://mopsov.twse.com.tw/mops/web/ajax_t163sb05
上游,晶片封測服務,2449,京元電子,2014,1,balance_sheet,負債總額,15699945,"15,699,945",sii,https://mopsov.twse.com.tw/mops/web/ajax_t163sb05
上游,晶片封測服務,2449,京元電子,2014,1,balance_sheet,股本,11924424,"11,924,424",sii,https://mopsov.twse.com.tw/mops/web/ajax_t163sb05
上游,晶片封測服務,2449,京元電子,2014,1,balance_sheet,資本公積,6620629,"6,620,629",sii,https://mopsov.twse.com.tw/mops/web/ajax_t163sb05
上游,晶片封測服務,2449,京元電子,2014,1,balance_sheet,保留盈餘,3546235,"3,546,235",sii,https://mopsov.twse.com.tw/mops/web/ajax_t163sb05
上游,晶片封測服務,2449,京元電子,2014,1,balance_sheet,其他權益,88635,"88,635",sii,https://mopsov.twse.com.tw/mops/web/ajax_t163sb05
上游,晶片封測服務,2449,京元電子,2014,1,balance_sheet,庫藏股票,0,0,sii,https://mopsov.twse.com.tw/mops/web/ajax_t163sb05
上游,晶片封測服務,2449,京元電子,2014,1,balance_sheet,歸屬於母公司業主之權益合計,22179923,"22,179,923",sii,https://mopsov.twse.com.tw/mops/web/ajax_t163sb05
上游,晶片封測服務,2449,京元電子,2014,1,balance_sheet,共同控制下前手權益,,--,sii,https://mopsov.twse.com.tw/mops/web/ajax_t163sb05
上游,晶片封測服務,2449,京元電子,2014,1,balance_sheet,合併前非屬共同控制股權,,--,sii,https://mopsov.twse.com.tw/mops/web/ajax_t163sb05
上游,晶片封測服務,2449,京元電子,2014,1,balance_sheet,非控制權益,3858,"3,858",sii,https://mopsov.twse.com.tw/mops/web/ajax_t163sb05
上游,晶片封測服務,2449,京元電子,2014,1,balance_sheet,權益總額,22183781,"22,183,781",sii,https://mopsov.twse.com.tw/mops/web/ajax_t163sb05
上游,晶片封測服務,2449,京元電子,2014,1,balance_sheet,待註銷股本股數（單位：股）,0,0,sii,https://mopsov.twse.com.tw/mops/web/ajax_t163sb05
上游,晶片封測服務,2449,京元電子,2014,1,balance_sheet,預收股款（權益項下）之約當發行股數（單位：股）,0,0,sii,https://mopsov.twse.com.tw/mops/web/ajax_t163sb05
上游,晶片封測服務,2449,京元電子,2014,1,balance_sheet,母公司暨子公司所持有之母公司庫藏股股數（單位：股）,0,0,sii,https://mopsov.twse.com.tw/mops/web/ajax_t163sb05
上游,晶片封測服務,2449,京元電子,2014,1,balance_sheet,每股參考淨值,18.6,18.60,sii,https://mopsov.twse.com.tw/mops/web/ajax_t163sb05
上游,晶片封測服務,2449,京元電子,2014,1,cash_flow,營業活動之淨現金流入（流出）,1599659,"1,599,659",sii,https://mopsov.twse.com.tw/mops/web/ajax_t163sb20
上游,晶片封測服務,2449,京元電子,2014,1,cash_flow,投資活動之淨現金流入（流出）,-1709659,"-1,709,659",sii,https://mopsov.twse.com.tw/mops/web/ajax_t163sb20
上游,晶片封測服務,2449,京元電子,2014,1,cash_flow,籌資活動之淨現金流入（流出）,10357,"10,357",sii,https://mopsov.twse.com.tw/mops/web/ajax_t163sb20
上游,晶片封測服務,2449,京元電子,2014,1,cash_flow,匯率變動對現金及約當現金之影響,21665,"21,665",sii,https://mopsov.twse.com.tw/mops/web/ajax_t163sb20
上游,晶片封測服務,2449,京元電子,2014,1,cash_flow,本期現金及約當現金增加（減少）數,-77978,"-77,978",sii,https://mopsov.twse.com.tw/mops/web/ajax_t163sb20
上游,晶片封測服務,2449,京元電子,2014,1,cash_flow,期初現金及約當現金餘額,8708432,"8,708,432",sii,https://mopsov.twse.com.tw/mops/web/ajax_t163sb20
上游,晶片封測服務,2449,京元電子,2014,1,cash_flow,期末現金及約當現金餘額,8630454,"8,630,454",sii,https://mopsov.twse.com.tw/mops/web/ajax_t163sb20
上游,晶片封測服務,2449,京元電子,2014,2,income_statement,營業收入,7655829,"7,655,829",sii,https://mopsov.twse.com.tw/mops/web/ajax_t163sb04
上游,晶片封測服務,2449,京元電子,2014,2,income_statement,營業成本,5386893,"5,386,893",sii,https://mopsov.twse.com.tw/mops/web/ajax_t163sb04
上游,晶片封測服務,2449,京元電子,2014,2,income_statement,營業毛利（毛損）,2268936,"2,268,936",sii,https://mopsov.twse.com.tw/mops/web/ajax_t163sb04
上游,晶片封測服務,2449,京元電子,2014,2,income_statement,未實現銷貨（損）益,0,0,sii,https://mopsov.twse.com.tw/mops/web/ajax_t163sb04
上游,晶片封測服務,2449,京元電子,2014,2,income_statement,已實現銷貨（損）益,0,0,sii,https://mopsov.twse.com.tw/mops/web/ajax_t163sb04
上游,晶片封測服務,2449,京元電子,2014,2,income_statement,營業毛利（毛損）淨額,2268936,"2,268,936",sii,https://mopsov.twse.com.tw/mops/web/ajax_t163sb04
上游,晶片封測服務,2449,京元電子,2014,2,income_statement,營業費用,930940,"930,940",sii,https://mopsov.twse.com.tw/mops/web/ajax_t163sb04
上游,晶片封測服務,2449,京元電子,2014,2,income_statement,其他收益及費損淨額,,--,sii,https://mopsov.twse.com.tw/mops/web/ajax_t163sb04
上游,晶片封測服務,2449,京元電子,2014,2,income_statement,營業利益（損失）,1337996,"1,337,996",sii,https://mopsov.twse.com.tw/mops/web/ajax_t163sb04
上游,晶片封測服務,2449,京元電子,2014,2,income_statement,營業外收入及支出,101811,"101,811",sii,https://mopsov.twse.com.tw/mops/web/ajax_t163sb04
上游,晶片封測服務,2449,京元電子,2014,2,income_statement,稅前淨利（淨損）,1439807,"1,439,807",sii,https://mopsov.twse.com.tw/mops/web/ajax_t163sb04
上游,晶片封測服務,2449,京元電子,2014,2,income_statement,所得稅費用（利益）,226057,"226,057",sii,https://mopsov.twse.com.tw/mops/web/ajax_t163sb04
上游,晶片封測服務,2449,京元電子,2014,2,income_statement,繼續營業單位本期淨利（淨損）,1213750,"1,213,750",sii,https://mopsov.twse.com.tw/mops/web/ajax_t163sb04
上游,晶片封測服務,2449,京元電子,2014,2,income_statement,停業單位損益,,--,sii,https://mopsov.twse.com.tw/mops/web/ajax_t163sb04
上游,晶片封測服務,2449,京元電子,2014,2,income_statement,合併前非屬共同控制股權損益,,--,sii,https://mopsov.twse.com.tw/mops/web/ajax_t163sb04
上游,晶片封測服務,2449,京元電子,2014,2,income_statement,本期淨利（淨損）,1213750,"1,213,750",sii,https://mopsov.twse.com.tw/mops/web/ajax_t163sb04
上游,晶片封測服務,2449,京元電子,2014,2,income_statement,其他綜合損益（淨額）,-27683,"-27,683",sii,https://mopsov.twse.com.tw/mops/web/ajax_t163sb04
上游,晶片封測服務,2449,京元電子,2014,2,income_statement,合併前非屬共同控制股權綜合損益淨額,,--,sii,https://mopsov.twse.com.tw/mops/web/ajax_t163sb04
上游,晶片封測服務,2449,京元電子,2014,2,income_statement,本期綜合損益總額,1186067,"1,186,067",sii,https://mopsov.twse.com.tw/mops/web/ajax_t163sb04
上游,晶片封測服務,2449,京元電子,2014,2,income_statement,淨利（淨損）歸屬於母公司業主,1213381,"1,213,381",sii,https://mopsov.twse.com.tw/mops/web/ajax_t163sb04
上游,晶片封測服務,2449,京元電子,2014,2,income_statement,淨利（淨損）歸屬於共同控制下前手權益,,--,sii,https://mopsov.twse.com.tw/mops/web/ajax_t163sb04
上游,晶片封測服務,2449,京元電子,2014,2,income_statement,淨利（淨損）歸屬於非控制權益,369,369,sii,https://mopsov.twse.com.tw/mops/web/ajax_t163sb04
上游,晶片封測服務,2449,京元電子,2014,2,income_statement,綜合損益總額歸屬於母公司業主,1185561,"1,185,561",sii,https://mopsov.twse.com.tw/mops/web/ajax_t163sb04
上游,晶片封測服務,2449,京元電子,2014,2,income_statement,綜合損益總額歸屬於共同控制下前手權益,,--,sii,https://mopsov.twse.com.tw/mops/web/ajax_t163sb04
上游,晶片封測服務,2449,京元電子,2014,2,income_statement,綜合損益總額歸屬於非控制權益,506,506,sii,https://mopsov.twse.com.tw/mops/web/ajax_t163sb04
上游,晶片封測服務,2449,京元電子,2014,2,income_statement,基本每股盈餘（元）,1.02,1.02,sii,https://mopsov.twse.com.tw/mops/web/ajax_t163sb04
上游,晶片封測服務,2449,京元電子,2014,2,balance_sheet,流動資產,13273913,"13,273,913",sii,https://mopsov.twse.com.tw/mops/web/ajax_t163sb05
上游,晶片封測服務,2449,京元電子,2014,2,balance_sheet,非流動資產,25609378,"25,609,378",sii,https://mopsov.twse.com.tw/mops/web/ajax_t163sb05
上游,晶片封測服務,2449,京元電子,2014,2,balance_sheet,資產總額,38883291,"38,883,291",sii,https://mopsov.twse.com.tw/mops/web/ajax_t163sb05
上游,晶片封測服務,2449,京元電子,2014,2,balance_sheet,流動負債,7306466,"7,306,466",sii,https://mopsov.twse.com.tw/mops/web/ajax_t163sb05
上游,晶片封測服務,2449,京元電子,2014,2,balance_sheet,非流動負債,10242372,"10,242,372",sii,https://mopsov.twse.com.tw/mops/web/ajax_t163sb05
上游,晶片封測服務,2449,京元電子,2014,2,balance_sheet,負債總額,17548838,"17,548,838",sii,https://mopsov.twse.com.tw/mops/web/ajax_t163sb05
上游,晶片封測服務,2449,京元電子,2014,2,balance_sheet,股本,11923184,"11,923,184",sii,https://mopsov.twse.com.tw/mops/web/ajax_t163sb05
上游,晶片封測服務,2449,京元電子,2014,2,balance_sheet,資本公積,6621829,"6,621,829",sii,https://mopsov.twse.com.tw/mops/web/ajax_t163sb05
上游,晶片封測服務,2449,京元電子,2014,2,balance_sheet,保留盈餘,2777538,"2,777,538",sii,https://mopsov.twse.com.tw/mops/web/ajax_t163sb05
上游,晶片封測服務,2449,京元電子,2014,2,balance_sheet,其他權益,7755,"7,755",sii,https://mopsov.twse.com.tw/mops/web/ajax_t163sb05
上游,晶片封測服務,2449,京元電子,2014,2,balance_sheet,庫藏股票,0,0,sii,https://mopsov.twse.com.tw/mops/web/ajax_t163sb05
上游,晶片封測服務,2449,京元電子,2014,2,balance_sheet,歸屬於母公司業主之權益合計,21330306,"21,330,306",sii,https://mopsov.twse.com.tw/mops/web/ajax_t163sb05
上游,晶片封測服務,2449,京元電子,2014,2,balance_sheet,共同控制下前手權益,,--,sii,https://mopsov.twse.com.tw/mops/web/ajax_t163sb05
上游,晶片封測服務,2449,京元電子,2014,2,balance_sheet,合併前非屬共同控制股權,,--,sii,https://mopsov.twse.com.tw/mops/web/ajax_t163sb05
上游,晶片封測服務,2449,京元電子,2014,2,balance_sheet,非控制權益,4147,"4,147",sii,https://mopsov.twse.com.tw/mops/web/ajax_t163sb05
上游,晶片封測服務,2449,京元電子,2014,2,balance_sheet,權益總額,21334453,"21,334,453",sii,https://mopsov.twse.com.tw/mops/web/ajax_t163sb05
上游,晶片封測服務,2449,京元電子,2014,2,balance_sheet,待註銷股本股數（單位：股）,0,0,sii,https://mopsov.twse.com.tw/mops/web/ajax_t163sb05
上游,晶片封測服務,2449,京元電子,2014,2,balance_sheet,預收股款（權益項下）之約當發行股數（單位：股）,0,0,sii,https://mopsov.twse.com.tw/mops/web/ajax_t163sb05
上游,晶片封測服務,2449,京元電子,2014,2,balance_sheet,母公司暨子公司所持有之母公司庫藏股股數（單位：股）,0,0,sii,https://mopsov.twse.com.tw/mops/web/ajax_t163sb05
上游,晶片封測服務,2449,京元電子,2014,2,balance_sheet,每股參考淨值,17.89,17.89,sii,https://mopsov.twse.com.tw/mops/web/ajax_t163sb05
上游,晶片封測服務,2449,京元電子,2014,2,cash_flow,營業活動之淨現金流入（流出）,2937810,"2,937,810",sii,https://mopsov.twse.com.tw/mops/web/ajax_t163sb20
上游,晶片封測服務,2449,京元電子,2014,2,cash_flow,投資活動之淨現金流入（流出）,-4429706,"-4,429,706",sii,https://mopsov.twse.com.tw/mops/web/ajax_t163sb20
上游,晶片封測服務,2449,京元電子,2014,2,cash_flow,籌資活動之淨現金流入（流出）,-257933,"-257,933",sii,https://mopsov.twse.com.tw/mops/web/ajax_t163sb20
上游,晶片封測服務,2449,京元電子,2014,2,cash_flow,匯率變動對現金及約當現金之影響,-16738,"-16,738",sii,https://mopsov.twse.com.tw/mops/web/ajax_t163sb20
上游,晶片封測服務,2449,京元電子,2014,2,cash_flow,本期現金及約當現金增加（減少）數,-1766567,"-1,766,567",sii,https://mopsov.twse.com.tw/mops/web/ajax_t163sb20
上游,晶片封測服務,2449,京元電子,2014,2,cash_flow,期初現金及約當現金餘額,8708432,"8,708,432",sii,https://mopsov.twse.com.tw/mops/web/ajax_t163sb20
上游,晶片封測服務,2449,京元電子,2014,2,cash_flow,期末現金及約當現金餘額,6941865,"6,941,865",sii,https://mopsov.twse.com.tw/mops/web/ajax_t163sb20
上游,晶片封測服務,2449,京元電子,2014,3,income_statement,營業收入,12049785,"12,049,785",sii,https://mopsov.twse.com.tw/mops/web/ajax_t163sb04
上游,晶片封測服務,2449,京元電子,2014,3,income_statement,營業成本,8367672,"8,367,672",sii,https://mopsov.twse.com.tw/mops/web/ajax_t163sb04
上游,晶片封測服務,2449,京元電子,2014,3,income_statement,營業毛利（毛損）,3682113,"3,682,113",sii,https://mopsov.twse.com.tw/mops/web/ajax_t163sb04
上游,晶片封測服務,2449,京元電子,2014,3,income_statement,未實現銷貨（損）益,0,0,sii,https://mopsov.twse.com.tw/mops/web/ajax_t163sb04
上游,晶片封測服務,2449,京元電子,2014,3,income_statement,已實現銷貨（損）益,0,0,sii,https://mopsov.twse.com.tw/mops/web/ajax_t163sb04
上游,晶片封測服務,2449,京元電子,2014,3,income_statement,營業毛利（毛損）淨額,3682113,"3,682,113",sii,https://mopsov.twse.com.tw/mops/web/ajax_t163sb04
上游,晶片封測服務,2449,京元電子,2014,3,income_statement,營業費用,1448610,"1,448,610",sii,https://mopsov.twse.com.tw/mops/web/ajax_t163sb04
上游,晶片封測服務,2449,京元電子,2014,3,income_statement,其他收益及費損淨額,,--,sii,https://mopsov.twse.com.tw/mops/web/ajax_t163sb04
上游,晶片封測服務,2449,京元電子,2014,3,income_statement,營業利益（損失）,2233503,"2,233,503",sii,https://mopsov.twse.com.tw/mops/web/ajax_t163sb04
上游,晶片封測服務,2449,京元電子,2014,3,income_statement,營業外收入及支出,173400,"173,400",sii,https://mopsov.twse.com.tw/mops/web/ajax_t163sb04
上游,晶片封測服務,2449,京元電子,2014,3,income_statement,稅前淨利（淨損）,2406903,"2,406,903",sii,https://mopsov.twse.com.tw/mops/web/ajax_t163sb04
上游,晶片封測服務,2449,京元電子,2014,3,income_statement,所得稅費用（利益）,374415,"374,415",sii,https://mopsov.twse.com.tw/mops/web/ajax_t163sb04
上游,晶片封測服務,2449,京元電子,2014,3,income_statement,繼續營業單位本期淨利（淨損）,2032488,"2,032,488",sii,https://mopsov.twse.com.tw/mops/web/ajax_t163sb04
上游,晶片封測服務,2449,京元電子,2014,3,income_statement,停業單位損益,,--,sii,https://mopsov.twse.com.tw/mops/web/ajax_t163sb04
上游,晶片封測服務,2449,京元電子,2014,3,income_statement,合併前非屬共同控制股權損益,,--,sii,https://mopsov.twse.com.tw/mops/web/ajax_t163sb04
上游,晶片封測服務,2449,京元電子,2014,3,income_statement,本期淨利（淨損）,2032488,"2,032,488",sii,https://mopsov.twse.com.tw/mops/web/ajax_t163sb04
上游,晶片封測服務,2449,京元電子,2014,3,income_statement,其他綜合損益（淨額）,45602,"45,602",sii,https://mopsov.twse.com.tw/mops/web/ajax_t163sb04
上游,晶片封測服務,2449,京元電子,2014,3,income_statement,合併前非屬共同控制股權綜合損益淨額,,--,sii,https://mopsov.twse.com.tw/mops/web/ajax_t163sb04
上游,晶片封測服務,2449,京元電子,2014,3,income_statement,本期綜合損益總額,2078090,"2,078,090",sii,https://mopsov.twse.com.tw/mops/web/ajax_t163sb04
上游,晶片封測服務,2449,京元電子,2014,3,income_statement,淨利（淨損）歸屬於母公司業主,2031772,"2,031,772",sii,https://mopsov.twse.com.tw/mops/web/ajax_t163sb04
上游,晶片封測服務,2449,京元電子,2014,3,income_statement,淨利（淨損）歸屬於共同控制下前手權益,,--,sii,https://mopsov.twse.com.tw/mops/web/ajax_t163sb04
上游,晶片封測服務,2449,京元電子,2014,3,income_statement,淨利（淨損）歸屬於非控制權益,716,716,sii,https://mopsov.twse.com.tw/mops/web/ajax_t163sb04
上游,晶片封測服務,2449,京元電子,2014,3,income_statement,綜合損益總額歸屬於母公司業主,2077486,"2,077,486",sii,https://mopsov.twse.com.tw/mops/web/ajax_t163sb04
上游,晶片封測服務,2449,京元電子,2014,3,income_statement,綜合損益總額歸屬於共同控制下前手權益,,--,sii,https://mopsov.twse.com.tw/mops/web/ajax_t163sb04
上游,晶片封測服務,2449,京元電子,2014,3,income_statement,綜合損益總額歸屬於非控制權益,604,604,sii,https://mopsov.twse.com.tw/mops/web/ajax_t163sb04
上游,晶片封測服務,2449,京元電子,2014,3,income_statement,基本每股盈餘（元）,1.71,1.71,sii,https://mopsov.twse.com.tw/mops/web/ajax_t163sb04
上游,晶片封測服務,2449,京元電子,2014,3,balance_sheet,流動資產,12385120,"12,385,120",sii,https://mopsov.twse.com.tw/mops/web/ajax_t163sb05
上游,晶片封測服務,2449,京元電子,2014,3,balance_sheet,非流動資產,26321369,"26,321,369",sii,https://mopsov.twse.com.tw/mops/web/ajax_t163sb05
上游,晶片封測服務,2449,京元電子,2014,3,balance_sheet,資產總額,38706489,"38,706,489",sii,https://mopsov.twse.com.tw/mops/web/ajax_t163sb05
上游,晶片封測服務,2449,京元電子,2014,3,balance_sheet,流動負債,5951358,"5,951,358",sii,https://mopsov.twse.com.tw/mops/web/ajax_t163sb05
上游,晶片封測服務,2449,京元電子,2014,3,balance_sheet,非流動負債,10522803,"10,522,803",sii,https://mopsov.twse.com.tw/mops/web/ajax_t163sb05
上游,晶片封測服務,2449,京元電子,2014,3,balance_sheet,負債總額,16474161,"16,474,161",sii,https://mopsov.twse.com.tw/mops/web/ajax_t163sb05
上游,晶片封測服務,2449,京元電子,2014,3,balance_sheet,股本,11923184,"11,923,184",sii,https://mopsov.twse.com.tw/mops/web/ajax_t163sb05
上游,晶片封測服務,2449,京元電子,2014,3,balance_sheet,資本公積,6623735,"6,623,735",sii,https://mopsov.twse.com.tw/mops/web/ajax_t163sb05
上游,晶片封測服務,2449,京元電子,2014,3,balance_sheet,保留盈餘,3595939,"3,595,939",sii,https://mopsov.twse.com.tw/mops/web/ajax_t163sb05
上游,晶片封測服務,2449,京元電子,2014,3,balance_sheet,其他權益,85225,"85,225",sii,https://mopsov.twse.com.tw/mops/web/ajax_t163sb05
上游,晶片封測服務,2449,京元電子,2014,3,balance_sheet,庫藏股票,0,0,sii,https://mopsov.twse.com.tw/mops/web/ajax_t163sb05
上游,晶片封測服務,2449,京元電子,2014,3,balance_sheet,歸屬於母公司業主之權益合計,22228083,"22,228,083",sii,https://mopsov.twse.com.tw/mops/web/ajax_t163sb05
上游,晶片封測服務,2449,京元電子,2014,3,balance_sheet,共同控制下前手權益,,--,sii,https://mopsov.twse.com.tw/mops/web/ajax_t163sb05
上游,晶片封測服務,2449,京元電子,2014,3,balance_sheet,合併前非屬共同控制股權,,--,sii,https://mopsov.twse.com.tw/mops/web/ajax_t163sb05
上游,晶片封測服務,2449,京元電子,2014,3,balance_sheet,非控制權益,4245,"4,245",sii,https://mopsov.twse.com.tw/mops/web/ajax_t163sb05
上游,晶片封測服務,2449,京元電子,2014,3,balance_sheet,權益總額,22232328,"22,232,328",sii,https://mopsov.twse.com.tw/mops/web/ajax_t163sb05
上游,晶片封測服務,2449,京元電子,2014,3,balance_sheet,待註銷股本股數（單位：股）,0,0,sii,https://mopsov.twse.com.tw/mops/web/ajax_t163sb05
上游,晶片封測服務,2449,京元電子,2014,3,balance_sheet,預收股款（權益項下）之約當發行股數（單位：股）,0,0,sii,https://mopsov.twse.com.tw/mops/web/ajax_t163sb05
上游,晶片封測服務,2449,京元電子,2014,3,balance_sheet,母公司暨子公司所持有之母公司庫藏股股數（單位：股）,0,0,sii,https://mopsov.twse.com.tw/mops/web/ajax_t163sb05
上游,晶片封測服務,2449,京元電子,2014,3,balance_sheet,每股參考淨值,18.64,18.64,sii,https://mopsov.twse.com.tw/mops/web/ajax_t163sb05
上游,晶片封測服務,2449,京元電子,2014,3,cash_flow,營業活動之淨現金流入（流出）,4618958,"4,618,958",sii,https://mopsov.twse.com.tw/mops/web/ajax_t163sb20
上游,晶片封測服務,2449,京元電子,2014,3,cash_flow,投資活動之淨現金流入（流出）,-6712518,"-6,712,518",sii,https://mopsov.twse.com.tw/mops/web/ajax_t163sb20
上游,晶片封測服務,2449,京元電子,2014,3,cash_flow,籌資活動之淨現金流入（流出）,32970,"32,970",sii,https://mopsov.twse.com.tw/mops/web/ajax_t163sb20
上游,晶片封測服務,2449,京元電子,2014,3,cash_flow,匯率變動對現金及約當現金之影響,19795,"19,795",sii,https://mopsov.twse.com.tw/mops/web/ajax_t163sb20
上游,晶片封測服務,2449,京元電子,2014,3,cash_flow,本期現金及約當現金增加（減少）數,-2040795,"-2,040,795",sii,https://mopsov.twse.com.tw/mops/web/ajax_t163sb20
上游,晶片封測服務,2449,京元電子,2014,3,cash_flow,期初現金及約當現金餘額,8708432,"8,708,432",sii,https://mopsov.twse.com.tw/mops/web/ajax_t163sb20
上游,晶片封測服務,2449,京元電子,2014,3,cash_flow,期末現金及約當現金餘額,6667637,"6,667,637",sii,https://mopsov.twse.com.tw/mops/web/ajax_t163sb20
上游,晶片封測服務,2449,京元電子,2014,4,income_statement,營業收入,16277769,"16,277,769",sii,https://mopsov.twse.com.tw/mops/web/ajax_t163sb04
上游,晶片封測服務,2449,京元電子,2014,4,income_statement,營業成本,11396039,"11,396,039",sii,https://mopsov.twse.com.tw/mops/web/ajax_t163sb04
上游,晶片封測服務,2449,京元電子,2014,4,income_statement,營業毛利（毛損）,4881730,"4,881,730",sii,https://mopsov.twse.com.tw/mops/web/ajax_t163sb04
上游,晶片封測服務,2449,京元電子,2014,4,income_statement,未實現銷貨（損）益,,--,sii,https://mopsov.twse.com.tw/mops/web/ajax_t163sb04
上游,晶片封測服務,2449,京元電子,2014,4,income_statement,已實現銷貨（損）益,,--,sii,https://mopsov.twse.com.tw/mops/web/ajax_t163sb04
上游,晶片封測服務,2449,京元電子,2014,4,income_statement,營業毛利（毛損）淨額,4881730,"4,881,730",sii,https://mopsov.twse.com.tw/mops/web/ajax_t163sb04
上游,晶片封測服務,2449,京元電子,2014,4,income_statement,營業費用,1949499,"1,949,499",sii,https://mopsov.twse.com.tw/mops/web/ajax_t163sb04
上游,晶片封測服務,2449,京元電子,2014,4,income_statement,其他收益及費損淨額,,--,sii,https://mopsov.twse.com.tw/mops/web/ajax_t163sb04
上游,晶片封測服務,2449,京元電子,2014,4,income_statement,營業利益（損失）,2932231,"2,932,231",sii,https://mopsov.twse.com.tw/mops/web/ajax_t163sb04
上游,晶片封測服務,2449,京元電子,2014,4,income_statement,營業外收入及支出,187129,"187,129",sii,https://mopsov.twse.com.tw/mops/web/ajax_t163sb04
上游,晶片封測服務,2449,京元電子,2014,4,income_statement,稅前淨利（淨損）,3119360,"3,119,360",sii,https://mopsov.twse.com.tw/mops/web/ajax_t163sb04
上游,晶片封測服務,2449,京元電子,2014,4,income_statement,所得稅費用（利益）,559629,"559,629",sii,https://mopsov.twse.com.tw/mops/web/ajax_t163sb04
上游,晶片封測服務,2449,京元電子,2014,4,income_statement,繼續營業單位本期淨利（淨損）,2559731,"2,559,731",sii,https://mopsov.twse.com.tw/mops/web/ajax_t163sb04
上游,晶片封測服務,2449,京元電子,2014,4,income_statement,停業單位損益,,--,sii,https://mopsov.twse.com.tw/mops/web/ajax_t163sb04
上游,晶片封測服務,2449,京元電子,2014,4,income_statement,合併前非屬共同控制股權損益,,--,sii,https://mopsov.twse.com.tw/mops/web/ajax_t163sb04
上游,晶片封測服務,2449,京元電子,2014,4,income_statement,本期淨利（淨損）,2559731,"2,559,731",sii,https://mopsov.twse.com.tw/mops/web/ajax_t163sb04
上游,晶片封測服務,2449,京元電子,2014,4,income_statement,其他綜合損益（淨額）,246059,"246,059",sii,https://mopsov.twse.com.tw/mops/web/ajax_t163sb04
上游,晶片封測服務,2449,京元電子,2014,4,income_statement,合併前非屬共同控制股權綜合損益淨額,,--,sii,https://mopsov.twse.com.tw/mops/web/ajax_t163sb04
上游,晶片封測服務,2449,京元電子,2014,4,income_statement,本期綜合損益總額,2805790,"2,805,790",sii,https://mopsov.twse.com.tw/mops/web/ajax_t163sb04
上游,晶片封測服務,2449,京元電子,2014,4,income_statement,淨利（淨損）歸屬於母公司業主,2559056,"2,559,056",sii,https://mopsov.twse.com.tw/mops/web/ajax_t163sb04
上游,晶片封測服務,2449,京元電子,2014,4,income_statement,淨利（淨損）歸屬於共同控制下前手權益,,--,sii,https://mopsov.twse.com.tw/mops/web/ajax_t163sb04
上游,晶片封測服務,2449,京元電子,2014,4,income_statement,淨利（淨損）歸屬於非控制權益,675,675,sii,https://mopsov.twse.com.tw/mops/web/ajax_t163sb04
上游,晶片封測服務,2449,京元電子,2014,4,income_statement,綜合損益總額歸屬於母公司業主,2805437,"2,805,437",sii,https://mopsov.twse.com.tw/mops/web/ajax_t163sb04
上游,晶片封測服務,2449,京元電子,2014,4,income_statement,綜合損益總額歸屬於共同控制下前手權益,,--,sii,https://mopsov.twse.com.tw/mops/web/ajax_t163sb04
上游,晶片封測服務,2449,京元電子,2014,4,income_statement,綜合損益總額歸屬於非控制權益,353,353,sii,https://mopsov.twse.com.tw/mops/web/ajax_t163sb04
上游,晶片封測服務,2449,京元電子,2014,4,income_statement,基本每股盈餘（元）,2.15,2.15,sii,https://mopsov.twse.com.tw/mops/web/ajax_t163sb04
上游,晶片封測服務,2449,京元電子,2014,4,balance_sheet,流動資產,12923358,"12,923,358",sii,https://mopsov.twse.com.tw/mops/web/ajax_t163sb05
上游,晶片封測服務,2449,京元電子,2014,4,balance_sheet,非流動資產,26799000,"26,799,000",sii,https://mopsov.twse.com.tw/mops/web/ajax_t163sb05
上游,晶片封測服務,2449,京元電子,2014,4,balance_sheet,資產總額,39722358,"39,722,358",sii,https://mopsov.twse.com.tw/mops/web/ajax_t163sb05
上游,晶片封測服務,2449,京元電子,2014,4,balance_sheet,流動負債,5611642,"5,611,642",sii,https://mopsov.twse.com.tw/mops/web/ajax_t163sb05
上游,晶片封測服務,2449,京元電子,2014,4,balance_sheet,非流動負債,11151860,"11,151,860",sii,https://mopsov.twse.com.tw/mops/web/ajax_t163sb05
上游,晶片封測服務,2449,京元電子,2014,4,balance_sheet,負債總額,16763502,"16,763,502",sii,https://mopsov.twse.com.tw/mops/web/ajax_t163sb05
上游,晶片封測服務,2449,京元電子,2014,4,balance_sheet,股本,11923184,"11,923,184",sii,https://mopsov.twse.com.tw/mops/web/ajax_t163sb05
上游,晶片封測服務,2449,京元電子,2014,4,balance_sheet,資本公積,6623735,"6,623,735",sii,https://mopsov.twse.com.tw/mops/web/ajax_t163sb05
上游,晶片封測服務,2449,京元電子,2014,4,balance_sheet,保留盈餘,4115067,"4,115,067",sii,https://mopsov.twse.com.tw/mops/web/ajax_t163sb05
上游,晶片封測服務,2449,京元電子,2014,4,balance_sheet,其他權益,292876,"292,876",sii,https://mopsov.twse.com.tw/mops/web/ajax_t163sb05
上游,晶片封測服務,2449,京元電子,2014,4,balance_sheet,庫藏股票,0,0,sii,https://mopsov.twse.com.tw/mops/web/ajax_t163sb05
上游,晶片封測服務,2449,京元電子,2014,4,balance_sheet,歸屬於母公司業主之權益合計,22954862,"22,954,862",sii,https://mopsov.twse.com.tw/mops/web/ajax_t163sb05
上游,晶片封測服務,2449,京元電子,2014,4,balance_sheet,共同控制下前手權益,,--,sii,https://mopsov.twse.com.tw/mops/web/ajax_t163sb05
上游,晶片封測服務,2449,京元電子,2014,4,balance_sheet,合併前非屬共同控制股權,,--,sii,https://mopsov.twse.com.tw/mops/web/ajax_t163sb05
上游,晶片封測服務,2449,京元電子,2014,4,balance_sheet,非控制權益,3994,"3,994",sii,https://mopsov.twse.com.tw/mops/web/ajax_t163sb05
上游,晶片封測服務,2449,京元電子,2014,4,balance_sheet,權益總額,22958856,"22,958,856",sii,https://mopsov.twse.com.tw/mops/web/ajax_t163sb05
上游,晶片封測服務,2449,京元電子,2014,4,balance_sheet,待註銷股本股數（單位：股）,0,0,sii,https://mopsov.twse.com.tw/mops/web/ajax_t163sb05
上游,晶片封測服務,2449,京元電子,2014,4,balance_sheet,預收股款（權益項下）之約當發行股數（單位：股）,0,0,sii,https://mopsov.twse.com.tw/mops/web/ajax_t163sb05
上游,晶片封測服務,2449,京元電子,2014,4,balance_sheet,母公司暨子公司所持有之母公司庫藏股股數（單位：股）,0,0,sii,https://mopsov.twse.com.tw/mops/web/ajax_t163sb05
上游,晶片封測服務,2449,京元電子,2014,4,balance_sheet,每股參考淨值,19.25,19.25,sii,https://mopsov.twse.com.tw/mops/web/ajax_t163sb05
上游,晶片封測服務,2449,京元電子,2014,4,cash_flow,營業活動之淨現金流入（流出）,6901483,"6,901,483",sii,https://mopsov.twse.com.tw/mops/web/ajax_t163sb20
上游,晶片封測服務,2449,京元電子,2014,4,cash_flow,投資活動之淨現金流入（流出）,-8281890,"-8,281,890",sii,https://mopsov.twse.com.tw/mops/web/ajax_t163sb20
上游,晶片封測服務,2449,京元電子,2014,4,cash_flow,籌資活動之淨現金流入（流出）,-34962,"-34,962",sii,https://mopsov.twse.com.tw/mops/web/ajax_t163sb20
上游,晶片封測服務,2449,京元電子,2014,4,cash_flow,匯率變動對現金及約當現金之影響,125100,"125,100",sii,https://mopsov.twse.com.tw/mops/web/ajax_t163sb20
上游,晶片封測服務,2449,京元電子,2014,4,cash_flow,本期現金及約當現金增加（減少）數,-1290269,"-1,290,269",sii,https://mopsov.twse.com.tw/mops/web/ajax_t163sb20
上游,晶片封測服務,2449,京元電子,2014,4,cash_flow,期初現金及約當現金餘額,8708432,"8,708,432",sii,https://mopsov.twse.com.tw/mops/web/ajax_t163sb20
上游,晶片封測服務,2449,京元電子,2014,4,cash_flow,期末現金及約當現金餘額,7418163,"7,418,163",sii,https://mopsov.twse.com.tw/mops/web/ajax_t163sb20
上游,晶片封測服務,2449,京元電子,2015,1,income_statement,營業收入,4073532,"4,073,532",sii,https://mopsov.twse.com.tw/mops/web/ajax_t163sb04
上游,晶片封測服務,2449,京元電子,2015,1,income_statement,營業成本,2915957,"2,915,957",sii,https://mopsov.twse.com.tw/mops/web/ajax_t163sb04
上游,晶片封測服務,2449,京元電子,2015,1,income_statement,營業毛利（毛損）,1157575,"1,157,575",sii,https://mopsov.twse.com.tw/mops/web/ajax_t163sb04
上游,晶片封測服務,2449,京元電子,2015,1,income_statement,未實現銷貨（損）益,,--,sii,https://mopsov.twse.com.tw/mops/web/ajax_t163sb04
上游,晶片封測服務,2449,京元電子,2015,1,income_statement,已實現銷貨（損）益,,--,sii,https://mopsov.twse.com.tw/mops/web/ajax_t163sb04
上游,晶片封測服務,2449,京元電子,2015,1,income_statement,營業毛利（毛損）淨額,1157575,"1,157,575",sii,https://mopsov.twse.com.tw/mops/web/ajax_t163sb04
上游,晶片封測服務,2449,京元電子,2015,1,income_statement,營業費用,526640,"526,640",sii,https://mopsov.twse.com.tw/mops/web/ajax_t163sb04
上游,晶片封測服務,2449,京元電子,2015,1,income_statement,其他收益及費損淨額,,--,sii,https://mopsov.twse.com.tw/mops/web/ajax_t163sb04
上游,晶片封測服務,2449,京元電子,2015,1,income_statement,營業利益（損失）,630935,"630,935",sii,https://mopsov.twse.com.tw/mops/web/ajax_t163sb04
上游,晶片封測服務,2449,京元電子,2015,1,income_statement,營業外收入及支出,85093,"85,093",sii,https://mopsov.twse.com.tw/mops/web/ajax_t163sb04
上游,晶片封測服務,2449,京元電子,2015,1,income_statement,稅前淨利（淨損）,716028,"716,028",sii,https://mopsov.twse.com.tw/mops/web/ajax_t163sb04
上游,晶片封測服務,2449,京元電子,2015,1,income_statement,所得稅費用（利益）,116606,"116,606",sii,https://mopsov.twse.com.tw/mops/web/ajax_t163sb04
上游,晶片封測服務,2449,京元電子,2015,1,income_statement,繼續營業單位本期淨利（淨損）,599422,"599,422",sii,https://mopsov.twse.com.tw/mops/web/ajax_t163sb04
上游,晶片封測服務,2449,京元電子,2015,1,income_statement,停業單位損益,,--,sii,https://mopsov.twse.com.tw/mops/web/ajax_t163sb04
上游,晶片封測服務,2449,京元電子,2015,1,income_statement,合併前非屬共同控制股權損益,,--,sii,https://mopsov.twse.com.tw/mops/web/ajax_t163sb04
上游,晶片封測服務,2449,京元電子,2015,1,income_statement,本期淨利（淨損）,599422,"599,422",sii,https://mopsov.twse.com.tw/mops/web/ajax_t163sb04
上游,晶片封測服務,2449,京元電子,2015,1,income_statement,其他綜合損益（淨額）,-72278,"-72,278",sii,https://mopsov.twse.com.tw/mops/web/ajax_t163sb04
上游,晶片封測服務,2449,京元電子,2015,1,income_statement,合併前非屬共同控制股權綜合損益淨額,,--,sii,https://mopsov.twse.com.tw/mops/web/ajax_t163sb04
上游,晶片封測服務,2449,京元電子,2015,1,income_statement,本期綜合損益總額,527144,"527,144",sii,https://mopsov.twse.com.tw/mops/web/ajax_t163sb04
上游,晶片封測服務,2449,京元電子,2015,1,income_statement,淨利（淨損）歸屬於母公司業主,599371,"599,371",sii,https://mopsov.twse.com.tw/mops/web/ajax_t163sb04
上游,晶片封測服務,2449,京元電子,2015,1,income_statement,淨利（淨損）歸屬於共同控制下前手權益,,--,sii,https://mopsov.twse.com.tw/mops/web/ajax_t163sb04
上游,晶片封測服務,2449,京元電子,2015,1,income_statement,淨利（淨損）歸屬於非控制權益,51,51,sii,https://mopsov.twse.com.tw/mops/web/ajax_t163sb04
上游,晶片封測服務,2449,京元電子,2015,1,income_statement,綜合損益總額歸屬於母公司業主,527157,"527,157",sii,https://mopsov.twse.com.tw/mops/web/ajax_t163sb04
上游,晶片封測服務,2449,京元電子,2015,1,income_statement,綜合損益總額歸屬於共同控制下前手權益,,--,sii,https://mopsov.twse.com.tw/mops/web/ajax_t163sb04
上游,晶片封測服務,2449,京元電子,2015,1,income_statement,綜合損益總額歸屬於非控制權益,-13,-13,sii,https://mopsov.twse.com.tw/mops/web/ajax_t163sb04
上游,晶片封測服務,2449,京元電子,2015,1,income_statement,基本每股盈餘（元）,0.5,0.50,sii,https://mopsov.twse.com.tw/mops/web/ajax_t163sb04
上游,晶片封測服務,2449,京元電子,2015,1,balance_sheet,流動資產,11653797,"11,653,797",sii,https://mopsov.twse.com.tw/mops/web/ajax_t163sb05
上游,晶片封測服務,2449,京元電子,2015,1,balance_sheet,非流動資產,27734094,"27,734,094",sii,https://mopsov.twse.com.tw/mops/web/ajax_t163sb05
上游,晶片封測服務,2449,京元電子,2015,1,balance_sheet,資產總計,39387891,"39,387,891",sii,https://mopsov.twse.com.tw/mops/web/ajax_t163sb05
上游,晶片封測服務,2449,京元電子,2015,1,balance_sheet,流動負債,6368530,"6,368,530",sii,https://mopsov.twse.com.tw/mops/web/ajax_t163sb05
上游,晶片封測服務,2449,京元電子,2015,1,balance_sheet,非流動負債,9528877,"9,528,877",sii,https://mopsov.twse.com.tw/mops/web/ajax_t163sb05
上游,晶片封測服務,2449,京元電子,2015,1,balance_sheet,負債總額,15897407,"15,897,407",sii,https://mopsov.twse.com.tw/mops/web/ajax_t163sb05
上游,晶片封測服務,2449,京元電子,2015,1,balance_sheet,股本,11923034,"11,923,034",sii,https://mopsov.twse.com.tw/mops/web/ajax_t163sb05
上游,晶片封測服務,2449,京元電子,2015,1,balance_sheet,資本公積,6626297,"6,626,297",sii,https://mopsov.twse.com.tw/mops/web/ajax_t163sb05
上游,晶片封測服務,2449,京元電子,2015,1,balance_sheet,保留盈餘,4714438,"4,714,438",sii,https://mopsov.twse.com.tw/mops/web/ajax_t163sb05
上游,晶片封測服務,2449,京元電子,2015,1,balance_sheet,其他權益,222734,"222,734",sii,https://mopsov.twse.com.tw/mops/web/ajax_t163sb05
上游,晶片封測服務,2449,京元電子,2015,1,balance_sheet,庫藏股票,0,0,sii,https://mopsov.twse.com.tw/mops/web/ajax_t163sb05
上游,晶片封測服務,2449,京元電子,2015,1,balance_sheet,歸屬於母公司業主之權益合計,23486503,"23,486,503",sii,https://mopsov.twse.com.tw/mops/web/ajax_t163sb05
上游,晶片封測服務,2449,京元電子,2015,1,balance_sheet,共同控制下前手權益,,--,sii,https://mopsov.twse.com.tw/mops/web/ajax_t163sb05
上游,晶片封測服務,2449,京元電子,2015,1,balance_sheet,合併前非屬共同控制股權,,--,sii,https://mopsov.twse.com.tw/mops/web/ajax_t163sb05
上游,晶片封測服務,2449,京元電子,2015,1,balance_sheet,非控制權益,3981,"3,981",sii,https://mopsov.twse.com.tw/mops/web/ajax_t163sb05
上游,晶片封測服務,2449,京元電子,2015,1,balance_sheet,權益總額,23490484,"23,490,484",sii,https://mopsov.twse.com.tw/mops/web/ajax_t163sb05
上游,晶片封測服務,2449,京元電子,2015,1,balance_sheet,待註銷股本股數（單位：股）,0,0,sii,https://mopsov.twse.com.tw/mops/web/ajax_t163sb05
上游,晶片封測服務,2449,京元電子,2015,1,balance_sheet,預收股款（權益項下）之約當發行股數（單位：股）,0,0,sii,https://mopsov.twse.com.tw/mops/web/ajax_t163sb05
上游,晶片封測服務,2449,京元電子,2015,1,balance_sheet,母公司暨子公司所持有之母公司庫藏股股數（單位：股）,0,0,sii,https://mopsov.twse.com.tw/mops/web/ajax_t163sb05
上游,晶片封測服務,2449,京元電子,2015,1,balance_sheet,每股參考淨值,19.7,19.70,sii,https://mopsov.twse.com.tw/mops/web/ajax_t163sb05
上游,晶片封測服務,2449,京元電子,2015,1,cash_flow,營業活動之淨現金流入（流出）,2146729,"2,146,729",sii,https://mopsov.twse.com.tw/mops/web/ajax_t163sb20
上游,晶片封測服務,2449,京元電子,2015,1,cash_flow,投資活動之淨現金流入（流出）,-1688230,"-1,688,230",sii,https://mopsov.twse.com.tw/mops/web/ajax_t163sb20
上游,晶片封測服務,2449,京元電子,2015,1,cash_flow,籌資活動之淨現金流入（流出）,-1292380,"-1,292,380",sii,https://mopsov.twse.com.tw/mops/web/ajax_t163sb20
上游,晶片封測服務,2449,京元電子,2015,1,cash_flow,匯率變動對現金及約當現金之影響,-33797,"-33,797",sii,https://mopsov.twse.com.tw/mops/web/ajax_t163sb20
上游,晶片封測服務,2449,京元電子,2015,1,cash_flow,本期現金及約當現金增加（減少）數,-867678,"-867,678",sii,https://mopsov.twse.com.tw/mops/web/ajax_t163sb20
上游,晶片封測服務,2449,京元電子,2015,1,cash_flow,期初現金及約當現金餘額,7418163,"7,418,163",sii,https://mopsov.twse.com.tw/mops/web/ajax_t163sb20
上游,晶片封測服務,2449,京元電子,2015,1,cash_flow,期末現金及約當現金餘額,6550485,"6,550,485",sii,https://mopsov.twse.com.tw/mops/web/ajax_t163sb20
上游,晶片封測服務,2449,京元電子,2015,2,income_statement,營業收入,8419009,"8,419,009",sii,https://mopsov.twse.com.tw/mops/web/ajax_t163sb04
上游,晶片封測服務,2449,京元電子,2015,2,income_statement,營業成本,5964358,"5,964,358",sii,https://mopsov.twse.com.tw/mops/web/ajax_t163sb04
上游,晶片封測服務,2449,京元電子,2015,2,income_statement,營業毛利（毛損）,2454651,"2,454,651",sii,https://mopsov.twse.com.tw/mops/web/ajax_t163sb04
上游,晶片封測服務,2449,京元電子,2015,2,income_statement,未實現銷貨（損）益,,--,sii,https://mopsov.twse.com.tw/mops/web/ajax_t163sb04
上游,晶片封測服務,2449,京元電子,2015,2,income_statement,已實現銷貨（損）益,,--,sii,https://mopsov.twse.com.tw/mops/web/ajax_t163sb04
上游,晶片封測服務,2449,京元電子,2015,2,income_statement,營業毛利（毛損）淨額,2454651,"2,454,651",sii,https://mopsov.twse.com.tw/mops/web/ajax_t163sb04
上游,晶片封測服務,2449,京元電子,2015,2,income_statement,營業費用,1049798,"1,049,798",sii,https://mopsov.twse.com.tw/mops/web/ajax_t163sb04
上游,晶片封測服務,2449,京元電子,2015,2,income_statement,其他收益及費損淨額,,--,sii,https://mopsov.twse.com.tw/mops/web/ajax_t163sb04
上游,晶片封測服務,2449,京元電子,2015,2,income_statement,營業利益（損失）,1404853,"1,404,853",sii,https://mopsov.twse.com.tw/mops/web/ajax_t163sb04
上游,晶片封測服務,2449,京元電子,2015,2,income_statement,營業外收入及支出,165995,"165,995",sii,https://mopsov.twse.com.tw/mops/web/ajax_t163sb04
上游,晶片封測服務,2449,京元電子,2015,2,income_statement,稅前淨利（淨損）,1570848,"1,570,848",sii,https://mopsov.twse.com.tw/mops/web/ajax_t163sb04
上游,晶片封測服務,2449,京元電子,2015,2,income_statement,所得稅費用（利益）,291394,"291,394",sii,https://mopsov.twse.com.tw/mops/web/ajax_t163sb04
上游,晶片封測服務,2449,京元電子,2015,2,income_statement,繼續營業單位本期淨利（淨損）,1279454,"1,279,454",sii,https://mopsov.twse.com.tw/mops/web/ajax_t163sb04
上游,晶片封測服務,2449,京元電子,2015,2,income_statement,停業單位損益,,--,sii,https://mopsov.twse.com.tw/mops/web/ajax_t163sb04
上游,晶片封測服務,2449,京元電子,2015,2,income_statement,合併前非屬共同控制股權損益,,--,sii,https://mopsov.twse.com.tw/mops/web/ajax_t163sb04
上游,晶片封測服務,2449,京元電子,2015,2,income_statement,本期淨利（淨損）,1279454,"1,279,454",sii,https://mopsov.twse.com.tw/mops/web/ajax_t163sb04
上游,晶片封測服務,2449,京元電子,2015,2,income_statement,其他綜合損益（淨額）,-120195,"-120,195",sii,https://mopsov.twse.com.tw/mops/web/ajax_t163sb04
上游,晶片封測服務,2449,京元電子,2015,2,income_statement,合併前非屬共同控制股權綜合損益淨額,,--,sii,https://mopsov.twse.com.tw/mops/web/ajax_t163sb04
上游,晶片封測服務,2449,京元電子,2015,2,income_statement,本期綜合損益總額,1159259,"1,159,259",sii,https://mopsov.twse.com.tw/mops/web/ajax_t163sb04
上游,晶片封測服務,2449,京元電子,2015,2,income_statement,淨利（淨損）歸屬於母公司業主,1279191,"1,279,191",sii,https://mopsov.twse.com.tw/mops/web/ajax_t163sb04
上游,晶片封測服務,2449,京元電子,2015,2,income_statement,淨利（淨損）歸屬於共同控制下前手權益,,--,sii,https://mopsov.twse.com.tw/mops/web/ajax_t163sb04
上游,晶片封測服務,2449,京元電子,2015,2,income_statement,淨利（淨損）歸屬於非控制權益,263,263,sii,https://mopsov.twse.com.tw/mops/web/ajax_t163sb04
上游,晶片封測服務,2449,京元電子,2015,2,income_statement,綜合損益總額歸屬於母公司業主,1159183,"1,159,183",sii,https://mopsov.twse.com.tw/mops/web/ajax_t163sb04
上游,晶片封測服務,2449,京元電子,2015,2,income_statement,綜合損益總額歸屬於共同控制下前手權益,,--,sii,https://mopsov.twse.com.tw/mops/web/ajax_t163sb04
上游,晶片封測服務,2449,京元電子,2015,2,income_statement,綜合損益總額歸屬於非控制權益,76,76,sii,https://mopsov.twse.com.tw/mops/web/ajax_t163sb04
上游,晶片封測服務,2449,京元電子,2015,2,income_statement,基本每股盈餘（元）,1.07,1.07,sii,https://mopsov.twse.com.tw/mops/web/ajax_t163sb04
上游,晶片封測服務,2449,京元電子,2015,2,balance_sheet,流動資產,11825052,"11,825,052",sii,https://mopsov.twse.com.tw/mops/web/ajax_t163sb05
上游,晶片封測服務,2449,京元電子,2015,2,balance_sheet,非流動資產,28224520,"28,224,520",sii,https://mopsov.twse.com.tw/mops/web/ajax_t163sb05
上游,晶片封測服務,2449,京元電子,2015,2,balance_sheet,資產總計,40049572,"40,049,572",sii,https://mopsov.twse.com.tw/mops/web/ajax_t163sb05
上游,晶片封測服務,2449,京元電子,2015,2,balance_sheet,流動負債,7797890,"7,797,890",sii,https://mopsov.twse.com.tw/mops/web/ajax_t163sb05
上游,晶片封測服務,2449,京元電子,2015,2,balance_sheet,非流動負債,10275412,"10,275,412",sii,https://mopsov.twse.com.tw/mops/web/ajax_t163sb05
上游,晶片封測服務,2449,京元電子,2015,2,balance_sheet,負債總額,18073302,"18,073,302",sii,https://mopsov.twse.com.tw/mops/web/ajax_t163sb05
上游,晶片封測服務,2449,京元電子,2015,2,balance_sheet,股本,11922944,"11,922,944",sii,https://mopsov.twse.com.tw/mops/web/ajax_t163sb05
上游,晶片封測服務,2449,京元電子,2015,2,balance_sheet,資本公積,6268513,"6,268,513",sii,https://mopsov.twse.com.tw/mops/web/ajax_t163sb05
上游,晶片封測服務,2449,京元電子,2015,2,balance_sheet,保留盈餘,3605803,"3,605,803",sii,https://mopsov.twse.com.tw/mops/web/ajax_t163sb05
上游,晶片封測服務,2449,京元電子,2015,2,balance_sheet,其他權益,174940,"174,940",sii,https://mopsov.twse.com.tw/mops/web/ajax_t163sb05
上游,晶片封測服務,2449,京元電子,2015,2,balance_sheet,庫藏股票,0,0,sii,https://mopsov.twse.com.tw/mops/web/ajax_t163sb05
上游,晶片封測服務,2449,京元電子,2015,2,balance_sheet,歸屬於母公司業主之權益合計,21972200,"21,972,200",sii,https://mopsov.twse.com.tw/mops/web/ajax_t163sb05
上游,晶片封測服務,2449,京元電子,2015,2,balance_sheet,共同控制下前手權益,,--,sii,https://mopsov.twse.com.tw/mops/web/ajax_t163sb05
上游,晶片封測服務,2449,京元電子,2015,2,balance_sheet,合併前非屬共同控制股權,,--,sii,https://mopsov.twse.com.tw/mops/web/ajax_t163sb05
上游,晶片封測服務,2449,京元電子,2015,2,balance_sheet,非控制權益,4070,"4,070",sii,https://mopsov.twse.com.tw/mops/web/ajax_t163sb05
上游,晶片封測服務,2449,京元電子,2015,2,balance_sheet,權益總額,21976270,"21,976,270",sii,https://mopsov.twse.com.tw/mops/web/ajax_t163sb05
上游,晶片封測服務,2449,京元電子,2015,2,balance_sheet,待註銷股本股數（單位：股）,0,0,sii,https://mopsov.twse.com.tw/mops/web/ajax_t163sb05
上游,晶片封測服務,2449,京元電子,2015,2,balance_sheet,預收股款（權益項下）之約當發行股數（單位：股）,0,0,sii,https://mopsov.twse.com.tw/mops/web/ajax_t163sb05
上游,晶片封測服務,2449,京元電子,2015,2,balance_sheet,母公司暨子公司所持有之母公司庫藏股股數（單位：股）,0,0,sii,https://mopsov.twse.com.tw/mops/web/ajax_t163sb05
上游,晶片封測服務,2449,京元電子,2015,2,balance_sheet,每股參考淨值,18.43,18.43,sii,https://mopsov.twse.com.tw/mops/web/ajax_t163sb05
上游,晶片封測服務,2449,京元電子,2015,2,cash_flow,營業活動之淨現金流入（流出）,3848277,"3,848,277",sii,https://mopsov.twse.com.tw/mops/web/ajax_t163sb20
上游,晶片封測服務,2449,京元電子,2015,2,cash_flow,投資活動之淨現金流入（流出）,-4211810,"-4,211,810",sii,https://mopsov.twse.com.tw/mops/web/ajax_t163sb20
上游,晶片封測服務,2449,京元電子,2015,2,cash_flow,籌資活動之淨現金流入（流出）,-329652,"-329,652",sii,https://mopsov.twse.com.tw/mops/web/ajax_t163sb20
上游,晶片封測服務,2449,京元電子,2015,2,cash_flow,匯率變動對現金及約當現金之影響,-135209,"-135,209",sii,https://mopsov.twse.com.tw/mops/web/ajax_t163sb20
上游,晶片封測服務,2449,京元電子,2015,2,cash_flow,本期現金及約當現金增加（減少）數,-828394,"-828,394",sii,https://mopsov.twse.com.tw/mops/web/ajax_t163sb20
上游,晶片封測服務,2449,京元電子,2015,2,cash_flow,期初現金及約當現金餘額,7418163,"7,418,163",sii,https://mopsov.twse.com.tw/mops/web/ajax_t163sb20
上游,晶片封測服務,2449,京元電子,2015,2,cash_flow,期末現金及約當現金餘額,6589769,"6,589,769",sii,https://mopsov.twse.com.tw/mops/web/ajax_t163sb20
上游,晶片封測服務,2449,京元電子,2015,3,income_statement,營業收入,12835555,"12,835,555",sii,https://mopsov.twse.com.tw/mops/web/ajax_t163sb04
上游,晶片封測服務,2449,京元電子,2015,3,income_statement,營業成本,9182307,"9,182,307",sii,https://mopsov.twse.com.tw/mops/web/ajax_t163sb04
上游,晶片封測服務,2449,京元電子,2015,3,income_statement,營業毛利（毛損）,3653248,"3,653,248",sii,https://mopsov.twse.com.tw/mops/web/ajax_t163sb04
上游,晶片封測服務,2449,京元電子,2015,3,income_statement,未實現銷貨（損）益,,--,sii,https://mopsov.twse.com.tw/mops/web/ajax_t163sb04
上游,晶片封測服務,2449,京元電子,2015,3,income_statement,已實現銷貨（損）益,,--,sii,https://mopsov.twse.com.tw/mops/web/ajax_t163sb04
上游,晶片封測服務,2449,京元電子,2015,3,income_statement,營業毛利（毛損）淨額,3653248,"3,653,248",sii,https://mopsov.twse.com.tw/mops/web/ajax_t163sb04
上游,晶片封測服務,2449,京元電子,2015,3,income_statement,營業費用,1574607,"1,574,607",sii,https://mopsov.twse.com.tw/mops/web/ajax_t163sb04
上游,晶片封測服務,2449,京元電子,2015,3,income_statement,其他收益及費損淨額,,--,sii,https://mopsov.twse.com.tw/mops/web/ajax_t163sb04
上游,晶片封測服務,2449,京元電子,2015,3,income_statement,營業利益（損失）,2078641,"2,078,641",sii,https://mopsov.twse.com.tw/mops/web/ajax_t163sb04
上游,晶片封測服務,2449,京元電子,2015,3,income_statement,營業外收入及支出,176551,"176,551",sii,https://mopsov.twse.com.tw/mops/web/ajax_t163sb04
上游,晶片封測服務,2449,京元電子,2015,3,income_statement,稅前淨利（淨損）,2255192,"2,255,192",sii,https://mopsov.twse.com.tw/mops/web/ajax_t163sb04
上游,晶片封測服務,2449,京元電子,2015,3,income_statement,所得稅費用（利益）,435474,"435,474",sii,https://mopsov.twse.com.tw/mops/web/ajax_t163sb04
上游,晶片封測服務,2449,京元電子,2015,3,income_statement,繼續營業單位本期淨利（淨損）,1819718,"1,819,718",sii,https://mopsov.twse.com.tw/mops/web/ajax_t163sb04
上游,晶片封測服務,2449,京元電子,2015,3,income_statement,停業單位損益,,--,sii,https://mopsov.twse.com.tw/mops/web/ajax_t163sb04
上游,晶片封測服務,2449,京元電子,2015,3,income_statement,合併前非屬共同控制股權損益,,--,sii,https://mopsov.twse.com.tw/mops/web/ajax_t163sb04
上游,晶片封測服務,2449,京元電子,2015,3,income_statement,本期淨利（淨損）,1819718,"1,819,718",sii,https://mopsov.twse.com.tw/mops/web/ajax_t163sb04
上游,晶片封測服務,2449,京元電子,2015,3,income_statement,其他綜合損益（淨額）,-11440,"-11,440",sii,https://mopsov.twse.com.tw/mops/web/ajax_t163sb04
上游,晶片封測服務,2449,京元電子,2015,3,income_statement,合併前非屬共同控制股權綜合損益淨額,,--,sii,https://mopsov.twse.com.tw/mops/web/ajax_t163sb04
上游,晶片封測服務,2449,京元電子,2015,3,income_statement,本期綜合損益總額,1808278,"1,808,278",sii,https://mopsov.twse.com.tw/mops/web/ajax_t163sb04
上游,晶片封測服務,2449,京元電子,2015,3,income_statement,淨利（淨損）歸屬於母公司業主,1819073,"1,819,073",sii,https://mopsov.twse.com.tw/mops/web/ajax_t163sb04
上游,晶片封測服務,2449,京元電子,2015,3,income_statement,淨利（淨損）歸屬於共同控制下前手權益,,--,sii,https://mopsov.twse.com.tw/mops/web/ajax_t163sb04
上游,晶片封測服務,2449,京元電子,2015,3,income_statement,淨利（淨損）歸屬於非控制權益,645,645,sii,https://mopsov.twse.com.tw/mops/web/ajax_t163sb04
上游,晶片封測服務,2449,京元電子,2015,3,income_statement,綜合損益總額歸屬於母公司業主,1807454,"1,807,454",sii,https://mopsov.twse.com.tw/mops/web/ajax_t163sb04
上游,晶片封測服務,2449,京元電子,2015,3,income_statement,綜合損益總額歸屬於共同控制下前手權益,,--,sii,https://mopsov.twse.com.tw/mops/web/ajax_t163sb04
上游,晶片封測服務,2449,京元電子,2015,3,income_statement,綜合損益總額歸屬於非控制權益,824,824,sii,https://mopsov.twse.com.tw/mops/web/ajax_t163sb04
上游,晶片封測服務,2449,京元電子,2015,3,income_statement,基本每股盈餘（元）,1.53,1.53,sii,https://mopsov.twse.com.tw/mops/web/ajax_t163sb04
上游,晶片封測服務,2449,京元電子,2015,3,balance_sheet,流動資產,11970513,"11,970,513",sii,https://mopsov.twse.com.tw/mops/web/ajax_t163sb05
上游,晶片封測服務,2449,京元電子,2015,3,balance_sheet,非流動資產,28162606,"28,162,606",sii,https://mopsov.twse.com.tw/mops/web/ajax_t163sb05
上游,晶片封測服務,2449,京元電子,2015,3,balance_sheet,資產總計,40133119,"40,133,119",sii,https://mopsov.twse.com.tw/mops/web/ajax_t163sb05
上游,晶片封測服務,2449,京元電子,2015,3,balance_sheet,流動負債,5832897,"5,832,897",sii,https://mopsov.twse.com.tw/mops/web/ajax_t163sb05
上游,晶片封測服務,2449,京元電子,2015,3,balance_sheet,非流動負債,12255412,"12,255,412",sii,https://mopsov.twse.com.tw/mops/web/ajax_t163sb05
上游,晶片封測服務,2449,京元電子,2015,3,balance_sheet,負債總額,18088309,"18,088,309",sii,https://mopsov.twse.com.tw/mops/web/ajax_t163sb05
上游,晶片封測服務,2449,京元電子,2015,3,balance_sheet,股本,11922944,"11,922,944",sii,https://mopsov.twse.com.tw/mops/web/ajax_t163sb05
上游,晶片封測服務,2449,京元電子,2015,3,balance_sheet,資本公積,6313848,"6,313,848",sii,https://mopsov.twse.com.tw/mops/web/ajax_t163sb05
上游,晶片封測服務,2449,京元電子,2015,3,balance_sheet,保留盈餘,4145685,"4,145,685",sii,https://mopsov.twse.com.tw/mops/web/ajax_t163sb05
上游,晶片封測服務,2449,京元電子,2015,3,balance_sheet,其他權益,283329,"283,329",sii,https://mopsov.twse.com.tw/mops/web/ajax_t163sb05
上游,晶片封測服務,2449,京元電子,2015,3,balance_sheet,庫藏股票,-625814,"-625,814",sii,https://mopsov.twse.com.tw/mops/web/ajax_t163sb05
上游,晶片封測服務,2449,京元電子,2015,3,balance_sheet,歸屬於母公司業主之權益合計,22039992,"22,039,992",sii,https://mopsov.twse.com.tw/mops/web/ajax_t163sb05
上游,晶片封測服務,2449,京元電子,2015,3,balance_sheet,共同控制下前手權益,,--,sii,https://mopsov.twse.com.tw/mops/web/ajax_t163sb05
上游,晶片封測服務,2449,京元電子,2015,3,balance_sheet,合併前非屬共同控制股權,,--,sii,https://mopsov.twse.com.tw/mops/web/ajax_t163sb05
上游,晶片封測服務,2449,京元電子,2015,3,balance_sheet,非控制權益,4818,"4,818",sii,https://mopsov.twse.com.tw/mops/web/ajax_t163sb05
上游,晶片封測服務,2449,京元電子,2015,3,balance_sheet,權益總額,22044810,"22,044,810",sii,https://mopsov.twse.com.tw/mops/web/ajax_t163sb05
上游,晶片封測服務,2449,京元電子,2015,3,balance_sheet,待註銷股本股數（單位：股）,0,0,sii,https://mopsov.twse.com.tw/mops/web/ajax_t163sb05
上游,晶片封測服務,2449,京元電子,2015,3,balance_sheet,預收股款（權益項下）之約當發行股數（單位：股）,0,0,sii,https://mopsov.twse.com.tw/mops/web/ajax_t163sb05
上游,晶片封測服務,2449,京元電子,2015,3,balance_sheet,母公司暨子公司所持有之母公司庫藏股股數（單位：股）,30000000,"30,000,000",sii,https://mopsov.twse.com.tw/mops/web/ajax_t163sb05
上游,晶片封測服務,2449,京元電子,2015,3,balance_sheet,每股參考淨值,18.96,18.96,sii,https://mopsov.twse.com.tw/mops/web/ajax_t163sb05
上游,晶片封測服務,2449,京元電子,2015,3,cash_flow,營業活動之淨現金流入（流出）,6001989,"6,001,989",sii,https://mopsov.twse.com.tw/mops/web/ajax_t163sb20
上游,晶片封測服務,2449,京元電子,2015,3,cash_flow,投資活動之淨現金流入（流出）,-5569519,"-5,569,519",sii,https://mopsov.twse.com.tw/mops/web/ajax_t163sb20
上游,晶片封測服務,2449,京元電子,2015,3,cash_flow,籌資活動之淨現金流入（流出）,-1258937,"-1,258,937",sii,https://mopsov.twse.com.tw/mops/web/ajax_t163sb20
上游,晶片封測服務,2449,京元電子,2015,3,cash_flow,匯率變動對現金及約當現金之影響,-33536,"-33,536",sii,https://mopsov.twse.com.tw/mops/web/ajax_t163sb20
上游,晶片封測服務,2449,京元電子,2015,3,cash_flow,本期現金及約當現金增加（減少）數,-860003,"-860,003",sii,https://mopsov.twse.com.tw/mops/web/ajax_t163sb20
上游,晶片封測服務,2449,京元電子,2015,3,cash_flow,期初現金及約當現金餘額,7418163,"7,418,163",sii,https://mopsov.twse.com.tw/mops/web/ajax_t163sb20
上游,晶片封測服務,2449,京元電子,2015,3,cash_flow,期末現金及約當現金餘額,6558160,"6,558,160",sii,https://mopsov.twse.com.tw/mops/web/ajax_t163sb20
上游,晶片封測服務,2449,京元電子,2015,4,income_statement,營業收入,17128536,"17,128,536",sii,https://mopsov.twse.com.tw/mops/web/ajax_t163sb04
上游,晶片封測服務,2449,京元電子,2015,4,income_statement,營業成本,12334553,"12,334,553",sii,https://mopsov.twse.com.tw/mops/web/ajax_t163sb04
上游,晶片封測服務,2449,京元電子,2015,4,income_statement,營業毛利（毛損）,4793983,"4,793,983",sii,https://mopsov.twse.com.tw/mops/web/ajax_t163sb04
上游,晶片封測服務,2449,京元電子,2015,4,income_statement,未實現銷貨（損）益,,--,sii,https://mopsov.twse.com.tw/mops/web/ajax_t163sb04
上游,晶片封測服務,2449,京元電子,2015,4,income_statement,已實現銷貨（損）益,,--,sii,https://mopsov.twse.com.tw/mops/web/ajax_t163sb04
上游,晶片封測服務,2449,京元電子,2015,4,income_statement,營業毛利（毛損）淨額,4793983,"4,793,983",sii,https://mopsov.twse.com.tw/mops/web/ajax_t163sb04
上游,晶片封測服務,2449,京元電子,2015,4,income_statement,營業費用,2090623,"2,090,623",sii,https://mopsov.twse.com.tw/mops/web/ajax_t163sb04
上游,晶片封測服務,2449,京元電子,2015,4,income_statement,其他收益及費損淨額,,--,sii,https://mopsov.twse.com.tw/mops/web/ajax_t163sb04
上游,晶片封測服務,2449,京元電子,2015,4,income_statement,營業利益（損失）,2703360,"2,703,360",sii,https://mopsov.twse.com.tw/mops/web/ajax_t163sb04
上游,晶片封測服務,2449,京元電子,2015,4,income_statement,營業外收入及支出,145241,"145,241",sii,https://mopsov.twse.com.tw/mops/web/ajax_t163sb04
上游,晶片封測服務,2449,京元電子,2015,4,income_statement,稅前淨利（淨損）,2848601,"2,848,601",sii,https://mopsov.twse.com.tw/mops/web/ajax_t163sb04
上游,晶片封測服務,2449,京元電子,2015,4,income_statement,所得稅費用（利益）,566328,"566,328",sii,https://mopsov.twse.com.tw/mops/web/ajax_t163sb04
上游,晶片封測服務,2449,京元電子,2015,4,income_statement,繼續營業單位本期淨利（淨損）,2282273,"2,282,273",sii,https://mopsov.twse.com.tw/mops/web/ajax_t163sb04
上游,晶片封測服務,2449,京元電子,2015,4,income_statement,停業單位損益,,--,sii,https://mopsov.twse.com.tw/mops/web/ajax_t163sb04
上游,晶片封測服務,2449,京元電子,2015,4,income_statement,合併前非屬共同控制股權損益,,--,sii,https://mopsov.twse.com.tw/mops/web/ajax_t163sb04
上游,晶片封測服務,2449,京元電子,2015,4,income_statement,本期淨利（淨損）,2282273,"2,282,273",sii,https://mopsov.twse.com.tw/mops/web/ajax_t163sb04
上游,晶片封測服務,2449,京元電子,2015,4,income_statement,其他綜合損益（淨額）,-161565,"-161,565",sii,https://mopsov.twse.com.tw/mops/web/ajax_t163sb04
上游,晶片封測服務,2449,京元電子,2015,4,income_statement,合併前非屬共同控制股權綜合損益淨額,,--,sii,https://mopsov.twse.com.tw/mops/web/ajax_t163sb04
上游,晶片封測服務,2449,京元電子,2015,4,income_statement,本期綜合損益總額,2120708,"2,120,708",sii,https://mopsov.twse.com.tw/mops/web/ajax_t163sb04
上游,晶片封測服務,2449,京元電子,2015,4,income_statement,淨利（淨損）歸屬於母公司業主,2281546,"2,281,546",sii,https://mopsov.twse.com.tw/mops/web/ajax_t163sb04
上游,晶片封測服務,2449,京元電子,2015,4,income_statement,淨利（淨損）歸屬於共同控制下前手權益,,--,sii,https://mopsov.twse.com.tw/mops/web/ajax_t163sb04
上游,晶片封測服務,2449,京元電子,2015,4,income_statement,淨利（淨損）歸屬於非控制權益,727,727,sii,https://mopsov.twse.com.tw/mops/web/ajax_t163sb04
上游,晶片封測服務,2449,京元電子,2015,4,income_statement,綜合損益總額歸屬於母公司業主,2119822,"2,119,822",sii,https://mopsov.twse.com.tw/mops/web/ajax_t163sb04
上游,晶片封測服務,2449,京元電子,2015,4,income_statement,綜合損益總額歸屬於共同控制下前手權益,,--,sii,https://mopsov.twse.com.tw/mops/web/ajax_t163sb04
上游,晶片封測服務,2449,京元電子,2015,4,income_statement,綜合損益總額歸屬於非控制權益,886,886,sii,https://mopsov.twse.com.tw/mops/web/ajax_t163sb04
上游,晶片封測服務,2449,京元電子,2015,4,income_statement,基本每股盈餘（元）,1.93,1.93,sii,https://mopsov.twse.com.tw/mops/web/ajax_t163sb04
上游,晶片封測服務,2449,京元電子,2015,4,balance_sheet,流動資產,11095165,"11,095,165",sii,https://mopsov.twse.com.tw/mops/web/ajax_t163sb05
上游,晶片封測服務,2449,京元電子,2015,4,balance_sheet,非流動資產,29336971,"29,336,971",sii,https://mopsov.twse.com.tw/mops/web/ajax_t163sb05
上游,晶片封測服務,2449,京元電子,2015,4,balance_sheet,資產總計,40432136,"40,432,136",sii,https://mopsov.twse.com.tw/mops/web/ajax_t163sb05
上游,晶片封測服務,2449,京元電子,2015,4,balance_sheet,流動負債,6143296,"6,143,296",sii,https://mopsov.twse.com.tw/mops/web/ajax_t163sb05
上游,晶片封測服務,2449,京元電子,2015,4,balance_sheet,非流動負債,11931687,"11,931,687",sii,https://mopsov.twse.com.tw/mops/web/ajax_t163sb05
上游,晶片封測服務,2449,京元電子,2015,4,balance_sheet,負債總額,18074983,"18,074,983",sii,https://mopsov.twse.com.tw/mops/web/ajax_t163sb05
上游,晶片封測服務,2449,京元電子,2015,4,balance_sheet,股本,11622944,"11,622,944",sii,https://mopsov.twse.com.tw/mops/web/ajax_t163sb05
上游,晶片封測服務,2449,京元電子,2015,4,balance_sheet,資本公積,5987947,"5,987,947",sii,https://mopsov.twse.com.tw/mops/web/ajax_t163sb05
上游,晶片封測服務,2449,京元電子,2015,4,balance_sheet,保留盈餘,4548443,"4,548,443",sii,https://mopsov.twse.com.tw/mops/web/ajax_t163sb05
上游,晶片封測服務,2449,京元電子,2015,4,balance_sheet,其他權益,192939,"192,939",sii,https://mopsov.twse.com.tw/mops/web/ajax_t163sb05
上游,晶片封測服務,2449,京元電子,2015,4,balance_sheet,庫藏股票,0,0,sii,https://mopsov.twse.com.tw/mops/web/ajax_t163sb05
上游,晶片封測服務,2449,京元電子,2015,4,balance_sheet,歸屬於母公司業主之權益合計,22352273,"22,352,273",sii,https://mopsov.twse.com.tw/mops/web/ajax_t163sb05
上游,晶片封測服務,2449,京元電子,2015,4,balance_sheet,共同控制下前手權益,,--,sii,https://mopsov.twse.com.tw/mops/web/ajax_t163sb05
上游,晶片封測服務,2449,京元電子,2015,4,balance_sheet,合併前非屬共同控制股權,,--,sii,https://mopsov.twse.com.tw/mops/web/ajax_t163sb05
上游,晶片封測服務,2449,京元電子,2015,4,balance_sheet,非控制權益,4880,"4,880",sii,https://mopsov.twse.com.tw/mops/web/ajax_t163sb05
上游,晶片封測服務,2449,京元電子,2015,4,balance_sheet,權益總額,22357153,"22,357,153",sii,https://mopsov.twse.com.tw/mops/web/ajax_t163sb05
上游,晶片封測服務,2449,京元電子,2015,4,balance_sheet,待註銷股本股數（單位：股）,,--,sii,https://mopsov.twse.com.tw/mops/web/ajax_t163sb05
上游,晶片封測服務,2449,京元電子,2015,4,balance_sheet,預收股款（權益項下）之約當發行股數（單位：股）,0,0,sii,https://mopsov.twse.com.tw/mops/web/ajax_t163sb05
上游,晶片封測服務,2449,京元電子,2015,4,balance_sheet,母公司暨子公司所持有之母公司庫藏股股數（單位：股）,0,0,sii,https://mopsov.twse.com.tw/mops/web/ajax_t163sb05
上游,晶片封測服務,2449,京元電子,2015,4,balance_sheet,每股參考淨值,19.23,19.23,sii,https://mopsov.twse.com.tw/mops/web/ajax_t163sb05
上游,晶片封測服務,2449,京元電子,2015,4,cash_flow,營業活動之淨現金流入（流出）,8284512,"8,284,512",sii,https://mopsov.twse.com.tw/mops/web/ajax_t163sb20
上游,晶片封測服務,2449,京元電子,2015,4,cash_flow,投資活動之淨現金流入（流出）,-7751946,"-7,751,946",sii,https://mopsov.twse.com.tw/mops/web/ajax_t163sb20
上游,晶片封測服務,2449,京元電子,2015,4,cash_flow,籌資活動之淨現金流入（流出）,-1630424,"-1,630,424",sii,https://mopsov.twse.com.tw/mops/web/ajax_t163sb20
上游,晶片封測服務,2449,京元電子,2015,4,cash_flow,匯率變動對現金及約當現金之影響,-86167,"-86,167",sii,https://mopsov.twse.com.tw/mops/web/ajax_t163sb20
上游,晶片封測服務,2449,京元電子,2015,4,cash_flow,本期現金及約當現金增加（減少）數,-1184025,"-1,184,025",sii,https://mopsov.twse.com.tw/mops/web/ajax_t163sb20
上游,晶片封測服務,2449,京元電子,2015,4,cash_flow,期初現金及約當現金餘額,7418163,"7,418,163",sii,https://mopsov.twse.com.tw/mops/web/ajax_t163sb20
上游,晶片封測服務,2449,京元電子,2015,4,cash_flow,期末現金及約當現金餘額,6234138,"6,234,138",sii,https://mopsov.twse.com.tw/mops/web/ajax_t163sb20
上游,晶片封測服務,2449,京元電子,2016,1,income_statement,營業收入,4358356,"4,358,356",sii,https://mopsov.twse.com.tw/mops/web/ajax_t163sb04
上游,晶片封測服務,2449,京元電子,2016,1,income_statement,營業成本,3171070,"3,171,070",sii,https://mopsov.twse.com.tw/mops/web/ajax_t163sb04
上游,晶片封測服務,2449,京元電子,2016,1,income_statement,營業毛利（毛損）,1187286,"1,187,286",sii,https://mopsov.twse.com.tw/mops/web/ajax_t163sb04
上游,晶片封測服務,2449,京元電子,2016,1,income_statement,未實現銷貨（損）益,,--,sii,https://mopsov.twse.com.tw/mops/web/ajax_t163sb04
上游,晶片封測服務,2449,京元電子,2016,1,income_statement,已實現銷貨（損）益,,--,sii,https://mopsov.twse.com.tw/mops/web/ajax_t163sb04
上游,晶片封測服務,2449,京元電子,2016,1,income_statement,營業毛利（毛損）淨額,1187286,"1,187,286",sii,https://mopsov.twse.com.tw/mops/web/ajax_t163sb04
上游,晶片封測服務,2449,京元電子,2016,1,income_statement,營業費用,534984,"534,984",sii,https://mopsov.twse.com.tw/mops/web/ajax_t163sb04
上游,晶片封測服務,2449,京元電子,2016,1,income_statement,其他收益及費損淨額,,--,sii,https://mopsov.twse.com.tw/mops/web/ajax_t163sb04
上游,晶片封測服務,2449,京元電子,2016,1,income_statement,營業利益（損失）,652302,"652,302",sii,https://mopsov.twse.com.tw/mops/web/ajax_t163sb04
上游,晶片封測服務,2449,京元電子,2016,1,income_statement,營業外收入及支出,77978,"77,978",sii,https://mopsov.twse.com.tw/mops/web/ajax_t163sb04
上游,晶片封測服務,2449,京元電子,2016,1,income_statement,稅前淨利（淨損）,730280,"730,280",sii,https://mopsov.twse.com.tw/mops/web/ajax_t163sb04
上游,晶片封測服務,2449,京元電子,2016,1,income_statement,所得稅費用（利益）,127207,"127,207",sii,https://mopsov.twse.com.tw/mops/web/ajax_t163sb04
上游,晶片封測服務,2449,京元電子,2016,1,income_statement,繼續營業單位本期淨利（淨損）,603073,"603,073",sii,https://mopsov.twse.com.tw/mops/web/ajax_t163sb04
上游,晶片封測服務,2449,京元電子,2016,1,income_statement,停業單位損益,,--,sii,https://mopsov.twse.com.tw/mops/web/ajax_t163sb04
上游,晶片封測服務,2449,京元電子,2016,1,income_statement,合併前非屬共同控制股權損益,,--,sii,https://mopsov.twse.com.tw/mops/web/ajax_t163sb04
上游,晶片封測服務,2449,京元電子,2016,1,income_statement,本期淨利（淨損）,603073,"603,073",sii,https://mopsov.twse.com.tw/mops/web/ajax_t163sb04
上游,晶片封測服務,2449,京元電子,2016,1,income_statement,其他綜合損益（淨額）,-67916,"-67,916",sii,https://mopsov.twse.com.tw/mops/web/ajax_t163sb04
上游,晶片封測服務,2449,京元電子,2016,1,income_statement,合併前非屬共同控制股權綜合損益淨額,,--,sii,https://mopsov.twse.com.tw/mops/web/ajax_t163sb04
上游,晶片封測服務,2449,京元電子,2016,1,income_statement,本期綜合損益總額,535157,"535,157",sii,https://mopsov.twse.com.tw/mops/web/ajax_t163sb04
上游,晶片封測服務,2449,京元電子,2016,1,income_statement,淨利（淨損）歸屬於母公司業主,602909,"602,909",sii,https://mopsov.twse.com.tw/mops/web/ajax_t163sb04
上游,晶片封測服務,2449,京元電子,2016,1,income_statement,淨利（淨損）歸屬於共同控制下前手權益,,--,sii,https://mopsov.twse.com.tw/mops/web/ajax_t163sb04
上游,晶片封測服務,2449,京元電子,2016,1,income_statement,淨利（淨損）歸屬於非控制權益,164,164,sii,https://mopsov.twse.com.tw/mops/web/ajax_t163sb04
上游,晶片封測服務,2449,京元電子,2016,1,income_statement,綜合損益總額歸屬於母公司業主,534748,"534,748",sii,https://mopsov.twse.com.tw/mops/web/ajax_t163sb04
上游,晶片封測服務,2449,京元電子,2016,1,income_statement,綜合損益總額歸屬於共同控制下前手權益,,--,sii,https://mopsov.twse.com.tw/mops/web/ajax_t163sb04
上游,晶片封測服務,2449,京元電子,2016,1,income_statement,綜合損益總額歸屬於非控制權益,409,409,sii,https://mopsov.twse.com.tw/mops/web/ajax_t163sb04
上游,晶片封測服務,2449,京元電子,2016,1,income_statement,基本每股盈餘（元）,0.52,0.52,sii,https://mopsov.twse.com.tw/mops/web/ajax_t163sb04
上游,晶片封測服務,2449,京元電子,2016,1,balance_sheet,流動資產,10455271,"10,455,271",sii,https://mopsov.twse.com.tw/mops/web/ajax_t163sb05
上游,晶片封測服務,2449,京元電子,2016,1,balance_sheet,非流動資產,31390176,"31,390,176",sii,https://mopsov.twse.com.tw/mops/web/ajax_t163sb05
上游,晶片封測服務,2449,京元電子,2016,1,balance_sheet,資產總計,41845447,"41,845,447",sii,https://mopsov.twse.com.tw/mops/web/ajax_t163sb05
上游,晶片封測服務,2449,京元電子,2016,1,balance_sheet,流動負債,6348180,"6,348,180",sii,https://mopsov.twse.com.tw/mops/web/ajax_t163sb05
上游,晶片封測服務,2449,京元電子,2016,1,balance_sheet,非流動負債,12605570,"12,605,570",sii,https://mopsov.twse.com.tw/mops/web/ajax_t163sb05
上游,晶片封測服務,2449,京元電子,2016,1,balance_sheet,負債總額,18953750,"18,953,750",sii,https://mopsov.twse.com.tw/mops/web/ajax_t163sb05
上游,晶片封測服務,2449,京元電子,2016,1,balance_sheet,股本,11622944,"11,622,944",sii,https://mopsov.twse.com.tw/mops/web/ajax_t163sb05
上游,晶片封測服務,2449,京元電子,2016,1,balance_sheet,資本公積,5987334,"5,987,334",sii,https://mopsov.twse.com.tw/mops/web/ajax_t163sb05
上游,晶片封測服務,2449,京元電子,2016,1,balance_sheet,保留盈餘,5151352,"5,151,352",sii,https://mopsov.twse.com.tw/mops/web/ajax_t163sb05
上游,晶片封測服務,2449,京元電子,2016,1,balance_sheet,其他權益,124778,"124,778",sii,https://mopsov.twse.com.tw/mops/web/ajax_t163sb05
上游,晶片封測服務,2449,京元電子,2016,1,balance_sheet,庫藏股票,0,0,sii,https://mopsov.twse.com.tw/mops/web/ajax_t163sb05
上游,晶片封測服務,2449,京元電子,2016,1,balance_sheet,歸屬於母公司業主之權益合計,22886408,"22,886,408",sii,https://mopsov.twse.com.tw/mops/web/ajax_t163sb05
上游,晶片封測服務,2449,京元電子,2016,1,balance_sheet,共同控制下前手權益,,--,sii,https://mopsov.twse.com.tw/mops/web/ajax_t163sb05
上游,晶片封測服務,2449,京元電子,2016,1,balance_sheet,合併前非屬共同控制股權,,--,sii,https://mopsov.twse.com.tw/mops/web/ajax_t163sb05
上游,晶片封測服務,2449,京元電子,2016,1,balance_sheet,非控制權益,5289,"5,289",sii,https://mopsov.twse.com.tw/mops/web/ajax_t163sb05
上游,晶片封測服務,2449,京元電子,2016,1,balance_sheet,權益總額,22891697,"22,891,697",sii,https://mopsov.twse.com.tw/mops/web/ajax_t163sb05
上游,晶片封測服務,2449,京元電子,2016,1,balance_sheet,待註銷股本股數（單位：股）,,--,sii,https://mopsov.twse.com.tw/mops/web/ajax_t163sb05
上游,晶片封測服務,2449,京元電子,2016,1,balance_sheet,預收股款（權益項下）之約當發行股數（單位：股）,0,0,sii,https://mopsov.twse.com.tw/mops/web/ajax_t163sb05
上游,晶片封測服務,2449,京元電子,2016,1,balance_sheet,母公司暨子公司所持有之母公司庫藏股股數（單位：股）,0,0,sii,https://mopsov.twse.com.tw/mops/web/ajax_t163sb05
上游,晶片封測服務,2449,京元電子,2016,1,balance_sheet,每股參考淨值,19.69,19.69,sii,https://mopsov.twse.com.tw/mops/web/ajax_t163sb05
上游,晶片封測服務,2449,京元電子,2016,1,cash_flow,營業活動之淨現金流入（流出）,1808492,"1,808,492",sii,https://mopsov.twse.com.tw/mops/web/ajax_t163sb20
上游,晶片封測服務,2449,京元電子,2016,1,cash_flow,投資活動之淨現金流入（流出）,-3488095,"-3,488,095",sii,https://mopsov.twse.com.tw/mops/web/ajax_t163sb20
上游,晶片封測服務,2449,京元電子,2016,1,cash_flow,籌資活動之淨現金流入（流出）,855300,"855,300",sii,https://mopsov.twse.com.tw/mops/web/ajax_t163sb20
上游,晶片封測服務,2449,京元電子,2016,1,cash_flow,匯率變動對現金及約當現金之影響,-50438,"-50,438",sii,https://mopsov.twse.com.tw/mops/web/ajax_t163sb20
上游,晶片封測服務,2449,京元電子,2016,1,cash_flow,本期現金及約當現金增加（減少）數,-874741,"-874,741",sii,https://mopsov.twse.com.tw/mops/web/ajax_t163sb20
上游,晶片封測服務,2449,京元電子,2016,1,cash_flow,期初現金及約當現金餘額,6234138,"6,234,138",sii,https://mopsov.twse.com.tw/mops/web/ajax_t163sb20
上游,晶片封測服務,2449,京元電子,2016,1,cash_flow,期末現金及約當現金餘額,5359397,"5,359,397",sii,https://mopsov.twse.com.tw/mops/web/ajax_t163sb20
上游,晶片封測服務,2449,京元電子,2016,2,income_statement,營業收入,9415749,"9,415,749",sii,https://mopsov.twse.com.tw/mops/web/ajax_t163sb04
上游,晶片封測服務,2449,京元電子,2016,2,income_statement,營業成本,6679192,"6,679,192",sii,https://mopsov.twse.com.tw/mops/web/ajax_t163sb04
上游,晶片封測服務,2449,京元電子,2016,2,income_statement,營業毛利（毛損）,2736557,"2,736,557",sii,https://mopsov.twse.com.tw/mops/web/ajax_t163sb04
上游,晶片封測服務,2449,京元電子,2016,2,income_statement,未實現銷貨（損）益,,--,sii,https://mopsov.twse.com.tw/mops/web/ajax_t163sb04
上游,晶片封測服務,2449,京元電子,2016,2,income_statement,已實現銷貨（損）益,,--,sii,https://mopsov.twse.com.tw/mops/web/ajax_t163sb04
上游,晶片封測服務,2449,京元電子,2016,2,income_statement,營業毛利（毛損）淨額,2736557,"2,736,557",sii,https://mopsov.twse.com.tw/mops/web/ajax_t163sb04
上游,晶片封測服務,2449,京元電子,2016,2,income_statement,營業費用,1083178,"1,083,178",sii,https://mopsov.twse.com.tw/mops/web/ajax_t163sb04
上游,晶片封測服務,2449,京元電子,2016,2,income_statement,其他收益及費損淨額,,--,sii,https://mopsov.twse.com.tw/mops/web/ajax_t163sb04
上游,晶片封測服務,2449,京元電子,2016,2,income_statement,營業利益（損失）,1653379,"1,653,379",sii,https://mopsov.twse.com.tw/mops/web/ajax_t163sb04
上游,晶片封測服務,2449,京元電子,2016,2,income_statement,營業外收入及支出,104154,"104,154",sii,https://mopsov.twse.com.tw/mops/web/ajax_t163sb04
上游,晶片封測服務,2449,京元電子,2016,2,income_statement,稅前淨利（淨損）,1757533,"1,757,533",sii,https://mopsov.twse.com.tw/mops/web/ajax_t163sb04
上游,晶片封測服務,2449,京元電子,2016,2,income_statement,所得稅費用（利益）,307366,"307,366",sii,https://mopsov.twse.com.tw/mops/web/ajax_t163sb04
上游,晶片封測服務,2449,京元電子,2016,2,income_statement,繼續營業單位本期淨利（淨損）,1450167,"1,450,167",sii,https://mopsov.twse.com.tw/mops/web/ajax_t163sb04
上游,晶片封測服務,2449,京元電子,2016,2,income_statement,停業單位損益,,--,sii,https://mopsov.twse.com.tw/mops/web/ajax_t163sb04
上游,晶片封測服務,2449,京元電子,2016,2,income_statement,合併前非屬共同控制股權損益,,--,sii,https://mopsov.twse.com.tw/mops/web/ajax_t163sb04
上游,晶片封測服務,2449,京元電子,2016,2,income_statement,本期淨利（淨損）,1450167,"1,450,167",sii,https://mopsov.twse.com.tw/mops/web/ajax_t163sb04
上游,晶片封測服務,2449,京元電子,2016,2,income_statement,其他綜合損益（淨額）,-169995,"-169,995",sii,https://mopsov.twse.com.tw/mops/web/ajax_t163sb04
上游,晶片封測服務,2449,京元電子,2016,2,income_statement,合併前非屬共同控制股權綜合損益淨額,,--,sii,https://mopsov.twse.com.tw/mops/web/ajax_t163sb04
上游,晶片封測服務,2449,京元電子,2016,2,income_statement,本期綜合損益總額,1280172,"1,280,172",sii,https://mopsov.twse.com.tw/mops/web/ajax_t163sb04
上游,晶片封測服務,2449,京元電子,2016,2,income_statement,淨利（淨損）歸屬於母公司業主,1449695,"1,449,695",sii,https://mopsov.twse.com.tw/mops/web/ajax_t163sb04
上游,晶片封測服務,2449,京元電子,2016,2,income_statement,淨利（淨損）歸屬於共同控制下前手權益,,--,sii,https://mopsov.twse.com.tw/mops/web/ajax_t163sb04
上游,晶片封測服務,2449,京元電子,2016,2,income_statement,淨利（淨損）歸屬於非控制權益,472,472,sii,https://mopsov.twse.com.tw/mops/web/ajax_t163sb04
上游,晶片封測服務,2449,京元電子,2016,2,income_statement,綜合損益總額歸屬於母公司業主,1278921,"1,278,921",sii,https://mopsov.twse.com.tw/mops/web/ajax_t163sb04
上游,晶片封測服務,2449,京元電子,2016,2,income_statement,綜合損益總額歸屬於共同控制下前手權益,,--,sii,https://mopsov.twse.com.tw/mops/web/ajax_t163sb04
上游,晶片封測服務,2449,京元電子,2016,2,income_statement,綜合損益總額歸屬於非控制權益,1251,"1,251",sii,https://mopsov.twse.com.tw/mops/web/ajax_t163sb04
上游,晶片封測服務,2449,京元電子,2016,2,income_statement,基本每股盈餘（元）,1.25,1.25,sii,https://mopsov.twse.com.tw/mops/web/ajax_t163sb04
上游,晶片封測服務,2449,京元電子,2016,2,balance_sheet,流動資產,11513594,"11,513,594",sii,https://mopsov.twse.com.tw/mops/web/ajax_t163sb05
上游,晶片封測服務,2449,京元電子,2016,2,balance_sheet,非流動資產,32931709,"32,931,709",sii,https://mopsov.twse.com.tw/mops/web/ajax_t163sb05
上游,晶片封測服務,2449,京元電子,2016,2,balance_sheet,資產總計,44445303,"44,445,303",sii,https://mopsov.twse.com.tw/mops/web/ajax_t163sb05
上游,晶片封測服務,2449,京元電子,2016,2,balance_sheet,流動負債,8401735,"8,401,735",sii,https://mopsov.twse.com.tw/mops/web/ajax_t163sb05
上游,晶片封測服務,2449,京元電子,2016,2,balance_sheet,非流動負債,13798339,"13,798,339",sii,https://mopsov.twse.com.tw/mops/web/ajax_t163sb05
上游,晶片封測服務,2449,京元電子,2016,2,balance_sheet,負債總額,22200074,"22,200,074",sii,https://mopsov.twse.com.tw/mops/web/ajax_t163sb05
上游,晶片封測服務,2449,京元電子,2016,2,balance_sheet,股本,11622944,"11,622,944",sii,https://mopsov.twse.com.tw/mops/web/ajax_t163sb05
上游,晶片封測服務,2449,京元電子,2016,2,balance_sheet,資本公積,4828310,"4,828,310",sii,https://mopsov.twse.com.tw/mops/web/ajax_t163sb05
上游,晶片封測服務,2449,京元電子,2016,2,balance_sheet,保留盈餘,5765679,"5,765,679",sii,https://mopsov.twse.com.tw/mops/web/ajax_t163sb05
上游,晶片封測服務,2449,京元電子,2016,2,balance_sheet,其他權益,22165,"22,165",sii,https://mopsov.twse.com.tw/mops/web/ajax_t163sb05
上游,晶片封測服務,2449,京元電子,2016,2,balance_sheet,庫藏股票,0,0,sii,https://mopsov.twse.com.tw/mops/web/ajax_t163sb05
上游,晶片封測服務,2449,京元電子,2016,2,balance_sheet,歸屬於母公司業主之權益合計,22239098,"22,239,098",sii,https://mopsov.twse.com.tw/mops/web/ajax_t163sb05
上游,晶片封測服務,2449,京元電子,2016,2,balance_sheet,共同控制下前手權益,,--,sii,https://mopsov.twse.com.tw/mops/web/ajax_t163sb05
上游,晶片封測服務,2449,京元電子,2016,2,balance_sheet,合併前非屬共同控制股權,,--,sii,https://mopsov.twse.com.tw/mops/web/ajax_t163sb05
上游,晶片封測服務,2449,京元電子,2016,2,balance_sheet,非控制權益,6131,"6,131",sii,https://mopsov.twse.com.tw/mops/web/ajax_t163sb05
上游,晶片封測服務,2449,京元電子,2016,2,balance_sheet,權益總額,22245229,"22,245,229",sii,https://mopsov.twse.com.tw/mops/web/ajax_t163sb05
上游,晶片封測服務,2449,京元電子,2016,2,balance_sheet,待註銷股本股數（單位：股）,,--,sii,https://mopsov.twse.com.tw/mops/web/ajax_t163sb05
上游,晶片封測服務,2449,京元電子,2016,2,balance_sheet,預收股款（權益項下）之約當發行股數（單位：股）,0,0,sii,https://mopsov.twse.com.tw/mops/web/ajax_t163sb05
上游,晶片封測服務,2449,京元電子,2016,2,balance_sheet,母公司暨子公司所持有之母公司庫藏股股數（單位：股）,0,0,sii,https://mopsov.twse.com.tw/mops/web/ajax_t163sb05
上游,晶片封測服務,2449,京元電子,2016,2,balance_sheet,每股參考淨值,19.13,19.13,sii,https://mopsov.twse.com.tw/mops/web/ajax_t163sb05
上游,晶片封測服務,2449,京元電子,2016,2,cash_flow,營業活動之淨現金流入（流出）,3626302,"3,626,302",sii,https://mopsov.twse.com.tw/mops/web/ajax_t163sb20
上游,晶片封測服務,2449,京元電子,2016,2,cash_flow,投資活動之淨現金流入（流出）,-5250601,"-5,250,601",sii,https://mopsov.twse.com.tw/mops/web/ajax_t163sb20
上游,晶片封測服務,2449,京元電子,2016,2,cash_flow,籌資活動之淨現金流入（流出）,956912,"956,912",sii,https://mopsov.twse.com.tw/mops/web/ajax_t163sb20
上游,晶片封測服務,2449,京元電子,2016,2,cash_flow,匯率變動對現金及約當現金之影響,-43556,"-43,556",sii,https://mopsov.twse.com.tw/mops/web/ajax_t163sb20
上游,晶片封測服務,2449,京元電子,2016,2,cash_flow,本期現金及約當現金增加（減少）數,-710943,"-710,943",sii,https://mopsov.twse.com.tw/mops/web/ajax_t163sb20
上游,晶片封測服務,2449,京元電子,2016,2,cash_flow,期初現金及約當現金餘額,6234138,"6,234,138",sii,https://mopsov.twse.com.tw/mops/web/ajax_t163sb20
上游,晶片封測服務,2449,京元電子,2016,2,cash_flow,期末現金及約當現金餘額,5523195,"5,523,195",sii,https://mopsov.twse.com.tw/mops/web/ajax_t163sb20
上游,晶片封測服務,2449,京元電子,2016,3,income_statement,營業收入,14847123,"14,847,123",sii,https://mopsov.twse.com.tw/mops/web/ajax_t163sb04
上游,晶片封測服務,2449,京元電子,2016,3,income_statement,營業成本,10406729,"10,406,729",sii,https://mopsov.twse.com.tw/mops/web/ajax_t163sb04
上游,晶片封測服務,2449,京元電子,2016,3,income_statement,營業毛利（毛損）,4440394,"4,440,394",sii,https://mopsov.twse.com.tw/mops/web/ajax_t163sb04
上游,晶片封測服務,2449,京元電子,2016,3,income_statement,未實現銷貨（損）益,,--,sii,https://mopsov.twse.com.tw/mops/web/ajax_t163sb04
上游,晶片封測服務,2449,京元電子,2016,3,income_statement,已實現銷貨（損）益,,--,sii,https://mopsov.twse.com.tw/mops/web/ajax_t163sb04
上游,晶片封測服務,2449,京元電子,2016,3,income_statement,營業毛利（毛損）淨額,4440394,"4,440,394",sii,https://mopsov.twse.com.tw/mops/web/ajax_t163sb04
上游,晶片封測服務,2449,京元電子,2016,3,income_statement,營業費用,1642735,"1,642,735",sii,https://mopsov.twse.com.tw/mops/web/ajax_t163sb04
上游,晶片封測服務,2449,京元電子,2016,3,income_statement,其他收益及費損淨額,,--,sii,https://mopsov.twse.com.tw/mops/web/ajax_t163sb04
上游,晶片封測服務,2449,京元電子,2016,3,income_statement,營業利益（損失）,2797659,"2,797,659",sii,https://mopsov.twse.com.tw/mops/web/ajax_t163sb04
上游,晶片封測服務,2449,京元電子,2016,3,income_statement,營業外收入及支出,12267,"12,267",sii,https://mopsov.twse.com.tw/mops/web/ajax_t163sb04
上游,晶片封測服務,2449,京元電子,2016,3,income_statement,稅前淨利（淨損）,2809926,"2,809,926",sii,https://mopsov.twse.com.tw/mops/web/ajax_t163sb04
上游,晶片封測服務,2449,京元電子,2016,3,income_statement,所得稅費用（利益）,482721,"482,721",sii,https://mopsov.twse.com.tw/mops/web/ajax_t163sb04
上游,晶片封測服務,2449,京元電子,2016,3,income_statement,繼續營業單位本期淨利（淨損）,2327205,"2,327,205",sii,https://mopsov.twse.com.tw/mops/web/ajax_t163sb04
上游,晶片封測服務,2449,京元電子,2016,3,income_statement,停業單位損益,,--,sii,https://mopsov.twse.com.tw/mops/web/ajax_t163sb04
上游,晶片封測服務,2449,京元電子,2016,3,income_statement,合併前非屬共同控制股權損益,,--,sii,https://mopsov.twse.com.tw/mops/web/ajax_t163sb04
上游,晶片封測服務,2449,京元電子,2016,3,income_statement,本期淨利（淨損）,2327205,"2,327,205",sii,https://mopsov.twse.com.tw/mops/web/ajax_t163sb04
上游,晶片封測服務,2449,京元電子,2016,3,income_statement,其他綜合損益（淨額）,-327254,"-327,254",sii,https://mopsov.twse.com.tw/mops/web/ajax_t163sb04
上游,晶片封測服務,2449,京元電子,2016,3,income_statement,合併前非屬共同控制股權綜合損益淨額,,--,sii,https://mopsov.twse.com.tw/mops/web/ajax_t163sb04
上游,晶片封測服務,2449,京元電子,2016,3,income_statement,本期綜合損益總額,1999951,"1,999,951",sii,https://mopsov.twse.com.tw/mops/web/ajax_t163sb04
上游,晶片封測服務,2449,京元電子,2016,3,income_statement,淨利（淨損）歸屬於母公司業主,2326550,"2,326,550",sii,https://mopsov.twse.com.tw/mops/web/ajax_t163sb04
上游,晶片封測服務,2449,京元電子,2016,3,income_statement,淨利（淨損）歸屬於共同控制下前手權益,,--,sii,https://mopsov.twse.com.tw/mops/web/ajax_t163sb04
上游,晶片封測服務,2449,京元電子,2016,3,income_statement,淨利（淨損）歸屬於非控制權益,655,655,sii,https://mopsov.twse.com.tw/mops/web/ajax_t163sb04
上游,晶片封測服務,2449,京元電子,2016,3,income_statement,綜合損益總額歸屬於母公司業主,1998583,"1,998,583",sii,https://mopsov.twse.com.tw/mops/web/ajax_t163sb04
上游,晶片封測服務,2449,京元電子,2016,3,income_statement,綜合損益總額歸屬於共同控制下前手權益,,--,sii,https://mopsov.twse.com.tw/mops/web/ajax_t163sb04
上游,晶片封測服務,2449,京元電子,2016,3,income_statement,綜合損益總額歸屬於非控制權益,1368,"1,368",sii,https://mopsov.twse.com.tw/mops/web/ajax_t163sb04
上游,晶片封測服務,2449,京元電子,2016,3,income_statement,基本每股盈餘（元）,2.0,2.00,sii,https://mopsov.twse.com.tw/mops/web/ajax_t163sb04
上游,晶片封測服務,2449,京元電子,2016,3,balance_sheet,流動資產,11654327,"11,654,327",sii,https://mopsov.twse.com.tw/mops/web/ajax_t163sb05
上游,晶片封測服務,2449,京元電子,2016,3,balance_sheet,非流動資產,32559016,"32,559,016",sii,https://mopsov.twse.com.tw/mops/web/ajax_t163sb05
上游,晶片封測服務,2449,京元電子,2016,3,balance_sheet,資產總計,44213343,"44,213,343",sii,https://mopsov.twse.com.tw/mops/web/ajax_t163sb05
上游,晶片封測服務,2449,京元電子,2016,3,balance_sheet,流動負債,6736227,"6,736,227",sii,https://mopsov.twse.com.tw/mops/web/ajax_t163sb05
上游,晶片封測服務,2449,京元電子,2016,3,balance_sheet,非流動負債,14324283,"14,324,283",sii,https://mopsov.twse.com.tw/mops/web/ajax_t163sb05
上游,晶片封測服務,2449,京元電子,2016,3,balance_sheet,負債總額,21060510,"21,060,510",sii,https://mopsov.twse.com.tw/mops/web/ajax_t163sb05
上游,晶片封測服務,2449,京元電子,2016,3,balance_sheet,股本,11674833,"11,674,833",sii,https://mopsov.twse.com.tw/mops/web/ajax_t163sb05
上游,晶片封測服務,2449,京元電子,2016,3,balance_sheet,資本公積,4964246,"4,964,246",sii,https://mopsov.twse.com.tw/mops/web/ajax_t163sb05
上游,晶片封測服務,2449,京元電子,2016,3,balance_sheet,保留盈餘,6642534,"6,642,534",sii,https://mopsov.twse.com.tw/mops/web/ajax_t163sb05
上游,晶片封測服務,2449,京元電子,2016,3,balance_sheet,其他權益,-135028,"-135,028",sii,https://mopsov.twse.com.tw/mops/web/ajax_t163sb05
上游,晶片封測服務,2449,京元電子,2016,3,balance_sheet,庫藏股票,0,0,sii,https://mopsov.twse.com.tw/mops/web/ajax_t163sb05
上游,晶片封測服務,2449,京元電子,2016,3,balance_sheet,歸屬於母公司業主之權益合計,23146585,"23,146,585",sii,https://mopsov.twse.com.tw/mops/web/ajax_t163sb05
上游,晶片封測服務,2449,京元電子,2016,3,balance_sheet,共同控制下前手權益,,--,sii,https://mopsov.twse.com.tw/mops/web/ajax_t163sb05
上游,晶片封測服務,2449,京元電子,2016,3,balance_sheet,合併前非屬共同控制股權,,--,sii,https://mopsov.twse.com.tw/mops/web/ajax_t163sb05
上游,晶片封測服務,2449,京元電子,2016,3,balance_sheet,非控制權益,6248,"6,248",sii,https://mopsov.twse.com.tw/mops/web/ajax_t163sb05
上游,晶片封測服務,2449,京元電子,2016,3,balance_sheet,權益總額,23152833,"23,152,833",sii,https://mopsov.twse.com.tw/mops/web/ajax_t163sb05
上游,晶片封測服務,2449,京元電子,2016,3,balance_sheet,待註銷股本股數（單位：股）,,--,sii,https://mopsov.twse.com.tw/mops/web/ajax_t163sb05
上游,晶片封測服務,2449,京元電子,2016,3,balance_sheet,預收股款（權益項下）之約當發行股數（單位：股）,0,0,sii,https://mopsov.twse.com.tw/mops/web/ajax_t163sb05
上游,晶片封測服務,2449,京元電子,2016,3,balance_sheet,母公司暨子公司所持有之母公司庫藏股股數（單位：股）,0,0,sii,https://mopsov.twse.com.tw/mops/web/ajax_t163sb05
上游,晶片封測服務,2449,京元電子,2016,3,balance_sheet,每股參考淨值,19.83,19.83,sii,https://mopsov.twse.com.tw/mops/web/ajax_t163sb05
上游,晶片封測服務,2449,京元電子,2016,3,cash_flow,營業活動之淨現金流入（流出）,5977674,"5,977,674",sii,https://mopsov.twse.com.tw/mops/web/ajax_t163sb20
上游,晶片封測服務,2449,京元電子,2016,3,cash_flow,投資活動之淨現金流入（流出）,-7985648,"-7,985,648",sii,https://mopsov.twse.com.tw/mops/web/ajax_t163sb20
上游,晶片封測服務,2449,京元電子,2016,3,cash_flow,籌資活動之淨現金流入（流出）,1144667,"1,144,667",sii,https://mopsov.twse.com.tw/mops/web/ajax_t163sb20
上游,晶片封測服務,2449,京元電子,2016,3,cash_flow,匯率變動對現金及約當現金之影響,-117540,"-117,540",sii,https://mopsov.twse.com.tw/mops/web/ajax_t163sb20
上游,晶片封測服務,2449,京元電子,2016,3,cash_flow,本期現金及約當現金增加（減少）數,-980847,"-980,847",sii,https://mopsov.twse.com.tw/mops/web/ajax_t163sb20
上游,晶片封測服務,2449,京元電子,2016,3,cash_flow,期初現金及約當現金餘額,6234138,"6,234,138",sii,https://mopsov.twse.com.tw/mops/web/ajax_t163sb20
上游,晶片封測服務,2449,京元電子,2016,3,cash_flow,期末現金及約當現金餘額,5253291,"5,253,291",sii,https://mopsov.twse.com.tw/mops/web/ajax_t163sb20
上游,晶片封測服務,2449,京元電子,2016,4,income_statement,營業收入,20081683,"20,081,683",sii,https://mopsov.twse.com.tw/mops/web/ajax_t163sb04
上游,晶片封測服務,2449,京元電子,2016,4,income_statement,營業成本,14152516,"14,152,516",sii,https://mopsov.twse.com.tw/mops/web/ajax_t163sb04
上游,晶片封測服務,2449,京元電子,2016,4,income_statement,營業毛利（毛損）,5929167,"5,929,167",sii,https://mopsov.twse.com.tw/mops/web/ajax_t163sb04
上游,晶片封測服務,2449,京元電子,2016,4,income_statement,未實現銷貨（損）益,,--,sii,https://mopsov.twse.com.tw/mops/web/ajax_t163sb04
上游,晶片封測服務,2449,京元電子,2016,4,income_statement,已實現銷貨（損）益,,--,sii,https://mopsov.twse.com.tw/mops/web/ajax_t163sb04
上游,晶片封測服務,2449,京元電子,2016,4,income_statement,營業毛利（毛損）淨額,5929167,"5,929,167",sii,https://mopsov.twse.com.tw/mops/web/ajax_t163sb04
上游,晶片封測服務,2449,京元電子,2016,4,income_statement,營業費用,2227236,"2,227,236",sii,https://mopsov.twse.com.tw/mops/web/ajax_t163sb04
上游,晶片封測服務,2449,京元電子,2016,4,income_statement,其他收益及費損淨額,,--,sii,https://mopsov.twse.com.tw/mops/web/ajax_t163sb04
上游,晶片封測服務,2449,京元電子,2016,4,income_statement,營業利益（損失）,3701931,"3,701,931",sii,https://mopsov.twse.com.tw/mops/web/ajax_t163sb04
上游,晶片封測服務,2449,京元電子,2016,4,income_statement,營業外收入及支出,-111648,"-111,648",sii,https://mopsov.twse.com.tw/mops/web/ajax_t163sb04
上游,晶片封測服務,2449,京元電子,2016,4,income_statement,稅前淨利（淨損）,3590283,"3,590,283",sii,https://mopsov.twse.com.tw/mops/web/ajax_t163sb04
上游,晶片封測服務,2449,京元電子,2016,4,income_statement,所得稅費用（利益）,608506,"608,506",sii,https://mopsov.twse.com.tw/mops/web/ajax_t163sb04
上游,晶片封測服務,2449,京元電子,2016,4,income_statement,繼續營業單位本期淨利（淨損）,2981777,"2,981,777",sii,https://mopsov.twse.com.tw/mops/web/ajax_t163sb04
上游,晶片封測服務,2449,京元電子,2016,4,income_statement,停業單位損益,,--,sii,https://mopsov.twse.com.tw/mops/web/ajax_t163sb04
上游,晶片封測服務,2449,京元電子,2016,4,income_statement,合併前非屬共同控制股權損益,,--,sii,https://mopsov.twse.com.tw/mops/web/ajax_t163sb04
上游,晶片封測服務,2449,京元電子,2016,4,income_statement,本期淨利（淨損）,2981777,"2,981,777",sii,https://mopsov.twse.com.tw/mops/web/ajax_t163sb04
上游,晶片封測服務,2449,京元電子,2016,4,income_statement,其他綜合損益（淨額）,-432787,"-432,787",sii,https://mopsov.twse.com.tw/mops/web/ajax_t163sb04
上游,晶片封測服務,2449,京元電子,2016,4,income_statement,合併前非屬共同控制股權綜合損益淨額,,--,sii,https://mopsov.twse.com.tw/mops/web/ajax_t163sb04
上游,晶片封測服務,2449,京元電子,2016,4,income_statement,本期綜合損益總額,2548990,"2,548,990",sii,https://mopsov.twse.com.tw/mops/web/ajax_t163sb04
上游,晶片封測服務,2449,京元電子,2016,4,income_statement,淨利（淨損）歸屬於母公司業主,2981198,"2,981,198",sii,https://mopsov.twse.com.tw/mops/web/ajax_t163sb04
上游,晶片封測服務,2449,京元電子,2016,4,income_statement,淨利（淨損）歸屬於共同控制下前手權益,,--,sii,https://mopsov.twse.com.tw/mops/web/ajax_t163sb04
上游,晶片封測服務,2449,京元電子,2016,4,income_statement,淨利（淨損）歸屬於非控制權益,579,579,sii,https://mopsov.twse.com.tw/mops/web/ajax_t163sb04
上游,晶片封測服務,2449,京元電子,2016,4,income_statement,綜合損益總額歸屬於母公司業主,2548408,"2,548,408",sii,https://mopsov.twse.com.tw/mops/web/ajax_t163sb04
上游,晶片封測服務,2449,京元電子,2016,4,income_statement,綜合損益總額歸屬於共同控制下前手權益,,--,sii,https://mopsov.twse.com.tw/mops/web/ajax_t163sb04
上游,晶片封測服務,2449,京元電子,2016,4,income_statement,綜合損益總額歸屬於非控制權益,582,582,sii,https://mopsov.twse.com.tw/mops/web/ajax_t163sb04
上游,晶片封測服務,2449,京元電子,2016,4,income_statement,基本每股盈餘（元）,2.56,2.56,sii,https://mopsov.twse.com.tw/mops/web/ajax_t163sb04
上游,晶片封測服務,2449,京元電子,2016,4,balance_sheet,流動資產,11785560,"11,785,560",sii,https://mopsov.twse.com.tw/mops/web/ajax_t163sb05
上游,晶片封測服務,2449,京元電子,2016,4,balance_sheet,非流動資產,31901538,"31,901,538",sii,https://mopsov.twse.com.tw/mops/web/ajax_t163sb05
上游,晶片封測服務,2449,京元電子,2016,4,balance_sheet,資產總計,43687098,"43,687,098",sii,https://mopsov.twse.com.tw/mops/web/ajax_t163sb05
上游,晶片封測服務,2449,京元電子,2016,4,balance_sheet,流動負債,5586934,"5,586,934",sii,https://mopsov.twse.com.tw/mops/web/ajax_t163sb05
上游,晶片封測服務,2449,京元電子,2016,4,balance_sheet,非流動負債,14397125,"14,397,125",sii,https://mopsov.twse.com.tw/mops/web/ajax_t163sb05
上游,晶片封測服務,2449,京元電子,2016,4,balance_sheet,負債總額,19984059,"19,984,059",sii,https://mopsov.twse.com.tw/mops/web/ajax_t163sb05
上游,晶片封測服務,2449,京元電子,2016,4,balance_sheet,股本,11674833,"11,674,833",sii,https://mopsov.twse.com.tw/mops/web/ajax_t163sb05
上游,晶片封測服務,2449,京元電子,2016,4,balance_sheet,資本公積,4965413,"4,965,413",sii,https://mopsov.twse.com.tw/mops/web/ajax_t163sb05
上游,晶片封測服務,2449,京元電子,2016,4,balance_sheet,保留盈餘,7241924,"7,241,924",sii,https://mopsov.twse.com.tw/mops/web/ajax_t163sb05
上游,晶片封測服務,2449,京元電子,2016,4,balance_sheet,其他權益,-184593,"-184,593",sii,https://mopsov.twse.com.tw/mops/web/ajax_t163sb05
上游,晶片封測服務,2449,京元電子,2016,4,balance_sheet,庫藏股票,0,0,sii,https://mopsov.twse.com.tw/mops/web/ajax_t163sb05
上游,晶片封測服務,2449,京元電子,2016,4,balance_sheet,歸屬於母公司業主之權益合計,23697577,"23,697,577",sii,https://mopsov.twse.com.tw/mops/web/ajax_t163sb05
上游,晶片封測服務,2449,京元電子,2016,4,balance_sheet,共同控制下前手權益,,--,sii,https://mopsov.twse.com.tw/mops/web/ajax_t163sb05
上游,晶片封測服務,2449,京元電子,2016,4,balance_sheet,合併前非屬共同控制股權,,--,sii,https://mopsov.twse.com.tw/mops/web/ajax_t163sb05
上游,晶片封測服務,2449,京元電子,2016,4,balance_sheet,非控制權益,5462,"5,462",sii,https://mopsov.twse.com.tw/mops/web/ajax_t163sb05
上游,晶片封測服務,2449,京元電子,2016,4,balance_sheet,權益總額,23703039,"23,703,039",sii,https://mopsov.twse.com.tw/mops/web/ajax_t163sb05
上游,晶片封測服務,2449,京元電子,2016,4,balance_sheet,待註銷股本股數（單位：股）,,--,sii,https://mopsov.twse.com.tw/mops/web/ajax_t163sb05
上游,晶片封測服務,2449,京元電子,2016,4,balance_sheet,預收股款（權益項下）之約當發行股數（單位：股）,0,0,sii,https://mopsov.twse.com.tw/mops/web/ajax_t163sb05
上游,晶片封測服務,2449,京元電子,2016,4,balance_sheet,母公司暨子公司所持有之母公司庫藏股股數（單位：股）,0,0,sii,https://mopsov.twse.com.tw/mops/web/ajax_t163sb05
上游,晶片封測服務,2449,京元電子,2016,4,balance_sheet,每股參考淨值,20.3,20.30,sii,https://mopsov.twse.com.tw/mops/web/ajax_t163sb05
上游,晶片封測服務,2449,京元電子,2016,4,cash_flow,營業活動之淨現金流入（流出）,8350511,"8,350,511",sii,https://mopsov.twse.com.tw/mops/web/ajax_t163sb20
上游,晶片封測服務,2449,京元電子,2016,4,cash_flow,投資活動之淨現金流入（流出）,-8897428,"-8,897,428",sii,https://mopsov.twse.com.tw/mops/web/ajax_t163sb20
上游,晶片封測服務,2449,京元電子,2016,4,cash_flow,籌資活動之淨現金流入（流出）,-133479,"-133,479",sii,https://mopsov.twse.com.tw/mops/web/ajax_t163sb20
上游,晶片封測服務,2449,京元電子,2016,4,cash_flow,匯率變動對現金及約當現金之影響,63661,"63,661",sii,https://mopsov.twse.com.tw/mops/web/ajax_t163sb20
上游,晶片封測服務,2449,京元電子,2016,4,cash_flow,本期現金及約當現金增加（減少）數,-616735,"-616,735",sii,https://mopsov.twse.com.tw/mops/web/ajax_t163sb20
上游,晶片封測服務,2449,京元電子,2016,4,cash_flow,期初現金及約當現金餘額,6234138,"6,234,138",sii,https://mopsov.twse.com.tw/mops/web/ajax_t163sb20
上游,晶片封測服務,2449,京元電子,2016,4,cash_flow,期末現金及約當現金餘額,5617403,"5,617,403",sii,https://mopsov.twse.com.tw/mops/web/ajax_t163sb20
上游,晶片封測服務,2449,京元電子,2017,1,income_statement,營業收入,4868863,"4,868,863",sii,https://mopsov.twse.com.tw/mops/web/ajax_t163sb04
上游,晶片封測服務,2449,京元電子,2017,1,income_statement,營業成本,3390481,"3,390,481",sii,https://mopsov.twse.com.tw/mops/web/ajax_t163sb04
上游,晶片封測服務,2449,京元電子,2017,1,income_statement,原始認列生物資產及農產品之利益（損失）,,--,sii,https://mopsov.twse.com.tw/mops/web/ajax_t163sb04
上游,晶片封測服務,2449,京元電子,2017,1,income_statement,生物資產當期公允價值減出售成本之變動利益（損失）,,--,sii,https://mopsov.twse.com.tw/mops/web/ajax_t163sb04
上游,晶片封測服務,2449,京元電子,2017,1,income_statement,營業毛利（毛損）,1478382,"1,478,382",sii,https://mopsov.twse.com.tw/mops/web/ajax_t163sb04
上游,晶片封測服務,2449,京元電子,2017,1,income_statement,未實現銷貨（損）益,,--,sii,https://mopsov.twse.com.tw/mops/web/ajax_t163sb04
上游,晶片封測服務,2449,京元電子,2017,1,income_statement,已實現銷貨（損）益,,--,sii,https://mopsov.twse.com.tw/mops/web/ajax_t163sb04
上游,晶片封測服務,2449,京元電子,2017,1,income_statement,營業毛利（毛損）淨額,1478382,"1,478,382",sii,https://mopsov.twse.com.tw/mops/web/ajax_t163sb04
上游,晶片封測服務,2449,京元電子,2017,1,income_statement,營業費用,542268,"542,268",sii,https://mopsov.twse.com.tw/mops/web/ajax_t163sb04
上游,晶片封測服務,2449,京元電子,2017,1,income_statement,其他收益及費損淨額,,--,sii,https://mopsov.twse.com.tw/mops/web/ajax_t163sb04
上游,晶片封測服務,2449,京元電子,2017,1,income_statement,營業利益（損失）,936114,"936,114",sii,https://mopsov.twse.com.tw/mops/web/ajax_t163sb04
上游,晶片封測服務,2449,京元電子,2017,1,income_statement,營業外收入及支出,-225668,"-225,668",sii,https://mopsov.twse.com.tw/mops/web/ajax_t163sb04
上游,晶片封測服務,2449,京元電子,2017,1,income_statement,稅前淨利（淨損）,710446,"710,446",sii,https://mopsov.twse.com.tw/mops/web/ajax_t163sb04
上游,晶片封測服務,2449,京元電子,2017,1,income_statement,所得稅費用（利益）,149698,"149,698",sii,https://mopsov.twse.com.tw/mops/web/ajax_t163sb04
上游,晶片封測服務,2449,京元電子,2017,1,income_statement,繼續營業單位本期淨利（淨損）,560748,"560,748",sii,https://mopsov.twse.com.tw/mops/web/ajax_t163sb04
上游,晶片封測服務,2449,京元電子,2017,1,income_statement,停業單位損益,,--,sii,https://mopsov.twse.com.tw/mops/web/ajax_t163sb04
上游,晶片封測服務,2449,京元電子,2017,1,income_statement,合併前非屬共同控制股權損益,,--,sii,https://mopsov.twse.com.tw/mops/web/ajax_t163sb04
上游,晶片封測服務,2449,京元電子,2017,1,income_statement,本期淨利（淨損）,560748,"560,748",sii,https://mopsov.twse.com.tw/mops/web/ajax_t163sb04
上游,晶片封測服務,2449,京元電子,2017,1,income_statement,其他綜合損益（淨額）,-209190,"-209,190",sii,https://mopsov.twse.com.tw/mops/web/ajax_t163sb04
上游,晶片封測服務,2449,京元電子,2017,1,income_statement,合併前非屬共同控制股權綜合損益淨額,,--,sii,https://mopsov.twse.com.tw/mops/web/ajax_t163sb04
上游,晶片封測服務,2449,京元電子,2017,1,income_statement,本期綜合損益總額,351558,"351,558",sii,https://mopsov.twse.com.tw/mops/web/ajax_t163sb04
上游,晶片封測服務,2449,京元電子,2017,1,income_statement,淨利（淨損）歸屬於母公司業主,560664,"560,664",sii,https://mopsov.twse.com.tw/mops/web/ajax_t163sb04
上游,晶片封測服務,2449,京元電子,2017,1,income_statement,淨利（淨損）歸屬於共同控制下前手權益,,--,sii,https://mopsov.twse.com.tw/mops/web/ajax_t163sb04
上游,晶片封測服務,2449,京元電子,2017,1,income_statement,淨利（淨損）歸屬於非控制權益,84,84,sii,https://mopsov.twse.com.tw/mops/web/ajax_t163sb04
上游,晶片封測服務,2449,京元電子,2017,1,income_statement,綜合損益總額歸屬於母公司業主,351560,"351,560",sii,https://mopsov.twse.com.tw/mops/web/ajax_t163sb04
上游,晶片封測服務,2449,京元電子,2017,1,income_statement,綜合損益總額歸屬於共同控制下前手權益,,--,sii,https://mopsov.twse.com.tw/mops/web/ajax_t163sb04
上游,晶片封測服務,2449,京元電子,2017,1,income_statement,綜合損益總額歸屬於非控制權益,-2,-2,sii,https://mopsov.twse.com.tw/mops/web/ajax_t163sb04
上游,晶片封測服務,2449,京元電子,2017,1,income_statement,基本每股盈餘（元）,0.48,0.48,sii,https://mopsov.twse.com.tw/mops/web/ajax_t163sb04
上游,晶片封測服務,2449,京元電子,2017,1,balance_sheet,流動資產,10519395,"10,519,395",sii,https://mopsov.twse.com.tw/mops/web/ajax_t163sb05
上游,晶片封測服務,2449,京元電子,2017,1,balance_sheet,非流動資產,31141213,"31,141,213",sii,https://mopsov.twse.com.tw/mops/web/ajax_t163sb05
上游,晶片封測服務,2449,京元電子,2017,1,balance_sheet,資產總計,41660608,"41,660,608",sii,https://mopsov.twse.com.tw/mops/web/ajax_t163sb05
上游,晶片封測服務,2449,京元電子,2017,1,balance_sheet,流動負債,6480034,"6,480,034",sii,https://mopsov.twse.com.tw/mops/web/ajax_t163sb05
上游,晶片封測服務,2449,京元電子,2017,1,balance_sheet,非流動負債,11026531,"11,026,531",sii,https://mopsov.twse.com.tw/mops/web/ajax_t163sb05
上游,晶片封測服務,2449,京元電子,2017,1,balance_sheet,負債總額,17506565,"17,506,565",sii,https://mopsov.twse.com.tw/mops/web/ajax_t163sb05
上游,晶片封測服務,2449,京元電子,2017,1,balance_sheet,股本,11711731,"11,711,731",sii,https://mopsov.twse.com.tw/mops/web/ajax_t163sb05
上游,晶片封測服務,2449,京元電子,2017,1,balance_sheet,資本公積,5027961,"5,027,961",sii,https://mopsov.twse.com.tw/mops/web/ajax_t163sb05
上游,晶片封測服務,2449,京元電子,2017,1,balance_sheet,保留盈餘,7802588,"7,802,588",sii,https://mopsov.twse.com.tw/mops/web/ajax_t163sb05
上游,晶片封測服務,2449,京元電子,2017,1,balance_sheet,其他權益,-393697,"-393,697",sii,https://mopsov.twse.com.tw/mops/web/ajax_t163sb05
上游,晶片封測服務,2449,京元電子,2017,1,balance_sheet,庫藏股票,0,0,sii,https://mopsov.twse.com.tw/mops/web/ajax_t163sb05
上游,晶片封測服務,2449,京元電子,2017,1,balance_sheet,歸屬於母公司業主之權益合計,24148583,"24,148,583",sii,https://mopsov.twse.com.tw/mops/web/ajax_t163sb05
上游,晶片封測服務,2449,京元電子,2017,1,balance_sheet,共同控制下前手權益,,--,sii,https://mopsov.twse.com.tw/mops/web/ajax_t163sb05
上游,晶片封測服務,2449,京元電子,2017,1,balance_sheet,合併前非屬共同控制股權,,--,sii,https://mopsov.twse.com.tw/mops/web/ajax_t163sb05
上游,晶片封測服務,2449,京元電子,2017,1,balance_sheet,非控制權益,5460,"5,460",sii,https://mopsov.twse.com.tw/mops/web/ajax_t163sb05
上游,晶片封測服務,2449,京元電子,2017,1,balance_sheet,權益總額,24154043,"24,154,043",sii,https://mopsov.twse.com.tw/mops/web/ajax_t163sb05
上游,晶片封測服務,2449,京元電子,2017,1,balance_sheet,待註銷股本股數（單位：股）,,--,sii,https://mopsov.twse.com.tw/mops/web/ajax_t163sb05
上游,晶片封測服務,2449,京元電子,2017,1,balance_sheet,預收股款（權益項下）之約當發行股數（單位：股）,0,0,sii,https://mopsov.twse.com.tw/mops/web/ajax_t163sb05
上游,晶片封測服務,2449,京元電子,2017,1,balance_sheet,母公司暨子公司所持有之母公司庫藏股股數（單位：股）,0,0,sii,https://mopsov.twse.com.tw/mops/web/ajax_t163sb05
上游,晶片封測服務,2449,京元電子,2017,1,balance_sheet,每股參考淨值,20.62,20.62,sii,https://mopsov.twse.com.tw/mops/web/ajax_t163sb05
上游,晶片封測服務,2449,京元電子,2017,1,cash_flow,營業活動之淨現金流入（流出）,2619720,"2,619,720",sii,https://mopsov.twse.com.tw/mops/web/ajax_t163sb20
上游,晶片封測服務,2449,京元電子,2017,1,cash_flow,投資活動之淨現金流入（流出）,-1246637,"-1,246,637",sii,https://mopsov.twse.com.tw/mops/web/ajax_t163sb20
上游,晶片封測服務,2449,京元電子,2017,1,cash_flow,籌資活動之淨現金流入（流出）,-1754241,"-1,754,241",sii,https://mopsov.twse.com.tw/mops/web/ajax_t163sb20
上游,晶片封測服務,2449,京元電子,2017,1,cash_flow,匯率變動對現金及約當現金之影響,-81610,"-81,610",sii,https://mopsov.twse.com.tw/mops/web/ajax_t163sb20
上游,晶片封測服務,2449,京元電子,2017,1,cash_flow,本期現金及約當現金增加（減少）數,-462768,"-462,768",sii,https://mopsov.twse.com.tw/mops/web/ajax_t163sb20
上游,晶片封測服務,2449,京元電子,2017,1,cash_flow,期初現金及約當現金餘額,5617403,"5,617,403",sii,https://mopsov.twse.com.tw/mops/web/ajax_t163sb20
上游,晶片封測服務,2449,京元電子,2017,1,cash_flow,期末現金及約當現金餘額,5154635,"5,154,635",sii,https://mopsov.twse.com.tw/mops/web/ajax_t163sb20
上游,晶片封測服務,2449,京元電子,2017,2,income_statement,營業收入,9711556,"9,711,556",sii,https://mopsov.twse.com.tw/mops/web/ajax_t163sb04
上游,晶片封測服務,2449,京元電子,2017,2,income_statement,營業成本,6712140,"6,712,140",sii,https://mopsov.twse.com.tw/mops/web/ajax_t163sb04
上游,晶片封測服務,2449,京元電子,2017,2,income_statement,原始認列生物資產及農產品之利益（損失）,,--,sii,https://mopsov.twse.com.tw/mops/web/ajax_t163sb04
上游,晶片封測服務,2449,京元電子,2017,2,income_statement,生物資產當期公允價值減出售成本之變動利益（損失）,,--,sii,https://mopsov.twse.com.tw/mops/web/ajax_t163sb04
上游,晶片封測服務,2449,京元電子,2017,2,income_statement,營業毛利（毛損）,2999416,"2,999,416",sii,https://mopsov.twse.com.tw/mops/web/ajax_t163sb04
上游,晶片封測服務,2449,京元電子,2017,2,income_statement,未實現銷貨（損）益,,--,sii,https://mopsov.twse.com.tw/mops/web/ajax_t163sb04
上游,晶片封測服務,2449,京元電子,2017,2,income_statement,已實現銷貨（損）益,,--,sii,https://mopsov.twse.com.tw/mops/web/ajax_t163sb04
上游,晶片封測服務,2449,京元電子,2017,2,income_statement,營業毛利（毛損）淨額,2999416,"2,999,416",sii,https://mopsov.twse.com.tw/mops/web/ajax_t163sb04
上游,晶片封測服務,2449,京元電子,2017,2,income_statement,營業費用,1105378,"1,105,378",sii,https://mopsov.twse.com.tw/mops/web/ajax_t163sb04
上游,晶片封測服務,2449,京元電子,2017,2,income_statement,其他收益及費損淨額,,--,sii,https://mopsov.twse.com.tw/mops/web/ajax_t163sb04
上游,晶片封測服務,2449,京元電子,2017,2,income_statement,營業利益（損失）,1894038,"1,894,038",sii,https://mopsov.twse.com.tw/mops/web/ajax_t163sb04
上游,晶片封測服務,2449,京元電子,2017,2,income_statement,營業外收入及支出,-330625,"-330,625",sii,https://mopsov.twse.com.tw/mops/web/ajax_t163sb04
上游,晶片封測服務,2449,京元電子,2017,2,income_statement,稅前淨利（淨損）,1563413,"1,563,413",sii,https://mopsov.twse.com.tw/mops/web/ajax_t163sb04
上游,晶片封測服務,2449,京元電子,2017,2,income_statement,所得稅費用（利益）,414221,"414,221",sii,https://mopsov.twse.com.tw/mops/web/ajax_t163sb04
上游,晶片封測服務,2449,京元電子,2017,2,income_statement,繼續營業單位本期淨利（淨損）,1149192,"1,149,192",sii,https://mopsov.twse.com.tw/mops/web/ajax_t163sb04
上游,晶片封測服務,2449,京元電子,2017,2,income_statement,停業單位損益,,--,sii,https://mopsov.twse.com.tw/mops/web/ajax_t163sb04
上游,晶片封測服務,2449,京元電子,2017,2,income_statement,合併前非屬共同控制股權損益,,--,sii,https://mopsov.twse.com.tw/mops/web/ajax_t163sb04
上游,晶片封測服務,2449,京元電子,2017,2,income_statement,本期淨利（淨損）,1149192,"1,149,192",sii,https://mopsov.twse.com.tw/mops/web/ajax_t163sb04
上游,晶片封測服務,2449,京元電子,2017,2,income_statement,其他綜合損益（淨額）,-97997,"-97,997",sii,https://mopsov.twse.com.tw/mops/web/ajax_t163sb04
上游,晶片封測服務,2449,京元電子,2017,2,income_statement,合併前非屬共同控制股權綜合損益淨額,,--,sii,https://mopsov.twse.com.tw/mops/web/ajax_t163sb04
上游,晶片封測服務,2449,京元電子,2017,2,income_statement,本期綜合損益總額,1051195,"1,051,195",sii,https://mopsov.twse.com.tw/mops/web/ajax_t163sb04
上游,晶片封測服務,2449,京元電子,2017,2,income_statement,淨利（淨損）歸屬於母公司業主,1148993,"1,148,993",sii,https://mopsov.twse.com.tw/mops/web/ajax_t163sb04
上游,晶片封測服務,2449,京元電子,2017,2,income_statement,淨利（淨損）歸屬於共同控制下前手權益,,--,sii,https://mopsov.twse.com.tw/mops/web/ajax_t163sb04
上游,晶片封測服務,2449,京元電子,2017,2,income_statement,淨利（淨損）歸屬於非控制權益,199,199,sii,https://mopsov.twse.com.tw/mops/web/ajax_t163sb04
上游,晶片封測服務,2449,京元電子,2017,2,income_statement,綜合損益總額歸屬於母公司業主,1051075,"1,051,075",sii,https://mopsov.twse.com.tw/mops/web/ajax_t163sb04
上游,晶片封測服務,2449,京元電子,2017,2,income_statement,綜合損益總額歸屬於共同控制下前手權益,,--,sii,https://mopsov.twse.com.tw/mops/web/ajax_t163sb04
上游,晶片封測服務,2449,京元電子,2017,2,income_statement,綜合損益總額歸屬於非控制權益,120,120,sii,https://mopsov.twse.com.tw/mops/web/ajax_t163sb04
上游,晶片封測服務,2449,京元電子,2017,2,income_statement,基本每股盈餘（元）,0.98,0.98,sii,https://mopsov.twse.com.tw/mops/web/ajax_t163sb04
上游,晶片封測服務,2449,京元電子,2017,2,balance_sheet,流動資產,10891900,"10,891,900",sii,https://mopsov.twse.com.tw/mops/web/ajax_t163sb05
上游,晶片封測服務,2449,京元電子,2017,2,balance_sheet,非流動資產,30846552,"30,846,552",sii,https://mopsov.twse.com.tw/mops/web/ajax_t163sb05
上游,晶片封測服務,2449,京元電子,2017,2,balance_sheet,資產總計,41738452,"41,738,452",sii,https://mopsov.twse.com.tw/mops/web/ajax_t163sb05
上游,晶片封測服務,2449,京元電子,2017,2,balance_sheet,流動負債,7753357,"7,753,357",sii,https://mopsov.twse.com.tw/mops/web/ajax_t163sb05
上游,晶片封測服務,2449,京元電子,2017,2,balance_sheet,非流動負債,11170901,"11,170,901",sii,https://mopsov.twse.com.tw/mops/web/ajax_t163sb05
上游,晶片封測服務,2449,京元電子,2017,2,balance_sheet,負債總額,18924258,"18,924,258",sii,https://mopsov.twse.com.tw/mops/web/ajax_t163sb05
上游,晶片封測服務,2449,京元電子,2017,2,balance_sheet,股本,11737099,"11,737,099",sii,https://mopsov.twse.com.tw/mops/web/ajax_t163sb05
上游,晶片封測服務,2449,京元電子,2017,2,balance_sheet,資本公積,4602749,"4,602,749",sii,https://mopsov.twse.com.tw/mops/web/ajax_t163sb05
上游,晶片封測服務,2449,京元電子,2017,2,balance_sheet,保留盈餘,6751275,"6,751,275",sii,https://mopsov.twse.com.tw/mops/web/ajax_t163sb05
上游,晶片封測服務,2449,京元電子,2017,2,balance_sheet,其他權益,-282511,"-282,511",sii,https://mopsov.twse.com.tw/mops/web/ajax_t163sb05
上游,晶片封測服務,2449,京元電子,2017,2,balance_sheet,庫藏股票,0,0,sii,https://mopsov.twse.com.tw/mops/web/ajax_t163sb05
上游,晶片封測服務,2449,京元電子,2017,2,balance_sheet,歸屬於母公司業主之權益合計,22808612,"22,808,612",sii,https://mopsov.twse.com.tw/mops/web/ajax_t163sb05
上游,晶片封測服務,2449,京元電子,2017,2,balance_sheet,共同控制下前手權益,,--,sii,https://mopsov.twse.com.tw/mops/web/ajax_t163sb05
上游,晶片封測服務,2449,京元電子,2017,2,balance_sheet,合併前非屬共同控制股權,,--,sii,https://mopsov.twse.com.tw/mops/web/ajax_t163sb05
上游,晶片封測服務,2449,京元電子,2017,2,balance_sheet,非控制權益,5582,"5,582",sii,https://mopsov.twse.com.tw/mops/web/ajax_t163sb05
上游,晶片封測服務,2449,京元電子,2017,2,balance_sheet,權益總額,22814194,"22,814,194",sii,https://mopsov.twse.com.tw/mops/web/ajax_t163sb05
上游,晶片封測服務,2449,京元電子,2017,2,balance_sheet,待註銷股本股數（單位：股）,,--,sii,https://mopsov.twse.com.tw/mops/web/ajax_t163sb05
上游,晶片封測服務,2449,京元電子,2017,2,balance_sheet,預收股款（權益項下）之約當發行股數（單位：股）,0,0,sii,https://mopsov.twse.com.tw/mops/web/ajax_t163sb05
上游,晶片封測服務,2449,京元電子,2017,2,balance_sheet,母公司暨子公司所持有之母公司庫藏股股數（單位：股）,0,0,sii,https://mopsov.twse.com.tw/mops/web/ajax_t163sb05
上游,晶片封測服務,2449,京元電子,2017,2,balance_sheet,每股參考淨值,19.43,19.43,sii,https://mopsov.twse.com.tw/mops/web/ajax_t163sb05
上游,晶片封測服務,2449,京元電子,2017,2,cash_flow,營業活動之淨現金流入（流出）,4545685,"4,545,685",sii,https://mopsov.twse.com.tw/mops/web/ajax_t163sb20
上游,晶片封測服務,2449,京元電子,2017,2,cash_flow,投資活動之淨現金流入（流出）,-2733137,"-2,733,137",sii,https://mopsov.twse.com.tw/mops/web/ajax_t163sb20
上游,晶片封測服務,2449,京元電子,2017,2,cash_flow,籌資活動之淨現金流入（流出）,-2282706,"-2,282,706",sii,https://mopsov.twse.com.tw/mops/web/ajax_t163sb20
上游,晶片封測服務,2449,京元電子,2017,2,cash_flow,匯率變動對現金及約當現金之影響,-99857,"-99,857",sii,https://mopsov.twse.com.tw/mops/web/ajax_t163sb20
上游,晶片封測服務,2449,京元電子,2017,2,cash_flow,本期現金及約當現金增加（減少）數,-570015,"-570,015",sii,https://mopsov.twse.com.tw/mops/web/ajax_t163sb20
上游,晶片封測服務,2449,京元電子,2017,2,cash_flow,期初現金及約當現金餘額,5617403,"5,617,403",sii,https://mopsov.twse.com.tw/mops/web/ajax_t163sb20
上游,晶片封測服務,2449,京元電子,2017,2,cash_flow,期末現金及約當現金餘額,5047388,"5,047,388",sii,https://mopsov.twse.com.tw/mops/web/ajax_t163sb20
上游,晶片封測服務,2449,京元電子,2017,3,income_statement,營業收入,14884292,"14,884,292",sii,https://mopsov.twse.com.tw/mops/web/ajax_t163sb04
上游,晶片封測服務,2449,京元電子,2017,3,income_statement,營業成本,10349003,"10,349,003",sii,https://mopsov.twse.com.tw/mops/web/ajax_t163sb04
上游,晶片封測服務,2449,京元電子,2017,3,income_statement,原始認列生物資產及農產品之利益（損失）,,--,sii,https://mopsov.twse.com.tw/mops/web/ajax_t163sb04
上游,晶片封測服務,2449,京元電子,2017,3,income_statement,生物資產當期公允價值減出售成本之變動利益（損失）,,--,sii,https://mopsov.twse.com.tw/mops/web/ajax_t163sb04
上游,晶片封測服務,2449,京元電子,2017,3,income_statement,營業毛利（毛損）,4535289,"4,535,289",sii,https://mopsov.twse.com.tw/mops/web/ajax_t163sb04
上游,晶片封測服務,2449,京元電子,2017,3,income_statement,未實現銷貨（損）益,,--,sii,https://mopsov.twse.com.tw/mops/web/ajax_t163sb04
上游,晶片封測服務,2449,京元電子,2017,3,income_statement,已實現銷貨（損）益,,--,sii,https://mopsov.twse.com.tw/mops/web/ajax_t163sb04
上游,晶片封測服務,2449,京元電子,2017,3,income_statement,營業毛利（毛損）淨額,4535289,"4,535,289",sii,https://mopsov.twse.com.tw/mops/web/ajax_t163sb04
上游,晶片封測服務,2449,京元電子,2017,3,income_statement,營業費用,1713380,"1,713,380",sii,https://mopsov.twse.com.tw/mops/web/ajax_t163sb04
上游,晶片封測服務,2449,京元電子,2017,3,income_statement,其他收益及費損淨額,,--,sii,https://mopsov.twse.com.tw/mops/web/ajax_t163sb04
上游,晶片封測服務,2449,京元電子,2017,3,income_statement,營業利益（損失）,2821909,"2,821,909",sii,https://mopsov.twse.com.tw/mops/web/ajax_t163sb04
上游,晶片封測服務,2449,京元電子,2017,3,income_statement,營業外收入及支出,-436342,"-436,342",sii,https://mopsov.twse.com.tw/mops/web/ajax_t163sb04
上游,晶片封測服務,2449,京元電子,2017,3,income_statement,稅前淨利（淨損）,2385567,"2,385,567",sii,https://mopsov.twse.com.tw/mops/web/ajax_t163sb04
上游,晶片封測服務,2449,京元電子,2017,3,income_statement,所得稅費用（利益）,581203,"581,203",sii,https://mopsov.twse.com.tw/mops/web/ajax_t163sb04
上游,晶片封測服務,2449,京元電子,2017,3,income_statement,繼續營業單位本期淨利（淨損）,1804364,"1,804,364",sii,https://mopsov.twse.com.tw/mops/web/ajax_t163sb04
上游,晶片封測服務,2449,京元電子,2017,3,income_statement,停業單位損益,,--,sii,https://mopsov.twse.com.tw/mops/web/ajax_t163sb04
上游,晶片封測服務,2449,京元電子,2017,3,income_statement,合併前非屬共同控制股權損益,,--,sii,https://mopsov.twse.com.tw/mops/web/ajax_t163sb04
上游,晶片封測服務,2449,京元電子,2017,3,income_statement,本期淨利（淨損）,1804364,"1,804,364",sii,https://mopsov.twse.com.tw/mops/web/ajax_t163sb04
上游,晶片封測服務,2449,京元電子,2017,3,income_statement,其他綜合損益（淨額）,-37281,"-37,281",sii,https://mopsov.twse.com.tw/mops/web/ajax_t163sb04
上游,晶片封測服務,2449,京元電子,2017,3,income_statement,合併前非屬共同控制股權綜合損益淨額,,--,sii,https://mopsov.twse.com.tw/mops/web/ajax_t163sb04
上游,晶片封測服務,2449,京元電子,2017,3,income_statement,本期綜合損益總額,1767083,"1,767,083",sii,https://mopsov.twse.com.tw/mops/web/ajax_t163sb04
上游,晶片封測服務,2449,京元電子,2017,3,income_statement,淨利（淨損）歸屬於母公司業主,1803999,"1,803,999",sii,https://mopsov.twse.com.tw/mops/web/ajax_t163sb04
上游,晶片封測服務,2449,京元電子,2017,3,income_statement,淨利（淨損）歸屬於共同控制下前手權益,365,365,sii,https://mopsov.twse.com.tw/mops/web/ajax_t163sb04
上游,晶片封測服務,2449,京元電子,2017,3,income_statement,淨利（淨損）歸屬於非控制權益,,--,sii,https://mopsov.twse.com.tw/mops/web/ajax_t163sb04
上游,晶片封測服務,2449,京元電子,2017,3,income_statement,綜合損益總額歸屬於母公司業主,1766852,"1,766,852",sii,https://mopsov.twse.com.tw/mops/web/ajax_t163sb04
上游,晶片封測服務,2449,京元電子,2017,3,income_statement,綜合損益總額歸屬於共同控制下前手權益,,--,sii,https://mopsov.twse.com.tw/mops/web/ajax_t163sb04
上游,晶片封測服務,2449,京元電子,2017,3,income_statement,綜合損益總額歸屬於非控制權益,231,231,sii,https://mopsov.twse.com.tw/mops/web/ajax_t163sb04
上游,晶片封測服務,2449,京元電子,2017,3,income_statement,基本每股盈餘（元）,1.53,1.53,sii,https://mopsov.twse.com.tw/mops/web/ajax_t163sb04
上游,晶片封測服務,2449,京元電子,2017,3,balance_sheet,流動資產,11311727,"11,311,727",sii,https://mopsov.twse.com.tw/mops/web/ajax_t163sb05
上游,晶片封測服務,2449,京元電子,2017,3,balance_sheet,非流動資產,30436333,"30,436,333",sii,https://mopsov.twse.com.tw/mops/web/ajax_t163sb05
上游,晶片封測服務,2449,京元電子,2017,3,balance_sheet,資產總計,41748060,"41,748,060",sii,https://mopsov.twse.com.tw/mops/web/ajax_t163sb05
上游,晶片封測服務,2449,京元電子,2017,3,balance_sheet,流動負債,7259445,"7,259,445",sii,https://mopsov.twse.com.tw/mops/web/ajax_t163sb05
上游,晶片封測服務,2449,京元電子,2017,3,balance_sheet,非流動負債,10119699,"10,119,699",sii,https://mopsov.twse.com.tw/mops/web/ajax_t163sb05
上游,晶片封測服務,2449,京元電子,2017,3,balance_sheet,負債總額,17379144,"17,379,144",sii,https://mopsov.twse.com.tw/mops/web/ajax_t163sb05
上游,晶片封測服務,2449,京元電子,2017,3,balance_sheet,股本,12065427,"12,065,427",sii,https://mopsov.twse.com.tw/mops/web/ajax_t163sb05
上游,晶片封測服務,2449,京元電子,2017,3,balance_sheet,資本公積,5113255,"5,113,255",sii,https://mopsov.twse.com.tw/mops/web/ajax_t163sb05
上游,晶片封測服務,2449,京元電子,2017,3,balance_sheet,保留盈餘,7406281,"7,406,281",sii,https://mopsov.twse.com.tw/mops/web/ajax_t163sb05
上游,晶片封測服務,2449,京元電子,2017,3,balance_sheet,其他權益,-221740,"-221,740",sii,https://mopsov.twse.com.tw/mops/web/ajax_t163sb05
上游,晶片封測服務,2449,京元電子,2017,3,balance_sheet,庫藏股票,0,0,sii,https://mopsov.twse.com.tw/mops/web/ajax_t163sb05
上游,晶片封測服務,2449,京元電子,2017,3,balance_sheet,歸屬於母公司業主之權益合計,24363223,"24,363,223",sii,https://mopsov.twse.com.tw/mops/web/ajax_t163sb05
上游,晶片封測服務,2449,京元電子,2017,3,balance_sheet,共同控制下前手權益,,--,sii,https://mopsov.twse.com.tw/mops/web/ajax_t163sb05
上游,晶片封測服務,2449,京元電子,2017,3,balance_sheet,合併前非屬共同控制股權,,--,sii,https://mopsov.twse.com.tw/mops/web/ajax_t163sb05
上游,晶片封測服務,2449,京元電子,2017,3,balance_sheet,非控制權益,5693,"5,693",sii,https://mopsov.twse.com.tw/mops/web/ajax_t163sb05
上游,晶片封測服務,2449,京元電子,2017,3,balance_sheet,權益總額,24368916,"24,368,916",sii,https://mopsov.twse.com.tw/mops/web/ajax_t163sb05
上游,晶片封測服務,2449,京元電子,2017,3,balance_sheet,待註銷股本股數（單位：股）,,--,sii,https://mopsov.twse.com.tw/mops/web/ajax_t163sb05
上游,晶片封測服務,2449,京元電子,2017,3,balance_sheet,預收股款（權益項下）之約當發行股數（單位：股）,0,0,sii,https://mopsov.twse.com.tw/mops/web/ajax_t163sb05
上游,晶片封測服務,2449,京元電子,2017,3,balance_sheet,母公司暨子公司所持有之母公司庫藏股股數（單位：股）,0,0,sii,https://mopsov.twse.com.tw/mops/web/ajax_t163sb05
上游,晶片封測服務,2449,京元電子,2017,3,balance_sheet,每股參考淨值,20.19,20.19,sii,https://mopsov.twse.com.tw/mops/web/ajax_t163sb05
上游,晶片封測服務,2449,京元電子,2017,3,cash_flow,營業活動之淨現金流入（流出）,6721531,"6,721,531",sii,https://mopsov.twse.com.tw/mops/web/ajax_t163sb20
上游,晶片封測服務,2449,京元電子,2017,3,cash_flow,投資活動之淨現金流入（流出）,-4110189,"-4,110,189",sii,https://mopsov.twse.com.tw/mops/web/ajax_t163sb20
上游,晶片封測服務,2449,京元電子,2017,3,cash_flow,籌資活動之淨現金流入（流出）,-3229079,"-3,229,079",sii,https://mopsov.twse.com.tw/mops/web/ajax_t163sb20
上游,晶片封測服務,2449,京元電子,2017,3,cash_flow,匯率變動對現金及約當現金之影響,-10989,"-10,989",sii,https://mopsov.twse.com.tw/mops/web/ajax_t163sb20
上游,晶片封測服務,2449,京元電子,2017,3,cash_flow,本期現金及約當現金增加（減少）數,-628726,"-628,726",sii,https://mopsov.twse.com.tw/mops/web/ajax_t163sb20
上游,晶片封測服務,2449,京元電子,2017,3,cash_flow,期初現金及約當現金餘額,5617403,"5,617,403",sii,https://mopsov.twse.com.tw/mops/web/ajax_t163sb20
上游,晶片封測服務,2449,京元電子,2017,3,cash_flow,期末現金及約當現金餘額,4988677,"4,988,677",sii,https://mopsov.twse.com.tw/mops/web/ajax_t163sb20
上游,晶片封測服務,2449,京元電子,2017,4,income_statement,營業收入,19686911,"19,686,911",sii,https://mopsov.twse.com.tw/mops/web/ajax_t163sb04
上游,晶片封測服務,2449,京元電子,2017,4,income_statement,營業成本,13904506,"13,904,506",sii,https://mopsov.twse.com.tw/mops/web/ajax_t163sb04
上游,晶片封測服務,2449,京元電子,2017,4,income_statement,原始認列生物資產及農產品之利益（損失）,,--,sii,https://mopsov.twse.com.tw/mops/web/ajax_t163sb04
上游,晶片封測服務,2449,京元電子,2017,4,income_statement,生物資產當期公允價值減出售成本之變動利益（損失）,,--,sii,https://mopsov.twse.com.tw/mops/web/ajax_t163sb04
上游,晶片封測服務,2449,京元電子,2017,4,income_statement,營業毛利（毛損）,5782405,"5,782,405",sii,https://mopsov.twse.com.tw/mops/web/ajax_t163sb04
上游,晶片封測服務,2449,京元電子,2017,4,income_statement,未實現銷貨（損）益,,--,sii,https://mopsov.twse.com.tw/mops/web/ajax_t163sb04
上游,晶片封測服務,2449,京元電子,2017,4,income_statement,已實現銷貨（損）益,,--,sii,https://mopsov.twse.com.tw/mops/web/ajax_t163sb04
上游,晶片封測服務,2449,京元電子,2017,4,income_statement,營業毛利（毛損）淨額,5782405,"5,782,405",sii,https://mopsov.twse.com.tw/mops/web/ajax_t163sb04
上游,晶片封測服務,2449,京元電子,2017,4,income_statement,營業費用,2315781,"2,315,781",sii,https://mopsov.twse.com.tw/mops/web/ajax_t163sb04
上游,晶片封測服務,2449,京元電子,2017,4,income_statement,其他收益及費損淨額,,--,sii,https://mopsov.twse.com.tw/mops/web/ajax_t163sb04
上游,晶片封測服務,2449,京元電子,2017,4,income_statement,營業利益（損失）,3466624,"3,466,624",sii,https://mopsov.twse.com.tw/mops/web/ajax_t163sb04
上游,晶片封測服務,2449,京元電子,2017,4,income_statement,營業外收入及支出,-531459,"-531,459",sii,https://mopsov.twse.com.tw/mops/web/ajax_t163sb04
上游,晶片封測服務,2449,京元電子,2017,4,income_statement,稅前淨利（淨損）,2935165,"2,935,165",sii,https://mopsov.twse.com.tw/mops/web/ajax_t163sb04
上游,晶片封測服務,2449,京元電子,2017,4,income_statement,所得稅費用（利益）,701085,"701,085",sii,https://mopsov.twse.com.tw/mops/web/ajax_t163sb04
上游,晶片封測服務,2449,京元電子,2017,4,income_statement,繼續營業單位本期淨利（淨損）,2234080,"2,234,080",sii,https://mopsov.twse.com.tw/mops/web/ajax_t163sb04
上游,晶片封測服務,2449,京元電子,2017,4,income_statement,停業單位損益,,--,sii,https://mopsov.twse.com.tw/mops/web/ajax_t163sb04
上游,晶片封測服務,2449,京元電子,2017,4,income_statement,合併前非屬共同控制股權損益,,--,sii,https://mopsov.twse.com.tw/mops/web/ajax_t163sb04
上游,晶片封測服務,2449,京元電子,2017,4,income_statement,本期淨利（淨損）,2234080,"2,234,080",sii,https://mopsov.twse.com.tw/mops/web/ajax_t163sb04
上游,晶片封測服務,2449,京元電子,2017,4,income_statement,其他綜合損益（淨額）,-134992,"-134,992",sii,https://mopsov.twse.com.tw/mops/web/ajax_t163sb04
上游,晶片封測服務,2449,京元電子,2017,4,income_statement,合併前非屬共同控制股權綜合損益淨額,,--,sii,https://mopsov.twse.com.tw/mops/web/ajax_t163sb04
上游,晶片封測服務,2449,京元電子,2017,4,income_statement,本期綜合損益總額,2099088,"2,099,088",sii,https://mopsov.twse.com.tw/mops/web/ajax_t163sb04
上游,晶片封測服務,2449,京元電子,2017,4,income_statement,淨利（淨損）歸屬於母公司業主,2233646,"2,233,646",sii,https://mopsov.twse.com.tw/mops/web/ajax_t163sb04
上游,晶片封測服務,2449,京元電子,2017,4,income_statement,淨利（淨損）歸屬於共同控制下前手權益,,--,sii,https://mopsov.twse.com.tw/mops/web/ajax_t163sb04
上游,晶片封測服務,2449,京元電子,2017,4,income_statement,淨利（淨損）歸屬於非控制權益,434,434,sii,https://mopsov.twse.com.tw/mops/web/ajax_t163sb04
上游,晶片封測服務,2449,京元電子,2017,4,income_statement,綜合損益總額歸屬於母公司業主,2098892,"2,098,892",sii,https://mopsov.twse.com.tw/mops/web/ajax_t163sb04
上游,晶片封測服務,2449,京元電子,2017,4,income_statement,綜合損益總額歸屬於共同控制下前手權益,,--,sii,https://mopsov.twse.com.tw/mops/web/ajax_t163sb04
上游,晶片封測服務,2449,京元電子,2017,4,income_statement,綜合損益總額歸屬於非控制權益,196,196,sii,https://mopsov.twse.com.tw/mops/web/ajax_t163sb04
上游,晶片封測服務,2449,京元電子,2017,4,income_statement,基本每股盈餘（元）,1.88,1.88,sii,https://mopsov.twse.com.tw/mops/web/ajax_t163sb04
上游,晶片封測服務,2449,京元電子,2017,4,balance_sheet,流動資產,11505395,"11,505,395",sii,https://mopsov.twse.com.tw/mops/web/ajax_t163sb05
上游,晶片封測服務,2449,京元電子,2017,4,balance_sheet,非流動資產,29652849,"29,652,849",sii,https://mopsov.twse.com.tw/mops/web/ajax_t163sb05
上游,晶片封測服務,2449,京元電子,2017,4,balance_sheet,資產總計,41158244,"41,158,244",sii,https://mopsov.twse.com.tw/mops/web/ajax_t163sb05
上游,晶片封測服務,2449,京元電子,2017,4,balance_sheet,流動負債,7008005,"7,008,005",sii,https://mopsov.twse.com.tw/mops/web/ajax_t163sb05
上游,晶片封測服務,2449,京元電子,2017,4,balance_sheet,非流動負債,9098245,"9,098,245",sii,https://mopsov.twse.com.tw/mops/web/ajax_t163sb05
上游,晶片封測服務,2449,京元電子,2017,4,balance_sheet,負債總額,16106250,"16,106,250",sii,https://mopsov.twse.com.tw/mops/web/ajax_t163sb05
上游,晶片封測服務,2449,京元電子,2017,4,balance_sheet,股本,12202383,"12,202,383",sii,https://mopsov.twse.com.tw/mops/web/ajax_t163sb05
上游,晶片封測服務,2449,京元電子,2017,4,balance_sheet,資本公積,5327372,"5,327,372",sii,https://mopsov.twse.com.tw/mops/web/ajax_t163sb05
上游,晶片封測服務,2449,京元電子,2017,4,balance_sheet,保留盈餘,7746405,"7,746,405",sii,https://mopsov.twse.com.tw/mops/web/ajax_t163sb05
上游,晶片封測服務,2449,京元電子,2017,4,balance_sheet,其他權益,-229824,"-229,824",sii,https://mopsov.twse.com.tw/mops/web/ajax_t163sb05
上游,晶片封測服務,2449,京元電子,2017,4,balance_sheet,庫藏股票,0,0,sii,https://mopsov.twse.com.tw/mops/web/ajax_t163sb05
上游,晶片封測服務,2449,京元電子,2017,4,balance_sheet,歸屬於母公司業主之權益合計,25046336,"25,046,336",sii,https://mopsov.twse.com.tw/mops/web/ajax_t163sb05
上游,晶片封測服務,2449,京元電子,2017,4,balance_sheet,共同控制下前手權益,,--,sii,https://mopsov.twse.com.tw/mops/web/ajax_t163sb05
上游,晶片封測服務,2449,京元電子,2017,4,balance_sheet,合併前非屬共同控制股權,,--,sii,https://mopsov.twse.com.tw/mops/web/ajax_t163sb05
上游,晶片封測服務,2449,京元電子,2017,4,balance_sheet,非控制權益,5658,"5,658",sii,https://mopsov.twse.com.tw/mops/web/ajax_t163sb05
上游,晶片封測服務,2449,京元電子,2017,4,balance_sheet,權益總額,25051994,"25,051,994",sii,https://mopsov.twse.com.tw/mops/web/ajax_t163sb05
上游,晶片封測服務,2449,京元電子,2017,4,balance_sheet,待註銷股本股數（單位：股）,,--,sii,https://mopsov.twse.com.tw/mops/web/ajax_t163sb05
上游,晶片封測服務,2449,京元電子,2017,4,balance_sheet,預收股款（權益項下）之約當發行股數（單位：股）,0,0,sii,https://mopsov.twse.com.tw/mops/web/ajax_t163sb05
上游,晶片封測服務,2449,京元電子,2017,4,balance_sheet,母公司暨子公司所持有之母公司庫藏股股數（單位：股）,0,0,sii,https://mopsov.twse.com.tw/mops/web/ajax_t163sb05
上游,晶片封測服務,2449,京元電子,2017,4,balance_sheet,每股參考淨值,20.53,20.53,sii,https://mopsov.twse.com.tw/mops/web/ajax_t163sb05
上游,晶片封測服務,2449,京元電子,2017,4,cash_flow,營業活動之淨現金流入（流出）,9075496,"9,075,496",sii,https://mopsov.twse.com.tw/mops/web/ajax_t163sb20
上游,晶片封測服務,2449,京元電子,2017,4,cash_flow,投資活動之淨現金流入（流出）,-5203055,"-5,203,055",sii,https://mopsov.twse.com.tw/mops/web/ajax_t163sb20
上游,晶片封測服務,2449,京元電子,2017,4,cash_flow,籌資活動之淨現金流入（流出）,-4081661,"-4,081,661",sii,https://mopsov.twse.com.tw/mops/web/ajax_t163sb20
上游,晶片封測服務,2449,京元電子,2017,4,cash_flow,匯率變動對現金及約當現金之影響,-13154,"-13,154",sii,https://mopsov.twse.com.tw/mops/web/ajax_t163sb20
上游,晶片封測服務,2449,京元電子,2017,4,cash_flow,本期現金及約當現金增加（減少）數,-222374,"-222,374",sii,https://mopsov.twse.com.tw/mops/web/ajax_t163sb20
上游,晶片封測服務,2449,京元電子,2017,4,cash_flow,期初現金及約當現金餘額,5617403,"5,617,403",sii,https://mopsov.twse.com.tw/mops/web/ajax_t163sb20
上游,晶片封測服務,2449,京元電子,2017,4,cash_flow,期末現金及約當現金餘額,5395029,"5,395,029",sii,https://mopsov.twse.com.tw/mops/web/ajax_t163sb20
上游,晶片封測服務,2449,京元電子,2018,1,income_statement,營業收入,4580790,"4,580,790",sii,https://mopsov.twse.com.tw/mops/web/ajax_t163sb04
上游,晶片封測服務,2449,京元電子,2018,1,income_statement,營業成本,3520345,"3,520,345",sii,https://mopsov.twse.com.tw/mops/web/ajax_t163sb04
上游,晶片封測服務,2449,京元電子,2018,1,income_statement,原始認列生物資產及農產品之利益（損失）,,--,sii,https://mopsov.twse.com.tw/mops/web/ajax_t163sb04
上游,晶片封測服務,2449,京元電子,2018,1,income_statement,生物資產當期公允價值減出售成本之變動利益（損失）,,--,sii,https://mopsov.twse.com.tw/mops/web/ajax_t163sb04
上游,晶片封測服務,2449,京元電子,2018,1,income_statement,營業毛利（毛損）,1060445,"1,060,445",sii,https://mopsov.twse.com.tw/mops/web/ajax_t163sb04
上游,晶片封測服務,2449,京元電子,2018,1,income_statement,未實現銷貨（損）益,,--,sii,https://mopsov.twse.com.tw/mops/web/ajax_t163sb04
上游,晶片封測服務,2449,京元電子,2018,1,income_statement,已實現銷貨（損）益,,--,sii,https://mopsov.twse.com.tw/mops/web/ajax_t163sb04
上游,晶片封測服務,2449,京元電子,2018,1,income_statement,營業毛利（毛損）淨額,1060445,"1,060,445",sii,https://mopsov.twse.com.tw/mops/web/ajax_t163sb04
上游,晶片封測服務,2449,京元電子,2018,1,income_statement,營業費用,581833,"581,833",sii,https://mopsov.twse.com.tw/mops/web/ajax_t163sb04
上游,晶片封測服務,2449,京元電子,2018,1,income_statement,其他收益及費損淨額,,--,sii,https://mopsov.twse.com.tw/mops/web/ajax_t163sb04
上游,晶片封測服務,2449,京元電子,2018,1,income_statement,營業利益（損失）,478612,"478,612",sii,https://mopsov.twse.com.tw/mops/web/ajax_t163sb04
上游,晶片封測服務,2449,京元電子,2018,1,income_statement,營業外收入及支出,-51224,"-51,224",sii,https://mopsov.twse.com.tw/mops/web/ajax_t163sb04
上游,晶片封測服務,2449,京元電子,2018,1,income_statement,稅前淨利（淨損）,427388,"427,388",sii,https://mopsov.twse.com.tw/mops/web/ajax_t163sb04
上游,晶片封測服務,2449,京元電子,2018,1,income_statement,所得稅費用（利益）,79181,"79,181",sii,https://mopsov.twse.com.tw/mops/web/ajax_t163sb04
上游,晶片封測服務,2449,京元電子,2018,1,income_statement,繼續營業單位本期淨利（淨損）,348207,"348,207",sii,https://mopsov.twse.com.tw/mops/web/ajax_t163sb04
上游,晶片封測服務,2449,京元電子,2018,1,income_statement,停業單位損益,,--,sii,https://mopsov.twse.com.tw/mops/web/ajax_t163sb04
上游,晶片封測服務,2449,京元電子,2018,1,income_statement,合併前非屬共同控制股權損益,,--,sii,https://mopsov.twse.com.tw/mops/web/ajax_t163sb04
上游,晶片封測服務,2449,京元電子,2018,1,income_statement,本期淨利（淨損）,348207,"348,207",sii,https://mopsov.twse.com.tw/mops/web/ajax_t163sb04
上游,晶片封測服務,2449,京元電子,2018,1,income_statement,其他綜合損益（淨額）,145033,"145,033",sii,https://mopsov.twse.com.tw/mops/web/ajax_t163sb04
上游,晶片封測服務,2449,京元電子,2018,1,income_statement,合併前非屬共同控制股權綜合損益淨額,,--,sii,https://mopsov.twse.com.tw/mops/web/ajax_t163sb04
上游,晶片封測服務,2449,京元電子,2018,1,income_statement,本期綜合損益總額,493240,"493,240",sii,https://mopsov.twse.com.tw/mops/web/ajax_t163sb04
上游,晶片封測服務,2449,京元電子,2018,1,income_statement,淨利（淨損）歸屬於母公司業主,348234,"348,234",sii,https://mopsov.twse.com.tw/mops/web/ajax_t163sb04
上游,晶片封測服務,2449,京元電子,2018,1,income_statement,淨利（淨損）歸屬於共同控制下前手權益,,--,sii,https://mopsov.twse.com.tw/mops/web/ajax_t163sb04
上游,晶片封測服務,2449,京元電子,2018,1,income_statement,淨利（淨損）歸屬於非控制權益,-27,-27,sii,https://mopsov.twse.com.tw/mops/web/ajax_t163sb04
上游,晶片封測服務,2449,京元電子,2018,1,income_statement,綜合損益總額歸屬於母公司業主,493060,"493,060",sii,https://mopsov.twse.com.tw/mops/web/ajax_t163sb04
上游,晶片封測服務,2449,京元電子,2018,1,income_statement,綜合損益總額歸屬於共同控制下前手權益,,--,sii,https://mopsov.twse.com.tw/mops/web/ajax_t163sb04
上游,晶片封測服務,2449,京元電子,2018,1,income_statement,綜合損益總額歸屬於非控制權益,180,180,sii,https://mopsov.twse.com.tw/mops/web/ajax_t163sb04
上游,晶片封測服務,2449,京元電子,2018,1,income_statement,基本每股盈餘（元）,0.29,0.29,sii,https://mopsov.twse.com.tw/mops/web/ajax_t163sb04
上游,晶片封測服務,2449,京元電子,2018,1,balance_sheet,流動資產,11864258,"11,864,258",sii,https://mopsov.twse.com.tw/mops/web/ajax_t163sb05
上游,晶片封測服務,2449,京元電子,2018,1,balance_sheet,非流動資產,30512937,"30,512,937",sii,https://mopsov.twse.com.tw/mops/web/ajax_t163sb05
上游,晶片封測服務,2449,京元電子,2018,1,balance_sheet,資產總計,42377195,"42,377,195",sii,https://mopsov.twse.com.tw/mops/web/ajax_t163sb05
上游,晶片封測服務,2449,京元電子,2018,1,balance_sheet,流動負債,6235985,"6,235,985",sii,https://mopsov.twse.com.tw/mops/web/ajax_t163sb05
上游,晶片封測服務,2449,京元電子,2018,1,balance_sheet,非流動負債,10482517,"10,482,517",sii,https://mopsov.twse.com.tw/mops/web/ajax_t163sb05
上游,晶片封測服務,2449,京元電子,2018,1,balance_sheet,負債總計,16718502,"16,718,502",sii,https://mopsov.twse.com.tw/mops/web/ajax_t163sb05
上游,晶片封測服務,2449,京元電子,2018,1,balance_sheet,股本,12227451,"12,227,451",sii,https://mopsov.twse.com.tw/mops/web/ajax_t163sb05
上游,晶片封測服務,2449,京元電子,2018,1,balance_sheet,資本公積,5366802,"5,366,802",sii,https://mopsov.twse.com.tw/mops/web/ajax_t163sb05
上游,晶片封測服務,2449,京元電子,2018,1,balance_sheet,保留盈餘,8542967,"8,542,967",sii,https://mopsov.twse.com.tw/mops/web/ajax_t163sb05
上游,晶片封測服務,2449,京元電子,2018,1,balance_sheet,其他權益,-484365,"-484,365",sii,https://mopsov.twse.com.tw/mops/web/ajax_t163sb05
上游,晶片封測服務,2449,京元電子,2018,1,balance_sheet,庫藏股票,,--,sii,https://mopsov.twse.com.tw/mops/web/ajax_t163sb05
上游,晶片封測服務,2449,京元電子,2018,1,balance_sheet,歸屬於母公司業主之權益合計,25652855,"25,652,855",sii,https://mopsov.twse.com.tw/mops/web/ajax_t163sb05
上游,晶片封測服務,2449,京元電子,2018,1,balance_sheet,共同控制下前手權益,,--,sii,https://mopsov.twse.com.tw/mops/web/ajax_t163sb05
上游,晶片封測服務,2449,京元電子,2018,1,balance_sheet,合併前非屬共同控制股權,,--,sii,https://mopsov.twse.com.tw/mops/web/ajax_t163sb05
上游,晶片封測服務,2449,京元電子,2018,1,balance_sheet,非控制權益,5838,"5,838",sii,https://mopsov.twse.com.tw/mops/web/ajax_t163sb05
上游,晶片封測服務,2449,京元電子,2018,1,balance_sheet,權益總計,25658693,"25,658,693",sii,https://mopsov.twse.com.tw/mops/web/ajax_t163sb05
上游,晶片封測服務,2449,京元電子,2018,1,balance_sheet,待註銷股本股數（單位：股）,,--,sii,https://mopsov.twse.com.tw/mops/web/ajax_t163sb05
上游,晶片封測服務,2449,京元電子,2018,1,balance_sheet,預收股款（權益項下）之約當發行股數（單位：股）,1467384,"1,467,384",sii,https://mopsov.twse.com.tw/mops/web/ajax_t163sb05
上游,晶片封測服務,2449,京元電子,2018,1,balance_sheet,母公司暨子公司所持有之母公司庫藏股股數（單位：股）,0,0,sii,https://mopsov.twse.com.tw/mops/web/ajax_t163sb05
上游,晶片封測服務,2449,京元電子,2018,1,balance_sheet,每股參考淨值,20.98,20.98,sii,https://mopsov.twse.com.tw/mops/web/ajax_t163sb05
上游,晶片封測服務,2449,京元電子,2018,1,cash_flow,營業活動之淨現金流入（流出）,1517131,"1,517,131",sii,https://mopsov.twse.com.tw/mops/web/ajax_t163sb20
上游,晶片封測服務,2449,京元電子,2018,1,cash_flow,投資活動之淨現金流入（流出）,-1611260,"-1,611,260",sii,https://mopsov.twse.com.tw/mops/web/ajax_t163sb20
上游,晶片封測服務,2449,京元電子,2018,1,cash_flow,籌資活動之淨現金流入（流出）,281338,"281,338",sii,https://mopsov.twse.com.tw/mops/web/ajax_t163sb20
上游,晶片封測服務,2449,京元電子,2018,1,cash_flow,匯率變動對現金及約當現金之影響,22930,"22,930",sii,https://mopsov.twse.com.tw/mops/web/ajax_t163sb20
上游,晶片封測服務,2449,京元電子,2018,1,cash_flow,本期現金及約當現金增加（減少）數,210139,"210,139",sii,https://mopsov.twse.com.tw/mops/web/ajax_t163sb20
上游,晶片封測服務,2449,京元電子,2018,1,cash_flow,期初現金及約當現金餘額,5395029,"5,395,029",sii,https://mopsov.twse.com.tw/mops/web/ajax_t163sb20
上游,晶片封測服務,2449,京元電子,2018,1,cash_flow,期末現金及約當現金餘額,5605168,"5,605,168",sii,https://mopsov.twse.com.tw/mops/web/ajax_t163sb20
上游,晶片封測服務,2449,京元電子,2018,2,income_statement,營業收入,9621057,"9,621,057",sii,https://mopsov.twse.com.tw/mops/web/ajax_t163sb04
上游,晶片封測服務,2449,京元電子,2018,2,income_statement,營業成本,7146092,"7,146,092",sii,https://mopsov.twse.com.tw/mops/web/ajax_t163sb04
上游,晶片封測服務,2449,京元電子,2018,2,income_statement,原始認列生物資產及農產品之利益（損失）,,--,sii,https://mopsov.twse.com.tw/mops/web/ajax_t163sb04
上游,晶片封測服務,2449,京元電子,2018,2,income_statement,生物資產當期公允價值減出售成本之變動利益（損失）,,--,sii,https://mopsov.twse.com.tw/mops/web/ajax_t163sb04
上游,晶片封測服務,2449,京元電子,2018,2,income_statement,營業毛利（毛損）,2474965,"2,474,965",sii,https://mopsov.twse.com.tw/mops/web/ajax_t163sb04
上游,晶片封測服務,2449,京元電子,2018,2,income_statement,未實現銷貨（損）益,,--,sii,https://mopsov.twse.com.tw/mops/web/ajax_t163sb04
上游,晶片封測服務,2449,京元電子,2018,2,income_statement,已實現銷貨（損）益,,--,sii,https://mopsov.twse.com.tw/mops/web/ajax_t163sb04
上游,晶片封測服務,2449,京元電子,2018,2,income_statement,營業毛利（毛損）淨額,2474965,"2,474,965",sii,https://mopsov.twse.com.tw/mops/web/ajax_t163sb04
上游,晶片封測服務,2449,京元電子,2018,2,income_statement,營業費用,1210695,"1,210,695",sii,https://mopsov.twse.com.tw/mops/web/ajax_t163sb04
上游,晶片封測服務,2449,京元電子,2018,2,income_statement,其他收益及費損淨額,,--,sii,https://mopsov.twse.com.tw/mops/web/ajax_t163sb04
上游,晶片封測服務,2449,京元電子,2018,2,income_statement,營業利益（損失）,1264270,"1,264,270",sii,https://mopsov.twse.com.tw/mops/web/ajax_t163sb04
上游,晶片封測服務,2449,京元電子,2018,2,income_statement,營業外收入及支出,-262064,"-262,064",sii,https://mopsov.twse.com.tw/mops/web/ajax_t163sb04
上游,晶片封測服務,2449,京元電子,2018,2,income_statement,稅前淨利（淨損）,1002206,"1,002,206",sii,https://mopsov.twse.com.tw/mops/web/ajax_t163sb04
上游,晶片封測服務,2449,京元電子,2018,2,income_statement,所得稅費用（利益）,281586,"281,586",sii,https://mopsov.twse.com.tw/mops/web/ajax_t163sb04
上游,晶片封測服務,2449,京元電子,2018,2,income_statement,繼續營業單位本期淨利（淨損）,720620,"720,620",sii,https://mopsov.twse.com.tw/mops/web/ajax_t163sb04
上游,晶片封測服務,2449,京元電子,2018,2,income_statement,停業單位損益,,--,sii,https://mopsov.twse.com.tw/mops/web/ajax_t163sb04
上游,晶片封測服務,2449,京元電子,2018,2,income_statement,合併前非屬共同控制股權損益,,--,sii,https://mopsov.twse.com.tw/mops/web/ajax_t163sb04
上游,晶片封測服務,2449,京元電子,2018,2,income_statement,本期淨利（淨損）,720620,"720,620",sii,https://mopsov.twse.com.tw/mops/web/ajax_t163sb04
上游,晶片封測服務,2449,京元電子,2018,2,income_statement,其他綜合損益（淨額）,124103,"124,103",sii,https://mopsov.twse.com.tw/mops/web/ajax_t163sb04
上游,晶片封測服務,2449,京元電子,2018,2,income_statement,合併前非屬共同控制股權綜合損益淨額,,--,sii,https://mopsov.twse.com.tw/mops/web/ajax_t163sb04
上游,晶片封測服務,2449,京元電子,2018,2,income_statement,本期綜合損益總額,844723,"844,723",sii,https://mopsov.twse.com.tw/mops/web/ajax_t163sb04
上游,晶片封測服務,2449,京元電子,2018,2,income_statement,淨利（淨損）歸屬於母公司業主,720458,"720,458",sii,https://mopsov.twse.com.tw/mops/web/ajax_t163sb04
上游,晶片封測服務,2449,京元電子,2018,2,income_statement,淨利（淨損）歸屬於共同控制下前手權益,,--,sii,https://mopsov.twse.com.tw/mops/web/ajax_t163sb04
上游,晶片封測服務,2449,京元電子,2018,2,income_statement,淨利（淨損）歸屬於非控制權益,162,162,sii,https://mopsov.twse.com.tw/mops/web/ajax_t163sb04
上游,晶片封測服務,2449,京元電子,2018,2,income_statement,綜合損益總額歸屬於母公司業主,844321,"844,321",sii,https://mopsov.twse.com.tw/mops/web/ajax_t163sb04
上游,晶片封測服務,2449,京元電子,2018,2,income_statement,綜合損益總額歸屬於共同控制下前手權益,,--,sii,https://mopsov.twse.com.tw/mops/web/ajax_t163sb04
上游,晶片封測服務,2449,京元電子,2018,2,income_statement,綜合損益總額歸屬於非控制權益,402,402,sii,https://mopsov.twse.com.tw/mops/web/ajax_t163sb04
上游,晶片封測服務,2449,京元電子,2018,2,income_statement,基本每股盈餘（元）,0.59,0.59,sii,https://mopsov.twse.com.tw/mops/web/ajax_t163sb04
上游,晶片封測服務,3711,日月光投控,2018,2,income_statement,營業收入,149466786,"149,466,786",sii,https://mopsov.twse.com.tw/mops/web/ajax_t163sb04
上游,晶片封測服務,3711,日月光投控,2018,2,income_statement,營業成本,125369308,"125,369,308",sii,https://mopsov.twse.com.tw/mops/web/ajax_t163sb04
上游,晶片封測服務,3711,日月光投控,2018,2,income_statement,原始認列生物資產及農產品之利益（損失）,,--,sii,https://mopsov.twse.com.tw/mops/web/ajax_t163sb04
上游,晶片封測服務,3711,日月光投控,2018,2,income_statement,生物資產當期公允價值減出售成本之變動利益（損失）,,--,sii,https://mopsov.twse.com.tw/mops/web/ajax_t163sb04
上游,晶片封測服務,3711,日月光投控,2018,2,income_statement,營業毛利（毛損）,24097478,"24,097,478",sii,https://mopsov.twse.com.tw/mops/web/ajax_t163sb04
上游,晶片封測服務,3711,日月光投控,2018,2,income_statement,未實現銷貨（損）益,,--,sii,https://mopsov.twse.com.tw/mops/web/ajax_t163sb04
上游,晶片封測服務,3711,日月光投控,2018,2,income_statement,已實現銷貨（損）益,,--,sii,https://mopsov.twse.com.tw/mops/web/ajax_t163sb04
上游,晶片封測服務,3711,日月光投控,2018,2,income_statement,營業毛利（毛損）淨額,24097478,"24,097,478",sii,https://mopsov.twse.com.tw/mops/web/ajax_t163sb04
上游,晶片封測服務,3711,日月光投控,2018,2,income_statement,營業費用,14395726,"14,395,726",sii,https://mopsov.twse.com.tw/mops/web/ajax_t163sb04
上游,晶片封測服務,3711,日月光投控,2018,2,income_statement,其他收益及費損淨額,,--,sii,https://mopsov.twse.com.tw/mops/web/ajax_t163sb04
上游,晶片封測服務,3711,日月光投控,2018,2,income_statement,營業利益（損失）,9701752,"9,701,752",sii,https://mopsov.twse.com.tw/mops/web/ajax_t163sb04
上游,晶片封測服務,3711,日月光投控,2018,2,income_statement,營業外收入及支出,6993641,"6,993,641",sii,https://mopsov.twse.com.tw/mops/web/ajax_t163sb04
上游,晶片封測服務,3711,日月光投控,2018,2,income_statement,稅前淨利（淨損）,16695393,"16,695,393",sii,https://mopsov.twse.com.tw/mops/web/ajax_t163sb04
上游,晶片封測服務,3711,日月光投控,2018,2,income_statement,所得稅費用（利益）,2687890,"2,687,890",sii,https://mopsov.twse.com.tw/mops/web/ajax_t163sb04
上游,晶片封測服務,3711,日月光投控,2018,2,income_statement,繼續營業單位本期淨利（淨損）,14007503,"14,007,503",sii,https://mopsov.twse.com.tw/mops/web/ajax_t163sb04
上游,晶片封測服務,3711,日月光投控,2018,2,income_statement,停業單位損益,,--,sii,https://mopsov.twse.com.tw/mops/web/ajax_t163sb04
上游,晶片封測服務,3711,日月光投控,2018,2,income_statement,合併前非屬共同控制股權損益,,--,sii,https://mopsov.twse.com.tw/mops/web/ajax_t163sb04
上游,晶片封測服務,3711,日月光投控,2018,2,income_statement,本期淨利（淨損）,14007503,"14,007,503",sii,https://mopsov.twse.com.tw/mops/web/ajax_t163sb04
上游,晶片封測服務,3711,日月光投控,2018,2,income_statement,其他綜合損益（淨額）,2143157,"2,143,157",sii,https://mopsov.twse.com.tw/mops/web/ajax_t163sb04
上游,晶片封測服務,3711,日月光投控,2018,2,income_statement,合併前非屬共同控制股權綜合損益淨額,,--,sii,https://mopsov.twse.com.tw/mops/web/ajax_t163sb04
上游,晶片封測服務,3711,日月光投控,2018,2,income_statement,本期綜合損益總額,16150660,"16,150,660",sii,https://mopsov.twse.com.tw/mops/web/ajax_t163sb04
上游,晶片封測服務,3711,日月光投控,2018,2,income_statement,淨利（淨損）歸屬於母公司業主,13559070,"13,559,070",sii,https://mopsov.twse.com.tw/mops/web/ajax_t163sb04
上游,晶片封測服務,3711,日月光投控,2018,2,income_statement,淨利（淨損）歸屬於共同控制下前手權益,,--,sii,https://mopsov.twse.com.tw/mops/web/ajax_t163sb04
上游,晶片封測服務,3711,日月光投控,2018,2,income_statement,淨利（淨損）歸屬於非控制權益,448433,"448,433",sii,https://mopsov.twse.com.tw/mops/web/ajax_t163sb04
上游,晶片封測服務,3711,日月光投控,2018,2,income_statement,綜合損益總額歸屬於母公司業主,15596170,"15,596,170",sii,https://mopsov.twse.com.tw/mops/web/ajax_t163sb04
上游,晶片封測服務,3711,日月光投控,2018,2,income_statement,綜合損益總額歸屬於共同控制下前手權益,,--,sii,https://mopsov.twse.com.tw/mops/web/ajax_t163sb04
上游,晶片封測服務,3711,日月光投控,2018,2,income_statement,綜合損益總額歸屬於非控制權益,554490,"554,490",sii,https://mopsov.twse.com.tw/mops/web/ajax_t163sb04
上游,晶片封測服務,3711,日月光投控,2018,2,income_statement,基本每股盈餘（元）,3.2,3.20,sii,https://mopsov.twse.com.tw/mops/web/ajax_t163sb04
上游,晶片封測服務,2449,京元電子,2018,2,balance_sheet,流動資產,11787567,"11,787,567",sii,https://mopsov.twse.com.tw/mops/web/ajax_t163sb05
上游,晶片封測服務,2449,京元電子,2018,2,balance_sheet,非流動資產,31819976,"31,819,976",sii,https://mopsov.twse.com.tw/mops/web/ajax_t163sb05
上游,晶片封測服務,2449,京元電子,2018,2,balance_sheet,資產總計,43607543,"43,607,543",sii,https://mopsov.twse.com.tw/mops/web/ajax_t163sb05
上游,晶片封測服務,2449,京元電子,2018,2,balance_sheet,流動負債,6581320,"6,581,320",sii,https://mopsov.twse.com.tw/mops/web/ajax_t163sb05
上游,晶片封測服務,2449,京元電子,2018,2,balance_sheet,非流動負債,13248102,"13,248,102",sii,https://mopsov.twse.com.tw/mops/web/ajax_t163sb05
上游,晶片封測服務,2449,京元電子,2018,2,balance_sheet,負債總計,19829422,"19,829,422",sii,https://mopsov.twse.com.tw/mops/web/ajax_t163sb05
上游,晶片封測服務,2449,京元電子,2018,2,balance_sheet,股本,12227451,"12,227,451",sii,https://mopsov.twse.com.tw/mops/web/ajax_t163sb05
上游,晶片封測服務,2449,京元電子,2018,2,balance_sheet,資本公積,4844536,"4,844,536",sii,https://mopsov.twse.com.tw/mops/web/ajax_t163sb05
上游,晶片封測服務,2449,京元電子,2018,2,balance_sheet,保留盈餘,7205402,"7,205,402",sii,https://mopsov.twse.com.tw/mops/web/ajax_t163sb05
上游,晶片封測服務,2449,京元電子,2018,2,balance_sheet,其他權益,-505328,"-505,328",sii,https://mopsov.twse.com.tw/mops/web/ajax_t163sb05
上游,晶片封測服務,2449,京元電子,2018,2,balance_sheet,庫藏股票,0,0,sii,https://mopsov.twse.com.tw/mops/web/ajax_t163sb05
上游,晶片封測服務,2449,京元電子,2018,2,balance_sheet,歸屬於母公司業主之權益合計,23772061,"23,772,061",sii,https://mopsov.twse.com.tw/mops/web/ajax_t163sb05
上游,晶片封測服務,2449,京元電子,2018,2,balance_sheet,共同控制下前手權益,,--,sii,https://mopsov.twse.com.tw/mops/web/ajax_t163sb05
上游,晶片封測服務,2449,京元電子,2018,2,balance_sheet,合併前非屬共同控制股權,,--,sii,https://mopsov.twse.com.tw/mops/web/ajax_t163sb05
上游,晶片封測服務,2449,京元電子,2018,2,balance_sheet,非控制權益,6060,"6,060",sii,https://mopsov.twse.com.tw/mops/web/ajax_t163sb05
上游,晶片封測服務,2449,京元電子,2018,2,balance_sheet,權益總計,23778121,"23,778,121",sii,https://mopsov.twse.com.tw/mops/web/ajax_t163sb05
上游,晶片封測服務,2449,京元電子,2018,2,balance_sheet,待註銷股本股數（單位：股）,,--,sii,https://mopsov.twse.com.tw/mops/web/ajax_t163sb05
上游,晶片封測服務,2449,京元電子,2018,2,balance_sheet,預收股款（權益項下）之約當發行股數（單位：股）,0,0,sii,https://mopsov.twse.com.tw/mops/web/ajax_t163sb05
上游,晶片封測服務,2449,京元電子,2018,2,balance_sheet,母公司暨子公司所持有之母公司庫藏股股數（單位：股）,0,0,sii,https://mopsov.twse.com.tw/mops/web/ajax_t163sb05
上游,晶片封測服務,2449,京元電子,2018,2,balance_sheet,每股參考淨值,19.44,19.44,sii,https://mopsov.twse.com.tw/mops/web/ajax_t163sb05
上游,晶片封測服務,3711,日月光投控,2018,2,balance_sheet,流動資產,206686932,"206,686,932",sii,https://mopsov.twse.com.tw/mops/web/ajax_t163sb05
上游,晶片封測服務,3711,日月光投控,2018,2,balance_sheet,非流動資產,338284477,"338,284,477",sii,https://mopsov.twse.com.tw/mops/web/ajax_t163sb05
上游,晶片封測服務,3711,日月光投控,2018,2,balance_sheet,資產總計,544971409,"544,971,409",sii,https://mopsov.twse.com.tw/mops/web/ajax_t163sb05
上游,晶片封測服務,3711,日月光投控,2018,2,balance_sheet,流動負債,186858220,"186,858,220",sii,https://mopsov.twse.com.tw/mops/web/ajax_t163sb05
上游,晶片封測服務,3711,日月光投控,2018,2,balance_sheet,非流動負債,146158138,"146,158,138",sii,https://mopsov.twse.com.tw/mops/web/ajax_t163sb05
上游,晶片封測服務,3711,日月光投控,2018,2,balance_sheet,負債總計,333016358,"333,016,358",sii,https://mopsov.twse.com.tw/mops/web/ajax_t163sb05
上游,晶片封測服務,3711,日月光投控,2018,2,balance_sheet,股本,43192933,"43,192,933",sii,https://mopsov.twse.com.tw/mops/web/ajax_t163sb05
上游,晶片封測服務,3711,日月光投控,2018,2,balance_sheet,資本公積,145111569,"145,111,569",sii,https://mopsov.twse.com.tw/mops/web/ajax_t163sb05
上游,晶片封測服務,3711,日月光投控,2018,2,balance_sheet,保留盈餘,13923242,"13,923,242",sii,https://mopsov.twse.com.tw/mops/web/ajax_t163sb05
上游,晶片封測服務,3711,日月光投控,2018,2,balance_sheet,其他權益,-4499064,"-4,499,064",sii,https://mopsov.twse.com.tw/mops/web/ajax_t163sb05
上游,晶片封測服務,3711,日月光投控,2018,2,balance_sheet,庫藏股票,-1959107,"-1,959,107",sii,https://mopsov.twse.com.tw/mops/web/ajax_t163sb05
上游,晶片封測服務,3711,日月光投控,2018,2,balance_sheet,歸屬於母公司業主之權益合計,195769573,"195,769,573",sii,https://mopsov.twse.com.tw/mops/web/ajax_t163sb05
上游,晶片封測服務,3711,日月光投控,2018,2,balance_sheet,共同控制下前手權益,,--,sii,https://mopsov.twse.com.tw/mops/web/ajax_t163sb05
上游,晶片封測服務,3711,日月光投控,2018,2,balance_sheet,合併前非屬共同控制股權,,--,sii,https://mopsov.twse.com.tw/mops/web/ajax_t163sb05
上游,晶片封測服務,3711,日月光投控,2018,2,balance_sheet,非控制權益,16185478,"16,185,478",sii,https://mopsov.twse.com.tw/mops/web/ajax_t163sb05
上游,晶片封測服務,3711,日月光投控,2018,2,balance_sheet,權益總計,211955051,"211,955,051",sii,https://mopsov.twse.com.tw/mops/web/ajax_t163sb05
上游,晶片封測服務,3711,日月光投控,2018,2,balance_sheet,待註銷股本股數（單位：股）,,--,sii,https://mopsov.twse.com.tw/mops/web/ajax_t163sb05
上游,晶片封測服務,3711,日月光投控,2018,2,balance_sheet,預收股款（權益項下）之約當發行股數（單位：股）,901400,"901,400",sii,https://mopsov.twse.com.tw/mops/web/ajax_t163sb05
上游,晶片封測服務,3711,日月光投控,2018,2,balance_sheet,母公司暨子公司所持有之母公司庫藏股股數（單位：股）,72941505,"72,941,505",sii,https://mopsov.twse.com.tw/mops/web/ajax_t163sb05
上游,晶片封測服務,3711,日月光投控,2018,2,balance_sheet,每股參考淨值,46.1,46.10,sii,https://mopsov.twse.com.tw/mops/web/ajax_t163sb05
上游,晶片封測服務,2449,京元電子,2018,2,cash_flow,營業活動之淨現金流入（流出）,3550517,"3,550,517",sii,https://mopsov.twse.com.tw/mops/web/ajax_t163sb20
上游,晶片封測服務,2449,京元電子,2018,2,cash_flow,投資活動之淨現金流入（流出）,-5115830,"-5,115,830",sii,https://mopsov.twse.com.tw/mops/web/ajax_t163sb20
上游,晶片封測服務,2449,京元電子,2018,2,cash_flow,籌資活動之淨現金流入（流出）,955505,"955,505",sii,https://mopsov.twse.com.tw/mops/web/ajax_t163sb20
上游,晶片封測服務,2449,京元電子,2018,2,cash_flow,匯率變動對現金及約當現金之影響,14017,"14,017",sii,https://mopsov.twse.com.tw/mops/web/ajax_t163sb20
上游,晶片封測服務,2449,京元電子,2018,2,cash_flow,本期現金及約當現金增加（減少）數,-595791,"-595,791",sii,https://mopsov.twse.com.tw/mops/web/ajax_t163sb20
上游,晶片封測服務,2449,京元電子,2018,2,cash_flow,期初現金及約當現金餘額,5395029,"5,395,029",sii,https://mopsov.twse.com.tw/mops/web/ajax_t163sb20
上游,晶片封測服務,2449,京元電子,2018,2,cash_flow,期末現金及約當現金餘額,4799238,"4,799,238",sii,https://mopsov.twse.com.tw/mops/web/ajax_t163sb20
上游,晶片封測服務,3711,日月光投控,2018,2,cash_flow,營業活動之淨現金流入（流出）,14951491,"14,951,491",sii,https://mopsov.twse.com.tw/mops/web/ajax_t163sb20
上游,晶片封測服務,3711,日月光投控,2018,2,cash_flow,投資活動之淨現金流入（流出）,-107863263,"-107,863,263",sii,https://mopsov.twse.com.tw/mops/web/ajax_t163sb20
上游,晶片封測服務,3711,日月光投控,2018,2,cash_flow,籌資活動之淨現金流入（流出）,113284613,"113,284,613",sii,https://mopsov.twse.com.tw/mops/web/ajax_t163sb20
上游,晶片封測服務,3711,日月光投控,2018,2,cash_flow,匯率變動對現金及約當現金之影響,1576620,"1,576,620",sii,https://mopsov.twse.com.tw/mops/web/ajax_t163sb20
上游,晶片封測服務,3711,日月光投控,2018,2,cash_flow,本期現金及約當現金增加（減少）數,21949461,"21,949,461",sii,https://mopsov.twse.com.tw/mops/web/ajax_t163sb20
上游,晶片封測服務,3711,日月光投控,2018,2,cash_flow,期初現金及約當現金餘額,46078066,"46,078,066",sii,https://mopsov.twse.com.tw/mops/web/ajax_t163sb20
上游,晶片封測服務,3711,日月光投控,2018,2,cash_flow,期末現金及約當現金餘額,68027527,"68,027,527",sii,https://mopsov.twse.com.tw/mops/web/ajax_t163sb20
上游,晶片封測服務,2449,京元電子,2018,3,income_statement,營業收入,15141541,"15,141,541",sii,https://mopsov.twse.com.tw/mops/web/ajax_t163sb04
上游,晶片封測服務,2449,京元電子,2018,3,income_statement,營業成本,11025026,"11,025,026",sii,https://mopsov.twse.com.tw/mops/web/ajax_t163sb04
上游,晶片封測服務,2449,京元電子,2018,3,income_statement,原始認列生物資產及農產品之利益（損失）,,--,sii,https://mopsov.twse.com.tw/mops/web/ajax_t163sb04
上游,晶片封測服務,2449,京元電子,2018,3,income_statement,生物資產當期公允價值減出售成本之變動利益（損失）,,--,sii,https://mopsov.twse.com.tw/mops/web/ajax_t163sb04
上游,晶片封測服務,2449,京元電子,2018,3,income_statement,營業毛利（毛損）,4116515,"4,116,515",sii,https://mopsov.twse.com.tw/mops/web/ajax_t163sb04
上游,晶片封測服務,2449,京元電子,2018,3,income_statement,未實現銷貨（損）益,,--,sii,https://mopsov.twse.com.tw/mops/web/ajax_t163sb04
上游,晶片封測服務,2449,京元電子,2018,3,income_statement,已實現銷貨（損）益,,--,sii,https://mopsov.twse.com.tw/mops/web/ajax_t163sb04
上游,晶片封測服務,2449,京元電子,2018,3,income_statement,營業毛利（毛損）淨額,4116515,"4,116,515",sii,https://mopsov.twse.com.tw/mops/web/ajax_t163sb04
上游,晶片封測服務,2449,京元電子,2018,3,income_statement,營業費用,1900670,"1,900,670",sii,https://mopsov.twse.com.tw/mops/web/ajax_t163sb04
上游,晶片封測服務,2449,京元電子,2018,3,income_statement,其他收益及費損淨額,,--,sii,https://mopsov.twse.com.tw/mops/web/ajax_t163sb04
上游,晶片封測服務,2449,京元電子,2018,3,income_statement,營業利益（損失）,2215845,"2,215,845",sii,https://mopsov.twse.com.tw/mops/web/ajax_t163sb04
上游,晶片封測服務,2449,京元電子,2018,3,income_statement,營業外收入及支出,-362529,"-362,529",sii,https://mopsov.twse.com.tw/mops/web/ajax_t163sb04
上游,晶片封測服務,2449,京元電子,2018,3,income_statement,稅前淨利（淨損）,1853316,"1,853,316",sii,https://mopsov.twse.com.tw/mops/web/ajax_t163sb04
上游,晶片封測服務,2449,京元電子,2018,3,income_statement,所得稅費用（利益）,480336,"480,336",sii,https://mopsov.twse.com.tw/mops/web/ajax_t163sb04
上游,晶片封測服務,2449,京元電子,2018,3,income_statement,繼續營業單位本期淨利（淨損）,1372980,"1,372,980",sii,https://mopsov.twse.com.tw/mops/web/ajax_t163sb04
上游,晶片封測服務,2449,京元電子,2018,3,income_statement,停業單位損益,,--,sii,https://mopsov.twse.com.tw/mops/web/ajax_t163sb04
上游,晶片封測服務,2449,京元電子,2018,3,income_statement,合併前非屬共同控制股權損益,,--,sii,https://mopsov.twse.com.tw/mops/web/ajax_t163sb04
上游,晶片封測服務,2449,京元電子,2018,3,income_statement,本期淨利（淨損）,1372980,"1,372,980",sii,https://mopsov.twse.com.tw/mops/web/ajax_t163sb04
上游,晶片封測服務,2449,京元電子,2018,3,income_statement,其他綜合損益（淨額）,-4867,"-4,867",sii,https://mopsov.twse.com.tw/mops/web/ajax_t163sb04
上游,晶片封測服務,2449,京元電子,2018,3,income_statement,合併前非屬共同控制股權綜合損益淨額,,--,sii,https://mopsov.twse.com.tw/mops/web/ajax_t163sb04
上游,晶片封測服務,2449,京元電子,2018,3,income_statement,本期綜合損益總額,1368113,"1,368,113",sii,https://mopsov.twse.com.tw/mops/web/ajax_t163sb04
上游,晶片封測服務,2449,京元電子,2018,3,income_statement,淨利（淨損）歸屬於母公司業主,1372731,"1,372,731",sii,https://mopsov.twse.com.tw/mops/web/ajax_t163sb04
上游,晶片封測服務,2449,京元電子,2018,3,income_statement,淨利（淨損）歸屬於共同控制下前手權益,,--,sii,https://mopsov.twse.com.tw/mops/web/ajax_t163sb04
上游,晶片封測服務,2449,京元電子,2018,3,income_statement,淨利（淨損）歸屬於非控制權益,249,249,sii,https://mopsov.twse.com.tw/mops/web/ajax_t163sb04
上游,晶片封測服務,2449,京元電子,2018,3,income_statement,綜合損益總額歸屬於母公司業主,1367762,"1,367,762",sii,https://mopsov.twse.com.tw/mops/web/ajax_t163sb04
上游,晶片封測服務,2449,京元電子,2018,3,income_statement,綜合損益總額歸屬於共同控制下前手權益,,--,sii,https://mopsov.twse.com.tw/mops/web/ajax_t163sb04
上游,晶片封測服務,2449,京元電子,2018,3,income_statement,綜合損益總額歸屬於非控制權益,351,351,sii,https://mopsov.twse.com.tw/mops/web/ajax_t163sb04
上游,晶片封測服務,2449,京元電子,2018,3,income_statement,基本每股盈餘（元）,1.12,1.12,sii,https://mopsov.twse.com.tw/mops/web/ajax_t163sb04
上游,晶片封測服務,3711,日月光投控,2018,3,income_statement,營業收入,257064066,"257,064,066",sii,https://mopsov.twse.com.tw/mops/web/ajax_t163sb04
上游,晶片封測服務,3711,日月光投控,2018,3,income_statement,營業成本,214585506,"214,585,506",sii,https://mopsov.twse.com.tw/mops/web/ajax_t163sb04
上游,晶片封測服務,3711,日月光投控,2018,3,income_statement,原始認列生物資產及農產品之利益（損失）,,--,sii,https://mopsov.twse.com.tw/mops/web/ajax_t163sb04
上游,晶片封測服務,3711,日月光投控,2018,3,income_statement,生物資產當期公允價值減出售成本之變動利益（損失）,,--,sii,https://mopsov.twse.com.tw/mops/web/ajax_t163sb04
上游,晶片封測服務,3711,日月光投控,2018,3,income_statement,營業毛利（毛損）,42478560,"42,478,560",sii,https://mopsov.twse.com.tw/mops/web/ajax_t163sb04
上游,晶片封測服務,3711,日月光投控,2018,3,income_statement,未實現銷貨（損）益,,--,sii,https://mopsov.twse.com.tw/mops/web/ajax_t163sb04
上游,晶片封測服務,3711,日月光投控,2018,3,income_statement,已實現銷貨（損）益,,--,sii,https://mopsov.twse.com.tw/mops/web/ajax_t163sb04
上游,晶片封測服務,3711,日月光投控,2018,3,income_statement,營業毛利（毛損）淨額,42478560,"42,478,560",sii,https://mopsov.twse.com.tw/mops/web/ajax_t163sb04
上游,晶片封測服務,3711,日月光投控,2018,3,income_statement,營業費用,24403772,"24,403,772",sii,https://mopsov.twse.com.tw/mops/web/ajax_t163sb04
上游,晶片封測服務,3711,日月光投控,2018,3,income_statement,其他收益及費損淨額,,--,sii,https://mopsov.twse.com.tw/mops/web/ajax_t163sb04
上游,晶片封測服務,3711,日月光投控,2018,3,income_statement,營業利益（損失）,18074788,"18,074,788",sii,https://mopsov.twse.com.tw/mops/web/ajax_t163sb04
上游,晶片封測服務,3711,日月光投控,2018,3,income_statement,營業外收入及支出,6738405,"6,738,405",sii,https://mopsov.twse.com.tw/mops/web/ajax_t163sb04
上游,晶片封測服務,3711,日月光投控,2018,3,income_statement,稅前淨利（淨損）,24813193,"24,813,193",sii,https://mopsov.twse.com.tw/mops/web/ajax_t163sb04
上游,晶片封測服務,3711,日月光投控,2018,3,income_statement,所得稅費用（利益）,4242652,"4,242,652",sii,https://mopsov.twse.com.tw/mops/web/ajax_t163sb04
上游,晶片封測服務,3711,日月光投控,2018,3,income_statement,繼續營業單位本期淨利（淨損）,20570541,"20,570,541",sii,https://mopsov.twse.com.tw/mops/web/ajax_t163sb04
上游,晶片封測服務,3711,日月光投控,2018,3,income_statement,停業單位損益,,--,sii,https://mopsov.twse.com.tw/mops/web/ajax_t163sb04
上游,晶片封測服務,3711,日月光投控,2018,3,income_statement,合併前非屬共同控制股權損益,,--,sii,https://mopsov.twse.com.tw/mops/web/ajax_t163sb04
上游,晶片封測服務,3711,日月光投控,2018,3,income_statement,本期淨利（淨損）,20570541,"20,570,541",sii,https://mopsov.twse.com.tw/mops/web/ajax_t163sb04
上游,晶片封測服務,3711,日月光投控,2018,3,income_statement,其他綜合損益（淨額）,-1152939,"-1,152,939",sii,https://mopsov.twse.com.tw/mops/web/ajax_t163sb04
上游,晶片封測服務,3711,日月光投控,2018,3,income_statement,合併前非屬共同控制股權綜合損益淨額,,--,sii,https://mopsov.twse.com.tw/mops/web/ajax_t163sb04
上游,晶片封測服務,3711,日月光投控,2018,3,income_statement,本期綜合損益總額,19417602,"19,417,602",sii,https://mopsov.twse.com.tw/mops/web/ajax_t163sb04
上游,晶片封測服務,3711,日月光投控,2018,3,income_statement,淨利（淨損）歸屬於母公司業主,19815768,"19,815,768",sii,https://mopsov.twse.com.tw/mops/web/ajax_t163sb04
上游,晶片封測服務,3711,日月光投控,2018,3,income_statement,淨利（淨損）歸屬於共同控制下前手權益,,--,sii,https://mopsov.twse.com.tw/mops/web/ajax_t163sb04
上游,晶片封測服務,3711,日月光投控,2018,3,income_statement,淨利（淨損）歸屬於非控制權益,754773,"754,773",sii,https://mopsov.twse.com.tw/mops/web/ajax_t163sb04
上游,晶片封測服務,3711,日月光投控,2018,3,income_statement,綜合損益總額歸屬於母公司業主,18962316,"18,962,316",sii,https://mopsov.twse.com.tw/mops/web/ajax_t163sb04
上游,晶片封測服務,3711,日月光投控,2018,3,income_statement,綜合損益總額歸屬於共同控制下前手權益,,--,sii,https://mopsov.twse.com.tw/mops/web/ajax_t163sb04
上游,晶片封測服務,3711,日月光投控,2018,3,income_statement,綜合損益總額歸屬於非控制權益,455286,"455,286",sii,https://mopsov.twse.com.tw/mops/web/ajax_t163sb04
上游,晶片封測服務,3711,日月光投控,2018,3,income_statement,基本每股盈餘（元）,4.67,4.67,sii,https://mopsov.twse.com.tw/mops/web/ajax_t163sb04
上游,晶片封測服務,2449,京元電子,2018,3,balance_sheet,流動資產,11862305,"11,862,305",sii,https://mopsov.twse.com.tw/mops/web/ajax_t163sb05
上游,晶片封測服務,2449,京元電子,2018,3,balance_sheet,非流動資產,31872556,"31,872,556",sii,https://mopsov.twse.com.tw/mops/web/ajax_t163sb05
上游,晶片封測服務,2449,京元電子,2018,3,balance_sheet,資產總計,43734861,"43,734,861",sii,https://mopsov.twse.com.tw/mops/web/ajax_t163sb05
上游,晶片封測服務,2449,京元電子,2018,3,balance_sheet,流動負債,4158456,"4,158,456",sii,https://mopsov.twse.com.tw/mops/web/ajax_t163sb05
上游,晶片封測服務,2449,京元電子,2018,3,balance_sheet,非流動負債,15274894,"15,274,894",sii,https://mopsov.twse.com.tw/mops/web/ajax_t163sb05
上游,晶片封測服務,2449,京元電子,2018,3,balance_sheet,負債總計,19433350,"19,433,350",sii,https://mopsov.twse.com.tw/mops/web/ajax_t163sb05
上游,晶片封測服務,2449,京元電子,2018,3,balance_sheet,股本,12227451,"12,227,451",sii,https://mopsov.twse.com.tw/mops/web/ajax_t163sb05
上游,晶片封測服務,2449,京元電子,2018,3,balance_sheet,資本公積,4844536,"4,844,536",sii,https://mopsov.twse.com.tw/mops/web/ajax_t163sb05
上游,晶片封測服務,2449,京元電子,2018,3,balance_sheet,保留盈餘,7857675,"7,857,675",sii,https://mopsov.twse.com.tw/mops/web/ajax_t163sb05
上游,晶片封測服務,2449,京元電子,2018,3,balance_sheet,其他權益,-634160,"-634,160",sii,https://mopsov.twse.com.tw/mops/web/ajax_t163sb05
上游,晶片封測服務,2449,京元電子,2018,3,balance_sheet,庫藏股票,0,0,sii,https://mopsov.twse.com.tw/mops/web/ajax_t163sb05
上游,晶片封測服務,2449,京元電子,2018,3,balance_sheet,歸屬於母公司業主之權益合計,24295502,"24,295,502",sii,https://mopsov.twse.com.tw/mops/web/ajax_t163sb05
上游,晶片封測服務,2449,京元電子,2018,3,balance_sheet,共同控制下前手權益,,--,sii,https://mopsov.twse.com.tw/mops/web/ajax_t163sb05
上游,晶片封測服務,2449,京元電子,2018,3,balance_sheet,合併前非屬共同控制股權,,--,sii,https://mopsov.twse.com.tw/mops/web/ajax_t163sb05
上游,晶片封測服務,2449,京元電子,2018,3,balance_sheet,非控制權益,6009,"6,009",sii,https://mopsov.twse.com.tw/mops/web/ajax_t163sb05
上游,晶片封測服務,2449,京元電子,2018,3,balance_sheet,權益總計,24301511,"24,301,511",sii,https://mopsov.twse.com.tw/mops/web/ajax_t163sb05
上游,晶片封測服務,2449,京元電子,2018,3,balance_sheet,待註銷股本股數（單位：股）,,--,sii,https://mopsov.twse.com.tw/mops/web/ajax_t163sb05
上游,晶片封測服務,2449,京元電子,2018,3,balance_sheet,預收股款（權益項下）之約當發行股數（單位：股）,0,0,sii,https://mopsov.twse.com.tw/mops/web/ajax_t163sb05
上游,晶片封測服務,2449,京元電子,2018,3,balance_sheet,母公司暨子公司所持有之母公司庫藏股股數（單位：股）,0,0,sii,https://mopsov.twse.com.tw/mops/web/ajax_t163sb05
上游,晶片封測服務,2449,京元電子,2018,3,balance_sheet,每股參考淨值,19.87,19.87,sii,https://mopsov.twse.com.tw/mops/web/ajax_t163sb05
上游,晶片封測服務,3711,日月光投控,2018,3,balance_sheet,流動資產,201199868,"201,199,868",sii,https://mopsov.twse.com.tw/mops/web/ajax_t163sb05
上游,晶片封測服務,3711,日月光投控,2018,3,balance_sheet,非流動資產,334771248,"334,771,248",sii,https://mopsov.twse.com.tw/mops/web/ajax_t163sb05
上游,晶片封測服務,3711,日月光投控,2018,3,balance_sheet,資產總計,535971116,"535,971,116",sii,https://mopsov.twse.com.tw/mops/web/ajax_t163sb05
上游,晶片封測服務,3711,日月光投控,2018,3,balance_sheet,流動負債,192748324,"192,748,324",sii,https://mopsov.twse.com.tw/mops/web/ajax_t163sb05
上游,晶片封測服務,3711,日月光投控,2018,3,balance_sheet,非流動負債,132089296,"132,089,296",sii,https://mopsov.twse.com.tw/mops/web/ajax_t163sb05
上游,晶片封測服務,3711,日月光投控,2018,3,balance_sheet,負債總計,324837620,"324,837,620",sii,https://mopsov.twse.com.tw/mops/web/ajax_t163sb05
上游,晶片封測服務,3711,日月光投控,2018,3,balance_sheet,股本,43201766,"43,201,766",sii,https://mopsov.twse.com.tw/mops/web/ajax_t163sb05
上游,晶片封測服務,3711,日月光投控,2018,3,balance_sheet,資本公積,143297727,"143,297,727",sii,https://mopsov.twse.com.tw/mops/web/ajax_t163sb05
上游,晶片封測服務,3711,日月光投控,2018,3,balance_sheet,保留盈餘,20179940,"20,179,940",sii,https://mopsov.twse.com.tw/mops/web/ajax_t163sb05
上游,晶片封測服務,3711,日月光投控,2018,3,balance_sheet,其他權益,-7389616,"-7,389,616",sii,https://mopsov.twse.com.tw/mops/web/ajax_t163sb05
上游,晶片封測服務,3711,日月光投控,2018,3,balance_sheet,庫藏股票,-1959107,"-1,959,107",sii,https://mopsov.twse.com.tw/mops/web/ajax_t163sb05
上游,晶片封測服務,3711,日月光投控,2018,3,balance_sheet,歸屬於母公司業主之權益合計,197330710,"197,330,710",sii,https://mopsov.twse.com.tw/mops/web/ajax_t163sb05
上游,晶片封測服務,3711,日月光投控,2018,3,balance_sheet,共同控制下前手權益,,--,sii,https://mopsov.twse.com.tw/mops/web/ajax_t163sb05
上游,晶片封測服務,3711,日月光投控,2018,3,balance_sheet,合併前非屬共同控制股權,,--,sii,https://mopsov.twse.com.tw/mops/web/ajax_t163sb05
上游,晶片封測服務,3711,日月光投控,2018,3,balance_sheet,非控制權益,13802786,"13,802,786",sii,https://mopsov.twse.com.tw/mops/web/ajax_t163sb05
上游,晶片封測服務,3711,日月光投控,2018,3,balance_sheet,權益總計,211133496,"211,133,496",sii,https://mopsov.twse.com.tw/mops/web/ajax_t163sb05
上游,晶片封測服務,3711,日月光投控,2018,3,balance_sheet,待註銷股本股數（單位：股）,,--,sii,https://mopsov.twse.com.tw/mops/web/ajax_t163sb05
上游,晶片封測服務,3711,日月光投控,2018,3,balance_sheet,預收股款（權益項下）之約當發行股數（單位：股）,939500,"939,500",sii,https://mopsov.twse.com.tw/mops/web/ajax_t163sb05
上游,晶片封測服務,3711,日月光投控,2018,3,balance_sheet,母公司暨子公司所持有之母公司庫藏股股數（單位：股）,72941505,"72,941,505",sii,https://mopsov.twse.com.tw/mops/web/ajax_t163sb05
上游,晶片封測服務,3711,日月光投控,2018,3,balance_sheet,每股參考淨值,46.46,46.46,sii,https://mopsov.twse.com.tw/mops/web/ajax_t163sb05
上游,晶片封測服務,2449,京元電子,2018,3,cash_flow,營業活動之淨現金流入（流出）,5763752,"5,763,752",sii,https://mopsov.twse.com.tw/mops/web/ajax_t163sb20
上游,晶片封測服務,2449,京元電子,2018,3,cash_flow,投資活動之淨現金流入（流出）,-7047620,"-7,047,620",sii,https://mopsov.twse.com.tw/mops/web/ajax_t163sb20
上游,晶片封測服務,2449,京元電子,2018,3,cash_flow,籌資活動之淨現金流入（流出）,665020,"665,020",sii,https://mopsov.twse.com.tw/mops/web/ajax_t163sb20
上游,晶片封測服務,2449,京元電子,2018,3,cash_flow,匯率變動對現金及約當現金之影響,-53835,"-53,835",sii,https://mopsov.twse.com.tw/mops/web/ajax_t163sb20
上游,晶片封測服務,2449,京元電子,2018,3,cash_flow,本期現金及約當現金增加（減少）數,-672683,"-672,683",sii,https://mopsov.twse.com.tw/mops/web/ajax_t163sb20
上游,晶片封測服務,2449,京元電子,2018,3,cash_flow,期初現金及約當現金餘額,5395029,"5,395,029",sii,https://mopsov.twse.com.tw/mops/web/ajax_t163sb20
上游,晶片封測服務,2449,京元電子,2018,3,cash_flow,期末現金及約當現金餘額,4722346,"4,722,346",sii,https://mopsov.twse.com.tw/mops/web/ajax_t163sb20
上游,晶片封測服務,3711,日月光投控,2018,3,cash_flow,營業活動之淨現金流入（流出）,32224546,"32,224,546",sii,https://mopsov.twse.com.tw/mops/web/ajax_t163sb20
上游,晶片封測服務,3711,日月光投控,2018,3,cash_flow,投資活動之淨現金流入（流出）,-113318594,"-113,318,594",sii,https://mopsov.twse.com.tw/mops/web/ajax_t163sb20
上游,晶片封測服務,3711,日月光投控,2018,3,cash_flow,籌資活動之淨現金流入（流出）,90378533,"90,378,533",sii,https://mopsov.twse.com.tw/mops/web/ajax_t163sb20
上游,晶片封測服務,3711,日月光投控,2018,3,cash_flow,匯率變動對現金及約當現金之影響,-27631,"-27,631",sii,https://mopsov.twse.com.tw/mops/web/ajax_t163sb20
上游,晶片封測服務,3711,日月光投控,2018,3,cash_flow,本期現金及約當現金增加（減少）數,9256854,"9,256,854",sii,https://mopsov.twse.com.tw/mops/web/ajax_t163sb20
上游,晶片封測服務,3711,日月光投控,2018,3,cash_flow,期初現金及約當現金餘額,46078066,"46,078,066",sii,https://mopsov.twse.com.tw/mops/web/ajax_t163sb20
上游,晶片封測服務,3711,日月光投控,2018,3,cash_flow,期末現金及約當現金餘額,55334920,"55,334,920",sii,https://mopsov.twse.com.tw/mops/web/ajax_t163sb20
上游,晶片封測服務,2449,京元電子,2018,4,income_statement,營業收入,20815369,"20,815,369",sii,https://mopsov.twse.com.tw/mops/web/ajax_t163sb04
上游,晶片封測服務,2449,京元電子,2018,4,income_statement,營業成本,15451671,"15,451,671",sii,https://mopsov.twse.com.tw/mops/web/ajax_t163sb04
上游,晶片封測服務,2449,京元電子,2018,4,income_statement,原始認列生物資產及農產品之利益（損失）,,--,sii,https://mopsov.twse.com.tw/mops/web/ajax_t163sb04
上游,晶片封測服務,2449,京元電子,2018,4,income_statement,生物資產當期公允價值減出售成本之變動利益（損失）,,--,sii,https://mopsov.twse.com.tw/mops/web/ajax_t163sb04
上游,晶片封測服務,2449,京元電子,2018,4,income_statement,營業毛利（毛損）,5363698,"5,363,698",sii,https://mopsov.twse.com.tw/mops/web/ajax_t163sb04
上游,晶片封測服務,2449,京元電子,2018,4,income_statement,未實現銷貨（損）益,,--,sii,https://mopsov.twse.com.tw/mops/web/ajax_t163sb04
上游,晶片封測服務,2449,京元電子,2018,4,income_statement,已實現銷貨（損）益,,--,sii,https://mopsov.twse.com.tw/mops/web/ajax_t163sb04
上游,晶片封測服務,2449,京元電子,2018,4,income_statement,營業毛利（毛損）淨額,5363698,"5,363,698",sii,https://mopsov.twse.com.tw/mops/web/ajax_t163sb04
上游,晶片封測服務,2449,京元電子,2018,4,income_statement,營業費用,2644017,"2,644,017",sii,https://mopsov.twse.com.tw/mops/web/ajax_t163sb04
上游,晶片封測服務,2449,京元電子,2018,4,income_statement,其他收益及費損淨額,,--,sii,https://mopsov.twse.com.tw/mops/web/ajax_t163sb04
上游,晶片封測服務,2449,京元電子,2018,4,income_statement,營業利益（損失）,2719681,"2,719,681",sii,https://mopsov.twse.com.tw/mops/web/ajax_t163sb04
上游,晶片封測服務,2449,京元電子,2018,4,income_statement,營業外收入及支出,-330123,"-330,123",sii,https://mopsov.twse.com.tw/mops/web/ajax_t163sb04
上游,晶片封測服務,2449,京元電子,2018,4,income_statement,稅前淨利（淨損）,2389558,"2,389,558",sii,https://mopsov.twse.com.tw/mops/web/ajax_t163sb04
上游,晶片封測服務,2449,京元電子,2018,4,income_statement,所得稅費用（利益）,595668,"595,668",sii,https://mopsov.twse.com.tw/mops/web/ajax_t163sb04
上游,晶片封測服務,2449,京元電子,2018,4,income_statement,繼續營業單位本期淨利（淨損）,1793890,"1,793,890",sii,https://mopsov.twse.com.tw/mops/web/ajax_t163sb04
上游,晶片封測服務,2449,京元電子,2018,4,income_statement,停業單位損益,,--,sii,https://mopsov.twse.com.tw/mops/web/ajax_t163sb04
上游,晶片封測服務,2449,京元電子,2018,4,income_statement,合併前非屬共同控制股權損益,,--,sii,https://mopsov.twse.com.tw/mops/web/ajax_t163sb04
上游,晶片封測服務,2449,京元電子,2018,4,income_statement,本期淨利（淨損）,1793890,"1,793,890",sii,https://mopsov.twse.com.tw/mops/web/ajax_t163sb04
上游,晶片封測服務,2449,京元電子,2018,4,income_statement,其他綜合損益（淨額）,-245673,"-245,673",sii,https://mopsov.twse.com.tw/mops/web/ajax_t163sb04
上游,晶片封測服務,2449,京元電子,2018,4,income_statement,合併前非屬共同控制股權綜合損益淨額,,--,sii,https://mopsov.twse.com.tw/mops/web/ajax_t163sb04
上游,晶片封測服務,2449,京元電子,2018,4,income_statement,本期綜合損益總額,1548217,"1,548,217",sii,https://mopsov.twse.com.tw/mops/web/ajax_t163sb04
上游,晶片封測服務,2449,京元電子,2018,4,income_statement,淨利（淨損）歸屬於母公司業主,1795344,"1,795,344",sii,https://mopsov.twse.com.tw/mops/web/ajax_t163sb04
上游,晶片封測服務,2449,京元電子,2018,4,income_statement,淨利（淨損）歸屬於共同控制下前手權益,,--,sii,https://mopsov.twse.com.tw/mops/web/ajax_t163sb04
上游,晶片封測服務,2449,京元電子,2018,4,income_statement,淨利（淨損）歸屬於非控制權益,-1454,"-1,454",sii,https://mopsov.twse.com.tw/mops/web/ajax_t163sb04
上游,晶片封測服務,2449,京元電子,2018,4,income_statement,綜合損益總額歸屬於母公司業主,1549371,"1,549,371",sii,https://mopsov.twse.com.tw/mops/web/ajax_t163sb04
上游,晶片封測服務,2449,京元電子,2018,4,income_statement,綜合損益總額歸屬於共同控制下前手權益,,--,sii,https://mopsov.twse.com.tw/mops/web/ajax_t163sb04
上游,晶片封測服務,2449,京元電子,2018,4,income_statement,綜合損益總額歸屬於非控制權益,-1154,"-1,154",sii,https://mopsov.twse.com.tw/mops/web/ajax_t163sb04
上游,晶片封測服務,2449,京元電子,2018,4,income_statement,基本每股盈餘（元）,1.47,1.47,sii,https://mopsov.twse.com.tw/mops/web/ajax_t163sb04
上游,晶片封測服務,3711,日月光投控,2018,4,income_statement,營業收入,371092421,"371,092,421",sii,https://mopsov.twse.com.tw/mops/web/ajax_t163sb04
上游,晶片封測服務,3711,日月光投控,2018,4,income_statement,營業成本,309929371,"309,929,371",sii,https://mopsov.twse.com.tw/mops/web/ajax_t163sb04
上游,晶片封測服務,3711,日月光投控,2018,4,income_statement,原始認列生物資產及農產品之利益（損失）,,--,sii,https://mopsov.twse.com.tw/mops/web/ajax_t163sb04
上游,晶片封測服務,3711,日月光投控,2018,4,income_statement,生物資產當期公允價值減出售成本之變動利益（損失）,,--,sii,https://mopsov.twse.com.tw/mops/web/ajax_t163sb04
上游,晶片封測服務,3711,日月光投控,2018,4,income_statement,營業毛利（毛損）,61163050,"61,163,050",sii,https://mopsov.twse.com.tw/mops/web/ajax_t163sb04
上游,晶片封測服務,3711,日月光投控,2018,4,income_statement,未實現銷貨（損）益,,--,sii,https://mopsov.twse.com.tw/mops/web/ajax_t163sb04
上游,晶片封測服務,3711,日月光投控,2018,4,income_statement,已實現銷貨（損）益,,--,sii,https://mopsov.twse.com.tw/mops/web/ajax_t163sb04
上游,晶片封測服務,3711,日月光投控,2018,4,income_statement,營業毛利（毛損）淨額,61163050,"61,163,050",sii,https://mopsov.twse.com.tw/mops/web/ajax_t163sb04
上游,晶片封測服務,3711,日月光投控,2018,4,income_statement,營業費用,34515301,"34,515,301",sii,https://mopsov.twse.com.tw/mops/web/ajax_t163sb04
上游,晶片封測服務,3711,日月光投控,2018,4,income_statement,其他收益及費損淨額,,--,sii,https://mopsov.twse.com.tw/mops/web/ajax_t163sb04
上游,晶片封測服務,3711,日月光投控,2018,4,income_statement,營業利益（損失）,26647749,"26,647,749",sii,https://mopsov.twse.com.tw/mops/web/ajax_t163sb04
上游,晶片封測服務,3711,日月光投控,2018,4,income_statement,營業外收入及支出,5399689,"5,399,689",sii,https://mopsov.twse.com.tw/mops/web/ajax_t163sb04
上游,晶片封測服務,3711,日月光投控,2018,4,income_statement,稅前淨利（淨損）,32047438,"32,047,438",sii,https://mopsov.twse.com.tw/mops/web/ajax_t163sb04
上游,晶片封測服務,3711,日月光投控,2018,4,income_statement,所得稅費用（利益）,5583599,"5,583,599",sii,https://mopsov.twse.com.tw/mops/web/ajax_t163sb04
上游,晶片封測服務,3711,日月光投控,2018,4,income_statement,繼續營業單位本期淨利（淨損）,26463839,"26,463,839",sii,https://mopsov.twse.com.tw/mops/web/ajax_t163sb04
上游,晶片封測服務,3711,日月光投控,2018,4,income_statement,停業單位損益,,--,sii,https://mopsov.twse.com.tw/mops/web/ajax_t163sb04
上游,晶片封測服務,3711,日月光投控,2018,4,income_statement,合併前非屬共同控制股權損益,,--,sii,https://mopsov.twse.com.tw/mops/web/ajax_t163sb04
上游,晶片封測服務,3711,日月光投控,2018,4,income_statement,本期淨利（淨損）,26463839,"26,463,839",sii,https://mopsov.twse.com.tw/mops/web/ajax_t163sb04
上游,晶片封測服務,3711,日月光投控,2018,4,income_statement,其他綜合損益（淨額）,-852632,"-852,632",sii,https://mopsov.twse.com.tw/mops/web/ajax_t163sb04
上游,晶片封測服務,3711,日月光投控,2018,4,income_statement,合併前非屬共同控制股權綜合損益淨額,,--,sii,https://mopsov.twse.com.tw/mops/web/ajax_t163sb04
上游,晶片封測服務,3711,日月光投控,2018,4,income_statement,本期綜合損益總額,25611207,"25,611,207",sii,https://mopsov.twse.com.tw/mops/web/ajax_t163sb04
上游,晶片封測服務,3711,日月光投控,2018,4,income_statement,淨利（淨損）歸屬於母公司業主,25262356,"25,262,356",sii,https://mopsov.twse.com.tw/mops/web/ajax_t163sb04
上游,晶片封測服務,3711,日月光投控,2018,4,income_statement,淨利（淨損）歸屬於共同控制下前手權益,,--,sii,https://mopsov.twse.com.tw/mops/web/ajax_t163sb04
上游,晶片封測服務,3711,日月光投控,2018,4,income_statement,淨利（淨損）歸屬於非控制權益,1201483,"1,201,483",sii,https://mopsov.twse.com.tw/mops/web/ajax_t163sb04
上游,晶片封測服務,3711,日月光投控,2018,4,income_statement,綜合損益總額歸屬於母公司業主,24662096,"24,662,096",sii,https://mopsov.twse.com.tw/mops/web/ajax_t163sb04
上游,晶片封測服務,3711,日月光投控,2018,4,income_statement,綜合損益總額歸屬於共同控制下前手權益,,--,sii,https://mopsov.twse.com.tw/mops/web/ajax_t163sb04
上游,晶片封測服務,3711,日月光投控,2018,4,income_statement,綜合損益總額歸屬於非控制權益,949111,"949,111",sii,https://mopsov.twse.com.tw/mops/web/ajax_t163sb04
上游,晶片封測服務,3711,日月光投控,2018,4,income_statement,基本每股盈餘（元）,5.95,5.95,sii,https://mopsov.twse.com.tw/mops/web/ajax_t163sb04
上游,晶片封測服務,2449,京元電子,2018,4,balance_sheet,流動資產,12625373,"12,625,373",sii,https://mopsov.twse.com.tw/mops/web/ajax_t163sb05
上游,晶片封測服務,2449,京元電子,2018,4,balance_sheet,非流動資產,34530386,"34,530,386",sii,https://mopsov.twse.com.tw/mops/web/ajax_t163sb05
上游,晶片封測服務,2449,京元電子,2018,4,balance_sheet,資產總計,47155759,"47,155,759",sii,https://mopsov.twse.com.tw/mops/web/ajax_t163sb05
上游,晶片封測服務,2449,京元電子,2018,4,balance_sheet,流動負債,5401904,"5,401,904",sii,https://mopsov.twse.com.tw/mops/web/ajax_t163sb05
上游,晶片封測服務,2449,京元電子,2018,4,balance_sheet,非流動負債,17234003,"17,234,003",sii,https://mopsov.twse.com.tw/mops/web/ajax_t163sb05
上游,晶片封測服務,2449,京元電子,2018,4,balance_sheet,負債總計,22635907,"22,635,907",sii,https://mopsov.twse.com.tw/mops/web/ajax_t163sb05
上游,晶片封測服務,2449,京元電子,2018,4,balance_sheet,股本,12227451,"12,227,451",sii,https://mopsov.twse.com.tw/mops/web/ajax_t163sb05
上游,晶片封測服務,2449,京元電子,2018,4,balance_sheet,資本公積,4844536,"4,844,536",sii,https://mopsov.twse.com.tw/mops/web/ajax_t163sb05
上游,晶片封測服務,2449,京元電子,2018,4,balance_sheet,保留盈餘,8208297,"8,208,297",sii,https://mopsov.twse.com.tw/mops/web/ajax_t163sb05
上游,晶片封測服務,2449,京元電子,2018,4,balance_sheet,其他權益,-803173,"-803,173",sii,https://mopsov.twse.com.tw/mops/web/ajax_t163sb05
上游,晶片封測服務,2449,京元電子,2018,4,balance_sheet,庫藏股票,0,0,sii,https://mopsov.twse.com.tw/mops/web/ajax_t163sb05
上游,晶片封測服務,2449,京元電子,2018,4,balance_sheet,歸屬於母公司業主之權益合計,24477111,"24,477,111",sii,https://mopsov.twse.com.tw/mops/web/ajax_t163sb05
上游,晶片封測服務,2449,京元電子,2018,4,balance_sheet,共同控制下前手權益,,--,sii,https://mopsov.twse.com.tw/mops/web/ajax_t163sb05
上游,晶片封測服務,2449,京元電子,2018,4,balance_sheet,合併前非屬共同控制股權,,--,sii,https://mopsov.twse.com.tw/mops/web/ajax_t163sb05
上游,晶片封測服務,2449,京元電子,2018,4,balance_sheet,非控制權益,42741,"42,741",sii,https://mopsov.twse.com.tw/mops/web/ajax_t163sb05
上游,晶片封測服務,2449,京元電子,2018,4,balance_sheet,權益總計,24519852,"24,519,852",sii,https://mopsov.twse.com.tw/mops/web/ajax_t163sb05
上游,晶片封測服務,2449,京元電子,2018,4,balance_sheet,待註銷股本股數（單位：股）,,--,sii,https://mopsov.twse.com.tw/mops/web/ajax_t163sb05
上游,晶片封測服務,2449,京元電子,2018,4,balance_sheet,預收股款（權益項下）之約當發行股數（單位：股）,0,0,sii,https://mopsov.twse.com.tw/mops/web/ajax_t163sb05
上游,晶片封測服務,2449,京元電子,2018,4,balance_sheet,母公司暨子公司所持有之母公司庫藏股股數（單位：股）,0,0,sii,https://mopsov.twse.com.tw/mops/web/ajax_t163sb05
上游,晶片封測服務,2449,京元電子,2018,4,balance_sheet,每股參考淨值,20.02,20.02,sii,https://mopsov.twse.com.tw/mops/web/ajax_t163sb05
上游,晶片封測服務,3711,日月光投控,2018,4,balance_sheet,流動資產,201558875,"201,558,875",sii,https://mopsov.twse.com.tw/mops/web/ajax_t163sb05
上游,晶片封測服務,3711,日月光投控,2018,4,balance_sheet,非流動資產,331812328,"331,812,328",sii,https://mopsov.twse.com.tw/mops/web/ajax_t163sb05
上游,晶片封測服務,3711,日月光投控,2018,4,balance_sheet,資產總計,533371203,"533,371,203",sii,https://mopsov.twse.com.tw/mops/web/ajax_t163sb05
上游,晶片封測服務,3711,日月光投控,2018,4,balance_sheet,流動負債,156298736,"156,298,736",sii,https://mopsov.twse.com.tw/mops/web/ajax_t163sb05
上游,晶片封測服務,3711,日月光投控,2018,4,balance_sheet,非流動負債,156401923,"156,401,923",sii,https://mopsov.twse.com.tw/mops/web/ajax_t163sb05
上游,晶片封測服務,3711,日月光投控,2018,4,balance_sheet,負債總計,312700659,"312,700,659",sii,https://mopsov.twse.com.tw/mops/web/ajax_t163sb05
上游,晶片封測服務,3711,日月光投控,2018,4,balance_sheet,股本,43217144,"43,217,144",sii,https://mopsov.twse.com.tw/mops/web/ajax_t163sb05
上游,晶片封測服務,3711,日月光投控,2018,4,balance_sheet,資本公積,143275213,"143,275,213",sii,https://mopsov.twse.com.tw/mops/web/ajax_t163sb05
上游,晶片封測服務,3711,日月光投控,2018,4,balance_sheet,保留盈餘,25392886,"25,392,886",sii,https://mopsov.twse.com.tw/mops/web/ajax_t163sb05
上游,晶片封測服務,3711,日月光投控,2018,4,balance_sheet,其他權益,-6902782,"-6,902,782",sii,https://mopsov.twse.com.tw/mops/web/ajax_t163sb05
上游,晶片封測服務,3711,日月光投控,2018,4,balance_sheet,庫藏股票,-1959107,"-1,959,107",sii,https://mopsov.twse.com.tw/mops/web/ajax_t163sb05
上游,晶片封測服務,3711,日月光投控,2018,4,balance_sheet,歸屬於母公司業主之權益合計,203023354,"203,023,354",sii,https://mopsov.twse.com.tw/mops/web/ajax_t163sb05
上游,晶片封測服務,3711,日月光投控,2018,4,balance_sheet,共同控制下前手權益,,--,sii,https://mopsov.twse.com.tw/mops/web/ajax_t163sb05
上游,晶片封測服務,3711,日月光投控,2018,4,balance_sheet,合併前非屬共同控制股權,,--,sii,https://mopsov.twse.com.tw/mops/web/ajax_t163sb05
上游,晶片封測服務,3711,日月光投控,2018,4,balance_sheet,非控制權益,17647190,"17,647,190",sii,https://mopsov.twse.com.tw/mops/web/ajax_t163sb05
上游,晶片封測服務,3711,日月光投控,2018,4,balance_sheet,權益總計,220670544,"220,670,544",sii,https://mopsov.twse.com.tw/mops/web/ajax_t163sb05
上游,晶片封測服務,3711,日月光投控,2018,4,balance_sheet,待註銷股本股數（單位：股）,,--,sii,https://mopsov.twse.com.tw/mops/web/ajax_t163sb05
上游,晶片封測服務,3711,日月光投控,2018,4,balance_sheet,預收股款（權益項下）之約當發行股數（單位：股）,1565750,"1,565,750",sii,https://mopsov.twse.com.tw/mops/web/ajax_t163sb05
上游,晶片封測服務,3711,日月光投控,2018,4,balance_sheet,母公司暨子公司所持有之母公司庫藏股股數（單位：股）,72941505,"72,941,505",sii,https://mopsov.twse.com.tw/mops/web/ajax_t163sb05
上游,晶片封測服務,3711,日月光投控,2018,4,balance_sheet,每股參考淨值,47.78,47.78,sii,https://mopsov.twse.com.tw/mops/web/ajax_t163sb05
上游,晶片封測服務,2449,京元電子,2018,4,cash_flow,營業活動之淨現金流入（流出）,8427830,"8,427,830",sii,https://mopsov.twse.com.tw/mops/web/ajax_t163sb20
上游,晶片封測服務,2449,京元電子,2018,4,cash_flow,投資活動之淨現金流入（流出）,-8803160,"-8,803,160",sii,https://mopsov.twse.com.tw/mops/web/ajax_t163sb20
上游,晶片封測服務,2449,京元電子,2018,4,cash_flow,籌資活動之淨現金流入（流出）,-201899,"-201,899",sii,https://mopsov.twse.com.tw/mops/web/ajax_t163sb20
上游,晶片封測服務,2449,京元電子,2018,4,cash_flow,匯率變動對現金及約當現金之影響,-31174,"-31,174",sii,https://mopsov.twse.com.tw/mops/web/ajax_t163sb20
上游,晶片封測服務,2449,京元電子,2018,4,cash_flow,本期現金及約當現金增加（減少）數,-608403,"-608,403",sii,https://mopsov.twse.com.tw/mops/web/ajax_t163sb20
上游,晶片封測服務,2449,京元電子,2018,4,cash_flow,期初現金及約當現金餘額,5395029,"5,395,029",sii,https://mopsov.twse.com.tw/mops/web/ajax_t163sb20
上游,晶片封測服務,2449,京元電子,2018,4,cash_flow,期末現金及約當現金餘額,4786626,"4,786,626",sii,https://mopsov.twse.com.tw/mops/web/ajax_t163sb20
上游,晶片封測服務,3711,日月光投控,2018,4,cash_flow,營業活動之淨現金流入（流出）,51074691,"51,074,691",sii,https://mopsov.twse.com.tw/mops/web/ajax_t163sb20
上游,晶片封測服務,3711,日月光投控,2018,4,cash_flow,投資活動之淨現金流入（流出）,-129542322,"-129,542,322",sii,https://mopsov.twse.com.tw/mops/web/ajax_t163sb20
上游,晶片封測服務,3711,日月光投控,2018,4,cash_flow,籌資活動之淨現金流入（流出）,83111406,"83,111,406",sii,https://mopsov.twse.com.tw/mops/web/ajax_t163sb20
上游,晶片封測服務,3711,日月光投控,2018,4,cash_flow,匯率變動對現金及約當現金之影響,796595,"796,595",sii,https://mopsov.twse.com.tw/mops/web/ajax_t163sb20
上游,晶片封測服務,3711,日月光投控,2018,4,cash_flow,本期現金及約當現金增加（減少）數,5440370,"5,440,370",sii,https://mopsov.twse.com.tw/mops/web/ajax_t163sb20
上游,晶片封測服務,3711,日月光投控,2018,4,cash_flow,期初現金及約當現金餘額,46078066,"46,078,066",sii,https://mopsov.twse.com.tw/mops/web/ajax_t163sb20
上游,晶片封測服務,3711,日月光投控,2018,4,cash_flow,期末現金及約當現金餘額,51518436,"51,518,436",sii,https://mopsov.twse.com.tw/mops/web/ajax_t163sb20
上游,晶片封測服務,2449,京元電子,2019,1,income_statement,營業收入,5260124,"5,260,124",sii,https://mopsov.twse.com.tw/mops/web/ajax_t163sb04
上游,晶片封測服務,2449,京元電子,2019,1,income_statement,營業成本,4137141,"4,137,141",sii,https://mopsov.twse.com.tw/mops/web/ajax_t163sb04
上游,晶片封測服務,2449,京元電子,2019,1,income_statement,原始認列生物資產及農產品之利益（損失）,,--,sii,https://mopsov.twse.com.tw/mops/web/ajax_t163sb04
上游,晶片封測服務,2449,京元電子,2019,1,income_statement,生物資產當期公允價值減出售成本之變動利益（損失）,,--,sii,https://mopsov.twse.com.tw/mops/web/ajax_t163sb04
上游,晶片封測服務,2449,京元電子,2019,1,income_statement,營業毛利（毛損）,1122983,"1,122,983",sii,https://mopsov.twse.com.tw/mops/web/ajax_t163sb04
上游,晶片封測服務,2449,京元電子,2019,1,income_statement,未實現銷貨（損）益,,--,sii,https://mopsov.twse.com.tw/mops/web/ajax_t163sb04
上游,晶片封測服務,2449,京元電子,2019,1,income_statement,已實現銷貨（損）益,,--,sii,https://mopsov.twse.com.tw/mops/web/ajax_t163sb04
上游,晶片封測服務,2449,京元電子,2019,1,income_statement,營業毛利（毛損）淨額,1122983,"1,122,983",sii,https://mopsov.twse.com.tw/mops/web/ajax_t163sb04
上游,晶片封測服務,2449,京元電子,2019,1,income_statement,營業費用,664578,"664,578",sii,https://mopsov.twse.com.tw/mops/web/ajax_t163sb04
上游,晶片封測服務,2449,京元電子,2019,1,income_statement,其他收益及費損淨額,,--,sii,https://mopsov.twse.com.tw/mops/web/ajax_t163sb04
上游,晶片封測服務,2449,京元電子,2019,1,income_statement,營業利益（損失）,458405,"458,405",sii,https://mopsov.twse.com.tw/mops/web/ajax_t163sb04
上游,晶片封測服務,2449,京元電子,2019,1,income_statement,營業外收入及支出,25200,"25,200",sii,https://mopsov.twse.com.tw/mops/web/ajax_t163sb04
上游,晶片封測服務,2449,京元電子,2019,1,income_statement,稅前淨利（淨損）,483605,"483,605",sii,https://mopsov.twse.com.tw/mops/web/ajax_t163sb04
上游,晶片封測服務,2449,京元電子,2019,1,income_statement,所得稅費用（利益）,104239,"104,239",sii,https://mopsov.twse.com.tw/mops/web/ajax_t163sb04
上游,晶片封測服務,2449,京元電子,2019,1,income_statement,繼續營業單位本期淨利（淨損）,379366,"379,366",sii,https://mopsov.twse.com.tw/mops/web/ajax_t163sb04
上游,晶片封測服務,2449,京元電子,2019,1,income_statement,停業單位損益,,--,sii,https://mopsov.twse.com.tw/mops/web/ajax_t163sb04
上游,晶片封測服務,2449,京元電子,2019,1,income_statement,合併前非屬共同控制股權損益,,--,sii,https://mopsov.twse.com.tw/mops/web/ajax_t163sb04
上游,晶片封測服務,2449,京元電子,2019,1,income_statement,本期淨利（淨損）,379366,"379,366",sii,https://mopsov.twse.com.tw/mops/web/ajax_t163sb04
上游,晶片封測服務,2449,京元電子,2019,1,income_statement,其他綜合損益（淨額）,232735,"232,735",sii,https://mopsov.twse.com.tw/mops/web/ajax_t163sb04
上游,晶片封測服務,2449,京元電子,2019,1,income_statement,合併前非屬共同控制股權綜合損益淨額,,--,sii,https://mopsov.twse.com.tw/mops/web/ajax_t163sb04
上游,晶片封測服務,2449,京元電子,2019,1,income_statement,本期綜合損益總額,612101,"612,101",sii,https://mopsov.twse.com.tw/mops/web/ajax_t163sb04
上游,晶片封測服務,2449,京元電子,2019,1,income_statement,淨利（淨損）歸屬於母公司業主,379409,"379,409",sii,https://mopsov.twse.com.tw/mops/web/ajax_t163sb04
上游,晶片封測服務,2449,京元電子,2019,1,income_statement,淨利（淨損）歸屬於共同控制下前手權益,,--,sii,https://mopsov.twse.com.tw/mops/web/ajax_t163sb04
上游,晶片封測服務,2449,京元電子,2019,1,income_statement,淨利（淨損）歸屬於非控制權益,-43,-43,sii,https://mopsov.twse.com.tw/mops/web/ajax_t163sb04
上游,晶片封測服務,2449,京元電子,2019,1,income_statement,綜合損益總額歸屬於母公司業主,612141,"612,141",sii,https://mopsov.twse.com.tw/mops/web/ajax_t163sb04
上游,晶片封測服務,2449,京元電子,2019,1,income_statement,綜合損益總額歸屬於共同控制下前手權益,,--,sii,https://mopsov.twse.com.tw/mops/web/ajax_t163sb04
上游,晶片封測服務,2449,京元電子,2019,1,income_statement,綜合損益總額歸屬於非控制權益,-40,-40,sii,https://mopsov.twse.com.tw/mops/web/ajax_t163sb04
上游,晶片封測服務,2449,京元電子,2019,1,income_statement,基本每股盈餘（元）,0.31,0.31,sii,https://mopsov.twse.com.tw/mops/web/ajax_t163sb04
上游,晶片封測服務,3711,日月光投控,2019,1,income_statement,營業收入,88861446,"88,861,446",sii,https://mopsov.twse.com.tw/mops/web/ajax_t163sb04
上游,晶片封測服務,3711,日月光投控,2019,1,income_statement,營業成本,77476565,"77,476,565",sii,https://mopsov.twse.com.tw/mops/web/ajax_t163sb04
上游,晶片封測服務,3711,日月光投控,2019,1,income_statement,原始認列生物資產及農產品之利益（損失）,,--,sii,https://mopsov.twse.com.tw/mops/web/ajax_t163sb04
上游,晶片封測服務,3711,日月光投控,2019,1,income_statement,生物資產當期公允價值減出售成本之變動利益（損失）,,--,sii,https://mopsov.twse.com.tw/mops/web/ajax_t163sb04
上游,晶片封測服務,3711,日月光投控,2019,1,income_statement,營業毛利（毛損）,11384881,"11,384,881",sii,https://mopsov.twse.com.tw/mops/web/ajax_t163sb04
上游,晶片封測服務,3711,日月光投控,2019,1,income_statement,未實現銷貨（損）益,,--,sii,https://mopsov.twse.com.tw/mops/web/ajax_t163sb04
上游,晶片封測服務,3711,日月光投控,2019,1,income_statement,已實現銷貨（損）益,,--,sii,https://mopsov.twse.com.tw/mops/web/ajax_t163sb04
上游,晶片封測服務,3711,日月光投控,2019,1,income_statement,營業毛利（毛損）淨額,11384881,"11,384,881",sii,https://mopsov.twse.com.tw/mops/web/ajax_t163sb04
上游,晶片封測服務,3711,日月光投控,2019,1,income_statement,營業費用,9091752,"9,091,752",sii,https://mopsov.twse.com.tw/mops/web/ajax_t163sb04
上游,晶片封測服務,3711,日月光投控,2019,1,income_statement,其他收益及費損淨額,,--,sii,https://mopsov.twse.com.tw/mops/web/ajax_t163sb04
上游,晶片封測服務,3711,日月光投控,2019,1,income_statement,營業利益（損失）,2293129,"2,293,129",sii,https://mopsov.twse.com.tw/mops/web/ajax_t163sb04
上游,晶片封測服務,3711,日月光投控,2019,1,income_statement,營業外收入及支出,342066,"342,066",sii,https://mopsov.twse.com.tw/mops/web/ajax_t163sb04
上游,晶片封測服務,3711,日月光投控,2019,1,income_statement,稅前淨利（淨損）,2635195,"2,635,195",sii,https://mopsov.twse.com.tw/mops/web/ajax_t163sb04
上游,晶片封測服務,3711,日月光投控,2019,1,income_statement,所得稅費用（利益）,404891,"404,891",sii,https://mopsov.twse.com.tw/mops/web/ajax_t163sb04
上游,晶片封測服務,3711,日月光投控,2019,1,income_statement,繼續營業單位本期淨利（淨損）,2230304,"2,230,304",sii,https://mopsov.twse.com.tw/mops/web/ajax_t163sb04
上游,晶片封測服務,3711,日月光投控,2019,1,income_statement,停業單位損益,,--,sii,https://mopsov.twse.com.tw/mops/web/ajax_t163sb04
上游,晶片封測服務,3711,日月光投控,2019,1,income_statement,合併前非屬共同控制股權損益,,--,sii,https://mopsov.twse.com.tw/mops/web/ajax_t163sb04
上游,晶片封測服務,3711,日月光投控,2019,1,income_statement,本期淨利（淨損）,2230304,"2,230,304",sii,https://mopsov.twse.com.tw/mops/web/ajax_t163sb04
上游,晶片封測服務,3711,日月光投控,2019,1,income_statement,其他綜合損益（淨額）,2737317,"2,737,317",sii,https://mopsov.twse.com.tw/mops/web/ajax_t163sb04
上游,晶片封測服務,3711,日月光投控,2019,1,income_statement,合併前非屬共同控制股權綜合損益淨額,,--,sii,https://mopsov.twse.com.tw/mops/web/ajax_t163sb04
上游,晶片封測服務,3711,日月光投控,2019,1,income_statement,本期綜合損益總額,4967621,"4,967,621",sii,https://mopsov.twse.com.tw/mops/web/ajax_t163sb04
上游,晶片封測服務,3711,日月光投控,2019,1,income_statement,淨利（淨損）歸屬於母公司業主,2042953,"2,042,953",sii,https://mopsov.twse.com.tw/mops/web/ajax_t163sb04
上游,晶片封測服務,3711,日月光投控,2019,1,income_statement,淨利（淨損）歸屬於共同控制下前手權益,,--,sii,https://mopsov.twse.com.tw/mops/web/ajax_t163sb04
上游,晶片封測服務,3711,日月光投控,2019,1,income_statement,淨利（淨損）歸屬於非控制權益,187351,"187,351",sii,https://mopsov.twse.com.tw/mops/web/ajax_t163sb04
上游,晶片封測服務,3711,日月光投控,2019,1,income_statement,綜合損益總額歸屬於母公司業主,4492494,"4,492,494",sii,https://mopsov.twse.com.tw/mops/web/ajax_t163sb04
上游,晶片封測服務,3711,日月光投控,2019,1,income_statement,綜合損益總額歸屬於共同控制下前手權益,,--,sii,https://mopsov.twse.com.tw/mops/web/ajax_t163sb04
上游,晶片封測服務,3711,日月光投控,2019,1,income_statement,綜合損益總額歸屬於非控制權益,475127,"475,127",sii,https://mopsov.twse.com.tw/mops/web/ajax_t163sb04
上游,晶片封測服務,3711,日月光投控,2019,1,income_statement,基本每股盈餘（元）,0.48,0.48,sii,https://mopsov.twse.com.tw/mops/web/ajax_t163sb04
上游,晶片封測服務,2449,京元電子,2019,1,balance_sheet,流動資產,11800803,"11,800,803",sii,https://mopsov.twse.com.tw/mops/web/ajax_t163sb05
上游,晶片封測服務,2449,京元電子,2019,1,balance_sheet,非流動資產,35611556,"35,611,556",sii,https://mopsov.twse.com.tw/mops/web/ajax_t163sb05
上游,晶片封測服務,2449,京元電子,2019,1,balance_sheet,資產總計,47412359,"47,412,359",sii,https://mopsov.twse.com.tw/mops/web/ajax_t163sb05
上游,晶片封測服務,2449,京元電子,2019,1,balance_sheet,流動負債,4682699,"4,682,699",sii,https://mopsov.twse.com.tw/mops/web/ajax_t163sb05
上游,晶片封測服務,2449,京元電子,2019,1,balance_sheet,非流動負債,17634777,"17,634,777",sii,https://mopsov.twse.com.tw/mops/web/ajax_t163sb05
上游,晶片封測服務,2449,京元電子,2019,1,balance_sheet,負債總計,22317476,"22,317,476",sii,https://mopsov.twse.com.tw/mops/web/ajax_t163sb05
上游,晶片封測服務,2449,京元電子,2019,1,balance_sheet,股本,12227451,"12,227,451",sii,https://mopsov.twse.com.tw/mops/web/ajax_t163sb05
上游,晶片封測服務,2449,京元電子,2019,1,balance_sheet,資本公積,4843558,"4,843,558",sii,https://mopsov.twse.com.tw/mops/web/ajax_t163sb05
上游,晶片封測服務,2449,京元電子,2019,1,balance_sheet,保留盈餘,8587706,"8,587,706",sii,https://mopsov.twse.com.tw/mops/web/ajax_t163sb05
上游,晶片封測服務,2449,京元電子,2019,1,balance_sheet,其他權益,-570441,"-570,441",sii,https://mopsov.twse.com.tw/mops/web/ajax_t163sb05
上游,晶片封測服務,2449,京元電子,2019,1,balance_sheet,庫藏股票,,--,sii,https://mopsov.twse.com.tw/mops/web/ajax_t163sb05
上游,晶片封測服務,2449,京元電子,2019,1,balance_sheet,歸屬於母公司業主之權益合計,25088274,"25,088,274",sii,https://mopsov.twse.com.tw/mops/web/ajax_t163sb05
上游,晶片封測服務,2449,京元電子,2019,1,balance_sheet,共同控制下前手權益,,--,sii,https://mopsov.twse.com.tw/mops/web/ajax_t163sb05
上游,晶片封測服務,2449,京元電子,2019,1,balance_sheet,合併前非屬共同控制股權,,--,sii,https://mopsov.twse.com.tw/mops/web/ajax_t163sb05
上游,晶片封測服務,2449,京元電子,2019,1,balance_sheet,非控制權益,6609,"6,609",sii,https://mopsov.twse.com.tw/mops/web/ajax_t163sb05
上游,晶片封測服務,2449,京元電子,2019,1,balance_sheet,權益總計,25094883,"25,094,883",sii,https://mopsov.twse.com.tw/mops/web/ajax_t163sb05
上游,晶片封測服務,2449,京元電子,2019,1,balance_sheet,待註銷股本股數（單位：股）,,--,sii,https://mopsov.twse.com.tw/mops/web/ajax_t163sb05
上游,晶片封測服務,2449,京元電子,2019,1,balance_sheet,預收股款（權益項下）之約當發行股數（單位：股）,0,0,sii,https://mopsov.twse.com.tw/mops/web/ajax_t163sb05
上游,晶片封測服務,2449,京元電子,2019,1,balance_sheet,母公司暨子公司所持有之母公司庫藏股股數（單位：股）,0,0,sii,https://mopsov.twse.com.tw/mops/web/ajax_t163sb05
上游,晶片封測服務,2449,京元電子,2019,1,balance_sheet,每股參考淨值,20.52,20.52,sii,https://mopsov.twse.com.tw/mops/web/ajax_t163sb05
上游,晶片封測服務,3711,日月光投控,2019,1,balance_sheet,流動資產,188832821,"188,832,821",sii,https://mopsov.twse.com.tw/mops/web/ajax_t163sb05
上游,晶片封測服務,3711,日月光投控,2019,1,balance_sheet,非流動資產,336489107,"336,489,107",sii,https://mopsov.twse.com.tw/mops/web/ajax_t163sb05
上游,晶片封測服務,3711,日月光投控,2019,1,balance_sheet,資產總計,525321928,"525,321,928",sii,https://mopsov.twse.com.tw/mops/web/ajax_t163sb05
上游,晶片封測服務,3711,日月光投控,2019,1,balance_sheet,流動負債,153022070,"153,022,070",sii,https://mopsov.twse.com.tw/mops/web/ajax_t163sb05
上游,晶片封測服務,3711,日月光投控,2019,1,balance_sheet,非流動負債,146403224,"146,403,224",sii,https://mopsov.twse.com.tw/mops/web/ajax_t163sb05
上游,晶片封測服務,3711,日月光投控,2019,1,balance_sheet,負債總計,299425294,"299,425,294",sii,https://mopsov.twse.com.tw/mops/web/ajax_t163sb05
上游,晶片封測服務,3711,日月光投控,2019,1,balance_sheet,股本,43227328,"43,227,328",sii,https://mopsov.twse.com.tw/mops/web/ajax_t163sb05
上游,晶片封測服務,3711,日月光投控,2019,1,balance_sheet,資本公積,143515159,"143,515,159",sii,https://mopsov.twse.com.tw/mops/web/ajax_t163sb05
上游,晶片封測服務,3711,日月光投控,2019,1,balance_sheet,保留盈餘,27436983,"27,436,983",sii,https://mopsov.twse.com.tw/mops/web/ajax_t163sb05
上游,晶片封測服務,3711,日月光投控,2019,1,balance_sheet,其他權益,-4454385,"-4,454,385",sii,https://mopsov.twse.com.tw/mops/web/ajax_t163sb05
上游,晶片封測服務,3711,日月光投控,2019,1,balance_sheet,庫藏股票,-1959107,"-1,959,107",sii,https://mopsov.twse.com.tw/mops/web/ajax_t163sb05
上游,晶片封測服務,3711,日月光投控,2019,1,balance_sheet,歸屬於母公司業主之權益合計,207765978,"207,765,978",sii,https://mopsov.twse.com.tw/mops/web/ajax_t163sb05
上游,晶片封測服務,3711,日月光投控,2019,1,balance_sheet,共同控制下前手權益,,--,sii,https://mopsov.twse.com.tw/mops/web/ajax_t163sb05
上游,晶片封測服務,3711,日月光投控,2019,1,balance_sheet,合併前非屬共同控制股權,,--,sii,https://mopsov.twse.com.tw/mops/web/ajax_t163sb05
上游,晶片封測服務,3711,日月光投控,2019,1,balance_sheet,非控制權益,18130656,"18,130,656",sii,https://mopsov.twse.com.tw/mops/web/ajax_t163sb05
上游,晶片封測服務,3711,日月光投控,2019,1,balance_sheet,權益總計,225896634,"225,896,634",sii,https://mopsov.twse.com.tw/mops/web/ajax_t163sb05
上游,晶片封測服務,3711,日月光投控,2019,1,balance_sheet,待註銷股本股數（單位：股）,,--,sii,https://mopsov.twse.com.tw/mops/web/ajax_t163sb05
上游,晶片封測服務,3711,日月光投控,2019,1,balance_sheet,預收股款（權益項下）之約當發行股數（單位：股）,1103350,"1,103,350",sii,https://mopsov.twse.com.tw/mops/web/ajax_t163sb05
上游,晶片封測服務,3711,日月光投控,2019,1,balance_sheet,母公司暨子公司所持有之母公司庫藏股股數（單位：股）,72941505,"72,941,505",sii,https://mopsov.twse.com.tw/mops/web/ajax_t163sb05
上游,晶片封測服務,3711,日月光投控,2019,1,balance_sheet,每股參考淨值,48.89,48.89,sii,https://mopsov.twse.com.tw/mops/web/ajax_t163sb05
上游,晶片封測服務,2449,京元電子,2019,1,cash_flow,營業活動之淨現金流入（流出）,2063720,"2,063,720",sii,https://mopsov.twse.com.tw/mops/web/ajax_t163sb20
上游,晶片封測服務,2449,京元電子,2019,1,cash_flow,投資活動之淨現金流入（流出）,-2161038,"-2,161,038",sii,https://mopsov.twse.com.tw/mops/web/ajax_t163sb20
上游,晶片封測服務,2449,京元電子,2019,1,cash_flow,籌資活動之淨現金流入（流出）,-217927,"-217,927",sii,https://mopsov.twse.com.tw/mops/web/ajax_t163sb20
上游,晶片封測服務,2449,京元電子,2019,1,cash_flow,匯率變動對現金及約當現金之影響,22923,"22,923",sii,https://mopsov.twse.com.tw/mops/web/ajax_t163sb20
上游,晶片封測服務,2449,京元電子,2019,1,cash_flow,本期現金及約當現金增加（減少）數,-292322,"-292,322",sii,https://mopsov.twse.com.tw/mops/web/ajax_t163sb20
上游,晶片封測服務,2449,京元電子,2019,1,cash_flow,期初現金及約當現金餘額,4786626,"4,786,626",sii,https://mopsov.twse.com.tw/mops/web/ajax_t163sb20
上游,晶片封測服務,2449,京元電子,2019,1,cash_flow,期末現金及約當現金餘額,4494304,"4,494,304",sii,https://mopsov.twse.com.tw/mops/web/ajax_t163sb20
上游,晶片封測服務,3711,日月光投控,2019,1,cash_flow,營業活動之淨現金流入（流出）,16017466,"16,017,466",sii,https://mopsov.twse.com.tw/mops/web/ajax_t163sb20
上游,晶片封測服務,3711,日月光投控,2019,1,cash_flow,投資活動之淨現金流入（流出）,-6128025,"-6,128,025",sii,https://mopsov.twse.com.tw/mops/web/ajax_t163sb20
上游,晶片封測服務,3711,日月光投控,2019,1,cash_flow,籌資活動之淨現金流入（流出）,-3324395,"-3,324,395",sii,https://mopsov.twse.com.tw/mops/web/ajax_t163sb20
上游,晶片封測服務,3711,日月光投控,2019,1,cash_flow,匯率變動對現金及約當現金之影響,1233094,"1,233,094",sii,https://mopsov.twse.com.tw/mops/web/ajax_t163sb20
上游,晶片封測服務,3711,日月光投控,2019,1,cash_flow,本期現金及約當現金增加（減少）數,7798140,"7,798,140",sii,https://mopsov.twse.com.tw/mops/web/ajax_t163sb20
上游,晶片封測服務,3711,日月光投控,2019,1,cash_flow,期初現金及約當現金餘額,51518436,"51,518,436",sii,https://mopsov.twse.com.tw/mops/web/ajax_t163sb20
上游,晶片封測服務,3711,日月光投控,2019,1,cash_flow,期末現金及約當現金餘額,59316576,"59,316,576",sii,https://mopsov.twse.com.tw/mops/web/ajax_t163sb20
上游,晶片封測服務,2449,京元電子,2019,2,income_statement,營業收入,11351086,"11,351,086",sii,https://mopsov.twse.com.tw/mops/web/ajax_t163sb04
上游,晶片封測服務,2449,京元電子,2019,2,income_statement,營業成本,8713872,"8,713,872",sii,https://mopsov.twse.com.tw/mops/web/ajax_t163sb04
上游,晶片封測服務,2449,京元電子,2019,2,income_statement,原始認列生物資產及農產品之利益（損失）,,--,sii,https://mopsov.twse.com.tw/mops/web/ajax_t163sb04
上游,晶片封測服務,2449,京元電子,2019,2,income_statement,生物資產當期公允價值減出售成本之變動利益（損失）,,--,sii,https://mopsov.twse.com.tw/mops/web/ajax_t163sb04
上游,晶片封測服務,2449,京元電子,2019,2,income_statement,營業毛利（毛損）,2637214,"2,637,214",sii,https://mopsov.twse.com.tw/mops/web/ajax_t163sb04
上游,晶片封測服務,2449,京元電子,2019,2,income_statement,未實現銷貨（損）益,,--,sii,https://mopsov.twse.com.tw/mops/web/ajax_t163sb04
上游,晶片封測服務,2449,京元電子,2019,2,income_statement,已實現銷貨（損）益,,--,sii,https://mopsov.twse.com.tw/mops/web/ajax_t163sb04
上游,晶片封測服務,2449,京元電子,2019,2,income_statement,營業毛利（毛損）淨額,2637214,"2,637,214",sii,https://mopsov.twse.com.tw/mops/web/ajax_t163sb04
上游,晶片封測服務,2449,京元電子,2019,2,income_statement,營業費用,1378924,"1,378,924",sii,https://mopsov.twse.com.tw/mops/web/ajax_t163sb04
上游,晶片封測服務,2449,京元電子,2019,2,income_statement,其他收益及費損淨額,,--,sii,https://mopsov.twse.com.tw/mops/web/ajax_t163sb04
上游,晶片封測服務,2449,京元電子,2019,2,income_statement,營業利益（損失）,1258290,"1,258,290",sii,https://mopsov.twse.com.tw/mops/web/ajax_t163sb04
上游,晶片封測服務,2449,京元電子,2019,2,income_statement,營業外收入及支出,-3265,"-3,265",sii,https://mopsov.twse.com.tw/mops/web/ajax_t163sb04
上游,晶片封測服務,2449,京元電子,2019,2,income_statement,稅前淨利（淨損）,1255025,"1,255,025",sii,https://mopsov.twse.com.tw/mops/web/ajax_t163sb04
上游,晶片封測服務,2449,京元電子,2019,2,income_statement,所得稅費用（利益）,270757,"270,757",sii,https://mopsov.twse.com.tw/mops/web/ajax_t163sb04
上游,晶片封測服務,2449,京元電子,2019,2,income_statement,繼續營業單位本期淨利（淨損）,984268,"984,268",sii,https://mopsov.twse.com.tw/mops/web/ajax_t163sb04
上游,晶片封測服務,2449,京元電子,2019,2,income_statement,停業單位損益,,--,sii,https://mopsov.twse.com.tw/mops/web/ajax_t163sb04
上游,晶片封測服務,2449,京元電子,2019,2,income_statement,合併前非屬共同控制股權損益,,--,sii,https://mopsov.twse.com.tw/mops/web/ajax_t163sb04
上游,晶片封測服務,2449,京元電子,2019,2,income_statement,本期淨利（淨損）,984268,"984,268",sii,https://mopsov.twse.com.tw/mops/web/ajax_t163sb04
上游,晶片封測服務,2449,京元電子,2019,2,income_statement,其他綜合損益（淨額）,280130,"280,130",sii,https://mopsov.twse.com.tw/mops/web/ajax_t163sb04
上游,晶片封測服務,2449,京元電子,2019,2,income_statement,合併前非屬共同控制股權綜合損益淨額,,--,sii,https://mopsov.twse.com.tw/mops/web/ajax_t163sb04
上游,晶片封測服務,2449,京元電子,2019,2,income_statement,本期綜合損益總額,1264398,"1,264,398",sii,https://mopsov.twse.com.tw/mops/web/ajax_t163sb04
上游,晶片封測服務,2449,京元電子,2019,2,income_statement,淨利（淨損）歸屬於母公司業主,984243,"984,243",sii,https://mopsov.twse.com.tw/mops/web/ajax_t163sb04
上游,晶片封測服務,2449,京元電子,2019,2,income_statement,淨利（淨損）歸屬於共同控制下前手權益,,--,sii,https://mopsov.twse.com.tw/mops/web/ajax_t163sb04
上游,晶片封測服務,2449,京元電子,2019,2,income_statement,淨利（淨損）歸屬於非控制權益,25,25,sii,https://mopsov.twse.com.tw/mops/web/ajax_t163sb04
上游,晶片封測服務,2449,京元電子,2019,2,income_statement,綜合損益總額歸屬於母公司業主,1264148,"1,264,148",sii,https://mopsov.twse.com.tw/mops/web/ajax_t163sb04
上游,晶片封測服務,2449,京元電子,2019,2,income_statement,綜合損益總額歸屬於共同控制下前手權益,,--,sii,https://mopsov.twse.com.tw/mops/web/ajax_t163sb04
上游,晶片封測服務,2449,京元電子,2019,2,income_statement,綜合損益總額歸屬於非控制權益,250,250,sii,https://mopsov.twse.com.tw/mops/web/ajax_t163sb04
上游,晶片封測服務,2449,京元電子,2019,2,income_statement,基本每股盈餘（元）,0.8,0.80,sii,https://mopsov.twse.com.tw/mops/web/ajax_t163sb04
上游,晶片封測服務,3711,日月光投控,2019,2,income_statement,營業收入,179602355,"179,602,355",sii,https://mopsov.twse.com.tw/mops/web/ajax_t163sb04
上游,晶片封測服務,3711,日月光投控,2019,2,income_statement,營業成本,154248407,"154,248,407",sii,https://mopsov.twse.com.tw/mops/web/ajax_t163sb04
上游,晶片封測服務,3711,日月光投控,2019,2,income_statement,原始認列生物資產及農產品之利益（損失）,,--,sii,https://mopsov.twse.com.tw/mops/web/ajax_t163sb04
上游,晶片封測服務,3711,日月光投控,2019,2,income_statement,生物資產當期公允價值減出售成本之變動利益（損失）,,--,sii,https://mopsov.twse.com.tw/mops/web/ajax_t163sb04
上游,晶片封測服務,3711,日月光投控,2019,2,income_statement,營業毛利（毛損）,25353948,"25,353,948",sii,https://mopsov.twse.com.tw/mops/web/ajax_t163sb04
上游,晶片封測服務,3711,日月光投控,2019,2,income_statement,未實現銷貨（損）益,,--,sii,https://mopsov.twse.com.tw/mops/web/ajax_t163sb04
上游,晶片封測服務,3711,日月光投控,2019,2,income_statement,已實現銷貨（損）益,,--,sii,https://mopsov.twse.com.tw/mops/web/ajax_t163sb04
上游,晶片封測服務,3711,日月光投控,2019,2,income_statement,營業毛利（毛損）淨額,25353948,"25,353,948",sii,https://mopsov.twse.com.tw/mops/web/ajax_t163sb04
上游,晶片封測服務,3711,日月光投控,2019,2,income_statement,營業費用,18917970,"18,917,970",sii,https://mopsov.twse.com.tw/mops/web/ajax_t163sb04
上游,晶片封測服務,3711,日月光投控,2019,2,income_statement,其他收益及費損淨額,,--,sii,https://mopsov.twse.com.tw/mops/web/ajax_t163sb04
上游,晶片封測服務,3711,日月光投控,2019,2,income_statement,營業利益（損失）,6435978,"6,435,978",sii,https://mopsov.twse.com.tw/mops/web/ajax_t163sb04
上游,晶片封測服務,3711,日月光投控,2019,2,income_statement,營業外收入及支出,623170,"623,170",sii,https://mopsov.twse.com.tw/mops/web/ajax_t163sb04
上游,晶片封測服務,3711,日月光投控,2019,2,income_statement,稅前淨利（淨損）,7059148,"7,059,148",sii,https://mopsov.twse.com.tw/mops/web/ajax_t163sb04
上游,晶片封測服務,3711,日月光投控,2019,2,income_statement,所得稅費用（利益）,2028481,"2,028,481",sii,https://mopsov.twse.com.tw/mops/web/ajax_t163sb04
上游,晶片封測服務,3711,日月光投控,2019,2,income_statement,繼續營業單位本期淨利（淨損）,5030667,"5,030,667",sii,https://mopsov.twse.com.tw/mops/web/ajax_t163sb04
上游,晶片封測服務,3711,日月光投控,2019,2,income_statement,停業單位損益,,--,sii,https://mopsov.twse.com.tw/mops/web/ajax_t163sb04
上游,晶片封測服務,3711,日月光投控,2019,2,income_statement,合併前非屬共同控制股權損益,,--,sii,https://mopsov.twse.com.tw/mops/web/ajax_t163sb04
上游,晶片封測服務,3711,日月光投控,2019,2,income_statement,本期淨利（淨損）,5030667,"5,030,667",sii,https://mopsov.twse.com.tw/mops/web/ajax_t163sb04
上游,晶片封測服務,3711,日月光投控,2019,2,income_statement,其他綜合損益（淨額）,2181470,"2,181,470",sii,https://mopsov.twse.com.tw/mops/web/ajax_t163sb04
上游,晶片封測服務,3711,日月光投控,2019,2,income_statement,合併前非屬共同控制股權綜合損益淨額,,--,sii,https://mopsov.twse.com.tw/mops/web/ajax_t163sb04
上游,晶片封測服務,3711,日月光投控,2019,2,income_statement,本期綜合損益總額,7212137,"7,212,137",sii,https://mopsov.twse.com.tw/mops/web/ajax_t163sb04
上游,晶片封測服務,3711,日月光投控,2019,2,income_statement,淨利（淨損）歸屬於母公司業主,4732990,"4,732,990",sii,https://mopsov.twse.com.tw/mops/web/ajax_t163sb04
上游,晶片封測服務,3711,日月光投控,2019,2,income_statement,淨利（淨損）歸屬於共同控制下前手權益,,--,sii,https://mopsov.twse.com.tw/mops/web/ajax_t163sb04
上游,晶片封測服務,3711,日月光投控,2019,2,income_statement,淨利（淨損）歸屬於非控制權益,297677,"297,677",sii,https://mopsov.twse.com.tw/mops/web/ajax_t163sb04
上游,晶片封測服務,3711,日月光投控,2019,2,income_statement,綜合損益總額歸屬於母公司業主,6755778,"6,755,778",sii,https://mopsov.twse.com.tw/mops/web/ajax_t163sb04
上游,晶片封測服務,3711,日月光投控,2019,2,income_statement,綜合損益總額歸屬於共同控制下前手權益,,--,sii,https://mopsov.twse.com.tw/mops/web/ajax_t163sb04
上游,晶片封測服務,3711,日月光投控,2019,2,income_statement,綜合損益總額歸屬於非控制權益,456359,"456,359",sii,https://mopsov.twse.com.tw/mops/web/ajax_t163sb04
上游,晶片封測服務,3711,日月光投控,2019,2,income_statement,基本每股盈餘（元）,1.11,1.11,sii,https://mopsov.twse.com.tw/mops/web/ajax_t163sb04
上游,晶片封測服務,2449,京元電子,2019,2,balance_sheet,流動資產,13743992,"13,743,992",sii,https://mopsov.twse.com.tw/mops/web/ajax_t163sb05
上游,晶片封測服務,2449,京元電子,2019,2,balance_sheet,非流動資產,37698598,"37,698,598",sii,https://mopsov.twse.com.tw/mops/web/ajax_t163sb05
上游,晶片封測服務,2449,京元電子,2019,2,balance_sheet,資產總計,51442590,"51,442,590",sii,https://mopsov.twse.com.tw/mops/web/ajax_t163sb05
上游,晶片封測服務,2449,京元電子,2019,2,balance_sheet,流動負債,7702054,"7,702,054",sii,https://mopsov.twse.com.tw/mops/web/ajax_t163sb05
上游,晶片封測服務,2449,京元電子,2019,2,balance_sheet,非流動負債,19644062,"19,644,062",sii,https://mopsov.twse.com.tw/mops/web/ajax_t163sb05
上游,晶片封測服務,2449,京元電子,2019,2,balance_sheet,負債總計,27346116,"27,346,116",sii,https://mopsov.twse.com.tw/mops/web/ajax_t163sb05
上游,晶片封測服務,2449,京元電子,2019,2,balance_sheet,股本,12227451,"12,227,451",sii,https://mopsov.twse.com.tw/mops/web/ajax_t163sb05
上游,晶片封測服務,2449,京元電子,2019,2,balance_sheet,資本公積,4843558,"4,843,558",sii,https://mopsov.twse.com.tw/mops/web/ajax_t163sb05
上游,晶片封測服務,2449,京元電子,2019,2,balance_sheet,保留盈餘,7541834,"7,541,834",sii,https://mopsov.twse.com.tw/mops/web/ajax_t163sb05
上游,晶片封測服務,2449,京元電子,2019,2,balance_sheet,其他權益,-523268,"-523,268",sii,https://mopsov.twse.com.tw/mops/web/ajax_t163sb05
上游,晶片封測服務,2449,京元電子,2019,2,balance_sheet,庫藏股票,,--,sii,https://mopsov.twse.com.tw/mops/web/ajax_t163sb05
上游,晶片封測服務,2449,京元電子,2019,2,balance_sheet,歸屬於母公司業主之權益合計,24089575,"24,089,575",sii,https://mopsov.twse.com.tw/mops/web/ajax_t163sb05
上游,晶片封測服務,2449,京元電子,2019,2,balance_sheet,共同控制下前手權益,,--,sii,https://mopsov.twse.com.tw/mops/web/ajax_t163sb05
上游,晶片封測服務,2449,京元電子,2019,2,balance_sheet,合併前非屬共同控制股權,,--,sii,https://mopsov.twse.com.tw/mops/web/ajax_t163sb05
上游,晶片封測服務,2449,京元電子,2019,2,balance_sheet,非控制權益,6899,"6,899",sii,https://mopsov.twse.com.tw/mops/web/ajax_t163sb05
上游,晶片封測服務,2449,京元電子,2019,2,balance_sheet,權益總計,24096474,"24,096,474",sii,https://mopsov.twse.com.tw/mops/web/ajax_t163sb05
上游,晶片封測服務,2449,京元電子,2019,2,balance_sheet,待註銷股本股數（單位：股）,,--,sii,https://mopsov.twse.com.tw/mops/web/ajax_t163sb05
上游,晶片封測服務,2449,京元電子,2019,2,balance_sheet,預收股款（權益項下）之約當發行股數（單位：股）,0,0,sii,https://mopsov.twse.com.tw/mops/web/ajax_t163sb05
上游,晶片封測服務,2449,京元電子,2019,2,balance_sheet,母公司暨子公司所持有之母公司庫藏股股數（單位：股）,0,0,sii,https://mopsov.twse.com.tw/mops/web/ajax_t163sb05
上游,晶片封測服務,2449,京元電子,2019,2,balance_sheet,每股參考淨值,19.7,19.70,sii,https://mopsov.twse.com.tw/mops/web/ajax_t163sb05
上游,晶片封測服務,3711,日月光投控,2019,2,balance_sheet,流動資產,191663224,"191,663,224",sii,https://mopsov.twse.com.tw/mops/web/ajax_t163sb05
上游,晶片封測服務,3711,日月光投控,2019,2,balance_sheet,非流動資產,343174648,"343,174,648",sii,https://mopsov.twse.com.tw/mops/web/ajax_t163sb05
上游,晶片封測服務,3711,日月光投控,2019,2,balance_sheet,資產總計,534837872,"534,837,872",sii,https://mopsov.twse.com.tw/mops/web/ajax_t163sb05
上游,晶片封測服務,3711,日月光投控,2019,2,balance_sheet,流動負債,160492908,"160,492,908",sii,https://mopsov.twse.com.tw/mops/web/ajax_t163sb05
上游,晶片封測服務,3711,日月光投控,2019,2,balance_sheet,非流動負債,156840253,"156,840,253",sii,https://mopsov.twse.com.tw/mops/web/ajax_t163sb05
上游,晶片封測服務,3711,日月光投控,2019,2,balance_sheet,負債總計,317333161,"317,333,161",sii,https://mopsov.twse.com.tw/mops/web/ajax_t163sb05
上游,晶片封測服務,3711,日月光投控,2019,2,balance_sheet,股本,43237789,"43,237,789",sii,https://mopsov.twse.com.tw/mops/web/ajax_t163sb05
上游,晶片封測服務,3711,日月光投控,2019,2,balance_sheet,資本公積,143582210,"143,582,210",sii,https://mopsov.twse.com.tw/mops/web/ajax_t163sb05
上游,晶片封測服務,3711,日月光投控,2019,2,balance_sheet,保留盈餘,19419929,"19,419,929",sii,https://mopsov.twse.com.tw/mops/web/ajax_t163sb05
上游,晶片封測服務,3711,日月光投控,2019,2,balance_sheet,其他權益,-4979109,"-4,979,109",sii,https://mopsov.twse.com.tw/mops/web/ajax_t163sb05
上游,晶片封測服務,3711,日月光投控,2019,2,balance_sheet,庫藏股票,-1959107,"-1,959,107",sii,https://mopsov.twse.com.tw/mops/web/ajax_t163sb05
上游,晶片封測服務,3711,日月光投控,2019,2,balance_sheet,歸屬於母公司業主之權益合計,199301712,"199,301,712",sii,https://mopsov.twse.com.tw/mops/web/ajax_t163sb05
上游,晶片封測服務,3711,日月光投控,2019,2,balance_sheet,共同控制下前手權益,,--,sii,https://mopsov.twse.com.tw/mops/web/ajax_t163sb05
上游,晶片封測服務,3711,日月光投控,2019,2,balance_sheet,合併前非屬共同控制股權,,--,sii,https://mopsov.twse.com.tw/mops/web/ajax_t163sb05
上游,晶片封測服務,3711,日月光投控,2019,2,balance_sheet,非控制權益,18202999,"18,202,999",sii,https://mopsov.twse.com.tw/mops/web/ajax_t163sb05
上游,晶片封測服務,3711,日月光投控,2019,2,balance_sheet,權益總計,217504711,"217,504,711",sii,https://mopsov.twse.com.tw/mops/web/ajax_t163sb05
上游,晶片封測服務,3711,日月光投控,2019,2,balance_sheet,待註銷股本股數（單位：股）,,--,sii,https://mopsov.twse.com.tw/mops/web/ajax_t163sb05
上游,晶片封測服務,3711,日月光投控,2019,2,balance_sheet,預收股款（權益項下）之約當發行股數（單位：股）,1153200,"1,153,200",sii,https://mopsov.twse.com.tw/mops/web/ajax_t163sb05
上游,晶片封測服務,3711,日月光投控,2019,2,balance_sheet,母公司暨子公司所持有之母公司庫藏股股數（單位：股）,72941505,"72,941,505",sii,https://mopsov.twse.com.tw/mops/web/ajax_t163sb05
上游,晶片封測服務,3711,日月光投控,2019,2,balance_sheet,每股參考淨值,46.89,46.89,sii,https://mopsov.twse.com.tw/mops/web/ajax_t163sb05
上游,晶片封測服務,2449,京元電子,2019,2,cash_flow,營業活動之淨現金流入（流出）,3692972,"3,692,972",sii,https://mopsov.twse.com.tw/mops/web/ajax_t163sb20
上游,晶片封測服務,2449,京元電子,2019,2,cash_flow,投資活動之淨現金流入（流出）,-5120592,"-5,120,592",sii,https://mopsov.twse.com.tw/mops/web/ajax_t163sb20
上游,晶片封測服務,2449,京元電子,2019,2,cash_flow,籌資活動之淨現金流入（流出）,1918034,"1,918,034",sii,https://mopsov.twse.com.tw/mops/web/ajax_t163sb20
上游,晶片封測服務,2449,京元電子,2019,2,cash_flow,匯率變動對現金及約當現金之影響,13537,"13,537",sii,https://mopsov.twse.com.tw/mops/web/ajax_t163sb20
上游,晶片封測服務,2449,京元電子,2019,2,cash_flow,本期現金及約當現金增加（減少）數,503951,"503,951",sii,https://mopsov.twse.com.tw/mops/web/ajax_t163sb20
上游,晶片封測服務,2449,京元電子,2019,2,cash_flow,期初現金及約當現金餘額,4786626,"4,786,626",sii,https://mopsov.twse.com.tw/mops/web/ajax_t163sb20
上游,晶片封測服務,2449,京元電子,2019,2,cash_flow,期末現金及約當現金餘額,5290577,"5,290,577",sii,https://mopsov.twse.com.tw/mops/web/ajax_t163sb20
上游,晶片封測服務,3711,日月光投控,2019,2,cash_flow,營業活動之淨現金流入（流出）,27640575,"27,640,575",sii,https://mopsov.twse.com.tw/mops/web/ajax_t163sb20
上游,晶片封測服務,3711,日月光投控,2019,2,cash_flow,投資活動之淨現金流入（流出）,-18353053,"-18,353,053",sii,https://mopsov.twse.com.tw/mops/web/ajax_t163sb20
上游,晶片封測服務,3711,日月光投控,2019,2,cash_flow,籌資活動之淨現金流入（流出）,-6740621,"-6,740,621",sii,https://mopsov.twse.com.tw/mops/web/ajax_t163sb20
上游,晶片封測服務,3711,日月光投控,2019,2,cash_flow,匯率變動對現金及約當現金之影響,1025043,"1,025,043",sii,https://mopsov.twse.com.tw/mops/web/ajax_t163sb20
上游,晶片封測服務,3711,日月光投控,2019,2,cash_flow,本期現金及約當現金增加（減少）數,3571944,"3,571,944",sii,https://mopsov.twse.com.tw/mops/web/ajax_t163sb20
上游,晶片封測服務,3711,日月光投控,2019,2,cash_flow,期初現金及約當現金餘額,51518436,"51,518,436",sii,https://mopsov.twse.com.tw/mops/web/ajax_t163sb20
上游,晶片封測服務,3711,日月光投控,2019,2,cash_flow,期末現金及約當現金餘額,55090380,"55,090,380",sii,https://mopsov.twse.com.tw/mops/web/ajax_t163sb20
上游,晶片封測服務,2449,京元電子,2019,3,income_statement,營業收入,18392298,"18,392,298",sii,https://mopsov.twse.com.tw/mops/web/ajax_t163sb04
上游,晶片封測服務,2449,京元電子,2019,3,income_statement,營業成本,13574680,"13,574,680",sii,https://mopsov.twse.com.tw/mops/web/ajax_t163sb04
上游,晶片封測服務,2449,京元電子,2019,3,income_statement,原始認列生物資產及農產品之利益（損失）,,--,sii,https://mopsov.twse.com.tw/mops/web/ajax_t163sb04
上游,晶片封測服務,2449,京元電子,2019,3,income_statement,生物資產當期公允價值減出售成本之變動利益（損失）,,--,sii,https://mopsov.twse.com.tw/mops/web/ajax_t163sb04
上游,晶片封測服務,2449,京元電子,2019,3,income_statement,營業毛利（毛損）,4817618,"4,817,618",sii,https://mopsov.twse.com.tw/mops/web/ajax_t163sb04
上游,晶片封測服務,2449,京元電子,2019,3,income_statement,未實現銷貨（損）益,,--,sii,https://mopsov.twse.com.tw/mops/web/ajax_t163sb04
上游,晶片封測服務,2449,京元電子,2019,3,income_statement,已實現銷貨（損）益,,--,sii,https://mopsov.twse.com.tw/mops/web/ajax_t163sb04
上游,晶片封測服務,2449,京元電子,2019,3,income_statement,營業毛利（毛損）淨額,4817618,"4,817,618",sii,https://mopsov.twse.com.tw/mops/web/ajax_t163sb04
上游,晶片封測服務,2449,京元電子,2019,3,income_statement,營業費用,2166876,"2,166,876",sii,https://mopsov.twse.com.tw/mops/web/ajax_t163sb04
上游,晶片封測服務,2449,京元電子,2019,3,income_statement,其他收益及費損淨額,,--,sii,https://mopsov.twse.com.tw/mops/web/ajax_t163sb04
上游,晶片封測服務,2449,京元電子,2019,3,income_statement,營業利益（損失）,2650742,"2,650,742",sii,https://mopsov.twse.com.tw/mops/web/ajax_t163sb04
上游,晶片封測服務,2449,京元電子,2019,3,income_statement,營業外收入及支出,-58407,"-58,407",sii,https://mopsov.twse.com.tw/mops/web/ajax_t163sb04
上游,晶片封測服務,2449,京元電子,2019,3,income_statement,稅前淨利（淨損）,2592335,"2,592,335",sii,https://mopsov.twse.com.tw/mops/web/ajax_t163sb04
上游,晶片封測服務,2449,京元電子,2019,3,income_statement,所得稅費用（利益）,562402,"562,402",sii,https://mopsov.twse.com.tw/mops/web/ajax_t163sb04
上游,晶片封測服務,2449,京元電子,2019,3,income_statement,繼續營業單位本期淨利（淨損）,2029933,"2,029,933",sii,https://mopsov.twse.com.tw/mops/web/ajax_t163sb04
上游,晶片封測服務,2449,京元電子,2019,3,income_statement,停業單位損益,,--,sii,https://mopsov.twse.com.tw/mops/web/ajax_t163sb04
上游,晶片封測服務,2449,京元電子,2019,3,income_statement,合併前非屬共同控制股權損益,,--,sii,https://mopsov.twse.com.tw/mops/web/ajax_t163sb04
上游,晶片封測服務,2449,京元電子,2019,3,income_statement,本期淨利（淨損）,2029933,"2,029,933",sii,https://mopsov.twse.com.tw/mops/web/ajax_t163sb04
上游,晶片封測服務,2449,京元電子,2019,3,income_statement,其他綜合損益（淨額）,326788,"326,788",sii,https://mopsov.twse.com.tw/mops/web/ajax_t163sb04
上游,晶片封測服務,2449,京元電子,2019,3,income_statement,合併前非屬共同控制股權綜合損益淨額,,--,sii,https://mopsov.twse.com.tw/mops/web/ajax_t163sb04
上游,晶片封測服務,2449,京元電子,2019,3,income_statement,本期綜合損益總額,2356721,"2,356,721",sii,https://mopsov.twse.com.tw/mops/web/ajax_t163sb04
上游,晶片封測服務,2449,京元電子,2019,3,income_statement,淨利（淨損）歸屬於母公司業主,2029846,"2,029,846",sii,https://mopsov.twse.com.tw/mops/web/ajax_t163sb04
上游,晶片封測服務,2449,京元電子,2019,3,income_statement,淨利（淨損）歸屬於共同控制下前手權益,,--,sii,https://mopsov.twse.com.tw/mops/web/ajax_t163sb04
上游,晶片封測服務,2449,京元電子,2019,3,income_statement,淨利（淨損）歸屬於非控制權益,87,87,sii,https://mopsov.twse.com.tw/mops/web/ajax_t163sb04
上游,晶片封測服務,2449,京元電子,2019,3,income_statement,綜合損益總額歸屬於母公司業主,2356429,"2,356,429",sii,https://mopsov.twse.com.tw/mops/web/ajax_t163sb04
上游,晶片封測服務,2449,京元電子,2019,3,income_statement,綜合損益總額歸屬於共同控制下前手權益,,--,sii,https://mopsov.twse.com.tw/mops/web/ajax_t163sb04
上游,晶片封測服務,2449,京元電子,2019,3,income_statement,綜合損益總額歸屬於非控制權益,292,292,sii,https://mopsov.twse.com.tw/mops/web/ajax_t163sb04
上游,晶片封測服務,2449,京元電子,2019,3,income_statement,基本每股盈餘（元）,1.66,1.66,sii,https://mopsov.twse.com.tw/mops/web/ajax_t163sb04
上游,晶片封測服務,3711,日月光投控,2019,3,income_statement,營業收入,297159663,"297,159,663",sii,https://mopsov.twse.com.tw/mops/web/ajax_t163sb04
上游,晶片封測服務,3711,日月光投控,2019,3,income_statement,營業成本,252697420,"252,697,420",sii,https://mopsov.twse.com.tw/mops/web/ajax_t163sb04
上游,晶片封測服務,3711,日月光投控,2019,3,income_statement,原始認列生物資產及農產品之利益（損失）,,--,sii,https://mopsov.twse.com.tw/mops/web/ajax_t163sb04
上游,晶片封測服務,3711,日月光投控,2019,3,income_statement,生物資產當期公允價值減出售成本之變動利益（損失）,,--,sii,https://mopsov.twse.com.tw/mops/web/ajax_t163sb04
上游,晶片封測服務,3711,日月光投控,2019,3,income_statement,營業毛利（毛損）,44462243,"44,462,243",sii,https://mopsov.twse.com.tw/mops/web/ajax_t163sb04
上游,晶片封測服務,3711,日月光投控,2019,3,income_statement,未實現銷貨（損）益,,--,sii,https://mopsov.twse.com.tw/mops/web/ajax_t163sb04
上游,晶片封測服務,3711,日月光投控,2019,3,income_statement,已實現銷貨（損）益,,--,sii,https://mopsov.twse.com.tw/mops/web/ajax_t163sb04
上游,晶片封測服務,3711,日月光投控,2019,3,income_statement,營業毛利（毛損）淨額,44462243,"44,462,243",sii,https://mopsov.twse.com.tw/mops/web/ajax_t163sb04
上游,晶片封測服務,3711,日月光投控,2019,3,income_statement,營業費用,29640778,"29,640,778",sii,https://mopsov.twse.com.tw/mops/web/ajax_t163sb04
上游,晶片封測服務,3711,日月光投控,2019,3,income_statement,其他收益及費損淨額,,--,sii,https://mopsov.twse.com.tw/mops/web/ajax_t163sb04
上游,晶片封測服務,3711,日月光投控,2019,3,income_statement,營業利益（損失）,14821465,"14,821,465",sii,https://mopsov.twse.com.tw/mops/web/ajax_t163sb04
上游,晶片封測服務,3711,日月光投控,2019,3,income_statement,營業外收入及支出,-40955,"-40,955",sii,https://mopsov.twse.com.tw/mops/web/ajax_t163sb04
上游,晶片封測服務,3711,日月光投控,2019,3,income_statement,稅前淨利（淨損）,14780510,"14,780,510",sii,https://mopsov.twse.com.tw/mops/web/ajax_t163sb04
上游,晶片封測服務,3711,日月光投控,2019,3,income_statement,所得稅費用（利益）,3529821,"3,529,821",sii,https://mopsov.twse.com.tw/mops/web/ajax_t163sb04
上游,晶片封測服務,3711,日月光投控,2019,3,income_statement,繼續營業單位本期淨利（淨損）,11250689,"11,250,689",sii,https://mopsov.twse.com.tw/mops/web/ajax_t163sb04
上游,晶片封測服務,3711,日月光投控,2019,3,income_statement,停業單位損益,,--,sii,https://mopsov.twse.com.tw/mops/web/ajax_t163sb04
上游,晶片封測服務,3711,日月光投控,2019,3,income_statement,合併前非屬共同控制股權損益,,--,sii,https://mopsov.twse.com.tw/mops/web/ajax_t163sb04
上游,晶片封測服務,3711,日月光投控,2019,3,income_statement,本期淨利（淨損）,11250689,"11,250,689",sii,https://mopsov.twse.com.tw/mops/web/ajax_t163sb04
上游,晶片封測服務,3711,日月光投控,2019,3,income_statement,其他綜合損益（淨額）,-114963,"-114,963",sii,https://mopsov.twse.com.tw/mops/web/ajax_t163sb04
上游,晶片封測服務,3711,日月光投控,2019,3,income_statement,合併前非屬共同控制股權綜合損益淨額,,--,sii,https://mopsov.twse.com.tw/mops/web/ajax_t163sb04
上游,晶片封測服務,3711,日月光投控,2019,3,income_statement,本期綜合損益總額,11135726,"11,135,726",sii,https://mopsov.twse.com.tw/mops/web/ajax_t163sb04
上游,晶片封測服務,3711,日月光投控,2019,3,income_statement,淨利（淨損）歸屬於母公司業主,10466508,"10,466,508",sii,https://mopsov.twse.com.tw/mops/web/ajax_t163sb04
上游,晶片封測服務,3711,日月光投控,2019,3,income_statement,淨利（淨損）歸屬於共同控制下前手權益,,--,sii,https://mopsov.twse.com.tw/mops/web/ajax_t163sb04
上游,晶片封測服務,3711,日月光投控,2019,3,income_statement,淨利（淨損）歸屬於非控制權益,784181,"784,181",sii,https://mopsov.twse.com.tw/mops/web/ajax_t163sb04
上游,晶片封測服務,3711,日月光投控,2019,3,income_statement,綜合損益總額歸屬於母公司業主,10510657,"10,510,657",sii,https://mopsov.twse.com.tw/mops/web/ajax_t163sb04
上游,晶片封測服務,3711,日月光投控,2019,3,income_statement,綜合損益總額歸屬於共同控制下前手權益,,--,sii,https://mopsov.twse.com.tw/mops/web/ajax_t163sb04
上游,晶片封測服務,3711,日月光投控,2019,3,income_statement,綜合損益總額歸屬於非控制權益,625069,"625,069",sii,https://mopsov.twse.com.tw/mops/web/ajax_t163sb04
上游,晶片封測服務,3711,日月光投控,2019,3,income_statement,基本每股盈餘（元）,2.46,2.46,sii,https://mopsov.twse.com.tw/mops/web/ajax_t163sb04
上游,晶片封測服務,2449,京元電子,2019,3,balance_sheet,流動資產,13863812,"13,863,812",sii,https://mopsov.twse.com.tw/mops/web/ajax_t163sb05
上游,晶片封測服務,2449,京元電子,2019,3,balance_sheet,非流動資產,39838794,"39,838,794",sii,https://mopsov.twse.com.tw/mops/web/ajax_t163sb05
上游,晶片封測服務,2449,京元電子,2019,3,balance_sheet,資產總計,53702606,"53,702,606",sii,https://mopsov.twse.com.tw/mops/web/ajax_t163sb05
上游,晶片封測服務,2449,京元電子,2019,3,balance_sheet,流動負債,6664794,"6,664,794",sii,https://mopsov.twse.com.tw/mops/web/ajax_t163sb05
上游,晶片封測服務,2449,京元電子,2019,3,balance_sheet,非流動負債,21849015,"21,849,015",sii,https://mopsov.twse.com.tw/mops/web/ajax_t163sb05
上游,晶片封測服務,2449,京元電子,2019,3,balance_sheet,負債總計,28513809,"28,513,809",sii,https://mopsov.twse.com.tw/mops/web/ajax_t163sb05
上游,晶片封測服務,2449,京元電子,2019,3,balance_sheet,股本,12227451,"12,227,451",sii,https://mopsov.twse.com.tw/mops/web/ajax_t163sb05
上游,晶片封測服務,2449,京元電子,2019,3,balance_sheet,資本公積,4843558,"4,843,558",sii,https://mopsov.twse.com.tw/mops/web/ajax_t163sb05
上游,晶片封測服務,2449,京元電子,2019,3,balance_sheet,保留盈餘,8587437,"8,587,437",sii,https://mopsov.twse.com.tw/mops/web/ajax_t163sb05
上游,晶片封測服務,2449,京元電子,2019,3,balance_sheet,其他權益,-476590,"-476,590",sii,https://mopsov.twse.com.tw/mops/web/ajax_t163sb05
上游,晶片封測服務,2449,京元電子,2019,3,balance_sheet,庫藏股票,,--,sii,https://mopsov.twse.com.tw/mops/web/ajax_t163sb05
上游,晶片封測服務,2449,京元電子,2019,3,balance_sheet,歸屬於母公司業主之權益合計,25181856,"25,181,856",sii,https://mopsov.twse.com.tw/mops/web/ajax_t163sb05
上游,晶片封測服務,2449,京元電子,2019,3,balance_sheet,共同控制下前手權益,,--,sii,https://mopsov.twse.com.tw/mops/web/ajax_t163sb05
上游,晶片封測服務,2449,京元電子,2019,3,balance_sheet,合併前非屬共同控制股權,,--,sii,https://mopsov.twse.com.tw/mops/web/ajax_t163sb05
上游,晶片封測服務,2449,京元電子,2019,3,balance_sheet,非控制權益,6941,"6,941",sii,https://mopsov.twse.com.tw/mops/web/ajax_t163sb05
上游,晶片封測服務,2449,京元電子,2019,3,balance_sheet,權益總計,25188797,"25,188,797",sii,https://mopsov.twse.com.tw/mops/web/ajax_t163sb05
上游,晶片封測服務,2449,京元電子,2019,3,balance_sheet,待註銷股本股數（單位：股）,,--,sii,https://mopsov.twse.com.tw/mops/web/ajax_t163sb05
上游,晶片封測服務,2449,京元電子,2019,3,balance_sheet,預收股款（權益項下）之約當發行股數（單位：股）,0,0,sii,https://mopsov.twse.com.tw/mops/web/ajax_t163sb05
上游,晶片封測服務,2449,京元電子,2019,3,balance_sheet,母公司暨子公司所持有之母公司庫藏股股數（單位：股）,0,0,sii,https://mopsov.twse.com.tw/mops/web/ajax_t163sb05
上游,晶片封測服務,2449,京元電子,2019,3,balance_sheet,每股參考淨值,20.59,20.59,sii,https://mopsov.twse.com.tw/mops/web/ajax_t163sb05
上游,晶片封測服務,3711,日月光投控,2019,3,balance_sheet,流動資產,212444543,"212,444,543",sii,https://mopsov.twse.com.tw/mops/web/ajax_t163sb05
上游,晶片封測服務,3711,日月光投控,2019,3,balance_sheet,非流動資產,350533661,"350,533,661",sii,https://mopsov.twse.com.tw/mops/web/ajax_t163sb05
上游,晶片封測服務,3711,日月光投控,2019,3,balance_sheet,資產總計,562978204,"562,978,204",sii,https://mopsov.twse.com.tw/mops/web/ajax_t163sb05
上游,晶片封測服務,3711,日月光投控,2019,3,balance_sheet,流動負債,186427052,"186,427,052",sii,https://mopsov.twse.com.tw/mops/web/ajax_t163sb05
上游,晶片封測服務,3711,日月光投控,2019,3,balance_sheet,非流動負債,158136057,"158,136,057",sii,https://mopsov.twse.com.tw/mops/web/ajax_t163sb05
上游,晶片封測服務,3711,日月光投控,2019,3,balance_sheet,負債總計,344563109,"344,563,109",sii,https://mopsov.twse.com.tw/mops/web/ajax_t163sb05
上游,晶片封測服務,3711,日月光投控,2019,3,balance_sheet,股本,43254762,"43,254,762",sii,https://mopsov.twse.com.tw/mops/web/ajax_t163sb05
上游,晶片封測服務,3711,日月光投控,2019,3,balance_sheet,資本公積,142018802,"142,018,802",sii,https://mopsov.twse.com.tw/mops/web/ajax_t163sb05
上游,晶片封測服務,3711,日月光投控,2019,3,balance_sheet,保留盈餘,25320391,"25,320,391",sii,https://mopsov.twse.com.tw/mops/web/ajax_t163sb05
上游,晶片封測服務,3711,日月光投控,2019,3,balance_sheet,其他權益,-7124692,"-7,124,692",sii,https://mopsov.twse.com.tw/mops/web/ajax_t163sb05
上游,晶片封測服務,3711,日月光投控,2019,3,balance_sheet,庫藏股票,-1959107,"-1,959,107",sii,https://mopsov.twse.com.tw/mops/web/ajax_t163sb05
上游,晶片封測服務,3711,日月光投控,2019,3,balance_sheet,歸屬於母公司業主之權益合計,201510156,"201,510,156",sii,https://mopsov.twse.com.tw/mops/web/ajax_t163sb05
上游,晶片封測服務,3711,日月光投控,2019,3,balance_sheet,共同控制下前手權益,,--,sii,https://mopsov.twse.com.tw/mops/web/ajax_t163sb05
上游,晶片封測服務,3711,日月光投控,2019,3,balance_sheet,合併前非屬共同控制股權,,--,sii,https://mopsov.twse.com.tw/mops/web/ajax_t163sb05
上游,晶片封測服務,3711,日月光投控,2019,3,balance_sheet,非控制權益,16904939,"16,904,939",sii,https://mopsov.twse.com.tw/mops/web/ajax_t163sb05
上游,晶片封測服務,3711,日月光投控,2019,3,balance_sheet,權益總計,218415095,"218,415,095",sii,https://mopsov.twse.com.tw/mops/web/ajax_t163sb05
上游,晶片封測服務,3711,日月光投控,2019,3,balance_sheet,待註銷股本股數（單位：股）,,--,sii,https://mopsov.twse.com.tw/mops/web/ajax_t163sb05
上游,晶片封測服務,3711,日月光投控,2019,3,balance_sheet,預收股款（權益項下）之約當發行股數（單位：股）,1708300,"1,708,300",sii,https://mopsov.twse.com.tw/mops/web/ajax_t163sb05
上游,晶片封測服務,3711,日月光投控,2019,3,balance_sheet,母公司暨子公司所持有之母公司庫藏股股數（單位：股）,72941505,"72,941,505",sii,https://mopsov.twse.com.tw/mops/web/ajax_t163sb05
上游,晶片封測服務,3711,日月光投控,2019,3,balance_sheet,每股參考淨值,47.39,47.39,sii,https://mopsov.twse.com.tw/mops/web/ajax_t163sb05
上游,晶片封測服務,2449,京元電子,2019,3,cash_flow,營業活動之淨現金流入（流出）,7355066,"7,355,066",sii,https://mopsov.twse.com.tw/mops/web/ajax_t163sb20
上游,晶片封測服務,2449,京元電子,2019,3,cash_flow,投資活動之淨現金流入（流出）,-9176746,"-9,176,746",sii,https://mopsov.twse.com.tw/mops/web/ajax_t163sb20
上游,晶片封測服務,2449,京元電子,2019,3,cash_flow,籌資活動之淨現金流入（流出）,2654120,"2,654,120",sii,https://mopsov.twse.com.tw/mops/web/ajax_t163sb20
上游,晶片封測服務,2449,京元電子,2019,3,cash_flow,匯率變動對現金及約當現金之影響,-27920,"-27,920",sii,https://mopsov.twse.com.tw/mops/web/ajax_t163sb20
上游,晶片封測服務,2449,京元電子,2019,3,cash_flow,本期現金及約當現金增加（減少）數,804520,"804,520",sii,https://mopsov.twse.com.tw/mops/web/ajax_t163sb20
上游,晶片封測服務,2449,京元電子,2019,3,cash_flow,期初現金及約當現金餘額,4786626,"4,786,626",sii,https://mopsov.twse.com.tw/mops/web/ajax_t163sb20
上游,晶片封測服務,2449,京元電子,2019,3,cash_flow,期末現金及約當現金餘額,5591146,"5,591,146",sii,https://mopsov.twse.com.tw/mops/web/ajax_t163sb20
上游,晶片封測服務,3711,日月光投控,2019,3,cash_flow,營業活動之淨現金流入（流出）,40719570,"40,719,570",sii,https://mopsov.twse.com.tw/mops/web/ajax_t163sb20
上游,晶片封測服務,3711,日月光投控,2019,3,cash_flow,投資活動之淨現金流入（流出）,-36636030,"-36,636,030",sii,https://mopsov.twse.com.tw/mops/web/ajax_t163sb20
上游,晶片封測服務,3711,日月光投控,2019,3,cash_flow,籌資活動之淨現金流入（流出）,5833099,"5,833,099",sii,https://mopsov.twse.com.tw/mops/web/ajax_t163sb20
上游,晶片封測服務,3711,日月光投控,2019,3,cash_flow,匯率變動對現金及約當現金之影響,-214620,"-214,620",sii,https://mopsov.twse.com.tw/mops/web/ajax_t163sb20
上游,晶片封測服務,3711,日月光投控,2019,3,cash_flow,本期現金及約當現金增加（減少）數,9702019,"9,702,019",sii,https://mopsov.twse.com.tw/mops/web/ajax_t163sb20
上游,晶片封測服務,3711,日月光投控,2019,3,cash_flow,期初現金及約當現金餘額,51518436,"51,518,436",sii,https://mopsov.twse.com.tw/mops/web/ajax_t163sb20
上游,晶片封測服務,3711,日月光投控,2019,3,cash_flow,期末現金及約當現金餘額,61220455,"61,220,455",sii,https://mopsov.twse.com.tw/mops/web/ajax_t163sb20
上游,晶片封測服務,2449,京元電子,2019,4,income_statement,營業收入,25539437,"25,539,437",sii,https://mopsov.twse.com.tw/mops/web/ajax_t163sb04
上游,晶片封測服務,2449,京元電子,2019,4,income_statement,營業成本,18523521,"18,523,521",sii,https://mopsov.twse.com.tw/mops/web/ajax_t163sb04
上游,晶片封測服務,2449,京元電子,2019,4,income_statement,原始認列生物資產及農產品之利益（損失）,,--,sii,https://mopsov.twse.com.tw/mops/web/ajax_t163sb04
上游,晶片封測服務,2449,京元電子,2019,4,income_statement,生物資產當期公允價值減出售成本之變動利益（損失）,,--,sii,https://mopsov.twse.com.tw/mops/web/ajax_t163sb04
上游,晶片封測服務,2449,京元電子,2019,4,income_statement,營業毛利（毛損）,7015916,"7,015,916",sii,https://mopsov.twse.com.tw/mops/web/ajax_t163sb04
上游,晶片封測服務,2449,京元電子,2019,4,income_statement,未實現銷貨（損）益,,--,sii,https://mopsov.twse.com.tw/mops/web/ajax_t163sb04
上游,晶片封測服務,2449,京元電子,2019,4,income_statement,已實現銷貨（損）益,,--,sii,https://mopsov.twse.com.tw/mops/web/ajax_t163sb04
上游,晶片封測服務,2449,京元電子,2019,4,income_statement,營業毛利（毛損）淨額,7015916,"7,015,916",sii,https://mopsov.twse.com.tw/mops/web/ajax_t163sb04
上游,晶片封測服務,2449,京元電子,2019,4,income_statement,營業費用,2970902,"2,970,902",sii,https://mopsov.twse.com.tw/mops/web/ajax_t163sb04
上游,晶片封測服務,2449,京元電子,2019,4,income_statement,其他收益及費損淨額,,--,sii,https://mopsov.twse.com.tw/mops/web/ajax_t163sb04
上游,晶片封測服務,2449,京元電子,2019,4,income_statement,營業利益（損失）,4045014,"4,045,014",sii,https://mopsov.twse.com.tw/mops/web/ajax_t163sb04
上游,晶片封測服務,2449,京元電子,2019,4,income_statement,營業外收入及支出,-130151,"-130,151",sii,https://mopsov.twse.com.tw/mops/web/ajax_t163sb04
上游,晶片封測服務,2449,京元電子,2019,4,income_statement,稅前淨利（淨損）,3914863,"3,914,863",sii,https://mopsov.twse.com.tw/mops/web/ajax_t163sb04
上游,晶片封測服務,2449,京元電子,2019,4,income_statement,所得稅費用（利益）,873379,"873,379",sii,https://mopsov.twse.com.tw/mops/web/ajax_t163sb04
上游,晶片封測服務,2449,京元電子,2019,4,income_statement,繼續營業單位本期淨利（淨損）,3041484,"3,041,484",sii,https://mopsov.twse.com.tw/mops/web/ajax_t163sb04
上游,晶片封測服務,2449,京元電子,2019,4,income_statement,停業單位損益,,--,sii,https://mopsov.twse.com.tw/mops/web/ajax_t163sb04
上游,晶片封測服務,2449,京元電子,2019,4,income_statement,合併前非屬共同控制股權損益,,--,sii,https://mopsov.twse.com.tw/mops/web/ajax_t163sb04
上游,晶片封測服務,2449,京元電子,2019,4,income_statement,本期淨利（淨損）,3041484,"3,041,484",sii,https://mopsov.twse.com.tw/mops/web/ajax_t163sb04
上游,晶片封測服務,2449,京元電子,2019,4,income_statement,其他綜合損益（淨額）,343585,"343,585",sii,https://mopsov.twse.com.tw/mops/web/ajax_t163sb04
上游,晶片封測服務,2449,京元電子,2019,4,income_statement,合併前非屬共同控制股權綜合損益淨額,,--,sii,https://mopsov.twse.com.tw/mops/web/ajax_t163sb04
上游,晶片封測服務,2449,京元電子,2019,4,income_statement,本期綜合損益總額,3385069,"3,385,069",sii,https://mopsov.twse.com.tw/mops/web/ajax_t163sb04
上游,晶片封測服務,2449,京元電子,2019,4,income_statement,淨利（淨損）歸屬於母公司業主,3041566,"3,041,566",sii,https://mopsov.twse.com.tw/mops/web/ajax_t163sb04
上游,晶片封測服務,2449,京元電子,2019,4,income_statement,淨利（淨損）歸屬於共同控制下前手權益,,--,sii,https://mopsov.twse.com.tw/mops/web/ajax_t163sb04
上游,晶片封測服務,2449,京元電子,2019,4,income_statement,淨利（淨損）歸屬於非控制權益,-82,-82,sii,https://mopsov.twse.com.tw/mops/web/ajax_t163sb04
上游,晶片封測服務,2449,京元電子,2019,4,income_statement,綜合損益總額歸屬於母公司業主,3385203,"3,385,203",sii,https://mopsov.twse.com.tw/mops/web/ajax_t163sb04
上游,晶片封測服務,2449,京元電子,2019,4,income_statement,綜合損益總額歸屬於共同控制下前手權益,,--,sii,https://mopsov.twse.com.tw/mops/web/ajax_t163sb04
上游,晶片封測服務,2449,京元電子,2019,4,income_statement,綜合損益總額歸屬於非控制權益,-134,-134,sii,https://mopsov.twse.com.tw/mops/web/ajax_t163sb04
上游,晶片封測服務,2449,京元電子,2019,4,income_statement,基本每股盈餘（元）,2.49,2.49,sii,https://mopsov.twse.com.tw/mops/web/ajax_t163sb04
上游,晶片封測服務,3711,日月光投控,2019,4,income_statement,營業收入,413182184,"413,182,184",sii,https://mopsov.twse.com.tw/mops/web/ajax_t163sb04
上游,晶片封測服務,3711,日月光投控,2019,4,income_statement,營業成本,348871391,"348,871,391",sii,https://mopsov.twse.com.tw/mops/web/ajax_t163sb04
上游,晶片封測服務,3711,日月光投控,2019,4,income_statement,原始認列生物資產及農產品之利益（損失）,,--,sii,https://mopsov.twse.com.tw/mops/web/ajax_t163sb04
上游,晶片封測服務,3711,日月光投控,2019,4,income_statement,生物資產當期公允價值減出售成本之變動利益（損失）,,--,sii,https://mopsov.twse.com.tw/mops/web/ajax_t163sb04
上游,晶片封測服務,3711,日月光投控,2019,4,income_statement,營業毛利（毛損）,64310793,"64,310,793",sii,https://mopsov.twse.com.tw/mops/web/ajax_t163sb04
上游,晶片封測服務,3711,日月光投控,2019,4,income_statement,未實現銷貨（損）益,,--,sii,https://mopsov.twse.com.tw/mops/web/ajax_t163sb04
上游,晶片封測服務,3711,日月光投控,2019,4,income_statement,已實現銷貨（損）益,,--,sii,https://mopsov.twse.com.tw/mops/web/ajax_t163sb04
上游,晶片封測服務,3711,日月光投控,2019,4,income_statement,營業毛利（毛損）淨額,64310793,"64,310,793",sii,https://mopsov.twse.com.tw/mops/web/ajax_t163sb04
上游,晶片封測服務,3711,日月光投控,2019,4,income_statement,營業費用,40784389,"40,784,389",sii,https://mopsov.twse.com.tw/mops/web/ajax_t163sb04
上游,晶片封測服務,3711,日月光投控,2019,4,income_statement,其他收益及費損淨額,,--,sii,https://mopsov.twse.com.tw/mops/web/ajax_t163sb04
上游,晶片封測服務,3711,日月光投控,2019,4,income_statement,營業利益（損失）,23526404,"23,526,404",sii,https://mopsov.twse.com.tw/mops/web/ajax_t163sb04
上游,晶片封測服務,3711,日月光投控,2019,4,income_statement,營業外收入及支出,-164354,"-164,354",sii,https://mopsov.twse.com.tw/mops/web/ajax_t163sb04
上游,晶片封測服務,3711,日月光投控,2019,4,income_statement,稅前淨利（淨損）,23362050,"23,362,050",sii,https://mopsov.twse.com.tw/mops/web/ajax_t163sb04
上游,晶片封測服務,3711,日月光投控,2019,4,income_statement,所得稅費用（利益）,5308926,"5,308,926",sii,https://mopsov.twse.com.tw/mops/web/ajax_t163sb04
上游,晶片封測服務,3711,日月光投控,2019,4,income_statement,繼續營業單位本期淨利（淨損）,18053124,"18,053,124",sii,https://mopsov.twse.com.tw/mops/web/ajax_t163sb04
上游,晶片封測服務,3711,日月光投控,2019,4,income_statement,停業單位損益,,--,sii,https://mopsov.twse.com.tw/mops/web/ajax_t163sb04
上游,晶片封測服務,3711,日月光投控,2019,4,income_statement,合併前非屬共同控制股權損益,,--,sii,https://mopsov.twse.com.tw/mops/web/ajax_t163sb04
上游,晶片封測服務,3711,日月光投控,2019,4,income_statement,本期淨利（淨損）,18053124,"18,053,124",sii,https://mopsov.twse.com.tw/mops/web/ajax_t163sb04
上游,晶片封測服務,3711,日月光投控,2019,4,income_statement,其他綜合損益（淨額）,-4253425,"-4,253,425",sii,https://mopsov.twse.com.tw/mops/web/ajax_t163sb04
上游,晶片封測服務,3711,日月光投控,2019,4,income_statement,合併前非屬共同控制股權綜合損益淨額,,--,sii,https://mopsov.twse.com.tw/mops/web/ajax_t163sb04
上游,晶片封測服務,3711,日月光投控,2019,4,income_statement,本期綜合損益總額,13799699,"13,799,699",sii,https://mopsov.twse.com.tw/mops/web/ajax_t163sb04
上游,晶片封測服務,3711,日月光投控,2019,4,income_statement,淨利（淨損）歸屬於母公司業主,16849809,"16,849,809",sii,https://mopsov.twse.com.tw/mops/web/ajax_t163sb04
上游,晶片封測服務,3711,日月光投控,2019,4,income_statement,淨利（淨損）歸屬於共同控制下前手權益,,--,sii,https://mopsov.twse.com.tw/mops/web/ajax_t163sb04
上游,晶片封測服務,3711,日月光投控,2019,4,income_statement,淨利（淨損）歸屬於非控制權益,1203315,"1,203,315",sii,https://mopsov.twse.com.tw/mops/web/ajax_t163sb04
上游,晶片封測服務,3711,日月光投控,2019,4,income_statement,綜合損益總額歸屬於母公司業主,13028589,"13,028,589",sii,https://mopsov.twse.com.tw/mops/web/ajax_t163sb04
上游,晶片封測服務,3711,日月光投控,2019,4,income_statement,綜合損益總額歸屬於共同控制下前手權益,,--,sii,https://mopsov.twse.com.tw/mops/web/ajax_t163sb04
上游,晶片封測服務,3711,日月光投控,2019,4,income_statement,綜合損益總額歸屬於非控制權益,771110,"771,110",sii,https://mopsov.twse.com.tw/mops/web/ajax_t163sb04
上游,晶片封測服務,3711,日月光投控,2019,4,income_statement,基本每股盈餘（元）,3.96,3.96,sii,https://mopsov.twse.com.tw/mops/web/ajax_t163sb04
上游,晶片封測服務,2449,京元電子,2019,4,balance_sheet,流動資產,13890983,"13,890,983",sii,https://mopsov.twse.com.tw/mops/web/ajax_t163sb05
上游,晶片封測服務,2449,京元電子,2019,4,balance_sheet,非流動資產,41188166,"41,188,166",sii,https://mopsov.twse.com.tw/mops/web/ajax_t163sb05
上游,晶片封測服務,2449,京元電子,2019,4,balance_sheet,資產總計,55079149,"55,079,149",sii,https://mopsov.twse.com.tw/mops/web/ajax_t163sb05
上游,晶片封測服務,2449,京元電子,2019,4,balance_sheet,流動負債,7900969,"7,900,969",sii,https://mopsov.twse.com.tw/mops/web/ajax_t163sb05
上游,晶片封測服務,2449,京元電子,2019,4,balance_sheet,非流動負債,20979726,"20,979,726",sii,https://mopsov.twse.com.tw/mops/web/ajax_t163sb05
上游,晶片封測服務,2449,京元電子,2019,4,balance_sheet,負債總計,28880695,"28,880,695",sii,https://mopsov.twse.com.tw/mops/web/ajax_t163sb05
上游,晶片封測服務,2449,京元電子,2019,4,balance_sheet,股本,12227451,"12,227,451",sii,https://mopsov.twse.com.tw/mops/web/ajax_t163sb05
上游,晶片封測服務,2449,京元電子,2019,4,balance_sheet,資本公積,4832721,"4,832,721",sii,https://mopsov.twse.com.tw/mops/web/ajax_t163sb05
上游,晶片封測服務,2449,京元電子,2019,4,balance_sheet,保留盈餘,9534173,"9,534,173",sii,https://mopsov.twse.com.tw/mops/web/ajax_t163sb05
上游,晶片封測服務,2449,京元電子,2019,4,balance_sheet,其他權益,-402406,"-402,406",sii,https://mopsov.twse.com.tw/mops/web/ajax_t163sb05
上游,晶片封測服務,2449,京元電子,2019,4,balance_sheet,庫藏股票,,--,sii,https://mopsov.twse.com.tw/mops/web/ajax_t163sb05
上游,晶片封測服務,2449,京元電子,2019,4,balance_sheet,歸屬於母公司業主之權益合計,26191939,"26,191,939",sii,https://mopsov.twse.com.tw/mops/web/ajax_t163sb05
上游,晶片封測服務,2449,京元電子,2019,4,balance_sheet,共同控制下前手權益,,--,sii,https://mopsov.twse.com.tw/mops/web/ajax_t163sb05
上游,晶片封測服務,2449,京元電子,2019,4,balance_sheet,合併前非屬共同控制股權,,--,sii,https://mopsov.twse.com.tw/mops/web/ajax_t163sb05
上游,晶片封測服務,2449,京元電子,2019,4,balance_sheet,非控制權益,6515,"6,515",sii,https://mopsov.twse.com.tw/mops/web/ajax_t163sb05
上游,晶片封測服務,2449,京元電子,2019,4,balance_sheet,權益總計,26198454,"26,198,454",sii,https://mopsov.twse.com.tw/mops/web/ajax_t163sb05
上游,晶片封測服務,2449,京元電子,2019,4,balance_sheet,待註銷股本股數（單位：股）,,--,sii,https://mopsov.twse.com.tw/mops/web/ajax_t163sb05
上游,晶片封測服務,2449,京元電子,2019,4,balance_sheet,預收股款（權益項下）之約當發行股數（單位：股）,0,0,sii,https://mopsov.twse.com.tw/mops/web/ajax_t163sb05
上游,晶片封測服務,2449,京元電子,2019,4,balance_sheet,母公司暨子公司所持有之母公司庫藏股股數（單位：股）,0,0,sii,https://mopsov.twse.com.tw/mops/web/ajax_t163sb05
上游,晶片封測服務,2449,京元電子,2019,4,balance_sheet,每股參考淨值,21.42,21.42,sii,https://mopsov.twse.com.tw/mops/web/ajax_t163sb05
上游,晶片封測服務,3711,日月光投控,2019,4,balance_sheet,流動資產,202001118,"202,001,118",sii,https://mopsov.twse.com.tw/mops/web/ajax_t163sb05
上游,晶片封測服務,3711,日月光投控,2019,4,balance_sheet,非流動資產,354653165,"354,653,165",sii,https://mopsov.twse.com.tw/mops/web/ajax_t163sb05
上游,晶片封測服務,3711,日月光投控,2019,4,balance_sheet,資產總計,556654283,"556,654,283",sii,https://mopsov.twse.com.tw/mops/web/ajax_t163sb05
上游,晶片封測服務,3711,日月光投控,2019,4,balance_sheet,流動負債,152264636,"152,264,636",sii,https://mopsov.twse.com.tw/mops/web/ajax_t163sb05
上游,晶片封測服務,3711,日月光投控,2019,4,balance_sheet,非流動負債,190042968,"190,042,968",sii,https://mopsov.twse.com.tw/mops/web/ajax_t163sb05
上游,晶片封測服務,3711,日月光投控,2019,4,balance_sheet,負債總計,342307604,"342,307,604",sii,https://mopsov.twse.com.tw/mops/web/ajax_t163sb05
上游,晶片封測服務,3711,日月光投控,2019,4,balance_sheet,股本,43305287,"43,305,287",sii,https://mopsov.twse.com.tw/mops/web/ajax_t163sb05
上游,晶片封測服務,3711,日月光投控,2019,4,balance_sheet,資本公積,138908912,"138,908,912",sii,https://mopsov.twse.com.tw/mops/web/ajax_t163sb05
上游,晶片封測服務,3711,日月光投控,2019,4,balance_sheet,保留盈餘,31561328,"31,561,328",sii,https://mopsov.twse.com.tw/mops/web/ajax_t163sb05
上游,晶片封測服務,3711,日月光投控,2019,4,balance_sheet,其他權益,-10847697,"-10,847,697",sii,https://mopsov.twse.com.tw/mops/web/ajax_t163sb05
上游,晶片封測服務,3711,日月光投控,2019,4,balance_sheet,庫藏股票,-1959107,"-1,959,107",sii,https://mopsov.twse.com.tw/mops/web/ajax_t163sb05
上游,晶片封測服務,3711,日月光投控,2019,4,balance_sheet,歸屬於母公司業主之權益合計,200968723,"200,968,723",sii,https://mopsov.twse.com.tw/mops/web/ajax_t163sb05
上游,晶片封測服務,3711,日月光投控,2019,4,balance_sheet,共同控制下前手權益,,--,sii,https://mopsov.twse.com.tw/mops/web/ajax_t163sb05
上游,晶片封測服務,3711,日月光投控,2019,4,balance_sheet,合併前非屬共同控制股權,,--,sii,https://mopsov.twse.com.tw/mops/web/ajax_t163sb05
上游,晶片封測服務,3711,日月光投控,2019,4,balance_sheet,非控制權益,13377956,"13,377,956",sii,https://mopsov.twse.com.tw/mops/web/ajax_t163sb05
上游,晶片封測服務,3711,日月光投控,2019,4,balance_sheet,權益總計,214346679,"214,346,679",sii,https://mopsov.twse.com.tw/mops/web/ajax_t163sb05
上游,晶片封測服務,3711,日月光投控,2019,4,balance_sheet,待註銷股本股數（單位：股）,,--,sii,https://mopsov.twse.com.tw/mops/web/ajax_t163sb05
上游,晶片封測服務,3711,日月光投控,2019,4,balance_sheet,預收股款（權益項下）之約當發行股數（單位：股）,5126100,"5,126,100",sii,https://mopsov.twse.com.tw/mops/web/ajax_t163sb05
上游,晶片封測服務,3711,日月光投控,2019,4,balance_sheet,母公司暨子公司所持有之母公司庫藏股股數（單位：股）,72941505,"72,941,505",sii,https://mopsov.twse.com.tw/mops/web/ajax_t163sb05
上游,晶片封測服務,3711,日月光投控,2019,4,balance_sheet,每股參考淨值,47.2,47.20,sii,https://mopsov.twse.com.tw/mops/web/ajax_t163sb05
上游,晶片封測服務,2449,京元電子,2019,4,cash_flow,營業活動之淨現金流入（流出）,10833492,"10,833,492",sii,https://mopsov.twse.com.tw/mops/web/ajax_t163sb20
上游,晶片封測服務,2449,京元電子,2019,4,cash_flow,投資活動之淨現金流入（流出）,-11377745,"-11,377,745",sii,https://mopsov.twse.com.tw/mops/web/ajax_t163sb20
上游,晶片封測服務,2449,京元電子,2019,4,cash_flow,籌資活動之淨現金流入（流出）,2014212,"2,014,212",sii,https://mopsov.twse.com.tw/mops/web/ajax_t163sb20
上游,晶片封測服務,2449,京元電子,2019,4,cash_flow,匯率變動對現金及約當現金之影響,-90580,"-90,580",sii,https://mopsov.twse.com.tw/mops/web/ajax_t163sb20
上游,晶片封測服務,2449,京元電子,2019,4,cash_flow,本期現金及約當現金增加（減少）數,1379379,"1,379,379",sii,https://mopsov.twse.com.tw/mops/web/ajax_t163sb20
上游,晶片封測服務,2449,京元電子,2019,4,cash_flow,期初現金及約當現金餘額,4786626,"4,786,626",sii,https://mopsov.twse.com.tw/mops/web/ajax_t163sb20
上游,晶片封測服務,2449,京元電子,2019,4,cash_flow,期末現金及約當現金餘額,6166005,"6,166,005",sii,https://mopsov.twse.com.tw/mops/web/ajax_t163sb20
上游,晶片封測服務,3711,日月光投控,2019,4,cash_flow,營業活動之淨現金流入（流出）,72303250,"72,303,250",sii,https://mopsov.twse.com.tw/mops/web/ajax_t163sb20
上游,晶片封測服務,3711,日月光投控,2019,4,cash_flow,投資活動之淨現金流入（流出）,-54579057,"-54,579,057",sii,https://mopsov.twse.com.tw/mops/web/ajax_t163sb20
上游,晶片封測服務,3711,日月光投控,2019,4,cash_flow,籌資活動之淨現金流入（流出）,-6498808,"-6,498,808",sii,https://mopsov.twse.com.tw/mops/web/ajax_t163sb20
上游,晶片封測服務,3711,日月光投控,2019,4,cash_flow,匯率變動對現金及約當現金之影響,-2612946,"-2,612,946",sii,https://mopsov.twse.com.tw/mops/web/ajax_t163sb20
上游,晶片封測服務,3711,日月光投控,2019,4,cash_flow,本期現金及約當現金增加（減少）數,8612439,"8,612,439",sii,https://mopsov.twse.com.tw/mops/web/ajax_t163sb20
上游,晶片封測服務,3711,日月光投控,2019,4,cash_flow,期初現金及約當現金餘額,51518436,"51,518,436",sii,https://mopsov.twse.com.tw/mops/web/ajax_t163sb20
上游,晶片封測服務,3711,日月光投控,2019,4,cash_flow,期末現金及約當現金餘額,60130875,"60,130,875",sii,https://mopsov.twse.com.tw/mops/web/ajax_t163sb20
上游,晶片封測服務,2449,京元電子,2020,1,income_statement,營業收入,7001154,"7,001,154",sii,https://mopsov.twse.com.tw/mops/web/ajax_t163sb04
上游,晶片封測服務,2449,京元電子,2020,1,income_statement,營業成本,4968439,"4,968,439",sii,https://mopsov.twse.com.tw/mops/web/ajax_t163sb04
上游,晶片封測服務,2449,京元電子,2020,1,income_statement,原始認列生物資產及農產品之利益（損失）,,--,sii,https://mopsov.twse.com.tw/mops/web/ajax_t163sb04
上游,晶片封測服務,2449,京元電子,2020,1,income_statement,生物資產當期公允價值減出售成本之變動利益（損失）,,--,sii,https://mopsov.twse.com.tw/mops/web/ajax_t163sb04
上游,晶片封測服務,2449,京元電子,2020,1,income_statement,營業毛利（毛損）,2032715,"2,032,715",sii,https://mopsov.twse.com.tw/mops/web/ajax_t163sb04
上游,晶片封測服務,2449,京元電子,2020,1,income_statement,未實現銷貨（損）益,,--,sii,https://mopsov.twse.com.tw/mops/web/ajax_t163sb04
上游,晶片封測服務,2449,京元電子,2020,1,income_statement,已實現銷貨（損）益,,--,sii,https://mopsov.twse.com.tw/mops/web/ajax_t163sb04
上游,晶片封測服務,2449,京元電子,2020,1,income_statement,營業毛利（毛損）淨額,2032715,"2,032,715",sii,https://mopsov.twse.com.tw/mops/web/ajax_t163sb04
上游,晶片封測服務,2449,京元電子,2020,1,income_statement,營業費用,764239,"764,239",sii,https://mopsov.twse.com.tw/mops/web/ajax_t163sb04
上游,晶片封測服務,2449,京元電子,2020,1,income_statement,其他收益及費損淨額,,--,sii,https://mopsov.twse.com.tw/mops/web/ajax_t163sb04
上游,晶片封測服務,2449,京元電子,2020,1,income_statement,營業利益（損失）,1268476,"1,268,476",sii,https://mopsov.twse.com.tw/mops/web/ajax_t163sb04
上游,晶片封測服務,2449,京元電子,2020,1,income_statement,營業外收入及支出,-102642,"-102,642",sii,https://mopsov.twse.com.tw/mops/web/ajax_t163sb04
上游,晶片封測服務,2449,京元電子,2020,1,income_statement,稅前淨利（淨損）,1165834,"1,165,834",sii,https://mopsov.twse.com.tw/mops/web/ajax_t163sb04
上游,晶片封測服務,2449,京元電子,2020,1,income_statement,所得稅費用（利益）,271414,"271,414",sii,https://mopsov.twse.com.tw/mops/web/ajax_t163sb04
上游,晶片封測服務,2449,京元電子,2020,1,income_statement,繼續營業單位本期淨利（淨損）,894420,"894,420",sii,https://mopsov.twse.com.tw/mops/web/ajax_t163sb04
上游,晶片封測服務,2449,京元電子,2020,1,income_statement,停業單位損益,,--,sii,https://mopsov.twse.com.tw/mops/web/ajax_t163sb04
上游,晶片封測服務,2449,京元電子,2020,1,income_statement,合併前非屬共同控制股權損益,,--,sii,https://mopsov.twse.com.tw/mops/web/ajax_t163sb04
上游,晶片封測服務,2449,京元電子,2020,1,income_statement,本期淨利（淨損）,894420,"894,420",sii,https://mopsov.twse.com.tw/mops/web/ajax_t163sb04
上游,晶片封測服務,2449,京元電子,2020,1,income_statement,其他綜合損益（淨額）,-322647,"-322,647",sii,https://mopsov.twse.com.tw/mops/web/ajax_t163sb04
上游,晶片封測服務,2449,京元電子,2020,1,income_statement,合併前非屬共同控制股權綜合損益淨額,,--,sii,https://mopsov.twse.com.tw/mops/web/ajax_t163sb04
上游,晶片封測服務,2449,京元電子,2020,1,income_statement,本期綜合損益總額,571773,"571,773",sii,https://mopsov.twse.com.tw/mops/web/ajax_t163sb04
上游,晶片封測服務,2449,京元電子,2020,1,income_statement,淨利（淨損）歸屬於母公司業主,894479,"894,479",sii,https://mopsov.twse.com.tw/mops/web/ajax_t163sb04
上游,晶片封測服務,2449,京元電子,2020,1,income_statement,淨利（淨損）歸屬於共同控制下前手權益,,--,sii,https://mopsov.twse.com.tw/mops/web/ajax_t163sb04
上游,晶片封測服務,2449,京元電子,2020,1,income_statement,淨利（淨損）歸屬於非控制權益,-59,-59,sii,https://mopsov.twse.com.tw/mops/web/ajax_t163sb04
上游,晶片封測服務,2449,京元電子,2020,1,income_statement,綜合損益總額歸屬於母公司業主,571772,"571,772",sii,https://mopsov.twse.com.tw/mops/web/ajax_t163sb04
上游,晶片封測服務,2449,京元電子,2020,1,income_statement,綜合損益總額歸屬於共同控制下前手權益,,--,sii,https://mopsov.twse.com.tw/mops/web/ajax_t163sb04
上游,晶片封測服務,2449,京元電子,2020,1,income_statement,綜合損益總額歸屬於非控制權益,1,1,sii,https://mopsov.twse.com.tw/mops/web/ajax_t163sb04
上游,晶片封測服務,2449,京元電子,2020,1,income_statement,基本每股盈餘（元）,0.73,0.73,sii,https://mopsov.twse.com.tw/mops/web/ajax_t163sb04
上游,晶片封測服務,3711,日月光投控,2020,1,income_statement,營業收入,97357155,"97,357,155",sii,https://mopsov.twse.com.tw/mops/web/ajax_t163sb04
上游,晶片封測服務,3711,日月光投控,2020,1,income_statement,營業成本,81201507,"81,201,507",sii,https://mopsov.twse.com.tw/mops/web/ajax_t163sb04
上游,晶片封測服務,3711,日月光投控,2020,1,income_statement,原始認列生物資產及農產品之利益（損失）,,--,sii,https://mopsov.twse.com.tw/mops/web/ajax_t163sb04
上游,晶片封測服務,3711,日月光投控,2020,1,income_statement,生物資產當期公允價值減出售成本之變動利益（損失）,,--,sii,https://mopsov.twse.com.tw/mops/web/ajax_t163sb04
上游,晶片封測服務,3711,日月光投控,2020,1,income_statement,營業毛利（毛損）,16155648,"16,155,648",sii,https://mopsov.twse.com.tw/mops/web/ajax_t163sb04
上游,晶片封測服務,3711,日月光投控,2020,1,income_statement,未實現銷貨（損）益,,--,sii,https://mopsov.twse.com.tw/mops/web/ajax_t163sb04
上游,晶片封測服務,3711,日月光投控,2020,1,income_statement,已實現銷貨（損）益,,--,sii,https://mopsov.twse.com.tw/mops/web/ajax_t163sb04
上游,晶片封測服務,3711,日月光投控,2020,1,income_statement,營業毛利（毛損）淨額,16155648,"16,155,648",sii,https://mopsov.twse.com.tw/mops/web/ajax_t163sb04
上游,晶片封測服務,3711,日月光投控,2020,1,income_statement,營業費用,10092942,"10,092,942",sii,https://mopsov.twse.com.tw/mops/web/ajax_t163sb04
上游,晶片封測服務,3711,日月光投控,2020,1,income_statement,其他收益及費損淨額,,--,sii,https://mopsov.twse.com.tw/mops/web/ajax_t163sb04
上游,晶片封測服務,3711,日月光投控,2020,1,income_statement,營業利益（損失）,6062706,"6,062,706",sii,https://mopsov.twse.com.tw/mops/web/ajax_t163sb04
上游,晶片封測服務,3711,日月光投控,2020,1,income_statement,營業外收入及支出,-826352,"-826,352",sii,https://mopsov.twse.com.tw/mops/web/ajax_t163sb04
上游,晶片封測服務,3711,日月光投控,2020,1,income_statement,稅前淨利（淨損）,5236354,"5,236,354",sii,https://mopsov.twse.com.tw/mops/web/ajax_t163sb04
上游,晶片封測服務,3711,日月光投控,2020,1,income_statement,所得稅費用（利益）,1175025,"1,175,025",sii,https://mopsov.twse.com.tw/mops/web/ajax_t163sb04
上游,晶片封測服務,3711,日月光投控,2020,1,income_statement,繼續營業單位本期淨利（淨損）,4061329,"4,061,329",sii,https://mopsov.twse.com.tw/mops/web/ajax_t163sb04
上游,晶片封測服務,3711,日月光投控,2020,1,income_statement,停業單位損益,,--,sii,https://mopsov.twse.com.tw/mops/web/ajax_t163sb04
上游,晶片封測服務,3711,日月光投控,2020,1,income_statement,合併前非屬共同控制股權損益,,--,sii,https://mopsov.twse.com.tw/mops/web/ajax_t163sb04
上游,晶片封測服務,3711,日月光投控,2020,1,income_statement,本期淨利（淨損）,4061329,"4,061,329",sii,https://mopsov.twse.com.tw/mops/web/ajax_t163sb04
上游,晶片封測服務,3711,日月光投控,2020,1,income_statement,其他綜合損益（淨額）,-1492639,"-1,492,639",sii,https://mopsov.twse.com.tw/mops/web/ajax_t163sb04
上游,晶片封測服務,3711,日月光投控,2020,1,income_statement,合併前非屬共同控制股權綜合損益淨額,,--,sii,https://mopsov.twse.com.tw/mops/web/ajax_t163sb04
上游,晶片封測服務,3711,日月光投控,2020,1,income_statement,本期綜合損益總額,2568690,"2,568,690",sii,https://mopsov.twse.com.tw/mops/web/ajax_t163sb04
上游,晶片封測服務,3711,日月光投控,2020,1,income_statement,淨利（淨損）歸屬於母公司業主,3898629,"3,898,629",sii,https://mopsov.twse.com.tw/mops/web/ajax_t163sb04
上游,晶片封測服務,3711,日月光投控,2020,1,income_statement,淨利（淨損）歸屬於共同控制下前手權益,,--,sii,https://mopsov.twse.com.tw/mops/web/ajax_t163sb04
上游,晶片封測服務,3711,日月光投控,2020,1,income_statement,淨利（淨損）歸屬於非控制權益,162700,"162,700",sii,https://mopsov.twse.com.tw/mops/web/ajax_t163sb04
上游,晶片封測服務,3711,日月光投控,2020,1,income_statement,綜合損益總額歸屬於母公司業主,2477566,"2,477,566",sii,https://mopsov.twse.com.tw/mops/web/ajax_t163sb04
上游,晶片封測服務,3711,日月光投控,2020,1,income_statement,綜合損益總額歸屬於共同控制下前手權益,,--,sii,https://mopsov.twse.com.tw/mops/web/ajax_t163sb04
上游,晶片封測服務,3711,日月光投控,2020,1,income_statement,綜合損益總額歸屬於非控制權益,91124,"91,124",sii,https://mopsov.twse.com.tw/mops/web/ajax_t163sb04
上游,晶片封測服務,3711,日月光投控,2020,1,income_statement,基本每股盈餘（元）,0.92,0.92,sii,https://mopsov.twse.com.tw/mops/web/ajax_t163sb04
上游,晶片封測服務,2449,京元電子,2020,1,balance_sheet,流動資產,15023520,"15,023,520",sii,https://mopsov.twse.com.tw/mops/web/ajax_t163sb05
上游,晶片封測服務,2449,京元電子,2020,1,balance_sheet,非流動資產,41891555,"41,891,555",sii,https://mopsov.twse.com.tw/mops/web/ajax_t163sb05
上游,晶片封測服務,2449,京元電子,2020,1,balance_sheet,資產總計,56915075,"56,915,075",sii,https://mopsov.twse.com.tw/mops/web/ajax_t163sb05
上游,晶片封測服務,2449,京元電子,2020,1,balance_sheet,流動負債,9128813,"9,128,813",sii,https://mopsov.twse.com.tw/mops/web/ajax_t163sb05
上游,晶片封測服務,2449,京元電子,2020,1,balance_sheet,非流動負債,21016030,"21,016,030",sii,https://mopsov.twse.com.tw/mops/web/ajax_t163sb05
上游,晶片封測服務,2449,京元電子,2020,1,balance_sheet,負債總計,30144843,"30,144,843",sii,https://mopsov.twse.com.tw/mops/web/ajax_t163sb05
上游,晶片封測服務,2449,京元電子,2020,1,balance_sheet,股本,12227451,"12,227,451",sii,https://mopsov.twse.com.tw/mops/web/ajax_t163sb05
上游,晶片封測服務,2449,京元電子,2020,1,balance_sheet,資本公積,4832721,"4,832,721",sii,https://mopsov.twse.com.tw/mops/web/ajax_t163sb05
上游,晶片封測服務,2449,京元電子,2020,1,balance_sheet,保留盈餘,10428657,"10,428,657",sii,https://mopsov.twse.com.tw/mops/web/ajax_t163sb05
上游,晶片封測服務,2449,京元電子,2020,1,balance_sheet,其他權益,-725113,"-725,113",sii,https://mopsov.twse.com.tw/mops/web/ajax_t163sb05
上游,晶片封測服務,2449,京元電子,2020,1,balance_sheet,庫藏股票,,--,sii,https://mopsov.twse.com.tw/mops/web/ajax_t163sb05
上游,晶片封測服務,2449,京元電子,2020,1,balance_sheet,歸屬於母公司業主之權益合計,26763716,"26,763,716",sii,https://mopsov.twse.com.tw/mops/web/ajax_t163sb05
上游,晶片封測服務,2449,京元電子,2020,1,balance_sheet,共同控制下前手權益,,--,sii,https://mopsov.twse.com.tw/mops/web/ajax_t163sb05
上游,晶片封測服務,2449,京元電子,2020,1,balance_sheet,合併前非屬共同控制股權,,--,sii,https://mopsov.twse.com.tw/mops/web/ajax_t163sb05
上游,晶片封測服務,2449,京元電子,2020,1,balance_sheet,非控制權益,6516,"6,516",sii,https://mopsov.twse.com.tw/mops/web/ajax_t163sb05
上游,晶片封測服務,2449,京元電子,2020,1,balance_sheet,權益總計,26770232,"26,770,232",sii,https://mopsov.twse.com.tw/mops/web/ajax_t163sb05
上游,晶片封測服務,2449,京元電子,2020,1,balance_sheet,待註銷股本股數（單位：股）,,--,sii,https://mopsov.twse.com.tw/mops/web/ajax_t163sb05
上游,晶片封測服務,2449,京元電子,2020,1,balance_sheet,預收股款（權益項下）之約當發行股數（單位：股）,0,0,sii,https://mopsov.twse.com.tw/mops/web/ajax_t163sb05
上游,晶片封測服務,2449,京元電子,2020,1,balance_sheet,母公司暨子公司所持有之母公司庫藏股股數（單位：股）,0,0,sii,https://mopsov.twse.com.tw/mops/web/ajax_t163sb05
上游,晶片封測服務,2449,京元電子,2020,1,balance_sheet,每股參考淨值,21.89,21.89,sii,https://mopsov.twse.com.tw/mops/web/ajax_t163sb05
上游,晶片封測服務,3711,日月光投控,2020,1,balance_sheet,流動資產,216614661,"216,614,661",sii,https://mopsov.twse.com.tw/mops/web/ajax_t163sb05
上游,晶片封測服務,3711,日月光投控,2020,1,balance_sheet,非流動資產,355053688,"355,053,688",sii,https://mopsov.twse.com.tw/mops/web/ajax_t163sb05
上游,晶片封測服務,3711,日月光投控,2020,1,balance_sheet,資產總計,571668349,"571,668,349",sii,https://mopsov.twse.com.tw/mops/web/ajax_t163sb05
上游,晶片封測服務,3711,日月光投控,2020,1,balance_sheet,流動負債,173008076,"173,008,076",sii,https://mopsov.twse.com.tw/mops/web/ajax_t163sb05
上游,晶片封測服務,3711,日月光投控,2020,1,balance_sheet,非流動負債,181194397,"181,194,397",sii,https://mopsov.twse.com.tw/mops/web/ajax_t163sb05
上游,晶片封測服務,3711,日月光投控,2020,1,balance_sheet,負債總計,354202473,"354,202,473",sii,https://mopsov.twse.com.tw/mops/web/ajax_t163sb05
上游,晶片封測服務,3711,日月光投控,2020,1,balance_sheet,股本,43349296,"43,349,296",sii,https://mopsov.twse.com.tw/mops/web/ajax_t163sb05
上游,晶片封測服務,3711,日月光投控,2020,1,balance_sheet,資本公積,139035883,"139,035,883",sii,https://mopsov.twse.com.tw/mops/web/ajax_t163sb05
上游,晶片封測服務,3711,日月光投控,2020,1,balance_sheet,保留盈餘,35461493,"35,461,493",sii,https://mopsov.twse.com.tw/mops/web/ajax_t163sb05
上游,晶片封測服務,3711,日月光投控,2020,1,balance_sheet,其他權益,-12263204,"-12,263,204",sii,https://mopsov.twse.com.tw/mops/web/ajax_t163sb05
上游,晶片封測服務,3711,日月光投控,2020,1,balance_sheet,庫藏股票,-1959107,"-1,959,107",sii,https://mopsov.twse.com.tw/mops/web/ajax_t163sb05
上游,晶片封測服務,3711,日月光投控,2020,1,balance_sheet,歸屬於母公司業主之權益合計,203624361,"203,624,361",sii,https://mopsov.twse.com.tw/mops/web/ajax_t163sb05
上游,晶片封測服務,3711,日月光投控,2020,1,balance_sheet,共同控制下前手權益,,--,sii,https://mopsov.twse.com.tw/mops/web/ajax_t163sb05
上游,晶片封測服務,3711,日月光投控,2020,1,balance_sheet,合併前非屬共同控制股權,,--,sii,https://mopsov.twse.com.tw/mops/web/ajax_t163sb05
上游,晶片封測服務,3711,日月光投控,2020,1,balance_sheet,非控制權益,13841515,"13,841,515",sii,https://mopsov.twse.com.tw/mops/web/ajax_t163sb05
上游,晶片封測服務,3711,日月光投控,2020,1,balance_sheet,權益總計,217465876,"217,465,876",sii,https://mopsov.twse.com.tw/mops/web/ajax_t163sb05
上游,晶片封測服務,3711,日月光投控,2020,1,balance_sheet,待註銷股本股數（單位：股）,,--,sii,https://mopsov.twse.com.tw/mops/web/ajax_t163sb05
上游,晶片封測服務,3711,日月光投控,2020,1,balance_sheet,預收股款（權益項下）之約當發行股數（單位：股）,5046000,"5,046,000",sii,https://mopsov.twse.com.tw/mops/web/ajax_t163sb05
上游,晶片封測服務,3711,日月光投控,2020,1,balance_sheet,母公司暨子公司所持有之母公司庫藏股股數（單位：股）,72941505,"72,941,505",sii,https://mopsov.twse.com.tw/mops/web/ajax_t163sb05
上游,晶片封測服務,3711,日月光投控,2020,1,balance_sheet,每股參考淨值,47.78,47.78,sii,https://mopsov.twse.com.tw/mops/web/ajax_t163sb05
上游,晶片封測服務,2449,京元電子,2020,1,cash_flow,營業活動之淨現金流入（流出）,2814157,"2,814,157",sii,https://mopsov.twse.com.tw/mops/web/ajax_t163sb20
上游,晶片封測服務,2449,京元電子,2020,1,cash_flow,投資活動之淨現金流入（流出）,-2426788,"-2,426,788",sii,https://mopsov.twse.com.tw/mops/web/ajax_t163sb20
上游,晶片封測服務,2449,京元電子,2020,1,cash_flow,籌資活動之淨現金流入（流出）,141580,"141,580",sii,https://mopsov.twse.com.tw/mops/web/ajax_t163sb20
上游,晶片封測服務,2449,京元電子,2020,1,cash_flow,匯率變動對現金及約當現金之影響,5298,"5,298",sii,https://mopsov.twse.com.tw/mops/web/ajax_t163sb20
上游,晶片封測服務,2449,京元電子,2020,1,cash_flow,本期現金及約當現金增加（減少）數,534247,"534,247",sii,https://mopsov.twse.com.tw/mops/web/ajax_t163sb20
上游,晶片封測服務,2449,京元電子,2020,1,cash_flow,期初現金及約當現金餘額,6166005,"6,166,005",sii,https://mopsov.twse.com.tw/mops/web/ajax_t163sb20
上游,晶片封測服務,2449,京元電子,2020,1,cash_flow,期末現金及約當現金餘額,6700252,"6,700,252",sii,https://mopsov.twse.com.tw/mops/web/ajax_t163sb20
上游,晶片封測服務,3711,日月光投控,2020,1,cash_flow,營業活動之淨現金流入（流出）,13448379,"13,448,379",sii,https://mopsov.twse.com.tw/mops/web/ajax_t163sb20
上游,晶片封測服務,3711,日月光投控,2020,1,cash_flow,投資活動之淨現金流入（流出）,-13810240,"-13,810,240",sii,https://mopsov.twse.com.tw/mops/web/ajax_t163sb20
上游,晶片封測服務,3711,日月光投控,2020,1,cash_flow,籌資活動之淨現金流入（流出）,14084293,"14,084,293",sii,https://mopsov.twse.com.tw/mops/web/ajax_t163sb20
上游,晶片封測服務,3711,日月光投控,2020,1,cash_flow,匯率變動對現金及約當現金之影響,-24757,"-24,757",sii,https://mopsov.twse.com.tw/mops/web/ajax_t163sb20
上游,晶片封測服務,3711,日月光投控,2020,1,cash_flow,本期現金及約當現金增加（減少）數,13697675,"13,697,675",sii,https://mopsov.twse.com.tw/mops/web/ajax_t163sb20
上游,晶片封測服務,3711,日月光投控,2020,1,cash_flow,期初現金及約當現金餘額,60130875,"60,130,875",sii,https://mopsov.twse.com.tw/mops/web/ajax_t163sb20
上游,晶片封測服務,3711,日月光投控,2020,1,cash_flow,期末現金及約當現金餘額,73828550,"73,828,550",sii,https://mopsov.twse.com.tw/mops/web/ajax_t163sb20
上游,晶片封測服務,2449,京元電子,2020,2,income_statement,營業收入,14659656,"14,659,656",sii,https://mopsov.twse.com.tw/mops/web/ajax_t163sb04
上游,晶片封測服務,2449,京元電子,2020,2,income_statement,營業成本,10276287,"10,276,287",sii,https://mopsov.twse.com.tw/mops/web/ajax_t163sb04
上游,晶片封測服務,2449,京元電子,2020,2,income_statement,原始認列生物資產及農產品之利益（損失）,,--,sii,https://mopsov.twse.com.tw/mops/web/ajax_t163sb04
上游,晶片封測服務,2449,京元電子,2020,2,income_statement,生物資產當期公允價值減出售成本之變動利益（損失）,,--,sii,https://mopsov.twse.com.tw/mops/web/ajax_t163sb04
上游,晶片封測服務,2449,京元電子,2020,2,income_statement,營業毛利（毛損）,4383369,"4,383,369",sii,https://mopsov.twse.com.tw/mops/web/ajax_t163sb04
上游,晶片封測服務,2449,京元電子,2020,2,income_statement,未實現銷貨（損）益,,--,sii,https://mopsov.twse.com.tw/mops/web/ajax_t163sb04
上游,晶片封測服務,2449,京元電子,2020,2,income_statement,已實現銷貨（損）益,,--,sii,https://mopsov.twse.com.tw/mops/web/ajax_t163sb04
上游,晶片封測服務,2449,京元電子,2020,2,income_statement,營業毛利（毛損）淨額,4383369,"4,383,369",sii,https://mopsov.twse.com.tw/mops/web/ajax_t163sb04
上游,晶片封測服務,2449,京元電子,2020,2,income_statement,營業費用,1577487,"1,577,487",sii,https://mopsov.twse.com.tw/mops/web/ajax_t163sb04
上游,晶片封測服務,2449,京元電子,2020,2,income_statement,其他收益及費損淨額,,--,sii,https://mopsov.twse.com.tw/mops/web/ajax_t163sb04
上游,晶片封測服務,2449,京元電子,2020,2,income_statement,營業利益（損失）,2805882,"2,805,882",sii,https://mopsov.twse.com.tw/mops/web/ajax_t163sb04
上游,晶片封測服務,2449,京元電子,2020,2,income_statement,營業外收入及支出,-186345,"-186,345",sii,https://mopsov.twse.com.tw/mops/web/ajax_t163sb04
上游,晶片封測服務,2449,京元電子,2020,2,income_statement,稅前淨利（淨損）,2619537,"2,619,537",sii,https://mopsov.twse.com.tw/mops/web/ajax_t163sb04
上游,晶片封測服務,2449,京元電子,2020,2,income_statement,所得稅費用（利益）,638208,"638,208",sii,https://mopsov.twse.com.tw/mops/web/ajax_t163sb04
上游,晶片封測服務,2449,京元電子,2020,2,income_statement,繼續營業單位本期淨利（淨損）,1981329,"1,981,329",sii,https://mopsov.twse.com.tw/mops/web/ajax_t163sb04
上游,晶片封測服務,2449,京元電子,2020,2,income_statement,停業單位損益,,--,sii,https://mopsov.twse.com.tw/mops/web/ajax_t163sb04
上游,晶片封測服務,2449,京元電子,2020,2,income_statement,合併前非屬共同控制股權損益,,--,sii,https://mopsov.twse.com.tw/mops/web/ajax_t163sb04
上游,晶片封測服務,2449,京元電子,2020,2,income_statement,本期淨利（淨損）,1981329,"1,981,329",sii,https://mopsov.twse.com.tw/mops/web/ajax_t163sb04
上游,晶片封測服務,2449,京元電子,2020,2,income_statement,其他綜合損益（淨額）,-153949,"-153,949",sii,https://mopsov.twse.com.tw/mops/web/ajax_t163sb04
上游,晶片封測服務,2449,京元電子,2020,2,income_statement,合併前非屬共同控制股權綜合損益淨額,,--,sii,https://mopsov.twse.com.tw/mops/web/ajax_t163sb04
上游,晶片封測服務,2449,京元電子,2020,2,income_statement,本期綜合損益總額,1827380,"1,827,380",sii,https://mopsov.twse.com.tw/mops/web/ajax_t163sb04
上游,晶片封測服務,2449,京元電子,2020,2,income_statement,淨利（淨損）歸屬於母公司業主,1981084,"1,981,084",sii,https://mopsov.twse.com.tw/mops/web/ajax_t163sb04
上游,晶片封測服務,2449,京元電子,2020,2,income_statement,淨利（淨損）歸屬於共同控制下前手權益,,--,sii,https://mopsov.twse.com.tw/mops/web/ajax_t163sb04
上游,晶片封測服務,2449,京元電子,2020,2,income_statement,淨利（淨損）歸屬於非控制權益,245,245,sii,https://mopsov.twse.com.tw/mops/web/ajax_t163sb04
上游,晶片封測服務,2449,京元電子,2020,2,income_statement,綜合損益總額歸屬於母公司業主,1827158,"1,827,158",sii,https://mopsov.twse.com.tw/mops/web/ajax_t163sb04
上游,晶片封測服務,2449,京元電子,2020,2,income_statement,綜合損益總額歸屬於共同控制下前手權益,,--,sii,https://mopsov.twse.com.tw/mops/web/ajax_t163sb04
上游,晶片封測服務,2449,京元電子,2020,2,income_statement,綜合損益總額歸屬於非控制權益,222,222,sii,https://mopsov.twse.com.tw/mops/web/ajax_t163sb04
上游,晶片封測服務,2449,京元電子,2020,2,income_statement,基本每股盈餘（元）,1.62,1.62,sii,https://mopsov.twse.com.tw/mops/web/ajax_t163sb04
上游,晶片封測服務,3711,日月光投控,2020,2,income_statement,營業收入,204905928,"204,905,928",sii,https://mopsov.twse.com.tw/mops/web/ajax_t163sb04
上游,晶片封測服務,3711,日月光投控,2020,2,income_statement,營業成本,169940879,"169,940,879",sii,https://mopsov.twse.com.tw/mops/web/ajax_t163sb04
上游,晶片封測服務,3711,日月光投控,2020,2,income_statement,原始認列生物資產及農產品之利益（損失）,,--,sii,https://mopsov.twse.com.tw/mops/web/ajax_t163sb04
上游,晶片封測服務,3711,日月光投控,2020,2,income_statement,生物資產當期公允價值減出售成本之變動利益（損失）,,--,sii,https://mopsov.twse.com.tw/mops/web/ajax_t163sb04
上游,晶片封測服務,3711,日月光投控,2020,2,income_statement,營業毛利（毛損）,34965049,"34,965,049",sii,https://mopsov.twse.com.tw/mops/web/ajax_t163sb04
上游,晶片封測服務,3711,日月光投控,2020,2,income_statement,未實現銷貨（損）益,,--,sii,https://mopsov.twse.com.tw/mops/web/ajax_t163sb04
上游,晶片封測服務,3711,日月光投控,2020,2,income_statement,已實現銷貨（損）益,,--,sii,https://mopsov.twse.com.tw/mops/web/ajax_t163sb04
上游,晶片封測服務,3711,日月光投控,2020,2,income_statement,營業毛利（毛損）淨額,34965049,"34,965,049",sii,https://mopsov.twse.com.tw/mops/web/ajax_t163sb04
上游,晶片封測服務,3711,日月光投控,2020,2,income_statement,營業費用,20475805,"20,475,805",sii,https://mopsov.twse.com.tw/mops/web/ajax_t163sb04
上游,晶片封測服務,3711,日月光投控,2020,2,income_statement,其他收益及費損淨額,,--,sii,https://mopsov.twse.com.tw/mops/web/ajax_t163sb04
上游,晶片封測服務,3711,日月光投控,2020,2,income_statement,營業利益（損失）,14489244,"14,489,244",sii,https://mopsov.twse.com.tw/mops/web/ajax_t163sb04
上游,晶片封測服務,3711,日月光投控,2020,2,income_statement,營業外收入及支出,-373922,"-373,922",sii,https://mopsov.twse.com.tw/mops/web/ajax_t163sb04
上游,晶片封測服務,3711,日月光投控,2020,2,income_statement,稅前淨利（淨損）,14115322,"14,115,322",sii,https://mopsov.twse.com.tw/mops/web/ajax_t163sb04
上游,晶片封測服務,3711,日月光投控,2020,2,income_statement,所得稅費用（利益）,2820578,"2,820,578",sii,https://mopsov.twse.com.tw/mops/web/ajax_t163sb04
上游,晶片封測服務,3711,日月光投控,2020,2,income_statement,繼續營業單位本期淨利（淨損）,11294744,"11,294,744",sii,https://mopsov.twse.com.tw/mops/web/ajax_t163sb04
上游,晶片封測服務,3711,日月光投控,2020,2,income_statement,停業單位損益,,--,sii,https://mopsov.twse.com.tw/mops/web/ajax_t163sb04
上游,晶片封測服務,3711,日月光投控,2020,2,income_statement,合併前非屬共同控制股權損益,,--,sii,https://mopsov.twse.com.tw/mops/web/ajax_t163sb04
上游,晶片封測服務,3711,日月光投控,2020,2,income_statement,本期淨利（淨損）,11294744,"11,294,744",sii,https://mopsov.twse.com.tw/mops/web/ajax_t163sb04
上游,晶片封測服務,3711,日月光投控,2020,2,income_statement,其他綜合損益（淨額）,-3665696,"-3,665,696",sii,https://mopsov.twse.com.tw/mops/web/ajax_t163sb04
上游,晶片封測服務,3711,日月光投控,2020,2,income_statement,合併前非屬共同控制股權綜合損益淨額,,--,sii,https://mopsov.twse.com.tw/mops/web/ajax_t163sb04
上游,晶片封測服務,3711,日月光投控,2020,2,income_statement,本期綜合損益總額,7629048,"7,629,048",sii,https://mopsov.twse.com.tw/mops/web/ajax_t163sb04
上游,晶片封測服務,3711,日月光投控,2020,2,income_statement,淨利（淨損）歸屬於母公司業主,10836225,"10,836,225",sii,https://mopsov.twse.com.tw/mops/web/ajax_t163sb04
上游,晶片封測服務,3711,日月光投控,2020,2,income_statement,淨利（淨損）歸屬於共同控制下前手權益,,--,sii,https://mopsov.twse.com.tw/mops/web/ajax_t163sb04
上游,晶片封測服務,3711,日月光投控,2020,2,income_statement,淨利（淨損）歸屬於非控制權益,458519,"458,519",sii,https://mopsov.twse.com.tw/mops/web/ajax_t163sb04
上游,晶片封測服務,3711,日月光投控,2020,2,income_statement,綜合損益總額歸屬於母公司業主,7439167,"7,439,167",sii,https://mopsov.twse.com.tw/mops/web/ajax_t163sb04
上游,晶片封測服務,3711,日月光投控,2020,2,income_statement,綜合損益總額歸屬於共同控制下前手權益,,--,sii,https://mopsov.twse.com.tw/mops/web/ajax_t163sb04
上游,晶片封測服務,3711,日月光投控,2020,2,income_statement,綜合損益總額歸屬於非控制權益,189881,"189,881",sii,https://mopsov.twse.com.tw/mops/web/ajax_t163sb04
上游,晶片封測服務,3711,日月光投控,2020,2,income_statement,基本每股盈餘（元）,2.54,2.54,sii,https://mopsov.twse.com.tw/mops/web/ajax_t163sb04
上游,晶片封測服務,2449,京元電子,2020,2,balance_sheet,流動資產,14664503,"14,664,503",sii,https://mopsov.twse.com.tw/mops/web/ajax_t163sb05
上游,晶片封測服務,2449,京元電子,2020,2,balance_sheet,非流動資產,42638040,"42,638,040",sii,https://mopsov.twse.com.tw/mops/web/ajax_t163sb05
上游,晶片封測服務,2449,京元電子,2020,2,balance_sheet,資產總計,57302543,"57,302,543",sii,https://mopsov.twse.com.tw/mops/web/ajax_t163sb05
上游,晶片封測服務,2449,京元電子,2020,2,balance_sheet,流動負債,10498067,"10,498,067",sii,https://mopsov.twse.com.tw/mops/web/ajax_t163sb05
上游,晶片封測服務,2449,京元電子,2020,2,balance_sheet,非流動負債,20979578,"20,979,578",sii,https://mopsov.twse.com.tw/mops/web/ajax_t163sb05
上游,晶片封測服務,2449,京元電子,2020,2,balance_sheet,負債總計,31477645,"31,477,645",sii,https://mopsov.twse.com.tw/mops/web/ajax_t163sb05
上游,晶片封測服務,2449,京元電子,2020,2,balance_sheet,股本,12227451,"12,227,451",sii,https://mopsov.twse.com.tw/mops/web/ajax_t163sb05
上游,晶片封測服務,2449,京元電子,2020,2,balance_sheet,權益─具證券性質之虛擬通貨,,--,sii,https://mopsov.twse.com.tw/mops/web/ajax_t163sb05
上游,晶片封測服務,2449,京元電子,2020,2,balance_sheet,資本公積,4588172,"4,588,172",sii,https://mopsov.twse.com.tw/mops/web/ajax_t163sb05
上游,晶片封測服務,2449,京元電子,2020,2,balance_sheet,保留盈餘,9558870,"9,558,870",sii,https://mopsov.twse.com.tw/mops/web/ajax_t163sb05
上游,晶片封測服務,2449,京元電子,2020,2,balance_sheet,其他權益,-556332,"-556,332",sii,https://mopsov.twse.com.tw/mops/web/ajax_t163sb05
上游,晶片封測服務,2449,京元電子,2020,2,balance_sheet,庫藏股票,,--,sii,https://mopsov.twse.com.tw/mops/web/ajax_t163sb05
上游,晶片封測服務,2449,京元電子,2020,2,balance_sheet,歸屬於母公司業主之權益合計,25818161,"25,818,161",sii,https://mopsov.twse.com.tw/mops/web/ajax_t163sb05
上游,晶片封測服務,2449,京元電子,2020,2,balance_sheet,共同控制下前手權益,,--,sii,https://mopsov.twse.com.tw/mops/web/ajax_t163sb05
上游,晶片封測服務,2449,京元電子,2020,2,balance_sheet,合併前非屬共同控制股權,,--,sii,https://mopsov.twse.com.tw/mops/web/ajax_t163sb05
上游,晶片封測服務,2449,京元電子,2020,2,balance_sheet,非控制權益,6737,"6,737",sii,https://mopsov.twse.com.tw/mops/web/ajax_t163sb05
上游,晶片封測服務,2449,京元電子,2020,2,balance_sheet,權益總計,25824898,"25,824,898",sii,https://mopsov.twse.com.tw/mops/web/ajax_t163sb05
上游,晶片封測服務,2449,京元電子,2020,2,balance_sheet,待註銷股本股數（單位：股）,,--,sii,https://mopsov.twse.com.tw/mops/web/ajax_t163sb05
上游,晶片封測服務,2449,京元電子,2020,2,balance_sheet,預收股款（權益項下）之約當發行股數（單位：股）,0,0,sii,https://mopsov.twse.com.tw/mops/web/ajax_t163sb05
上游,晶片封測服務,2449,京元電子,2020,2,balance_sheet,母公司暨子公司所持有之母公司庫藏股股數（單位：股）,0,0,sii,https://mopsov.twse.com.tw/mops/web/ajax_t163sb05
上游,晶片封測服務,2449,京元電子,2020,2,balance_sheet,每股參考淨值,21.11,21.11,sii,https://mopsov.twse.com.tw/mops/web/ajax_t163sb05
上游,晶片封測服務,3711,日月光投控,2020,2,balance_sheet,流動資產,202513498,"202,513,498",sii,https://mopsov.twse.com.tw/mops/web/ajax_t163sb05
上游,晶片封測服務,3711,日月光投控,2020,2,balance_sheet,非流動資產,356078809,"356,078,809",sii,https://mopsov.twse.com.tw/mops/web/ajax_t163sb05
上游,晶片封測服務,3711,日月光投控,2020,2,balance_sheet,資產總計,558592307,"558,592,307",sii,https://mopsov.twse.com.tw/mops/web/ajax_t163sb05
上游,晶片封測服務,3711,日月光投控,2020,2,balance_sheet,流動負債,172624724,"172,624,724",sii,https://mopsov.twse.com.tw/mops/web/ajax_t163sb05
上游,晶片封測服務,3711,日月光投控,2020,2,balance_sheet,非流動負債,172032081,"172,032,081",sii,https://mopsov.twse.com.tw/mops/web/ajax_t163sb05
上游,晶片封測服務,3711,日月光投控,2020,2,balance_sheet,負債總計,344656805,"344,656,805",sii,https://mopsov.twse.com.tw/mops/web/ajax_t163sb05
上游,晶片封測服務,3711,日月光投控,2020,2,balance_sheet,股本,43383571,"43,383,571",sii,https://mopsov.twse.com.tw/mops/web/ajax_t163sb05
上游,晶片封測服務,3711,日月光投控,2020,2,balance_sheet,權益─具證券性質之虛擬通貨,,--,sii,https://mopsov.twse.com.tw/mops/web/ajax_t163sb05
上游,晶片封測服務,3711,日月光投控,2020,2,balance_sheet,資本公積,139500671,"139,500,671",sii,https://mopsov.twse.com.tw/mops/web/ajax_t163sb05
上游,晶片封測服務,3711,日月光投控,2020,2,balance_sheet,保留盈餘,33729335,"33,729,335",sii,https://mopsov.twse.com.tw/mops/web/ajax_t163sb05
上游,晶片封測服務,3711,日月光投控,2020,2,balance_sheet,其他權益,-14245094,"-14,245,094",sii,https://mopsov.twse.com.tw/mops/web/ajax_t163sb05
上游,晶片封測服務,3711,日月光投控,2020,2,balance_sheet,庫藏股票,-1959107,"-1,959,107",sii,https://mopsov.twse.com.tw/mops/web/ajax_t163sb05
上游,晶片封測服務,3711,日月光投控,2020,2,balance_sheet,歸屬於母公司業主之權益合計,200409376,"200,409,376",sii,https://mopsov.twse.com.tw/mops/web/ajax_t163sb05
上游,晶片封測服務,3711,日月光投控,2020,2,balance_sheet,共同控制下前手權益,,--,sii,https://mopsov.twse.com.tw/mops/web/ajax_t163sb05
上游,晶片封測服務,3711,日月光投控,2020,2,balance_sheet,合併前非屬共同控制股權,,--,sii,https://mopsov.twse.com.tw/mops/web/ajax_t163sb05
上游,晶片封測服務,3711,日月光投控,2020,2,balance_sheet,非控制權益,13526126,"13,526,126",sii,https://mopsov.twse.com.tw/mops/web/ajax_t163sb05
上游,晶片封測服務,3711,日月光投控,2020,2,balance_sheet,權益總計,213935502,"213,935,502",sii,https://mopsov.twse.com.tw/mops/web/ajax_t163sb05
上游,晶片封測服務,3711,日月光投控,2020,2,balance_sheet,待註銷股本股數（單位：股）,,--,sii,https://mopsov.twse.com.tw/mops/web/ajax_t163sb05
上游,晶片封測服務,3711,日月光投控,2020,2,balance_sheet,預收股款（權益項下）之約當發行股數（單位：股）,3646000,"3,646,000",sii,https://mopsov.twse.com.tw/mops/web/ajax_t163sb05
上游,晶片封測服務,3711,日月光投控,2020,2,balance_sheet,母公司暨子公司所持有之母公司庫藏股股數（單位：股）,72941505,"72,941,505",sii,https://mopsov.twse.com.tw/mops/web/ajax_t163sb05
上游,晶片封測服務,3711,日月光投控,2020,2,balance_sheet,每股參考淨值,46.98,46.98,sii,https://mopsov.twse.com.tw/mops/web/ajax_t163sb05
上游,晶片封測服務,2449,京元電子,2020,2,cash_flow,營業活動之淨現金流入（流出）,5575045,"5,575,045",sii,https://mopsov.twse.com.tw/mops/web/ajax_t163sb20
上游,晶片封測服務,2449,京元電子,2020,2,cash_flow,投資活動之淨現金流入（流出）,-5392810,"-5,392,810",sii,https://mopsov.twse.com.tw/mops/web/ajax_t163sb20
上游,晶片封測服務,2449,京元電子,2020,2,cash_flow,籌資活動之淨現金流入（流出）,-140427,"-140,427",sii,https://mopsov.twse.com.tw/mops/web/ajax_t163sb20
上游,晶片封測服務,2449,京元電子,2020,2,cash_flow,匯率變動對現金及約當現金之影響,17475,"17,475",sii,https://mopsov.twse.com.tw/mops/web/ajax_t163sb20
上游,晶片封測服務,2449,京元電子,2020,2,cash_flow,本期現金及約當現金增加（減少）數,59283,"59,283",sii,https://mopsov.twse.com.tw/mops/web/ajax_t163sb20
上游,晶片封測服務,2449,京元電子,2020,2,cash_flow,期初現金及約當現金餘額,6166005,"6,166,005",sii,https://mopsov.twse.com.tw/mops/web/ajax_t163sb20
上游,晶片封測服務,2449,京元電子,2020,2,cash_flow,期末現金及約當現金餘額,6225288,"6,225,288",sii,https://mopsov.twse.com.tw/mops/web/ajax_t163sb20
上游,晶片封測服務,3711,日月光投控,2020,2,cash_flow,營業活動之淨現金流入（流出）,33453452,"33,453,452",sii,https://mopsov.twse.com.tw/mops/web/ajax_t163sb20
上游,晶片封測服務,3711,日月光投控,2020,2,cash_flow,投資活動之淨現金流入（流出）,-28495580,"-28,495,580",sii,https://mopsov.twse.com.tw/mops/web/ajax_t163sb20
上游,晶片封測服務,3711,日月光投控,2020,2,cash_flow,籌資活動之淨現金流入（流出）,-5272540,"-5,272,540",sii,https://mopsov.twse.com.tw/mops/web/ajax_t163sb20
上游,晶片封測服務,3711,日月光投控,2020,2,cash_flow,匯率變動對現金及約當現金之影響,-1593338,"-1,593,338",sii,https://mopsov.twse.com.tw/mops/web/ajax_t163sb20
上游,晶片封測服務,3711,日月光投控,2020,2,cash_flow,本期現金及約當現金增加（減少）數,-1908006,"-1,908,006",sii,https://mopsov.twse.com.tw/mops/web/ajax_t163sb20
上游,晶片封測服務,3711,日月光投控,2020,2,cash_flow,期初現金及約當現金餘額,60130875,"60,130,875",sii,https://mopsov.twse.com.tw/mops/web/ajax_t163sb20
上游,晶片封測服務,3711,日月光投控,2020,2,cash_flow,期末現金及約當現金餘額,58222869,"58,222,869",sii,https://mopsov.twse.com.tw/mops/web/ajax_t163sb20
上游,晶片封測服務,2449,京元電子,2020,3,income_statement,營業收入,22022246,"22,022,246",sii,https://mopsov.twse.com.tw/mops/web/ajax_t163sb04
上游,晶片封測服務,2449,京元電子,2020,3,income_statement,營業成本,15648718,"15,648,718",sii,https://mopsov.twse.com.tw/mops/web/ajax_t163sb04
上游,晶片封測服務,2449,京元電子,2020,3,income_statement,原始認列生物資產及農產品之利益（損失）,,--,sii,https://mopsov.twse.com.tw/mops/web/ajax_t163sb04
上游,晶片封測服務,2449,京元電子,2020,3,income_statement,生物資產當期公允價值減出售成本之變動利益（損失）,,--,sii,https://mopsov.twse.com.tw/mops/web/ajax_t163sb04
上游,晶片封測服務,2449,京元電子,2020,3,income_statement,營業毛利（毛損）,6373528,"6,373,528",sii,https://mopsov.twse.com.tw/mops/web/ajax_t163sb04
上游,晶片封測服務,2449,京元電子,2020,3,income_statement,未實現銷貨（損）益,,--,sii,https://mopsov.twse.com.tw/mops/web/ajax_t163sb04
上游,晶片封測服務,2449,京元電子,2020,3,income_statement,已實現銷貨（損）益,,--,sii,https://mopsov.twse.com.tw/mops/web/ajax_t163sb04
上游,晶片封測服務,2449,京元電子,2020,3,income_statement,營業毛利（毛損）淨額,6373528,"6,373,528",sii,https://mopsov.twse.com.tw/mops/web/ajax_t163sb04
上游,晶片封測服務,2449,京元電子,2020,3,income_statement,營業費用,2428763,"2,428,763",sii,https://mopsov.twse.com.tw/mops/web/ajax_t163sb04
上游,晶片封測服務,2449,京元電子,2020,3,income_statement,其他收益及費損淨額,,--,sii,https://mopsov.twse.com.tw/mops/web/ajax_t163sb04
上游,晶片封測服務,2449,京元電子,2020,3,income_statement,營業利益（損失）,3944765,"3,944,765",sii,https://mopsov.twse.com.tw/mops/web/ajax_t163sb04
上游,晶片封測服務,2449,京元電子,2020,3,income_statement,營業外收入及支出,-70272,"-70,272",sii,https://mopsov.twse.com.tw/mops/web/ajax_t163sb04
上游,晶片封測服務,2449,京元電子,2020,3,income_statement,稅前淨利（淨損）,3874493,"3,874,493",sii,https://mopsov.twse.com.tw/mops/web/ajax_t163sb04
上游,晶片封測服務,2449,京元電子,2020,3,income_statement,所得稅費用（利益）,930833,"930,833",sii,https://mopsov.twse.com.tw/mops/web/ajax_t163sb04
上游,晶片封測服務,2449,京元電子,2020,3,income_statement,繼續營業單位本期淨利（淨損）,2943660,"2,943,660",sii,https://mopsov.twse.com.tw/mops/web/ajax_t163sb04
上游,晶片封測服務,2449,京元電子,2020,3,income_statement,停業單位損益,,--,sii,https://mopsov.twse.com.tw/mops/web/ajax_t163sb04
上游,晶片封測服務,2449,京元電子,2020,3,income_statement,合併前非屬共同控制股權損益,,--,sii,https://mopsov.twse.com.tw/mops/web/ajax_t163sb04
上游,晶片封測服務,2449,京元電子,2020,3,income_statement,本期淨利（淨損）,2943660,"2,943,660",sii,https://mopsov.twse.com.tw/mops/web/ajax_t163sb04
上游,晶片封測服務,2449,京元電子,2020,3,income_statement,其他綜合損益（淨額）,580264,"580,264",sii,https://mopsov.twse.com.tw/mops/web/ajax_t163sb04
上游,晶片封測服務,2449,京元電子,2020,3,income_statement,合併前非屬共同控制股權綜合損益淨額,,--,sii,https://mopsov.twse.com.tw/mops/web/ajax_t163sb04
上游,晶片封測服務,2449,京元電子,2020,3,income_statement,本期綜合損益總額,3523924,"3,523,924",sii,https://mopsov.twse.com.tw/mops/web/ajax_t163sb04
上游,晶片封測服務,2449,京元電子,2020,3,income_statement,淨利（淨損）歸屬於母公司業主,2943320,"2,943,320",sii,https://mopsov.twse.com.tw/mops/web/ajax_t163sb04
上游,晶片封測服務,2449,京元電子,2020,3,income_statement,淨利（淨損）歸屬於共同控制下前手權益,,--,sii,https://mopsov.twse.com.tw/mops/web/ajax_t163sb04
上游,晶片封測服務,2449,京元電子,2020,3,income_statement,淨利（淨損）歸屬於非控制權益,340,340,sii,https://mopsov.twse.com.tw/mops/web/ajax_t163sb04
上游,晶片封測服務,2449,京元電子,2020,3,income_statement,綜合損益總額歸屬於母公司業主,3523597,"3,523,597",sii,https://mopsov.twse.com.tw/mops/web/ajax_t163sb04
上游,晶片封測服務,2449,京元電子,2020,3,income_statement,綜合損益總額歸屬於共同控制下前手權益,,--,sii,https://mopsov.twse.com.tw/mops/web/ajax_t163sb04
上游,晶片封測服務,2449,京元電子,2020,3,income_statement,綜合損益總額歸屬於非控制權益,327,327,sii,https://mopsov.twse.com.tw/mops/web/ajax_t163sb04
上游,晶片封測服務,2449,京元電子,2020,3,income_statement,基本每股盈餘（元）,2.41,2.41,sii,https://mopsov.twse.com.tw/mops/web/ajax_t163sb04
上游,晶片封測服務,3711,日月光投控,2020,3,income_statement,營業收入,328101327,"328,101,327",sii,https://mopsov.twse.com.tw/mops/web/ajax_t163sb04
上游,晶片封測服務,3711,日月光投控,2020,3,income_statement,營業成本,273416470,"273,416,470",sii,https://mopsov.twse.com.tw/mops/web/ajax_t163sb04
上游,晶片封測服務,3711,日月光投控,2020,3,income_statement,原始認列生物資產及農產品之利益（損失）,,--,sii,https://mopsov.twse.com.tw/mops/web/ajax_t163sb04
上游,晶片封測服務,3711,日月光投控,2020,3,income_statement,生物資產當期公允價值減出售成本之變動利益（損失）,,--,sii,https://mopsov.twse.com.tw/mops/web/ajax_t163sb04
上游,晶片封測服務,3711,日月光投控,2020,3,income_statement,營業毛利（毛損）,54684857,"54,684,857",sii,https://mopsov.twse.com.tw/mops/web/ajax_t163sb04
上游,晶片封測服務,3711,日月光投控,2020,3,income_statement,未實現銷貨（損）益,,--,sii,https://mopsov.twse.com.tw/mops/web/ajax_t163sb04
上游,晶片封測服務,3711,日月光投控,2020,3,income_statement,已實現銷貨（損）益,,--,sii,https://mopsov.twse.com.tw/mops/web/ajax_t163sb04
上游,晶片封測服務,3711,日月光投控,2020,3,income_statement,營業毛利（毛損）淨額,54684857,"54,684,857",sii,https://mopsov.twse.com.tw/mops/web/ajax_t163sb04
上游,晶片封測服務,3711,日月光投控,2020,3,income_statement,營業費用,31054520,"31,054,520",sii,https://mopsov.twse.com.tw/mops/web/ajax_t163sb04
上游,晶片封測服務,3711,日月光投控,2020,3,income_statement,其他收益及費損淨額,,--,sii,https://mopsov.twse.com.tw/mops/web/ajax_t163sb04
上游,晶片封測服務,3711,日月光投控,2020,3,income_statement,營業利益（損失）,23630337,"23,630,337",sii,https://mopsov.twse.com.tw/mops/web/ajax_t163sb04
上游,晶片封測服務,3711,日月光投控,2020,3,income_statement,營業外收入及支出,-500539,"-500,539",sii,https://mopsov.twse.com.tw/mops/web/ajax_t163sb04
上游,晶片封測服務,3711,日月光投控,2020,3,income_statement,稅前淨利（淨損）,23129798,"23,129,798",sii,https://mopsov.twse.com.tw/mops/web/ajax_t163sb04
上游,晶片封測服務,3711,日月光投控,2020,3,income_statement,所得稅費用（利益）,4617727,"4,617,727",sii,https://mopsov.twse.com.tw/mops/web/ajax_t163sb04
上游,晶片封測服務,3711,日月光投控,2020,3,income_statement,繼續營業單位本期淨利（淨損）,18512071,"18,512,071",sii,https://mopsov.twse.com.tw/mops/web/ajax_t163sb04
上游,晶片封測服務,3711,日月光投控,2020,3,income_statement,停業單位損益,,--,sii,https://mopsov.twse.com.tw/mops/web/ajax_t163sb04
上游,晶片封測服務,3711,日月光投控,2020,3,income_statement,合併前非屬共同控制股權損益,,--,sii,https://mopsov.twse.com.tw/mops/web/ajax_t163sb04
上游,晶片封測服務,3711,日月光投控,2020,3,income_statement,本期淨利（淨損）,18512071,"18,512,071",sii,https://mopsov.twse.com.tw/mops/web/ajax_t163sb04
上游,晶片封測服務,3711,日月光投控,2020,3,income_statement,其他綜合損益（淨額）,-1840262,"-1,840,262",sii,https://mopsov.twse.com.tw/mops/web/ajax_t163sb04
上游,晶片封測服務,3711,日月光投控,2020,3,income_statement,合併前非屬共同控制股權綜合損益淨額,,--,sii,https://mopsov.twse.com.tw/mops/web/ajax_t163sb04
上游,晶片封測服務,3711,日月光投控,2020,3,income_statement,本期綜合損益總額,16671809,"16,671,809",sii,https://mopsov.twse.com.tw/mops/web/ajax_t163sb04
上游,晶片封測服務,3711,日月光投控,2020,3,income_statement,淨利（淨損）歸屬於母公司業主,17548945,"17,548,945",sii,https://mopsov.twse.com.tw/mops/web/ajax_t163sb04
上游,晶片封測服務,3711,日月光投控,2020,3,income_statement,淨利（淨損）歸屬於共同控制下前手權益,,--,sii,https://mopsov.twse.com.tw/mops/web/ajax_t163sb04
上游,晶片封測服務,3711,日月光投控,2020,3,income_statement,淨利（淨損）歸屬於非控制權益,963126,"963,126",sii,https://mopsov.twse.com.tw/mops/web/ajax_t163sb04
上游,晶片封測服務,3711,日月光投控,2020,3,income_statement,綜合損益總額歸屬於母公司業主,15795593,"15,795,593",sii,https://mopsov.twse.com.tw/mops/web/ajax_t163sb04
上游,晶片封測服務,3711,日月光投控,2020,3,income_statement,綜合損益總額歸屬於共同控制下前手權益,,--,sii,https://mopsov.twse.com.tw/mops/web/ajax_t163sb04
上游,晶片封測服務,3711,日月光投控,2020,3,income_statement,綜合損益總額歸屬於非控制權益,876216,"876,216",sii,https://mopsov.twse.com.tw/mops/web/ajax_t163sb04
上游,晶片封測服務,3711,日月光投控,2020,3,income_statement,基本每股盈餘（元）,4.12,4.12,sii,https://mopsov.twse.com.tw/mops/web/ajax_t163sb04
上游,晶片封測服務,2449,京元電子,2020,3,balance_sheet,流動資產,16285190,"16,285,190",sii,https://mopsov.twse.com.tw/mops/web/ajax_t163sb05
上游,晶片封測服務,2449,京元電子,2020,3,balance_sheet,非流動資產,44018145,"44,018,145",sii,https://mopsov.twse.com.tw/mops/web/ajax_t163sb05
上游,晶片封測服務,2449,京元電子,2020,3,balance_sheet,資產總計,60303335,"60,303,335",sii,https://mopsov.twse.com.tw/mops/web/ajax_t163sb05
上游,晶片封測服務,2449,京元電子,2020,3,balance_sheet,流動負債,8164281,"8,164,281",sii,https://mopsov.twse.com.tw/mops/web/ajax_t163sb05
上游,晶片封測服務,2449,京元電子,2020,3,balance_sheet,非流動負債,24617612,"24,617,612",sii,https://mopsov.twse.com.tw/mops/web/ajax_t163sb05
上游,晶片封測服務,2449,京元電子,2020,3,balance_sheet,負債總計,32781893,"32,781,893",sii,https://mopsov.twse.com.tw/mops/web/ajax_t163sb05
上游,晶片封測服務,2449,京元電子,2020,3,balance_sheet,股本,12227451,"12,227,451",sii,https://mopsov.twse.com.tw/mops/web/ajax_t163sb05
上游,晶片封測服務,2449,京元電子,2020,3,balance_sheet,權益─具證券性質之虛擬通貨,,--,sii,https://mopsov.twse.com.tw/mops/web/ajax_t163sb05
上游,晶片封測服務,2449,京元電子,2020,3,balance_sheet,資本公積,4588172,"4,588,172",sii,https://mopsov.twse.com.tw/mops/web/ajax_t163sb05
上游,晶片封測服務,2449,京元電子,2020,3,balance_sheet,保留盈餘,10521106,"10,521,106",sii,https://mopsov.twse.com.tw/mops/web/ajax_t163sb05
上游,晶片封測服務,2449,京元電子,2020,3,balance_sheet,其他權益,177871,"177,871",sii,https://mopsov.twse.com.tw/mops/web/ajax_t163sb05
上游,晶片封測服務,2449,京元電子,2020,3,balance_sheet,庫藏股票,,--,sii,https://mopsov.twse.com.tw/mops/web/ajax_t163sb05
上游,晶片封測服務,2449,京元電子,2020,3,balance_sheet,歸屬於母公司業主之權益合計,27514600,"27,514,600",sii,https://mopsov.twse.com.tw/mops/web/ajax_t163sb05
上游,晶片封測服務,2449,京元電子,2020,3,balance_sheet,共同控制下前手權益,,--,sii,https://mopsov.twse.com.tw/mops/web/ajax_t163sb05
上游,晶片封測服務,2449,京元電子,2020,3,balance_sheet,合併前非屬共同控制股權,,--,sii,https://mopsov.twse.com.tw/mops/web/ajax_t163sb05
上游,晶片封測服務,2449,京元電子,2020,3,balance_sheet,非控制權益,6842,"6,842",sii,https://mopsov.twse.com.tw/mops/web/ajax_t163sb05
上游,晶片封測服務,2449,京元電子,2020,3,balance_sheet,權益總計,27521442,"27,521,442",sii,https://mopsov.twse.com.tw/mops/web/ajax_t163sb05
上游,晶片封測服務,2449,京元電子,2020,3,balance_sheet,待註銷股本股數（單位：股）,,--,sii,https://mopsov.twse.com.tw/mops/web/ajax_t163sb05
上游,晶片封測服務,2449,京元電子,2020,3,balance_sheet,預收股款（權益項下）之約當發行股數（單位：股）,0,0,sii,https://mopsov.twse.com.tw/mops/web/ajax_t163sb05
上游,晶片封測服務,2449,京元電子,2020,3,balance_sheet,母公司暨子公司所持有之母公司庫藏股股數（單位：股）,0,0,sii,https://mopsov.twse.com.tw/mops/web/ajax_t163sb05
上游,晶片封測服務,2449,京元電子,2020,3,balance_sheet,每股參考淨值,22.5,22.50,sii,https://mopsov.twse.com.tw/mops/web/ajax_t163sb05
上游,晶片封測服務,3711,日月光投控,2020,3,balance_sheet,流動資產,233640303,"233,640,303",sii,https://mopsov.twse.com.tw/mops/web/ajax_t163sb05
上游,晶片封測服務,3711,日月光投控,2020,3,balance_sheet,非流動資產,347909906,"347,909,906",sii,https://mopsov.twse.com.tw/mops/web/ajax_t163sb05
上游,晶片封測服務,3711,日月光投控,2020,3,balance_sheet,資產總計,581550209,"581,550,209",sii,https://mopsov.twse.com.tw/mops/web/ajax_t163sb05
上游,晶片封測服務,3711,日月光投控,2020,3,balance_sheet,流動負債,175474455,"175,474,455",sii,https://mopsov.twse.com.tw/mops/web/ajax_t163sb05
上游,晶片封測服務,3711,日月光投控,2020,3,balance_sheet,非流動負債,188532586,"188,532,586",sii,https://mopsov.twse.com.tw/mops/web/ajax_t163sb05
上游,晶片封測服務,3711,日月光投控,2020,3,balance_sheet,負債總計,364007041,"364,007,041",sii,https://mopsov.twse.com.tw/mops/web/ajax_t163sb05
上游,晶片封測服務,3711,日月光投控,2020,3,balance_sheet,股本,43385411,"43,385,411",sii,https://mopsov.twse.com.tw/mops/web/ajax_t163sb05
上游,晶片封測服務,3711,日月光投控,2020,3,balance_sheet,權益─具證券性質之虛擬通貨,,--,sii,https://mopsov.twse.com.tw/mops/web/ajax_t163sb05
上游,晶片封測服務,3711,日月光投控,2020,3,balance_sheet,資本公積,139002798,"139,002,798",sii,https://mopsov.twse.com.tw/mops/web/ajax_t163sb05
上游,晶片封測服務,3711,日月光投控,2020,3,balance_sheet,保留盈餘,37715008,"37,715,008",sii,https://mopsov.twse.com.tw/mops/web/ajax_t163sb05
上游,晶片封測服務,3711,日月光投控,2020,3,balance_sheet,其他權益,-12634176,"-12,634,176",sii,https://mopsov.twse.com.tw/mops/web/ajax_t163sb05
上游,晶片封測服務,3711,日月光投控,2020,3,balance_sheet,庫藏股票,-1959107,"-1,959,107",sii,https://mopsov.twse.com.tw/mops/web/ajax_t163sb05
上游,晶片封測服務,3711,日月光投控,2020,3,balance_sheet,歸屬於母公司業主之權益合計,205509934,"205,509,934",sii,https://mopsov.twse.com.tw/mops/web/ajax_t163sb05
上游,晶片封測服務,3711,日月光投控,2020,3,balance_sheet,共同控制下前手權益,,--,sii,https://mopsov.twse.com.tw/mops/web/ajax_t163sb05
上游,晶片封測服務,3711,日月光投控,2020,3,balance_sheet,合併前非屬共同控制股權,,--,sii,https://mopsov.twse.com.tw/mops/web/ajax_t163sb05
上游,晶片封測服務,3711,日月光投控,2020,3,balance_sheet,非控制權益,12033234,"12,033,234",sii,https://mopsov.twse.com.tw/mops/web/ajax_t163sb05
上游,晶片封測服務,3711,日月光投控,2020,3,balance_sheet,權益總計,217543168,"217,543,168",sii,https://mopsov.twse.com.tw/mops/web/ajax_t163sb05
上游,晶片封測服務,3711,日月光投控,2020,3,balance_sheet,待註銷股本股數（單位：股）,,--,sii,https://mopsov.twse.com.tw/mops/web/ajax_t163sb05
上游,晶片封測服務,3711,日月光投控,2020,3,balance_sheet,預收股款（權益項下）之約當發行股數（單位：股）,196000,"196,000",sii,https://mopsov.twse.com.tw/mops/web/ajax_t163sb05
上游,晶片封測服務,3711,日月光投控,2020,3,balance_sheet,母公司暨子公司所持有之母公司庫藏股股數（單位：股）,72941505,"72,941,505",sii,https://mopsov.twse.com.tw/mops/web/ajax_t163sb05
上游,晶片封測服務,3711,日月光投控,2020,3,balance_sheet,每股參考淨值,48.18,48.18,sii,https://mopsov.twse.com.tw/mops/web/ajax_t163sb05
上游,晶片封測服務,2449,京元電子,2020,3,cash_flow,營業活動之淨現金流入（流出）,8479426,"8,479,426",sii,https://mopsov.twse.com.tw/mops/web/ajax_t163sb20
上游,晶片封測服務,2449,京元電子,2020,3,cash_flow,投資活動之淨現金流入（流出）,-7887189,"-7,887,189",sii,https://mopsov.twse.com.tw/mops/web/ajax_t163sb20
上游,晶片封測服務,2449,京元電子,2020,3,cash_flow,籌資活動之淨現金流入（流出）,1390174,"1,390,174",sii,https://mopsov.twse.com.tw/mops/web/ajax_t163sb20
上游,晶片封測服務,2449,京元電子,2020,3,cash_flow,匯率變動對現金及約當現金之影響,18230,"18,230",sii,https://mopsov.twse.com.tw/mops/web/ajax_t163sb20
上游,晶片封測服務,2449,京元電子,2020,3,cash_flow,本期現金及約當現金增加（減少）數,2000641,"2,000,641",sii,https://mopsov.twse.com.tw/mops/web/ajax_t163sb20
上游,晶片封測服務,2449,京元電子,2020,3,cash_flow,期初現金及約當現金餘額,6166005,"6,166,005",sii,https://mopsov.twse.com.tw/mops/web/ajax_t163sb20
上游,晶片封測服務,2449,京元電子,2020,3,cash_flow,期末現金及約當現金餘額,8166646,"8,166,646",sii,https://mopsov.twse.com.tw/mops/web/ajax_t163sb20
上游,晶片封測服務,3711,日月光投控,2020,3,cash_flow,營業活動之淨現金流入（流出）,46939013,"46,939,013",sii,https://mopsov.twse.com.tw/mops/web/ajax_t163sb20
上游,晶片封測服務,3711,日月光投控,2020,3,cash_flow,投資活動之淨現金流入（流出）,-40948469,"-40,948,469",sii,https://mopsov.twse.com.tw/mops/web/ajax_t163sb20
上游,晶片封測服務,3711,日月光投控,2020,3,cash_flow,籌資活動之淨現金流入（流出）,-7298334,"-7,298,334",sii,https://mopsov.twse.com.tw/mops/web/ajax_t163sb20
上游,晶片封測服務,3711,日月光投控,2020,3,cash_flow,匯率變動對現金及約當現金之影響,-1349907,"-1,349,907",sii,https://mopsov.twse.com.tw/mops/web/ajax_t163sb20
上游,晶片封測服務,3711,日月光投控,2020,3,cash_flow,本期現金及約當現金增加（減少）數,-2657697,"-2,657,697",sii,https://mopsov.twse.com.tw/mops/web/ajax_t163sb20
上游,晶片封測服務,3711,日月光投控,2020,3,cash_flow,期初現金及約當現金餘額,60130875,"60,130,875",sii,https://mopsov.twse.com.tw/mops/web/ajax_t163sb20
上游,晶片封測服務,3711,日月光投控,2020,3,cash_flow,期末現金及約當現金餘額,57473178,"57,473,178",sii,https://mopsov.twse.com.tw/mops/web/ajax_t163sb20
上游,晶片封測服務,2449,京元電子,2020,4,income_statement,營業收入,28959304,"28,959,304",sii,https://mopsov.twse.com.tw/mops/web/ajax_t163sb04
上游,晶片封測服務,2449,京元電子,2020,4,income_statement,營業成本,21005316,"21,005,316",sii,https://mopsov.twse.com.tw/mops/web/ajax_t163sb04
上游,晶片封測服務,2449,京元電子,2020,4,income_statement,原始認列生物資產及農產品之利益（損失）,,--,sii,https://mopsov.twse.com.tw/mops/web/ajax_t163sb04
上游,晶片封測服務,2449,京元電子,2020,4,income_statement,生物資產當期公允價值減出售成本之變動利益（損失）,,--,sii,https://mopsov.twse.com.tw/mops/web/ajax_t163sb04
上游,晶片封測服務,2449,京元電子,2020,4,income_statement,營業毛利（毛損）,7953988,"7,953,988",sii,https://mopsov.twse.com.tw/mops/web/ajax_t163sb04
上游,晶片封測服務,2449,京元電子,2020,4,income_statement,未實現銷貨（損）益,,--,sii,https://mopsov.twse.com.tw/mops/web/ajax_t163sb04
上游,晶片封測服務,2449,京元電子,2020,4,income_statement,已實現銷貨（損）益,,--,sii,https://mopsov.twse.com.tw/mops/web/ajax_t163sb04
上游,晶片封測服務,2449,京元電子,2020,4,income_statement,營業毛利（毛損）淨額,7953988,"7,953,988",sii,https://mopsov.twse.com.tw/mops/web/ajax_t163sb04
上游,晶片封測服務,2449,京元電子,2020,4,income_statement,營業費用,3303277,"3,303,277",sii,https://mopsov.twse.com.tw/mops/web/ajax_t163sb04
上游,晶片封測服務,2449,京元電子,2020,4,income_statement,其他收益及費損淨額,,--,sii,https://mopsov.twse.com.tw/mops/web/ajax_t163sb04
上游,晶片封測服務,2449,京元電子,2020,4,income_statement,營業利益（損失）,4650711,"4,650,711",sii,https://mopsov.twse.com.tw/mops/web/ajax_t163sb04
上游,晶片封測服務,2449,京元電子,2020,4,income_statement,營業外收入及支出,-107056,"-107,056",sii,https://mopsov.twse.com.tw/mops/web/ajax_t163sb04
上游,晶片封測服務,2449,京元電子,2020,4,income_statement,稅前淨利（淨損）,4543655,"4,543,655",sii,https://mopsov.twse.com.tw/mops/web/ajax_t163sb04
上游,晶片封測服務,2449,京元電子,2020,4,income_statement,所得稅費用（利益）,906515,"906,515",sii,https://mopsov.twse.com.tw/mops/web/ajax_t163sb04
上游,晶片封測服務,2449,京元電子,2020,4,income_statement,繼續營業單位本期淨利（淨損）,3637140,"3,637,140",sii,https://mopsov.twse.com.tw/mops/web/ajax_t163sb04
上游,晶片封測服務,2449,京元電子,2020,4,income_statement,停業單位損益,,--,sii,https://mopsov.twse.com.tw/mops/web/ajax_t163sb04
上游,晶片封測服務,2449,京元電子,2020,4,income_statement,合併前非屬共同控制股權損益,,--,sii,https://mopsov.twse.com.tw/mops/web/ajax_t163sb04
上游,晶片封測服務,2449,京元電子,2020,4,income_statement,本期淨利（淨損）,3637140,"3,637,140",sii,https://mopsov.twse.com.tw/mops/web/ajax_t163sb04
上游,晶片封測服務,2449,京元電子,2020,4,income_statement,其他綜合損益（淨額）,1691418,"1,691,418",sii,https://mopsov.twse.com.tw/mops/web/ajax_t163sb04
上游,晶片封測服務,2449,京元電子,2020,4,income_statement,合併前非屬共同控制股權綜合損益淨額,,--,sii,https://mopsov.twse.com.tw/mops/web/ajax_t163sb04
上游,晶片封測服務,2449,京元電子,2020,4,income_statement,本期綜合損益總額,5328558,"5,328,558",sii,https://mopsov.twse.com.tw/mops/web/ajax_t163sb04
上游,晶片封測服務,2449,京元電子,2020,4,income_statement,淨利（淨損）歸屬於母公司業主,3636653,"3,636,653",sii,https://mopsov.twse.com.tw/mops/web/ajax_t163sb04
上游,晶片封測服務,2449,京元電子,2020,4,income_statement,淨利（淨損）歸屬於共同控制下前手權益,,--,sii,https://mopsov.twse.com.tw/mops/web/ajax_t163sb04
上游,晶片封測服務,2449,京元電子,2020,4,income_statement,淨利（淨損）歸屬於非控制權益,487,487,sii,https://mopsov.twse.com.tw/mops/web/ajax_t163sb04
上游,晶片封測服務,2449,京元電子,2020,4,income_statement,綜合損益總額歸屬於母公司業主,5328068,"5,328,068",sii,https://mopsov.twse.com.tw/mops/web/ajax_t163sb04
上游,晶片封測服務,2449,京元電子,2020,4,income_statement,綜合損益總額歸屬於共同控制下前手權益,,--,sii,https://mopsov.twse.com.tw/mops/web/ajax_t163sb04
上游,晶片封測服務,2449,京元電子,2020,4,income_statement,綜合損益總額歸屬於非控制權益,490,490,sii,https://mopsov.twse.com.tw/mops/web/ajax_t163sb04
上游,晶片封測服務,2449,京元電子,2020,4,income_statement,基本每股盈餘（元）,2.97,2.97,sii,https://mopsov.twse.com.tw/mops/web/ajax_t163sb04
上游,晶片封測服務,3711,日月光投控,2020,4,income_statement,營業收入,476978710,"476,978,710",sii,https://mopsov.twse.com.tw/mops/web/ajax_t163sb04
上游,晶片封測服務,3711,日月光投控,2020,4,income_statement,營業成本,398994442,"398,994,442",sii,https://mopsov.twse.com.tw/mops/web/ajax_t163sb04
上游,晶片封測服務,3711,日月光投控,2020,4,income_statement,原始認列生物資產及農產品之利益（損失）,,--,sii,https://mopsov.twse.com.tw/mops/web/ajax_t163sb04
上游,晶片封測服務,3711,日月光投控,2020,4,income_statement,生物資產當期公允價值減出售成本之變動利益（損失）,,--,sii,https://mopsov.twse.com.tw/mops/web/ajax_t163sb04
上游,晶片封測服務,3711,日月光投控,2020,4,income_statement,營業毛利（毛損）,77984268,"77,984,268",sii,https://mopsov.twse.com.tw/mops/web/ajax_t163sb04
上游,晶片封測服務,3711,日月光投控,2020,4,income_statement,未實現銷貨（損）益,,--,sii,https://mopsov.twse.com.tw/mops/web/ajax_t163sb04
上游,晶片封測服務,3711,日月光投控,2020,4,income_statement,已實現銷貨（損）益,,--,sii,https://mopsov.twse.com.tw/mops/web/ajax_t163sb04
上游,晶片封測服務,3711,日月光投控,2020,4,income_statement,營業毛利（毛損）淨額,77984268,"77,984,268",sii,https://mopsov.twse.com.tw/mops/web/ajax_t163sb04
上游,晶片封測服務,3711,日月光投控,2020,4,income_statement,營業費用,43108186,"43,108,186",sii,https://mopsov.twse.com.tw/mops/web/ajax_t163sb04
上游,晶片封測服務,3711,日月光投控,2020,4,income_statement,其他收益及費損淨額,,--,sii,https://mopsov.twse.com.tw/mops/web/ajax_t163sb04
上游,晶片封測服務,3711,日月光投控,2020,4,income_statement,營業利益（損失）,34876082,"34,876,082",sii,https://mopsov.twse.com.tw/mops/web/ajax_t163sb04
上游,晶片封測服務,3711,日月光投控,2020,4,income_statement,營業外收入及支出,857597,"857,597",sii,https://mopsov.twse.com.tw/mops/web/ajax_t163sb04
上游,晶片封測服務,3711,日月光投控,2020,4,income_statement,稅前淨利（淨損）,35733679,"35,733,679",sii,https://mopsov.twse.com.tw/mops/web/ajax_t163sb04
上游,晶片封測服務,3711,日月光投控,2020,4,income_statement,所得稅費用（利益）,6456899,"6,456,899",sii,https://mopsov.twse.com.tw/mops/web/ajax_t163sb04
上游,晶片封測服務,3711,日月光投控,2020,4,income_statement,繼續營業單位本期淨利（淨損）,29276780,"29,276,780",sii,https://mopsov.twse.com.tw/mops/web/ajax_t163sb04
上游,晶片封測服務,3711,日月光投控,2020,4,income_statement,停業單位損益,,--,sii,https://mopsov.twse.com.tw/mops/web/ajax_t163sb04
上游,晶片封測服務,3711,日月光投控,2020,4,income_statement,合併前非屬共同控制股權損益,,--,sii,https://mopsov.twse.com.tw/mops/web/ajax_t163sb04
上游,晶片封測服務,3711,日月光投控,2020,4,income_statement,本期淨利（淨損）,29276780,"29,276,780",sii,https://mopsov.twse.com.tw/mops/web/ajax_t163sb04
上游,晶片封測服務,3711,日月光投控,2020,4,income_statement,其他綜合損益（淨額）,851503,"851,503",sii,https://mopsov.twse.com.tw/mops/web/ajax_t163sb04
上游,晶片封測服務,3711,日月光投控,2020,4,income_statement,合併前非屬共同控制股權綜合損益淨額,,--,sii,https://mopsov.twse.com.tw/mops/web/ajax_t163sb04
上游,晶片封測服務,3711,日月光投控,2020,4,income_statement,本期綜合損益總額,30128283,"30,128,283",sii,https://mopsov.twse.com.tw/mops/web/ajax_t163sb04
上游,晶片封測服務,3711,日月光投控,2020,4,income_statement,淨利（淨損）歸屬於母公司業主,27592979,"27,592,979",sii,https://mopsov.twse.com.tw/mops/web/ajax_t163sb04
上游,晶片封測服務,3711,日月光投控,2020,4,income_statement,淨利（淨損）歸屬於共同控制下前手權益,,--,sii,https://mopsov.twse.com.tw/mops/web/ajax_t163sb04
上游,晶片封測服務,3711,日月光投控,2020,4,income_statement,淨利（淨損）歸屬於非控制權益,1683801,"1,683,801",sii,https://mopsov.twse.com.tw/mops/web/ajax_t163sb04
上游,晶片封測服務,3711,日月光投控,2020,4,income_statement,綜合損益總額歸屬於母公司業主,28419315,"28,419,315",sii,https://mopsov.twse.com.tw/mops/web/ajax_t163sb04
上游,晶片封測服務,3711,日月光投控,2020,4,income_statement,綜合損益總額歸屬於共同控制下前手權益,,--,sii,https://mopsov.twse.com.tw/mops/web/ajax_t163sb04
上游,晶片封測服務,3711,日月光投控,2020,4,income_statement,綜合損益總額歸屬於非控制權益,1708968,"1,708,968",sii,https://mopsov.twse.com.tw/mops/web/ajax_t163sb04
上游,晶片封測服務,3711,日月光投控,2020,4,income_statement,基本每股盈餘（元）,6.47,6.47,sii,https://mopsov.twse.com.tw/mops/web/ajax_t163sb04
上游,晶片封測服務,2449,京元電子,2020,4,balance_sheet,流動資產,15811876,"15,811,876",sii,https://mopsov.twse.com.tw/mops/web/ajax_t163sb05
上游,晶片封測服務,2449,京元電子,2020,4,balance_sheet,非流動資產,45503642,"45,503,642",sii,https://mopsov.twse.com.tw/mops/web/ajax_t163sb05
上游,晶片封測服務,2449,京元電子,2020,4,balance_sheet,資產總計,61315518,"61,315,518",sii,https://mopsov.twse.com.tw/mops/web/ajax_t163sb05
上游,晶片封測服務,2449,京元電子,2020,4,balance_sheet,流動負債,8219797,"8,219,797",sii,https://mopsov.twse.com.tw/mops/web/ajax_t163sb05
上游,晶片封測服務,2449,京元電子,2020,4,balance_sheet,非流動負債,23769645,"23,769,645",sii,https://mopsov.twse.com.tw/mops/web/ajax_t163sb05
上游,晶片封測服務,2449,京元電子,2020,4,balance_sheet,負債總計,31989442,"31,989,442",sii,https://mopsov.twse.com.tw/mops/web/ajax_t163sb05
上游,晶片封測服務,2449,京元電子,2020,4,balance_sheet,股本,12227451,"12,227,451",sii,https://mopsov.twse.com.tw/mops/web/ajax_t163sb05
上游,晶片封測服務,2449,京元電子,2020,4,balance_sheet,權益─具證券性質之虛擬通貨,,--,sii,https://mopsov.twse.com.tw/mops/web/ajax_t163sb05
上游,晶片封測服務,2449,京元電子,2020,4,balance_sheet,資本公積,4588172,"4,588,172",sii,https://mopsov.twse.com.tw/mops/web/ajax_t163sb05
上游,晶片封測服務,2449,京元電子,2020,4,balance_sheet,保留盈餘,11206995,"11,206,995",sii,https://mopsov.twse.com.tw/mops/web/ajax_t163sb05
上游,晶片封測服務,2449,京元電子,2020,4,balance_sheet,其他權益,1296453,"1,296,453",sii,https://mopsov.twse.com.tw/mops/web/ajax_t163sb05
上游,晶片封測服務,2449,京元電子,2020,4,balance_sheet,庫藏股票,,--,sii,https://mopsov.twse.com.tw/mops/web/ajax_t163sb05
上游,晶片封測服務,2449,京元電子,2020,4,balance_sheet,歸屬於母公司業主之權益合計,29319071,"29,319,071",sii,https://mopsov.twse.com.tw/mops/web/ajax_t163sb05
上游,晶片封測服務,2449,京元電子,2020,4,balance_sheet,共同控制下前手權益,,--,sii,https://mopsov.twse.com.tw/mops/web/ajax_t163sb05
上游,晶片封測服務,2449,京元電子,2020,4,balance_sheet,合併前非屬共同控制股權,,--,sii,https://mopsov.twse.com.tw/mops/web/ajax_t163sb05
上游,晶片封測服務,2449,京元電子,2020,4,balance_sheet,非控制權益,7005,"7,005",sii,https://mopsov.twse.com.tw/mops/web/ajax_t163sb05
上游,晶片封測服務,2449,京元電子,2020,4,balance_sheet,權益總計,29326076,"29,326,076",sii,https://mopsov.twse.com.tw/mops/web/ajax_t163sb05
上游,晶片封測服務,2449,京元電子,2020,4,balance_sheet,待註銷股本股數（單位：股）,,--,sii,https://mopsov.twse.com.tw/mops/web/ajax_t163sb05
上游,晶片封測服務,2449,京元電子,2020,4,balance_sheet,預收股款（權益項下）之約當發行股數（單位：股）,0,0,sii,https://mopsov.twse.com.tw/mops/web/ajax_t163sb05
上游,晶片封測服務,2449,京元電子,2020,4,balance_sheet,母公司暨子公司所持有之母公司庫藏股股數（單位：股）,0,0,sii,https://mopsov.twse.com.tw/mops/web/ajax_t163sb05
上游,晶片封測服務,2449,京元電子,2020,4,balance_sheet,每股參考淨值,23.98,23.98,sii,https://mopsov.twse.com.tw/mops/web/ajax_t163sb05
上游,晶片封測服務,3711,日月光投控,2020,4,balance_sheet,流動資產,224012867,"224,012,867",sii,https://mopsov.twse.com.tw/mops/web/ajax_t163sb05
上游,晶片封測服務,3711,日月光投控,2020,4,balance_sheet,非流動資產,359078215,"359,078,215",sii,https://mopsov.twse.com.tw/mops/web/ajax_t163sb05
上游,晶片封測服務,3711,日月光投控,2020,4,balance_sheet,資產總計,583091082,"583,091,082",sii,https://mopsov.twse.com.tw/mops/web/ajax_t163sb05
上游,晶片封測服務,3711,日月光投控,2020,4,balance_sheet,流動負債,171896666,"171,896,666",sii,https://mopsov.twse.com.tw/mops/web/ajax_t163sb05
上游,晶片封測服務,3711,日月光投控,2020,4,balance_sheet,非流動負債,176937819,"176,937,819",sii,https://mopsov.twse.com.tw/mops/web/ajax_t163sb05
上游,晶片封測服務,3711,日月光投控,2020,4,balance_sheet,負債總計,348834485,"348,834,485",sii,https://mopsov.twse.com.tw/mops/web/ajax_t163sb05
上游,晶片封測服務,3711,日月光投控,2020,4,balance_sheet,股本,43515920,"43,515,920",sii,https://mopsov.twse.com.tw/mops/web/ajax_t163sb05
上游,晶片封測服務,3711,日月光投控,2020,4,balance_sheet,權益─具證券性質之虛擬通貨,,--,sii,https://mopsov.twse.com.tw/mops/web/ajax_t163sb05
上游,晶片封測服務,3711,日月光投控,2020,4,balance_sheet,資本公積,139766099,"139,766,099",sii,https://mopsov.twse.com.tw/mops/web/ajax_t163sb05
上游,晶片封測服務,3711,日月光投控,2020,4,balance_sheet,保留盈餘,46881134,"46,881,134",sii,https://mopsov.twse.com.tw/mops/web/ajax_t163sb05
上游,晶片封測服務,3711,日月光投控,2020,4,balance_sheet,其他權益,-9569027,"-9,569,027",sii,https://mopsov.twse.com.tw/mops/web/ajax_t163sb05
上游,晶片封測服務,3711,日月光投控,2020,4,balance_sheet,庫藏股票,-1959107,"-1,959,107",sii,https://mopsov.twse.com.tw/mops/web/ajax_t163sb05
上游,晶片封測服務,3711,日月光投控,2020,4,balance_sheet,歸屬於母公司業主之權益合計,218635019,"218,635,019",sii,https://mopsov.twse.com.tw/mops/web/ajax_t163sb05
上游,晶片封測服務,3711,日月光投控,2020,4,balance_sheet,共同控制下前手權益,,--,sii,https://mopsov.twse.com.tw/mops/web/ajax_t163sb05
上游,晶片封測服務,3711,日月光投控,2020,4,balance_sheet,合併前非屬共同控制股權,,--,sii,https://mopsov.twse.com.tw/mops/web/ajax_t163sb05
上游,晶片封測服務,3711,日月光投控,2020,4,balance_sheet,非控制權益,15621578,"15,621,578",sii,https://mopsov.twse.com.tw/mops/web/ajax_t163sb05
上游,晶片封測服務,3711,日月光投控,2020,4,balance_sheet,權益總計,234256597,"234,256,597",sii,https://mopsov.twse.com.tw/mops/web/ajax_t163sb05
上游,晶片封測服務,3711,日月光投控,2020,4,balance_sheet,待註銷股本股數（單位：股）,,--,sii,https://mopsov.twse.com.tw/mops/web/ajax_t163sb05
上游,晶片封測服務,3711,日月光投控,2020,4,balance_sheet,預收股款（權益項下）之約當發行股數（單位：股）,13060850,"13,060,850",sii,https://mopsov.twse.com.tw/mops/web/ajax_t163sb05
上游,晶片封測服務,3711,日月光投控,2020,4,balance_sheet,母公司暨子公司所持有之母公司庫藏股股數（單位：股）,72941505,"72,941,505",sii,https://mopsov.twse.com.tw/mops/web/ajax_t163sb05
上游,晶片封測服務,3711,日月光投控,2020,4,balance_sheet,每股參考淨值,51.1,51.10,sii,https://mopsov.twse.com.tw/mops/web/ajax_t163sb05
上游,晶片封測服務,2449,京元電子,2020,4,cash_flow,營業活動之淨現金流入（流出）,12402725,"12,402,725",sii,https://mopsov.twse.com.tw/mops/web/ajax_t163sb20
上游,晶片封測服務,2449,京元電子,2020,4,cash_flow,投資活動之淨現金流入（流出）,-10850486,"-10,850,486",sii,https://mopsov.twse.com.tw/mops/web/ajax_t163sb20
上游,晶片封測服務,2449,京元電子,2020,4,cash_flow,籌資活動之淨現金流入（流出）,250027,"250,027",sii,https://mopsov.twse.com.tw/mops/web/ajax_t163sb20
上游,晶片封測服務,2449,京元電子,2020,4,cash_flow,匯率變動對現金及約當現金之影響,40259,"40,259",sii,https://mopsov.twse.com.tw/mops/web/ajax_t163sb20
上游,晶片封測服務,2449,京元電子,2020,4,cash_flow,本期現金及約當現金增加（減少）數,1842525,"1,842,525",sii,https://mopsov.twse.com.tw/mops/web/ajax_t163sb20
上游,晶片封測服務,2449,京元電子,2020,4,cash_flow,期初現金及約當現金餘額,6166005,"6,166,005",sii,https://mopsov.twse.com.tw/mops/web/ajax_t163sb20
上游,晶片封測服務,2449,京元電子,2020,4,cash_flow,期末現金及約當現金餘額,8008530,"8,008,530",sii,https://mopsov.twse.com.tw/mops/web/ajax_t163sb20
上游,晶片封測服務,3711,日月光投控,2020,4,cash_flow,營業活動之淨現金流入（流出）,75060638,"75,060,638",sii,https://mopsov.twse.com.tw/mops/web/ajax_t163sb20
上游,晶片封測服務,3711,日月光投控,2020,4,cash_flow,投資活動之淨現金流入（流出）,-60946303,"-60,946,303",sii,https://mopsov.twse.com.tw/mops/web/ajax_t163sb20
上游,晶片封測服務,3711,日月光投控,2020,4,cash_flow,籌資活動之淨現金流入（流出）,-21995344,"-21,995,344",sii,https://mopsov.twse.com.tw/mops/web/ajax_t163sb20
上游,晶片封測服務,3711,日月光投控,2020,4,cash_flow,匯率變動對現金及約當現金之影響,-711795,"-711,795",sii,https://mopsov.twse.com.tw/mops/web/ajax_t163sb20
上游,晶片封測服務,3711,日月光投控,2020,4,cash_flow,本期現金及約當現金增加（減少）數,-8592804,"-8,592,804",sii,https://mopsov.twse.com.tw/mops/web/ajax_t163sb20
上游,晶片封測服務,3711,日月光投控,2020,4,cash_flow,期初現金及約當現金餘額,60130875,"60,130,875",sii,https://mopsov.twse.com.tw/mops/web/ajax_t163sb20
上游,晶片封測服務,3711,日月光投控,2020,4,cash_flow,期末現金及約當現金餘額,51538071,"51,538,071",sii,https://mopsov.twse.com.tw/mops/web/ajax_t163sb20
上游,晶片封測服務,2449,京元電子,2021,1,income_statement,營業收入,7630890,"7,630,890",sii,https://mopsov.twse.com.tw/mops/web/ajax_t163sb04
上游,晶片封測服務,2449,京元電子,2021,1,income_statement,營業成本,5412358,"5,412,358",sii,https://mopsov.twse.com.tw/mops/web/ajax_t163sb04
上游,晶片封測服務,2449,京元電子,2021,1,income_statement,原始認列生物資產及農產品之利益（損失）,,--,sii,https://mopsov.twse.com.tw/mops/web/ajax_t163sb04
上游,晶片封測服務,2449,京元電子,2021,1,income_statement,生物資產當期公允價值減出售成本之變動利益（損失）,,--,sii,https://mopsov.twse.com.tw/mops/web/ajax_t163sb04
上游,晶片封測服務,2449,京元電子,2021,1,income_statement,營業毛利（毛損）,2218532,"2,218,532",sii,https://mopsov.twse.com.tw/mops/web/ajax_t163sb04
上游,晶片封測服務,2449,京元電子,2021,1,income_statement,未實現銷貨（損）益,,--,sii,https://mopsov.twse.com.tw/mops/web/ajax_t163sb04
上游,晶片封測服務,2449,京元電子,2021,1,income_statement,已實現銷貨（損）益,,--,sii,https://mopsov.twse.com.tw/mops/web/ajax_t163sb04
上游,晶片封測服務,2449,京元電子,2021,1,income_statement,營業毛利（毛損）淨額,2218532,"2,218,532",sii,https://mopsov.twse.com.tw/mops/web/ajax_t163sb04
上游,晶片封測服務,2449,京元電子,2021,1,income_statement,營業費用,849957,"849,957",sii,https://mopsov.twse.com.tw/mops/web/ajax_t163sb04
上游,晶片封測服務,2449,京元電子,2021,1,income_statement,其他收益及費損淨額,,--,sii,https://mopsov.twse.com.tw/mops/web/ajax_t163sb04
上游,晶片封測服務,2449,京元電子,2021,1,income_statement,營業利益（損失）,1368575,"1,368,575",sii,https://mopsov.twse.com.tw/mops/web/ajax_t163sb04
上游,晶片封測服務,2449,京元電子,2021,1,income_statement,營業外收入及支出,135720,"135,720",sii,https://mopsov.twse.com.tw/mops/web/ajax_t163sb04
上游,晶片封測服務,2449,京元電子,2021,1,income_statement,稅前淨利（淨損）,1504295,"1,504,295",sii,https://mopsov.twse.com.tw/mops/web/ajax_t163sb04
上游,晶片封測服務,2449,京元電子,2021,1,income_statement,所得稅費用（利益）,357842,"357,842",sii,https://mopsov.twse.com.tw/mops/web/ajax_t163sb04
上游,晶片封測服務,2449,京元電子,2021,1,income_statement,繼續營業單位本期淨利（淨損）,1146453,"1,146,453",sii,https://mopsov.twse.com.tw/mops/web/ajax_t163sb04
上游,晶片封測服務,2449,京元電子,2021,1,income_statement,停業單位損益,,--,sii,https://mopsov.twse.com.tw/mops/web/ajax_t163sb04
上游,晶片封測服務,2449,京元電子,2021,1,income_statement,合併前非屬共同控制股權損益,,--,sii,https://mopsov.twse.com.tw/mops/web/ajax_t163sb04
上游,晶片封測服務,2449,京元電子,2021,1,income_statement,本期淨利（淨損）,1146453,"1,146,453",sii,https://mopsov.twse.com.tw/mops/web/ajax_t163sb04
上游,晶片封測服務,2449,京元電子,2021,1,income_statement,其他綜合損益（淨額）,373071,"373,071",sii,https://mopsov.twse.com.tw/mops/web/ajax_t163sb04
上游,晶片封測服務,2449,京元電子,2021,1,income_statement,合併前非屬共同控制股權綜合損益淨額,,--,sii,https://mopsov.twse.com.tw/mops/web/ajax_t163sb04
上游,晶片封測服務,2449,京元電子,2021,1,income_statement,本期綜合損益總額,1519524,"1,519,524",sii,https://mopsov.twse.com.tw/mops/web/ajax_t163sb04
上游,晶片封測服務,2449,京元電子,2021,1,income_statement,淨利（淨損）歸屬於母公司業主,1146412,"1,146,412",sii,https://mopsov.twse.com.tw/mops/web/ajax_t163sb04
上游,晶片封測服務,2449,京元電子,2021,1,income_statement,淨利（淨損）歸屬於共同控制下前手權益,,--,sii,https://mopsov.twse.com.tw/mops/web/ajax_t163sb04
上游,晶片封測服務,2449,京元電子,2021,1,income_statement,淨利（淨損）歸屬於非控制權益,41,41,sii,https://mopsov.twse.com.tw/mops/web/ajax_t163sb04
上游,晶片封測服務,2449,京元電子,2021,1,income_statement,綜合損益總額歸屬於母公司業主,1519919,"1,519,919",sii,https://mopsov.twse.com.tw/mops/web/ajax_t163sb04
上游,晶片封測服務,2449,京元電子,2021,1,income_statement,綜合損益總額歸屬於共同控制下前手權益,,--,sii,https://mopsov.twse.com.tw/mops/web/ajax_t163sb04
上游,晶片封測服務,2449,京元電子,2021,1,income_statement,綜合損益總額歸屬於非控制權益,-395,-395,sii,https://mopsov.twse.com.tw/mops/web/ajax_t163sb04
上游,晶片封測服務,2449,京元電子,2021,1,income_statement,基本每股盈餘（元）,0.94,0.94,sii,https://mopsov.twse.com.tw/mops/web/ajax_t163sb04
上游,晶片封測服務,3711,日月光投控,2021,1,income_statement,營業收入,119469784,"119,469,784",sii,https://mopsov.twse.com.tw/mops/web/ajax_t163sb04
上游,晶片封測服務,3711,日月光投控,2021,1,income_statement,營業成本,97441742,"97,441,742",sii,https://mopsov.twse.com.tw/mops/web/ajax_t163sb04
上游,晶片封測服務,3711,日月光投控,2021,1,income_statement,原始認列生物資產及農產品之利益（損失）,,--,sii,https://mopsov.twse.com.tw/mops/web/ajax_t163sb04
上游,晶片封測服務,3711,日月光投控,2021,1,income_statement,生物資產當期公允價值減出售成本之變動利益（損失）,,--,sii,https://mopsov.twse.com.tw/mops/web/ajax_t163sb04
上游,晶片封測服務,3711,日月光投控,2021,1,income_statement,營業毛利（毛損）,22028042,"22,028,042",sii,https://mopsov.twse.com.tw/mops/web/ajax_t163sb04
上游,晶片封測服務,3711,日月光投控,2021,1,income_statement,未實現銷貨（損）益,,--,sii,https://mopsov.twse.com.tw/mops/web/ajax_t163sb04
上游,晶片封測服務,3711,日月光投控,2021,1,income_statement,已實現銷貨（損）益,,--,sii,https://mopsov.twse.com.tw/mops/web/ajax_t163sb04
上游,晶片封測服務,3711,日月光投控,2021,1,income_statement,營業毛利（毛損）淨額,22028042,"22,028,042",sii,https://mopsov.twse.com.tw/mops/web/ajax_t163sb04
上游,晶片封測服務,3711,日月光投控,2021,1,income_statement,營業費用,10961735,"10,961,735",sii,https://mopsov.twse.com.tw/mops/web/ajax_t163sb04
上游,晶片封測服務,3711,日月光投控,2021,1,income_statement,其他收益及費損淨額,,--,sii,https://mopsov.twse.com.tw/mops/web/ajax_t163sb04
上游,晶片封測服務,3711,日月光投控,2021,1,income_statement,營業利益（損失）,11066307,"11,066,307",sii,https://mopsov.twse.com.tw/mops/web/ajax_t163sb04
上游,晶片封測服務,3711,日月光投控,2021,1,income_statement,營業外收入及支出,271633,"271,633",sii,https://mopsov.twse.com.tw/mops/web/ajax_t163sb04
上游,晶片封測服務,3711,日月光投控,2021,1,income_statement,稅前淨利（淨損）,11337940,"11,337,940",sii,https://mopsov.twse.com.tw/mops/web/ajax_t163sb04
上游,晶片封測服務,3711,日月光投控,2021,1,income_statement,所得稅費用（利益）,2489567,"2,489,567",sii,https://mopsov.twse.com.tw/mops/web/ajax_t163sb04
上游,晶片封測服務,3711,日月光投控,2021,1,income_statement,繼續營業單位本期淨利（淨損）,8848373,"8,848,373",sii,https://mopsov.twse.com.tw/mops/web/ajax_t163sb04
上游,晶片封測服務,3711,日月光投控,2021,1,income_statement,停業單位損益,,--,sii,https://mopsov.twse.com.tw/mops/web/ajax_t163sb04
上游,晶片封測服務,3711,日月光投控,2021,1,income_statement,合併前非屬共同控制股權損益,,--,sii,https://mopsov.twse.com.tw/mops/web/ajax_t163sb04
上游,晶片封測服務,3711,日月光投控,2021,1,income_statement,本期淨利（淨損）,8848373,"8,848,373",sii,https://mopsov.twse.com.tw/mops/web/ajax_t163sb04
上游,晶片封測服務,3711,日月光投控,2021,1,income_statement,其他綜合損益（淨額）,696193,"696,193",sii,https://mopsov.twse.com.tw/mops/web/ajax_t163sb04
上游,晶片封測服務,3711,日月光投控,2021,1,income_statement,合併前非屬共同控制股權綜合損益淨額,,--,sii,https://mopsov.twse.com.tw/mops/web/ajax_t163sb04
上游,晶片封測服務,3711,日月光投控,2021,1,income_statement,本期綜合損益總額,9544566,"9,544,566",sii,https://mopsov.twse.com.tw/mops/web/ajax_t163sb04
上游,晶片封測服務,3711,日月光投控,2021,1,income_statement,淨利（淨損）歸屬於母公司業主,8565584,"8,565,584",sii,https://mopsov.twse.com.tw/mops/web/ajax_t163sb04
上游,晶片封測服務,3711,日月光投控,2021,1,income_statement,淨利（淨損）歸屬於共同控制下前手權益,,--,sii,https://mopsov.twse.com.tw/mops/web/ajax_t163sb04
上游,晶片封測服務,3711,日月光投控,2021,1,income_statement,淨利（淨損）歸屬於非控制權益,282789,"282,789",sii,https://mopsov.twse.com.tw/mops/web/ajax_t163sb04
上游,晶片封測服務,3711,日月光投控,2021,1,income_statement,綜合損益總額歸屬於母公司業主,9267190,"9,267,190",sii,https://mopsov.twse.com.tw/mops/web/ajax_t163sb04
上游,晶片封測服務,3711,日月光投控,2021,1,income_statement,綜合損益總額歸屬於共同控制下前手權益,,--,sii,https://mopsov.twse.com.tw/mops/web/ajax_t163sb04
上游,晶片封測服務,3711,日月光投控,2021,1,income_statement,綜合損益總額歸屬於非控制權益,277376,"277,376",sii,https://mopsov.twse.com.tw/mops/web/ajax_t163sb04
上游,晶片封測服務,3711,日月光投控,2021,1,income_statement,基本每股盈餘（元）,1.99,1.99,sii,https://mopsov.twse.com.tw/mops/web/ajax_t163sb04
上游,晶片封測服務,2449,京元電子,2021,1,balance_sheet,流動資產,15968715,"15,968,715",sii,https://mopsov.twse.com.tw/mops/web/ajax_t163sb05
上游,晶片封測服務,2449,京元電子,2021,1,balance_sheet,非流動資產,49001900,"49,001,900",sii,https://mopsov.twse.com.tw/mops/web/ajax_t163sb05
上游,晶片封測服務,2449,京元電子,2021,1,balance_sheet,資產總計,64970615,"64,970,615",sii,https://mopsov.twse.com.tw/mops/web/ajax_t163sb05
上游,晶片封測服務,2449,京元電子,2021,1,balance_sheet,流動負債,9899819,"9,899,819",sii,https://mopsov.twse.com.tw/mops/web/ajax_t163sb05
上游,晶片封測服務,2449,京元電子,2021,1,balance_sheet,非流動負債,24225196,"24,225,196",sii,https://mopsov.twse.com.tw/mops/web/ajax_t163sb05
上游,晶片封測服務,2449,京元電子,2021,1,balance_sheet,負債總計,34125015,"34,125,015",sii,https://mopsov.twse.com.tw/mops/web/ajax_t163sb05
上游,晶片封測服務,2449,京元電子,2021,1,balance_sheet,股本,12227451,"12,227,451",sii,https://mopsov.twse.com.tw/mops/web/ajax_t163sb05
上游,晶片封測服務,2449,京元電子,2021,1,balance_sheet,權益─具證券性質之虛擬通貨,,--,sii,https://mopsov.twse.com.tw/mops/web/ajax_t163sb05
上游,晶片封測服務,2449,京元電子,2021,1,balance_sheet,資本公積,4588172,"4,588,172",sii,https://mopsov.twse.com.tw/mops/web/ajax_t163sb05
上游,晶片封測服務,2449,京元電子,2021,1,balance_sheet,保留盈餘,12353407,"12,353,407",sii,https://mopsov.twse.com.tw/mops/web/ajax_t163sb05
上游,晶片封測服務,2449,京元電子,2021,1,balance_sheet,其他權益,1669960,"1,669,960",sii,https://mopsov.twse.com.tw/mops/web/ajax_t163sb05
上游,晶片封測服務,2449,京元電子,2021,1,balance_sheet,庫藏股票,,--,sii,https://mopsov.twse.com.tw/mops/web/ajax_t163sb05
上游,晶片封測服務,2449,京元電子,2021,1,balance_sheet,歸屬於母公司業主之權益合計,30838990,"30,838,990",sii,https://mopsov.twse.com.tw/mops/web/ajax_t163sb05
上游,晶片封測服務,2449,京元電子,2021,1,balance_sheet,共同控制下前手權益,,--,sii,https://mopsov.twse.com.tw/mops/web/ajax_t163sb05
上游,晶片封測服務,2449,京元電子,2021,1,balance_sheet,合併前非屬共同控制股權,,--,sii,https://mopsov.twse.com.tw/mops/web/ajax_t163sb05
上游,晶片封測服務,2449,京元電子,2021,1,balance_sheet,非控制權益,6610,"6,610",sii,https://mopsov.twse.com.tw/mops/web/ajax_t163sb05
上游,晶片封測服務,2449,京元電子,2021,1,balance_sheet,權益總計,30845600,"30,845,600",sii,https://mopsov.twse.com.tw/mops/web/ajax_t163sb05
上游,晶片封測服務,2449,京元電子,2021,1,balance_sheet,待註銷股本股數（單位：股）,,--,sii,https://mopsov.twse.com.tw/mops/web/ajax_t163sb05
上游,晶片封測服務,2449,京元電子,2021,1,balance_sheet,預收股款（權益項下）之約當發行股數（單位：股）,0,0,sii,https://mopsov.twse.com.tw/mops/web/ajax_t163sb05
上游,晶片封測服務,2449,京元電子,2021,1,balance_sheet,母公司暨子公司所持有之母公司庫藏股股數（單位：股）,0,0,sii,https://mopsov.twse.com.tw/mops/web/ajax_t163sb05
上游,晶片封測服務,2449,京元電子,2021,1,balance_sheet,每股參考淨值,25.22,25.22,sii,https://mopsov.twse.com.tw/mops/web/ajax_t163sb05
上游,晶片封測服務,3711,日月光投控,2021,1,balance_sheet,流動資產,242201367,"242,201,367",sii,https://mopsov.twse.com.tw/mops/web/ajax_t163sb05
上游,晶片封測服務,3711,日月光投控,2021,1,balance_sheet,非流動資產,364027456,"364,027,456",sii,https://mopsov.twse.com.tw/mops/web/ajax_t163sb05
上游,晶片封測服務,3711,日月光投控,2021,1,balance_sheet,資產總計,606228823,"606,228,823",sii,https://mopsov.twse.com.tw/mops/web/ajax_t163sb05
上游,晶片封測服務,3711,日月光投控,2021,1,balance_sheet,流動負債,167849937,"167,849,937",sii,https://mopsov.twse.com.tw/mops/web/ajax_t163sb05
上游,晶片封測服務,3711,日月光投控,2021,1,balance_sheet,非流動負債,192274426,"192,274,426",sii,https://mopsov.twse.com.tw/mops/web/ajax_t163sb05
上游,晶片封測服務,3711,日月光投控,2021,1,balance_sheet,負債總計,360124363,"360,124,363",sii,https://mopsov.twse.com.tw/mops/web/ajax_t163sb05
上游,晶片封測服務,3711,日月光投控,2021,1,balance_sheet,股本,43797511,"43,797,511",sii,https://mopsov.twse.com.tw/mops/web/ajax_t163sb05
上游,晶片封測服務,3711,日月光投控,2021,1,balance_sheet,權益─具證券性質之虛擬通貨,,--,sii,https://mopsov.twse.com.tw/mops/web/ajax_t163sb05
上游,晶片封測服務,3711,日月光投控,2021,1,balance_sheet,資本公積,141339690,"141,339,690",sii,https://mopsov.twse.com.tw/mops/web/ajax_t163sb05
上游,晶片封測服務,3711,日月光投控,2021,1,balance_sheet,保留盈餘,55464319,"55,464,319",sii,https://mopsov.twse.com.tw/mops/web/ajax_t163sb05
上游,晶片封測服務,3711,日月光投控,2021,1,balance_sheet,其他權益,-8885022,"-8,885,022",sii,https://mopsov.twse.com.tw/mops/web/ajax_t163sb05
上游,晶片封測服務,3711,日月光投控,2021,1,balance_sheet,庫藏股票,-1959107,"-1,959,107",sii,https://mopsov.twse.com.tw/mops/web/ajax_t163sb05
上游,晶片封測服務,3711,日月光投控,2021,1,balance_sheet,歸屬於母公司業主之權益合計,229757391,"229,757,391",sii,https://mopsov.twse.com.tw/mops/web/ajax_t163sb05
上游,晶片封測服務,3711,日月光投控,2021,1,balance_sheet,共同控制下前手權益,,--,sii,https://mopsov.twse.com.tw/mops/web/ajax_t163sb05
上游,晶片封測服務,3711,日月光投控,2021,1,balance_sheet,合併前非屬共同控制股權,,--,sii,https://mopsov.twse.com.tw/mops/web/ajax_t163sb05
上游,晶片封測服務,3711,日月光投控,2021,1,balance_sheet,非控制權益,16347069,"16,347,069",sii,https://mopsov.twse.com.tw/mops/web/ajax_t163sb05
上游,晶片封測服務,3711,日月光投控,2021,1,balance_sheet,權益總計,246104460,"246,104,460",sii,https://mopsov.twse.com.tw/mops/web/ajax_t163sb05
上游,晶片封測服務,3711,日月光投控,2021,1,balance_sheet,待註銷股本股數（單位：股）,,--,sii,https://mopsov.twse.com.tw/mops/web/ajax_t163sb05
上游,晶片封測服務,3711,日月光投控,2021,1,balance_sheet,預收股款（權益項下）之約當發行股數（單位：股）,29075550,"29,075,550",sii,https://mopsov.twse.com.tw/mops/web/ajax_t163sb05
上游,晶片封測服務,3711,日月光投控,2021,1,balance_sheet,母公司暨子公司所持有之母公司庫藏股股數（單位：股）,72941505,"72,941,505",sii,https://mopsov.twse.com.tw/mops/web/ajax_t163sb05
上游,晶片封測服務,3711,日月光投控,2021,1,balance_sheet,每股參考淨值,53.35,53.35,sii,https://mopsov.twse.com.tw/mops/web/ajax_t163sb05
上游,晶片封測服務,2449,京元電子,2021,1,cash_flow,營業活動之淨現金流入（流出）,3131765,"3,131,765",sii,https://mopsov.twse.com.tw/mops/web/ajax_t163sb20
上游,晶片封測服務,2449,京元電子,2021,1,cash_flow,投資活動之淨現金流入（流出）,-4262658,"-4,262,658",sii,https://mopsov.twse.com.tw/mops/web/ajax_t163sb20
上游,晶片封測服務,2449,京元電子,2021,1,cash_flow,籌資活動之淨現金流入（流出）,598669,"598,669",sii,https://mopsov.twse.com.tw/mops/web/ajax_t163sb20
上游,晶片封測服務,2449,京元電子,2021,1,cash_flow,匯率變動對現金及約當現金之影響,643,643,sii,https://mopsov.twse.com.tw/mops/web/ajax_t163sb20
上游,晶片封測服務,2449,京元電子,2021,1,cash_flow,本期現金及約當現金增加（減少）數,-531581,"-531,581",sii,https://mopsov.twse.com.tw/mops/web/ajax_t163sb20
上游,晶片封測服務,2449,京元電子,2021,1,cash_flow,期初現金及約當現金餘額,8008530,"8,008,530",sii,https://mopsov.twse.com.tw/mops/web/ajax_t163sb20
上游,晶片封測服務,2449,京元電子,2021,1,cash_flow,期末現金及約當現金餘額,7476949,"7,476,949",sii,https://mopsov.twse.com.tw/mops/web/ajax_t163sb20
上游,晶片封測服務,3711,日月光投控,2021,1,cash_flow,營業活動之淨現金流入（流出）,15751516,"15,751,516",sii,https://mopsov.twse.com.tw/mops/web/ajax_t163sb20
上游,晶片封測服務,3711,日月光投控,2021,1,cash_flow,投資活動之淨現金流入（流出）,-14258289,"-14,258,289",sii,https://mopsov.twse.com.tw/mops/web/ajax_t163sb20
上游,晶片封測服務,3711,日月光投控,2021,1,cash_flow,籌資活動之淨現金流入（流出）,21212749,"21,212,749",sii,https://mopsov.twse.com.tw/mops/web/ajax_t163sb20
上游,晶片封測服務,3711,日月光投控,2021,1,cash_flow,匯率變動對現金及約當現金之影響,-461280,"-461,280",sii,https://mopsov.twse.com.tw/mops/web/ajax_t163sb20
上游,晶片封測服務,3711,日月光投控,2021,1,cash_flow,本期現金及約當現金增加（減少）數,22244696,"22,244,696",sii,https://mopsov.twse.com.tw/mops/web/ajax_t163sb20
上游,晶片封測服務,3711,日月光投控,2021,1,cash_flow,期初現金及約當現金餘額,51538071,"51,538,071",sii,https://mopsov.twse.com.tw/mops/web/ajax_t163sb20
上游,晶片封測服務,3711,日月光投控,2021,1,cash_flow,期末現金及約當現金餘額,73782767,"73,782,767",sii,https://mopsov.twse.com.tw/mops/web/ajax_t163sb20
上游,晶片封測服務,2449,京元電子,2021,2,income_statement,營業收入,15228216,"15,228,216",sii,https://mopsov.twse.com.tw/mops/web/ajax_t163sb04
上游,晶片封測服務,2449,京元電子,2021,2,income_statement,營業成本,10972546,"10,972,546",sii,https://mopsov.twse.com.tw/mops/web/ajax_t163sb04
上游,晶片封測服務,2449,京元電子,2021,2,income_statement,原始認列生物資產及農產品之利益（損失）,,--,sii,https://mopsov.twse.com.tw/mops/web/ajax_t163sb04
上游,晶片封測服務,2449,京元電子,2021,2,income_statement,生物資產當期公允價值減出售成本之變動利益（損失）,,--,sii,https://mopsov.twse.com.tw/mops/web/ajax_t163sb04
上游,晶片封測服務,2449,京元電子,2021,2,income_statement,營業毛利（毛損）,4255670,"4,255,670",sii,https://mopsov.twse.com.tw/mops/web/ajax_t163sb04
上游,晶片封測服務,2449,京元電子,2021,2,income_statement,未實現銷貨（損）益,,--,sii,https://mopsov.twse.com.tw/mops/web/ajax_t163sb04
上游,晶片封測服務,2449,京元電子,2021,2,income_statement,已實現銷貨（損）益,,--,sii,https://mopsov.twse.com.tw/mops/web/ajax_t163sb04
上游,晶片封測服務,2449,京元電子,2021,2,income_statement,營業毛利（毛損）淨額,4255670,"4,255,670",sii,https://mopsov.twse.com.tw/mops/web/ajax_t163sb04
上游,晶片封測服務,2449,京元電子,2021,2,income_statement,營業費用,1825948,"1,825,948",sii,https://mopsov.twse.com.tw/mops/web/ajax_t163sb04
上游,晶片封測服務,2449,京元電子,2021,2,income_statement,其他收益及費損淨額,,--,sii,https://mopsov.twse.com.tw/mops/web/ajax_t163sb04
上游,晶片封測服務,2449,京元電子,2021,2,income_statement,營業利益（損失）,2429722,"2,429,722",sii,https://mopsov.twse.com.tw/mops/web/ajax_t163sb04
上游,晶片封測服務,2449,京元電子,2021,2,income_statement,營業外收入及支出,201209,"201,209",sii,https://mopsov.twse.com.tw/mops/web/ajax_t163sb04
上游,晶片封測服務,2449,京元電子,2021,2,income_statement,稅前淨利（淨損）,2630931,"2,630,931",sii,https://mopsov.twse.com.tw/mops/web/ajax_t163sb04
上游,晶片封測服務,2449,京元電子,2021,2,income_statement,所得稅費用（利益）,619378,"619,378",sii,https://mopsov.twse.com.tw/mops/web/ajax_t163sb04
上游,晶片封測服務,2449,京元電子,2021,2,income_statement,繼續營業單位本期淨利（淨損）,2011553,"2,011,553",sii,https://mopsov.twse.com.tw/mops/web/ajax_t163sb04
上游,晶片封測服務,2449,京元電子,2021,2,income_statement,停業單位損益,,--,sii,https://mopsov.twse.com.tw/mops/web/ajax_t163sb04
上游,晶片封測服務,2449,京元電子,2021,2,income_statement,合併前非屬共同控制股權損益,,--,sii,https://mopsov.twse.com.tw/mops/web/ajax_t163sb04
上游,晶片封測服務,2449,京元電子,2021,2,income_statement,本期淨利（淨損）,2011553,"2,011,553",sii,https://mopsov.twse.com.tw/mops/web/ajax_t163sb04
上游,晶片封測服務,2449,京元電子,2021,2,income_statement,其他綜合損益（淨額）,621949,"621,949",sii,https://mopsov.twse.com.tw/mops/web/ajax_t163sb04
上游,晶片封測服務,2449,京元電子,2021,2,income_statement,合併前非屬共同控制股權綜合損益淨額,,--,sii,https://mopsov.twse.com.tw/mops/web/ajax_t163sb04
上游,晶片封測服務,2449,京元電子,2021,2,income_statement,本期綜合損益總額,2633502,"2,633,502",sii,https://mopsov.twse.com.tw/mops/web/ajax_t163sb04
上游,晶片封測服務,2449,京元電子,2021,2,income_statement,淨利（淨損）歸屬於母公司業主,2011405,"2,011,405",sii,https://mopsov.twse.com.tw/mops/web/ajax_t163sb04
上游,晶片封測服務,2449,京元電子,2021,2,income_statement,淨利（淨損）歸屬於共同控制下前手權益,,--,sii,https://mopsov.twse.com.tw/mops/web/ajax_t163sb04
上游,晶片封測服務,2449,京元電子,2021,2,income_statement,淨利（淨損）歸屬於非控制權益,148,148,sii,https://mopsov.twse.com.tw/mops/web/ajax_t163sb04
上游,晶片封測服務,2449,京元電子,2021,2,income_statement,綜合損益總額歸屬於母公司業主,2633921,"2,633,921",sii,https://mopsov.twse.com.tw/mops/web/ajax_t163sb04
上游,晶片封測服務,2449,京元電子,2021,2,income_statement,綜合損益總額歸屬於共同控制下前手權益,,--,sii,https://mopsov.twse.com.tw/mops/web/ajax_t163sb04
上游,晶片封測服務,2449,京元電子,2021,2,income_statement,綜合損益總額歸屬於非控制權益,-419,-419,sii,https://mopsov.twse.com.tw/mops/web/ajax_t163sb04
上游,晶片封測服務,2449,京元電子,2021,2,income_statement,基本每股盈餘（元）,1.64,1.64,sii,https://mopsov.twse.com.tw/mops/web/ajax_t163sb04
上游,晶片封測服務,3711,日月光投控,2021,2,income_statement,營業收入,246396131,"246,396,131",sii,https://mopsov.twse.com.tw/mops/web/ajax_t163sb04
上游,晶片封測服務,3711,日月光投控,2021,2,income_statement,營業成本,199705611,"199,705,611",sii,https://mopsov.twse.com.tw/mops/web/ajax_t163sb04
上游,晶片封測服務,3711,日月光投控,2021,2,income_statement,原始認列生物資產及農產品之利益（損失）,,--,sii,https://mopsov.twse.com.tw/mops/web/ajax_t163sb04
上游,晶片封測服務,3711,日月光投控,2021,2,income_statement,生物資產當期公允價值減出售成本之變動利益（損失）,,--,sii,https://mopsov.twse.com.tw/mops/web/ajax_t163sb04
上游,晶片封測服務,3711,日月光投控,2021,2,income_statement,營業毛利（毛損）,46690520,"46,690,520",sii,https://mopsov.twse.com.tw/mops/web/ajax_t163sb04
上游,晶片封測服務,3711,日月光投控,2021,2,income_statement,未實現銷貨（損）益,,--,sii,https://mopsov.twse.com.tw/mops/web/ajax_t163sb04
上游,晶片封測服務,3711,日月光投控,2021,2,income_statement,已實現銷貨（損）益,,--,sii,https://mopsov.twse.com.tw/mops/web/ajax_t163sb04
上游,晶片封測服務,3711,日月光投控,2021,2,income_statement,營業毛利（毛損）淨額,46690520,"46,690,520",sii,https://mopsov.twse.com.tw/mops/web/ajax_t163sb04
上游,晶片封測服務,3711,日月光投控,2021,2,income_statement,營業費用,22607894,"22,607,894",sii,https://mopsov.twse.com.tw/mops/web/ajax_t163sb04
上游,晶片封測服務,3711,日月光投控,2021,2,income_statement,其他收益及費損淨額,,--,sii,https://mopsov.twse.com.tw/mops/web/ajax_t163sb04
上游,晶片封測服務,3711,日月光投控,2021,2,income_statement,營業利益（損失）,24082626,"24,082,626",sii,https://mopsov.twse.com.tw/mops/web/ajax_t163sb04
上游,晶片封測服務,3711,日月光投控,2021,2,income_statement,營業外收入及支出,442358,"442,358",sii,https://mopsov.twse.com.tw/mops/web/ajax_t163sb04
上游,晶片封測服務,3711,日月光投控,2021,2,income_statement,稅前淨利（淨損）,24524984,"24,524,984",sii,https://mopsov.twse.com.tw/mops/web/ajax_t163sb04
上游,晶片封測服務,3711,日月光投控,2021,2,income_statement,所得稅費用（利益）,5099224,"5,099,224",sii,https://mopsov.twse.com.tw/mops/web/ajax_t163sb04
上游,晶片封測服務,3711,日月光投控,2021,2,income_statement,繼續營業單位本期淨利（淨損）,19425760,"19,425,760",sii,https://mopsov.twse.com.tw/mops/web/ajax_t163sb04
上游,晶片封測服務,3711,日月光投控,2021,2,income_statement,停業單位損益,,--,sii,https://mopsov.twse.com.tw/mops/web/ajax_t163sb04
上游,晶片封測服務,3711,日月光投控,2021,2,income_statement,合併前非屬共同控制股權損益,,--,sii,https://mopsov.twse.com.tw/mops/web/ajax_t163sb04
上游,晶片封測服務,3711,日月光投控,2021,2,income_statement,本期淨利（淨損）,19425760,"19,425,760",sii,https://mopsov.twse.com.tw/mops/web/ajax_t163sb04
上游,晶片封測服務,3711,日月光投控,2021,2,income_statement,其他綜合損益（淨額）,-706893,"-706,893",sii,https://mopsov.twse.com.tw/mops/web/ajax_t163sb04
上游,晶片封測服務,3711,日月光投控,2021,2,income_statement,合併前非屬共同控制股權綜合損益淨額,,--,sii,https://mopsov.twse.com.tw/mops/web/ajax_t163sb04
上游,晶片封測服務,3711,日月光投控,2021,2,income_statement,本期綜合損益總額,18718867,"18,718,867",sii,https://mopsov.twse.com.tw/mops/web/ajax_t163sb04
上游,晶片封測服務,3711,日月光投控,2021,2,income_statement,淨利（淨損）歸屬於母公司業主,18815548,"18,815,548",sii,https://mopsov.twse.com.tw/mops/web/ajax_t163sb04
上游,晶片封測服務,3711,日月光投控,2021,2,income_statement,淨利（淨損）歸屬於共同控制下前手權益,,--,sii,https://mopsov.twse.com.tw/mops/web/ajax_t163sb04
上游,晶片封測服務,3711,日月光投控,2021,2,income_statement,淨利（淨損）歸屬於非控制權益,610212,"610,212",sii,https://mopsov.twse.com.tw/mops/web/ajax_t163sb04
上游,晶片封測服務,3711,日月光投控,2021,2,income_statement,綜合損益總額歸屬於母公司業主,18267337,"18,267,337",sii,https://mopsov.twse.com.tw/mops/web/ajax_t163sb04
上游,晶片封測服務,3711,日月光投控,2021,2,income_statement,綜合損益總額歸屬於共同控制下前手權益,,--,sii,https://mopsov.twse.com.tw/mops/web/ajax_t163sb04
上游,晶片封測服務,3711,日月光投控,2021,2,income_statement,綜合損益總額歸屬於非控制權益,451530,"451,530",sii,https://mopsov.twse.com.tw/mops/web/ajax_t163sb04
上游,晶片封測服務,3711,日月光投控,2021,2,income_statement,基本每股盈餘（元）,4.37,4.37,sii,https://mopsov.twse.com.tw/mops/web/ajax_t163sb04
上游,晶片封測服務,2449,京元電子,2021,2,balance_sheet,流動資產,18779913,"18,779,913",sii,https://mopsov.twse.com.tw/mops/web/ajax_t163sb05
上游,晶片封測服務,2449,京元電子,2021,2,balance_sheet,非流動資產,51168312,"51,168,312",sii,https://mopsov.twse.com.tw/mops/web/ajax_t163sb05
上游,晶片封測服務,2449,京元電子,2021,2,balance_sheet,資產總計,69948225,"69,948,225",sii,https://mopsov.twse.com.tw/mops/web/ajax_t163sb05
上游,晶片封測服務,2449,京元電子,2021,2,balance_sheet,流動負債,12187053,"12,187,053",sii,https://mopsov.twse.com.tw/mops/web/ajax_t163sb05
上游,晶片封測服務,2449,京元電子,2021,2,balance_sheet,非流動負債,28244171,"28,244,171",sii,https://mopsov.twse.com.tw/mops/web/ajax_t163sb05
上游,晶片封測服務,2449,京元電子,2021,2,balance_sheet,負債總計,40431224,"40,431,224",sii,https://mopsov.twse.com.tw/mops/web/ajax_t163sb05
上游,晶片封測服務,2449,京元電子,2021,2,balance_sheet,股本,12227451,"12,227,451",sii,https://mopsov.twse.com.tw/mops/web/ajax_t163sb05
上游,晶片封測服務,2449,京元電子,2021,2,balance_sheet,權益─具證券性質之虛擬通貨,,--,sii,https://mopsov.twse.com.tw/mops/web/ajax_t163sb05
上游,晶片封測服務,2449,京元電子,2021,2,balance_sheet,資本公積,4346536,"4,346,536",sii,https://mopsov.twse.com.tw/mops/web/ajax_t163sb05
上游,晶片封測服務,2449,京元電子,2021,2,balance_sheet,保留盈餘,10691334,"10,691,334",sii,https://mopsov.twse.com.tw/mops/web/ajax_t163sb05
上游,晶片封測服務,2449,京元電子,2021,2,balance_sheet,其他權益,2245094,"2,245,094",sii,https://mopsov.twse.com.tw/mops/web/ajax_t163sb05
上游,晶片封測服務,2449,京元電子,2021,2,balance_sheet,庫藏股票,,--,sii,https://mopsov.twse.com.tw/mops/web/ajax_t163sb05
上游,晶片封測服務,2449,京元電子,2021,2,balance_sheet,歸屬於母公司業主之權益合計,29510415,"29,510,415",sii,https://mopsov.twse.com.tw/mops/web/ajax_t163sb05
上游,晶片封測服務,2449,京元電子,2021,2,balance_sheet,共同控制下前手權益,,--,sii,https://mopsov.twse.com.tw/mops/web/ajax_t163sb05
上游,晶片封測服務,2449,京元電子,2021,2,balance_sheet,合併前非屬共同控制股權,,--,sii,https://mopsov.twse.com.tw/mops/web/ajax_t163sb05
上游,晶片封測服務,2449,京元電子,2021,2,balance_sheet,非控制權益,6586,"6,586",sii,https://mopsov.twse.com.tw/mops/web/ajax_t163sb05
上游,晶片封測服務,2449,京元電子,2021,2,balance_sheet,權益總計,29517001,"29,517,001",sii,https://mopsov.twse.com.tw/mops/web/ajax_t163sb05
上游,晶片封測服務,2449,京元電子,2021,2,balance_sheet,待註銷股本股數（單位：股）,,--,sii,https://mopsov.twse.com.tw/mops/web/ajax_t163sb05
上游,晶片封測服務,2449,京元電子,2021,2,balance_sheet,預收股款（權益項下）之約當發行股數（單位：股）,0,0,sii,https://mopsov.twse.com.tw/mops/web/ajax_t163sb05
上游,晶片封測服務,2449,京元電子,2021,2,balance_sheet,母公司暨子公司所持有之母公司庫藏股股數（單位：股）,0,0,sii,https://mopsov.twse.com.tw/mops/web/ajax_t163sb05
上游,晶片封測服務,2449,京元電子,2021,2,balance_sheet,每股參考淨值,24.13,24.13,sii,https://mopsov.twse.com.tw/mops/web/ajax_t163sb05
上游,晶片封測服務,3711,日月光投控,2021,2,balance_sheet,流動資產,237360914,"237,360,914",sii,https://mopsov.twse.com.tw/mops/web/ajax_t163sb05
上游,晶片封測服務,3711,日月光投控,2021,2,balance_sheet,非流動資產,374495923,"374,495,923",sii,https://mopsov.twse.com.tw/mops/web/ajax_t163sb05
上游,晶片封測服務,3711,日月光投控,2021,2,balance_sheet,資產總計,611856837,"611,856,837",sii,https://mopsov.twse.com.tw/mops/web/ajax_t163sb05
上游,晶片封測服務,3711,日月光投控,2021,2,balance_sheet,流動負債,182693814,"182,693,814",sii,https://mopsov.twse.com.tw/mops/web/ajax_t163sb05
上游,晶片封測服務,3711,日月光投控,2021,2,balance_sheet,非流動負債,174658298,"174,658,298",sii,https://mopsov.twse.com.tw/mops/web/ajax_t163sb05
上游,晶片封測服務,3711,日月光投控,2021,2,balance_sheet,負債總計,357352112,"357,352,112",sii,https://mopsov.twse.com.tw/mops/web/ajax_t163sb05
上游,晶片封測服務,3711,日月光投控,2021,2,balance_sheet,股本,43834978,"43,834,978",sii,https://mopsov.twse.com.tw/mops/web/ajax_t163sb05
上游,晶片封測服務,3711,日月光投控,2021,2,balance_sheet,權益─具證券性質之虛擬通貨,,--,sii,https://mopsov.twse.com.tw/mops/web/ajax_t163sb05
上游,晶片封測服務,3711,日月光投控,2021,2,balance_sheet,資本公積,141605410,"141,605,410",sii,https://mopsov.twse.com.tw/mops/web/ajax_t163sb05
上游,晶片封測服務,3711,日月光投控,2021,2,balance_sheet,保留盈餘,66087018,"66,087,018",sii,https://mopsov.twse.com.tw/mops/web/ajax_t163sb05
上游,晶片封測服務,3711,日月光投控,2021,2,balance_sheet,其他權益,-10575056,"-10,575,056",sii,https://mopsov.twse.com.tw/mops/web/ajax_t163sb05
上游,晶片封測服務,3711,日月光投控,2021,2,balance_sheet,庫藏股票,-1959107,"-1,959,107",sii,https://mopsov.twse.com.tw/mops/web/ajax_t163sb05
上游,晶片封測服務,3711,日月光投控,2021,2,balance_sheet,歸屬於母公司業主之權益合計,238993243,"238,993,243",sii,https://mopsov.twse.com.tw/mops/web/ajax_t163sb05
上游,晶片封測服務,3711,日月光投控,2021,2,balance_sheet,共同控制下前手權益,,--,sii,https://mopsov.twse.com.tw/mops/web/ajax_t163sb05
上游,晶片封測服務,3711,日月光投控,2021,2,balance_sheet,合併前非屬共同控制股權,,--,sii,https://mopsov.twse.com.tw/mops/web/ajax_t163sb05
上游,晶片封測服務,3711,日月光投控,2021,2,balance_sheet,非控制權益,15511482,"15,511,482",sii,https://mopsov.twse.com.tw/mops/web/ajax_t163sb05
上游,晶片封測服務,3711,日月光投控,2021,2,balance_sheet,權益總計,254504725,"254,504,725",sii,https://mopsov.twse.com.tw/mops/web/ajax_t163sb05
上游,晶片封測服務,3711,日月光投控,2021,2,balance_sheet,待註銷股本股數（單位：股）,,--,sii,https://mopsov.twse.com.tw/mops/web/ajax_t163sb05
上游,晶片封測服務,3711,日月光投控,2021,2,balance_sheet,預收股款（權益項下）之約當發行股數（單位：股）,4069750,"4,069,750",sii,https://mopsov.twse.com.tw/mops/web/ajax_t163sb05
上游,晶片封測服務,3711,日月光投控,2021,2,balance_sheet,母公司暨子公司所持有之母公司庫藏股股數（單位：股）,72941505,"72,941,505",sii,https://mopsov.twse.com.tw/mops/web/ajax_t163sb05
上游,晶片封測服務,3711,日月光投控,2021,2,balance_sheet,每股參考淨值,55.44,55.44,sii,https://mopsov.twse.com.tw/mops/web/ajax_t163sb05
上游,晶片封測服務,2449,京元電子,2021,2,cash_flow,營業活動之淨現金流入（流出）,6356447,"6,356,447",sii,https://mopsov.twse.com.tw/mops/web/ajax_t163sb20
上游,晶片封測服務,2449,京元電子,2021,2,cash_flow,投資活動之淨現金流入（流出）,-8322999,"-8,322,999",sii,https://mopsov.twse.com.tw/mops/web/ajax_t163sb20
上游,晶片封測服務,2449,京元電子,2021,2,cash_flow,籌資活動之淨現金流入（流出）,4542533,"4,542,533",sii,https://mopsov.twse.com.tw/mops/web/ajax_t163sb20
上游,晶片封測服務,2449,京元電子,2021,2,cash_flow,匯率變動對現金及約當現金之影響,2583,"2,583",sii,https://mopsov.twse.com.tw/mops/web/ajax_t163sb20
上游,晶片封測服務,2449,京元電子,2021,2,cash_flow,本期現金及約當現金增加（減少）數,2578564,"2,578,564",sii,https://mopsov.twse.com.tw/mops/web/ajax_t163sb20
上游,晶片封測服務,2449,京元電子,2021,2,cash_flow,期初現金及約當現金餘額,8008530,"8,008,530",sii,https://mopsov.twse.com.tw/mops/web/ajax_t163sb20
上游,晶片封測服務,2449,京元電子,2021,2,cash_flow,期末現金及約當現金餘額,10587094,"10,587,094",sii,https://mopsov.twse.com.tw/mops/web/ajax_t163sb20
上游,晶片封測服務,3711,日月光投控,2021,2,cash_flow,營業活動之淨現金流入（流出）,33982927,"33,982,927",sii,https://mopsov.twse.com.tw/mops/web/ajax_t163sb20
上游,晶片封測服務,3711,日月光投控,2021,2,cash_flow,投資活動之淨現金流入（流出）,-33957457,"-33,957,457",sii,https://mopsov.twse.com.tw/mops/web/ajax_t163sb20
上游,晶片封測服務,3711,日月光投控,2021,2,cash_flow,籌資活動之淨現金流入（流出）,3550685,"3,550,685",sii,https://mopsov.twse.com.tw/mops/web/ajax_t163sb20
上游,晶片封測服務,3711,日月光投控,2021,2,cash_flow,匯率變動對現金及約當現金之影響,-2127445,"-2,127,445",sii,https://mopsov.twse.com.tw/mops/web/ajax_t163sb20
上游,晶片封測服務,3711,日月光投控,2021,2,cash_flow,本期現金及約當現金增加（減少）數,1448710,"1,448,710",sii,https://mopsov.twse.com.tw/mops/web/ajax_t163sb20
上游,晶片封測服務,3711,日月光投控,2021,2,cash_flow,期初現金及約當現金餘額,51538071,"51,538,071",sii,https://mopsov.twse.com.tw/mops/web/ajax_t163sb20
上游,晶片封測服務,3711,日月光投控,2021,2,cash_flow,期末現金及約當現金餘額,52986781,"52,986,781",sii,https://mopsov.twse.com.tw/mops/web/ajax_t163sb20
上游,晶片封測服務,2449,京元電子,2021,3,income_statement,營業收入,24225238,"24,225,238",sii,https://mopsov.twse.com.tw/mops/web/ajax_t163sb04
上游,晶片封測服務,2449,京元電子,2021,3,income_statement,營業成本,16992296,"16,992,296",sii,https://mopsov.twse.com.tw/mops/web/ajax_t163sb04
上游,晶片封測服務,2449,京元電子,2021,3,income_statement,原始認列生物資產及農產品之利益（損失）,,--,sii,https://mopsov.twse.com.tw/mops/web/ajax_t163sb04
上游,晶片封測服務,2449,京元電子,2021,3,income_statement,生物資產當期公允價值減出售成本之變動利益（損失）,,--,sii,https://mopsov.twse.com.tw/mops/web/ajax_t163sb04
上游,晶片封測服務,2449,京元電子,2021,3,income_statement,營業毛利（毛損）,7232942,"7,232,942",sii,https://mopsov.twse.com.tw/mops/web/ajax_t163sb04
上游,晶片封測服務,2449,京元電子,2021,3,income_statement,未實現銷貨（損）益,,--,sii,https://mopsov.twse.com.tw/mops/web/ajax_t163sb04
上游,晶片封測服務,2449,京元電子,2021,3,income_statement,已實現銷貨（損）益,,--,sii,https://mopsov.twse.com.tw/mops/web/ajax_t163sb04
上游,晶片封測服務,2449,京元電子,2021,3,income_statement,營業毛利（毛損）淨額,7232942,"7,232,942",sii,https://mopsov.twse.com.tw/mops/web/ajax_t163sb04
上游,晶片封測服務,2449,京元電子,2021,3,income_statement,營業費用,2756895,"2,756,895",sii,https://mopsov.twse.com.tw/mops/web/ajax_t163sb04
上游,晶片封測服務,2449,京元電子,2021,3,income_statement,其他收益及費損淨額,,--,sii,https://mopsov.twse.com.tw/mops/web/ajax_t163sb04
上游,晶片封測服務,2449,京元電子,2021,3,income_statement,營業利益（損失）,4476047,"4,476,047",sii,https://mopsov.twse.com.tw/mops/web/ajax_t163sb04
上游,晶片封測服務,2449,京元電子,2021,3,income_statement,營業外收入及支出,149101,"149,101",sii,https://mopsov.twse.com.tw/mops/web/ajax_t163sb04
上游,晶片封測服務,2449,京元電子,2021,3,income_statement,稅前淨利（淨損）,4625148,"4,625,148",sii,https://mopsov.twse.com.tw/mops/web/ajax_t163sb04
上游,晶片封測服務,2449,京元電子,2021,3,income_statement,所得稅費用（利益）,1073576,"1,073,576",sii,https://mopsov.twse.com.tw/mops/web/ajax_t163sb04
上游,晶片封測服務,2449,京元電子,2021,3,income_statement,繼續營業單位本期淨利（淨損）,3551572,"3,551,572",sii,https://mopsov.twse.com.tw/mops/web/ajax_t163sb04
上游,晶片封測服務,2449,京元電子,2021,3,income_statement,停業單位損益,,--,sii,https://mopsov.twse.com.tw/mops/web/ajax_t163sb04
上游,晶片封測服務,2449,京元電子,2021,3,income_statement,合併前非屬共同控制股權損益,,--,sii,https://mopsov.twse.com.tw/mops/web/ajax_t163sb04
上游,晶片封測服務,2449,京元電子,2021,3,income_statement,本期淨利（淨損）,3551572,"3,551,572",sii,https://mopsov.twse.com.tw/mops/web/ajax_t163sb04
上游,晶片封測服務,2449,京元電子,2021,3,income_statement,其他綜合損益（淨額）,1092578,"1,092,578",sii,https://mopsov.twse.com.tw/mops/web/ajax_t163sb04
上游,晶片封測服務,2449,京元電子,2021,3,income_statement,合併前非屬共同控制股權綜合損益淨額,,--,sii,https://mopsov.twse.com.tw/mops/web/ajax_t163sb04
上游,晶片封測服務,2449,京元電子,2021,3,income_statement,本期綜合損益總額,4644150,"4,644,150",sii,https://mopsov.twse.com.tw/mops/web/ajax_t163sb04
上游,晶片封測服務,2449,京元電子,2021,3,income_statement,淨利（淨損）歸屬於母公司業主,3533492,"3,533,492",sii,https://mopsov.twse.com.tw/mops/web/ajax_t163sb04
上游,晶片封測服務,2449,京元電子,2021,3,income_statement,淨利（淨損）歸屬於共同控制下前手權益,,--,sii,https://mopsov.twse.com.tw/mops/web/ajax_t163sb04
上游,晶片封測服務,2449,京元電子,2021,3,income_statement,淨利（淨損）歸屬於非控制權益,18080,"18,080",sii,https://mopsov.twse.com.tw/mops/web/ajax_t163sb04
上游,晶片封測服務,2449,京元電子,2021,3,income_statement,綜合損益總額歸屬於母公司業主,4631628,"4,631,628",sii,https://mopsov.twse.com.tw/mops/web/ajax_t163sb04
上游,晶片封測服務,2449,京元電子,2021,3,income_statement,綜合損益總額歸屬於共同控制下前手權益,,--,sii,https://mopsov.twse.com.tw/mops/web/ajax_t163sb04
上游,晶片封測服務,2449,京元電子,2021,3,income_statement,綜合損益總額歸屬於非控制權益,12522,"12,522",sii,https://mopsov.twse.com.tw/mops/web/ajax_t163sb04
上游,晶片封測服務,2449,京元電子,2021,3,income_statement,基本每股盈餘（元）,2.89,2.89,sii,https://mopsov.twse.com.tw/mops/web/ajax_t163sb04
上游,晶片封測服務,3711,日月光投控,2021,3,income_statement,營業收入,397060947,"397,060,947",sii,https://mopsov.twse.com.tw/mops/web/ajax_t163sb04
上游,晶片封測服務,3711,日月光投控,2021,3,income_statement,營業成本,319586464,"319,586,464",sii,https://mopsov.twse.com.tw/mops/web/ajax_t163sb04
上游,晶片封測服務,3711,日月光投控,2021,3,income_statement,原始認列生物資產及農產品之利益（損失）,,--,sii,https://mopsov.twse.com.tw/mops/web/ajax_t163sb04
上游,晶片封測服務,3711,日月光投控,2021,3,income_statement,生物資產當期公允價值減出售成本之變動利益（損失）,,--,sii,https://mopsov.twse.com.tw/mops/web/ajax_t163sb04
上游,晶片封測服務,3711,日月光投控,2021,3,income_statement,營業毛利（毛損）,77474483,"77,474,483",sii,https://mopsov.twse.com.tw/mops/web/ajax_t163sb04
上游,晶片封測服務,3711,日月光投控,2021,3,income_statement,未實現銷貨（損）益,,--,sii,https://mopsov.twse.com.tw/mops/web/ajax_t163sb04
上游,晶片封測服務,3711,日月光投控,2021,3,income_statement,已實現銷貨（損）益,,--,sii,https://mopsov.twse.com.tw/mops/web/ajax_t163sb04
上游,晶片封測服務,3711,日月光投控,2021,3,income_statement,營業毛利（毛損）淨額,77474483,"77,474,483",sii,https://mopsov.twse.com.tw/mops/web/ajax_t163sb04
上游,晶片封測服務,3711,日月光投控,2021,3,income_statement,營業費用,34965563,"34,965,563",sii,https://mopsov.twse.com.tw/mops/web/ajax_t163sb04
上游,晶片封測服務,3711,日月光投控,2021,3,income_statement,其他收益及費損淨額,,--,sii,https://mopsov.twse.com.tw/mops/web/ajax_t163sb04
上游,晶片封測服務,3711,日月光投控,2021,3,income_statement,營業利益（損失）,42508920,"42,508,920",sii,https://mopsov.twse.com.tw/mops/web/ajax_t163sb04
上游,晶片封測服務,3711,日月光投控,2021,3,income_statement,營業外收入及支出,490594,"490,594",sii,https://mopsov.twse.com.tw/mops/web/ajax_t163sb04
上游,晶片封測服務,3711,日月光投控,2021,3,income_statement,稅前淨利（淨損）,42999514,"42,999,514",sii,https://mopsov.twse.com.tw/mops/web/ajax_t163sb04
上游,晶片封測服務,3711,日月光投控,2021,3,income_statement,所得稅費用（利益）,8729769,"8,729,769",sii,https://mopsov.twse.com.tw/mops/web/ajax_t163sb04
上游,晶片封測服務,3711,日月光投控,2021,3,income_statement,繼續營業單位本期淨利（淨損）,34269745,"34,269,745",sii,https://mopsov.twse.com.tw/mops/web/ajax_t163sb04
上游,晶片封測服務,3711,日月光投控,2021,3,income_statement,停業單位損益,,--,sii,https://mopsov.twse.com.tw/mops/web/ajax_t163sb04
上游,晶片封測服務,3711,日月光投控,2021,3,income_statement,合併前非屬共同控制股權損益,,--,sii,https://mopsov.twse.com.tw/mops/web/ajax_t163sb04
上游,晶片封測服務,3711,日月光投控,2021,3,income_statement,本期淨利（淨損）,34269745,"34,269,745",sii,https://mopsov.twse.com.tw/mops/web/ajax_t163sb04
上游,晶片封測服務,3711,日月光投控,2021,3,income_statement,其他綜合損益（淨額）,-551223,"-551,223",sii,https://mopsov.twse.com.tw/mops/web/ajax_t163sb04
上游,晶片封測服務,3711,日月光投控,2021,3,income_statement,合併前非屬共同控制股權綜合損益淨額,,--,sii,https://mopsov.twse.com.tw/mops/web/ajax_t163sb04
上游,晶片封測服務,3711,日月光投控,2021,3,income_statement,本期綜合損益總額,33718522,"33,718,522",sii,https://mopsov.twse.com.tw/mops/web/ajax_t163sb04
上游,晶片封測服務,3711,日月光投控,2021,3,income_statement,淨利（淨損）歸屬於母公司業主,32991828,"32,991,828",sii,https://mopsov.twse.com.tw/mops/web/ajax_t163sb04
上游,晶片封測服務,3711,日月光投控,2021,3,income_statement,淨利（淨損）歸屬於共同控制下前手權益,,--,sii,https://mopsov.twse.com.tw/mops/web/ajax_t163sb04
上游,晶片封測服務,3711,日月光投控,2021,3,income_statement,淨利（淨損）歸屬於非控制權益,1277917,"1,277,917",sii,https://mopsov.twse.com.tw/mops/web/ajax_t163sb04
上游,晶片封測服務,3711,日月光投控,2021,3,income_statement,綜合損益總額歸屬於母公司業主,32631355,"32,631,355",sii,https://mopsov.twse.com.tw/mops/web/ajax_t163sb04
上游,晶片封測服務,3711,日月光投控,2021,3,income_statement,綜合損益總額歸屬於共同控制下前手權益,,--,sii,https://mopsov.twse.com.tw/mops/web/ajax_t163sb04
上游,晶片封測服務,3711,日月光投控,2021,3,income_statement,綜合損益總額歸屬於非控制權益,1087167,"1,087,167",sii,https://mopsov.twse.com.tw/mops/web/ajax_t163sb04
上游,晶片封測服務,3711,日月光投控,2021,3,income_statement,基本每股盈餘（元）,7.66,7.66,sii,https://mopsov.twse.com.tw/mops/web/ajax_t163sb04
上游,晶片封測服務,2449,京元電子,2021,3,balance_sheet,流動資產,18625301,"18,625,301",sii,https://mopsov.twse.com.tw/mops/web/ajax_t163sb05
上游,晶片封測服務,2449,京元電子,2021,3,balance_sheet,非流動資產,51861438,"51,861,438",sii,https://mopsov.twse.com.tw/mops/web/ajax_t163sb05
上游,晶片封測服務,2449,京元電子,2021,3,balance_sheet,資產總計,70486739,"70,486,739",sii,https://mopsov.twse.com.tw/mops/web/ajax_t163sb05
上游,晶片封測服務,2449,京元電子,2021,3,balance_sheet,流動負債,9877763,"9,877,763",sii,https://mopsov.twse.com.tw/mops/web/ajax_t163sb05
上游,晶片封測服務,2449,京元電子,2021,3,balance_sheet,非流動負債,27924837,"27,924,837",sii,https://mopsov.twse.com.tw/mops/web/ajax_t163sb05
上游,晶片封測服務,2449,京元電子,2021,3,balance_sheet,負債總計,37802600,"37,802,600",sii,https://mopsov.twse.com.tw/mops/web/ajax_t163sb05
上游,晶片封測服務,2449,京元電子,2021,3,balance_sheet,股本,12227451,"12,227,451",sii,https://mopsov.twse.com.tw/mops/web/ajax_t163sb05
上游,晶片封測服務,2449,京元電子,2021,3,balance_sheet,權益─具證券性質之虛擬通貨,,--,sii,https://mopsov.twse.com.tw/mops/web/ajax_t163sb05
上游,晶片封測服務,2449,京元電子,2021,3,balance_sheet,資本公積,4876984,"4,876,984",sii,https://mopsov.twse.com.tw/mops/web/ajax_t163sb05
上游,晶片封測服務,2449,京元電子,2021,3,balance_sheet,保留盈餘,12213421,"12,213,421",sii,https://mopsov.twse.com.tw/mops/web/ajax_t163sb05
上游,晶片封測服務,2449,京元電子,2021,3,balance_sheet,其他權益,2720714,"2,720,714",sii,https://mopsov.twse.com.tw/mops/web/ajax_t163sb05
上游,晶片封測服務,2449,京元電子,2021,3,balance_sheet,庫藏股票,,--,sii,https://mopsov.twse.com.tw/mops/web/ajax_t163sb05
上游,晶片封測服務,2449,京元電子,2021,3,balance_sheet,歸屬於母公司業主之權益合計,32038570,"32,038,570",sii,https://mopsov.twse.com.tw/mops/web/ajax_t163sb05
上游,晶片封測服務,2449,京元電子,2021,3,balance_sheet,共同控制下前手權益,,--,sii,https://mopsov.twse.com.tw/mops/web/ajax_t163sb05
上游,晶片封測服務,2449,京元電子,2021,3,balance_sheet,合併前非屬共同控制股權,,--,sii,https://mopsov.twse.com.tw/mops/web/ajax_t163sb05
上游,晶片封測服務,2449,京元電子,2021,3,balance_sheet,非控制權益,645569,"645,569",sii,https://mopsov.twse.com.tw/mops/web/ajax_t163sb05
上游,晶片封測服務,2449,京元電子,2021,3,balance_sheet,權益總計,32684139,"32,684,139",sii,https://mopsov.twse.com.tw/mops/web/ajax_t163sb05
上游,晶片封測服務,2449,京元電子,2021,3,balance_sheet,待註銷股本股數（單位：股）,,--,sii,https://mopsov.twse.com.tw/mops/web/ajax_t163sb05
上游,晶片封測服務,2449,京元電子,2021,3,balance_sheet,預收股款（權益項下）之約當發行股數（單位：股）,0,0,sii,https://mopsov.twse.com.tw/mops/web/ajax_t163sb05
上游,晶片封測服務,2449,京元電子,2021,3,balance_sheet,母公司暨子公司所持有之母公司庫藏股股數（單位：股）,0,0,sii,https://mopsov.twse.com.tw/mops/web/ajax_t163sb05
上游,晶片封測服務,2449,京元電子,2021,3,balance_sheet,每股參考淨值,26.2,26.20,sii,https://mopsov.twse.com.tw/mops/web/ajax_t163sb05
上游,晶片封測服務,3711,日月光投控,2021,3,balance_sheet,流動資產,260233503,"260,233,503",sii,https://mopsov.twse.com.tw/mops/web/ajax_t163sb05
上游,晶片封測服務,3711,日月光投控,2021,3,balance_sheet,非流動資產,390025770,"390,025,770",sii,https://mopsov.twse.com.tw/mops/web/ajax_t163sb05
上游,晶片封測服務,3711,日月光投控,2021,3,balance_sheet,資產總計,650259273,"650,259,273",sii,https://mopsov.twse.com.tw/mops/web/ajax_t163sb05
上游,晶片封測服務,3711,日月光投控,2021,3,balance_sheet,流動負債,192626063,"192,626,063",sii,https://mopsov.twse.com.tw/mops/web/ajax_t163sb05
上游,晶片封測服務,3711,日月光投控,2021,3,balance_sheet,非流動負債,206793853,"206,793,853",sii,https://mopsov.twse.com.tw/mops/web/ajax_t163sb05
上游,晶片封測服務,3711,日月光投控,2021,3,balance_sheet,負債總計,399419916,"399,419,916",sii,https://mopsov.twse.com.tw/mops/web/ajax_t163sb05
上游,晶片封測服務,3711,日月光投控,2021,3,balance_sheet,股本,43885544,"43,885,544",sii,https://mopsov.twse.com.tw/mops/web/ajax_t163sb05
上游,晶片封測服務,3711,日月光投控,2021,3,balance_sheet,權益─具證券性質之虛擬通貨,,--,sii,https://mopsov.twse.com.tw/mops/web/ajax_t163sb05
上游,晶片封測服務,3711,日月光投控,2021,3,balance_sheet,資本公積,142210456,"142,210,456",sii,https://mopsov.twse.com.tw/mops/web/ajax_t163sb05
上游,晶片封測服務,3711,日月光投控,2021,3,balance_sheet,保留盈餘,62115256,"62,115,256",sii,https://mopsov.twse.com.tw/mops/web/ajax_t163sb05
上游,晶片封測服務,3711,日月光投控,2021,3,balance_sheet,其他權益,-11066059,"-11,066,059",sii,https://mopsov.twse.com.tw/mops/web/ajax_t163sb05
上游,晶片封測服務,3711,日月光投控,2021,3,balance_sheet,庫藏股票,-1959107,"-1,959,107",sii,https://mopsov.twse.com.tw/mops/web/ajax_t163sb05
上游,晶片封測服務,3711,日月光投控,2021,3,balance_sheet,歸屬於母公司業主之權益合計,235186090,"235,186,090",sii,https://mopsov.twse.com.tw/mops/web/ajax_t163sb05
上游,晶片封測服務,3711,日月光投控,2021,3,balance_sheet,共同控制下前手權益,,--,sii,https://mopsov.twse.com.tw/mops/web/ajax_t163sb05
上游,晶片封測服務,3711,日月光投控,2021,3,balance_sheet,合併前非屬共同控制股權,,--,sii,https://mopsov.twse.com.tw/mops/web/ajax_t163sb05
上游,晶片封測服務,3711,日月光投控,2021,3,balance_sheet,非控制權益,15653267,"15,653,267",sii,https://mopsov.twse.com.tw/mops/web/ajax_t163sb05
上游,晶片封測服務,3711,日月光投控,2021,3,balance_sheet,權益總計,250839357,"250,839,357",sii,https://mopsov.twse.com.tw/mops/web/ajax_t163sb05
上游,晶片封測服務,3711,日月光投控,2021,3,balance_sheet,待註銷股本股數（單位：股）,,--,sii,https://mopsov.twse.com.tw/mops/web/ajax_t163sb05
上游,晶片封測服務,3711,日月光投控,2021,3,balance_sheet,預收股款（權益項下）之約當發行股數（單位：股）,5621950,"5,621,950",sii,https://mopsov.twse.com.tw/mops/web/ajax_t163sb05
上游,晶片封測服務,3711,日月光投控,2021,3,balance_sheet,母公司暨子公司所持有之母公司庫藏股股數（單位：股）,72941505,"72,941,505",sii,https://mopsov.twse.com.tw/mops/web/ajax_t163sb05
上游,晶片封測服務,3711,日月光投控,2021,3,balance_sheet,每股參考淨值,54.5,54.50,sii,https://mopsov.twse.com.tw/mops/web/ajax_t163sb05
上游,晶片封測服務,2449,京元電子,2021,3,cash_flow,營業活動之淨現金流入（流出）,8777925,"8,777,925",sii,https://mopsov.twse.com.tw/mops/web/ajax_t163sb20
上游,晶片封測服務,2449,京元電子,2021,3,cash_flow,投資活動之淨現金流入（流出）,-10907063,"-10,907,063",sii,https://mopsov.twse.com.tw/mops/web/ajax_t163sb20
上游,晶片封測服務,2449,京元電子,2021,3,cash_flow,籌資活動之淨現金流入（流出）,2656496,"2,656,496",sii,https://mopsov.twse.com.tw/mops/web/ajax_t163sb20
上游,晶片封測服務,2449,京元電子,2021,3,cash_flow,匯率變動對現金及約當現金之影響,-10333,"-10,333",sii,https://mopsov.twse.com.tw/mops/web/ajax_t163sb20
上游,晶片封測服務,2449,京元電子,2021,3,cash_flow,本期現金及約當現金增加（減少）數,517025,"517,025",sii,https://mopsov.twse.com.tw/mops/web/ajax_t163sb20
上游,晶片封測服務,2449,京元電子,2021,3,cash_flow,期初現金及約當現金餘額,8008530,"8,008,530",sii,https://mopsov.twse.com.tw/mops/web/ajax_t163sb20
上游,晶片封測服務,2449,京元電子,2021,3,cash_flow,期末現金及約當現金餘額,8525555,"8,525,555",sii,https://mopsov.twse.com.tw/mops/web/ajax_t163sb20
上游,晶片封測服務,3711,日月光投控,2021,3,cash_flow,營業活動之淨現金流入（流出）,48815706,"48,815,706",sii,https://mopsov.twse.com.tw/mops/web/ajax_t163sb20
上游,晶片封測服務,3711,日月光投控,2021,3,cash_flow,投資活動之淨現金流入（流出）,-54390331,"-54,390,331",sii,https://mopsov.twse.com.tw/mops/web/ajax_t163sb20
上游,晶片封測服務,3711,日月光投控,2021,3,cash_flow,籌資活動之淨現金流入（流出）,9932821,"9,932,821",sii,https://mopsov.twse.com.tw/mops/web/ajax_t163sb20
上游,晶片封測服務,3711,日月光投控,2021,3,cash_flow,匯率變動對現金及約當現金之影響,-2477313,"-2,477,313",sii,https://mopsov.twse.com.tw/mops/web/ajax_t163sb20
上游,晶片封測服務,3711,日月光投控,2021,3,cash_flow,本期現金及約當現金增加（減少）數,1880883,"1,880,883",sii,https://mopsov.twse.com.tw/mops/web/ajax_t163sb20
上游,晶片封測服務,3711,日月光投控,2021,3,cash_flow,期初現金及約當現金餘額,51538071,"51,538,071",sii,https://mopsov.twse.com.tw/mops/web/ajax_t163sb20
上游,晶片封測服務,3711,日月光投控,2021,3,cash_flow,期末現金及約當現金餘額,53418954,"53,418,954",sii,https://mopsov.twse.com.tw/mops/web/ajax_t163sb20
上游,晶片封測服務,2449,京元電子,2021,4,income_statement,營業收入,33759389,"33,759,389",sii,https://mopsov.twse.com.tw/mops/web/ajax_t163sb04
上游,晶片封測服務,2449,京元電子,2021,4,income_statement,營業成本,23407322,"23,407,322",sii,https://mopsov.twse.com.tw/mops/web/ajax_t163sb04
上游,晶片封測服務,2449,京元電子,2021,4,income_statement,原始認列生物資產及農產品之利益（損失）,,--,sii,https://mopsov.twse.com.tw/mops/web/ajax_t163sb04
上游,晶片封測服務,2449,京元電子,2021,4,income_statement,生物資產當期公允價值減出售成本之變動利益（損失）,,--,sii,https://mopsov.twse.com.tw/mops/web/ajax_t163sb04
上游,晶片封測服務,2449,京元電子,2021,4,income_statement,營業毛利（毛損）,10352067,"10,352,067",sii,https://mopsov.twse.com.tw/mops/web/ajax_t163sb04
上游,晶片封測服務,2449,京元電子,2021,4,income_statement,未實現銷貨（損）益,,--,sii,https://mopsov.twse.com.tw/mops/web/ajax_t163sb04
上游,晶片封測服務,2449,京元電子,2021,4,income_statement,已實現銷貨（損）益,,--,sii,https://mopsov.twse.com.tw/mops/web/ajax_t163sb04
上游,晶片封測服務,2449,京元電子,2021,4,income_statement,營業毛利（毛損）淨額,10352067,"10,352,067",sii,https://mopsov.twse.com.tw/mops/web/ajax_t163sb04
上游,晶片封測服務,2449,京元電子,2021,4,income_statement,營業費用,3745551,"3,745,551",sii,https://mopsov.twse.com.tw/mops/web/ajax_t163sb04
上游,晶片封測服務,2449,京元電子,2021,4,income_statement,其他收益及費損淨額,,--,sii,https://mopsov.twse.com.tw/mops/web/ajax_t163sb04
上游,晶片封測服務,2449,京元電子,2021,4,income_statement,營業利益（損失）,6606516,"6,606,516",sii,https://mopsov.twse.com.tw/mops/web/ajax_t163sb04
上游,晶片封測服務,2449,京元電子,2021,4,income_statement,營業外收入及支出,248731,"248,731",sii,https://mopsov.twse.com.tw/mops/web/ajax_t163sb04
上游,晶片封測服務,2449,京元電子,2021,4,income_statement,稅前淨利（淨損）,6855247,"6,855,247",sii,https://mopsov.twse.com.tw/mops/web/ajax_t163sb04
上游,晶片封測服務,2449,京元電子,2021,4,income_statement,所得稅費用（利益）,1621005,"1,621,005",sii,https://mopsov.twse.com.tw/mops/web/ajax_t163sb04
上游,晶片封測服務,2449,京元電子,2021,4,income_statement,繼續營業單位本期淨利（淨損）,5234242,"5,234,242",sii,https://mopsov.twse.com.tw/mops/web/ajax_t163sb04
上游,晶片封測服務,2449,京元電子,2021,4,income_statement,停業單位損益,,--,sii,https://mopsov.twse.com.tw/mops/web/ajax_t163sb04
上游,晶片封測服務,2449,京元電子,2021,4,income_statement,合併前非屬共同控制股權損益,,--,sii,https://mopsov.twse.com.tw/mops/web/ajax_t163sb04
上游,晶片封測服務,2449,京元電子,2021,4,income_statement,本期淨利（淨損）,5234242,"5,234,242",sii,https://mopsov.twse.com.tw/mops/web/ajax_t163sb04
上游,晶片封測服務,2449,京元電子,2021,4,income_statement,其他綜合損益（淨額）,1595123,"1,595,123",sii,https://mopsov.twse.com.tw/mops/web/ajax_t163sb04
上游,晶片封測服務,2449,京元電子,2021,4,income_statement,合併前非屬共同控制股權綜合損益淨額,,--,sii,https://mopsov.twse.com.tw/mops/web/ajax_t163sb04
上游,晶片封測服務,2449,京元電子,2021,4,income_statement,本期綜合損益總額,6829365,"6,829,365",sii,https://mopsov.twse.com.tw/mops/web/ajax_t163sb04
上游,晶片封測服務,2449,京元電子,2021,4,income_statement,淨利（淨損）歸屬於母公司業主,5175046,"5,175,046",sii,https://mopsov.twse.com.tw/mops/web/ajax_t163sb04
上游,晶片封測服務,2449,京元電子,2021,4,income_statement,淨利（淨損）歸屬於共同控制下前手權益,,--,sii,https://mopsov.twse.com.tw/mops/web/ajax_t163sb04
上游,晶片封測服務,2449,京元電子,2021,4,income_statement,淨利（淨損）歸屬於非控制權益,59196,"59,196",sii,https://mopsov.twse.com.tw/mops/web/ajax_t163sb04
上游,晶片封測服務,2449,京元電子,2021,4,income_statement,綜合損益總額歸屬於母公司業主,6769183,"6,769,183",sii,https://mopsov.twse.com.tw/mops/web/ajax_t163sb04
上游,晶片封測服務,2449,京元電子,2021,4,income_statement,綜合損益總額歸屬於共同控制下前手權益,,--,sii,https://mopsov.twse.com.tw/mops/web/ajax_t163sb04
上游,晶片封測服務,2449,京元電子,2021,4,income_statement,綜合損益總額歸屬於非控制權益,60182,"60,182",sii,https://mopsov.twse.com.tw/mops/web/ajax_t163sb04
上游,晶片封測服務,2449,京元電子,2021,4,income_statement,基本每股盈餘（元）,4.23,4.23,sii,https://mopsov.twse.com.tw/mops/web/ajax_t163sb04
上游,晶片封測服務,3711,日月光投控,2021,4,income_statement,營業收入,569997133,"569,997,133",sii,https://mopsov.twse.com.tw/mops/web/ajax_t163sb04
上游,晶片封測服務,3711,日月光投控,2021,4,income_statement,營業成本,459628356,"459,628,356",sii,https://mopsov.twse.com.tw/mops/web/ajax_t163sb04
上游,晶片封測服務,3711,日月光投控,2021,4,income_statement,原始認列生物資產及農產品之利益（損失）,,--,sii,https://mopsov.twse.com.tw/mops/web/ajax_t163sb04
上游,晶片封測服務,3711,日月光投控,2021,4,income_statement,生物資產當期公允價值減出售成本之變動利益（損失）,,--,sii,https://mopsov.twse.com.tw/mops/web/ajax_t163sb04
上游,晶片封測服務,3711,日月光投控,2021,4,income_statement,營業毛利（毛損）,110368777,"110,368,777",sii,https://mopsov.twse.com.tw/mops/web/ajax_t163sb04
上游,晶片封測服務,3711,日月光投控,2021,4,income_statement,未實現銷貨（損）益,,--,sii,https://mopsov.twse.com.tw/mops/web/ajax_t163sb04
上游,晶片封測服務,3711,日月光投控,2021,4,income_statement,已實現銷貨（損）益,,--,sii,https://mopsov.twse.com.tw/mops/web/ajax_t163sb04
上游,晶片封測服務,3711,日月光投控,2021,4,income_statement,營業毛利（毛損）淨額,110368777,"110,368,777",sii,https://mopsov.twse.com.tw/mops/web/ajax_t163sb04
上游,晶片封測服務,3711,日月光投控,2021,4,income_statement,營業費用,48244428,"48,244,428",sii,https://mopsov.twse.com.tw/mops/web/ajax_t163sb04
上游,晶片封測服務,3711,日月光投控,2021,4,income_statement,其他收益及費損淨額,,--,sii,https://mopsov.twse.com.tw/mops/web/ajax_t163sb04
上游,晶片封測服務,3711,日月光投控,2021,4,income_statement,營業利益（損失）,62124349,"62,124,349",sii,https://mopsov.twse.com.tw/mops/web/ajax_t163sb04
上游,晶片封測服務,3711,日月光投控,2021,4,income_statement,營業外收入及支出,18211058,"18,211,058",sii,https://mopsov.twse.com.tw/mops/web/ajax_t163sb04
上游,晶片封測服務,3711,日月光投控,2021,4,income_statement,稅前淨利（淨損）,80335407,"80,335,407",sii,https://mopsov.twse.com.tw/mops/web/ajax_t163sb04
上游,晶片封測服務,3711,日月光投控,2021,4,income_statement,所得稅費用（利益）,14321826,"14,321,826",sii,https://mopsov.twse.com.tw/mops/web/ajax_t163sb04
上游,晶片封測服務,3711,日月光投控,2021,4,income_statement,繼續營業單位本期淨利（淨損）,66013581,"66,013,581",sii,https://mopsov.twse.com.tw/mops/web/ajax_t163sb04
上游,晶片封測服務,3711,日月光投控,2021,4,income_statement,停業單位損益,,--,sii,https://mopsov.twse.com.tw/mops/web/ajax_t163sb04
上游,晶片封測服務,3711,日月光投控,2021,4,income_statement,合併前非屬共同控制股權損益,,--,sii,https://mopsov.twse.com.tw/mops/web/ajax_t163sb04
上游,晶片封測服務,3711,日月光投控,2021,4,income_statement,本期淨利（淨損）,66013581,"66,013,581",sii,https://mopsov.twse.com.tw/mops/web/ajax_t163sb04
上游,晶片封測服務,3711,日月光投控,2021,4,income_statement,其他綜合損益（淨額）,646142,"646,142",sii,https://mopsov.twse.com.tw/mops/web/ajax_t163sb04
上游,晶片封測服務,3711,日月光投控,2021,4,income_statement,合併前非屬共同控制股權綜合損益淨額,,--,sii,https://mopsov.twse.com.tw/mops/web/ajax_t163sb04
上游,晶片封測服務,3711,日月光投控,2021,4,income_statement,本期綜合損益總額,66659723,"66,659,723",sii,https://mopsov.twse.com.tw/mops/web/ajax_t163sb04
上游,晶片封測服務,3711,日月光投控,2021,4,income_statement,淨利（淨損）歸屬於母公司業主,63907680,"63,907,680",sii,https://mopsov.twse.com.tw/mops/web/ajax_t163sb04
上游,晶片封測服務,3711,日月光投控,2021,4,income_statement,淨利（淨損）歸屬於共同控制下前手權益,,--,sii,https://mopsov.twse.com.tw/mops/web/ajax_t163sb04
上游,晶片封測服務,3711,日月光投控,2021,4,income_statement,淨利（淨損）歸屬於非控制權益,2105901,"2,105,901",sii,https://mopsov.twse.com.tw/mops/web/ajax_t163sb04
上游,晶片封測服務,3711,日月光投控,2021,4,income_statement,綜合損益總額歸屬於母公司業主,64627793,"64,627,793",sii,https://mopsov.twse.com.tw/mops/web/ajax_t163sb04
上游,晶片封測服務,3711,日月光投控,2021,4,income_statement,綜合損益總額歸屬於共同控制下前手權益,,--,sii,https://mopsov.twse.com.tw/mops/web/ajax_t163sb04
上游,晶片封測服務,3711,日月光投控,2021,4,income_statement,綜合損益總額歸屬於非控制權益,2031930,"2,031,930",sii,https://mopsov.twse.com.tw/mops/web/ajax_t163sb04
上游,晶片封測服務,3711,日月光投控,2021,4,income_statement,基本每股盈餘（元）,14.84,14.84,sii,https://mopsov.twse.com.tw/mops/web/ajax_t163sb04
上游,晶片封測服務,2449,京元電子,2021,4,balance_sheet,流動資產,18849216,"18,849,216",sii,https://mopsov.twse.com.tw/mops/web/ajax_t163sb05
上游,晶片封測服務,2449,京元電子,2021,4,balance_sheet,非流動資產,53370967,"53,370,967",sii,https://mopsov.twse.com.tw/mops/web/ajax_t163sb05
上游,晶片封測服務,2449,京元電子,2021,4,balance_sheet,資產總計,72220183,"72,220,183",sii,https://mopsov.twse.com.tw/mops/web/ajax_t163sb05
上游,晶片封測服務,2449,京元電子,2021,4,balance_sheet,流動負債,11144099,"11,144,099",sii,https://mopsov.twse.com.tw/mops/web/ajax_t163sb05
上游,晶片封測服務,2449,京元電子,2021,4,balance_sheet,非流動負債,26197916,"26,197,916",sii,https://mopsov.twse.com.tw/mops/web/ajax_t163sb05
上游,晶片封測服務,2449,京元電子,2021,4,balance_sheet,負債總計,37342015,"37,342,015",sii,https://mopsov.twse.com.tw/mops/web/ajax_t163sb05
上游,晶片封測服務,2449,京元電子,2021,4,balance_sheet,股本,12227451,"12,227,451",sii,https://mopsov.twse.com.tw/mops/web/ajax_t163sb05
上游,晶片封測服務,2449,京元電子,2021,4,balance_sheet,權益─具證券性質之虛擬通貨,,--,sii,https://mopsov.twse.com.tw/mops/web/ajax_t163sb05
上游,晶片封測服務,2449,京元電子,2021,4,balance_sheet,資本公積,4885134,"4,885,134",sii,https://mopsov.twse.com.tw/mops/web/ajax_t163sb05
上游,晶片封測服務,2449,京元電子,2021,4,balance_sheet,保留盈餘,13801607,"13,801,607",sii,https://mopsov.twse.com.tw/mops/web/ajax_t163sb05
上游,晶片封測服務,2449,京元電子,2021,4,balance_sheet,其他權益,3270083,"3,270,083",sii,https://mopsov.twse.com.tw/mops/web/ajax_t163sb05
上游,晶片封測服務,2449,京元電子,2021,4,balance_sheet,庫藏股票,,--,sii,https://mopsov.twse.com.tw/mops/web/ajax_t163sb05
上游,晶片封測服務,2449,京元電子,2021,4,balance_sheet,歸屬於母公司業主之權益合計,34184275,"34,184,275",sii,https://mopsov.twse.com.tw/mops/web/ajax_t163sb05
上游,晶片封測服務,2449,京元電子,2021,4,balance_sheet,共同控制下前手權益,,--,sii,https://mopsov.twse.com.tw/mops/web/ajax_t163sb05
上游,晶片封測服務,2449,京元電子,2021,4,balance_sheet,合併前非屬共同控制股權,,--,sii,https://mopsov.twse.com.tw/mops/web/ajax_t163sb05
上游,晶片封測服務,2449,京元電子,2021,4,balance_sheet,非控制權益,693893,"693,893",sii,https://mopsov.twse.com.tw/mops/web/ajax_t163sb05
上游,晶片封測服務,2449,京元電子,2021,4,balance_sheet,權益總計,34878168,"34,878,168",sii,https://mopsov.twse.com.tw/mops/web/ajax_t163sb05
上游,晶片封測服務,2449,京元電子,2021,4,balance_sheet,待註銷股本股數（單位：股）,,--,sii,https://mopsov.twse.com.tw/mops/web/ajax_t163sb05
上游,晶片封測服務,2449,京元電子,2021,4,balance_sheet,預收股款（權益項下）之約當發行股數（單位：股）,0,0,sii,https://mopsov.twse.com.tw/mops/web/ajax_t163sb05
上游,晶片封測服務,2449,京元電子,2021,4,balance_sheet,母公司暨子公司所持有之母公司庫藏股股數（單位：股）,0,0,sii,https://mopsov.twse.com.tw/mops/web/ajax_t163sb05
上游,晶片封測服務,2449,京元電子,2021,4,balance_sheet,每股參考淨值,27.96,27.96,sii,https://mopsov.twse.com.tw/mops/web/ajax_t163sb05
上游,晶片封測服務,3711,日月光投控,2021,4,balance_sheet,流動資產,292357728,"292,357,728",sii,https://mopsov.twse.com.tw/mops/web/ajax_t163sb05
上游,晶片封測服務,3711,日月光投控,2021,4,balance_sheet,非流動資產,380576557,"380,576,557",sii,https://mopsov.twse.com.tw/mops/web/ajax_t163sb05
上游,晶片封測服務,3711,日月光投控,2021,4,balance_sheet,資產總計,672934285,"672,934,285",sii,https://mopsov.twse.com.tw/mops/web/ajax_t163sb05
上游,晶片封測服務,3711,日月光投控,2021,4,balance_sheet,流動負債,210927730,"210,927,730",sii,https://mopsov.twse.com.tw/mops/web/ajax_t163sb05
上游,晶片封測服務,3711,日月光投控,2021,4,balance_sheet,非流動負債,187373830,"187,373,830",sii,https://mopsov.twse.com.tw/mops/web/ajax_t163sb05
上游,晶片封測服務,3711,日月光投控,2021,4,balance_sheet,負債總計,398301560,"398,301,560",sii,https://mopsov.twse.com.tw/mops/web/ajax_t163sb05
上游,晶片封測服務,3711,日月光投控,2021,4,balance_sheet,股本,44086502,"44,086,502",sii,https://mopsov.twse.com.tw/mops/web/ajax_t163sb05
上游,晶片封測服務,3711,日月光投控,2021,4,balance_sheet,權益─具證券性質之虛擬通貨,,--,sii,https://mopsov.twse.com.tw/mops/web/ajax_t163sb05
上游,晶片封測服務,3711,日月光投控,2021,4,balance_sheet,資本公積,143691717,"143,691,717",sii,https://mopsov.twse.com.tw/mops/web/ajax_t163sb05
上游,晶片封測服務,3711,日月光投控,2021,4,balance_sheet,保留盈餘,91318899,"91,318,899",sii,https://mopsov.twse.com.tw/mops/web/ajax_t163sb05
上游,晶片封測服務,3711,日月光投控,2021,4,balance_sheet,其他權益,-11532042,"-11,532,042",sii,https://mopsov.twse.com.tw/mops/web/ajax_t163sb05
上游,晶片封測服務,3711,日月光投控,2021,4,balance_sheet,庫藏股票,-7488362,"-7,488,362",sii,https://mopsov.twse.com.tw/mops/web/ajax_t163sb05
上游,晶片封測服務,3711,日月光投控,2021,4,balance_sheet,歸屬於母公司業主之權益合計,260076714,"260,076,714",sii,https://mopsov.twse.com.tw/mops/web/ajax_t163sb05
上游,晶片封測服務,3711,日月光投控,2021,4,balance_sheet,共同控制下前手權益,,--,sii,https://mopsov.twse.com.tw/mops/web/ajax_t163sb05
上游,晶片封測服務,3711,日月光投控,2021,4,balance_sheet,合併前非屬共同控制股權,,--,sii,https://mopsov.twse.com.tw/mops/web/ajax_t163sb05
上游,晶片封測服務,3711,日月光投控,2021,4,balance_sheet,非控制權益,14556011,"14,556,011",sii,https://mopsov.twse.com.tw/mops/web/ajax_t163sb05
上游,晶片封測服務,3711,日月光投控,2021,4,balance_sheet,權益總計,274632725,"274,632,725",sii,https://mopsov.twse.com.tw/mops/web/ajax_t163sb05
上游,晶片封測服務,3711,日月光投控,2021,4,balance_sheet,待註銷股本股數（單位：股）,,--,sii,https://mopsov.twse.com.tw/mops/web/ajax_t163sb05
上游,晶片封測服務,3711,日月光投控,2021,4,balance_sheet,預收股款（權益項下）之約當發行股數（單位：股）,5235550,"5,235,550",sii,https://mopsov.twse.com.tw/mops/web/ajax_t163sb05
上游,晶片封測服務,3711,日月光投控,2021,4,balance_sheet,母公司暨子公司所持有之母公司庫藏股股數（單位：股）,126008505,"126,008,505",sii,https://mopsov.twse.com.tw/mops/web/ajax_t163sb05
上游,晶片封測服務,3711,日月光投控,2021,4,balance_sheet,每股參考淨值,60.73,60.73,sii,https://mopsov.twse.com.tw/mops/web/ajax_t163sb05
上游,晶片封測服務,2449,京元電子,2021,4,cash_flow,營業活動之淨現金流入（流出）,13723054,"13,723,054",sii,https://mopsov.twse.com.tw/mops/web/ajax_t163sb20
上游,晶片封測服務,2449,京元電子,2021,4,cash_flow,投資活動之淨現金流入（流出）,-13517164,"-13,517,164",sii,https://mopsov.twse.com.tw/mops/web/ajax_t163sb20
上游,晶片封測服務,2449,京元電子,2021,4,cash_flow,籌資活動之淨現金流入（流出）,426513,"426,513",sii,https://mopsov.twse.com.tw/mops/web/ajax_t163sb20
上游,晶片封測服務,2449,京元電子,2021,4,cash_flow,匯率變動對現金及約當現金之影響,8999,"8,999",sii,https://mopsov.twse.com.tw/mops/web/ajax_t163sb20
上游,晶片封測服務,2449,京元電子,2021,4,cash_flow,本期現金及約當現金增加（減少）數,641402,"641,402",sii,https://mopsov.twse.com.tw/mops/web/ajax_t163sb20
上游,晶片封測服務,2449,京元電子,2021,4,cash_flow,期初現金及約當現金餘額,8008530,"8,008,530",sii,https://mopsov.twse.com.tw/mops/web/ajax_t163sb20
上游,晶片封測服務,2449,京元電子,2021,4,cash_flow,期末現金及約當現金餘額,8649932,"8,649,932",sii,https://mopsov.twse.com.tw/mops/web/ajax_t163sb20
上游,晶片封測服務,3711,日月光投控,2021,4,cash_flow,營業活動之淨現金流入（流出）,81733902,"81,733,902",sii,https://mopsov.twse.com.tw/mops/web/ajax_t163sb20
上游,晶片封測服務,3711,日月光投控,2021,4,cash_flow,投資活動之淨現金流入（流出）,-49091569,"-49,091,569",sii,https://mopsov.twse.com.tw/mops/web/ajax_t163sb20
上游,晶片封測服務,3711,日月光投控,2021,4,cash_flow,籌資活動之淨現金流入（流出）,-5870846,"-5,870,846",sii,https://mopsov.twse.com.tw/mops/web/ajax_t163sb20
上游,晶片封測服務,3711,日月光投控,2021,4,cash_flow,匯率變動對現金及約當現金之影響,-2236213,"-2,236,213",sii,https://mopsov.twse.com.tw/mops/web/ajax_t163sb20
上游,晶片封測服務,3711,日月光投控,2021,4,cash_flow,本期現金及約當現金增加（減少）數,24535274,"24,535,274",sii,https://mopsov.twse.com.tw/mops/web/ajax_t163sb20
上游,晶片封測服務,3711,日月光投控,2021,4,cash_flow,期初現金及約當現金餘額,51538071,"51,538,071",sii,https://mopsov.twse.com.tw/mops/web/ajax_t163sb20
上游,晶片封測服務,3711,日月光投控,2021,4,cash_flow,期末現金及約當現金餘額,76073345,"76,073,345",sii,https://mopsov.twse.com.tw/mops/web/ajax_t163sb20
上游,晶片封測服務,2449,京元電子,2022,1,income_statement,營業收入,8983837,"8,983,837",sii,https://mopsov.twse.com.tw/mops/web/ajax_t163sb04
上游,晶片封測服務,2449,京元電子,2022,1,income_statement,營業成本,5768309,"5,768,309",sii,https://mopsov.twse.com.tw/mops/web/ajax_t163sb04
上游,晶片封測服務,2449,京元電子,2022,1,income_statement,原始認列生物資產及農產品之利益（損失）,,--,sii,https://mopsov.twse.com.tw/mops/web/ajax_t163sb04
上游,晶片封測服務,2449,京元電子,2022,1,income_statement,生物資產當期公允價值減出售成本之變動利益（損失）,,--,sii,https://mopsov.twse.com.tw/mops/web/ajax_t163sb04
上游,晶片封測服務,2449,京元電子,2022,1,income_statement,營業毛利（毛損）,3215528,"3,215,528",sii,https://mopsov.twse.com.tw/mops/web/ajax_t163sb04
上游,晶片封測服務,2449,京元電子,2022,1,income_statement,未實現銷貨（損）益,,--,sii,https://mopsov.twse.com.tw/mops/web/ajax_t163sb04
上游,晶片封測服務,2449,京元電子,2022,1,income_statement,已實現銷貨（損）益,,--,sii,https://mopsov.twse.com.tw/mops/web/ajax_t163sb04
上游,晶片封測服務,2449,京元電子,2022,1,income_statement,營業毛利（毛損）淨額,3215528,"3,215,528",sii,https://mopsov.twse.com.tw/mops/web/ajax_t163sb04
上游,晶片封測服務,2449,京元電子,2022,1,income_statement,營業費用,919767,"919,767",sii,https://mopsov.twse.com.tw/mops/web/ajax_t163sb04
上游,晶片封測服務,2449,京元電子,2022,1,income_statement,其他收益及費損淨額,,--,sii,https://mopsov.twse.com.tw/mops/web/ajax_t163sb04
上游,晶片封測服務,2449,京元電子,2022,1,income_statement,營業利益（損失）,2295761,"2,295,761",sii,https://mopsov.twse.com.tw/mops/web/ajax_t163sb04
上游,晶片封測服務,2449,京元電子,2022,1,income_statement,營業外收入及支出,81859,"81,859",sii,https://mopsov.twse.com.tw/mops/web/ajax_t163sb04
上游,晶片封測服務,2449,京元電子,2022,1,income_statement,稅前淨利（淨損）,2377620,"2,377,620",sii,https://mopsov.twse.com.tw/mops/web/ajax_t163sb04
上游,晶片封測服務,2449,京元電子,2022,1,income_statement,所得稅費用（利益）,522763,"522,763",sii,https://mopsov.twse.com.tw/mops/web/ajax_t163sb04
上游,晶片封測服務,2449,京元電子,2022,1,income_statement,繼續營業單位本期淨利（淨損）,1854857,"1,854,857",sii,https://mopsov.twse.com.tw/mops/web/ajax_t163sb04
上游,晶片封測服務,2449,京元電子,2022,1,income_statement,停業單位損益,,--,sii,https://mopsov.twse.com.tw/mops/web/ajax_t163sb04
上游,晶片封測服務,2449,京元電子,2022,1,income_statement,合併前非屬共同控制股權損益,,--,sii,https://mopsov.twse.com.tw/mops/web/ajax_t163sb04
上游,晶片封測服務,2449,京元電子,2022,1,income_statement,本期淨利（淨損）,1854857,"1,854,857",sii,https://mopsov.twse.com.tw/mops/web/ajax_t163sb04
上游,晶片封測服務,2449,京元電子,2022,1,income_statement,其他綜合損益（淨額）,-136762,"-136,762",sii,https://mopsov.twse.com.tw/mops/web/ajax_t163sb04
上游,晶片封測服務,2449,京元電子,2022,1,income_statement,合併前非屬共同控制股權綜合損益淨額,,--,sii,https://mopsov.twse.com.tw/mops/web/ajax_t163sb04
上游,晶片封測服務,2449,京元電子,2022,1,income_statement,本期綜合損益總額,1718095,"1,718,095",sii,https://mopsov.twse.com.tw/mops/web/ajax_t163sb04
上游,晶片封測服務,2449,京元電子,2022,1,income_statement,淨利（淨損）歸屬於母公司業主,1821688,"1,821,688",sii,https://mopsov.twse.com.tw/mops/web/ajax_t163sb04
上游,晶片封測服務,2449,京元電子,2022,1,income_statement,淨利（淨損）歸屬於共同控制下前手權益,,--,sii,https://mopsov.twse.com.tw/mops/web/ajax_t163sb04
上游,晶片封測服務,2449,京元電子,2022,1,income_statement,淨利（淨損）歸屬於非控制權益,33169,"33,169",sii,https://mopsov.twse.com.tw/mops/web/ajax_t163sb04
上游,晶片封測服務,2449,京元電子,2022,1,income_statement,綜合損益總額歸屬於母公司業主,1657748,"1,657,748",sii,https://mopsov.twse.com.tw/mops/web/ajax_t163sb04
上游,晶片封測服務,2449,京元電子,2022,1,income_statement,綜合損益總額歸屬於共同控制下前手權益,,--,sii,https://mopsov.twse.com.tw/mops/web/ajax_t163sb04
上游,晶片封測服務,2449,京元電子,2022,1,income_statement,綜合損益總額歸屬於非控制權益,60347,"60,347",sii,https://mopsov.twse.com.tw/mops/web/ajax_t163sb04
上游,晶片封測服務,2449,京元電子,2022,1,income_statement,基本每股盈餘（元）,1.49,1.49,sii,https://mopsov.twse.com.tw/mops/web/ajax_t163sb04
上游,晶片封測服務,3711,日月光投控,2022,1,income_statement,營業收入,144390827,"144,390,827",sii,https://mopsov.twse.com.tw/mops/web/ajax_t163sb04
上游,晶片封測服務,3711,日月光投控,2022,1,income_statement,營業成本,115919599,"115,919,599",sii,https://mopsov.twse.com.tw/mops/web/ajax_t163sb04
上游,晶片封測服務,3711,日月光投控,2022,1,income_statement,原始認列生物資產及農產品之利益（損失）,,--,sii,https://mopsov.twse.com.tw/mops/web/ajax_t163sb04
上游,晶片封測服務,3711,日月光投控,2022,1,income_statement,生物資產當期公允價值減出售成本之變動利益（損失）,,--,sii,https://mopsov.twse.com.tw/mops/web/ajax_t163sb04
上游,晶片封測服務,3711,日月光投控,2022,1,income_statement,營業毛利（毛損）,28471228,"28,471,228",sii,https://mopsov.twse.com.tw/mops/web/ajax_t163sb04
上游,晶片封測服務,3711,日月光投控,2022,1,income_statement,未實現銷貨（損）益,,--,sii,https://mopsov.twse.com.tw/mops/web/ajax_t163sb04
上游,晶片封測服務,3711,日月光投控,2022,1,income_statement,已實現銷貨（損）益,,--,sii,https://mopsov.twse.com.tw/mops/web/ajax_t163sb04
上游,晶片封測服務,3711,日月光投控,2022,1,income_statement,營業毛利（毛損）淨額,28471228,"28,471,228",sii,https://mopsov.twse.com.tw/mops/web/ajax_t163sb04
上游,晶片封測服務,3711,日月光投控,2022,1,income_statement,營業費用,12358395,"12,358,395",sii,https://mopsov.twse.com.tw/mops/web/ajax_t163sb04
上游,晶片封測服務,3711,日月光投控,2022,1,income_statement,其他收益及費損淨額,,--,sii,https://mopsov.twse.com.tw/mops/web/ajax_t163sb04
上游,晶片封測服務,3711,日月光投控,2022,1,income_statement,營業利益（損失）,16112833,"16,112,833",sii,https://mopsov.twse.com.tw/mops/web/ajax_t163sb04
上游,晶片封測服務,3711,日月光投控,2022,1,income_statement,營業外收入及支出,549788,"549,788",sii,https://mopsov.twse.com.tw/mops/web/ajax_t163sb04
上游,晶片封測服務,3711,日月光投控,2022,1,income_statement,稅前淨利（淨損）,16662621,"16,662,621",sii,https://mopsov.twse.com.tw/mops/web/ajax_t163sb04
上游,晶片封測服務,3711,日月光投控,2022,1,income_statement,所得稅費用（利益）,3277505,"3,277,505",sii,https://mopsov.twse.com.tw/mops/web/ajax_t163sb04
上游,晶片封測服務,3711,日月光投控,2022,1,income_statement,繼續營業單位本期淨利（淨損）,13385116,"13,385,116",sii,https://mopsov.twse.com.tw/mops/web/ajax_t163sb04
上游,晶片封測服務,3711,日月光投控,2022,1,income_statement,停業單位損益,,--,sii,https://mopsov.twse.com.tw/mops/web/ajax_t163sb04
上游,晶片封測服務,3711,日月光投控,2022,1,income_statement,合併前非屬共同控制股權損益,,--,sii,https://mopsov.twse.com.tw/mops/web/ajax_t163sb04
上游,晶片封測服務,3711,日月光投控,2022,1,income_statement,本期淨利（淨損）,13385116,"13,385,116",sii,https://mopsov.twse.com.tw/mops/web/ajax_t163sb04
上游,晶片封測服務,3711,日月光投控,2022,1,income_statement,其他綜合損益（淨額）,5551484,"5,551,484",sii,https://mopsov.twse.com.tw/mops/web/ajax_t163sb04
上游,晶片封測服務,3711,日月光投控,2022,1,income_statement,合併前非屬共同控制股權綜合損益淨額,,--,sii,https://mopsov.twse.com.tw/mops/web/ajax_t163sb04
上游,晶片封測服務,3711,日月光投控,2022,1,income_statement,本期綜合損益總額,18936600,"18,936,600",sii,https://mopsov.twse.com.tw/mops/web/ajax_t163sb04
上游,晶片封測服務,3711,日月光投控,2022,1,income_statement,淨利（淨損）歸屬於母公司業主,12907282,"12,907,282",sii,https://mopsov.twse.com.tw/mops/web/ajax_t163sb04
上游,晶片封測服務,3711,日月光投控,2022,1,income_statement,淨利（淨損）歸屬於共同控制下前手權益,,--,sii,https://mopsov.twse.com.tw/mops/web/ajax_t163sb04
上游,晶片封測服務,3711,日月光投控,2022,1,income_statement,淨利（淨損）歸屬於非控制權益,477834,"477,834",sii,https://mopsov.twse.com.tw/mops/web/ajax_t163sb04
上游,晶片封測服務,3711,日月光投控,2022,1,income_statement,綜合損益總額歸屬於母公司業主,18067686,"18,067,686",sii,https://mopsov.twse.com.tw/mops/web/ajax_t163sb04
上游,晶片封測服務,3711,日月光投控,2022,1,income_statement,綜合損益總額歸屬於共同控制下前手權益,,--,sii,https://mopsov.twse.com.tw/mops/web/ajax_t163sb04
上游,晶片封測服務,3711,日月光投控,2022,1,income_statement,綜合損益總額歸屬於非控制權益,868914,"868,914",sii,https://mopsov.twse.com.tw/mops/web/ajax_t163sb04
上游,晶片封測服務,3711,日月光投控,2022,1,income_statement,基本每股盈餘（元）,3.01,3.01,sii,https://mopsov.twse.com.tw/mops/web/ajax_t163sb04
上游,晶片封測服務,2449,京元電子,2022,1,balance_sheet,流動資產,19632813,"19,632,813",sii,https://mopsov.twse.com.tw/mops/web/ajax_t163sb05
上游,晶片封測服務,2449,京元電子,2022,1,balance_sheet,非流動資產,54080214,"54,080,214",sii,https://mopsov.twse.com.tw/mops/web/ajax_t163sb05
上游,晶片封測服務,2449,京元電子,2022,1,balance_sheet,資產總計,73713027,"73,713,027",sii,https://mopsov.twse.com.tw/mops/web/ajax_t163sb05
上游,晶片封測服務,2449,京元電子,2022,1,balance_sheet,流動負債,11586464,"11,586,464",sii,https://mopsov.twse.com.tw/mops/web/ajax_t163sb05
上游,晶片封測服務,2449,京元電子,2022,1,balance_sheet,非流動負債,25521288,"25,521,288",sii,https://mopsov.twse.com.tw/mops/web/ajax_t163sb05
上游,晶片封測服務,2449,京元電子,2022,1,balance_sheet,負債總計,37107752,"37,107,752",sii,https://mopsov.twse.com.tw/mops/web/ajax_t163sb05
上游,晶片封測服務,2449,京元電子,2022,1,balance_sheet,股本,12227451,"12,227,451",sii,https://mopsov.twse.com.tw/mops/web/ajax_t163sb05
上游,晶片封測服務,2449,京元電子,2022,1,balance_sheet,權益─具證券性質之虛擬通貨,,--,sii,https://mopsov.twse.com.tw/mops/web/ajax_t163sb05
上游,晶片封測服務,2449,京元電子,2022,1,balance_sheet,資本公積,4893466,"4,893,466",sii,https://mopsov.twse.com.tw/mops/web/ajax_t163sb05
上游,晶片封測服務,2449,京元電子,2022,1,balance_sheet,保留盈餘,15623295,"15,623,295",sii,https://mopsov.twse.com.tw/mops/web/ajax_t163sb05
上游,晶片封測服務,2449,京元電子,2022,1,balance_sheet,其他權益,3106143,"3,106,143",sii,https://mopsov.twse.com.tw/mops/web/ajax_t163sb05
上游,晶片封測服務,2449,京元電子,2022,1,balance_sheet,庫藏股票,,--,sii,https://mopsov.twse.com.tw/mops/web/ajax_t163sb05
上游,晶片封測服務,2449,京元電子,2022,1,balance_sheet,歸屬於母公司業主之權益合計,35850355,"35,850,355",sii,https://mopsov.twse.com.tw/mops/web/ajax_t163sb05
上游,晶片封測服務,2449,京元電子,2022,1,balance_sheet,共同控制下前手權益,,--,sii,https://mopsov.twse.com.tw/mops/web/ajax_t163sb05
上游,晶片封測服務,2449,京元電子,2022,1,balance_sheet,合併前非屬共同控制股權,,--,sii,https://mopsov.twse.com.tw/mops/web/ajax_t163sb05
上游,晶片封測服務,2449,京元電子,2022,1,balance_sheet,非控制權益,754920,"754,920",sii,https://mopsov.twse.com.tw/mops/web/ajax_t163sb05
上游,晶片封測服務,2449,京元電子,2022,1,balance_sheet,權益總計,36605275,"36,605,275",sii,https://mopsov.twse.com.tw/mops/web/ajax_t163sb05
上游,晶片封測服務,2449,京元電子,2022,1,balance_sheet,待註銷股本股數（單位：股）,,--,sii,https://mopsov.twse.com.tw/mops/web/ajax_t163sb05
上游,晶片封測服務,2449,京元電子,2022,1,balance_sheet,預收股款（權益項下）之約當發行股數（單位：股）,0,0,sii,https://mopsov.twse.com.tw/mops/web/ajax_t163sb05
上游,晶片封測服務,2449,京元電子,2022,1,balance_sheet,母公司暨子公司所持有之母公司庫藏股股數（單位：股）,0,0,sii,https://mopsov.twse.com.tw/mops/web/ajax_t163sb05
上游,晶片封測服務,2449,京元電子,2022,1,balance_sheet,每股參考淨值,29.32,29.32,sii,https://mopsov.twse.com.tw/mops/web/ajax_t163sb05
上游,晶片封測服務,3711,日月光投控,2022,1,balance_sheet,流動資產,307039803,"307,039,803",sii,https://mopsov.twse.com.tw/mops/web/ajax_t163sb05
上游,晶片封測服務,3711,日月光投控,2022,1,balance_sheet,非流動資產,389108132,"389,108,132",sii,https://mopsov.twse.com.tw/mops/web/ajax_t163sb05
上游,晶片封測服務,3711,日月光投控,2022,1,balance_sheet,資產總計,696147935,"696,147,935",sii,https://mopsov.twse.com.tw/mops/web/ajax_t163sb05
上游,晶片封測服務,3711,日月光投控,2022,1,balance_sheet,流動負債,250726251,"250,726,251",sii,https://mopsov.twse.com.tw/mops/web/ajax_t163sb05
上游,晶片封測服務,3711,日月光投控,2022,1,balance_sheet,非流動負債,181661389,"181,661,389",sii,https://mopsov.twse.com.tw/mops/web/ajax_t163sb05
上游,晶片封測服務,3711,日月光投控,2022,1,balance_sheet,負債總計,432387640,"432,387,640",sii,https://mopsov.twse.com.tw/mops/web/ajax_t163sb05
上游,晶片封測服務,3711,日月光投控,2022,1,balance_sheet,股本,43576394,"43,576,394",sii,https://mopsov.twse.com.tw/mops/web/ajax_t163sb05
上游,晶片封測服務,3711,日月光投控,2022,1,balance_sheet,權益─具證券性質之虛擬通貨,,--,sii,https://mopsov.twse.com.tw/mops/web/ajax_t163sb05
上游,晶片封測服務,3711,日月光投控,2022,1,balance_sheet,資本公積,141969362,"141,969,362",sii,https://mopsov.twse.com.tw/mops/web/ajax_t163sb05
上游,晶片封測服務,3711,日月光投控,2022,1,balance_sheet,保留盈餘,70959963,"70,959,963",sii,https://mopsov.twse.com.tw/mops/web/ajax_t163sb05
上游,晶片封測服務,3711,日月光投控,2022,1,balance_sheet,其他權益,-6173186,"-6,173,186",sii,https://mopsov.twse.com.tw/mops/web/ajax_t163sb05
上游,晶片封測服務,3711,日月光投控,2022,1,balance_sheet,庫藏股票,-1959107,"-1,959,107",sii,https://mopsov.twse.com.tw/mops/web/ajax_t163sb05
上游,晶片封測服務,3711,日月光投控,2022,1,balance_sheet,歸屬於母公司業主之權益合計,248373426,"248,373,426",sii,https://mopsov.twse.com.tw/mops/web/ajax_t163sb05
上游,晶片封測服務,3711,日月光投控,2022,1,balance_sheet,共同控制下前手權益,,--,sii,https://mopsov.twse.com.tw/mops/web/ajax_t163sb05
上游,晶片封測服務,3711,日月光投控,2022,1,balance_sheet,合併前非屬共同控制股權,,--,sii,https://mopsov.twse.com.tw/mops/web/ajax_t163sb05
上游,晶片封測服務,3711,日月光投控,2022,1,balance_sheet,非控制權益,15386869,"15,386,869",sii,https://mopsov.twse.com.tw/mops/web/ajax_t163sb05
上游,晶片封測服務,3711,日月光投控,2022,1,balance_sheet,權益總計,263760295,"263,760,295",sii,https://mopsov.twse.com.tw/mops/web/ajax_t163sb05
上游,晶片封測服務,3711,日月光投控,2022,1,balance_sheet,待註銷股本股數（單位：股）,,--,sii,https://mopsov.twse.com.tw/mops/web/ajax_t163sb05
上游,晶片封測服務,3711,日月光投控,2022,1,balance_sheet,預收股款（權益項下）之約當發行股數（單位：股）,4620600,"4,620,600",sii,https://mopsov.twse.com.tw/mops/web/ajax_t163sb05
上游,晶片封測服務,3711,日月光投控,2022,1,balance_sheet,母公司暨子公司所持有之母公司庫藏股股數（單位：股）,72941505,"72,941,505",sii,https://mopsov.twse.com.tw/mops/web/ajax_t163sb05
上游,晶片封測服務,3711,日月光投控,2022,1,balance_sheet,每股參考淨值,57.97,57.97,sii,https://mopsov.twse.com.tw/mops/web/ajax_t163sb05
上游,晶片封測服務,2449,京元電子,2022,1,cash_flow,營業活動之淨現金流入（流出）,4603764,"4,603,764",sii,https://mopsov.twse.com.tw/mops/web/ajax_t163sb20
上游,晶片封測服務,2449,京元電子,2022,1,cash_flow,投資活動之淨現金流入（流出）,-3657953,"-3,657,953",sii,https://mopsov.twse.com.tw/mops/web/ajax_t163sb20
上游,晶片封測服務,2449,京元電子,2022,1,cash_flow,籌資活動之淨現金流入（流出）,-608896,"-608,896",sii,https://mopsov.twse.com.tw/mops/web/ajax_t163sb20
上游,晶片封測服務,2449,京元電子,2022,1,cash_flow,匯率變動對現金及約當現金之影響,-62459,"-62,459",sii,https://mopsov.twse.com.tw/mops/web/ajax_t163sb20
上游,晶片封測服務,2449,京元電子,2022,1,cash_flow,本期現金及約當現金增加（減少）數,274456,"274,456",sii,https://mopsov.twse.com.tw/mops/web/ajax_t163sb20
上游,晶片封測服務,2449,京元電子,2022,1,cash_flow,期初現金及約當現金餘額,8649932,"8,649,932",sii,https://mopsov.twse.com.tw/mops/web/ajax_t163sb20
上游,晶片封測服務,2449,京元電子,2022,1,cash_flow,期末現金及約當現金餘額,8924388,"8,924,388",sii,https://mopsov.twse.com.tw/mops/web/ajax_t163sb20
上游,晶片封測服務,3711,日月光投控,2022,1,cash_flow,營業活動之淨現金流入（流出）,27180390,"27,180,390",sii,https://mopsov.twse.com.tw/mops/web/ajax_t163sb20
上游,晶片封測服務,3711,日月光投控,2022,1,cash_flow,投資活動之淨現金流入（流出）,-17935227,"-17,935,227",sii,https://mopsov.twse.com.tw/mops/web/ajax_t163sb20
上游,晶片封測服務,3711,日月光投控,2022,1,cash_flow,籌資活動之淨現金流入（流出）,-5579246,"-5,579,246",sii,https://mopsov.twse.com.tw/mops/web/ajax_t163sb20
上游,晶片封測服務,3711,日月光投控,2022,1,cash_flow,匯率變動對現金及約當現金之影響,4686572,"4,686,572",sii,https://mopsov.twse.com.tw/mops/web/ajax_t163sb20
上游,晶片封測服務,3711,日月光投控,2022,1,cash_flow,本期現金及約當現金增加（減少）數,8352489,"8,352,489",sii,https://mopsov.twse.com.tw/mops/web/ajax_t163sb20
上游,晶片封測服務,3711,日月光投控,2022,1,cash_flow,期初現金及約當現金餘額,76073345,"76,073,345",sii,https://mopsov.twse.com.tw/mops/web/ajax_t163sb20
上游,晶片封測服務,3711,日月光投控,2022,1,cash_flow,期末現金及約當現金餘額,84425834,"84,425,834",sii,https://mopsov.twse.com.tw/mops/web/ajax_t163sb20
上游,晶片封測服務,2449,京元電子,2022,2,income_statement,營業收入,18912098,"18,912,098",sii,https://mopsov.twse.com.tw/mops/web/ajax_t163sb04
上游,晶片封測服務,2449,京元電子,2022,2,income_statement,營業成本,11980715,"11,980,715",sii,https://mopsov.twse.com.tw/mops/web/ajax_t163sb04
上游,晶片封測服務,2449,京元電子,2022,2,income_statement,原始認列生物資產及農產品之利益（損失）,,--,sii,https://mopsov.twse.com.tw/mops/web/ajax_t163sb04
上游,晶片封測服務,2449,京元電子,2022,2,income_statement,生物資產當期公允價值減出售成本之變動利益（損失）,,--,sii,https://mopsov.twse.com.tw/mops/web/ajax_t163sb04
上游,晶片封測服務,2449,京元電子,2022,2,income_statement,營業毛利（毛損）,6931383,"6,931,383",sii,https://mopsov.twse.com.tw/mops/web/ajax_t163sb04
上游,晶片封測服務,2449,京元電子,2022,2,income_statement,未實現銷貨（損）益,,--,sii,https://mopsov.twse.com.tw/mops/web/ajax_t163sb04
上游,晶片封測服務,2449,京元電子,2022,2,income_statement,已實現銷貨（損）益,,--,sii,https://mopsov.twse.com.tw/mops/web/ajax_t163sb04
上游,晶片封測服務,2449,京元電子,2022,2,income_statement,營業毛利（毛損）淨額,6931383,"6,931,383",sii,https://mopsov.twse.com.tw/mops/web/ajax_t163sb04
上游,晶片封測服務,2449,京元電子,2022,2,income_statement,營業費用,1930096,"1,930,096",sii,https://mopsov.twse.com.tw/mops/web/ajax_t163sb04
上游,晶片封測服務,2449,京元電子,2022,2,income_statement,其他收益及費損淨額,,--,sii,https://mopsov.twse.com.tw/mops/web/ajax_t163sb04
上游,晶片封測服務,2449,京元電子,2022,2,income_statement,營業利益（損失）,5001287,"5,001,287",sii,https://mopsov.twse.com.tw/mops/web/ajax_t163sb04
上游,晶片封測服務,2449,京元電子,2022,2,income_statement,營業外收入及支出,755,755,sii,https://mopsov.twse.com.tw/mops/web/ajax_t163sb04
上游,晶片封測服務,2449,京元電子,2022,2,income_statement,稅前淨利（淨損）,5002042,"5,002,042",sii,https://mopsov.twse.com.tw/mops/web/ajax_t163sb04
上游,晶片封測服務,2449,京元電子,2022,2,income_statement,所得稅費用（利益）,1083011,"1,083,011",sii,https://mopsov.twse.com.tw/mops/web/ajax_t163sb04
上游,晶片封測服務,2449,京元電子,2022,2,income_statement,繼續營業單位本期淨利（淨損）,3919031,"3,919,031",sii,https://mopsov.twse.com.tw/mops/web/ajax_t163sb04
上游,晶片封測服務,2449,京元電子,2022,2,income_statement,停業單位損益,,--,sii,https://mopsov.twse.com.tw/mops/web/ajax_t163sb04
上游,晶片封測服務,2449,京元電子,2022,2,income_statement,合併前非屬共同控制股權損益,,--,sii,https://mopsov.twse.com.tw/mops/web/ajax_t163sb04
上游,晶片封測服務,2449,京元電子,2022,2,income_statement,本期淨利（淨損）,3919031,"3,919,031",sii,https://mopsov.twse.com.tw/mops/web/ajax_t163sb04
上游,晶片封測服務,2449,京元電子,2022,2,income_statement,其他綜合損益（淨額）,-1175677,"-1,175,677",sii,https://mopsov.twse.com.tw/mops/web/ajax_t163sb04
上游,晶片封測服務,2449,京元電子,2022,2,income_statement,合併前非屬共同控制股權綜合損益淨額,,--,sii,https://mopsov.twse.com.tw/mops/web/ajax_t163sb04
上游,晶片封測服務,2449,京元電子,2022,2,income_statement,本期綜合損益總額,2743354,"2,743,354",sii,https://mopsov.twse.com.tw/mops/web/ajax_t163sb04
上游,晶片封測服務,2449,京元電子,2022,2,income_statement,淨利（淨損）歸屬於母公司業主,3835876,"3,835,876",sii,https://mopsov.twse.com.tw/mops/web/ajax_t163sb04
上游,晶片封測服務,2449,京元電子,2022,2,income_statement,淨利（淨損）歸屬於共同控制下前手權益,,--,sii,https://mopsov.twse.com.tw/mops/web/ajax_t163sb04
上游,晶片封測服務,2449,京元電子,2022,2,income_statement,淨利（淨損）歸屬於非控制權益,83155,"83,155",sii,https://mopsov.twse.com.tw/mops/web/ajax_t163sb04
上游,晶片封測服務,2449,京元電子,2022,2,income_statement,綜合損益總額歸屬於母公司業主,2646720,"2,646,720",sii,https://mopsov.twse.com.tw/mops/web/ajax_t163sb04
上游,晶片封測服務,2449,京元電子,2022,2,income_statement,綜合損益總額歸屬於共同控制下前手權益,,--,sii,https://mopsov.twse.com.tw/mops/web/ajax_t163sb04
上游,晶片封測服務,2449,京元電子,2022,2,income_statement,綜合損益總額歸屬於非控制權益,96634,"96,634",sii,https://mopsov.twse.com.tw/mops/web/ajax_t163sb04
上游,晶片封測服務,2449,京元電子,2022,2,income_statement,基本每股盈餘（元）,3.14,3.14,sii,https://mopsov.twse.com.tw/mops/web/ajax_t163sb04
上游,晶片封測服務,3711,日月光投控,2022,2,income_statement,營業收入,304829847,"304,829,847",sii,https://mopsov.twse.com.tw/mops/web/ajax_t163sb04
上游,晶片封測服務,3711,日月光投控,2022,2,income_statement,營業成本,241971059,"241,971,059",sii,https://mopsov.twse.com.tw/mops/web/ajax_t163sb04
上游,晶片封測服務,3711,日月光投控,2022,2,income_statement,原始認列生物資產及農產品之利益（損失）,,--,sii,https://mopsov.twse.com.tw/mops/web/ajax_t163sb04
上游,晶片封測服務,3711,日月光投控,2022,2,income_statement,生物資產當期公允價值減出售成本之變動利益（損失）,,--,sii,https://mopsov.twse.com.tw/mops/web/ajax_t163sb04
上游,晶片封測服務,3711,日月光投控,2022,2,income_statement,營業毛利（毛損）,62858788,"62,858,788",sii,https://mopsov.twse.com.tw/mops/web/ajax_t163sb04
上游,晶片封測服務,3711,日月光投控,2022,2,income_statement,未實現銷貨（損）益,,--,sii,https://mopsov.twse.com.tw/mops/web/ajax_t163sb04
上游,晶片封測服務,3711,日月光投控,2022,2,income_statement,已實現銷貨（損）益,,--,sii,https://mopsov.twse.com.tw/mops/web/ajax_t163sb04
上游,晶片封測服務,3711,日月光投控,2022,2,income_statement,營業毛利（毛損）淨額,62858788,"62,858,788",sii,https://mopsov.twse.com.tw/mops/web/ajax_t163sb04
上游,晶片封測服務,3711,日月光投控,2022,2,income_statement,營業費用,26140401,"26,140,401",sii,https://mopsov.twse.com.tw/mops/web/ajax_t163sb04
上游,晶片封測服務,3711,日月光投控,2022,2,income_statement,其他收益及費損淨額,,--,sii,https://mopsov.twse.com.tw/mops/web/ajax_t163sb04
上游,晶片封測服務,3711,日月光投控,2022,2,income_statement,營業利益（損失）,36718387,"36,718,387",sii,https://mopsov.twse.com.tw/mops/web/ajax_t163sb04
上游,晶片封測服務,3711,日月光投控,2022,2,income_statement,營業外收入及支出,1079582,"1,079,582",sii,https://mopsov.twse.com.tw/mops/web/ajax_t163sb04
上游,晶片封測服務,3711,日月光投控,2022,2,income_statement,稅前淨利（淨損）,37797969,"37,797,969",sii,https://mopsov.twse.com.tw/mops/web/ajax_t163sb04
上游,晶片封測服務,3711,日月光投控,2022,2,income_statement,所得稅費用（利益）,7756107,"7,756,107",sii,https://mopsov.twse.com.tw/mops/web/ajax_t163sb04
上游,晶片封測服務,3711,日月光投控,2022,2,income_statement,繼續營業單位本期淨利（淨損）,30041862,"30,041,862",sii,https://mopsov.twse.com.tw/mops/web/ajax_t163sb04
上游,晶片封測服務,3711,日月光投控,2022,2,income_statement,停業單位損益,,--,sii,https://mopsov.twse.com.tw/mops/web/ajax_t163sb04
上游,晶片封測服務,3711,日月光投控,2022,2,income_statement,合併前非屬共同控制股權損益,,--,sii,https://mopsov.twse.com.tw/mops/web/ajax_t163sb04
上游,晶片封測服務,3711,日月光投控,2022,2,income_statement,本期淨利（淨損）,30041862,"30,041,862",sii,https://mopsov.twse.com.tw/mops/web/ajax_t163sb04
上游,晶片封測服務,3711,日月光投控,2022,2,income_statement,其他綜合損益（淨額）,3877439,"3,877,439",sii,https://mopsov.twse.com.tw/mops/web/ajax_t163sb04
上游,晶片封測服務,3711,日月光投控,2022,2,income_statement,合併前非屬共同控制股權綜合損益淨額,,--,sii,https://mopsov.twse.com.tw/mops/web/ajax_t163sb04
上游,晶片封測服務,3711,日月光投控,2022,2,income_statement,本期綜合損益總額,33919301,"33,919,301",sii,https://mopsov.twse.com.tw/mops/web/ajax_t163sb04
上游,晶片封測服務,3711,日月光投控,2022,2,income_statement,淨利（淨損）歸屬於母公司業主,28895433,"28,895,433",sii,https://mopsov.twse.com.tw/mops/web/ajax_t163sb04
上游,晶片封測服務,3711,日月光投控,2022,2,income_statement,淨利（淨損）歸屬於共同控制下前手權益,,--,sii,https://mopsov.twse.com.tw/mops/web/ajax_t163sb04
上游,晶片封測服務,3711,日月光投控,2022,2,income_statement,淨利（淨損）歸屬於非控制權益,1146429,"1,146,429",sii,https://mopsov.twse.com.tw/mops/web/ajax_t163sb04
上游,晶片封測服務,3711,日月光投控,2022,2,income_statement,綜合損益總額歸屬於母公司業主,32439609,"32,439,609",sii,https://mopsov.twse.com.tw/mops/web/ajax_t163sb04
上游,晶片封測服務,3711,日月光投控,2022,2,income_statement,綜合損益總額歸屬於共同控制下前手權益,,--,sii,https://mopsov.twse.com.tw/mops/web/ajax_t163sb04
上游,晶片封測服務,3711,日月光投控,2022,2,income_statement,綜合損益總額歸屬於非控制權益,1479692,"1,479,692",sii,https://mopsov.twse.com.tw/mops/web/ajax_t163sb04
上游,晶片封測服務,3711,日月光投控,2022,2,income_statement,基本每股盈餘（元）,6.71,6.71,sii,https://mopsov.twse.com.tw/mops/web/ajax_t163sb04
上游,晶片封測服務,2449,京元電子,2022,2,balance_sheet,流動資產,21068486,"21,068,486",sii,https://mopsov.twse.com.tw/mops/web/ajax_t163sb05
上游,晶片封測服務,2449,京元電子,2022,2,balance_sheet,非流動資產,52688162,"52,688,162",sii,https://mopsov.twse.com.tw/mops/web/ajax_t163sb05
上游,晶片封測服務,2449,京元電子,2022,2,balance_sheet,資產總計,73756648,"73,756,648",sii,https://mopsov.twse.com.tw/mops/web/ajax_t163sb05
上游,晶片封測服務,2449,京元電子,2022,2,balance_sheet,流動負債,15640054,"15,640,054",sii,https://mopsov.twse.com.tw/mops/web/ajax_t163sb05
上游,晶片封測服務,2449,京元電子,2022,2,balance_sheet,非流動負債,24145351,"24,145,351",sii,https://mopsov.twse.com.tw/mops/web/ajax_t163sb05
上游,晶片封測服務,2449,京元電子,2022,2,balance_sheet,負債總計,39785405,"39,785,405",sii,https://mopsov.twse.com.tw/mops/web/ajax_t163sb05
上游,晶片封測服務,2449,京元電子,2022,2,balance_sheet,股本,12227451,"12,227,451",sii,https://mopsov.twse.com.tw/mops/web/ajax_t163sb05
上游,晶片封測服務,2449,京元電子,2022,2,balance_sheet,權益─具證券性質之虛擬通貨,,--,sii,https://mopsov.twse.com.tw/mops/web/ajax_t163sb05
上游,晶片封測服務,2449,京元電子,2022,2,balance_sheet,資本公積,4901736,"4,901,736",sii,https://mopsov.twse.com.tw/mops/web/ajax_t163sb05
上游,晶片封測服務,2449,京元電子,2022,2,balance_sheet,保留盈餘,13969248,"13,969,248",sii,https://mopsov.twse.com.tw/mops/web/ajax_t163sb05
上游,晶片封測服務,2449,京元電子,2022,2,balance_sheet,其他權益,2080927,"2,080,927",sii,https://mopsov.twse.com.tw/mops/web/ajax_t163sb05
上游,晶片封測服務,2449,京元電子,2022,2,balance_sheet,庫藏股票,,--,sii,https://mopsov.twse.com.tw/mops/web/ajax_t163sb05
上游,晶片封測服務,2449,京元電子,2022,2,balance_sheet,歸屬於母公司業主之權益合計,33179362,"33,179,362",sii,https://mopsov.twse.com.tw/mops/web/ajax_t163sb05
上游,晶片封測服務,2449,京元電子,2022,2,balance_sheet,共同控制下前手權益,,--,sii,https://mopsov.twse.com.tw/mops/web/ajax_t163sb05
上游,晶片封測服務,2449,京元電子,2022,2,balance_sheet,合併前非屬共同控制股權,,--,sii,https://mopsov.twse.com.tw/mops/web/ajax_t163sb05
上游,晶片封測服務,2449,京元電子,2022,2,balance_sheet,非控制權益,791881,"791,881",sii,https://mopsov.twse.com.tw/mops/web/ajax_t163sb05
上游,晶片封測服務,2449,京元電子,2022,2,balance_sheet,權益總計,33971243,"33,971,243",sii,https://mopsov.twse.com.tw/mops/web/ajax_t163sb05
上游,晶片封測服務,2449,京元電子,2022,2,balance_sheet,待註銷股本股數（單位：股）,,--,sii,https://mopsov.twse.com.tw/mops/web/ajax_t163sb05
上游,晶片封測服務,2449,京元電子,2022,2,balance_sheet,預收股款（權益項下）之約當發行股數（單位：股）,0,0,sii,https://mopsov.twse.com.tw/mops/web/ajax_t163sb05
上游,晶片封測服務,2449,京元電子,2022,2,balance_sheet,母公司暨子公司所持有之母公司庫藏股股數（單位：股）,0,0,sii,https://mopsov.twse.com.tw/mops/web/ajax_t163sb05
上游,晶片封測服務,2449,京元電子,2022,2,balance_sheet,每股參考淨值,27.14,27.14,sii,https://mopsov.twse.com.tw/mops/web/ajax_t163sb05
上游,晶片封測服務,3711,日月光投控,2022,2,balance_sheet,流動資產,318762713,"318,762,713",sii,https://mopsov.twse.com.tw/mops/web/ajax_t163sb05
上游,晶片封測服務,3711,日月光投控,2022,2,balance_sheet,非流動資產,394315926,"394,315,926",sii,https://mopsov.twse.com.tw/mops/web/ajax_t163sb05
上游,晶片封測服務,3711,日月光投控,2022,2,balance_sheet,資產總計,713078639,"713,078,639",sii,https://mopsov.twse.com.tw/mops/web/ajax_t163sb05
上游,晶片封測服務,3711,日月光投控,2022,2,balance_sheet,流動負債,270226999,"270,226,999",sii,https://mopsov.twse.com.tw/mops/web/ajax_t163sb05
上游,晶片封測服務,3711,日月光投控,2022,2,balance_sheet,非流動負債,164540952,"164,540,952",sii,https://mopsov.twse.com.tw/mops/web/ajax_t163sb05
上游,晶片封測服務,3711,日月光投控,2022,2,balance_sheet,負債總計,434767951,"434,767,951",sii,https://mopsov.twse.com.tw/mops/web/ajax_t163sb05
上游,晶片封測服務,3711,日月光投控,2022,2,balance_sheet,股本,43599280,"43,599,280",sii,https://mopsov.twse.com.tw/mops/web/ajax_t163sb05
上游,晶片封測服務,3711,日月光投控,2022,2,balance_sheet,權益─具證券性質之虛擬通貨,,--,sii,https://mopsov.twse.com.tw/mops/web/ajax_t163sb05
上游,晶片封測服務,3711,日月光投控,2022,2,balance_sheet,資本公積,142206472,"142,206,472",sii,https://mopsov.twse.com.tw/mops/web/ajax_t163sb05
上游,晶片封測服務,3711,日月光投控,2022,2,balance_sheet,保留盈餘,86932083,"86,932,083",sii,https://mopsov.twse.com.tw/mops/web/ajax_t163sb05
上游,晶片封測服務,3711,日月光投控,2022,2,balance_sheet,其他權益,-7739638,"-7,739,638",sii,https://mopsov.twse.com.tw/mops/web/ajax_t163sb05
上游,晶片封測服務,3711,日月光投控,2022,2,balance_sheet,庫藏股票,-1959107,"-1,959,107",sii,https://mopsov.twse.com.tw/mops/web/ajax_t163sb05
上游,晶片封測服務,3711,日月光投控,2022,2,balance_sheet,歸屬於母公司業主之權益合計,263039090,"263,039,090",sii,https://mopsov.twse.com.tw/mops/web/ajax_t163sb05
上游,晶片封測服務,3711,日月光投控,2022,2,balance_sheet,共同控制下前手權益,,--,sii,https://mopsov.twse.com.tw/mops/web/ajax_t163sb05
上游,晶片封測服務,3711,日月光投控,2022,2,balance_sheet,合併前非屬共同控制股權,,--,sii,https://mopsov.twse.com.tw/mops/web/ajax_t163sb05
上游,晶片封測服務,3711,日月光投控,2022,2,balance_sheet,非控制權益,15271598,"15,271,598",sii,https://mopsov.twse.com.tw/mops/web/ajax_t163sb05
上游,晶片封測服務,3711,日月光投控,2022,2,balance_sheet,權益總計,278310688,"278,310,688",sii,https://mopsov.twse.com.tw/mops/web/ajax_t163sb05
上游,晶片封測服務,3711,日月光投控,2022,2,balance_sheet,待註銷股本股數（單位：股）,,--,sii,https://mopsov.twse.com.tw/mops/web/ajax_t163sb05
上游,晶片封測服務,3711,日月光投控,2022,2,balance_sheet,預收股款（權益項下）之約當發行股數（單位：股）,2419100,"2,419,100",sii,https://mopsov.twse.com.tw/mops/web/ajax_t163sb05
上游,晶片封測服務,3711,日月光投控,2022,2,balance_sheet,母公司暨子公司所持有之母公司庫藏股股數（單位：股）,72941505,"72,941,505",sii,https://mopsov.twse.com.tw/mops/web/ajax_t163sb05
上游,晶片封測服務,3711,日月光投控,2022,2,balance_sheet,每股參考淨值,61.36,61.36,sii,https://mopsov.twse.com.tw/mops/web/ajax_t163sb05
上游,晶片封測服務,2449,京元電子,2022,2,cash_flow,營業活動之淨現金流入（流出）,9307254,"9,307,254",sii,https://mopsov.twse.com.tw/mops/web/ajax_t163sb20
上游,晶片封測服務,2449,京元電子,2022,2,cash_flow,投資活動之淨現金流入（流出）,-6041701,"-6,041,701",sii,https://mopsov.twse.com.tw/mops/web/ajax_t163sb20
上游,晶片封測服務,2449,京元電子,2022,2,cash_flow,籌資活動之淨現金流入（流出）,-1843007,"-1,843,007",sii,https://mopsov.twse.com.tw/mops/web/ajax_t163sb20
上游,晶片封測服務,2449,京元電子,2022,2,cash_flow,匯率變動對現金及約當現金之影響,-43959,"-43,959",sii,https://mopsov.twse.com.tw/mops/web/ajax_t163sb20
上游,晶片封測服務,2449,京元電子,2022,2,cash_flow,本期現金及約當現金增加（減少）數,1378587,"1,378,587",sii,https://mopsov.twse.com.tw/mops/web/ajax_t163sb20
上游,晶片封測服務,2449,京元電子,2022,2,cash_flow,期初現金及約當現金餘額,8649932,"8,649,932",sii,https://mopsov.twse.com.tw/mops/web/ajax_t163sb20
上游,晶片封測服務,2449,京元電子,2022,2,cash_flow,期末現金及約當現金餘額,10028519,"10,028,519",sii,https://mopsov.twse.com.tw/mops/web/ajax_t163sb20
上游,晶片封測服務,3711,日月光投控,2022,2,cash_flow,營業活動之淨現金流入（流出）,42207194,"42,207,194",sii,https://mopsov.twse.com.tw/mops/web/ajax_t163sb20
上游,晶片封測服務,3711,日月光投控,2022,2,cash_flow,投資活動之淨現金流入（流出）,-35471716,"-35,471,716",sii,https://mopsov.twse.com.tw/mops/web/ajax_t163sb20
上游,晶片封測服務,3711,日月光投控,2022,2,cash_flow,籌資活動之淨現金流入（流出）,-15452574,"-15,452,574",sii,https://mopsov.twse.com.tw/mops/web/ajax_t163sb20
上游,晶片封測服務,3711,日月光投控,2022,2,cash_flow,匯率變動對現金及約當現金之影響,5489437,"5,489,437",sii,https://mopsov.twse.com.tw/mops/web/ajax_t163sb20
上游,晶片封測服務,3711,日月光投控,2022,2,cash_flow,本期現金及約當現金增加（減少）數,-3227659,"-3,227,659",sii,https://mopsov.twse.com.tw/mops/web/ajax_t163sb20
上游,晶片封測服務,3711,日月光投控,2022,2,cash_flow,期初現金及約當現金餘額,76073345,"76,073,345",sii,https://mopsov.twse.com.tw/mops/web/ajax_t163sb20
上游,晶片封測服務,3711,日月光投控,2022,2,cash_flow,期末現金及約當現金餘額,72845686,"72,845,686",sii,https://mopsov.twse.com.tw/mops/web/ajax_t163sb20
上游,晶片封測服務,2449,京元電子,2022,3,income_statement,營業收入,27932433,"27,932,433",sii,https://mopsov.twse.com.tw/mops/web/ajax_t163sb04
上游,晶片封測服務,2449,京元電子,2022,3,income_statement,營業成本,17890708,"17,890,708",sii,https://mopsov.twse.com.tw/mops/web/ajax_t163sb04
上游,晶片封測服務,2449,京元電子,2022,3,income_statement,原始認列生物資產及農產品之利益（損失）,,--,sii,https://mopsov.twse.com.tw/mops/web/ajax_t163sb04
上游,晶片封測服務,2449,京元電子,2022,3,income_statement,生物資產當期公允價值減出售成本之變動利益（損失）,,--,sii,https://mopsov.twse.com.tw/mops/web/ajax_t163sb04
上游,晶片封測服務,2449,京元電子,2022,3,income_statement,營業毛利（毛損）,10041725,"10,041,725",sii,https://mopsov.twse.com.tw/mops/web/ajax_t163sb04
上游,晶片封測服務,2449,京元電子,2022,3,income_statement,未實現銷貨（損）益,,--,sii,https://mopsov.twse.com.tw/mops/web/ajax_t163sb04
上游,晶片封測服務,2449,京元電子,2022,3,income_statement,已實現銷貨（損）益,,--,sii,https://mopsov.twse.com.tw/mops/web/ajax_t163sb04
上游,晶片封測服務,2449,京元電子,2022,3,income_statement,營業毛利（毛損）淨額,10041725,"10,041,725",sii,https://mopsov.twse.com.tw/mops/web/ajax_t163sb04
上游,晶片封測服務,2449,京元電子,2022,3,income_statement,營業費用,2904220,"2,904,220",sii,https://mopsov.twse.com.tw/mops/web/ajax_t163sb04
上游,晶片封測服務,2449,京元電子,2022,3,income_statement,其他收益及費損淨額,,--,sii,https://mopsov.twse.com.tw/mops/web/ajax_t163sb04
上游,晶片封測服務,2449,京元電子,2022,3,income_statement,營業利益（損失）,7137505,"7,137,505",sii,https://mopsov.twse.com.tw/mops/web/ajax_t163sb04
上游,晶片封測服務,2449,京元電子,2022,3,income_statement,營業外收入及支出,-155663,"-155,663",sii,https://mopsov.twse.com.tw/mops/web/ajax_t163sb04
上游,晶片封測服務,2449,京元電子,2022,3,income_statement,稅前淨利（淨損）,6981842,"6,981,842",sii,https://mopsov.twse.com.tw/mops/web/ajax_t163sb04
上游,晶片封測服務,2449,京元電子,2022,3,income_statement,所得稅費用（利益）,1533572,"1,533,572",sii,https://mopsov.twse.com.tw/mops/web/ajax_t163sb04
上游,晶片封測服務,2449,京元電子,2022,3,income_statement,繼續營業單位本期淨利（淨損）,5448270,"5,448,270",sii,https://mopsov.twse.com.tw/mops/web/ajax_t163sb04
上游,晶片封測服務,2449,京元電子,2022,3,income_statement,停業單位損益,,--,sii,https://mopsov.twse.com.tw/mops/web/ajax_t163sb04
上游,晶片封測服務,2449,京元電子,2022,3,income_statement,合併前非屬共同控制股權損益,,--,sii,https://mopsov.twse.com.tw/mops/web/ajax_t163sb04
上游,晶片封測服務,2449,京元電子,2022,3,income_statement,本期淨利（淨損）,5448270,"5,448,270",sii,https://mopsov.twse.com.tw/mops/web/ajax_t163sb04
上游,晶片封測服務,2449,京元電子,2022,3,income_statement,其他綜合損益（淨額）,-1451737,"-1,451,737",sii,https://mopsov.twse.com.tw/mops/web/ajax_t163sb04
上游,晶片封測服務,2449,京元電子,2022,3,income_statement,合併前非屬共同控制股權綜合損益淨額,,--,sii,https://mopsov.twse.com.tw/mops/web/ajax_t163sb04
上游,晶片封測服務,2449,京元電子,2022,3,income_statement,本期綜合損益總額,3996533,"3,996,533",sii,https://mopsov.twse.com.tw/mops/web/ajax_t163sb04
上游,晶片封測服務,2449,京元電子,2022,3,income_statement,淨利（淨損）歸屬於母公司業主,5332960,"5,332,960",sii,https://mopsov.twse.com.tw/mops/web/ajax_t163sb04
上游,晶片封測服務,2449,京元電子,2022,3,income_statement,淨利（淨損）歸屬於共同控制下前手權益,,--,sii,https://mopsov.twse.com.tw/mops/web/ajax_t163sb04
上游,晶片封測服務,2449,京元電子,2022,3,income_statement,淨利（淨損）歸屬於非控制權益,115310,"115,310",sii,https://mopsov.twse.com.tw/mops/web/ajax_t163sb04
上游,晶片封測服務,2449,京元電子,2022,3,income_statement,綜合損益總額歸屬於母公司業主,3859978,"3,859,978",sii,https://mopsov.twse.com.tw/mops/web/ajax_t163sb04
上游,晶片封測服務,2449,京元電子,2022,3,income_statement,綜合損益總額歸屬於共同控制下前手權益,,--,sii,https://mopsov.twse.com.tw/mops/web/ajax_t163sb04
上游,晶片封測服務,2449,京元電子,2022,3,income_statement,綜合損益總額歸屬於非控制權益,136555,"136,555",sii,https://mopsov.twse.com.tw/mops/web/ajax_t163sb04
上游,晶片封測服務,2449,京元電子,2022,3,income_statement,基本每股盈餘（元）,4.36,4.36,sii,https://mopsov.twse.com.tw/mops/web/ajax_t163sb04
上游,晶片封測服務,3711,日月光投控,2022,3,income_statement,營業收入,493455404,"493,455,404",sii,https://mopsov.twse.com.tw/mops/web/ajax_t163sb04
上游,晶片封測服務,3711,日月光投控,2022,3,income_statement,營業成本,392624642,"392,624,642",sii,https://mopsov.twse.com.tw/mops/web/ajax_t163sb04
上游,晶片封測服務,3711,日月光投控,2022,3,income_statement,原始認列生物資產及農產品之利益（損失）,,--,sii,https://mopsov.twse.com.tw/mops/web/ajax_t163sb04
上游,晶片封測服務,3711,日月光投控,2022,3,income_statement,生物資產當期公允價值減出售成本之變動利益（損失）,,--,sii,https://mopsov.twse.com.tw/mops/web/ajax_t163sb04
上游,晶片封測服務,3711,日月光投控,2022,3,income_statement,營業毛利（毛損）,100830762,"100,830,762",sii,https://mopsov.twse.com.tw/mops/web/ajax_t163sb04
上游,晶片封測服務,3711,日月光投控,2022,3,income_statement,未實現銷貨（損）益,,--,sii,https://mopsov.twse.com.tw/mops/web/ajax_t163sb04
上游,晶片封測服務,3711,日月光投控,2022,3,income_statement,已實現銷貨（損）益,,--,sii,https://mopsov.twse.com.tw/mops/web/ajax_t163sb04
上游,晶片封測服務,3711,日月光投控,2022,3,income_statement,營業毛利（毛損）淨額,100830762,"100,830,762",sii,https://mopsov.twse.com.tw/mops/web/ajax_t163sb04
上游,晶片封測服務,3711,日月光投控,2022,3,income_statement,營業費用,40429670,"40,429,670",sii,https://mopsov.twse.com.tw/mops/web/ajax_t163sb04
上游,晶片封測服務,3711,日月光投控,2022,3,income_statement,其他收益及費損淨額,,--,sii,https://mopsov.twse.com.tw/mops/web/ajax_t163sb04
上游,晶片封測服務,3711,日月光投控,2022,3,income_statement,營業利益（損失）,60401092,"60,401,092",sii,https://mopsov.twse.com.tw/mops/web/ajax_t163sb04
上游,晶片封測服務,3711,日月光投控,2022,3,income_statement,營業外收入及支出,1012139,"1,012,139",sii,https://mopsov.twse.com.tw/mops/web/ajax_t163sb04
上游,晶片封測服務,3711,日月光投控,2022,3,income_statement,稅前淨利（淨損）,61413231,"61,413,231",sii,https://mopsov.twse.com.tw/mops/web/ajax_t163sb04
上游,晶片封測服務,3711,日月光投控,2022,3,income_statement,所得稅費用（利益）,12802448,"12,802,448",sii,https://mopsov.twse.com.tw/mops/web/ajax_t163sb04
上游,晶片封測服務,3711,日月光投控,2022,3,income_statement,繼續營業單位本期淨利（淨損）,48610783,"48,610,783",sii,https://mopsov.twse.com.tw/mops/web/ajax_t163sb04
上游,晶片封測服務,3711,日月光投控,2022,3,income_statement,停業單位損益,,--,sii,https://mopsov.twse.com.tw/mops/web/ajax_t163sb04
上游,晶片封測服務,3711,日月光投控,2022,3,income_statement,合併前非屬共同控制股權損益,,--,sii,https://mopsov.twse.com.tw/mops/web/ajax_t163sb04
上游,晶片封測服務,3711,日月光投控,2022,3,income_statement,本期淨利（淨損）,48610783,"48,610,783",sii,https://mopsov.twse.com.tw/mops/web/ajax_t163sb04
上游,晶片封測服務,3711,日月光投控,2022,3,income_statement,其他綜合損益（淨額）,11462570,"11,462,570",sii,https://mopsov.twse.com.tw/mops/web/ajax_t163sb04
上游,晶片封測服務,3711,日月光投控,2022,3,income_statement,合併前非屬共同控制股權綜合損益淨額,,--,sii,https://mopsov.twse.com.tw/mops/web/ajax_t163sb04
上游,晶片封測服務,3711,日月光投控,2022,3,income_statement,本期綜合損益總額,60073353,"60,073,353",sii,https://mopsov.twse.com.tw/mops/web/ajax_t163sb04
上游,晶片封測服務,3711,日月光投控,2022,3,income_statement,淨利（淨損）歸屬於母公司業主,46360059,"46,360,059",sii,https://mopsov.twse.com.tw/mops/web/ajax_t163sb04
上游,晶片封測服務,3711,日月光投控,2022,3,income_statement,淨利（淨損）歸屬於共同控制下前手權益,,--,sii,https://mopsov.twse.com.tw/mops/web/ajax_t163sb04
上游,晶片封測服務,3711,日月光投控,2022,3,income_statement,淨利（淨損）歸屬於非控制權益,2250724,"2,250,724",sii,https://mopsov.twse.com.tw/mops/web/ajax_t163sb04
上游,晶片封測服務,3711,日月光投控,2022,3,income_statement,綜合損益總額歸屬於母公司業主,57245708,"57,245,708",sii,https://mopsov.twse.com.tw/mops/web/ajax_t163sb04
上游,晶片封測服務,3711,日月光投控,2022,3,income_statement,綜合損益總額歸屬於共同控制下前手權益,,--,sii,https://mopsov.twse.com.tw/mops/web/ajax_t163sb04
上游,晶片封測服務,3711,日月光投控,2022,3,income_statement,綜合損益總額歸屬於非控制權益,2827645,"2,827,645",sii,https://mopsov.twse.com.tw/mops/web/ajax_t163sb04
上游,晶片封測服務,3711,日月光投控,2022,3,income_statement,基本每股盈餘（元）,10.74,10.74,sii,https://mopsov.twse.com.tw/mops/web/ajax_t163sb04
上游,晶片封測服務,2449,京元電子,2022,3,balance_sheet,流動資產,23192979,"23,192,979",sii,https://mopsov.twse.com.tw/mops/web/ajax_t163sb05
上游,晶片封測服務,2449,京元電子,2022,3,balance_sheet,非流動資產,52044018,"52,044,018",sii,https://mopsov.twse.com.tw/mops/web/ajax_t163sb05
上游,晶片封測服務,2449,京元電子,2022,3,balance_sheet,資產總計,75236997,"75,236,997",sii,https://mopsov.twse.com.tw/mops/web/ajax_t163sb05
上游,晶片封測服務,2449,京元電子,2022,3,balance_sheet,流動負債,11187936,"11,187,936",sii,https://mopsov.twse.com.tw/mops/web/ajax_t163sb05
上游,晶片封測服務,2449,京元電子,2022,3,balance_sheet,非流動負債,28815638,"28,815,638",sii,https://mopsov.twse.com.tw/mops/web/ajax_t163sb05
上游,晶片封測服務,2449,京元電子,2022,3,balance_sheet,負債總計,40003574,"40,003,574",sii,https://mopsov.twse.com.tw/mops/web/ajax_t163sb05
上游,晶片封測服務,2449,京元電子,2022,3,balance_sheet,股本,12227451,"12,227,451",sii,https://mopsov.twse.com.tw/mops/web/ajax_t163sb05
上游,晶片封測服務,2449,京元電子,2022,3,balance_sheet,權益─具證券性質之虛擬通貨,,--,sii,https://mopsov.twse.com.tw/mops/web/ajax_t163sb05
上游,晶片封測服務,2449,京元電子,2022,3,balance_sheet,資本公積,4910058,"4,910,058",sii,https://mopsov.twse.com.tw/mops/web/ajax_t163sb05
上游,晶片封測服務,2449,京元電子,2022,3,balance_sheet,保留盈餘,15466332,"15,466,332",sii,https://mopsov.twse.com.tw/mops/web/ajax_t163sb05
上游,晶片封測服務,2449,京元電子,2022,3,balance_sheet,其他權益,1797101,"1,797,101",sii,https://mopsov.twse.com.tw/mops/web/ajax_t163sb05
上游,晶片封測服務,2449,京元電子,2022,3,balance_sheet,庫藏股票,,--,sii,https://mopsov.twse.com.tw/mops/web/ajax_t163sb05
上游,晶片封測服務,2449,京元電子,2022,3,balance_sheet,歸屬於母公司業主之權益合計,34400942,"34,400,942",sii,https://mopsov.twse.com.tw/mops/web/ajax_t163sb05
上游,晶片封測服務,2449,京元電子,2022,3,balance_sheet,共同控制下前手權益,,--,sii,https://mopsov.twse.com.tw/mops/web/ajax_t163sb05
上游,晶片封測服務,2449,京元電子,2022,3,balance_sheet,合併前非屬共同控制股權,,--,sii,https://mopsov.twse.com.tw/mops/web/ajax_t163sb05
上游,晶片封測服務,2449,京元電子,2022,3,balance_sheet,非控制權益,832481,"832,481",sii,https://mopsov.twse.com.tw/mops/web/ajax_t163sb05
上游,晶片封測服務,2449,京元電子,2022,3,balance_sheet,權益總計,35233423,"35,233,423",sii,https://mopsov.twse.com.tw/mops/web/ajax_t163sb05
上游,晶片封測服務,2449,京元電子,2022,3,balance_sheet,待註銷股本股數（單位：股）,,--,sii,https://mopsov.twse.com.tw/mops/web/ajax_t163sb05
上游,晶片封測服務,2449,京元電子,2022,3,balance_sheet,預收股款（權益項下）之約當發行股數（單位：股）,0,0,sii,https://mopsov.twse.com.tw/mops/web/ajax_t163sb05
上游,晶片封測服務,2449,京元電子,2022,3,balance_sheet,母公司暨子公司所持有之母公司庫藏股股數（單位：股）,0,0,sii,https://mopsov.twse.com.tw/mops/web/ajax_t163sb05
上游,晶片封測服務,2449,京元電子,2022,3,balance_sheet,每股參考淨值,28.13,28.13,sii,https://mopsov.twse.com.tw/mops/web/ajax_t163sb05
上游,晶片封測服務,3711,日月光投控,2022,3,balance_sheet,流動資產,332729057,"332,729,057",sii,https://mopsov.twse.com.tw/mops/web/ajax_t163sb05
上游,晶片封測服務,3711,日月光投控,2022,3,balance_sheet,非流動資產,405100169,"405,100,169",sii,https://mopsov.twse.com.tw/mops/web/ajax_t163sb05
上游,晶片封測服務,3711,日月光投控,2022,3,balance_sheet,資產總計,737829226,"737,829,226",sii,https://mopsov.twse.com.tw/mops/web/ajax_t163sb05
上游,晶片封測服務,3711,日月光投控,2022,3,balance_sheet,流動負債,273746570,"273,746,570",sii,https://mopsov.twse.com.tw/mops/web/ajax_t163sb05
上游,晶片封測服務,3711,日月光投控,2022,3,balance_sheet,非流動負債,158432363,"158,432,363",sii,https://mopsov.twse.com.tw/mops/web/ajax_t163sb05
上游,晶片封測服務,3711,日月光投控,2022,3,balance_sheet,負債總計,432178933,"432,178,933",sii,https://mopsov.twse.com.tw/mops/web/ajax_t163sb05
上游,晶片封測服務,3711,日月光投控,2022,3,balance_sheet,股本,43643051,"43,643,051",sii,https://mopsov.twse.com.tw/mops/web/ajax_t163sb05
上游,晶片封測服務,3711,日月光投控,2022,3,balance_sheet,權益─具證券性質之虛擬通貨,,--,sii,https://mopsov.twse.com.tw/mops/web/ajax_t163sb05
上游,晶片封測服務,3711,日月光投控,2022,3,balance_sheet,資本公積,142474184,"142,474,184",sii,https://mopsov.twse.com.tw/mops/web/ajax_t163sb05
上游,晶片封測服務,3711,日月光投控,2022,3,balance_sheet,保留盈餘,104206223,"104,206,223",sii,https://mopsov.twse.com.tw/mops/web/ajax_t163sb05
上游,晶片封測服務,3711,日月光投控,2022,3,balance_sheet,其他權益,-2930,"-2,930",sii,https://mopsov.twse.com.tw/mops/web/ajax_t163sb05
上游,晶片封測服務,3711,日月光投控,2022,3,balance_sheet,庫藏股票,-1959107,"-1,959,107",sii,https://mopsov.twse.com.tw/mops/web/ajax_t163sb05
上游,晶片封測服務,3711,日月光投控,2022,3,balance_sheet,歸屬於母公司業主之權益合計,288361421,"288,361,421",sii,https://mopsov.twse.com.tw/mops/web/ajax_t163sb05
上游,晶片封測服務,3711,日月光投控,2022,3,balance_sheet,共同控制下前手權益,,--,sii,https://mopsov.twse.com.tw/mops/web/ajax_t163sb05
上游,晶片封測服務,3711,日月光投控,2022,3,balance_sheet,合併前非屬共同控制股權,,--,sii,https://mopsov.twse.com.tw/mops/web/ajax_t163sb05
上游,晶片封測服務,3711,日月光投控,2022,3,balance_sheet,非控制權益,17288872,"17,288,872",sii,https://mopsov.twse.com.tw/mops/web/ajax_t163sb05
上游,晶片封測服務,3711,日月光投控,2022,3,balance_sheet,權益總計,305650293,"305,650,293",sii,https://mopsov.twse.com.tw/mops/web/ajax_t163sb05
上游,晶片封測服務,3711,日月光投控,2022,3,balance_sheet,待註銷股本股數（單位：股）,,--,sii,https://mopsov.twse.com.tw/mops/web/ajax_t163sb05
上游,晶片封測服務,3711,日月光投控,2022,3,balance_sheet,預收股款（權益項下）之約當發行股數（單位：股）,4377100,"4,377,100",sii,https://mopsov.twse.com.tw/mops/web/ajax_t163sb05
上游,晶片封測服務,3711,日月光投控,2022,3,balance_sheet,母公司暨子公司所持有之母公司庫藏股股數（單位：股）,72941505,"72,941,505",sii,https://mopsov.twse.com.tw/mops/web/ajax_t163sb05
上游,晶片封測服務,3711,日月光投控,2022,3,balance_sheet,每股參考淨值,67.2,67.20,sii,https://mopsov.twse.com.tw/mops/web/ajax_t163sb05
上游,晶片封測服務,2449,京元電子,2022,3,cash_flow,營業活動之淨現金流入（流出）,14460449,"14,460,449",sii,https://mopsov.twse.com.tw/mops/web/ajax_t163sb20
上游,晶片封測服務,2449,京元電子,2022,3,cash_flow,投資活動之淨現金流入（流出）,-8251099,"-8,251,099",sii,https://mopsov.twse.com.tw/mops/web/ajax_t163sb20
上游,晶片封測服務,2449,京元電子,2022,3,cash_flow,籌資活動之淨現金流入（流出）,-2164463,"-2,164,463",sii,https://mopsov.twse.com.tw/mops/web/ajax_t163sb20
上游,晶片封測服務,2449,京元電子,2022,3,cash_flow,匯率變動對現金及約當現金之影響,-35457,"-35,457",sii,https://mopsov.twse.com.tw/mops/web/ajax_t163sb20
上游,晶片封測服務,2449,京元電子,2022,3,cash_flow,本期現金及約當現金增加（減少）數,4009430,"4,009,430",sii,https://mopsov.twse.com.tw/mops/web/ajax_t163sb20
上游,晶片封測服務,2449,京元電子,2022,3,cash_flow,期初現金及約當現金餘額,8649932,"8,649,932",sii,https://mopsov.twse.com.tw/mops/web/ajax_t163sb20
上游,晶片封測服務,2449,京元電子,2022,3,cash_flow,期末現金及約當現金餘額,12659362,"12,659,362",sii,https://mopsov.twse.com.tw/mops/web/ajax_t163sb20
上游,晶片封測服務,3711,日月光投控,2022,3,cash_flow,營業活動之淨現金流入（流出）,60824959,"60,824,959",sii,https://mopsov.twse.com.tw/mops/web/ajax_t163sb20
上游,晶片封測服務,3711,日月光投控,2022,3,cash_flow,投資活動之淨現金流入（流出）,-52403131,"-52,403,131",sii,https://mopsov.twse.com.tw/mops/web/ajax_t163sb20
上游,晶片封測服務,3711,日月光投控,2022,3,cash_flow,籌資活動之淨現金流入（流出）,-44559953,"-44,559,953",sii,https://mopsov.twse.com.tw/mops/web/ajax_t163sb20
上游,晶片封測服務,3711,日月光投控,2022,3,cash_flow,匯率變動對現金及約當現金之影響,12422804,"12,422,804",sii,https://mopsov.twse.com.tw/mops/web/ajax_t163sb20
上游,晶片封測服務,3711,日月光投控,2022,3,cash_flow,本期現金及約當現金增加（減少）數,-23715321,"-23,715,321",sii,https://mopsov.twse.com.tw/mops/web/ajax_t163sb20
上游,晶片封測服務,3711,日月光投控,2022,3,cash_flow,期初現金及約當現金餘額,76073345,"76,073,345",sii,https://mopsov.twse.com.tw/mops/web/ajax_t163sb20
上游,晶片封測服務,3711,日月光投控,2022,3,cash_flow,期末現金及約當現金餘額,52358024,"52,358,024",sii,https://mopsov.twse.com.tw/mops/web/ajax_t163sb20
上游,晶片封測服務,2449,京元電子,2022,4,income_statement,營業收入,36781996,"36,781,996",sii,https://mopsov.twse.com.tw/mops/web/ajax_t163sb04
上游,晶片封測服務,2449,京元電子,2022,4,income_statement,營業成本,23709003,"23,709,003",sii,https://mopsov.twse.com.tw/mops/web/ajax_t163sb04
上游,晶片封測服務,2449,京元電子,2022,4,income_statement,原始認列生物資產及農產品之利益（損失）,,--,sii,https://mopsov.twse.com.tw/mops/web/ajax_t163sb04
上游,晶片封測服務,2449,京元電子,2022,4,income_statement,生物資產當期公允價值減出售成本之變動利益（損失）,,--,sii,https://mopsov.twse.com.tw/mops/web/ajax_t163sb04
上游,晶片封測服務,2449,京元電子,2022,4,income_statement,營業毛利（毛損）,13072993,"13,072,993",sii,https://mopsov.twse.com.tw/mops/web/ajax_t163sb04
上游,晶片封測服務,2449,京元電子,2022,4,income_statement,未實現銷貨（損）益,,--,sii,https://mopsov.twse.com.tw/mops/web/ajax_t163sb04
上游,晶片封測服務,2449,京元電子,2022,4,income_statement,已實現銷貨（損）益,,--,sii,https://mopsov.twse.com.tw/mops/web/ajax_t163sb04
上游,晶片封測服務,2449,京元電子,2022,4,income_statement,營業毛利（毛損）淨額,13072993,"13,072,993",sii,https://mopsov.twse.com.tw/mops/web/ajax_t163sb04
上游,晶片封測服務,2449,京元電子,2022,4,income_statement,營業費用,3908163,"3,908,163",sii,https://mopsov.twse.com.tw/mops/web/ajax_t163sb04
上游,晶片封測服務,2449,京元電子,2022,4,income_statement,其他收益及費損淨額,,--,sii,https://mopsov.twse.com.tw/mops/web/ajax_t163sb04
上游,晶片封測服務,2449,京元電子,2022,4,income_statement,營業利益（損失）,9164830,"9,164,830",sii,https://mopsov.twse.com.tw/mops/web/ajax_t163sb04
上游,晶片封測服務,2449,京元電子,2022,4,income_statement,營業外收入及支出,-198804,"-198,804",sii,https://mopsov.twse.com.tw/mops/web/ajax_t163sb04
上游,晶片封測服務,2449,京元電子,2022,4,income_statement,稅前淨利（淨損）,8966026,"8,966,026",sii,https://mopsov.twse.com.tw/mops/web/ajax_t163sb04
上游,晶片封測服務,2449,京元電子,2022,4,income_statement,所得稅費用（利益）,1983936,"1,983,936",sii,https://mopsov.twse.com.tw/mops/web/ajax_t163sb04
上游,晶片封測服務,2449,京元電子,2022,4,income_statement,繼續營業單位本期淨利（淨損）,6982090,"6,982,090",sii,https://mopsov.twse.com.tw/mops/web/ajax_t163sb04
上游,晶片封測服務,2449,京元電子,2022,4,income_statement,停業單位損益,,--,sii,https://mopsov.twse.com.tw/mops/web/ajax_t163sb04
上游,晶片封測服務,2449,京元電子,2022,4,income_statement,合併前非屬共同控制股權損益,,--,sii,https://mopsov.twse.com.tw/mops/web/ajax_t163sb04
上游,晶片封測服務,2449,京元電子,2022,4,income_statement,本期淨利（淨損）,6982090,"6,982,090",sii,https://mopsov.twse.com.tw/mops/web/ajax_t163sb04
上游,晶片封測服務,2449,京元電子,2022,4,income_statement,其他綜合損益（淨額）,-1320936,"-1,320,936",sii,https://mopsov.twse.com.tw/mops/web/ajax_t163sb04
上游,晶片封測服務,2449,京元電子,2022,4,income_statement,合併前非屬共同控制股權綜合損益淨額,,--,sii,https://mopsov.twse.com.tw/mops/web/ajax_t163sb04
上游,晶片封測服務,2449,京元電子,2022,4,income_statement,本期綜合損益總額,5661154,"5,661,154",sii,https://mopsov.twse.com.tw/mops/web/ajax_t163sb04
上游,晶片封測服務,2449,京元電子,2022,4,income_statement,淨利（淨損）歸屬於母公司業主,6836609,"6,836,609",sii,https://mopsov.twse.com.tw/mops/web/ajax_t163sb04
上游,晶片封測服務,2449,京元電子,2022,4,income_statement,淨利（淨損）歸屬於共同控制下前手權益,,--,sii,https://mopsov.twse.com.tw/mops/web/ajax_t163sb04
上游,晶片封測服務,2449,京元電子,2022,4,income_statement,淨利（淨損）歸屬於非控制權益,145481,"145,481",sii,https://mopsov.twse.com.tw/mops/web/ajax_t163sb04
上游,晶片封測服務,2449,京元電子,2022,4,income_statement,綜合損益總額歸屬於母公司業主,5505213,"5,505,213",sii,https://mopsov.twse.com.tw/mops/web/ajax_t163sb04
上游,晶片封測服務,2449,京元電子,2022,4,income_statement,綜合損益總額歸屬於共同控制下前手權益,,--,sii,https://mopsov.twse.com.tw/mops/web/ajax_t163sb04
上游,晶片封測服務,2449,京元電子,2022,4,income_statement,綜合損益總額歸屬於非控制權益,155941,"155,941",sii,https://mopsov.twse.com.tw/mops/web/ajax_t163sb04
上游,晶片封測服務,2449,京元電子,2022,4,income_statement,基本每股盈餘（元）,5.59,5.59,sii,https://mopsov.twse.com.tw/mops/web/ajax_t163sb04
上游,晶片封測服務,3711,日月光投控,2022,4,income_statement,營業收入,670872643,"670,872,643",sii,https://mopsov.twse.com.tw/mops/web/ajax_t163sb04
上游,晶片封測服務,3711,日月光投控,2022,4,income_statement,營業成本,535942631,"535,942,631",sii,https://mopsov.twse.com.tw/mops/web/ajax_t163sb04
上游,晶片封測服務,3711,日月光投控,2022,4,income_statement,原始認列生物資產及農產品之利益（損失）,,--,sii,https://mopsov.twse.com.tw/mops/web/ajax_t163sb04
上游,晶片封測服務,3711,日月光投控,2022,4,income_statement,生物資產當期公允價值減出售成本之變動利益（損失）,,--,sii,https://mopsov.twse.com.tw/mops/web/ajax_t163sb04
上游,晶片封測服務,3711,日月光投控,2022,4,income_statement,營業毛利（毛損）,134930012,"134,930,012",sii,https://mopsov.twse.com.tw/mops/web/ajax_t163sb04
上游,晶片封測服務,3711,日月光投控,2022,4,income_statement,未實現銷貨（損）益,,--,sii,https://mopsov.twse.com.tw/mops/web/ajax_t163sb04
上游,晶片封測服務,3711,日月光投控,2022,4,income_statement,已實現銷貨（損）益,,--,sii,https://mopsov.twse.com.tw/mops/web/ajax_t163sb04
上游,晶片封測服務,3711,日月光投控,2022,4,income_statement,營業毛利（毛損）淨額,134930012,"134,930,012",sii,https://mopsov.twse.com.tw/mops/web/ajax_t163sb04
上游,晶片封測服務,3711,日月光投控,2022,4,income_statement,營業費用,54754429,"54,754,429",sii,https://mopsov.twse.com.tw/mops/web/ajax_t163sb04
上游,晶片封測服務,3711,日月光投控,2022,4,income_statement,其他收益及費損淨額,,--,sii,https://mopsov.twse.com.tw/mops/web/ajax_t163sb04
上游,晶片封測服務,3711,日月光投控,2022,4,income_statement,營業利益（損失）,80175583,"80,175,583",sii,https://mopsov.twse.com.tw/mops/web/ajax_t163sb04
上游,晶片封測服務,3711,日月光投控,2022,4,income_statement,營業外收入及支出,1450130,"1,450,130",sii,https://mopsov.twse.com.tw/mops/web/ajax_t163sb04
上游,晶片封測服務,3711,日月光投控,2022,4,income_statement,稅前淨利（淨損）,81625713,"81,625,713",sii,https://mopsov.twse.com.tw/mops/web/ajax_t163sb04
上游,晶片封測服務,3711,日月光投控,2022,4,income_statement,所得稅費用（利益）,16398575,"16,398,575",sii,https://mopsov.twse.com.tw/mops/web/ajax_t163sb04
上游,晶片封測服務,3711,日月光投控,2022,4,income_statement,繼續營業單位本期淨利（淨損）,65227138,"65,227,138",sii,https://mopsov.twse.com.tw/mops/web/ajax_t163sb04
上游,晶片封測服務,3711,日月光投控,2022,4,income_statement,停業單位損益,,--,sii,https://mopsov.twse.com.tw/mops/web/ajax_t163sb04
上游,晶片封測服務,3711,日月光投控,2022,4,income_statement,合併前非屬共同控制股權損益,,--,sii,https://mopsov.twse.com.tw/mops/web/ajax_t163sb04
上游,晶片封測服務,3711,日月光投控,2022,4,income_statement,本期淨利（淨損）,65227138,"65,227,138",sii,https://mopsov.twse.com.tw/mops/web/ajax_t163sb04
上游,晶片封測服務,3711,日月光投控,2022,4,income_statement,其他綜合損益（淨額）,8130124,"8,130,124",sii,https://mopsov.twse.com.tw/mops/web/ajax_t163sb04
上游,晶片封測服務,3711,日月光投控,2022,4,income_statement,合併前非屬共同控制股權綜合損益淨額,,--,sii,https://mopsov.twse.com.tw/mops/web/ajax_t163sb04
上游,晶片封測服務,3711,日月光投控,2022,4,income_statement,本期綜合損益總額,73357262,"73,357,262",sii,https://mopsov.twse.com.tw/mops/web/ajax_t163sb04
上游,晶片封測服務,3711,日月光投控,2022,4,income_statement,淨利（淨損）歸屬於母公司業主,62090494,"62,090,494",sii,https://mopsov.twse.com.tw/mops/web/ajax_t163sb04
上游,晶片封測服務,3711,日月光投控,2022,4,income_statement,淨利（淨損）歸屬於共同控制下前手權益,,--,sii,https://mopsov.twse.com.tw/mops/web/ajax_t163sb04
上游,晶片封測服務,3711,日月光投控,2022,4,income_statement,淨利（淨損）歸屬於非控制權益,3136644,"3,136,644",sii,https://mopsov.twse.com.tw/mops/web/ajax_t163sb04
上游,晶片封測服務,3711,日月光投控,2022,4,income_statement,綜合損益總額歸屬於母公司業主,69793469,"69,793,469",sii,https://mopsov.twse.com.tw/mops/web/ajax_t163sb04
上游,晶片封測服務,3711,日月光投控,2022,4,income_statement,綜合損益總額歸屬於共同控制下前手權益,,--,sii,https://mopsov.twse.com.tw/mops/web/ajax_t163sb04
上游,晶片封測服務,3711,日月光投控,2022,4,income_statement,綜合損益總額歸屬於非控制權益,3563793,"3,563,793",sii,https://mopsov.twse.com.tw/mops/web/ajax_t163sb04
上游,晶片封測服務,3711,日月光投控,2022,4,income_statement,基本每股盈餘（元）,14.53,14.53,sii,https://mopsov.twse.com.tw/mops/web/ajax_t163sb04
上游,晶片封測服務,2449,京元電子,2022,4,balance_sheet,流動資產,22338931,"22,338,931",sii,https://mopsov.twse.com.tw/mops/web/ajax_t163sb05
上游,晶片封測服務,2449,京元電子,2022,4,balance_sheet,非流動資產,52020052,"52,020,052",sii,https://mopsov.twse.com.tw/mops/web/ajax_t163sb05
上游,晶片封測服務,2449,京元電子,2022,4,balance_sheet,資產總計,74358983,"74,358,983",sii,https://mopsov.twse.com.tw/mops/web/ajax_t163sb05
上游,晶片封測服務,2449,京元電子,2022,4,balance_sheet,流動負債,10244376,"10,244,376",sii,https://mopsov.twse.com.tw/mops/web/ajax_t163sb05
上游,晶片封測服務,2449,京元電子,2022,4,balance_sheet,非流動負債,27169190,"27,169,190",sii,https://mopsov.twse.com.tw/mops/web/ajax_t163sb05
上游,晶片封測服務,2449,京元電子,2022,4,balance_sheet,負債總計,37413566,"37,413,566",sii,https://mopsov.twse.com.tw/mops/web/ajax_t163sb05
上游,晶片封測服務,2449,京元電子,2022,4,balance_sheet,股本,12227451,"12,227,451",sii,https://mopsov.twse.com.tw/mops/web/ajax_t163sb05
上游,晶片封測服務,2449,京元電子,2022,4,balance_sheet,權益─具證券性質之虛擬通貨,,--,sii,https://mopsov.twse.com.tw/mops/web/ajax_t163sb05
上游,晶片封測服務,2449,京元電子,2022,4,balance_sheet,資本公積,4953859,"4,953,859",sii,https://mopsov.twse.com.tw/mops/web/ajax_t163sb05
上游,晶片封測服務,2449,京元電子,2022,4,balance_sheet,保留盈餘,16914771,"16,914,771",sii,https://mopsov.twse.com.tw/mops/web/ajax_t163sb05
上游,晶片封測服務,2449,京元電子,2022,4,balance_sheet,其他權益,1993897,"1,993,897",sii,https://mopsov.twse.com.tw/mops/web/ajax_t163sb05
上游,晶片封測服務,2449,京元電子,2022,4,balance_sheet,庫藏股票,,--,sii,https://mopsov.twse.com.tw/mops/web/ajax_t163sb05
上游,晶片封測服務,2449,京元電子,2022,4,balance_sheet,歸屬於母公司業主之權益合計,36089978,"36,089,978",sii,https://mopsov.twse.com.tw/mops/web/ajax_t163sb05
上游,晶片封測服務,2449,京元電子,2022,4,balance_sheet,共同控制下前手權益,,--,sii,https://mopsov.twse.com.tw/mops/web/ajax_t163sb05
上游,晶片封測服務,2449,京元電子,2022,4,balance_sheet,合併前非屬共同控制股權,,--,sii,https://mopsov.twse.com.tw/mops/web/ajax_t163sb05
上游,晶片封測服務,2449,京元電子,2022,4,balance_sheet,非控制權益,855439,"855,439",sii,https://mopsov.twse.com.tw/mops/web/ajax_t163sb05
上游,晶片封測服務,2449,京元電子,2022,4,balance_sheet,權益總計,36945417,"36,945,417",sii,https://mopsov.twse.com.tw/mops/web/ajax_t163sb05
上游,晶片封測服務,2449,京元電子,2022,4,balance_sheet,待註銷股本股數（單位：股）,,--,sii,https://mopsov.twse.com.tw/mops/web/ajax_t163sb05
上游,晶片封測服務,2449,京元電子,2022,4,balance_sheet,預收股款（權益項下）之約當發行股數（單位：股）,0,0,sii,https://mopsov.twse.com.tw/mops/web/ajax_t163sb05
上游,晶片封測服務,2449,京元電子,2022,4,balance_sheet,母公司暨子公司所持有之母公司庫藏股股數（單位：股）,0,0,sii,https://mopsov.twse.com.tw/mops/web/ajax_t163sb05
上游,晶片封測服務,2449,京元電子,2022,4,balance_sheet,每股參考淨值,29.52,29.52,sii,https://mopsov.twse.com.tw/mops/web/ajax_t163sb05
上游,晶片封測服務,3711,日月光投控,2022,4,balance_sheet,流動資產,300367224,"300,367,224",sii,https://mopsov.twse.com.tw/mops/web/ajax_t163sb05
上游,晶片封測服務,3711,日月光投控,2022,4,balance_sheet,非流動資產,406701149,"406,701,149",sii,https://mopsov.twse.com.tw/mops/web/ajax_t163sb05
上游,晶片封測服務,3711,日月光投控,2022,4,balance_sheet,資產總計,707068373,"707,068,373",sii,https://mopsov.twse.com.tw/mops/web/ajax_t163sb05
上游,晶片封測服務,3711,日月光投控,2022,4,balance_sheet,流動負債,222260898,"222,260,898",sii,https://mopsov.twse.com.tw/mops/web/ajax_t163sb05
上游,晶片封測服務,3711,日月光投控,2022,4,balance_sheet,非流動負債,164882412,"164,882,412",sii,https://mopsov.twse.com.tw/mops/web/ajax_t163sb05
上游,晶片封測服務,3711,日月光投控,2022,4,balance_sheet,負債總計,387143310,"387,143,310",sii,https://mopsov.twse.com.tw/mops/web/ajax_t163sb05
上游,晶片封測服務,3711,日月光投控,2022,4,balance_sheet,股本,43679841,"43,679,841",sii,https://mopsov.twse.com.tw/mops/web/ajax_t163sb05
上游,晶片封測服務,3711,日月光投控,2022,4,balance_sheet,權益─具證券性質之虛擬通貨,,--,sii,https://mopsov.twse.com.tw/mops/web/ajax_t163sb05
上游,晶片封測服務,3711,日月光投控,2022,4,balance_sheet,資本公積,142686356,"142,686,356",sii,https://mopsov.twse.com.tw/mops/web/ajax_t163sb05
上游,晶片封測服務,3711,日月光投控,2022,4,balance_sheet,保留盈餘,120832554,"120,832,554",sii,https://mopsov.twse.com.tw/mops/web/ajax_t163sb05
上游,晶片封測服務,3711,日月光投控,2022,4,balance_sheet,其他權益,-3954396,"-3,954,396",sii,https://mopsov.twse.com.tw/mops/web/ajax_t163sb05
上游,晶片封測服務,3711,日月光投控,2022,4,balance_sheet,庫藏股票,-1959107,"-1,959,107",sii,https://mopsov.twse.com.tw/mops/web/ajax_t163sb05
上游,晶片封測服務,3711,日月光投控,2022,4,balance_sheet,歸屬於母公司業主之權益合計,301285248,"301,285,248",sii,https://mopsov.twse.com.tw/mops/web/ajax_t163sb05
上游,晶片封測服務,3711,日月光投控,2022,4,balance_sheet,共同控制下前手權益,,--,sii,https://mopsov.twse.com.tw/mops/web/ajax_t163sb05
上游,晶片封測服務,3711,日月光投控,2022,4,balance_sheet,合併前非屬共同控制股權,,--,sii,https://mopsov.twse.com.tw/mops/web/ajax_t163sb05
上游,晶片封測服務,3711,日月光投控,2022,4,balance_sheet,非控制權益,18639815,"18,639,815",sii,https://mopsov.twse.com.tw/mops/web/ajax_t163sb05
上游,晶片封測服務,3711,日月光投控,2022,4,balance_sheet,權益總計,319925063,"319,925,063",sii,https://mopsov.twse.com.tw/mops/web/ajax_t163sb05
上游,晶片封測服務,3711,日月光投控,2022,4,balance_sheet,待註銷股本股數（單位：股）,,--,sii,https://mopsov.twse.com.tw/mops/web/ajax_t163sb05
上游,晶片封測服務,3711,日月光投控,2022,4,balance_sheet,預收股款（權益項下）之約當發行股數（單位：股）,3765575,"3,765,575",sii,https://mopsov.twse.com.tw/mops/web/ajax_t163sb05
上游,晶片封測服務,3711,日月光投控,2022,4,balance_sheet,母公司暨子公司所持有之母公司庫藏股股數（單位：股）,72941505,"72,941,505",sii,https://mopsov.twse.com.tw/mops/web/ajax_t163sb05
上游,晶片封測服務,3711,日月光投控,2022,4,balance_sheet,每股參考淨值,70.15,70.15,sii,https://mopsov.twse.com.tw/mops/web/ajax_t163sb05
上游,晶片封測服務,2449,京元電子,2022,4,cash_flow,營業活動之淨現金流入（流出）,19030432,"19,030,432",sii,https://mopsov.twse.com.tw/mops/web/ajax_t163sb20
上游,晶片封測服務,2449,京元電子,2022,4,cash_flow,投資活動之淨現金流入（流出）,-9970171,"-9,970,171",sii,https://mopsov.twse.com.tw/mops/web/ajax_t163sb20
上游,晶片封測服務,2449,京元電子,2022,4,cash_flow,籌資活動之淨現金流入（流出）,-4849325,"-4,849,325",sii,https://mopsov.twse.com.tw/mops/web/ajax_t163sb20
上游,晶片封測服務,2449,京元電子,2022,4,cash_flow,匯率變動對現金及約當現金之影響,-44753,"-44,753",sii,https://mopsov.twse.com.tw/mops/web/ajax_t163sb20
上游,晶片封測服務,2449,京元電子,2022,4,cash_flow,本期現金及約當現金增加（減少）數,4166183,"4,166,183",sii,https://mopsov.twse.com.tw/mops/web/ajax_t163sb20
上游,晶片封測服務,2449,京元電子,2022,4,cash_flow,期初現金及約當現金餘額,8649932,"8,649,932",sii,https://mopsov.twse.com.tw/mops/web/ajax_t163sb20
上游,晶片封測服務,2449,京元電子,2022,4,cash_flow,期末現金及約當現金餘額,12816115,"12,816,115",sii,https://mopsov.twse.com.tw/mops/web/ajax_t163sb20
上游,晶片封測服務,3711,日月光投控,2022,4,cash_flow,營業活動之淨現金流入（流出）,111000972,"111,000,972",sii,https://mopsov.twse.com.tw/mops/web/ajax_t163sb20
上游,晶片封測服務,3711,日月光投控,2022,4,cash_flow,投資活動之淨現金流入（流出）,-73951874,"-73,951,874",sii,https://mopsov.twse.com.tw/mops/web/ajax_t163sb20
上游,晶片封測服務,3711,日月光投控,2022,4,cash_flow,籌資活動之淨現金流入（流出）,-62458806,"-62,458,806",sii,https://mopsov.twse.com.tw/mops/web/ajax_t163sb20
上游,晶片封測服務,3711,日月光投控,2022,4,cash_flow,匯率變動對現金及約當現金之影響,7376757,"7,376,757",sii,https://mopsov.twse.com.tw/mops/web/ajax_t163sb20
上游,晶片封測服務,3711,日月光投控,2022,4,cash_flow,本期現金及約當現金增加（減少）數,-18032951,"-18,032,951",sii,https://mopsov.twse.com.tw/mops/web/ajax_t163sb20
上游,晶片封測服務,3711,日月光投控,2022,4,cash_flow,期初現金及約當現金餘額,76073345,"76,073,345",sii,https://mopsov.twse.com.tw/mops/web/ajax_t163sb20
上游,晶片封測服務,3711,日月光投控,2022,4,cash_flow,期末現金及約當現金餘額,58040394,"58,040,394",sii,https://mopsov.twse.com.tw/mops/web/ajax_t163sb20
上游,晶片封測服務,2449,京元電子,2023,1,income_statement,營業收入,7764452,"7,764,452",sii,https://mopsov.twse.com.tw/mops/web/ajax_t163sb04
上游,晶片封測服務,2449,京元電子,2023,1,income_statement,營業成本,5225553,"5,225,553",sii,https://mopsov.twse.com.tw/mops/web/ajax_t163sb04
上游,晶片封測服務,2449,京元電子,2023,1,income_statement,原始認列生物資產及農產品之利益（損失）,,--,sii,https://mopsov.twse.com.tw/mops/web/ajax_t163sb04
上游,晶片封測服務,2449,京元電子,2023,1,income_statement,生物資產當期公允價值減出售成本之變動利益（損失）,,--,sii,https://mopsov.twse.com.tw/mops/web/ajax_t163sb04
上游,晶片封測服務,2449,京元電子,2023,1,income_statement,營業毛利（毛損）,2538899,"2,538,899",sii,https://mopsov.twse.com.tw/mops/web/ajax_t163sb04
上游,晶片封測服務,2449,京元電子,2023,1,income_statement,未實現銷貨（損）益,,--,sii,https://mopsov.twse.com.tw/mops/web/ajax_t163sb04
上游,晶片封測服務,2449,京元電子,2023,1,income_statement,已實現銷貨（損）益,,--,sii,https://mopsov.twse.com.tw/mops/web/ajax_t163sb04
上游,晶片封測服務,2449,京元電子,2023,1,income_statement,營業毛利（毛損）淨額,2538899,"2,538,899",sii,https://mopsov.twse.com.tw/mops/web/ajax_t163sb04
上游,晶片封測服務,2449,京元電子,2023,1,income_statement,營業費用,903025,"903,025",sii,https://mopsov.twse.com.tw/mops/web/ajax_t163sb04
上游,晶片封測服務,2449,京元電子,2023,1,income_statement,其他收益及費損淨額,,--,sii,https://mopsov.twse.com.tw/mops/web/ajax_t163sb04
上游,晶片封測服務,2449,京元電子,2023,1,income_statement,營業利益（損失）,1635874,"1,635,874",sii,https://mopsov.twse.com.tw/mops/web/ajax_t163sb04
上游,晶片封測服務,2449,京元電子,2023,1,income_statement,營業外收入及支出,-54702,"-54,702",sii,https://mopsov.twse.com.tw/mops/web/ajax_t163sb04
上游,晶片封測服務,2449,京元電子,2023,1,income_statement,稅前淨利（淨損）,1581172,"1,581,172",sii,https://mopsov.twse.com.tw/mops/web/ajax_t163sb04
上游,晶片封測服務,2449,京元電子,2023,1,income_statement,所得稅費用（利益）,358439,"358,439",sii,https://mopsov.twse.com.tw/mops/web/ajax_t163sb04
上游,晶片封測服務,2449,京元電子,2023,1,income_statement,繼續營業單位本期淨利（淨損）,1222733,"1,222,733",sii,https://mopsov.twse.com.tw/mops/web/ajax_t163sb04
上游,晶片封測服務,2449,京元電子,2023,1,income_statement,停業單位損益,,--,sii,https://mopsov.twse.com.tw/mops/web/ajax_t163sb04
上游,晶片封測服務,2449,京元電子,2023,1,income_statement,合併前非屬共同控制股權損益,,--,sii,https://mopsov.twse.com.tw/mops/web/ajax_t163sb04
上游,晶片封測服務,2449,京元電子,2023,1,income_statement,本期淨利（淨損）,1222733,"1,222,733",sii,https://mopsov.twse.com.tw/mops/web/ajax_t163sb04
上游,晶片封測服務,2449,京元電子,2023,1,income_statement,其他綜合損益（淨額）,706179,"706,179",sii,https://mopsov.twse.com.tw/mops/web/ajax_t163sb04
上游,晶片封測服務,2449,京元電子,2023,1,income_statement,合併前非屬共同控制股權綜合損益淨額,,--,sii,https://mopsov.twse.com.tw/mops/web/ajax_t163sb04
上游,晶片封測服務,2449,京元電子,2023,1,income_statement,本期綜合損益總額,1928912,"1,928,912",sii,https://mopsov.twse.com.tw/mops/web/ajax_t163sb04
上游,晶片封測服務,2449,京元電子,2023,1,income_statement,淨利（淨損）歸屬於母公司業主,1189861,"1,189,861",sii,https://mopsov.twse.com.tw/mops/web/ajax_t163sb04
上游,晶片封測服務,2449,京元電子,2023,1,income_statement,淨利（淨損）歸屬於共同控制下前手權益,,--,sii,https://mopsov.twse.com.tw/mops/web/ajax_t163sb04
上游,晶片封測服務,2449,京元電子,2023,1,income_statement,淨利（淨損）歸屬於非控制權益,32872,"32,872",sii,https://mopsov.twse.com.tw/mops/web/ajax_t163sb04
上游,晶片封測服務,2449,京元電子,2023,1,income_statement,綜合損益總額歸屬於母公司業主,1889351,"1,889,351",sii,https://mopsov.twse.com.tw/mops/web/ajax_t163sb04
上游,晶片封測服務,2449,京元電子,2023,1,income_statement,綜合損益總額歸屬於共同控制下前手權益,,--,sii,https://mopsov.twse.com.tw/mops/web/ajax_t163sb04
上游,晶片封測服務,2449,京元電子,2023,1,income_statement,綜合損益總額歸屬於非控制權益,39561,"39,561",sii,https://mopsov.twse.com.tw/mops/web/ajax_t163sb04
上游,晶片封測服務,2449,京元電子,2023,1,income_statement,基本每股盈餘（元）,0.97,0.97,sii,https://mopsov.twse.com.tw/mops/web/ajax_t163sb04
上游,晶片封測服務,3711,日月光投控,2023,1,income_statement,營業收入,130891073,"130,891,073",sii,https://mopsov.twse.com.tw/mops/web/ajax_t163sb04
上游,晶片封測服務,3711,日月光投控,2023,1,income_statement,營業成本,111551750,"111,551,750",sii,https://mopsov.twse.com.tw/mops/web/ajax_t163sb04
上游,晶片封測服務,3711,日月光投控,2023,1,income_statement,原始認列生物資產及農產品之利益（損失）,,--,sii,https://mopsov.twse.com.tw/mops/web/ajax_t163sb04
上游,晶片封測服務,3711,日月光投控,2023,1,income_statement,生物資產當期公允價值減出售成本之變動利益（損失）,,--,sii,https://mopsov.twse.com.tw/mops/web/ajax_t163sb04
上游,晶片封測服務,3711,日月光投控,2023,1,income_statement,營業毛利（毛損）,19339323,"19,339,323",sii,https://mopsov.twse.com.tw/mops/web/ajax_t163sb04
上游,晶片封測服務,3711,日月光投控,2023,1,income_statement,未實現銷貨（損）益,,--,sii,https://mopsov.twse.com.tw/mops/web/ajax_t163sb04
上游,晶片封測服務,3711,日月光投控,2023,1,income_statement,已實現銷貨（損）益,,--,sii,https://mopsov.twse.com.tw/mops/web/ajax_t163sb04
上游,晶片封測服務,3711,日月光投控,2023,1,income_statement,營業毛利（毛損）淨額,19339323,"19,339,323",sii,https://mopsov.twse.com.tw/mops/web/ajax_t163sb04
上游,晶片封測服務,3711,日月光投控,2023,1,income_statement,營業費用,11643749,"11,643,749",sii,https://mopsov.twse.com.tw/mops/web/ajax_t163sb04
上游,晶片封測服務,3711,日月光投控,2023,1,income_statement,其他收益及費損淨額,,--,sii,https://mopsov.twse.com.tw/mops/web/ajax_t163sb04
上游,晶片封測服務,3711,日月光投控,2023,1,income_statement,營業利益（損失）,7695574,"7,695,574",sii,https://mopsov.twse.com.tw/mops/web/ajax_t163sb04
上游,晶片封測服務,3711,日月光投控,2023,1,income_statement,營業外收入及支出,174771,"174,771",sii,https://mopsov.twse.com.tw/mops/web/ajax_t163sb04
上游,晶片封測服務,3711,日月光投控,2023,1,income_statement,稅前淨利（淨損）,7870345,"7,870,345",sii,https://mopsov.twse.com.tw/mops/web/ajax_t163sb04
上游,晶片封測服務,3711,日月光投控,2023,1,income_statement,所得稅費用（利益）,1777556,"1,777,556",sii,https://mopsov.twse.com.tw/mops/web/ajax_t163sb04
上游,晶片封測服務,3711,日月光投控,2023,1,income_statement,繼續營業單位本期淨利（淨損）,6092789,"6,092,789",sii,https://mopsov.twse.com.tw/mops/web/ajax_t163sb04
上游,晶片封測服務,3711,日月光投控,2023,1,income_statement,停業單位損益,,--,sii,https://mopsov.twse.com.tw/mops/web/ajax_t163sb04
上游,晶片封測服務,3711,日月光投控,2023,1,income_statement,合併前非屬共同控制股權損益,,--,sii,https://mopsov.twse.com.tw/mops/web/ajax_t163sb04
上游,晶片封測服務,3711,日月光投控,2023,1,income_statement,本期淨利（淨損）,6092789,"6,092,789",sii,https://mopsov.twse.com.tw/mops/web/ajax_t163sb04
上游,晶片封測服務,3711,日月光投控,2023,1,income_statement,其他綜合損益（淨額）,942762,"942,762",sii,https://mopsov.twse.com.tw/mops/web/ajax_t163sb04
上游,晶片封測服務,3711,日月光投控,2023,1,income_statement,合併前非屬共同控制股權綜合損益淨額,,--,sii,https://mopsov.twse.com.tw/mops/web/ajax_t163sb04
上游,晶片封測服務,3711,日月光投控,2023,1,income_statement,本期綜合損益總額,7035551,"7,035,551",sii,https://mopsov.twse.com.tw/mops/web/ajax_t163sb04
上游,晶片封測服務,3711,日月光投控,2023,1,income_statement,淨利（淨損）歸屬於母公司業主,5817165,"5,817,165",sii,https://mopsov.twse.com.tw/mops/web/ajax_t163sb04
上游,晶片封測服務,3711,日月光投控,2023,1,income_statement,淨利（淨損）歸屬於共同控制下前手權益,,--,sii,https://mopsov.twse.com.tw/mops/web/ajax_t163sb04
上游,晶片封測服務,3711,日月光投控,2023,1,income_statement,淨利（淨損）歸屬於非控制權益,275624,"275,624",sii,https://mopsov.twse.com.tw/mops/web/ajax_t163sb04
上游,晶片封測服務,3711,日月光投控,2023,1,income_statement,綜合損益總額歸屬於母公司業主,6736883,"6,736,883",sii,https://mopsov.twse.com.tw/mops/web/ajax_t163sb04
上游,晶片封測服務,3711,日月光投控,2023,1,income_statement,綜合損益總額歸屬於共同控制下前手權益,,--,sii,https://mopsov.twse.com.tw/mops/web/ajax_t163sb04
上游,晶片封測服務,3711,日月光投控,2023,1,income_statement,綜合損益總額歸屬於非控制權益,298668,"298,668",sii,https://mopsov.twse.com.tw/mops/web/ajax_t163sb04
上游,晶片封測服務,3711,日月光投控,2023,1,income_statement,基本每股盈餘（元）,1.36,1.36,sii,https://mopsov.twse.com.tw/mops/web/ajax_t163sb04
上游,晶片封測服務,2449,京元電子,2023,1,balance_sheet,流動資產,20964188,"20,964,188",sii,https://mopsov.twse.com.tw/mops/web/ajax_t163sb05
上游,晶片封測服務,2449,京元電子,2023,1,balance_sheet,非流動資產,52727730,"52,727,730",sii,https://mopsov.twse.com.tw/mops/web/ajax_t163sb05
上游,晶片封測服務,2449,京元電子,2023,1,balance_sheet,資產總計,73691918,"73,691,918",sii,https://mopsov.twse.com.tw/mops/web/ajax_t163sb05
上游,晶片封測服務,2449,京元電子,2023,1,balance_sheet,流動負債,9471432,"9,471,432",sii,https://mopsov.twse.com.tw/mops/web/ajax_t163sb05
上游,晶片封測服務,2449,京元電子,2023,1,balance_sheet,非流動負債,25274328,"25,274,328",sii,https://mopsov.twse.com.tw/mops/web/ajax_t163sb05
上游,晶片封測服務,2449,京元電子,2023,1,balance_sheet,負債總計,34745760,"34,745,760",sii,https://mopsov.twse.com.tw/mops/web/ajax_t163sb05
上游,晶片封測服務,2449,京元電子,2023,1,balance_sheet,股本,12227451,"12,227,451",sii,https://mopsov.twse.com.tw/mops/web/ajax_t163sb05
上游,晶片封測服務,2449,京元電子,2023,1,balance_sheet,權益─具證券性質之虛擬通貨,,--,sii,https://mopsov.twse.com.tw/mops/web/ajax_t163sb05
上游,晶片封測服務,2449,京元電子,2023,1,balance_sheet,資本公積,4918974,"4,918,974",sii,https://mopsov.twse.com.tw/mops/web/ajax_t163sb05
上游,晶片封測服務,2449,京元電子,2023,1,balance_sheet,保留盈餘,18104632,"18,104,632",sii,https://mopsov.twse.com.tw/mops/web/ajax_t163sb05
上游,晶片封測服務,2449,京元電子,2023,1,balance_sheet,其他權益,2693387,"2,693,387",sii,https://mopsov.twse.com.tw/mops/web/ajax_t163sb05
上游,晶片封測服務,2449,京元電子,2023,1,balance_sheet,庫藏股票,,--,sii,https://mopsov.twse.com.tw/mops/web/ajax_t163sb05
上游,晶片封測服務,2449,京元電子,2023,1,balance_sheet,歸屬於母公司業主之權益合計,37944444,"37,944,444",sii,https://mopsov.twse.com.tw/mops/web/ajax_t163sb05
上游,晶片封測服務,2449,京元電子,2023,1,balance_sheet,共同控制下前手權益,,--,sii,https://mopsov.twse.com.tw/mops/web/ajax_t163sb05
上游,晶片封測服務,2449,京元電子,2023,1,balance_sheet,合併前非屬共同控制股權,,--,sii,https://mopsov.twse.com.tw/mops/web/ajax_t163sb05
上游,晶片封測服務,2449,京元電子,2023,1,balance_sheet,非控制權益,1001714,"1,001,714",sii,https://mopsov.twse.com.tw/mops/web/ajax_t163sb05
上游,晶片封測服務,2449,京元電子,2023,1,balance_sheet,權益總計,38946158,"38,946,158",sii,https://mopsov.twse.com.tw/mops/web/ajax_t163sb05
上游,晶片封測服務,2449,京元電子,2023,1,balance_sheet,待註銷股本股數（單位：股）,,--,sii,https://mopsov.twse.com.tw/mops/web/ajax_t163sb05
上游,晶片封測服務,2449,京元電子,2023,1,balance_sheet,預收股款（權益項下）之約當發行股數（單位：股）,0,0,sii,https://mopsov.twse.com.tw/mops/web/ajax_t163sb05
上游,晶片封測服務,2449,京元電子,2023,1,balance_sheet,母公司暨子公司所持有之母公司庫藏股股數（單位：股）,0,0,sii,https://mopsov.twse.com.tw/mops/web/ajax_t163sb05
上游,晶片封測服務,2449,京元電子,2023,1,balance_sheet,每股參考淨值,31.03,31.03,sii,https://mopsov.twse.com.tw/mops/web/ajax_t163sb05
上游,晶片封測服務,3711,日月光投控,2023,1,balance_sheet,流動資產,271270945,"271,270,945",sii,https://mopsov.twse.com.tw/mops/web/ajax_t163sb05
上游,晶片封測服務,3711,日月光投控,2023,1,balance_sheet,非流動資產,404169004,"404,169,004",sii,https://mopsov.twse.com.tw/mops/web/ajax_t163sb05
上游,晶片封測服務,3711,日月光投控,2023,1,balance_sheet,資產總計,675439949,"675,439,949",sii,https://mopsov.twse.com.tw/mops/web/ajax_t163sb05
上游,晶片封測服務,3711,日月光投控,2023,1,balance_sheet,流動負債,234359411,"234,359,411",sii,https://mopsov.twse.com.tw/mops/web/ajax_t163sb05
上游,晶片封測服務,3711,日月光投控,2023,1,balance_sheet,非流動負債,151354493,"151,354,493",sii,https://mopsov.twse.com.tw/mops/web/ajax_t163sb05
上游,晶片封測服務,3711,日月光投控,2023,1,balance_sheet,負債總計,385713904,"385,713,904",sii,https://mopsov.twse.com.tw/mops/web/ajax_t163sb05
上游,晶片封測服務,3711,日月光投控,2023,1,balance_sheet,股本,43739054,"43,739,054",sii,https://mopsov.twse.com.tw/mops/web/ajax_t163sb05
上游,晶片封測服務,3711,日月光投控,2023,1,balance_sheet,權益─具證券性質之虛擬通貨,,--,sii,https://mopsov.twse.com.tw/mops/web/ajax_t163sb05
上游,晶片封測服務,3711,日月光投控,2023,1,balance_sheet,資本公積,143652946,"143,652,946",sii,https://mopsov.twse.com.tw/mops/web/ajax_t163sb05
上游,晶片封測服務,3711,日月光投控,2023,1,balance_sheet,保留盈餘,88167663,"88,167,663",sii,https://mopsov.twse.com.tw/mops/web/ajax_t163sb05
上游,晶片封測服務,3711,日月光投控,2023,1,balance_sheet,其他權益,-2949207,"-2,949,207",sii,https://mopsov.twse.com.tw/mops/web/ajax_t163sb05
上游,晶片封測服務,3711,日月光投控,2023,1,balance_sheet,庫藏股票,-1959107,"-1,959,107",sii,https://mopsov.twse.com.tw/mops/web/ajax_t163sb05
上游,晶片封測服務,3711,日月光投控,2023,1,balance_sheet,歸屬於母公司業主之權益合計,270651349,"270,651,349",sii,https://mopsov.twse.com.tw/mops/web/ajax_t163sb05
上游,晶片封測服務,3711,日月光投控,2023,1,balance_sheet,共同控制下前手權益,,--,sii,https://mopsov.twse.com.tw/mops/web/ajax_t163sb05
上游,晶片封測服務,3711,日月光投控,2023,1,balance_sheet,合併前非屬共同控制股權,,--,sii,https://mopsov.twse.com.tw/mops/web/ajax_t163sb05
上游,晶片封測服務,3711,日月光投控,2023,1,balance_sheet,非控制權益,19074696,"19,074,696",sii,https://mopsov.twse.com.tw/mops/web/ajax_t163sb05
上游,晶片封測服務,3711,日月光投控,2023,1,balance_sheet,權益總計,289726045,"289,726,045",sii,https://mopsov.twse.com.tw/mops/web/ajax_t163sb05
上游,晶片封測服務,3711,日月光投控,2023,1,balance_sheet,待註銷股本股數（單位：股）,,--,sii,https://mopsov.twse.com.tw/mops/web/ajax_t163sb05
上游,晶片封測服務,3711,日月光投控,2023,1,balance_sheet,預收股款（權益項下）之約當發行股數（單位：股）,6662485,"6,662,485",sii,https://mopsov.twse.com.tw/mops/web/ajax_t163sb05
上游,晶片封測服務,3711,日月光投控,2023,1,balance_sheet,母公司暨子公司所持有之母公司庫藏股股數（單位：股）,72941505,"72,941,505",sii,https://mopsov.twse.com.tw/mops/web/ajax_t163sb05
上游,晶片封測服務,3711,日月光投控,2023,1,balance_sheet,每股參考淨值,62.93,62.93,sii,https://mopsov.twse.com.tw/mops/web/ajax_t163sb05
上游,晶片封測服務,2449,京元電子,2023,1,cash_flow,營業活動之淨現金流入（流出）,3819092,"3,819,092",sii,https://mopsov.twse.com.tw/mops/web/ajax_t163sb20
上游,晶片封測服務,2449,京元電子,2023,1,cash_flow,投資活動之淨現金流入（流出）,-1960040,"-1,960,040",sii,https://mopsov.twse.com.tw/mops/web/ajax_t163sb20
上游,晶片封測服務,2449,京元電子,2023,1,cash_flow,籌資活動之淨現金流入（流出）,-2306994,"-2,306,994",sii,https://mopsov.twse.com.tw/mops/web/ajax_t163sb20
上游,晶片封測服務,2449,京元電子,2023,1,cash_flow,匯率變動對現金及約當現金之影響,-10355,"-10,355",sii,https://mopsov.twse.com.tw/mops/web/ajax_t163sb20
上游,晶片封測服務,2449,京元電子,2023,1,cash_flow,本期現金及約當現金增加（減少）數,-458297,"-458,297",sii,https://mopsov.twse.com.tw/mops/web/ajax_t163sb20
上游,晶片封測服務,2449,京元電子,2023,1,cash_flow,期初現金及約當現金餘額,12816115,"12,816,115",sii,https://mopsov.twse.com.tw/mops/web/ajax_t163sb20
上游,晶片封測服務,2449,京元電子,2023,1,cash_flow,期末現金及約當現金餘額,12357818,"12,357,818",sii,https://mopsov.twse.com.tw/mops/web/ajax_t163sb20
上游,晶片封測服務,3711,日月光投控,2023,1,cash_flow,營業活動之淨現金流入（流出）,30758244,"30,758,244",sii,https://mopsov.twse.com.tw/mops/web/ajax_t163sb20
上游,晶片封測服務,3711,日月光投控,2023,1,cash_flow,投資活動之淨現金流入（流出）,-14791689,"-14,791,689",sii,https://mopsov.twse.com.tw/mops/web/ajax_t163sb20
上游,晶片封測服務,3711,日月光投控,2023,1,cash_flow,籌資活動之淨現金流入（流出）,-11504759,"-11,504,759",sii,https://mopsov.twse.com.tw/mops/web/ajax_t163sb20
上游,晶片封測服務,3711,日月光投控,2023,1,cash_flow,匯率變動對現金及約當現金之影響,-446060,"-446,060",sii,https://mopsov.twse.com.tw/mops/web/ajax_t163sb20
上游,晶片封測服務,3711,日月光投控,2023,1,cash_flow,本期現金及約當現金增加（減少）數,4015736,"4,015,736",sii,https://mopsov.twse.com.tw/mops/web/ajax_t163sb20
上游,晶片封測服務,3711,日月光投控,2023,1,cash_flow,期初現金及約當現金餘額,58040394,"58,040,394",sii,https://mopsov.twse.com.tw/mops/web/ajax_t163sb20
上游,晶片封測服務,3711,日月光投控,2023,1,cash_flow,期末現金及約當現金餘額,62056130,"62,056,130",sii,https://mopsov.twse.com.tw/mops/web/ajax_t163sb20
上游,晶片封測服務,2449,京元電子,2023,2,income_statement,營業收入,15931760,"15,931,760",sii,https://mopsov.twse.com.tw/mops/web/ajax_t163sb04
上游,晶片封測服務,2449,京元電子,2023,2,income_statement,營業成本,10691495,"10,691,495",sii,https://mopsov.twse.com.tw/mops/web/ajax_t163sb04
上游,晶片封測服務,2449,京元電子,2023,2,income_statement,原始認列生物資產及農產品之利益（損失）,,--,sii,https://mopsov.twse.com.tw/mops/web/ajax_t163sb04
上游,晶片封測服務,2449,京元電子,2023,2,income_statement,生物資產當期公允價值減出售成本之變動利益（損失）,,--,sii,https://mopsov.twse.com.tw/mops/web/ajax_t163sb04
上游,晶片封測服務,2449,京元電子,2023,2,income_statement,營業毛利（毛損）,5240265,"5,240,265",sii,https://mopsov.twse.com.tw/mops/web/ajax_t163sb04
上游,晶片封測服務,2449,京元電子,2023,2,income_statement,未實現銷貨（損）益,,--,sii,https://mopsov.twse.com.tw/mops/web/ajax_t163sb04
上游,晶片封測服務,2449,京元電子,2023,2,income_statement,已實現銷貨（損）益,,--,sii,https://mopsov.twse.com.tw/mops/web/ajax_t163sb04
上游,晶片封測服務,2449,京元電子,2023,2,income_statement,營業毛利（毛損）淨額,5240265,"5,240,265",sii,https://mopsov.twse.com.tw/mops/web/ajax_t163sb04
上游,晶片封測服務,2449,京元電子,2023,2,income_statement,營業費用,1864099,"1,864,099",sii,https://mopsov.twse.com.tw/mops/web/ajax_t163sb04
上游,晶片封測服務,2449,京元電子,2023,2,income_statement,其他收益及費損淨額,,--,sii,https://mopsov.twse.com.tw/mops/web/ajax_t163sb04
上游,晶片封測服務,2449,京元電子,2023,2,income_statement,營業利益（損失）,3376166,"3,376,166",sii,https://mopsov.twse.com.tw/mops/web/ajax_t163sb04
上游,晶片封測服務,2449,京元電子,2023,2,income_statement,營業外收入及支出,-46355,"-46,355",sii,https://mopsov.twse.com.tw/mops/web/ajax_t163sb04
上游,晶片封測服務,2449,京元電子,2023,2,income_statement,稅前淨利（淨損）,3329811,"3,329,811",sii,https://mopsov.twse.com.tw/mops/web/ajax_t163sb04
上游,晶片封測服務,2449,京元電子,2023,2,income_statement,所得稅費用（利益）,513655,"513,655",sii,https://mopsov.twse.com.tw/mops/web/ajax_t163sb04
上游,晶片封測服務,2449,京元電子,2023,2,income_statement,繼續營業單位本期淨利（淨損）,2816156,"2,816,156",sii,https://mopsov.twse.com.tw/mops/web/ajax_t163sb04
上游,晶片封測服務,2449,京元電子,2023,2,income_statement,停業單位損益,,--,sii,https://mopsov.twse.com.tw/mops/web/ajax_t163sb04
上游,晶片封測服務,2449,京元電子,2023,2,income_statement,合併前非屬共同控制股權損益,,--,sii,https://mopsov.twse.com.tw/mops/web/ajax_t163sb04
上游,晶片封測服務,2449,京元電子,2023,2,income_statement,本期淨利（淨損）,2816156,"2,816,156",sii,https://mopsov.twse.com.tw/mops/web/ajax_t163sb04
上游,晶片封測服務,2449,京元電子,2023,2,income_statement,其他綜合損益（淨額）,548953,"548,953",sii,https://mopsov.twse.com.tw/mops/web/ajax_t163sb04
上游,晶片封測服務,2449,京元電子,2023,2,income_statement,合併前非屬共同控制股權綜合損益淨額,,--,sii,https://mopsov.twse.com.tw/mops/web/ajax_t163sb04
上游,晶片封測服務,2449,京元電子,2023,2,income_statement,本期綜合損益總額,3365109,"3,365,109",sii,https://mopsov.twse.com.tw/mops/web/ajax_t163sb04
上游,晶片封測服務,2449,京元電子,2023,2,income_statement,淨利（淨損）歸屬於母公司業主,2733009,"2,733,009",sii,https://mopsov.twse.com.tw/mops/web/ajax_t163sb04
上游,晶片封測服務,2449,京元電子,2023,2,income_statement,淨利（淨損）歸屬於共同控制下前手權益,,--,sii,https://mopsov.twse.com.tw/mops/web/ajax_t163sb04
上游,晶片封測服務,2449,京元電子,2023,2,income_statement,淨利（淨損）歸屬於非控制權益,83147,"83,147",sii,https://mopsov.twse.com.tw/mops/web/ajax_t163sb04
上游,晶片封測服務,2449,京元電子,2023,2,income_statement,綜合損益總額歸屬於母公司業主,3303690,"3,303,690",sii,https://mopsov.twse.com.tw/mops/web/ajax_t163sb04
上游,晶片封測服務,2449,京元電子,2023,2,income_statement,綜合損益總額歸屬於共同控制下前手權益,,--,sii,https://mopsov.twse.com.tw/mops/web/ajax_t163sb04
上游,晶片封測服務,2449,京元電子,2023,2,income_statement,綜合損益總額歸屬於非控制權益,61419,"61,419",sii,https://mopsov.twse.com.tw/mops/web/ajax_t163sb04
上游,晶片封測服務,2449,京元電子,2023,2,income_statement,基本每股盈餘（元）,2.24,2.24,sii,https://mopsov.twse.com.tw/mops/web/ajax_t163sb04
上游,晶片封測服務,3711,日月光投控,2023,2,income_statement,營業收入,267166425,"267,166,425",sii,https://mopsov.twse.com.tw/mops/web/ajax_t163sb04
上游,晶片封測服務,3711,日月光投控,2023,2,income_statement,營業成本,226086279,"226,086,279",sii,https://mopsov.twse.com.tw/mops/web/ajax_t163sb04
上游,晶片封測服務,3711,日月光投控,2023,2,income_statement,原始認列生物資產及農產品之利益（損失）,,--,sii,https://mopsov.twse.com.tw/mops/web/ajax_t163sb04
上游,晶片封測服務,3711,日月光投控,2023,2,income_statement,生物資產當期公允價值減出售成本之變動利益（損失）,,--,sii,https://mopsov.twse.com.tw/mops/web/ajax_t163sb04
上游,晶片封測服務,3711,日月光投控,2023,2,income_statement,營業毛利（毛損）,41080146,"41,080,146",sii,https://mopsov.twse.com.tw/mops/web/ajax_t163sb04
上游,晶片封測服務,3711,日月光投控,2023,2,income_statement,未實現銷貨（損）益,,--,sii,https://mopsov.twse.com.tw/mops/web/ajax_t163sb04
上游,晶片封測服務,3711,日月光投控,2023,2,income_statement,已實現銷貨（損）益,,--,sii,https://mopsov.twse.com.tw/mops/web/ajax_t163sb04
上游,晶片封測服務,3711,日月光投控,2023,2,income_statement,營業毛利（毛損）淨額,41080146,"41,080,146",sii,https://mopsov.twse.com.tw/mops/web/ajax_t163sb04
上游,晶片封測服務,3711,日月光投控,2023,2,income_statement,營業費用,23972405,"23,972,405",sii,https://mopsov.twse.com.tw/mops/web/ajax_t163sb04
上游,晶片封測服務,3711,日月光投控,2023,2,income_statement,其他收益及費損淨額,,--,sii,https://mopsov.twse.com.tw/mops/web/ajax_t163sb04
上游,晶片封測服務,3711,日月光投控,2023,2,income_statement,營業利益（損失）,17107741,"17,107,741",sii,https://mopsov.twse.com.tw/mops/web/ajax_t163sb04
上游,晶片封測服務,3711,日月光投控,2023,2,income_statement,營業外收入及支出,873397,"873,397",sii,https://mopsov.twse.com.tw/mops/web/ajax_t163sb04
上游,晶片封測服務,3711,日月光投控,2023,2,income_statement,稅前淨利（淨損）,17981138,"17,981,138",sii,https://mopsov.twse.com.tw/mops/web/ajax_t163sb04
上游,晶片封測服務,3711,日月光投控,2023,2,income_statement,所得稅費用（利益）,3691421,"3,691,421",sii,https://mopsov.twse.com.tw/mops/web/ajax_t163sb04
上游,晶片封測服務,3711,日月光投控,2023,2,income_statement,繼續營業單位本期淨利（淨損）,14289717,"14,289,717",sii,https://mopsov.twse.com.tw/mops/web/ajax_t163sb04
上游,晶片封測服務,3711,日月光投控,2023,2,income_statement,停業單位損益,,--,sii,https://mopsov.twse.com.tw/mops/web/ajax_t163sb04
上游,晶片封測服務,3711,日月光投控,2023,2,income_statement,合併前非屬共同控制股權損益,,--,sii,https://mopsov.twse.com.tw/mops/web/ajax_t163sb04
上游,晶片封測服務,3711,日月光投控,2023,2,income_statement,本期淨利（淨損）,14289717,"14,289,717",sii,https://mopsov.twse.com.tw/mops/web/ajax_t163sb04
上游,晶片封測服務,3711,日月光投控,2023,2,income_statement,其他綜合損益（淨額）,957988,"957,988",sii,https://mopsov.twse.com.tw/mops/web/ajax_t163sb04
上游,晶片封測服務,3711,日月光投控,2023,2,income_statement,合併前非屬共同控制股權綜合損益淨額,,--,sii,https://mopsov.twse.com.tw/mops/web/ajax_t163sb04
上游,晶片封測服務,3711,日月光投控,2023,2,income_statement,本期綜合損益總額,15247705,"15,247,705",sii,https://mopsov.twse.com.tw/mops/web/ajax_t163sb04
上游,晶片封測服務,3711,日月光投控,2023,2,income_statement,淨利（淨損）歸屬於母公司業主,13557588,"13,557,588",sii,https://mopsov.twse.com.tw/mops/web/ajax_t163sb04
上游,晶片封測服務,3711,日月光投控,2023,2,income_statement,淨利（淨損）歸屬於共同控制下前手權益,,--,sii,https://mopsov.twse.com.tw/mops/web/ajax_t163sb04
上游,晶片封測服務,3711,日月光投控,2023,2,income_statement,淨利（淨損）歸屬於非控制權益,732129,"732,129",sii,https://mopsov.twse.com.tw/mops/web/ajax_t163sb04
上游,晶片封測服務,3711,日月光投控,2023,2,income_statement,綜合損益總額歸屬於母公司業主,14610989,"14,610,989",sii,https://mopsov.twse.com.tw/mops/web/ajax_t163sb04
上游,晶片封測服務,3711,日月光投控,2023,2,income_statement,綜合損益總額歸屬於共同控制下前手權益,,--,sii,https://mopsov.twse.com.tw/mops/web/ajax_t163sb04
上游,晶片封測服務,3711,日月光投控,2023,2,income_statement,綜合損益總額歸屬於非控制權益,636716,"636,716",sii,https://mopsov.twse.com.tw/mops/web/ajax_t163sb04
上游,晶片封測服務,3711,日月光投控,2023,2,income_statement,基本每股盈餘（元）,3.16,3.16,sii,https://mopsov.twse.com.tw/mops/web/ajax_t163sb04
上游,晶片封測服務,2449,京元電子,2023,2,balance_sheet,流動資產,19711697,"19,711,697",sii,https://mopsov.twse.com.tw/mops/web/ajax_t163sb05
上游,晶片封測服務,2449,京元電子,2023,2,balance_sheet,非流動資產,51953810,"51,953,810",sii,https://mopsov.twse.com.tw/mops/web/ajax_t163sb05
上游,晶片封測服務,2449,京元電子,2023,2,balance_sheet,資產總計,71665507,"71,665,507",sii,https://mopsov.twse.com.tw/mops/web/ajax_t163sb05
上游,晶片封測服務,2449,京元電子,2023,2,balance_sheet,流動負債,12199484,"12,199,484",sii,https://mopsov.twse.com.tw/mops/web/ajax_t163sb05
上游,晶片封測服務,2449,京元電子,2023,2,balance_sheet,非流動負債,23316297,"23,316,297",sii,https://mopsov.twse.com.tw/mops/web/ajax_t163sb05
上游,晶片封測服務,2449,京元電子,2023,2,balance_sheet,負債總計,35515781,"35,515,781",sii,https://mopsov.twse.com.tw/mops/web/ajax_t163sb05
上游,晶片封測服務,2449,京元電子,2023,2,balance_sheet,股本,12227451,"12,227,451",sii,https://mopsov.twse.com.tw/mops/web/ajax_t163sb05
上游,晶片封測服務,2449,京元電子,2023,2,balance_sheet,權益─具證券性質之虛擬通貨,,--,sii,https://mopsov.twse.com.tw/mops/web/ajax_t163sb05
上游,晶片封測服務,2449,京元電子,2023,2,balance_sheet,資本公積,4961980,"4,961,980",sii,https://mopsov.twse.com.tw/mops/web/ajax_t163sb05
上游,晶片封測服務,2449,京元電子,2023,2,balance_sheet,保留盈餘,15368172,"15,368,172",sii,https://mopsov.twse.com.tw/mops/web/ajax_t163sb05
上游,晶片封測服務,2449,京元電子,2023,2,balance_sheet,其他權益,2564578,"2,564,578",sii,https://mopsov.twse.com.tw/mops/web/ajax_t163sb05
上游,晶片封測服務,2449,京元電子,2023,2,balance_sheet,庫藏股票,,--,sii,https://mopsov.twse.com.tw/mops/web/ajax_t163sb05
上游,晶片封測服務,2449,京元電子,2023,2,balance_sheet,歸屬於母公司業主之權益合計,35122181,"35,122,181",sii,https://mopsov.twse.com.tw/mops/web/ajax_t163sb05
上游,晶片封測服務,2449,京元電子,2023,2,balance_sheet,共同控制下前手權益,,--,sii,https://mopsov.twse.com.tw/mops/web/ajax_t163sb05
上游,晶片封測服務,2449,京元電子,2023,2,balance_sheet,合併前非屬共同控制股權,,--,sii,https://mopsov.twse.com.tw/mops/web/ajax_t163sb05
上游,晶片封測服務,2449,京元電子,2023,2,balance_sheet,非控制權益,1027545,"1,027,545",sii,https://mopsov.twse.com.tw/mops/web/ajax_t163sb05
上游,晶片封測服務,2449,京元電子,2023,2,balance_sheet,權益總計,36149726,"36,149,726",sii,https://mopsov.twse.com.tw/mops/web/ajax_t163sb05
上游,晶片封測服務,2449,京元電子,2023,2,balance_sheet,待註銷股本股數（單位：股）,,--,sii,https://mopsov.twse.com.tw/mops/web/ajax_t163sb05
上游,晶片封測服務,2449,京元電子,2023,2,balance_sheet,預收股款（權益項下）之約當發行股數（單位：股）,0,0,sii,https://mopsov.twse.com.tw/mops/web/ajax_t163sb05
上游,晶片封測服務,2449,京元電子,2023,2,balance_sheet,母公司暨子公司所持有之母公司庫藏股股數（單位：股）,0,0,sii,https://mopsov.twse.com.tw/mops/web/ajax_t163sb05
上游,晶片封測服務,2449,京元電子,2023,2,balance_sheet,每股參考淨值,28.72,28.72,sii,https://mopsov.twse.com.tw/mops/web/ajax_t163sb05
上游,晶片封測服務,3711,日月光投控,2023,2,balance_sheet,流動資產,271030482,"271,030,482",sii,https://mopsov.twse.com.tw/mops/web/ajax_t163sb05
上游,晶片封測服務,3711,日月光投控,2023,2,balance_sheet,非流動資產,401490431,"401,490,431",sii,https://mopsov.twse.com.tw/mops/web/ajax_t163sb05
上游,晶片封測服務,3711,日月光投控,2023,2,balance_sheet,資產總計,672520913,"672,520,913",sii,https://mopsov.twse.com.tw/mops/web/ajax_t163sb05
上游,晶片封測服務,3711,日月光投控,2023,2,balance_sheet,流動負債,225765556,"225,765,556",sii,https://mopsov.twse.com.tw/mops/web/ajax_t163sb05
上游,晶片封測服務,3711,日月光投控,2023,2,balance_sheet,非流動負債,149338663,"149,338,663",sii,https://mopsov.twse.com.tw/mops/web/ajax_t163sb05
上游,晶片封測服務,3711,日月光投控,2023,2,balance_sheet,負債總計,375104219,"375,104,219",sii,https://mopsov.twse.com.tw/mops/web/ajax_t163sb05
上游,晶片封測服務,3711,日月光投控,2023,2,balance_sheet,股本,43764308,"43,764,308",sii,https://mopsov.twse.com.tw/mops/web/ajax_t163sb05
上游,晶片封測服務,3711,日月光投控,2023,2,balance_sheet,權益─具證券性質之虛擬通貨,,--,sii,https://mopsov.twse.com.tw/mops/web/ajax_t163sb05
上游,晶片封測服務,3711,日月光投控,2023,2,balance_sheet,資本公積,143515173,"143,515,173",sii,https://mopsov.twse.com.tw/mops/web/ajax_t163sb05
上游,晶片封測服務,3711,日月光投控,2023,2,balance_sheet,保留盈餘,95908613,"95,908,613",sii,https://mopsov.twse.com.tw/mops/web/ajax_t163sb05
上游,晶片封測服務,3711,日月光投控,2023,2,balance_sheet,其他權益,-2605134,"-2,605,134",sii,https://mopsov.twse.com.tw/mops/web/ajax_t163sb05
上游,晶片封測服務,3711,日月光投控,2023,2,balance_sheet,庫藏股票,-1959107,"-1,959,107",sii,https://mopsov.twse.com.tw/mops/web/ajax_t163sb05
上游,晶片封測服務,3711,日月光投控,2023,2,balance_sheet,歸屬於母公司業主之權益合計,278623853,"278,623,853",sii,https://mopsov.twse.com.tw/mops/web/ajax_t163sb05
上游,晶片封測服務,3711,日月光投控,2023,2,balance_sheet,共同控制下前手權益,,--,sii,https://mopsov.twse.com.tw/mops/web/ajax_t163sb05
上游,晶片封測服務,3711,日月光投控,2023,2,balance_sheet,合併前非屬共同控制股權,,--,sii,https://mopsov.twse.com.tw/mops/web/ajax_t163sb05
上游,晶片封測服務,3711,日月光投控,2023,2,balance_sheet,非控制權益,18792841,"18,792,841",sii,https://mopsov.twse.com.tw/mops/web/ajax_t163sb05
上游,晶片封測服務,3711,日月光投控,2023,2,balance_sheet,權益總計,297416694,"297,416,694",sii,https://mopsov.twse.com.tw/mops/web/ajax_t163sb05
上游,晶片封測服務,3711,日月光投控,2023,2,balance_sheet,待註銷股本股數（單位：股）,,--,sii,https://mopsov.twse.com.tw/mops/web/ajax_t163sb05
上游,晶片封測服務,3711,日月光投控,2023,2,balance_sheet,預收股款（權益項下）之約當發行股數（單位：股）,2994900,"2,994,900",sii,https://mopsov.twse.com.tw/mops/web/ajax_t163sb05
上游,晶片封測服務,3711,日月光投控,2023,2,balance_sheet,母公司暨子公司所持有之母公司庫藏股股數（單位：股）,72941505,"72,941,505",sii,https://mopsov.twse.com.tw/mops/web/ajax_t163sb05
上游,晶片封測服務,3711,日月光投控,2023,2,balance_sheet,每股參考淨值,64.74,64.74,sii,https://mopsov.twse.com.tw/mops/web/ajax_t163sb05
上游,晶片封測服務,2449,京元電子,2023,2,cash_flow,營業活動之淨現金流入（流出）,6517478,"6,517,478",sii,https://mopsov.twse.com.tw/mops/web/ajax_t163sb20
上游,晶片封測服務,2449,京元電子,2023,2,cash_flow,投資活動之淨現金流入（流出）,-4168402,"-4,168,402",sii,https://mopsov.twse.com.tw/mops/web/ajax_t163sb20
上游,晶片封測服務,2449,京元電子,2023,2,cash_flow,籌資活動之淨現金流入（流出）,-5325844,"-5,325,844",sii,https://mopsov.twse.com.tw/mops/web/ajax_t163sb20
上游,晶片封測服務,2449,京元電子,2023,2,cash_flow,匯率變動對現金及約當現金之影響,9654,"9,654",sii,https://mopsov.twse.com.tw/mops/web/ajax_t163sb20
上游,晶片封測服務,2449,京元電子,2023,2,cash_flow,本期現金及約當現金增加（減少）數,-2967114,"-2,967,114",sii,https://mopsov.twse.com.tw/mops/web/ajax_t163sb20
上游,晶片封測服務,2449,京元電子,2023,2,cash_flow,期初現金及約當現金餘額,12816115,"12,816,115",sii,https://mopsov.twse.com.tw/mops/web/ajax_t163sb20
上游,晶片封測服務,2449,京元電子,2023,2,cash_flow,期末現金及約當現金餘額,9849001,"9,849,001",sii,https://mopsov.twse.com.tw/mops/web/ajax_t163sb20
上游,晶片封測服務,3711,日月光投控,2023,2,cash_flow,營業活動之淨現金流入（流出）,46714061,"46,714,061",sii,https://mopsov.twse.com.tw/mops/web/ajax_t163sb20
上游,晶片封測服務,3711,日月光投控,2023,2,cash_flow,投資活動之淨現金流入（流出）,-29222909,"-29,222,909",sii,https://mopsov.twse.com.tw/mops/web/ajax_t163sb20
上游,晶片封測服務,3711,日月光投控,2023,2,cash_flow,籌資活動之淨現金流入（流出）,-15955321,"-15,955,321",sii,https://mopsov.twse.com.tw/mops/web/ajax_t163sb20
上游,晶片封測服務,3711,日月光投控,2023,2,cash_flow,匯率變動對現金及約當現金之影響,35290,"35,290",sii,https://mopsov.twse.com.tw/mops/web/ajax_t163sb20
上游,晶片封測服務,3711,日月光投控,2023,2,cash_flow,本期現金及約當現金增加（減少）數,1571121,"1,571,121",sii,https://mopsov.twse.com.tw/mops/web/ajax_t163sb20
上游,晶片封測服務,3711,日月光投控,2023,2,cash_flow,期初現金及約當現金餘額,58040394,"58,040,394",sii,https://mopsov.twse.com.tw/mops/web/ajax_t163sb20
上游,晶片封測服務,3711,日月光投控,2023,2,cash_flow,期末現金及約當現金餘額,59611515,"59,611,515",sii,https://mopsov.twse.com.tw/mops/web/ajax_t163sb20
上游,晶片封測服務,2449,京元電子,2023,3,income_statement,營業收入,24525468,"24,525,468",sii,https://mopsov.twse.com.tw/mops/web/ajax_t163sb04
上游,晶片封測服務,2449,京元電子,2023,3,income_statement,營業成本,16223332,"16,223,332",sii,https://mopsov.twse.com.tw/mops/web/ajax_t163sb04
上游,晶片封測服務,2449,京元電子,2023,3,income_statement,原始認列生物資產及農產品之利益（損失）,,--,sii,https://mopsov.twse.com.tw/mops/web/ajax_t163sb04
上游,晶片封測服務,2449,京元電子,2023,3,income_statement,生物資產當期公允價值減出售成本之變動利益（損失）,,--,sii,https://mopsov.twse.com.tw/mops/web/ajax_t163sb04
上游,晶片封測服務,2449,京元電子,2023,3,income_statement,營業毛利（毛損）,8302136,"8,302,136",sii,https://mopsov.twse.com.tw/mops/web/ajax_t163sb04
上游,晶片封測服務,2449,京元電子,2023,3,income_statement,未實現銷貨（損）益,,--,sii,https://mopsov.twse.com.tw/mops/web/ajax_t163sb04
上游,晶片封測服務,2449,京元電子,2023,3,income_statement,已實現銷貨（損）益,,--,sii,https://mopsov.twse.com.tw/mops/web/ajax_t163sb04
上游,晶片封測服務,2449,京元電子,2023,3,income_statement,營業毛利（毛損）淨額,8302136,"8,302,136",sii,https://mopsov.twse.com.tw/mops/web/ajax_t163sb04
上游,晶片封測服務,2449,京元電子,2023,3,income_statement,營業費用,2877915,"2,877,915",sii,https://mopsov.twse.com.tw/mops/web/ajax_t163sb04
上游,晶片封測服務,2449,京元電子,2023,3,income_statement,其他收益及費損淨額,,--,sii,https://mopsov.twse.com.tw/mops/web/ajax_t163sb04
上游,晶片封測服務,2449,京元電子,2023,3,income_statement,營業利益（損失）,5424221,"5,424,221",sii,https://mopsov.twse.com.tw/mops/web/ajax_t163sb04
上游,晶片封測服務,2449,京元電子,2023,3,income_statement,營業外收入及支出,-70522,"-70,522",sii,https://mopsov.twse.com.tw/mops/web/ajax_t163sb04
上游,晶片封測服務,2449,京元電子,2023,3,income_statement,稅前淨利（淨損）,5353699,"5,353,699",sii,https://mopsov.twse.com.tw/mops/web/ajax_t163sb04
上游,晶片封測服務,2449,京元電子,2023,3,income_statement,所得稅費用（利益）,945078,"945,078",sii,https://mopsov.twse.com.tw/mops/web/ajax_t163sb04
上游,晶片封測服務,2449,京元電子,2023,3,income_statement,繼續營業單位本期淨利（淨損）,4408621,"4,408,621",sii,https://mopsov.twse.com.tw/mops/web/ajax_t163sb04
上游,晶片封測服務,2449,京元電子,2023,3,income_statement,停業單位損益,,--,sii,https://mopsov.twse.com.tw/mops/web/ajax_t163sb04
上游,晶片封測服務,2449,京元電子,2023,3,income_statement,合併前非屬共同控制股權損益,,--,sii,https://mopsov.twse.com.tw/mops/web/ajax_t163sb04
上游,晶片封測服務,2449,京元電子,2023,3,income_statement,本期淨利（淨損）,4408621,"4,408,621",sii,https://mopsov.twse.com.tw/mops/web/ajax_t163sb04
上游,晶片封測服務,2449,京元電子,2023,3,income_statement,其他綜合損益（淨額）,1156240,"1,156,240",sii,https://mopsov.twse.com.tw/mops/web/ajax_t163sb04
上游,晶片封測服務,2449,京元電子,2023,3,income_statement,合併前非屬共同控制股權綜合損益淨額,,--,sii,https://mopsov.twse.com.tw/mops/web/ajax_t163sb04
上游,晶片封測服務,2449,京元電子,2023,3,income_statement,本期綜合損益總額,5564861,"5,564,861",sii,https://mopsov.twse.com.tw/mops/web/ajax_t163sb04
上游,晶片封測服務,2449,京元電子,2023,3,income_statement,淨利（淨損）歸屬於母公司業主,4272025,"4,272,025",sii,https://mopsov.twse.com.tw/mops/web/ajax_t163sb04
上游,晶片封測服務,2449,京元電子,2023,3,income_statement,淨利（淨損）歸屬於共同控制下前手權益,,--,sii,https://mopsov.twse.com.tw/mops/web/ajax_t163sb04
上游,晶片封測服務,2449,京元電子,2023,3,income_statement,淨利（淨損）歸屬於非控制權益,136596,"136,596",sii,https://mopsov.twse.com.tw/mops/web/ajax_t163sb04
上游,晶片封測服務,2449,京元電子,2023,3,income_statement,綜合損益總額歸屬於母公司業主,5405051,"5,405,051",sii,https://mopsov.twse.com.tw/mops/web/ajax_t163sb04
上游,晶片封測服務,2449,京元電子,2023,3,income_statement,綜合損益總額歸屬於共同控制下前手權益,,--,sii,https://mopsov.twse.com.tw/mops/web/ajax_t163sb04
上游,晶片封測服務,2449,京元電子,2023,3,income_statement,綜合損益總額歸屬於非控制權益,159810,"159,810",sii,https://mopsov.twse.com.tw/mops/web/ajax_t163sb04
上游,晶片封測服務,2449,京元電子,2023,3,income_statement,基本每股盈餘（元）,3.49,3.49,sii,https://mopsov.twse.com.tw/mops/web/ajax_t163sb04
上游,晶片封測服務,3711,日月光投控,2023,3,income_statement,營業收入,421333270,"421,333,270",sii,https://mopsov.twse.com.tw/mops/web/ajax_t163sb04
上游,晶片封測服務,3711,日月光投控,2023,3,income_statement,營業成本,355337462,"355,337,462",sii,https://mopsov.twse.com.tw/mops/web/ajax_t163sb04
上游,晶片封測服務,3711,日月光投控,2023,3,income_statement,原始認列生物資產及農產品之利益（損失）,,--,sii,https://mopsov.twse.com.tw/mops/web/ajax_t163sb04
上游,晶片封測服務,3711,日月光投控,2023,3,income_statement,生物資產當期公允價值減出售成本之變動利益（損失）,,--,sii,https://mopsov.twse.com.tw/mops/web/ajax_t163sb04
上游,晶片封測服務,3711,日月光投控,2023,3,income_statement,營業毛利（毛損）,65995808,"65,995,808",sii,https://mopsov.twse.com.tw/mops/web/ajax_t163sb04
上游,晶片封測服務,3711,日月光投控,2023,3,income_statement,未實現銷貨（損）益,,--,sii,https://mopsov.twse.com.tw/mops/web/ajax_t163sb04
上游,晶片封測服務,3711,日月光投控,2023,3,income_statement,已實現銷貨（損）益,,--,sii,https://mopsov.twse.com.tw/mops/web/ajax_t163sb04
上游,晶片封測服務,3711,日月光投控,2023,3,income_statement,營業毛利（毛損）淨額,65995808,"65,995,808",sii,https://mopsov.twse.com.tw/mops/web/ajax_t163sb04
上游,晶片封測服務,3711,日月光投控,2023,3,income_statement,營業費用,37482725,"37,482,725",sii,https://mopsov.twse.com.tw/mops/web/ajax_t163sb04
上游,晶片封測服務,3711,日月光投控,2023,3,income_statement,其他收益及費損淨額,,--,sii,https://mopsov.twse.com.tw/mops/web/ajax_t163sb04
上游,晶片封測服務,3711,日月光投控,2023,3,income_statement,營業利益（損失）,28513083,"28,513,083",sii,https://mopsov.twse.com.tw/mops/web/ajax_t163sb04
上游,晶片封測服務,3711,日月光投控,2023,3,income_statement,營業外收入及支出,1720049,"1,720,049",sii,https://mopsov.twse.com.tw/mops/web/ajax_t163sb04
上游,晶片封測服務,3711,日月光投控,2023,3,income_statement,稅前淨利（淨損）,30233132,"30,233,132",sii,https://mopsov.twse.com.tw/mops/web/ajax_t163sb04
上游,晶片封測服務,3711,日月光投控,2023,3,income_statement,所得稅費用（利益）,6581907,"6,581,907",sii,https://mopsov.twse.com.tw/mops/web/ajax_t163sb04
上游,晶片封測服務,3711,日月光投控,2023,3,income_statement,繼續營業單位本期淨利（淨損）,23651225,"23,651,225",sii,https://mopsov.twse.com.tw/mops/web/ajax_t163sb04
上游,晶片封測服務,3711,日月光投控,2023,3,income_statement,停業單位損益,,--,sii,https://mopsov.twse.com.tw/mops/web/ajax_t163sb04
上游,晶片封測服務,3711,日月光投控,2023,3,income_statement,合併前非屬共同控制股權損益,,--,sii,https://mopsov.twse.com.tw/mops/web/ajax_t163sb04
上游,晶片封測服務,3711,日月光投控,2023,3,income_statement,本期淨利（淨損）,23651225,"23,651,225",sii,https://mopsov.twse.com.tw/mops/web/ajax_t163sb04
上游,晶片封測服務,3711,日月光投控,2023,3,income_statement,其他綜合損益（淨額）,9258880,"9,258,880",sii,https://mopsov.twse.com.tw/mops/web/ajax_t163sb04
上游,晶片封測服務,3711,日月光投控,2023,3,income_statement,合併前非屬共同控制股權綜合損益淨額,,--,sii,https://mopsov.twse.com.tw/mops/web/ajax_t163sb04
上游,晶片封測服務,3711,日月光投控,2023,3,income_statement,本期綜合損益總額,32910105,"32,910,105",sii,https://mopsov.twse.com.tw/mops/web/ajax_t163sb04
上游,晶片封測服務,3711,日月光投控,2023,3,income_statement,淨利（淨損）歸屬於母公司業主,22333430,"22,333,430",sii,https://mopsov.twse.com.tw/mops/web/ajax_t163sb04
上游,晶片封測服務,3711,日月光投控,2023,3,income_statement,淨利（淨損）歸屬於共同控制下前手權益,,--,sii,https://mopsov.twse.com.tw/mops/web/ajax_t163sb04
上游,晶片封測服務,3711,日月光投控,2023,3,income_statement,淨利（淨損）歸屬於非控制權益,1317795,"1,317,795",sii,https://mopsov.twse.com.tw/mops/web/ajax_t163sb04
上游,晶片封測服務,3711,日月光投控,2023,3,income_statement,綜合損益總額歸屬於母公司業主,31160507,"31,160,507",sii,https://mopsov.twse.com.tw/mops/web/ajax_t163sb04
上游,晶片封測服務,3711,日月光投控,2023,3,income_statement,綜合損益總額歸屬於共同控制下前手權益,,--,sii,https://mopsov.twse.com.tw/mops/web/ajax_t163sb04
上游,晶片封測服務,3711,日月光投控,2023,3,income_statement,綜合損益總額歸屬於非控制權益,1749598,"1,749,598",sii,https://mopsov.twse.com.tw/mops/web/ajax_t163sb04
上游,晶片封測服務,3711,日月光投控,2023,3,income_statement,基本每股盈餘（元）,5.2,5.20,sii,https://mopsov.twse.com.tw/mops/web/ajax_t163sb04
上游,晶片封測服務,2449,京元電子,2023,3,balance_sheet,流動資產,21051484,"21,051,484",sii,https://mopsov.twse.com.tw/mops/web/ajax_t163sb05
上游,晶片封測服務,2449,京元電子,2023,3,balance_sheet,非流動資產,52433771,"52,433,771",sii,https://mopsov.twse.com.tw/mops/web/ajax_t163sb05
上游,晶片封測服務,2449,京元電子,2023,3,balance_sheet,資產總計,73485255,"73,485,255",sii,https://mopsov.twse.com.tw/mops/web/ajax_t163sb05
上游,晶片封測服務,2449,京元電子,2023,3,balance_sheet,流動負債,7760373,"7,760,373",sii,https://mopsov.twse.com.tw/mops/web/ajax_t163sb05
上游,晶片封測服務,2449,京元電子,2023,3,balance_sheet,非流動負債,27327558,"27,327,558",sii,https://mopsov.twse.com.tw/mops/web/ajax_t163sb05
上游,晶片封測服務,2449,京元電子,2023,3,balance_sheet,負債總計,35087931,"35,087,931",sii,https://mopsov.twse.com.tw/mops/web/ajax_t163sb05
上游,晶片封測服務,2449,京元電子,2023,3,balance_sheet,股本,12227451,"12,227,451",sii,https://mopsov.twse.com.tw/mops/web/ajax_t163sb05
上游,晶片封測服務,2449,京元電子,2023,3,balance_sheet,權益─具證券性質之虛擬通貨,,--,sii,https://mopsov.twse.com.tw/mops/web/ajax_t163sb05
上游,晶片封測服務,2449,京元電子,2023,3,balance_sheet,資本公積,5005800,"5,005,800",sii,https://mopsov.twse.com.tw/mops/web/ajax_t163sb05
上游,晶片封測服務,2449,京元電子,2023,3,balance_sheet,保留盈餘,16923368,"16,923,368",sii,https://mopsov.twse.com.tw/mops/web/ajax_t163sb05
上游,晶片封測服務,2449,京元電子,2023,3,balance_sheet,其他權益,3110743,"3,110,743",sii,https://mopsov.twse.com.tw/mops/web/ajax_t163sb05
上游,晶片封測服務,2449,京元電子,2023,3,balance_sheet,庫藏股票,,--,sii,https://mopsov.twse.com.tw/mops/web/ajax_t163sb05
上游,晶片封測服務,2449,京元電子,2023,3,balance_sheet,歸屬於母公司業主之權益合計,37267362,"37,267,362",sii,https://mopsov.twse.com.tw/mops/web/ajax_t163sb05
上游,晶片封測服務,2449,京元電子,2023,3,balance_sheet,共同控制下前手權益,,--,sii,https://mopsov.twse.com.tw/mops/web/ajax_t163sb05
上游,晶片封測服務,2449,京元電子,2023,3,balance_sheet,合併前非屬共同控制股權,,--,sii,https://mopsov.twse.com.tw/mops/web/ajax_t163sb05
上游,晶片封測服務,2449,京元電子,2023,3,balance_sheet,非控制權益,1129962,"1,129,962",sii,https://mopsov.twse.com.tw/mops/web/ajax_t163sb05
上游,晶片封測服務,2449,京元電子,2023,3,balance_sheet,權益總計,38397324,"38,397,324",sii,https://mopsov.twse.com.tw/mops/web/ajax_t163sb05
上游,晶片封測服務,2449,京元電子,2023,3,balance_sheet,待註銷股本股數（單位：股）,,--,sii,https://mopsov.twse.com.tw/mops/web/ajax_t163sb05
上游,晶片封測服務,2449,京元電子,2023,3,balance_sheet,預收股款（權益項下）之約當發行股數（單位：股）,0,0,sii,https://mopsov.twse.com.tw/mops/web/ajax_t163sb05
上游,晶片封測服務,2449,京元電子,2023,3,balance_sheet,母公司暨子公司所持有之母公司庫藏股股數（單位：股）,0,0,sii,https://mopsov.twse.com.tw/mops/web/ajax_t163sb05
上游,晶片封測服務,2449,京元電子,2023,3,balance_sheet,每股參考淨值,30.48,30.48,sii,https://mopsov.twse.com.tw/mops/web/ajax_t163sb05
上游,晶片封測服務,3711,日月光投控,2023,3,balance_sheet,流動資產,292688852,"292,688,852",sii,https://mopsov.twse.com.tw/mops/web/ajax_t163sb05
上游,晶片封測服務,3711,日月光投控,2023,3,balance_sheet,非流動資產,408395196,"408,395,196",sii,https://mopsov.twse.com.tw/mops/web/ajax_t163sb05
上游,晶片封測服務,3711,日月光投控,2023,3,balance_sheet,資產總計,701084048,"701,084,048",sii,https://mopsov.twse.com.tw/mops/web/ajax_t163sb05
上游,晶片封測服務,3711,日月光投控,2023,3,balance_sheet,流動負債,241510865,"241,510,865",sii,https://mopsov.twse.com.tw/mops/web/ajax_t163sb05
上游,晶片封測服務,3711,日月光投控,2023,3,balance_sheet,非流動負債,143937445,"143,937,445",sii,https://mopsov.twse.com.tw/mops/web/ajax_t163sb05
上游,晶片封測服務,3711,日月光投控,2023,3,balance_sheet,負債總計,385448310,"385,448,310",sii,https://mopsov.twse.com.tw/mops/web/ajax_t163sb05
上游,晶片封測服務,3711,日月光投控,2023,3,balance_sheet,股本,43805062,"43,805,062",sii,https://mopsov.twse.com.tw/mops/web/ajax_t163sb05
上游,晶片封測服務,3711,日月光投控,2023,3,balance_sheet,權益─具證券性質之虛擬通貨,,--,sii,https://mopsov.twse.com.tw/mops/web/ajax_t163sb05
上游,晶片封測服務,3711,日月光投控,2023,3,balance_sheet,資本公積,143798838,"143,798,838",sii,https://mopsov.twse.com.tw/mops/web/ajax_t163sb05
上游,晶片封測服務,3711,日月光投控,2023,3,balance_sheet,保留盈餘,105036237,"105,036,237",sii,https://mopsov.twse.com.tw/mops/web/ajax_t163sb05
上游,晶片封測服務,3711,日月光投控,2023,3,balance_sheet,其他權益,4929601,"4,929,601",sii,https://mopsov.twse.com.tw/mops/web/ajax_t163sb05
上游,晶片封測服務,3711,日月光投控,2023,3,balance_sheet,庫藏股票,-1959107,"-1,959,107",sii,https://mopsov.twse.com.tw/mops/web/ajax_t163sb05
上游,晶片封測服務,3711,日月光投控,2023,3,balance_sheet,歸屬於母公司業主之權益合計,295610631,"295,610,631",sii,https://mopsov.twse.com.tw/mops/web/ajax_t163sb05
上游,晶片封測服務,3711,日月光投控,2023,3,balance_sheet,共同控制下前手權益,,--,sii,https://mopsov.twse.com.tw/mops/web/ajax_t163sb05
上游,晶片封測服務,3711,日月光投控,2023,3,balance_sheet,合併前非屬共同控制股權,,--,sii,https://mopsov.twse.com.tw/mops/web/ajax_t163sb05
上游,晶片封測服務,3711,日月光投控,2023,3,balance_sheet,非控制權益,20025107,"20,025,107",sii,https://mopsov.twse.com.tw/mops/web/ajax_t163sb05
上游,晶片封測服務,3711,日月光投控,2023,3,balance_sheet,權益總計,315635738,"315,635,738",sii,https://mopsov.twse.com.tw/mops/web/ajax_t163sb05
上游,晶片封測服務,3711,日月光投控,2023,3,balance_sheet,待註銷股本股數（單位：股）,,--,sii,https://mopsov.twse.com.tw/mops/web/ajax_t163sb05
上游,晶片封測服務,3711,日月光投控,2023,3,balance_sheet,預收股款（權益項下）之約當發行股數（單位：股）,4145400,"4,145,400",sii,https://mopsov.twse.com.tw/mops/web/ajax_t163sb05
上游,晶片封測服務,3711,日月光投控,2023,3,balance_sheet,母公司暨子公司所持有之母公司庫藏股股數（單位：股）,72941505,"72,941,505",sii,https://mopsov.twse.com.tw/mops/web/ajax_t163sb05
上游,晶片封測服務,3711,日月光投控,2023,3,balance_sheet,每股參考淨值,68.63,68.63,sii,https://mopsov.twse.com.tw/mops/web/ajax_t163sb05
上游,晶片封測服務,2449,京元電子,2023,3,cash_flow,營業活動之淨現金流入（流出）,10647626,"10,647,626",sii,https://mopsov.twse.com.tw/mops/web/ajax_t163sb20
上游,晶片封測服務,2449,京元電子,2023,3,cash_flow,投資活動之淨現金流入（流出）,-6126964,"-6,126,964",sii,https://mopsov.twse.com.tw/mops/web/ajax_t163sb20
上游,晶片封測服務,2449,京元電子,2023,3,cash_flow,籌資活動之淨現金流入（流出）,-6482502,"-6,482,502",sii,https://mopsov.twse.com.tw/mops/web/ajax_t163sb20
上游,晶片封測服務,2449,京元電子,2023,3,cash_flow,匯率變動對現金及約當現金之影響,21832,"21,832",sii,https://mopsov.twse.com.tw/mops/web/ajax_t163sb20
上游,晶片封測服務,2449,京元電子,2023,3,cash_flow,本期現金及約當現金增加（減少）數,-1940008,"-1,940,008",sii,https://mopsov.twse.com.tw/mops/web/ajax_t163sb20
上游,晶片封測服務,2449,京元電子,2023,3,cash_flow,期初現金及約當現金餘額,12816115,"12,816,115",sii,https://mopsov.twse.com.tw/mops/web/ajax_t163sb20
上游,晶片封測服務,2449,京元電子,2023,3,cash_flow,期末現金及約當現金餘額,10876107,"10,876,107",sii,https://mopsov.twse.com.tw/mops/web/ajax_t163sb20
上游,晶片封測服務,3711,日月光投控,2023,3,cash_flow,營業活動之淨現金流入（流出）,67594394,"67,594,394",sii,https://mopsov.twse.com.tw/mops/web/ajax_t163sb20
上游,晶片封測服務,3711,日月光投控,2023,3,cash_flow,投資活動之淨現金流入（流出）,-43844979,"-43,844,979",sii,https://mopsov.twse.com.tw/mops/web/ajax_t163sb20
上游,晶片封測服務,3711,日月光投控,2023,3,cash_flow,籌資活動之淨現金流入（流出）,-25194099,"-25,194,099",sii,https://mopsov.twse.com.tw/mops/web/ajax_t163sb20
上游,晶片封測服務,3711,日月光投控,2023,3,cash_flow,匯率變動對現金及約當現金之影響,6478159,"6,478,159",sii,https://mopsov.twse.com.tw/mops/web/ajax_t163sb20
上游,晶片封測服務,3711,日月光投控,2023,3,cash_flow,本期現金及約當現金增加（減少）數,5033475,"5,033,475",sii,https://mopsov.twse.com.tw/mops/web/ajax_t163sb20
上游,晶片封測服務,3711,日月光投控,2023,3,cash_flow,期初現金及約當現金餘額,58040394,"58,040,394",sii,https://mopsov.twse.com.tw/mops/web/ajax_t163sb20
上游,晶片封測服務,3711,日月光投控,2023,3,cash_flow,期末現金及約當現金餘額,63073869,"63,073,869",sii,https://mopsov.twse.com.tw/mops/web/ajax_t163sb20
上游,晶片封測服務,2449,京元電子,2023,4,income_statement,營業收入,33025307,"33,025,307",sii,https://mopsov.twse.com.tw/mops/web/ajax_t163sb04
上游,晶片封測服務,2449,京元電子,2023,4,income_statement,營業成本,21883515,"21,883,515",sii,https://mopsov.twse.com.tw/mops/web/ajax_t163sb04
上游,晶片封測服務,2449,京元電子,2023,4,income_statement,原始認列生物資產及農產品之利益（損失）,,--,sii,https://mopsov.twse.com.tw/mops/web/ajax_t163sb04
上游,晶片封測服務,2449,京元電子,2023,4,income_statement,生物資產當期公允價值減出售成本之變動利益（損失）,,--,sii,https://mopsov.twse.com.tw/mops/web/ajax_t163sb04
上游,晶片封測服務,2449,京元電子,2023,4,income_statement,營業毛利（毛損）,11141792,"11,141,792",sii,https://mopsov.twse.com.tw/mops/web/ajax_t163sb04
上游,晶片封測服務,2449,京元電子,2023,4,income_statement,未實現銷貨（損）益,,--,sii,https://mopsov.twse.com.tw/mops/web/ajax_t163sb04
上游,晶片封測服務,2449,京元電子,2023,4,income_statement,已實現銷貨（損）益,,--,sii,https://mopsov.twse.com.tw/mops/web/ajax_t163sb04
上游,晶片封測服務,2449,京元電子,2023,4,income_statement,營業毛利（毛損）淨額,11141792,"11,141,792",sii,https://mopsov.twse.com.tw/mops/web/ajax_t163sb04
上游,晶片封測服務,2449,京元電子,2023,4,income_statement,營業費用,3778263,"3,778,263",sii,https://mopsov.twse.com.tw/mops/web/ajax_t163sb04
上游,晶片封測服務,2449,京元電子,2023,4,income_statement,其他收益及費損淨額,,--,sii,https://mopsov.twse.com.tw/mops/web/ajax_t163sb04
上游,晶片封測服務,2449,京元電子,2023,4,income_statement,營業利益（損失）,7363529,"7,363,529",sii,https://mopsov.twse.com.tw/mops/web/ajax_t163sb04
上游,晶片封測服務,2449,京元電子,2023,4,income_statement,營業外收入及支出,120390,"120,390",sii,https://mopsov.twse.com.tw/mops/web/ajax_t163sb04
上游,晶片封測服務,2449,京元電子,2023,4,income_statement,稅前淨利（淨損）,7483919,"7,483,919",sii,https://mopsov.twse.com.tw/mops/web/ajax_t163sb04
上游,晶片封測服務,2449,京元電子,2023,4,income_statement,所得稅費用（利益）,1467549,"1,467,549",sii,https://mopsov.twse.com.tw/mops/web/ajax_t163sb04
上游,晶片封測服務,2449,京元電子,2023,4,income_statement,繼續營業單位本期淨利（淨損）,6016370,"6,016,370",sii,https://mopsov.twse.com.tw/mops/web/ajax_t163sb04
上游,晶片封測服務,2449,京元電子,2023,4,income_statement,停業單位損益,,--,sii,https://mopsov.twse.com.tw/mops/web/ajax_t163sb04
上游,晶片封測服務,2449,京元電子,2023,4,income_statement,合併前非屬共同控制股權損益,,--,sii,https://mopsov.twse.com.tw/mops/web/ajax_t163sb04
上游,晶片封測服務,2449,京元電子,2023,4,income_statement,本期淨利（淨損）,6016370,"6,016,370",sii,https://mopsov.twse.com.tw/mops/web/ajax_t163sb04
上游,晶片封測服務,2449,京元電子,2023,4,income_statement,其他綜合損益（淨額）,1233125,"1,233,125",sii,https://mopsov.twse.com.tw/mops/web/ajax_t163sb04
上游,晶片封測服務,2449,京元電子,2023,4,income_statement,合併前非屬共同控制股權綜合損益淨額,,--,sii,https://mopsov.twse.com.tw/mops/web/ajax_t163sb04
上游,晶片封測服務,2449,京元電子,2023,4,income_statement,本期綜合損益總額,7249495,"7,249,495",sii,https://mopsov.twse.com.tw/mops/web/ajax_t163sb04
上游,晶片封測服務,2449,京元電子,2023,4,income_statement,淨利（淨損）歸屬於母公司業主,5840365,"5,840,365",sii,https://mopsov.twse.com.tw/mops/web/ajax_t163sb04
上游,晶片封測服務,2449,京元電子,2023,4,income_statement,淨利（淨損）歸屬於共同控制下前手權益,,--,sii,https://mopsov.twse.com.tw/mops/web/ajax_t163sb04
上游,晶片封測服務,2449,京元電子,2023,4,income_statement,淨利（淨損）歸屬於非控制權益,176005,"176,005",sii,https://mopsov.twse.com.tw/mops/web/ajax_t163sb04
上游,晶片封測服務,2449,京元電子,2023,4,income_statement,綜合損益總額歸屬於母公司業主,7090917,"7,090,917",sii,https://mopsov.twse.com.tw/mops/web/ajax_t163sb04
上游,晶片封測服務,2449,京元電子,2023,4,income_statement,綜合損益總額歸屬於共同控制下前手權益,,--,sii,https://mopsov.twse.com.tw/mops/web/ajax_t163sb04
上游,晶片封測服務,2449,京元電子,2023,4,income_statement,綜合損益總額歸屬於非控制權益,158578,"158,578",sii,https://mopsov.twse.com.tw/mops/web/ajax_t163sb04
上游,晶片封測服務,2449,京元電子,2023,4,income_statement,基本每股盈餘（元）,4.78,4.78,sii,https://mopsov.twse.com.tw/mops/web/ajax_t163sb04
上游,晶片封測服務,3711,日月光投控,2023,4,income_statement,營業收入,581914471,"581,914,471",sii,https://mopsov.twse.com.tw/mops/web/ajax_t163sb04
上游,晶片封測服務,3711,日月光投控,2023,4,income_statement,營業成本,490157339,"490,157,339",sii,https://mopsov.twse.com.tw/mops/web/ajax_t163sb04
上游,晶片封測服務,3711,日月光投控,2023,4,income_statement,原始認列生物資產及農產品之利益（損失）,,--,sii,https://mopsov.twse.com.tw/mops/web/ajax_t163sb04
上游,晶片封測服務,3711,日月光投控,2023,4,income_statement,生物資產當期公允價值減出售成本之變動利益（損失）,,--,sii,https://mopsov.twse.com.tw/mops/web/ajax_t163sb04
上游,晶片封測服務,3711,日月光投控,2023,4,income_statement,營業毛利（毛損）,91757132,"91,757,132",sii,https://mopsov.twse.com.tw/mops/web/ajax_t163sb04
上游,晶片封測服務,3711,日月光投控,2023,4,income_statement,未實現銷貨（損）益,,--,sii,https://mopsov.twse.com.tw/mops/web/ajax_t163sb04
上游,晶片封測服務,3711,日月光投控,2023,4,income_statement,已實現銷貨（損）益,,--,sii,https://mopsov.twse.com.tw/mops/web/ajax_t163sb04
上游,晶片封測服務,3711,日月光投控,2023,4,income_statement,營業毛利（毛損）淨額,91757132,"91,757,132",sii,https://mopsov.twse.com.tw/mops/web/ajax_t163sb04
上游,晶片封測服務,3711,日月光投控,2023,4,income_statement,營業費用,51429425,"51,429,425",sii,https://mopsov.twse.com.tw/mops/web/ajax_t163sb04
上游,晶片封測服務,3711,日月光投控,2023,4,income_statement,其他收益及費損淨額,,--,sii,https://mopsov.twse.com.tw/mops/web/ajax_t163sb04
上游,晶片封測服務,3711,日月光投控,2023,4,income_statement,營業利益（損失）,40327707,"40,327,707",sii,https://mopsov.twse.com.tw/mops/web/ajax_t163sb04
上游,晶片封測服務,3711,日月光投控,2023,4,income_statement,營業外收入及支出,2272642,"2,272,642",sii,https://mopsov.twse.com.tw/mops/web/ajax_t163sb04
上游,晶片封測服務,3711,日月光投控,2023,4,income_statement,稅前淨利（淨損）,42600349,"42,600,349",sii,https://mopsov.twse.com.tw/mops/web/ajax_t163sb04
上游,晶片封測服務,3711,日月光投控,2023,4,income_statement,所得稅費用（利益）,9042952,"9,042,952",sii,https://mopsov.twse.com.tw/mops/web/ajax_t163sb04
上游,晶片封測服務,3711,日月光投控,2023,4,income_statement,繼續營業單位本期淨利（淨損）,33557397,"33,557,397",sii,https://mopsov.twse.com.tw/mops/web/ajax_t163sb04
上游,晶片封測服務,3711,日月光投控,2023,4,income_statement,停業單位損益,,--,sii,https://mopsov.twse.com.tw/mops/web/ajax_t163sb04
上游,晶片封測服務,3711,日月光投控,2023,4,income_statement,合併前非屬共同控制股權損益,,--,sii,https://mopsov.twse.com.tw/mops/web/ajax_t163sb04
上游,晶片封測服務,3711,日月光投控,2023,4,income_statement,本期淨利（淨損）,33557397,"33,557,397",sii,https://mopsov.twse.com.tw/mops/web/ajax_t163sb04
上游,晶片封測服務,3711,日月光投控,2023,4,income_statement,其他綜合損益（淨額）,854565,"854,565",sii,https://mopsov.twse.com.tw/mops/web/ajax_t163sb04
上游,晶片封測服務,3711,日月光投控,2023,4,income_statement,合併前非屬共同控制股權綜合損益淨額,,--,sii,https://mopsov.twse.com.tw/mops/web/ajax_t163sb04
上游,晶片封測服務,3711,日月光投控,2023,4,income_statement,本期綜合損益總額,34411962,"34,411,962",sii,https://mopsov.twse.com.tw/mops/web/ajax_t163sb04
上游,晶片封測服務,3711,日月光投控,2023,4,income_statement,淨利（淨損）歸屬於母公司業主,31725403,"31,725,403",sii,https://mopsov.twse.com.tw/mops/web/ajax_t163sb04
上游,晶片封測服務,3711,日月光投控,2023,4,income_statement,淨利（淨損）歸屬於共同控制下前手權益,,--,sii,https://mopsov.twse.com.tw/mops/web/ajax_t163sb04
上游,晶片封測服務,3711,日月光投控,2023,4,income_statement,淨利（淨損）歸屬於非控制權益,1831994,"1,831,994",sii,https://mopsov.twse.com.tw/mops/web/ajax_t163sb04
上游,晶片封測服務,3711,日月光投控,2023,4,income_statement,綜合損益總額歸屬於母公司業主,32693288,"32,693,288",sii,https://mopsov.twse.com.tw/mops/web/ajax_t163sb04
上游,晶片封測服務,3711,日月光投控,2023,4,income_statement,綜合損益總額歸屬於共同控制下前手權益,,--,sii,https://mopsov.twse.com.tw/mops/web/ajax_t163sb04
上游,晶片封測服務,3711,日月光投控,2023,4,income_statement,綜合損益總額歸屬於非控制權益,1718674,"1,718,674",sii,https://mopsov.twse.com.tw/mops/web/ajax_t163sb04
上游,晶片封測服務,3711,日月光投控,2023,4,income_statement,基本每股盈餘（元）,7.39,7.39,sii,https://mopsov.twse.com.tw/mops/web/ajax_t163sb04
上游,晶片封測服務,2449,京元電子,2023,4,balance_sheet,流動資產,22041056,"22,041,056",sii,https://mopsov.twse.com.tw/mops/web/ajax_t163sb05
上游,晶片封測服務,2449,京元電子,2023,4,balance_sheet,非流動資產,51870177,"51,870,177",sii,https://mopsov.twse.com.tw/mops/web/ajax_t163sb05
上游,晶片封測服務,2449,京元電子,2023,4,balance_sheet,資產總計,73911233,"73,911,233",sii,https://mopsov.twse.com.tw/mops/web/ajax_t163sb05
上游,晶片封測服務,2449,京元電子,2023,4,balance_sheet,流動負債,7747992,"7,747,992",sii,https://mopsov.twse.com.tw/mops/web/ajax_t163sb05
上游,晶片封測服務,2449,京元電子,2023,4,balance_sheet,非流動負債,26136691,"26,136,691",sii,https://mopsov.twse.com.tw/mops/web/ajax_t163sb05
上游,晶片封測服務,2449,京元電子,2023,4,balance_sheet,負債總計,33884683,"33,884,683",sii,https://mopsov.twse.com.tw/mops/web/ajax_t163sb05
上游,晶片封測服務,2449,京元電子,2023,4,balance_sheet,股本,12227451,"12,227,451",sii,https://mopsov.twse.com.tw/mops/web/ajax_t163sb05
上游,晶片封測服務,2449,京元電子,2023,4,balance_sheet,權益─具證券性質之虛擬通貨,,--,sii,https://mopsov.twse.com.tw/mops/web/ajax_t163sb05
上游,晶片封測服務,2449,京元電子,2023,4,balance_sheet,資本公積,4955581,"4,955,581",sii,https://mopsov.twse.com.tw/mops/web/ajax_t163sb05
上游,晶片封測服務,2449,京元電子,2023,4,balance_sheet,保留盈餘,18512446,"18,512,446",sii,https://mopsov.twse.com.tw/mops/web/ajax_t163sb05
上游,晶片封測服務,2449,京元電子,2023,4,balance_sheet,其他權益,3207531,"3,207,531",sii,https://mopsov.twse.com.tw/mops/web/ajax_t163sb05
上游,晶片封測服務,2449,京元電子,2023,4,balance_sheet,庫藏股票,,--,sii,https://mopsov.twse.com.tw/mops/web/ajax_t163sb05
上游,晶片封測服務,2449,京元電子,2023,4,balance_sheet,歸屬於母公司業主之權益合計,38903009,"38,903,009",sii,https://mopsov.twse.com.tw/mops/web/ajax_t163sb05
上游,晶片封測服務,2449,京元電子,2023,4,balance_sheet,共同控制下前手權益,,--,sii,https://mopsov.twse.com.tw/mops/web/ajax_t163sb05
上游,晶片封測服務,2449,京元電子,2023,4,balance_sheet,合併前非屬共同控制股權,,--,sii,https://mopsov.twse.com.tw/mops/web/ajax_t163sb05
上游,晶片封測服務,2449,京元電子,2023,4,balance_sheet,非控制權益,1123541,"1,123,541",sii,https://mopsov.twse.com.tw/mops/web/ajax_t163sb05
上游,晶片封測服務,2449,京元電子,2023,4,balance_sheet,權益總計,40026550,"40,026,550",sii,https://mopsov.twse.com.tw/mops/web/ajax_t163sb05
上游,晶片封測服務,2449,京元電子,2023,4,balance_sheet,待註銷股本股數（單位：股）,,--,sii,https://mopsov.twse.com.tw/mops/web/ajax_t163sb05
上游,晶片封測服務,2449,京元電子,2023,4,balance_sheet,預收股款（權益項下）之約當發行股數（單位：股）,0,0,sii,https://mopsov.twse.com.tw/mops/web/ajax_t163sb05
上游,晶片封測服務,2449,京元電子,2023,4,balance_sheet,母公司暨子公司所持有之母公司庫藏股股數（單位：股）,0,0,sii,https://mopsov.twse.com.tw/mops/web/ajax_t163sb05
上游,晶片封測服務,2449,京元電子,2023,4,balance_sheet,每股參考淨值,31.82,31.82,sii,https://mopsov.twse.com.tw/mops/web/ajax_t163sb05
上游,晶片封測服務,3711,日月光投控,2023,4,balance_sheet,流動資產,261347505,"261,347,505",sii,https://mopsov.twse.com.tw/mops/web/ajax_t163sb05
上游,晶片封測服務,3711,日月光投控,2023,4,balance_sheet,非流動資產,405227899,"405,227,899",sii,https://mopsov.twse.com.tw/mops/web/ajax_t163sb05
上游,晶片封測服務,3711,日月光投控,2023,4,balance_sheet,資產總計,666575404,"666,575,404",sii,https://mopsov.twse.com.tw/mops/web/ajax_t163sb05
上游,晶片封測服務,3711,日月光投控,2023,4,balance_sheet,流動負債,222348448,"222,348,448",sii,https://mopsov.twse.com.tw/mops/web/ajax_t163sb05
上游,晶片封測服務,3711,日月光投控,2023,4,balance_sheet,非流動負債,126117235,"126,117,235",sii,https://mopsov.twse.com.tw/mops/web/ajax_t163sb05
上游,晶片封測服務,3711,日月光投控,2023,4,balance_sheet,負債總計,348465683,"348,465,683",sii,https://mopsov.twse.com.tw/mops/web/ajax_t163sb05
上游,晶片封測服務,3711,日月光投控,2023,4,balance_sheet,股本,43854498,"43,854,498",sii,https://mopsov.twse.com.tw/mops/web/ajax_t163sb05
上游,晶片封測服務,3711,日月光投控,2023,4,balance_sheet,權益─具證券性質之虛擬通貨,,--,sii,https://mopsov.twse.com.tw/mops/web/ajax_t163sb05
上游,晶片封測服務,3711,日月光投控,2023,4,balance_sheet,資本公積,144407128,"144,407,128",sii,https://mopsov.twse.com.tw/mops/web/ajax_t163sb05
上游,晶片封測服務,3711,日月光投控,2023,4,balance_sheet,保留盈餘,114117870,"114,117,870",sii,https://mopsov.twse.com.tw/mops/web/ajax_t163sb05
上游,晶片封測服務,3711,日月光投控,2023,4,balance_sheet,其他權益,-2594948,"-2,594,948",sii,https://mopsov.twse.com.tw/mops/web/ajax_t163sb05
上游,晶片封測服務,3711,日月光投控,2023,4,balance_sheet,庫藏股票,-1959107,"-1,959,107",sii,https://mopsov.twse.com.tw/mops/web/ajax_t163sb05
上游,晶片封測服務,3711,日月光投控,2023,4,balance_sheet,歸屬於母公司業主之權益合計,297825441,"297,825,441",sii,https://mopsov.twse.com.tw/mops/web/ajax_t163sb05
上游,晶片封測服務,3711,日月光投控,2023,4,balance_sheet,共同控制下前手權益,,--,sii,https://mopsov.twse.com.tw/mops/web/ajax_t163sb05
上游,晶片封測服務,3711,日月光投控,2023,4,balance_sheet,合併前非屬共同控制股權,,--,sii,https://mopsov.twse.com.tw/mops/web/ajax_t163sb05
上游,晶片封測服務,3711,日月光投控,2023,4,balance_sheet,非控制權益,20284280,"20,284,280",sii,https://mopsov.twse.com.tw/mops/web/ajax_t163sb05
上游,晶片封測服務,3711,日月光投控,2023,4,balance_sheet,權益總計,318109721,"318,109,721",sii,https://mopsov.twse.com.tw/mops/web/ajax_t163sb05
上游,晶片封測服務,3711,日月光投控,2023,4,balance_sheet,待註銷股本股數（單位：股）,,--,sii,https://mopsov.twse.com.tw/mops/web/ajax_t163sb05
上游,晶片封測服務,3711,日月光投控,2023,4,balance_sheet,預收股款（權益項下）之約當發行股數（單位：股）,5265650,"5,265,650",sii,https://mopsov.twse.com.tw/mops/web/ajax_t163sb05
上游,晶片封測服務,3711,日月光投控,2023,4,balance_sheet,母公司暨子公司所持有之母公司庫藏股股數（單位：股）,72941505,"72,941,505",sii,https://mopsov.twse.com.tw/mops/web/ajax_t163sb05
上游,晶片封測服務,3711,日月光投控,2023,4,balance_sheet,每股參考淨值,69.06,69.06,sii,https://mopsov.twse.com.tw/mops/web/ajax_t163sb05
上游,晶片封測服務,2449,京元電子,2023,4,cash_flow,營業活動之淨現金流入（流出）,14260331,"14,260,331",sii,https://mopsov.twse.com.tw/mops/web/ajax_t163sb20
上游,晶片封測服務,2449,京元電子,2023,4,cash_flow,投資活動之淨現金流入（流出）,-7273179,"-7,273,179",sii,https://mopsov.twse.com.tw/mops/web/ajax_t163sb20
上游,晶片封測服務,2449,京元電子,2023,4,cash_flow,籌資活動之淨現金流入（流出）,-7495021,"-7,495,021",sii,https://mopsov.twse.com.tw/mops/web/ajax_t163sb20
上游,晶片封測服務,2449,京元電子,2023,4,cash_flow,匯率變動對現金及約當現金之影響,-45692,"-45,692",sii,https://mopsov.twse.com.tw/mops/web/ajax_t163sb20
上游,晶片封測服務,2449,京元電子,2023,4,cash_flow,本期現金及約當現金增加（減少）數,-553561,"-553,561",sii,https://mopsov.twse.com.tw/mops/web/ajax_t163sb20
上游,晶片封測服務,2449,京元電子,2023,4,cash_flow,期初現金及約當現金餘額,12816115,"12,816,115",sii,https://mopsov.twse.com.tw/mops/web/ajax_t163sb20
上游,晶片封測服務,2449,京元電子,2023,4,cash_flow,期末現金及約當現金餘額,12262554,"12,262,554",sii,https://mopsov.twse.com.tw/mops/web/ajax_t163sb20
上游,晶片封測服務,3711,日月光投控,2023,4,cash_flow,營業活動之淨現金流入（流出）,114421849,"114,421,849",sii,https://mopsov.twse.com.tw/mops/web/ajax_t163sb20
上游,晶片封測服務,3711,日月光投控,2023,4,cash_flow,投資活動之淨現金流入（流出）,-55121994,"-55,121,994",sii,https://mopsov.twse.com.tw/mops/web/ajax_t163sb20
上游,晶片封測服務,3711,日月光投控,2023,4,cash_flow,籌資活動之淨現金流入（流出）,-49101039,"-49,101,039",sii,https://mopsov.twse.com.tw/mops/web/ajax_t163sb20
上游,晶片封測服務,3711,日月光投控,2023,4,cash_flow,匯率變動對現金及約當現金之影響,-954692,"-954,692",sii,https://mopsov.twse.com.tw/mops/web/ajax_t163sb20
上游,晶片封測服務,3711,日月光投控,2023,4,cash_flow,本期現金及約當現金增加（減少）數,9244124,"9,244,124",sii,https://mopsov.twse.com.tw/mops/web/ajax_t163sb20
上游,晶片封測服務,3711,日月光投控,2023,4,cash_flow,期初現金及約當現金餘額,58040394,"58,040,394",sii,https://mopsov.twse.com.tw/mops/web/ajax_t163sb20
上游,晶片封測服務,3711,日月光投控,2023,4,cash_flow,期末現金及約當現金餘額,67284518,"67,284,518",sii,https://mopsov.twse.com.tw/mops/web/ajax_t163sb20
上游,晶片封測服務,2449,京元電子,2024,1,income_statement,營業收入,8214718,"8,214,718",sii,https://mopsov.twse.com.tw/mops/web/ajax_t163sb04
上游,晶片封測服務,2449,京元電子,2024,1,income_statement,營業成本,5486622,"5,486,622",sii,https://mopsov.twse.com.tw/mops/web/ajax_t163sb04
上游,晶片封測服務,2449,京元電子,2024,1,income_statement,原始認列生物資產及農產品之利益（損失）,,--,sii,https://mopsov.twse.com.tw/mops/web/ajax_t163sb04
上游,晶片封測服務,2449,京元電子,2024,1,income_statement,生物資產當期公允價值減出售成本之變動利益（損失）,,--,sii,https://mopsov.twse.com.tw/mops/web/ajax_t163sb04
上游,晶片封測服務,2449,京元電子,2024,1,income_statement,營業毛利（毛損）,2728096,"2,728,096",sii,https://mopsov.twse.com.tw/mops/web/ajax_t163sb04
上游,晶片封測服務,2449,京元電子,2024,1,income_statement,未實現銷貨（損）益,,--,sii,https://mopsov.twse.com.tw/mops/web/ajax_t163sb04
上游,晶片封測服務,2449,京元電子,2024,1,income_statement,已實現銷貨（損）益,,--,sii,https://mopsov.twse.com.tw/mops/web/ajax_t163sb04
上游,晶片封測服務,2449,京元電子,2024,1,income_statement,營業毛利（毛損）淨額,2728096,"2,728,096",sii,https://mopsov.twse.com.tw/mops/web/ajax_t163sb04
上游,晶片封測服務,2449,京元電子,2024,1,income_statement,營業費用,968717,"968,717",sii,https://mopsov.twse.com.tw/mops/web/ajax_t163sb04
上游,晶片封測服務,2449,京元電子,2024,1,income_statement,其他收益及費損淨額,,--,sii,https://mopsov.twse.com.tw/mops/web/ajax_t163sb04
上游,晶片封測服務,2449,京元電子,2024,1,income_statement,營業利益（損失）,1759379,"1,759,379",sii,https://mopsov.twse.com.tw/mops/web/ajax_t163sb04
上游,晶片封測服務,2449,京元電子,2024,1,income_statement,營業外收入及支出,42246,"42,246",sii,https://mopsov.twse.com.tw/mops/web/ajax_t163sb04
上游,晶片封測服務,2449,京元電子,2024,1,income_statement,稅前淨利（淨損）,1801625,"1,801,625",sii,https://mopsov.twse.com.tw/mops/web/ajax_t163sb04
上游,晶片封測服務,2449,京元電子,2024,1,income_statement,所得稅費用（利益）,394213,"394,213",sii,https://mopsov.twse.com.tw/mops/web/ajax_t163sb04
上游,晶片封測服務,2449,京元電子,2024,1,income_statement,繼續營業單位本期淨利（淨損）,1407412,"1,407,412",sii,https://mopsov.twse.com.tw/mops/web/ajax_t163sb04
上游,晶片封測服務,2449,京元電子,2024,1,income_statement,停業單位損益,,--,sii,https://mopsov.twse.com.tw/mops/web/ajax_t163sb04
上游,晶片封測服務,2449,京元電子,2024,1,income_statement,合併前非屬共同控制股權損益,,--,sii,https://mopsov.twse.com.tw/mops/web/ajax_t163sb04
上游,晶片封測服務,2449,京元電子,2024,1,income_statement,本期淨利（淨損）,1407412,"1,407,412",sii,https://mopsov.twse.com.tw/mops/web/ajax_t163sb04
上游,晶片封測服務,2449,京元電子,2024,1,income_statement,其他綜合損益（淨額）,686238,"686,238",sii,https://mopsov.twse.com.tw/mops/web/ajax_t163sb04
上游,晶片封測服務,2449,京元電子,2024,1,income_statement,合併前非屬共同控制股權綜合損益淨額,,--,sii,https://mopsov.twse.com.tw/mops/web/ajax_t163sb04
上游,晶片封測服務,2449,京元電子,2024,1,income_statement,本期綜合損益總額,2093650,"2,093,650",sii,https://mopsov.twse.com.tw/mops/web/ajax_t163sb04
上游,晶片封測服務,2449,京元電子,2024,1,income_statement,淨利（淨損）歸屬於母公司業主,1368465,"1,368,465",sii,https://mopsov.twse.com.tw/mops/web/ajax_t163sb04
上游,晶片封測服務,2449,京元電子,2024,1,income_statement,淨利（淨損）歸屬於共同控制下前手權益,,--,sii,https://mopsov.twse.com.tw/mops/web/ajax_t163sb04
上游,晶片封測服務,2449,京元電子,2024,1,income_statement,淨利（淨損）歸屬於非控制權益,38947,"38,947",sii,https://mopsov.twse.com.tw/mops/web/ajax_t163sb04
上游,晶片封測服務,2449,京元電子,2024,1,income_statement,綜合損益總額歸屬於母公司業主,2010639,"2,010,639",sii,https://mopsov.twse.com.tw/mops/web/ajax_t163sb04
上游,晶片封測服務,2449,京元電子,2024,1,income_statement,綜合損益總額歸屬於共同控制下前手權益,,--,sii,https://mopsov.twse.com.tw/mops/web/ajax_t163sb04
上游,晶片封測服務,2449,京元電子,2024,1,income_statement,綜合損益總額歸屬於非控制權益,83011,"83,011",sii,https://mopsov.twse.com.tw/mops/web/ajax_t163sb04
上游,晶片封測服務,2449,京元電子,2024,1,income_statement,基本每股盈餘（元）,1.12,1.12,sii,https://mopsov.twse.com.tw/mops/web/ajax_t163sb04
上游,晶片封測服務,3711,日月光投控,2024,1,income_statement,營業收入,132802855,"132,802,855",sii,https://mopsov.twse.com.tw/mops/web/ajax_t163sb04
上游,晶片封測服務,3711,日月光投控,2024,1,income_statement,營業成本,111934809,"111,934,809",sii,https://mopsov.twse.com.tw/mops/web/ajax_t163sb04
上游,晶片封測服務,3711,日月光投控,2024,1,income_statement,原始認列生物資產及農產品之利益（損失）,,--,sii,https://mopsov.twse.com.tw/mops/web/ajax_t163sb04
上游,晶片封測服務,3711,日月光投控,2024,1,income_statement,生物資產當期公允價值減出售成本之變動利益（損失）,,--,sii,https://mopsov.twse.com.tw/mops/web/ajax_t163sb04
上游,晶片封測服務,3711,日月光投控,2024,1,income_statement,營業毛利（毛損）,20868046,"20,868,046",sii,https://mopsov.twse.com.tw/mops/web/ajax_t163sb04
上游,晶片封測服務,3711,日月光投控,2024,1,income_statement,未實現銷貨（損）益,,--,sii,https://mopsov.twse.com.tw/mops/web/ajax_t163sb04
上游,晶片封測服務,3711,日月光投控,2024,1,income_statement,已實現銷貨（損）益,,--,sii,https://mopsov.twse.com.tw/mops/web/ajax_t163sb04
上游,晶片封測服務,3711,日月光投控,2024,1,income_statement,營業毛利（毛損）淨額,20868046,"20,868,046",sii,https://mopsov.twse.com.tw/mops/web/ajax_t163sb04
上游,晶片封測服務,3711,日月光投控,2024,1,income_statement,營業費用,13343095,"13,343,095",sii,https://mopsov.twse.com.tw/mops/web/ajax_t163sb04
上游,晶片封測服務,3711,日月光投控,2024,1,income_statement,其他收益及費損淨額,,--,sii,https://mopsov.twse.com.tw/mops/web/ajax_t163sb04
上游,晶片封測服務,3711,日月光投控,2024,1,income_statement,營業利益（損失）,7524951,"7,524,951",sii,https://mopsov.twse.com.tw/mops/web/ajax_t163sb04
上游,晶片封測服務,3711,日月光投控,2024,1,income_statement,營業外收入及支出,334868,"334,868",sii,https://mopsov.twse.com.tw/mops/web/ajax_t163sb04
上游,晶片封測服務,3711,日月光投控,2024,1,income_statement,稅前淨利（淨損）,7859819,"7,859,819",sii,https://mopsov.twse.com.tw/mops/web/ajax_t163sb04
上游,晶片封測服務,3711,日月光投控,2024,1,income_statement,所得稅費用（利益）,1904488,"1,904,488",sii,https://mopsov.twse.com.tw/mops/web/ajax_t163sb04
上游,晶片封測服務,3711,日月光投控,2024,1,income_statement,繼續營業單位本期淨利（淨損）,5955331,"5,955,331",sii,https://mopsov.twse.com.tw/mops/web/ajax_t163sb04
上游,晶片封測服務,3711,日月光投控,2024,1,income_statement,停業單位損益,,--,sii,https://mopsov.twse.com.tw/mops/web/ajax_t163sb04
上游,晶片封測服務,3711,日月光投控,2024,1,income_statement,合併前非屬共同控制股權損益,,--,sii,https://mopsov.twse.com.tw/mops/web/ajax_t163sb04
上游,晶片封測服務,3711,日月光投控,2024,1,income_statement,本期淨利（淨損）,5955331,"5,955,331",sii,https://mopsov.twse.com.tw/mops/web/ajax_t163sb04
上游,晶片封測服務,3711,日月光投控,2024,1,income_statement,其他綜合損益（淨額）,9736581,"9,736,581",sii,https://mopsov.twse.com.tw/mops/web/ajax_t163sb04
上游,晶片封測服務,3711,日月光投控,2024,1,income_statement,合併前非屬共同控制股權綜合損益淨額,,--,sii,https://mopsov.twse.com.tw/mops/web/ajax_t163sb04
上游,晶片封測服務,3711,日月光投控,2024,1,income_statement,本期綜合損益總額,15691912,"15,691,912",sii,https://mopsov.twse.com.tw/mops/web/ajax_t163sb04
上游,晶片封測服務,3711,日月光投控,2024,1,income_statement,淨利（淨損）歸屬於母公司業主,5681509,"5,681,509",sii,https://mopsov.twse.com.tw/mops/web/ajax_t163sb04
上游,晶片封測服務,3711,日月光投控,2024,1,income_statement,淨利（淨損）歸屬於共同控制下前手權益,,--,sii,https://mopsov.twse.com.tw/mops/web/ajax_t163sb04
上游,晶片封測服務,3711,日月光投控,2024,1,income_statement,淨利（淨損）歸屬於非控制權益,273822,"273,822",sii,https://mopsov.twse.com.tw/mops/web/ajax_t163sb04
上游,晶片封測服務,3711,日月光投控,2024,1,income_statement,綜合損益總額歸屬於母公司業主,14843420,"14,843,420",sii,https://mopsov.twse.com.tw/mops/web/ajax_t163sb04
上游,晶片封測服務,3711,日月光投控,2024,1,income_statement,綜合損益總額歸屬於共同控制下前手權益,,--,sii,https://mopsov.twse.com.tw/mops/web/ajax_t163sb04
上游,晶片封測服務,3711,日月光投控,2024,1,income_statement,綜合損益總額歸屬於非控制權益,848492,"848,492",sii,https://mopsov.twse.com.tw/mops/web/ajax_t163sb04
上游,晶片封測服務,3711,日月光投控,2024,1,income_statement,基本每股盈餘（元）,1.32,1.32,sii,https://mopsov.twse.com.tw/mops/web/ajax_t163sb04
上游,晶片封測服務,2449,京元電子,2024,1,balance_sheet,流動資產,24385873,"24,385,873",sii,https://mopsov.twse.com.tw/mops/web/ajax_t163sb05
上游,晶片封測服務,2449,京元電子,2024,1,balance_sheet,非流動資產,52927942,"52,927,942",sii,https://mopsov.twse.com.tw/mops/web/ajax_t163sb05
上游,晶片封測服務,2449,京元電子,2024,1,balance_sheet,資產總計,77313815,"77,313,815",sii,https://mopsov.twse.com.tw/mops/web/ajax_t163sb05
上游,晶片封測服務,2449,京元電子,2024,1,balance_sheet,流動負債,8301417,"8,301,417",sii,https://mopsov.twse.com.tw/mops/web/ajax_t163sb05
上游,晶片封測服務,2449,京元電子,2024,1,balance_sheet,非流動負債,26896286,"26,896,286",sii,https://mopsov.twse.com.tw/mops/web/ajax_t163sb05
上游,晶片封測服務,2449,京元電子,2024,1,balance_sheet,負債總計,35197703,"35,197,703",sii,https://mopsov.twse.com.tw/mops/web/ajax_t163sb05
上游,晶片封測服務,2449,京元電子,2024,1,balance_sheet,股本,12227451,"12,227,451",sii,https://mopsov.twse.com.tw/mops/web/ajax_t163sb05
上游,晶片封測服務,2449,京元電子,2024,1,balance_sheet,權益─具證券性質之虛擬通貨,,--,sii,https://mopsov.twse.com.tw/mops/web/ajax_t163sb05
上游,晶片封測服務,2449,京元電子,2024,1,balance_sheet,資本公積,5037169,"5,037,169",sii,https://mopsov.twse.com.tw/mops/web/ajax_t163sb05
上游,晶片封測服務,2449,京元電子,2024,1,balance_sheet,保留盈餘,19880911,"19,880,911",sii,https://mopsov.twse.com.tw/mops/web/ajax_t163sb05
上游,晶片封測服務,2449,京元電子,2024,1,balance_sheet,其他權益,3849705,"3,849,705",sii,https://mopsov.twse.com.tw/mops/web/ajax_t163sb05
上游,晶片封測服務,2449,京元電子,2024,1,balance_sheet,庫藏股票,,--,sii,https://mopsov.twse.com.tw/mops/web/ajax_t163sb05
上游,晶片封測服務,2449,京元電子,2024,1,balance_sheet,歸屬於母公司業主之權益合計,40995236,"40,995,236",sii,https://mopsov.twse.com.tw/mops/web/ajax_t163sb05
上游,晶片封測服務,2449,京元電子,2024,1,balance_sheet,共同控制下前手權益,,--,sii,https://mopsov.twse.com.tw/mops/web/ajax_t163sb05
上游,晶片封測服務,2449,京元電子,2024,1,balance_sheet,合併前非屬共同控制股權,,--,sii,https://mopsov.twse.com.tw/mops/web/ajax_t163sb05
上游,晶片封測服務,2449,京元電子,2024,1,balance_sheet,非控制權益,1120876,"1,120,876",sii,https://mopsov.twse.com.tw/mops/web/ajax_t163sb05
上游,晶片封測服務,2449,京元電子,2024,1,balance_sheet,權益總計,42116112,"42,116,112",sii,https://mopsov.twse.com.tw/mops/web/ajax_t163sb05
上游,晶片封測服務,2449,京元電子,2024,1,balance_sheet,待註銷股本股數（單位：股）,,--,sii,https://mopsov.twse.com.tw/mops/web/ajax_t163sb05
上游,晶片封測服務,2449,京元電子,2024,1,balance_sheet,預收股款（權益項下）之約當發行股數（單位：股）,0,0,sii,https://mopsov.twse.com.tw/mops/web/ajax_t163sb05
上游,晶片封測服務,2449,京元電子,2024,1,balance_sheet,母公司暨子公司所持有之母公司庫藏股股數（單位：股）,0,0,sii,https://mopsov.twse.com.tw/mops/web/ajax_t163sb05
上游,晶片封測服務,2449,京元電子,2024,1,balance_sheet,每股參考淨值,33.53,33.53,sii,https://mopsov.twse.com.tw/mops/web/ajax_t163sb05
上游,晶片封測服務,3711,日月光投控,2024,1,balance_sheet,流動資產,273001952,"273,001,952",sii,https://mopsov.twse.com.tw/mops/web/ajax_t163sb05
上游,晶片封測服務,3711,日月光投控,2024,1,balance_sheet,非流動資產,408467922,"408,467,922",sii,https://mopsov.twse.com.tw/mops/web/ajax_t163sb05
上游,晶片封測服務,3711,日月光投控,2024,1,balance_sheet,資產總計,681469874,"681,469,874",sii,https://mopsov.twse.com.tw/mops/web/ajax_t163sb05
上游,晶片封測服務,3711,日月光投控,2024,1,balance_sheet,流動負債,229043027,"229,043,027",sii,https://mopsov.twse.com.tw/mops/web/ajax_t163sb05
上游,晶片封測服務,3711,日月光投控,2024,1,balance_sheet,非流動負債,140258388,"140,258,388",sii,https://mopsov.twse.com.tw/mops/web/ajax_t163sb05
上游,晶片封測服務,3711,日月光投控,2024,1,balance_sheet,負債總計,369301415,"369,301,415",sii,https://mopsov.twse.com.tw/mops/web/ajax_t163sb05
上游,晶片封測服務,3711,日月光投控,2024,1,balance_sheet,股本,43929242,"43,929,242",sii,https://mopsov.twse.com.tw/mops/web/ajax_t163sb05
上游,晶片封測服務,3711,日月光投控,2024,1,balance_sheet,權益─具證券性質之虛擬通貨,,--,sii,https://mopsov.twse.com.tw/mops/web/ajax_t163sb05
上游,晶片封測服務,3711,日月光投控,2024,1,balance_sheet,資本公積,145498136,"145,498,136",sii,https://mopsov.twse.com.tw/mops/web/ajax_t163sb05
上游,晶片封測服務,3711,日月光投控,2024,1,balance_sheet,保留盈餘,96901599,"96,901,599",sii,https://mopsov.twse.com.tw/mops/web/ajax_t163sb05
上游,晶片封測服務,3711,日月光投控,2024,1,balance_sheet,其他權益,6625796,"6,625,796",sii,https://mopsov.twse.com.tw/mops/web/ajax_t163sb05
上游,晶片封測服務,3711,日月光投控,2024,1,balance_sheet,庫藏股票,-1959107,"-1,959,107",sii,https://mopsov.twse.com.tw/mops/web/ajax_t163sb05
上游,晶片封測服務,3711,日月光投控,2024,1,balance_sheet,歸屬於母公司業主之權益合計,290995666,"290,995,666",sii,https://mopsov.twse.com.tw/mops/web/ajax_t163sb05
上游,晶片封測服務,3711,日月光投控,2024,1,balance_sheet,共同控制下前手權益,,--,sii,https://mopsov.twse.com.tw/mops/web/ajax_t163sb05
上游,晶片封測服務,3711,日月光投控,2024,1,balance_sheet,合併前非屬共同控制股權,,--,sii,https://mopsov.twse.com.tw/mops/web/ajax_t163sb05
上游,晶片封測服務,3711,日月光投控,2024,1,balance_sheet,非控制權益,21172793,"21,172,793",sii,https://mopsov.twse.com.tw/mops/web/ajax_t163sb05
上游,晶片封測服務,3711,日月光投控,2024,1,balance_sheet,權益總計,312168459,"312,168,459",sii,https://mopsov.twse.com.tw/mops/web/ajax_t163sb05
上游,晶片封測服務,3711,日月光投控,2024,1,balance_sheet,待註銷股本股數（單位：股）,,--,sii,https://mopsov.twse.com.tw/mops/web/ajax_t163sb05
上游,晶片封測服務,3711,日月光投控,2024,1,balance_sheet,預收股款（權益項下）之約當發行股數（單位：股）,8512500,"8,512,500",sii,https://mopsov.twse.com.tw/mops/web/ajax_t163sb05
上游,晶片封測服務,3711,日月光投控,2024,1,balance_sheet,母公司暨子公司所持有之母公司庫藏股股數（單位：股）,72941505,"72,941,505",sii,https://mopsov.twse.com.tw/mops/web/ajax_t163sb05
上游,晶片封測服務,3711,日月光投控,2024,1,balance_sheet,每股參考淨值,67.36,67.36,sii,https://mopsov.twse.com.tw/mops/web/ajax_t163sb05
上游,晶片封測服務,2449,京元電子,2024,1,cash_flow,營業活動之淨現金流入（流出）,4168509,"4,168,509",sii,https://mopsov.twse.com.tw/mops/web/ajax_t163sb20
上游,晶片封測服務,2449,京元電子,2024,1,cash_flow,投資活動之淨現金流入（流出）,-2223744,"-2,223,744",sii,https://mopsov.twse.com.tw/mops/web/ajax_t163sb20
上游,晶片封測服務,2449,京元電子,2024,1,cash_flow,籌資活動之淨現金流入（流出）,50896,"50,896",sii,https://mopsov.twse.com.tw/mops/web/ajax_t163sb20
上游,晶片封測服務,2449,京元電子,2024,1,cash_flow,匯率變動對現金及約當現金之影響,-17034,"-17,034",sii,https://mopsov.twse.com.tw/mops/web/ajax_t163sb20
上游,晶片封測服務,2449,京元電子,2024,1,cash_flow,本期現金及約當現金增加（減少）數,1978627,"1,978,627",sii,https://mopsov.twse.com.tw/mops/web/ajax_t163sb20
上游,晶片封測服務,2449,京元電子,2024,1,cash_flow,期初現金及約當現金餘額,12262554,"12,262,554",sii,https://mopsov.twse.com.tw/mops/web/ajax_t163sb20
上游,晶片封測服務,2449,京元電子,2024,1,cash_flow,期末現金及約當現金餘額,14241181,"14,241,181",sii,https://mopsov.twse.com.tw/mops/web/ajax_t163sb20
上游,晶片封測服務,3711,日月光投控,2024,1,cash_flow,營業活動之淨現金流入（流出）,16693966,"16,693,966",sii,https://mopsov.twse.com.tw/mops/web/ajax_t163sb20
上游,晶片封測服務,3711,日月光投控,2024,1,cash_flow,投資活動之淨現金流入（流出）,-15507828,"-15,507,828",sii,https://mopsov.twse.com.tw/mops/web/ajax_t163sb20
上游,晶片封測服務,3711,日月光投控,2024,1,cash_flow,籌資活動之淨現金流入（流出）,-172552,"-172,552",sii,https://mopsov.twse.com.tw/mops/web/ajax_t163sb20
上游,晶片封測服務,3711,日月光投控,2024,1,cash_flow,匯率變動對現金及約當現金之影響,6807026,"6,807,026",sii,https://mopsov.twse.com.tw/mops/web/ajax_t163sb20
上游,晶片封測服務,3711,日月光投控,2024,1,cash_flow,本期現金及約當現金增加（減少）數,7820612,"7,820,612",sii,https://mopsov.twse.com.tw/mops/web/ajax_t163sb20
上游,晶片封測服務,3711,日月光投控,2024,1,cash_flow,期初現金及約當現金餘額,67284518,"67,284,518",sii,https://mopsov.twse.com.tw/mops/web/ajax_t163sb20
上游,晶片封測服務,3711,日月光投控,2024,1,cash_flow,期末現金及約當現金餘額,75105130,"75,105,130",sii,https://mopsov.twse.com.tw/mops/web/ajax_t163sb20
上游,晶片封測服務,2449,京元電子,2024,2,income_statement,營業收入,12520379,"12,520,379",sii,https://mopsov.twse.com.tw/mops/web/ajax_t163sb04
上游,晶片封測服務,2449,京元電子,2024,2,income_statement,營業成本,8240308,"8,240,308",sii,https://mopsov.twse.com.tw/mops/web/ajax_t163sb04
上游,晶片封測服務,2449,京元電子,2024,2,income_statement,原始認列生物資產及農產品之利益（損失）,,--,sii,https://mopsov.twse.com.tw/mops/web/ajax_t163sb04
上游,晶片封測服務,2449,京元電子,2024,2,income_statement,生物資產當期公允價值減出售成本之變動利益（損失）,,--,sii,https://mopsov.twse.com.tw/mops/web/ajax_t163sb04
上游,晶片封測服務,2449,京元電子,2024,2,income_statement,營業毛利（毛損）,4280071,"4,280,071",sii,https://mopsov.twse.com.tw/mops/web/ajax_t163sb04
上游,晶片封測服務,2449,京元電子,2024,2,income_statement,未實現銷貨（損）益,,--,sii,https://mopsov.twse.com.tw/mops/web/ajax_t163sb04
上游,晶片封測服務,2449,京元電子,2024,2,income_statement,已實現銷貨（損）益,,--,sii,https://mopsov.twse.com.tw/mops/web/ajax_t163sb04
上游,晶片封測服務,2449,京元電子,2024,2,income_statement,營業毛利（毛損）淨額,4280071,"4,280,071",sii,https://mopsov.twse.com.tw/mops/web/ajax_t163sb04
上游,晶片封測服務,2449,京元電子,2024,2,income_statement,營業費用,1379704,"1,379,704",sii,https://mopsov.twse.com.tw/mops/web/ajax_t163sb04
上游,晶片封測服務,2449,京元電子,2024,2,income_statement,其他收益及費損淨額,,--,sii,https://mopsov.twse.com.tw/mops/web/ajax_t163sb04
上游,晶片封測服務,2449,京元電子,2024,2,income_statement,營業利益（損失）,2900367,"2,900,367",sii,https://mopsov.twse.com.tw/mops/web/ajax_t163sb04
上游,晶片封測服務,2449,京元電子,2024,2,income_statement,營業外收入及支出,-252834,"-252,834",sii,https://mopsov.twse.com.tw/mops/web/ajax_t163sb04
上游,晶片封測服務,2449,京元電子,2024,2,income_statement,稅前淨利（淨損）,2647533,"2,647,533",sii,https://mopsov.twse.com.tw/mops/web/ajax_t163sb04
上游,晶片封測服務,2449,京元電子,2024,2,income_statement,所得稅費用（利益）,471300,"471,300",sii,https://mopsov.twse.com.tw/mops/web/ajax_t163sb04
上游,晶片封測服務,2449,京元電子,2024,2,income_statement,繼續營業單位本期淨利（淨損）,2176233,"2,176,233",sii,https://mopsov.twse.com.tw/mops/web/ajax_t163sb04
上游,晶片封測服務,2449,京元電子,2024,2,income_statement,停業單位損益,1211445,"1,211,445",sii,https://mopsov.twse.com.tw/mops/web/ajax_t163sb04
上游,晶片封測服務,2449,京元電子,2024,2,income_statement,合併前非屬共同控制股權損益,,--,sii,https://mopsov.twse.com.tw/mops/web/ajax_t163sb04
上游,晶片封測服務,2449,京元電子,2024,2,income_statement,本期淨利（淨損）,3387678,"3,387,678",sii,https://mopsov.twse.com.tw/mops/web/ajax_t163sb04
上游,晶片封測服務,2449,京元電子,2024,2,income_statement,其他綜合損益（淨額）,1041576,"1,041,576",sii,https://mopsov.twse.com.tw/mops/web/ajax_t163sb04
上游,晶片封測服務,2449,京元電子,2024,2,income_statement,合併前非屬共同控制股權綜合損益淨額,,--,sii,https://mopsov.twse.com.tw/mops/web/ajax_t163sb04
上游,晶片封測服務,2449,京元電子,2024,2,income_statement,本期綜合損益總額,4429254,"4,429,254",sii,https://mopsov.twse.com.tw/mops/web/ajax_t163sb04
上游,晶片封測服務,2449,京元電子,2024,2,income_statement,淨利（淨損）歸屬於母公司業主,3271243,"3,271,243",sii,https://mopsov.twse.com.tw/mops/web/ajax_t163sb04
上游,晶片封測服務,2449,京元電子,2024,2,income_statement,淨利（淨損）歸屬於共同控制下前手權益,,--,sii,https://mopsov.twse.com.tw/mops/web/ajax_t163sb04
上游,晶片封測服務,2449,京元電子,2024,2,income_statement,淨利（淨損）歸屬於非控制權益,116435,"116,435",sii,https://mopsov.twse.com.tw/mops/web/ajax_t163sb04
上游,晶片封測服務,2449,京元電子,2024,2,income_statement,綜合損益總額歸屬於母公司業主,4258411,"4,258,411",sii,https://mopsov.twse.com.tw/mops/web/ajax_t163sb04
上游,晶片封測服務,2449,京元電子,2024,2,income_statement,綜合損益總額歸屬於共同控制下前手權益,,--,sii,https://mopsov.twse.com.tw/mops/web/ajax_t163sb04
上游,晶片封測服務,2449,京元電子,2024,2,income_statement,綜合損益總額歸屬於非控制權益,170843,"170,843",sii,https://mopsov.twse.com.tw/mops/web/ajax_t163sb04
上游,晶片封測服務,2449,京元電子,2024,2,income_statement,基本每股盈餘（元）,2.68,2.68,sii,https://mopsov.twse.com.tw/mops/web/ajax_t163sb04
上游,晶片封測服務,3711,日月光投控,2024,2,income_statement,營業收入,273040918,"273,040,918",sii,https://mopsov.twse.com.tw/mops/web/ajax_t163sb04
上游,晶片封測服務,3711,日月光投控,2024,2,income_statement,營業成本,229106941,"229,106,941",sii,https://mopsov.twse.com.tw/mops/web/ajax_t163sb04
上游,晶片封測服務,3711,日月光投控,2024,2,income_statement,原始認列生物資產及農產品之利益（損失）,,--,sii,https://mopsov.twse.com.tw/mops/web/ajax_t163sb04
上游,晶片封測服務,3711,日月光投控,2024,2,income_statement,生物資產當期公允價值減出售成本之變動利益（損失）,,--,sii,https://mopsov.twse.com.tw/mops/web/ajax_t163sb04
上游,晶片封測服務,3711,日月光投控,2024,2,income_statement,營業毛利（毛損）,43933977,"43,933,977",sii,https://mopsov.twse.com.tw/mops/web/ajax_t163sb04
上游,晶片封測服務,3711,日月光投控,2024,2,income_statement,未實現銷貨（損）益,,--,sii,https://mopsov.twse.com.tw/mops/web/ajax_t163sb04
上游,晶片封測服務,3711,日月光投控,2024,2,income_statement,已實現銷貨（損）益,,--,sii,https://mopsov.twse.com.tw/mops/web/ajax_t163sb04
上游,晶片封測服務,3711,日月光投控,2024,2,income_statement,營業毛利（毛損）淨額,43933977,"43,933,977",sii,https://mopsov.twse.com.tw/mops/web/ajax_t163sb04
上游,晶片封測服務,3711,日月光投控,2024,2,income_statement,營業費用,27388374,"27,388,374",sii,https://mopsov.twse.com.tw/mops/web/ajax_t163sb04
上游,晶片封測服務,3711,日月光投控,2024,2,income_statement,其他收益及費損淨額,,--,sii,https://mopsov.twse.com.tw/mops/web/ajax_t163sb04
上游,晶片封測服務,3711,日月光投控,2024,2,income_statement,營業利益（損失）,16545603,"16,545,603",sii,https://mopsov.twse.com.tw/mops/web/ajax_t163sb04
上游,晶片封測服務,3711,日月光投控,2024,2,income_statement,營業外收入及支出,1431640,"1,431,640",sii,https://mopsov.twse.com.tw/mops/web/ajax_t163sb04
上游,晶片封測服務,3711,日月光投控,2024,2,income_statement,稅前淨利（淨損）,17977243,"17,977,243",sii,https://mopsov.twse.com.tw/mops/web/ajax_t163sb04
上游,晶片封測服務,3711,日月光投控,2024,2,income_statement,所得稅費用（利益）,3856776,"3,856,776",sii,https://mopsov.twse.com.tw/mops/web/ajax_t163sb04
上游,晶片封測服務,3711,日月光投控,2024,2,income_statement,繼續營業單位本期淨利（淨損）,14120467,"14,120,467",sii,https://mopsov.twse.com.tw/mops/web/ajax_t163sb04
上游,晶片封測服務,3711,日月光投控,2024,2,income_statement,停業單位損益,,--,sii,https://mopsov.twse.com.tw/mops/web/ajax_t163sb04
上游,晶片封測服務,3711,日月光投控,2024,2,income_statement,合併前非屬共同控制股權損益,,--,sii,https://mopsov.twse.com.tw/mops/web/ajax_t163sb04
上游,晶片封測服務,3711,日月光投控,2024,2,income_statement,本期淨利（淨損）,14120467,"14,120,467",sii,https://mopsov.twse.com.tw/mops/web/ajax_t163sb04
上游,晶片封測服務,3711,日月光投控,2024,2,income_statement,其他綜合損益（淨額）,13026973,"13,026,973",sii,https://mopsov.twse.com.tw/mops/web/ajax_t163sb04
上游,晶片封測服務,3711,日月光投控,2024,2,income_statement,合併前非屬共同控制股權綜合損益淨額,,--,sii,https://mopsov.twse.com.tw/mops/web/ajax_t163sb04
上游,晶片封測服務,3711,日月光投控,2024,2,income_statement,本期綜合損益總額,27147440,"27,147,440",sii,https://mopsov.twse.com.tw/mops/web/ajax_t163sb04
上游,晶片封測服務,3711,日月光投控,2024,2,income_statement,淨利（淨損）歸屬於母公司業主,13464958,"13,464,958",sii,https://mopsov.twse.com.tw/mops/web/ajax_t163sb04
上游,晶片封測服務,3711,日月光投控,2024,2,income_statement,淨利（淨損）歸屬於共同控制下前手權益,,--,sii,https://mopsov.twse.com.tw/mops/web/ajax_t163sb04
上游,晶片封測服務,3711,日月光投控,2024,2,income_statement,淨利（淨損）歸屬於非控制權益,655509,"655,509",sii,https://mopsov.twse.com.tw/mops/web/ajax_t163sb04
上游,晶片封測服務,3711,日月光投控,2024,2,income_statement,綜合損益總額歸屬於母公司業主,25755922,"25,755,922",sii,https://mopsov.twse.com.tw/mops/web/ajax_t163sb04
上游,晶片封測服務,3711,日月光投控,2024,2,income_statement,綜合損益總額歸屬於共同控制下前手權益,,--,sii,https://mopsov.twse.com.tw/mops/web/ajax_t163sb04
上游,晶片封測服務,3711,日月光投控,2024,2,income_statement,綜合損益總額歸屬於非控制權益,1391518,"1,391,518",sii,https://mopsov.twse.com.tw/mops/web/ajax_t163sb04
上游,晶片封測服務,3711,日月光投控,2024,2,income_statement,基本每股盈餘（元）,3.12,3.12,sii,https://mopsov.twse.com.tw/mops/web/ajax_t163sb04
上游,晶片封測服務,2449,京元電子,2024,2,balance_sheet,流動資產,40172652,"40,172,652",sii,https://mopsov.twse.com.tw/mops/web/ajax_t163sb05
上游,晶片封測服務,2449,京元電子,2024,2,balance_sheet,非流動資產,39427596,"39,427,596",sii,https://mopsov.twse.com.tw/mops/web/ajax_t163sb05
上游,晶片封測服務,2449,京元電子,2024,2,balance_sheet,資產總計,79600248,"79,600,248",sii,https://mopsov.twse.com.tw/mops/web/ajax_t163sb05
上游,晶片封測服務,2449,京元電子,2024,2,balance_sheet,流動負債,18740630,"18,740,630",sii,https://mopsov.twse.com.tw/mops/web/ajax_t163sb05
上游,晶片封測服務,2449,京元電子,2024,2,balance_sheet,非流動負債,20303758,"20,303,758",sii,https://mopsov.twse.com.tw/mops/web/ajax_t163sb05
上游,晶片封測服務,2449,京元電子,2024,2,balance_sheet,負債總計,39044388,"39,044,388",sii,https://mopsov.twse.com.tw/mops/web/ajax_t163sb05
上游,晶片封測服務,2449,京元電子,2024,2,balance_sheet,股本,12227451,"12,227,451",sii,https://mopsov.twse.com.tw/mops/web/ajax_t163sb05
上游,晶片封測服務,2449,京元電子,2024,2,balance_sheet,權益─具證券性質之虛擬通貨,,--,sii,https://mopsov.twse.com.tw/mops/web/ajax_t163sb05
上游,晶片封測服務,2449,京元電子,2024,2,balance_sheet,資本公積,5052770,"5,052,770",sii,https://mopsov.twse.com.tw/mops/web/ajax_t163sb05
上游,晶片封測服務,2449,京元電子,2024,2,balance_sheet,保留盈餘,17870905,"17,870,905",sii,https://mopsov.twse.com.tw/mops/web/ajax_t163sb05
上游,晶片封測服務,2449,京元電子,2024,2,balance_sheet,其他權益,4194699,"4,194,699",sii,https://mopsov.twse.com.tw/mops/web/ajax_t163sb05
上游,晶片封測服務,2449,京元電子,2024,2,balance_sheet,庫藏股票,,--,sii,https://mopsov.twse.com.tw/mops/web/ajax_t163sb05
上游,晶片封測服務,2449,京元電子,2024,2,balance_sheet,歸屬於母公司業主之權益合計,39345825,"39,345,825",sii,https://mopsov.twse.com.tw/mops/web/ajax_t163sb05
上游,晶片封測服務,2449,京元電子,2024,2,balance_sheet,共同控制下前手權益,,--,sii,https://mopsov.twse.com.tw/mops/web/ajax_t163sb05
上游,晶片封測服務,2449,京元電子,2024,2,balance_sheet,合併前非屬共同控制股權,,--,sii,https://mopsov.twse.com.tw/mops/web/ajax_t163sb05
上游,晶片封測服務,2449,京元電子,2024,2,balance_sheet,非控制權益,1210035,"1,210,035",sii,https://mopsov.twse.com.tw/mops/web/ajax_t163sb05
上游,晶片封測服務,2449,京元電子,2024,2,balance_sheet,權益總計,40555860,"40,555,860",sii,https://mopsov.twse.com.tw/mops/web/ajax_t163sb05
上游,晶片封測服務,2449,京元電子,2024,2,balance_sheet,待註銷股本股數（單位：股）,,--,sii,https://mopsov.twse.com.tw/mops/web/ajax_t163sb05
上游,晶片封測服務,2449,京元電子,2024,2,balance_sheet,預收股款（權益項下）之約當發行股數（單位：股）,0,0,sii,https://mopsov.twse.com.tw/mops/web/ajax_t163sb05
上游,晶片封測服務,2449,京元電子,2024,2,balance_sheet,母公司暨子公司所持有之母公司庫藏股股數（單位：股）,0,0,sii,https://mopsov.twse.com.tw/mops/web/ajax_t163sb05
上游,晶片封測服務,2449,京元電子,2024,2,balance_sheet,每股參考淨值,32.18,32.18,sii,https://mopsov.twse.com.tw/mops/web/ajax_t163sb05
上游,晶片封測服務,3711,日月光投控,2024,2,balance_sheet,流動資產,270325437,"270,325,437",sii,https://mopsov.twse.com.tw/mops/web/ajax_t163sb05
上游,晶片封測服務,3711,日月光投控,2024,2,balance_sheet,非流動資產,412604522,"412,604,522",sii,https://mopsov.twse.com.tw/mops/web/ajax_t163sb05
上游,晶片封測服務,3711,日月光投控,2024,2,balance_sheet,資產總計,682929959,"682,929,959",sii,https://mopsov.twse.com.tw/mops/web/ajax_t163sb05
上游,晶片封測服務,3711,日月光投控,2024,2,balance_sheet,流動負債,230120494,"230,120,494",sii,https://mopsov.twse.com.tw/mops/web/ajax_t163sb05
上游,晶片封測服務,3711,日月光投控,2024,2,balance_sheet,非流動負債,129339562,"129,339,562",sii,https://mopsov.twse.com.tw/mops/web/ajax_t163sb05
上游,晶片封測服務,3711,日月光投控,2024,2,balance_sheet,負債總計,359460056,"359,460,056",sii,https://mopsov.twse.com.tw/mops/web/ajax_t163sb05
上游,晶片封測服務,3711,日月光投控,2024,2,balance_sheet,股本,43901781,"43,901,781",sii,https://mopsov.twse.com.tw/mops/web/ajax_t163sb05
上游,晶片封測服務,3711,日月光投控,2024,2,balance_sheet,權益─具證券性質之虛擬通貨,,--,sii,https://mopsov.twse.com.tw/mops/web/ajax_t163sb05
上游,晶片封測服務,3711,日月光投控,2024,2,balance_sheet,資本公積,145889285,"145,889,285",sii,https://mopsov.twse.com.tw/mops/web/ajax_t163sb05
上游,晶片封測服務,3711,日月光投控,2024,2,balance_sheet,保留盈餘,104761081,"104,761,081",sii,https://mopsov.twse.com.tw/mops/web/ajax_t163sb05
上游,晶片封測服務,3711,日月光投控,2024,2,balance_sheet,其他權益,9754844,"9,754,844",sii,https://mopsov.twse.com.tw/mops/web/ajax_t163sb05
上游,晶片封測服務,3711,日月光投控,2024,2,balance_sheet,庫藏股票,-1959107,"-1,959,107",sii,https://mopsov.twse.com.tw/mops/web/ajax_t163sb05
上游,晶片封測服務,3711,日月光投控,2024,2,balance_sheet,歸屬於母公司業主之權益合計,302347884,"302,347,884",sii,https://mopsov.twse.com.tw/mops/web/ajax_t163sb05
上游,晶片封測服務,3711,日月光投控,2024,2,balance_sheet,共同控制下前手權益,,--,sii,https://mopsov.twse.com.tw/mops/web/ajax_t163sb05
上游,晶片封測服務,3711,日月光投控,2024,2,balance_sheet,合併前非屬共同控制股權,,--,sii,https://mopsov.twse.com.tw/mops/web/ajax_t163sb05
上游,晶片封測服務,3711,日月光投控,2024,2,balance_sheet,非控制權益,21122019,"21,122,019",sii,https://mopsov.twse.com.tw/mops/web/ajax_t163sb05
上游,晶片封測服務,3711,日月光投控,2024,2,balance_sheet,權益總計,323469903,"323,469,903",sii,https://mopsov.twse.com.tw/mops/web/ajax_t163sb05
上游,晶片封測服務,3711,日月光投控,2024,2,balance_sheet,待註銷股本股數（單位：股）,,--,sii,https://mopsov.twse.com.tw/mops/web/ajax_t163sb05
上游,晶片封測服務,3711,日月光投控,2024,2,balance_sheet,預收股款（權益項下）之約當發行股數（單位：股）,2592900,"2,592,900",sii,https://mopsov.twse.com.tw/mops/web/ajax_t163sb05
上游,晶片封測服務,3711,日月光投控,2024,2,balance_sheet,母公司暨子公司所持有之母公司庫藏股股數（單位：股）,72941505,"72,941,505",sii,https://mopsov.twse.com.tw/mops/web/ajax_t163sb05
上游,晶片封測服務,3711,日月光投控,2024,2,balance_sheet,每股參考淨值,69.95,69.95,sii,https://mopsov.twse.com.tw/mops/web/ajax_t163sb05
上游,晶片封測服務,2449,京元電子,2024,2,cash_flow,營業活動之淨現金流入（流出）,8167869,"8,167,869",sii,https://mopsov.twse.com.tw/mops/web/ajax_t163sb20
上游,晶片封測服務,2449,京元電子,2024,2,cash_flow,投資活動之淨現金流入（流出）,-5313754,"-5,313,754",sii,https://mopsov.twse.com.tw/mops/web/ajax_t163sb20
上游,晶片封測服務,2449,京元電子,2024,2,cash_flow,籌資活動之淨現金流入（流出）,-2050500,"-2,050,500",sii,https://mopsov.twse.com.tw/mops/web/ajax_t163sb20
上游,晶片封測服務,2449,京元電子,2024,2,cash_flow,匯率變動對現金及約當現金之影響,-19684,"-19,684",sii,https://mopsov.twse.com.tw/mops/web/ajax_t163sb20
上游,晶片封測服務,2449,京元電子,2024,2,cash_flow,本期現金及約當現金增加（減少）數,783931,"783,931",sii,https://mopsov.twse.com.tw/mops/web/ajax_t163sb20
上游,晶片封測服務,2449,京元電子,2024,2,cash_flow,期初現金及約當現金餘額,12262554,"12,262,554",sii,https://mopsov.twse.com.tw/mops/web/ajax_t163sb20
上游,晶片封測服務,2449,京元電子,2024,2,cash_flow,期末現金及約當現金餘額,13046485,"13,046,485",sii,https://mopsov.twse.com.tw/mops/web/ajax_t163sb20
上游,晶片封測服務,3711,日月光投控,2024,2,cash_flow,營業活動之淨現金流入（流出）,33480115,"33,480,115",sii,https://mopsov.twse.com.tw/mops/web/ajax_t163sb20
上游,晶片封測服務,3711,日月光投控,2024,2,cash_flow,投資活動之淨現金流入（流出）,-29989935,"-29,989,935",sii,https://mopsov.twse.com.tw/mops/web/ajax_t163sb20
上游,晶片封測服務,3711,日月光投控,2024,2,cash_flow,籌資活動之淨現金流入（流出）,-13596138,"-13,596,138",sii,https://mopsov.twse.com.tw/mops/web/ajax_t163sb20
上游,晶片封測服務,3711,日月光投控,2024,2,cash_flow,匯率變動對現金及約當現金之影響,8994082,"8,994,082",sii,https://mopsov.twse.com.tw/mops/web/ajax_t163sb20
上游,晶片封測服務,3711,日月光投控,2024,2,cash_flow,本期現金及約當現金增加（減少）數,-1111876,"-1,111,876",sii,https://mopsov.twse.com.tw/mops/web/ajax_t163sb20
上游,晶片封測服務,3711,日月光投控,2024,2,cash_flow,期初現金及約當現金餘額,67284518,"67,284,518",sii,https://mopsov.twse.com.tw/mops/web/ajax_t163sb20
上游,晶片封測服務,3711,日月光投控,2024,2,cash_flow,期末現金及約當現金餘額,66172642,"66,172,642",sii,https://mopsov.twse.com.tw/mops/web/ajax_t163sb20
上游,晶片封測服務,2449,京元電子,2024,3,income_statement,營業收入,19559121,"19,559,121",sii,https://mopsov.twse.com.tw/mops/web/ajax_t163sb04
上游,晶片封測服務,2449,京元電子,2024,3,income_statement,營業成本,12752159,"12,752,159",sii,https://mopsov.twse.com.tw/mops/web/ajax_t163sb04
上游,晶片封測服務,2449,京元電子,2024,3,income_statement,原始認列生物資產及農產品之利益（損失）,,--,sii,https://mopsov.twse.com.tw/mops/web/ajax_t163sb04
上游,晶片封測服務,2449,京元電子,2024,3,income_statement,生物資產當期公允價值減出售成本之變動利益（損失）,,--,sii,https://mopsov.twse.com.tw/mops/web/ajax_t163sb04
上游,晶片封測服務,2449,京元電子,2024,3,income_statement,營業毛利（毛損）,6806962,"6,806,962",sii,https://mopsov.twse.com.tw/mops/web/ajax_t163sb04
上游,晶片封測服務,2449,京元電子,2024,3,income_statement,未實現銷貨（損）益,,--,sii,https://mopsov.twse.com.tw/mops/web/ajax_t163sb04
上游,晶片封測服務,2449,京元電子,2024,3,income_statement,已實現銷貨（損）益,,--,sii,https://mopsov.twse.com.tw/mops/web/ajax_t163sb04
上游,晶片封測服務,2449,京元電子,2024,3,income_statement,營業毛利（毛損）淨額,6806962,"6,806,962",sii,https://mopsov.twse.com.tw/mops/web/ajax_t163sb04
上游,晶片封測服務,2449,京元電子,2024,3,income_statement,營業費用,2138463,"2,138,463",sii,https://mopsov.twse.com.tw/mops/web/ajax_t163sb04
上游,晶片封測服務,2449,京元電子,2024,3,income_statement,其他收益及費損淨額,,--,sii,https://mopsov.twse.com.tw/mops/web/ajax_t163sb04
上游,晶片封測服務,2449,京元電子,2024,3,income_statement,營業利益（損失）,4668499,"4,668,499",sii,https://mopsov.twse.com.tw/mops/web/ajax_t163sb04
上游,晶片封測服務,2449,京元電子,2024,3,income_statement,營業外收入及支出,-185638,"-185,638",sii,https://mopsov.twse.com.tw/mops/web/ajax_t163sb04
上游,晶片封測服務,2449,京元電子,2024,3,income_statement,稅前淨利（淨損）,4482861,"4,482,861",sii,https://mopsov.twse.com.tw/mops/web/ajax_t163sb04
上游,晶片封測服務,2449,京元電子,2024,3,income_statement,所得稅費用（利益）,849896,"849,896",sii,https://mopsov.twse.com.tw/mops/web/ajax_t163sb04
上游,晶片封測服務,2449,京元電子,2024,3,income_statement,繼續營業單位本期淨利（淨損）,3632965,"3,632,965",sii,https://mopsov.twse.com.tw/mops/web/ajax_t163sb04
上游,晶片封測服務,2449,京元電子,2024,3,income_statement,停業單位損益,2339302,"2,339,302",sii,https://mopsov.twse.com.tw/mops/web/ajax_t163sb04
上游,晶片封測服務,2449,京元電子,2024,3,income_statement,合併前非屬共同控制股權損益,,--,sii,https://mopsov.twse.com.tw/mops/web/ajax_t163sb04
上游,晶片封測服務,2449,京元電子,2024,3,income_statement,本期淨利（淨損）,5972267,"5,972,267",sii,https://mopsov.twse.com.tw/mops/web/ajax_t163sb04
上游,晶片封測服務,2449,京元電子,2024,3,income_statement,其他綜合損益（淨額）,866115,"866,115",sii,https://mopsov.twse.com.tw/mops/web/ajax_t163sb04
上游,晶片封測服務,2449,京元電子,2024,3,income_statement,合併前非屬共同控制股權綜合損益淨額,,--,sii,https://mopsov.twse.com.tw/mops/web/ajax_t163sb04
上游,晶片封測服務,2449,京元電子,2024,3,income_statement,本期綜合損益總額,6838382,"6,838,382",sii,https://mopsov.twse.com.tw/mops/web/ajax_t163sb04
上游,晶片封測服務,2449,京元電子,2024,3,income_statement,淨利（淨損）歸屬於母公司業主,5749283,"5,749,283",sii,https://mopsov.twse.com.tw/mops/web/ajax_t163sb04
上游,晶片封測服務,2449,京元電子,2024,3,income_statement,淨利（淨損）歸屬於共同控制下前手權益,,--,sii,https://mopsov.twse.com.tw/mops/web/ajax_t163sb04
上游,晶片封測服務,2449,京元電子,2024,3,income_statement,淨利（淨損）歸屬於非控制權益,222984,"222,984",sii,https://mopsov.twse.com.tw/mops/web/ajax_t163sb04
上游,晶片封測服務,2449,京元電子,2024,3,income_statement,綜合損益總額歸屬於母公司業主,6570440,"6,570,440",sii,https://mopsov.twse.com.tw/mops/web/ajax_t163sb04
上游,晶片封測服務,2449,京元電子,2024,3,income_statement,綜合損益總額歸屬於共同控制下前手權益,,--,sii,https://mopsov.twse.com.tw/mops/web/ajax_t163sb04
上游,晶片封測服務,2449,京元電子,2024,3,income_statement,綜合損益總額歸屬於非控制權益,267942,"267,942",sii,https://mopsov.twse.com.tw/mops/web/ajax_t163sb04
上游,晶片封測服務,2449,京元電子,2024,3,income_statement,基本每股盈餘（元）,4.7,4.70,sii,https://mopsov.twse.com.tw/mops/web/ajax_t163sb04
上游,晶片封測服務,3711,日月光投控,2024,3,income_statement,營業收入,433146024,"433,146,024",sii,https://mopsov.twse.com.tw/mops/web/ajax_t163sb04
上游,晶片封測服務,3711,日月光投控,2024,3,income_statement,營業成本,362838902,"362,838,902",sii,https://mopsov.twse.com.tw/mops/web/ajax_t163sb04
上游,晶片封測服務,3711,日月光投控,2024,3,income_statement,原始認列生物資產及農產品之利益（損失）,,--,sii,https://mopsov.twse.com.tw/mops/web/ajax_t163sb04
上游,晶片封測服務,3711,日月光投控,2024,3,income_statement,生物資產當期公允價值減出售成本之變動利益（損失）,,--,sii,https://mopsov.twse.com.tw/mops/web/ajax_t163sb04
上游,晶片封測服務,3711,日月光投控,2024,3,income_statement,營業毛利（毛損）,70307122,"70,307,122",sii,https://mopsov.twse.com.tw/mops/web/ajax_t163sb04
上游,晶片封測服務,3711,日月光投控,2024,3,income_statement,未實現銷貨（損）益,,--,sii,https://mopsov.twse.com.tw/mops/web/ajax_t163sb04
上游,晶片封測服務,3711,日月光投控,2024,3,income_statement,已實現銷貨（損）益,,--,sii,https://mopsov.twse.com.tw/mops/web/ajax_t163sb04
上游,晶片封測服務,3711,日月光投控,2024,3,income_statement,營業毛利（毛損）淨額,70307122,"70,307,122",sii,https://mopsov.twse.com.tw/mops/web/ajax_t163sb04
上游,晶片封測服務,3711,日月光投控,2024,3,income_statement,營業費用,42345269,"42,345,269",sii,https://mopsov.twse.com.tw/mops/web/ajax_t163sb04
上游,晶片封測服務,3711,日月光投控,2024,3,income_statement,其他收益及費損淨額,,--,sii,https://mopsov.twse.com.tw/mops/web/ajax_t163sb04
上游,晶片封測服務,3711,日月光投控,2024,3,income_statement,營業利益（損失）,27961853,"27,961,853",sii,https://mopsov.twse.com.tw/mops/web/ajax_t163sb04
上游,晶片封測服務,3711,日月光投控,2024,3,income_statement,營業外收入及支出,2215183,"2,215,183",sii,https://mopsov.twse.com.tw/mops/web/ajax_t163sb04
上游,晶片封測服務,3711,日月光投控,2024,3,income_statement,稅前淨利（淨損）,30177036,"30,177,036",sii,https://mopsov.twse.com.tw/mops/web/ajax_t163sb04
上游,晶片封測服務,3711,日月光投控,2024,3,income_statement,所得稅費用（利益）,5896909,"5,896,909",sii,https://mopsov.twse.com.tw/mops/web/ajax_t163sb04
上游,晶片封測服務,3711,日月光投控,2024,3,income_statement,繼續營業單位本期淨利（淨損）,24280127,"24,280,127",sii,https://mopsov.twse.com.tw/mops/web/ajax_t163sb04
上游,晶片封測服務,3711,日月光投控,2024,3,income_statement,停業單位損益,,--,sii,https://mopsov.twse.com.tw/mops/web/ajax_t163sb04
上游,晶片封測服務,3711,日月光投控,2024,3,income_statement,合併前非屬共同控制股權損益,,--,sii,https://mopsov.twse.com.tw/mops/web/ajax_t163sb04
上游,晶片封測服務,3711,日月光投控,2024,3,income_statement,本期淨利（淨損）,24280127,"24,280,127",sii,https://mopsov.twse.com.tw/mops/web/ajax_t163sb04
上游,晶片封測服務,3711,日月光投控,2024,3,income_statement,其他綜合損益（淨額）,9595210,"9,595,210",sii,https://mopsov.twse.com.tw/mops/web/ajax_t163sb04
上游,晶片封測服務,3711,日月光投控,2024,3,income_statement,合併前非屬共同控制股權綜合損益淨額,,--,sii,https://mopsov.twse.com.tw/mops/web/ajax_t163sb04
上游,晶片封測服務,3711,日月光投控,2024,3,income_statement,本期綜合損益總額,33875337,"33,875,337",sii,https://mopsov.twse.com.tw/mops/web/ajax_t163sb04
上游,晶片封測服務,3711,日月光投控,2024,3,income_statement,淨利（淨損）歸屬於母公司業主,23104006,"23,104,006",sii,https://mopsov.twse.com.tw/mops/web/ajax_t163sb04
上游,晶片封測服務,3711,日月光投控,2024,3,income_statement,淨利（淨損）歸屬於共同控制下前手權益,,--,sii,https://mopsov.twse.com.tw/mops/web/ajax_t163sb04
上游,晶片封測服務,3711,日月光投控,2024,3,income_statement,淨利（淨損）歸屬於非控制權益,1176121,"1,176,121",sii,https://mopsov.twse.com.tw/mops/web/ajax_t163sb04
上游,晶片封測服務,3711,日月光投控,2024,3,income_statement,綜合損益總額歸屬於母公司業主,32118599,"32,118,599",sii,https://mopsov.twse.com.tw/mops/web/ajax_t163sb04
上游,晶片封測服務,3711,日月光投控,2024,3,income_statement,綜合損益總額歸屬於共同控制下前手權益,,--,sii,https://mopsov.twse.com.tw/mops/web/ajax_t163sb04
上游,晶片封測服務,3711,日月光投控,2024,3,income_statement,綜合損益總額歸屬於非控制權益,1756738,"1,756,738",sii,https://mopsov.twse.com.tw/mops/web/ajax_t163sb04
上游,晶片封測服務,3711,日月光投控,2024,3,income_statement,基本每股盈餘（元）,5.35,5.35,sii,https://mopsov.twse.com.tw/mops/web/ajax_t163sb04
上游,晶片封測服務,2449,京元電子,2024,3,balance_sheet,流動資產,42195103,"42,195,103",sii,https://mopsov.twse.com.tw/mops/web/ajax_t163sb05
上游,晶片封測服務,2449,京元電子,2024,3,balance_sheet,非流動資產,40381587,"40,381,587",sii,https://mopsov.twse.com.tw/mops/web/ajax_t163sb05
上游,晶片封測服務,2449,京元電子,2024,3,balance_sheet,資產總計,82576690,"82,576,690",sii,https://mopsov.twse.com.tw/mops/web/ajax_t163sb05
上游,晶片封測服務,2449,京元電子,2024,3,balance_sheet,流動負債,15178215,"15,178,215",sii,https://mopsov.twse.com.tw/mops/web/ajax_t163sb05
上游,晶片封測服務,2449,京元電子,2024,3,balance_sheet,非流動負債,24416658,"24,416,658",sii,https://mopsov.twse.com.tw/mops/web/ajax_t163sb05
上游,晶片封測服務,2449,京元電子,2024,3,balance_sheet,負債總計,39594873,"39,594,873",sii,https://mopsov.twse.com.tw/mops/web/ajax_t163sb05
上游,晶片封測服務,2449,京元電子,2024,3,balance_sheet,股本,12227451,"12,227,451",sii,https://mopsov.twse.com.tw/mops/web/ajax_t163sb05
上游,晶片封測服務,2449,京元電子,2024,3,balance_sheet,權益─具證券性質之虛擬通貨,,--,sii,https://mopsov.twse.com.tw/mops/web/ajax_t163sb05
上游,晶片封測服務,2449,京元電子,2024,3,balance_sheet,資本公積,5068280,"5,068,280",sii,https://mopsov.twse.com.tw/mops/web/ajax_t163sb05
上游,晶片封測服務,2449,京元電子,2024,3,balance_sheet,保留盈餘,20348945,"20,348,945",sii,https://mopsov.twse.com.tw/mops/web/ajax_t163sb05
上游,晶片封測服務,2449,京元電子,2024,3,balance_sheet,其他權益,4028688,"4,028,688",sii,https://mopsov.twse.com.tw/mops/web/ajax_t163sb05
上游,晶片封測服務,2449,京元電子,2024,3,balance_sheet,庫藏股票,,--,sii,https://mopsov.twse.com.tw/mops/web/ajax_t163sb05
上游,晶片封測服務,2449,京元電子,2024,3,balance_sheet,歸屬於母公司業主之權益合計,41673364,"41,673,364",sii,https://mopsov.twse.com.tw/mops/web/ajax_t163sb05
上游,晶片封測服務,2449,京元電子,2024,3,balance_sheet,共同控制下前手權益,,--,sii,https://mopsov.twse.com.tw/mops/web/ajax_t163sb05
上游,晶片封測服務,2449,京元電子,2024,3,balance_sheet,合併前非屬共同控制股權,,--,sii,https://mopsov.twse.com.tw/mops/web/ajax_t163sb05
上游,晶片封測服務,2449,京元電子,2024,3,balance_sheet,非控制權益,1308453,"1,308,453",sii,https://mopsov.twse.com.tw/mops/web/ajax_t163sb05
上游,晶片封測服務,2449,京元電子,2024,3,balance_sheet,權益總計,42981817,"42,981,817",sii,https://mopsov.twse.com.tw/mops/web/ajax_t163sb05
上游,晶片封測服務,2449,京元電子,2024,3,balance_sheet,待註銷股本股數（單位：股）,,--,sii,https://mopsov.twse.com.tw/mops/web/ajax_t163sb05
上游,晶片封測服務,2449,京元電子,2024,3,balance_sheet,預收股款（權益項下）之約當發行股數（單位：股）,0,0,sii,https://mopsov.twse.com.tw/mops/web/ajax_t163sb05
上游,晶片封測服務,2449,京元電子,2024,3,balance_sheet,母公司暨子公司所持有之母公司庫藏股股數（單位：股）,0,0,sii,https://mopsov.twse.com.tw/mops/web/ajax_t163sb05
上游,晶片封測服務,2449,京元電子,2024,3,balance_sheet,每股參考淨值,34.08,34.08,sii,https://mopsov.twse.com.tw/mops/web/ajax_t163sb05
上游,晶片封測服務,3711,日月光投控,2024,3,balance_sheet,流動資產,278764717,"278,764,717",sii,https://mopsov.twse.com.tw/mops/web/ajax_t163sb05
上游,晶片封測服務,3711,日月光投控,2024,3,balance_sheet,非流動資產,435794236,"435,794,236",sii,https://mopsov.twse.com.tw/mops/web/ajax_t163sb05
上游,晶片封測服務,3711,日月光投控,2024,3,balance_sheet,資產總計,714558953,"714,558,953",sii,https://mopsov.twse.com.tw/mops/web/ajax_t163sb05
上游,晶片封測服務,3711,日月光投控,2024,3,balance_sheet,流動負債,235682335,"235,682,335",sii,https://mopsov.twse.com.tw/mops/web/ajax_t163sb05
上游,晶片封測服務,3711,日月光投控,2024,3,balance_sheet,非流動負債,147823648,"147,823,648",sii,https://mopsov.twse.com.tw/mops/web/ajax_t163sb05
上游,晶片封測服務,3711,日月光投控,2024,3,balance_sheet,負債總計,383505983,"383,505,983",sii,https://mopsov.twse.com.tw/mops/web/ajax_t163sb05
上游,晶片封測服務,3711,日月光投控,2024,3,balance_sheet,股本,44121188,"44,121,188",sii,https://mopsov.twse.com.tw/mops/web/ajax_t163sb05
上游,晶片封測服務,3711,日月光投控,2024,3,balance_sheet,權益─具證券性質之虛擬通貨,,--,sii,https://mopsov.twse.com.tw/mops/web/ajax_t163sb05
上游,晶片封測服務,3711,日月光投控,2024,3,balance_sheet,資本公積,148239064,"148,239,064",sii,https://mopsov.twse.com.tw/mops/web/ajax_t163sb05
上游,晶片封測服務,3711,日月光投控,2024,3,balance_sheet,保留盈餘,114394690,"114,394,690",sii,https://mopsov.twse.com.tw/mops/web/ajax_t163sb05
上游,晶片封測服務,3711,日月光投控,2024,3,balance_sheet,其他權益,4603391,"4,603,391",sii,https://mopsov.twse.com.tw/mops/web/ajax_t163sb05
上游,晶片封測服務,3711,日月光投控,2024,3,balance_sheet,庫藏股票,-1959107,"-1,959,107",sii,https://mopsov.twse.com.tw/mops/web/ajax_t163sb05
上游,晶片封測服務,3711,日月光投控,2024,3,balance_sheet,歸屬於母公司業主之權益合計,309399226,"309,399,226",sii,https://mopsov.twse.com.tw/mops/web/ajax_t163sb05
上游,晶片封測服務,3711,日月光投控,2024,3,balance_sheet,共同控制下前手權益,,--,sii,https://mopsov.twse.com.tw/mops/web/ajax_t163sb05
上游,晶片封測服務,3711,日月光投控,2024,3,balance_sheet,合併前非屬共同控制股權,,--,sii,https://mopsov.twse.com.tw/mops/web/ajax_t163sb05
上游,晶片封測服務,3711,日月光投控,2024,3,balance_sheet,非控制權益,21653744,"21,653,744",sii,https://mopsov.twse.com.tw/mops/web/ajax_t163sb05
上游,晶片封測服務,3711,日月光投控,2024,3,balance_sheet,權益總計,331052970,"331,052,970",sii,https://mopsov.twse.com.tw/mops/web/ajax_t163sb05
上游,晶片封測服務,3711,日月光投控,2024,3,balance_sheet,待註銷股本股數（單位：股）,,--,sii,https://mopsov.twse.com.tw/mops/web/ajax_t163sb05
上游,晶片封測服務,3711,日月光投控,2024,3,balance_sheet,預收股款（權益項下）之約當發行股數（單位：股）,5440700,"5,440,700",sii,https://mopsov.twse.com.tw/mops/web/ajax_t163sb05
上游,晶片封測服務,3711,日月光投控,2024,3,balance_sheet,母公司暨子公司所持有之母公司庫藏股股數（單位：股）,72941505,"72,941,505",sii,https://mopsov.twse.com.tw/mops/web/ajax_t163sb05
上游,晶片封測服務,3711,日月光投控,2024,3,balance_sheet,每股參考淨值,71.3,71.30,sii,https://mopsov.twse.com.tw/mops/web/ajax_t163sb05
上游,晶片封測服務,2449,京元電子,2024,3,cash_flow,營業活動之淨現金流入（流出）,12503233,"12,503,233",sii,https://mopsov.twse.com.tw/mops/web/ajax_t163sb20
上游,晶片封測服務,2449,京元電子,2024,3,cash_flow,投資活動之淨現金流入（流出）,-8733185,"-8,733,185",sii,https://mopsov.twse.com.tw/mops/web/ajax_t163sb20
上游,晶片封測服務,2449,京元電子,2024,3,cash_flow,籌資活動之淨現金流入（流出）,-2167628,"-2,167,628",sii,https://mopsov.twse.com.tw/mops/web/ajax_t163sb20
上游,晶片封測服務,2449,京元電子,2024,3,cash_flow,匯率變動對現金及約當現金之影響,-32131,"-32,131",sii,https://mopsov.twse.com.tw/mops/web/ajax_t163sb20
上游,晶片封測服務,2449,京元電子,2024,3,cash_flow,本期現金及約當現金增加（減少）數,1570289,"1,570,289",sii,https://mopsov.twse.com.tw/mops/web/ajax_t163sb20
上游,晶片封測服務,2449,京元電子,2024,3,cash_flow,期初現金及約當現金餘額,12262554,"12,262,554",sii,https://mopsov.twse.com.tw/mops/web/ajax_t163sb20
上游,晶片封測服務,2449,京元電子,2024,3,cash_flow,期末現金及約當現金餘額,13832843,"13,832,843",sii,https://mopsov.twse.com.tw/mops/web/ajax_t163sb20
上游,晶片封測服務,3711,日月光投控,2024,3,cash_flow,營業活動之淨現金流入（流出）,55542682,"55,542,682",sii,https://mopsov.twse.com.tw/mops/web/ajax_t163sb20
上游,晶片封測服務,3711,日月光投控,2024,3,cash_flow,投資活動之淨現金流入（流出）,-52351807,"-52,351,807",sii,https://mopsov.twse.com.tw/mops/web/ajax_t163sb20
上游,晶片封測服務,3711,日月光投控,2024,3,cash_flow,籌資活動之淨現金流入（流出）,-5198074,"-5,198,074",sii,https://mopsov.twse.com.tw/mops/web/ajax_t163sb20
上游,晶片封測服務,3711,日月光投控,2024,3,cash_flow,匯率變動對現金及約當現金之影響,6433809,"6,433,809",sii,https://mopsov.twse.com.tw/mops/web/ajax_t163sb20
上游,晶片封測服務,3711,日月光投控,2024,3,cash_flow,本期現金及約當現金增加（減少）數,4426610,"4,426,610",sii,https://mopsov.twse.com.tw/mops/web/ajax_t163sb20
上游,晶片封測服務,3711,日月光投控,2024,3,cash_flow,期初現金及約當現金餘額,67284518,"67,284,518",sii,https://mopsov.twse.com.tw/mops/web/ajax_t163sb20
上游,晶片封測服務,3711,日月光投控,2024,3,cash_flow,期末現金及約當現金餘額,71711128,"71,711,128",sii,https://mopsov.twse.com.tw/mops/web/ajax_t163sb20
上游,晶片封測服務,2449,京元電子,2024,4,income_statement,營業收入,26856031,"26,856,031",sii,https://mopsov.twse.com.tw/mops/web/ajax_t163sb04
上游,晶片封測服務,2449,京元電子,2024,4,income_statement,營業成本,17512212,"17,512,212",sii,https://mopsov.twse.com.tw/mops/web/ajax_t163sb04
上游,晶片封測服務,2449,京元電子,2024,4,income_statement,原始認列生物資產及農產品之利益（損失）,,--,sii,https://mopsov.twse.com.tw/mops/web/ajax_t163sb04
上游,晶片封測服務,2449,京元電子,2024,4,income_statement,生物資產當期公允價值減出售成本之變動利益（損失）,,--,sii,https://mopsov.twse.com.tw/mops/web/ajax_t163sb04
上游,晶片封測服務,2449,京元電子,2024,4,income_statement,營業毛利（毛損）,9343819,"9,343,819",sii,https://mopsov.twse.com.tw/mops/web/ajax_t163sb04
上游,晶片封測服務,2449,京元電子,2024,4,income_statement,未實現銷貨（損）益,,--,sii,https://mopsov.twse.com.tw/mops/web/ajax_t163sb04
上游,晶片封測服務,2449,京元電子,2024,4,income_statement,已實現銷貨（損）益,,--,sii,https://mopsov.twse.com.tw/mops/web/ajax_t163sb04
上游,晶片封測服務,2449,京元電子,2024,4,income_statement,營業毛利（毛損）淨額,9343819,"9,343,819",sii,https://mopsov.twse.com.tw/mops/web/ajax_t163sb04
上游,晶片封測服務,2449,京元電子,2024,4,income_statement,營業費用,3171553,"3,171,553",sii,https://mopsov.twse.com.tw/mops/web/ajax_t163sb04
上游,晶片封測服務,2449,京元電子,2024,4,income_statement,其他收益及費損淨額,,--,sii,https://mopsov.twse.com.tw/mops/web/ajax_t163sb04
上游,晶片封測服務,2449,京元電子,2024,4,income_statement,營業利益（損失）,6172266,"6,172,266",sii,https://mopsov.twse.com.tw/mops/web/ajax_t163sb04
上游,晶片封測服務,2449,京元電子,2024,4,income_statement,營業外收入及支出,-200719,"-200,719",sii,https://mopsov.twse.com.tw/mops/web/ajax_t163sb04
上游,晶片封測服務,2449,京元電子,2024,4,income_statement,稅前淨利（淨損）,5971547,"5,971,547",sii,https://mopsov.twse.com.tw/mops/web/ajax_t163sb04
上游,晶片封測服務,2449,京元電子,2024,4,income_statement,所得稅費用（利益）,1210746,"1,210,746",sii,https://mopsov.twse.com.tw/mops/web/ajax_t163sb04
上游,晶片封測服務,2449,京元電子,2024,4,income_statement,繼續營業單位本期淨利（淨損）,4760801,"4,760,801",sii,https://mopsov.twse.com.tw/mops/web/ajax_t163sb04
上游,晶片封測服務,2449,京元電子,2024,4,income_statement,停業單位損益,3334485,"3,334,485",sii,https://mopsov.twse.com.tw/mops/web/ajax_t163sb04
上游,晶片封測服務,2449,京元電子,2024,4,income_statement,合併前非屬共同控制股權損益,,--,sii,https://mopsov.twse.com.tw/mops/web/ajax_t163sb04
上游,晶片封測服務,2449,京元電子,2024,4,income_statement,本期淨利（淨損）,8095286,"8,095,286",sii,https://mopsov.twse.com.tw/mops/web/ajax_t163sb04
上游,晶片封測服務,2449,京元電子,2024,4,income_statement,其他綜合損益（淨額）,462471,"462,471",sii,https://mopsov.twse.com.tw/mops/web/ajax_t163sb04
上游,晶片封測服務,2449,京元電子,2024,4,income_statement,合併前非屬共同控制股權綜合損益淨額,,--,sii,https://mopsov.twse.com.tw/mops/web/ajax_t163sb04
上游,晶片封測服務,2449,京元電子,2024,4,income_statement,本期綜合損益總額,8557757,"8,557,757",sii,https://mopsov.twse.com.tw/mops/web/ajax_t163sb04
上游,晶片封測服務,2449,京元電子,2024,4,income_statement,淨利（淨損）歸屬於母公司業主,7779428,"7,779,428",sii,https://mopsov.twse.com.tw/mops/web/ajax_t163sb04
上游,晶片封測服務,2449,京元電子,2024,4,income_statement,淨利（淨損）歸屬於共同控制下前手權益,,--,sii,https://mopsov.twse.com.tw/mops/web/ajax_t163sb04
上游,晶片封測服務,2449,京元電子,2024,4,income_statement,淨利（淨損）歸屬於非控制權益,315858,"315,858",sii,https://mopsov.twse.com.tw/mops/web/ajax_t163sb04
上游,晶片封測服務,2449,京元電子,2024,4,income_statement,綜合損益總額歸屬於母公司業主,8183865,"8,183,865",sii,https://mopsov.twse.com.tw/mops/web/ajax_t163sb04
上游,晶片封測服務,2449,京元電子,2024,4,income_statement,綜合損益總額歸屬於共同控制下前手權益,,--,sii,https://mopsov.twse.com.tw/mops/web/ajax_t163sb04
上游,晶片封測服務,2449,京元電子,2024,4,income_statement,綜合損益總額歸屬於非控制權益,373892,"373,892",sii,https://mopsov.twse.com.tw/mops/web/ajax_t163sb04
上游,晶片封測服務,2449,京元電子,2024,4,income_statement,基本每股盈餘（元）,6.36,6.36,sii,https://mopsov.twse.com.tw/mops/web/ajax_t163sb04
上游,晶片封測服務,3711,日月光投控,2024,4,income_statement,營業收入,595409585,"595,409,585",sii,https://mopsov.twse.com.tw/mops/web/ajax_t163sb04
上游,晶片封測服務,3711,日月光投控,2024,4,income_statement,營業成本,498477841,"498,477,841",sii,https://mopsov.twse.com.tw/mops/web/ajax_t163sb04
上游,晶片封測服務,3711,日月光投控,2024,4,income_statement,原始認列生物資產及農產品之利益（損失）,,--,sii,https://mopsov.twse.com.tw/mops/web/ajax_t163sb04
上游,晶片封測服務,3711,日月光投控,2024,4,income_statement,生物資產當期公允價值減出售成本之變動利益（損失）,,--,sii,https://mopsov.twse.com.tw/mops/web/ajax_t163sb04
上游,晶片封測服務,3711,日月光投控,2024,4,income_statement,營業毛利（毛損）,96931744,"96,931,744",sii,https://mopsov.twse.com.tw/mops/web/ajax_t163sb04
上游,晶片封測服務,3711,日月光投控,2024,4,income_statement,未實現銷貨（損）益,,--,sii,https://mopsov.twse.com.tw/mops/web/ajax_t163sb04
上游,晶片封測服務,3711,日月光投控,2024,4,income_statement,已實現銷貨（損）益,,--,sii,https://mopsov.twse.com.tw/mops/web/ajax_t163sb04
上游,晶片封測服務,3711,日月光投控,2024,4,income_statement,營業毛利（毛損）淨額,96931744,"96,931,744",sii,https://mopsov.twse.com.tw/mops/web/ajax_t163sb04
上游,晶片封測服務,3711,日月光投控,2024,4,income_statement,營業費用,57765359,"57,765,359",sii,https://mopsov.twse.com.tw/mops/web/ajax_t163sb04
上游,晶片封測服務,3711,日月光投控,2024,4,income_statement,其他收益及費損淨額,,--,sii,https://mopsov.twse.com.tw/mops/web/ajax_t163sb04
上游,晶片封測服務,3711,日月光投控,2024,4,income_statement,營業利益（損失）,39166385,"39,166,385",sii,https://mopsov.twse.com.tw/mops/web/ajax_t163sb04
上游,晶片封測服務,3711,日月光投控,2024,4,income_statement,營業外收入及支出,2517102,"2,517,102",sii,https://mopsov.twse.com.tw/mops/web/ajax_t163sb04
上游,晶片封測服務,3711,日月光投控,2024,4,income_statement,稅前淨利（淨損）,41683487,"41,683,487",sii,https://mopsov.twse.com.tw/mops/web/ajax_t163sb04
上游,晶片封測服務,3711,日月光投控,2024,4,income_statement,所得稅費用（利益）,7757845,"7,757,845",sii,https://mopsov.twse.com.tw/mops/web/ajax_t163sb04
上游,晶片封測服務,3711,日月光投控,2024,4,income_statement,繼續營業單位本期淨利（淨損）,33925642,"33,925,642",sii,https://mopsov.twse.com.tw/mops/web/ajax_t163sb04
上游,晶片封測服務,3711,日月光投控,2024,4,income_statement,停業單位損益,,--,sii,https://mopsov.twse.com.tw/mops/web/ajax_t163sb04
上游,晶片封測服務,3711,日月光投控,2024,4,income_statement,合併前非屬共同控制股權損益,,--,sii,https://mopsov.twse.com.tw/mops/web/ajax_t163sb04
上游,晶片封測服務,3711,日月光投控,2024,4,income_statement,本期淨利（淨損）,33925642,"33,925,642",sii,https://mopsov.twse.com.tw/mops/web/ajax_t163sb04
上游,晶片封測服務,3711,日月光投控,2024,4,income_statement,其他綜合損益（淨額）,13665237,"13,665,237",sii,https://mopsov.twse.com.tw/mops/web/ajax_t163sb04
上游,晶片封測服務,3711,日月光投控,2024,4,income_statement,合併前非屬共同控制股權綜合損益淨額,,--,sii,https://mopsov.twse.com.tw/mops/web/ajax_t163sb04
上游,晶片封測服務,3711,日月光投控,2024,4,income_statement,本期綜合損益總額,47590879,"47,590,879",sii,https://mopsov.twse.com.tw/mops/web/ajax_t163sb04
上游,晶片封測服務,3711,日月光投控,2024,4,income_statement,淨利（淨損）歸屬於母公司業主,32482479,"32,482,479",sii,https://mopsov.twse.com.tw/mops/web/ajax_t163sb04
上游,晶片封測服務,3711,日月光投控,2024,4,income_statement,淨利（淨損）歸屬於共同控制下前手權益,,--,sii,https://mopsov.twse.com.tw/mops/web/ajax_t163sb04
上游,晶片封測服務,3711,日月光投控,2024,4,income_statement,淨利（淨損）歸屬於非控制權益,1443163,"1,443,163",sii,https://mopsov.twse.com.tw/mops/web/ajax_t163sb04
上游,晶片封測服務,3711,日月光投控,2024,4,income_statement,綜合損益總額歸屬於母公司業主,45333591,"45,333,591",sii,https://mopsov.twse.com.tw/mops/web/ajax_t163sb04
上游,晶片封測服務,3711,日月光投控,2024,4,income_statement,綜合損益總額歸屬於共同控制下前手權益,,--,sii,https://mopsov.twse.com.tw/mops/web/ajax_t163sb04
上游,晶片封測服務,3711,日月光投控,2024,4,income_statement,綜合損益總額歸屬於非控制權益,2257288,"2,257,288",sii,https://mopsov.twse.com.tw/mops/web/ajax_t163sb04
上游,晶片封測服務,3711,日月光投控,2024,4,income_statement,基本每股盈餘（元）,7.52,7.52,sii,https://mopsov.twse.com.tw/mops/web/ajax_t163sb04
上游,晶片封測服務,2449,京元電子,2024,4,balance_sheet,流動資產,43917988,"43,917,988",sii,https://mopsov.twse.com.tw/mops/web/ajax_t163sb05
上游,晶片封測服務,2449,京元電子,2024,4,balance_sheet,非流動資產,42792798,"42,792,798",sii,https://mopsov.twse.com.tw/mops/web/ajax_t163sb05
上游,晶片封測服務,2449,京元電子,2024,4,balance_sheet,資產總計,86710786,"86,710,786",sii,https://mopsov.twse.com.tw/mops/web/ajax_t163sb05
上游,晶片封測服務,2449,京元電子,2024,4,balance_sheet,流動負債,16906628,"16,906,628",sii,https://mopsov.twse.com.tw/mops/web/ajax_t163sb05
上游,晶片封測服務,2449,京元電子,2024,4,balance_sheet,非流動負債,25092675,"25,092,675",sii,https://mopsov.twse.com.tw/mops/web/ajax_t163sb05
上游,晶片封測服務,2449,京元電子,2024,4,balance_sheet,負債總計,41999303,"41,999,303",sii,https://mopsov.twse.com.tw/mops/web/ajax_t163sb05
上游,晶片封測服務,2449,京元電子,2024,4,balance_sheet,股本,12227451,"12,227,451",sii,https://mopsov.twse.com.tw/mops/web/ajax_t163sb05
上游,晶片封測服務,2449,京元電子,2024,4,balance_sheet,權益─具證券性質之虛擬通貨,,--,sii,https://mopsov.twse.com.tw/mops/web/ajax_t163sb05
上游,晶片封測服務,2449,京元電子,2024,4,balance_sheet,資本公積,5077764,"5,077,764",sii,https://mopsov.twse.com.tw/mops/web/ajax_t163sb05
上游,晶片封測服務,2449,京元電子,2024,4,balance_sheet,保留盈餘,22396262,"22,396,262",sii,https://mopsov.twse.com.tw/mops/web/ajax_t163sb05
上游,晶片封測服務,2449,京元電子,2024,4,balance_sheet,其他權益,3594796,"3,594,796",sii,https://mopsov.twse.com.tw/mops/web/ajax_t163sb05
上游,晶片封測服務,2449,京元電子,2024,4,balance_sheet,庫藏股票,,--,sii,https://mopsov.twse.com.tw/mops/web/ajax_t163sb05
上游,晶片封測服務,2449,京元電子,2024,4,balance_sheet,歸屬於母公司業主之權益合計,43296273,"43,296,273",sii,https://mopsov.twse.com.tw/mops/web/ajax_t163sb05
上游,晶片封測服務,2449,京元電子,2024,4,balance_sheet,共同控制下前手權益,,--,sii,https://mopsov.twse.com.tw/mops/web/ajax_t163sb05
上游,晶片封測服務,2449,京元電子,2024,4,balance_sheet,合併前非屬共同控制股權,,--,sii,https://mopsov.twse.com.tw/mops/web/ajax_t163sb05
上游,晶片封測服務,2449,京元電子,2024,4,balance_sheet,非控制權益,1415210,"1,415,210",sii,https://mopsov.twse.com.tw/mops/web/ajax_t163sb05
上游,晶片封測服務,2449,京元電子,2024,4,balance_sheet,權益總計,44711483,"44,711,483",sii,https://mopsov.twse.com.tw/mops/web/ajax_t163sb05
上游,晶片封測服務,2449,京元電子,2024,4,balance_sheet,待註銷股本股數（單位：股）,,--,sii,https://mopsov.twse.com.tw/mops/web/ajax_t163sb05
上游,晶片封測服務,2449,京元電子,2024,4,balance_sheet,預收股款（權益項下）之約當發行股數（單位：股）,0,0,sii,https://mopsov.twse.com.tw/mops/web/ajax_t163sb05
上游,晶片封測服務,2449,京元電子,2024,4,balance_sheet,母公司暨子公司所持有之母公司庫藏股股數（單位：股）,0,0,sii,https://mopsov.twse.com.tw/mops/web/ajax_t163sb05
上游,晶片封測服務,2449,京元電子,2024,4,balance_sheet,每股參考淨值,35.41,35.41,sii,https://mopsov.twse.com.tw/mops/web/ajax_t163sb05
上游,晶片封測服務,3711,日月光投控,2024,4,balance_sheet,流動資產,275285086,"275,285,086",sii,https://mopsov.twse.com.tw/mops/web/ajax_t163sb05
上游,晶片封測服務,3711,日月光投控,2024,4,balance_sheet,非流動資產,465412721,"465,412,721",sii,https://mopsov.twse.com.tw/mops/web/ajax_t163sb05
上游,晶片封測服務,3711,日月光投控,2024,4,balance_sheet,資產總計,740697807,"740,697,807",sii,https://mopsov.twse.com.tw/mops/web/ajax_t163sb05
上游,晶片封測服務,3711,日月光投控,2024,4,balance_sheet,流動負債,230939518,"230,939,518",sii,https://mopsov.twse.com.tw/mops/web/ajax_t163sb05
上游,晶片封測服務,3711,日月光投控,2024,4,balance_sheet,非流動負債,163971694,"163,971,694",sii,https://mopsov.twse.com.tw/mops/web/ajax_t163sb05
上游,晶片封測服務,3711,日月光投控,2024,4,balance_sheet,負債總計,394911212,"394,911,212",sii,https://mopsov.twse.com.tw/mops/web/ajax_t163sb05
上游,晶片封測服務,3711,日月光投控,2024,4,balance_sheet,股本,44152505,"44,152,505",sii,https://mopsov.twse.com.tw/mops/web/ajax_t163sb05
上游,晶片封測服務,3711,日月光投控,2024,4,balance_sheet,權益─具證券性質之虛擬通貨,,--,sii,https://mopsov.twse.com.tw/mops/web/ajax_t163sb05
上游,晶片封測服務,3711,日月光投控,2024,4,balance_sheet,資本公積,148872716,"148,872,716",sii,https://mopsov.twse.com.tw/mops/web/ajax_t163sb05
上游,晶片封測服務,3711,日月光投控,2024,4,balance_sheet,保留盈餘,123946687,"123,946,687",sii,https://mopsov.twse.com.tw/mops/web/ajax_t163sb05
上游,晶片封測服務,3711,日月光投控,2024,4,balance_sheet,其他權益,8510211,"8,510,211",sii,https://mopsov.twse.com.tw/mops/web/ajax_t163sb05
上游,晶片封測服務,3711,日月光投控,2024,4,balance_sheet,庫藏股票,-1959107,"-1,959,107",sii,https://mopsov.twse.com.tw/mops/web/ajax_t163sb05
上游,晶片封測服務,3711,日月光投控,2024,4,balance_sheet,歸屬於母公司業主之權益合計,323523012,"323,523,012",sii,https://mopsov.twse.com.tw/mops/web/ajax_t163sb05
上游,晶片封測服務,3711,日月光投控,2024,4,balance_sheet,共同控制下前手權益,,--,sii,https://mopsov.twse.com.tw/mops/web/ajax_t163sb05
上游,晶片封測服務,3711,日月光投控,2024,4,balance_sheet,合併前非屬共同控制股權,,--,sii,https://mopsov.twse.com.tw/mops/web/ajax_t163sb05
上游,晶片封測服務,3711,日月光投控,2024,4,balance_sheet,非控制權益,22263583,"22,263,583",sii,https://mopsov.twse.com.tw/mops/web/ajax_t163sb05
上游,晶片封測服務,3711,日月光投控,2024,4,balance_sheet,權益總計,345786595,"345,786,595",sii,https://mopsov.twse.com.tw/mops/web/ajax_t163sb05
上游,晶片封測服務,3711,日月光投控,2024,4,balance_sheet,待註銷股本股數（單位：股）,,--,sii,https://mopsov.twse.com.tw/mops/web/ajax_t163sb05
上游,晶片封測服務,3711,日月光投控,2024,4,balance_sheet,預收股款（權益項下）之約當發行股數（單位：股）,3186200,"3,186,200",sii,https://mopsov.twse.com.tw/mops/web/ajax_t163sb05
上游,晶片封測服務,3711,日月光投控,2024,4,balance_sheet,母公司暨子公司所持有之母公司庫藏股股數（單位：股）,72941505,"72,941,505",sii,https://mopsov.twse.com.tw/mops/web/ajax_t163sb05
上游,晶片封測服務,3711,日月光投控,2024,4,balance_sheet,每股參考淨值,74.5,74.50,sii,https://mopsov.twse.com.tw/mops/web/ajax_t163sb05
上游,晶片封測服務,2449,京元電子,2024,4,cash_flow,營業活動之淨現金流入（流出）,18475460,"18,475,460",sii,https://mopsov.twse.com.tw/mops/web/ajax_t163sb20
上游,晶片封測服務,2449,京元電子,2024,4,cash_flow,投資活動之淨現金流入（流出）,-14355255,"-14,355,255",sii,https://mopsov.twse.com.tw/mops/web/ajax_t163sb20
上游,晶片封測服務,2449,京元電子,2024,4,cash_flow,籌資活動之淨現金流入（流出）,-2781073,"-2,781,073",sii,https://mopsov.twse.com.tw/mops/web/ajax_t163sb20
上游,晶片封測服務,2449,京元電子,2024,4,cash_flow,匯率變動對現金及約當現金之影響,935,935,sii,https://mopsov.twse.com.tw/mops/web/ajax_t163sb20
上游,晶片封測服務,2449,京元電子,2024,4,cash_flow,本期現金及約當現金增加（減少）數,1340067,"1,340,067",sii,https://mopsov.twse.com.tw/mops/web/ajax_t163sb20
上游,晶片封測服務,2449,京元電子,2024,4,cash_flow,期初現金及約當現金餘額,12262554,"12,262,554",sii,https://mopsov.twse.com.tw/mops/web/ajax_t163sb20
上游,晶片封測服務,2449,京元電子,2024,4,cash_flow,期末現金及約當現金餘額,13602621,"13,602,621",sii,https://mopsov.twse.com.tw/mops/web/ajax_t163sb20
上游,晶片封測服務,3711,日月光投控,2024,4,cash_flow,營業活動之淨現金流入（流出）,90787754,"90,787,754",sii,https://mopsov.twse.com.tw/mops/web/ajax_t163sb20
上游,晶片封測服務,3711,日月光投控,2024,4,cash_flow,投資活動之淨現金流入（流出）,-83908665,"-83,908,665",sii,https://mopsov.twse.com.tw/mops/web/ajax_t163sb20
上游,晶片封測服務,3711,日月光投控,2024,4,cash_flow,籌資活動之淨現金流入（流出）,-7271206,"-7,271,206",sii,https://mopsov.twse.com.tw/mops/web/ajax_t163sb20
上游,晶片封測服務,3711,日月光投控,2024,4,cash_flow,匯率變動對現金及約當現金之影響,9600423,"9,600,423",sii,https://mopsov.twse.com.tw/mops/web/ajax_t163sb20
上游,晶片封測服務,3711,日月光投控,2024,4,cash_flow,本期現金及約當現金增加（減少）數,9208306,"9,208,306",sii,https://mopsov.twse.com.tw/mops/web/ajax_t163sb20
上游,晶片封測服務,3711,日月光投控,2024,4,cash_flow,期初現金及約當現金餘額,67284518,"67,284,518",sii,https://mopsov.twse.com.tw/mops/web/ajax_t163sb20
上游,晶片封測服務,3711,日月光投控,2024,4,cash_flow,期末現金及約當現金餘額,76492824,"76,492,824",sii,https://mopsov.twse.com.tw/mops/web/ajax_t163sb20
上游,晶片封測服務,2449,京元電子,2025,1,income_statement,營業收入,7315490,"7,315,490",sii,https://mopsov.twse.com.tw/mops/web/ajax_t163sb04
上游,晶片封測服務,2449,京元電子,2025,1,income_statement,營業成本,4865117,"4,865,117",sii,https://mopsov.twse.com.tw/mops/web/ajax_t163sb04
上游,晶片封測服務,2449,京元電子,2025,1,income_statement,原始認列生物資產及農產品之利益（損失）,,--,sii,https://mopsov.twse.com.tw/mops/web/ajax_t163sb04
上游,晶片封測服務,2449,京元電子,2025,1,income_statement,生物資產當期公允價值減出售成本之變動利益（損失）,,--,sii,https://mopsov.twse.com.tw/mops/web/ajax_t163sb04
上游,晶片封測服務,2449,京元電子,2025,1,income_statement,營業毛利（毛損）,2450373,"2,450,373",sii,https://mopsov.twse.com.tw/mops/web/ajax_t163sb04
上游,晶片封測服務,2449,京元電子,2025,1,income_statement,未實現銷貨（損）益,,--,sii,https://mopsov.twse.com.tw/mops/web/ajax_t163sb04
上游,晶片封測服務,2449,京元電子,2025,1,income_statement,已實現銷貨（損）益,,--,sii,https://mopsov.twse.com.tw/mops/web/ajax_t163sb04
上游,晶片封測服務,2449,京元電子,2025,1,income_statement,營業毛利（毛損）淨額,2450373,"2,450,373",sii,https://mopsov.twse.com.tw/mops/web/ajax_t163sb04
上游,晶片封測服務,2449,京元電子,2025,1,income_statement,營業費用,927678,"927,678",sii,https://mopsov.twse.com.tw/mops/web/ajax_t163sb04
上游,晶片封測服務,2449,京元電子,2025,1,income_statement,其他收益及費損淨額,,--,sii,https://mopsov.twse.com.tw/mops/web/ajax_t163sb04
上游,晶片封測服務,2449,京元電子,2025,1,income_statement,營業利益（損失）,1522695,"1,522,695",sii,https://mopsov.twse.com.tw/mops/web/ajax_t163sb04
上游,晶片封測服務,2449,京元電子,2025,1,income_statement,營業外收入及支出,606572,"606,572",sii,https://mopsov.twse.com.tw/mops/web/ajax_t163sb04
上游,晶片封測服務,2449,京元電子,2025,1,income_statement,稅前淨利（淨損）,2129267,"2,129,267",sii,https://mopsov.twse.com.tw/mops/web/ajax_t163sb04
上游,晶片封測服務,2449,京元電子,2025,1,income_statement,所得稅費用（利益）,850196,"850,196",sii,https://mopsov.twse.com.tw/mops/web/ajax_t163sb04
上游,晶片封測服務,2449,京元電子,2025,1,income_statement,繼續營業單位本期淨利（淨損）,1279071,"1,279,071",sii,https://mopsov.twse.com.tw/mops/web/ajax_t163sb04
上游,晶片封測服務,2449,京元電子,2025,1,income_statement,停業單位損益,3053084,"3,053,084",sii,https://mopsov.twse.com.tw/mops/web/ajax_t163sb04
上游,晶片封測服務,2449,京元電子,2025,1,income_statement,合併前非屬共同控制股權損益,,--,sii,https://mopsov.twse.com.tw/mops/web/ajax_t163sb04
上游,晶片封測服務,2449,京元電子,2025,1,income_statement,本期淨利（淨損）,4332155,"4,332,155",sii,https://mopsov.twse.com.tw/mops/web/ajax_t163sb04
上游,晶片封測服務,2449,京元電子,2025,1,income_statement,其他綜合損益（淨額）,284854,"284,854",sii,https://mopsov.twse.com.tw/mops/web/ajax_t163sb04
上游,晶片封測服務,2449,京元電子,2025,1,income_statement,合併前非屬共同控制股權綜合損益淨額,,--,sii,https://mopsov.twse.com.tw/mops/web/ajax_t163sb04
上游,晶片封測服務,2449,京元電子,2025,1,income_statement,本期綜合損益總額,4617009,"4,617,009",sii,https://mopsov.twse.com.tw/mops/web/ajax_t163sb04
上游,晶片封測服務,2449,京元電子,2025,1,income_statement,淨利（淨損）歸屬於母公司業主,4290228,"4,290,228",sii,https://mopsov.twse.com.tw/mops/web/ajax_t163sb04
上游,晶片封測服務,2449,京元電子,2025,1,income_statement,淨利（淨損）歸屬於共同控制下前手權益,,--,sii,https://mopsov.twse.com.tw/mops/web/ajax_t163sb04
上游,晶片封測服務,2449,京元電子,2025,1,income_statement,淨利（淨損）歸屬於非控制權益,41927,"41,927",sii,https://mopsov.twse.com.tw/mops/web/ajax_t163sb04
上游,晶片封測服務,2449,京元電子,2025,1,income_statement,綜合損益總額歸屬於母公司業主,4574828,"4,574,828",sii,https://mopsov.twse.com.tw/mops/web/ajax_t163sb04
上游,晶片封測服務,2449,京元電子,2025,1,income_statement,綜合損益總額歸屬於共同控制下前手權益,,--,sii,https://mopsov.twse.com.tw/mops/web/ajax_t163sb04
上游,晶片封測服務,2449,京元電子,2025,1,income_statement,綜合損益總額歸屬於非控制權益,42181,"42,181",sii,https://mopsov.twse.com.tw/mops/web/ajax_t163sb04
上游,晶片封測服務,2449,京元電子,2025,1,income_statement,基本每股盈餘（元）,3.51,3.51,sii,https://mopsov.twse.com.tw/mops/web/ajax_t163sb04
上游,晶片封測服務,3711,日月光投控,2025,1,income_statement,營業收入,148153262,"148,153,262",sii,https://mopsov.twse.com.tw/mops/web/ajax_t163sb04
上游,晶片封測服務,3711,日月光投控,2025,1,income_statement,營業成本,123260526,"123,260,526",sii,https://mopsov.twse.com.tw/mops/web/ajax_t163sb04
上游,晶片封測服務,3711,日月光投控,2025,1,income_statement,原始認列生物資產及農產品之利益（損失）,,--,sii,https://mopsov.twse.com.tw/mops/web/ajax_t163sb04
上游,晶片封測服務,3711,日月光投控,2025,1,income_statement,生物資產當期公允價值減出售成本之變動利益（損失）,,--,sii,https://mopsov.twse.com.tw/mops/web/ajax_t163sb04
上游,晶片封測服務,3711,日月光投控,2025,1,income_statement,營業毛利（毛損）,24892736,"24,892,736",sii,https://mopsov.twse.com.tw/mops/web/ajax_t163sb04
上游,晶片封測服務,3711,日月光投控,2025,1,income_statement,未實現銷貨（損）益,,--,sii,https://mopsov.twse.com.tw/mops/web/ajax_t163sb04
上游,晶片封測服務,3711,日月光投控,2025,1,income_statement,已實現銷貨（損）益,,--,sii,https://mopsov.twse.com.tw/mops/web/ajax_t163sb04
上游,晶片封測服務,3711,日月光投控,2025,1,income_statement,營業毛利（毛損）淨額,24892736,"24,892,736",sii,https://mopsov.twse.com.tw/mops/web/ajax_t163sb04
上游,晶片封測服務,3711,日月光投控,2025,1,income_statement,營業費用,15221435,"15,221,435",sii,https://mopsov.twse.com.tw/mops/web/ajax_t163sb04
上游,晶片封測服務,3711,日月光投控,2025,1,income_statement,其他收益及費損淨額,,--,sii,https://mopsov.twse.com.tw/mops/web/ajax_t163sb04
上游,晶片封測服務,3711,日月光投控,2025,1,income_statement,營業利益（損失）,9671301,"9,671,301",sii,https://mopsov.twse.com.tw/mops/web/ajax_t163sb04
上游,晶片封測服務,3711,日月光投控,2025,1,income_statement,營業外收入及支出,138628,"138,628",sii,https://mopsov.twse.com.tw/mops/web/ajax_t163sb04
上游,晶片封測服務,3711,日月光投控,2025,1,income_statement,稅前淨利（淨損）,9809929,"9,809,929",sii,https://mopsov.twse.com.tw/mops/web/ajax_t163sb04
上游,晶片封測服務,3711,日月光投控,2025,1,income_statement,所得稅費用（利益）,2021624,"2,021,624",sii,https://mopsov.twse.com.tw/mops/web/ajax_t163sb04
上游,晶片封測服務,3711,日月光投控,2025,1,income_statement,繼續營業單位本期淨利（淨損）,7788305,"7,788,305",sii,https://mopsov.twse.com.tw/mops/web/ajax_t163sb04
上游,晶片封測服務,3711,日月光投控,2025,1,income_statement,停業單位損益,,--,sii,https://mopsov.twse.com.tw/mops/web/ajax_t163sb04
上游,晶片封測服務,3711,日月光投控,2025,1,income_statement,合併前非屬共同控制股權損益,,--,sii,https://mopsov.twse.com.tw/mops/web/ajax_t163sb04
上游,晶片封測服務,3711,日月光投控,2025,1,income_statement,本期淨利（淨損）,7788305,"7,788,305",sii,https://mopsov.twse.com.tw/mops/web/ajax_t163sb04
上游,晶片封測服務,3711,日月光投控,2025,1,income_statement,其他綜合損益（淨額）,2705910,"2,705,910",sii,https://mopsov.twse.com.tw/mops/web/ajax_t163sb04
上游,晶片封測服務,3711,日月光投控,2025,1,income_statement,合併前非屬共同控制股權綜合損益淨額,,--,sii,https://mopsov.twse.com.tw/mops/web/ajax_t163sb04
上游,晶片封測服務,3711,日月光投控,2025,1,income_statement,本期綜合損益總額,10494215,"10,494,215",sii,https://mopsov.twse.com.tw/mops/web/ajax_t163sb04
上游,晶片封測服務,3711,日月光投控,2025,1,income_statement,淨利（淨損）歸屬於母公司業主,7553833,"7,553,833",sii,https://mopsov.twse.com.tw/mops/web/ajax_t163sb04
上游,晶片封測服務,3711,日月光投控,2025,1,income_statement,淨利（淨損）歸屬於共同控制下前手權益,,--,sii,https://mopsov.twse.com.tw/mops/web/ajax_t163sb04
上游,晶片封測服務,3711,日月光投控,2025,1,income_statement,淨利（淨損）歸屬於非控制權益,234472,"234,472",sii,https://mopsov.twse.com.tw/mops/web/ajax_t163sb04
上游,晶片封測服務,3711,日月光投控,2025,1,income_statement,綜合損益總額歸屬於母公司業主,9953412,"9,953,412",sii,https://mopsov.twse.com.tw/mops/web/ajax_t163sb04
上游,晶片封測服務,3711,日月光投控,2025,1,income_statement,綜合損益總額歸屬於共同控制下前手權益,,--,sii,https://mopsov.twse.com.tw/mops/web/ajax_t163sb04
上游,晶片封測服務,3711,日月光投控,2025,1,income_statement,綜合損益總額歸屬於非控制權益,540803,"540,803",sii,https://mopsov.twse.com.tw/mops/web/ajax_t163sb04
上游,晶片封測服務,3711,日月光投控,2025,1,income_statement,基本每股盈餘（元）,1.75,1.75,sii,https://mopsov.twse.com.tw/mops/web/ajax_t163sb04
上游,晶片封測服務,2449,京元電子,2025,1,balance_sheet,流動資產,28923281,"28,923,281",sii,https://mopsov.twse.com.tw/mops/web/ajax_t163sb05
上游,晶片封測服務,2449,京元電子,2025,1,balance_sheet,非流動資產,46861843,"46,861,843",sii,https://mopsov.twse.com.tw/mops/web/ajax_t163sb05
上游,晶片封測服務,2449,京元電子,2025,1,balance_sheet,資產總計,75785124,"75,785,124",sii,https://mopsov.twse.com.tw/mops/web/ajax_t163sb05
上游,晶片封測服務,2449,京元電子,2025,1,balance_sheet,流動負債,12680283,"12,680,283",sii,https://mopsov.twse.com.tw/mops/web/ajax_t163sb05
上游,晶片封測服務,2449,京元電子,2025,1,balance_sheet,非流動負債,15243604,"15,243,604",sii,https://mopsov.twse.com.tw/mops/web/ajax_t163sb05
上游,晶片封測服務,2449,京元電子,2025,1,balance_sheet,負債總計,27923887,"27,923,887",sii,https://mopsov.twse.com.tw/mops/web/ajax_t163sb05
上游,晶片封測服務,2449,京元電子,2025,1,balance_sheet,股本,12227451,"12,227,451",sii,https://mopsov.twse.com.tw/mops/web/ajax_t163sb05
上游,晶片封測服務,2449,京元電子,2025,1,balance_sheet,權益─具證券性質之虛擬通貨,,--,sii,https://mopsov.twse.com.tw/mops/web/ajax_t163sb05
上游,晶片封測服務,2449,京元電子,2025,1,balance_sheet,資本公積,5080949,"5,080,949",sii,https://mopsov.twse.com.tw/mops/web/ajax_t163sb05
上游,晶片封測服務,2449,京元電子,2025,1,balance_sheet,保留盈餘,26686490,"26,686,490",sii,https://mopsov.twse.com.tw/mops/web/ajax_t163sb05
上游,晶片封測服務,2449,京元電子,2025,1,balance_sheet,其他權益,3857287,"3,857,287",sii,https://mopsov.twse.com.tw/mops/web/ajax_t163sb05
上游,晶片封測服務,2449,京元電子,2025,1,balance_sheet,庫藏股票,,--,sii,https://mopsov.twse.com.tw/mops/web/ajax_t163sb05
上游,晶片封測服務,2449,京元電子,2025,1,balance_sheet,歸屬於母公司業主之權益合計,47852177,"47,852,177",sii,https://mopsov.twse.com.tw/mops/web/ajax_t163sb05
上游,晶片封測服務,2449,京元電子,2025,1,balance_sheet,共同控制下前手權益,,--,sii,https://mopsov.twse.com.tw/mops/web/ajax_t163sb05
上游,晶片封測服務,2449,京元電子,2025,1,balance_sheet,合併前非屬共同控制股權,,--,sii,https://mopsov.twse.com.tw/mops/web/ajax_t163sb05
上游,晶片封測服務,2449,京元電子,2025,1,balance_sheet,非控制權益,9060,"9,060",sii,https://mopsov.twse.com.tw/mops/web/ajax_t163sb05
上游,晶片封測服務,2449,京元電子,2025,1,balance_sheet,權益總計,47861237,"47,861,237",sii,https://mopsov.twse.com.tw/mops/web/ajax_t163sb05
上游,晶片封測服務,2449,京元電子,2025,1,balance_sheet,待註銷股本股數（單位：股）,,--,sii,https://mopsov.twse.com.tw/mops/web/ajax_t163sb05
上游,晶片封測服務,2449,京元電子,2025,1,balance_sheet,預收股款（權益項下）之約當發行股數（單位：股）,0,0,sii,https://mopsov.twse.com.tw/mops/web/ajax_t163sb05
上游,晶片封測服務,2449,京元電子,2025,1,balance_sheet,母公司暨子公司所持有之母公司庫藏股股數（單位：股）,0,0,sii,https://mopsov.twse.com.tw/mops/web/ajax_t163sb05
上游,晶片封測服務,2449,京元電子,2025,1,balance_sheet,每股參考淨值,39.14,39.14,sii,https://mopsov.twse.com.tw/mops/web/ajax_t163sb05
上游,晶片封測服務,3711,日月光投控,2025,1,balance_sheet,流動資產,278651932,"278,651,932",sii,https://mopsov.twse.com.tw/mops/web/ajax_t163sb05
上游,晶片封測服務,3711,日月光投控,2025,1,balance_sheet,非流動資產,495525448,"495,525,448",sii,https://mopsov.twse.com.tw/mops/web/ajax_t163sb05
上游,晶片封測服務,3711,日月光投控,2025,1,balance_sheet,資產總計,774177380,"774,177,380",sii,https://mopsov.twse.com.tw/mops/web/ajax_t163sb05
上游,晶片封測服務,3711,日月光投控,2025,1,balance_sheet,流動負債,267741624,"267,741,624",sii,https://mopsov.twse.com.tw/mops/web/ajax_t163sb05
上游,晶片封測服務,3711,日月光投控,2025,1,balance_sheet,非流動負債,171412424,"171,412,424",sii,https://mopsov.twse.com.tw/mops/web/ajax_t163sb05
上游,晶片封測服務,3711,日月光投控,2025,1,balance_sheet,負債總計,439154048,"439,154,048",sii,https://mopsov.twse.com.tw/mops/web/ajax_t163sb05
上游,晶片封測服務,3711,日月光投控,2025,1,balance_sheet,股本,44191428,"44,191,428",sii,https://mopsov.twse.com.tw/mops/web/ajax_t163sb05
上游,晶片封測服務,3711,日月光投控,2025,1,balance_sheet,權益─具證券性質之虛擬通貨,,--,sii,https://mopsov.twse.com.tw/mops/web/ajax_t163sb05
上游,晶片封測服務,3711,日月光投控,2025,1,balance_sheet,資本公積,150171166,"150,171,166",sii,https://mopsov.twse.com.tw/mops/web/ajax_t163sb05
上游,晶片封測服務,3711,日月光投控,2025,1,balance_sheet,保留盈餘,108080148,"108,080,148",sii,https://mopsov.twse.com.tw/mops/web/ajax_t163sb05
上游,晶片封測服務,3711,日月光投控,2025,1,balance_sheet,其他權益,11038059,"11,038,059",sii,https://mopsov.twse.com.tw/mops/web/ajax_t163sb05
上游,晶片封測服務,3711,日月光投控,2025,1,balance_sheet,庫藏股票,-1959107,"-1,959,107",sii,https://mopsov.twse.com.tw/mops/web/ajax_t163sb05
上游,晶片封測服務,3711,日月光投控,2025,1,balance_sheet,歸屬於母公司業主之權益合計,311521694,"311,521,694",sii,https://mopsov.twse.com.tw/mops/web/ajax_t163sb05
上游,晶片封測服務,3711,日月光投控,2025,1,balance_sheet,共同控制下前手權益,,--,sii,https://mopsov.twse.com.tw/mops/web/ajax_t163sb05
上游,晶片封測服務,3711,日月光投控,2025,1,balance_sheet,合併前非屬共同控制股權,,--,sii,https://mopsov.twse.com.tw/mops/web/ajax_t163sb05
上游,晶片封測服務,3711,日月光投控,2025,1,balance_sheet,非控制權益,23501638,"23,501,638",sii,https://mopsov.twse.com.tw/mops/web/ajax_t163sb05
上游,晶片封測服務,3711,日月光投控,2025,1,balance_sheet,權益總計,335023332,"335,023,332",sii,https://mopsov.twse.com.tw/mops/web/ajax_t163sb05
上游,晶片封測服務,3711,日月光投控,2025,1,balance_sheet,待註銷股本股數（單位：股）,,--,sii,https://mopsov.twse.com.tw/mops/web/ajax_t163sb05
上游,晶片封測服務,3711,日月光投控,2025,1,balance_sheet,預收股款（權益項下）之約當發行股數（單位：股）,4212295,"4,212,295",sii,https://mopsov.twse.com.tw/mops/web/ajax_t163sb05
上游,晶片封測服務,3711,日月光投控,2025,1,balance_sheet,母公司暨子公司所持有之母公司庫藏股股數（單位：股）,72941505,"72,941,505",sii,https://mopsov.twse.com.tw/mops/web/ajax_t163sb05
上游,晶片封測服務,3711,日月光投控,2025,1,balance_sheet,每股參考淨值,71.68,71.68,sii,https://mopsov.twse.com.tw/mops/web/ajax_t163sb05
上游,晶片封測服務,2449,京元電子,2025,1,cash_flow,營業活動之淨現金流入（流出）,983719,"983,719",sii,https://mopsov.twse.com.tw/mops/web/ajax_t163sb20
上游,晶片封測服務,2449,京元電子,2025,1,cash_flow,投資活動之淨現金流入（流出）,13777414,"13,777,414",sii,https://mopsov.twse.com.tw/mops/web/ajax_t163sb20
上游,晶片封測服務,2449,京元電子,2025,1,cash_flow,籌資活動之淨現金流入（流出）,-9120180,"-9,120,180",sii,https://mopsov.twse.com.tw/mops/web/ajax_t163sb20
上游,晶片封測服務,2449,京元電子,2025,1,cash_flow,匯率變動對現金及約當現金之影響,757376,"757,376",sii,https://mopsov.twse.com.tw/mops/web/ajax_t163sb20
上游,晶片封測服務,2449,京元電子,2025,1,cash_flow,本期現金及約當現金增加（減少）數,6398329,"6,398,329",sii,https://mopsov.twse.com.tw/mops/web/ajax_t163sb20
上游,晶片封測服務,2449,京元電子,2025,1,cash_flow,期初現金及約當現金餘額,13602621,"13,602,621",sii,https://mopsov.twse.com.tw/mops/web/ajax_t163sb20
上游,晶片封測服務,2449,京元電子,2025,1,cash_flow,期末現金及約當現金餘額,20000950,"20,000,950",sii,https://mopsov.twse.com.tw/mops/web/ajax_t163sb20
上游,晶片封測服務,3711,日月光投控,2025,1,cash_flow,營業活動之淨現金流入（流出）,19973302,"19,973,302",sii,https://mopsov.twse.com.tw/mops/web/ajax_t163sb20
上游,晶片封測服務,3711,日月光投控,2025,1,cash_flow,投資活動之淨現金流入（流出）,-37561401,"-37,561,401",sii,https://mopsov.twse.com.tw/mops/web/ajax_t163sb20
上游,晶片封測服務,3711,日月光投控,2025,1,cash_flow,籌資活動之淨現金流入（流出）,16411484,"16,411,484",sii,https://mopsov.twse.com.tw/mops/web/ajax_t163sb20
上游,晶片封測服務,3711,日月光投控,2025,1,cash_flow,匯率變動對現金及約當現金之影響,1784079,"1,784,079",sii,https://mopsov.twse.com.tw/mops/web/ajax_t163sb20
上游,晶片封測服務,3711,日月光投控,2025,1,cash_flow,本期現金及約當現金增加（減少）數,607464,"607,464",sii,https://mopsov.twse.com.tw/mops/web/ajax_t163sb20
上游,晶片封測服務,3711,日月光投控,2025,1,cash_flow,期初現金及約當現金餘額,76492824,"76,492,824",sii,https://mopsov.twse.com.tw/mops/web/ajax_t163sb20
上游,晶片封測服務,3711,日月光投控,2025,1,cash_flow,期末現金及約當現金餘額,77100288,"77,100,288",sii,https://mopsov.twse.com.tw/mops/web/ajax_t163sb20
上游,晶片封測服務,2449,京元電子,2025,2,income_statement,營業收入,15677364,"15,677,364",sii,https://mopsov.twse.com.tw/mops/web/ajax_t163sb04
上游,晶片封測服務,2449,京元電子,2025,2,income_statement,營業成本,10255424,"10,255,424",sii,https://mopsov.twse.com.tw/mops/web/ajax_t163sb04
上游,晶片封測服務,2449,京元電子,2025,2,income_statement,原始認列生物資產及農產品之利益（損失）,,--,sii,https://mopsov.twse.com.tw/mops/web/ajax_t163sb04
上游,晶片封測服務,2449,京元電子,2025,2,income_statement,生物資產當期公允價值減出售成本之變動利益（損失）,,--,sii,https://mopsov.twse.com.tw/mops/web/ajax_t163sb04
上游,晶片封測服務,2449,京元電子,2025,2,income_statement,營業毛利（毛損）,5421940,"5,421,940",sii,https://mopsov.twse.com.tw/mops/web/ajax_t163sb04
上游,晶片封測服務,2449,京元電子,2025,2,income_statement,未實現銷貨（損）益,,--,sii,https://mopsov.twse.com.tw/mops/web/ajax_t163sb04
上游,晶片封測服務,2449,京元電子,2025,2,income_statement,已實現銷貨（損）益,,--,sii,https://mopsov.twse.com.tw/mops/web/ajax_t163sb04
上游,晶片封測服務,2449,京元電子,2025,2,income_statement,營業毛利（毛損）淨額,5421940,"5,421,940",sii,https://mopsov.twse.com.tw/mops/web/ajax_t163sb04
上游,晶片封測服務,2449,京元電子,2025,2,income_statement,營業費用,1723083,"1,723,083",sii,https://mopsov.twse.com.tw/mops/web/ajax_t163sb04
上游,晶片封測服務,2449,京元電子,2025,2,income_statement,其他收益及費損淨額,,--,sii,https://mopsov.twse.com.tw/mops/web/ajax_t163sb04
上游,晶片封測服務,2449,京元電子,2025,2,income_statement,營業利益（損失）,3698857,"3,698,857",sii,https://mopsov.twse.com.tw/mops/web/ajax_t163sb04
上游,晶片封測服務,2449,京元電子,2025,2,income_statement,營業外收入及支出,1088591,"1,088,591",sii,https://mopsov.twse.com.tw/mops/web/ajax_t163sb04
上游,晶片封測服務,2449,京元電子,2025,2,income_statement,稅前淨利（淨損）,4787448,"4,787,448",sii,https://mopsov.twse.com.tw/mops/web/ajax_t163sb04
上游,晶片封測服務,2449,京元電子,2025,2,income_statement,所得稅費用（利益）,1333047,"1,333,047",sii,https://mopsov.twse.com.tw/mops/web/ajax_t163sb04
上游,晶片封測服務,2449,京元電子,2025,2,income_statement,繼續營業單位本期淨利（淨損）,3454401,"3,454,401",sii,https://mopsov.twse.com.tw/mops/web/ajax_t163sb04
上游,晶片封測服務,2449,京元電子,2025,2,income_statement,停業單位損益,3053084,"3,053,084",sii,https://mopsov.twse.com.tw/mops/web/ajax_t163sb04
上游,晶片封測服務,2449,京元電子,2025,2,income_statement,合併前非屬共同控制股權損益,,--,sii,https://mopsov.twse.com.tw/mops/web/ajax_t163sb04
上游,晶片封測服務,2449,京元電子,2025,2,income_statement,本期淨利（淨損）,6507485,"6,507,485",sii,https://mopsov.twse.com.tw/mops/web/ajax_t163sb04
上游,晶片封測服務,2449,京元電子,2025,2,income_statement,其他綜合損益（淨額）,-919008,"-919,008",sii,https://mopsov.twse.com.tw/mops/web/ajax_t163sb04
上游,晶片封測服務,2449,京元電子,2025,2,income_statement,合併前非屬共同控制股權綜合損益淨額,,--,sii,https://mopsov.twse.com.tw/mops/web/ajax_t163sb04
上游,晶片封測服務,2449,京元電子,2025,2,income_statement,本期綜合損益總額,5588477,"5,588,477",sii,https://mopsov.twse.com.tw/mops/web/ajax_t163sb04
上游,晶片封測服務,2449,京元電子,2025,2,income_statement,淨利（淨損）歸屬於母公司業主,6465472,"6,465,472",sii,https://mopsov.twse.com.tw/mops/web/ajax_t163sb04
上游,晶片封測服務,2449,京元電子,2025,2,income_statement,淨利（淨損）歸屬於共同控制下前手權益,,--,sii,https://mopsov.twse.com.tw/mops/web/ajax_t163sb04
上游,晶片封測服務,2449,京元電子,2025,2,income_statement,淨利（淨損）歸屬於非控制權益,42013,"42,013",sii,https://mopsov.twse.com.tw/mops/web/ajax_t163sb04
上游,晶片封測服務,2449,京元電子,2025,2,income_statement,綜合損益總額歸屬於母公司業主,5547004,"5,547,004",sii,https://mopsov.twse.com.tw/mops/web/ajax_t163sb04
上游,晶片封測服務,2449,京元電子,2025,2,income_statement,綜合損益總額歸屬於共同控制下前手權益,,--,sii,https://mopsov.twse.com.tw/mops/web/ajax_t163sb04
上游,晶片封測服務,2449,京元電子,2025,2,income_statement,綜合損益總額歸屬於非控制權益,41473,"41,473",sii,https://mopsov.twse.com.tw/mops/web/ajax_t163sb04
上游,晶片封測服務,2449,京元電子,2025,2,income_statement,基本每股盈餘（元）,5.29,5.29,sii,https://mopsov.twse.com.tw/mops/web/ajax_t163sb04
上游,晶片封測服務,3711,日月光投控,2025,2,income_statement,營業收入,298903585,"298,903,585",sii,https://mopsov.twse.com.tw/mops/web/ajax_t163sb04
上游,晶片封測服務,3711,日月光投控,2025,2,income_statement,營業成本,248323329,"248,323,329",sii,https://mopsov.twse.com.tw/mops/web/ajax_t163sb04
上游,晶片封測服務,3711,日月光投控,2025,2,income_statement,原始認列生物資產及農產品之利益（損失）,,--,sii,https://mopsov.twse.com.tw/mops/web/ajax_t163sb04
上游,晶片封測服務,3711,日月光投控,2025,2,income_statement,生物資產當期公允價值減出售成本之變動利益（損失）,,--,sii,https://mopsov.twse.com.tw/mops/web/ajax_t163sb04
上游,晶片封測服務,3711,日月光投控,2025,2,income_statement,營業毛利（毛損）,50580256,"50,580,256",sii,https://mopsov.twse.com.tw/mops/web/ajax_t163sb04
上游,晶片封測服務,3711,日月光投控,2025,2,income_statement,未實現銷貨（損）益,,--,sii,https://mopsov.twse.com.tw/mops/web/ajax_t163sb04
上游,晶片封測服務,3711,日月光投控,2025,2,income_statement,已實現銷貨（損）益,,--,sii,https://mopsov.twse.com.tw/mops/web/ajax_t163sb04
上游,晶片封測服務,3711,日月光投控,2025,2,income_statement,營業毛利（毛損）淨額,50580256,"50,580,256",sii,https://mopsov.twse.com.tw/mops/web/ajax_t163sb04
上游,晶片封測服務,3711,日月光投控,2025,2,income_statement,營業費用,30715873,"30,715,873",sii,https://mopsov.twse.com.tw/mops/web/ajax_t163sb04
上游,晶片封測服務,3711,日月光投控,2025,2,income_statement,其他收益及費損淨額,,--,sii,https://mopsov.twse.com.tw/mops/web/ajax_t163sb04
上游,晶片封測服務,3711,日月光投控,2025,2,income_statement,營業利益（損失）,19864383,"19,864,383",sii,https://mopsov.twse.com.tw/mops/web/ajax_t163sb04
上游,晶片封測服務,3711,日月光投控,2025,2,income_statement,營業外收入及支出,-799972,"-799,972",sii,https://mopsov.twse.com.tw/mops/web/ajax_t163sb04
上游,晶片封測服務,3711,日月光投控,2025,2,income_statement,稅前淨利（淨損）,19064411,"19,064,411",sii,https://mopsov.twse.com.tw/mops/web/ajax_t163sb04
上游,晶片封測服務,3711,日月光投控,2025,2,income_statement,所得稅費用（利益）,3597428,"3,597,428",sii,https://mopsov.twse.com.tw/mops/web/ajax_t163sb04
上游,晶片封測服務,3711,日月光投控,2025,2,income_statement,繼續營業單位本期淨利（淨損）,15466983,"15,466,983",sii,https://mopsov.twse.com.tw/mops/web/ajax_t163sb04
上游,晶片封測服務,3711,日月光投控,2025,2,income_statement,停業單位損益,,--,sii,https://mopsov.twse.com.tw/mops/web/ajax_t163sb04
上游,晶片封測服務,3711,日月光投控,2025,2,income_statement,合併前非屬共同控制股權損益,,--,sii,https://mopsov.twse.com.tw/mops/web/ajax_t163sb04
上游,晶片封測服務,3711,日月光投控,2025,2,income_statement,本期淨利（淨損）,15466983,"15,466,983",sii,https://mopsov.twse.com.tw/mops/web/ajax_t163sb04
上游,晶片封測服務,3711,日月光投控,2025,2,income_statement,其他綜合損益（淨額）,-25236442,"-25,236,442",sii,https://mopsov.twse.com.tw/mops/web/ajax_t163sb04
上游,晶片封測服務,3711,日月光投控,2025,2,income_statement,合併前非屬共同控制股權綜合損益淨額,,--,sii,https://mopsov.twse.com.tw/mops/web/ajax_t163sb04
上游,晶片封測服務,3711,日月光投控,2025,2,income_statement,本期綜合損益總額,-9769459,"-9,769,459",sii,https://mopsov.twse.com.tw/mops/web/ajax_t163sb04
上游,晶片封測服務,3711,日月光投控,2025,2,income_statement,淨利（淨損）歸屬於母公司業主,15074918,"15,074,918",sii,https://mopsov.twse.com.tw/mops/web/ajax_t163sb04
上游,晶片封測服務,3711,日月光投控,2025,2,income_statement,淨利（淨損）歸屬於共同控制下前手權益,,--,sii,https://mopsov.twse.com.tw/mops/web/ajax_t163sb04
上游,晶片封測服務,3711,日月光投控,2025,2,income_statement,淨利（淨損）歸屬於非控制權益,392065,"392,065",sii,https://mopsov.twse.com.tw/mops/web/ajax_t163sb04
上游,晶片封測服務,3711,日月光投控,2025,2,income_statement,綜合損益總額歸屬於母公司業主,-8657129,"-8,657,129",sii,https://mopsov.twse.com.tw/mops/web/ajax_t163sb04
上游,晶片封測服務,3711,日月光投控,2025,2,income_statement,綜合損益總額歸屬於共同控制下前手權益,,--,sii,https://mopsov.twse.com.tw/mops/web/ajax_t163sb04
上游,晶片封測服務,3711,日月光投控,2025,2,income_statement,綜合損益總額歸屬於非控制權益,-1112330,"-1,112,330",sii,https://mopsov.twse.com.tw/mops/web/ajax_t163sb04
上游,晶片封測服務,3711,日月光投控,2025,2,income_statement,基本每股盈餘（元）,3.48,3.48,sii,https://mopsov.twse.com.tw/mops/web/ajax_t163sb04
上游,晶片封測服務,2449,京元電子,2025,2,balance_sheet,流動資產,26304253,"26,304,253",sii,https://mopsov.twse.com.tw/mops/web/ajax_t163sb05
上游,晶片封測服務,2449,京元電子,2025,2,balance_sheet,非流動資產,56543803,"56,543,803",sii,https://mopsov.twse.com.tw/mops/web/ajax_t163sb05
上游,晶片封測服務,2449,京元電子,2025,2,balance_sheet,資產總計,82848056,"82,848,056",sii,https://mopsov.twse.com.tw/mops/web/ajax_t163sb05
上游,晶片封測服務,2449,京元電子,2025,2,balance_sheet,流動負債,19012154,"19,012,154",sii,https://mopsov.twse.com.tw/mops/web/ajax_t163sb05
上游,晶片封測服務,2449,京元電子,2025,2,balance_sheet,非流動負債,19894177,"19,894,177",sii,https://mopsov.twse.com.tw/mops/web/ajax_t163sb05
上游,晶片封測服務,2449,京元電子,2025,2,balance_sheet,負債總計,38906331,"38,906,331",sii,https://mopsov.twse.com.tw/mops/web/ajax_t163sb05
上游,晶片封測服務,2449,京元電子,2025,2,balance_sheet,股本,12227451,"12,227,451",sii,https://mopsov.twse.com.tw/mops/web/ajax_t163sb05
上游,晶片封測服務,2449,京元電子,2025,2,balance_sheet,權益─具證券性質之虛擬通貨,,--,sii,https://mopsov.twse.com.tw/mops/web/ajax_t163sb05
上游,晶片封測服務,2449,京元電子,2025,2,balance_sheet,資本公積,5080949,"5,080,949",sii,https://mopsov.twse.com.tw/mops/web/ajax_t163sb05
上游,晶片封測服務,2449,京元電子,2025,2,balance_sheet,保留盈餘,23976787,"23,976,787",sii,https://mopsov.twse.com.tw/mops/web/ajax_t163sb05
上游,晶片封測服務,2449,京元電子,2025,2,balance_sheet,其他權益,2648186,"2,648,186",sii,https://mopsov.twse.com.tw/mops/web/ajax_t163sb05
上游,晶片封測服務,2449,京元電子,2025,2,balance_sheet,庫藏股票,,--,sii,https://mopsov.twse.com.tw/mops/web/ajax_t163sb05
上游,晶片封測服務,2449,京元電子,2025,2,balance_sheet,歸屬於母公司業主之權益合計,43933373,"43,933,373",sii,https://mopsov.twse.com.tw/mops/web/ajax_t163sb05
上游,晶片封測服務,2449,京元電子,2025,2,balance_sheet,共同控制下前手權益,,--,sii,https://mopsov.twse.com.tw/mops/web/ajax_t163sb05
上游,晶片封測服務,2449,京元電子,2025,2,balance_sheet,合併前非屬共同控制股權,,--,sii,https://mopsov.twse.com.tw/mops/web/ajax_t163sb05
上游,晶片封測服務,2449,京元電子,2025,2,balance_sheet,非控制權益,8352,"8,352",sii,https://mopsov.twse.com.tw/mops/web/ajax_t163sb05
上游,晶片封測服務,2449,京元電子,2025,2,balance_sheet,權益總計,43941725,"43,941,725",sii,https://mopsov.twse.com.tw/mops/web/ajax_t163sb05
上游,晶片封測服務,2449,京元電子,2025,2,balance_sheet,待註銷股本股數（單位：股）,,--,sii,https://mopsov.twse.com.tw/mops/web/ajax_t163sb05
上游,晶片封測服務,2449,京元電子,2025,2,balance_sheet,預收股款（權益項下）之約當發行股數（單位：股）,0,0,sii,https://mopsov.twse.com.tw/mops/web/ajax_t163sb05
上游,晶片封測服務,2449,京元電子,2025,2,balance_sheet,母公司暨子公司所持有之母公司庫藏股股數（單位：股）,0,0,sii,https://mopsov.twse.com.tw/mops/web/ajax_t163sb05
上游,晶片封測服務,2449,京元電子,2025,2,balance_sheet,每股參考淨值,35.93,35.93,sii,https://mopsov.twse.com.tw/mops/web/ajax_t163sb05
上游,晶片封測服務,3711,日月光投控,2025,2,balance_sheet,流動資產,253994764,"253,994,764",sii,https://mopsov.twse.com.tw/mops/web/ajax_t163sb05
上游,晶片封測服務,3711,日月光投控,2025,2,balance_sheet,非流動資產,511179972,"511,179,972",sii,https://mopsov.twse.com.tw/mops/web/ajax_t163sb05
上游,晶片封測服務,3711,日月光投控,2025,2,balance_sheet,資產總計,765174736,"765,174,736",sii,https://mopsov.twse.com.tw/mops/web/ajax_t163sb05
上游,晶片封測服務,3711,日月光投控,2025,2,balance_sheet,流動負債,248969792,"248,969,792",sii,https://mopsov.twse.com.tw/mops/web/ajax_t163sb05
上游,晶片封測服務,3711,日月光投控,2025,2,balance_sheet,非流動負債,201269939,"201,269,939",sii,https://mopsov.twse.com.tw/mops/web/ajax_t163sb05
上游,晶片封測服務,3711,日月光投控,2025,2,balance_sheet,負債總計,450239731,"450,239,731",sii,https://mopsov.twse.com.tw/mops/web/ajax_t163sb05
上游,晶片封測服務,3711,日月光投控,2025,2,balance_sheet,股本,44221752,"44,221,752",sii,https://mopsov.twse.com.tw/mops/web/ajax_t163sb05
上游,晶片封測服務,3711,日月光投控,2025,2,balance_sheet,權益─具證券性質之虛擬通貨,,--,sii,https://mopsov.twse.com.tw/mops/web/ajax_t163sb05
上游,晶片封測服務,3711,日月光投控,2025,2,balance_sheet,資本公積,150554089,"150,554,089",sii,https://mopsov.twse.com.tw/mops/web/ajax_t163sb05
上游,晶片封測服務,3711,日月光投控,2025,2,balance_sheet,保留盈餘,115591340,"115,591,340",sii,https://mopsov.twse.com.tw/mops/web/ajax_t163sb05
上游,晶片封測服務,3711,日月光投控,2025,2,balance_sheet,其他權益,-14637915,"-14,637,915",sii,https://mopsov.twse.com.tw/mops/web/ajax_t163sb05
上游,晶片封測服務,3711,日月光投控,2025,2,balance_sheet,庫藏股票,-1959107,"-1,959,107",sii,https://mopsov.twse.com.tw/mops/web/ajax_t163sb05
上游,晶片封測服務,3711,日月光投控,2025,2,balance_sheet,歸屬於母公司業主之權益合計,293770159,"293,770,159",sii,https://mopsov.twse.com.tw/mops/web/ajax_t163sb05
上游,晶片封測服務,3711,日月光投控,2025,2,balance_sheet,共同控制下前手權益,,--,sii,https://mopsov.twse.com.tw/mops/web/ajax_t163sb05
上游,晶片封測服務,3711,日月光投控,2025,2,balance_sheet,合併前非屬共同控制股權,,--,sii,https://mopsov.twse.com.tw/mops/web/ajax_t163sb05
上游,晶片封測服務,3711,日月光投控,2025,2,balance_sheet,非控制權益,21164846,"21,164,846",sii,https://mopsov.twse.com.tw/mops/web/ajax_t163sb05
上游,晶片封測服務,3711,日月光投控,2025,2,balance_sheet,權益總計,314935005,"314,935,005",sii,https://mopsov.twse.com.tw/mops/web/ajax_t163sb05
上游,晶片封測服務,3711,日月光投控,2025,2,balance_sheet,待註銷股本股數（單位：股）,255000,"255,000",sii,https://mopsov.twse.com.tw/mops/web/ajax_t163sb05
上游,晶片封測服務,3711,日月光投控,2025,2,balance_sheet,預收股款（權益項下）之約當發行股數（單位：股）,3434600,"3,434,600",sii,https://mopsov.twse.com.tw/mops/web/ajax_t163sb05
上游,晶片封測服務,3711,日月光投控,2025,2,balance_sheet,母公司暨子公司所持有之母公司庫藏股股數（單位：股）,72941505,"72,941,505",sii,https://mopsov.twse.com.tw/mops/web/ajax_t163sb05
上游,晶片封測服務,3711,日月光投控,2025,2,balance_sheet,每股參考淨值,67.55,67.55,sii,https://mopsov.twse.com.tw/mops/web/ajax_t163sb05
上游,晶片封測服務,2449,京元電子,2025,2,cash_flow,營業活動之淨現金流入（流出）,2646837,"2,646,837",sii,https://mopsov.twse.com.tw/mops/web/ajax_t163sb20
上游,晶片封測服務,2449,京元電子,2025,2,cash_flow,投資活動之淨現金流入（流出）,2860029,"2,860,029",sii,https://mopsov.twse.com.tw/mops/web/ajax_t163sb20
上游,晶片封測服務,2449,京元電子,2025,2,cash_flow,籌資活動之淨現金流入（流出）,-3462873,"-3,462,873",sii,https://mopsov.twse.com.tw/mops/web/ajax_t163sb20
上游,晶片封測服務,2449,京元電子,2025,2,cash_flow,匯率變動對現金及約當現金之影響,-841382,"-841,382",sii,https://mopsov.twse.com.tw/mops/web/ajax_t163sb20
上游,晶片封測服務,2449,京元電子,2025,2,cash_flow,本期現金及約當現金增加（減少）數,1202611,"1,202,611",sii,https://mopsov.twse.com.tw/mops/web/ajax_t163sb20
上游,晶片封測服務,2449,京元電子,2025,2,cash_flow,期初現金及約當現金餘額,13602621,"13,602,621",sii,https://mopsov.twse.com.tw/mops/web/ajax_t163sb20
上游,晶片封測服務,2449,京元電子,2025,2,cash_flow,期末現金及約當現金餘額,14805232,"14,805,232",sii,https://mopsov.twse.com.tw/mops/web/ajax_t163sb20
上游,晶片封測服務,3711,日月光投控,2025,2,cash_flow,營業活動之淨現金流入（流出）,56818177,"56,818,177",sii,https://mopsov.twse.com.tw/mops/web/ajax_t163sb20
上游,晶片封測服務,3711,日月光投控,2025,2,cash_flow,投資活動之淨現金流入（流出）,-81134207,"-81,134,207",sii,https://mopsov.twse.com.tw/mops/web/ajax_t163sb20
上游,晶片封測服務,3711,日月光投控,2025,2,cash_flow,籌資活動之淨現金流入（流出）,37908344,"37,908,344",sii,https://mopsov.twse.com.tw/mops/web/ajax_t163sb20
上游,晶片封測服務,3711,日月光投控,2025,2,cash_flow,匯率變動對現金及約當現金之影響,-17299842,"-17,299,842",sii,https://mopsov.twse.com.tw/mops/web/ajax_t163sb20
上游,晶片封測服務,3711,日月光投控,2025,2,cash_flow,本期現金及約當現金增加（減少）數,-3707528,"-3,707,528",sii,https://mopsov.twse.com.tw/mops/web/ajax_t163sb20
上游,晶片封測服務,3711,日月光投控,2025,2,cash_flow,期初現金及約當現金餘額,76492824,"76,492,824",sii,https://mopsov.twse.com.tw/mops/web/ajax_t163sb20
上游,晶片封測服務,3711,日月光投控,2025,2,cash_flow,期末現金及約當現金餘額,72785296,"72,785,296",sii,https://mopsov.twse.com.tw/mops/web/ajax_t163sb20
上游,晶片封測服務,2449,京元電子,2025,3,income_statement,營業收入,24967894,"24,967,894",sii,https://mopsov.twse.com.tw/mops/web/ajax_t163sb04
上游,晶片封測服務,2449,京元電子,2025,3,income_statement,營業成本,16199160,"16,199,160",sii,https://mopsov.twse.com.tw/mops/web/ajax_t163sb04
上游,晶片封測服務,2449,京元電子,2025,3,income_statement,原始認列生物資產及農產品之利益（損失）,,--,sii,https://mopsov.twse.com.tw/mops/web/ajax_t163sb04
上游,晶片封測服務,2449,京元電子,2025,3,income_statement,生物資產當期公允價值減出售成本之變動利益（損失）,,--,sii,https://mopsov.twse.com.tw/mops/web/ajax_t163sb04
上游,晶片封測服務,2449,京元電子,2025,3,income_statement,營業毛利（毛損）,8768734,"8,768,734",sii,https://mopsov.twse.com.tw/mops/web/ajax_t163sb04
上游,晶片封測服務,2449,京元電子,2025,3,income_statement,未實現銷貨（損）益,,--,sii,https://mopsov.twse.com.tw/mops/web/ajax_t163sb04
上游,晶片封測服務,2449,京元電子,2025,3,income_statement,已實現銷貨（損）益,,--,sii,https://mopsov.twse.com.tw/mops/web/ajax_t163sb04
上游,晶片封測服務,2449,京元電子,2025,3,income_statement,營業毛利（毛損）淨額,8768734,"8,768,734",sii,https://mopsov.twse.com.tw/mops/web/ajax_t163sb04
上游,晶片封測服務,2449,京元電子,2025,3,income_statement,營業費用,2577788,"2,577,788",sii,https://mopsov.twse.com.tw/mops/web/ajax_t163sb04
上游,晶片封測服務,2449,京元電子,2025,3,income_statement,其他收益及費損淨額,,--,sii,https://mopsov.twse.com.tw/mops/web/ajax_t163sb04
上游,晶片封測服務,2449,京元電子,2025,3,income_statement,營業利益（損失）,6190946,"6,190,946",sii,https://mopsov.twse.com.tw/mops/web/ajax_t163sb04
上游,晶片封測服務,2449,京元電子,2025,3,income_statement,營業外收入及支出,1482350,"1,482,350",sii,https://mopsov.twse.com.tw/mops/web/ajax_t163sb04
上游,晶片封測服務,2449,京元電子,2025,3,income_statement,稅前淨利（淨損）,7673296,"7,673,296",sii,https://mopsov.twse.com.tw/mops/web/ajax_t163sb04
上游,晶片封測服務,2449,京元電子,2025,3,income_statement,所得稅費用（利益）,1916607,"1,916,607",sii,https://mopsov.twse.com.tw/mops/web/ajax_t163sb04
上游,晶片封測服務,2449,京元電子,2025,3,income_statement,繼續營業單位本期淨利（淨損）,5756689,"5,756,689",sii,https://mopsov.twse.com.tw/mops/web/ajax_t163sb04
上游,晶片封測服務,2449,京元電子,2025,3,income_statement,停業單位損益,3053084,"3,053,084",sii,https://mopsov.twse.com.tw/mops/web/ajax_t163sb04
上游,晶片封測服務,2449,京元電子,2025,3,income_statement,合併前非屬共同控制股權損益,,--,sii,https://mopsov.twse.com.tw/mops/web/ajax_t163sb04
上游,晶片封測服務,2449,京元電子,2025,3,income_statement,本期淨利（淨損）,8809773,"8,809,773",sii,https://mopsov.twse.com.tw/mops/web/ajax_t163sb04
上游,晶片封測服務,2449,京元電子,2025,3,income_statement,其他綜合損益（淨額）,-66205,"-66,205",sii,https://mopsov.twse.com.tw/mops/web/ajax_t163sb04
上游,晶片封測服務,2449,京元電子,2025,3,income_statement,合併前非屬共同控制股權綜合損益淨額,,--,sii,https://mopsov.twse.com.tw/mops/web/ajax_t163sb04
上游,晶片封測服務,2449,京元電子,2025,3,income_statement,本期綜合損益總額,8743568,"8,743,568",sii,https://mopsov.twse.com.tw/mops/web/ajax_t163sb04
上游,晶片封測服務,2449,京元電子,2025,3,income_statement,淨利（淨損）歸屬於母公司業主,8767629,"8,767,629",sii,https://mopsov.twse.com.tw/mops/web/ajax_t163sb04
上游,晶片封測服務,2449,京元電子,2025,3,income_statement,淨利（淨損）歸屬於共同控制下前手權益,,--,sii,https://mopsov.twse.com.tw/mops/web/ajax_t163sb04
上游,晶片封測服務,2449,京元電子,2025,3,income_statement,淨利（淨損）歸屬於非控制權益,42144,"42,144",sii,https://mopsov.twse.com.tw/mops/web/ajax_t163sb04
上游,晶片封測服務,2449,京元電子,2025,3,income_statement,綜合損益總額歸屬於母公司業主,8701864,"8,701,864",sii,https://mopsov.twse.com.tw/mops/web/ajax_t163sb04
上游,晶片封測服務,2449,京元電子,2025,3,income_statement,綜合損益總額歸屬於共同控制下前手權益,,--,sii,https://mopsov.twse.com.tw/mops/web/ajax_t163sb04
上游,晶片封測服務,2449,京元電子,2025,3,income_statement,綜合損益總額歸屬於非控制權益,41704,"41,704",sii,https://mopsov.twse.com.tw/mops/web/ajax_t163sb04
上游,晶片封測服務,2449,京元電子,2025,3,income_statement,基本每股盈餘（元）,7.17,7.17,sii,https://mopsov.twse.com.tw/mops/web/ajax_t163sb04
上游,晶片封測服務,3711,日月光投控,2025,3,income_statement,營業收入,467472473,"467,472,473",sii,https://mopsov.twse.com.tw/mops/web/ajax_t163sb04
上游,晶片封測服務,3711,日月光投控,2025,3,income_statement,營業成本,388015475,"388,015,475",sii,https://mopsov.twse.com.tw/mops/web/ajax_t163sb04
上游,晶片封測服務,3711,日月光投控,2025,3,income_statement,原始認列生物資產及農產品之利益（損失）,,--,sii,https://mopsov.twse.com.tw/mops/web/ajax_t163sb04
上游,晶片封測服務,3711,日月光投控,2025,3,income_statement,生物資產當期公允價值減出售成本之變動利益（損失）,,--,sii,https://mopsov.twse.com.tw/mops/web/ajax_t163sb04
上游,晶片封測服務,3711,日月光投控,2025,3,income_statement,營業毛利（毛損）,79456998,"79,456,998",sii,https://mopsov.twse.com.tw/mops/web/ajax_t163sb04
上游,晶片封測服務,3711,日月光投控,2025,3,income_statement,未實現銷貨（損）益,,--,sii,https://mopsov.twse.com.tw/mops/web/ajax_t163sb04
上游,晶片封測服務,3711,日月光投控,2025,3,income_statement,已實現銷貨（損）益,,--,sii,https://mopsov.twse.com.tw/mops/web/ajax_t163sb04
上游,晶片封測服務,3711,日月光投控,2025,3,income_statement,營業毛利（毛損）淨額,79456998,"79,456,998",sii,https://mopsov.twse.com.tw/mops/web/ajax_t163sb04
上游,晶片封測服務,3711,日月光投控,2025,3,income_statement,營業費用,46391918,"46,391,918",sii,https://mopsov.twse.com.tw/mops/web/ajax_t163sb04
上游,晶片封測服務,3711,日月光投控,2025,3,income_statement,其他收益及費損淨額,,--,sii,https://mopsov.twse.com.tw/mops/web/ajax_t163sb04
上游,晶片封測服務,3711,日月光投控,2025,3,income_statement,營業利益（損失）,33065080,"33,065,080",sii,https://mopsov.twse.com.tw/mops/web/ajax_t163sb04
上游,晶片封測服務,3711,日月光投控,2025,3,income_statement,營業外收入及支出,-24431,"-24,431",sii,https://mopsov.twse.com.tw/mops/web/ajax_t163sb04
上游,晶片封測服務,3711,日月光投控,2025,3,income_statement,稅前淨利（淨損）,33040649,"33,040,649",sii,https://mopsov.twse.com.tw/mops/web/ajax_t163sb04
上游,晶片封測服務,3711,日月光投控,2025,3,income_statement,所得稅費用（利益）,6212598,"6,212,598",sii,https://mopsov.twse.com.tw/mops/web/ajax_t163sb04
上游,晶片封測服務,3711,日月光投控,2025,3,income_statement,繼續營業單位本期淨利（淨損）,26828051,"26,828,051",sii,https://mopsov.twse.com.tw/mops/web/ajax_t163sb04
上游,晶片封測服務,3711,日月光投控,2025,3,income_statement,停業單位損益,,--,sii,https://mopsov.twse.com.tw/mops/web/ajax_t163sb04
上游,晶片封測服務,3711,日月光投控,2025,3,income_statement,合併前非屬共同控制股權損益,,--,sii,https://mopsov.twse.com.tw/mops/web/ajax_t163sb04
上游,晶片封測服務,3711,日月光投控,2025,3,income_statement,本期淨利（淨損）,26828051,"26,828,051",sii,https://mopsov.twse.com.tw/mops/web/ajax_t163sb04
上游,晶片封測服務,3711,日月光投控,2025,3,income_statement,其他綜合損益（淨額）,-14157421,"-14,157,421",sii,https://mopsov.twse.com.tw/mops/web/ajax_t163sb04
上游,晶片封測服務,3711,日月光投控,2025,3,income_statement,合併前非屬共同控制股權綜合損益淨額,,--,sii,https://mopsov.twse.com.tw/mops/web/ajax_t163sb04
上游,晶片封測服務,3711,日月光投控,2025,3,income_statement,本期綜合損益總額,12670630,"12,670,630",sii,https://mopsov.twse.com.tw/mops/web/ajax_t163sb04
上游,晶片封測服務,3711,日月光投控,2025,3,income_statement,淨利（淨損）歸屬於母公司業主,25944680,"25,944,680",sii,https://mopsov.twse.com.tw/mops/web/ajax_t163sb04
上游,晶片封測服務,3711,日月光投控,2025,3,income_statement,淨利（淨損）歸屬於共同控制下前手權益,,--,sii,https://mopsov.twse.com.tw/mops/web/ajax_t163sb04
上游,晶片封測服務,3711,日月光投控,2025,3,income_statement,淨利（淨損）歸屬於非控制權益,883371,"883,371",sii,https://mopsov.twse.com.tw/mops/web/ajax_t163sb04
上游,晶片封測服務,3711,日月光投控,2025,3,income_statement,綜合損益總額歸屬於母公司業主,12635084,"12,635,084",sii,https://mopsov.twse.com.tw/mops/web/ajax_t163sb04
上游,晶片封測服務,3711,日月光投控,2025,3,income_statement,綜合損益總額歸屬於共同控制下前手權益,,--,sii,https://mopsov.twse.com.tw/mops/web/ajax_t163sb04
上游,晶片封測服務,3711,日月光投控,2025,3,income_statement,綜合損益總額歸屬於非控制權益,35546,"35,546",sii,https://mopsov.twse.com.tw/mops/web/ajax_t163sb04
上游,晶片封測服務,3711,日月光投控,2025,3,income_statement,基本每股盈餘（元）,5.99,5.99,sii,https://mopsov.twse.com.tw/mops/web/ajax_t163sb04
上游,晶片封測服務,2449,京元電子,2025,3,balance_sheet,流動資產,25224183,"25,224,183",sii,https://mopsov.twse.com.tw/mops/web/ajax_t163sb05
上游,晶片封測服務,2449,京元電子,2025,3,balance_sheet,非流動資產,62147980,"62,147,980",sii,https://mopsov.twse.com.tw/mops/web/ajax_t163sb05
上游,晶片封測服務,2449,京元電子,2025,3,balance_sheet,資產總計,87372163,"87,372,163",sii,https://mopsov.twse.com.tw/mops/web/ajax_t163sb05
上游,晶片封測服務,2449,京元電子,2025,3,balance_sheet,流動負債,16418843,"16,418,843",sii,https://mopsov.twse.com.tw/mops/web/ajax_t163sb05
上游,晶片封測服務,2449,京元電子,2025,3,balance_sheet,非流動負債,23856504,"23,856,504",sii,https://mopsov.twse.com.tw/mops/web/ajax_t163sb05
上游,晶片封測服務,2449,京元電子,2025,3,balance_sheet,負債總計,40275347,"40,275,347",sii,https://mopsov.twse.com.tw/mops/web/ajax_t163sb05
上游,晶片封測服務,2449,京元電子,2025,3,balance_sheet,股本,12227451,"12,227,451",sii,https://mopsov.twse.com.tw/mops/web/ajax_t163sb05
上游,晶片封測服務,2449,京元電子,2025,3,balance_sheet,權益─具證券性質之虛擬通貨,,--,sii,https://mopsov.twse.com.tw/mops/web/ajax_t163sb05
上游,晶片封測服務,2449,京元電子,2025,3,balance_sheet,資本公積,5080949,"5,080,949",sii,https://mopsov.twse.com.tw/mops/web/ajax_t163sb05
上游,晶片封測服務,2449,京元電子,2025,3,balance_sheet,保留盈餘,26278944,"26,278,944",sii,https://mopsov.twse.com.tw/mops/web/ajax_t163sb05
上游,晶片封測服務,2449,京元電子,2025,3,balance_sheet,其他權益,3500889,"3,500,889",sii,https://mopsov.twse.com.tw/mops/web/ajax_t163sb05
上游,晶片封測服務,2449,京元電子,2025,3,balance_sheet,庫藏股票,,--,sii,https://mopsov.twse.com.tw/mops/web/ajax_t163sb05
上游,晶片封測服務,2449,京元電子,2025,3,balance_sheet,歸屬於母公司業主之權益合計,47088233,"47,088,233",sii,https://mopsov.twse.com.tw/mops/web/ajax_t163sb05
上游,晶片封測服務,2449,京元電子,2025,3,balance_sheet,共同控制下前手權益,,--,sii,https://mopsov.twse.com.tw/mops/web/ajax_t163sb05
上游,晶片封測服務,2449,京元電子,2025,3,balance_sheet,合併前非屬共同控制股權,,--,sii,https://mopsov.twse.com.tw/mops/web/ajax_t163sb05
上游,晶片封測服務,2449,京元電子,2025,3,balance_sheet,非控制權益,8583,"8,583",sii,https://mopsov.twse.com.tw/mops/web/ajax_t163sb05
上游,晶片封測服務,2449,京元電子,2025,3,balance_sheet,權益總計,47096816,"47,096,816",sii,https://mopsov.twse.com.tw/mops/web/ajax_t163sb05
上游,晶片封測服務,2449,京元電子,2025,3,balance_sheet,待註銷股本股數（單位：股）,,--,sii,https://mopsov.twse.com.tw/mops/web/ajax_t163sb05
上游,晶片封測服務,2449,京元電子,2025,3,balance_sheet,預收股款（權益項下）之約當發行股數（單位：股）,0,0,sii,https://mopsov.twse.com.tw/mops/web/ajax_t163sb05
上游,晶片封測服務,2449,京元電子,2025,3,balance_sheet,母公司暨子公司所持有之母公司庫藏股股數（單位：股）,0,0,sii,https://mopsov.twse.com.tw/mops/web/ajax_t163sb05
上游,晶片封測服務,2449,京元電子,2025,3,balance_sheet,每股參考淨值,38.51,38.51,sii,https://mopsov.twse.com.tw/mops/web/ajax_t163sb05
上游,晶片封測服務,3711,日月光投控,2025,3,balance_sheet,流動資產,294079865,"294,079,865",sii,https://mopsov.twse.com.tw/mops/web/ajax_t163sb05
上游,晶片封測服務,3711,日月光投控,2025,3,balance_sheet,非流動資產,548564071,"548,564,071",sii,https://mopsov.twse.com.tw/mops/web/ajax_t163sb05
上游,晶片封測服務,3711,日月光投控,2025,3,balance_sheet,資產總計,842643936,"842,643,936",sii,https://mopsov.twse.com.tw/mops/web/ajax_t163sb05
上游,晶片封測服務,3711,日月光投控,2025,3,balance_sheet,流動負債,259553047,"259,553,047",sii,https://mopsov.twse.com.tw/mops/web/ajax_t163sb05
上游,晶片封測服務,3711,日月光投控,2025,3,balance_sheet,非流動負債,243538471,"243,538,471",sii,https://mopsov.twse.com.tw/mops/web/ajax_t163sb05
上游,晶片封測服務,3711,日月光投控,2025,3,balance_sheet,負債總計,503091518,"503,091,518",sii,https://mopsov.twse.com.tw/mops/web/ajax_t163sb05
上游,晶片封測服務,3711,日月光投控,2025,3,balance_sheet,股本,44366820,"44,366,820",sii,https://mopsov.twse.com.tw/mops/web/ajax_t163sb05
上游,晶片封測服務,3711,日月光投控,2025,3,balance_sheet,權益─具證券性質之虛擬通貨,,--,sii,https://mopsov.twse.com.tw/mops/web/ajax_t163sb05
上游,晶片封測服務,3711,日月光投控,2025,3,balance_sheet,資本公積,152115271,"152,115,271",sii,https://mopsov.twse.com.tw/mops/web/ajax_t163sb05
上游,晶片封測服務,3711,日月光投控,2025,3,balance_sheet,保留盈餘,126455506,"126,455,506",sii,https://mopsov.twse.com.tw/mops/web/ajax_t163sb05
上游,晶片封測服務,3711,日月光投控,2025,3,balance_sheet,其他權益,-3935868,"-3,935,868",sii,https://mopsov.twse.com.tw/mops/web/ajax_t163sb05
上游,晶片封測服務,3711,日月光投控,2025,3,balance_sheet,庫藏股票,-1959107,"-1,959,107",sii,https://mopsov.twse.com.tw/mops/web/ajax_t163sb05
上游,晶片封測服務,3711,日月光投控,2025,3,balance_sheet,歸屬於母公司業主之權益合計,317042622,"317,042,622",sii,https://mopsov.twse.com.tw/mops/web/ajax_t163sb05
上游,晶片封測服務,3711,日月光投控,2025,3,balance_sheet,共同控制下前手權益,,--,sii,https://mopsov.twse.com.tw/mops/web/ajax_t163sb05
上游,晶片封測服務,3711,日月光投控,2025,3,balance_sheet,合併前非屬共同控制股權,,--,sii,https://mopsov.twse.com.tw/mops/web/ajax_t163sb05
上游,晶片封測服務,3711,日月光投控,2025,3,balance_sheet,非控制權益,22509796,"22,509,796",sii,https://mopsov.twse.com.tw/mops/web/ajax_t163sb05
上游,晶片封測服務,3711,日月光投控,2025,3,balance_sheet,權益總計,339552418,"339,552,418",sii,https://mopsov.twse.com.tw/mops/web/ajax_t163sb05
上游,晶片封測服務,3711,日月光投控,2025,3,balance_sheet,待註銷股本股數（單位：股）,,--,sii,https://mopsov.twse.com.tw/mops/web/ajax_t163sb05
上游,晶片封測服務,3711,日月光投控,2025,3,balance_sheet,預收股款（權益項下）之約當發行股數（單位：股）,14506750,"14,506,750",sii,https://mopsov.twse.com.tw/mops/web/ajax_t163sb05
上游,晶片封測服務,3711,日月光投控,2025,3,balance_sheet,母公司暨子公司所持有之母公司庫藏股股數（單位：股）,72941505,"72,941,505",sii,https://mopsov.twse.com.tw/mops/web/ajax_t163sb05
上游,晶片封測服務,3711,日月光投控,2025,3,balance_sheet,每股參考淨值,72.65,72.65,sii,https://mopsov.twse.com.tw/mops/web/ajax_t163sb05
上游,晶片封測服務,2449,京元電子,2025,3,cash_flow,營業活動之淨現金流入（流出）,7070752,"7,070,752",sii,https://mopsov.twse.com.tw/mops/web/ajax_t163sb20
上游,晶片封測服務,2449,京元電子,2025,3,cash_flow,投資活動之淨現金流入（流出）,-3363510,"-3,363,510",sii,https://mopsov.twse.com.tw/mops/web/ajax_t163sb20
上游,晶片封測服務,2449,京元電子,2025,3,cash_flow,籌資活動之淨現金流入（流出）,-4664658,"-4,664,658",sii,https://mopsov.twse.com.tw/mops/web/ajax_t163sb20
上游,晶片封測服務,2449,京元電子,2025,3,cash_flow,匯率變動對現金及約當現金之影響,-563112,"-563,112",sii,https://mopsov.twse.com.tw/mops/web/ajax_t163sb20
上游,晶片封測服務,2449,京元電子,2025,3,cash_flow,本期現金及約當現金增加（減少）數,-1520528,"-1,520,528",sii,https://mopsov.twse.com.tw/mops/web/ajax_t163sb20
上游,晶片封測服務,2449,京元電子,2025,3,cash_flow,期初現金及約當現金餘額,13602621,"13,602,621",sii,https://mopsov.twse.com.tw/mops/web/ajax_t163sb20
上游,晶片封測服務,2449,京元電子,2025,3,cash_flow,期末現金及約當現金餘額,12082093,"12,082,093",sii,https://mopsov.twse.com.tw/mops/web/ajax_t163sb20
上游,晶片封測服務,3711,日月光投控,2025,3,cash_flow,營業活動之淨現金流入（流出）,71444098,"71,444,098",sii,https://mopsov.twse.com.tw/mops/web/ajax_t163sb20
上游,晶片封測服務,3711,日月光投控,2025,3,cash_flow,投資活動之淨現金流入（流出）,-127049989,"-127,049,989",sii,https://mopsov.twse.com.tw/mops/web/ajax_t163sb20
上游,晶片封測服務,3711,日月光投控,2025,3,cash_flow,籌資活動之淨現金流入（流出）,65626467,"65,626,467",sii,https://mopsov.twse.com.tw/mops/web/ajax_t163sb20
上游,晶片封測服務,3711,日月光投控,2025,3,cash_flow,匯率變動對現金及約當現金之影響,-11371056,"-11,371,056",sii,https://mopsov.twse.com.tw/mops/web/ajax_t163sb20
上游,晶片封測服務,3711,日月光投控,2025,3,cash_flow,本期現金及約當現金增加（減少）數,-1350480,"-1,350,480",sii,https://mopsov.twse.com.tw/mops/web/ajax_t163sb20
上游,晶片封測服務,3711,日月光投控,2025,3,cash_flow,期初現金及約當現金餘額,76492824,"76,492,824",sii,https://mopsov.twse.com.tw/mops/web/ajax_t163sb20
上游,晶片封測服務,3711,日月光投控,2025,3,cash_flow,期末現金及約當現金餘額,75142344,"75,142,344",sii,https://mopsov.twse.com.tw/mops/web/ajax_t163sb20
上游,晶片封測服務,2449,京元電子,2025,4,income_statement,營業收入,34933546,"34,933,546",sii,https://mopsov.twse.com.tw/mops/web/ajax_t163sb04
上游,晶片封測服務,2449,京元電子,2025,4,income_statement,營業成本,22411375,"22,411,375",sii,https://mopsov.twse.com.tw/mops/web/ajax_t163sb04
上游,晶片封測服務,2449,京元電子,2025,4,income_statement,原始認列生物資產及農產品之利益（損失）,,--,sii,https://mopsov.twse.com.tw/mops/web/ajax_t163sb04
上游,晶片封測服務,2449,京元電子,2025,4,income_statement,生物資產當期公允價值減出售成本之變動利益（損失）,,--,sii,https://mopsov.twse.com.tw/mops/web/ajax_t163sb04
上游,晶片封測服務,2449,京元電子,2025,4,income_statement,營業毛利（毛損）,12522171,"12,522,171",sii,https://mopsov.twse.com.tw/mops/web/ajax_t163sb04
上游,晶片封測服務,2449,京元電子,2025,4,income_statement,未實現銷貨（損）益,,--,sii,https://mopsov.twse.com.tw/mops/web/ajax_t163sb04
上游,晶片封測服務,2449,京元電子,2025,4,income_statement,已實現銷貨（損）益,,--,sii,https://mopsov.twse.com.tw/mops/web/ajax_t163sb04
上游,晶片封測服務,2449,京元電子,2025,4,income_statement,營業毛利（毛損）淨額,12522171,"12,522,171",sii,https://mopsov.twse.com.tw/mops/web/ajax_t163sb04
上游,晶片封測服務,2449,京元電子,2025,4,income_statement,營業費用,3519661,"3,519,661",sii,https://mopsov.twse.com.tw/mops/web/ajax_t163sb04
上游,晶片封測服務,2449,京元電子,2025,4,income_statement,其他收益及費損淨額,,--,sii,https://mopsov.twse.com.tw/mops/web/ajax_t163sb04
上游,晶片封測服務,2449,京元電子,2025,4,income_statement,營業利益（損失）,9002510,"9,002,510",sii,https://mopsov.twse.com.tw/mops/web/ajax_t163sb04
上游,晶片封測服務,2449,京元電子,2025,4,income_statement,營業外收入及支出,1626246,"1,626,246",sii,https://mopsov.twse.com.tw/mops/web/ajax_t163sb04
上游,晶片封測服務,2449,京元電子,2025,4,income_statement,稅前淨利（淨損）,10628756,"10,628,756",sii,https://mopsov.twse.com.tw/mops/web/ajax_t163sb04
上游,晶片封測服務,2449,京元電子,2025,4,income_statement,所得稅費用（利益）,2624046,"2,624,046",sii,https://mopsov.twse.com.tw/mops/web/ajax_t163sb04
上游,晶片封測服務,2449,京元電子,2025,4,income_statement,繼續營業單位本期淨利（淨損）,8004710,"8,004,710",sii,https://mopsov.twse.com.tw/mops/web/ajax_t163sb04
上游,晶片封測服務,2449,京元電子,2025,4,income_statement,停業單位損益,3053084,"3,053,084",sii,https://mopsov.twse.com.tw/mops/web/ajax_t163sb04
上游,晶片封測服務,2449,京元電子,2025,4,income_statement,合併前非屬共同控制股權損益,,--,sii,https://mopsov.twse.com.tw/mops/web/ajax_t163sb04
上游,晶片封測服務,2449,京元電子,2025,4,income_statement,本期淨利（淨損）,11057794,"11,057,794",sii,https://mopsov.twse.com.tw/mops/web/ajax_t163sb04
上游,晶片封測服務,2449,京元電子,2025,4,income_statement,其他綜合損益（淨額）,1026707,"1,026,707",sii,https://mopsov.twse.com.tw/mops/web/ajax_t163sb04
上游,晶片封測服務,2449,京元電子,2025,4,income_statement,合併前非屬共同控制股權綜合損益淨額,,--,sii,https://mopsov.twse.com.tw/mops/web/ajax_t163sb04
上游,晶片封測服務,2449,京元電子,2025,4,income_statement,本期綜合損益總額,12084501,"12,084,501",sii,https://mopsov.twse.com.tw/mops/web/ajax_t163sb04
上游,晶片封測服務,2449,京元電子,2025,4,income_statement,淨利（淨損）歸屬於母公司業主,11015595,"11,015,595",sii,https://mopsov.twse.com.tw/mops/web/ajax_t163sb04
上游,晶片封測服務,2449,京元電子,2025,4,income_statement,淨利（淨損）歸屬於共同控制下前手權益,,--,sii,https://mopsov.twse.com.tw/mops/web/ajax_t163sb04
上游,晶片封測服務,2449,京元電子,2025,4,income_statement,淨利（淨損）歸屬於非控制權益,42199,"42,199",sii,https://mopsov.twse.com.tw/mops/web/ajax_t163sb04
上游,晶片封測服務,2449,京元電子,2025,4,income_statement,綜合損益總額歸屬於母公司業主,12042951,"12,042,951",sii,https://mopsov.twse.com.tw/mops/web/ajax_t163sb04
上游,晶片封測服務,2449,京元電子,2025,4,income_statement,綜合損益總額歸屬於共同控制下前手權益,,--,sii,https://mopsov.twse.com.tw/mops/web/ajax_t163sb04
上游,晶片封測服務,2449,京元電子,2025,4,income_statement,綜合損益總額歸屬於非控制權益,41550,"41,550",sii,https://mopsov.twse.com.tw/mops/web/ajax_t163sb04
上游,晶片封測服務,2449,京元電子,2025,4,income_statement,基本每股盈餘（元）,9.01,9.01,sii,https://mopsov.twse.com.tw/mops/web/ajax_t163sb04
上游,晶片封測服務,3711,日月光投控,2025,4,income_statement,營業收入,645387710,"645,387,710",sii,https://mopsov.twse.com.tw/mops/web/ajax_t163sb04
上游,晶片封測服務,3711,日月光投控,2025,4,income_statement,營業成本,531194836,"531,194,836",sii,https://mopsov.twse.com.tw/mops/web/ajax_t163sb04
上游,晶片封測服務,3711,日月光投控,2025,4,income_statement,原始認列生物資產及農產品之利益（損失）,,--,sii,https://mopsov.twse.com.tw/mops/web/ajax_t163sb04
上游,晶片封測服務,3711,日月光投控,2025,4,income_statement,生物資產當期公允價值減出售成本之變動利益（損失）,,--,sii,https://mopsov.twse.com.tw/mops/web/ajax_t163sb04
上游,晶片封測服務,3711,日月光投控,2025,4,income_statement,營業毛利（毛損）,114192874,"114,192,874",sii,https://mopsov.twse.com.tw/mops/web/ajax_t163sb04
上游,晶片封測服務,3711,日月光投控,2025,4,income_statement,未實現銷貨（損）益,,--,sii,https://mopsov.twse.com.tw/mops/web/ajax_t163sb04
上游,晶片封測服務,3711,日月光投控,2025,4,income_statement,已實現銷貨（損）益,,--,sii,https://mopsov.twse.com.tw/mops/web/ajax_t163sb04
上游,晶片封測服務,3711,日月光投控,2025,4,income_statement,營業毛利（毛損）淨額,114192874,"114,192,874",sii,https://mopsov.twse.com.tw/mops/web/ajax_t163sb04
上游,晶片封測服務,3711,日月光投控,2025,4,income_statement,營業費用,63437341,"63,437,341",sii,https://mopsov.twse.com.tw/mops/web/ajax_t163sb04
上游,晶片封測服務,3711,日月光投控,2025,4,income_statement,其他收益及費損淨額,,--,sii,https://mopsov.twse.com.tw/mops/web/ajax_t163sb04
上游,晶片封測服務,3711,日月光投控,2025,4,income_statement,營業利益（損失）,50755533,"50,755,533",sii,https://mopsov.twse.com.tw/mops/web/ajax_t163sb04
上游,晶片封測服務,3711,日月光投控,2025,4,income_statement,營業外收入及支出,545296,"545,296",sii,https://mopsov.twse.com.tw/mops/web/ajax_t163sb04
上游,晶片封測服務,3711,日月光投控,2025,4,income_statement,稅前淨利（淨損）,51300829,"51,300,829",sii,https://mopsov.twse.com.tw/mops/web/ajax_t163sb04
上游,晶片封測服務,3711,日月光投控,2025,4,income_statement,所得稅費用（利益）,9460293,"9,460,293",sii,https://mopsov.twse.com.tw/mops/web/ajax_t163sb04
上游,晶片封測服務,3711,日月光投控,2025,4,income_statement,繼續營業單位本期淨利（淨損）,41840536,"41,840,536",sii,https://mopsov.twse.com.tw/mops/web/ajax_t163sb04
上游,晶片封測服務,3711,日月光投控,2025,4,income_statement,停業單位損益,,--,sii,https://mopsov.twse.com.tw/mops/web/ajax_t163sb04
上游,晶片封測服務,3711,日月光投控,2025,4,income_statement,合併前非屬共同控制股權損益,,--,sii,https://mopsov.twse.com.tw/mops/web/ajax_t163sb04
上游,晶片封測服務,3711,日月光投控,2025,4,income_statement,本期淨利（淨損）,41840536,"41,840,536",sii,https://mopsov.twse.com.tw/mops/web/ajax_t163sb04
上游,晶片封測服務,3711,日月光投控,2025,4,income_statement,其他綜合損益（淨額）,-3038448,"-3,038,448",sii,https://mopsov.twse.com.tw/mops/web/ajax_t163sb04
上游,晶片封測服務,3711,日月光投控,2025,4,income_statement,合併前非屬共同控制股權綜合損益淨額,,--,sii,https://mopsov.twse.com.tw/mops/web/ajax_t163sb04
上游,晶片封測服務,3711,日月光投控,2025,4,income_statement,本期綜合損益總額,38802088,"38,802,088",sii,https://mopsov.twse.com.tw/mops/web/ajax_t163sb04
上游,晶片封測服務,3711,日月光投控,2025,4,income_statement,淨利（淨損）歸屬於母公司業主,40658196,"40,658,196",sii,https://mopsov.twse.com.tw/mops/web/ajax_t163sb04
上游,晶片封測服務,3711,日月光投控,2025,4,income_statement,淨利（淨損）歸屬於共同控制下前手權益,,--,sii,https://mopsov.twse.com.tw/mops/web/ajax_t163sb04
上游,晶片封測服務,3711,日月光投控,2025,4,income_statement,淨利（淨損）歸屬於非控制權益,1182340,"1,182,340",sii,https://mopsov.twse.com.tw/mops/web/ajax_t163sb04
上游,晶片封測服務,3711,日月光投控,2025,4,income_statement,綜合損益總額歸屬於母公司業主,37909410,"37,909,410",sii,https://mopsov.twse.com.tw/mops/web/ajax_t163sb04
上游,晶片封測服務,3711,日月光投控,2025,4,income_statement,綜合損益總額歸屬於共同控制下前手權益,,--,sii,https://mopsov.twse.com.tw/mops/web/ajax_t163sb04
上游,晶片封測服務,3711,日月光投控,2025,4,income_statement,綜合損益總額歸屬於非控制權益,892678,"892,678",sii,https://mopsov.twse.com.tw/mops/web/ajax_t163sb04
上游,晶片封測服務,3711,日月光投控,2025,4,income_statement,基本每股盈餘（元）,9.37,9.37,sii,https://mopsov.twse.com.tw/mops/web/ajax_t163sb04
上游,晶片封測服務,2449,京元電子,2025,4,balance_sheet,流動資產,28919291,"28,919,291",sii,https://mopsov.twse.com.tw/mops/web/ajax_t163sb05
上游,晶片封測服務,2449,京元電子,2025,4,balance_sheet,非流動資產,72258660,"72,258,660",sii,https://mopsov.twse.com.tw/mops/web/ajax_t163sb05
上游,晶片封測服務,2449,京元電子,2025,4,balance_sheet,資產總計,101177951,"101,177,951",sii,https://mopsov.twse.com.tw/mops/web/ajax_t163sb05
上游,晶片封測服務,2449,京元電子,2025,4,balance_sheet,流動負債,15919138,"15,919,138",sii,https://mopsov.twse.com.tw/mops/web/ajax_t163sb05
上游,晶片封測服務,2449,京元電子,2025,4,balance_sheet,非流動負債,34821064,"34,821,064",sii,https://mopsov.twse.com.tw/mops/web/ajax_t163sb05
上游,晶片封測服務,2449,京元電子,2025,4,balance_sheet,負債總計,50740202,"50,740,202",sii,https://mopsov.twse.com.tw/mops/web/ajax_t163sb05
上游,晶片封測服務,2449,京元電子,2025,4,balance_sheet,股本,12227451,"12,227,451",sii,https://mopsov.twse.com.tw/mops/web/ajax_t163sb05
上游,晶片封測服務,2449,京元電子,2025,4,balance_sheet,權益─具證券性質之虛擬通貨,,--,sii,https://mopsov.twse.com.tw/mops/web/ajax_t163sb05
上游,晶片封測服務,2449,京元電子,2025,4,balance_sheet,資本公積,5080949,"5,080,949",sii,https://mopsov.twse.com.tw/mops/web/ajax_t163sb05
上游,晶片封測服務,2449,京元電子,2025,4,balance_sheet,保留盈餘,28247357,"28,247,357",sii,https://mopsov.twse.com.tw/mops/web/ajax_t163sb05
上游,晶片封測服務,2449,京元電子,2025,4,balance_sheet,其他權益,4873563,"4,873,563",sii,https://mopsov.twse.com.tw/mops/web/ajax_t163sb05
上游,晶片封測服務,2449,京元電子,2025,4,balance_sheet,庫藏股票,,--,sii,https://mopsov.twse.com.tw/mops/web/ajax_t163sb05
上游,晶片封測服務,2449,京元電子,2025,4,balance_sheet,歸屬於母公司業主之權益合計,50429320,"50,429,320",sii,https://mopsov.twse.com.tw/mops/web/ajax_t163sb05
上游,晶片封測服務,2449,京元電子,2025,4,balance_sheet,共同控制下前手權益,,--,sii,https://mopsov.twse.com.tw/mops/web/ajax_t163sb05
上游,晶片封測服務,2449,京元電子,2025,4,balance_sheet,合併前非屬共同控制股權,,--,sii,https://mopsov.twse.com.tw/mops/web/ajax_t163sb05
上游,晶片封測服務,2449,京元電子,2025,4,balance_sheet,非控制權益,8429,"8,429",sii,https://mopsov.twse.com.tw/mops/web/ajax_t163sb05
上游,晶片封測服務,2449,京元電子,2025,4,balance_sheet,權益總計,50437749,"50,437,749",sii,https://mopsov.twse.com.tw/mops/web/ajax_t163sb05
上游,晶片封測服務,2449,京元電子,2025,4,balance_sheet,待註銷股本股數（單位：股）,,--,sii,https://mopsov.twse.com.tw/mops/web/ajax_t163sb05
上游,晶片封測服務,2449,京元電子,2025,4,balance_sheet,預收股款（權益項下）之約當發行股數（單位：股）,0,0,sii,https://mopsov.twse.com.tw/mops/web/ajax_t163sb05
上游,晶片封測服務,2449,京元電子,2025,4,balance_sheet,母公司暨子公司所持有之母公司庫藏股股數（單位：股）,0,0,sii,https://mopsov.twse.com.tw/mops/web/ajax_t163sb05
上游,晶片封測服務,2449,京元電子,2025,4,balance_sheet,每股參考淨值,41.24,41.24,sii,https://mopsov.twse.com.tw/mops/web/ajax_t163sb05
上游,晶片封測服務,3711,日月光投控,2025,4,balance_sheet,流動資產,313795092,"313,795,092",sii,https://mopsov.twse.com.tw/mops/web/ajax_t163sb05
上游,晶片封測服務,3711,日月光投控,2025,4,balance_sheet,非流動資產,575538262,"575,538,262",sii,https://mopsov.twse.com.tw/mops/web/ajax_t163sb05
上游,晶片封測服務,3711,日月光投控,2025,4,balance_sheet,資產總計,889333354,"889,333,354",sii,https://mopsov.twse.com.tw/mops/web/ajax_t163sb05
上游,晶片封測服務,3711,日月光投控,2025,4,balance_sheet,流動負債,244348583,"244,348,583",sii,https://mopsov.twse.com.tw/mops/web/ajax_t163sb05
上游,晶片封測服務,3711,日月光投控,2025,4,balance_sheet,非流動負債,271617138,"271,617,138",sii,https://mopsov.twse.com.tw/mops/web/ajax_t163sb05
上游,晶片封測服務,3711,日月光投控,2025,4,balance_sheet,負債總計,515965721,"515,965,721",sii,https://mopsov.twse.com.tw/mops/web/ajax_t163sb05
上游,晶片封測服務,3711,日月光投控,2025,4,balance_sheet,股本,44479768,"44,479,768",sii,https://mopsov.twse.com.tw/mops/web/ajax_t163sb05
上游,晶片封測服務,3711,日月光投控,2025,4,balance_sheet,權益─具證券性質之虛擬通貨,,--,sii,https://mopsov.twse.com.tw/mops/web/ajax_t163sb05
上游,晶片封測服務,3711,日月光投控,2025,4,balance_sheet,資本公積,156457170,"156,457,170",sii,https://mopsov.twse.com.tw/mops/web/ajax_t163sb05
上游,晶片封測服務,3711,日月光投控,2025,4,balance_sheet,保留盈餘,140171237,"140,171,237",sii,https://mopsov.twse.com.tw/mops/web/ajax_t163sb05
上游,晶片封測服務,3711,日月光投控,2025,4,balance_sheet,其他權益,7750840,"7,750,840",sii,https://mopsov.twse.com.tw/mops/web/ajax_t163sb05
上游,晶片封測服務,3711,日月光投控,2025,4,balance_sheet,庫藏股票,-1959107,"-1,959,107",sii,https://mopsov.twse.com.tw/mops/web/ajax_t163sb05
上游,晶片封測服務,3711,日月光投控,2025,4,balance_sheet,歸屬於母公司業主之權益合計,346899908,"346,899,908",sii,https://mopsov.twse.com.tw/mops/web/ajax_t163sb05
上游,晶片封測服務,3711,日月光投控,2025,4,balance_sheet,共同控制下前手權益,,--,sii,https://mopsov.twse.com.tw/mops/web/ajax_t163sb05
上游,晶片封測服務,3711,日月光投控,2025,4,balance_sheet,合併前非屬共同控制股權,,--,sii,https://mopsov.twse.com.tw/mops/web/ajax_t163sb05
上游,晶片封測服務,3711,日月光投控,2025,4,balance_sheet,非控制權益,26467725,"26,467,725",sii,https://mopsov.twse.com.tw/mops/web/ajax_t163sb05
上游,晶片封測服務,3711,日月光投控,2025,4,balance_sheet,權益總計,373367633,"373,367,633",sii,https://mopsov.twse.com.tw/mops/web/ajax_t163sb05
上游,晶片封測服務,3711,日月光投控,2025,4,balance_sheet,待註銷股本股數（單位：股）,,--,sii,https://mopsov.twse.com.tw/mops/web/ajax_t163sb05
上游,晶片封測服務,3711,日月光投控,2025,4,balance_sheet,預收股款（權益項下）之約當發行股數（單位：股）,11834800,"11,834,800",sii,https://mopsov.twse.com.tw/mops/web/ajax_t163sb05
上游,晶片封測服務,3711,日月光投控,2025,4,balance_sheet,母公司暨子公司所持有之母公司庫藏股股數（單位：股）,72941505,"72,941,505",sii,https://mopsov.twse.com.tw/mops/web/ajax_t163sb05
上游,晶片封測服務,3711,日月光投控,2025,4,balance_sheet,每股參考淨值,79.29,79.29,sii,https://mopsov.twse.com.tw/mops/web/ajax_t163sb05
上游,晶片封測服務,2449,京元電子,2025,4,cash_flow,營業活動之淨現金流入（流出）,13151787,"13,151,787",sii,https://mopsov.twse.com.tw/mops/web/ajax_t163sb20
上游,晶片封測服務,2449,京元電子,2025,4,cash_flow,投資活動之淨現金流入（流出）,-13078057,"-13,078,057",sii,https://mopsov.twse.com.tw/mops/web/ajax_t163sb20
上游,晶片封測服務,2449,京元電子,2025,4,cash_flow,籌資活動之淨現金流入（流出）,4613149,"4,613,149",sii,https://mopsov.twse.com.tw/mops/web/ajax_t163sb20
上游,晶片封測服務,2449,京元電子,2025,4,cash_flow,匯率變動對現金及約當現金之影響,-325996,"-325,996",sii,https://mopsov.twse.com.tw/mops/web/ajax_t163sb20
上游,晶片封測服務,2449,京元電子,2025,4,cash_flow,本期現金及約當現金增加（減少）數,4360883,"4,360,883",sii,https://mopsov.twse.com.tw/mops/web/ajax_t163sb20
上游,晶片封測服務,2449,京元電子,2025,4,cash_flow,期初現金及約當現金餘額,13602621,"13,602,621",sii,https://mopsov.twse.com.tw/mops/web/ajax_t163sb20
上游,晶片封測服務,2449,京元電子,2025,4,cash_flow,期末現金及約當現金餘額,17963504,"17,963,504",sii,https://mopsov.twse.com.tw/mops/web/ajax_t163sb20
上游,晶片封測服務,3711,日月光投控,2025,4,cash_flow,營業活動之淨現金流入（流出）,142249287,"142,249,287",sii,https://mopsov.twse.com.tw/mops/web/ajax_t163sb20
上游,晶片封測服務,3711,日月光投控,2025,4,cash_flow,投資活動之淨現金流入（流出）,-165644259,"-165,644,259",sii,https://mopsov.twse.com.tw/mops/web/ajax_t163sb20
上游,晶片封測服務,3711,日月光投控,2025,4,cash_flow,籌資活動之淨現金流入（流出）,45269136,"45,269,136",sii,https://mopsov.twse.com.tw/mops/web/ajax_t163sb20
上游,晶片封測服務,3711,日月光投控,2025,4,cash_flow,匯率變動對現金及約當現金之影響,-5898137,"-5,898,137",sii,https://mopsov.twse.com.tw/mops/web/ajax_t163sb20
上游,晶片封測服務,3711,日月光投控,2025,4,cash_flow,本期現金及約當現金增加（減少）數,15976027,"15,976,027",sii,https://mopsov.twse.com.tw/mops/web/ajax_t163sb20
上游,晶片封測服務,3711,日月光投控,2025,4,cash_flow,期初現金及約當現金餘額,76492824,"76,492,824",sii,https://mopsov.twse.com.tw/mops/web/ajax_t163sb20
上游,晶片封測服務,3711,日月光投控,2025,4,cash_flow,期末現金及約當現金餘額,92468851,"92,468,851",sii,https://mopsov.twse.com.tw/mops/web/ajax_t163sb20
上游,晶片封測服務,2449,京元電子,2026,1,income_statement,營業收入,10191943,"10,191,943",sii,https://mopsov.twse.com.tw/mops/web/ajax_t163sb04
上游,晶片封測服務,2449,京元電子,2026,1,income_statement,營業成本,6141360,"6,141,360",sii,https://mopsov.twse.com.tw/mops/web/ajax_t163sb04
上游,晶片封測服務,2449,京元電子,2026,1,income_statement,原始認列生物資產及農產品之利益（損失）,,--,sii,https://mopsov.twse.com.tw/mops/web/ajax_t163sb04
上游,晶片封測服務,2449,京元電子,2026,1,income_statement,生物資產當期公允價值減出售成本之變動利益（損失）,,--,sii,https://mopsov.twse.com.tw/mops/web/ajax_t163sb04
上游,晶片封測服務,2449,京元電子,2026,1,income_statement,營業毛利（毛損）,4050583,"4,050,583",sii,https://mopsov.twse.com.tw/mops/web/ajax_t163sb04
上游,晶片封測服務,2449,京元電子,2026,1,income_statement,未實現銷貨（損）益,,--,sii,https://mopsov.twse.com.tw/mops/web/ajax_t163sb04
上游,晶片封測服務,2449,京元電子,2026,1,income_statement,已實現銷貨（損）益,,--,sii,https://mopsov.twse.com.tw/mops/web/ajax_t163sb04
上游,晶片封測服務,2449,京元電子,2026,1,income_statement,營業毛利（毛損）淨額,4050583,"4,050,583",sii,https://mopsov.twse.com.tw/mops/web/ajax_t163sb04
上游,晶片封測服務,2449,京元電子,2026,1,income_statement,營業費用,1278625,"1,278,625",sii,https://mopsov.twse.com.tw/mops/web/ajax_t163sb04
上游,晶片封測服務,2449,京元電子,2026,1,income_statement,其他收益及費損淨額,,--,sii,https://mopsov.twse.com.tw/mops/web/ajax_t163sb04
上游,晶片封測服務,2449,京元電子,2026,1,income_statement,營業利益（損失）,2771958,"2,771,958",sii,https://mopsov.twse.com.tw/mops/web/ajax_t163sb04
上游,晶片封測服務,2449,京元電子,2026,1,income_statement,營業外收入及支出,36322,"36,322",sii,https://mopsov.twse.com.tw/mops/web/ajax_t163sb04
上游,晶片封測服務,2449,京元電子,2026,1,income_statement,稅前淨利（淨損）,2808280,"2,808,280",sii,https://mopsov.twse.com.tw/mops/web/ajax_t163sb04
上游,晶片封測服務,2449,京元電子,2026,1,income_statement,所得稅費用（利益）,521735,"521,735",sii,https://mopsov.twse.com.tw/mops/web/ajax_t163sb04
上游,晶片封測服務,2449,京元電子,2026,1,income_statement,繼續營業單位本期淨利（淨損）,2286545,"2,286,545",sii,https://mopsov.twse.com.tw/mops/web/ajax_t163sb04
上游,晶片封測服務,2449,京元電子,2026,1,income_statement,停業單位損益,0,0,sii,https://mopsov.twse.com.tw/mops/web/ajax_t163sb04
上游,晶片封測服務,2449,京元電子,2026,1,income_statement,合併前非屬共同控制股權損益,,--,sii,https://mopsov.twse.com.tw/mops/web/ajax_t163sb04
上游,晶片封測服務,2449,京元電子,2026,1,income_statement,本期淨利（淨損）,2286545,"2,286,545",sii,https://mopsov.twse.com.tw/mops/web/ajax_t163sb04
上游,晶片封測服務,2449,京元電子,2026,1,income_statement,其他綜合損益（淨額）,1713875,"1,713,875",sii,https://mopsov.twse.com.tw/mops/web/ajax_t163sb04
上游,晶片封測服務,2449,京元電子,2026,1,income_statement,合併前非屬共同控制股權綜合損益淨額,,--,sii,https://mopsov.twse.com.tw/mops/web/ajax_t163sb04
上游,晶片封測服務,2449,京元電子,2026,1,income_statement,本期綜合損益總額,4000420,"4,000,420",sii,https://mopsov.twse.com.tw/mops/web/ajax_t163sb04
上游,晶片封測服務,2449,京元電子,2026,1,income_statement,淨利（淨損）歸屬於母公司業主,2286437,"2,286,437",sii,https://mopsov.twse.com.tw/mops/web/ajax_t163sb04
上游,晶片封測服務,2449,京元電子,2026,1,income_statement,淨利（淨損）歸屬於共同控制下前手權益,,--,sii,https://mopsov.twse.com.tw/mops/web/ajax_t163sb04
上游,晶片封測服務,2449,京元電子,2026,1,income_statement,淨利（淨損）歸屬於非控制權益,108,108,sii,https://mopsov.twse.com.tw/mops/web/ajax_t163sb04
上游,晶片封測服務,2449,京元電子,2026,1,income_statement,綜合損益總額歸屬於母公司業主,4000325,"4,000,325",sii,https://mopsov.twse.com.tw/mops/web/ajax_t163sb04
上游,晶片封測服務,2449,京元電子,2026,1,income_statement,綜合損益總額歸屬於共同控制下前手權益,,--,sii,https://mopsov.twse.com.tw/mops/web/ajax_t163sb04
上游,晶片封測服務,2449,京元電子,2026,1,income_statement,綜合損益總額歸屬於非控制權益,95,95,sii,https://mopsov.twse.com.tw/mops/web/ajax_t163sb04
上游,晶片封測服務,2449,京元電子,2026,1,income_statement,基本每股盈餘（元）,1.87,1.87,sii,https://mopsov.twse.com.tw/mops/web/ajax_t163sb04
上游,晶片封測服務,3711,日月光投控,2026,1,income_statement,營業收入,173662152,"173,662,152",sii,https://mopsov.twse.com.tw/mops/web/ajax_t163sb04
上游,晶片封測服務,3711,日月光投控,2026,1,income_statement,營業成本,138812313,"138,812,313",sii,https://mopsov.twse.com.tw/mops/web/ajax_t163sb04
上游,晶片封測服務,3711,日月光投控,2026,1,income_statement,原始認列生物資產及農產品之利益（損失）,,--,sii,https://mopsov.twse.com.tw/mops/web/ajax_t163sb04
上游,晶片封測服務,3711,日月光投控,2026,1,income_statement,生物資產當期公允價值減出售成本之變動利益（損失）,,--,sii,https://mopsov.twse.com.tw/mops/web/ajax_t163sb04
上游,晶片封測服務,3711,日月光投控,2026,1,income_statement,營業毛利（毛損）,34849839,"34,849,839",sii,https://mopsov.twse.com.tw/mops/web/ajax_t163sb04
上游,晶片封測服務,3711,日月光投控,2026,1,income_statement,未實現銷貨（損）益,,--,sii,https://mopsov.twse.com.tw/mops/web/ajax_t163sb04
上游,晶片封測服務,3711,日月光投控,2026,1,income_statement,已實現銷貨（損）益,,--,sii,https://mopsov.twse.com.tw/mops/web/ajax_t163sb04
上游,晶片封測服務,3711,日月光投控,2026,1,income_statement,營業毛利（毛損）淨額,34849839,"34,849,839",sii,https://mopsov.twse.com.tw/mops/web/ajax_t163sb04
上游,晶片封測服務,3711,日月光投控,2026,1,income_statement,營業費用,17318046,"17,318,046",sii,https://mopsov.twse.com.tw/mops/web/ajax_t163sb04
上游,晶片封測服務,3711,日月光投控,2026,1,income_statement,其他收益及費損淨額,,--,sii,https://mopsov.twse.com.tw/mops/web/ajax_t163sb04
上游,晶片封測服務,3711,日月光投控,2026,1,income_statement,營業利益（損失）,17531793,"17,531,793",sii,https://mopsov.twse.com.tw/mops/web/ajax_t163sb04
上游,晶片封測服務,3711,日月光投控,2026,1,income_statement,營業外收入及支出,668460,"668,460",sii,https://mopsov.twse.com.tw/mops/web/ajax_t163sb04
上游,晶片封測服務,3711,日月光投控,2026,1,income_statement,稅前淨利（淨損）,18200253,"18,200,253",sii,https://mopsov.twse.com.tw/mops/web/ajax_t163sb04
上游,晶片封測服務,3711,日月光投控,2026,1,income_statement,所得稅費用（利益）,3635258,"3,635,258",sii,https://mopsov.twse.com.tw/mops/web/ajax_t163sb04
上游,晶片封測服務,3711,日月光投控,2026,1,income_statement,繼續營業單位本期淨利（淨損）,14564995,"14,564,995",sii,https://mopsov.twse.com.tw/mops/web/ajax_t163sb04
上游,晶片封測服務,3711,日月光投控,2026,1,income_statement,停業單位損益,,--,sii,https://mopsov.twse.com.tw/mops/web/ajax_t163sb04
上游,晶片封測服務,3711,日月光投控,2026,1,income_statement,合併前非屬共同控制股權損益,,--,sii,https://mopsov.twse.com.tw/mops/web/ajax_t163sb04
上游,晶片封測服務,3711,日月光投控,2026,1,income_statement,本期淨利（淨損）,14564995,"14,564,995",sii,https://mopsov.twse.com.tw/mops/web/ajax_t163sb04
上游,晶片封測服務,3711,日月光投控,2026,1,income_statement,其他綜合損益（淨額）,10751680,"10,751,680",sii,https://mopsov.twse.com.tw/mops/web/ajax_t163sb04
上游,晶片封測服務,3711,日月光投控,2026,1,income_statement,合併前非屬共同控制股權綜合損益淨額,,--,sii,https://mopsov.twse.com.tw/mops/web/ajax_t163sb04
上游,晶片封測服務,3711,日月光投控,2026,1,income_statement,本期綜合損益總額,25316675,"25,316,675",sii,https://mopsov.twse.com.tw/mops/web/ajax_t163sb04
上游,晶片封測服務,3711,日月光投控,2026,1,income_statement,淨利（淨損）歸屬於母公司業主,14147537,"14,147,537",sii,https://mopsov.twse.com.tw/mops/web/ajax_t163sb04
上游,晶片封測服務,3711,日月光投控,2026,1,income_statement,淨利（淨損）歸屬於共同控制下前手權益,,--,sii,https://mopsov.twse.com.tw/mops/web/ajax_t163sb04
上游,晶片封測服務,3711,日月光投控,2026,1,income_statement,淨利（淨損）歸屬於非控制權益,417458,"417,458",sii,https://mopsov.twse.com.tw/mops/web/ajax_t163sb04
上游,晶片封測服務,3711,日月光投控,2026,1,income_statement,綜合損益總額歸屬於母公司業主,24161895,"24,161,895",sii,https://mopsov.twse.com.tw/mops/web/ajax_t163sb04
上游,晶片封測服務,3711,日月光投控,2026,1,income_statement,綜合損益總額歸屬於共同控制下前手權益,,--,sii,https://mopsov.twse.com.tw/mops/web/ajax_t163sb04
上游,晶片封測服務,3711,日月光投控,2026,1,income_statement,綜合損益總額歸屬於非控制權益,1154780,"1,154,780",sii,https://mopsov.twse.com.tw/mops/web/ajax_t163sb04
上游,晶片封測服務,3711,日月光投控,2026,1,income_statement,基本每股盈餘（元）,3.24,3.24,sii,https://mopsov.twse.com.tw/mops/web/ajax_t163sb04
上游,晶片封測服務,2449,京元電子,2026,1,balance_sheet,流動資產,28146159,"28,146,159",sii,https://mopsov.twse.com.tw/mops/web/ajax_t163sb05
上游,晶片封測服務,2449,京元電子,2026,1,balance_sheet,非流動資產,85031766,"85,031,766",sii,https://mopsov.twse.com.tw/mops/web/ajax_t163sb05
上游,晶片封測服務,2449,京元電子,2026,1,balance_sheet,資產總計,113177925,"113,177,925",sii,https://mopsov.twse.com.tw/mops/web/ajax_t163sb05
上游,晶片封測服務,2449,京元電子,2026,1,balance_sheet,流動負債,18477256,"18,477,256",sii,https://mopsov.twse.com.tw/mops/web/ajax_t163sb05
上游,晶片封測服務,2449,京元電子,2026,1,balance_sheet,非流動負債,40262500,"40,262,500",sii,https://mopsov.twse.com.tw/mops/web/ajax_t163sb05
上游,晶片封測服務,2449,京元電子,2026,1,balance_sheet,負債總計,58739756,"58,739,756",sii,https://mopsov.twse.com.tw/mops/web/ajax_t163sb05
上游,晶片封測服務,2449,京元電子,2026,1,balance_sheet,股本,12227451,"12,227,451",sii,https://mopsov.twse.com.tw/mops/web/ajax_t163sb05
上游,晶片封測服務,2449,京元電子,2026,1,balance_sheet,權益─具證券性質之虛擬通貨,,--,sii,https://mopsov.twse.com.tw/mops/web/ajax_t163sb05
上游,晶片封測服務,2449,京元電子,2026,1,balance_sheet,資本公積,5080949,"5,080,949",sii,https://mopsov.twse.com.tw/mops/web/ajax_t163sb05
上游,晶片封測服務,2449,京元電子,2026,1,balance_sheet,保留盈餘,30533794,"30,533,794",sii,https://mopsov.twse.com.tw/mops/web/ajax_t163sb05
上游,晶片封測服務,2449,京元電子,2026,1,balance_sheet,其他權益,6587451,"6,587,451",sii,https://mopsov.twse.com.tw/mops/web/ajax_t163sb05
上游,晶片封測服務,2449,京元電子,2026,1,balance_sheet,庫藏股票,,--,sii,https://mopsov.twse.com.tw/mops/web/ajax_t163sb05
上游,晶片封測服務,2449,京元電子,2026,1,balance_sheet,歸屬於母公司業主之權益合計,54429645,"54,429,645",sii,https://mopsov.twse.com.tw/mops/web/ajax_t163sb05
上游,晶片封測服務,2449,京元電子,2026,1,balance_sheet,共同控制下前手權益,,--,sii,https://mopsov.twse.com.tw/mops/web/ajax_t163sb05
上游,晶片封測服務,2449,京元電子,2026,1,balance_sheet,合併前非屬共同控制股權,,--,sii,https://mopsov.twse.com.tw/mops/web/ajax_t163sb05
上游,晶片封測服務,2449,京元電子,2026,1,balance_sheet,非控制權益,8524,"8,524",sii,https://mopsov.twse.com.tw/mops/web/ajax_t163sb05
上游,晶片封測服務,2449,京元電子,2026,1,balance_sheet,權益總計,54438169,"54,438,169",sii,https://mopsov.twse.com.tw/mops/web/ajax_t163sb05
上游,晶片封測服務,2449,京元電子,2026,1,balance_sheet,待註銷股本股數（單位：股）,,--,sii,https://mopsov.twse.com.tw/mops/web/ajax_t163sb05
上游,晶片封測服務,2449,京元電子,2026,1,balance_sheet,預收股款（權益項下）之約當發行股數（單位：股）,0,0,sii,https://mopsov.twse.com.tw/mops/web/ajax_t163sb05
上游,晶片封測服務,2449,京元電子,2026,1,balance_sheet,母公司暨子公司所持有之母公司庫藏股股數（單位：股）,0,0,sii,https://mopsov.twse.com.tw/mops/web/ajax_t163sb05
上游,晶片封測服務,2449,京元電子,2026,1,balance_sheet,每股參考淨值,44.51,44.51,sii,https://mopsov.twse.com.tw/mops/web/ajax_t163sb05
上游,晶片封測服務,3711,日月光投控,2026,1,balance_sheet,流動資產,337698528,"337,698,528",sii,https://mopsov.twse.com.tw/mops/web/ajax_t163sb05
上游,晶片封測服務,3711,日月光投控,2026,1,balance_sheet,非流動資產,619828916,"619,828,916",sii,https://mopsov.twse.com.tw/mops/web/ajax_t163sb05
上游,晶片封測服務,3711,日月光投控,2026,1,balance_sheet,資產總計,957527444,"957,527,444",sii,https://mopsov.twse.com.tw/mops/web/ajax_t163sb05
上游,晶片封測服務,3711,日月光投控,2026,1,balance_sheet,流動負債,294501914,"294,501,914",sii,https://mopsov.twse.com.tw/mops/web/ajax_t163sb05
上游,晶片封測服務,3711,日月光投控,2026,1,balance_sheet,非流動負債,281881576,"281,881,576",sii,https://mopsov.twse.com.tw/mops/web/ajax_t163sb05
上游,晶片封測服務,3711,日月光投控,2026,1,balance_sheet,負債總計,576383490,"576,383,490",sii,https://mopsov.twse.com.tw/mops/web/ajax_t163sb05
上游,晶片封測服務,3711,日月光投控,2026,1,balance_sheet,股本,44613861,"44,613,861",sii,https://mopsov.twse.com.tw/mops/web/ajax_t163sb05
上游,晶片封測服務,3711,日月光投控,2026,1,balance_sheet,權益─具證券性質之虛擬通貨,,--,sii,https://mopsov.twse.com.tw/mops/web/ajax_t163sb05
上游,晶片封測服務,3711,日月光投控,2026,1,balance_sheet,資本公積,165184335,"165,184,335",sii,https://mopsov.twse.com.tw/mops/web/ajax_t163sb05
上游,晶片封測服務,3711,日月光投控,2026,1,balance_sheet,保留盈餘,124880812,"124,880,812",sii,https://mopsov.twse.com.tw/mops/web/ajax_t163sb05
上游,晶片封測服務,3711,日月光投控,2026,1,balance_sheet,其他權益,17897491,"17,897,491",sii,https://mopsov.twse.com.tw/mops/web/ajax_t163sb05
上游,晶片封測服務,3711,日月光投控,2026,1,balance_sheet,庫藏股票,-1959107,"-1,959,107",sii,https://mopsov.twse.com.tw/mops/web/ajax_t163sb05
上游,晶片封測服務,3711,日月光投控,2026,1,balance_sheet,歸屬於母公司業主之權益合計,350617392,"350,617,392",sii,https://mopsov.twse.com.tw/mops/web/ajax_t163sb05
上游,晶片封測服務,3711,日月光投控,2026,1,balance_sheet,共同控制下前手權益,,--,sii,https://mopsov.twse.com.tw/mops/web/ajax_t163sb05
上游,晶片封測服務,3711,日月光投控,2026,1,balance_sheet,合併前非屬共同控制股權,,--,sii,https://mopsov.twse.com.tw/mops/web/ajax_t163sb05
上游,晶片封測服務,3711,日月光投控,2026,1,balance_sheet,非控制權益,30526562,"30,526,562",sii,https://mopsov.twse.com.tw/mops/web/ajax_t163sb05
上游,晶片封測服務,3711,日月光投控,2026,1,balance_sheet,權益總計,381143954,"381,143,954",sii,https://mopsov.twse.com.tw/mops/web/ajax_t163sb05
上游,晶片封測服務,3711,日月光投控,2026,1,balance_sheet,待註銷股本股數（單位：股）,,--,sii,https://mopsov.twse.com.tw/mops/web/ajax_t163sb05
上游,晶片封測服務,3711,日月光投控,2026,1,balance_sheet,預收股款（權益項下）之約當發行股數（單位：股）,14356300,"14,356,300",sii,https://mopsov.twse.com.tw/mops/web/ajax_t163sb05
上游,晶片封測服務,3711,日月光投控,2026,1,balance_sheet,母公司暨子公司所持有之母公司庫藏股股數（單位：股）,72941505,"72,941,505",sii,https://mopsov.twse.com.tw/mops/web/ajax_t163sb05
上游,晶片封測服務,3711,日月光投控,2026,1,balance_sheet,每股參考淨值,79.9,79.90,sii,https://mopsov.twse.com.tw/mops/web/ajax_t163sb05
上游,晶片封測服務,2449,京元電子,2026,1,cash_flow,營業活動之淨現金流入（流出）,3741509,"3,741,509",sii,https://mopsov.twse.com.tw/mops/web/ajax_t163sb20
上游,晶片封測服務,2449,京元電子,2026,1,cash_flow,投資活動之淨現金流入（流出）,-7207619,"-7,207,619",sii,https://mopsov.twse.com.tw/mops/web/ajax_t163sb20
上游,晶片封測服務,2449,京元電子,2026,1,cash_flow,籌資活動之淨現金流入（流出）,-118587,"-118,587",sii,https://mopsov.twse.com.tw/mops/web/ajax_t163sb20
上游,晶片封測服務,2449,京元電子,2026,1,cash_flow,匯率變動對現金及約當現金之影響,62922,"62,922",sii,https://mopsov.twse.com.tw/mops/web/ajax_t163sb20
上游,晶片封測服務,2449,京元電子,2026,1,cash_flow,本期現金及約當現金增加（減少）數,-3521775,"-3,521,775",sii,https://mopsov.twse.com.tw/mops/web/ajax_t163sb20
上游,晶片封測服務,2449,京元電子,2026,1,cash_flow,期初現金及約當現金餘額,17963504,"17,963,504",sii,https://mopsov.twse.com.tw/mops/web/ajax_t163sb20
上游,晶片封測服務,2449,京元電子,2026,1,cash_flow,期末現金及約當現金餘額,14441729,"14,441,729",sii,https://mopsov.twse.com.tw/mops/web/ajax_t163sb20
上游,晶片封測服務,3711,日月光投控,2026,1,cash_flow,營業活動之淨現金流入（流出）,36387434,"36,387,434",sii,https://mopsov.twse.com.tw/mops/web/ajax_t163sb20
上游,晶片封測服務,3711,日月光投控,2026,1,cash_flow,投資活動之淨現金流入（流出）,-45744766,"-45,744,766",sii,https://mopsov.twse.com.tw/mops/web/ajax_t163sb20
上游,晶片封測服務,3711,日月光投控,2026,1,cash_flow,籌資活動之淨現金流入（流出）,837732,"837,732",sii,https://mopsov.twse.com.tw/mops/web/ajax_t163sb20
上游,晶片封測服務,3711,日月光投控,2026,1,cash_flow,匯率變動對現金及約當現金之影響,3861995,"3,861,995",sii,https://mopsov.twse.com.tw/mops/web/ajax_t163sb20
上游,晶片封測服務,3711,日月光投控,2026,1,cash_flow,本期現金及約當現金增加（減少）數,-4657605,"-4,657,605",sii,https://mopsov.twse.com.tw/mops/web/ajax_t163sb20
上游,晶片封測服務,3711,日月光投控,2026,1,cash_flow,期初現金及約當現金餘額,92468851,"92,468,851",sii,https://mopsov.twse.com.tw/mops/web/ajax_t163sb20
上游,晶片封測服務,3711,日月光投控,2026,1,cash_flow,期末現金及約當現金餘額,87811246,"87,811,246",sii,https://mopsov.twse.com.tw/mops/web/ajax_t163sb20
上游,晶片封測服務,2449,京元電子,2026,2,income_statement,營業收入,21333559,"21,333,559",sii,https://mopsov.twse.com.tw/mops/web/ajax_t163sb04
上游,晶片封測服務,2449,京元電子,2026,2,income_statement,營業成本,12882853,"12,882,853",sii,https://mopsov.twse.com.tw/mops/web/ajax_t163sb04
上游,晶片封測服務,2449,京元電子,2026,2,income_statement,原始認列生物資產及農產品之利益（損失）,,--,sii,https://mopsov.twse.com.tw/mops/web/ajax_t163sb04
上游,晶片封測服務,2449,京元電子,2026,2,income_statement,生物資產當期公允價值減出售成本之變動利益（損失）,,--,sii,https://mopsov.twse.com.tw/mops/web/ajax_t163sb04
上游,晶片封測服務,2449,京元電子,2026,2,income_statement,營業毛利（毛損）,8450706,"8,450,706",sii,https://mopsov.twse.com.tw/mops/web/ajax_t163sb04
上游,晶片封測服務,2449,京元電子,2026,2,income_statement,未實現銷貨（損）益,,--,sii,https://mopsov.twse.com.tw/mops/web/ajax_t163sb04
上游,晶片封測服務,2449,京元電子,2026,2,income_statement,已實現銷貨（損）益,,--,sii,https://mopsov.twse.com.tw/mops/web/ajax_t163sb04
上游,晶片封測服務,2449,京元電子,2026,2,income_statement,營業毛利（毛損）淨額,8450706,"8,450,706",sii,https://mopsov.twse.com.tw/mops/web/ajax_t163sb04
上游,晶片封測服務,2449,京元電子,2026,2,income_statement,營業費用,2850946,"2,850,946",sii,https://mopsov.twse.com.tw/mops/web/ajax_t163sb04
上游,晶片封測服務,2449,京元電子,2026,2,income_statement,其他收益及費損淨額,,--,sii,https://mopsov.twse.com.tw/mops/web/ajax_t163sb04
上游,晶片封測服務,2449,京元電子,2026,2,income_statement,營業利益（損失）,5599760,"5,599,760",sii,https://mopsov.twse.com.tw/mops/web/ajax_t163sb04
上游,晶片封測服務,2449,京元電子,2026,2,income_statement,營業外收入及支出,284446,"284,446",sii,https://mopsov.twse.com.tw/mops/web/ajax_t163sb04
上游,晶片封測服務,2449,京元電子,2026,2,income_statement,稅前淨利（淨損）,5884206,"5,884,206",sii,https://mopsov.twse.com.tw/mops/web/ajax_t163sb04
上游,晶片封測服務,2449,京元電子,2026,2,income_statement,所得稅費用（利益）,1106018,"1,106,018",sii,https://mopsov.twse.com.tw/mops/web/ajax_t163sb04
上游,晶片封測服務,2449,京元電子,2026,2,income_statement,繼續營業單位本期淨利（淨損）,4778188,"4,778,188",sii,https://mopsov.twse.com.tw/mops/web/ajax_t163sb04
上游,晶片封測服務,2449,京元電子,2026,2,income_statement,停業單位損益,0,0,sii,https://mopsov.twse.com.tw/mops/web/ajax_t163sb04
上游,晶片封測服務,2449,京元電子,2026,2,income_statement,合併前非屬共同控制股權損益,,--,sii,https://mopsov.twse.com.tw/mops/web/ajax_t163sb04
上游,晶片封測服務,2449,京元電子,2026,2,income_statement,本期淨利（淨損）,4778188,"4,778,188",sii,https://mopsov.twse.com.tw/mops/web/ajax_t163sb04
上游,晶片封測服務,2449,京元電子,2026,2,income_statement,其他綜合損益（淨額）,8679293,"8,679,293",sii,https://mopsov.twse.com.tw/mops/web/ajax_t163sb04
上游,晶片封測服務,2449,京元電子,2026,2,income_statement,合併前非屬共同控制股權綜合損益淨額,,--,sii,https://mopsov.twse.com.tw/mops/web/ajax_t163sb04
上游,晶片封測服務,2449,京元電子,2026,2,income_statement,本期綜合損益總額,13457481,"13,457,481",sii,https://mopsov.twse.com.tw/mops/web/ajax_t163sb04
上游,晶片封測服務,2449,京元電子,2026,2,income_statement,淨利（淨損）歸屬於母公司業主,4778004,"4,778,004",sii,https://mopsov.twse.com.tw/mops/web/ajax_t163sb04
上游,晶片封測服務,2449,京元電子,2026,2,income_statement,淨利（淨損）歸屬於共同控制下前手權益,,--,sii,https://mopsov.twse.com.tw/mops/web/ajax_t163sb04
上游,晶片封測服務,2449,京元電子,2026,2,income_statement,淨利（淨損）歸屬於非控制權益,184,184,sii,https://mopsov.twse.com.tw/mops/web/ajax_t163sb04
上游,晶片封測服務,2449,京元電子,2026,2,income_statement,綜合損益總額歸屬於母公司業主,13457490,"13,457,490",sii,https://mopsov.twse.com.tw/mops/web/ajax_t163sb04
上游,晶片封測服務,2449,京元電子,2026,2,income_statement,綜合損益總額歸屬於共同控制下前手權益,,--,sii,https://mopsov.twse.com.tw/mops/web/ajax_t163sb04
上游,晶片封測服務,2449,京元電子,2026,2,income_statement,綜合損益總額歸屬於非控制權益,-9,-9,sii,https://mopsov.twse.com.tw/mops/web/ajax_t163sb04
上游,晶片封測服務,2449,京元電子,2026,2,income_statement,基本每股盈餘（元）,3.91,3.91,sii,https://mopsov.twse.com.tw/mops/web/ajax_t163sb04
上游,晶片封測服務,3711,日月光投控,2026,2,income_statement,營業收入,364725674,"364,725,674",sii,https://mopsov.twse.com.tw/mops/web/ajax_t163sb04
上游,晶片封測服務,3711,日月光投控,2026,2,income_statement,營業成本,289757480,"289,757,480",sii,https://mopsov.twse.com.tw/mops/web/ajax_t163sb04
上游,晶片封測服務,3711,日月光投控,2026,2,income_statement,原始認列生物資產及農產品之利益（損失）,,--,sii,https://mopsov.twse.com.tw/mops/web/ajax_t163sb04
上游,晶片封測服務,3711,日月光投控,2026,2,income_statement,生物資產當期公允價值減出售成本之變動利益（損失）,,--,sii,https://mopsov.twse.com.tw/mops/web/ajax_t163sb04
上游,晶片封測服務,3711,日月光投控,2026,2,income_statement,營業毛利（毛損）,74968194,"74,968,194",sii,https://mopsov.twse.com.tw/mops/web/ajax_t163sb04
上游,晶片封測服務,3711,日月光投控,2026,2,income_statement,未實現銷貨（損）益,,--,sii,https://mopsov.twse.com.tw/mops/web/ajax_t163sb04
上游,晶片封測服務,3711,日月光投控,2026,2,income_statement,已實現銷貨（損）益,,--,sii,https://mopsov.twse.com.tw/mops/web/ajax_t163sb04
上游,晶片封測服務,3711,日月光投控,2026,2,income_statement,營業毛利（毛損）淨額,74968194,"74,968,194",sii,https://mopsov.twse.com.tw/mops/web/ajax_t163sb04
上游,晶片封測服務,3711,日月光投控,2026,2,income_statement,營業費用,36341650,"36,341,650",sii,https://mopsov.twse.com.tw/mops/web/ajax_t163sb04
上游,晶片封測服務,3711,日月光投控,2026,2,income_statement,其他收益及費損淨額,,--,sii,https://mopsov.twse.com.tw/mops/web/ajax_t163sb04
上游,晶片封測服務,3711,日月光投控,2026,2,income_statement,營業利益（損失）,38626544,"38,626,544",sii,https://mopsov.twse.com.tw/mops/web/ajax_t163sb04
上游,晶片封測服務,3711,日月光投控,2026,2,income_statement,營業外收入及支出,5234698,"5,234,698",sii,https://mopsov.twse.com.tw/mops/web/ajax_t163sb04
上游,晶片封測服務,3711,日月光投控,2026,2,income_statement,稅前淨利（淨損）,43861242,"43,861,242",sii,https://mopsov.twse.com.tw/mops/web/ajax_t163sb04
上游,晶片封測服務,3711,日月光投控,2026,2,income_statement,所得稅費用（利益）,7801809,"7,801,809",sii,https://mopsov.twse.com.tw/mops/web/ajax_t163sb04
上游,晶片封測服務,3711,日月光投控,2026,2,income_statement,繼續營業單位本期淨利（淨損）,36059433,"36,059,433",sii,https://mopsov.twse.com.tw/mops/web/ajax_t163sb04
上游,晶片封測服務,3711,日月光投控,2026,2,income_statement,停業單位損益,,--,sii,https://mopsov.twse.com.tw/mops/web/ajax_t163sb04
上游,晶片封測服務,3711,日月光投控,2026,2,income_statement,合併前非屬共同控制股權損益,,--,sii,https://mopsov.twse.com.tw/mops/web/ajax_t163sb04
上游,晶片封測服務,3711,日月光投控,2026,2,income_statement,本期淨利（淨損）,36059433,"36,059,433",sii,https://mopsov.twse.com.tw/mops/web/ajax_t163sb04
上游,晶片封測服務,3711,日月光投控,2026,2,income_statement,其他綜合損益（淨額）,27513820,"27,513,820",sii,https://mopsov.twse.com.tw/mops/web/ajax_t163sb04
上游,晶片封測服務,3711,日月光投控,2026,2,income_statement,合併前非屬共同控制股權綜合損益淨額,,--,sii,https://mopsov.twse.com.tw/mops/web/ajax_t163sb04
上游,晶片封測服務,3711,日月光投控,2026,2,income_statement,本期綜合損益總額,63573253,"63,573,253",sii,https://mopsov.twse.com.tw/mops/web/ajax_t163sb04
上游,晶片封測服務,3711,日月光投控,2026,2,income_statement,淨利（淨損）歸屬於母公司業主,35199641,"35,199,641",sii,https://mopsov.twse.com.tw/mops/web/ajax_t163sb04
上游,晶片封測服務,3711,日月光投控,2026,2,income_statement,淨利（淨損）歸屬於共同控制下前手權益,,--,sii,https://mopsov.twse.com.tw/mops/web/ajax_t163sb04
上游,晶片封測服務,3711,日月光投控,2026,2,income_statement,淨利（淨損）歸屬於非控制權益,859792,"859,792",sii,https://mopsov.twse.com.tw/mops/web/ajax_t163sb04
上游,晶片封測服務,3711,日月光投控,2026,2,income_statement,綜合損益總額歸屬於母公司業主,61781509,"61,781,509",sii,https://mopsov.twse.com.tw/mops/web/ajax_t163sb04
上游,晶片封測服務,3711,日月光投控,2026,2,income_statement,綜合損益總額歸屬於共同控制下前手權益,,--,sii,https://mopsov.twse.com.tw/mops/web/ajax_t163sb04
上游,晶片封測服務,3711,日月光投控,2026,2,income_statement,綜合損益總額歸屬於非控制權益,1791744,"1,791,744",sii,https://mopsov.twse.com.tw/mops/web/ajax_t163sb04
上游,晶片封測服務,3711,日月光投控,2026,2,income_statement,基本每股盈餘（元）,8.04,8.04,sii,https://mopsov.twse.com.tw/mops/web/ajax_t163sb04
上游,晶片封測服務,2449,京元電子,2026,2,balance_sheet,流動資產,30507886,"30,507,886",sii,https://mopsov.twse.com.tw/mops/web/ajax_t163sb05
上游,晶片封測服務,2449,京元電子,2026,2,balance_sheet,非流動資產,98240764,"98,240,764",sii,https://mopsov.twse.com.tw/mops/web/ajax_t163sb05
上游,晶片封測服務,2449,京元電子,2026,2,balance_sheet,資產總計,128748650,"128,748,650",sii,https://mopsov.twse.com.tw/mops/web/ajax_t163sb05
上游,晶片封測服務,2449,京元電子,2026,2,balance_sheet,流動負債,20713873,"20,713,873",sii,https://mopsov.twse.com.tw/mops/web/ajax_t163sb05
上游,晶片封測服務,2449,京元電子,2026,2,balance_sheet,非流動負債,45362292,"45,362,292",sii,https://mopsov.twse.com.tw/mops/web/ajax_t163sb05
上游,晶片封測服務,2449,京元電子,2026,2,balance_sheet,負債總計,66076165,"66,076,165",sii,https://mopsov.twse.com.tw/mops/web/ajax_t163sb05
上游,晶片封測服務,2449,京元電子,2026,2,balance_sheet,股本,12838824,"12,838,824",sii,https://mopsov.twse.com.tw/mops/web/ajax_t163sb05
上游,晶片封測服務,2449,京元電子,2026,2,balance_sheet,權益─具證券性質之虛擬通貨,,--,sii,https://mopsov.twse.com.tw/mops/web/ajax_t163sb05
上游,晶片封測服務,2449,京元電子,2026,2,balance_sheet,資本公積,5080949,"5,080,949",sii,https://mopsov.twse.com.tw/mops/web/ajax_t163sb05
上游,晶片封測服務,2449,京元電子,2026,2,balance_sheet,保留盈餘,31191243,"31,191,243",sii,https://mopsov.twse.com.tw/mops/web/ajax_t163sb05
上游,晶片封測服務,2449,京元電子,2026,2,balance_sheet,其他權益,13553049,"13,553,049",sii,https://mopsov.twse.com.tw/mops/web/ajax_t163sb05
上游,晶片封測服務,2449,京元電子,2026,2,balance_sheet,庫藏股票,,--,sii,https://mopsov.twse.com.tw/mops/web/ajax_t163sb05
上游,晶片封測服務,2449,京元電子,2026,2,balance_sheet,歸屬於母公司業主之權益合計,62664065,"62,664,065",sii,https://mopsov.twse.com.tw/mops/web/ajax_t163sb05
上游,晶片封測服務,2449,京元電子,2026,2,balance_sheet,共同控制下前手權益,,--,sii,https://mopsov.twse.com.tw/mops/web/ajax_t163sb05
上游,晶片封測服務,2449,京元電子,2026,2,balance_sheet,合併前非屬共同控制股權,,--,sii,https://mopsov.twse.com.tw/mops/web/ajax_t163sb05
上游,晶片封測服務,2449,京元電子,2026,2,balance_sheet,非控制權益,8420,"8,420",sii,https://mopsov.twse.com.tw/mops/web/ajax_t163sb05
上游,晶片封測服務,2449,京元電子,2026,2,balance_sheet,權益總計,62672485,"62,672,485",sii,https://mopsov.twse.com.tw/mops/web/ajax_t163sb05
上游,晶片封測服務,2449,京元電子,2026,2,balance_sheet,待註銷股本股數（單位：股）,,--,sii,https://mopsov.twse.com.tw/mops/web/ajax_t163sb05
上游,晶片封測服務,2449,京元電子,2026,2,balance_sheet,預收股款（權益項下）之約當發行股數（單位：股）,0,0,sii,https://mopsov.twse.com.tw/mops/web/ajax_t163sb05
上游,晶片封測服務,2449,京元電子,2026,2,balance_sheet,母公司暨子公司所持有之母公司庫藏股股數（單位：股）,0,0,sii,https://mopsov.twse.com.tw/mops/web/ajax_t163sb05
上游,晶片封測服務,2449,京元電子,2026,2,balance_sheet,每股參考淨值,51.25,51.25,sii,https://mopsov.twse.com.tw/mops/web/ajax_t163sb05
上游,晶片封測服務,3711,日月光投控,2026,2,balance_sheet,流動資產,360399211,"360,399,211",sii,https://mopsov.twse.com.tw/mops/web/ajax_t163sb05
上游,晶片封測服務,3711,日月光投控,2026,2,balance_sheet,非流動資產,710935216,"710,935,216",sii,https://mopsov.twse.com.tw/mops/web/ajax_t163sb05
上游,晶片封測服務,3711,日月光投控,2026,2,balance_sheet,資產總計,1071334427,"1,071,334,427",sii,https://mopsov.twse.com.tw/mops/web/ajax_t163sb05
上游,晶片封測服務,3711,日月光投控,2026,2,balance_sheet,流動負債,336798821,"336,798,821",sii,https://mopsov.twse.com.tw/mops/web/ajax_t163sb05
上游,晶片封測服務,3711,日月光投控,2026,2,balance_sheet,非流動負債,315337827,"315,337,827",sii,https://mopsov.twse.com.tw/mops/web/ajax_t163sb05
上游,晶片封測服務,3711,日月光投控,2026,2,balance_sheet,負債總計,652136648,"652,136,648",sii,https://mopsov.twse.com.tw/mops/web/ajax_t163sb05
上游,晶片封測服務,3711,日月光投控,2026,2,balance_sheet,股本,44705723,"44,705,723",sii,https://mopsov.twse.com.tw/mops/web/ajax_t163sb05
上游,晶片封測服務,3711,日月光投控,2026,2,balance_sheet,權益─具證券性質之虛擬通貨,,--,sii,https://mopsov.twse.com.tw/mops/web/ajax_t163sb05
上游,晶片封測服務,3711,日月光投控,2026,2,balance_sheet,資本公積,165900080,"165,900,080",sii,https://mopsov.twse.com.tw/mops/web/ajax_t163sb05
上游,晶片封測服務,3711,日月光投控,2026,2,balance_sheet,保留盈餘,145934560,"145,934,560",sii,https://mopsov.twse.com.tw/mops/web/ajax_t163sb05
上游,晶片封測服務,3711,日月光投控,2026,2,balance_sheet,其他權益,34624067,"34,624,067",sii,https://mopsov.twse.com.tw/mops/web/ajax_t163sb05
上游,晶片封測服務,3711,日月光投控,2026,2,balance_sheet,庫藏股票,-1959107,"-1,959,107",sii,https://mopsov.twse.com.tw/mops/web/ajax_t163sb05
上游,晶片封測服務,3711,日月光投控,2026,2,balance_sheet,歸屬於母公司業主之權益合計,389205323,"389,205,323",sii,https://mopsov.twse.com.tw/mops/web/ajax_t163sb05
上游,晶片封測服務,3711,日月光投控,2026,2,balance_sheet,共同控制下前手權益,,--,sii,https://mopsov.twse.com.tw/mops/web/ajax_t163sb05
上游,晶片封測服務,3711,日月光投控,2026,2,balance_sheet,合併前非屬共同控制股權,,--,sii,https://mopsov.twse.com.tw/mops/web/ajax_t163sb05
上游,晶片封測服務,3711,日月光投控,2026,2,balance_sheet,非控制權益,29992456,"29,992,456",sii,https://mopsov.twse.com.tw/mops/web/ajax_t163sb05
上游,晶片封測服務,3711,日月光投控,2026,2,balance_sheet,權益總計,419197779,"419,197,779",sii,https://mopsov.twse.com.tw/mops/web/ajax_t163sb05
上游,晶片封測服務,3711,日月光投控,2026,2,balance_sheet,待註銷股本股數（單位：股）,0,0,sii,https://mopsov.twse.com.tw/mops/web/ajax_t163sb05
上游,晶片封測服務,3711,日月光投控,2026,2,balance_sheet,預收股款（權益項下）之約當發行股數（單位：股）,9739200,"9,739,200",sii,https://mopsov.twse.com.tw/mops/web/ajax_t163sb05
上游,晶片封測服務,3711,日月光投控,2026,2,balance_sheet,母公司暨子公司所持有之母公司庫藏股股數（單位：股）,72941505,"72,941,505",sii,https://mopsov.twse.com.tw/mops/web/ajax_t163sb05
上游,晶片封測服務,3711,日月光投控,2026,2,balance_sheet,每股參考淨值,88.5,88.50,sii,https://mopsov.twse.com.tw/mops/web/ajax_t163sb05
上游,晶片封測服務,2449,京元電子,2026,2,cash_flow,營業活動之淨現金流入（流出）,6373084,"6,373,084",sii,https://mopsov.twse.com.tw/mops/web/ajax_t163sb20
上游,晶片封測服務,2449,京元電子,2026,2,cash_flow,投資活動之淨現金流入（流出）,-13745874,"-13,745,874",sii,https://mopsov.twse.com.tw/mops/web/ajax_t163sb20
上游,晶片封測服務,2449,京元電子,2026,2,cash_flow,籌資活動之淨現金流入（流出）,2731127,"2,731,127",sii,https://mopsov.twse.com.tw/mops/web/ajax_t163sb20
上游,晶片封測服務,2449,京元電子,2026,2,cash_flow,匯率變動對現金及約當現金之影響,-517,-517,sii,https://mopsov.twse.com.tw/mops/web/ajax_t163sb20
上游,晶片封測服務,2449,京元電子,2026,2,cash_flow,本期現金及約當現金增加（減少）數,-4642180,"-4,642,180",sii,https://mopsov.twse.com.tw/mops/web/ajax_t163sb20
上游,晶片封測服務,2449,京元電子,2026,2,cash_flow,期初現金及約當現金餘額,17963504,"17,963,504",sii,https://mopsov.twse.com.tw/mops/web/ajax_t163sb20
上游,晶片封測服務,2449,京元電子,2026,2,cash_flow,期末現金及約當現金餘額,13321324,"13,321,324",sii,https://mopsov.twse.com.tw/mops/web/ajax_t163sb20
上游,晶片封測服務,3711,日月光投控,2026,2,cash_flow,營業活動之淨現金流入（流出）,83401251,"83,401,251",sii,https://mopsov.twse.com.tw/mops/web/ajax_t163sb20
上游,晶片封測服務,3711,日月光投控,2026,2,cash_flow,投資活動之淨現金流入（流出）,-128833485,"-128,833,485",sii,https://mopsov.twse.com.tw/mops/web/ajax_t163sb20
上游,晶片封測服務,3711,日月光投控,2026,2,cash_flow,籌資活動之淨現金流入（流出）,39992307,"39,992,307",sii,https://mopsov.twse.com.tw/mops/web/ajax_t163sb20
上游,晶片封測服務,3711,日月光投控,2026,2,cash_flow,匯率變動對現金及約當現金之影響,4263397,"4,263,397",sii,https://mopsov.twse.com.tw/mops/web/ajax_t163sb20
上游,晶片封測服務,3711,日月光投控,2026,2,cash_flow,本期現金及約當現金增加（減少）數,-1176530,"-1,176,530",sii,https://mopsov.twse.com.tw/mops/web/ajax_t163sb20
上游,晶片封測服務,3711,日月光投控,2026,2,cash_flow,期初現金及約當現金餘額,92468851,"92,468,851",sii,https://mopsov.twse.com.tw/mops/web/ajax_t163sb20
上游,晶片封測服務,3711,日月光投控,2026,2,cash_flow,期末現金及約當現金餘額,91292321,"91,292,321",sii,https://mopsov.twse.com.tw/mops/web/ajax_t163sb20
