stage,category,stock_id,company_name,year,quarter,statement,account,value,raw_value,market,source_url
中游,伺服器滑軌與機殼,2059,川湖,2013,1,income_statement,營業收入,865669,"865,669",sii,https://mopsov.twse.com.tw/mops/web/ajax_t163sb04
中游,伺服器滑軌與機殼,2059,川湖,2013,1,income_statement,營業成本,425855,"425,855",sii,https://mopsov.twse.com.tw/mops/web/ajax_t163sb04
中游,伺服器滑軌與機殼,2059,川湖,2013,1,income_statement,營業毛利（毛損）,439814,"439,814",sii,https://mopsov.twse.com.tw/mops/web/ajax_t163sb04
中游,伺服器滑軌與機殼,2059,川湖,2013,1,income_statement,未實現銷貨（損）益,,--,sii,https://mopsov.twse.com.tw/mops/web/ajax_t163sb04
中游,伺服器滑軌與機殼,2059,川湖,2013,1,income_statement,已實現銷貨（損）益,,--,sii,https://mopsov.twse.com.tw/mops/web/ajax_t163sb04
中游,伺服器滑軌與機殼,2059,川湖,2013,1,income_statement,營業毛利（毛損）淨額,439814,"439,814",sii,https://mopsov.twse.com.tw/mops/web/ajax_t163sb04
中游,伺服器滑軌與機殼,2059,川湖,2013,1,income_statement,營業費用,109757,"109,757",sii,https://mopsov.twse.com.tw/mops/web/ajax_t163sb04
中游,伺服器滑軌與機殼,2059,川湖,2013,1,income_statement,其他收益及費損淨額,,--,sii,https://mopsov.twse.com.tw/mops/web/ajax_t163sb04
中游,伺服器滑軌與機殼,2059,川湖,2013,1,income_statement,營業利益（損失）,330057,"330,057",sii,https://mopsov.twse.com.tw/mops/web/ajax_t163sb04
中游,伺服器滑軌與機殼,2059,川湖,2013,1,income_statement,營業外收入及支出,134838,"134,838",sii,https://mopsov.twse.com.tw/mops/web/ajax_t163sb04
中游,伺服器滑軌與機殼,2059,川湖,2013,1,income_statement,稅前淨利（淨損）,464895,"464,895",sii,https://mopsov.twse.com.tw/mops/web/ajax_t163sb04
中游,伺服器滑軌與機殼,2059,川湖,2013,1,income_statement,所得稅費用（利益）,58296,"58,296",sii,https://mopsov.twse.com.tw/mops/web/ajax_t163sb04
中游,伺服器滑軌與機殼,2059,川湖,2013,1,income_statement,繼續營業單位本期淨利（淨損）,406599,"406,599",sii,https://mopsov.twse.com.tw/mops/web/ajax_t163sb04
中游,伺服器滑軌與機殼,2059,川湖,2013,1,income_statement,停業單位損益,,--,sii,https://mopsov.twse.com.tw/mops/web/ajax_t163sb04
中游,伺服器滑軌與機殼,2059,川湖,2013,1,income_statement,合併前非屬共同控制股權損益,,--,sii,https://mopsov.twse.com.tw/mops/web/ajax_t163sb04
中游,伺服器滑軌與機殼,2059,川湖,2013,1,income_statement,本期淨利（淨損）,406599,"406,599",sii,https://mopsov.twse.com.tw/mops/web/ajax_t163sb04
中游,伺服器滑軌與機殼,2059,川湖,2013,1,income_statement,其他綜合損益（淨額）,3894,"3,894",sii,https://mopsov.twse.com.tw/mops/web/ajax_t163sb04
中游,伺服器滑軌與機殼,2059,川湖,2013,1,income_statement,合併前非屬共同控制股權綜合損益淨額,,--,sii,https://mopsov.twse.com.tw/mops/web/ajax_t163sb04
中游,伺服器滑軌與機殼,2059,川湖,2013,1,income_statement,本期綜合損益總額,410493,"410,493",sii,https://mopsov.twse.com.tw/mops/web/ajax_t163sb04
中游,伺服器滑軌與機殼,2059,川湖,2013,1,income_statement,淨利（淨損）歸屬於母公司業主,406599,"406,599",sii,https://mopsov.twse.com.tw/mops/web/ajax_t163sb04
中游,伺服器滑軌與機殼,2059,川湖,2013,1,income_statement,淨利（淨損）歸屬於共同控制下前手權益,,--,sii,https://mopsov.twse.com.tw/mops/web/ajax_t163sb04
中游,伺服器滑軌與機殼,2059,川湖,2013,1,income_statement,淨利（淨損）歸屬於非控制權益,,--,sii,https://mopsov.twse.com.tw/mops/web/ajax_t163sb04
中游,伺服器滑軌與機殼,2059,川湖,2013,1,income_statement,綜合損益總額歸屬於母公司業主,410493,"410,493",sii,https://mopsov.twse.com.tw/mops/web/ajax_t163sb04
中游,伺服器滑軌與機殼,2059,川湖,2013,1,income_statement,綜合損益總額歸屬於共同控制下前手權益,,--,sii,https://mopsov.twse.com.tw/mops/web/ajax_t163sb04
中游,伺服器滑軌與機殼,2059,川湖,2013,1,income_statement,綜合損益總額歸屬於非控制權益,,--,sii,https://mopsov.twse.com.tw/mops/web/ajax_t163sb04
中游,伺服器滑軌與機殼,2059,川湖,2013,1,income_statement,基本每股盈餘（元）,4.4,4.40,sii,https://mopsov.twse.com.tw/mops/web/ajax_t163sb04
中游,伺服器滑軌與機殼,8210,勤誠,2013,1,income_statement,營業收入,851994,"851,994",sii,https://mopsov.twse.com.tw/mops/web/ajax_t163sb04
中游,伺服器滑軌與機殼,8210,勤誠,2013,1,income_statement,營業成本,602472,"602,472",sii,https://mopsov.twse.com.tw/mops/web/ajax_t163sb04
中游,伺服器滑軌與機殼,8210,勤誠,2013,1,income_statement,營業毛利（毛損）,249522,"249,522",sii,https://mopsov.twse.com.tw/mops/web/ajax_t163sb04
中游,伺服器滑軌與機殼,8210,勤誠,2013,1,income_statement,未實現銷貨（損）益,,--,sii,https://mopsov.twse.com.tw/mops/web/ajax_t163sb04
中游,伺服器滑軌與機殼,8210,勤誠,2013,1,income_statement,已實現銷貨（損）益,,--,sii,https://mopsov.twse.com.tw/mops/web/ajax_t163sb04
中游,伺服器滑軌與機殼,8210,勤誠,2013,1,income_statement,營業毛利（毛損）淨額,249522,"249,522",sii,https://mopsov.twse.com.tw/mops/web/ajax_t163sb04
中游,伺服器滑軌與機殼,8210,勤誠,2013,1,income_statement,營業費用,141123,"141,123",sii,https://mopsov.twse.com.tw/mops/web/ajax_t163sb04
中游,伺服器滑軌與機殼,8210,勤誠,2013,1,income_statement,其他收益及費損淨額,,--,sii,https://mopsov.twse.com.tw/mops/web/ajax_t163sb04
中游,伺服器滑軌與機殼,8210,勤誠,2013,1,income_statement,營業利益（損失）,108399,"108,399",sii,https://mopsov.twse.com.tw/mops/web/ajax_t163sb04
中游,伺服器滑軌與機殼,8210,勤誠,2013,1,income_statement,營業外收入及支出,13758,"13,758",sii,https://mopsov.twse.com.tw/mops/web/ajax_t163sb04
中游,伺服器滑軌與機殼,8210,勤誠,2013,1,income_statement,稅前淨利（淨損）,122157,"122,157",sii,https://mopsov.twse.com.tw/mops/web/ajax_t163sb04
中游,伺服器滑軌與機殼,8210,勤誠,2013,1,income_statement,所得稅費用（利益）,43030,"43,030",sii,https://mopsov.twse.com.tw/mops/web/ajax_t163sb04
中游,伺服器滑軌與機殼,8210,勤誠,2013,1,income_statement,繼續營業單位本期淨利（淨損）,79127,"79,127",sii,https://mopsov.twse.com.tw/mops/web/ajax_t163sb04
中游,伺服器滑軌與機殼,8210,勤誠,2013,1,income_statement,停業單位損益,,--,sii,https://mopsov.twse.com.tw/mops/web/ajax_t163sb04
中游,伺服器滑軌與機殼,8210,勤誠,2013,1,income_statement,合併前非屬共同控制股權損益,,--,sii,https://mopsov.twse.com.tw/mops/web/ajax_t163sb04
中游,伺服器滑軌與機殼,8210,勤誠,2013,1,income_statement,本期淨利（淨損）,79127,"79,127",sii,https://mopsov.twse.com.tw/mops/web/ajax_t163sb04
中游,伺服器滑軌與機殼,8210,勤誠,2013,1,income_statement,其他綜合損益（淨額）,38701,"38,701",sii,https://mopsov.twse.com.tw/mops/web/ajax_t163sb04
中游,伺服器滑軌與機殼,8210,勤誠,2013,1,income_statement,合併前非屬共同控制股權綜合損益淨額,,--,sii,https://mopsov.twse.com.tw/mops/web/ajax_t163sb04
中游,伺服器滑軌與機殼,8210,勤誠,2013,1,income_statement,本期綜合損益總額,117828,"117,828",sii,https://mopsov.twse.com.tw/mops/web/ajax_t163sb04
中游,伺服器滑軌與機殼,8210,勤誠,2013,1,income_statement,淨利（淨損）歸屬於母公司業主,79127,"79,127",sii,https://mopsov.twse.com.tw/mops/web/ajax_t163sb04
中游,伺服器滑軌與機殼,8210,勤誠,2013,1,income_statement,淨利（淨損）歸屬於共同控制下前手權益,,--,sii,https://mopsov.twse.com.tw/mops/web/ajax_t163sb04
中游,伺服器滑軌與機殼,8210,勤誠,2013,1,income_statement,淨利（淨損）歸屬於非控制權益,,--,sii,https://mopsov.twse.com.tw/mops/web/ajax_t163sb04
中游,伺服器滑軌與機殼,8210,勤誠,2013,1,income_statement,綜合損益總額歸屬於母公司業主,117828,"117,828",sii,https://mopsov.twse.com.tw/mops/web/ajax_t163sb04
中游,伺服器滑軌與機殼,8210,勤誠,2013,1,income_statement,綜合損益總額歸屬於共同控制下前手權益,,--,sii,https://mopsov.twse.com.tw/mops/web/ajax_t163sb04
中游,伺服器滑軌與機殼,8210,勤誠,2013,1,income_statement,綜合損益總額歸屬於非控制權益,,--,sii,https://mopsov.twse.com.tw/mops/web/ajax_t163sb04
中游,伺服器滑軌與機殼,8210,勤誠,2013,1,income_statement,基本每股盈餘（元）,0.66,0.66,sii,https://mopsov.twse.com.tw/mops/web/ajax_t163sb04
中游,伺服器滑軌與機殼,2059,川湖,2013,1,balance_sheet,流動資產,5131613,"5,131,613",sii,https://mopsov.twse.com.tw/mops/web/ajax_t163sb05
中游,伺服器滑軌與機殼,2059,川湖,2013,1,balance_sheet,非流動資產,1641427,"1,641,427",sii,https://mopsov.twse.com.tw/mops/web/ajax_t163sb05
中游,伺服器滑軌與機殼,2059,川湖,2013,1,balance_sheet,資產總額,6773040,"6,773,040",sii,https://mopsov.twse.com.tw/mops/web/ajax_t163sb05
中游,伺服器滑軌與機殼,2059,川湖,2013,1,balance_sheet,流動負債,810011,"810,011",sii,https://mopsov.twse.com.tw/mops/web/ajax_t163sb05
中游,伺服器滑軌與機殼,2059,川湖,2013,1,balance_sheet,非流動負債,862963,"862,963",sii,https://mopsov.twse.com.tw/mops/web/ajax_t163sb05
中游,伺服器滑軌與機殼,2059,川湖,2013,1,balance_sheet,負債總額,1672974,"1,672,974",sii,https://mopsov.twse.com.tw/mops/web/ajax_t163sb05
中游,伺服器滑軌與機殼,2059,川湖,2013,1,balance_sheet,股本,927645,"927,645",sii,https://mopsov.twse.com.tw/mops/web/ajax_t163sb05
中游,伺服器滑軌與機殼,2059,川湖,2013,1,balance_sheet,資本公積,437530,"437,530",sii,https://mopsov.twse.com.tw/mops/web/ajax_t163sb05
中游,伺服器滑軌與機殼,2059,川湖,2013,1,balance_sheet,保留盈餘,3734024,"3,734,024",sii,https://mopsov.twse.com.tw/mops/web/ajax_t163sb05
中游,伺服器滑軌與機殼,2059,川湖,2013,1,balance_sheet,其他權益,867,867,sii,https://mopsov.twse.com.tw/mops/web/ajax_t163sb05
中游,伺服器滑軌與機殼,2059,川湖,2013,1,balance_sheet,庫藏股票,0,0,sii,https://mopsov.twse.com.tw/mops/web/ajax_t163sb05
中游,伺服器滑軌與機殼,2059,川湖,2013,1,balance_sheet,歸屬於母公司業主之權益合計,5100066,"5,100,066",sii,https://mopsov.twse.com.tw/mops/web/ajax_t163sb05
中游,伺服器滑軌與機殼,2059,川湖,2013,1,balance_sheet,共同控制下前手權益,,--,sii,https://mopsov.twse.com.tw/mops/web/ajax_t163sb05
中游,伺服器滑軌與機殼,2059,川湖,2013,1,balance_sheet,合併前非屬共同控制股權,,--,sii,https://mopsov.twse.com.tw/mops/web/ajax_t163sb05
中游,伺服器滑軌與機殼,2059,川湖,2013,1,balance_sheet,非控制權益,0,0,sii,https://mopsov.twse.com.tw/mops/web/ajax_t163sb05
中游,伺服器滑軌與機殼,2059,川湖,2013,1,balance_sheet,權益總額,5100066,"5,100,066",sii,https://mopsov.twse.com.tw/mops/web/ajax_t163sb05
中游,伺服器滑軌與機殼,2059,川湖,2013,1,balance_sheet,預收股款（權益項下）之約當發行股數（單位：股）,0,0,sii,https://mopsov.twse.com.tw/mops/web/ajax_t163sb05
中游,伺服器滑軌與機殼,2059,川湖,2013,1,balance_sheet,母公司暨子公司所持有之母公司庫藏股股數（單位：股）,0,0,sii,https://mopsov.twse.com.tw/mops/web/ajax_t163sb05
中游,伺服器滑軌與機殼,2059,川湖,2013,1,balance_sheet,每股參考淨值,54.98,54.98,sii,https://mopsov.twse.com.tw/mops/web/ajax_t163sb05
中游,伺服器滑軌與機殼,8210,勤誠,2013,1,balance_sheet,流動資產,2826707,"2,826,707",sii,https://mopsov.twse.com.tw/mops/web/ajax_t163sb05
中游,伺服器滑軌與機殼,8210,勤誠,2013,1,balance_sheet,非流動資產,930383,"930,383",sii,https://mopsov.twse.com.tw/mops/web/ajax_t163sb05
中游,伺服器滑軌與機殼,8210,勤誠,2013,1,balance_sheet,資產總額,3757090,"3,757,090",sii,https://mopsov.twse.com.tw/mops/web/ajax_t163sb05
中游,伺服器滑軌與機殼,8210,勤誠,2013,1,balance_sheet,流動負債,1356071,"1,356,071",sii,https://mopsov.twse.com.tw/mops/web/ajax_t163sb05
中游,伺服器滑軌與機殼,8210,勤誠,2013,1,balance_sheet,非流動負債,81534,"81,534",sii,https://mopsov.twse.com.tw/mops/web/ajax_t163sb05
中游,伺服器滑軌與機殼,8210,勤誠,2013,1,balance_sheet,負債總額,1437605,"1,437,605",sii,https://mopsov.twse.com.tw/mops/web/ajax_t163sb05
中游,伺服器滑軌與機殼,8210,勤誠,2013,1,balance_sheet,股本,1201260,"1,201,260",sii,https://mopsov.twse.com.tw/mops/web/ajax_t163sb05
中游,伺服器滑軌與機殼,8210,勤誠,2013,1,balance_sheet,資本公積,56749,"56,749",sii,https://mopsov.twse.com.tw/mops/web/ajax_t163sb05
中游,伺服器滑軌與機殼,8210,勤誠,2013,1,balance_sheet,保留盈餘,1062233,"1,062,233",sii,https://mopsov.twse.com.tw/mops/web/ajax_t163sb05
中游,伺服器滑軌與機殼,8210,勤誠,2013,1,balance_sheet,其他權益,-757,-757,sii,https://mopsov.twse.com.tw/mops/web/ajax_t163sb05
中游,伺服器滑軌與機殼,8210,勤誠,2013,1,balance_sheet,庫藏股票,,--,sii,https://mopsov.twse.com.tw/mops/web/ajax_t163sb05
中游,伺服器滑軌與機殼,8210,勤誠,2013,1,balance_sheet,歸屬於母公司業主之權益合計,2319485,"2,319,485",sii,https://mopsov.twse.com.tw/mops/web/ajax_t163sb05
中游,伺服器滑軌與機殼,8210,勤誠,2013,1,balance_sheet,共同控制下前手權益,,--,sii,https://mopsov.twse.com.tw/mops/web/ajax_t163sb05
中游,伺服器滑軌與機殼,8210,勤誠,2013,1,balance_sheet,合併前非屬共同控制股權,,--,sii,https://mopsov.twse.com.tw/mops/web/ajax_t163sb05
中游,伺服器滑軌與機殼,8210,勤誠,2013,1,balance_sheet,非控制權益,,--,sii,https://mopsov.twse.com.tw/mops/web/ajax_t163sb05
中游,伺服器滑軌與機殼,8210,勤誠,2013,1,balance_sheet,權益總額,2319485,"2,319,485",sii,https://mopsov.twse.com.tw/mops/web/ajax_t163sb05
中游,伺服器滑軌與機殼,8210,勤誠,2013,1,balance_sheet,預收股款（權益項下）之約當發行股數（單位：股）,0,0,sii,https://mopsov.twse.com.tw/mops/web/ajax_t163sb05
中游,伺服器滑軌與機殼,8210,勤誠,2013,1,balance_sheet,母公司暨子公司所持有之母公司庫藏股股數（單位：股）,0,0,sii,https://mopsov.twse.com.tw/mops/web/ajax_t163sb05
中游,伺服器滑軌與機殼,8210,勤誠,2013,1,balance_sheet,每股參考淨值,19.31,19.31,sii,https://mopsov.twse.com.tw/mops/web/ajax_t163sb05
中游,伺服器滑軌與機殼,2059,川湖,2013,1,cash_flow,營業活動之淨現金流入（流出）,617299,"617,299",sii,https://mopsov.twse.com.tw/mops/web/ajax_t163sb20
中游,伺服器滑軌與機殼,2059,川湖,2013,1,cash_flow,投資活動之淨現金流入（流出）,-20798,"-20,798",sii,https://mopsov.twse.com.tw/mops/web/ajax_t163sb20
中游,伺服器滑軌與機殼,2059,川湖,2013,1,cash_flow,籌資活動之淨現金流入（流出）,-30000,"-30,000",sii,https://mopsov.twse.com.tw/mops/web/ajax_t163sb20
中游,伺服器滑軌與機殼,2059,川湖,2013,1,cash_flow,匯率變動對現金及約當現金之影響,667,667,sii,https://mopsov.twse.com.tw/mops/web/ajax_t163sb20
中游,伺服器滑軌與機殼,2059,川湖,2013,1,cash_flow,本期現金及約當現金增加（減少）數,567168,"567,168",sii,https://mopsov.twse.com.tw/mops/web/ajax_t163sb20
中游,伺服器滑軌與機殼,2059,川湖,2013,1,cash_flow,期初現金及約當現金餘額,3291039,"3,291,039",sii,https://mopsov.twse.com.tw/mops/web/ajax_t163sb20
中游,伺服器滑軌與機殼,2059,川湖,2013,1,cash_flow,期末現金及約當現金餘額,3858207,"3,858,207",sii,https://mopsov.twse.com.tw/mops/web/ajax_t163sb20
中游,伺服器滑軌與機殼,8210,勤誠,2013,1,cash_flow,營業活動之淨現金流入（流出）,114355,"114,355",sii,https://mopsov.twse.com.tw/mops/web/ajax_t163sb20
中游,伺服器滑軌與機殼,8210,勤誠,2013,1,cash_flow,投資活動之淨現金流入（流出）,-7222,"-7,222",sii,https://mopsov.twse.com.tw/mops/web/ajax_t163sb20
中游,伺服器滑軌與機殼,8210,勤誠,2013,1,cash_flow,籌資活動之淨現金流入（流出）,-26694,"-26,694",sii,https://mopsov.twse.com.tw/mops/web/ajax_t163sb20
中游,伺服器滑軌與機殼,8210,勤誠,2013,1,cash_flow,匯率變動對現金及約當現金之影響,30031,"30,031",sii,https://mopsov.twse.com.tw/mops/web/ajax_t163sb20
中游,伺服器滑軌與機殼,8210,勤誠,2013,1,cash_flow,本期現金及約當現金增加（減少）數,110470,"110,470",sii,https://mopsov.twse.com.tw/mops/web/ajax_t163sb20
中游,伺服器滑軌與機殼,8210,勤誠,2013,1,cash_flow,期初現金及約當現金餘額,1771147,"1,771,147",sii,https://mopsov.twse.com.tw/mops/web/ajax_t163sb20
中游,伺服器滑軌與機殼,8210,勤誠,2013,1,cash_flow,期末現金及約當現金餘額,1881617,"1,881,617",sii,https://mopsov.twse.com.tw/mops/web/ajax_t163sb20
中游,伺服器滑軌與機殼,2059,川湖,2013,2,income_statement,營業收入,1840221,"1,840,221",sii,https://mopsov.twse.com.tw/mops/web/ajax_t163sb04
中游,伺服器滑軌與機殼,2059,川湖,2013,2,income_statement,營業成本,911971,"911,971",sii,https://mopsov.twse.com.tw/mops/web/ajax_t163sb04
中游,伺服器滑軌與機殼,2059,川湖,2013,2,income_statement,營業毛利（毛損）,928250,"928,250",sii,https://mopsov.twse.com.tw/mops/web/ajax_t163sb04
中游,伺服器滑軌與機殼,2059,川湖,2013,2,income_statement,未實現銷貨（損）益,,--,sii,https://mopsov.twse.com.tw/mops/web/ajax_t163sb04
中游,伺服器滑軌與機殼,2059,川湖,2013,2,income_statement,已實現銷貨（損）益,,--,sii,https://mopsov.twse.com.tw/mops/web/ajax_t163sb04
中游,伺服器滑軌與機殼,2059,川湖,2013,2,income_statement,營業毛利（毛損）淨額,928250,"928,250",sii,https://mopsov.twse.com.tw/mops/web/ajax_t163sb04
中游,伺服器滑軌與機殼,2059,川湖,2013,2,income_statement,營業費用,239032,"239,032",sii,https://mopsov.twse.com.tw/mops/web/ajax_t163sb04
中游,伺服器滑軌與機殼,2059,川湖,2013,2,income_statement,其他收益及費損淨額,,--,sii,https://mopsov.twse.com.tw/mops/web/ajax_t163sb04
中游,伺服器滑軌與機殼,2059,川湖,2013,2,income_statement,營業利益（損失）,689218,"689,218",sii,https://mopsov.twse.com.tw/mops/web/ajax_t163sb04
中游,伺服器滑軌與機殼,2059,川湖,2013,2,income_statement,營業外收入及支出,179588,"179,588",sii,https://mopsov.twse.com.tw/mops/web/ajax_t163sb04
中游,伺服器滑軌與機殼,2059,川湖,2013,2,income_statement,稅前淨利（淨損）,868806,"868,806",sii,https://mopsov.twse.com.tw/mops/web/ajax_t163sb04
中游,伺服器滑軌與機殼,2059,川湖,2013,2,income_statement,所得稅費用（利益）,168455,"168,455",sii,https://mopsov.twse.com.tw/mops/web/ajax_t163sb04
中游,伺服器滑軌與機殼,2059,川湖,2013,2,income_statement,繼續營業單位本期淨利（淨損）,700351,"700,351",sii,https://mopsov.twse.com.tw/mops/web/ajax_t163sb04
中游,伺服器滑軌與機殼,2059,川湖,2013,2,income_statement,停業單位損益,,--,sii,https://mopsov.twse.com.tw/mops/web/ajax_t163sb04
中游,伺服器滑軌與機殼,2059,川湖,2013,2,income_statement,合併前非屬共同控制股權損益,,--,sii,https://mopsov.twse.com.tw/mops/web/ajax_t163sb04
中游,伺服器滑軌與機殼,2059,川湖,2013,2,income_statement,本期淨利（淨損）,700351,"700,351",sii,https://mopsov.twse.com.tw/mops/web/ajax_t163sb04
中游,伺服器滑軌與機殼,2059,川湖,2013,2,income_statement,其他綜合損益（淨額）,6267,"6,267",sii,https://mopsov.twse.com.tw/mops/web/ajax_t163sb04
中游,伺服器滑軌與機殼,2059,川湖,2013,2,income_statement,合併前非屬共同控制股權綜合損益淨額,,--,sii,https://mopsov.twse.com.tw/mops/web/ajax_t163sb04
中游,伺服器滑軌與機殼,2059,川湖,2013,2,income_statement,本期綜合損益總額,706618,"706,618",sii,https://mopsov.twse.com.tw/mops/web/ajax_t163sb04
中游,伺服器滑軌與機殼,2059,川湖,2013,2,income_statement,淨利（淨損）歸屬於母公司業主,700351,"700,351",sii,https://mopsov.twse.com.tw/mops/web/ajax_t163sb04
中游,伺服器滑軌與機殼,2059,川湖,2013,2,income_statement,淨利（淨損）歸屬於共同控制下前手權益,,--,sii,https://mopsov.twse.com.tw/mops/web/ajax_t163sb04
中游,伺服器滑軌與機殼,2059,川湖,2013,2,income_statement,淨利（淨損）歸屬於非控制權益,,--,sii,https://mopsov.twse.com.tw/mops/web/ajax_t163sb04
中游,伺服器滑軌與機殼,2059,川湖,2013,2,income_statement,綜合損益總額歸屬於母公司業主,706618,"706,618",sii,https://mopsov.twse.com.tw/mops/web/ajax_t163sb04
中游,伺服器滑軌與機殼,2059,川湖,2013,2,income_statement,綜合損益總額歸屬於共同控制下前手權益,,--,sii,https://mopsov.twse.com.tw/mops/web/ajax_t163sb04
中游,伺服器滑軌與機殼,2059,川湖,2013,2,income_statement,綜合損益總額歸屬於非控制權益,,--,sii,https://mopsov.twse.com.tw/mops/web/ajax_t163sb04
中游,伺服器滑軌與機殼,2059,川湖,2013,2,income_statement,基本每股盈餘（元）,7.55,7.55,sii,https://mopsov.twse.com.tw/mops/web/ajax_t163sb04
中游,伺服器滑軌與機殼,8210,勤誠,2013,2,income_statement,營業收入,1802942,"1,802,942",sii,https://mopsov.twse.com.tw/mops/web/ajax_t163sb04
中游,伺服器滑軌與機殼,8210,勤誠,2013,2,income_statement,營業成本,1283649,"1,283,649",sii,https://mopsov.twse.com.tw/mops/web/ajax_t163sb04
中游,伺服器滑軌與機殼,8210,勤誠,2013,2,income_statement,營業毛利（毛損）,519293,"519,293",sii,https://mopsov.twse.com.tw/mops/web/ajax_t163sb04
中游,伺服器滑軌與機殼,8210,勤誠,2013,2,income_statement,未實現銷貨（損）益,,--,sii,https://mopsov.twse.com.tw/mops/web/ajax_t163sb04
中游,伺服器滑軌與機殼,8210,勤誠,2013,2,income_statement,已實現銷貨（損）益,,--,sii,https://mopsov.twse.com.tw/mops/web/ajax_t163sb04
中游,伺服器滑軌與機殼,8210,勤誠,2013,2,income_statement,營業毛利（毛損）淨額,519293,"519,293",sii,https://mopsov.twse.com.tw/mops/web/ajax_t163sb04
中游,伺服器滑軌與機殼,8210,勤誠,2013,2,income_statement,營業費用,293760,"293,760",sii,https://mopsov.twse.com.tw/mops/web/ajax_t163sb04
中游,伺服器滑軌與機殼,8210,勤誠,2013,2,income_statement,其他收益及費損淨額,,--,sii,https://mopsov.twse.com.tw/mops/web/ajax_t163sb04
中游,伺服器滑軌與機殼,8210,勤誠,2013,2,income_statement,營業利益（損失）,225533,"225,533",sii,https://mopsov.twse.com.tw/mops/web/ajax_t163sb04
中游,伺服器滑軌與機殼,8210,勤誠,2013,2,income_statement,營業外收入及支出,15567,"15,567",sii,https://mopsov.twse.com.tw/mops/web/ajax_t163sb04
中游,伺服器滑軌與機殼,8210,勤誠,2013,2,income_statement,稅前淨利（淨損）,241100,"241,100",sii,https://mopsov.twse.com.tw/mops/web/ajax_t163sb04
中游,伺服器滑軌與機殼,8210,勤誠,2013,2,income_statement,所得稅費用（利益）,69481,"69,481",sii,https://mopsov.twse.com.tw/mops/web/ajax_t163sb04
中游,伺服器滑軌與機殼,8210,勤誠,2013,2,income_statement,繼續營業單位本期淨利（淨損）,171619,"171,619",sii,https://mopsov.twse.com.tw/mops/web/ajax_t163sb04
中游,伺服器滑軌與機殼,8210,勤誠,2013,2,income_statement,停業單位損益,,--,sii,https://mopsov.twse.com.tw/mops/web/ajax_t163sb04
中游,伺服器滑軌與機殼,8210,勤誠,2013,2,income_statement,合併前非屬共同控制股權損益,,--,sii,https://mopsov.twse.com.tw/mops/web/ajax_t163sb04
中游,伺服器滑軌與機殼,8210,勤誠,2013,2,income_statement,本期淨利（淨損）,171619,"171,619",sii,https://mopsov.twse.com.tw/mops/web/ajax_t163sb04
中游,伺服器滑軌與機殼,8210,勤誠,2013,2,income_statement,其他綜合損益（淨額）,64638,"64,638",sii,https://mopsov.twse.com.tw/mops/web/ajax_t163sb04
中游,伺服器滑軌與機殼,8210,勤誠,2013,2,income_statement,合併前非屬共同控制股權綜合損益淨額,,--,sii,https://mopsov.twse.com.tw/mops/web/ajax_t163sb04
中游,伺服器滑軌與機殼,8210,勤誠,2013,2,income_statement,本期綜合損益總額,236257,"236,257",sii,https://mopsov.twse.com.tw/mops/web/ajax_t163sb04
中游,伺服器滑軌與機殼,8210,勤誠,2013,2,income_statement,淨利（淨損）歸屬於母公司業主,171619,"171,619",sii,https://mopsov.twse.com.tw/mops/web/ajax_t163sb04
中游,伺服器滑軌與機殼,8210,勤誠,2013,2,income_statement,淨利（淨損）歸屬於共同控制下前手權益,,--,sii,https://mopsov.twse.com.tw/mops/web/ajax_t163sb04
中游,伺服器滑軌與機殼,8210,勤誠,2013,2,income_statement,淨利（淨損）歸屬於非控制權益,,--,sii,https://mopsov.twse.com.tw/mops/web/ajax_t163sb04
中游,伺服器滑軌與機殼,8210,勤誠,2013,2,income_statement,綜合損益總額歸屬於母公司業主,236257,"236,257",sii,https://mopsov.twse.com.tw/mops/web/ajax_t163sb04
中游,伺服器滑軌與機殼,8210,勤誠,2013,2,income_statement,綜合損益總額歸屬於共同控制下前手權益,,--,sii,https://mopsov.twse.com.tw/mops/web/ajax_t163sb04
中游,伺服器滑軌與機殼,8210,勤誠,2013,2,income_statement,綜合損益總額歸屬於非控制權益,,--,sii,https://mopsov.twse.com.tw/mops/web/ajax_t163sb04
中游,伺服器滑軌與機殼,8210,勤誠,2013,2,income_statement,基本每股盈餘（元）,1.43,1.43,sii,https://mopsov.twse.com.tw/mops/web/ajax_t163sb04
中游,伺服器滑軌與機殼,2059,川湖,2013,2,balance_sheet,流動資產,5362127,"5,362,127",sii,https://mopsov.twse.com.tw/mops/web/ajax_t163sb05
中游,伺服器滑軌與機殼,2059,川湖,2013,2,balance_sheet,非流動資產,1622057,"1,622,057",sii,https://mopsov.twse.com.tw/mops/web/ajax_t163sb05
中游,伺服器滑軌與機殼,2059,川湖,2013,2,balance_sheet,資產總額,6984184,"6,984,184",sii,https://mopsov.twse.com.tw/mops/web/ajax_t163sb05
中游,伺服器滑軌與機殼,2059,川湖,2013,2,balance_sheet,流動負債,1300174,"1,300,174",sii,https://mopsov.twse.com.tw/mops/web/ajax_t163sb05
中游,伺服器滑軌與機殼,2059,川湖,2013,2,balance_sheet,非流動負債,662050,"662,050",sii,https://mopsov.twse.com.tw/mops/web/ajax_t163sb05
中游,伺服器滑軌與機殼,2059,川湖,2013,2,balance_sheet,負債總額,1962224,"1,962,224",sii,https://mopsov.twse.com.tw/mops/web/ajax_t163sb05
中游,伺服器滑軌與機殼,2059,川湖,2013,2,balance_sheet,股本,940218,"940,218",sii,https://mopsov.twse.com.tw/mops/web/ajax_t163sb05
中游,伺服器滑軌與機殼,2059,川湖,2013,2,balance_sheet,資本公積,611708,"611,708",sii,https://mopsov.twse.com.tw/mops/web/ajax_t163sb05
中游,伺服器滑軌與機殼,2059,川湖,2013,2,balance_sheet,保留盈餘,3466794,"3,466,794",sii,https://mopsov.twse.com.tw/mops/web/ajax_t163sb05
中游,伺服器滑軌與機殼,2059,川湖,2013,2,balance_sheet,其他權益,3240,"3,240",sii,https://mopsov.twse.com.tw/mops/web/ajax_t163sb05
中游,伺服器滑軌與機殼,2059,川湖,2013,2,balance_sheet,庫藏股票,0,0,sii,https://mopsov.twse.com.tw/mops/web/ajax_t163sb05
中游,伺服器滑軌與機殼,2059,川湖,2013,2,balance_sheet,歸屬於母公司業主之權益合計,5021960,"5,021,960",sii,https://mopsov.twse.com.tw/mops/web/ajax_t163sb05
中游,伺服器滑軌與機殼,2059,川湖,2013,2,balance_sheet,共同控制下前手權益,,--,sii,https://mopsov.twse.com.tw/mops/web/ajax_t163sb05
中游,伺服器滑軌與機殼,2059,川湖,2013,2,balance_sheet,合併前非屬共同控制股權,,--,sii,https://mopsov.twse.com.tw/mops/web/ajax_t163sb05
中游,伺服器滑軌與機殼,2059,川湖,2013,2,balance_sheet,非控制權益,0,0,sii,https://mopsov.twse.com.tw/mops/web/ajax_t163sb05
中游,伺服器滑軌與機殼,2059,川湖,2013,2,balance_sheet,權益總額,5021960,"5,021,960",sii,https://mopsov.twse.com.tw/mops/web/ajax_t163sb05
中游,伺服器滑軌與機殼,2059,川湖,2013,2,balance_sheet,預收股款（權益項下）之約當發行股數（單位：股）,0,0,sii,https://mopsov.twse.com.tw/mops/web/ajax_t163sb05
中游,伺服器滑軌與機殼,2059,川湖,2013,2,balance_sheet,母公司暨子公司所持有之母公司庫藏股股數（單位：股）,0,0,sii,https://mopsov.twse.com.tw/mops/web/ajax_t163sb05
中游,伺服器滑軌與機殼,2059,川湖,2013,2,balance_sheet,每股參考淨值,53.41,53.41,sii,https://mopsov.twse.com.tw/mops/web/ajax_t163sb05
中游,伺服器滑軌與機殼,8210,勤誠,2013,2,balance_sheet,流動資產,2888390,"2,888,390",sii,https://mopsov.twse.com.tw/mops/web/ajax_t163sb05
中游,伺服器滑軌與機殼,8210,勤誠,2013,2,balance_sheet,非流動資產,1045258,"1,045,258",sii,https://mopsov.twse.com.tw/mops/web/ajax_t163sb05
中游,伺服器滑軌與機殼,8210,勤誠,2013,2,balance_sheet,資產總額,3933648,"3,933,648",sii,https://mopsov.twse.com.tw/mops/web/ajax_t163sb05
中游,伺服器滑軌與機殼,8210,勤誠,2013,2,balance_sheet,流動負債,1707974,"1,707,974",sii,https://mopsov.twse.com.tw/mops/web/ajax_t163sb05
中游,伺服器滑軌與機殼,8210,勤誠,2013,2,balance_sheet,非流動負債,88075,"88,075",sii,https://mopsov.twse.com.tw/mops/web/ajax_t163sb05
中游,伺服器滑軌與機殼,8210,勤誠,2013,2,balance_sheet,負債總額,1796049,"1,796,049",sii,https://mopsov.twse.com.tw/mops/web/ajax_t163sb05
中游,伺服器滑軌與機殼,8210,勤誠,2013,2,balance_sheet,股本,1201260,"1,201,260",sii,https://mopsov.twse.com.tw/mops/web/ajax_t163sb05
中游,伺服器滑軌與機殼,8210,勤誠,2013,2,balance_sheet,資本公積,56749,"56,749",sii,https://mopsov.twse.com.tw/mops/web/ajax_t163sb05
中游,伺服器滑軌與機殼,8210,勤誠,2013,2,balance_sheet,保留盈餘,854410,"854,410",sii,https://mopsov.twse.com.tw/mops/web/ajax_t163sb05
中游,伺服器滑軌與機殼,8210,勤誠,2013,2,balance_sheet,其他權益,25180,"25,180",sii,https://mopsov.twse.com.tw/mops/web/ajax_t163sb05
中游,伺服器滑軌與機殼,8210,勤誠,2013,2,balance_sheet,庫藏股票,,--,sii,https://mopsov.twse.com.tw/mops/web/ajax_t163sb05
中游,伺服器滑軌與機殼,8210,勤誠,2013,2,balance_sheet,歸屬於母公司業主之權益合計,2137599,"2,137,599",sii,https://mopsov.twse.com.tw/mops/web/ajax_t163sb05
中游,伺服器滑軌與機殼,8210,勤誠,2013,2,balance_sheet,共同控制下前手權益,,--,sii,https://mopsov.twse.com.tw/mops/web/ajax_t163sb05
中游,伺服器滑軌與機殼,8210,勤誠,2013,2,balance_sheet,合併前非屬共同控制股權,,--,sii,https://mopsov.twse.com.tw/mops/web/ajax_t163sb05
中游,伺服器滑軌與機殼,8210,勤誠,2013,2,balance_sheet,非控制權益,,--,sii,https://mopsov.twse.com.tw/mops/web/ajax_t163sb05
中游,伺服器滑軌與機殼,8210,勤誠,2013,2,balance_sheet,權益總額,2137599,"2,137,599",sii,https://mopsov.twse.com.tw/mops/web/ajax_t163sb05
中游,伺服器滑軌與機殼,8210,勤誠,2013,2,balance_sheet,預收股款（權益項下）之約當發行股數（單位：股）,0,0,sii,https://mopsov.twse.com.tw/mops/web/ajax_t163sb05
中游,伺服器滑軌與機殼,8210,勤誠,2013,2,balance_sheet,母公司暨子公司所持有之母公司庫藏股股數（單位：股）,0,0,sii,https://mopsov.twse.com.tw/mops/web/ajax_t163sb05
中游,伺服器滑軌與機殼,8210,勤誠,2013,2,balance_sheet,每股參考淨值,17.79,17.79,sii,https://mopsov.twse.com.tw/mops/web/ajax_t163sb05
中游,伺服器滑軌與機殼,2059,川湖,2013,2,cash_flow,營業活動之淨現金流入（流出）,905681,"905,681",sii,https://mopsov.twse.com.tw/mops/web/ajax_t163sb20
中游,伺服器滑軌與機殼,2059,川湖,2013,2,cash_flow,投資活動之淨現金流入（流出）,-42398,"-42,398",sii,https://mopsov.twse.com.tw/mops/web/ajax_t163sb20
中游,伺服器滑軌與機殼,2059,川湖,2013,2,cash_flow,籌資活動之淨現金流入（流出）,-60000,"-60,000",sii,https://mopsov.twse.com.tw/mops/web/ajax_t163sb20
中游,伺服器滑軌與機殼,2059,川湖,2013,2,cash_flow,匯率變動對現金及約當現金之影響,1071,"1,071",sii,https://mopsov.twse.com.tw/mops/web/ajax_t163sb20
中游,伺服器滑軌與機殼,2059,川湖,2013,2,cash_flow,本期現金及約當現金增加（減少）數,804354,"804,354",sii,https://mopsov.twse.com.tw/mops/web/ajax_t163sb20
中游,伺服器滑軌與機殼,2059,川湖,2013,2,cash_flow,期初現金及約當現金餘額,3291039,"3,291,039",sii,https://mopsov.twse.com.tw/mops/web/ajax_t163sb20
中游,伺服器滑軌與機殼,2059,川湖,2013,2,cash_flow,期末現金及約當現金餘額,4095393,"4,095,393",sii,https://mopsov.twse.com.tw/mops/web/ajax_t163sb20
中游,伺服器滑軌與機殼,8210,勤誠,2013,2,cash_flow,營業活動之淨現金流入（流出）,112476,"112,476",sii,https://mopsov.twse.com.tw/mops/web/ajax_t163sb20
中游,伺服器滑軌與機殼,8210,勤誠,2013,2,cash_flow,投資活動之淨現金流入（流出）,-145604,"-145,604",sii,https://mopsov.twse.com.tw/mops/web/ajax_t163sb20
中游,伺服器滑軌與機殼,8210,勤誠,2013,2,cash_flow,籌資活動之淨現金流入（流出）,24864,"24,864",sii,https://mopsov.twse.com.tw/mops/web/ajax_t163sb20
中游,伺服器滑軌與機殼,8210,勤誠,2013,2,cash_flow,匯率變動對現金及約當現金之影響,40485,"40,485",sii,https://mopsov.twse.com.tw/mops/web/ajax_t163sb20
中游,伺服器滑軌與機殼,8210,勤誠,2013,2,cash_flow,本期現金及約當現金增加（減少）數,32221,"32,221",sii,https://mopsov.twse.com.tw/mops/web/ajax_t163sb20
中游,伺服器滑軌與機殼,8210,勤誠,2013,2,cash_flow,期初現金及約當現金餘額,1771147,"1,771,147",sii,https://mopsov.twse.com.tw/mops/web/ajax_t163sb20
中游,伺服器滑軌與機殼,8210,勤誠,2013,2,cash_flow,期末現金及約當現金餘額,1803368,"1,803,368",sii,https://mopsov.twse.com.tw/mops/web/ajax_t163sb20
中游,伺服器滑軌與機殼,2059,川湖,2013,3,income_statement,營業收入,2778871,"2,778,871",sii,https://mopsov.twse.com.tw/mops/web/ajax_t163sb04
中游,伺服器滑軌與機殼,2059,川湖,2013,3,income_statement,營業成本,1331306,"1,331,306",sii,https://mopsov.twse.com.tw/mops/web/ajax_t163sb04
中游,伺服器滑軌與機殼,2059,川湖,2013,3,income_statement,營業毛利（毛損）,1447565,"1,447,565",sii,https://mopsov.twse.com.tw/mops/web/ajax_t163sb04
中游,伺服器滑軌與機殼,2059,川湖,2013,3,income_statement,未實現銷貨（損）益,,--,sii,https://mopsov.twse.com.tw/mops/web/ajax_t163sb04
中游,伺服器滑軌與機殼,2059,川湖,2013,3,income_statement,已實現銷貨（損）益,,--,sii,https://mopsov.twse.com.tw/mops/web/ajax_t163sb04
中游,伺服器滑軌與機殼,2059,川湖,2013,3,income_statement,營業毛利（毛損）淨額,1447565,"1,447,565",sii,https://mopsov.twse.com.tw/mops/web/ajax_t163sb04
中游,伺服器滑軌與機殼,2059,川湖,2013,3,income_statement,營業費用,355486,"355,486",sii,https://mopsov.twse.com.tw/mops/web/ajax_t163sb04
中游,伺服器滑軌與機殼,2059,川湖,2013,3,income_statement,其他收益及費損淨額,,--,sii,https://mopsov.twse.com.tw/mops/web/ajax_t163sb04
中游,伺服器滑軌與機殼,2059,川湖,2013,3,income_statement,營業利益（損失）,1092079,"1,092,079",sii,https://mopsov.twse.com.tw/mops/web/ajax_t163sb04
中游,伺服器滑軌與機殼,2059,川湖,2013,3,income_statement,營業外收入及支出,124322,"124,322",sii,https://mopsov.twse.com.tw/mops/web/ajax_t163sb04
中游,伺服器滑軌與機殼,2059,川湖,2013,3,income_statement,稅前淨利（淨損）,1216401,"1,216,401",sii,https://mopsov.twse.com.tw/mops/web/ajax_t163sb04
中游,伺服器滑軌與機殼,2059,川湖,2013,3,income_statement,所得稅費用（利益）,214412,"214,412",sii,https://mopsov.twse.com.tw/mops/web/ajax_t163sb04
中游,伺服器滑軌與機殼,2059,川湖,2013,3,income_statement,繼續營業單位本期淨利（淨損）,1001989,"1,001,989",sii,https://mopsov.twse.com.tw/mops/web/ajax_t163sb04
中游,伺服器滑軌與機殼,2059,川湖,2013,3,income_statement,停業單位損益,,--,sii,https://mopsov.twse.com.tw/mops/web/ajax_t163sb04
中游,伺服器滑軌與機殼,2059,川湖,2013,3,income_statement,合併前非屬共同控制股權損益,,--,sii,https://mopsov.twse.com.tw/mops/web/ajax_t163sb04
中游,伺服器滑軌與機殼,2059,川湖,2013,3,income_statement,本期淨利（淨損）,1001989,"1,001,989",sii,https://mopsov.twse.com.tw/mops/web/ajax_t163sb04
中游,伺服器滑軌與機殼,2059,川湖,2013,3,income_statement,其他綜合損益（淨額）,5061,"5,061",sii,https://mopsov.twse.com.tw/mops/web/ajax_t163sb04
中游,伺服器滑軌與機殼,2059,川湖,2013,3,income_statement,合併前非屬共同控制股權綜合損益淨額,,--,sii,https://mopsov.twse.com.tw/mops/web/ajax_t163sb04
中游,伺服器滑軌與機殼,2059,川湖,2013,3,income_statement,本期綜合損益總額,1007050,"1,007,050",sii,https://mopsov.twse.com.tw/mops/web/ajax_t163sb04
中游,伺服器滑軌與機殼,2059,川湖,2013,3,income_statement,淨利（淨損）歸屬於母公司業主,1001989,"1,001,989",sii,https://mopsov.twse.com.tw/mops/web/ajax_t163sb04
中游,伺服器滑軌與機殼,2059,川湖,2013,3,income_statement,淨利（淨損）歸屬於共同控制下前手權益,,--,sii,https://mopsov.twse.com.tw/mops/web/ajax_t163sb04
中游,伺服器滑軌與機殼,2059,川湖,2013,3,income_statement,淨利（淨損）歸屬於非控制權益,,--,sii,https://mopsov.twse.com.tw/mops/web/ajax_t163sb04
中游,伺服器滑軌與機殼,2059,川湖,2013,3,income_statement,綜合損益總額歸屬於母公司業主,1007050,"1,007,050",sii,https://mopsov.twse.com.tw/mops/web/ajax_t163sb04
中游,伺服器滑軌與機殼,2059,川湖,2013,3,income_statement,綜合損益總額歸屬於共同控制下前手權益,,--,sii,https://mopsov.twse.com.tw/mops/web/ajax_t163sb04
中游,伺服器滑軌與機殼,2059,川湖,2013,3,income_statement,綜合損益總額歸屬於非控制權益,,--,sii,https://mopsov.twse.com.tw/mops/web/ajax_t163sb04
中游,伺服器滑軌與機殼,2059,川湖,2013,3,income_statement,基本每股盈餘（元）,10.74,10.74,sii,https://mopsov.twse.com.tw/mops/web/ajax_t163sb04
中游,伺服器滑軌與機殼,8210,勤誠,2013,3,income_statement,營業收入,2775268,"2,775,268",sii,https://mopsov.twse.com.tw/mops/web/ajax_t163sb04
中游,伺服器滑軌與機殼,8210,勤誠,2013,3,income_statement,營業成本,1994445,"1,994,445",sii,https://mopsov.twse.com.tw/mops/web/ajax_t163sb04
中游,伺服器滑軌與機殼,8210,勤誠,2013,3,income_statement,營業毛利（毛損）,780823,"780,823",sii,https://mopsov.twse.com.tw/mops/web/ajax_t163sb04
中游,伺服器滑軌與機殼,8210,勤誠,2013,3,income_statement,未實現銷貨（損）益,,--,sii,https://mopsov.twse.com.tw/mops/web/ajax_t163sb04
中游,伺服器滑軌與機殼,8210,勤誠,2013,3,income_statement,已實現銷貨（損）益,,--,sii,https://mopsov.twse.com.tw/mops/web/ajax_t163sb04
中游,伺服器滑軌與機殼,8210,勤誠,2013,3,income_statement,營業毛利（毛損）淨額,780823,"780,823",sii,https://mopsov.twse.com.tw/mops/web/ajax_t163sb04
中游,伺服器滑軌與機殼,8210,勤誠,2013,3,income_statement,營業費用,461850,"461,850",sii,https://mopsov.twse.com.tw/mops/web/ajax_t163sb04
中游,伺服器滑軌與機殼,8210,勤誠,2013,3,income_statement,其他收益及費損淨額,,--,sii,https://mopsov.twse.com.tw/mops/web/ajax_t163sb04
中游,伺服器滑軌與機殼,8210,勤誠,2013,3,income_statement,營業利益（損失）,318973,"318,973",sii,https://mopsov.twse.com.tw/mops/web/ajax_t163sb04
中游,伺服器滑軌與機殼,8210,勤誠,2013,3,income_statement,營業外收入及支出,23169,"23,169",sii,https://mopsov.twse.com.tw/mops/web/ajax_t163sb04
中游,伺服器滑軌與機殼,8210,勤誠,2013,3,income_statement,稅前淨利（淨損）,342142,"342,142",sii,https://mopsov.twse.com.tw/mops/web/ajax_t163sb04
中游,伺服器滑軌與機殼,8210,勤誠,2013,3,income_statement,所得稅費用（利益）,89506,"89,506",sii,https://mopsov.twse.com.tw/mops/web/ajax_t163sb04
中游,伺服器滑軌與機殼,8210,勤誠,2013,3,income_statement,繼續營業單位本期淨利（淨損）,252636,"252,636",sii,https://mopsov.twse.com.tw/mops/web/ajax_t163sb04
中游,伺服器滑軌與機殼,8210,勤誠,2013,3,income_statement,停業單位損益,,--,sii,https://mopsov.twse.com.tw/mops/web/ajax_t163sb04
中游,伺服器滑軌與機殼,8210,勤誠,2013,3,income_statement,合併前非屬共同控制股權損益,,--,sii,https://mopsov.twse.com.tw/mops/web/ajax_t163sb04
中游,伺服器滑軌與機殼,8210,勤誠,2013,3,income_statement,本期淨利（淨損）,252636,"252,636",sii,https://mopsov.twse.com.tw/mops/web/ajax_t163sb04
中游,伺服器滑軌與機殼,8210,勤誠,2013,3,income_statement,其他綜合損益（淨額）,47397,"47,397",sii,https://mopsov.twse.com.tw/mops/web/ajax_t163sb04
中游,伺服器滑軌與機殼,8210,勤誠,2013,3,income_statement,合併前非屬共同控制股權綜合損益淨額,,--,sii,https://mopsov.twse.com.tw/mops/web/ajax_t163sb04
中游,伺服器滑軌與機殼,8210,勤誠,2013,3,income_statement,本期綜合損益總額,300033,"300,033",sii,https://mopsov.twse.com.tw/mops/web/ajax_t163sb04
中游,伺服器滑軌與機殼,8210,勤誠,2013,3,income_statement,淨利（淨損）歸屬於母公司業主,252636,"252,636",sii,https://mopsov.twse.com.tw/mops/web/ajax_t163sb04
中游,伺服器滑軌與機殼,8210,勤誠,2013,3,income_statement,淨利（淨損）歸屬於共同控制下前手權益,,--,sii,https://mopsov.twse.com.tw/mops/web/ajax_t163sb04
中游,伺服器滑軌與機殼,8210,勤誠,2013,3,income_statement,淨利（淨損）歸屬於非控制權益,,--,sii,https://mopsov.twse.com.tw/mops/web/ajax_t163sb04
中游,伺服器滑軌與機殼,8210,勤誠,2013,3,income_statement,綜合損益總額歸屬於母公司業主,300033,"300,033",sii,https://mopsov.twse.com.tw/mops/web/ajax_t163sb04
中游,伺服器滑軌與機殼,8210,勤誠,2013,3,income_statement,綜合損益總額歸屬於共同控制下前手權益,,--,sii,https://mopsov.twse.com.tw/mops/web/ajax_t163sb04
中游,伺服器滑軌與機殼,8210,勤誠,2013,3,income_statement,綜合損益總額歸屬於非控制權益,,--,sii,https://mopsov.twse.com.tw/mops/web/ajax_t163sb04
中游,伺服器滑軌與機殼,8210,勤誠,2013,3,income_statement,基本每股盈餘（元）,2.1,2.10,sii,https://mopsov.twse.com.tw/mops/web/ajax_t163sb04
中游,伺服器滑軌與機殼,2059,川湖,2013,3,balance_sheet,流動資產,5095978,"5,095,978",sii,https://mopsov.twse.com.tw/mops/web/ajax_t163sb05
中游,伺服器滑軌與機殼,2059,川湖,2013,3,balance_sheet,非流動資產,1615915,"1,615,915",sii,https://mopsov.twse.com.tw/mops/web/ajax_t163sb05
中游,伺服器滑軌與機殼,2059,川湖,2013,3,balance_sheet,資產總額,6711893,"6,711,893",sii,https://mopsov.twse.com.tw/mops/web/ajax_t163sb05
中游,伺服器滑軌與機殼,2059,川湖,2013,3,balance_sheet,流動負債,762427,"762,427",sii,https://mopsov.twse.com.tw/mops/web/ajax_t163sb05
中游,伺服器滑軌與機殼,2059,川湖,2013,3,balance_sheet,非流動負債,528726,"528,726",sii,https://mopsov.twse.com.tw/mops/web/ajax_t163sb05
中游,伺服器滑軌與機殼,2059,川湖,2013,3,balance_sheet,負債總額,1291153,"1,291,153",sii,https://mopsov.twse.com.tw/mops/web/ajax_t163sb05
中游,伺服器滑軌與機殼,2059,川湖,2013,3,balance_sheet,股本,946577,"946,577",sii,https://mopsov.twse.com.tw/mops/web/ajax_t163sb05
中游,伺服器滑軌與機殼,2059,川湖,2013,3,balance_sheet,資本公積,703697,"703,697",sii,https://mopsov.twse.com.tw/mops/web/ajax_t163sb05
中游,伺服器滑軌與機殼,2059,川湖,2013,3,balance_sheet,保留盈餘,3768432,"3,768,432",sii,https://mopsov.twse.com.tw/mops/web/ajax_t163sb05
中游,伺服器滑軌與機殼,2059,川湖,2013,3,balance_sheet,其他權益,2034,"2,034",sii,https://mopsov.twse.com.tw/mops/web/ajax_t163sb05
中游,伺服器滑軌與機殼,2059,川湖,2013,3,balance_sheet,庫藏股票,0,0,sii,https://mopsov.twse.com.tw/mops/web/ajax_t163sb05
中游,伺服器滑軌與機殼,2059,川湖,2013,3,balance_sheet,歸屬於母公司業主之權益合計,5420740,"5,420,740",sii,https://mopsov.twse.com.tw/mops/web/ajax_t163sb05
中游,伺服器滑軌與機殼,2059,川湖,2013,3,balance_sheet,共同控制下前手權益,,--,sii,https://mopsov.twse.com.tw/mops/web/ajax_t163sb05
中游,伺服器滑軌與機殼,2059,川湖,2013,3,balance_sheet,合併前非屬共同控制股權,,--,sii,https://mopsov.twse.com.tw/mops/web/ajax_t163sb05
中游,伺服器滑軌與機殼,2059,川湖,2013,3,balance_sheet,非控制權益,0,0,sii,https://mopsov.twse.com.tw/mops/web/ajax_t163sb05
中游,伺服器滑軌與機殼,2059,川湖,2013,3,balance_sheet,權益總額,5420740,"5,420,740",sii,https://mopsov.twse.com.tw/mops/web/ajax_t163sb05
中游,伺服器滑軌與機殼,2059,川湖,2013,3,balance_sheet,預收股款（權益項下）之約當發行股數（單位：股）,0,0,sii,https://mopsov.twse.com.tw/mops/web/ajax_t163sb05
中游,伺服器滑軌與機殼,2059,川湖,2013,3,balance_sheet,母公司暨子公司所持有之母公司庫藏股股數（單位：股）,0,0,sii,https://mopsov.twse.com.tw/mops/web/ajax_t163sb05
中游,伺服器滑軌與機殼,2059,川湖,2013,3,balance_sheet,每股參考淨值,57.27,57.27,sii,https://mopsov.twse.com.tw/mops/web/ajax_t163sb05
中游,伺服器滑軌與機殼,8210,勤誠,2013,3,balance_sheet,流動資產,2592819,"2,592,819",sii,https://mopsov.twse.com.tw/mops/web/ajax_t163sb05
中游,伺服器滑軌與機殼,8210,勤誠,2013,3,balance_sheet,非流動資產,1269033,"1,269,033",sii,https://mopsov.twse.com.tw/mops/web/ajax_t163sb05
中游,伺服器滑軌與機殼,8210,勤誠,2013,3,balance_sheet,資產總額,3861852,"3,861,852",sii,https://mopsov.twse.com.tw/mops/web/ajax_t163sb05
中游,伺服器滑軌與機殼,8210,勤誠,2013,3,balance_sheet,流動負債,1425337,"1,425,337",sii,https://mopsov.twse.com.tw/mops/web/ajax_t163sb05
中游,伺服器滑軌與機殼,8210,勤誠,2013,3,balance_sheet,非流動負債,241715,"241,715",sii,https://mopsov.twse.com.tw/mops/web/ajax_t163sb05
中游,伺服器滑軌與機殼,8210,勤誠,2013,3,balance_sheet,負債總額,1667052,"1,667,052",sii,https://mopsov.twse.com.tw/mops/web/ajax_t163sb05
中游,伺服器滑軌與機殼,8210,勤誠,2013,3,balance_sheet,股本,1201260,"1,201,260",sii,https://mopsov.twse.com.tw/mops/web/ajax_t163sb05
中游,伺服器滑軌與機殼,8210,勤誠,2013,3,balance_sheet,資本公積,56749,"56,749",sii,https://mopsov.twse.com.tw/mops/web/ajax_t163sb05
中游,伺服器滑軌與機殼,8210,勤誠,2013,3,balance_sheet,保留盈餘,935427,"935,427",sii,https://mopsov.twse.com.tw/mops/web/ajax_t163sb05
中游,伺服器滑軌與機殼,8210,勤誠,2013,3,balance_sheet,其他權益,7939,"7,939",sii,https://mopsov.twse.com.tw/mops/web/ajax_t163sb05
中游,伺服器滑軌與機殼,8210,勤誠,2013,3,balance_sheet,庫藏股票,-6575,"-6,575",sii,https://mopsov.twse.com.tw/mops/web/ajax_t163sb05
中游,伺服器滑軌與機殼,8210,勤誠,2013,3,balance_sheet,歸屬於母公司業主之權益合計,2194800,"2,194,800",sii,https://mopsov.twse.com.tw/mops/web/ajax_t163sb05
中游,伺服器滑軌與機殼,8210,勤誠,2013,3,balance_sheet,共同控制下前手權益,,--,sii,https://mopsov.twse.com.tw/mops/web/ajax_t163sb05
中游,伺服器滑軌與機殼,8210,勤誠,2013,3,balance_sheet,合併前非屬共同控制股權,,--,sii,https://mopsov.twse.com.tw/mops/web/ajax_t163sb05
中游,伺服器滑軌與機殼,8210,勤誠,2013,3,balance_sheet,非控制權益,,--,sii,https://mopsov.twse.com.tw/mops/web/ajax_t163sb05
中游,伺服器滑軌與機殼,8210,勤誠,2013,3,balance_sheet,權益總額,2194800,"2,194,800",sii,https://mopsov.twse.com.tw/mops/web/ajax_t163sb05
中游,伺服器滑軌與機殼,8210,勤誠,2013,3,balance_sheet,預收股款（權益項下）之約當發行股數（單位：股）,0,0,sii,https://mopsov.twse.com.tw/mops/web/ajax_t163sb05
中游,伺服器滑軌與機殼,8210,勤誠,2013,3,balance_sheet,母公司暨子公司所持有之母公司庫藏股股數（單位：股）,210000,"210,000",sii,https://mopsov.twse.com.tw/mops/web/ajax_t163sb05
中游,伺服器滑軌與機殼,8210,勤誠,2013,3,balance_sheet,每股參考淨值,18.3,18.30,sii,https://mopsov.twse.com.tw/mops/web/ajax_t163sb05
中游,伺服器滑軌與機殼,2059,川湖,2013,3,cash_flow,營業活動之淨現金流入（流出）,1424142,"1,424,142",sii,https://mopsov.twse.com.tw/mops/web/ajax_t163sb20
中游,伺服器滑軌與機殼,2059,川湖,2013,3,cash_flow,投資活動之淨現金流入（流出）,-67386,"-67,386",sii,https://mopsov.twse.com.tw/mops/web/ajax_t163sb20
中游,伺服器滑軌與機殼,2059,川湖,2013,3,cash_flow,籌資活動之淨現金流入（流出）,-650982,"-650,982",sii,https://mopsov.twse.com.tw/mops/web/ajax_t163sb20
中游,伺服器滑軌與機殼,2059,川湖,2013,3,cash_flow,匯率變動對現金及約當現金之影響,-51579,"-51,579",sii,https://mopsov.twse.com.tw/mops/web/ajax_t163sb20
中游,伺服器滑軌與機殼,2059,川湖,2013,3,cash_flow,本期現金及約當現金增加（減少）數,654195,"654,195",sii,https://mopsov.twse.com.tw/mops/web/ajax_t163sb20
中游,伺服器滑軌與機殼,2059,川湖,2013,3,cash_flow,期初現金及約當現金餘額,3291039,"3,291,039",sii,https://mopsov.twse.com.tw/mops/web/ajax_t163sb20
中游,伺服器滑軌與機殼,2059,川湖,2013,3,cash_flow,期末現金及約當現金餘額,3945234,"3,945,234",sii,https://mopsov.twse.com.tw/mops/web/ajax_t163sb20
中游,伺服器滑軌與機殼,8210,勤誠,2013,3,cash_flow,營業活動之淨現金流入（流出）,129817,"129,817",sii,https://mopsov.twse.com.tw/mops/web/ajax_t163sb20
中游,伺服器滑軌與機殼,8210,勤誠,2013,3,cash_flow,投資活動之淨現金流入（流出）,-398762,"-398,762",sii,https://mopsov.twse.com.tw/mops/web/ajax_t163sb20
中游,伺服器滑軌與機殼,8210,勤誠,2013,3,cash_flow,籌資活動之淨現金流入（流出）,-59875,"-59,875",sii,https://mopsov.twse.com.tw/mops/web/ajax_t163sb20
中游,伺服器滑軌與機殼,8210,勤誠,2013,3,cash_flow,匯率變動對現金及約當現金之影響,29334,"29,334",sii,https://mopsov.twse.com.tw/mops/web/ajax_t163sb20
中游,伺服器滑軌與機殼,8210,勤誠,2013,3,cash_flow,本期現金及約當現金增加（減少）數,-299486,"-299,486",sii,https://mopsov.twse.com.tw/mops/web/ajax_t163sb20
中游,伺服器滑軌與機殼,8210,勤誠,2013,3,cash_flow,期初現金及約當現金餘額,1771147,"1,771,147",sii,https://mopsov.twse.com.tw/mops/web/ajax_t163sb20
中游,伺服器滑軌與機殼,8210,勤誠,2013,3,cash_flow,期末現金及約當現金餘額,1471661,"1,471,661",sii,https://mopsov.twse.com.tw/mops/web/ajax_t163sb20
中游,伺服器滑軌與機殼,2059,川湖,2013,4,income_statement,營業收入,3770103,"3,770,103",sii,https://mopsov.twse.com.tw/mops/web/ajax_t163sb04
中游,伺服器滑軌與機殼,2059,川湖,2013,4,income_statement,營業成本,1790738,"1,790,738",sii,https://mopsov.twse.com.tw/mops/web/ajax_t163sb04
中游,伺服器滑軌與機殼,2059,川湖,2013,4,income_statement,營業毛利（毛損）,1979365,"1,979,365",sii,https://mopsov.twse.com.tw/mops/web/ajax_t163sb04
中游,伺服器滑軌與機殼,2059,川湖,2013,4,income_statement,未實現銷貨（損）益,,--,sii,https://mopsov.twse.com.tw/mops/web/ajax_t163sb04
中游,伺服器滑軌與機殼,2059,川湖,2013,4,income_statement,已實現銷貨（損）益,,--,sii,https://mopsov.twse.com.tw/mops/web/ajax_t163sb04
中游,伺服器滑軌與機殼,2059,川湖,2013,4,income_statement,營業毛利（毛損）淨額,1979365,"1,979,365",sii,https://mopsov.twse.com.tw/mops/web/ajax_t163sb04
中游,伺服器滑軌與機殼,2059,川湖,2013,4,income_statement,營業費用,483358,"483,358",sii,https://mopsov.twse.com.tw/mops/web/ajax_t163sb04
中游,伺服器滑軌與機殼,2059,川湖,2013,4,income_statement,其他收益及費損淨額,,--,sii,https://mopsov.twse.com.tw/mops/web/ajax_t163sb04
中游,伺服器滑軌與機殼,2059,川湖,2013,4,income_statement,營業利益（損失）,1496007,"1,496,007",sii,https://mopsov.twse.com.tw/mops/web/ajax_t163sb04
中游,伺服器滑軌與機殼,2059,川湖,2013,4,income_statement,營業外收入及支出,177610,"177,610",sii,https://mopsov.twse.com.tw/mops/web/ajax_t163sb04
中游,伺服器滑軌與機殼,2059,川湖,2013,4,income_statement,稅前淨利（淨損）,1673617,"1,673,617",sii,https://mopsov.twse.com.tw/mops/web/ajax_t163sb04
中游,伺服器滑軌與機殼,2059,川湖,2013,4,income_statement,所得稅費用（利益）,277622,"277,622",sii,https://mopsov.twse.com.tw/mops/web/ajax_t163sb04
中游,伺服器滑軌與機殼,2059,川湖,2013,4,income_statement,繼續營業單位本期淨利（淨損）,1395995,"1,395,995",sii,https://mopsov.twse.com.tw/mops/web/ajax_t163sb04
中游,伺服器滑軌與機殼,2059,川湖,2013,4,income_statement,停業單位損益,,--,sii,https://mopsov.twse.com.tw/mops/web/ajax_t163sb04
中游,伺服器滑軌與機殼,2059,川湖,2013,4,income_statement,合併前非屬共同控制股權損益,,--,sii,https://mopsov.twse.com.tw/mops/web/ajax_t163sb04
中游,伺服器滑軌與機殼,2059,川湖,2013,4,income_statement,本期淨利（淨損）,1395995,"1,395,995",sii,https://mopsov.twse.com.tw/mops/web/ajax_t163sb04
中游,伺服器滑軌與機殼,2059,川湖,2013,4,income_statement,其他綜合損益（淨額）,-1185,"-1,185",sii,https://mopsov.twse.com.tw/mops/web/ajax_t163sb04
中游,伺服器滑軌與機殼,2059,川湖,2013,4,income_statement,合併前非屬共同控制股權綜合損益淨額,,--,sii,https://mopsov.twse.com.tw/mops/web/ajax_t163sb04
中游,伺服器滑軌與機殼,2059,川湖,2013,4,income_statement,本期綜合損益總額,1394810,"1,394,810",sii,https://mopsov.twse.com.tw/mops/web/ajax_t163sb04
中游,伺服器滑軌與機殼,2059,川湖,2013,4,income_statement,淨利（淨損）歸屬於母公司業主,1395995,"1,395,995",sii,https://mopsov.twse.com.tw/mops/web/ajax_t163sb04
中游,伺服器滑軌與機殼,2059,川湖,2013,4,income_statement,淨利（淨損）歸屬於共同控制下前手權益,,--,sii,https://mopsov.twse.com.tw/mops/web/ajax_t163sb04
中游,伺服器滑軌與機殼,2059,川湖,2013,4,income_statement,淨利（淨損）歸屬於非控制權益,,--,sii,https://mopsov.twse.com.tw/mops/web/ajax_t163sb04
中游,伺服器滑軌與機殼,2059,川湖,2013,4,income_statement,綜合損益總額歸屬於母公司業主,1394810,"1,394,810",sii,https://mopsov.twse.com.tw/mops/web/ajax_t163sb04
中游,伺服器滑軌與機殼,2059,川湖,2013,4,income_statement,綜合損益總額歸屬於共同控制下前手權益,,--,sii,https://mopsov.twse.com.tw/mops/web/ajax_t163sb04
中游,伺服器滑軌與機殼,2059,川湖,2013,4,income_statement,綜合損益總額歸屬於非控制權益,,--,sii,https://mopsov.twse.com.tw/mops/web/ajax_t163sb04
中游,伺服器滑軌與機殼,2059,川湖,2013,4,income_statement,基本每股盈餘（元）,14.89,14.89,sii,https://mopsov.twse.com.tw/mops/web/ajax_t163sb04
中游,伺服器滑軌與機殼,8210,勤誠,2013,4,income_statement,營業收入,3723563,"3,723,563",sii,https://mopsov.twse.com.tw/mops/web/ajax_t163sb04
中游,伺服器滑軌與機殼,8210,勤誠,2013,4,income_statement,營業成本,2675089,"2,675,089",sii,https://mopsov.twse.com.tw/mops/web/ajax_t163sb04
中游,伺服器滑軌與機殼,8210,勤誠,2013,4,income_statement,營業毛利（毛損）,1048474,"1,048,474",sii,https://mopsov.twse.com.tw/mops/web/ajax_t163sb04
中游,伺服器滑軌與機殼,8210,勤誠,2013,4,income_statement,未實現銷貨（損）益,,--,sii,https://mopsov.twse.com.tw/mops/web/ajax_t163sb04
中游,伺服器滑軌與機殼,8210,勤誠,2013,4,income_statement,已實現銷貨（損）益,,--,sii,https://mopsov.twse.com.tw/mops/web/ajax_t163sb04
中游,伺服器滑軌與機殼,8210,勤誠,2013,4,income_statement,營業毛利（毛損）淨額,1048474,"1,048,474",sii,https://mopsov.twse.com.tw/mops/web/ajax_t163sb04
中游,伺服器滑軌與機殼,8210,勤誠,2013,4,income_statement,營業費用,627544,"627,544",sii,https://mopsov.twse.com.tw/mops/web/ajax_t163sb04
中游,伺服器滑軌與機殼,8210,勤誠,2013,4,income_statement,其他收益及費損淨額,,--,sii,https://mopsov.twse.com.tw/mops/web/ajax_t163sb04
中游,伺服器滑軌與機殼,8210,勤誠,2013,4,income_statement,營業利益（損失）,420930,"420,930",sii,https://mopsov.twse.com.tw/mops/web/ajax_t163sb04
中游,伺服器滑軌與機殼,8210,勤誠,2013,4,income_statement,營業外收入及支出,34006,"34,006",sii,https://mopsov.twse.com.tw/mops/web/ajax_t163sb04
中游,伺服器滑軌與機殼,8210,勤誠,2013,4,income_statement,稅前淨利（淨損）,454936,"454,936",sii,https://mopsov.twse.com.tw/mops/web/ajax_t163sb04
中游,伺服器滑軌與機殼,8210,勤誠,2013,4,income_statement,所得稅費用（利益）,113104,"113,104",sii,https://mopsov.twse.com.tw/mops/web/ajax_t163sb04
中游,伺服器滑軌與機殼,8210,勤誠,2013,4,income_statement,繼續營業單位本期淨利（淨損）,341832,"341,832",sii,https://mopsov.twse.com.tw/mops/web/ajax_t163sb04
中游,伺服器滑軌與機殼,8210,勤誠,2013,4,income_statement,停業單位損益,,--,sii,https://mopsov.twse.com.tw/mops/web/ajax_t163sb04
中游,伺服器滑軌與機殼,8210,勤誠,2013,4,income_statement,合併前非屬共同控制股權損益,,--,sii,https://mopsov.twse.com.tw/mops/web/ajax_t163sb04
中游,伺服器滑軌與機殼,8210,勤誠,2013,4,income_statement,本期淨利（淨損）,341832,"341,832",sii,https://mopsov.twse.com.tw/mops/web/ajax_t163sb04
中游,伺服器滑軌與機殼,8210,勤誠,2013,4,income_statement,其他綜合損益（淨額）,76740,"76,740",sii,https://mopsov.twse.com.tw/mops/web/ajax_t163sb04
中游,伺服器滑軌與機殼,8210,勤誠,2013,4,income_statement,合併前非屬共同控制股權綜合損益淨額,,--,sii,https://mopsov.twse.com.tw/mops/web/ajax_t163sb04
中游,伺服器滑軌與機殼,8210,勤誠,2013,4,income_statement,本期綜合損益總額,418572,"418,572",sii,https://mopsov.twse.com.tw/mops/web/ajax_t163sb04
中游,伺服器滑軌與機殼,8210,勤誠,2013,4,income_statement,淨利（淨損）歸屬於母公司業主,341832,"341,832",sii,https://mopsov.twse.com.tw/mops/web/ajax_t163sb04
中游,伺服器滑軌與機殼,8210,勤誠,2013,4,income_statement,淨利（淨損）歸屬於共同控制下前手權益,,--,sii,https://mopsov.twse.com.tw/mops/web/ajax_t163sb04
中游,伺服器滑軌與機殼,8210,勤誠,2013,4,income_statement,淨利（淨損）歸屬於非控制權益,,--,sii,https://mopsov.twse.com.tw/mops/web/ajax_t163sb04
中游,伺服器滑軌與機殼,8210,勤誠,2013,4,income_statement,綜合損益總額歸屬於母公司業主,418572,"418,572",sii,https://mopsov.twse.com.tw/mops/web/ajax_t163sb04
中游,伺服器滑軌與機殼,8210,勤誠,2013,4,income_statement,綜合損益總額歸屬於共同控制下前手權益,,--,sii,https://mopsov.twse.com.tw/mops/web/ajax_t163sb04
中游,伺服器滑軌與機殼,8210,勤誠,2013,4,income_statement,綜合損益總額歸屬於非控制權益,,--,sii,https://mopsov.twse.com.tw/mops/web/ajax_t163sb04
中游,伺服器滑軌與機殼,8210,勤誠,2013,4,income_statement,基本每股盈餘（元）,2.85,2.85,sii,https://mopsov.twse.com.tw/mops/web/ajax_t163sb04
中游,伺服器滑軌與機殼,2059,川湖,2013,4,balance_sheet,流動資產,5612441,"5,612,441",sii,https://mopsov.twse.com.tw/mops/web/ajax_t163sb05
中游,伺服器滑軌與機殼,2059,川湖,2013,4,balance_sheet,非流動資產,1591722,"1,591,722",sii,https://mopsov.twse.com.tw/mops/web/ajax_t163sb05
中游,伺服器滑軌與機殼,2059,川湖,2013,4,balance_sheet,資產總額,7204163,"7,204,163",sii,https://mopsov.twse.com.tw/mops/web/ajax_t163sb05
中游,伺服器滑軌與機殼,2059,川湖,2013,4,balance_sheet,流動負債,856687,"856,687",sii,https://mopsov.twse.com.tw/mops/web/ajax_t163sb05
中游,伺服器滑軌與機殼,2059,川湖,2013,4,balance_sheet,非流動負債,456780,"456,780",sii,https://mopsov.twse.com.tw/mops/web/ajax_t163sb05
中游,伺服器滑軌與機殼,2059,川湖,2013,4,balance_sheet,負債總額,1313467,"1,313,467",sii,https://mopsov.twse.com.tw/mops/web/ajax_t163sb05
中游,伺服器滑軌與機殼,2059,川湖,2013,4,balance_sheet,股本,951881,"951,881",sii,https://mopsov.twse.com.tw/mops/web/ajax_t163sb05
中游,伺服器滑軌與機殼,2059,川湖,2013,4,balance_sheet,資本公積,780589,"780,589",sii,https://mopsov.twse.com.tw/mops/web/ajax_t163sb05
中游,伺服器滑軌與機殼,2059,川湖,2013,4,balance_sheet,保留盈餘,4154236,"4,154,236",sii,https://mopsov.twse.com.tw/mops/web/ajax_t163sb05
中游,伺服器滑軌與機殼,2059,川湖,2013,4,balance_sheet,其他權益,3990,"3,990",sii,https://mopsov.twse.com.tw/mops/web/ajax_t163sb05
中游,伺服器滑軌與機殼,2059,川湖,2013,4,balance_sheet,庫藏股票,0,0,sii,https://mopsov.twse.com.tw/mops/web/ajax_t163sb05
中游,伺服器滑軌與機殼,2059,川湖,2013,4,balance_sheet,歸屬於母公司業主之權益合計,5890696,"5,890,696",sii,https://mopsov.twse.com.tw/mops/web/ajax_t163sb05
中游,伺服器滑軌與機殼,2059,川湖,2013,4,balance_sheet,共同控制下前手權益,,--,sii,https://mopsov.twse.com.tw/mops/web/ajax_t163sb05
中游,伺服器滑軌與機殼,2059,川湖,2013,4,balance_sheet,合併前非屬共同控制股權,,--,sii,https://mopsov.twse.com.tw/mops/web/ajax_t163sb05
中游,伺服器滑軌與機殼,2059,川湖,2013,4,balance_sheet,非控制權益,0,0,sii,https://mopsov.twse.com.tw/mops/web/ajax_t163sb05
中游,伺服器滑軌與機殼,2059,川湖,2013,4,balance_sheet,權益總額,5890696,"5,890,696",sii,https://mopsov.twse.com.tw/mops/web/ajax_t163sb05
中游,伺服器滑軌與機殼,2059,川湖,2013,4,balance_sheet,預收股款（權益項下）之約當發行股數（單位：股）,0,0,sii,https://mopsov.twse.com.tw/mops/web/ajax_t163sb05
中游,伺服器滑軌與機殼,2059,川湖,2013,4,balance_sheet,母公司暨子公司所持有之母公司庫藏股股數（單位：股）,0,0,sii,https://mopsov.twse.com.tw/mops/web/ajax_t163sb05
中游,伺服器滑軌與機殼,2059,川湖,2013,4,balance_sheet,每股參考淨值,61.88,61.88,sii,https://mopsov.twse.com.tw/mops/web/ajax_t163sb05
中游,伺服器滑軌與機殼,8210,勤誠,2013,4,balance_sheet,流動資產,2479302,"2,479,302",sii,https://mopsov.twse.com.tw/mops/web/ajax_t163sb05
中游,伺服器滑軌與機殼,8210,勤誠,2013,4,balance_sheet,非流動資產,1378352,"1,378,352",sii,https://mopsov.twse.com.tw/mops/web/ajax_t163sb05
中游,伺服器滑軌與機殼,8210,勤誠,2013,4,balance_sheet,資產總額,3857654,"3,857,654",sii,https://mopsov.twse.com.tw/mops/web/ajax_t163sb05
中游,伺服器滑軌與機殼,8210,勤誠,2013,4,balance_sheet,流動負債,1293940,"1,293,940",sii,https://mopsov.twse.com.tw/mops/web/ajax_t163sb05
中游,伺服器滑軌與機殼,8210,勤誠,2013,4,balance_sheet,非流動負債,256340,"256,340",sii,https://mopsov.twse.com.tw/mops/web/ajax_t163sb05
中游,伺服器滑軌與機殼,8210,勤誠,2013,4,balance_sheet,負債總額,1550280,"1,550,280",sii,https://mopsov.twse.com.tw/mops/web/ajax_t163sb05
中游,伺服器滑軌與機殼,8210,勤誠,2013,4,balance_sheet,股本,1201260,"1,201,260",sii,https://mopsov.twse.com.tw/mops/web/ajax_t163sb05
中游,伺服器滑軌與機殼,8210,勤誠,2013,4,balance_sheet,資本公積,56749,"56,749",sii,https://mopsov.twse.com.tw/mops/web/ajax_t163sb05
中游,伺服器滑軌與機殼,8210,勤誠,2013,4,balance_sheet,保留盈餘,1022678,"1,022,678",sii,https://mopsov.twse.com.tw/mops/web/ajax_t163sb05
中游,伺服器滑軌與機殼,8210,勤誠,2013,4,balance_sheet,其他權益,39227,"39,227",sii,https://mopsov.twse.com.tw/mops/web/ajax_t163sb05
中游,伺服器滑軌與機殼,8210,勤誠,2013,4,balance_sheet,庫藏股票,-12540,"-12,540",sii,https://mopsov.twse.com.tw/mops/web/ajax_t163sb05
中游,伺服器滑軌與機殼,8210,勤誠,2013,4,balance_sheet,歸屬於母公司業主之權益合計,2307374,"2,307,374",sii,https://mopsov.twse.com.tw/mops/web/ajax_t163sb05
中游,伺服器滑軌與機殼,8210,勤誠,2013,4,balance_sheet,共同控制下前手權益,,--,sii,https://mopsov.twse.com.tw/mops/web/ajax_t163sb05
中游,伺服器滑軌與機殼,8210,勤誠,2013,4,balance_sheet,合併前非屬共同控制股權,,--,sii,https://mopsov.twse.com.tw/mops/web/ajax_t163sb05
中游,伺服器滑軌與機殼,8210,勤誠,2013,4,balance_sheet,非控制權益,,--,sii,https://mopsov.twse.com.tw/mops/web/ajax_t163sb05
中游,伺服器滑軌與機殼,8210,勤誠,2013,4,balance_sheet,權益總額,2307374,"2,307,374",sii,https://mopsov.twse.com.tw/mops/web/ajax_t163sb05
中游,伺服器滑軌與機殼,8210,勤誠,2013,4,balance_sheet,預收股款（權益項下）之約當發行股數（單位：股）,0,0,sii,https://mopsov.twse.com.tw/mops/web/ajax_t163sb05
中游,伺服器滑軌與機殼,8210,勤誠,2013,4,balance_sheet,母公司暨子公司所持有之母公司庫藏股股數（單位：股）,400000,"400,000",sii,https://mopsov.twse.com.tw/mops/web/ajax_t163sb05
中游,伺服器滑軌與機殼,8210,勤誠,2013,4,balance_sheet,每股參考淨值,19.27,19.27,sii,https://mopsov.twse.com.tw/mops/web/ajax_t163sb05
中游,伺服器滑軌與機殼,2059,川湖,2013,4,cash_flow,營業活動之淨現金流入（流出）,1891146,"1,891,146",sii,https://mopsov.twse.com.tw/mops/web/ajax_t163sb20
中游,伺服器滑軌與機殼,2059,川湖,2013,4,cash_flow,投資活動之淨現金流入（流出）,-81718,"-81,718",sii,https://mopsov.twse.com.tw/mops/web/ajax_t163sb20
中游,伺服器滑軌與機殼,2059,川湖,2013,4,cash_flow,籌資活動之淨現金流入（流出）,-650982,"-650,982",sii,https://mopsov.twse.com.tw/mops/web/ajax_t163sb20
中游,伺服器滑軌與機殼,2059,川湖,2013,4,cash_flow,匯率變動對現金及約當現金之影響,-88673,"-88,673",sii,https://mopsov.twse.com.tw/mops/web/ajax_t163sb20
中游,伺服器滑軌與機殼,2059,川湖,2013,4,cash_flow,本期現金及約當現金增加（減少）數,1069773,"1,069,773",sii,https://mopsov.twse.com.tw/mops/web/ajax_t163sb20
中游,伺服器滑軌與機殼,2059,川湖,2013,4,cash_flow,期初現金及約當現金餘額,3291039,"3,291,039",sii,https://mopsov.twse.com.tw/mops/web/ajax_t163sb20
中游,伺服器滑軌與機殼,2059,川湖,2013,4,cash_flow,期末現金及約當現金餘額,4360812,"4,360,812",sii,https://mopsov.twse.com.tw/mops/web/ajax_t163sb20
中游,伺服器滑軌與機殼,8210,勤誠,2013,4,cash_flow,營業活動之淨現金流入（流出）,288504,"288,504",sii,https://mopsov.twse.com.tw/mops/web/ajax_t163sb20
中游,伺服器滑軌與機殼,8210,勤誠,2013,4,cash_flow,投資活動之淨現金流入（流出）,-541855,"-541,855",sii,https://mopsov.twse.com.tw/mops/web/ajax_t163sb20
中游,伺服器滑軌與機殼,8210,勤誠,2013,4,cash_flow,籌資活動之淨現金流入（流出）,-159190,"-159,190",sii,https://mopsov.twse.com.tw/mops/web/ajax_t163sb20
中游,伺服器滑軌與機殼,8210,勤誠,2013,4,cash_flow,匯率變動對現金及約當現金之影響,53609,"53,609",sii,https://mopsov.twse.com.tw/mops/web/ajax_t163sb20
中游,伺服器滑軌與機殼,8210,勤誠,2013,4,cash_flow,本期現金及約當現金增加（減少）數,-358932,"-358,932",sii,https://mopsov.twse.com.tw/mops/web/ajax_t163sb20
中游,伺服器滑軌與機殼,8210,勤誠,2013,4,cash_flow,期初現金及約當現金餘額,1771147,"1,771,147",sii,https://mopsov.twse.com.tw/mops/web/ajax_t163sb20
中游,伺服器滑軌與機殼,8210,勤誠,2013,4,cash_flow,期末現金及約當現金餘額,1412215,"1,412,215",sii,https://mopsov.twse.com.tw/mops/web/ajax_t163sb20
中游,伺服器滑軌與機殼,2059,川湖,2014,1,income_statement,營業收入,1010484,"1,010,484",sii,https://mopsov.twse.com.tw/mops/web/ajax_t163sb04
中游,伺服器滑軌與機殼,2059,川湖,2014,1,income_statement,營業成本,458451,"458,451",sii,https://mopsov.twse.com.tw/mops/web/ajax_t163sb04
中游,伺服器滑軌與機殼,2059,川湖,2014,1,income_statement,營業毛利（毛損）,552033,"552,033",sii,https://mopsov.twse.com.tw/mops/web/ajax_t163sb04
中游,伺服器滑軌與機殼,2059,川湖,2014,1,income_statement,未實現銷貨（損）益,,--,sii,https://mopsov.twse.com.tw/mops/web/ajax_t163sb04
中游,伺服器滑軌與機殼,2059,川湖,2014,1,income_statement,已實現銷貨（損）益,,--,sii,https://mopsov.twse.com.tw/mops/web/ajax_t163sb04
中游,伺服器滑軌與機殼,2059,川湖,2014,1,income_statement,營業毛利（毛損）淨額,552033,"552,033",sii,https://mopsov.twse.com.tw/mops/web/ajax_t163sb04
中游,伺服器滑軌與機殼,2059,川湖,2014,1,income_statement,營業費用,136350,"136,350",sii,https://mopsov.twse.com.tw/mops/web/ajax_t163sb04
中游,伺服器滑軌與機殼,2059,川湖,2014,1,income_statement,其他收益及費損淨額,,--,sii,https://mopsov.twse.com.tw/mops/web/ajax_t163sb04
中游,伺服器滑軌與機殼,2059,川湖,2014,1,income_statement,營業利益（損失）,415683,"415,683",sii,https://mopsov.twse.com.tw/mops/web/ajax_t163sb04
中游,伺服器滑軌與機殼,2059,川湖,2014,1,income_statement,營業外收入及支出,124177,"124,177",sii,https://mopsov.twse.com.tw/mops/web/ajax_t163sb04
中游,伺服器滑軌與機殼,2059,川湖,2014,1,income_statement,稅前淨利（淨損）,539860,"539,860",sii,https://mopsov.twse.com.tw/mops/web/ajax_t163sb04
中游,伺服器滑軌與機殼,2059,川湖,2014,1,income_statement,所得稅費用（利益）,71538,"71,538",sii,https://mopsov.twse.com.tw/mops/web/ajax_t163sb04
中游,伺服器滑軌與機殼,2059,川湖,2014,1,income_statement,繼續營業單位本期淨利（淨損）,468322,"468,322",sii,https://mopsov.twse.com.tw/mops/web/ajax_t163sb04
中游,伺服器滑軌與機殼,2059,川湖,2014,1,income_statement,停業單位損益,,--,sii,https://mopsov.twse.com.tw/mops/web/ajax_t163sb04
中游,伺服器滑軌與機殼,2059,川湖,2014,1,income_statement,合併前非屬共同控制股權損益,,--,sii,https://mopsov.twse.com.tw/mops/web/ajax_t163sb04
中游,伺服器滑軌與機殼,2059,川湖,2014,1,income_statement,本期淨利（淨損）,468322,"468,322",sii,https://mopsov.twse.com.tw/mops/web/ajax_t163sb04
中游,伺服器滑軌與機殼,2059,川湖,2014,1,income_statement,其他綜合損益（淨額）,1962,"1,962",sii,https://mopsov.twse.com.tw/mops/web/ajax_t163sb04
中游,伺服器滑軌與機殼,2059,川湖,2014,1,income_statement,合併前非屬共同控制股權綜合損益淨額,,--,sii,https://mopsov.twse.com.tw/mops/web/ajax_t163sb04
中游,伺服器滑軌與機殼,2059,川湖,2014,1,income_statement,本期綜合損益總額,470284,"470,284",sii,https://mopsov.twse.com.tw/mops/web/ajax_t163sb04
中游,伺服器滑軌與機殼,2059,川湖,2014,1,income_statement,淨利（淨損）歸屬於母公司業主,468322,"468,322",sii,https://mopsov.twse.com.tw/mops/web/ajax_t163sb04
中游,伺服器滑軌與機殼,2059,川湖,2014,1,income_statement,淨利（淨損）歸屬於共同控制下前手權益,,--,sii,https://mopsov.twse.com.tw/mops/web/ajax_t163sb04
中游,伺服器滑軌與機殼,2059,川湖,2014,1,income_statement,淨利（淨損）歸屬於非控制權益,,--,sii,https://mopsov.twse.com.tw/mops/web/ajax_t163sb04
中游,伺服器滑軌與機殼,2059,川湖,2014,1,income_statement,綜合損益總額歸屬於母公司業主,470284,"470,284",sii,https://mopsov.twse.com.tw/mops/web/ajax_t163sb04
中游,伺服器滑軌與機殼,2059,川湖,2014,1,income_statement,綜合損益總額歸屬於共同控制下前手權益,,--,sii,https://mopsov.twse.com.tw/mops/web/ajax_t163sb04
中游,伺服器滑軌與機殼,2059,川湖,2014,1,income_statement,綜合損益總額歸屬於非控制權益,,--,sii,https://mopsov.twse.com.tw/mops/web/ajax_t163sb04
中游,伺服器滑軌與機殼,2059,川湖,2014,1,income_statement,基本每股盈餘（元）,4.92,4.92,sii,https://mopsov.twse.com.tw/mops/web/ajax_t163sb04
中游,伺服器滑軌與機殼,8210,勤誠,2014,1,income_statement,營業收入,967984,"967,984",sii,https://mopsov.twse.com.tw/mops/web/ajax_t163sb04
中游,伺服器滑軌與機殼,8210,勤誠,2014,1,income_statement,營業成本,649708,"649,708",sii,https://mopsov.twse.com.tw/mops/web/ajax_t163sb04
中游,伺服器滑軌與機殼,8210,勤誠,2014,1,income_statement,營業毛利（毛損）,318276,"318,276",sii,https://mopsov.twse.com.tw/mops/web/ajax_t163sb04
中游,伺服器滑軌與機殼,8210,勤誠,2014,1,income_statement,未實現銷貨（損）益,,--,sii,https://mopsov.twse.com.tw/mops/web/ajax_t163sb04
中游,伺服器滑軌與機殼,8210,勤誠,2014,1,income_statement,已實現銷貨（損）益,,--,sii,https://mopsov.twse.com.tw/mops/web/ajax_t163sb04
中游,伺服器滑軌與機殼,8210,勤誠,2014,1,income_statement,營業毛利（毛損）淨額,318276,"318,276",sii,https://mopsov.twse.com.tw/mops/web/ajax_t163sb04
中游,伺服器滑軌與機殼,8210,勤誠,2014,1,income_statement,營業費用,161541,"161,541",sii,https://mopsov.twse.com.tw/mops/web/ajax_t163sb04
中游,伺服器滑軌與機殼,8210,勤誠,2014,1,income_statement,其他收益及費損淨額,,--,sii,https://mopsov.twse.com.tw/mops/web/ajax_t163sb04
中游,伺服器滑軌與機殼,8210,勤誠,2014,1,income_statement,營業利益（損失）,156735,"156,735",sii,https://mopsov.twse.com.tw/mops/web/ajax_t163sb04
中游,伺服器滑軌與機殼,8210,勤誠,2014,1,income_statement,營業外收入及支出,14181,"14,181",sii,https://mopsov.twse.com.tw/mops/web/ajax_t163sb04
中游,伺服器滑軌與機殼,8210,勤誠,2014,1,income_statement,稅前淨利（淨損）,170916,"170,916",sii,https://mopsov.twse.com.tw/mops/web/ajax_t163sb04
中游,伺服器滑軌與機殼,8210,勤誠,2014,1,income_statement,所得稅費用（利益）,34546,"34,546",sii,https://mopsov.twse.com.tw/mops/web/ajax_t163sb04
中游,伺服器滑軌與機殼,8210,勤誠,2014,1,income_statement,繼續營業單位本期淨利（淨損）,136370,"136,370",sii,https://mopsov.twse.com.tw/mops/web/ajax_t163sb04
中游,伺服器滑軌與機殼,8210,勤誠,2014,1,income_statement,停業單位損益,,--,sii,https://mopsov.twse.com.tw/mops/web/ajax_t163sb04
中游,伺服器滑軌與機殼,8210,勤誠,2014,1,income_statement,合併前非屬共同控制股權損益,,--,sii,https://mopsov.twse.com.tw/mops/web/ajax_t163sb04
中游,伺服器滑軌與機殼,8210,勤誠,2014,1,income_statement,本期淨利（淨損）,136370,"136,370",sii,https://mopsov.twse.com.tw/mops/web/ajax_t163sb04
中游,伺服器滑軌與機殼,8210,勤誠,2014,1,income_statement,其他綜合損益（淨額）,-3730,"-3,730",sii,https://mopsov.twse.com.tw/mops/web/ajax_t163sb04
中游,伺服器滑軌與機殼,8210,勤誠,2014,1,income_statement,合併前非屬共同控制股權綜合損益淨額,,--,sii,https://mopsov.twse.com.tw/mops/web/ajax_t163sb04
中游,伺服器滑軌與機殼,8210,勤誠,2014,1,income_statement,本期綜合損益總額,132640,"132,640",sii,https://mopsov.twse.com.tw/mops/web/ajax_t163sb04
中游,伺服器滑軌與機殼,8210,勤誠,2014,1,income_statement,淨利（淨損）歸屬於母公司業主,136370,"136,370",sii,https://mopsov.twse.com.tw/mops/web/ajax_t163sb04
中游,伺服器滑軌與機殼,8210,勤誠,2014,1,income_statement,淨利（淨損）歸屬於共同控制下前手權益,,--,sii,https://mopsov.twse.com.tw/mops/web/ajax_t163sb04
中游,伺服器滑軌與機殼,8210,勤誠,2014,1,income_statement,淨利（淨損）歸屬於非控制權益,,--,sii,https://mopsov.twse.com.tw/mops/web/ajax_t163sb04
中游,伺服器滑軌與機殼,8210,勤誠,2014,1,income_statement,綜合損益總額歸屬於母公司業主,132640,"132,640",sii,https://mopsov.twse.com.tw/mops/web/ajax_t163sb04
中游,伺服器滑軌與機殼,8210,勤誠,2014,1,income_statement,綜合損益總額歸屬於共同控制下前手權益,,--,sii,https://mopsov.twse.com.tw/mops/web/ajax_t163sb04
中游,伺服器滑軌與機殼,8210,勤誠,2014,1,income_statement,綜合損益總額歸屬於非控制權益,,--,sii,https://mopsov.twse.com.tw/mops/web/ajax_t163sb04
中游,伺服器滑軌與機殼,8210,勤誠,2014,1,income_statement,基本每股盈餘（元）,1.14,1.14,sii,https://mopsov.twse.com.tw/mops/web/ajax_t163sb04
中游,伺服器滑軌與機殼,2059,川湖,2014,1,balance_sheet,流動資產,6088587,"6,088,587",sii,https://mopsov.twse.com.tw/mops/web/ajax_t163sb05
中游,伺服器滑軌與機殼,2059,川湖,2014,1,balance_sheet,非流動資產,1571161,"1,571,161",sii,https://mopsov.twse.com.tw/mops/web/ajax_t163sb05
中游,伺服器滑軌與機殼,2059,川湖,2014,1,balance_sheet,資產總額,7659748,"7,659,748",sii,https://mopsov.twse.com.tw/mops/web/ajax_t163sb05
中游,伺服器滑軌與機殼,2059,川湖,2014,1,balance_sheet,流動負債,860472,"860,472",sii,https://mopsov.twse.com.tw/mops/web/ajax_t163sb05
中游,伺服器滑軌與機殼,2059,川湖,2014,1,balance_sheet,非流動負債,421104,"421,104",sii,https://mopsov.twse.com.tw/mops/web/ajax_t163sb05
中游,伺服器滑軌與機殼,2059,川湖,2014,1,balance_sheet,負債總額,1281576,"1,281,576",sii,https://mopsov.twse.com.tw/mops/web/ajax_t163sb05
中游,伺服器滑軌與機殼,2059,川湖,2014,1,balance_sheet,股本,952971,"952,971",sii,https://mopsov.twse.com.tw/mops/web/ajax_t163sb05
中游,伺服器滑軌與機殼,2059,川湖,2014,1,balance_sheet,資本公積,796691,"796,691",sii,https://mopsov.twse.com.tw/mops/web/ajax_t163sb05
中游,伺服器滑軌與機殼,2059,川湖,2014,1,balance_sheet,保留盈餘,4622558,"4,622,558",sii,https://mopsov.twse.com.tw/mops/web/ajax_t163sb05
中游,伺服器滑軌與機殼,2059,川湖,2014,1,balance_sheet,其他權益,5952,"5,952",sii,https://mopsov.twse.com.tw/mops/web/ajax_t163sb05
中游,伺服器滑軌與機殼,2059,川湖,2014,1,balance_sheet,庫藏股票,0,0,sii,https://mopsov.twse.com.tw/mops/web/ajax_t163sb05
中游,伺服器滑軌與機殼,2059,川湖,2014,1,balance_sheet,歸屬於母公司業主之權益合計,6378172,"6,378,172",sii,https://mopsov.twse.com.tw/mops/web/ajax_t163sb05
中游,伺服器滑軌與機殼,2059,川湖,2014,1,balance_sheet,共同控制下前手權益,,--,sii,https://mopsov.twse.com.tw/mops/web/ajax_t163sb05
中游,伺服器滑軌與機殼,2059,川湖,2014,1,balance_sheet,合併前非屬共同控制股權,,--,sii,https://mopsov.twse.com.tw/mops/web/ajax_t163sb05
中游,伺服器滑軌與機殼,2059,川湖,2014,1,balance_sheet,非控制權益,0,0,sii,https://mopsov.twse.com.tw/mops/web/ajax_t163sb05
中游,伺服器滑軌與機殼,2059,川湖,2014,1,balance_sheet,權益總額,6378172,"6,378,172",sii,https://mopsov.twse.com.tw/mops/web/ajax_t163sb05
中游,伺服器滑軌與機殼,2059,川湖,2014,1,balance_sheet,待註銷股本股數（單位：股）,,--,sii,https://mopsov.twse.com.tw/mops/web/ajax_t163sb05
中游,伺服器滑軌與機殼,2059,川湖,2014,1,balance_sheet,預收股款（權益項下）之約當發行股數（單位：股）,0,0,sii,https://mopsov.twse.com.tw/mops/web/ajax_t163sb05
中游,伺服器滑軌與機殼,2059,川湖,2014,1,balance_sheet,母公司暨子公司所持有之母公司庫藏股股數（單位：股）,0,0,sii,https://mopsov.twse.com.tw/mops/web/ajax_t163sb05
中游,伺服器滑軌與機殼,2059,川湖,2014,1,balance_sheet,每股參考淨值,66.93,66.93,sii,https://mopsov.twse.com.tw/mops/web/ajax_t163sb05
中游,伺服器滑軌與機殼,8210,勤誠,2014,1,balance_sheet,流動資產,2728362,"2,728,362",sii,https://mopsov.twse.com.tw/mops/web/ajax_t163sb05
中游,伺服器滑軌與機殼,8210,勤誠,2014,1,balance_sheet,非流動資產,1389646,"1,389,646",sii,https://mopsov.twse.com.tw/mops/web/ajax_t163sb05
中游,伺服器滑軌與機殼,8210,勤誠,2014,1,balance_sheet,資產總額,4118008,"4,118,008",sii,https://mopsov.twse.com.tw/mops/web/ajax_t163sb05
中游,伺服器滑軌與機殼,8210,勤誠,2014,1,balance_sheet,流動負債,1418751,"1,418,751",sii,https://mopsov.twse.com.tw/mops/web/ajax_t163sb05
中游,伺服器滑軌與機殼,8210,勤誠,2014,1,balance_sheet,非流動負債,259243,"259,243",sii,https://mopsov.twse.com.tw/mops/web/ajax_t163sb05
中游,伺服器滑軌與機殼,8210,勤誠,2014,1,balance_sheet,負債總額,1677994,"1,677,994",sii,https://mopsov.twse.com.tw/mops/web/ajax_t163sb05
中游,伺服器滑軌與機殼,8210,勤誠,2014,1,balance_sheet,股本,1201260,"1,201,260",sii,https://mopsov.twse.com.tw/mops/web/ajax_t163sb05
中游,伺服器滑軌與機殼,8210,勤誠,2014,1,balance_sheet,資本公積,56749,"56,749",sii,https://mopsov.twse.com.tw/mops/web/ajax_t163sb05
中游,伺服器滑軌與機殼,8210,勤誠,2014,1,balance_sheet,保留盈餘,1159048,"1,159,048",sii,https://mopsov.twse.com.tw/mops/web/ajax_t163sb05
中游,伺服器滑軌與機殼,8210,勤誠,2014,1,balance_sheet,其他權益,35497,"35,497",sii,https://mopsov.twse.com.tw/mops/web/ajax_t163sb05
中游,伺服器滑軌與機殼,8210,勤誠,2014,1,balance_sheet,庫藏股票,-12540,"-12,540",sii,https://mopsov.twse.com.tw/mops/web/ajax_t163sb05
中游,伺服器滑軌與機殼,8210,勤誠,2014,1,balance_sheet,歸屬於母公司業主之權益合計,2440014,"2,440,014",sii,https://mopsov.twse.com.tw/mops/web/ajax_t163sb05
中游,伺服器滑軌與機殼,8210,勤誠,2014,1,balance_sheet,共同控制下前手權益,,--,sii,https://mopsov.twse.com.tw/mops/web/ajax_t163sb05
中游,伺服器滑軌與機殼,8210,勤誠,2014,1,balance_sheet,合併前非屬共同控制股權,,--,sii,https://mopsov.twse.com.tw/mops/web/ajax_t163sb05
中游,伺服器滑軌與機殼,8210,勤誠,2014,1,balance_sheet,非控制權益,,--,sii,https://mopsov.twse.com.tw/mops/web/ajax_t163sb05
中游,伺服器滑軌與機殼,8210,勤誠,2014,1,balance_sheet,權益總額,2440014,"2,440,014",sii,https://mopsov.twse.com.tw/mops/web/ajax_t163sb05
中游,伺服器滑軌與機殼,8210,勤誠,2014,1,balance_sheet,待註銷股本股數（單位：股）,0,0,sii,https://mopsov.twse.com.tw/mops/web/ajax_t163sb05
中游,伺服器滑軌與機殼,8210,勤誠,2014,1,balance_sheet,預收股款（權益項下）之約當發行股數（單位：股）,0,0,sii,https://mopsov.twse.com.tw/mops/web/ajax_t163sb05
中游,伺服器滑軌與機殼,8210,勤誠,2014,1,balance_sheet,母公司暨子公司所持有之母公司庫藏股股數（單位：股）,400000,"400,000",sii,https://mopsov.twse.com.tw/mops/web/ajax_t163sb05
中游,伺服器滑軌與機殼,8210,勤誠,2014,1,balance_sheet,每股參考淨值,20.38,20.38,sii,https://mopsov.twse.com.tw/mops/web/ajax_t163sb05
中游,伺服器滑軌與機殼,2059,川湖,2014,1,cash_flow,營業活動之淨現金流入（流出）,557453,"557,453",sii,https://mopsov.twse.com.tw/mops/web/ajax_t163sb20
中游,伺服器滑軌與機殼,2059,川湖,2014,1,cash_flow,投資活動之淨現金流入（流出）,-19678,"-19,678",sii,https://mopsov.twse.com.tw/mops/web/ajax_t163sb20
中游,伺服器滑軌與機殼,2059,川湖,2014,1,cash_flow,籌資活動之淨現金流入（流出）,-30000,"-30,000",sii,https://mopsov.twse.com.tw/mops/web/ajax_t163sb20
中游,伺服器滑軌與機殼,2059,川湖,2014,1,cash_flow,匯率變動對現金及約當現金之影響,-74159,"-74,159",sii,https://mopsov.twse.com.tw/mops/web/ajax_t163sb20
中游,伺服器滑軌與機殼,2059,川湖,2014,1,cash_flow,本期現金及約當現金增加（減少）數,433616,"433,616",sii,https://mopsov.twse.com.tw/mops/web/ajax_t163sb20
中游,伺服器滑軌與機殼,2059,川湖,2014,1,cash_flow,期初現金及約當現金餘額,4360812,"4,360,812",sii,https://mopsov.twse.com.tw/mops/web/ajax_t163sb20
中游,伺服器滑軌與機殼,2059,川湖,2014,1,cash_flow,期末現金及約當現金餘額,4794428,"4,794,428",sii,https://mopsov.twse.com.tw/mops/web/ajax_t163sb20
中游,伺服器滑軌與機殼,8210,勤誠,2014,1,cash_flow,營業活動之淨現金流入（流出）,99118,"99,118",sii,https://mopsov.twse.com.tw/mops/web/ajax_t163sb20
中游,伺服器滑軌與機殼,8210,勤誠,2014,1,cash_flow,投資活動之淨現金流入（流出）,-20691,"-20,691",sii,https://mopsov.twse.com.tw/mops/web/ajax_t163sb20
中游,伺服器滑軌與機殼,8210,勤誠,2014,1,cash_flow,籌資活動之淨現金流入（流出）,-24492,"-24,492",sii,https://mopsov.twse.com.tw/mops/web/ajax_t163sb20
中游,伺服器滑軌與機殼,8210,勤誠,2014,1,cash_flow,匯率變動對現金及約當現金之影響,-3124,"-3,124",sii,https://mopsov.twse.com.tw/mops/web/ajax_t163sb20
中游,伺服器滑軌與機殼,8210,勤誠,2014,1,cash_flow,本期現金及約當現金增加（減少）數,50811,"50,811",sii,https://mopsov.twse.com.tw/mops/web/ajax_t163sb20
中游,伺服器滑軌與機殼,8210,勤誠,2014,1,cash_flow,期初現金及約當現金餘額,1412215,"1,412,215",sii,https://mopsov.twse.com.tw/mops/web/ajax_t163sb20
中游,伺服器滑軌與機殼,8210,勤誠,2014,1,cash_flow,期末現金及約當現金餘額,1463026,"1,463,026",sii,https://mopsov.twse.com.tw/mops/web/ajax_t163sb20
中游,伺服器滑軌與機殼,2059,川湖,2014,2,income_statement,營業收入,2076458,"2,076,458",sii,https://mopsov.twse.com.tw/mops/web/ajax_t163sb04
中游,伺服器滑軌與機殼,2059,川湖,2014,2,income_statement,營業成本,940070,"940,070",sii,https://mopsov.twse.com.tw/mops/web/ajax_t163sb04
中游,伺服器滑軌與機殼,2059,川湖,2014,2,income_statement,營業毛利（毛損）,1136388,"1,136,388",sii,https://mopsov.twse.com.tw/mops/web/ajax_t163sb04
中游,伺服器滑軌與機殼,2059,川湖,2014,2,income_statement,未實現銷貨（損）益,,--,sii,https://mopsov.twse.com.tw/mops/web/ajax_t163sb04
中游,伺服器滑軌與機殼,2059,川湖,2014,2,income_statement,已實現銷貨（損）益,,--,sii,https://mopsov.twse.com.tw/mops/web/ajax_t163sb04
中游,伺服器滑軌與機殼,2059,川湖,2014,2,income_statement,營業毛利（毛損）淨額,1136388,"1,136,388",sii,https://mopsov.twse.com.tw/mops/web/ajax_t163sb04
中游,伺服器滑軌與機殼,2059,川湖,2014,2,income_statement,營業費用,269273,"269,273",sii,https://mopsov.twse.com.tw/mops/web/ajax_t163sb04
中游,伺服器滑軌與機殼,2059,川湖,2014,2,income_statement,其他收益及費損淨額,,--,sii,https://mopsov.twse.com.tw/mops/web/ajax_t163sb04
中游,伺服器滑軌與機殼,2059,川湖,2014,2,income_statement,營業利益（損失）,867115,"867,115",sii,https://mopsov.twse.com.tw/mops/web/ajax_t163sb04
中游,伺服器滑軌與機殼,2059,川湖,2014,2,income_statement,營業外收入及支出,50527,"50,527",sii,https://mopsov.twse.com.tw/mops/web/ajax_t163sb04
中游,伺服器滑軌與機殼,2059,川湖,2014,2,income_statement,稅前淨利（淨損）,917642,"917,642",sii,https://mopsov.twse.com.tw/mops/web/ajax_t163sb04
中游,伺服器滑軌與機殼,2059,川湖,2014,2,income_statement,所得稅費用（利益）,181221,"181,221",sii,https://mopsov.twse.com.tw/mops/web/ajax_t163sb04
中游,伺服器滑軌與機殼,2059,川湖,2014,2,income_statement,繼續營業單位本期淨利（淨損）,736421,"736,421",sii,https://mopsov.twse.com.tw/mops/web/ajax_t163sb04
中游,伺服器滑軌與機殼,2059,川湖,2014,2,income_statement,停業單位損益,,--,sii,https://mopsov.twse.com.tw/mops/web/ajax_t163sb04
中游,伺服器滑軌與機殼,2059,川湖,2014,2,income_statement,合併前非屬共同控制股權損益,,--,sii,https://mopsov.twse.com.tw/mops/web/ajax_t163sb04
中游,伺服器滑軌與機殼,2059,川湖,2014,2,income_statement,本期淨利（淨損）,736421,"736,421",sii,https://mopsov.twse.com.tw/mops/web/ajax_t163sb04
中游,伺服器滑軌與機殼,2059,川湖,2014,2,income_statement,其他綜合損益（淨額）,-746,-746,sii,https://mopsov.twse.com.tw/mops/web/ajax_t163sb04
中游,伺服器滑軌與機殼,2059,川湖,2014,2,income_statement,合併前非屬共同控制股權綜合損益淨額,,--,sii,https://mopsov.twse.com.tw/mops/web/ajax_t163sb04
中游,伺服器滑軌與機殼,2059,川湖,2014,2,income_statement,本期綜合損益總額,735675,"735,675",sii,https://mopsov.twse.com.tw/mops/web/ajax_t163sb04
中游,伺服器滑軌與機殼,2059,川湖,2014,2,income_statement,淨利（淨損）歸屬於母公司業主,736421,"736,421",sii,https://mopsov.twse.com.tw/mops/web/ajax_t163sb04
中游,伺服器滑軌與機殼,2059,川湖,2014,2,income_statement,淨利（淨損）歸屬於共同控制下前手權益,,--,sii,https://mopsov.twse.com.tw/mops/web/ajax_t163sb04
中游,伺服器滑軌與機殼,2059,川湖,2014,2,income_statement,淨利（淨損）歸屬於非控制權益,,--,sii,https://mopsov.twse.com.tw/mops/web/ajax_t163sb04
中游,伺服器滑軌與機殼,2059,川湖,2014,2,income_statement,綜合損益總額歸屬於母公司業主,735675,"735,675",sii,https://mopsov.twse.com.tw/mops/web/ajax_t163sb04
中游,伺服器滑軌與機殼,2059,川湖,2014,2,income_statement,綜合損益總額歸屬於共同控制下前手權益,,--,sii,https://mopsov.twse.com.tw/mops/web/ajax_t163sb04
中游,伺服器滑軌與機殼,2059,川湖,2014,2,income_statement,綜合損益總額歸屬於非控制權益,,--,sii,https://mopsov.twse.com.tw/mops/web/ajax_t163sb04
中游,伺服器滑軌與機殼,2059,川湖,2014,2,income_statement,基本每股盈餘（元）,7.73,7.73,sii,https://mopsov.twse.com.tw/mops/web/ajax_t163sb04
中游,伺服器滑軌與機殼,8210,勤誠,2014,2,income_statement,營業收入,2135187,"2,135,187",sii,https://mopsov.twse.com.tw/mops/web/ajax_t163sb04
中游,伺服器滑軌與機殼,8210,勤誠,2014,2,income_statement,營業成本,1397631,"1,397,631",sii,https://mopsov.twse.com.tw/mops/web/ajax_t163sb04
中游,伺服器滑軌與機殼,8210,勤誠,2014,2,income_statement,營業毛利（毛損）,737556,"737,556",sii,https://mopsov.twse.com.tw/mops/web/ajax_t163sb04
中游,伺服器滑軌與機殼,8210,勤誠,2014,2,income_statement,未實現銷貨（損）益,,--,sii,https://mopsov.twse.com.tw/mops/web/ajax_t163sb04
中游,伺服器滑軌與機殼,8210,勤誠,2014,2,income_statement,已實現銷貨（損）益,,--,sii,https://mopsov.twse.com.tw/mops/web/ajax_t163sb04
中游,伺服器滑軌與機殼,8210,勤誠,2014,2,income_statement,營業毛利（毛損）淨額,737556,"737,556",sii,https://mopsov.twse.com.tw/mops/web/ajax_t163sb04
中游,伺服器滑軌與機殼,8210,勤誠,2014,2,income_statement,營業費用,346064,"346,064",sii,https://mopsov.twse.com.tw/mops/web/ajax_t163sb04
中游,伺服器滑軌與機殼,8210,勤誠,2014,2,income_statement,其他收益及費損淨額,,--,sii,https://mopsov.twse.com.tw/mops/web/ajax_t163sb04
中游,伺服器滑軌與機殼,8210,勤誠,2014,2,income_statement,營業利益（損失）,391492,"391,492",sii,https://mopsov.twse.com.tw/mops/web/ajax_t163sb04
中游,伺服器滑軌與機殼,8210,勤誠,2014,2,income_statement,營業外收入及支出,11568,"11,568",sii,https://mopsov.twse.com.tw/mops/web/ajax_t163sb04
中游,伺服器滑軌與機殼,8210,勤誠,2014,2,income_statement,稅前淨利（淨損）,403060,"403,060",sii,https://mopsov.twse.com.tw/mops/web/ajax_t163sb04
中游,伺服器滑軌與機殼,8210,勤誠,2014,2,income_statement,所得稅費用（利益）,72108,"72,108",sii,https://mopsov.twse.com.tw/mops/web/ajax_t163sb04
中游,伺服器滑軌與機殼,8210,勤誠,2014,2,income_statement,繼續營業單位本期淨利（淨損）,330952,"330,952",sii,https://mopsov.twse.com.tw/mops/web/ajax_t163sb04
中游,伺服器滑軌與機殼,8210,勤誠,2014,2,income_statement,停業單位損益,,--,sii,https://mopsov.twse.com.tw/mops/web/ajax_t163sb04
中游,伺服器滑軌與機殼,8210,勤誠,2014,2,income_statement,合併前非屬共同控制股權損益,,--,sii,https://mopsov.twse.com.tw/mops/web/ajax_t163sb04
中游,伺服器滑軌與機殼,8210,勤誠,2014,2,income_statement,本期淨利（淨損）,330952,"330,952",sii,https://mopsov.twse.com.tw/mops/web/ajax_t163sb04
中游,伺服器滑軌與機殼,8210,勤誠,2014,2,income_statement,其他綜合損益（淨額）,-35135,"-35,135",sii,https://mopsov.twse.com.tw/mops/web/ajax_t163sb04
中游,伺服器滑軌與機殼,8210,勤誠,2014,2,income_statement,合併前非屬共同控制股權綜合損益淨額,,--,sii,https://mopsov.twse.com.tw/mops/web/ajax_t163sb04
中游,伺服器滑軌與機殼,8210,勤誠,2014,2,income_statement,本期綜合損益總額,295817,"295,817",sii,https://mopsov.twse.com.tw/mops/web/ajax_t163sb04
中游,伺服器滑軌與機殼,8210,勤誠,2014,2,income_statement,淨利（淨損）歸屬於母公司業主,330952,"330,952",sii,https://mopsov.twse.com.tw/mops/web/ajax_t163sb04
中游,伺服器滑軌與機殼,8210,勤誠,2014,2,income_statement,淨利（淨損）歸屬於共同控制下前手權益,,--,sii,https://mopsov.twse.com.tw/mops/web/ajax_t163sb04
中游,伺服器滑軌與機殼,8210,勤誠,2014,2,income_statement,淨利（淨損）歸屬於非控制權益,,--,sii,https://mopsov.twse.com.tw/mops/web/ajax_t163sb04
中游,伺服器滑軌與機殼,8210,勤誠,2014,2,income_statement,綜合損益總額歸屬於母公司業主,295817,"295,817",sii,https://mopsov.twse.com.tw/mops/web/ajax_t163sb04
中游,伺服器滑軌與機殼,8210,勤誠,2014,2,income_statement,綜合損益總額歸屬於共同控制下前手權益,,--,sii,https://mopsov.twse.com.tw/mops/web/ajax_t163sb04
中游,伺服器滑軌與機殼,8210,勤誠,2014,2,income_statement,綜合損益總額歸屬於非控制權益,,--,sii,https://mopsov.twse.com.tw/mops/web/ajax_t163sb04
中游,伺服器滑軌與機殼,8210,勤誠,2014,2,income_statement,基本每股盈餘（元）,2.76,2.76,sii,https://mopsov.twse.com.tw/mops/web/ajax_t163sb04
中游,伺服器滑軌與機殼,2059,川湖,2014,2,balance_sheet,流動資產,6307059,"6,307,059",sii,https://mopsov.twse.com.tw/mops/web/ajax_t163sb05
中游,伺服器滑軌與機殼,2059,川湖,2014,2,balance_sheet,非流動資產,1565130,"1,565,130",sii,https://mopsov.twse.com.tw/mops/web/ajax_t163sb05
中游,伺服器滑軌與機殼,2059,川湖,2014,2,balance_sheet,資產總額,7872189,"7,872,189",sii,https://mopsov.twse.com.tw/mops/web/ajax_t163sb05
中游,伺服器滑軌與機殼,2059,川湖,2014,2,balance_sheet,流動負債,1534011,"1,534,011",sii,https://mopsov.twse.com.tw/mops/web/ajax_t163sb05
中游,伺服器滑軌與機殼,2059,川湖,2014,2,balance_sheet,非流動負債,409343,"409,343",sii,https://mopsov.twse.com.tw/mops/web/ajax_t163sb05
中游,伺服器滑軌與機殼,2059,川湖,2014,2,balance_sheet,負債總額,1943354,"1,943,354",sii,https://mopsov.twse.com.tw/mops/web/ajax_t163sb05
中游,伺服器滑軌與機殼,2059,川湖,2014,2,balance_sheet,股本,952971,"952,971",sii,https://mopsov.twse.com.tw/mops/web/ajax_t163sb05
中游,伺服器滑軌與機殼,2059,川湖,2014,2,balance_sheet,資本公積,796691,"796,691",sii,https://mopsov.twse.com.tw/mops/web/ajax_t163sb05
中游,伺服器滑軌與機殼,2059,川湖,2014,2,balance_sheet,保留盈餘,4175929,"4,175,929",sii,https://mopsov.twse.com.tw/mops/web/ajax_t163sb05
中游,伺服器滑軌與機殼,2059,川湖,2014,2,balance_sheet,其他權益,3244,"3,244",sii,https://mopsov.twse.com.tw/mops/web/ajax_t163sb05
中游,伺服器滑軌與機殼,2059,川湖,2014,2,balance_sheet,庫藏股票,0,0,sii,https://mopsov.twse.com.tw/mops/web/ajax_t163sb05
中游,伺服器滑軌與機殼,2059,川湖,2014,2,balance_sheet,歸屬於母公司業主之權益合計,5928835,"5,928,835",sii,https://mopsov.twse.com.tw/mops/web/ajax_t163sb05
中游,伺服器滑軌與機殼,2059,川湖,2014,2,balance_sheet,共同控制下前手權益,,--,sii,https://mopsov.twse.com.tw/mops/web/ajax_t163sb05
中游,伺服器滑軌與機殼,2059,川湖,2014,2,balance_sheet,合併前非屬共同控制股權,,--,sii,https://mopsov.twse.com.tw/mops/web/ajax_t163sb05
中游,伺服器滑軌與機殼,2059,川湖,2014,2,balance_sheet,非控制權益,0,0,sii,https://mopsov.twse.com.tw/mops/web/ajax_t163sb05
中游,伺服器滑軌與機殼,2059,川湖,2014,2,balance_sheet,權益總額,5928835,"5,928,835",sii,https://mopsov.twse.com.tw/mops/web/ajax_t163sb05
中游,伺服器滑軌與機殼,2059,川湖,2014,2,balance_sheet,待註銷股本股數（單位：股）,0,0,sii,https://mopsov.twse.com.tw/mops/web/ajax_t163sb05
中游,伺服器滑軌與機殼,2059,川湖,2014,2,balance_sheet,預收股款（權益項下）之約當發行股數（單位：股）,0,0,sii,https://mopsov.twse.com.tw/mops/web/ajax_t163sb05
中游,伺服器滑軌與機殼,2059,川湖,2014,2,balance_sheet,母公司暨子公司所持有之母公司庫藏股股數（單位：股）,0,0,sii,https://mopsov.twse.com.tw/mops/web/ajax_t163sb05
中游,伺服器滑軌與機殼,2059,川湖,2014,2,balance_sheet,每股參考淨值,62.21,62.21,sii,https://mopsov.twse.com.tw/mops/web/ajax_t163sb05
中游,伺服器滑軌與機殼,8210,勤誠,2014,2,balance_sheet,流動資產,3154177,"3,154,177",sii,https://mopsov.twse.com.tw/mops/web/ajax_t163sb05
中游,伺服器滑軌與機殼,8210,勤誠,2014,2,balance_sheet,非流動資產,1387261,"1,387,261",sii,https://mopsov.twse.com.tw/mops/web/ajax_t163sb05
中游,伺服器滑軌與機殼,8210,勤誠,2014,2,balance_sheet,資產總額,4541438,"4,541,438",sii,https://mopsov.twse.com.tw/mops/web/ajax_t163sb05
中游,伺服器滑軌與機殼,8210,勤誠,2014,2,balance_sheet,流動負債,1987689,"1,987,689",sii,https://mopsov.twse.com.tw/mops/web/ajax_t163sb05
中游,伺服器滑軌與機殼,8210,勤誠,2014,2,balance_sheet,非流動負債,249873,"249,873",sii,https://mopsov.twse.com.tw/mops/web/ajax_t163sb05
中游,伺服器滑軌與機殼,8210,勤誠,2014,2,balance_sheet,負債總額,2237562,"2,237,562",sii,https://mopsov.twse.com.tw/mops/web/ajax_t163sb05
中游,伺服器滑軌與機殼,8210,勤誠,2014,2,balance_sheet,股本,1201260,"1,201,260",sii,https://mopsov.twse.com.tw/mops/web/ajax_t163sb05
中游,伺服器滑軌與機殼,8210,勤誠,2014,2,balance_sheet,資本公積,56749,"56,749",sii,https://mopsov.twse.com.tw/mops/web/ajax_t163sb05
中游,伺服器滑軌與機殼,8210,勤誠,2014,2,balance_sheet,保留盈餘,1054315,"1,054,315",sii,https://mopsov.twse.com.tw/mops/web/ajax_t163sb05
中游,伺服器滑軌與機殼,8210,勤誠,2014,2,balance_sheet,其他權益,4092,"4,092",sii,https://mopsov.twse.com.tw/mops/web/ajax_t163sb05
中游,伺服器滑軌與機殼,8210,勤誠,2014,2,balance_sheet,庫藏股票,-12540,"-12,540",sii,https://mopsov.twse.com.tw/mops/web/ajax_t163sb05
中游,伺服器滑軌與機殼,8210,勤誠,2014,2,balance_sheet,歸屬於母公司業主之權益合計,2303876,"2,303,876",sii,https://mopsov.twse.com.tw/mops/web/ajax_t163sb05
中游,伺服器滑軌與機殼,8210,勤誠,2014,2,balance_sheet,共同控制下前手權益,,--,sii,https://mopsov.twse.com.tw/mops/web/ajax_t163sb05
中游,伺服器滑軌與機殼,8210,勤誠,2014,2,balance_sheet,合併前非屬共同控制股權,,--,sii,https://mopsov.twse.com.tw/mops/web/ajax_t163sb05
中游,伺服器滑軌與機殼,8210,勤誠,2014,2,balance_sheet,非控制權益,,--,sii,https://mopsov.twse.com.tw/mops/web/ajax_t163sb05
中游,伺服器滑軌與機殼,8210,勤誠,2014,2,balance_sheet,權益總額,2303876,"2,303,876",sii,https://mopsov.twse.com.tw/mops/web/ajax_t163sb05
中游,伺服器滑軌與機殼,8210,勤誠,2014,2,balance_sheet,待註銷股本股數（單位：股）,0,0,sii,https://mopsov.twse.com.tw/mops/web/ajax_t163sb05
中游,伺服器滑軌與機殼,8210,勤誠,2014,2,balance_sheet,預收股款（權益項下）之約當發行股數（單位：股）,0,0,sii,https://mopsov.twse.com.tw/mops/web/ajax_t163sb05
中游,伺服器滑軌與機殼,8210,勤誠,2014,2,balance_sheet,母公司暨子公司所持有之母公司庫藏股股數（單位：股）,400000,"400,000",sii,https://mopsov.twse.com.tw/mops/web/ajax_t163sb05
中游,伺服器滑軌與機殼,8210,勤誠,2014,2,balance_sheet,每股參考淨值,19.24,19.24,sii,https://mopsov.twse.com.tw/mops/web/ajax_t163sb05
中游,伺服器滑軌與機殼,2059,川湖,2014,2,cash_flow,營業活動之淨現金流入（流出）,769890,"769,890",sii,https://mopsov.twse.com.tw/mops/web/ajax_t163sb20
中游,伺服器滑軌與機殼,2059,川湖,2014,2,cash_flow,投資活動之淨現金流入（流出）,-58217,"-58,217",sii,https://mopsov.twse.com.tw/mops/web/ajax_t163sb20
中游,伺服器滑軌與機殼,2059,川湖,2014,2,cash_flow,籌資活動之淨現金流入（流出）,-30000,"-30,000",sii,https://mopsov.twse.com.tw/mops/web/ajax_t163sb20
中游,伺服器滑軌與機殼,2059,川湖,2014,2,cash_flow,匯率變動對現金及約當現金之影響,-209,-209,sii,https://mopsov.twse.com.tw/mops/web/ajax_t163sb20
中游,伺服器滑軌與機殼,2059,川湖,2014,2,cash_flow,本期現金及約當現金增加（減少）數,681464,"681,464",sii,https://mopsov.twse.com.tw/mops/web/ajax_t163sb20
中游,伺服器滑軌與機殼,2059,川湖,2014,2,cash_flow,期初現金及約當現金餘額,4360812,"4,360,812",sii,https://mopsov.twse.com.tw/mops/web/ajax_t163sb20
中游,伺服器滑軌與機殼,2059,川湖,2014,2,cash_flow,期末現金及約當現金餘額,5042276,"5,042,276",sii,https://mopsov.twse.com.tw/mops/web/ajax_t163sb20
中游,伺服器滑軌與機殼,8210,勤誠,2014,2,cash_flow,營業活動之淨現金流入（流出）,256178,"256,178",sii,https://mopsov.twse.com.tw/mops/web/ajax_t163sb20
中游,伺服器滑軌與機殼,8210,勤誠,2014,2,cash_flow,投資活動之淨現金流入（流出）,-59464,"-59,464",sii,https://mopsov.twse.com.tw/mops/web/ajax_t163sb20
中游,伺服器滑軌與機殼,8210,勤誠,2014,2,cash_flow,籌資活動之淨現金流入（流出）,63303,"63,303",sii,https://mopsov.twse.com.tw/mops/web/ajax_t163sb20
中游,伺服器滑軌與機殼,8210,勤誠,2014,2,cash_flow,匯率變動對現金及約當現金之影響,-19215,"-19,215",sii,https://mopsov.twse.com.tw/mops/web/ajax_t163sb20
中游,伺服器滑軌與機殼,8210,勤誠,2014,2,cash_flow,本期現金及約當現金增加（減少）數,240802,"240,802",sii,https://mopsov.twse.com.tw/mops/web/ajax_t163sb20
中游,伺服器滑軌與機殼,8210,勤誠,2014,2,cash_flow,期初現金及約當現金餘額,1412215,"1,412,215",sii,https://mopsov.twse.com.tw/mops/web/ajax_t163sb20
中游,伺服器滑軌與機殼,8210,勤誠,2014,2,cash_flow,期末現金及約當現金餘額,1653017,"1,653,017",sii,https://mopsov.twse.com.tw/mops/web/ajax_t163sb20
中游,伺服器滑軌與機殼,2059,川湖,2014,3,income_statement,營業收入,3076383,"3,076,383",sii,https://mopsov.twse.com.tw/mops/web/ajax_t163sb04
中游,伺服器滑軌與機殼,2059,川湖,2014,3,income_statement,營業成本,1403621,"1,403,621",sii,https://mopsov.twse.com.tw/mops/web/ajax_t163sb04
中游,伺服器滑軌與機殼,2059,川湖,2014,3,income_statement,營業毛利（毛損）,1672762,"1,672,762",sii,https://mopsov.twse.com.tw/mops/web/ajax_t163sb04
中游,伺服器滑軌與機殼,2059,川湖,2014,3,income_statement,未實現銷貨（損）益,,--,sii,https://mopsov.twse.com.tw/mops/web/ajax_t163sb04
中游,伺服器滑軌與機殼,2059,川湖,2014,3,income_statement,已實現銷貨（損）益,,--,sii,https://mopsov.twse.com.tw/mops/web/ajax_t163sb04
中游,伺服器滑軌與機殼,2059,川湖,2014,3,income_statement,營業毛利（毛損）淨額,1672762,"1,672,762",sii,https://mopsov.twse.com.tw/mops/web/ajax_t163sb04
中游,伺服器滑軌與機殼,2059,川湖,2014,3,income_statement,營業費用,408072,"408,072",sii,https://mopsov.twse.com.tw/mops/web/ajax_t163sb04
中游,伺服器滑軌與機殼,2059,川湖,2014,3,income_statement,其他收益及費損淨額,,--,sii,https://mopsov.twse.com.tw/mops/web/ajax_t163sb04
中游,伺服器滑軌與機殼,2059,川湖,2014,3,income_statement,營業利益（損失）,1264690,"1,264,690",sii,https://mopsov.twse.com.tw/mops/web/ajax_t163sb04
中游,伺服器滑軌與機殼,2059,川湖,2014,3,income_statement,營業外收入及支出,162821,"162,821",sii,https://mopsov.twse.com.tw/mops/web/ajax_t163sb04
中游,伺服器滑軌與機殼,2059,川湖,2014,3,income_statement,稅前淨利（淨損）,1427511,"1,427,511",sii,https://mopsov.twse.com.tw/mops/web/ajax_t163sb04
中游,伺服器滑軌與機殼,2059,川湖,2014,3,income_statement,所得稅費用（利益）,253502,"253,502",sii,https://mopsov.twse.com.tw/mops/web/ajax_t163sb04
中游,伺服器滑軌與機殼,2059,川湖,2014,3,income_statement,繼續營業單位本期淨利（淨損）,1174009,"1,174,009",sii,https://mopsov.twse.com.tw/mops/web/ajax_t163sb04
中游,伺服器滑軌與機殼,2059,川湖,2014,3,income_statement,停業單位損益,,--,sii,https://mopsov.twse.com.tw/mops/web/ajax_t163sb04
中游,伺服器滑軌與機殼,2059,川湖,2014,3,income_statement,合併前非屬共同控制股權損益,,--,sii,https://mopsov.twse.com.tw/mops/web/ajax_t163sb04
中游,伺服器滑軌與機殼,2059,川湖,2014,3,income_statement,本期淨利（淨損）,1174009,"1,174,009",sii,https://mopsov.twse.com.tw/mops/web/ajax_t163sb04
中游,伺服器滑軌與機殼,2059,川湖,2014,3,income_statement,其他綜合損益（淨額）,1683,"1,683",sii,https://mopsov.twse.com.tw/mops/web/ajax_t163sb04
中游,伺服器滑軌與機殼,2059,川湖,2014,3,income_statement,合併前非屬共同控制股權綜合損益淨額,,--,sii,https://mopsov.twse.com.tw/mops/web/ajax_t163sb04
中游,伺服器滑軌與機殼,2059,川湖,2014,3,income_statement,本期綜合損益總額,1175692,"1,175,692",sii,https://mopsov.twse.com.tw/mops/web/ajax_t163sb04
中游,伺服器滑軌與機殼,2059,川湖,2014,3,income_statement,淨利（淨損）歸屬於母公司業主,1174009,"1,174,009",sii,https://mopsov.twse.com.tw/mops/web/ajax_t163sb04
中游,伺服器滑軌與機殼,2059,川湖,2014,3,income_statement,淨利（淨損）歸屬於共同控制下前手權益,,--,sii,https://mopsov.twse.com.tw/mops/web/ajax_t163sb04
中游,伺服器滑軌與機殼,2059,川湖,2014,3,income_statement,淨利（淨損）歸屬於非控制權益,,--,sii,https://mopsov.twse.com.tw/mops/web/ajax_t163sb04
中游,伺服器滑軌與機殼,2059,川湖,2014,3,income_statement,綜合損益總額歸屬於母公司業主,1175692,"1,175,692",sii,https://mopsov.twse.com.tw/mops/web/ajax_t163sb04
中游,伺服器滑軌與機殼,2059,川湖,2014,3,income_statement,綜合損益總額歸屬於共同控制下前手權益,,--,sii,https://mopsov.twse.com.tw/mops/web/ajax_t163sb04
中游,伺服器滑軌與機殼,2059,川湖,2014,3,income_statement,綜合損益總額歸屬於非控制權益,,--,sii,https://mopsov.twse.com.tw/mops/web/ajax_t163sb04
中游,伺服器滑軌與機殼,2059,川湖,2014,3,income_statement,基本每股盈餘（元）,12.32,12.32,sii,https://mopsov.twse.com.tw/mops/web/ajax_t163sb04
中游,伺服器滑軌與機殼,8210,勤誠,2014,3,income_statement,營業收入,3228640,"3,228,640",sii,https://mopsov.twse.com.tw/mops/web/ajax_t163sb04
中游,伺服器滑軌與機殼,8210,勤誠,2014,3,income_statement,營業成本,2215957,"2,215,957",sii,https://mopsov.twse.com.tw/mops/web/ajax_t163sb04
中游,伺服器滑軌與機殼,8210,勤誠,2014,3,income_statement,營業毛利（毛損）,1012683,"1,012,683",sii,https://mopsov.twse.com.tw/mops/web/ajax_t163sb04
中游,伺服器滑軌與機殼,8210,勤誠,2014,3,income_statement,未實現銷貨（損）益,,--,sii,https://mopsov.twse.com.tw/mops/web/ajax_t163sb04
中游,伺服器滑軌與機殼,8210,勤誠,2014,3,income_statement,已實現銷貨（損）益,,--,sii,https://mopsov.twse.com.tw/mops/web/ajax_t163sb04
中游,伺服器滑軌與機殼,8210,勤誠,2014,3,income_statement,營業毛利（毛損）淨額,1012683,"1,012,683",sii,https://mopsov.twse.com.tw/mops/web/ajax_t163sb04
中游,伺服器滑軌與機殼,8210,勤誠,2014,3,income_statement,營業費用,510904,"510,904",sii,https://mopsov.twse.com.tw/mops/web/ajax_t163sb04
中游,伺服器滑軌與機殼,8210,勤誠,2014,3,income_statement,其他收益及費損淨額,,--,sii,https://mopsov.twse.com.tw/mops/web/ajax_t163sb04
中游,伺服器滑軌與機殼,8210,勤誠,2014,3,income_statement,營業利益（損失）,501779,"501,779",sii,https://mopsov.twse.com.tw/mops/web/ajax_t163sb04
中游,伺服器滑軌與機殼,8210,勤誠,2014,3,income_statement,營業外收入及支出,25647,"25,647",sii,https://mopsov.twse.com.tw/mops/web/ajax_t163sb04
中游,伺服器滑軌與機殼,8210,勤誠,2014,3,income_statement,稅前淨利（淨損）,527426,"527,426",sii,https://mopsov.twse.com.tw/mops/web/ajax_t163sb04
中游,伺服器滑軌與機殼,8210,勤誠,2014,3,income_statement,所得稅費用（利益）,101004,"101,004",sii,https://mopsov.twse.com.tw/mops/web/ajax_t163sb04
中游,伺服器滑軌與機殼,8210,勤誠,2014,3,income_statement,繼續營業單位本期淨利（淨損）,426422,"426,422",sii,https://mopsov.twse.com.tw/mops/web/ajax_t163sb04
中游,伺服器滑軌與機殼,8210,勤誠,2014,3,income_statement,停業單位損益,,--,sii,https://mopsov.twse.com.tw/mops/web/ajax_t163sb04
中游,伺服器滑軌與機殼,8210,勤誠,2014,3,income_statement,合併前非屬共同控制股權損益,,--,sii,https://mopsov.twse.com.tw/mops/web/ajax_t163sb04
中游,伺服器滑軌與機殼,8210,勤誠,2014,3,income_statement,本期淨利（淨損）,426422,"426,422",sii,https://mopsov.twse.com.tw/mops/web/ajax_t163sb04
中游,伺服器滑軌與機殼,8210,勤誠,2014,3,income_statement,其他綜合損益（淨額）,364,364,sii,https://mopsov.twse.com.tw/mops/web/ajax_t163sb04
中游,伺服器滑軌與機殼,8210,勤誠,2014,3,income_statement,合併前非屬共同控制股權綜合損益淨額,,--,sii,https://mopsov.twse.com.tw/mops/web/ajax_t163sb04
中游,伺服器滑軌與機殼,8210,勤誠,2014,3,income_statement,本期綜合損益總額,426786,"426,786",sii,https://mopsov.twse.com.tw/mops/web/ajax_t163sb04
中游,伺服器滑軌與機殼,8210,勤誠,2014,3,income_statement,淨利（淨損）歸屬於母公司業主,426422,"426,422",sii,https://mopsov.twse.com.tw/mops/web/ajax_t163sb04
中游,伺服器滑軌與機殼,8210,勤誠,2014,3,income_statement,淨利（淨損）歸屬於共同控制下前手權益,,--,sii,https://mopsov.twse.com.tw/mops/web/ajax_t163sb04
中游,伺服器滑軌與機殼,8210,勤誠,2014,3,income_statement,淨利（淨損）歸屬於非控制權益,,--,sii,https://mopsov.twse.com.tw/mops/web/ajax_t163sb04
中游,伺服器滑軌與機殼,8210,勤誠,2014,3,income_statement,綜合損益總額歸屬於母公司業主,426786,"426,786",sii,https://mopsov.twse.com.tw/mops/web/ajax_t163sb04
中游,伺服器滑軌與機殼,8210,勤誠,2014,3,income_statement,綜合損益總額歸屬於共同控制下前手權益,,--,sii,https://mopsov.twse.com.tw/mops/web/ajax_t163sb04
中游,伺服器滑軌與機殼,8210,勤誠,2014,3,income_statement,綜合損益總額歸屬於非控制權益,,--,sii,https://mopsov.twse.com.tw/mops/web/ajax_t163sb04
中游,伺服器滑軌與機殼,8210,勤誠,2014,3,income_statement,基本每股盈餘（元）,3.56,3.56,sii,https://mopsov.twse.com.tw/mops/web/ajax_t163sb04
中游,伺服器滑軌與機殼,2059,川湖,2014,3,balance_sheet,流動資產,6049496,"6,049,496",sii,https://mopsov.twse.com.tw/mops/web/ajax_t163sb05
中游,伺服器滑軌與機殼,2059,川湖,2014,3,balance_sheet,非流動資產,1562727,"1,562,727",sii,https://mopsov.twse.com.tw/mops/web/ajax_t163sb05
中游,伺服器滑軌與機殼,2059,川湖,2014,3,balance_sheet,資產總額,7612223,"7,612,223",sii,https://mopsov.twse.com.tw/mops/web/ajax_t163sb05
中游,伺服器滑軌與機殼,2059,川湖,2014,3,balance_sheet,流動負債,855428,"855,428",sii,https://mopsov.twse.com.tw/mops/web/ajax_t163sb05
中游,伺服器滑軌與機殼,2059,川湖,2014,3,balance_sheet,非流動負債,387943,"387,943",sii,https://mopsov.twse.com.tw/mops/web/ajax_t163sb05
中游,伺服器滑軌與機殼,2059,川湖,2014,3,balance_sheet,負債總額,1243371,"1,243,371",sii,https://mopsov.twse.com.tw/mops/web/ajax_t163sb05
中游,伺服器滑軌與機殼,2059,川湖,2014,3,balance_sheet,股本,952971,"952,971",sii,https://mopsov.twse.com.tw/mops/web/ajax_t163sb05
中游,伺服器滑軌與機殼,2059,川湖,2014,3,balance_sheet,資本公積,796691,"796,691",sii,https://mopsov.twse.com.tw/mops/web/ajax_t163sb05
中游,伺服器滑軌與機殼,2059,川湖,2014,3,balance_sheet,保留盈餘,4613517,"4,613,517",sii,https://mopsov.twse.com.tw/mops/web/ajax_t163sb05
中游,伺服器滑軌與機殼,2059,川湖,2014,3,balance_sheet,其他權益,5673,"5,673",sii,https://mopsov.twse.com.tw/mops/web/ajax_t163sb05
中游,伺服器滑軌與機殼,2059,川湖,2014,3,balance_sheet,庫藏股票,0,0,sii,https://mopsov.twse.com.tw/mops/web/ajax_t163sb05
中游,伺服器滑軌與機殼,2059,川湖,2014,3,balance_sheet,歸屬於母公司業主之權益合計,6368852,"6,368,852",sii,https://mopsov.twse.com.tw/mops/web/ajax_t163sb05
中游,伺服器滑軌與機殼,2059,川湖,2014,3,balance_sheet,共同控制下前手權益,,--,sii,https://mopsov.twse.com.tw/mops/web/ajax_t163sb05
中游,伺服器滑軌與機殼,2059,川湖,2014,3,balance_sheet,合併前非屬共同控制股權,,--,sii,https://mopsov.twse.com.tw/mops/web/ajax_t163sb05
中游,伺服器滑軌與機殼,2059,川湖,2014,3,balance_sheet,非控制權益,0,0,sii,https://mopsov.twse.com.tw/mops/web/ajax_t163sb05
中游,伺服器滑軌與機殼,2059,川湖,2014,3,balance_sheet,權益總額,6368852,"6,368,852",sii,https://mopsov.twse.com.tw/mops/web/ajax_t163sb05
中游,伺服器滑軌與機殼,2059,川湖,2014,3,balance_sheet,待註銷股本股數（單位：股）,0,0,sii,https://mopsov.twse.com.tw/mops/web/ajax_t163sb05
中游,伺服器滑軌與機殼,2059,川湖,2014,3,balance_sheet,預收股款（權益項下）之約當發行股數（單位：股）,0,0,sii,https://mopsov.twse.com.tw/mops/web/ajax_t163sb05
中游,伺服器滑軌與機殼,2059,川湖,2014,3,balance_sheet,母公司暨子公司所持有之母公司庫藏股股數（單位：股）,0,0,sii,https://mopsov.twse.com.tw/mops/web/ajax_t163sb05
中游,伺服器滑軌與機殼,2059,川湖,2014,3,balance_sheet,每股參考淨值,66.83,66.83,sii,https://mopsov.twse.com.tw/mops/web/ajax_t163sb05
中游,伺服器滑軌與機殼,8210,勤誠,2014,3,balance_sheet,流動資產,2959761,"2,959,761",sii,https://mopsov.twse.com.tw/mops/web/ajax_t163sb05
中游,伺服器滑軌與機殼,8210,勤誠,2014,3,balance_sheet,非流動資產,1407554,"1,407,554",sii,https://mopsov.twse.com.tw/mops/web/ajax_t163sb05
中游,伺服器滑軌與機殼,8210,勤誠,2014,3,balance_sheet,資產總額,4367315,"4,367,315",sii,https://mopsov.twse.com.tw/mops/web/ajax_t163sb05
中游,伺服器滑軌與機殼,8210,勤誠,2014,3,balance_sheet,流動負債,1669081,"1,669,081",sii,https://mopsov.twse.com.tw/mops/web/ajax_t163sb05
中游,伺服器滑軌與機殼,8210,勤誠,2014,3,balance_sheet,非流動負債,263389,"263,389",sii,https://mopsov.twse.com.tw/mops/web/ajax_t163sb05
中游,伺服器滑軌與機殼,8210,勤誠,2014,3,balance_sheet,負債總額,1932470,"1,932,470",sii,https://mopsov.twse.com.tw/mops/web/ajax_t163sb05
中游,伺服器滑軌與機殼,8210,勤誠,2014,3,balance_sheet,股本,1201260,"1,201,260",sii,https://mopsov.twse.com.tw/mops/web/ajax_t163sb05
中游,伺服器滑軌與機殼,8210,勤誠,2014,3,balance_sheet,資本公積,56749,"56,749",sii,https://mopsov.twse.com.tw/mops/web/ajax_t163sb05
中游,伺服器滑軌與機殼,8210,勤誠,2014,3,balance_sheet,保留盈餘,1149785,"1,149,785",sii,https://mopsov.twse.com.tw/mops/web/ajax_t163sb05
中游,伺服器滑軌與機殼,8210,勤誠,2014,3,balance_sheet,其他權益,39591,"39,591",sii,https://mopsov.twse.com.tw/mops/web/ajax_t163sb05
中游,伺服器滑軌與機殼,8210,勤誠,2014,3,balance_sheet,庫藏股票,-12540,"-12,540",sii,https://mopsov.twse.com.tw/mops/web/ajax_t163sb05
中游,伺服器滑軌與機殼,8210,勤誠,2014,3,balance_sheet,歸屬於母公司業主之權益合計,2434845,"2,434,845",sii,https://mopsov.twse.com.tw/mops/web/ajax_t163sb05
中游,伺服器滑軌與機殼,8210,勤誠,2014,3,balance_sheet,共同控制下前手權益,,--,sii,https://mopsov.twse.com.tw/mops/web/ajax_t163sb05
中游,伺服器滑軌與機殼,8210,勤誠,2014,3,balance_sheet,合併前非屬共同控制股權,,--,sii,https://mopsov.twse.com.tw/mops/web/ajax_t163sb05
中游,伺服器滑軌與機殼,8210,勤誠,2014,3,balance_sheet,非控制權益,,--,sii,https://mopsov.twse.com.tw/mops/web/ajax_t163sb05
中游,伺服器滑軌與機殼,8210,勤誠,2014,3,balance_sheet,權益總額,2434845,"2,434,845",sii,https://mopsov.twse.com.tw/mops/web/ajax_t163sb05
中游,伺服器滑軌與機殼,8210,勤誠,2014,3,balance_sheet,待註銷股本股數（單位：股）,0,0,sii,https://mopsov.twse.com.tw/mops/web/ajax_t163sb05
中游,伺服器滑軌與機殼,8210,勤誠,2014,3,balance_sheet,預收股款（權益項下）之約當發行股數（單位：股）,0,0,sii,https://mopsov.twse.com.tw/mops/web/ajax_t163sb05
中游,伺服器滑軌與機殼,8210,勤誠,2014,3,balance_sheet,母公司暨子公司所持有之母公司庫藏股股數（單位：股）,400000,"400,000",sii,https://mopsov.twse.com.tw/mops/web/ajax_t163sb05
中游,伺服器滑軌與機殼,8210,勤誠,2014,3,balance_sheet,每股參考淨值,20.34,20.34,sii,https://mopsov.twse.com.tw/mops/web/ajax_t163sb05
中游,伺服器滑軌與機殼,2059,川湖,2014,3,cash_flow,營業活動之淨現金流入（流出）,1266291,"1,266,291",sii,https://mopsov.twse.com.tw/mops/web/ajax_t163sb20
中游,伺服器滑軌與機殼,2059,川湖,2014,3,cash_flow,投資活動之淨現金流入（流出）,-89260,"-89,260",sii,https://mopsov.twse.com.tw/mops/web/ajax_t163sb20
中游,伺服器滑軌與機殼,2059,川湖,2014,3,cash_flow,籌資活動之淨現金流入（流出）,-774728,"-774,728",sii,https://mopsov.twse.com.tw/mops/web/ajax_t163sb20
中游,伺服器滑軌與機殼,2059,川湖,2014,3,cash_flow,匯率變動對現金及約當現金之影響,291,291,sii,https://mopsov.twse.com.tw/mops/web/ajax_t163sb20
中游,伺服器滑軌與機殼,2059,川湖,2014,3,cash_flow,本期現金及約當現金增加（減少）數,402594,"402,594",sii,https://mopsov.twse.com.tw/mops/web/ajax_t163sb20
中游,伺服器滑軌與機殼,2059,川湖,2014,3,cash_flow,期初現金及約當現金餘額,4360812,"4,360,812",sii,https://mopsov.twse.com.tw/mops/web/ajax_t163sb20
中游,伺服器滑軌與機殼,2059,川湖,2014,3,cash_flow,期末現金及約當現金餘額,4763406,"4,763,406",sii,https://mopsov.twse.com.tw/mops/web/ajax_t163sb20
中游,伺服器滑軌與機殼,8210,勤誠,2014,3,cash_flow,營業活動之淨現金流入（流出）,286055,"286,055",sii,https://mopsov.twse.com.tw/mops/web/ajax_t163sb20
中游,伺服器滑軌與機殼,8210,勤誠,2014,3,cash_flow,投資活動之淨現金流入（流出）,-98889,"-98,889",sii,https://mopsov.twse.com.tw/mops/web/ajax_t163sb20
中游,伺服器滑軌與機殼,8210,勤誠,2014,3,cash_flow,籌資活動之淨現金流入（流出）,2791,"2,791",sii,https://mopsov.twse.com.tw/mops/web/ajax_t163sb20
中游,伺服器滑軌與機殼,8210,勤誠,2014,3,cash_flow,匯率變動對現金及約當現金之影響,3500,"3,500",sii,https://mopsov.twse.com.tw/mops/web/ajax_t163sb20
中游,伺服器滑軌與機殼,8210,勤誠,2014,3,cash_flow,本期現金及約當現金增加（減少）數,193457,"193,457",sii,https://mopsov.twse.com.tw/mops/web/ajax_t163sb20
中游,伺服器滑軌與機殼,8210,勤誠,2014,3,cash_flow,期初現金及約當現金餘額,1412215,"1,412,215",sii,https://mopsov.twse.com.tw/mops/web/ajax_t163sb20
中游,伺服器滑軌與機殼,8210,勤誠,2014,3,cash_flow,期末現金及約當現金餘額,1605672,"1,605,672",sii,https://mopsov.twse.com.tw/mops/web/ajax_t163sb20
中游,伺服器滑軌與機殼,2059,川湖,2014,4,income_statement,營業收入,4282201,"4,282,201",sii,https://mopsov.twse.com.tw/mops/web/ajax_t163sb04
中游,伺服器滑軌與機殼,2059,川湖,2014,4,income_statement,營業成本,1933034,"1,933,034",sii,https://mopsov.twse.com.tw/mops/web/ajax_t163sb04
中游,伺服器滑軌與機殼,2059,川湖,2014,4,income_statement,營業毛利（毛損）,2349167,"2,349,167",sii,https://mopsov.twse.com.tw/mops/web/ajax_t163sb04
中游,伺服器滑軌與機殼,2059,川湖,2014,4,income_statement,未實現銷貨（損）益,,--,sii,https://mopsov.twse.com.tw/mops/web/ajax_t163sb04
中游,伺服器滑軌與機殼,2059,川湖,2014,4,income_statement,已實現銷貨（損）益,,--,sii,https://mopsov.twse.com.tw/mops/web/ajax_t163sb04
中游,伺服器滑軌與機殼,2059,川湖,2014,4,income_statement,營業毛利（毛損）淨額,2349167,"2,349,167",sii,https://mopsov.twse.com.tw/mops/web/ajax_t163sb04
中游,伺服器滑軌與機殼,2059,川湖,2014,4,income_statement,營業費用,550420,"550,420",sii,https://mopsov.twse.com.tw/mops/web/ajax_t163sb04
中游,伺服器滑軌與機殼,2059,川湖,2014,4,income_statement,其他收益及費損淨額,,--,sii,https://mopsov.twse.com.tw/mops/web/ajax_t163sb04
中游,伺服器滑軌與機殼,2059,川湖,2014,4,income_statement,營業利益（損失）,1798747,"1,798,747",sii,https://mopsov.twse.com.tw/mops/web/ajax_t163sb04
中游,伺服器滑軌與機殼,2059,川湖,2014,4,income_statement,營業外收入及支出,362077,"362,077",sii,https://mopsov.twse.com.tw/mops/web/ajax_t163sb04
中游,伺服器滑軌與機殼,2059,川湖,2014,4,income_statement,稅前淨利（淨損）,2160824,"2,160,824",sii,https://mopsov.twse.com.tw/mops/web/ajax_t163sb04
中游,伺服器滑軌與機殼,2059,川湖,2014,4,income_statement,所得稅費用（利益）,352028,"352,028",sii,https://mopsov.twse.com.tw/mops/web/ajax_t163sb04
中游,伺服器滑軌與機殼,2059,川湖,2014,4,income_statement,繼續營業單位本期淨利（淨損）,1808796,"1,808,796",sii,https://mopsov.twse.com.tw/mops/web/ajax_t163sb04
中游,伺服器滑軌與機殼,2059,川湖,2014,4,income_statement,停業單位損益,,--,sii,https://mopsov.twse.com.tw/mops/web/ajax_t163sb04
中游,伺服器滑軌與機殼,2059,川湖,2014,4,income_statement,合併前非屬共同控制股權損益,,--,sii,https://mopsov.twse.com.tw/mops/web/ajax_t163sb04
中游,伺服器滑軌與機殼,2059,川湖,2014,4,income_statement,本期淨利（淨損）,1808796,"1,808,796",sii,https://mopsov.twse.com.tw/mops/web/ajax_t163sb04
中游,伺服器滑軌與機殼,2059,川湖,2014,4,income_statement,其他綜合損益（淨額）,6413,"6,413",sii,https://mopsov.twse.com.tw/mops/web/ajax_t163sb04
中游,伺服器滑軌與機殼,2059,川湖,2014,4,income_statement,合併前非屬共同控制股權綜合損益淨額,,--,sii,https://mopsov.twse.com.tw/mops/web/ajax_t163sb04
中游,伺服器滑軌與機殼,2059,川湖,2014,4,income_statement,本期綜合損益總額,1815209,"1,815,209",sii,https://mopsov.twse.com.tw/mops/web/ajax_t163sb04
中游,伺服器滑軌與機殼,2059,川湖,2014,4,income_statement,淨利（淨損）歸屬於母公司業主,1808796,"1,808,796",sii,https://mopsov.twse.com.tw/mops/web/ajax_t163sb04
中游,伺服器滑軌與機殼,2059,川湖,2014,4,income_statement,淨利（淨損）歸屬於共同控制下前手權益,,--,sii,https://mopsov.twse.com.tw/mops/web/ajax_t163sb04
中游,伺服器滑軌與機殼,2059,川湖,2014,4,income_statement,淨利（淨損）歸屬於非控制權益,,--,sii,https://mopsov.twse.com.tw/mops/web/ajax_t163sb04
中游,伺服器滑軌與機殼,2059,川湖,2014,4,income_statement,綜合損益總額歸屬於母公司業主,1815209,"1,815,209",sii,https://mopsov.twse.com.tw/mops/web/ajax_t163sb04
中游,伺服器滑軌與機殼,2059,川湖,2014,4,income_statement,綜合損益總額歸屬於共同控制下前手權益,,--,sii,https://mopsov.twse.com.tw/mops/web/ajax_t163sb04
中游,伺服器滑軌與機殼,2059,川湖,2014,4,income_statement,綜合損益總額歸屬於非控制權益,,--,sii,https://mopsov.twse.com.tw/mops/web/ajax_t163sb04
中游,伺服器滑軌與機殼,2059,川湖,2014,4,income_statement,基本每股盈餘（元）,18.98,18.98,sii,https://mopsov.twse.com.tw/mops/web/ajax_t163sb04
中游,伺服器滑軌與機殼,8210,勤誠,2014,4,income_statement,營業收入,4472988,"4,472,988",sii,https://mopsov.twse.com.tw/mops/web/ajax_t163sb04
中游,伺服器滑軌與機殼,8210,勤誠,2014,4,income_statement,營業成本,3109808,"3,109,808",sii,https://mopsov.twse.com.tw/mops/web/ajax_t163sb04
中游,伺服器滑軌與機殼,8210,勤誠,2014,4,income_statement,營業毛利（毛損）,1363180,"1,363,180",sii,https://mopsov.twse.com.tw/mops/web/ajax_t163sb04
中游,伺服器滑軌與機殼,8210,勤誠,2014,4,income_statement,未實現銷貨（損）益,,--,sii,https://mopsov.twse.com.tw/mops/web/ajax_t163sb04
中游,伺服器滑軌與機殼,8210,勤誠,2014,4,income_statement,已實現銷貨（損）益,,--,sii,https://mopsov.twse.com.tw/mops/web/ajax_t163sb04
中游,伺服器滑軌與機殼,8210,勤誠,2014,4,income_statement,營業毛利（毛損）淨額,1363180,"1,363,180",sii,https://mopsov.twse.com.tw/mops/web/ajax_t163sb04
中游,伺服器滑軌與機殼,8210,勤誠,2014,4,income_statement,營業費用,710804,"710,804",sii,https://mopsov.twse.com.tw/mops/web/ajax_t163sb04
中游,伺服器滑軌與機殼,8210,勤誠,2014,4,income_statement,其他收益及費損淨額,,--,sii,https://mopsov.twse.com.tw/mops/web/ajax_t163sb04
中游,伺服器滑軌與機殼,8210,勤誠,2014,4,income_statement,營業利益（損失）,652376,"652,376",sii,https://mopsov.twse.com.tw/mops/web/ajax_t163sb04
中游,伺服器滑軌與機殼,8210,勤誠,2014,4,income_statement,營業外收入及支出,57518,"57,518",sii,https://mopsov.twse.com.tw/mops/web/ajax_t163sb04
中游,伺服器滑軌與機殼,8210,勤誠,2014,4,income_statement,稅前淨利（淨損）,709894,"709,894",sii,https://mopsov.twse.com.tw/mops/web/ajax_t163sb04
中游,伺服器滑軌與機殼,8210,勤誠,2014,4,income_statement,所得稅費用（利益）,168622,"168,622",sii,https://mopsov.twse.com.tw/mops/web/ajax_t163sb04
中游,伺服器滑軌與機殼,8210,勤誠,2014,4,income_statement,繼續營業單位本期淨利（淨損）,541272,"541,272",sii,https://mopsov.twse.com.tw/mops/web/ajax_t163sb04
中游,伺服器滑軌與機殼,8210,勤誠,2014,4,income_statement,停業單位損益,,--,sii,https://mopsov.twse.com.tw/mops/web/ajax_t163sb04
中游,伺服器滑軌與機殼,8210,勤誠,2014,4,income_statement,合併前非屬共同控制股權損益,,--,sii,https://mopsov.twse.com.tw/mops/web/ajax_t163sb04
中游,伺服器滑軌與機殼,8210,勤誠,2014,4,income_statement,本期淨利（淨損）,541272,"541,272",sii,https://mopsov.twse.com.tw/mops/web/ajax_t163sb04
中游,伺服器滑軌與機殼,8210,勤誠,2014,4,income_statement,其他綜合損益（淨額）,49621,"49,621",sii,https://mopsov.twse.com.tw/mops/web/ajax_t163sb04
中游,伺服器滑軌與機殼,8210,勤誠,2014,4,income_statement,合併前非屬共同控制股權綜合損益淨額,,--,sii,https://mopsov.twse.com.tw/mops/web/ajax_t163sb04
中游,伺服器滑軌與機殼,8210,勤誠,2014,4,income_statement,本期綜合損益總額,590893,"590,893",sii,https://mopsov.twse.com.tw/mops/web/ajax_t163sb04
中游,伺服器滑軌與機殼,8210,勤誠,2014,4,income_statement,淨利（淨損）歸屬於母公司業主,541272,"541,272",sii,https://mopsov.twse.com.tw/mops/web/ajax_t163sb04
中游,伺服器滑軌與機殼,8210,勤誠,2014,4,income_statement,淨利（淨損）歸屬於共同控制下前手權益,,--,sii,https://mopsov.twse.com.tw/mops/web/ajax_t163sb04
中游,伺服器滑軌與機殼,8210,勤誠,2014,4,income_statement,淨利（淨損）歸屬於非控制權益,,--,sii,https://mopsov.twse.com.tw/mops/web/ajax_t163sb04
中游,伺服器滑軌與機殼,8210,勤誠,2014,4,income_statement,綜合損益總額歸屬於母公司業主,590893,"590,893",sii,https://mopsov.twse.com.tw/mops/web/ajax_t163sb04
中游,伺服器滑軌與機殼,8210,勤誠,2014,4,income_statement,綜合損益總額歸屬於共同控制下前手權益,,--,sii,https://mopsov.twse.com.tw/mops/web/ajax_t163sb04
中游,伺服器滑軌與機殼,8210,勤誠,2014,4,income_statement,綜合損益總額歸屬於非控制權益,,--,sii,https://mopsov.twse.com.tw/mops/web/ajax_t163sb04
中游,伺服器滑軌與機殼,8210,勤誠,2014,4,income_statement,基本每股盈餘（元）,4.52,4.52,sii,https://mopsov.twse.com.tw/mops/web/ajax_t163sb04
中游,伺服器滑軌與機殼,2059,川湖,2014,4,balance_sheet,流動資產,6872324,"6,872,324",sii,https://mopsov.twse.com.tw/mops/web/ajax_t163sb05
中游,伺服器滑軌與機殼,2059,川湖,2014,4,balance_sheet,非流動資產,1541220,"1,541,220",sii,https://mopsov.twse.com.tw/mops/web/ajax_t163sb05
中游,伺服器滑軌與機殼,2059,川湖,2014,4,balance_sheet,資產總額,8413544,"8,413,544",sii,https://mopsov.twse.com.tw/mops/web/ajax_t163sb05
中游,伺服器滑軌與機殼,2059,川湖,2014,4,balance_sheet,流動負債,992979,"992,979",sii,https://mopsov.twse.com.tw/mops/web/ajax_t163sb05
中游,伺服器滑軌與機殼,2059,川湖,2014,4,balance_sheet,非流動負債,412196,"412,196",sii,https://mopsov.twse.com.tw/mops/web/ajax_t163sb05
中游,伺服器滑軌與機殼,2059,川湖,2014,4,balance_sheet,負債總額,1405175,"1,405,175",sii,https://mopsov.twse.com.tw/mops/web/ajax_t163sb05
中游,伺服器滑軌與機殼,2059,川湖,2014,4,balance_sheet,股本,952971,"952,971",sii,https://mopsov.twse.com.tw/mops/web/ajax_t163sb05
中游,伺服器滑軌與機殼,2059,川湖,2014,4,balance_sheet,資本公積,796691,"796,691",sii,https://mopsov.twse.com.tw/mops/web/ajax_t163sb05
中游,伺服器滑軌與機殼,2059,川湖,2014,4,balance_sheet,保留盈餘,5247170,"5,247,170",sii,https://mopsov.twse.com.tw/mops/web/ajax_t163sb05
中游,伺服器滑軌與機殼,2059,川湖,2014,4,balance_sheet,其他權益,11537,"11,537",sii,https://mopsov.twse.com.tw/mops/web/ajax_t163sb05
中游,伺服器滑軌與機殼,2059,川湖,2014,4,balance_sheet,庫藏股票,0,0,sii,https://mopsov.twse.com.tw/mops/web/ajax_t163sb05
中游,伺服器滑軌與機殼,2059,川湖,2014,4,balance_sheet,歸屬於母公司業主之權益合計,7008369,"7,008,369",sii,https://mopsov.twse.com.tw/mops/web/ajax_t163sb05
中游,伺服器滑軌與機殼,2059,川湖,2014,4,balance_sheet,共同控制下前手權益,,--,sii,https://mopsov.twse.com.tw/mops/web/ajax_t163sb05
中游,伺服器滑軌與機殼,2059,川湖,2014,4,balance_sheet,合併前非屬共同控制股權,,--,sii,https://mopsov.twse.com.tw/mops/web/ajax_t163sb05
中游,伺服器滑軌與機殼,2059,川湖,2014,4,balance_sheet,非控制權益,0,0,sii,https://mopsov.twse.com.tw/mops/web/ajax_t163sb05
中游,伺服器滑軌與機殼,2059,川湖,2014,4,balance_sheet,權益總額,7008369,"7,008,369",sii,https://mopsov.twse.com.tw/mops/web/ajax_t163sb05
中游,伺服器滑軌與機殼,2059,川湖,2014,4,balance_sheet,待註銷股本股數（單位：股）,0,0,sii,https://mopsov.twse.com.tw/mops/web/ajax_t163sb05
中游,伺服器滑軌與機殼,2059,川湖,2014,4,balance_sheet,預收股款（權益項下）之約當發行股數（單位：股）,0,0,sii,https://mopsov.twse.com.tw/mops/web/ajax_t163sb05
中游,伺服器滑軌與機殼,2059,川湖,2014,4,balance_sheet,母公司暨子公司所持有之母公司庫藏股股數（單位：股）,0,0,sii,https://mopsov.twse.com.tw/mops/web/ajax_t163sb05
中游,伺服器滑軌與機殼,2059,川湖,2014,4,balance_sheet,每股參考淨值,73.54,73.54,sii,https://mopsov.twse.com.tw/mops/web/ajax_t163sb05
中游,伺服器滑軌與機殼,8210,勤誠,2014,4,balance_sheet,流動資產,3126564,"3,126,564",sii,https://mopsov.twse.com.tw/mops/web/ajax_t163sb05
中游,伺服器滑軌與機殼,8210,勤誠,2014,4,balance_sheet,非流動資產,1450745,"1,450,745",sii,https://mopsov.twse.com.tw/mops/web/ajax_t163sb05
中游,伺服器滑軌與機殼,8210,勤誠,2014,4,balance_sheet,資產總額,4577309,"4,577,309",sii,https://mopsov.twse.com.tw/mops/web/ajax_t163sb05
中游,伺服器滑軌與機殼,8210,勤誠,2014,4,balance_sheet,流動負債,1715556,"1,715,556",sii,https://mopsov.twse.com.tw/mops/web/ajax_t163sb05
中游,伺服器滑軌與機殼,8210,勤誠,2014,4,balance_sheet,非流動負債,262801,"262,801",sii,https://mopsov.twse.com.tw/mops/web/ajax_t163sb05
中游,伺服器滑軌與機殼,8210,勤誠,2014,4,balance_sheet,負債總額,1978357,"1,978,357",sii,https://mopsov.twse.com.tw/mops/web/ajax_t163sb05
中游,伺服器滑軌與機殼,8210,勤誠,2014,4,balance_sheet,股本,1201260,"1,201,260",sii,https://mopsov.twse.com.tw/mops/web/ajax_t163sb05
中游,伺服器滑軌與機殼,8210,勤誠,2014,4,balance_sheet,資本公積,56749,"56,749",sii,https://mopsov.twse.com.tw/mops/web/ajax_t163sb05
中游,伺服器滑軌與機殼,8210,勤誠,2014,4,balance_sheet,保留盈餘,1264701,"1,264,701",sii,https://mopsov.twse.com.tw/mops/web/ajax_t163sb05
中游,伺服器滑軌與機殼,8210,勤誠,2014,4,balance_sheet,其他權益,88782,"88,782",sii,https://mopsov.twse.com.tw/mops/web/ajax_t163sb05
中游,伺服器滑軌與機殼,8210,勤誠,2014,4,balance_sheet,庫藏股票,-12540,"-12,540",sii,https://mopsov.twse.com.tw/mops/web/ajax_t163sb05
中游,伺服器滑軌與機殼,8210,勤誠,2014,4,balance_sheet,歸屬於母公司業主之權益合計,2598952,"2,598,952",sii,https://mopsov.twse.com.tw/mops/web/ajax_t163sb05
中游,伺服器滑軌與機殼,8210,勤誠,2014,4,balance_sheet,共同控制下前手權益,,--,sii,https://mopsov.twse.com.tw/mops/web/ajax_t163sb05
中游,伺服器滑軌與機殼,8210,勤誠,2014,4,balance_sheet,合併前非屬共同控制股權,,--,sii,https://mopsov.twse.com.tw/mops/web/ajax_t163sb05
中游,伺服器滑軌與機殼,8210,勤誠,2014,4,balance_sheet,非控制權益,,--,sii,https://mopsov.twse.com.tw/mops/web/ajax_t163sb05
中游,伺服器滑軌與機殼,8210,勤誠,2014,4,balance_sheet,權益總額,2598952,"2,598,952",sii,https://mopsov.twse.com.tw/mops/web/ajax_t163sb05
中游,伺服器滑軌與機殼,8210,勤誠,2014,4,balance_sheet,待註銷股本股數（單位：股）,0,0,sii,https://mopsov.twse.com.tw/mops/web/ajax_t163sb05
中游,伺服器滑軌與機殼,8210,勤誠,2014,4,balance_sheet,預收股款（權益項下）之約當發行股數（單位：股）,0,0,sii,https://mopsov.twse.com.tw/mops/web/ajax_t163sb05
中游,伺服器滑軌與機殼,8210,勤誠,2014,4,balance_sheet,母公司暨子公司所持有之母公司庫藏股股數（單位：股）,400000,"400,000",sii,https://mopsov.twse.com.tw/mops/web/ajax_t163sb05
中游,伺服器滑軌與機殼,8210,勤誠,2014,4,balance_sheet,每股參考淨值,21.71,21.71,sii,https://mopsov.twse.com.tw/mops/web/ajax_t163sb05
中游,伺服器滑軌與機殼,2059,川湖,2014,4,cash_flow,營業活動之淨現金流入（流出）,1899440,"1,899,440",sii,https://mopsov.twse.com.tw/mops/web/ajax_t163sb20
中游,伺服器滑軌與機殼,2059,川湖,2014,4,cash_flow,投資活動之淨現金流入（流出）,-90566,"-90,566",sii,https://mopsov.twse.com.tw/mops/web/ajax_t163sb20
中游,伺服器滑軌與機殼,2059,川湖,2014,4,cash_flow,籌資活動之淨現金流入（流出）,-774728,"-774,728",sii,https://mopsov.twse.com.tw/mops/web/ajax_t163sb20
中游,伺服器滑軌與機殼,2059,川湖,2014,4,cash_flow,匯率變動對現金及約當現金之影響,1823,"1,823",sii,https://mopsov.twse.com.tw/mops/web/ajax_t163sb20
中游,伺服器滑軌與機殼,2059,川湖,2014,4,cash_flow,本期現金及約當現金增加（減少）數,1035969,"1,035,969",sii,https://mopsov.twse.com.tw/mops/web/ajax_t163sb20
中游,伺服器滑軌與機殼,2059,川湖,2014,4,cash_flow,期初現金及約當現金餘額,4360812,"4,360,812",sii,https://mopsov.twse.com.tw/mops/web/ajax_t163sb20
中游,伺服器滑軌與機殼,2059,川湖,2014,4,cash_flow,期末現金及約當現金餘額,5396781,"5,396,781",sii,https://mopsov.twse.com.tw/mops/web/ajax_t163sb20
中游,伺服器滑軌與機殼,8210,勤誠,2014,4,cash_flow,營業活動之淨現金流入（流出）,648565,"648,565",sii,https://mopsov.twse.com.tw/mops/web/ajax_t163sb20
中游,伺服器滑軌與機殼,8210,勤誠,2014,4,cash_flow,投資活動之淨現金流入（流出）,-187102,"-187,102",sii,https://mopsov.twse.com.tw/mops/web/ajax_t163sb20
中游,伺服器滑軌與機殼,8210,勤誠,2014,4,cash_flow,籌資活動之淨現金流入（流出）,-283456,"-283,456",sii,https://mopsov.twse.com.tw/mops/web/ajax_t163sb20
中游,伺服器滑軌與機殼,8210,勤誠,2014,4,cash_flow,匯率變動對現金及約當現金之影響,7725,"7,725",sii,https://mopsov.twse.com.tw/mops/web/ajax_t163sb20
中游,伺服器滑軌與機殼,8210,勤誠,2014,4,cash_flow,本期現金及約當現金增加（減少）數,185732,"185,732",sii,https://mopsov.twse.com.tw/mops/web/ajax_t163sb20
中游,伺服器滑軌與機殼,8210,勤誠,2014,4,cash_flow,期初現金及約當現金餘額,1412215,"1,412,215",sii,https://mopsov.twse.com.tw/mops/web/ajax_t163sb20
中游,伺服器滑軌與機殼,8210,勤誠,2014,4,cash_flow,期末現金及約當現金餘額,1597947,"1,597,947",sii,https://mopsov.twse.com.tw/mops/web/ajax_t163sb20
中游,伺服器滑軌與機殼,2059,川湖,2015,1,income_statement,營業收入,1102002,"1,102,002",sii,https://mopsov.twse.com.tw/mops/web/ajax_t163sb04
中游,伺服器滑軌與機殼,2059,川湖,2015,1,income_statement,營業成本,469823,"469,823",sii,https://mopsov.twse.com.tw/mops/web/ajax_t163sb04
中游,伺服器滑軌與機殼,2059,川湖,2015,1,income_statement,營業毛利（毛損）,632179,"632,179",sii,https://mopsov.twse.com.tw/mops/web/ajax_t163sb04
中游,伺服器滑軌與機殼,2059,川湖,2015,1,income_statement,未實現銷貨（損）益,,--,sii,https://mopsov.twse.com.tw/mops/web/ajax_t163sb04
中游,伺服器滑軌與機殼,2059,川湖,2015,1,income_statement,已實現銷貨（損）益,,--,sii,https://mopsov.twse.com.tw/mops/web/ajax_t163sb04
中游,伺服器滑軌與機殼,2059,川湖,2015,1,income_statement,營業毛利（毛損）淨額,632179,"632,179",sii,https://mopsov.twse.com.tw/mops/web/ajax_t163sb04
中游,伺服器滑軌與機殼,2059,川湖,2015,1,income_statement,營業費用,137732,"137,732",sii,https://mopsov.twse.com.tw/mops/web/ajax_t163sb04
中游,伺服器滑軌與機殼,2059,川湖,2015,1,income_statement,其他收益及費損淨額,,--,sii,https://mopsov.twse.com.tw/mops/web/ajax_t163sb04
中游,伺服器滑軌與機殼,2059,川湖,2015,1,income_statement,營業利益（損失）,494447,"494,447",sii,https://mopsov.twse.com.tw/mops/web/ajax_t163sb04
中游,伺服器滑軌與機殼,2059,川湖,2015,1,income_statement,營業外收入及支出,-19207,"-19,207",sii,https://mopsov.twse.com.tw/mops/web/ajax_t163sb04
中游,伺服器滑軌與機殼,2059,川湖,2015,1,income_statement,稅前淨利（淨損）,475240,"475,240",sii,https://mopsov.twse.com.tw/mops/web/ajax_t163sb04
中游,伺服器滑軌與機殼,2059,川湖,2015,1,income_statement,所得稅費用（利益）,79646,"79,646",sii,https://mopsov.twse.com.tw/mops/web/ajax_t163sb04
中游,伺服器滑軌與機殼,2059,川湖,2015,1,income_statement,繼續營業單位本期淨利（淨損）,395594,"395,594",sii,https://mopsov.twse.com.tw/mops/web/ajax_t163sb04
中游,伺服器滑軌與機殼,2059,川湖,2015,1,income_statement,停業單位損益,,--,sii,https://mopsov.twse.com.tw/mops/web/ajax_t163sb04
中游,伺服器滑軌與機殼,2059,川湖,2015,1,income_statement,合併前非屬共同控制股權損益,,--,sii,https://mopsov.twse.com.tw/mops/web/ajax_t163sb04
中游,伺服器滑軌與機殼,2059,川湖,2015,1,income_statement,本期淨利（淨損）,395594,"395,594",sii,https://mopsov.twse.com.tw/mops/web/ajax_t163sb04
中游,伺服器滑軌與機殼,2059,川湖,2015,1,income_statement,其他綜合損益（淨額）,-1496,"-1,496",sii,https://mopsov.twse.com.tw/mops/web/ajax_t163sb04
中游,伺服器滑軌與機殼,2059,川湖,2015,1,income_statement,合併前非屬共同控制股權綜合損益淨額,,--,sii,https://mopsov.twse.com.tw/mops/web/ajax_t163sb04
中游,伺服器滑軌與機殼,2059,川湖,2015,1,income_statement,本期綜合損益總額,394098,"394,098",sii,https://mopsov.twse.com.tw/mops/web/ajax_t163sb04
中游,伺服器滑軌與機殼,2059,川湖,2015,1,income_statement,淨利（淨損）歸屬於母公司業主,395594,"395,594",sii,https://mopsov.twse.com.tw/mops/web/ajax_t163sb04
中游,伺服器滑軌與機殼,2059,川湖,2015,1,income_statement,淨利（淨損）歸屬於共同控制下前手權益,,--,sii,https://mopsov.twse.com.tw/mops/web/ajax_t163sb04
中游,伺服器滑軌與機殼,2059,川湖,2015,1,income_statement,淨利（淨損）歸屬於非控制權益,,--,sii,https://mopsov.twse.com.tw/mops/web/ajax_t163sb04
中游,伺服器滑軌與機殼,2059,川湖,2015,1,income_statement,綜合損益總額歸屬於母公司業主,394098,"394,098",sii,https://mopsov.twse.com.tw/mops/web/ajax_t163sb04
中游,伺服器滑軌與機殼,2059,川湖,2015,1,income_statement,綜合損益總額歸屬於共同控制下前手權益,,--,sii,https://mopsov.twse.com.tw/mops/web/ajax_t163sb04
中游,伺服器滑軌與機殼,2059,川湖,2015,1,income_statement,綜合損益總額歸屬於非控制權益,,--,sii,https://mopsov.twse.com.tw/mops/web/ajax_t163sb04
中游,伺服器滑軌與機殼,2059,川湖,2015,1,income_statement,基本每股盈餘（元）,4.15,4.15,sii,https://mopsov.twse.com.tw/mops/web/ajax_t163sb04
中游,伺服器滑軌與機殼,8210,勤誠,2015,1,income_statement,營業收入,1014992,"1,014,992",sii,https://mopsov.twse.com.tw/mops/web/ajax_t163sb04
中游,伺服器滑軌與機殼,8210,勤誠,2015,1,income_statement,營業成本,722406,"722,406",sii,https://mopsov.twse.com.tw/mops/web/ajax_t163sb04
中游,伺服器滑軌與機殼,8210,勤誠,2015,1,income_statement,營業毛利（毛損）,292586,"292,586",sii,https://mopsov.twse.com.tw/mops/web/ajax_t163sb04
中游,伺服器滑軌與機殼,8210,勤誠,2015,1,income_statement,未實現銷貨（損）益,,--,sii,https://mopsov.twse.com.tw/mops/web/ajax_t163sb04
中游,伺服器滑軌與機殼,8210,勤誠,2015,1,income_statement,已實現銷貨（損）益,,--,sii,https://mopsov.twse.com.tw/mops/web/ajax_t163sb04
中游,伺服器滑軌與機殼,8210,勤誠,2015,1,income_statement,營業毛利（毛損）淨額,292586,"292,586",sii,https://mopsov.twse.com.tw/mops/web/ajax_t163sb04
中游,伺服器滑軌與機殼,8210,勤誠,2015,1,income_statement,營業費用,164460,"164,460",sii,https://mopsov.twse.com.tw/mops/web/ajax_t163sb04
中游,伺服器滑軌與機殼,8210,勤誠,2015,1,income_statement,其他收益及費損淨額,,--,sii,https://mopsov.twse.com.tw/mops/web/ajax_t163sb04
中游,伺服器滑軌與機殼,8210,勤誠,2015,1,income_statement,營業利益（損失）,128126,"128,126",sii,https://mopsov.twse.com.tw/mops/web/ajax_t163sb04
中游,伺服器滑軌與機殼,8210,勤誠,2015,1,income_statement,營業外收入及支出,1818,"1,818",sii,https://mopsov.twse.com.tw/mops/web/ajax_t163sb04
中游,伺服器滑軌與機殼,8210,勤誠,2015,1,income_statement,稅前淨利（淨損）,129944,"129,944",sii,https://mopsov.twse.com.tw/mops/web/ajax_t163sb04
中游,伺服器滑軌與機殼,8210,勤誠,2015,1,income_statement,所得稅費用（利益）,42364,"42,364",sii,https://mopsov.twse.com.tw/mops/web/ajax_t163sb04
中游,伺服器滑軌與機殼,8210,勤誠,2015,1,income_statement,繼續營業單位本期淨利（淨損）,87580,"87,580",sii,https://mopsov.twse.com.tw/mops/web/ajax_t163sb04
中游,伺服器滑軌與機殼,8210,勤誠,2015,1,income_statement,停業單位損益,,--,sii,https://mopsov.twse.com.tw/mops/web/ajax_t163sb04
中游,伺服器滑軌與機殼,8210,勤誠,2015,1,income_statement,合併前非屬共同控制股權損益,,--,sii,https://mopsov.twse.com.tw/mops/web/ajax_t163sb04
中游,伺服器滑軌與機殼,8210,勤誠,2015,1,income_statement,本期淨利（淨損）,87580,"87,580",sii,https://mopsov.twse.com.tw/mops/web/ajax_t163sb04
中游,伺服器滑軌與機殼,8210,勤誠,2015,1,income_statement,其他綜合損益（淨額）,-23254,"-23,254",sii,https://mopsov.twse.com.tw/mops/web/ajax_t163sb04
中游,伺服器滑軌與機殼,8210,勤誠,2015,1,income_statement,合併前非屬共同控制股權綜合損益淨額,,--,sii,https://mopsov.twse.com.tw/mops/web/ajax_t163sb04
中游,伺服器滑軌與機殼,8210,勤誠,2015,1,income_statement,本期綜合損益總額,64326,"64,326",sii,https://mopsov.twse.com.tw/mops/web/ajax_t163sb04
中游,伺服器滑軌與機殼,8210,勤誠,2015,1,income_statement,淨利（淨損）歸屬於母公司業主,87580,"87,580",sii,https://mopsov.twse.com.tw/mops/web/ajax_t163sb04
中游,伺服器滑軌與機殼,8210,勤誠,2015,1,income_statement,淨利（淨損）歸屬於共同控制下前手權益,,--,sii,https://mopsov.twse.com.tw/mops/web/ajax_t163sb04
中游,伺服器滑軌與機殼,8210,勤誠,2015,1,income_statement,淨利（淨損）歸屬於非控制權益,,--,sii,https://mopsov.twse.com.tw/mops/web/ajax_t163sb04
中游,伺服器滑軌與機殼,8210,勤誠,2015,1,income_statement,綜合損益總額歸屬於母公司業主,64326,"64,326",sii,https://mopsov.twse.com.tw/mops/web/ajax_t163sb04
中游,伺服器滑軌與機殼,8210,勤誠,2015,1,income_statement,綜合損益總額歸屬於共同控制下前手權益,,--,sii,https://mopsov.twse.com.tw/mops/web/ajax_t163sb04
中游,伺服器滑軌與機殼,8210,勤誠,2015,1,income_statement,綜合損益總額歸屬於非控制權益,,--,sii,https://mopsov.twse.com.tw/mops/web/ajax_t163sb04
中游,伺服器滑軌與機殼,8210,勤誠,2015,1,income_statement,基本每股盈餘（元）,0.73,0.73,sii,https://mopsov.twse.com.tw/mops/web/ajax_t163sb04
中游,伺服器滑軌與機殼,2059,川湖,2015,1,balance_sheet,流動資產,6905962,"6,905,962",sii,https://mopsov.twse.com.tw/mops/web/ajax_t163sb05
中游,伺服器滑軌與機殼,2059,川湖,2015,1,balance_sheet,非流動資產,1531785,"1,531,785",sii,https://mopsov.twse.com.tw/mops/web/ajax_t163sb05
中游,伺服器滑軌與機殼,2059,川湖,2015,1,balance_sheet,資產總計,8437747,"8,437,747",sii,https://mopsov.twse.com.tw/mops/web/ajax_t163sb05
中游,伺服器滑軌與機殼,2059,川湖,2015,1,balance_sheet,流動負債,924610,"924,610",sii,https://mopsov.twse.com.tw/mops/web/ajax_t163sb05
中游,伺服器滑軌與機殼,2059,川湖,2015,1,balance_sheet,非流動負債,110846,"110,846",sii,https://mopsov.twse.com.tw/mops/web/ajax_t163sb05
中游,伺服器滑軌與機殼,2059,川湖,2015,1,balance_sheet,負債總額,1035456,"1,035,456",sii,https://mopsov.twse.com.tw/mops/web/ajax_t163sb05
中游,伺服器滑軌與機殼,2059,川湖,2015,1,balance_sheet,股本,952971,"952,971",sii,https://mopsov.twse.com.tw/mops/web/ajax_t163sb05
中游,伺服器滑軌與機殼,2059,川湖,2015,1,balance_sheet,資本公積,796691,"796,691",sii,https://mopsov.twse.com.tw/mops/web/ajax_t163sb05
中游,伺服器滑軌與機殼,2059,川湖,2015,1,balance_sheet,保留盈餘,5642588,"5,642,588",sii,https://mopsov.twse.com.tw/mops/web/ajax_t163sb05
中游,伺服器滑軌與機殼,2059,川湖,2015,1,balance_sheet,其他權益,10041,"10,041",sii,https://mopsov.twse.com.tw/mops/web/ajax_t163sb05
中游,伺服器滑軌與機殼,2059,川湖,2015,1,balance_sheet,庫藏股票,0,0,sii,https://mopsov.twse.com.tw/mops/web/ajax_t163sb05
中游,伺服器滑軌與機殼,2059,川湖,2015,1,balance_sheet,歸屬於母公司業主之權益合計,7402291,"7,402,291",sii,https://mopsov.twse.com.tw/mops/web/ajax_t163sb05
中游,伺服器滑軌與機殼,2059,川湖,2015,1,balance_sheet,共同控制下前手權益,,--,sii,https://mopsov.twse.com.tw/mops/web/ajax_t163sb05
中游,伺服器滑軌與機殼,2059,川湖,2015,1,balance_sheet,合併前非屬共同控制股權,,--,sii,https://mopsov.twse.com.tw/mops/web/ajax_t163sb05
中游,伺服器滑軌與機殼,2059,川湖,2015,1,balance_sheet,非控制權益,0,0,sii,https://mopsov.twse.com.tw/mops/web/ajax_t163sb05
中游,伺服器滑軌與機殼,2059,川湖,2015,1,balance_sheet,權益總額,7402291,"7,402,291",sii,https://mopsov.twse.com.tw/mops/web/ajax_t163sb05
中游,伺服器滑軌與機殼,2059,川湖,2015,1,balance_sheet,待註銷股本股數（單位：股）,0,0,sii,https://mopsov.twse.com.tw/mops/web/ajax_t163sb05
中游,伺服器滑軌與機殼,2059,川湖,2015,1,balance_sheet,預收股款（權益項下）之約當發行股數（單位：股）,0,0,sii,https://mopsov.twse.com.tw/mops/web/ajax_t163sb05
中游,伺服器滑軌與機殼,2059,川湖,2015,1,balance_sheet,母公司暨子公司所持有之母公司庫藏股股數（單位：股）,0,0,sii,https://mopsov.twse.com.tw/mops/web/ajax_t163sb05
中游,伺服器滑軌與機殼,2059,川湖,2015,1,balance_sheet,每股參考淨值,77.68,77.68,sii,https://mopsov.twse.com.tw/mops/web/ajax_t163sb05
中游,伺服器滑軌與機殼,8210,勤誠,2015,1,balance_sheet,流動資產,3069814,"3,069,814",sii,https://mopsov.twse.com.tw/mops/web/ajax_t163sb05
中游,伺服器滑軌與機殼,8210,勤誠,2015,1,balance_sheet,非流動資產,1411693,"1,411,693",sii,https://mopsov.twse.com.tw/mops/web/ajax_t163sb05
中游,伺服器滑軌與機殼,8210,勤誠,2015,1,balance_sheet,資產總計,4481507,"4,481,507",sii,https://mopsov.twse.com.tw/mops/web/ajax_t163sb05
中游,伺服器滑軌與機殼,8210,勤誠,2015,1,balance_sheet,流動負債,1561332,"1,561,332",sii,https://mopsov.twse.com.tw/mops/web/ajax_t163sb05
中游,伺服器滑軌與機殼,8210,勤誠,2015,1,balance_sheet,非流動負債,256897,"256,897",sii,https://mopsov.twse.com.tw/mops/web/ajax_t163sb05
中游,伺服器滑軌與機殼,8210,勤誠,2015,1,balance_sheet,負債總額,1818229,"1,818,229",sii,https://mopsov.twse.com.tw/mops/web/ajax_t163sb05
中游,伺服器滑軌與機殼,8210,勤誠,2015,1,balance_sheet,股本,1201260,"1,201,260",sii,https://mopsov.twse.com.tw/mops/web/ajax_t163sb05
中游,伺服器滑軌與機殼,8210,勤誠,2015,1,balance_sheet,資本公積,56749,"56,749",sii,https://mopsov.twse.com.tw/mops/web/ajax_t163sb05
中游,伺服器滑軌與機殼,8210,勤誠,2015,1,balance_sheet,保留盈餘,1352281,"1,352,281",sii,https://mopsov.twse.com.tw/mops/web/ajax_t163sb05
中游,伺服器滑軌與機殼,8210,勤誠,2015,1,balance_sheet,其他權益,65528,"65,528",sii,https://mopsov.twse.com.tw/mops/web/ajax_t163sb05
中游,伺服器滑軌與機殼,8210,勤誠,2015,1,balance_sheet,庫藏股票,-12540,"-12,540",sii,https://mopsov.twse.com.tw/mops/web/ajax_t163sb05
中游,伺服器滑軌與機殼,8210,勤誠,2015,1,balance_sheet,歸屬於母公司業主之權益合計,2663278,"2,663,278",sii,https://mopsov.twse.com.tw/mops/web/ajax_t163sb05
中游,伺服器滑軌與機殼,8210,勤誠,2015,1,balance_sheet,共同控制下前手權益,,--,sii,https://mopsov.twse.com.tw/mops/web/ajax_t163sb05
中游,伺服器滑軌與機殼,8210,勤誠,2015,1,balance_sheet,合併前非屬共同控制股權,,--,sii,https://mopsov.twse.com.tw/mops/web/ajax_t163sb05
中游,伺服器滑軌與機殼,8210,勤誠,2015,1,balance_sheet,非控制權益,,--,sii,https://mopsov.twse.com.tw/mops/web/ajax_t163sb05
中游,伺服器滑軌與機殼,8210,勤誠,2015,1,balance_sheet,權益總額,2663278,"2,663,278",sii,https://mopsov.twse.com.tw/mops/web/ajax_t163sb05
中游,伺服器滑軌與機殼,8210,勤誠,2015,1,balance_sheet,待註銷股本股數（單位：股）,0,0,sii,https://mopsov.twse.com.tw/mops/web/ajax_t163sb05
中游,伺服器滑軌與機殼,8210,勤誠,2015,1,balance_sheet,預收股款（權益項下）之約當發行股數（單位：股）,0,0,sii,https://mopsov.twse.com.tw/mops/web/ajax_t163sb05
中游,伺服器滑軌與機殼,8210,勤誠,2015,1,balance_sheet,母公司暨子公司所持有之母公司庫藏股股數（單位：股）,400000,"400,000",sii,https://mopsov.twse.com.tw/mops/web/ajax_t163sb05
中游,伺服器滑軌與機殼,8210,勤誠,2015,1,balance_sheet,每股參考淨值,22.24,22.24,sii,https://mopsov.twse.com.tw/mops/web/ajax_t163sb05
中游,伺服器滑軌與機殼,2059,川湖,2015,1,cash_flow,營業活動之淨現金流入（流出）,434836,"434,836",sii,https://mopsov.twse.com.tw/mops/web/ajax_t163sb20
中游,伺服器滑軌與機殼,2059,川湖,2015,1,cash_flow,投資活動之淨現金流入（流出）,-27666,"-27,666",sii,https://mopsov.twse.com.tw/mops/web/ajax_t163sb20
中游,伺服器滑軌與機殼,2059,川湖,2015,1,cash_flow,籌資活動之淨現金流入（流出）,-350000,"-350,000",sii,https://mopsov.twse.com.tw/mops/web/ajax_t163sb20
中游,伺服器滑軌與機殼,2059,川湖,2015,1,cash_flow,匯率變動對現金及約當現金之影響,-259,-259,sii,https://mopsov.twse.com.tw/mops/web/ajax_t163sb20
中游,伺服器滑軌與機殼,2059,川湖,2015,1,cash_flow,本期現金及約當現金增加（減少）數,56911,"56,911",sii,https://mopsov.twse.com.tw/mops/web/ajax_t163sb20
中游,伺服器滑軌與機殼,2059,川湖,2015,1,cash_flow,期初現金及約當現金餘額,5396781,"5,396,781",sii,https://mopsov.twse.com.tw/mops/web/ajax_t163sb20
中游,伺服器滑軌與機殼,2059,川湖,2015,1,cash_flow,期末現金及約當現金餘額,5453692,"5,453,692",sii,https://mopsov.twse.com.tw/mops/web/ajax_t163sb20
中游,伺服器滑軌與機殼,8210,勤誠,2015,1,cash_flow,營業活動之淨現金流入（流出）,40718,"40,718",sii,https://mopsov.twse.com.tw/mops/web/ajax_t163sb20
中游,伺服器滑軌與機殼,8210,勤誠,2015,1,cash_flow,投資活動之淨現金流入（流出）,56654,"56,654",sii,https://mopsov.twse.com.tw/mops/web/ajax_t163sb20
中游,伺服器滑軌與機殼,8210,勤誠,2015,1,cash_flow,籌資活動之淨現金流入（流出）,26377,"26,377",sii,https://mopsov.twse.com.tw/mops/web/ajax_t163sb20
中游,伺服器滑軌與機殼,8210,勤誠,2015,1,cash_flow,匯率變動對現金及約當現金之影響,-19747,"-19,747",sii,https://mopsov.twse.com.tw/mops/web/ajax_t163sb20
中游,伺服器滑軌與機殼,8210,勤誠,2015,1,cash_flow,本期現金及約當現金增加（減少）數,104002,"104,002",sii,https://mopsov.twse.com.tw/mops/web/ajax_t163sb20
中游,伺服器滑軌與機殼,8210,勤誠,2015,1,cash_flow,期初現金及約當現金餘額,1597947,"1,597,947",sii,https://mopsov.twse.com.tw/mops/web/ajax_t163sb20
中游,伺服器滑軌與機殼,8210,勤誠,2015,1,cash_flow,期末現金及約當現金餘額,1701949,"1,701,949",sii,https://mopsov.twse.com.tw/mops/web/ajax_t163sb20
中游,伺服器滑軌與機殼,2059,川湖,2015,2,income_statement,營業收入,2220521,"2,220,521",sii,https://mopsov.twse.com.tw/mops/web/ajax_t163sb04
中游,伺服器滑軌與機殼,2059,川湖,2015,2,income_statement,營業成本,954718,"954,718",sii,https://mopsov.twse.com.tw/mops/web/ajax_t163sb04
中游,伺服器滑軌與機殼,2059,川湖,2015,2,income_statement,營業毛利（毛損）,1265803,"1,265,803",sii,https://mopsov.twse.com.tw/mops/web/ajax_t163sb04
中游,伺服器滑軌與機殼,2059,川湖,2015,2,income_statement,未實現銷貨（損）益,,--,sii,https://mopsov.twse.com.tw/mops/web/ajax_t163sb04
中游,伺服器滑軌與機殼,2059,川湖,2015,2,income_statement,已實現銷貨（損）益,,--,sii,https://mopsov.twse.com.tw/mops/web/ajax_t163sb04
中游,伺服器滑軌與機殼,2059,川湖,2015,2,income_statement,營業毛利（毛損）淨額,1265803,"1,265,803",sii,https://mopsov.twse.com.tw/mops/web/ajax_t163sb04
中游,伺服器滑軌與機殼,2059,川湖,2015,2,income_statement,營業費用,272645,"272,645",sii,https://mopsov.twse.com.tw/mops/web/ajax_t163sb04
中游,伺服器滑軌與機殼,2059,川湖,2015,2,income_statement,其他收益及費損淨額,,--,sii,https://mopsov.twse.com.tw/mops/web/ajax_t163sb04
中游,伺服器滑軌與機殼,2059,川湖,2015,2,income_statement,營業利益（損失）,993158,"993,158",sii,https://mopsov.twse.com.tw/mops/web/ajax_t163sb04
中游,伺服器滑軌與機殼,2059,川湖,2015,2,income_statement,營業外收入及支出,-40782,"-40,782",sii,https://mopsov.twse.com.tw/mops/web/ajax_t163sb04
中游,伺服器滑軌與機殼,2059,川湖,2015,2,income_statement,稅前淨利（淨損）,952376,"952,376",sii,https://mopsov.twse.com.tw/mops/web/ajax_t163sb04
中游,伺服器滑軌與機殼,2059,川湖,2015,2,income_statement,所得稅費用（利益）,255418,"255,418",sii,https://mopsov.twse.com.tw/mops/web/ajax_t163sb04
中游,伺服器滑軌與機殼,2059,川湖,2015,2,income_statement,繼續營業單位本期淨利（淨損）,696958,"696,958",sii,https://mopsov.twse.com.tw/mops/web/ajax_t163sb04
中游,伺服器滑軌與機殼,2059,川湖,2015,2,income_statement,停業單位損益,,--,sii,https://mopsov.twse.com.tw/mops/web/ajax_t163sb04
中游,伺服器滑軌與機殼,2059,川湖,2015,2,income_statement,合併前非屬共同控制股權損益,,--,sii,https://mopsov.twse.com.tw/mops/web/ajax_t163sb04
中游,伺服器滑軌與機殼,2059,川湖,2015,2,income_statement,本期淨利（淨損）,696958,"696,958",sii,https://mopsov.twse.com.tw/mops/web/ajax_t163sb04
中游,伺服器滑軌與機殼,2059,川湖,2015,2,income_statement,其他綜合損益（淨額）,-2209,"-2,209",sii,https://mopsov.twse.com.tw/mops/web/ajax_t163sb04
中游,伺服器滑軌與機殼,2059,川湖,2015,2,income_statement,合併前非屬共同控制股權綜合損益淨額,,--,sii,https://mopsov.twse.com.tw/mops/web/ajax_t163sb04
中游,伺服器滑軌與機殼,2059,川湖,2015,2,income_statement,本期綜合損益總額,694749,"694,749",sii,https://mopsov.twse.com.tw/mops/web/ajax_t163sb04
中游,伺服器滑軌與機殼,2059,川湖,2015,2,income_statement,淨利（淨損）歸屬於母公司業主,696958,"696,958",sii,https://mopsov.twse.com.tw/mops/web/ajax_t163sb04
中游,伺服器滑軌與機殼,2059,川湖,2015,2,income_statement,淨利（淨損）歸屬於共同控制下前手權益,,--,sii,https://mopsov.twse.com.tw/mops/web/ajax_t163sb04
中游,伺服器滑軌與機殼,2059,川湖,2015,2,income_statement,淨利（淨損）歸屬於非控制權益,,--,sii,https://mopsov.twse.com.tw/mops/web/ajax_t163sb04
中游,伺服器滑軌與機殼,2059,川湖,2015,2,income_statement,綜合損益總額歸屬於母公司業主,694749,"694,749",sii,https://mopsov.twse.com.tw/mops/web/ajax_t163sb04
中游,伺服器滑軌與機殼,2059,川湖,2015,2,income_statement,綜合損益總額歸屬於共同控制下前手權益,,--,sii,https://mopsov.twse.com.tw/mops/web/ajax_t163sb04
中游,伺服器滑軌與機殼,2059,川湖,2015,2,income_statement,綜合損益總額歸屬於非控制權益,,--,sii,https://mopsov.twse.com.tw/mops/web/ajax_t163sb04
中游,伺服器滑軌與機殼,2059,川湖,2015,2,income_statement,基本每股盈餘（元）,7.31,7.31,sii,https://mopsov.twse.com.tw/mops/web/ajax_t163sb04
中游,伺服器滑軌與機殼,8210,勤誠,2015,2,income_statement,營業收入,2073684,"2,073,684",sii,https://mopsov.twse.com.tw/mops/web/ajax_t163sb04
中游,伺服器滑軌與機殼,8210,勤誠,2015,2,income_statement,營業成本,1466530,"1,466,530",sii,https://mopsov.twse.com.tw/mops/web/ajax_t163sb04
中游,伺服器滑軌與機殼,8210,勤誠,2015,2,income_statement,營業毛利（毛損）,607154,"607,154",sii,https://mopsov.twse.com.tw/mops/web/ajax_t163sb04
中游,伺服器滑軌與機殼,8210,勤誠,2015,2,income_statement,未實現銷貨（損）益,,--,sii,https://mopsov.twse.com.tw/mops/web/ajax_t163sb04
中游,伺服器滑軌與機殼,8210,勤誠,2015,2,income_statement,已實現銷貨（損）益,,--,sii,https://mopsov.twse.com.tw/mops/web/ajax_t163sb04
中游,伺服器滑軌與機殼,8210,勤誠,2015,2,income_statement,營業毛利（毛損）淨額,607154,"607,154",sii,https://mopsov.twse.com.tw/mops/web/ajax_t163sb04
中游,伺服器滑軌與機殼,8210,勤誠,2015,2,income_statement,營業費用,336193,"336,193",sii,https://mopsov.twse.com.tw/mops/web/ajax_t163sb04
中游,伺服器滑軌與機殼,8210,勤誠,2015,2,income_statement,其他收益及費損淨額,,--,sii,https://mopsov.twse.com.tw/mops/web/ajax_t163sb04
中游,伺服器滑軌與機殼,8210,勤誠,2015,2,income_statement,營業利益（損失）,270961,"270,961",sii,https://mopsov.twse.com.tw/mops/web/ajax_t163sb04
中游,伺服器滑軌與機殼,8210,勤誠,2015,2,income_statement,營業外收入及支出,2382,"2,382",sii,https://mopsov.twse.com.tw/mops/web/ajax_t163sb04
中游,伺服器滑軌與機殼,8210,勤誠,2015,2,income_statement,稅前淨利（淨損）,273343,"273,343",sii,https://mopsov.twse.com.tw/mops/web/ajax_t163sb04
中游,伺服器滑軌與機殼,8210,勤誠,2015,2,income_statement,所得稅費用（利益）,72398,"72,398",sii,https://mopsov.twse.com.tw/mops/web/ajax_t163sb04
中游,伺服器滑軌與機殼,8210,勤誠,2015,2,income_statement,繼續營業單位本期淨利（淨損）,200945,"200,945",sii,https://mopsov.twse.com.tw/mops/web/ajax_t163sb04
中游,伺服器滑軌與機殼,8210,勤誠,2015,2,income_statement,停業單位損益,,--,sii,https://mopsov.twse.com.tw/mops/web/ajax_t163sb04
中游,伺服器滑軌與機殼,8210,勤誠,2015,2,income_statement,合併前非屬共同控制股權損益,,--,sii,https://mopsov.twse.com.tw/mops/web/ajax_t163sb04
中游,伺服器滑軌與機殼,8210,勤誠,2015,2,income_statement,本期淨利（淨損）,200945,"200,945",sii,https://mopsov.twse.com.tw/mops/web/ajax_t163sb04
中游,伺服器滑軌與機殼,8210,勤誠,2015,2,income_statement,其他綜合損益（淨額）,-43998,"-43,998",sii,https://mopsov.twse.com.tw/mops/web/ajax_t163sb04
中游,伺服器滑軌與機殼,8210,勤誠,2015,2,income_statement,合併前非屬共同控制股權綜合損益淨額,,--,sii,https://mopsov.twse.com.tw/mops/web/ajax_t163sb04
中游,伺服器滑軌與機殼,8210,勤誠,2015,2,income_statement,本期綜合損益總額,156947,"156,947",sii,https://mopsov.twse.com.tw/mops/web/ajax_t163sb04
中游,伺服器滑軌與機殼,8210,勤誠,2015,2,income_statement,淨利（淨損）歸屬於母公司業主,200945,"200,945",sii,https://mopsov.twse.com.tw/mops/web/ajax_t163sb04
中游,伺服器滑軌與機殼,8210,勤誠,2015,2,income_statement,淨利（淨損）歸屬於共同控制下前手權益,,--,sii,https://mopsov.twse.com.tw/mops/web/ajax_t163sb04
中游,伺服器滑軌與機殼,8210,勤誠,2015,2,income_statement,淨利（淨損）歸屬於非控制權益,,--,sii,https://mopsov.twse.com.tw/mops/web/ajax_t163sb04
中游,伺服器滑軌與機殼,8210,勤誠,2015,2,income_statement,綜合損益總額歸屬於母公司業主,156947,"156,947",sii,https://mopsov.twse.com.tw/mops/web/ajax_t163sb04
中游,伺服器滑軌與機殼,8210,勤誠,2015,2,income_statement,綜合損益總額歸屬於共同控制下前手權益,,--,sii,https://mopsov.twse.com.tw/mops/web/ajax_t163sb04
中游,伺服器滑軌與機殼,8210,勤誠,2015,2,income_statement,綜合損益總額歸屬於非控制權益,,--,sii,https://mopsov.twse.com.tw/mops/web/ajax_t163sb04
中游,伺服器滑軌與機殼,8210,勤誠,2015,2,income_statement,基本每股盈餘（元）,1.68,1.68,sii,https://mopsov.twse.com.tw/mops/web/ajax_t163sb04
中游,伺服器滑軌與機殼,2059,川湖,2015,2,balance_sheet,流動資產,7165334,"7,165,334",sii,https://mopsov.twse.com.tw/mops/web/ajax_t163sb05
中游,伺服器滑軌與機殼,2059,川湖,2015,2,balance_sheet,非流動資產,1508902,"1,508,902",sii,https://mopsov.twse.com.tw/mops/web/ajax_t163sb05
中游,伺服器滑軌與機殼,2059,川湖,2015,2,balance_sheet,資產總計,8674236,"8,674,236",sii,https://mopsov.twse.com.tw/mops/web/ajax_t163sb05
中游,伺服器滑軌與機殼,2059,川湖,2015,2,balance_sheet,流動負債,1715951,"1,715,951",sii,https://mopsov.twse.com.tw/mops/web/ajax_t163sb05
中游,伺服器滑軌與機殼,2059,川湖,2015,2,balance_sheet,非流動負債,113017,"113,017",sii,https://mopsov.twse.com.tw/mops/web/ajax_t163sb05
中游,伺服器滑軌與機殼,2059,川湖,2015,2,balance_sheet,負債總額,1828968,"1,828,968",sii,https://mopsov.twse.com.tw/mops/web/ajax_t163sb05
中游,伺服器滑軌與機殼,2059,川湖,2015,2,balance_sheet,股本,952971,"952,971",sii,https://mopsov.twse.com.tw/mops/web/ajax_t163sb05
中游,伺服器滑軌與機殼,2059,川湖,2015,2,balance_sheet,資本公積,796691,"796,691",sii,https://mopsov.twse.com.tw/mops/web/ajax_t163sb05
中游,伺服器滑軌與機殼,2059,川湖,2015,2,balance_sheet,保留盈餘,5086278,"5,086,278",sii,https://mopsov.twse.com.tw/mops/web/ajax_t163sb05
中游,伺服器滑軌與機殼,2059,川湖,2015,2,balance_sheet,其他權益,9328,"9,328",sii,https://mopsov.twse.com.tw/mops/web/ajax_t163sb05
中游,伺服器滑軌與機殼,2059,川湖,2015,2,balance_sheet,庫藏股票,0,0,sii,https://mopsov.twse.com.tw/mops/web/ajax_t163sb05
中游,伺服器滑軌與機殼,2059,川湖,2015,2,balance_sheet,歸屬於母公司業主之權益合計,6845268,"6,845,268",sii,https://mopsov.twse.com.tw/mops/web/ajax_t163sb05
中游,伺服器滑軌與機殼,2059,川湖,2015,2,balance_sheet,共同控制下前手權益,,--,sii,https://mopsov.twse.com.tw/mops/web/ajax_t163sb05
中游,伺服器滑軌與機殼,2059,川湖,2015,2,balance_sheet,合併前非屬共同控制股權,,--,sii,https://mopsov.twse.com.tw/mops/web/ajax_t163sb05
中游,伺服器滑軌與機殼,2059,川湖,2015,2,balance_sheet,非控制權益,0,0,sii,https://mopsov.twse.com.tw/mops/web/ajax_t163sb05
中游,伺服器滑軌與機殼,2059,川湖,2015,2,balance_sheet,權益總額,6845268,"6,845,268",sii,https://mopsov.twse.com.tw/mops/web/ajax_t163sb05
中游,伺服器滑軌與機殼,2059,川湖,2015,2,balance_sheet,待註銷股本股數（單位：股）,0,0,sii,https://mopsov.twse.com.tw/mops/web/ajax_t163sb05
中游,伺服器滑軌與機殼,2059,川湖,2015,2,balance_sheet,預收股款（權益項下）之約當發行股數（單位：股）,0,0,sii,https://mopsov.twse.com.tw/mops/web/ajax_t163sb05
中游,伺服器滑軌與機殼,2059,川湖,2015,2,balance_sheet,母公司暨子公司所持有之母公司庫藏股股數（單位：股）,0,0,sii,https://mopsov.twse.com.tw/mops/web/ajax_t163sb05
中游,伺服器滑軌與機殼,2059,川湖,2015,2,balance_sheet,每股參考淨值,71.83,71.83,sii,https://mopsov.twse.com.tw/mops/web/ajax_t163sb05
中游,伺服器滑軌與機殼,8210,勤誠,2015,2,balance_sheet,流動資產,2958605,"2,958,605",sii,https://mopsov.twse.com.tw/mops/web/ajax_t163sb05
中游,伺服器滑軌與機殼,8210,勤誠,2015,2,balance_sheet,非流動資產,1376140,"1,376,140",sii,https://mopsov.twse.com.tw/mops/web/ajax_t163sb05
中游,伺服器滑軌與機殼,8210,勤誠,2015,2,balance_sheet,資產總計,4334745,"4,334,745",sii,https://mopsov.twse.com.tw/mops/web/ajax_t163sb05
中游,伺服器滑軌與機殼,8210,勤誠,2015,2,balance_sheet,流動負債,1687846,"1,687,846",sii,https://mopsov.twse.com.tw/mops/web/ajax_t163sb05
中游,伺服器滑軌與機殼,8210,勤誠,2015,2,balance_sheet,非流動負債,250178,"250,178",sii,https://mopsov.twse.com.tw/mops/web/ajax_t163sb05
中游,伺服器滑軌與機殼,8210,勤誠,2015,2,balance_sheet,負債總額,1938024,"1,938,024",sii,https://mopsov.twse.com.tw/mops/web/ajax_t163sb05
中游,伺服器滑軌與機殼,8210,勤誠,2015,2,balance_sheet,股本,1201260,"1,201,260",sii,https://mopsov.twse.com.tw/mops/web/ajax_t163sb05
中游,伺服器滑軌與機殼,8210,勤誠,2015,2,balance_sheet,資本公積,56749,"56,749",sii,https://mopsov.twse.com.tw/mops/web/ajax_t163sb05
中游,伺服器滑軌與機殼,8210,勤誠,2015,2,balance_sheet,保留盈餘,1106468,"1,106,468",sii,https://mopsov.twse.com.tw/mops/web/ajax_t163sb05
中游,伺服器滑軌與機殼,8210,勤誠,2015,2,balance_sheet,其他權益,44784,"44,784",sii,https://mopsov.twse.com.tw/mops/web/ajax_t163sb05
中游,伺服器滑軌與機殼,8210,勤誠,2015,2,balance_sheet,庫藏股票,-12540,"-12,540",sii,https://mopsov.twse.com.tw/mops/web/ajax_t163sb05
中游,伺服器滑軌與機殼,8210,勤誠,2015,2,balance_sheet,歸屬於母公司業主之權益合計,2396721,"2,396,721",sii,https://mopsov.twse.com.tw/mops/web/ajax_t163sb05
中游,伺服器滑軌與機殼,8210,勤誠,2015,2,balance_sheet,共同控制下前手權益,,--,sii,https://mopsov.twse.com.tw/mops/web/ajax_t163sb05
中游,伺服器滑軌與機殼,8210,勤誠,2015,2,balance_sheet,合併前非屬共同控制股權,,--,sii,https://mopsov.twse.com.tw/mops/web/ajax_t163sb05
中游,伺服器滑軌與機殼,8210,勤誠,2015,2,balance_sheet,非控制權益,,--,sii,https://mopsov.twse.com.tw/mops/web/ajax_t163sb05
中游,伺服器滑軌與機殼,8210,勤誠,2015,2,balance_sheet,權益總額,2396721,"2,396,721",sii,https://mopsov.twse.com.tw/mops/web/ajax_t163sb05
中游,伺服器滑軌與機殼,8210,勤誠,2015,2,balance_sheet,待註銷股本股數（單位：股）,0,0,sii,https://mopsov.twse.com.tw/mops/web/ajax_t163sb05
中游,伺服器滑軌與機殼,8210,勤誠,2015,2,balance_sheet,預收股款（權益項下）之約當發行股數（單位：股）,0,0,sii,https://mopsov.twse.com.tw/mops/web/ajax_t163sb05
中游,伺服器滑軌與機殼,8210,勤誠,2015,2,balance_sheet,母公司暨子公司所持有之母公司庫藏股股數（單位：股）,400000,"400,000",sii,https://mopsov.twse.com.tw/mops/web/ajax_t163sb05
中游,伺服器滑軌與機殼,8210,勤誠,2015,2,balance_sheet,每股參考淨值,20.02,20.02,sii,https://mopsov.twse.com.tw/mops/web/ajax_t163sb05
中游,伺服器滑軌與機殼,2059,川湖,2015,2,cash_flow,營業活動之淨現金流入（流出）,786351,"786,351",sii,https://mopsov.twse.com.tw/mops/web/ajax_t163sb20
中游,伺服器滑軌與機殼,2059,川湖,2015,2,cash_flow,投資活動之淨現金流入（流出）,-36389,"-36,389",sii,https://mopsov.twse.com.tw/mops/web/ajax_t163sb20
中游,伺服器滑軌與機殼,2059,川湖,2015,2,cash_flow,籌資活動之淨現金流入（流出）,-350000,"-350,000",sii,https://mopsov.twse.com.tw/mops/web/ajax_t163sb20
中游,伺服器滑軌與機殼,2059,川湖,2015,2,cash_flow,匯率變動對現金及約當現金之影響,-382,-382,sii,https://mopsov.twse.com.tw/mops/web/ajax_t163sb20
中游,伺服器滑軌與機殼,2059,川湖,2015,2,cash_flow,本期現金及約當現金增加（減少）數,399580,"399,580",sii,https://mopsov.twse.com.tw/mops/web/ajax_t163sb20
中游,伺服器滑軌與機殼,2059,川湖,2015,2,cash_flow,期初現金及約當現金餘額,5396781,"5,396,781",sii,https://mopsov.twse.com.tw/mops/web/ajax_t163sb20
中游,伺服器滑軌與機殼,2059,川湖,2015,2,cash_flow,期末現金及約當現金餘額,5796361,"5,796,361",sii,https://mopsov.twse.com.tw/mops/web/ajax_t163sb20
中游,伺服器滑軌與機殼,8210,勤誠,2015,2,cash_flow,營業活動之淨現金流入（流出）,147212,"147,212",sii,https://mopsov.twse.com.tw/mops/web/ajax_t163sb20
中游,伺服器滑軌與機殼,8210,勤誠,2015,2,cash_flow,投資活動之淨現金流入（流出）,30983,"30,983",sii,https://mopsov.twse.com.tw/mops/web/ajax_t163sb20
中游,伺服器滑軌與機殼,8210,勤誠,2015,2,cash_flow,籌資活動之淨現金流入（流出）,-69645,"-69,645",sii,https://mopsov.twse.com.tw/mops/web/ajax_t163sb20
中游,伺服器滑軌與機殼,8210,勤誠,2015,2,cash_flow,匯率變動對現金及約當現金之影響,-25343,"-25,343",sii,https://mopsov.twse.com.tw/mops/web/ajax_t163sb20
中游,伺服器滑軌與機殼,8210,勤誠,2015,2,cash_flow,本期現金及約當現金增加（減少）數,83207,"83,207",sii,https://mopsov.twse.com.tw/mops/web/ajax_t163sb20
中游,伺服器滑軌與機殼,8210,勤誠,2015,2,cash_flow,期初現金及約當現金餘額,1597947,"1,597,947",sii,https://mopsov.twse.com.tw/mops/web/ajax_t163sb20
中游,伺服器滑軌與機殼,8210,勤誠,2015,2,cash_flow,期末現金及約當現金餘額,1681154,"1,681,154",sii,https://mopsov.twse.com.tw/mops/web/ajax_t163sb20
中游,伺服器滑軌與機殼,2059,川湖,2015,3,income_statement,營業收入,3370426,"3,370,426",sii,https://mopsov.twse.com.tw/mops/web/ajax_t163sb04
中游,伺服器滑軌與機殼,2059,川湖,2015,3,income_statement,營業成本,1438205,"1,438,205",sii,https://mopsov.twse.com.tw/mops/web/ajax_t163sb04
中游,伺服器滑軌與機殼,2059,川湖,2015,3,income_statement,營業毛利（毛損）,1932221,"1,932,221",sii,https://mopsov.twse.com.tw/mops/web/ajax_t163sb04
中游,伺服器滑軌與機殼,2059,川湖,2015,3,income_statement,未實現銷貨（損）益,,--,sii,https://mopsov.twse.com.tw/mops/web/ajax_t163sb04
中游,伺服器滑軌與機殼,2059,川湖,2015,3,income_statement,已實現銷貨（損）益,,--,sii,https://mopsov.twse.com.tw/mops/web/ajax_t163sb04
中游,伺服器滑軌與機殼,2059,川湖,2015,3,income_statement,營業毛利（毛損）淨額,1932221,"1,932,221",sii,https://mopsov.twse.com.tw/mops/web/ajax_t163sb04
中游,伺服器滑軌與機殼,2059,川湖,2015,3,income_statement,營業費用,410462,"410,462",sii,https://mopsov.twse.com.tw/mops/web/ajax_t163sb04
中游,伺服器滑軌與機殼,2059,川湖,2015,3,income_statement,其他收益及費損淨額,,--,sii,https://mopsov.twse.com.tw/mops/web/ajax_t163sb04
中游,伺服器滑軌與機殼,2059,川湖,2015,3,income_statement,營業利益（損失）,1521759,"1,521,759",sii,https://mopsov.twse.com.tw/mops/web/ajax_t163sb04
中游,伺服器滑軌與機殼,2059,川湖,2015,3,income_statement,營業外收入及支出,320872,"320,872",sii,https://mopsov.twse.com.tw/mops/web/ajax_t163sb04
中游,伺服器滑軌與機殼,2059,川湖,2015,3,income_statement,稅前淨利（淨損）,1842631,"1,842,631",sii,https://mopsov.twse.com.tw/mops/web/ajax_t163sb04
中游,伺服器滑軌與機殼,2059,川湖,2015,3,income_statement,所得稅費用（利益）,384400,"384,400",sii,https://mopsov.twse.com.tw/mops/web/ajax_t163sb04
中游,伺服器滑軌與機殼,2059,川湖,2015,3,income_statement,繼續營業單位本期淨利（淨損）,1458231,"1,458,231",sii,https://mopsov.twse.com.tw/mops/web/ajax_t163sb04
中游,伺服器滑軌與機殼,2059,川湖,2015,3,income_statement,停業單位損益,,--,sii,https://mopsov.twse.com.tw/mops/web/ajax_t163sb04
中游,伺服器滑軌與機殼,2059,川湖,2015,3,income_statement,合併前非屬共同控制股權損益,,--,sii,https://mopsov.twse.com.tw/mops/web/ajax_t163sb04
中游,伺服器滑軌與機殼,2059,川湖,2015,3,income_statement,本期淨利（淨損）,1458231,"1,458,231",sii,https://mopsov.twse.com.tw/mops/web/ajax_t163sb04
中游,伺服器滑軌與機殼,2059,川湖,2015,3,income_statement,其他綜合損益（淨額）,1971,"1,971",sii,https://mopsov.twse.com.tw/mops/web/ajax_t163sb04
中游,伺服器滑軌與機殼,2059,川湖,2015,3,income_statement,合併前非屬共同控制股權綜合損益淨額,,--,sii,https://mopsov.twse.com.tw/mops/web/ajax_t163sb04
中游,伺服器滑軌與機殼,2059,川湖,2015,3,income_statement,本期綜合損益總額,1460202,"1,460,202",sii,https://mopsov.twse.com.tw/mops/web/ajax_t163sb04
中游,伺服器滑軌與機殼,2059,川湖,2015,3,income_statement,淨利（淨損）歸屬於母公司業主,1458231,"1,458,231",sii,https://mopsov.twse.com.tw/mops/web/ajax_t163sb04
中游,伺服器滑軌與機殼,2059,川湖,2015,3,income_statement,淨利（淨損）歸屬於共同控制下前手權益,,--,sii,https://mopsov.twse.com.tw/mops/web/ajax_t163sb04
中游,伺服器滑軌與機殼,2059,川湖,2015,3,income_statement,淨利（淨損）歸屬於非控制權益,,--,sii,https://mopsov.twse.com.tw/mops/web/ajax_t163sb04
中游,伺服器滑軌與機殼,2059,川湖,2015,3,income_statement,綜合損益總額歸屬於母公司業主,1460202,"1,460,202",sii,https://mopsov.twse.com.tw/mops/web/ajax_t163sb04
中游,伺服器滑軌與機殼,2059,川湖,2015,3,income_statement,綜合損益總額歸屬於共同控制下前手權益,,--,sii,https://mopsov.twse.com.tw/mops/web/ajax_t163sb04
中游,伺服器滑軌與機殼,2059,川湖,2015,3,income_statement,綜合損益總額歸屬於非控制權益,,--,sii,https://mopsov.twse.com.tw/mops/web/ajax_t163sb04
中游,伺服器滑軌與機殼,2059,川湖,2015,3,income_statement,基本每股盈餘（元）,15.3,15.30,sii,https://mopsov.twse.com.tw/mops/web/ajax_t163sb04
中游,伺服器滑軌與機殼,8210,勤誠,2015,3,income_statement,營業收入,3167174,"3,167,174",sii,https://mopsov.twse.com.tw/mops/web/ajax_t163sb04
中游,伺服器滑軌與機殼,8210,勤誠,2015,3,income_statement,營業成本,2272567,"2,272,567",sii,https://mopsov.twse.com.tw/mops/web/ajax_t163sb04
中游,伺服器滑軌與機殼,8210,勤誠,2015,3,income_statement,營業毛利（毛損）,894607,"894,607",sii,https://mopsov.twse.com.tw/mops/web/ajax_t163sb04
中游,伺服器滑軌與機殼,8210,勤誠,2015,3,income_statement,未實現銷貨（損）益,,--,sii,https://mopsov.twse.com.tw/mops/web/ajax_t163sb04
中游,伺服器滑軌與機殼,8210,勤誠,2015,3,income_statement,已實現銷貨（損）益,,--,sii,https://mopsov.twse.com.tw/mops/web/ajax_t163sb04
中游,伺服器滑軌與機殼,8210,勤誠,2015,3,income_statement,營業毛利（毛損）淨額,894607,"894,607",sii,https://mopsov.twse.com.tw/mops/web/ajax_t163sb04
中游,伺服器滑軌與機殼,8210,勤誠,2015,3,income_statement,營業費用,508828,"508,828",sii,https://mopsov.twse.com.tw/mops/web/ajax_t163sb04
中游,伺服器滑軌與機殼,8210,勤誠,2015,3,income_statement,其他收益及費損淨額,,--,sii,https://mopsov.twse.com.tw/mops/web/ajax_t163sb04
中游,伺服器滑軌與機殼,8210,勤誠,2015,3,income_statement,營業利益（損失）,385779,"385,779",sii,https://mopsov.twse.com.tw/mops/web/ajax_t163sb04
中游,伺服器滑軌與機殼,8210,勤誠,2015,3,income_statement,營業外收入及支出,55024,"55,024",sii,https://mopsov.twse.com.tw/mops/web/ajax_t163sb04
中游,伺服器滑軌與機殼,8210,勤誠,2015,3,income_statement,稅前淨利（淨損）,440803,"440,803",sii,https://mopsov.twse.com.tw/mops/web/ajax_t163sb04
中游,伺服器滑軌與機殼,8210,勤誠,2015,3,income_statement,所得稅費用（利益）,105793,"105,793",sii,https://mopsov.twse.com.tw/mops/web/ajax_t163sb04
中游,伺服器滑軌與機殼,8210,勤誠,2015,3,income_statement,繼續營業單位本期淨利（淨損）,335010,"335,010",sii,https://mopsov.twse.com.tw/mops/web/ajax_t163sb04
中游,伺服器滑軌與機殼,8210,勤誠,2015,3,income_statement,停業單位損益,,--,sii,https://mopsov.twse.com.tw/mops/web/ajax_t163sb04
中游,伺服器滑軌與機殼,8210,勤誠,2015,3,income_statement,合併前非屬共同控制股權損益,,--,sii,https://mopsov.twse.com.tw/mops/web/ajax_t163sb04
中游,伺服器滑軌與機殼,8210,勤誠,2015,3,income_statement,本期淨利（淨損）,335010,"335,010",sii,https://mopsov.twse.com.tw/mops/web/ajax_t163sb04
中游,伺服器滑軌與機殼,8210,勤誠,2015,3,income_statement,其他綜合損益（淨額）,36115,"36,115",sii,https://mopsov.twse.com.tw/mops/web/ajax_t163sb04
中游,伺服器滑軌與機殼,8210,勤誠,2015,3,income_statement,合併前非屬共同控制股權綜合損益淨額,,--,sii,https://mopsov.twse.com.tw/mops/web/ajax_t163sb04
中游,伺服器滑軌與機殼,8210,勤誠,2015,3,income_statement,本期綜合損益總額,371125,"371,125",sii,https://mopsov.twse.com.tw/mops/web/ajax_t163sb04
中游,伺服器滑軌與機殼,8210,勤誠,2015,3,income_statement,淨利（淨損）歸屬於母公司業主,335010,"335,010",sii,https://mopsov.twse.com.tw/mops/web/ajax_t163sb04
中游,伺服器滑軌與機殼,8210,勤誠,2015,3,income_statement,淨利（淨損）歸屬於共同控制下前手權益,,--,sii,https://mopsov.twse.com.tw/mops/web/ajax_t163sb04
中游,伺服器滑軌與機殼,8210,勤誠,2015,3,income_statement,淨利（淨損）歸屬於非控制權益,,--,sii,https://mopsov.twse.com.tw/mops/web/ajax_t163sb04
中游,伺服器滑軌與機殼,8210,勤誠,2015,3,income_statement,綜合損益總額歸屬於母公司業主,371125,"371,125",sii,https://mopsov.twse.com.tw/mops/web/ajax_t163sb04
中游,伺服器滑軌與機殼,8210,勤誠,2015,3,income_statement,綜合損益總額歸屬於共同控制下前手權益,,--,sii,https://mopsov.twse.com.tw/mops/web/ajax_t163sb04
中游,伺服器滑軌與機殼,8210,勤誠,2015,3,income_statement,綜合損益總額歸屬於非控制權益,,--,sii,https://mopsov.twse.com.tw/mops/web/ajax_t163sb04
中游,伺服器滑軌與機殼,8210,勤誠,2015,3,income_statement,基本每股盈餘（元）,2.8,2.80,sii,https://mopsov.twse.com.tw/mops/web/ajax_t163sb04
中游,伺服器滑軌與機殼,2059,川湖,2015,3,balance_sheet,流動資產,7139020,"7,139,020",sii,https://mopsov.twse.com.tw/mops/web/ajax_t163sb05
中游,伺服器滑軌與機殼,2059,川湖,2015,3,balance_sheet,非流動資產,1515429,"1,515,429",sii,https://mopsov.twse.com.tw/mops/web/ajax_t163sb05
中游,伺服器滑軌與機殼,2059,川湖,2015,3,balance_sheet,資產總計,8654449,"8,654,449",sii,https://mopsov.twse.com.tw/mops/web/ajax_t163sb05
中游,伺服器滑軌與機殼,2059,川湖,2015,3,balance_sheet,流動負債,883616,"883,616",sii,https://mopsov.twse.com.tw/mops/web/ajax_t163sb05
中游,伺服器滑軌與機殼,2059,川湖,2015,3,balance_sheet,非流動負債,160112,"160,112",sii,https://mopsov.twse.com.tw/mops/web/ajax_t163sb05
中游,伺服器滑軌與機殼,2059,川湖,2015,3,balance_sheet,負債總額,1043728,"1,043,728",sii,https://mopsov.twse.com.tw/mops/web/ajax_t163sb05
中游,伺服器滑軌與機殼,2059,川湖,2015,3,balance_sheet,股本,952971,"952,971",sii,https://mopsov.twse.com.tw/mops/web/ajax_t163sb05
中游,伺服器滑軌與機殼,2059,川湖,2015,3,balance_sheet,資本公積,796691,"796,691",sii,https://mopsov.twse.com.tw/mops/web/ajax_t163sb05
中游,伺服器滑軌與機殼,2059,川湖,2015,3,balance_sheet,保留盈餘,5847551,"5,847,551",sii,https://mopsov.twse.com.tw/mops/web/ajax_t163sb05
中游,伺服器滑軌與機殼,2059,川湖,2015,3,balance_sheet,其他權益,13508,"13,508",sii,https://mopsov.twse.com.tw/mops/web/ajax_t163sb05
中游,伺服器滑軌與機殼,2059,川湖,2015,3,balance_sheet,庫藏股票,0,0,sii,https://mopsov.twse.com.tw/mops/web/ajax_t163sb05
中游,伺服器滑軌與機殼,2059,川湖,2015,3,balance_sheet,歸屬於母公司業主之權益合計,7610721,"7,610,721",sii,https://mopsov.twse.com.tw/mops/web/ajax_t163sb05
中游,伺服器滑軌與機殼,2059,川湖,2015,3,balance_sheet,共同控制下前手權益,,--,sii,https://mopsov.twse.com.tw/mops/web/ajax_t163sb05
中游,伺服器滑軌與機殼,2059,川湖,2015,3,balance_sheet,合併前非屬共同控制股權,,--,sii,https://mopsov.twse.com.tw/mops/web/ajax_t163sb05
中游,伺服器滑軌與機殼,2059,川湖,2015,3,balance_sheet,非控制權益,0,0,sii,https://mopsov.twse.com.tw/mops/web/ajax_t163sb05
中游,伺服器滑軌與機殼,2059,川湖,2015,3,balance_sheet,權益總額,7610721,"7,610,721",sii,https://mopsov.twse.com.tw/mops/web/ajax_t163sb05
中游,伺服器滑軌與機殼,2059,川湖,2015,3,balance_sheet,待註銷股本股數（單位：股）,0,0,sii,https://mopsov.twse.com.tw/mops/web/ajax_t163sb05
中游,伺服器滑軌與機殼,2059,川湖,2015,3,balance_sheet,預收股款（權益項下）之約當發行股數（單位：股）,0,0,sii,https://mopsov.twse.com.tw/mops/web/ajax_t163sb05
中游,伺服器滑軌與機殼,2059,川湖,2015,3,balance_sheet,母公司暨子公司所持有之母公司庫藏股股數（單位：股）,0,0,sii,https://mopsov.twse.com.tw/mops/web/ajax_t163sb05
中游,伺服器滑軌與機殼,2059,川湖,2015,3,balance_sheet,每股參考淨值,79.86,79.86,sii,https://mopsov.twse.com.tw/mops/web/ajax_t163sb05
中游,伺服器滑軌與機殼,8210,勤誠,2015,3,balance_sheet,流動資產,3013368,"3,013,368",sii,https://mopsov.twse.com.tw/mops/web/ajax_t163sb05
中游,伺服器滑軌與機殼,8210,勤誠,2015,3,balance_sheet,非流動資產,1408974,"1,408,974",sii,https://mopsov.twse.com.tw/mops/web/ajax_t163sb05
中游,伺服器滑軌與機殼,8210,勤誠,2015,3,balance_sheet,資產總計,4422342,"4,422,342",sii,https://mopsov.twse.com.tw/mops/web/ajax_t163sb05
中游,伺服器滑軌與機殼,8210,勤誠,2015,3,balance_sheet,流動負債,1470803,"1,470,803",sii,https://mopsov.twse.com.tw/mops/web/ajax_t163sb05
中游,伺服器滑軌與機殼,8210,勤誠,2015,3,balance_sheet,非流動負債,340640,"340,640",sii,https://mopsov.twse.com.tw/mops/web/ajax_t163sb05
中游,伺服器滑軌與機殼,8210,勤誠,2015,3,balance_sheet,負債總額,1811443,"1,811,443",sii,https://mopsov.twse.com.tw/mops/web/ajax_t163sb05
中游,伺服器滑軌與機殼,8210,勤誠,2015,3,balance_sheet,股本,1201260,"1,201,260",sii,https://mopsov.twse.com.tw/mops/web/ajax_t163sb05
中游,伺服器滑軌與機殼,8210,勤誠,2015,3,balance_sheet,資本公積,56749,"56,749",sii,https://mopsov.twse.com.tw/mops/web/ajax_t163sb05
中游,伺服器滑軌與機殼,8210,勤誠,2015,3,balance_sheet,保留盈餘,1240533,"1,240,533",sii,https://mopsov.twse.com.tw/mops/web/ajax_t163sb05
中游,伺服器滑軌與機殼,8210,勤誠,2015,3,balance_sheet,其他權益,124897,"124,897",sii,https://mopsov.twse.com.tw/mops/web/ajax_t163sb05
中游,伺服器滑軌與機殼,8210,勤誠,2015,3,balance_sheet,庫藏股票,-12540,"-12,540",sii,https://mopsov.twse.com.tw/mops/web/ajax_t163sb05
中游,伺服器滑軌與機殼,8210,勤誠,2015,3,balance_sheet,歸屬於母公司業主之權益合計,2610899,"2,610,899",sii,https://mopsov.twse.com.tw/mops/web/ajax_t163sb05
中游,伺服器滑軌與機殼,8210,勤誠,2015,3,balance_sheet,共同控制下前手權益,,--,sii,https://mopsov.twse.com.tw/mops/web/ajax_t163sb05
中游,伺服器滑軌與機殼,8210,勤誠,2015,3,balance_sheet,合併前非屬共同控制股權,,--,sii,https://mopsov.twse.com.tw/mops/web/ajax_t163sb05
中游,伺服器滑軌與機殼,8210,勤誠,2015,3,balance_sheet,非控制權益,,--,sii,https://mopsov.twse.com.tw/mops/web/ajax_t163sb05
中游,伺服器滑軌與機殼,8210,勤誠,2015,3,balance_sheet,權益總額,2610899,"2,610,899",sii,https://mopsov.twse.com.tw/mops/web/ajax_t163sb05
中游,伺服器滑軌與機殼,8210,勤誠,2015,3,balance_sheet,待註銷股本股數（單位：股）,0,0,sii,https://mopsov.twse.com.tw/mops/web/ajax_t163sb05
中游,伺服器滑軌與機殼,8210,勤誠,2015,3,balance_sheet,預收股款（權益項下）之約當發行股數（單位：股）,0,0,sii,https://mopsov.twse.com.tw/mops/web/ajax_t163sb05
中游,伺服器滑軌與機殼,8210,勤誠,2015,3,balance_sheet,母公司暨子公司所持有之母公司庫藏股股數（單位：股）,400000,"400,000",sii,https://mopsov.twse.com.tw/mops/web/ajax_t163sb05
中游,伺服器滑軌與機殼,8210,勤誠,2015,3,balance_sheet,每股參考淨值,21.81,21.81,sii,https://mopsov.twse.com.tw/mops/web/ajax_t163sb05
中游,伺服器滑軌與機殼,2059,川湖,2015,3,cash_flow,營業活動之淨現金流入（流出）,1599658,"1,599,658",sii,https://mopsov.twse.com.tw/mops/web/ajax_t163sb20
中游,伺服器滑軌與機殼,2059,川湖,2015,3,cash_flow,投資活動之淨現金流入（流出）,-66066,"-66,066",sii,https://mopsov.twse.com.tw/mops/web/ajax_t163sb20
中游,伺服器滑軌與機殼,2059,川湖,2015,3,cash_flow,籌資活動之淨現金流入（流出）,-1207674,"-1,207,674",sii,https://mopsov.twse.com.tw/mops/web/ajax_t163sb20
中游,伺服器滑軌與機殼,2059,川湖,2015,3,cash_flow,匯率變動對現金及約當現金之影響,762,762,sii,https://mopsov.twse.com.tw/mops/web/ajax_t163sb20
中游,伺服器滑軌與機殼,2059,川湖,2015,3,cash_flow,本期現金及約當現金增加（減少）數,326680,"326,680",sii,https://mopsov.twse.com.tw/mops/web/ajax_t163sb20
中游,伺服器滑軌與機殼,2059,川湖,2015,3,cash_flow,期初現金及約當現金餘額,5396781,"5,396,781",sii,https://mopsov.twse.com.tw/mops/web/ajax_t163sb20
中游,伺服器滑軌與機殼,2059,川湖,2015,3,cash_flow,期末現金及約當現金餘額,5723461,"5,723,461",sii,https://mopsov.twse.com.tw/mops/web/ajax_t163sb20
中游,伺服器滑軌與機殼,8210,勤誠,2015,3,cash_flow,營業活動之淨現金流入（流出）,277517,"277,517",sii,https://mopsov.twse.com.tw/mops/web/ajax_t163sb20
中游,伺服器滑軌與機殼,8210,勤誠,2015,3,cash_flow,投資活動之淨現金流入（流出）,17594,"17,594",sii,https://mopsov.twse.com.tw/mops/web/ajax_t163sb20
中游,伺服器滑軌與機殼,8210,勤誠,2015,3,cash_flow,籌資活動之淨現金流入（流出）,-291693,"-291,693",sii,https://mopsov.twse.com.tw/mops/web/ajax_t163sb20
中游,伺服器滑軌與機殼,8210,勤誠,2015,3,cash_flow,匯率變動對現金及約當現金之影響,15723,"15,723",sii,https://mopsov.twse.com.tw/mops/web/ajax_t163sb20
中游,伺服器滑軌與機殼,8210,勤誠,2015,3,cash_flow,本期現金及約當現金增加（減少）數,19141,"19,141",sii,https://mopsov.twse.com.tw/mops/web/ajax_t163sb20
中游,伺服器滑軌與機殼,8210,勤誠,2015,3,cash_flow,期初現金及約當現金餘額,1597947,"1,597,947",sii,https://mopsov.twse.com.tw/mops/web/ajax_t163sb20
中游,伺服器滑軌與機殼,8210,勤誠,2015,3,cash_flow,期末現金及約當現金餘額,1617088,"1,617,088",sii,https://mopsov.twse.com.tw/mops/web/ajax_t163sb20
中游,伺服器滑軌與機殼,2059,川湖,2015,4,income_statement,營業收入,4498347,"4,498,347",sii,https://mopsov.twse.com.tw/mops/web/ajax_t163sb04
中游,伺服器滑軌與機殼,2059,川湖,2015,4,income_statement,營業成本,1915012,"1,915,012",sii,https://mopsov.twse.com.tw/mops/web/ajax_t163sb04
中游,伺服器滑軌與機殼,2059,川湖,2015,4,income_statement,營業毛利（毛損）,2583335,"2,583,335",sii,https://mopsov.twse.com.tw/mops/web/ajax_t163sb04
中游,伺服器滑軌與機殼,2059,川湖,2015,4,income_statement,未實現銷貨（損）益,,--,sii,https://mopsov.twse.com.tw/mops/web/ajax_t163sb04
中游,伺服器滑軌與機殼,2059,川湖,2015,4,income_statement,已實現銷貨（損）益,,--,sii,https://mopsov.twse.com.tw/mops/web/ajax_t163sb04
中游,伺服器滑軌與機殼,2059,川湖,2015,4,income_statement,營業毛利（毛損）淨額,2583335,"2,583,335",sii,https://mopsov.twse.com.tw/mops/web/ajax_t163sb04
中游,伺服器滑軌與機殼,2059,川湖,2015,4,income_statement,營業費用,559823,"559,823",sii,https://mopsov.twse.com.tw/mops/web/ajax_t163sb04
中游,伺服器滑軌與機殼,2059,川湖,2015,4,income_statement,其他收益及費損淨額,,--,sii,https://mopsov.twse.com.tw/mops/web/ajax_t163sb04
中游,伺服器滑軌與機殼,2059,川湖,2015,4,income_statement,營業利益（損失）,2023512,"2,023,512",sii,https://mopsov.twse.com.tw/mops/web/ajax_t163sb04
中游,伺服器滑軌與機殼,2059,川湖,2015,4,income_statement,營業外收入及支出,354736,"354,736",sii,https://mopsov.twse.com.tw/mops/web/ajax_t163sb04
中游,伺服器滑軌與機殼,2059,川湖,2015,4,income_statement,稅前淨利（淨損）,2378248,"2,378,248",sii,https://mopsov.twse.com.tw/mops/web/ajax_t163sb04
中游,伺服器滑軌與機殼,2059,川湖,2015,4,income_statement,所得稅費用（利益）,455286,"455,286",sii,https://mopsov.twse.com.tw/mops/web/ajax_t163sb04
中游,伺服器滑軌與機殼,2059,川湖,2015,4,income_statement,繼續營業單位本期淨利（淨損）,1922962,"1,922,962",sii,https://mopsov.twse.com.tw/mops/web/ajax_t163sb04
中游,伺服器滑軌與機殼,2059,川湖,2015,4,income_statement,停業單位損益,,--,sii,https://mopsov.twse.com.tw/mops/web/ajax_t163sb04
中游,伺服器滑軌與機殼,2059,川湖,2015,4,income_statement,合併前非屬共同控制股權損益,,--,sii,https://mopsov.twse.com.tw/mops/web/ajax_t163sb04
中游,伺服器滑軌與機殼,2059,川湖,2015,4,income_statement,本期淨利（淨損）,1922962,"1,922,962",sii,https://mopsov.twse.com.tw/mops/web/ajax_t163sb04
中游,伺服器滑軌與機殼,2059,川湖,2015,4,income_statement,其他綜合損益（淨額）,-4659,"-4,659",sii,https://mopsov.twse.com.tw/mops/web/ajax_t163sb04
中游,伺服器滑軌與機殼,2059,川湖,2015,4,income_statement,合併前非屬共同控制股權綜合損益淨額,,--,sii,https://mopsov.twse.com.tw/mops/web/ajax_t163sb04
中游,伺服器滑軌與機殼,2059,川湖,2015,4,income_statement,本期綜合損益總額,1918303,"1,918,303",sii,https://mopsov.twse.com.tw/mops/web/ajax_t163sb04
中游,伺服器滑軌與機殼,2059,川湖,2015,4,income_statement,淨利（淨損）歸屬於母公司業主,1922962,"1,922,962",sii,https://mopsov.twse.com.tw/mops/web/ajax_t163sb04
中游,伺服器滑軌與機殼,2059,川湖,2015,4,income_statement,淨利（淨損）歸屬於共同控制下前手權益,,--,sii,https://mopsov.twse.com.tw/mops/web/ajax_t163sb04
中游,伺服器滑軌與機殼,2059,川湖,2015,4,income_statement,淨利（淨損）歸屬於非控制權益,,--,sii,https://mopsov.twse.com.tw/mops/web/ajax_t163sb04
中游,伺服器滑軌與機殼,2059,川湖,2015,4,income_statement,綜合損益總額歸屬於母公司業主,1918303,"1,918,303",sii,https://mopsov.twse.com.tw/mops/web/ajax_t163sb04
中游,伺服器滑軌與機殼,2059,川湖,2015,4,income_statement,綜合損益總額歸屬於共同控制下前手權益,,--,sii,https://mopsov.twse.com.tw/mops/web/ajax_t163sb04
中游,伺服器滑軌與機殼,2059,川湖,2015,4,income_statement,綜合損益總額歸屬於非控制權益,,--,sii,https://mopsov.twse.com.tw/mops/web/ajax_t163sb04
中游,伺服器滑軌與機殼,2059,川湖,2015,4,income_statement,基本每股盈餘（元）,20.18,20.18,sii,https://mopsov.twse.com.tw/mops/web/ajax_t163sb04
中游,伺服器滑軌與機殼,8210,勤誠,2015,4,income_statement,營業收入,4439229,"4,439,229",sii,https://mopsov.twse.com.tw/mops/web/ajax_t163sb04
中游,伺服器滑軌與機殼,8210,勤誠,2015,4,income_statement,營業成本,3148434,"3,148,434",sii,https://mopsov.twse.com.tw/mops/web/ajax_t163sb04
中游,伺服器滑軌與機殼,8210,勤誠,2015,4,income_statement,營業毛利（毛損）,1290795,"1,290,795",sii,https://mopsov.twse.com.tw/mops/web/ajax_t163sb04
中游,伺服器滑軌與機殼,8210,勤誠,2015,4,income_statement,未實現銷貨（損）益,,--,sii,https://mopsov.twse.com.tw/mops/web/ajax_t163sb04
中游,伺服器滑軌與機殼,8210,勤誠,2015,4,income_statement,已實現銷貨（損）益,,--,sii,https://mopsov.twse.com.tw/mops/web/ajax_t163sb04
中游,伺服器滑軌與機殼,8210,勤誠,2015,4,income_statement,營業毛利（毛損）淨額,1290795,"1,290,795",sii,https://mopsov.twse.com.tw/mops/web/ajax_t163sb04
中游,伺服器滑軌與機殼,8210,勤誠,2015,4,income_statement,營業費用,697586,"697,586",sii,https://mopsov.twse.com.tw/mops/web/ajax_t163sb04
中游,伺服器滑軌與機殼,8210,勤誠,2015,4,income_statement,其他收益及費損淨額,,--,sii,https://mopsov.twse.com.tw/mops/web/ajax_t163sb04
中游,伺服器滑軌與機殼,8210,勤誠,2015,4,income_statement,營業利益（損失）,593209,"593,209",sii,https://mopsov.twse.com.tw/mops/web/ajax_t163sb04
中游,伺服器滑軌與機殼,8210,勤誠,2015,4,income_statement,營業外收入及支出,71698,"71,698",sii,https://mopsov.twse.com.tw/mops/web/ajax_t163sb04
中游,伺服器滑軌與機殼,8210,勤誠,2015,4,income_statement,稅前淨利（淨損）,664907,"664,907",sii,https://mopsov.twse.com.tw/mops/web/ajax_t163sb04
中游,伺服器滑軌與機殼,8210,勤誠,2015,4,income_statement,所得稅費用（利益）,160073,"160,073",sii,https://mopsov.twse.com.tw/mops/web/ajax_t163sb04
中游,伺服器滑軌與機殼,8210,勤誠,2015,4,income_statement,繼續營業單位本期淨利（淨損）,504834,"504,834",sii,https://mopsov.twse.com.tw/mops/web/ajax_t163sb04
中游,伺服器滑軌與機殼,8210,勤誠,2015,4,income_statement,停業單位損益,,--,sii,https://mopsov.twse.com.tw/mops/web/ajax_t163sb04
中游,伺服器滑軌與機殼,8210,勤誠,2015,4,income_statement,合併前非屬共同控制股權損益,,--,sii,https://mopsov.twse.com.tw/mops/web/ajax_t163sb04
中游,伺服器滑軌與機殼,8210,勤誠,2015,4,income_statement,本期淨利（淨損）,504834,"504,834",sii,https://mopsov.twse.com.tw/mops/web/ajax_t163sb04
中游,伺服器滑軌與機殼,8210,勤誠,2015,4,income_statement,其他綜合損益（淨額）,-36593,"-36,593",sii,https://mopsov.twse.com.tw/mops/web/ajax_t163sb04
中游,伺服器滑軌與機殼,8210,勤誠,2015,4,income_statement,合併前非屬共同控制股權綜合損益淨額,,--,sii,https://mopsov.twse.com.tw/mops/web/ajax_t163sb04
中游,伺服器滑軌與機殼,8210,勤誠,2015,4,income_statement,本期綜合損益總額,468241,"468,241",sii,https://mopsov.twse.com.tw/mops/web/ajax_t163sb04
中游,伺服器滑軌與機殼,8210,勤誠,2015,4,income_statement,淨利（淨損）歸屬於母公司業主,504834,"504,834",sii,https://mopsov.twse.com.tw/mops/web/ajax_t163sb04
中游,伺服器滑軌與機殼,8210,勤誠,2015,4,income_statement,淨利（淨損）歸屬於共同控制下前手權益,,--,sii,https://mopsov.twse.com.tw/mops/web/ajax_t163sb04
中游,伺服器滑軌與機殼,8210,勤誠,2015,4,income_statement,淨利（淨損）歸屬於非控制權益,,--,sii,https://mopsov.twse.com.tw/mops/web/ajax_t163sb04
中游,伺服器滑軌與機殼,8210,勤誠,2015,4,income_statement,綜合損益總額歸屬於母公司業主,468241,"468,241",sii,https://mopsov.twse.com.tw/mops/web/ajax_t163sb04
中游,伺服器滑軌與機殼,8210,勤誠,2015,4,income_statement,綜合損益總額歸屬於共同控制下前手權益,,--,sii,https://mopsov.twse.com.tw/mops/web/ajax_t163sb04
中游,伺服器滑軌與機殼,8210,勤誠,2015,4,income_statement,綜合損益總額歸屬於非控制權益,,--,sii,https://mopsov.twse.com.tw/mops/web/ajax_t163sb04
中游,伺服器滑軌與機殼,8210,勤誠,2015,4,income_statement,基本每股盈餘（元）,4.22,4.22,sii,https://mopsov.twse.com.tw/mops/web/ajax_t163sb04
中游,伺服器滑軌與機殼,6584,南俊國際,2015,4,income_statement,營業收入,1839616,"1,839,616",otc,https://mopsov.twse.com.tw/mops/web/ajax_t163sb04
中游,伺服器滑軌與機殼,6584,南俊國際,2015,4,income_statement,營業成本,1406961,"1,406,961",otc,https://mopsov.twse.com.tw/mops/web/ajax_t163sb04
中游,伺服器滑軌與機殼,6584,南俊國際,2015,4,income_statement,營業毛利（毛損）,432655,"432,655",otc,https://mopsov.twse.com.tw/mops/web/ajax_t163sb04
中游,伺服器滑軌與機殼,6584,南俊國際,2015,4,income_statement,未實現銷貨（損）益,,--,otc,https://mopsov.twse.com.tw/mops/web/ajax_t163sb04
中游,伺服器滑軌與機殼,6584,南俊國際,2015,4,income_statement,已實現銷貨（損）益,,--,otc,https://mopsov.twse.com.tw/mops/web/ajax_t163sb04
中游,伺服器滑軌與機殼,6584,南俊國際,2015,4,income_statement,營業毛利（毛損）淨額,432655,"432,655",otc,https://mopsov.twse.com.tw/mops/web/ajax_t163sb04
中游,伺服器滑軌與機殼,6584,南俊國際,2015,4,income_statement,營業費用,181397,"181,397",otc,https://mopsov.twse.com.tw/mops/web/ajax_t163sb04
中游,伺服器滑軌與機殼,6584,南俊國際,2015,4,income_statement,其他收益及費損淨額,,--,otc,https://mopsov.twse.com.tw/mops/web/ajax_t163sb04
中游,伺服器滑軌與機殼,6584,南俊國際,2015,4,income_statement,營業利益（損失）,251258,"251,258",otc,https://mopsov.twse.com.tw/mops/web/ajax_t163sb04
中游,伺服器滑軌與機殼,6584,南俊國際,2015,4,income_statement,營業外收入及支出,45090,"45,090",otc,https://mopsov.twse.com.tw/mops/web/ajax_t163sb04
中游,伺服器滑軌與機殼,6584,南俊國際,2015,4,income_statement,稅前淨利（淨損）,296348,"296,348",otc,https://mopsov.twse.com.tw/mops/web/ajax_t163sb04
中游,伺服器滑軌與機殼,6584,南俊國際,2015,4,income_statement,所得稅費用（利益）,62612,"62,612",otc,https://mopsov.twse.com.tw/mops/web/ajax_t163sb04
中游,伺服器滑軌與機殼,6584,南俊國際,2015,4,income_statement,繼續營業單位本期淨利（淨損）,233736,"233,736",otc,https://mopsov.twse.com.tw/mops/web/ajax_t163sb04
中游,伺服器滑軌與機殼,6584,南俊國際,2015,4,income_statement,停業單位損益,,--,otc,https://mopsov.twse.com.tw/mops/web/ajax_t163sb04
中游,伺服器滑軌與機殼,6584,南俊國際,2015,4,income_statement,合併前非屬共同控制股權損益,,--,otc,https://mopsov.twse.com.tw/mops/web/ajax_t163sb04
中游,伺服器滑軌與機殼,6584,南俊國際,2015,4,income_statement,本期淨利（淨損）,233736,"233,736",otc,https://mopsov.twse.com.tw/mops/web/ajax_t163sb04
中游,伺服器滑軌與機殼,6584,南俊國際,2015,4,income_statement,其他綜合損益（淨額）,-719,-719,otc,https://mopsov.twse.com.tw/mops/web/ajax_t163sb04
中游,伺服器滑軌與機殼,6584,南俊國際,2015,4,income_statement,合併前非屬共同控制股權綜合損益淨額,,--,otc,https://mopsov.twse.com.tw/mops/web/ajax_t163sb04
中游,伺服器滑軌與機殼,6584,南俊國際,2015,4,income_statement,本期綜合損益總額,233017,"233,017",otc,https://mopsov.twse.com.tw/mops/web/ajax_t163sb04
中游,伺服器滑軌與機殼,6584,南俊國際,2015,4,income_statement,淨利（淨損）歸屬於母公司業主,,--,otc,https://mopsov.twse.com.tw/mops/web/ajax_t163sb04
中游,伺服器滑軌與機殼,6584,南俊國際,2015,4,income_statement,淨利（淨損）歸屬於共同控制下前手權益,,--,otc,https://mopsov.twse.com.tw/mops/web/ajax_t163sb04
中游,伺服器滑軌與機殼,6584,南俊國際,2015,4,income_statement,淨利（淨損）歸屬於非控制權益,,--,otc,https://mopsov.twse.com.tw/mops/web/ajax_t163sb04
中游,伺服器滑軌與機殼,6584,南俊國際,2015,4,income_statement,綜合損益總額歸屬於母公司業主,,--,otc,https://mopsov.twse.com.tw/mops/web/ajax_t163sb04
中游,伺服器滑軌與機殼,6584,南俊國際,2015,4,income_statement,綜合損益總額歸屬於共同控制下前手權益,,--,otc,https://mopsov.twse.com.tw/mops/web/ajax_t163sb04
中游,伺服器滑軌與機殼,6584,南俊國際,2015,4,income_statement,綜合損益總額歸屬於非控制權益,,--,otc,https://mopsov.twse.com.tw/mops/web/ajax_t163sb04
中游,伺服器滑軌與機殼,6584,南俊國際,2015,4,income_statement,基本每股盈餘（元）,5.84,5.84,otc,https://mopsov.twse.com.tw/mops/web/ajax_t163sb04
中游,伺服器滑軌與機殼,2059,川湖,2015,4,balance_sheet,流動資產,7729968,"7,729,968",sii,https://mopsov.twse.com.tw/mops/web/ajax_t163sb05
中游,伺服器滑軌與機殼,2059,川湖,2015,4,balance_sheet,非流動資產,1511495,"1,511,495",sii,https://mopsov.twse.com.tw/mops/web/ajax_t163sb05
中游,伺服器滑軌與機殼,2059,川湖,2015,4,balance_sheet,資產總計,9241463,"9,241,463",sii,https://mopsov.twse.com.tw/mops/web/ajax_t163sb05
中游,伺服器滑軌與機殼,2059,川湖,2015,4,balance_sheet,流動負債,1011430,"1,011,430",sii,https://mopsov.twse.com.tw/mops/web/ajax_t163sb05
中游,伺服器滑軌與機殼,2059,川湖,2015,4,balance_sheet,非流動負債,161211,"161,211",sii,https://mopsov.twse.com.tw/mops/web/ajax_t163sb05
中游,伺服器滑軌與機殼,2059,川湖,2015,4,balance_sheet,負債總額,1172641,"1,172,641",sii,https://mopsov.twse.com.tw/mops/web/ajax_t163sb05
中游,伺服器滑軌與機殼,2059,川湖,2015,4,balance_sheet,股本,952971,"952,971",sii,https://mopsov.twse.com.tw/mops/web/ajax_t163sb05
中游,伺服器滑軌與機殼,2059,川湖,2015,4,balance_sheet,資本公積,796691,"796,691",sii,https://mopsov.twse.com.tw/mops/web/ajax_t163sb05
中游,伺服器滑軌與機殼,2059,川湖,2015,4,balance_sheet,保留盈餘,6308623,"6,308,623",sii,https://mopsov.twse.com.tw/mops/web/ajax_t163sb05
中游,伺服器滑軌與機殼,2059,川湖,2015,4,balance_sheet,其他權益,10537,"10,537",sii,https://mopsov.twse.com.tw/mops/web/ajax_t163sb05
中游,伺服器滑軌與機殼,2059,川湖,2015,4,balance_sheet,庫藏股票,0,0,sii,https://mopsov.twse.com.tw/mops/web/ajax_t163sb05
中游,伺服器滑軌與機殼,2059,川湖,2015,4,balance_sheet,歸屬於母公司業主之權益合計,8068822,"8,068,822",sii,https://mopsov.twse.com.tw/mops/web/ajax_t163sb05
中游,伺服器滑軌與機殼,2059,川湖,2015,4,balance_sheet,共同控制下前手權益,,--,sii,https://mopsov.twse.com.tw/mops/web/ajax_t163sb05
中游,伺服器滑軌與機殼,2059,川湖,2015,4,balance_sheet,合併前非屬共同控制股權,,--,sii,https://mopsov.twse.com.tw/mops/web/ajax_t163sb05
中游,伺服器滑軌與機殼,2059,川湖,2015,4,balance_sheet,非控制權益,0,0,sii,https://mopsov.twse.com.tw/mops/web/ajax_t163sb05
中游,伺服器滑軌與機殼,2059,川湖,2015,4,balance_sheet,權益總額,8068822,"8,068,822",sii,https://mopsov.twse.com.tw/mops/web/ajax_t163sb05
中游,伺服器滑軌與機殼,2059,川湖,2015,4,balance_sheet,待註銷股本股數（單位：股）,0,0,sii,https://mopsov.twse.com.tw/mops/web/ajax_t163sb05
中游,伺服器滑軌與機殼,2059,川湖,2015,4,balance_sheet,預收股款（權益項下）之約當發行股數（單位：股）,0,0,sii,https://mopsov.twse.com.tw/mops/web/ajax_t163sb05
中游,伺服器滑軌與機殼,2059,川湖,2015,4,balance_sheet,母公司暨子公司所持有之母公司庫藏股股數（單位：股）,0,0,sii,https://mopsov.twse.com.tw/mops/web/ajax_t163sb05
中游,伺服器滑軌與機殼,2059,川湖,2015,4,balance_sheet,每股參考淨值,84.67,84.67,sii,https://mopsov.twse.com.tw/mops/web/ajax_t163sb05
中游,伺服器滑軌與機殼,8210,勤誠,2015,4,balance_sheet,流動資產,3086512,"3,086,512",sii,https://mopsov.twse.com.tw/mops/web/ajax_t163sb05
中游,伺服器滑軌與機殼,8210,勤誠,2015,4,balance_sheet,非流動資產,1540076,"1,540,076",sii,https://mopsov.twse.com.tw/mops/web/ajax_t163sb05
中游,伺服器滑軌與機殼,8210,勤誠,2015,4,balance_sheet,資產總計,4626588,"4,626,588",sii,https://mopsov.twse.com.tw/mops/web/ajax_t163sb05
中游,伺服器滑軌與機殼,8210,勤誠,2015,4,balance_sheet,流動負債,1650124,"1,650,124",sii,https://mopsov.twse.com.tw/mops/web/ajax_t163sb05
中游,伺服器滑軌與機殼,8210,勤誠,2015,4,balance_sheet,非流動負債,268449,"268,449",sii,https://mopsov.twse.com.tw/mops/web/ajax_t163sb05
中游,伺服器滑軌與機殼,8210,勤誠,2015,4,balance_sheet,負債總額,1918573,"1,918,573",sii,https://mopsov.twse.com.tw/mops/web/ajax_t163sb05
中游,伺服器滑軌與機殼,8210,勤誠,2015,4,balance_sheet,股本,1201260,"1,201,260",sii,https://mopsov.twse.com.tw/mops/web/ajax_t163sb05
中游,伺服器滑軌與機殼,8210,勤誠,2015,4,balance_sheet,資本公積,56749,"56,749",sii,https://mopsov.twse.com.tw/mops/web/ajax_t163sb05
中游,伺服器滑軌與機殼,8210,勤誠,2015,4,balance_sheet,保留盈餘,1407689,"1,407,689",sii,https://mopsov.twse.com.tw/mops/web/ajax_t163sb05
中游,伺服器滑軌與機殼,8210,勤誠,2015,4,balance_sheet,其他權益,54857,"54,857",sii,https://mopsov.twse.com.tw/mops/web/ajax_t163sb05
中游,伺服器滑軌與機殼,8210,勤誠,2015,4,balance_sheet,庫藏股票,-12540,"-12,540",sii,https://mopsov.twse.com.tw/mops/web/ajax_t163sb05
中游,伺服器滑軌與機殼,8210,勤誠,2015,4,balance_sheet,歸屬於母公司業主之權益合計,2708015,"2,708,015",sii,https://mopsov.twse.com.tw/mops/web/ajax_t163sb05
中游,伺服器滑軌與機殼,8210,勤誠,2015,4,balance_sheet,共同控制下前手權益,,--,sii,https://mopsov.twse.com.tw/mops/web/ajax_t163sb05
中游,伺服器滑軌與機殼,8210,勤誠,2015,4,balance_sheet,合併前非屬共同控制股權,,--,sii,https://mopsov.twse.com.tw/mops/web/ajax_t163sb05
中游,伺服器滑軌與機殼,8210,勤誠,2015,4,balance_sheet,非控制權益,,--,sii,https://mopsov.twse.com.tw/mops/web/ajax_t163sb05
中游,伺服器滑軌與機殼,8210,勤誠,2015,4,balance_sheet,權益總額,2708015,"2,708,015",sii,https://mopsov.twse.com.tw/mops/web/ajax_t163sb05
中游,伺服器滑軌與機殼,8210,勤誠,2015,4,balance_sheet,待註銷股本股數（單位：股）,,--,sii,https://mopsov.twse.com.tw/mops/web/ajax_t163sb05
中游,伺服器滑軌與機殼,8210,勤誠,2015,4,balance_sheet,預收股款（權益項下）之約當發行股數（單位：股）,0,0,sii,https://mopsov.twse.com.tw/mops/web/ajax_t163sb05
中游,伺服器滑軌與機殼,8210,勤誠,2015,4,balance_sheet,母公司暨子公司所持有之母公司庫藏股股數（單位：股）,400000,"400,000",sii,https://mopsov.twse.com.tw/mops/web/ajax_t163sb05
中游,伺服器滑軌與機殼,8210,勤誠,2015,4,balance_sheet,每股參考淨值,22.62,22.62,sii,https://mopsov.twse.com.tw/mops/web/ajax_t163sb05
中游,伺服器滑軌與機殼,6584,南俊國際,2015,4,balance_sheet,流動資產,909290,"909,290",otc,https://mopsov.twse.com.tw/mops/web/ajax_t163sb05
中游,伺服器滑軌與機殼,6584,南俊國際,2015,4,balance_sheet,非流動資產,1050545,"1,050,545",otc,https://mopsov.twse.com.tw/mops/web/ajax_t163sb05
中游,伺服器滑軌與機殼,6584,南俊國際,2015,4,balance_sheet,資產總計,1959835,"1,959,835",otc,https://mopsov.twse.com.tw/mops/web/ajax_t163sb05
中游,伺服器滑軌與機殼,6584,南俊國際,2015,4,balance_sheet,流動負債,730094,"730,094",otc,https://mopsov.twse.com.tw/mops/web/ajax_t163sb05
中游,伺服器滑軌與機殼,6584,南俊國際,2015,4,balance_sheet,非流動負債,318475,"318,475",otc,https://mopsov.twse.com.tw/mops/web/ajax_t163sb05
中游,伺服器滑軌與機殼,6584,南俊國際,2015,4,balance_sheet,負債總額,1048569,"1,048,569",otc,https://mopsov.twse.com.tw/mops/web/ajax_t163sb05
中游,伺服器滑軌與機殼,6584,南俊國際,2015,4,balance_sheet,股本,400000,"400,000",otc,https://mopsov.twse.com.tw/mops/web/ajax_t163sb05
中游,伺服器滑軌與機殼,6584,南俊國際,2015,4,balance_sheet,資本公積,36000,"36,000",otc,https://mopsov.twse.com.tw/mops/web/ajax_t163sb05
中游,伺服器滑軌與機殼,6584,南俊國際,2015,4,balance_sheet,保留盈餘,475266,"475,266",otc,https://mopsov.twse.com.tw/mops/web/ajax_t163sb05
中游,伺服器滑軌與機殼,6584,南俊國際,2015,4,balance_sheet,其他權益,,--,otc,https://mopsov.twse.com.tw/mops/web/ajax_t163sb05
中游,伺服器滑軌與機殼,6584,南俊國際,2015,4,balance_sheet,庫藏股票,,--,otc,https://mopsov.twse.com.tw/mops/web/ajax_t163sb05
中游,伺服器滑軌與機殼,6584,南俊國際,2015,4,balance_sheet,歸屬於母公司業主之權益合計,,--,otc,https://mopsov.twse.com.tw/mops/web/ajax_t163sb05
中游,伺服器滑軌與機殼,6584,南俊國際,2015,4,balance_sheet,共同控制下前手權益,,--,otc,https://mopsov.twse.com.tw/mops/web/ajax_t163sb05
中游,伺服器滑軌與機殼,6584,南俊國際,2015,4,balance_sheet,合併前非屬共同控制股權,,--,otc,https://mopsov.twse.com.tw/mops/web/ajax_t163sb05
中游,伺服器滑軌與機殼,6584,南俊國際,2015,4,balance_sheet,非控制權益,,--,otc,https://mopsov.twse.com.tw/mops/web/ajax_t163sb05
中游,伺服器滑軌與機殼,6584,南俊國際,2015,4,balance_sheet,權益總額,911266,"911,266",otc,https://mopsov.twse.com.tw/mops/web/ajax_t163sb05
中游,伺服器滑軌與機殼,6584,南俊國際,2015,4,balance_sheet,待註銷股本股數（單位：股）,0,0,otc,https://mopsov.twse.com.tw/mops/web/ajax_t163sb05
中游,伺服器滑軌與機殼,6584,南俊國際,2015,4,balance_sheet,預收股款（權益項下）之約當發行股數（單位：股）,0,0,otc,https://mopsov.twse.com.tw/mops/web/ajax_t163sb05
中游,伺服器滑軌與機殼,6584,南俊國際,2015,4,balance_sheet,母公司暨子公司所持有之母公司庫藏股股數（單位：股）,0,0,otc,https://mopsov.twse.com.tw/mops/web/ajax_t163sb05
中游,伺服器滑軌與機殼,6584,南俊國際,2015,4,balance_sheet,每股參考淨值,22.78,22.78,otc,https://mopsov.twse.com.tw/mops/web/ajax_t163sb05
中游,伺服器滑軌與機殼,2059,川湖,2015,4,cash_flow,營業活動之淨現金流入（流出）,2235642,"2,235,642",sii,https://mopsov.twse.com.tw/mops/web/ajax_t163sb20
中游,伺服器滑軌與機殼,2059,川湖,2015,4,cash_flow,投資活動之淨現金流入（流出）,-80952,"-80,952",sii,https://mopsov.twse.com.tw/mops/web/ajax_t163sb20
中游,伺服器滑軌與機殼,2059,川湖,2015,4,cash_flow,籌資活動之淨現金流入（流出）,-1207674,"-1,207,674",sii,https://mopsov.twse.com.tw/mops/web/ajax_t163sb20
中游,伺服器滑軌與機殼,2059,川湖,2015,4,cash_flow,匯率變動對現金及約當現金之影響,-162,-162,sii,https://mopsov.twse.com.tw/mops/web/ajax_t163sb20
中游,伺服器滑軌與機殼,2059,川湖,2015,4,cash_flow,本期現金及約當現金增加（減少）數,946854,"946,854",sii,https://mopsov.twse.com.tw/mops/web/ajax_t163sb20
中游,伺服器滑軌與機殼,2059,川湖,2015,4,cash_flow,期初現金及約當現金餘額,5396781,"5,396,781",sii,https://mopsov.twse.com.tw/mops/web/ajax_t163sb20
中游,伺服器滑軌與機殼,2059,川湖,2015,4,cash_flow,期末現金及約當現金餘額,6343635,"6,343,635",sii,https://mopsov.twse.com.tw/mops/web/ajax_t163sb20
中游,伺服器滑軌與機殼,8210,勤誠,2015,4,cash_flow,營業活動之淨現金流入（流出）,473182,"473,182",sii,https://mopsov.twse.com.tw/mops/web/ajax_t163sb20
中游,伺服器滑軌與機殼,8210,勤誠,2015,4,cash_flow,投資活動之淨現金流入（流出）,-180924,"-180,924",sii,https://mopsov.twse.com.tw/mops/web/ajax_t163sb20
中游,伺服器滑軌與機殼,8210,勤誠,2015,4,cash_flow,籌資活動之淨現金流入（流出）,-440667,"-440,667",sii,https://mopsov.twse.com.tw/mops/web/ajax_t163sb20
中游,伺服器滑軌與機殼,8210,勤誠,2015,4,cash_flow,匯率變動對現金及約當現金之影響,-15461,"-15,461",sii,https://mopsov.twse.com.tw/mops/web/ajax_t163sb20
中游,伺服器滑軌與機殼,8210,勤誠,2015,4,cash_flow,本期現金及約當現金增加（減少）數,-163870,"-163,870",sii,https://mopsov.twse.com.tw/mops/web/ajax_t163sb20
中游,伺服器滑軌與機殼,8210,勤誠,2015,4,cash_flow,期初現金及約當現金餘額,1597947,"1,597,947",sii,https://mopsov.twse.com.tw/mops/web/ajax_t163sb20
中游,伺服器滑軌與機殼,8210,勤誠,2015,4,cash_flow,期末現金及約當現金餘額,1434077,"1,434,077",sii,https://mopsov.twse.com.tw/mops/web/ajax_t163sb20
中游,伺服器滑軌與機殼,6584,南俊國際,2015,4,cash_flow,營業活動之淨現金流入（流出）,315440,"315,440",otc,https://mopsov.twse.com.tw/mops/web/ajax_t163sb20
中游,伺服器滑軌與機殼,6584,南俊國際,2015,4,cash_flow,投資活動之淨現金流入（流出）,-544018,"-544,018",otc,https://mopsov.twse.com.tw/mops/web/ajax_t163sb20
中游,伺服器滑軌與機殼,6584,南俊國際,2015,4,cash_flow,籌資活動之淨現金流入（流出）,203637,"203,637",otc,https://mopsov.twse.com.tw/mops/web/ajax_t163sb20
中游,伺服器滑軌與機殼,6584,南俊國際,2015,4,cash_flow,匯率變動對現金及約當現金之影響,,--,otc,https://mopsov.twse.com.tw/mops/web/ajax_t163sb20
中游,伺服器滑軌與機殼,6584,南俊國際,2015,4,cash_flow,本期現金及約當現金增加（減少）數,-24941,"-24,941",otc,https://mopsov.twse.com.tw/mops/web/ajax_t163sb20
中游,伺服器滑軌與機殼,6584,南俊國際,2015,4,cash_flow,期初現金及約當現金餘額,48586,"48,586",otc,https://mopsov.twse.com.tw/mops/web/ajax_t163sb20
中游,伺服器滑軌與機殼,6584,南俊國際,2015,4,cash_flow,期末現金及約當現金餘額,23645,"23,645",otc,https://mopsov.twse.com.tw/mops/web/ajax_t163sb20
中游,伺服器滑軌與機殼,2059,川湖,2016,1,income_statement,營業收入,980434,"980,434",sii,https://mopsov.twse.com.tw/mops/web/ajax_t163sb04
中游,伺服器滑軌與機殼,2059,川湖,2016,1,income_statement,營業成本,406578,"406,578",sii,https://mopsov.twse.com.tw/mops/web/ajax_t163sb04
中游,伺服器滑軌與機殼,2059,川湖,2016,1,income_statement,營業毛利（毛損）,573856,"573,856",sii,https://mopsov.twse.com.tw/mops/web/ajax_t163sb04
中游,伺服器滑軌與機殼,2059,川湖,2016,1,income_statement,未實現銷貨（損）益,,--,sii,https://mopsov.twse.com.tw/mops/web/ajax_t163sb04
中游,伺服器滑軌與機殼,2059,川湖,2016,1,income_statement,已實現銷貨（損）益,,--,sii,https://mopsov.twse.com.tw/mops/web/ajax_t163sb04
中游,伺服器滑軌與機殼,2059,川湖,2016,1,income_statement,營業毛利（毛損）淨額,573856,"573,856",sii,https://mopsov.twse.com.tw/mops/web/ajax_t163sb04
中游,伺服器滑軌與機殼,2059,川湖,2016,1,income_statement,營業費用,137599,"137,599",sii,https://mopsov.twse.com.tw/mops/web/ajax_t163sb04
中游,伺服器滑軌與機殼,2059,川湖,2016,1,income_statement,其他收益及費損淨額,,--,sii,https://mopsov.twse.com.tw/mops/web/ajax_t163sb04
中游,伺服器滑軌與機殼,2059,川湖,2016,1,income_statement,營業利益（損失）,436257,"436,257",sii,https://mopsov.twse.com.tw/mops/web/ajax_t163sb04
中游,伺服器滑軌與機殼,2059,川湖,2016,1,income_statement,營業外收入及支出,-127435,"-127,435",sii,https://mopsov.twse.com.tw/mops/web/ajax_t163sb04
中游,伺服器滑軌與機殼,2059,川湖,2016,1,income_statement,稅前淨利（淨損）,308822,"308,822",sii,https://mopsov.twse.com.tw/mops/web/ajax_t163sb04
中游,伺服器滑軌與機殼,2059,川湖,2016,1,income_statement,所得稅費用（利益）,33486,"33,486",sii,https://mopsov.twse.com.tw/mops/web/ajax_t163sb04
中游,伺服器滑軌與機殼,2059,川湖,2016,1,income_statement,繼續營業單位本期淨利（淨損）,275336,"275,336",sii,https://mopsov.twse.com.tw/mops/web/ajax_t163sb04
中游,伺服器滑軌與機殼,2059,川湖,2016,1,income_statement,停業單位損益,,--,sii,https://mopsov.twse.com.tw/mops/web/ajax_t163sb04
中游,伺服器滑軌與機殼,2059,川湖,2016,1,income_statement,合併前非屬共同控制股權損益,,--,sii,https://mopsov.twse.com.tw/mops/web/ajax_t163sb04
中游,伺服器滑軌與機殼,2059,川湖,2016,1,income_statement,本期淨利（淨損）,275336,"275,336",sii,https://mopsov.twse.com.tw/mops/web/ajax_t163sb04
中游,伺服器滑軌與機殼,2059,川湖,2016,1,income_statement,其他綜合損益（淨額）,-3284,"-3,284",sii,https://mopsov.twse.com.tw/mops/web/ajax_t163sb04
中游,伺服器滑軌與機殼,2059,川湖,2016,1,income_statement,合併前非屬共同控制股權綜合損益淨額,,--,sii,https://mopsov.twse.com.tw/mops/web/ajax_t163sb04
中游,伺服器滑軌與機殼,2059,川湖,2016,1,income_statement,本期綜合損益總額,272052,"272,052",sii,https://mopsov.twse.com.tw/mops/web/ajax_t163sb04
中游,伺服器滑軌與機殼,2059,川湖,2016,1,income_statement,淨利（淨損）歸屬於母公司業主,275336,"275,336",sii,https://mopsov.twse.com.tw/mops/web/ajax_t163sb04
中游,伺服器滑軌與機殼,2059,川湖,2016,1,income_statement,淨利（淨損）歸屬於共同控制下前手權益,,--,sii,https://mopsov.twse.com.tw/mops/web/ajax_t163sb04
中游,伺服器滑軌與機殼,2059,川湖,2016,1,income_statement,淨利（淨損）歸屬於非控制權益,,--,sii,https://mopsov.twse.com.tw/mops/web/ajax_t163sb04
中游,伺服器滑軌與機殼,2059,川湖,2016,1,income_statement,綜合損益總額歸屬於母公司業主,272052,"272,052",sii,https://mopsov.twse.com.tw/mops/web/ajax_t163sb04
中游,伺服器滑軌與機殼,2059,川湖,2016,1,income_statement,綜合損益總額歸屬於共同控制下前手權益,,--,sii,https://mopsov.twse.com.tw/mops/web/ajax_t163sb04
中游,伺服器滑軌與機殼,2059,川湖,2016,1,income_statement,綜合損益總額歸屬於非控制權益,,--,sii,https://mopsov.twse.com.tw/mops/web/ajax_t163sb04
中游,伺服器滑軌與機殼,2059,川湖,2016,1,income_statement,基本每股盈餘（元）,2.89,2.89,sii,https://mopsov.twse.com.tw/mops/web/ajax_t163sb04
中游,伺服器滑軌與機殼,8210,勤誠,2016,1,income_statement,營業收入,1175155,"1,175,155",sii,https://mopsov.twse.com.tw/mops/web/ajax_t163sb04
中游,伺服器滑軌與機殼,8210,勤誠,2016,1,income_statement,營業成本,818501,"818,501",sii,https://mopsov.twse.com.tw/mops/web/ajax_t163sb04
中游,伺服器滑軌與機殼,8210,勤誠,2016,1,income_statement,營業毛利（毛損）,356654,"356,654",sii,https://mopsov.twse.com.tw/mops/web/ajax_t163sb04
中游,伺服器滑軌與機殼,8210,勤誠,2016,1,income_statement,未實現銷貨（損）益,,--,sii,https://mopsov.twse.com.tw/mops/web/ajax_t163sb04
中游,伺服器滑軌與機殼,8210,勤誠,2016,1,income_statement,已實現銷貨（損）益,,--,sii,https://mopsov.twse.com.tw/mops/web/ajax_t163sb04
中游,伺服器滑軌與機殼,8210,勤誠,2016,1,income_statement,營業毛利（毛損）淨額,356654,"356,654",sii,https://mopsov.twse.com.tw/mops/web/ajax_t163sb04
中游,伺服器滑軌與機殼,8210,勤誠,2016,1,income_statement,營業費用,175903,"175,903",sii,https://mopsov.twse.com.tw/mops/web/ajax_t163sb04
中游,伺服器滑軌與機殼,8210,勤誠,2016,1,income_statement,其他收益及費損淨額,,--,sii,https://mopsov.twse.com.tw/mops/web/ajax_t163sb04
中游,伺服器滑軌與機殼,8210,勤誠,2016,1,income_statement,營業利益（損失）,180751,"180,751",sii,https://mopsov.twse.com.tw/mops/web/ajax_t163sb04
中游,伺服器滑軌與機殼,8210,勤誠,2016,1,income_statement,營業外收入及支出,-13158,"-13,158",sii,https://mopsov.twse.com.tw/mops/web/ajax_t163sb04
中游,伺服器滑軌與機殼,8210,勤誠,2016,1,income_statement,稅前淨利（淨損）,167593,"167,593",sii,https://mopsov.twse.com.tw/mops/web/ajax_t163sb04
中游,伺服器滑軌與機殼,8210,勤誠,2016,1,income_statement,所得稅費用（利益）,56163,"56,163",sii,https://mopsov.twse.com.tw/mops/web/ajax_t163sb04
中游,伺服器滑軌與機殼,8210,勤誠,2016,1,income_statement,繼續營業單位本期淨利（淨損）,111430,"111,430",sii,https://mopsov.twse.com.tw/mops/web/ajax_t163sb04
中游,伺服器滑軌與機殼,8210,勤誠,2016,1,income_statement,停業單位損益,,--,sii,https://mopsov.twse.com.tw/mops/web/ajax_t163sb04
中游,伺服器滑軌與機殼,8210,勤誠,2016,1,income_statement,合併前非屬共同控制股權損益,,--,sii,https://mopsov.twse.com.tw/mops/web/ajax_t163sb04
中游,伺服器滑軌與機殼,8210,勤誠,2016,1,income_statement,本期淨利（淨損）,111430,"111,430",sii,https://mopsov.twse.com.tw/mops/web/ajax_t163sb04
中游,伺服器滑軌與機殼,8210,勤誠,2016,1,income_statement,其他綜合損益（淨額）,-3240,"-3,240",sii,https://mopsov.twse.com.tw/mops/web/ajax_t163sb04
中游,伺服器滑軌與機殼,8210,勤誠,2016,1,income_statement,合併前非屬共同控制股權綜合損益淨額,,--,sii,https://mopsov.twse.com.tw/mops/web/ajax_t163sb04
中游,伺服器滑軌與機殼,8210,勤誠,2016,1,income_statement,本期綜合損益總額,108190,"108,190",sii,https://mopsov.twse.com.tw/mops/web/ajax_t163sb04
中游,伺服器滑軌與機殼,8210,勤誠,2016,1,income_statement,淨利（淨損）歸屬於母公司業主,111430,"111,430",sii,https://mopsov.twse.com.tw/mops/web/ajax_t163sb04
中游,伺服器滑軌與機殼,8210,勤誠,2016,1,income_statement,淨利（淨損）歸屬於共同控制下前手權益,,--,sii,https://mopsov.twse.com.tw/mops/web/ajax_t163sb04
中游,伺服器滑軌與機殼,8210,勤誠,2016,1,income_statement,淨利（淨損）歸屬於非控制權益,,--,sii,https://mopsov.twse.com.tw/mops/web/ajax_t163sb04
中游,伺服器滑軌與機殼,8210,勤誠,2016,1,income_statement,綜合損益總額歸屬於母公司業主,108190,"108,190",sii,https://mopsov.twse.com.tw/mops/web/ajax_t163sb04
中游,伺服器滑軌與機殼,8210,勤誠,2016,1,income_statement,綜合損益總額歸屬於共同控制下前手權益,,--,sii,https://mopsov.twse.com.tw/mops/web/ajax_t163sb04
中游,伺服器滑軌與機殼,8210,勤誠,2016,1,income_statement,綜合損益總額歸屬於非控制權益,,--,sii,https://mopsov.twse.com.tw/mops/web/ajax_t163sb04
中游,伺服器滑軌與機殼,8210,勤誠,2016,1,income_statement,基本每股盈餘（元）,0.93,0.93,sii,https://mopsov.twse.com.tw/mops/web/ajax_t163sb04
中游,伺服器滑軌與機殼,2059,川湖,2016,1,balance_sheet,流動資產,7880496,"7,880,496",sii,https://mopsov.twse.com.tw/mops/web/ajax_t163sb05
中游,伺服器滑軌與機殼,2059,川湖,2016,1,balance_sheet,非流動資產,1495916,"1,495,916",sii,https://mopsov.twse.com.tw/mops/web/ajax_t163sb05
中游,伺服器滑軌與機殼,2059,川湖,2016,1,balance_sheet,資產總計,9376412,"9,376,412",sii,https://mopsov.twse.com.tw/mops/web/ajax_t163sb05
中游,伺服器滑軌與機殼,2059,川湖,2016,1,balance_sheet,流動負債,920126,"920,126",sii,https://mopsov.twse.com.tw/mops/web/ajax_t163sb05
中游,伺服器滑軌與機殼,2059,川湖,2016,1,balance_sheet,非流動負債,115412,"115,412",sii,https://mopsov.twse.com.tw/mops/web/ajax_t163sb05
中游,伺服器滑軌與機殼,2059,川湖,2016,1,balance_sheet,負債總額,1035538,"1,035,538",sii,https://mopsov.twse.com.tw/mops/web/ajax_t163sb05
中游,伺服器滑軌與機殼,2059,川湖,2016,1,balance_sheet,股本,952971,"952,971",sii,https://mopsov.twse.com.tw/mops/web/ajax_t163sb05
中游,伺服器滑軌與機殼,2059,川湖,2016,1,balance_sheet,資本公積,796691,"796,691",sii,https://mopsov.twse.com.tw/mops/web/ajax_t163sb05
中游,伺服器滑軌與機殼,2059,川湖,2016,1,balance_sheet,保留盈餘,6583959,"6,583,959",sii,https://mopsov.twse.com.tw/mops/web/ajax_t163sb05
中游,伺服器滑軌與機殼,2059,川湖,2016,1,balance_sheet,其他權益,7253,"7,253",sii,https://mopsov.twse.com.tw/mops/web/ajax_t163sb05
中游,伺服器滑軌與機殼,2059,川湖,2016,1,balance_sheet,庫藏股票,0,0,sii,https://mopsov.twse.com.tw/mops/web/ajax_t163sb05
中游,伺服器滑軌與機殼,2059,川湖,2016,1,balance_sheet,歸屬於母公司業主之權益合計,8340874,"8,340,874",sii,https://mopsov.twse.com.tw/mops/web/ajax_t163sb05
中游,伺服器滑軌與機殼,2059,川湖,2016,1,balance_sheet,共同控制下前手權益,,--,sii,https://mopsov.twse.com.tw/mops/web/ajax_t163sb05
中游,伺服器滑軌與機殼,2059,川湖,2016,1,balance_sheet,合併前非屬共同控制股權,,--,sii,https://mopsov.twse.com.tw/mops/web/ajax_t163sb05
中游,伺服器滑軌與機殼,2059,川湖,2016,1,balance_sheet,非控制權益,0,0,sii,https://mopsov.twse.com.tw/mops/web/ajax_t163sb05
中游,伺服器滑軌與機殼,2059,川湖,2016,1,balance_sheet,權益總額,8340874,"8,340,874",sii,https://mopsov.twse.com.tw/mops/web/ajax_t163sb05
中游,伺服器滑軌與機殼,2059,川湖,2016,1,balance_sheet,待註銷股本股數（單位：股）,0,0,sii,https://mopsov.twse.com.tw/mops/web/ajax_t163sb05
中游,伺服器滑軌與機殼,2059,川湖,2016,1,balance_sheet,預收股款（權益項下）之約當發行股數（單位：股）,0,0,sii,https://mopsov.twse.com.tw/mops/web/ajax_t163sb05
中游,伺服器滑軌與機殼,2059,川湖,2016,1,balance_sheet,母公司暨子公司所持有之母公司庫藏股股數（單位：股）,0,0,sii,https://mopsov.twse.com.tw/mops/web/ajax_t163sb05
中游,伺服器滑軌與機殼,2059,川湖,2016,1,balance_sheet,每股參考淨值,87.52,87.52,sii,https://mopsov.twse.com.tw/mops/web/ajax_t163sb05
中游,伺服器滑軌與機殼,8210,勤誠,2016,1,balance_sheet,流動資產,2972180,"2,972,180",sii,https://mopsov.twse.com.tw/mops/web/ajax_t163sb05
中游,伺服器滑軌與機殼,8210,勤誠,2016,1,balance_sheet,非流動資產,1647095,"1,647,095",sii,https://mopsov.twse.com.tw/mops/web/ajax_t163sb05
中游,伺服器滑軌與機殼,8210,勤誠,2016,1,balance_sheet,資產總計,4619275,"4,619,275",sii,https://mopsov.twse.com.tw/mops/web/ajax_t163sb05
中游,伺服器滑軌與機殼,8210,勤誠,2016,1,balance_sheet,流動負債,1558147,"1,558,147",sii,https://mopsov.twse.com.tw/mops/web/ajax_t163sb05
中游,伺服器滑軌與機殼,8210,勤誠,2016,1,balance_sheet,非流動負債,244923,"244,923",sii,https://mopsov.twse.com.tw/mops/web/ajax_t163sb05
中游,伺服器滑軌與機殼,8210,勤誠,2016,1,balance_sheet,負債總額,1803070,"1,803,070",sii,https://mopsov.twse.com.tw/mops/web/ajax_t163sb05
中游,伺服器滑軌與機殼,8210,勤誠,2016,1,balance_sheet,股本,1201260,"1,201,260",sii,https://mopsov.twse.com.tw/mops/web/ajax_t163sb05
中游,伺服器滑軌與機殼,8210,勤誠,2016,1,balance_sheet,資本公積,56749,"56,749",sii,https://mopsov.twse.com.tw/mops/web/ajax_t163sb05
中游,伺服器滑軌與機殼,8210,勤誠,2016,1,balance_sheet,保留盈餘,1519119,"1,519,119",sii,https://mopsov.twse.com.tw/mops/web/ajax_t163sb05
中游,伺服器滑軌與機殼,8210,勤誠,2016,1,balance_sheet,其他權益,51617,"51,617",sii,https://mopsov.twse.com.tw/mops/web/ajax_t163sb05
中游,伺服器滑軌與機殼,8210,勤誠,2016,1,balance_sheet,庫藏股票,-12540,"-12,540",sii,https://mopsov.twse.com.tw/mops/web/ajax_t163sb05
中游,伺服器滑軌與機殼,8210,勤誠,2016,1,balance_sheet,歸屬於母公司業主之權益合計,2816205,"2,816,205",sii,https://mopsov.twse.com.tw/mops/web/ajax_t163sb05
中游,伺服器滑軌與機殼,8210,勤誠,2016,1,balance_sheet,共同控制下前手權益,,--,sii,https://mopsov.twse.com.tw/mops/web/ajax_t163sb05
中游,伺服器滑軌與機殼,8210,勤誠,2016,1,balance_sheet,合併前非屬共同控制股權,,--,sii,https://mopsov.twse.com.tw/mops/web/ajax_t163sb05
中游,伺服器滑軌與機殼,8210,勤誠,2016,1,balance_sheet,非控制權益,,--,sii,https://mopsov.twse.com.tw/mops/web/ajax_t163sb05
中游,伺服器滑軌與機殼,8210,勤誠,2016,1,balance_sheet,權益總額,2816205,"2,816,205",sii,https://mopsov.twse.com.tw/mops/web/ajax_t163sb05
中游,伺服器滑軌與機殼,8210,勤誠,2016,1,balance_sheet,待註銷股本股數（單位：股）,,--,sii,https://mopsov.twse.com.tw/mops/web/ajax_t163sb05
中游,伺服器滑軌與機殼,8210,勤誠,2016,1,balance_sheet,預收股款（權益項下）之約當發行股數（單位：股）,0,0,sii,https://mopsov.twse.com.tw/mops/web/ajax_t163sb05
中游,伺服器滑軌與機殼,8210,勤誠,2016,1,balance_sheet,母公司暨子公司所持有之母公司庫藏股股數（單位：股）,400000,"400,000",sii,https://mopsov.twse.com.tw/mops/web/ajax_t163sb05
中游,伺服器滑軌與機殼,8210,勤誠,2016,1,balance_sheet,每股參考淨值,23.52,23.52,sii,https://mopsov.twse.com.tw/mops/web/ajax_t163sb05
中游,伺服器滑軌與機殼,2059,川湖,2016,1,cash_flow,營業活動之淨現金流入（流出）,303911,"303,911",sii,https://mopsov.twse.com.tw/mops/web/ajax_t163sb20
中游,伺服器滑軌與機殼,2059,川湖,2016,1,cash_flow,投資活動之淨現金流入（流出）,-29844,"-29,844",sii,https://mopsov.twse.com.tw/mops/web/ajax_t163sb20
中游,伺服器滑軌與機殼,2059,川湖,2016,1,cash_flow,籌資活動之淨現金流入（流出）,0,0,sii,https://mopsov.twse.com.tw/mops/web/ajax_t163sb20
中游,伺服器滑軌與機殼,2059,川湖,2016,1,cash_flow,匯率變動對現金及約當現金之影響,-567,-567,sii,https://mopsov.twse.com.tw/mops/web/ajax_t163sb20
中游,伺服器滑軌與機殼,2059,川湖,2016,1,cash_flow,本期現金及約當現金增加（減少）數,273500,"273,500",sii,https://mopsov.twse.com.tw/mops/web/ajax_t163sb20
中游,伺服器滑軌與機殼,2059,川湖,2016,1,cash_flow,期初現金及約當現金餘額,6343635,"6,343,635",sii,https://mopsov.twse.com.tw/mops/web/ajax_t163sb20
中游,伺服器滑軌與機殼,2059,川湖,2016,1,cash_flow,期末現金及約當現金餘額,6617135,"6,617,135",sii,https://mopsov.twse.com.tw/mops/web/ajax_t163sb20
中游,伺服器滑軌與機殼,8210,勤誠,2016,1,cash_flow,營業活動之淨現金流入（流出）,77360,"77,360",sii,https://mopsov.twse.com.tw/mops/web/ajax_t163sb20
中游,伺服器滑軌與機殼,8210,勤誠,2016,1,cash_flow,投資活動之淨現金流入（流出）,-135902,"-135,902",sii,https://mopsov.twse.com.tw/mops/web/ajax_t163sb20
中游,伺服器滑軌與機殼,8210,勤誠,2016,1,cash_flow,籌資活動之淨現金流入（流出）,-42494,"-42,494",sii,https://mopsov.twse.com.tw/mops/web/ajax_t163sb20
中游,伺服器滑軌與機殼,8210,勤誠,2016,1,cash_flow,匯率變動對現金及約當現金之影響,3801,"3,801",sii,https://mopsov.twse.com.tw/mops/web/ajax_t163sb20
中游,伺服器滑軌與機殼,8210,勤誠,2016,1,cash_flow,本期現金及約當現金增加（減少）數,-97235,"-97,235",sii,https://mopsov.twse.com.tw/mops/web/ajax_t163sb20
中游,伺服器滑軌與機殼,8210,勤誠,2016,1,cash_flow,期初現金及約當現金餘額,1434077,"1,434,077",sii,https://mopsov.twse.com.tw/mops/web/ajax_t163sb20
中游,伺服器滑軌與機殼,8210,勤誠,2016,1,cash_flow,期末現金及約當現金餘額,1336842,"1,336,842",sii,https://mopsov.twse.com.tw/mops/web/ajax_t163sb20
中游,伺服器滑軌與機殼,2059,川湖,2016,2,income_statement,營業收入,2075636,"2,075,636",sii,https://mopsov.twse.com.tw/mops/web/ajax_t163sb04
中游,伺服器滑軌與機殼,2059,川湖,2016,2,income_statement,營業成本,889369,"889,369",sii,https://mopsov.twse.com.tw/mops/web/ajax_t163sb04
中游,伺服器滑軌與機殼,2059,川湖,2016,2,income_statement,營業毛利（毛損）,1186267,"1,186,267",sii,https://mopsov.twse.com.tw/mops/web/ajax_t163sb04
中游,伺服器滑軌與機殼,2059,川湖,2016,2,income_statement,未實現銷貨（損）益,,--,sii,https://mopsov.twse.com.tw/mops/web/ajax_t163sb04
中游,伺服器滑軌與機殼,2059,川湖,2016,2,income_statement,已實現銷貨（損）益,,--,sii,https://mopsov.twse.com.tw/mops/web/ajax_t163sb04
中游,伺服器滑軌與機殼,2059,川湖,2016,2,income_statement,營業毛利（毛損）淨額,1186267,"1,186,267",sii,https://mopsov.twse.com.tw/mops/web/ajax_t163sb04
中游,伺服器滑軌與機殼,2059,川湖,2016,2,income_statement,營業費用,264617,"264,617",sii,https://mopsov.twse.com.tw/mops/web/ajax_t163sb04
中游,伺服器滑軌與機殼,2059,川湖,2016,2,income_statement,其他收益及費損淨額,,--,sii,https://mopsov.twse.com.tw/mops/web/ajax_t163sb04
中游,伺服器滑軌與機殼,2059,川湖,2016,2,income_statement,營業利益（損失）,921650,"921,650",sii,https://mopsov.twse.com.tw/mops/web/ajax_t163sb04
中游,伺服器滑軌與機殼,2059,川湖,2016,2,income_statement,營業外收入及支出,-92430,"-92,430",sii,https://mopsov.twse.com.tw/mops/web/ajax_t163sb04
中游,伺服器滑軌與機殼,2059,川湖,2016,2,income_statement,稅前淨利（淨損）,829220,"829,220",sii,https://mopsov.twse.com.tw/mops/web/ajax_t163sb04
中游,伺服器滑軌與機殼,2059,川湖,2016,2,income_statement,所得稅費用（利益）,249458,"249,458",sii,https://mopsov.twse.com.tw/mops/web/ajax_t163sb04
中游,伺服器滑軌與機殼,2059,川湖,2016,2,income_statement,繼續營業單位本期淨利（淨損）,579762,"579,762",sii,https://mopsov.twse.com.tw/mops/web/ajax_t163sb04
中游,伺服器滑軌與機殼,2059,川湖,2016,2,income_statement,停業單位損益,,--,sii,https://mopsov.twse.com.tw/mops/web/ajax_t163sb04
中游,伺服器滑軌與機殼,2059,川湖,2016,2,income_statement,合併前非屬共同控制股權損益,,--,sii,https://mopsov.twse.com.tw/mops/web/ajax_t163sb04
中游,伺服器滑軌與機殼,2059,川湖,2016,2,income_statement,本期淨利（淨損）,579762,"579,762",sii,https://mopsov.twse.com.tw/mops/web/ajax_t163sb04
中游,伺服器滑軌與機殼,2059,川湖,2016,2,income_statement,其他綜合損益（淨額）,-8701,"-8,701",sii,https://mopsov.twse.com.tw/mops/web/ajax_t163sb04
中游,伺服器滑軌與機殼,2059,川湖,2016,2,income_statement,合併前非屬共同控制股權綜合損益淨額,,--,sii,https://mopsov.twse.com.tw/mops/web/ajax_t163sb04
中游,伺服器滑軌與機殼,2059,川湖,2016,2,income_statement,本期綜合損益總額,571061,"571,061",sii,https://mopsov.twse.com.tw/mops/web/ajax_t163sb04
中游,伺服器滑軌與機殼,2059,川湖,2016,2,income_statement,淨利（淨損）歸屬於母公司業主,579762,"579,762",sii,https://mopsov.twse.com.tw/mops/web/ajax_t163sb04
中游,伺服器滑軌與機殼,2059,川湖,2016,2,income_statement,淨利（淨損）歸屬於共同控制下前手權益,,--,sii,https://mopsov.twse.com.tw/mops/web/ajax_t163sb04
中游,伺服器滑軌與機殼,2059,川湖,2016,2,income_statement,淨利（淨損）歸屬於非控制權益,,--,sii,https://mopsov.twse.com.tw/mops/web/ajax_t163sb04
中游,伺服器滑軌與機殼,2059,川湖,2016,2,income_statement,綜合損益總額歸屬於母公司業主,571061,"571,061",sii,https://mopsov.twse.com.tw/mops/web/ajax_t163sb04
中游,伺服器滑軌與機殼,2059,川湖,2016,2,income_statement,綜合損益總額歸屬於共同控制下前手權益,,--,sii,https://mopsov.twse.com.tw/mops/web/ajax_t163sb04
中游,伺服器滑軌與機殼,2059,川湖,2016,2,income_statement,綜合損益總額歸屬於非控制權益,,--,sii,https://mopsov.twse.com.tw/mops/web/ajax_t163sb04
中游,伺服器滑軌與機殼,2059,川湖,2016,2,income_statement,基本每股盈餘（元）,6.08,6.08,sii,https://mopsov.twse.com.tw/mops/web/ajax_t163sb04
中游,伺服器滑軌與機殼,8210,勤誠,2016,2,income_statement,營業收入,2603441,"2,603,441",sii,https://mopsov.twse.com.tw/mops/web/ajax_t163sb04
中游,伺服器滑軌與機殼,8210,勤誠,2016,2,income_statement,營業成本,1840246,"1,840,246",sii,https://mopsov.twse.com.tw/mops/web/ajax_t163sb04
中游,伺服器滑軌與機殼,8210,勤誠,2016,2,income_statement,營業毛利（毛損）,763195,"763,195",sii,https://mopsov.twse.com.tw/mops/web/ajax_t163sb04
中游,伺服器滑軌與機殼,8210,勤誠,2016,2,income_statement,未實現銷貨（損）益,,--,sii,https://mopsov.twse.com.tw/mops/web/ajax_t163sb04
中游,伺服器滑軌與機殼,8210,勤誠,2016,2,income_statement,已實現銷貨（損）益,,--,sii,https://mopsov.twse.com.tw/mops/web/ajax_t163sb04
中游,伺服器滑軌與機殼,8210,勤誠,2016,2,income_statement,營業毛利（毛損）淨額,763195,"763,195",sii,https://mopsov.twse.com.tw/mops/web/ajax_t163sb04
中游,伺服器滑軌與機殼,8210,勤誠,2016,2,income_statement,營業費用,386302,"386,302",sii,https://mopsov.twse.com.tw/mops/web/ajax_t163sb04
中游,伺服器滑軌與機殼,8210,勤誠,2016,2,income_statement,其他收益及費損淨額,,--,sii,https://mopsov.twse.com.tw/mops/web/ajax_t163sb04
中游,伺服器滑軌與機殼,8210,勤誠,2016,2,income_statement,營業利益（損失）,376893,"376,893",sii,https://mopsov.twse.com.tw/mops/web/ajax_t163sb04
中游,伺服器滑軌與機殼,8210,勤誠,2016,2,income_statement,營業外收入及支出,10556,"10,556",sii,https://mopsov.twse.com.tw/mops/web/ajax_t163sb04
中游,伺服器滑軌與機殼,8210,勤誠,2016,2,income_statement,稅前淨利（淨損）,387449,"387,449",sii,https://mopsov.twse.com.tw/mops/web/ajax_t163sb04
中游,伺服器滑軌與機殼,8210,勤誠,2016,2,income_statement,所得稅費用（利益）,106450,"106,450",sii,https://mopsov.twse.com.tw/mops/web/ajax_t163sb04
中游,伺服器滑軌與機殼,8210,勤誠,2016,2,income_statement,繼續營業單位本期淨利（淨損）,280999,"280,999",sii,https://mopsov.twse.com.tw/mops/web/ajax_t163sb04
中游,伺服器滑軌與機殼,8210,勤誠,2016,2,income_statement,停業單位損益,,--,sii,https://mopsov.twse.com.tw/mops/web/ajax_t163sb04
中游,伺服器滑軌與機殼,8210,勤誠,2016,2,income_statement,合併前非屬共同控制股權損益,,--,sii,https://mopsov.twse.com.tw/mops/web/ajax_t163sb04
中游,伺服器滑軌與機殼,8210,勤誠,2016,2,income_statement,本期淨利（淨損）,280999,"280,999",sii,https://mopsov.twse.com.tw/mops/web/ajax_t163sb04
中游,伺服器滑軌與機殼,8210,勤誠,2016,2,income_statement,其他綜合損益（淨額）,-47649,"-47,649",sii,https://mopsov.twse.com.tw/mops/web/ajax_t163sb04
中游,伺服器滑軌與機殼,8210,勤誠,2016,2,income_statement,合併前非屬共同控制股權綜合損益淨額,,--,sii,https://mopsov.twse.com.tw/mops/web/ajax_t163sb04
中游,伺服器滑軌與機殼,8210,勤誠,2016,2,income_statement,本期綜合損益總額,233350,"233,350",sii,https://mopsov.twse.com.tw/mops/web/ajax_t163sb04
中游,伺服器滑軌與機殼,8210,勤誠,2016,2,income_statement,淨利（淨損）歸屬於母公司業主,280999,"280,999",sii,https://mopsov.twse.com.tw/mops/web/ajax_t163sb04
中游,伺服器滑軌與機殼,8210,勤誠,2016,2,income_statement,淨利（淨損）歸屬於共同控制下前手權益,,--,sii,https://mopsov.twse.com.tw/mops/web/ajax_t163sb04
中游,伺服器滑軌與機殼,8210,勤誠,2016,2,income_statement,淨利（淨損）歸屬於非控制權益,,--,sii,https://mopsov.twse.com.tw/mops/web/ajax_t163sb04
中游,伺服器滑軌與機殼,8210,勤誠,2016,2,income_statement,綜合損益總額歸屬於母公司業主,233350,"233,350",sii,https://mopsov.twse.com.tw/mops/web/ajax_t163sb04
中游,伺服器滑軌與機殼,8210,勤誠,2016,2,income_statement,綜合損益總額歸屬於共同控制下前手權益,,--,sii,https://mopsov.twse.com.tw/mops/web/ajax_t163sb04
中游,伺服器滑軌與機殼,8210,勤誠,2016,2,income_statement,綜合損益總額歸屬於非控制權益,,--,sii,https://mopsov.twse.com.tw/mops/web/ajax_t163sb04
中游,伺服器滑軌與機殼,8210,勤誠,2016,2,income_statement,基本每股盈餘（元）,2.35,2.35,sii,https://mopsov.twse.com.tw/mops/web/ajax_t163sb04
中游,伺服器滑軌與機殼,6584,南俊國際,2016,2,income_statement,營業收入,919500,"919,500",otc,https://mopsov.twse.com.tw/mops/web/ajax_t163sb04
中游,伺服器滑軌與機殼,6584,南俊國際,2016,2,income_statement,營業成本,668932,"668,932",otc,https://mopsov.twse.com.tw/mops/web/ajax_t163sb04
中游,伺服器滑軌與機殼,6584,南俊國際,2016,2,income_statement,營業毛利（毛損）,250568,"250,568",otc,https://mopsov.twse.com.tw/mops/web/ajax_t163sb04
中游,伺服器滑軌與機殼,6584,南俊國際,2016,2,income_statement,未實現銷貨（損）益,,--,otc,https://mopsov.twse.com.tw/mops/web/ajax_t163sb04
中游,伺服器滑軌與機殼,6584,南俊國際,2016,2,income_statement,已實現銷貨（損）益,,--,otc,https://mopsov.twse.com.tw/mops/web/ajax_t163sb04
中游,伺服器滑軌與機殼,6584,南俊國際,2016,2,income_statement,營業毛利（毛損）淨額,250568,"250,568",otc,https://mopsov.twse.com.tw/mops/web/ajax_t163sb04
中游,伺服器滑軌與機殼,6584,南俊國際,2016,2,income_statement,營業費用,112328,"112,328",otc,https://mopsov.twse.com.tw/mops/web/ajax_t163sb04
中游,伺服器滑軌與機殼,6584,南俊國際,2016,2,income_statement,其他收益及費損淨額,,--,otc,https://mopsov.twse.com.tw/mops/web/ajax_t163sb04
中游,伺服器滑軌與機殼,6584,南俊國際,2016,2,income_statement,營業利益（損失）,138240,"138,240",otc,https://mopsov.twse.com.tw/mops/web/ajax_t163sb04
中游,伺服器滑軌與機殼,6584,南俊國際,2016,2,income_statement,營業外收入及支出,-8873,"-8,873",otc,https://mopsov.twse.com.tw/mops/web/ajax_t163sb04
中游,伺服器滑軌與機殼,6584,南俊國際,2016,2,income_statement,稅前淨利（淨損）,129367,"129,367",otc,https://mopsov.twse.com.tw/mops/web/ajax_t163sb04
中游,伺服器滑軌與機殼,6584,南俊國際,2016,2,income_statement,所得稅費用（利益）,23348,"23,348",otc,https://mopsov.twse.com.tw/mops/web/ajax_t163sb04
中游,伺服器滑軌與機殼,6584,南俊國際,2016,2,income_statement,繼續營業單位本期淨利（淨損）,106019,"106,019",otc,https://mopsov.twse.com.tw/mops/web/ajax_t163sb04
中游,伺服器滑軌與機殼,6584,南俊國際,2016,2,income_statement,停業單位損益,,--,otc,https://mopsov.twse.com.tw/mops/web/ajax_t163sb04
中游,伺服器滑軌與機殼,6584,南俊國際,2016,2,income_statement,合併前非屬共同控制股權損益,,--,otc,https://mopsov.twse.com.tw/mops/web/ajax_t163sb04
中游,伺服器滑軌與機殼,6584,南俊國際,2016,2,income_statement,本期淨利（淨損）,106019,"106,019",otc,https://mopsov.twse.com.tw/mops/web/ajax_t163sb04
中游,伺服器滑軌與機殼,6584,南俊國際,2016,2,income_statement,其他綜合損益（淨額）,,--,otc,https://mopsov.twse.com.tw/mops/web/ajax_t163sb04
中游,伺服器滑軌與機殼,6584,南俊國際,2016,2,income_statement,合併前非屬共同控制股權綜合損益淨額,,--,otc,https://mopsov.twse.com.tw/mops/web/ajax_t163sb04
中游,伺服器滑軌與機殼,6584,南俊國際,2016,2,income_statement,本期綜合損益總額,106019,"106,019",otc,https://mopsov.twse.com.tw/mops/web/ajax_t163sb04
中游,伺服器滑軌與機殼,6584,南俊國際,2016,2,income_statement,淨利（淨損）歸屬於母公司業主,,--,otc,https://mopsov.twse.com.tw/mops/web/ajax_t163sb04
中游,伺服器滑軌與機殼,6584,南俊國際,2016,2,income_statement,淨利（淨損）歸屬於共同控制下前手權益,,--,otc,https://mopsov.twse.com.tw/mops/web/ajax_t163sb04
中游,伺服器滑軌與機殼,6584,南俊國際,2016,2,income_statement,淨利（淨損）歸屬於非控制權益,,--,otc,https://mopsov.twse.com.tw/mops/web/ajax_t163sb04
中游,伺服器滑軌與機殼,6584,南俊國際,2016,2,income_statement,綜合損益總額歸屬於母公司業主,,--,otc,https://mopsov.twse.com.tw/mops/web/ajax_t163sb04
中游,伺服器滑軌與機殼,6584,南俊國際,2016,2,income_statement,綜合損益總額歸屬於共同控制下前手權益,,--,otc,https://mopsov.twse.com.tw/mops/web/ajax_t163sb04
中游,伺服器滑軌與機殼,6584,南俊國際,2016,2,income_statement,綜合損益總額歸屬於非控制權益,,--,otc,https://mopsov.twse.com.tw/mops/web/ajax_t163sb04
中游,伺服器滑軌與機殼,6584,南俊國際,2016,2,income_statement,基本每股盈餘（元）,2.15,2.15,otc,https://mopsov.twse.com.tw/mops/web/ajax_t163sb04
中游,伺服器滑軌與機殼,2059,川湖,2016,2,balance_sheet,流動資產,8194042,"8,194,042",sii,https://mopsov.twse.com.tw/mops/web/ajax_t163sb05
中游,伺服器滑軌與機殼,2059,川湖,2016,2,balance_sheet,非流動資產,1491714,"1,491,714",sii,https://mopsov.twse.com.tw/mops/web/ajax_t163sb05
中游,伺服器滑軌與機殼,2059,川湖,2016,2,balance_sheet,資產總計,9685756,"9,685,756",sii,https://mopsov.twse.com.tw/mops/web/ajax_t163sb05
中游,伺服器滑軌與機殼,2059,川湖,2016,2,balance_sheet,流動負債,1886630,"1,886,630",sii,https://mopsov.twse.com.tw/mops/web/ajax_t163sb05
中游,伺服器滑軌與機殼,2059,川湖,2016,2,balance_sheet,非流動負債,121743,"121,743",sii,https://mopsov.twse.com.tw/mops/web/ajax_t163sb05
中游,伺服器滑軌與機殼,2059,川湖,2016,2,balance_sheet,負債總額,2008373,"2,008,373",sii,https://mopsov.twse.com.tw/mops/web/ajax_t163sb05
中游,伺服器滑軌與機殼,2059,川湖,2016,2,balance_sheet,股本,952971,"952,971",sii,https://mopsov.twse.com.tw/mops/web/ajax_t163sb05
中游,伺服器滑軌與機殼,2059,川湖,2016,2,balance_sheet,資本公積,796691,"796,691",sii,https://mopsov.twse.com.tw/mops/web/ajax_t163sb05
中游,伺服器滑軌與機殼,2059,川湖,2016,2,balance_sheet,保留盈餘,5925885,"5,925,885",sii,https://mopsov.twse.com.tw/mops/web/ajax_t163sb05
中游,伺服器滑軌與機殼,2059,川湖,2016,2,balance_sheet,其他權益,1836,"1,836",sii,https://mopsov.twse.com.tw/mops/web/ajax_t163sb05
中游,伺服器滑軌與機殼,2059,川湖,2016,2,balance_sheet,庫藏股票,0,0,sii,https://mopsov.twse.com.tw/mops/web/ajax_t163sb05
中游,伺服器滑軌與機殼,2059,川湖,2016,2,balance_sheet,歸屬於母公司業主之權益合計,7677383,"7,677,383",sii,https://mopsov.twse.com.tw/mops/web/ajax_t163sb05
中游,伺服器滑軌與機殼,2059,川湖,2016,2,balance_sheet,共同控制下前手權益,,--,sii,https://mopsov.twse.com.tw/mops/web/ajax_t163sb05
中游,伺服器滑軌與機殼,2059,川湖,2016,2,balance_sheet,合併前非屬共同控制股權,,--,sii,https://mopsov.twse.com.tw/mops/web/ajax_t163sb05
中游,伺服器滑軌與機殼,2059,川湖,2016,2,balance_sheet,非控制權益,0,0,sii,https://mopsov.twse.com.tw/mops/web/ajax_t163sb05
中游,伺服器滑軌與機殼,2059,川湖,2016,2,balance_sheet,權益總額,7677383,"7,677,383",sii,https://mopsov.twse.com.tw/mops/web/ajax_t163sb05
中游,伺服器滑軌與機殼,2059,川湖,2016,2,balance_sheet,待註銷股本股數（單位：股）,0,0,sii,https://mopsov.twse.com.tw/mops/web/ajax_t163sb05
中游,伺服器滑軌與機殼,2059,川湖,2016,2,balance_sheet,預收股款（權益項下）之約當發行股數（單位：股）,0,0,sii,https://mopsov.twse.com.tw/mops/web/ajax_t163sb05
中游,伺服器滑軌與機殼,2059,川湖,2016,2,balance_sheet,母公司暨子公司所持有之母公司庫藏股股數（單位：股）,0,0,sii,https://mopsov.twse.com.tw/mops/web/ajax_t163sb05
中游,伺服器滑軌與機殼,2059,川湖,2016,2,balance_sheet,每股參考淨值,80.56,80.56,sii,https://mopsov.twse.com.tw/mops/web/ajax_t163sb05
中游,伺服器滑軌與機殼,8210,勤誠,2016,2,balance_sheet,流動資產,3240923,"3,240,923",sii,https://mopsov.twse.com.tw/mops/web/ajax_t163sb05
中游,伺服器滑軌與機殼,8210,勤誠,2016,2,balance_sheet,非流動資產,1662802,"1,662,802",sii,https://mopsov.twse.com.tw/mops/web/ajax_t163sb05
中游,伺服器滑軌與機殼,8210,勤誠,2016,2,balance_sheet,資產總計,4903725,"4,903,725",sii,https://mopsov.twse.com.tw/mops/web/ajax_t163sb05
中游,伺服器滑軌與機殼,8210,勤誠,2016,2,balance_sheet,流動負債,2033326,"2,033,326",sii,https://mopsov.twse.com.tw/mops/web/ajax_t163sb05
中游,伺服器滑軌與機殼,8210,勤誠,2016,2,balance_sheet,非流動負債,240321,"240,321",sii,https://mopsov.twse.com.tw/mops/web/ajax_t163sb05
中游,伺服器滑軌與機殼,8210,勤誠,2016,2,balance_sheet,負債總額,2273647,"2,273,647",sii,https://mopsov.twse.com.tw/mops/web/ajax_t163sb05
中游,伺服器滑軌與機殼,8210,勤誠,2016,2,balance_sheet,股本,1201260,"1,201,260",sii,https://mopsov.twse.com.tw/mops/web/ajax_t163sb05
中游,伺服器滑軌與機殼,8210,勤誠,2016,2,balance_sheet,資本公積,56749,"56,749",sii,https://mopsov.twse.com.tw/mops/web/ajax_t163sb05
中游,伺服器滑軌與機殼,8210,勤誠,2016,2,balance_sheet,保留盈餘,1377401,"1,377,401",sii,https://mopsov.twse.com.tw/mops/web/ajax_t163sb05
中游,伺服器滑軌與機殼,8210,勤誠,2016,2,balance_sheet,其他權益,7208,"7,208",sii,https://mopsov.twse.com.tw/mops/web/ajax_t163sb05
中游,伺服器滑軌與機殼,8210,勤誠,2016,2,balance_sheet,庫藏股票,-12540,"-12,540",sii,https://mopsov.twse.com.tw/mops/web/ajax_t163sb05
中游,伺服器滑軌與機殼,8210,勤誠,2016,2,balance_sheet,歸屬於母公司業主之權益合計,2630078,"2,630,078",sii,https://mopsov.twse.com.tw/mops/web/ajax_t163sb05
中游,伺服器滑軌與機殼,8210,勤誠,2016,2,balance_sheet,共同控制下前手權益,,--,sii,https://mopsov.twse.com.tw/mops/web/ajax_t163sb05
中游,伺服器滑軌與機殼,8210,勤誠,2016,2,balance_sheet,合併前非屬共同控制股權,,--,sii,https://mopsov.twse.com.tw/mops/web/ajax_t163sb05
中游,伺服器滑軌與機殼,8210,勤誠,2016,2,balance_sheet,非控制權益,,--,sii,https://mopsov.twse.com.tw/mops/web/ajax_t163sb05
中游,伺服器滑軌與機殼,8210,勤誠,2016,2,balance_sheet,權益總額,2630078,"2,630,078",sii,https://mopsov.twse.com.tw/mops/web/ajax_t163sb05
中游,伺服器滑軌與機殼,8210,勤誠,2016,2,balance_sheet,待註銷股本股數（單位：股）,,--,sii,https://mopsov.twse.com.tw/mops/web/ajax_t163sb05
中游,伺服器滑軌與機殼,8210,勤誠,2016,2,balance_sheet,預收股款（權益項下）之約當發行股數（單位：股）,0,0,sii,https://mopsov.twse.com.tw/mops/web/ajax_t163sb05
中游,伺服器滑軌與機殼,8210,勤誠,2016,2,balance_sheet,母公司暨子公司所持有之母公司庫藏股股數（單位：股）,400000,"400,000",sii,https://mopsov.twse.com.tw/mops/web/ajax_t163sb05
中游,伺服器滑軌與機殼,8210,勤誠,2016,2,balance_sheet,每股參考淨值,21.97,21.97,sii,https://mopsov.twse.com.tw/mops/web/ajax_t163sb05
中游,伺服器滑軌與機殼,6584,南俊國際,2016,2,balance_sheet,流動資產,899406,"899,406",otc,https://mopsov.twse.com.tw/mops/web/ajax_t163sb05
中游,伺服器滑軌與機殼,6584,南俊國際,2016,2,balance_sheet,非流動資產,1403656,"1,403,656",otc,https://mopsov.twse.com.tw/mops/web/ajax_t163sb05
中游,伺服器滑軌與機殼,6584,南俊國際,2016,2,balance_sheet,資產總計,2303062,"2,303,062",otc,https://mopsov.twse.com.tw/mops/web/ajax_t163sb05
中游,伺服器滑軌與機殼,6584,南俊國際,2016,2,balance_sheet,流動負債,771882,"771,882",otc,https://mopsov.twse.com.tw/mops/web/ajax_t163sb05
中游,伺服器滑軌與機殼,6584,南俊國際,2016,2,balance_sheet,非流動負債,433895,"433,895",otc,https://mopsov.twse.com.tw/mops/web/ajax_t163sb05
中游,伺服器滑軌與機殼,6584,南俊國際,2016,2,balance_sheet,負債總額,1205777,"1,205,777",otc,https://mopsov.twse.com.tw/mops/web/ajax_t163sb05
中游,伺服器滑軌與機殼,6584,南俊國際,2016,2,balance_sheet,股本,520000,"520,000",otc,https://mopsov.twse.com.tw/mops/web/ajax_t163sb05
中游,伺服器滑軌與機殼,6584,南俊國際,2016,2,balance_sheet,資本公積,196000,"196,000",otc,https://mopsov.twse.com.tw/mops/web/ajax_t163sb05
中游,伺服器滑軌與機殼,6584,南俊國際,2016,2,balance_sheet,保留盈餘,381285,"381,285",otc,https://mopsov.twse.com.tw/mops/web/ajax_t163sb05
中游,伺服器滑軌與機殼,6584,南俊國際,2016,2,balance_sheet,其他權益,,--,otc,https://mopsov.twse.com.tw/mops/web/ajax_t163sb05
中游,伺服器滑軌與機殼,6584,南俊國際,2016,2,balance_sheet,庫藏股票,,--,otc,https://mopsov.twse.com.tw/mops/web/ajax_t163sb05
中游,伺服器滑軌與機殼,6584,南俊國際,2016,2,balance_sheet,歸屬於母公司業主之權益合計,,--,otc,https://mopsov.twse.com.tw/mops/web/ajax_t163sb05
中游,伺服器滑軌與機殼,6584,南俊國際,2016,2,balance_sheet,共同控制下前手權益,,--,otc,https://mopsov.twse.com.tw/mops/web/ajax_t163sb05
中游,伺服器滑軌與機殼,6584,南俊國際,2016,2,balance_sheet,合併前非屬共同控制股權,,--,otc,https://mopsov.twse.com.tw/mops/web/ajax_t163sb05
中游,伺服器滑軌與機殼,6584,南俊國際,2016,2,balance_sheet,非控制權益,,--,otc,https://mopsov.twse.com.tw/mops/web/ajax_t163sb05
中游,伺服器滑軌與機殼,6584,南俊國際,2016,2,balance_sheet,權益總額,1097285,"1,097,285",otc,https://mopsov.twse.com.tw/mops/web/ajax_t163sb05
中游,伺服器滑軌與機殼,6584,南俊國際,2016,2,balance_sheet,待註銷股本股數（單位：股）,0,0,otc,https://mopsov.twse.com.tw/mops/web/ajax_t163sb05
中游,伺服器滑軌與機殼,6584,南俊國際,2016,2,balance_sheet,預收股款（權益項下）之約當發行股數（單位：股）,0,0,otc,https://mopsov.twse.com.tw/mops/web/ajax_t163sb05
中游,伺服器滑軌與機殼,6584,南俊國際,2016,2,balance_sheet,母公司暨子公司所持有之母公司庫藏股股數（單位：股）,0,0,otc,https://mopsov.twse.com.tw/mops/web/ajax_t163sb05
中游,伺服器滑軌與機殼,6584,南俊國際,2016,2,balance_sheet,每股參考淨值,21.1,21.10,otc,https://mopsov.twse.com.tw/mops/web/ajax_t163sb05
中游,伺服器滑軌與機殼,2059,川湖,2016,2,cash_flow,營業活動之淨現金流入（流出）,728411,"728,411",sii,https://mopsov.twse.com.tw/mops/web/ajax_t163sb20
中游,伺服器滑軌與機殼,2059,川湖,2016,2,cash_flow,投資活動之淨現金流入（流出）,-65760,"-65,760",sii,https://mopsov.twse.com.tw/mops/web/ajax_t163sb20
中游,伺服器滑軌與機殼,2059,川湖,2016,2,cash_flow,籌資活動之淨現金流入（流出）,0,0,sii,https://mopsov.twse.com.tw/mops/web/ajax_t163sb20
中游,伺服器滑軌與機殼,2059,川湖,2016,2,cash_flow,匯率變動對現金及約當現金之影響,-1091,"-1,091",sii,https://mopsov.twse.com.tw/mops/web/ajax_t163sb20
中游,伺服器滑軌與機殼,2059,川湖,2016,2,cash_flow,本期現金及約當現金增加（減少）數,661560,"661,560",sii,https://mopsov.twse.com.tw/mops/web/ajax_t163sb20
中游,伺服器滑軌與機殼,2059,川湖,2016,2,cash_flow,期初現金及約當現金餘額,6343635,"6,343,635",sii,https://mopsov.twse.com.tw/mops/web/ajax_t163sb20
中游,伺服器滑軌與機殼,2059,川湖,2016,2,cash_flow,期末現金及約當現金餘額,7005195,"7,005,195",sii,https://mopsov.twse.com.tw/mops/web/ajax_t163sb20
中游,伺服器滑軌與機殼,8210,勤誠,2016,2,cash_flow,營業活動之淨現金流入（流出）,296883,"296,883",sii,https://mopsov.twse.com.tw/mops/web/ajax_t163sb20
中游,伺服器滑軌與機殼,8210,勤誠,2016,2,cash_flow,投資活動之淨現金流入（流出）,-199311,"-199,311",sii,https://mopsov.twse.com.tw/mops/web/ajax_t163sb20
中游,伺服器滑軌與機殼,8210,勤誠,2016,2,cash_flow,籌資活動之淨現金流入（流出）,-44289,"-44,289",sii,https://mopsov.twse.com.tw/mops/web/ajax_t163sb20
中游,伺服器滑軌與機殼,8210,勤誠,2016,2,cash_flow,匯率變動對現金及約當現金之影響,-13489,"-13,489",sii,https://mopsov.twse.com.tw/mops/web/ajax_t163sb20
中游,伺服器滑軌與機殼,8210,勤誠,2016,2,cash_flow,本期現金及約當現金增加（減少）數,39794,"39,794",sii,https://mopsov.twse.com.tw/mops/web/ajax_t163sb20
中游,伺服器滑軌與機殼,8210,勤誠,2016,2,cash_flow,期初現金及約當現金餘額,1434077,"1,434,077",sii,https://mopsov.twse.com.tw/mops/web/ajax_t163sb20
中游,伺服器滑軌與機殼,8210,勤誠,2016,2,cash_flow,期末現金及約當現金餘額,1473871,"1,473,871",sii,https://mopsov.twse.com.tw/mops/web/ajax_t163sb20
中游,伺服器滑軌與機殼,6584,南俊國際,2016,2,cash_flow,營業活動之淨現金流入（流出）,234311,"234,311",otc,https://mopsov.twse.com.tw/mops/web/ajax_t163sb20
中游,伺服器滑軌與機殼,6584,南俊國際,2016,2,cash_flow,投資活動之淨現金流入（流出）,-351720,"-351,720",otc,https://mopsov.twse.com.tw/mops/web/ajax_t163sb20
中游,伺服器滑軌與機殼,6584,南俊國際,2016,2,cash_flow,籌資活動之淨現金流入（流出）,235464,"235,464",otc,https://mopsov.twse.com.tw/mops/web/ajax_t163sb20
中游,伺服器滑軌與機殼,6584,南俊國際,2016,2,cash_flow,匯率變動對現金及約當現金之影響,,--,otc,https://mopsov.twse.com.tw/mops/web/ajax_t163sb20
中游,伺服器滑軌與機殼,6584,南俊國際,2016,2,cash_flow,本期現金及約當現金增加（減少）數,118055,"118,055",otc,https://mopsov.twse.com.tw/mops/web/ajax_t163sb20
中游,伺服器滑軌與機殼,6584,南俊國際,2016,2,cash_flow,期初現金及約當現金餘額,23645,"23,645",otc,https://mopsov.twse.com.tw/mops/web/ajax_t163sb20
中游,伺服器滑軌與機殼,6584,南俊國際,2016,2,cash_flow,期末現金及約當現金餘額,141700,"141,700",otc,https://mopsov.twse.com.tw/mops/web/ajax_t163sb20
中游,伺服器滑軌與機殼,2059,川湖,2016,3,income_statement,營業收入,3216622,"3,216,622",sii,https://mopsov.twse.com.tw/mops/web/ajax_t163sb04
中游,伺服器滑軌與機殼,2059,川湖,2016,3,income_statement,營業成本,1384427,"1,384,427",sii,https://mopsov.twse.com.tw/mops/web/ajax_t163sb04
中游,伺服器滑軌與機殼,2059,川湖,2016,3,income_statement,營業毛利（毛損）,1832195,"1,832,195",sii,https://mopsov.twse.com.tw/mops/web/ajax_t163sb04
中游,伺服器滑軌與機殼,2059,川湖,2016,3,income_statement,未實現銷貨（損）益,,--,sii,https://mopsov.twse.com.tw/mops/web/ajax_t163sb04
中游,伺服器滑軌與機殼,2059,川湖,2016,3,income_statement,已實現銷貨（損）益,,--,sii,https://mopsov.twse.com.tw/mops/web/ajax_t163sb04
中游,伺服器滑軌與機殼,2059,川湖,2016,3,income_statement,營業毛利（毛損）淨額,1832195,"1,832,195",sii,https://mopsov.twse.com.tw/mops/web/ajax_t163sb04
中游,伺服器滑軌與機殼,2059,川湖,2016,3,income_statement,營業費用,379680,"379,680",sii,https://mopsov.twse.com.tw/mops/web/ajax_t163sb04
中游,伺服器滑軌與機殼,2059,川湖,2016,3,income_statement,其他收益及費損淨額,,--,sii,https://mopsov.twse.com.tw/mops/web/ajax_t163sb04
中游,伺服器滑軌與機殼,2059,川湖,2016,3,income_statement,營業利益（損失）,1452515,"1,452,515",sii,https://mopsov.twse.com.tw/mops/web/ajax_t163sb04
中游,伺服器滑軌與機殼,2059,川湖,2016,3,income_statement,營業外收入及支出,-282747,"-282,747",sii,https://mopsov.twse.com.tw/mops/web/ajax_t163sb04
中游,伺服器滑軌與機殼,2059,川湖,2016,3,income_statement,稅前淨利（淨損）,1169768,"1,169,768",sii,https://mopsov.twse.com.tw/mops/web/ajax_t163sb04
中游,伺服器滑軌與機殼,2059,川湖,2016,3,income_statement,所得稅費用（利益）,287443,"287,443",sii,https://mopsov.twse.com.tw/mops/web/ajax_t163sb04
中游,伺服器滑軌與機殼,2059,川湖,2016,3,income_statement,繼續營業單位本期淨利（淨損）,882325,"882,325",sii,https://mopsov.twse.com.tw/mops/web/ajax_t163sb04
中游,伺服器滑軌與機殼,2059,川湖,2016,3,income_statement,停業單位損益,,--,sii,https://mopsov.twse.com.tw/mops/web/ajax_t163sb04
中游,伺服器滑軌與機殼,2059,川湖,2016,3,income_statement,合併前非屬共同控制股權損益,,--,sii,https://mopsov.twse.com.tw/mops/web/ajax_t163sb04
中游,伺服器滑軌與機殼,2059,川湖,2016,3,income_statement,本期淨利（淨損）,882325,"882,325",sii,https://mopsov.twse.com.tw/mops/web/ajax_t163sb04
中游,伺服器滑軌與機殼,2059,川湖,2016,3,income_statement,其他綜合損益（淨額）,-10102,"-10,102",sii,https://mopsov.twse.com.tw/mops/web/ajax_t163sb04
中游,伺服器滑軌與機殼,2059,川湖,2016,3,income_statement,合併前非屬共同控制股權綜合損益淨額,,--,sii,https://mopsov.twse.com.tw/mops/web/ajax_t163sb04
中游,伺服器滑軌與機殼,2059,川湖,2016,3,income_statement,本期綜合損益總額,872223,"872,223",sii,https://mopsov.twse.com.tw/mops/web/ajax_t163sb04
中游,伺服器滑軌與機殼,2059,川湖,2016,3,income_statement,淨利（淨損）歸屬於母公司業主,882325,"882,325",sii,https://mopsov.twse.com.tw/mops/web/ajax_t163sb04
中游,伺服器滑軌與機殼,2059,川湖,2016,3,income_statement,淨利（淨損）歸屬於共同控制下前手權益,,--,sii,https://mopsov.twse.com.tw/mops/web/ajax_t163sb04
中游,伺服器滑軌與機殼,2059,川湖,2016,3,income_statement,淨利（淨損）歸屬於非控制權益,,--,sii,https://mopsov.twse.com.tw/mops/web/ajax_t163sb04
中游,伺服器滑軌與機殼,2059,川湖,2016,3,income_statement,綜合損益總額歸屬於母公司業主,872223,"872,223",sii,https://mopsov.twse.com.tw/mops/web/ajax_t163sb04
中游,伺服器滑軌與機殼,2059,川湖,2016,3,income_statement,綜合損益總額歸屬於共同控制下前手權益,,--,sii,https://mopsov.twse.com.tw/mops/web/ajax_t163sb04
中游,伺服器滑軌與機殼,2059,川湖,2016,3,income_statement,綜合損益總額歸屬於非控制權益,,--,sii,https://mopsov.twse.com.tw/mops/web/ajax_t163sb04
中游,伺服器滑軌與機殼,2059,川湖,2016,3,income_statement,基本每股盈餘（元）,9.26,9.26,sii,https://mopsov.twse.com.tw/mops/web/ajax_t163sb04
中游,伺服器滑軌與機殼,8210,勤誠,2016,3,income_statement,營業收入,3871694,"3,871,694",sii,https://mopsov.twse.com.tw/mops/web/ajax_t163sb04
中游,伺服器滑軌與機殼,8210,勤誠,2016,3,income_statement,營業成本,2730905,"2,730,905",sii,https://mopsov.twse.com.tw/mops/web/ajax_t163sb04
中游,伺服器滑軌與機殼,8210,勤誠,2016,3,income_statement,營業毛利（毛損）,1140789,"1,140,789",sii,https://mopsov.twse.com.tw/mops/web/ajax_t163sb04
中游,伺服器滑軌與機殼,8210,勤誠,2016,3,income_statement,未實現銷貨（損）益,,--,sii,https://mopsov.twse.com.tw/mops/web/ajax_t163sb04
中游,伺服器滑軌與機殼,8210,勤誠,2016,3,income_statement,已實現銷貨（損）益,,--,sii,https://mopsov.twse.com.tw/mops/web/ajax_t163sb04
中游,伺服器滑軌與機殼,8210,勤誠,2016,3,income_statement,營業毛利（毛損）淨額,1140789,"1,140,789",sii,https://mopsov.twse.com.tw/mops/web/ajax_t163sb04
中游,伺服器滑軌與機殼,8210,勤誠,2016,3,income_statement,營業費用,567223,"567,223",sii,https://mopsov.twse.com.tw/mops/web/ajax_t163sb04
中游,伺服器滑軌與機殼,8210,勤誠,2016,3,income_statement,其他收益及費損淨額,,--,sii,https://mopsov.twse.com.tw/mops/web/ajax_t163sb04
中游,伺服器滑軌與機殼,8210,勤誠,2016,3,income_statement,營業利益（損失）,573566,"573,566",sii,https://mopsov.twse.com.tw/mops/web/ajax_t163sb04
中游,伺服器滑軌與機殼,8210,勤誠,2016,3,income_statement,營業外收入及支出,-5062,"-5,062",sii,https://mopsov.twse.com.tw/mops/web/ajax_t163sb04
中游,伺服器滑軌與機殼,8210,勤誠,2016,3,income_statement,稅前淨利（淨損）,568504,"568,504",sii,https://mopsov.twse.com.tw/mops/web/ajax_t163sb04
中游,伺服器滑軌與機殼,8210,勤誠,2016,3,income_statement,所得稅費用（利益）,153498,"153,498",sii,https://mopsov.twse.com.tw/mops/web/ajax_t163sb04
中游,伺服器滑軌與機殼,8210,勤誠,2016,3,income_statement,繼續營業單位本期淨利（淨損）,415006,"415,006",sii,https://mopsov.twse.com.tw/mops/web/ajax_t163sb04
中游,伺服器滑軌與機殼,8210,勤誠,2016,3,income_statement,停業單位損益,,--,sii,https://mopsov.twse.com.tw/mops/web/ajax_t163sb04
中游,伺服器滑軌與機殼,8210,勤誠,2016,3,income_statement,合併前非屬共同控制股權損益,,--,sii,https://mopsov.twse.com.tw/mops/web/ajax_t163sb04
中游,伺服器滑軌與機殼,8210,勤誠,2016,3,income_statement,本期淨利（淨損）,415006,"415,006",sii,https://mopsov.twse.com.tw/mops/web/ajax_t163sb04
中游,伺服器滑軌與機殼,8210,勤誠,2016,3,income_statement,其他綜合損益（淨額）,-110568,"-110,568",sii,https://mopsov.twse.com.tw/mops/web/ajax_t163sb04
中游,伺服器滑軌與機殼,8210,勤誠,2016,3,income_statement,合併前非屬共同控制股權綜合損益淨額,,--,sii,https://mopsov.twse.com.tw/mops/web/ajax_t163sb04
中游,伺服器滑軌與機殼,8210,勤誠,2016,3,income_statement,本期綜合損益總額,304438,"304,438",sii,https://mopsov.twse.com.tw/mops/web/ajax_t163sb04
中游,伺服器滑軌與機殼,8210,勤誠,2016,3,income_statement,淨利（淨損）歸屬於母公司業主,415006,"415,006",sii,https://mopsov.twse.com.tw/mops/web/ajax_t163sb04
中游,伺服器滑軌與機殼,8210,勤誠,2016,3,income_statement,淨利（淨損）歸屬於共同控制下前手權益,,--,sii,https://mopsov.twse.com.tw/mops/web/ajax_t163sb04
中游,伺服器滑軌與機殼,8210,勤誠,2016,3,income_statement,淨利（淨損）歸屬於非控制權益,,--,sii,https://mopsov.twse.com.tw/mops/web/ajax_t163sb04
中游,伺服器滑軌與機殼,8210,勤誠,2016,3,income_statement,綜合損益總額歸屬於母公司業主,304438,"304,438",sii,https://mopsov.twse.com.tw/mops/web/ajax_t163sb04
中游,伺服器滑軌與機殼,8210,勤誠,2016,3,income_statement,綜合損益總額歸屬於共同控制下前手權益,,--,sii,https://mopsov.twse.com.tw/mops/web/ajax_t163sb04
中游,伺服器滑軌與機殼,8210,勤誠,2016,3,income_statement,綜合損益總額歸屬於非控制權益,,--,sii,https://mopsov.twse.com.tw/mops/web/ajax_t163sb04
中游,伺服器滑軌與機殼,8210,勤誠,2016,3,income_statement,基本每股盈餘（元）,3.47,3.47,sii,https://mopsov.twse.com.tw/mops/web/ajax_t163sb04
中游,伺服器滑軌與機殼,2059,川湖,2016,3,balance_sheet,流動資產,7501286,"7,501,286",sii,https://mopsov.twse.com.tw/mops/web/ajax_t163sb05
中游,伺服器滑軌與機殼,2059,川湖,2016,3,balance_sheet,非流動資產,1486311,"1,486,311",sii,https://mopsov.twse.com.tw/mops/web/ajax_t163sb05
中游,伺服器滑軌與機殼,2059,川湖,2016,3,balance_sheet,資產總計,8987597,"8,987,597",sii,https://mopsov.twse.com.tw/mops/web/ajax_t163sb05
中游,伺服器滑軌與機殼,2059,川湖,2016,3,balance_sheet,流動負債,921991,"921,991",sii,https://mopsov.twse.com.tw/mops/web/ajax_t163sb05
中游,伺服器滑軌與機殼,2059,川湖,2016,3,balance_sheet,非流動負債,87061,"87,061",sii,https://mopsov.twse.com.tw/mops/web/ajax_t163sb05
中游,伺服器滑軌與機殼,2059,川湖,2016,3,balance_sheet,負債總額,1009052,"1,009,052",sii,https://mopsov.twse.com.tw/mops/web/ajax_t163sb05
中游,伺服器滑軌與機殼,2059,川湖,2016,3,balance_sheet,股本,952971,"952,971",sii,https://mopsov.twse.com.tw/mops/web/ajax_t163sb05
中游,伺服器滑軌與機殼,2059,川湖,2016,3,balance_sheet,資本公積,796691,"796,691",sii,https://mopsov.twse.com.tw/mops/web/ajax_t163sb05
中游,伺服器滑軌與機殼,2059,川湖,2016,3,balance_sheet,保留盈餘,6228448,"6,228,448",sii,https://mopsov.twse.com.tw/mops/web/ajax_t163sb05
中游,伺服器滑軌與機殼,2059,川湖,2016,3,balance_sheet,其他權益,435,435,sii,https://mopsov.twse.com.tw/mops/web/ajax_t163sb05
中游,伺服器滑軌與機殼,2059,川湖,2016,3,balance_sheet,庫藏股票,0,0,sii,https://mopsov.twse.com.tw/mops/web/ajax_t163sb05
中游,伺服器滑軌與機殼,2059,川湖,2016,3,balance_sheet,歸屬於母公司業主之權益合計,7978545,"7,978,545",sii,https://mopsov.twse.com.tw/mops/web/ajax_t163sb05
中游,伺服器滑軌與機殼,2059,川湖,2016,3,balance_sheet,共同控制下前手權益,,--,sii,https://mopsov.twse.com.tw/mops/web/ajax_t163sb05
中游,伺服器滑軌與機殼,2059,川湖,2016,3,balance_sheet,合併前非屬共同控制股權,,--,sii,https://mopsov.twse.com.tw/mops/web/ajax_t163sb05
中游,伺服器滑軌與機殼,2059,川湖,2016,3,balance_sheet,非控制權益,0,0,sii,https://mopsov.twse.com.tw/mops/web/ajax_t163sb05
中游,伺服器滑軌與機殼,2059,川湖,2016,3,balance_sheet,權益總額,7978545,"7,978,545",sii,https://mopsov.twse.com.tw/mops/web/ajax_t163sb05
中游,伺服器滑軌與機殼,2059,川湖,2016,3,balance_sheet,待註銷股本股數（單位：股）,0,0,sii,https://mopsov.twse.com.tw/mops/web/ajax_t163sb05
中游,伺服器滑軌與機殼,2059,川湖,2016,3,balance_sheet,預收股款（權益項下）之約當發行股數（單位：股）,0,0,sii,https://mopsov.twse.com.tw/mops/web/ajax_t163sb05
中游,伺服器滑軌與機殼,2059,川湖,2016,3,balance_sheet,母公司暨子公司所持有之母公司庫藏股股數（單位：股）,0,0,sii,https://mopsov.twse.com.tw/mops/web/ajax_t163sb05
中游,伺服器滑軌與機殼,2059,川湖,2016,3,balance_sheet,每股參考淨值,83.72,83.72,sii,https://mopsov.twse.com.tw/mops/web/ajax_t163sb05
中游,伺服器滑軌與機殼,8210,勤誠,2016,3,balance_sheet,流動資產,2975589,"2,975,589",sii,https://mopsov.twse.com.tw/mops/web/ajax_t163sb05
中游,伺服器滑軌與機殼,8210,勤誠,2016,3,balance_sheet,非流動資產,1686890,"1,686,890",sii,https://mopsov.twse.com.tw/mops/web/ajax_t163sb05
中游,伺服器滑軌與機殼,8210,勤誠,2016,3,balance_sheet,資產總計,4662479,"4,662,479",sii,https://mopsov.twse.com.tw/mops/web/ajax_t163sb05
中游,伺服器滑軌與機殼,8210,勤誠,2016,3,balance_sheet,流動負債,1737253,"1,737,253",sii,https://mopsov.twse.com.tw/mops/web/ajax_t163sb05
中游,伺服器滑軌與機殼,8210,勤誠,2016,3,balance_sheet,非流動負債,224060,"224,060",sii,https://mopsov.twse.com.tw/mops/web/ajax_t163sb05
中游,伺服器滑軌與機殼,8210,勤誠,2016,3,balance_sheet,負債總額,1961313,"1,961,313",sii,https://mopsov.twse.com.tw/mops/web/ajax_t163sb05
中游,伺服器滑軌與機殼,8210,勤誠,2016,3,balance_sheet,股本,1201260,"1,201,260",sii,https://mopsov.twse.com.tw/mops/web/ajax_t163sb05
中游,伺服器滑軌與機殼,8210,勤誠,2016,3,balance_sheet,資本公積,56749,"56,749",sii,https://mopsov.twse.com.tw/mops/web/ajax_t163sb05
中游,伺服器滑軌與機殼,8210,勤誠,2016,3,balance_sheet,保留盈餘,1511408,"1,511,408",sii,https://mopsov.twse.com.tw/mops/web/ajax_t163sb05
中游,伺服器滑軌與機殼,8210,勤誠,2016,3,balance_sheet,其他權益,-55711,"-55,711",sii,https://mopsov.twse.com.tw/mops/web/ajax_t163sb05
中游,伺服器滑軌與機殼,8210,勤誠,2016,3,balance_sheet,庫藏股票,-12540,"-12,540",sii,https://mopsov.twse.com.tw/mops/web/ajax_t163sb05
中游,伺服器滑軌與機殼,8210,勤誠,2016,3,balance_sheet,歸屬於母公司業主之權益合計,2701166,"2,701,166",sii,https://mopsov.twse.com.tw/mops/web/ajax_t163sb05
中游,伺服器滑軌與機殼,8210,勤誠,2016,3,balance_sheet,共同控制下前手權益,,--,sii,https://mopsov.twse.com.tw/mops/web/ajax_t163sb05
中游,伺服器滑軌與機殼,8210,勤誠,2016,3,balance_sheet,合併前非屬共同控制股權,,--,sii,https://mopsov.twse.com.tw/mops/web/ajax_t163sb05
中游,伺服器滑軌與機殼,8210,勤誠,2016,3,balance_sheet,非控制權益,,--,sii,https://mopsov.twse.com.tw/mops/web/ajax_t163sb05
中游,伺服器滑軌與機殼,8210,勤誠,2016,3,balance_sheet,權益總額,2701166,"2,701,166",sii,https://mopsov.twse.com.tw/mops/web/ajax_t163sb05
中游,伺服器滑軌與機殼,8210,勤誠,2016,3,balance_sheet,待註銷股本股數（單位：股）,,--,sii,https://mopsov.twse.com.tw/mops/web/ajax_t163sb05
中游,伺服器滑軌與機殼,8210,勤誠,2016,3,balance_sheet,預收股款（權益項下）之約當發行股數（單位：股）,0,0,sii,https://mopsov.twse.com.tw/mops/web/ajax_t163sb05
中游,伺服器滑軌與機殼,8210,勤誠,2016,3,balance_sheet,母公司暨子公司所持有之母公司庫藏股股數（單位：股）,400000,"400,000",sii,https://mopsov.twse.com.tw/mops/web/ajax_t163sb05
中游,伺服器滑軌與機殼,8210,勤誠,2016,3,balance_sheet,每股參考淨值,22.56,22.56,sii,https://mopsov.twse.com.tw/mops/web/ajax_t163sb05
中游,伺服器滑軌與機殼,2059,川湖,2016,3,cash_flow,營業活動之淨現金流入（流出）,935946,"935,946",sii,https://mopsov.twse.com.tw/mops/web/ajax_t163sb20
中游,伺服器滑軌與機殼,2059,川湖,2016,3,cash_flow,投資活動之淨現金流入（流出）,-79145,"-79,145",sii,https://mopsov.twse.com.tw/mops/web/ajax_t163sb20
中游,伺服器滑軌與機殼,2059,川湖,2016,3,cash_flow,籌資活動之淨現金流入（流出）,-962500,"-962,500",sii,https://mopsov.twse.com.tw/mops/web/ajax_t163sb20
中游,伺服器滑軌與機殼,2059,川湖,2016,3,cash_flow,匯率變動對現金及約當現金之影響,-1776,"-1,776",sii,https://mopsov.twse.com.tw/mops/web/ajax_t163sb20
中游,伺服器滑軌與機殼,2059,川湖,2016,3,cash_flow,本期現金及約當現金增加（減少）數,-107475,"-107,475",sii,https://mopsov.twse.com.tw/mops/web/ajax_t163sb20
中游,伺服器滑軌與機殼,2059,川湖,2016,3,cash_flow,期初現金及約當現金餘額,6343635,"6,343,635",sii,https://mopsov.twse.com.tw/mops/web/ajax_t163sb20
中游,伺服器滑軌與機殼,2059,川湖,2016,3,cash_flow,期末現金及約當現金餘額,6236160,"6,236,160",sii,https://mopsov.twse.com.tw/mops/web/ajax_t163sb20
中游,伺服器滑軌與機殼,8210,勤誠,2016,3,cash_flow,營業活動之淨現金流入（流出）,440855,"440,855",sii,https://mopsov.twse.com.tw/mops/web/ajax_t163sb20
中游,伺服器滑軌與機殼,8210,勤誠,2016,3,cash_flow,投資活動之淨現金流入（流出）,-294181,"-294,181",sii,https://mopsov.twse.com.tw/mops/web/ajax_t163sb20
中游,伺服器滑軌與機殼,8210,勤誠,2016,3,cash_flow,籌資活動之淨現金流入（流出）,-189756,"-189,756",sii,https://mopsov.twse.com.tw/mops/web/ajax_t163sb20
中游,伺服器滑軌與機殼,8210,勤誠,2016,3,cash_flow,匯率變動對現金及約當現金之影響,-72574,"-72,574",sii,https://mopsov.twse.com.tw/mops/web/ajax_t163sb20
中游,伺服器滑軌與機殼,8210,勤誠,2016,3,cash_flow,本期現金及約當現金增加（減少）數,-115656,"-115,656",sii,https://mopsov.twse.com.tw/mops/web/ajax_t163sb20
中游,伺服器滑軌與機殼,8210,勤誠,2016,3,cash_flow,期初現金及約當現金餘額,1434077,"1,434,077",sii,https://mopsov.twse.com.tw/mops/web/ajax_t163sb20
中游,伺服器滑軌與機殼,8210,勤誠,2016,3,cash_flow,期末現金及約當現金餘額,1318421,"1,318,421",sii,https://mopsov.twse.com.tw/mops/web/ajax_t163sb20
中游,伺服器滑軌與機殼,2059,川湖,2016,4,income_statement,營業收入,4466110,"4,466,110",sii,https://mopsov.twse.com.tw/mops/web/ajax_t163sb04
中游,伺服器滑軌與機殼,2059,川湖,2016,4,income_statement,營業成本,1915250,"1,915,250",sii,https://mopsov.twse.com.tw/mops/web/ajax_t163sb04
中游,伺服器滑軌與機殼,2059,川湖,2016,4,income_statement,營業毛利（毛損）,2550860,"2,550,860",sii,https://mopsov.twse.com.tw/mops/web/ajax_t163sb04
中游,伺服器滑軌與機殼,2059,川湖,2016,4,income_statement,未實現銷貨（損）益,,--,sii,https://mopsov.twse.com.tw/mops/web/ajax_t163sb04
中游,伺服器滑軌與機殼,2059,川湖,2016,4,income_statement,已實現銷貨（損）益,,--,sii,https://mopsov.twse.com.tw/mops/web/ajax_t163sb04
中游,伺服器滑軌與機殼,2059,川湖,2016,4,income_statement,營業毛利（毛損）淨額,2550860,"2,550,860",sii,https://mopsov.twse.com.tw/mops/web/ajax_t163sb04
中游,伺服器滑軌與機殼,2059,川湖,2016,4,income_statement,營業費用,526113,"526,113",sii,https://mopsov.twse.com.tw/mops/web/ajax_t163sb04
中游,伺服器滑軌與機殼,2059,川湖,2016,4,income_statement,其他收益及費損淨額,,--,sii,https://mopsov.twse.com.tw/mops/web/ajax_t163sb04
中游,伺服器滑軌與機殼,2059,川湖,2016,4,income_statement,營業利益（損失）,2024747,"2,024,747",sii,https://mopsov.twse.com.tw/mops/web/ajax_t163sb04
中游,伺服器滑軌與機殼,2059,川湖,2016,4,income_statement,營業外收入及支出,-51430,"-51,430",sii,https://mopsov.twse.com.tw/mops/web/ajax_t163sb04
中游,伺服器滑軌與機殼,2059,川湖,2016,4,income_statement,稅前淨利（淨損）,1973317,"1,973,317",sii,https://mopsov.twse.com.tw/mops/web/ajax_t163sb04
中游,伺服器滑軌與機殼,2059,川湖,2016,4,income_statement,所得稅費用（利益）,401526,"401,526",sii,https://mopsov.twse.com.tw/mops/web/ajax_t163sb04
中游,伺服器滑軌與機殼,2059,川湖,2016,4,income_statement,繼續營業單位本期淨利（淨損）,1571791,"1,571,791",sii,https://mopsov.twse.com.tw/mops/web/ajax_t163sb04
中游,伺服器滑軌與機殼,2059,川湖,2016,4,income_statement,停業單位損益,,--,sii,https://mopsov.twse.com.tw/mops/web/ajax_t163sb04
中游,伺服器滑軌與機殼,2059,川湖,2016,4,income_statement,合併前非屬共同控制股權損益,,--,sii,https://mopsov.twse.com.tw/mops/web/ajax_t163sb04
中游,伺服器滑軌與機殼,2059,川湖,2016,4,income_statement,本期淨利（淨損）,1571791,"1,571,791",sii,https://mopsov.twse.com.tw/mops/web/ajax_t163sb04
中游,伺服器滑軌與機殼,2059,川湖,2016,4,income_statement,其他綜合損益（淨額）,-18109,"-18,109",sii,https://mopsov.twse.com.tw/mops/web/ajax_t163sb04
中游,伺服器滑軌與機殼,2059,川湖,2016,4,income_statement,合併前非屬共同控制股權綜合損益淨額,,--,sii,https://mopsov.twse.com.tw/mops/web/ajax_t163sb04
中游,伺服器滑軌與機殼,2059,川湖,2016,4,income_statement,本期綜合損益總額,1553682,"1,553,682",sii,https://mopsov.twse.com.tw/mops/web/ajax_t163sb04
中游,伺服器滑軌與機殼,2059,川湖,2016,4,income_statement,淨利（淨損）歸屬於母公司業主,1571791,"1,571,791",sii,https://mopsov.twse.com.tw/mops/web/ajax_t163sb04
中游,伺服器滑軌與機殼,2059,川湖,2016,4,income_statement,淨利（淨損）歸屬於共同控制下前手權益,,--,sii,https://mopsov.twse.com.tw/mops/web/ajax_t163sb04
中游,伺服器滑軌與機殼,2059,川湖,2016,4,income_statement,淨利（淨損）歸屬於非控制權益,,--,sii,https://mopsov.twse.com.tw/mops/web/ajax_t163sb04
中游,伺服器滑軌與機殼,2059,川湖,2016,4,income_statement,綜合損益總額歸屬於母公司業主,1553682,"1,553,682",sii,https://mopsov.twse.com.tw/mops/web/ajax_t163sb04
中游,伺服器滑軌與機殼,2059,川湖,2016,4,income_statement,綜合損益總額歸屬於共同控制下前手權益,,--,sii,https://mopsov.twse.com.tw/mops/web/ajax_t163sb04
中游,伺服器滑軌與機殼,2059,川湖,2016,4,income_statement,綜合損益總額歸屬於非控制權益,,--,sii,https://mopsov.twse.com.tw/mops/web/ajax_t163sb04
中游,伺服器滑軌與機殼,2059,川湖,2016,4,income_statement,基本每股盈餘（元）,16.49,16.49,sii,https://mopsov.twse.com.tw/mops/web/ajax_t163sb04
中游,伺服器滑軌與機殼,8210,勤誠,2016,4,income_statement,營業收入,5209967,"5,209,967",sii,https://mopsov.twse.com.tw/mops/web/ajax_t163sb04
中游,伺服器滑軌與機殼,8210,勤誠,2016,4,income_statement,營業成本,3659785,"3,659,785",sii,https://mopsov.twse.com.tw/mops/web/ajax_t163sb04
中游,伺服器滑軌與機殼,8210,勤誠,2016,4,income_statement,營業毛利（毛損）,1550182,"1,550,182",sii,https://mopsov.twse.com.tw/mops/web/ajax_t163sb04
中游,伺服器滑軌與機殼,8210,勤誠,2016,4,income_statement,未實現銷貨（損）益,,--,sii,https://mopsov.twse.com.tw/mops/web/ajax_t163sb04
中游,伺服器滑軌與機殼,8210,勤誠,2016,4,income_statement,已實現銷貨（損）益,,--,sii,https://mopsov.twse.com.tw/mops/web/ajax_t163sb04
中游,伺服器滑軌與機殼,8210,勤誠,2016,4,income_statement,營業毛利（毛損）淨額,1550182,"1,550,182",sii,https://mopsov.twse.com.tw/mops/web/ajax_t163sb04
中游,伺服器滑軌與機殼,8210,勤誠,2016,4,income_statement,營業費用,771726,"771,726",sii,https://mopsov.twse.com.tw/mops/web/ajax_t163sb04
中游,伺服器滑軌與機殼,8210,勤誠,2016,4,income_statement,其他收益及費損淨額,,--,sii,https://mopsov.twse.com.tw/mops/web/ajax_t163sb04
中游,伺服器滑軌與機殼,8210,勤誠,2016,4,income_statement,營業利益（損失）,778456,"778,456",sii,https://mopsov.twse.com.tw/mops/web/ajax_t163sb04
中游,伺服器滑軌與機殼,8210,勤誠,2016,4,income_statement,營業外收入及支出,37819,"37,819",sii,https://mopsov.twse.com.tw/mops/web/ajax_t163sb04
中游,伺服器滑軌與機殼,8210,勤誠,2016,4,income_statement,稅前淨利（淨損）,816275,"816,275",sii,https://mopsov.twse.com.tw/mops/web/ajax_t163sb04
中游,伺服器滑軌與機殼,8210,勤誠,2016,4,income_statement,所得稅費用（利益）,216087,"216,087",sii,https://mopsov.twse.com.tw/mops/web/ajax_t163sb04
中游,伺服器滑軌與機殼,8210,勤誠,2016,4,income_statement,繼續營業單位本期淨利（淨損）,600188,"600,188",sii,https://mopsov.twse.com.tw/mops/web/ajax_t163sb04
中游,伺服器滑軌與機殼,8210,勤誠,2016,4,income_statement,停業單位損益,,--,sii,https://mopsov.twse.com.tw/mops/web/ajax_t163sb04
中游,伺服器滑軌與機殼,8210,勤誠,2016,4,income_statement,合併前非屬共同控制股權損益,,--,sii,https://mopsov.twse.com.tw/mops/web/ajax_t163sb04
中游,伺服器滑軌與機殼,8210,勤誠,2016,4,income_statement,本期淨利（淨損）,600188,"600,188",sii,https://mopsov.twse.com.tw/mops/web/ajax_t163sb04
中游,伺服器滑軌與機殼,8210,勤誠,2016,4,income_statement,其他綜合損益（淨額）,-140122,"-140,122",sii,https://mopsov.twse.com.tw/mops/web/ajax_t163sb04
中游,伺服器滑軌與機殼,8210,勤誠,2016,4,income_statement,合併前非屬共同控制股權綜合損益淨額,,--,sii,https://mopsov.twse.com.tw/mops/web/ajax_t163sb04
中游,伺服器滑軌與機殼,8210,勤誠,2016,4,income_statement,本期綜合損益總額,460066,"460,066",sii,https://mopsov.twse.com.tw/mops/web/ajax_t163sb04
中游,伺服器滑軌與機殼,8210,勤誠,2016,4,income_statement,淨利（淨損）歸屬於母公司業主,600188,"600,188",sii,https://mopsov.twse.com.tw/mops/web/ajax_t163sb04
中游,伺服器滑軌與機殼,8210,勤誠,2016,4,income_statement,淨利（淨損）歸屬於共同控制下前手權益,,--,sii,https://mopsov.twse.com.tw/mops/web/ajax_t163sb04
中游,伺服器滑軌與機殼,8210,勤誠,2016,4,income_statement,淨利（淨損）歸屬於非控制權益,,--,sii,https://mopsov.twse.com.tw/mops/web/ajax_t163sb04
中游,伺服器滑軌與機殼,8210,勤誠,2016,4,income_statement,綜合損益總額歸屬於母公司業主,460066,"460,066",sii,https://mopsov.twse.com.tw/mops/web/ajax_t163sb04
中游,伺服器滑軌與機殼,8210,勤誠,2016,4,income_statement,綜合損益總額歸屬於共同控制下前手權益,,--,sii,https://mopsov.twse.com.tw/mops/web/ajax_t163sb04
中游,伺服器滑軌與機殼,8210,勤誠,2016,4,income_statement,綜合損益總額歸屬於非控制權益,,--,sii,https://mopsov.twse.com.tw/mops/web/ajax_t163sb04
中游,伺服器滑軌與機殼,8210,勤誠,2016,4,income_statement,基本每股盈餘（元）,5.01,5.01,sii,https://mopsov.twse.com.tw/mops/web/ajax_t163sb04
中游,伺服器滑軌與機殼,6584,南俊國際,2016,4,income_statement,營業收入,1996085,"1,996,085",otc,https://mopsov.twse.com.tw/mops/web/ajax_t163sb04
中游,伺服器滑軌與機殼,6584,南俊國際,2016,4,income_statement,營業成本,1489088,"1,489,088",otc,https://mopsov.twse.com.tw/mops/web/ajax_t163sb04
中游,伺服器滑軌與機殼,6584,南俊國際,2016,4,income_statement,營業毛利（毛損）,506997,"506,997",otc,https://mopsov.twse.com.tw/mops/web/ajax_t163sb04
中游,伺服器滑軌與機殼,6584,南俊國際,2016,4,income_statement,未實現銷貨（損）益,,--,otc,https://mopsov.twse.com.tw/mops/web/ajax_t163sb04
中游,伺服器滑軌與機殼,6584,南俊國際,2016,4,income_statement,已實現銷貨（損）益,,--,otc,https://mopsov.twse.com.tw/mops/web/ajax_t163sb04
中游,伺服器滑軌與機殼,6584,南俊國際,2016,4,income_statement,營業毛利（毛損）淨額,506997,"506,997",otc,https://mopsov.twse.com.tw/mops/web/ajax_t163sb04
中游,伺服器滑軌與機殼,6584,南俊國際,2016,4,income_statement,營業費用,225745,"225,745",otc,https://mopsov.twse.com.tw/mops/web/ajax_t163sb04
中游,伺服器滑軌與機殼,6584,南俊國際,2016,4,income_statement,其他收益及費損淨額,,--,otc,https://mopsov.twse.com.tw/mops/web/ajax_t163sb04
中游,伺服器滑軌與機殼,6584,南俊國際,2016,4,income_statement,營業利益（損失）,281252,"281,252",otc,https://mopsov.twse.com.tw/mops/web/ajax_t163sb04
中游,伺服器滑軌與機殼,6584,南俊國際,2016,4,income_statement,營業外收入及支出,-9087,"-9,087",otc,https://mopsov.twse.com.tw/mops/web/ajax_t163sb04
中游,伺服器滑軌與機殼,6584,南俊國際,2016,4,income_statement,稅前淨利（淨損）,272165,"272,165",otc,https://mopsov.twse.com.tw/mops/web/ajax_t163sb04
中游,伺服器滑軌與機殼,6584,南俊國際,2016,4,income_statement,所得稅費用（利益）,47083,"47,083",otc,https://mopsov.twse.com.tw/mops/web/ajax_t163sb04
中游,伺服器滑軌與機殼,6584,南俊國際,2016,4,income_statement,繼續營業單位本期淨利（淨損）,225082,"225,082",otc,https://mopsov.twse.com.tw/mops/web/ajax_t163sb04
中游,伺服器滑軌與機殼,6584,南俊國際,2016,4,income_statement,停業單位損益,,--,otc,https://mopsov.twse.com.tw/mops/web/ajax_t163sb04
中游,伺服器滑軌與機殼,6584,南俊國際,2016,4,income_statement,合併前非屬共同控制股權損益,,--,otc,https://mopsov.twse.com.tw/mops/web/ajax_t163sb04
中游,伺服器滑軌與機殼,6584,南俊國際,2016,4,income_statement,本期淨利（淨損）,225082,"225,082",otc,https://mopsov.twse.com.tw/mops/web/ajax_t163sb04
中游,伺服器滑軌與機殼,6584,南俊國際,2016,4,income_statement,其他綜合損益（淨額）,-2437,"-2,437",otc,https://mopsov.twse.com.tw/mops/web/ajax_t163sb04
中游,伺服器滑軌與機殼,6584,南俊國際,2016,4,income_statement,合併前非屬共同控制股權綜合損益淨額,,--,otc,https://mopsov.twse.com.tw/mops/web/ajax_t163sb04
中游,伺服器滑軌與機殼,6584,南俊國際,2016,4,income_statement,本期綜合損益總額,222645,"222,645",otc,https://mopsov.twse.com.tw/mops/web/ajax_t163sb04
中游,伺服器滑軌與機殼,6584,南俊國際,2016,4,income_statement,淨利（淨損）歸屬於母公司業主,225082,"225,082",otc,https://mopsov.twse.com.tw/mops/web/ajax_t163sb04
中游,伺服器滑軌與機殼,6584,南俊國際,2016,4,income_statement,淨利（淨損）歸屬於共同控制下前手權益,,--,otc,https://mopsov.twse.com.tw/mops/web/ajax_t163sb04
中游,伺服器滑軌與機殼,6584,南俊國際,2016,4,income_statement,淨利（淨損）歸屬於非控制權益,,--,otc,https://mopsov.twse.com.tw/mops/web/ajax_t163sb04
中游,伺服器滑軌與機殼,6584,南俊國際,2016,4,income_statement,綜合損益總額歸屬於母公司業主,222645,"222,645",otc,https://mopsov.twse.com.tw/mops/web/ajax_t163sb04
中游,伺服器滑軌與機殼,6584,南俊國際,2016,4,income_statement,綜合損益總額歸屬於共同控制下前手權益,,--,otc,https://mopsov.twse.com.tw/mops/web/ajax_t163sb04
中游,伺服器滑軌與機殼,6584,南俊國際,2016,4,income_statement,綜合損益總額歸屬於非控制權益,,--,otc,https://mopsov.twse.com.tw/mops/web/ajax_t163sb04
中游,伺服器滑軌與機殼,6584,南俊國際,2016,4,income_statement,基本每股盈餘（元）,4.45,4.45,otc,https://mopsov.twse.com.tw/mops/web/ajax_t163sb04
中游,伺服器滑軌與機殼,2059,川湖,2016,4,balance_sheet,流動資產,8389302,"8,389,302",sii,https://mopsov.twse.com.tw/mops/web/ajax_t163sb05
中游,伺服器滑軌與機殼,2059,川湖,2016,4,balance_sheet,非流動資產,1529787,"1,529,787",sii,https://mopsov.twse.com.tw/mops/web/ajax_t163sb05
中游,伺服器滑軌與機殼,2059,川湖,2016,4,balance_sheet,資產總計,9919089,"9,919,089",sii,https://mopsov.twse.com.tw/mops/web/ajax_t163sb05
中游,伺服器滑軌與機殼,2059,川湖,2016,4,balance_sheet,流動負債,1127772,"1,127,772",sii,https://mopsov.twse.com.tw/mops/web/ajax_t163sb05
中游,伺服器滑軌與機殼,2059,川湖,2016,4,balance_sheet,非流動負債,131313,"131,313",sii,https://mopsov.twse.com.tw/mops/web/ajax_t163sb05
中游,伺服器滑軌與機殼,2059,川湖,2016,4,balance_sheet,負債總額,1259085,"1,259,085",sii,https://mopsov.twse.com.tw/mops/web/ajax_t163sb05
中游,伺服器滑軌與機殼,2059,川湖,2016,4,balance_sheet,股本,952971,"952,971",sii,https://mopsov.twse.com.tw/mops/web/ajax_t163sb05
中游,伺服器滑軌與機殼,2059,川湖,2016,4,balance_sheet,資本公積,796691,"796,691",sii,https://mopsov.twse.com.tw/mops/web/ajax_t163sb05
中游,伺服器滑軌與機殼,2059,川湖,2016,4,balance_sheet,保留盈餘,6910881,"6,910,881",sii,https://mopsov.twse.com.tw/mops/web/ajax_t163sb05
中游,伺服器滑軌與機殼,2059,川湖,2016,4,balance_sheet,其他權益,-539,-539,sii,https://mopsov.twse.com.tw/mops/web/ajax_t163sb05
中游,伺服器滑軌與機殼,2059,川湖,2016,4,balance_sheet,庫藏股票,0,0,sii,https://mopsov.twse.com.tw/mops/web/ajax_t163sb05
中游,伺服器滑軌與機殼,2059,川湖,2016,4,balance_sheet,歸屬於母公司業主之權益合計,8660004,"8,660,004",sii,https://mopsov.twse.com.tw/mops/web/ajax_t163sb05
中游,伺服器滑軌與機殼,2059,川湖,2016,4,balance_sheet,共同控制下前手權益,,--,sii,https://mopsov.twse.com.tw/mops/web/ajax_t163sb05
中游,伺服器滑軌與機殼,2059,川湖,2016,4,balance_sheet,合併前非屬共同控制股權,,--,sii,https://mopsov.twse.com.tw/mops/web/ajax_t163sb05
中游,伺服器滑軌與機殼,2059,川湖,2016,4,balance_sheet,非控制權益,0,0,sii,https://mopsov.twse.com.tw/mops/web/ajax_t163sb05
中游,伺服器滑軌與機殼,2059,川湖,2016,4,balance_sheet,權益總額,8660004,"8,660,004",sii,https://mopsov.twse.com.tw/mops/web/ajax_t163sb05
中游,伺服器滑軌與機殼,2059,川湖,2016,4,balance_sheet,待註銷股本股數（單位：股）,,--,sii,https://mopsov.twse.com.tw/mops/web/ajax_t163sb05
中游,伺服器滑軌與機殼,2059,川湖,2016,4,balance_sheet,預收股款（權益項下）之約當發行股數（單位：股）,0,0,sii,https://mopsov.twse.com.tw/mops/web/ajax_t163sb05
中游,伺服器滑軌與機殼,2059,川湖,2016,4,balance_sheet,母公司暨子公司所持有之母公司庫藏股股數（單位：股）,0,0,sii,https://mopsov.twse.com.tw/mops/web/ajax_t163sb05
中游,伺服器滑軌與機殼,2059,川湖,2016,4,balance_sheet,每股參考淨值,90.87,90.87,sii,https://mopsov.twse.com.tw/mops/web/ajax_t163sb05
中游,伺服器滑軌與機殼,8210,勤誠,2016,4,balance_sheet,流動資產,3221308,"3,221,308",sii,https://mopsov.twse.com.tw/mops/web/ajax_t163sb05
中游,伺服器滑軌與機殼,8210,勤誠,2016,4,balance_sheet,非流動資產,1766838,"1,766,838",sii,https://mopsov.twse.com.tw/mops/web/ajax_t163sb05
中游,伺服器滑軌與機殼,8210,勤誠,2016,4,balance_sheet,資產總計,4988146,"4,988,146",sii,https://mopsov.twse.com.tw/mops/web/ajax_t163sb05
中游,伺服器滑軌與機殼,8210,勤誠,2016,4,balance_sheet,流動負債,1892895,"1,892,895",sii,https://mopsov.twse.com.tw/mops/web/ajax_t163sb05
中游,伺服器滑軌與機殼,8210,勤誠,2016,4,balance_sheet,非流動負債,238457,"238,457",sii,https://mopsov.twse.com.tw/mops/web/ajax_t163sb05
中游,伺服器滑軌與機殼,8210,勤誠,2016,4,balance_sheet,負債總額,2131352,"2,131,352",sii,https://mopsov.twse.com.tw/mops/web/ajax_t163sb05
中游,伺服器滑軌與機殼,8210,勤誠,2016,4,balance_sheet,股本,1197260,"1,197,260",sii,https://mopsov.twse.com.tw/mops/web/ajax_t163sb05
中游,伺服器滑軌與機殼,8210,勤誠,2016,4,balance_sheet,資本公積,48209,"48,209",sii,https://mopsov.twse.com.tw/mops/web/ajax_t163sb05
中游,伺服器滑軌與機殼,8210,勤誠,2016,4,balance_sheet,保留盈餘,1688376,"1,688,376",sii,https://mopsov.twse.com.tw/mops/web/ajax_t163sb05
中游,伺服器滑軌與機殼,8210,勤誠,2016,4,balance_sheet,其他權益,-77051,"-77,051",sii,https://mopsov.twse.com.tw/mops/web/ajax_t163sb05
中游,伺服器滑軌與機殼,8210,勤誠,2016,4,balance_sheet,庫藏股票,0,0,sii,https://mopsov.twse.com.tw/mops/web/ajax_t163sb05
中游,伺服器滑軌與機殼,8210,勤誠,2016,4,balance_sheet,歸屬於母公司業主之權益合計,2856794,"2,856,794",sii,https://mopsov.twse.com.tw/mops/web/ajax_t163sb05
中游,伺服器滑軌與機殼,8210,勤誠,2016,4,balance_sheet,共同控制下前手權益,,--,sii,https://mopsov.twse.com.tw/mops/web/ajax_t163sb05
中游,伺服器滑軌與機殼,8210,勤誠,2016,4,balance_sheet,合併前非屬共同控制股權,,--,sii,https://mopsov.twse.com.tw/mops/web/ajax_t163sb05
中游,伺服器滑軌與機殼,8210,勤誠,2016,4,balance_sheet,非控制權益,,--,sii,https://mopsov.twse.com.tw/mops/web/ajax_t163sb05
中游,伺服器滑軌與機殼,8210,勤誠,2016,4,balance_sheet,權益總額,2856794,"2,856,794",sii,https://mopsov.twse.com.tw/mops/web/ajax_t163sb05
中游,伺服器滑軌與機殼,8210,勤誠,2016,4,balance_sheet,待註銷股本股數（單位：股）,0,0,sii,https://mopsov.twse.com.tw/mops/web/ajax_t163sb05
中游,伺服器滑軌與機殼,8210,勤誠,2016,4,balance_sheet,預收股款（權益項下）之約當發行股數（單位：股）,0,0,sii,https://mopsov.twse.com.tw/mops/web/ajax_t163sb05
中游,伺服器滑軌與機殼,8210,勤誠,2016,4,balance_sheet,母公司暨子公司所持有之母公司庫藏股股數（單位：股）,0,0,sii,https://mopsov.twse.com.tw/mops/web/ajax_t163sb05
中游,伺服器滑軌與機殼,8210,勤誠,2016,4,balance_sheet,每股參考淨值,23.86,23.86,sii,https://mopsov.twse.com.tw/mops/web/ajax_t163sb05
中游,伺服器滑軌與機殼,6584,南俊國際,2016,4,balance_sheet,流動資產,931619,"931,619",otc,https://mopsov.twse.com.tw/mops/web/ajax_t163sb05
中游,伺服器滑軌與機殼,6584,南俊國際,2016,4,balance_sheet,非流動資產,1682405,"1,682,405",otc,https://mopsov.twse.com.tw/mops/web/ajax_t163sb05
中游,伺服器滑軌與機殼,6584,南俊國際,2016,4,balance_sheet,資產總計,2614024,"2,614,024",otc,https://mopsov.twse.com.tw/mops/web/ajax_t163sb05
中游,伺服器滑軌與機殼,6584,南俊國際,2016,4,balance_sheet,流動負債,664315,"664,315",otc,https://mopsov.twse.com.tw/mops/web/ajax_t163sb05
中游,伺服器滑軌與機殼,6584,南俊國際,2016,4,balance_sheet,非流動負債,735798,"735,798",otc,https://mopsov.twse.com.tw/mops/web/ajax_t163sb05
中游,伺服器滑軌與機殼,6584,南俊國際,2016,4,balance_sheet,負債總額,1400113,"1,400,113",otc,https://mopsov.twse.com.tw/mops/web/ajax_t163sb05
中游,伺服器滑軌與機殼,6584,南俊國際,2016,4,balance_sheet,股本,520000,"520,000",otc,https://mopsov.twse.com.tw/mops/web/ajax_t163sb05
中游,伺服器滑軌與機殼,6584,南俊國際,2016,4,balance_sheet,資本公積,196000,"196,000",otc,https://mopsov.twse.com.tw/mops/web/ajax_t163sb05
中游,伺服器滑軌與機殼,6584,南俊國際,2016,4,balance_sheet,保留盈餘,498248,"498,248",otc,https://mopsov.twse.com.tw/mops/web/ajax_t163sb05
中游,伺服器滑軌與機殼,6584,南俊國際,2016,4,balance_sheet,其他權益,-337,-337,otc,https://mopsov.twse.com.tw/mops/web/ajax_t163sb05
中游,伺服器滑軌與機殼,6584,南俊國際,2016,4,balance_sheet,庫藏股票,,--,otc,https://mopsov.twse.com.tw/mops/web/ajax_t163sb05
中游,伺服器滑軌與機殼,6584,南俊國際,2016,4,balance_sheet,歸屬於母公司業主之權益合計,1213911,"1,213,911",otc,https://mopsov.twse.com.tw/mops/web/ajax_t163sb05
中游,伺服器滑軌與機殼,6584,南俊國際,2016,4,balance_sheet,共同控制下前手權益,,--,otc,https://mopsov.twse.com.tw/mops/web/ajax_t163sb05
中游,伺服器滑軌與機殼,6584,南俊國際,2016,4,balance_sheet,合併前非屬共同控制股權,,--,otc,https://mopsov.twse.com.tw/mops/web/ajax_t163sb05
中游,伺服器滑軌與機殼,6584,南俊國際,2016,4,balance_sheet,非控制權益,,--,otc,https://mopsov.twse.com.tw/mops/web/ajax_t163sb05
中游,伺服器滑軌與機殼,6584,南俊國際,2016,4,balance_sheet,權益總額,1213911,"1,213,911",otc,https://mopsov.twse.com.tw/mops/web/ajax_t163sb05
中游,伺服器滑軌與機殼,6584,南俊國際,2016,4,balance_sheet,待註銷股本股數（單位：股）,0,0,otc,https://mopsov.twse.com.tw/mops/web/ajax_t163sb05
中游,伺服器滑軌與機殼,6584,南俊國際,2016,4,balance_sheet,預收股款（權益項下）之約當發行股數（單位：股）,0,0,otc,https://mopsov.twse.com.tw/mops/web/ajax_t163sb05
中游,伺服器滑軌與機殼,6584,南俊國際,2016,4,balance_sheet,母公司暨子公司所持有之母公司庫藏股股數（單位：股）,0,0,otc,https://mopsov.twse.com.tw/mops/web/ajax_t163sb05
中游,伺服器滑軌與機殼,6584,南俊國際,2016,4,balance_sheet,每股參考淨值,23.34,23.34,otc,https://mopsov.twse.com.tw/mops/web/ajax_t163sb05
中游,伺服器滑軌與機殼,2059,川湖,2016,4,cash_flow,營業活動之淨現金流入（流出）,1702371,"1,702,371",sii,https://mopsov.twse.com.tw/mops/web/ajax_t163sb20
中游,伺服器滑軌與機殼,2059,川湖,2016,4,cash_flow,投資活動之淨現金流入（流出）,-156546,"-156,546",sii,https://mopsov.twse.com.tw/mops/web/ajax_t163sb20
中游,伺服器滑軌與機殼,2059,川湖,2016,4,cash_flow,籌資活動之淨現金流入（流出）,-962500,"-962,500",sii,https://mopsov.twse.com.tw/mops/web/ajax_t163sb20
中游,伺服器滑軌與機殼,2059,川湖,2016,4,cash_flow,匯率變動對現金及約當現金之影響,-1986,"-1,986",sii,https://mopsov.twse.com.tw/mops/web/ajax_t163sb20
中游,伺服器滑軌與機殼,2059,川湖,2016,4,cash_flow,本期現金及約當現金增加（減少）數,581339,"581,339",sii,https://mopsov.twse.com.tw/mops/web/ajax_t163sb20
中游,伺服器滑軌與機殼,2059,川湖,2016,4,cash_flow,期初現金及約當現金餘額,6343635,"6,343,635",sii,https://mopsov.twse.com.tw/mops/web/ajax_t163sb20
中游,伺服器滑軌與機殼,2059,川湖,2016,4,cash_flow,期末現金及約當現金餘額,6924974,"6,924,974",sii,https://mopsov.twse.com.tw/mops/web/ajax_t163sb20
中游,伺服器滑軌與機殼,8210,勤誠,2016,4,cash_flow,營業活動之淨現金流入（流出）,725170,"725,170",sii,https://mopsov.twse.com.tw/mops/web/ajax_t163sb20
中游,伺服器滑軌與機殼,8210,勤誠,2016,4,cash_flow,投資活動之淨現金流入（流出）,-407945,"-407,945",sii,https://mopsov.twse.com.tw/mops/web/ajax_t163sb20
中游,伺服器滑軌與機殼,8210,勤誠,2016,4,cash_flow,籌資活動之淨現金流入（流出）,-367982,"-367,982",sii,https://mopsov.twse.com.tw/mops/web/ajax_t163sb20
中游,伺服器滑軌與機殼,8210,勤誠,2016,4,cash_flow,匯率變動對現金及約當現金之影響,-85102,"-85,102",sii,https://mopsov.twse.com.tw/mops/web/ajax_t163sb20
中游,伺服器滑軌與機殼,8210,勤誠,2016,4,cash_flow,本期現金及約當現金增加（減少）數,-135859,"-135,859",sii,https://mopsov.twse.com.tw/mops/web/ajax_t163sb20
中游,伺服器滑軌與機殼,8210,勤誠,2016,4,cash_flow,期初現金及約當現金餘額,1434077,"1,434,077",sii,https://mopsov.twse.com.tw/mops/web/ajax_t163sb20
中游,伺服器滑軌與機殼,8210,勤誠,2016,4,cash_flow,期末現金及約當現金餘額,1298218,"1,298,218",sii,https://mopsov.twse.com.tw/mops/web/ajax_t163sb20
中游,伺服器滑軌與機殼,6584,南俊國際,2016,4,cash_flow,營業活動之淨現金流入（流出）,506757,"506,757",otc,https://mopsov.twse.com.tw/mops/web/ajax_t163sb20
中游,伺服器滑軌與機殼,6584,南俊國際,2016,4,cash_flow,投資活動之淨現金流入（流出）,-660486,"-660,486",otc,https://mopsov.twse.com.tw/mops/web/ajax_t163sb20
中游,伺服器滑軌與機殼,6584,南俊國際,2016,4,cash_flow,籌資活動之淨現金流入（流出）,272041,"272,041",otc,https://mopsov.twse.com.tw/mops/web/ajax_t163sb20
中游,伺服器滑軌與機殼,6584,南俊國際,2016,4,cash_flow,匯率變動對現金及約當現金之影響,-337,-337,otc,https://mopsov.twse.com.tw/mops/web/ajax_t163sb20
中游,伺服器滑軌與機殼,6584,南俊國際,2016,4,cash_flow,本期現金及約當現金增加（減少）數,117975,"117,975",otc,https://mopsov.twse.com.tw/mops/web/ajax_t163sb20
中游,伺服器滑軌與機殼,6584,南俊國際,2016,4,cash_flow,期初現金及約當現金餘額,23645,"23,645",otc,https://mopsov.twse.com.tw/mops/web/ajax_t163sb20
中游,伺服器滑軌與機殼,6584,南俊國際,2016,4,cash_flow,期末現金及約當現金餘額,141620,"141,620",otc,https://mopsov.twse.com.tw/mops/web/ajax_t163sb20
中游,伺服器滑軌與機殼,2059,川湖,2017,1,income_statement,營業收入,1125753,"1,125,753",sii,https://mopsov.twse.com.tw/mops/web/ajax_t163sb04
中游,伺服器滑軌與機殼,2059,川湖,2017,1,income_statement,營業成本,477704,"477,704",sii,https://mopsov.twse.com.tw/mops/web/ajax_t163sb04
中游,伺服器滑軌與機殼,2059,川湖,2017,1,income_statement,原始認列生物資產及農產品之利益（損失）,,--,sii,https://mopsov.twse.com.tw/mops/web/ajax_t163sb04
中游,伺服器滑軌與機殼,2059,川湖,2017,1,income_statement,生物資產當期公允價值減出售成本之變動利益（損失）,,--,sii,https://mopsov.twse.com.tw/mops/web/ajax_t163sb04
中游,伺服器滑軌與機殼,2059,川湖,2017,1,income_statement,營業毛利（毛損）,648049,"648,049",sii,https://mopsov.twse.com.tw/mops/web/ajax_t163sb04
中游,伺服器滑軌與機殼,2059,川湖,2017,1,income_statement,未實現銷貨（損）益,,--,sii,https://mopsov.twse.com.tw/mops/web/ajax_t163sb04
中游,伺服器滑軌與機殼,2059,川湖,2017,1,income_statement,已實現銷貨（損）益,,--,sii,https://mopsov.twse.com.tw/mops/web/ajax_t163sb04
中游,伺服器滑軌與機殼,2059,川湖,2017,1,income_statement,營業毛利（毛損）淨額,648049,"648,049",sii,https://mopsov.twse.com.tw/mops/web/ajax_t163sb04
中游,伺服器滑軌與機殼,2059,川湖,2017,1,income_statement,營業費用,121909,"121,909",sii,https://mopsov.twse.com.tw/mops/web/ajax_t163sb04
中游,伺服器滑軌與機殼,2059,川湖,2017,1,income_statement,其他收益及費損淨額,,--,sii,https://mopsov.twse.com.tw/mops/web/ajax_t163sb04
中游,伺服器滑軌與機殼,2059,川湖,2017,1,income_statement,營業利益（損失）,526140,"526,140",sii,https://mopsov.twse.com.tw/mops/web/ajax_t163sb04
中游,伺服器滑軌與機殼,2059,川湖,2017,1,income_statement,營業外收入及支出,-415327,"-415,327",sii,https://mopsov.twse.com.tw/mops/web/ajax_t163sb04
中游,伺服器滑軌與機殼,2059,川湖,2017,1,income_statement,稅前淨利（淨損）,110813,"110,813",sii,https://mopsov.twse.com.tw/mops/web/ajax_t163sb04
中游,伺服器滑軌與機殼,2059,川湖,2017,1,income_statement,所得稅費用（利益）,1614,"1,614",sii,https://mopsov.twse.com.tw/mops/web/ajax_t163sb04
中游,伺服器滑軌與機殼,2059,川湖,2017,1,income_statement,繼續營業單位本期淨利（淨損）,109199,"109,199",sii,https://mopsov.twse.com.tw/mops/web/ajax_t163sb04
中游,伺服器滑軌與機殼,2059,川湖,2017,1,income_statement,停業單位損益,,--,sii,https://mopsov.twse.com.tw/mops/web/ajax_t163sb04
中游,伺服器滑軌與機殼,2059,川湖,2017,1,income_statement,合併前非屬共同控制股權損益,,--,sii,https://mopsov.twse.com.tw/mops/web/ajax_t163sb04
中游,伺服器滑軌與機殼,2059,川湖,2017,1,income_statement,本期淨利（淨損）,109199,"109,199",sii,https://mopsov.twse.com.tw/mops/web/ajax_t163sb04
中游,伺服器滑軌與機殼,2059,川湖,2017,1,income_statement,其他綜合損益（淨額）,-5470,"-5,470",sii,https://mopsov.twse.com.tw/mops/web/ajax_t163sb04
中游,伺服器滑軌與機殼,2059,川湖,2017,1,income_statement,合併前非屬共同控制股權綜合損益淨額,,--,sii,https://mopsov.twse.com.tw/mops/web/ajax_t163sb04
中游,伺服器滑軌與機殼,2059,川湖,2017,1,income_statement,本期綜合損益總額,103729,"103,729",sii,https://mopsov.twse.com.tw/mops/web/ajax_t163sb04
中游,伺服器滑軌與機殼,2059,川湖,2017,1,income_statement,淨利（淨損）歸屬於母公司業主,109199,"109,199",sii,https://mopsov.twse.com.tw/mops/web/ajax_t163sb04
中游,伺服器滑軌與機殼,2059,川湖,2017,1,income_statement,淨利（淨損）歸屬於共同控制下前手權益,,--,sii,https://mopsov.twse.com.tw/mops/web/ajax_t163sb04
中游,伺服器滑軌與機殼,2059,川湖,2017,1,income_statement,淨利（淨損）歸屬於非控制權益,,--,sii,https://mopsov.twse.com.tw/mops/web/ajax_t163sb04
中游,伺服器滑軌與機殼,2059,川湖,2017,1,income_statement,綜合損益總額歸屬於母公司業主,103729,"103,729",sii,https://mopsov.twse.com.tw/mops/web/ajax_t163sb04
中游,伺服器滑軌與機殼,2059,川湖,2017,1,income_statement,綜合損益總額歸屬於共同控制下前手權益,,--,sii,https://mopsov.twse.com.tw/mops/web/ajax_t163sb04
中游,伺服器滑軌與機殼,2059,川湖,2017,1,income_statement,綜合損益總額歸屬於非控制權益,,--,sii,https://mopsov.twse.com.tw/mops/web/ajax_t163sb04
中游,伺服器滑軌與機殼,2059,川湖,2017,1,income_statement,基本每股盈餘（元）,1.15,1.15,sii,https://mopsov.twse.com.tw/mops/web/ajax_t163sb04
中游,伺服器滑軌與機殼,8210,勤誠,2017,1,income_statement,營業收入,1234802,"1,234,802",sii,https://mopsov.twse.com.tw/mops/web/ajax_t163sb04
中游,伺服器滑軌與機殼,8210,勤誠,2017,1,income_statement,營業成本,842701,"842,701",sii,https://mopsov.twse.com.tw/mops/web/ajax_t163sb04
中游,伺服器滑軌與機殼,8210,勤誠,2017,1,income_statement,原始認列生物資產及農產品之利益（損失）,,--,sii,https://mopsov.twse.com.tw/mops/web/ajax_t163sb04
中游,伺服器滑軌與機殼,8210,勤誠,2017,1,income_statement,生物資產當期公允價值減出售成本之變動利益（損失）,,--,sii,https://mopsov.twse.com.tw/mops/web/ajax_t163sb04
中游,伺服器滑軌與機殼,8210,勤誠,2017,1,income_statement,營業毛利（毛損）,392101,"392,101",sii,https://mopsov.twse.com.tw/mops/web/ajax_t163sb04
中游,伺服器滑軌與機殼,8210,勤誠,2017,1,income_statement,未實現銷貨（損）益,,--,sii,https://mopsov.twse.com.tw/mops/web/ajax_t163sb04
中游,伺服器滑軌與機殼,8210,勤誠,2017,1,income_statement,已實現銷貨（損）益,,--,sii,https://mopsov.twse.com.tw/mops/web/ajax_t163sb04
中游,伺服器滑軌與機殼,8210,勤誠,2017,1,income_statement,營業毛利（毛損）淨額,392101,"392,101",sii,https://mopsov.twse.com.tw/mops/web/ajax_t163sb04
中游,伺服器滑軌與機殼,8210,勤誠,2017,1,income_statement,營業費用,186863,"186,863",sii,https://mopsov.twse.com.tw/mops/web/ajax_t163sb04
中游,伺服器滑軌與機殼,8210,勤誠,2017,1,income_statement,其他收益及費損淨額,,--,sii,https://mopsov.twse.com.tw/mops/web/ajax_t163sb04
中游,伺服器滑軌與機殼,8210,勤誠,2017,1,income_statement,營業利益（損失）,205238,"205,238",sii,https://mopsov.twse.com.tw/mops/web/ajax_t163sb04
中游,伺服器滑軌與機殼,8210,勤誠,2017,1,income_statement,營業外收入及支出,-26858,"-26,858",sii,https://mopsov.twse.com.tw/mops/web/ajax_t163sb04
中游,伺服器滑軌與機殼,8210,勤誠,2017,1,income_statement,稅前淨利（淨損）,178380,"178,380",sii,https://mopsov.twse.com.tw/mops/web/ajax_t163sb04
中游,伺服器滑軌與機殼,8210,勤誠,2017,1,income_statement,所得稅費用（利益）,53462,"53,462",sii,https://mopsov.twse.com.tw/mops/web/ajax_t163sb04
中游,伺服器滑軌與機殼,8210,勤誠,2017,1,income_statement,繼續營業單位本期淨利（淨損）,124918,"124,918",sii,https://mopsov.twse.com.tw/mops/web/ajax_t163sb04
中游,伺服器滑軌與機殼,8210,勤誠,2017,1,income_statement,停業單位損益,,--,sii,https://mopsov.twse.com.tw/mops/web/ajax_t163sb04
中游,伺服器滑軌與機殼,8210,勤誠,2017,1,income_statement,合併前非屬共同控制股權損益,,--,sii,https://mopsov.twse.com.tw/mops/web/ajax_t163sb04
中游,伺服器滑軌與機殼,8210,勤誠,2017,1,income_statement,本期淨利（淨損）,124918,"124,918",sii,https://mopsov.twse.com.tw/mops/web/ajax_t163sb04
中游,伺服器滑軌與機殼,8210,勤誠,2017,1,income_statement,其他綜合損益（淨額）,-99011,"-99,011",sii,https://mopsov.twse.com.tw/mops/web/ajax_t163sb04
中游,伺服器滑軌與機殼,8210,勤誠,2017,1,income_statement,合併前非屬共同控制股權綜合損益淨額,,--,sii,https://mopsov.twse.com.tw/mops/web/ajax_t163sb04
中游,伺服器滑軌與機殼,8210,勤誠,2017,1,income_statement,本期綜合損益總額,25907,"25,907",sii,https://mopsov.twse.com.tw/mops/web/ajax_t163sb04
中游,伺服器滑軌與機殼,8210,勤誠,2017,1,income_statement,淨利（淨損）歸屬於母公司業主,124918,"124,918",sii,https://mopsov.twse.com.tw/mops/web/ajax_t163sb04
中游,伺服器滑軌與機殼,8210,勤誠,2017,1,income_statement,淨利（淨損）歸屬於共同控制下前手權益,,--,sii,https://mopsov.twse.com.tw/mops/web/ajax_t163sb04
中游,伺服器滑軌與機殼,8210,勤誠,2017,1,income_statement,淨利（淨損）歸屬於非控制權益,,--,sii,https://mopsov.twse.com.tw/mops/web/ajax_t163sb04
中游,伺服器滑軌與機殼,8210,勤誠,2017,1,income_statement,綜合損益總額歸屬於母公司業主,25907,"25,907",sii,https://mopsov.twse.com.tw/mops/web/ajax_t163sb04
中游,伺服器滑軌與機殼,8210,勤誠,2017,1,income_statement,綜合損益總額歸屬於共同控制下前手權益,,--,sii,https://mopsov.twse.com.tw/mops/web/ajax_t163sb04
中游,伺服器滑軌與機殼,8210,勤誠,2017,1,income_statement,綜合損益總額歸屬於非控制權益,,--,sii,https://mopsov.twse.com.tw/mops/web/ajax_t163sb04
中游,伺服器滑軌與機殼,8210,勤誠,2017,1,income_statement,基本每股盈餘（元）,1.04,1.04,sii,https://mopsov.twse.com.tw/mops/web/ajax_t163sb04
中游,伺服器滑軌與機殼,2059,川湖,2017,1,balance_sheet,流動資產,8276150,"8,276,150",sii,https://mopsov.twse.com.tw/mops/web/ajax_t163sb05
中游,伺服器滑軌與機殼,2059,川湖,2017,1,balance_sheet,非流動資產,1576870,"1,576,870",sii,https://mopsov.twse.com.tw/mops/web/ajax_t163sb05
中游,伺服器滑軌與機殼,2059,川湖,2017,1,balance_sheet,資產總計,9853020,"9,853,020",sii,https://mopsov.twse.com.tw/mops/web/ajax_t163sb05
中游,伺服器滑軌與機殼,2059,川湖,2017,1,balance_sheet,流動負債,1003060,"1,003,060",sii,https://mopsov.twse.com.tw/mops/web/ajax_t163sb05
中游,伺服器滑軌與機殼,2059,川湖,2017,1,balance_sheet,非流動負債,86227,"86,227",sii,https://mopsov.twse.com.tw/mops/web/ajax_t163sb05
中游,伺服器滑軌與機殼,2059,川湖,2017,1,balance_sheet,負債總額,1089287,"1,089,287",sii,https://mopsov.twse.com.tw/mops/web/ajax_t163sb05
中游,伺服器滑軌與機殼,2059,川湖,2017,1,balance_sheet,股本,952971,"952,971",sii,https://mopsov.twse.com.tw/mops/web/ajax_t163sb05
中游,伺服器滑軌與機殼,2059,川湖,2017,1,balance_sheet,資本公積,796691,"796,691",sii,https://mopsov.twse.com.tw/mops/web/ajax_t163sb05
中游,伺服器滑軌與機殼,2059,川湖,2017,1,balance_sheet,保留盈餘,7020080,"7,020,080",sii,https://mopsov.twse.com.tw/mops/web/ajax_t163sb05
中游,伺服器滑軌與機殼,2059,川湖,2017,1,balance_sheet,其他權益,-6009,"-6,009",sii,https://mopsov.twse.com.tw/mops/web/ajax_t163sb05
中游,伺服器滑軌與機殼,2059,川湖,2017,1,balance_sheet,庫藏股票,0,0,sii,https://mopsov.twse.com.tw/mops/web/ajax_t163sb05
中游,伺服器滑軌與機殼,2059,川湖,2017,1,balance_sheet,歸屬於母公司業主之權益合計,8763733,"8,763,733",sii,https://mopsov.twse.com.tw/mops/web/ajax_t163sb05
中游,伺服器滑軌與機殼,2059,川湖,2017,1,balance_sheet,共同控制下前手權益,,--,sii,https://mopsov.twse.com.tw/mops/web/ajax_t163sb05
中游,伺服器滑軌與機殼,2059,川湖,2017,1,balance_sheet,合併前非屬共同控制股權,,--,sii,https://mopsov.twse.com.tw/mops/web/ajax_t163sb05
中游,伺服器滑軌與機殼,2059,川湖,2017,1,balance_sheet,非控制權益,0,0,sii,https://mopsov.twse.com.tw/mops/web/ajax_t163sb05
中游,伺服器滑軌與機殼,2059,川湖,2017,1,balance_sheet,權益總額,8763733,"8,763,733",sii,https://mopsov.twse.com.tw/mops/web/ajax_t163sb05
中游,伺服器滑軌與機殼,2059,川湖,2017,1,balance_sheet,待註銷股本股數（單位：股）,0,0,sii,https://mopsov.twse.com.tw/mops/web/ajax_t163sb05
中游,伺服器滑軌與機殼,2059,川湖,2017,1,balance_sheet,預收股款（權益項下）之約當發行股數（單位：股）,0,0,sii,https://mopsov.twse.com.tw/mops/web/ajax_t163sb05
中游,伺服器滑軌與機殼,2059,川湖,2017,1,balance_sheet,母公司暨子公司所持有之母公司庫藏股股數（單位：股）,0,0,sii,https://mopsov.twse.com.tw/mops/web/ajax_t163sb05
中游,伺服器滑軌與機殼,2059,川湖,2017,1,balance_sheet,每股參考淨值,91.96,91.96,sii,https://mopsov.twse.com.tw/mops/web/ajax_t163sb05
中游,伺服器滑軌與機殼,8210,勤誠,2017,1,balance_sheet,流動資產,3028331,"3,028,331",sii,https://mopsov.twse.com.tw/mops/web/ajax_t163sb05
中游,伺服器滑軌與機殼,8210,勤誠,2017,1,balance_sheet,非流動資產,1738681,"1,738,681",sii,https://mopsov.twse.com.tw/mops/web/ajax_t163sb05
中游,伺服器滑軌與機殼,8210,勤誠,2017,1,balance_sheet,資產總計,4767012,"4,767,012",sii,https://mopsov.twse.com.tw/mops/web/ajax_t163sb05
中游,伺服器滑軌與機殼,8210,勤誠,2017,1,balance_sheet,流動負債,1675407,"1,675,407",sii,https://mopsov.twse.com.tw/mops/web/ajax_t163sb05
中游,伺服器滑軌與機殼,8210,勤誠,2017,1,balance_sheet,非流動負債,208904,"208,904",sii,https://mopsov.twse.com.tw/mops/web/ajax_t163sb05
中游,伺服器滑軌與機殼,8210,勤誠,2017,1,balance_sheet,負債總額,1884311,"1,884,311",sii,https://mopsov.twse.com.tw/mops/web/ajax_t163sb05
中游,伺服器滑軌與機殼,8210,勤誠,2017,1,balance_sheet,股本,1197260,"1,197,260",sii,https://mopsov.twse.com.tw/mops/web/ajax_t163sb05
中游,伺服器滑軌與機殼,8210,勤誠,2017,1,balance_sheet,資本公積,48209,"48,209",sii,https://mopsov.twse.com.tw/mops/web/ajax_t163sb05
中游,伺服器滑軌與機殼,8210,勤誠,2017,1,balance_sheet,保留盈餘,1813294,"1,813,294",sii,https://mopsov.twse.com.tw/mops/web/ajax_t163sb05
中游,伺服器滑軌與機殼,8210,勤誠,2017,1,balance_sheet,其他權益,-176062,"-176,062",sii,https://mopsov.twse.com.tw/mops/web/ajax_t163sb05
中游,伺服器滑軌與機殼,8210,勤誠,2017,1,balance_sheet,庫藏股票,0,0,sii,https://mopsov.twse.com.tw/mops/web/ajax_t163sb05
中游,伺服器滑軌與機殼,8210,勤誠,2017,1,balance_sheet,歸屬於母公司業主之權益合計,2882701,"2,882,701",sii,https://mopsov.twse.com.tw/mops/web/ajax_t163sb05
中游,伺服器滑軌與機殼,8210,勤誠,2017,1,balance_sheet,共同控制下前手權益,,--,sii,https://mopsov.twse.com.tw/mops/web/ajax_t163sb05
中游,伺服器滑軌與機殼,8210,勤誠,2017,1,balance_sheet,合併前非屬共同控制股權,,--,sii,https://mopsov.twse.com.tw/mops/web/ajax_t163sb05
中游,伺服器滑軌與機殼,8210,勤誠,2017,1,balance_sheet,非控制權益,,--,sii,https://mopsov.twse.com.tw/mops/web/ajax_t163sb05
中游,伺服器滑軌與機殼,8210,勤誠,2017,1,balance_sheet,權益總額,2882701,"2,882,701",sii,https://mopsov.twse.com.tw/mops/web/ajax_t163sb05
中游,伺服器滑軌與機殼,8210,勤誠,2017,1,balance_sheet,待註銷股本股數（單位：股）,0,0,sii,https://mopsov.twse.com.tw/mops/web/ajax_t163sb05
中游,伺服器滑軌與機殼,8210,勤誠,2017,1,balance_sheet,預收股款（權益項下）之約當發行股數（單位：股）,0,0,sii,https://mopsov.twse.com.tw/mops/web/ajax_t163sb05
中游,伺服器滑軌與機殼,8210,勤誠,2017,1,balance_sheet,母公司暨子公司所持有之母公司庫藏股股數（單位：股）,0,0,sii,https://mopsov.twse.com.tw/mops/web/ajax_t163sb05
中游,伺服器滑軌與機殼,8210,勤誠,2017,1,balance_sheet,每股參考淨值,24.08,24.08,sii,https://mopsov.twse.com.tw/mops/web/ajax_t163sb05
中游,伺服器滑軌與機殼,2059,川湖,2017,1,cash_flow,營業活動之淨現金流入（流出）,17738,"17,738",sii,https://mopsov.twse.com.tw/mops/web/ajax_t163sb20
中游,伺服器滑軌與機殼,2059,川湖,2017,1,cash_flow,投資活動之淨現金流入（流出）,-41927,"-41,927",sii,https://mopsov.twse.com.tw/mops/web/ajax_t163sb20
中游,伺服器滑軌與機殼,2059,川湖,2017,1,cash_flow,籌資活動之淨現金流入（流出）,0,0,sii,https://mopsov.twse.com.tw/mops/web/ajax_t163sb20
中游,伺服器滑軌與機殼,2059,川湖,2017,1,cash_flow,匯率變動對現金及約當現金之影響,-963,-963,sii,https://mopsov.twse.com.tw/mops/web/ajax_t163sb20
中游,伺服器滑軌與機殼,2059,川湖,2017,1,cash_flow,本期現金及約當現金增加（減少）數,-25152,"-25,152",sii,https://mopsov.twse.com.tw/mops/web/ajax_t163sb20
中游,伺服器滑軌與機殼,2059,川湖,2017,1,cash_flow,期初現金及約當現金餘額,6924974,"6,924,974",sii,https://mopsov.twse.com.tw/mops/web/ajax_t163sb20
中游,伺服器滑軌與機殼,2059,川湖,2017,1,cash_flow,期末現金及約當現金餘額,6899822,"6,899,822",sii,https://mopsov.twse.com.tw/mops/web/ajax_t163sb20
中游,伺服器滑軌與機殼,8210,勤誠,2017,1,cash_flow,營業活動之淨現金流入（流出）,22659,"22,659",sii,https://mopsov.twse.com.tw/mops/web/ajax_t163sb20
中游,伺服器滑軌與機殼,8210,勤誠,2017,1,cash_flow,投資活動之淨現金流入（流出）,-79152,"-79,152",sii,https://mopsov.twse.com.tw/mops/web/ajax_t163sb20
中游,伺服器滑軌與機殼,8210,勤誠,2017,1,cash_flow,籌資活動之淨現金流入（流出）,-35475,"-35,475",sii,https://mopsov.twse.com.tw/mops/web/ajax_t163sb20
中游,伺服器滑軌與機殼,8210,勤誠,2017,1,cash_flow,匯率變動對現金及約當現金之影響,-61792,"-61,792",sii,https://mopsov.twse.com.tw/mops/web/ajax_t163sb20
中游,伺服器滑軌與機殼,8210,勤誠,2017,1,cash_flow,本期現金及約當現金增加（減少）數,-153760,"-153,760",sii,https://mopsov.twse.com.tw/mops/web/ajax_t163sb20
中游,伺服器滑軌與機殼,8210,勤誠,2017,1,cash_flow,期初現金及約當現金餘額,1298218,"1,298,218",sii,https://mopsov.twse.com.tw/mops/web/ajax_t163sb20
中游,伺服器滑軌與機殼,8210,勤誠,2017,1,cash_flow,期末現金及約當現金餘額,1144458,"1,144,458",sii,https://mopsov.twse.com.tw/mops/web/ajax_t163sb20
中游,伺服器滑軌與機殼,2059,川湖,2017,2,income_statement,營業收入,2010568,"2,010,568",sii,https://mopsov.twse.com.tw/mops/web/ajax_t163sb04
中游,伺服器滑軌與機殼,2059,川湖,2017,2,income_statement,營業成本,913619,"913,619",sii,https://mopsov.twse.com.tw/mops/web/ajax_t163sb04
中游,伺服器滑軌與機殼,2059,川湖,2017,2,income_statement,原始認列生物資產及農產品之利益（損失）,,--,sii,https://mopsov.twse.com.tw/mops/web/ajax_t163sb04
中游,伺服器滑軌與機殼,2059,川湖,2017,2,income_statement,生物資產當期公允價值減出售成本之變動利益（損失）,,--,sii,https://mopsov.twse.com.tw/mops/web/ajax_t163sb04
中游,伺服器滑軌與機殼,2059,川湖,2017,2,income_statement,營業毛利（毛損）,1096949,"1,096,949",sii,https://mopsov.twse.com.tw/mops/web/ajax_t163sb04
中游,伺服器滑軌與機殼,2059,川湖,2017,2,income_statement,未實現銷貨（損）益,,--,sii,https://mopsov.twse.com.tw/mops/web/ajax_t163sb04
中游,伺服器滑軌與機殼,2059,川湖,2017,2,income_statement,已實現銷貨（損）益,,--,sii,https://mopsov.twse.com.tw/mops/web/ajax_t163sb04
中游,伺服器滑軌與機殼,2059,川湖,2017,2,income_statement,營業毛利（毛損）淨額,1096949,"1,096,949",sii,https://mopsov.twse.com.tw/mops/web/ajax_t163sb04
中游,伺服器滑軌與機殼,2059,川湖,2017,2,income_statement,營業費用,256211,"256,211",sii,https://mopsov.twse.com.tw/mops/web/ajax_t163sb04
中游,伺服器滑軌與機殼,2059,川湖,2017,2,income_statement,其他收益及費損淨額,,--,sii,https://mopsov.twse.com.tw/mops/web/ajax_t163sb04
中游,伺服器滑軌與機殼,2059,川湖,2017,2,income_statement,營業利益（損失）,840738,"840,738",sii,https://mopsov.twse.com.tw/mops/web/ajax_t163sb04
中游,伺服器滑軌與機殼,2059,川湖,2017,2,income_statement,營業外收入及支出,-371227,"-371,227",sii,https://mopsov.twse.com.tw/mops/web/ajax_t163sb04
中游,伺服器滑軌與機殼,2059,川湖,2017,2,income_statement,稅前淨利（淨損）,469511,"469,511",sii,https://mopsov.twse.com.tw/mops/web/ajax_t163sb04
中游,伺服器滑軌與機殼,2059,川湖,2017,2,income_statement,所得稅費用（利益）,214961,"214,961",sii,https://mopsov.twse.com.tw/mops/web/ajax_t163sb04
中游,伺服器滑軌與機殼,2059,川湖,2017,2,income_statement,繼續營業單位本期淨利（淨損）,254550,"254,550",sii,https://mopsov.twse.com.tw/mops/web/ajax_t163sb04
中游,伺服器滑軌與機殼,2059,川湖,2017,2,income_statement,停業單位損益,,--,sii,https://mopsov.twse.com.tw/mops/web/ajax_t163sb04
中游,伺服器滑軌與機殼,2059,川湖,2017,2,income_statement,合併前非屬共同控制股權損益,,--,sii,https://mopsov.twse.com.tw/mops/web/ajax_t163sb04
中游,伺服器滑軌與機殼,2059,川湖,2017,2,income_statement,本期淨利（淨損）,254550,"254,550",sii,https://mopsov.twse.com.tw/mops/web/ajax_t163sb04
中游,伺服器滑軌與機殼,2059,川湖,2017,2,income_statement,其他綜合損益（淨額）,-3753,"-3,753",sii,https://mopsov.twse.com.tw/mops/web/ajax_t163sb04
中游,伺服器滑軌與機殼,2059,川湖,2017,2,income_statement,合併前非屬共同控制股權綜合損益淨額,,--,sii,https://mopsov.twse.com.tw/mops/web/ajax_t163sb04
中游,伺服器滑軌與機殼,2059,川湖,2017,2,income_statement,本期綜合損益總額,250797,"250,797",sii,https://mopsov.twse.com.tw/mops/web/ajax_t163sb04
中游,伺服器滑軌與機殼,2059,川湖,2017,2,income_statement,淨利（淨損）歸屬於母公司業主,254550,"254,550",sii,https://mopsov.twse.com.tw/mops/web/ajax_t163sb04
中游,伺服器滑軌與機殼,2059,川湖,2017,2,income_statement,淨利（淨損）歸屬於共同控制下前手權益,,--,sii,https://mopsov.twse.com.tw/mops/web/ajax_t163sb04
中游,伺服器滑軌與機殼,2059,川湖,2017,2,income_statement,淨利（淨損）歸屬於非控制權益,,--,sii,https://mopsov.twse.com.tw/mops/web/ajax_t163sb04
中游,伺服器滑軌與機殼,2059,川湖,2017,2,income_statement,綜合損益總額歸屬於母公司業主,250797,"250,797",sii,https://mopsov.twse.com.tw/mops/web/ajax_t163sb04
中游,伺服器滑軌與機殼,2059,川湖,2017,2,income_statement,綜合損益總額歸屬於共同控制下前手權益,,--,sii,https://mopsov.twse.com.tw/mops/web/ajax_t163sb04
中游,伺服器滑軌與機殼,2059,川湖,2017,2,income_statement,綜合損益總額歸屬於非控制權益,,--,sii,https://mopsov.twse.com.tw/mops/web/ajax_t163sb04
中游,伺服器滑軌與機殼,2059,川湖,2017,2,income_statement,基本每股盈餘（元）,2.67,2.67,sii,https://mopsov.twse.com.tw/mops/web/ajax_t163sb04
中游,伺服器滑軌與機殼,8210,勤誠,2017,2,income_statement,營業收入,2550013,"2,550,013",sii,https://mopsov.twse.com.tw/mops/web/ajax_t163sb04
中游,伺服器滑軌與機殼,8210,勤誠,2017,2,income_statement,營業成本,1811564,"1,811,564",sii,https://mopsov.twse.com.tw/mops/web/ajax_t163sb04
中游,伺服器滑軌與機殼,8210,勤誠,2017,2,income_statement,原始認列生物資產及農產品之利益（損失）,,--,sii,https://mopsov.twse.com.tw/mops/web/ajax_t163sb04
中游,伺服器滑軌與機殼,8210,勤誠,2017,2,income_statement,生物資產當期公允價值減出售成本之變動利益（損失）,,--,sii,https://mopsov.twse.com.tw/mops/web/ajax_t163sb04
中游,伺服器滑軌與機殼,8210,勤誠,2017,2,income_statement,營業毛利（毛損）,738449,"738,449",sii,https://mopsov.twse.com.tw/mops/web/ajax_t163sb04
中游,伺服器滑軌與機殼,8210,勤誠,2017,2,income_statement,未實現銷貨（損）益,,--,sii,https://mopsov.twse.com.tw/mops/web/ajax_t163sb04
中游,伺服器滑軌與機殼,8210,勤誠,2017,2,income_statement,已實現銷貨（損）益,,--,sii,https://mopsov.twse.com.tw/mops/web/ajax_t163sb04
中游,伺服器滑軌與機殼,8210,勤誠,2017,2,income_statement,營業毛利（毛損）淨額,738449,"738,449",sii,https://mopsov.twse.com.tw/mops/web/ajax_t163sb04
中游,伺服器滑軌與機殼,8210,勤誠,2017,2,income_statement,營業費用,384807,"384,807",sii,https://mopsov.twse.com.tw/mops/web/ajax_t163sb04
中游,伺服器滑軌與機殼,8210,勤誠,2017,2,income_statement,其他收益及費損淨額,,--,sii,https://mopsov.twse.com.tw/mops/web/ajax_t163sb04
中游,伺服器滑軌與機殼,8210,勤誠,2017,2,income_statement,營業利益（損失）,353642,"353,642",sii,https://mopsov.twse.com.tw/mops/web/ajax_t163sb04
中游,伺服器滑軌與機殼,8210,勤誠,2017,2,income_statement,營業外收入及支出,-35647,"-35,647",sii,https://mopsov.twse.com.tw/mops/web/ajax_t163sb04
中游,伺服器滑軌與機殼,8210,勤誠,2017,2,income_statement,稅前淨利（淨損）,317995,"317,995",sii,https://mopsov.twse.com.tw/mops/web/ajax_t163sb04
中游,伺服器滑軌與機殼,8210,勤誠,2017,2,income_statement,所得稅費用（利益）,88558,"88,558",sii,https://mopsov.twse.com.tw/mops/web/ajax_t163sb04
中游,伺服器滑軌與機殼,8210,勤誠,2017,2,income_statement,繼續營業單位本期淨利（淨損）,229437,"229,437",sii,https://mopsov.twse.com.tw/mops/web/ajax_t163sb04
中游,伺服器滑軌與機殼,8210,勤誠,2017,2,income_statement,停業單位損益,,--,sii,https://mopsov.twse.com.tw/mops/web/ajax_t163sb04
中游,伺服器滑軌與機殼,8210,勤誠,2017,2,income_statement,合併前非屬共同控制股權損益,,--,sii,https://mopsov.twse.com.tw/mops/web/ajax_t163sb04
中游,伺服器滑軌與機殼,8210,勤誠,2017,2,income_statement,本期淨利（淨損）,229437,"229,437",sii,https://mopsov.twse.com.tw/mops/web/ajax_t163sb04
中游,伺服器滑軌與機殼,8210,勤誠,2017,2,income_statement,其他綜合損益（淨額）,-61351,"-61,351",sii,https://mopsov.twse.com.tw/mops/web/ajax_t163sb04
中游,伺服器滑軌與機殼,8210,勤誠,2017,2,income_statement,合併前非屬共同控制股權綜合損益淨額,,--,sii,https://mopsov.twse.com.tw/mops/web/ajax_t163sb04
中游,伺服器滑軌與機殼,8210,勤誠,2017,2,income_statement,本期綜合損益總額,168086,"168,086",sii,https://mopsov.twse.com.tw/mops/web/ajax_t163sb04
中游,伺服器滑軌與機殼,8210,勤誠,2017,2,income_statement,淨利（淨損）歸屬於母公司業主,229437,"229,437",sii,https://mopsov.twse.com.tw/mops/web/ajax_t163sb04
中游,伺服器滑軌與機殼,8210,勤誠,2017,2,income_statement,淨利（淨損）歸屬於共同控制下前手權益,,--,sii,https://mopsov.twse.com.tw/mops/web/ajax_t163sb04
中游,伺服器滑軌與機殼,8210,勤誠,2017,2,income_statement,淨利（淨損）歸屬於非控制權益,,--,sii,https://mopsov.twse.com.tw/mops/web/ajax_t163sb04
中游,伺服器滑軌與機殼,8210,勤誠,2017,2,income_statement,綜合損益總額歸屬於母公司業主,168086,"168,086",sii,https://mopsov.twse.com.tw/mops/web/ajax_t163sb04
中游,伺服器滑軌與機殼,8210,勤誠,2017,2,income_statement,綜合損益總額歸屬於共同控制下前手權益,,--,sii,https://mopsov.twse.com.tw/mops/web/ajax_t163sb04
中游,伺服器滑軌與機殼,8210,勤誠,2017,2,income_statement,綜合損益總額歸屬於非控制權益,,--,sii,https://mopsov.twse.com.tw/mops/web/ajax_t163sb04
中游,伺服器滑軌與機殼,8210,勤誠,2017,2,income_statement,基本每股盈餘（元）,1.92,1.92,sii,https://mopsov.twse.com.tw/mops/web/ajax_t163sb04
中游,伺服器滑軌與機殼,6584,南俊國際,2017,2,income_statement,營業收入,1106291,"1,106,291",otc,https://mopsov.twse.com.tw/mops/web/ajax_t163sb04
中游,伺服器滑軌與機殼,6584,南俊國際,2017,2,income_statement,營業成本,896283,"896,283",otc,https://mopsov.twse.com.tw/mops/web/ajax_t163sb04
中游,伺服器滑軌與機殼,6584,南俊國際,2017,2,income_statement,原始認列生物資產及農產品之利益（損失）,,--,otc,https://mopsov.twse.com.tw/mops/web/ajax_t163sb04
中游,伺服器滑軌與機殼,6584,南俊國際,2017,2,income_statement,生物資產當期公允價值減出售成本之變動利益（損失）,,--,otc,https://mopsov.twse.com.tw/mops/web/ajax_t163sb04
中游,伺服器滑軌與機殼,6584,南俊國際,2017,2,income_statement,營業毛利（毛損）,210008,"210,008",otc,https://mopsov.twse.com.tw/mops/web/ajax_t163sb04
中游,伺服器滑軌與機殼,6584,南俊國際,2017,2,income_statement,未實現銷貨（損）益,,--,otc,https://mopsov.twse.com.tw/mops/web/ajax_t163sb04
中游,伺服器滑軌與機殼,6584,南俊國際,2017,2,income_statement,已實現銷貨（損）益,,--,otc,https://mopsov.twse.com.tw/mops/web/ajax_t163sb04
中游,伺服器滑軌與機殼,6584,南俊國際,2017,2,income_statement,營業毛利（毛損）淨額,210008,"210,008",otc,https://mopsov.twse.com.tw/mops/web/ajax_t163sb04
中游,伺服器滑軌與機殼,6584,南俊國際,2017,2,income_statement,營業費用,128595,"128,595",otc,https://mopsov.twse.com.tw/mops/web/ajax_t163sb04
中游,伺服器滑軌與機殼,6584,南俊國際,2017,2,income_statement,其他收益及費損淨額,,--,otc,https://mopsov.twse.com.tw/mops/web/ajax_t163sb04
中游,伺服器滑軌與機殼,6584,南俊國際,2017,2,income_statement,營業利益（損失）,81413,"81,413",otc,https://mopsov.twse.com.tw/mops/web/ajax_t163sb04
中游,伺服器滑軌與機殼,6584,南俊國際,2017,2,income_statement,營業外收入及支出,-21727,"-21,727",otc,https://mopsov.twse.com.tw/mops/web/ajax_t163sb04
中游,伺服器滑軌與機殼,6584,南俊國際,2017,2,income_statement,稅前淨利（淨損）,59686,"59,686",otc,https://mopsov.twse.com.tw/mops/web/ajax_t163sb04
中游,伺服器滑軌與機殼,6584,南俊國際,2017,2,income_statement,所得稅費用（利益）,22262,"22,262",otc,https://mopsov.twse.com.tw/mops/web/ajax_t163sb04
中游,伺服器滑軌與機殼,6584,南俊國際,2017,2,income_statement,繼續營業單位本期淨利（淨損）,37424,"37,424",otc,https://mopsov.twse.com.tw/mops/web/ajax_t163sb04
中游,伺服器滑軌與機殼,6584,南俊國際,2017,2,income_statement,停業單位損益,,--,otc,https://mopsov.twse.com.tw/mops/web/ajax_t163sb04
中游,伺服器滑軌與機殼,6584,南俊國際,2017,2,income_statement,合併前非屬共同控制股權損益,,--,otc,https://mopsov.twse.com.tw/mops/web/ajax_t163sb04
中游,伺服器滑軌與機殼,6584,南俊國際,2017,2,income_statement,本期淨利（淨損）,37424,"37,424",otc,https://mopsov.twse.com.tw/mops/web/ajax_t163sb04
中游,伺服器滑軌與機殼,6584,南俊國際,2017,2,income_statement,其他綜合損益（淨額）,-566,-566,otc,https://mopsov.twse.com.tw/mops/web/ajax_t163sb04
中游,伺服器滑軌與機殼,6584,南俊國際,2017,2,income_statement,合併前非屬共同控制股權綜合損益淨額,,--,otc,https://mopsov.twse.com.tw/mops/web/ajax_t163sb04
中游,伺服器滑軌與機殼,6584,南俊國際,2017,2,income_statement,本期綜合損益總額,36858,"36,858",otc,https://mopsov.twse.com.tw/mops/web/ajax_t163sb04
中游,伺服器滑軌與機殼,6584,南俊國際,2017,2,income_statement,淨利（淨損）歸屬於母公司業主,37424,"37,424",otc,https://mopsov.twse.com.tw/mops/web/ajax_t163sb04
中游,伺服器滑軌與機殼,6584,南俊國際,2017,2,income_statement,淨利（淨損）歸屬於共同控制下前手權益,,--,otc,https://mopsov.twse.com.tw/mops/web/ajax_t163sb04
中游,伺服器滑軌與機殼,6584,南俊國際,2017,2,income_statement,淨利（淨損）歸屬於非控制權益,,--,otc,https://mopsov.twse.com.tw/mops/web/ajax_t163sb04
中游,伺服器滑軌與機殼,6584,南俊國際,2017,2,income_statement,綜合損益總額歸屬於母公司業主,36858,"36,858",otc,https://mopsov.twse.com.tw/mops/web/ajax_t163sb04
中游,伺服器滑軌與機殼,6584,南俊國際,2017,2,income_statement,綜合損益總額歸屬於共同控制下前手權益,,--,otc,https://mopsov.twse.com.tw/mops/web/ajax_t163sb04
中游,伺服器滑軌與機殼,6584,南俊國際,2017,2,income_statement,綜合損益總額歸屬於非控制權益,,--,otc,https://mopsov.twse.com.tw/mops/web/ajax_t163sb04
中游,伺服器滑軌與機殼,6584,南俊國際,2017,2,income_statement,基本每股盈餘（元）,0.72,0.72,otc,https://mopsov.twse.com.tw/mops/web/ajax_t163sb04
中游,伺服器滑軌與機殼,2059,川湖,2017,2,balance_sheet,流動資產,8313978,"8,313,978",sii,https://mopsov.twse.com.tw/mops/web/ajax_t163sb05
中游,伺服器滑軌與機殼,2059,川湖,2017,2,balance_sheet,非流動資產,1612402,"1,612,402",sii,https://mopsov.twse.com.tw/mops/web/ajax_t163sb05
中游,伺服器滑軌與機殼,2059,川湖,2017,2,balance_sheet,資產總計,9926380,"9,926,380",sii,https://mopsov.twse.com.tw/mops/web/ajax_t163sb05
中游,伺服器滑軌與機殼,2059,川湖,2017,2,balance_sheet,流動負債,1715201,"1,715,201",sii,https://mopsov.twse.com.tw/mops/web/ajax_t163sb05
中游,伺服器滑軌與機殼,2059,川湖,2017,2,balance_sheet,非流動負債,86579,"86,579",sii,https://mopsov.twse.com.tw/mops/web/ajax_t163sb05
中游,伺服器滑軌與機殼,2059,川湖,2017,2,balance_sheet,負債總額,1801780,"1,801,780",sii,https://mopsov.twse.com.tw/mops/web/ajax_t163sb05
中游,伺服器滑軌與機殼,2059,川湖,2017,2,balance_sheet,股本,952971,"952,971",sii,https://mopsov.twse.com.tw/mops/web/ajax_t163sb05
中游,伺服器滑軌與機殼,2059,川湖,2017,2,balance_sheet,資本公積,796691,"796,691",sii,https://mopsov.twse.com.tw/mops/web/ajax_t163sb05
中游,伺服器滑軌與機殼,2059,川湖,2017,2,balance_sheet,保留盈餘,6379230,"6,379,230",sii,https://mopsov.twse.com.tw/mops/web/ajax_t163sb05
中游,伺服器滑軌與機殼,2059,川湖,2017,2,balance_sheet,其他權益,-4292,"-4,292",sii,https://mopsov.twse.com.tw/mops/web/ajax_t163sb05
中游,伺服器滑軌與機殼,2059,川湖,2017,2,balance_sheet,庫藏股票,0,0,sii,https://mopsov.twse.com.tw/mops/web/ajax_t163sb05
中游,伺服器滑軌與機殼,2059,川湖,2017,2,balance_sheet,歸屬於母公司業主之權益合計,8124600,"8,124,600",sii,https://mopsov.twse.com.tw/mops/web/ajax_t163sb05
中游,伺服器滑軌與機殼,2059,川湖,2017,2,balance_sheet,共同控制下前手權益,,--,sii,https://mopsov.twse.com.tw/mops/web/ajax_t163sb05
中游,伺服器滑軌與機殼,2059,川湖,2017,2,balance_sheet,合併前非屬共同控制股權,,--,sii,https://mopsov.twse.com.tw/mops/web/ajax_t163sb05
中游,伺服器滑軌與機殼,2059,川湖,2017,2,balance_sheet,非控制權益,0,0,sii,https://mopsov.twse.com.tw/mops/web/ajax_t163sb05
中游,伺服器滑軌與機殼,2059,川湖,2017,2,balance_sheet,權益總額,8124600,"8,124,600",sii,https://mopsov.twse.com.tw/mops/web/ajax_t163sb05
中游,伺服器滑軌與機殼,2059,川湖,2017,2,balance_sheet,待註銷股本股數（單位：股）,0,0,sii,https://mopsov.twse.com.tw/mops/web/ajax_t163sb05
中游,伺服器滑軌與機殼,2059,川湖,2017,2,balance_sheet,預收股款（權益項下）之約當發行股數（單位：股）,0,0,sii,https://mopsov.twse.com.tw/mops/web/ajax_t163sb05
中游,伺服器滑軌與機殼,2059,川湖,2017,2,balance_sheet,母公司暨子公司所持有之母公司庫藏股股數（單位：股）,0,0,sii,https://mopsov.twse.com.tw/mops/web/ajax_t163sb05
中游,伺服器滑軌與機殼,2059,川湖,2017,2,balance_sheet,每股參考淨值,85.26,85.26,sii,https://mopsov.twse.com.tw/mops/web/ajax_t163sb05
中游,伺服器滑軌與機殼,8210,勤誠,2017,2,balance_sheet,流動資產,3147615,"3,147,615",sii,https://mopsov.twse.com.tw/mops/web/ajax_t163sb05
中游,伺服器滑軌與機殼,8210,勤誠,2017,2,balance_sheet,非流動資產,1831100,"1,831,100",sii,https://mopsov.twse.com.tw/mops/web/ajax_t163sb05
中游,伺服器滑軌與機殼,8210,勤誠,2017,2,balance_sheet,資產總計,4978715,"4,978,715",sii,https://mopsov.twse.com.tw/mops/web/ajax_t163sb05
中游,伺服器滑軌與機殼,8210,勤誠,2017,2,balance_sheet,流動負債,2097749,"2,097,749",sii,https://mopsov.twse.com.tw/mops/web/ajax_t163sb05
中游,伺服器滑軌與機殼,8210,勤誠,2017,2,balance_sheet,非流動負債,215264,"215,264",sii,https://mopsov.twse.com.tw/mops/web/ajax_t163sb05
中游,伺服器滑軌與機殼,8210,勤誠,2017,2,balance_sheet,負債總額,2313013,"2,313,013",sii,https://mopsov.twse.com.tw/mops/web/ajax_t163sb05
中游,伺服器滑軌與機殼,8210,勤誠,2017,2,balance_sheet,股本,1197260,"1,197,260",sii,https://mopsov.twse.com.tw/mops/web/ajax_t163sb05
中游,伺服器滑軌與機殼,8210,勤誠,2017,2,balance_sheet,資本公積,48209,"48,209",sii,https://mopsov.twse.com.tw/mops/web/ajax_t163sb05
中游,伺服器滑軌與機殼,8210,勤誠,2017,2,balance_sheet,保留盈餘,1558635,"1,558,635",sii,https://mopsov.twse.com.tw/mops/web/ajax_t163sb05
中游,伺服器滑軌與機殼,8210,勤誠,2017,2,balance_sheet,其他權益,-138402,"-138,402",sii,https://mopsov.twse.com.tw/mops/web/ajax_t163sb05
中游,伺服器滑軌與機殼,8210,勤誠,2017,2,balance_sheet,庫藏股票,0,0,sii,https://mopsov.twse.com.tw/mops/web/ajax_t163sb05
中游,伺服器滑軌與機殼,8210,勤誠,2017,2,balance_sheet,歸屬於母公司業主之權益合計,2665702,"2,665,702",sii,https://mopsov.twse.com.tw/mops/web/ajax_t163sb05
中游,伺服器滑軌與機殼,8210,勤誠,2017,2,balance_sheet,共同控制下前手權益,,--,sii,https://mopsov.twse.com.tw/mops/web/ajax_t163sb05
中游,伺服器滑軌與機殼,8210,勤誠,2017,2,balance_sheet,合併前非屬共同控制股權,,--,sii,https://mopsov.twse.com.tw/mops/web/ajax_t163sb05
中游,伺服器滑軌與機殼,8210,勤誠,2017,2,balance_sheet,非控制權益,,--,sii,https://mopsov.twse.com.tw/mops/web/ajax_t163sb05
中游,伺服器滑軌與機殼,8210,勤誠,2017,2,balance_sheet,權益總額,2665702,"2,665,702",sii,https://mopsov.twse.com.tw/mops/web/ajax_t163sb05
中游,伺服器滑軌與機殼,8210,勤誠,2017,2,balance_sheet,待註銷股本股數（單位：股）,,--,sii,https://mopsov.twse.com.tw/mops/web/ajax_t163sb05
中游,伺服器滑軌與機殼,8210,勤誠,2017,2,balance_sheet,預收股款（權益項下）之約當發行股數（單位：股）,0,0,sii,https://mopsov.twse.com.tw/mops/web/ajax_t163sb05
中游,伺服器滑軌與機殼,8210,勤誠,2017,2,balance_sheet,母公司暨子公司所持有之母公司庫藏股股數（單位：股）,0,0,sii,https://mopsov.twse.com.tw/mops/web/ajax_t163sb05
中游,伺服器滑軌與機殼,8210,勤誠,2017,2,balance_sheet,每股參考淨值,22.27,22.27,sii,https://mopsov.twse.com.tw/mops/web/ajax_t163sb05
中游,伺服器滑軌與機殼,6584,南俊國際,2017,2,balance_sheet,流動資產,882492,"882,492",otc,https://mopsov.twse.com.tw/mops/web/ajax_t163sb05
中游,伺服器滑軌與機殼,6584,南俊國際,2017,2,balance_sheet,非流動資產,2660034,"2,660,034",otc,https://mopsov.twse.com.tw/mops/web/ajax_t163sb05
中游,伺服器滑軌與機殼,6584,南俊國際,2017,2,balance_sheet,資產總計,3542526,"3,542,526",otc,https://mopsov.twse.com.tw/mops/web/ajax_t163sb05
中游,伺服器滑軌與機殼,6584,南俊國際,2017,2,balance_sheet,流動負債,941143,"941,143",otc,https://mopsov.twse.com.tw/mops/web/ajax_t163sb05
中游,伺服器滑軌與機殼,6584,南俊國際,2017,2,balance_sheet,非流動負債,1454614,"1,454,614",otc,https://mopsov.twse.com.tw/mops/web/ajax_t163sb05
中游,伺服器滑軌與機殼,6584,南俊國際,2017,2,balance_sheet,負債總額,2395757,"2,395,757",otc,https://mopsov.twse.com.tw/mops/web/ajax_t163sb05
中游,伺服器滑軌與機殼,6584,南俊國際,2017,2,balance_sheet,股本,520000,"520,000",otc,https://mopsov.twse.com.tw/mops/web/ajax_t163sb05
中游,伺服器滑軌與機殼,6584,南俊國際,2017,2,balance_sheet,資本公積,196000,"196,000",otc,https://mopsov.twse.com.tw/mops/web/ajax_t163sb05
中游,伺服器滑軌與機殼,6584,南俊國際,2017,2,balance_sheet,保留盈餘,431672,"431,672",otc,https://mopsov.twse.com.tw/mops/web/ajax_t163sb05
中游,伺服器滑軌與機殼,6584,南俊國際,2017,2,balance_sheet,其他權益,-903,-903,otc,https://mopsov.twse.com.tw/mops/web/ajax_t163sb05
中游,伺服器滑軌與機殼,6584,南俊國際,2017,2,balance_sheet,庫藏股票,,--,otc,https://mopsov.twse.com.tw/mops/web/ajax_t163sb05
中游,伺服器滑軌與機殼,6584,南俊國際,2017,2,balance_sheet,歸屬於母公司業主之權益合計,1146769,"1,146,769",otc,https://mopsov.twse.com.tw/mops/web/ajax_t163sb05
中游,伺服器滑軌與機殼,6584,南俊國際,2017,2,balance_sheet,共同控制下前手權益,,--,otc,https://mopsov.twse.com.tw/mops/web/ajax_t163sb05
中游,伺服器滑軌與機殼,6584,南俊國際,2017,2,balance_sheet,合併前非屬共同控制股權,,--,otc,https://mopsov.twse.com.tw/mops/web/ajax_t163sb05
中游,伺服器滑軌與機殼,6584,南俊國際,2017,2,balance_sheet,非控制權益,,--,otc,https://mopsov.twse.com.tw/mops/web/ajax_t163sb05
中游,伺服器滑軌與機殼,6584,南俊國際,2017,2,balance_sheet,權益總額,1146769,"1,146,769",otc,https://mopsov.twse.com.tw/mops/web/ajax_t163sb05
中游,伺服器滑軌與機殼,6584,南俊國際,2017,2,balance_sheet,待註銷股本股數（單位：股）,0,0,otc,https://mopsov.twse.com.tw/mops/web/ajax_t163sb05
中游,伺服器滑軌與機殼,6584,南俊國際,2017,2,balance_sheet,預收股款（權益項下）之約當發行股數（單位：股）,0,0,otc,https://mopsov.twse.com.tw/mops/web/ajax_t163sb05
中游,伺服器滑軌與機殼,6584,南俊國際,2017,2,balance_sheet,母公司暨子公司所持有之母公司庫藏股股數（單位：股）,0,0,otc,https://mopsov.twse.com.tw/mops/web/ajax_t163sb05
中游,伺服器滑軌與機殼,6584,南俊國際,2017,2,balance_sheet,每股參考淨值,22.05,22.05,otc,https://mopsov.twse.com.tw/mops/web/ajax_t163sb05
中游,伺服器滑軌與機殼,2059,川湖,2017,2,cash_flow,營業活動之淨現金流入（流出）,261426,"261,426",sii,https://mopsov.twse.com.tw/mops/web/ajax_t163sb20
中游,伺服器滑軌與機殼,2059,川湖,2017,2,cash_flow,投資活動之淨現金流入（流出）,-108624,"-108,624",sii,https://mopsov.twse.com.tw/mops/web/ajax_t163sb20
中游,伺服器滑軌與機殼,2059,川湖,2017,2,cash_flow,籌資活動之淨現金流入（流出）,,--,sii,https://mopsov.twse.com.tw/mops/web/ajax_t163sb20
中游,伺服器滑軌與機殼,2059,川湖,2017,2,cash_flow,匯率變動對現金及約當現金之影響,-617,-617,sii,https://mopsov.twse.com.tw/mops/web/ajax_t163sb20
中游,伺服器滑軌與機殼,2059,川湖,2017,2,cash_flow,本期現金及約當現金增加（減少）數,152185,"152,185",sii,https://mopsov.twse.com.tw/mops/web/ajax_t163sb20
中游,伺服器滑軌與機殼,2059,川湖,2017,2,cash_flow,期初現金及約當現金餘額,6924974,"6,924,974",sii,https://mopsov.twse.com.tw/mops/web/ajax_t163sb20
中游,伺服器滑軌與機殼,2059,川湖,2017,2,cash_flow,期末現金及約當現金餘額,7077159,"7,077,159",sii,https://mopsov.twse.com.tw/mops/web/ajax_t163sb20
中游,伺服器滑軌與機殼,8210,勤誠,2017,2,cash_flow,營業活動之淨現金流入（流出）,203352,"203,352",sii,https://mopsov.twse.com.tw/mops/web/ajax_t163sb20
中游,伺服器滑軌與機殼,8210,勤誠,2017,2,cash_flow,投資活動之淨現金流入（流出）,-173804,"-173,804",sii,https://mopsov.twse.com.tw/mops/web/ajax_t163sb20
中游,伺服器滑軌與機殼,8210,勤誠,2017,2,cash_flow,籌資活動之淨現金流入（流出）,-27919,"-27,919",sii,https://mopsov.twse.com.tw/mops/web/ajax_t163sb20
中游,伺服器滑軌與機殼,8210,勤誠,2017,2,cash_flow,匯率變動對現金及約當現金之影響,-36685,"-36,685",sii,https://mopsov.twse.com.tw/mops/web/ajax_t163sb20
中游,伺服器滑軌與機殼,8210,勤誠,2017,2,cash_flow,本期現金及約當現金增加（減少）數,-35056,"-35,056",sii,https://mopsov.twse.com.tw/mops/web/ajax_t163sb20
中游,伺服器滑軌與機殼,8210,勤誠,2017,2,cash_flow,期初現金及約當現金餘額,1298218,"1,298,218",sii,https://mopsov.twse.com.tw/mops/web/ajax_t163sb20
中游,伺服器滑軌與機殼,8210,勤誠,2017,2,cash_flow,期末現金及約當現金餘額,1263162,"1,263,162",sii,https://mopsov.twse.com.tw/mops/web/ajax_t163sb20
中游,伺服器滑軌與機殼,6584,南俊國際,2017,2,cash_flow,營業活動之淨現金流入（流出）,170585,"170,585",otc,https://mopsov.twse.com.tw/mops/web/ajax_t163sb20
中游,伺服器滑軌與機殼,6584,南俊國際,2017,2,cash_flow,投資活動之淨現金流入（流出）,-1036830,"-1,036,830",otc,https://mopsov.twse.com.tw/mops/web/ajax_t163sb20
中游,伺服器滑軌與機殼,6584,南俊國際,2017,2,cash_flow,籌資活動之淨現金流入（流出）,915024,"915,024",otc,https://mopsov.twse.com.tw/mops/web/ajax_t163sb20
中游,伺服器滑軌與機殼,6584,南俊國際,2017,2,cash_flow,匯率變動對現金及約當現金之影響,-560,-560,otc,https://mopsov.twse.com.tw/mops/web/ajax_t163sb20
中游,伺服器滑軌與機殼,6584,南俊國際,2017,2,cash_flow,本期現金及約當現金增加（減少）數,48219,"48,219",otc,https://mopsov.twse.com.tw/mops/web/ajax_t163sb20
中游,伺服器滑軌與機殼,6584,南俊國際,2017,2,cash_flow,期初現金及約當現金餘額,141620,"141,620",otc,https://mopsov.twse.com.tw/mops/web/ajax_t163sb20
中游,伺服器滑軌與機殼,6584,南俊國際,2017,2,cash_flow,期末現金及約當現金餘額,189839,"189,839",otc,https://mopsov.twse.com.tw/mops/web/ajax_t163sb20
中游,伺服器滑軌與機殼,2059,川湖,2017,3,income_statement,營業收入,2997449,"2,997,449",sii,https://mopsov.twse.com.tw/mops/web/ajax_t163sb04
中游,伺服器滑軌與機殼,2059,川湖,2017,3,income_statement,營業成本,1386252,"1,386,252",sii,https://mopsov.twse.com.tw/mops/web/ajax_t163sb04
中游,伺服器滑軌與機殼,2059,川湖,2017,3,income_statement,原始認列生物資產及農產品之利益（損失）,,--,sii,https://mopsov.twse.com.tw/mops/web/ajax_t163sb04
中游,伺服器滑軌與機殼,2059,川湖,2017,3,income_statement,生物資產當期公允價值減出售成本之變動利益（損失）,,--,sii,https://mopsov.twse.com.tw/mops/web/ajax_t163sb04
中游,伺服器滑軌與機殼,2059,川湖,2017,3,income_statement,營業毛利（毛損）,1611197,"1,611,197",sii,https://mopsov.twse.com.tw/mops/web/ajax_t163sb04
中游,伺服器滑軌與機殼,2059,川湖,2017,3,income_statement,未實現銷貨（損）益,,--,sii,https://mopsov.twse.com.tw/mops/web/ajax_t163sb04
中游,伺服器滑軌與機殼,2059,川湖,2017,3,income_statement,已實現銷貨（損）益,,--,sii,https://mopsov.twse.com.tw/mops/web/ajax_t163sb04
中游,伺服器滑軌與機殼,2059,川湖,2017,3,income_statement,營業毛利（毛損）淨額,1611197,"1,611,197",sii,https://mopsov.twse.com.tw/mops/web/ajax_t163sb04
中游,伺服器滑軌與機殼,2059,川湖,2017,3,income_statement,營業費用,391117,"391,117",sii,https://mopsov.twse.com.tw/mops/web/ajax_t163sb04
中游,伺服器滑軌與機殼,2059,川湖,2017,3,income_statement,其他收益及費損淨額,,--,sii,https://mopsov.twse.com.tw/mops/web/ajax_t163sb04
中游,伺服器滑軌與機殼,2059,川湖,2017,3,income_statement,營業利益（損失）,1220080,"1,220,080",sii,https://mopsov.twse.com.tw/mops/web/ajax_t163sb04
中游,伺服器滑軌與機殼,2059,川湖,2017,3,income_statement,營業外收入及支出,-366876,"-366,876",sii,https://mopsov.twse.com.tw/mops/web/ajax_t163sb04
中游,伺服器滑軌與機殼,2059,川湖,2017,3,income_statement,稅前淨利（淨損）,853204,"853,204",sii,https://mopsov.twse.com.tw/mops/web/ajax_t163sb04
中游,伺服器滑軌與機殼,2059,川湖,2017,3,income_statement,所得稅費用（利益）,265641,"265,641",sii,https://mopsov.twse.com.tw/mops/web/ajax_t163sb04
中游,伺服器滑軌與機殼,2059,川湖,2017,3,income_statement,繼續營業單位本期淨利（淨損）,587563,"587,563",sii,https://mopsov.twse.com.tw/mops/web/ajax_t163sb04
中游,伺服器滑軌與機殼,2059,川湖,2017,3,income_statement,停業單位損益,,--,sii,https://mopsov.twse.com.tw/mops/web/ajax_t163sb04
中游,伺服器滑軌與機殼,2059,川湖,2017,3,income_statement,合併前非屬共同控制股權損益,,--,sii,https://mopsov.twse.com.tw/mops/web/ajax_t163sb04
中游,伺服器滑軌與機殼,2059,川湖,2017,3,income_statement,本期淨利（淨損）,587563,"587,563",sii,https://mopsov.twse.com.tw/mops/web/ajax_t163sb04
中游,伺服器滑軌與機殼,2059,川湖,2017,3,income_statement,其他綜合損益（淨額）,-2300,"-2,300",sii,https://mopsov.twse.com.tw/mops/web/ajax_t163sb04
中游,伺服器滑軌與機殼,2059,川湖,2017,3,income_statement,合併前非屬共同控制股權綜合損益淨額,,--,sii,https://mopsov.twse.com.tw/mops/web/ajax_t163sb04
中游,伺服器滑軌與機殼,2059,川湖,2017,3,income_statement,本期綜合損益總額,585263,"585,263",sii,https://mopsov.twse.com.tw/mops/web/ajax_t163sb04
中游,伺服器滑軌與機殼,2059,川湖,2017,3,income_statement,淨利（淨損）歸屬於母公司業主,587563,"587,563",sii,https://mopsov.twse.com.tw/mops/web/ajax_t163sb04
中游,伺服器滑軌與機殼,2059,川湖,2017,3,income_statement,淨利（淨損）歸屬於共同控制下前手權益,,--,sii,https://mopsov.twse.com.tw/mops/web/ajax_t163sb04
中游,伺服器滑軌與機殼,2059,川湖,2017,3,income_statement,淨利（淨損）歸屬於非控制權益,,--,sii,https://mopsov.twse.com.tw/mops/web/ajax_t163sb04
中游,伺服器滑軌與機殼,2059,川湖,2017,3,income_statement,綜合損益總額歸屬於母公司業主,585263,"585,263",sii,https://mopsov.twse.com.tw/mops/web/ajax_t163sb04
中游,伺服器滑軌與機殼,2059,川湖,2017,3,income_statement,綜合損益總額歸屬於共同控制下前手權益,,--,sii,https://mopsov.twse.com.tw/mops/web/ajax_t163sb04
中游,伺服器滑軌與機殼,2059,川湖,2017,3,income_statement,綜合損益總額歸屬於非控制權益,,--,sii,https://mopsov.twse.com.tw/mops/web/ajax_t163sb04
中游,伺服器滑軌與機殼,2059,川湖,2017,3,income_statement,基本每股盈餘（元）,6.17,6.17,sii,https://mopsov.twse.com.tw/mops/web/ajax_t163sb04
中游,伺服器滑軌與機殼,8210,勤誠,2017,3,income_statement,營業收入,3915896,"3,915,896",sii,https://mopsov.twse.com.tw/mops/web/ajax_t163sb04
中游,伺服器滑軌與機殼,8210,勤誠,2017,3,income_statement,營業成本,2868986,"2,868,986",sii,https://mopsov.twse.com.tw/mops/web/ajax_t163sb04
中游,伺服器滑軌與機殼,8210,勤誠,2017,3,income_statement,原始認列生物資產及農產品之利益（損失）,,--,sii,https://mopsov.twse.com.tw/mops/web/ajax_t163sb04
中游,伺服器滑軌與機殼,8210,勤誠,2017,3,income_statement,生物資產當期公允價值減出售成本之變動利益（損失）,,--,sii,https://mopsov.twse.com.tw/mops/web/ajax_t163sb04
中游,伺服器滑軌與機殼,8210,勤誠,2017,3,income_statement,營業毛利（毛損）,1046910,"1,046,910",sii,https://mopsov.twse.com.tw/mops/web/ajax_t163sb04
中游,伺服器滑軌與機殼,8210,勤誠,2017,3,income_statement,未實現銷貨（損）益,,--,sii,https://mopsov.twse.com.tw/mops/web/ajax_t163sb04
中游,伺服器滑軌與機殼,8210,勤誠,2017,3,income_statement,已實現銷貨（損）益,,--,sii,https://mopsov.twse.com.tw/mops/web/ajax_t163sb04
中游,伺服器滑軌與機殼,8210,勤誠,2017,3,income_statement,營業毛利（毛損）淨額,1046910,"1,046,910",sii,https://mopsov.twse.com.tw/mops/web/ajax_t163sb04
中游,伺服器滑軌與機殼,8210,勤誠,2017,3,income_statement,營業費用,579791,"579,791",sii,https://mopsov.twse.com.tw/mops/web/ajax_t163sb04
中游,伺服器滑軌與機殼,8210,勤誠,2017,3,income_statement,其他收益及費損淨額,,--,sii,https://mopsov.twse.com.tw/mops/web/ajax_t163sb04
中游,伺服器滑軌與機殼,8210,勤誠,2017,3,income_statement,營業利益（損失）,467119,"467,119",sii,https://mopsov.twse.com.tw/mops/web/ajax_t163sb04
中游,伺服器滑軌與機殼,8210,勤誠,2017,3,income_statement,營業外收入及支出,-45361,"-45,361",sii,https://mopsov.twse.com.tw/mops/web/ajax_t163sb04
中游,伺服器滑軌與機殼,8210,勤誠,2017,3,income_statement,稅前淨利（淨損）,421758,"421,758",sii,https://mopsov.twse.com.tw/mops/web/ajax_t163sb04
中游,伺服器滑軌與機殼,8210,勤誠,2017,3,income_statement,所得稅費用（利益）,113006,"113,006",sii,https://mopsov.twse.com.tw/mops/web/ajax_t163sb04
中游,伺服器滑軌與機殼,8210,勤誠,2017,3,income_statement,繼續營業單位本期淨利（淨損）,308752,"308,752",sii,https://mopsov.twse.com.tw/mops/web/ajax_t163sb04
中游,伺服器滑軌與機殼,8210,勤誠,2017,3,income_statement,停業單位損益,,--,sii,https://mopsov.twse.com.tw/mops/web/ajax_t163sb04
中游,伺服器滑軌與機殼,8210,勤誠,2017,3,income_statement,合併前非屬共同控制股權損益,,--,sii,https://mopsov.twse.com.tw/mops/web/ajax_t163sb04
中游,伺服器滑軌與機殼,8210,勤誠,2017,3,income_statement,本期淨利（淨損）,308752,"308,752",sii,https://mopsov.twse.com.tw/mops/web/ajax_t163sb04
中游,伺服器滑軌與機殼,8210,勤誠,2017,3,income_statement,其他綜合損益（淨額）,-35372,"-35,372",sii,https://mopsov.twse.com.tw/mops/web/ajax_t163sb04
中游,伺服器滑軌與機殼,8210,勤誠,2017,3,income_statement,合併前非屬共同控制股權綜合損益淨額,,--,sii,https://mopsov.twse.com.tw/mops/web/ajax_t163sb04
中游,伺服器滑軌與機殼,8210,勤誠,2017,3,income_statement,本期綜合損益總額,273380,"273,380",sii,https://mopsov.twse.com.tw/mops/web/ajax_t163sb04
中游,伺服器滑軌與機殼,8210,勤誠,2017,3,income_statement,淨利（淨損）歸屬於母公司業主,308752,"308,752",sii,https://mopsov.twse.com.tw/mops/web/ajax_t163sb04
中游,伺服器滑軌與機殼,8210,勤誠,2017,3,income_statement,淨利（淨損）歸屬於共同控制下前手權益,,--,sii,https://mopsov.twse.com.tw/mops/web/ajax_t163sb04
中游,伺服器滑軌與機殼,8210,勤誠,2017,3,income_statement,淨利（淨損）歸屬於非控制權益,,--,sii,https://mopsov.twse.com.tw/mops/web/ajax_t163sb04
中游,伺服器滑軌與機殼,8210,勤誠,2017,3,income_statement,綜合損益總額歸屬於母公司業主,273380,"273,380",sii,https://mopsov.twse.com.tw/mops/web/ajax_t163sb04
中游,伺服器滑軌與機殼,8210,勤誠,2017,3,income_statement,綜合損益總額歸屬於共同控制下前手權益,,--,sii,https://mopsov.twse.com.tw/mops/web/ajax_t163sb04
中游,伺服器滑軌與機殼,8210,勤誠,2017,3,income_statement,綜合損益總額歸屬於非控制權益,,--,sii,https://mopsov.twse.com.tw/mops/web/ajax_t163sb04
中游,伺服器滑軌與機殼,8210,勤誠,2017,3,income_statement,基本每股盈餘（元）,2.58,2.58,sii,https://mopsov.twse.com.tw/mops/web/ajax_t163sb04
中游,伺服器滑軌與機殼,2059,川湖,2017,3,balance_sheet,流動資產,7818247,"7,818,247",sii,https://mopsov.twse.com.tw/mops/web/ajax_t163sb05
中游,伺服器滑軌與機殼,2059,川湖,2017,3,balance_sheet,非流動資產,1611141,"1,611,141",sii,https://mopsov.twse.com.tw/mops/web/ajax_t163sb05
中游,伺服器滑軌與機殼,2059,川湖,2017,3,balance_sheet,資產總計,9429388,"9,429,388",sii,https://mopsov.twse.com.tw/mops/web/ajax_t163sb05
中游,伺服器滑軌與機殼,2059,川湖,2017,3,balance_sheet,流動負債,883448,"883,448",sii,https://mopsov.twse.com.tw/mops/web/ajax_t163sb05
中游,伺服器滑軌與機殼,2059,川湖,2017,3,balance_sheet,非流動負債,86874,"86,874",sii,https://mopsov.twse.com.tw/mops/web/ajax_t163sb05
中游,伺服器滑軌與機殼,2059,川湖,2017,3,balance_sheet,負債總額,970322,"970,322",sii,https://mopsov.twse.com.tw/mops/web/ajax_t163sb05
中游,伺服器滑軌與機殼,2059,川湖,2017,3,balance_sheet,股本,952971,"952,971",sii,https://mopsov.twse.com.tw/mops/web/ajax_t163sb05
中游,伺服器滑軌與機殼,2059,川湖,2017,3,balance_sheet,資本公積,796691,"796,691",sii,https://mopsov.twse.com.tw/mops/web/ajax_t163sb05
中游,伺服器滑軌與機殼,2059,川湖,2017,3,balance_sheet,保留盈餘,6712243,"6,712,243",sii,https://mopsov.twse.com.tw/mops/web/ajax_t163sb05
中游,伺服器滑軌與機殼,2059,川湖,2017,3,balance_sheet,其他權益,-2839,"-2,839",sii,https://mopsov.twse.com.tw/mops/web/ajax_t163sb05
中游,伺服器滑軌與機殼,2059,川湖,2017,3,balance_sheet,庫藏股票,0,0,sii,https://mopsov.twse.com.tw/mops/web/ajax_t163sb05
中游,伺服器滑軌與機殼,2059,川湖,2017,3,balance_sheet,歸屬於母公司業主之權益合計,8459066,"8,459,066",sii,https://mopsov.twse.com.tw/mops/web/ajax_t163sb05
中游,伺服器滑軌與機殼,2059,川湖,2017,3,balance_sheet,共同控制下前手權益,,--,sii,https://mopsov.twse.com.tw/mops/web/ajax_t163sb05
中游,伺服器滑軌與機殼,2059,川湖,2017,3,balance_sheet,合併前非屬共同控制股權,,--,sii,https://mopsov.twse.com.tw/mops/web/ajax_t163sb05
中游,伺服器滑軌與機殼,2059,川湖,2017,3,balance_sheet,非控制權益,0,0,sii,https://mopsov.twse.com.tw/mops/web/ajax_t163sb05
中游,伺服器滑軌與機殼,2059,川湖,2017,3,balance_sheet,權益總額,8459066,"8,459,066",sii,https://mopsov.twse.com.tw/mops/web/ajax_t163sb05
中游,伺服器滑軌與機殼,2059,川湖,2017,3,balance_sheet,待註銷股本股數（單位：股）,0,0,sii,https://mopsov.twse.com.tw/mops/web/ajax_t163sb05
中游,伺服器滑軌與機殼,2059,川湖,2017,3,balance_sheet,預收股款（權益項下）之約當發行股數（單位：股）,0,0,sii,https://mopsov.twse.com.tw/mops/web/ajax_t163sb05
中游,伺服器滑軌與機殼,2059,川湖,2017,3,balance_sheet,母公司暨子公司所持有之母公司庫藏股股數（單位：股）,0,0,sii,https://mopsov.twse.com.tw/mops/web/ajax_t163sb05
中游,伺服器滑軌與機殼,2059,川湖,2017,3,balance_sheet,每股參考淨值,88.77,88.77,sii,https://mopsov.twse.com.tw/mops/web/ajax_t163sb05
中游,伺服器滑軌與機殼,8210,勤誠,2017,3,balance_sheet,流動資產,3081772,"3,081,772",sii,https://mopsov.twse.com.tw/mops/web/ajax_t163sb05
中游,伺服器滑軌與機殼,8210,勤誠,2017,3,balance_sheet,非流動資產,1875305,"1,875,305",sii,https://mopsov.twse.com.tw/mops/web/ajax_t163sb05
中游,伺服器滑軌與機殼,8210,勤誠,2017,3,balance_sheet,資產總計,4957077,"4,957,077",sii,https://mopsov.twse.com.tw/mops/web/ajax_t163sb05
中游,伺服器滑軌與機殼,8210,勤誠,2017,3,balance_sheet,流動負債,1965095,"1,965,095",sii,https://mopsov.twse.com.tw/mops/web/ajax_t163sb05
中游,伺服器滑軌與機殼,8210,勤誠,2017,3,balance_sheet,非流動負債,220986,"220,986",sii,https://mopsov.twse.com.tw/mops/web/ajax_t163sb05
中游,伺服器滑軌與機殼,8210,勤誠,2017,3,balance_sheet,負債總額,2186081,"2,186,081",sii,https://mopsov.twse.com.tw/mops/web/ajax_t163sb05
中游,伺服器滑軌與機殼,8210,勤誠,2017,3,balance_sheet,股本,1197260,"1,197,260",sii,https://mopsov.twse.com.tw/mops/web/ajax_t163sb05
中游,伺服器滑軌與機殼,8210,勤誠,2017,3,balance_sheet,資本公積,48209,"48,209",sii,https://mopsov.twse.com.tw/mops/web/ajax_t163sb05
中游,伺服器滑軌與機殼,8210,勤誠,2017,3,balance_sheet,保留盈餘,1637950,"1,637,950",sii,https://mopsov.twse.com.tw/mops/web/ajax_t163sb05
中游,伺服器滑軌與機殼,8210,勤誠,2017,3,balance_sheet,其他權益,-112423,"-112,423",sii,https://mopsov.twse.com.tw/mops/web/ajax_t163sb05
中游,伺服器滑軌與機殼,8210,勤誠,2017,3,balance_sheet,庫藏股票,0,0,sii,https://mopsov.twse.com.tw/mops/web/ajax_t163sb05
中游,伺服器滑軌與機殼,8210,勤誠,2017,3,balance_sheet,歸屬於母公司業主之權益合計,2770996,"2,770,996",sii,https://mopsov.twse.com.tw/mops/web/ajax_t163sb05
中游,伺服器滑軌與機殼,8210,勤誠,2017,3,balance_sheet,共同控制下前手權益,,--,sii,https://mopsov.twse.com.tw/mops/web/ajax_t163sb05
中游,伺服器滑軌與機殼,8210,勤誠,2017,3,balance_sheet,合併前非屬共同控制股權,,--,sii,https://mopsov.twse.com.tw/mops/web/ajax_t163sb05
中游,伺服器滑軌與機殼,8210,勤誠,2017,3,balance_sheet,非控制權益,,--,sii,https://mopsov.twse.com.tw/mops/web/ajax_t163sb05
中游,伺服器滑軌與機殼,8210,勤誠,2017,3,balance_sheet,權益總額,2770996,"2,770,996",sii,https://mopsov.twse.com.tw/mops/web/ajax_t163sb05
中游,伺服器滑軌與機殼,8210,勤誠,2017,3,balance_sheet,待註銷股本股數（單位：股）,,--,sii,https://mopsov.twse.com.tw/mops/web/ajax_t163sb05
中游,伺服器滑軌與機殼,8210,勤誠,2017,3,balance_sheet,預收股款（權益項下）之約當發行股數（單位：股）,0,0,sii,https://mopsov.twse.com.tw/mops/web/ajax_t163sb05
中游,伺服器滑軌與機殼,8210,勤誠,2017,3,balance_sheet,母公司暨子公司所持有之母公司庫藏股股數（單位：股）,0,0,sii,https://mopsov.twse.com.tw/mops/web/ajax_t163sb05
中游,伺服器滑軌與機殼,8210,勤誠,2017,3,balance_sheet,每股參考淨值,23.14,23.14,sii,https://mopsov.twse.com.tw/mops/web/ajax_t163sb05
中游,伺服器滑軌與機殼,2059,川湖,2017,3,cash_flow,營業活動之淨現金流入（流出）,546798,"546,798",sii,https://mopsov.twse.com.tw/mops/web/ajax_t163sb20
中游,伺服器滑軌與機殼,2059,川湖,2017,3,cash_flow,投資活動之淨現金流入（流出）,-144459,"-144,459",sii,https://mopsov.twse.com.tw/mops/web/ajax_t163sb20
中游,伺服器滑軌與機殼,2059,川湖,2017,3,cash_flow,籌資活動之淨現金流入（流出）,-786201,"-786,201",sii,https://mopsov.twse.com.tw/mops/web/ajax_t163sb20
中游,伺服器滑軌與機殼,2059,川湖,2017,3,cash_flow,匯率變動對現金及約當現金之影響,-307,-307,sii,https://mopsov.twse.com.tw/mops/web/ajax_t163sb20
中游,伺服器滑軌與機殼,2059,川湖,2017,3,cash_flow,本期現金及約當現金增加（減少）數,-384169,"-384,169",sii,https://mopsov.twse.com.tw/mops/web/ajax_t163sb20
中游,伺服器滑軌與機殼,2059,川湖,2017,3,cash_flow,期初現金及約當現金餘額,6924974,"6,924,974",sii,https://mopsov.twse.com.tw/mops/web/ajax_t163sb20
中游,伺服器滑軌與機殼,2059,川湖,2017,3,cash_flow,期末現金及約當現金餘額,6540805,"6,540,805",sii,https://mopsov.twse.com.tw/mops/web/ajax_t163sb20
中游,伺服器滑軌與機殼,8210,勤誠,2017,3,cash_flow,營業活動之淨現金流入（流出）,261548,"261,548",sii,https://mopsov.twse.com.tw/mops/web/ajax_t163sb20
中游,伺服器滑軌與機殼,8210,勤誠,2017,3,cash_flow,投資活動之淨現金流入（流出）,-256760,"-256,760",sii,https://mopsov.twse.com.tw/mops/web/ajax_t163sb20
中游,伺服器滑軌與機殼,8210,勤誠,2017,3,cash_flow,籌資活動之淨現金流入（流出）,-58267,"-58,267",sii,https://mopsov.twse.com.tw/mops/web/ajax_t163sb20
中游,伺服器滑軌與機殼,8210,勤誠,2017,3,cash_flow,匯率變動對現金及約當現金之影響,-20238,"-20,238",sii,https://mopsov.twse.com.tw/mops/web/ajax_t163sb20
中游,伺服器滑軌與機殼,8210,勤誠,2017,3,cash_flow,本期現金及約當現金增加（減少）數,-73717,"-73,717",sii,https://mopsov.twse.com.tw/mops/web/ajax_t163sb20
中游,伺服器滑軌與機殼,8210,勤誠,2017,3,cash_flow,期初現金及約當現金餘額,1298218,"1,298,218",sii,https://mopsov.twse.com.tw/mops/web/ajax_t163sb20
中游,伺服器滑軌與機殼,8210,勤誠,2017,3,cash_flow,期末現金及約當現金餘額,1224501,"1,224,501",sii,https://mopsov.twse.com.tw/mops/web/ajax_t163sb20
中游,伺服器滑軌與機殼,2059,川湖,2017,4,income_statement,營業收入,4110572,"4,110,572",sii,https://mopsov.twse.com.tw/mops/web/ajax_t163sb04
中游,伺服器滑軌與機殼,2059,川湖,2017,4,income_statement,營業成本,1918265,"1,918,265",sii,https://mopsov.twse.com.tw/mops/web/ajax_t163sb04
中游,伺服器滑軌與機殼,2059,川湖,2017,4,income_statement,原始認列生物資產及農產品之利益（損失）,,--,sii,https://mopsov.twse.com.tw/mops/web/ajax_t163sb04
中游,伺服器滑軌與機殼,2059,川湖,2017,4,income_statement,生物資產當期公允價值減出售成本之變動利益（損失）,,--,sii,https://mopsov.twse.com.tw/mops/web/ajax_t163sb04
中游,伺服器滑軌與機殼,2059,川湖,2017,4,income_statement,營業毛利（毛損）,2192307,"2,192,307",sii,https://mopsov.twse.com.tw/mops/web/ajax_t163sb04
中游,伺服器滑軌與機殼,2059,川湖,2017,4,income_statement,未實現銷貨（損）益,,--,sii,https://mopsov.twse.com.tw/mops/web/ajax_t163sb04
中游,伺服器滑軌與機殼,2059,川湖,2017,4,income_statement,已實現銷貨（損）益,,--,sii,https://mopsov.twse.com.tw/mops/web/ajax_t163sb04
中游,伺服器滑軌與機殼,2059,川湖,2017,4,income_statement,營業毛利（毛損）淨額,2192307,"2,192,307",sii,https://mopsov.twse.com.tw/mops/web/ajax_t163sb04
中游,伺服器滑軌與機殼,2059,川湖,2017,4,income_statement,營業費用,527230,"527,230",sii,https://mopsov.twse.com.tw/mops/web/ajax_t163sb04
中游,伺服器滑軌與機殼,2059,川湖,2017,4,income_statement,其他收益及費損淨額,,--,sii,https://mopsov.twse.com.tw/mops/web/ajax_t163sb04
中游,伺服器滑軌與機殼,2059,川湖,2017,4,income_statement,營業利益（損失）,1665077,"1,665,077",sii,https://mopsov.twse.com.tw/mops/web/ajax_t163sb04
中游,伺服器滑軌與機殼,2059,川湖,2017,4,income_statement,營業外收入及支出,-441247,"-441,247",sii,https://mopsov.twse.com.tw/mops/web/ajax_t163sb04
中游,伺服器滑軌與機殼,2059,川湖,2017,4,income_statement,稅前淨利（淨損）,1223830,"1,223,830",sii,https://mopsov.twse.com.tw/mops/web/ajax_t163sb04
中游,伺服器滑軌與機殼,2059,川湖,2017,4,income_statement,所得稅費用（利益）,315130,"315,130",sii,https://mopsov.twse.com.tw/mops/web/ajax_t163sb04
中游,伺服器滑軌與機殼,2059,川湖,2017,4,income_statement,繼續營業單位本期淨利（淨損）,908700,"908,700",sii,https://mopsov.twse.com.tw/mops/web/ajax_t163sb04
中游,伺服器滑軌與機殼,2059,川湖,2017,4,income_statement,停業單位損益,,--,sii,https://mopsov.twse.com.tw/mops/web/ajax_t163sb04
中游,伺服器滑軌與機殼,2059,川湖,2017,4,income_statement,合併前非屬共同控制股權損益,,--,sii,https://mopsov.twse.com.tw/mops/web/ajax_t163sb04
中游,伺服器滑軌與機殼,2059,川湖,2017,4,income_statement,本期淨利（淨損）,908700,"908,700",sii,https://mopsov.twse.com.tw/mops/web/ajax_t163sb04
中游,伺服器滑軌與機殼,2059,川湖,2017,4,income_statement,其他綜合損益（淨額）,-3178,"-3,178",sii,https://mopsov.twse.com.tw/mops/web/ajax_t163sb04
中游,伺服器滑軌與機殼,2059,川湖,2017,4,income_statement,合併前非屬共同控制股權綜合損益淨額,,--,sii,https://mopsov.twse.com.tw/mops/web/ajax_t163sb04
中游,伺服器滑軌與機殼,2059,川湖,2017,4,income_statement,本期綜合損益總額,905522,"905,522",sii,https://mopsov.twse.com.tw/mops/web/ajax_t163sb04
中游,伺服器滑軌與機殼,2059,川湖,2017,4,income_statement,淨利（淨損）歸屬於母公司業主,908700,"908,700",sii,https://mopsov.twse.com.tw/mops/web/ajax_t163sb04
中游,伺服器滑軌與機殼,2059,川湖,2017,4,income_statement,淨利（淨損）歸屬於共同控制下前手權益,,--,sii,https://mopsov.twse.com.tw/mops/web/ajax_t163sb04
中游,伺服器滑軌與機殼,2059,川湖,2017,4,income_statement,淨利（淨損）歸屬於非控制權益,,--,sii,https://mopsov.twse.com.tw/mops/web/ajax_t163sb04
中游,伺服器滑軌與機殼,2059,川湖,2017,4,income_statement,綜合損益總額歸屬於母公司業主,905522,"905,522",sii,https://mopsov.twse.com.tw/mops/web/ajax_t163sb04
中游,伺服器滑軌與機殼,2059,川湖,2017,4,income_statement,綜合損益總額歸屬於共同控制下前手權益,,--,sii,https://mopsov.twse.com.tw/mops/web/ajax_t163sb04
中游,伺服器滑軌與機殼,2059,川湖,2017,4,income_statement,綜合損益總額歸屬於非控制權益,,--,sii,https://mopsov.twse.com.tw/mops/web/ajax_t163sb04
中游,伺服器滑軌與機殼,2059,川湖,2017,4,income_statement,基本每股盈餘（元）,9.54,9.54,sii,https://mopsov.twse.com.tw/mops/web/ajax_t163sb04
中游,伺服器滑軌與機殼,8210,勤誠,2017,4,income_statement,營業收入,5513754,"5,513,754",sii,https://mopsov.twse.com.tw/mops/web/ajax_t163sb04
中游,伺服器滑軌與機殼,8210,勤誠,2017,4,income_statement,營業成本,4044435,"4,044,435",sii,https://mopsov.twse.com.tw/mops/web/ajax_t163sb04
中游,伺服器滑軌與機殼,8210,勤誠,2017,4,income_statement,原始認列生物資產及農產品之利益（損失）,,--,sii,https://mopsov.twse.com.tw/mops/web/ajax_t163sb04
中游,伺服器滑軌與機殼,8210,勤誠,2017,4,income_statement,生物資產當期公允價值減出售成本之變動利益（損失）,,--,sii,https://mopsov.twse.com.tw/mops/web/ajax_t163sb04
中游,伺服器滑軌與機殼,8210,勤誠,2017,4,income_statement,營業毛利（毛損）,1469319,"1,469,319",sii,https://mopsov.twse.com.tw/mops/web/ajax_t163sb04
中游,伺服器滑軌與機殼,8210,勤誠,2017,4,income_statement,未實現銷貨（損）益,,--,sii,https://mopsov.twse.com.tw/mops/web/ajax_t163sb04
中游,伺服器滑軌與機殼,8210,勤誠,2017,4,income_statement,已實現銷貨（損）益,,--,sii,https://mopsov.twse.com.tw/mops/web/ajax_t163sb04
中游,伺服器滑軌與機殼,8210,勤誠,2017,4,income_statement,營業毛利（毛損）淨額,1469319,"1,469,319",sii,https://mopsov.twse.com.tw/mops/web/ajax_t163sb04
中游,伺服器滑軌與機殼,8210,勤誠,2017,4,income_statement,營業費用,786129,"786,129",sii,https://mopsov.twse.com.tw/mops/web/ajax_t163sb04
中游,伺服器滑軌與機殼,8210,勤誠,2017,4,income_statement,其他收益及費損淨額,,--,sii,https://mopsov.twse.com.tw/mops/web/ajax_t163sb04
中游,伺服器滑軌與機殼,8210,勤誠,2017,4,income_statement,營業利益（損失）,683190,"683,190",sii,https://mopsov.twse.com.tw/mops/web/ajax_t163sb04
中游,伺服器滑軌與機殼,8210,勤誠,2017,4,income_statement,營業外收入及支出,-67953,"-67,953",sii,https://mopsov.twse.com.tw/mops/web/ajax_t163sb04
中游,伺服器滑軌與機殼,8210,勤誠,2017,4,income_statement,稅前淨利（淨損）,615237,"615,237",sii,https://mopsov.twse.com.tw/mops/web/ajax_t163sb04
中游,伺服器滑軌與機殼,8210,勤誠,2017,4,income_statement,所得稅費用（利益）,159795,"159,795",sii,https://mopsov.twse.com.tw/mops/web/ajax_t163sb04
中游,伺服器滑軌與機殼,8210,勤誠,2017,4,income_statement,繼續營業單位本期淨利（淨損）,455442,"455,442",sii,https://mopsov.twse.com.tw/mops/web/ajax_t163sb04
中游,伺服器滑軌與機殼,8210,勤誠,2017,4,income_statement,停業單位損益,,--,sii,https://mopsov.twse.com.tw/mops/web/ajax_t163sb04
中游,伺服器滑軌與機殼,8210,勤誠,2017,4,income_statement,合併前非屬共同控制股權損益,,--,sii,https://mopsov.twse.com.tw/mops/web/ajax_t163sb04
中游,伺服器滑軌與機殼,8210,勤誠,2017,4,income_statement,本期淨利（淨損）,455442,"455,442",sii,https://mopsov.twse.com.tw/mops/web/ajax_t163sb04
中游,伺服器滑軌與機殼,8210,勤誠,2017,4,income_statement,其他綜合損益（淨額）,-33705,"-33,705",sii,https://mopsov.twse.com.tw/mops/web/ajax_t163sb04
中游,伺服器滑軌與機殼,8210,勤誠,2017,4,income_statement,合併前非屬共同控制股權綜合損益淨額,,--,sii,https://mopsov.twse.com.tw/mops/web/ajax_t163sb04
中游,伺服器滑軌與機殼,8210,勤誠,2017,4,income_statement,本期綜合損益總額,421737,"421,737",sii,https://mopsov.twse.com.tw/mops/web/ajax_t163sb04
中游,伺服器滑軌與機殼,8210,勤誠,2017,4,income_statement,淨利（淨損）歸屬於母公司業主,455442,"455,442",sii,https://mopsov.twse.com.tw/mops/web/ajax_t163sb04
中游,伺服器滑軌與機殼,8210,勤誠,2017,4,income_statement,淨利（淨損）歸屬於共同控制下前手權益,,--,sii,https://mopsov.twse.com.tw/mops/web/ajax_t163sb04
中游,伺服器滑軌與機殼,8210,勤誠,2017,4,income_statement,淨利（淨損）歸屬於非控制權益,,--,sii,https://mopsov.twse.com.tw/mops/web/ajax_t163sb04
中游,伺服器滑軌與機殼,8210,勤誠,2017,4,income_statement,綜合損益總額歸屬於母公司業主,421737,"421,737",sii,https://mopsov.twse.com.tw/mops/web/ajax_t163sb04
中游,伺服器滑軌與機殼,8210,勤誠,2017,4,income_statement,綜合損益總額歸屬於共同控制下前手權益,,--,sii,https://mopsov.twse.com.tw/mops/web/ajax_t163sb04
中游,伺服器滑軌與機殼,8210,勤誠,2017,4,income_statement,綜合損益總額歸屬於非控制權益,,--,sii,https://mopsov.twse.com.tw/mops/web/ajax_t163sb04
中游,伺服器滑軌與機殼,8210,勤誠,2017,4,income_statement,基本每股盈餘（元）,3.8,3.80,sii,https://mopsov.twse.com.tw/mops/web/ajax_t163sb04
中游,伺服器滑軌與機殼,6584,南俊國際,2017,4,income_statement,營業收入,2199011,"2,199,011",otc,https://mopsov.twse.com.tw/mops/web/ajax_t163sb04
中游,伺服器滑軌與機殼,6584,南俊國際,2017,4,income_statement,營業成本,1775589,"1,775,589",otc,https://mopsov.twse.com.tw/mops/web/ajax_t163sb04
中游,伺服器滑軌與機殼,6584,南俊國際,2017,4,income_statement,原始認列生物資產及農產品之利益（損失）,,--,otc,https://mopsov.twse.com.tw/mops/web/ajax_t163sb04
中游,伺服器滑軌與機殼,6584,南俊國際,2017,4,income_statement,生物資產當期公允價值減出售成本之變動利益（損失）,,--,otc,https://mopsov.twse.com.tw/mops/web/ajax_t163sb04
中游,伺服器滑軌與機殼,6584,南俊國際,2017,4,income_statement,營業毛利（毛損）,423422,"423,422",otc,https://mopsov.twse.com.tw/mops/web/ajax_t163sb04
中游,伺服器滑軌與機殼,6584,南俊國際,2017,4,income_statement,未實現銷貨（損）益,,--,otc,https://mopsov.twse.com.tw/mops/web/ajax_t163sb04
中游,伺服器滑軌與機殼,6584,南俊國際,2017,4,income_statement,已實現銷貨（損）益,,--,otc,https://mopsov.twse.com.tw/mops/web/ajax_t163sb04
中游,伺服器滑軌與機殼,6584,南俊國際,2017,4,income_statement,營業毛利（毛損）淨額,423422,"423,422",otc,https://mopsov.twse.com.tw/mops/web/ajax_t163sb04
中游,伺服器滑軌與機殼,6584,南俊國際,2017,4,income_statement,營業費用,246058,"246,058",otc,https://mopsov.twse.com.tw/mops/web/ajax_t163sb04
中游,伺服器滑軌與機殼,6584,南俊國際,2017,4,income_statement,其他收益及費損淨額,,--,otc,https://mopsov.twse.com.tw/mops/web/ajax_t163sb04
中游,伺服器滑軌與機殼,6584,南俊國際,2017,4,income_statement,營業利益（損失）,177364,"177,364",otc,https://mopsov.twse.com.tw/mops/web/ajax_t163sb04
中游,伺服器滑軌與機殼,6584,南俊國際,2017,4,income_statement,營業外收入及支出,-31245,"-31,245",otc,https://mopsov.twse.com.tw/mops/web/ajax_t163sb04
中游,伺服器滑軌與機殼,6584,南俊國際,2017,4,income_statement,稅前淨利（淨損）,146119,"146,119",otc,https://mopsov.twse.com.tw/mops/web/ajax_t163sb04
中游,伺服器滑軌與機殼,6584,南俊國際,2017,4,income_statement,所得稅費用（利益）,41310,"41,310",otc,https://mopsov.twse.com.tw/mops/web/ajax_t163sb04
中游,伺服器滑軌與機殼,6584,南俊國際,2017,4,income_statement,繼續營業單位本期淨利（淨損）,104809,"104,809",otc,https://mopsov.twse.com.tw/mops/web/ajax_t163sb04
中游,伺服器滑軌與機殼,6584,南俊國際,2017,4,income_statement,停業單位損益,,--,otc,https://mopsov.twse.com.tw/mops/web/ajax_t163sb04
中游,伺服器滑軌與機殼,6584,南俊國際,2017,4,income_statement,合併前非屬共同控制股權損益,,--,otc,https://mopsov.twse.com.tw/mops/web/ajax_t163sb04
中游,伺服器滑軌與機殼,6584,南俊國際,2017,4,income_statement,本期淨利（淨損）,104809,"104,809",otc,https://mopsov.twse.com.tw/mops/web/ajax_t163sb04
中游,伺服器滑軌與機殼,6584,南俊國際,2017,4,income_statement,其他綜合損益（淨額）,-2228,"-2,228",otc,https://mopsov.twse.com.tw/mops/web/ajax_t163sb04
中游,伺服器滑軌與機殼,6584,南俊國際,2017,4,income_statement,合併前非屬共同控制股權綜合損益淨額,,--,otc,https://mopsov.twse.com.tw/mops/web/ajax_t163sb04
中游,伺服器滑軌與機殼,6584,南俊國際,2017,4,income_statement,本期綜合損益總額,102581,"102,581",otc,https://mopsov.twse.com.tw/mops/web/ajax_t163sb04
中游,伺服器滑軌與機殼,6584,南俊國際,2017,4,income_statement,淨利（淨損）歸屬於母公司業主,104809,"104,809",otc,https://mopsov.twse.com.tw/mops/web/ajax_t163sb04
中游,伺服器滑軌與機殼,6584,南俊國際,2017,4,income_statement,淨利（淨損）歸屬於共同控制下前手權益,,--,otc,https://mopsov.twse.com.tw/mops/web/ajax_t163sb04
中游,伺服器滑軌與機殼,6584,南俊國際,2017,4,income_statement,淨利（淨損）歸屬於非控制權益,,--,otc,https://mopsov.twse.com.tw/mops/web/ajax_t163sb04
中游,伺服器滑軌與機殼,6584,南俊國際,2017,4,income_statement,綜合損益總額歸屬於母公司業主,102581,"102,581",otc,https://mopsov.twse.com.tw/mops/web/ajax_t163sb04
中游,伺服器滑軌與機殼,6584,南俊國際,2017,4,income_statement,綜合損益總額歸屬於共同控制下前手權益,,--,otc,https://mopsov.twse.com.tw/mops/web/ajax_t163sb04
中游,伺服器滑軌與機殼,6584,南俊國際,2017,4,income_statement,綜合損益總額歸屬於非控制權益,,--,otc,https://mopsov.twse.com.tw/mops/web/ajax_t163sb04
中游,伺服器滑軌與機殼,6584,南俊國際,2017,4,income_statement,基本每股盈餘（元）,2.02,2.02,otc,https://mopsov.twse.com.tw/mops/web/ajax_t163sb04
中游,伺服器滑軌與機殼,2059,川湖,2017,4,balance_sheet,流動資產,8259584,"8,259,584",sii,https://mopsov.twse.com.tw/mops/web/ajax_t163sb05
中游,伺服器滑軌與機殼,2059,川湖,2017,4,balance_sheet,非流動資產,1626455,"1,626,455",sii,https://mopsov.twse.com.tw/mops/web/ajax_t163sb05
中游,伺服器滑軌與機殼,2059,川湖,2017,4,balance_sheet,資產總計,9886039,"9,886,039",sii,https://mopsov.twse.com.tw/mops/web/ajax_t163sb05
中游,伺服器滑軌與機殼,2059,川湖,2017,4,balance_sheet,流動負債,1018422,"1,018,422",sii,https://mopsov.twse.com.tw/mops/web/ajax_t163sb05
中游,伺服器滑軌與機殼,2059,川湖,2017,4,balance_sheet,非流動負債,88292,"88,292",sii,https://mopsov.twse.com.tw/mops/web/ajax_t163sb05
中游,伺服器滑軌與機殼,2059,川湖,2017,4,balance_sheet,負債總額,1106714,"1,106,714",sii,https://mopsov.twse.com.tw/mops/web/ajax_t163sb05
中游,伺服器滑軌與機殼,2059,川湖,2017,4,balance_sheet,股本,952971,"952,971",sii,https://mopsov.twse.com.tw/mops/web/ajax_t163sb05
中游,伺服器滑軌與機殼,2059,川湖,2017,4,balance_sheet,資本公積,796691,"796,691",sii,https://mopsov.twse.com.tw/mops/web/ajax_t163sb05
中游,伺服器滑軌與機殼,2059,川湖,2017,4,balance_sheet,保留盈餘,7032605,"7,032,605",sii,https://mopsov.twse.com.tw/mops/web/ajax_t163sb05
中游,伺服器滑軌與機殼,2059,川湖,2017,4,balance_sheet,其他權益,-2942,"-2,942",sii,https://mopsov.twse.com.tw/mops/web/ajax_t163sb05
中游,伺服器滑軌與機殼,2059,川湖,2017,4,balance_sheet,庫藏股票,0,0,sii,https://mopsov.twse.com.tw/mops/web/ajax_t163sb05
中游,伺服器滑軌與機殼,2059,川湖,2017,4,balance_sheet,歸屬於母公司業主之權益合計,8779325,"8,779,325",sii,https://mopsov.twse.com.tw/mops/web/ajax_t163sb05
中游,伺服器滑軌與機殼,2059,川湖,2017,4,balance_sheet,共同控制下前手權益,,--,sii,https://mopsov.twse.com.tw/mops/web/ajax_t163sb05
中游,伺服器滑軌與機殼,2059,川湖,2017,4,balance_sheet,合併前非屬共同控制股權,,--,sii,https://mopsov.twse.com.tw/mops/web/ajax_t163sb05
中游,伺服器滑軌與機殼,2059,川湖,2017,4,balance_sheet,非控制權益,0,0,sii,https://mopsov.twse.com.tw/mops/web/ajax_t163sb05
中游,伺服器滑軌與機殼,2059,川湖,2017,4,balance_sheet,權益總額,8779325,"8,779,325",sii,https://mopsov.twse.com.tw/mops/web/ajax_t163sb05
中游,伺服器滑軌與機殼,2059,川湖,2017,4,balance_sheet,待註銷股本股數（單位：股）,,--,sii,https://mopsov.twse.com.tw/mops/web/ajax_t163sb05
中游,伺服器滑軌與機殼,2059,川湖,2017,4,balance_sheet,預收股款（權益項下）之約當發行股數（單位：股）,0,0,sii,https://mopsov.twse.com.tw/mops/web/ajax_t163sb05
中游,伺服器滑軌與機殼,2059,川湖,2017,4,balance_sheet,母公司暨子公司所持有之母公司庫藏股股數（單位：股）,0,0,sii,https://mopsov.twse.com.tw/mops/web/ajax_t163sb05
中游,伺服器滑軌與機殼,2059,川湖,2017,4,balance_sheet,每股參考淨值,92.13,92.13,sii,https://mopsov.twse.com.tw/mops/web/ajax_t163sb05
中游,伺服器滑軌與機殼,8210,勤誠,2017,4,balance_sheet,流動資產,3504349,"3,504,349",sii,https://mopsov.twse.com.tw/mops/web/ajax_t163sb05
中游,伺服器滑軌與機殼,8210,勤誠,2017,4,balance_sheet,非流動資產,1871644,"1,871,644",sii,https://mopsov.twse.com.tw/mops/web/ajax_t163sb05
中游,伺服器滑軌與機殼,8210,勤誠,2017,4,balance_sheet,資產總計,5375993,"5,375,993",sii,https://mopsov.twse.com.tw/mops/web/ajax_t163sb05
中游,伺服器滑軌與機殼,8210,勤誠,2017,4,balance_sheet,流動負債,2237570,"2,237,570",sii,https://mopsov.twse.com.tw/mops/web/ajax_t163sb05
中游,伺服器滑軌與機殼,8210,勤誠,2017,4,balance_sheet,非流動負債,219070,"219,070",sii,https://mopsov.twse.com.tw/mops/web/ajax_t163sb05
中游,伺服器滑軌與機殼,8210,勤誠,2017,4,balance_sheet,負債總額,2456640,"2,456,640",sii,https://mopsov.twse.com.tw/mops/web/ajax_t163sb05
中游,伺服器滑軌與機殼,8210,勤誠,2017,4,balance_sheet,股本,1197260,"1,197,260",sii,https://mopsov.twse.com.tw/mops/web/ajax_t163sb05
中游,伺服器滑軌與機殼,8210,勤誠,2017,4,balance_sheet,資本公積,48209,"48,209",sii,https://mopsov.twse.com.tw/mops/web/ajax_t163sb05
中游,伺服器滑軌與機殼,8210,勤誠,2017,4,balance_sheet,保留盈餘,1783465,"1,783,465",sii,https://mopsov.twse.com.tw/mops/web/ajax_t163sb05
中游,伺服器滑軌與機殼,8210,勤誠,2017,4,balance_sheet,其他權益,-109581,"-109,581",sii,https://mopsov.twse.com.tw/mops/web/ajax_t163sb05
中游,伺服器滑軌與機殼,8210,勤誠,2017,4,balance_sheet,庫藏股票,0,0,sii,https://mopsov.twse.com.tw/mops/web/ajax_t163sb05
中游,伺服器滑軌與機殼,8210,勤誠,2017,4,balance_sheet,歸屬於母公司業主之權益合計,2919353,"2,919,353",sii,https://mopsov.twse.com.tw/mops/web/ajax_t163sb05
中游,伺服器滑軌與機殼,8210,勤誠,2017,4,balance_sheet,共同控制下前手權益,,--,sii,https://mopsov.twse.com.tw/mops/web/ajax_t163sb05
中游,伺服器滑軌與機殼,8210,勤誠,2017,4,balance_sheet,合併前非屬共同控制股權,,--,sii,https://mopsov.twse.com.tw/mops/web/ajax_t163sb05
中游,伺服器滑軌與機殼,8210,勤誠,2017,4,balance_sheet,非控制權益,,--,sii,https://mopsov.twse.com.tw/mops/web/ajax_t163sb05
中游,伺服器滑軌與機殼,8210,勤誠,2017,4,balance_sheet,權益總額,2919353,"2,919,353",sii,https://mopsov.twse.com.tw/mops/web/ajax_t163sb05
中游,伺服器滑軌與機殼,8210,勤誠,2017,4,balance_sheet,待註銷股本股數（單位：股）,,--,sii,https://mopsov.twse.com.tw/mops/web/ajax_t163sb05
中游,伺服器滑軌與機殼,8210,勤誠,2017,4,balance_sheet,預收股款（權益項下）之約當發行股數（單位：股）,0,0,sii,https://mopsov.twse.com.tw/mops/web/ajax_t163sb05
中游,伺服器滑軌與機殼,8210,勤誠,2017,4,balance_sheet,母公司暨子公司所持有之母公司庫藏股股數（單位：股）,0,0,sii,https://mopsov.twse.com.tw/mops/web/ajax_t163sb05
中游,伺服器滑軌與機殼,8210,勤誠,2017,4,balance_sheet,每股參考淨值,24.38,24.38,sii,https://mopsov.twse.com.tw/mops/web/ajax_t163sb05
中游,伺服器滑軌與機殼,6584,南俊國際,2017,4,balance_sheet,流動資產,868165,"868,165",otc,https://mopsov.twse.com.tw/mops/web/ajax_t163sb05
中游,伺服器滑軌與機殼,6584,南俊國際,2017,4,balance_sheet,非流動資產,2741603,"2,741,603",otc,https://mopsov.twse.com.tw/mops/web/ajax_t163sb05
中游,伺服器滑軌與機殼,6584,南俊國際,2017,4,balance_sheet,資產總計,3609768,"3,609,768",otc,https://mopsov.twse.com.tw/mops/web/ajax_t163sb05
中游,伺服器滑軌與機殼,6584,南俊國際,2017,4,balance_sheet,流動負債,735870,"735,870",otc,https://mopsov.twse.com.tw/mops/web/ajax_t163sb05
中游,伺服器滑軌與機殼,6584,南俊國際,2017,4,balance_sheet,非流動負債,1661406,"1,661,406",otc,https://mopsov.twse.com.tw/mops/web/ajax_t163sb05
中游,伺服器滑軌與機殼,6584,南俊國際,2017,4,balance_sheet,負債總額,2397276,"2,397,276",otc,https://mopsov.twse.com.tw/mops/web/ajax_t163sb05
中游,伺服器滑軌與機殼,6584,南俊國際,2017,4,balance_sheet,股本,520000,"520,000",otc,https://mopsov.twse.com.tw/mops/web/ajax_t163sb05
中游,伺服器滑軌與機殼,6584,南俊國際,2017,4,balance_sheet,資本公積,196000,"196,000",otc,https://mopsov.twse.com.tw/mops/web/ajax_t163sb05
中游,伺服器滑軌與機殼,6584,南俊國際,2017,4,balance_sheet,保留盈餘,497083,"497,083",otc,https://mopsov.twse.com.tw/mops/web/ajax_t163sb05
中游,伺服器滑軌與機殼,6584,南俊國際,2017,4,balance_sheet,其他權益,-591,-591,otc,https://mopsov.twse.com.tw/mops/web/ajax_t163sb05
中游,伺服器滑軌與機殼,6584,南俊國際,2017,4,balance_sheet,庫藏股票,,--,otc,https://mopsov.twse.com.tw/mops/web/ajax_t163sb05
中游,伺服器滑軌與機殼,6584,南俊國際,2017,4,balance_sheet,歸屬於母公司業主之權益合計,1212492,"1,212,492",otc,https://mopsov.twse.com.tw/mops/web/ajax_t163sb05
中游,伺服器滑軌與機殼,6584,南俊國際,2017,4,balance_sheet,共同控制下前手權益,,--,otc,https://mopsov.twse.com.tw/mops/web/ajax_t163sb05
中游,伺服器滑軌與機殼,6584,南俊國際,2017,4,balance_sheet,合併前非屬共同控制股權,,--,otc,https://mopsov.twse.com.tw/mops/web/ajax_t163sb05
中游,伺服器滑軌與機殼,6584,南俊國際,2017,4,balance_sheet,非控制權益,,--,otc,https://mopsov.twse.com.tw/mops/web/ajax_t163sb05
中游,伺服器滑軌與機殼,6584,南俊國際,2017,4,balance_sheet,權益總額,1212492,"1,212,492",otc,https://mopsov.twse.com.tw/mops/web/ajax_t163sb05
中游,伺服器滑軌與機殼,6584,南俊國際,2017,4,balance_sheet,待註銷股本股數（單位：股）,0,0,otc,https://mopsov.twse.com.tw/mops/web/ajax_t163sb05
中游,伺服器滑軌與機殼,6584,南俊國際,2017,4,balance_sheet,預收股款（權益項下）之約當發行股數（單位：股）,0,0,otc,https://mopsov.twse.com.tw/mops/web/ajax_t163sb05
中游,伺服器滑軌與機殼,6584,南俊國際,2017,4,balance_sheet,母公司暨子公司所持有之母公司庫藏股股數（單位：股）,0,0,otc,https://mopsov.twse.com.tw/mops/web/ajax_t163sb05
中游,伺服器滑軌與機殼,6584,南俊國際,2017,4,balance_sheet,每股參考淨值,23.32,23.32,otc,https://mopsov.twse.com.tw/mops/web/ajax_t163sb05
中游,伺服器滑軌與機殼,2059,川湖,2017,4,cash_flow,營業活動之淨現金流入（流出）,883220,"883,220",sii,https://mopsov.twse.com.tw/mops/web/ajax_t163sb20
中游,伺服器滑軌與機殼,2059,川湖,2017,4,cash_flow,投資活動之淨現金流入（流出）,-197398,"-197,398",sii,https://mopsov.twse.com.tw/mops/web/ajax_t163sb20
中游,伺服器滑軌與機殼,2059,川湖,2017,4,cash_flow,籌資活動之淨現金流入（流出）,-786201,"-786,201",sii,https://mopsov.twse.com.tw/mops/web/ajax_t163sb20
中游,伺服器滑軌與機殼,2059,川湖,2017,4,cash_flow,匯率變動對現金及約當現金之影響,-294,-294,sii,https://mopsov.twse.com.tw/mops/web/ajax_t163sb20
中游,伺服器滑軌與機殼,2059,川湖,2017,4,cash_flow,本期現金及約當現金增加（減少）數,-100673,"-100,673",sii,https://mopsov.twse.com.tw/mops/web/ajax_t163sb20
中游,伺服器滑軌與機殼,2059,川湖,2017,4,cash_flow,期初現金及約當現金餘額,6924974,"6,924,974",sii,https://mopsov.twse.com.tw/mops/web/ajax_t163sb20
中游,伺服器滑軌與機殼,2059,川湖,2017,4,cash_flow,期末現金及約當現金餘額,6824301,"6,824,301",sii,https://mopsov.twse.com.tw/mops/web/ajax_t163sb20
中游,伺服器滑軌與機殼,8210,勤誠,2017,4,cash_flow,營業活動之淨現金流入（流出）,457527,"457,527",sii,https://mopsov.twse.com.tw/mops/web/ajax_t163sb20
中游,伺服器滑軌與機殼,8210,勤誠,2017,4,cash_flow,投資活動之淨現金流入（流出）,-446745,"-446,745",sii,https://mopsov.twse.com.tw/mops/web/ajax_t163sb20
中游,伺服器滑軌與機殼,8210,勤誠,2017,4,cash_flow,籌資活動之淨現金流入（流出）,-164414,"-164,414",sii,https://mopsov.twse.com.tw/mops/web/ajax_t163sb20
中游,伺服器滑軌與機殼,8210,勤誠,2017,4,cash_flow,匯率變動對現金及約當現金之影響,-17233,"-17,233",sii,https://mopsov.twse.com.tw/mops/web/ajax_t163sb20
中游,伺服器滑軌與機殼,8210,勤誠,2017,4,cash_flow,本期現金及約當現金增加（減少）數,-170865,"-170,865",sii,https://mopsov.twse.com.tw/mops/web/ajax_t163sb20
中游,伺服器滑軌與機殼,8210,勤誠,2017,4,cash_flow,期初現金及約當現金餘額,1298218,"1,298,218",sii,https://mopsov.twse.com.tw/mops/web/ajax_t163sb20
中游,伺服器滑軌與機殼,8210,勤誠,2017,4,cash_flow,期末現金及約當現金餘額,1127353,"1,127,353",sii,https://mopsov.twse.com.tw/mops/web/ajax_t163sb20
中游,伺服器滑軌與機殼,6584,南俊國際,2017,4,cash_flow,營業活動之淨現金流入（流出）,258863,"258,863",otc,https://mopsov.twse.com.tw/mops/web/ajax_t163sb20
中游,伺服器滑軌與機殼,6584,南俊國際,2017,4,cash_flow,投資活動之淨現金流入（流出）,-1137909,"-1,137,909",otc,https://mopsov.twse.com.tw/mops/web/ajax_t163sb20
中游,伺服器滑軌與機殼,6584,南俊國際,2017,4,cash_flow,籌資活動之淨現金流入（流出）,942907,"942,907",otc,https://mopsov.twse.com.tw/mops/web/ajax_t163sb20
中游,伺服器滑軌與機殼,6584,南俊國際,2017,4,cash_flow,匯率變動對現金及約當現金之影響,-236,-236,otc,https://mopsov.twse.com.tw/mops/web/ajax_t163sb20
中游,伺服器滑軌與機殼,6584,南俊國際,2017,4,cash_flow,本期現金及約當現金增加（減少）數,63625,"63,625",otc,https://mopsov.twse.com.tw/mops/web/ajax_t163sb20
中游,伺服器滑軌與機殼,6584,南俊國際,2017,4,cash_flow,期初現金及約當現金餘額,141620,"141,620",otc,https://mopsov.twse.com.tw/mops/web/ajax_t163sb20
中游,伺服器滑軌與機殼,6584,南俊國際,2017,4,cash_flow,期末現金及約當現金餘額,205245,"205,245",otc,https://mopsov.twse.com.tw/mops/web/ajax_t163sb20
中游,伺服器滑軌與機殼,2059,川湖,2018,1,income_statement,營業收入,1168166,"1,168,166",sii,https://mopsov.twse.com.tw/mops/web/ajax_t163sb04
中游,伺服器滑軌與機殼,2059,川湖,2018,1,income_statement,營業成本,524542,"524,542",sii,https://mopsov.twse.com.tw/mops/web/ajax_t163sb04
中游,伺服器滑軌與機殼,2059,川湖,2018,1,income_statement,原始認列生物資產及農產品之利益（損失）,,--,sii,https://mopsov.twse.com.tw/mops/web/ajax_t163sb04
中游,伺服器滑軌與機殼,2059,川湖,2018,1,income_statement,生物資產當期公允價值減出售成本之變動利益（損失）,,--,sii,https://mopsov.twse.com.tw/mops/web/ajax_t163sb04
中游,伺服器滑軌與機殼,2059,川湖,2018,1,income_statement,營業毛利（毛損）,643624,"643,624",sii,https://mopsov.twse.com.tw/mops/web/ajax_t163sb04
中游,伺服器滑軌與機殼,2059,川湖,2018,1,income_statement,未實現銷貨（損）益,,--,sii,https://mopsov.twse.com.tw/mops/web/ajax_t163sb04
中游,伺服器滑軌與機殼,2059,川湖,2018,1,income_statement,已實現銷貨（損）益,,--,sii,https://mopsov.twse.com.tw/mops/web/ajax_t163sb04
中游,伺服器滑軌與機殼,2059,川湖,2018,1,income_statement,營業毛利（毛損）淨額,643624,"643,624",sii,https://mopsov.twse.com.tw/mops/web/ajax_t163sb04
中游,伺服器滑軌與機殼,2059,川湖,2018,1,income_statement,營業費用,142967,"142,967",sii,https://mopsov.twse.com.tw/mops/web/ajax_t163sb04
中游,伺服器滑軌與機殼,2059,川湖,2018,1,income_statement,其他收益及費損淨額,,--,sii,https://mopsov.twse.com.tw/mops/web/ajax_t163sb04
中游,伺服器滑軌與機殼,2059,川湖,2018,1,income_statement,營業利益（損失）,500657,"500,657",sii,https://mopsov.twse.com.tw/mops/web/ajax_t163sb04
中游,伺服器滑軌與機殼,2059,川湖,2018,1,income_statement,營業外收入及支出,-136659,"-136,659",sii,https://mopsov.twse.com.tw/mops/web/ajax_t163sb04
中游,伺服器滑軌與機殼,2059,川湖,2018,1,income_statement,稅前淨利（淨損）,363998,"363,998",sii,https://mopsov.twse.com.tw/mops/web/ajax_t163sb04
中游,伺服器滑軌與機殼,2059,川湖,2018,1,income_statement,所得稅費用（利益）,43253,"43,253",sii,https://mopsov.twse.com.tw/mops/web/ajax_t163sb04
中游,伺服器滑軌與機殼,2059,川湖,2018,1,income_statement,繼續營業單位本期淨利（淨損）,320745,"320,745",sii,https://mopsov.twse.com.tw/mops/web/ajax_t163sb04
中游,伺服器滑軌與機殼,2059,川湖,2018,1,income_statement,停業單位損益,,--,sii,https://mopsov.twse.com.tw/mops/web/ajax_t163sb04
中游,伺服器滑軌與機殼,2059,川湖,2018,1,income_statement,合併前非屬共同控制股權損益,,--,sii,https://mopsov.twse.com.tw/mops/web/ajax_t163sb04
中游,伺服器滑軌與機殼,2059,川湖,2018,1,income_statement,本期淨利（淨損）,320745,"320,745",sii,https://mopsov.twse.com.tw/mops/web/ajax_t163sb04
中游,伺服器滑軌與機殼,2059,川湖,2018,1,income_statement,其他綜合損益（淨額）,2506,"2,506",sii,https://mopsov.twse.com.tw/mops/web/ajax_t163sb04
中游,伺服器滑軌與機殼,2059,川湖,2018,1,income_statement,合併前非屬共同控制股權綜合損益淨額,,--,sii,https://mopsov.twse.com.tw/mops/web/ajax_t163sb04
中游,伺服器滑軌與機殼,2059,川湖,2018,1,income_statement,本期綜合損益總額,323251,"323,251",sii,https://mopsov.twse.com.tw/mops/web/ajax_t163sb04
中游,伺服器滑軌與機殼,2059,川湖,2018,1,income_statement,淨利（淨損）歸屬於母公司業主,320745,"320,745",sii,https://mopsov.twse.com.tw/mops/web/ajax_t163sb04
中游,伺服器滑軌與機殼,2059,川湖,2018,1,income_statement,淨利（淨損）歸屬於共同控制下前手權益,,--,sii,https://mopsov.twse.com.tw/mops/web/ajax_t163sb04
中游,伺服器滑軌與機殼,2059,川湖,2018,1,income_statement,淨利（淨損）歸屬於非控制權益,,--,sii,https://mopsov.twse.com.tw/mops/web/ajax_t163sb04
中游,伺服器滑軌與機殼,2059,川湖,2018,1,income_statement,綜合損益總額歸屬於母公司業主,323251,"323,251",sii,https://mopsov.twse.com.tw/mops/web/ajax_t163sb04
中游,伺服器滑軌與機殼,2059,川湖,2018,1,income_statement,綜合損益總額歸屬於共同控制下前手權益,,--,sii,https://mopsov.twse.com.tw/mops/web/ajax_t163sb04
中游,伺服器滑軌與機殼,2059,川湖,2018,1,income_statement,綜合損益總額歸屬於非控制權益,,--,sii,https://mopsov.twse.com.tw/mops/web/ajax_t163sb04
中游,伺服器滑軌與機殼,2059,川湖,2018,1,income_statement,基本每股盈餘（元）,3.37,3.37,sii,https://mopsov.twse.com.tw/mops/web/ajax_t163sb04
中游,伺服器滑軌與機殼,8210,勤誠,2018,1,income_statement,營業收入,1389407,"1,389,407",sii,https://mopsov.twse.com.tw/mops/web/ajax_t163sb04
中游,伺服器滑軌與機殼,8210,勤誠,2018,1,income_statement,營業成本,1067597,"1,067,597",sii,https://mopsov.twse.com.tw/mops/web/ajax_t163sb04
中游,伺服器滑軌與機殼,8210,勤誠,2018,1,income_statement,原始認列生物資產及農產品之利益（損失）,,--,sii,https://mopsov.twse.com.tw/mops/web/ajax_t163sb04
中游,伺服器滑軌與機殼,8210,勤誠,2018,1,income_statement,生物資產當期公允價值減出售成本之變動利益（損失）,,--,sii,https://mopsov.twse.com.tw/mops/web/ajax_t163sb04
中游,伺服器滑軌與機殼,8210,勤誠,2018,1,income_statement,營業毛利（毛損）,321810,"321,810",sii,https://mopsov.twse.com.tw/mops/web/ajax_t163sb04
中游,伺服器滑軌與機殼,8210,勤誠,2018,1,income_statement,未實現銷貨（損）益,,--,sii,https://mopsov.twse.com.tw/mops/web/ajax_t163sb04
中游,伺服器滑軌與機殼,8210,勤誠,2018,1,income_statement,已實現銷貨（損）益,,--,sii,https://mopsov.twse.com.tw/mops/web/ajax_t163sb04
中游,伺服器滑軌與機殼,8210,勤誠,2018,1,income_statement,營業毛利（毛損）淨額,321810,"321,810",sii,https://mopsov.twse.com.tw/mops/web/ajax_t163sb04
中游,伺服器滑軌與機殼,8210,勤誠,2018,1,income_statement,營業費用,193850,"193,850",sii,https://mopsov.twse.com.tw/mops/web/ajax_t163sb04
中游,伺服器滑軌與機殼,8210,勤誠,2018,1,income_statement,其他收益及費損淨額,,--,sii,https://mopsov.twse.com.tw/mops/web/ajax_t163sb04
中游,伺服器滑軌與機殼,8210,勤誠,2018,1,income_statement,營業利益（損失）,127960,"127,960",sii,https://mopsov.twse.com.tw/mops/web/ajax_t163sb04
中游,伺服器滑軌與機殼,8210,勤誠,2018,1,income_statement,營業外收入及支出,-31867,"-31,867",sii,https://mopsov.twse.com.tw/mops/web/ajax_t163sb04
中游,伺服器滑軌與機殼,8210,勤誠,2018,1,income_statement,稅前淨利（淨損）,96093,"96,093",sii,https://mopsov.twse.com.tw/mops/web/ajax_t163sb04
中游,伺服器滑軌與機殼,8210,勤誠,2018,1,income_statement,所得稅費用（利益）,42016,"42,016",sii,https://mopsov.twse.com.tw/mops/web/ajax_t163sb04
中游,伺服器滑軌與機殼,8210,勤誠,2018,1,income_statement,繼續營業單位本期淨利（淨損）,54077,"54,077",sii,https://mopsov.twse.com.tw/mops/web/ajax_t163sb04
中游,伺服器滑軌與機殼,8210,勤誠,2018,1,income_statement,停業單位損益,,--,sii,https://mopsov.twse.com.tw/mops/web/ajax_t163sb04
中游,伺服器滑軌與機殼,8210,勤誠,2018,1,income_statement,合併前非屬共同控制股權損益,,--,sii,https://mopsov.twse.com.tw/mops/web/ajax_t163sb04
中游,伺服器滑軌與機殼,8210,勤誠,2018,1,income_statement,本期淨利（淨損）,54077,"54,077",sii,https://mopsov.twse.com.tw/mops/web/ajax_t163sb04
中游,伺服器滑軌與機殼,8210,勤誠,2018,1,income_statement,其他綜合損益（淨額）,30618,"30,618",sii,https://mopsov.twse.com.tw/mops/web/ajax_t163sb04
中游,伺服器滑軌與機殼,8210,勤誠,2018,1,income_statement,合併前非屬共同控制股權綜合損益淨額,,--,sii,https://mopsov.twse.com.tw/mops/web/ajax_t163sb04
中游,伺服器滑軌與機殼,8210,勤誠,2018,1,income_statement,本期綜合損益總額,84695,"84,695",sii,https://mopsov.twse.com.tw/mops/web/ajax_t163sb04
中游,伺服器滑軌與機殼,8210,勤誠,2018,1,income_statement,淨利（淨損）歸屬於母公司業主,54077,"54,077",sii,https://mopsov.twse.com.tw/mops/web/ajax_t163sb04
中游,伺服器滑軌與機殼,8210,勤誠,2018,1,income_statement,淨利（淨損）歸屬於共同控制下前手權益,,--,sii,https://mopsov.twse.com.tw/mops/web/ajax_t163sb04
中游,伺服器滑軌與機殼,8210,勤誠,2018,1,income_statement,淨利（淨損）歸屬於非控制權益,,--,sii,https://mopsov.twse.com.tw/mops/web/ajax_t163sb04
中游,伺服器滑軌與機殼,8210,勤誠,2018,1,income_statement,綜合損益總額歸屬於母公司業主,84695,"84,695",sii,https://mopsov.twse.com.tw/mops/web/ajax_t163sb04
中游,伺服器滑軌與機殼,8210,勤誠,2018,1,income_statement,綜合損益總額歸屬於共同控制下前手權益,,--,sii,https://mopsov.twse.com.tw/mops/web/ajax_t163sb04
中游,伺服器滑軌與機殼,8210,勤誠,2018,1,income_statement,綜合損益總額歸屬於非控制權益,,--,sii,https://mopsov.twse.com.tw/mops/web/ajax_t163sb04
中游,伺服器滑軌與機殼,8210,勤誠,2018,1,income_statement,基本每股盈餘（元）,0.45,0.45,sii,https://mopsov.twse.com.tw/mops/web/ajax_t163sb04
中游,伺服器滑軌與機殼,2059,川湖,2018,1,balance_sheet,流動資產,8482527,"8,482,527",sii,https://mopsov.twse.com.tw/mops/web/ajax_t163sb05
中游,伺服器滑軌與機殼,2059,川湖,2018,1,balance_sheet,非流動資產,1653892,"1,653,892",sii,https://mopsov.twse.com.tw/mops/web/ajax_t163sb05
中游,伺服器滑軌與機殼,2059,川湖,2018,1,balance_sheet,資產總計,10136419,"10,136,419",sii,https://mopsov.twse.com.tw/mops/web/ajax_t163sb05
中游,伺服器滑軌與機殼,2059,川湖,2018,1,balance_sheet,流動負債,949268,"949,268",sii,https://mopsov.twse.com.tw/mops/web/ajax_t163sb05
中游,伺服器滑軌與機殼,2059,川湖,2018,1,balance_sheet,非流動負債,84575,"84,575",sii,https://mopsov.twse.com.tw/mops/web/ajax_t163sb05
中游,伺服器滑軌與機殼,2059,川湖,2018,1,balance_sheet,負債總計,1033843,"1,033,843",sii,https://mopsov.twse.com.tw/mops/web/ajax_t163sb05
中游,伺服器滑軌與機殼,2059,川湖,2018,1,balance_sheet,股本,952971,"952,971",sii,https://mopsov.twse.com.tw/mops/web/ajax_t163sb05
中游,伺服器滑軌與機殼,2059,川湖,2018,1,balance_sheet,資本公積,796691,"796,691",sii,https://mopsov.twse.com.tw/mops/web/ajax_t163sb05
中游,伺服器滑軌與機殼,2059,川湖,2018,1,balance_sheet,保留盈餘,7354110,"7,354,110",sii,https://mopsov.twse.com.tw/mops/web/ajax_t163sb05
中游,伺服器滑軌與機殼,2059,川湖,2018,1,balance_sheet,其他權益,-1196,"-1,196",sii,https://mopsov.twse.com.tw/mops/web/ajax_t163sb05
中游,伺服器滑軌與機殼,2059,川湖,2018,1,balance_sheet,庫藏股票,0,0,sii,https://mopsov.twse.com.tw/mops/web/ajax_t163sb05
中游,伺服器滑軌與機殼,2059,川湖,2018,1,balance_sheet,歸屬於母公司業主之權益合計,9102576,"9,102,576",sii,https://mopsov.twse.com.tw/mops/web/ajax_t163sb05
中游,伺服器滑軌與機殼,2059,川湖,2018,1,balance_sheet,共同控制下前手權益,,--,sii,https://mopsov.twse.com.tw/mops/web/ajax_t163sb05
中游,伺服器滑軌與機殼,2059,川湖,2018,1,balance_sheet,合併前非屬共同控制股權,,--,sii,https://mopsov.twse.com.tw/mops/web/ajax_t163sb05
中游,伺服器滑軌與機殼,2059,川湖,2018,1,balance_sheet,非控制權益,0,0,sii,https://mopsov.twse.com.tw/mops/web/ajax_t163sb05
中游,伺服器滑軌與機殼,2059,川湖,2018,1,balance_sheet,權益總計,9102576,"9,102,576",sii,https://mopsov.twse.com.tw/mops/web/ajax_t163sb05
中游,伺服器滑軌與機殼,2059,川湖,2018,1,balance_sheet,待註銷股本股數（單位：股）,0,0,sii,https://mopsov.twse.com.tw/mops/web/ajax_t163sb05
中游,伺服器滑軌與機殼,2059,川湖,2018,1,balance_sheet,預收股款（權益項下）之約當發行股數（單位：股）,0,0,sii,https://mopsov.twse.com.tw/mops/web/ajax_t163sb05
中游,伺服器滑軌與機殼,2059,川湖,2018,1,balance_sheet,母公司暨子公司所持有之母公司庫藏股股數（單位：股）,0,0,sii,https://mopsov.twse.com.tw/mops/web/ajax_t163sb05
中游,伺服器滑軌與機殼,2059,川湖,2018,1,balance_sheet,每股參考淨值,95.52,95.52,sii,https://mopsov.twse.com.tw/mops/web/ajax_t163sb05
中游,伺服器滑軌與機殼,8210,勤誠,2018,1,balance_sheet,流動資產,3440912,"3,440,912",sii,https://mopsov.twse.com.tw/mops/web/ajax_t163sb05
中游,伺服器滑軌與機殼,8210,勤誠,2018,1,balance_sheet,非流動資產,1915871,"1,915,871",sii,https://mopsov.twse.com.tw/mops/web/ajax_t163sb05
中游,伺服器滑軌與機殼,8210,勤誠,2018,1,balance_sheet,資產總計,5356783,"5,356,783",sii,https://mopsov.twse.com.tw/mops/web/ajax_t163sb05
中游,伺服器滑軌與機殼,8210,勤誠,2018,1,balance_sheet,流動負債,2135126,"2,135,126",sii,https://mopsov.twse.com.tw/mops/web/ajax_t163sb05
中游,伺服器滑軌與機殼,8210,勤誠,2018,1,balance_sheet,非流動負債,217609,"217,609",sii,https://mopsov.twse.com.tw/mops/web/ajax_t163sb05
中游,伺服器滑軌與機殼,8210,勤誠,2018,1,balance_sheet,負債總計,2352735,"2,352,735",sii,https://mopsov.twse.com.tw/mops/web/ajax_t163sb05
中游,伺服器滑軌與機殼,8210,勤誠,2018,1,balance_sheet,股本,1197260,"1,197,260",sii,https://mopsov.twse.com.tw/mops/web/ajax_t163sb05
中游,伺服器滑軌與機殼,8210,勤誠,2018,1,balance_sheet,資本公積,48209,"48,209",sii,https://mopsov.twse.com.tw/mops/web/ajax_t163sb05
中游,伺服器滑軌與機殼,8210,勤誠,2018,1,balance_sheet,保留盈餘,1837542,"1,837,542",sii,https://mopsov.twse.com.tw/mops/web/ajax_t163sb05
中游,伺服器滑軌與機殼,8210,勤誠,2018,1,balance_sheet,其他權益,-78963,"-78,963",sii,https://mopsov.twse.com.tw/mops/web/ajax_t163sb05
中游,伺服器滑軌與機殼,8210,勤誠,2018,1,balance_sheet,庫藏股票,,--,sii,https://mopsov.twse.com.tw/mops/web/ajax_t163sb05
中游,伺服器滑軌與機殼,8210,勤誠,2018,1,balance_sheet,歸屬於母公司業主之權益合計,3004048,"3,004,048",sii,https://mopsov.twse.com.tw/mops/web/ajax_t163sb05
中游,伺服器滑軌與機殼,8210,勤誠,2018,1,balance_sheet,共同控制下前手權益,,--,sii,https://mopsov.twse.com.tw/mops/web/ajax_t163sb05
中游,伺服器滑軌與機殼,8210,勤誠,2018,1,balance_sheet,合併前非屬共同控制股權,,--,sii,https://mopsov.twse.com.tw/mops/web/ajax_t163sb05
中游,伺服器滑軌與機殼,8210,勤誠,2018,1,balance_sheet,非控制權益,,--,sii,https://mopsov.twse.com.tw/mops/web/ajax_t163sb05
中游,伺服器滑軌與機殼,8210,勤誠,2018,1,balance_sheet,權益總計,3004048,"3,004,048",sii,https://mopsov.twse.com.tw/mops/web/ajax_t163sb05
中游,伺服器滑軌與機殼,8210,勤誠,2018,1,balance_sheet,待註銷股本股數（單位：股）,,--,sii,https://mopsov.twse.com.tw/mops/web/ajax_t163sb05
中游,伺服器滑軌與機殼,8210,勤誠,2018,1,balance_sheet,預收股款（權益項下）之約當發行股數（單位：股）,0,0,sii,https://mopsov.twse.com.tw/mops/web/ajax_t163sb05
中游,伺服器滑軌與機殼,8210,勤誠,2018,1,balance_sheet,母公司暨子公司所持有之母公司庫藏股股數（單位：股）,0,0,sii,https://mopsov.twse.com.tw/mops/web/ajax_t163sb05
中游,伺服器滑軌與機殼,8210,勤誠,2018,1,balance_sheet,每股參考淨值,25.09,25.09,sii,https://mopsov.twse.com.tw/mops/web/ajax_t163sb05
中游,伺服器滑軌與機殼,2059,川湖,2018,1,cash_flow,營業活動之淨現金流入（流出）,225048,"225,048",sii,https://mopsov.twse.com.tw/mops/web/ajax_t163sb20
中游,伺服器滑軌與機殼,2059,川湖,2018,1,cash_flow,投資活動之淨現金流入（流出）,-46024,"-46,024",sii,https://mopsov.twse.com.tw/mops/web/ajax_t163sb20
中游,伺服器滑軌與機殼,2059,川湖,2018,1,cash_flow,籌資活動之淨現金流入（流出）,38,38,sii,https://mopsov.twse.com.tw/mops/web/ajax_t163sb20
中游,伺服器滑軌與機殼,2059,川湖,2018,1,cash_flow,匯率變動對現金及約當現金之影響,464,464,sii,https://mopsov.twse.com.tw/mops/web/ajax_t163sb20
中游,伺服器滑軌與機殼,2059,川湖,2018,1,cash_flow,本期現金及約當現金增加（減少）數,179526,"179,526",sii,https://mopsov.twse.com.tw/mops/web/ajax_t163sb20
中游,伺服器滑軌與機殼,2059,川湖,2018,1,cash_flow,期初現金及約當現金餘額,6824301,"6,824,301",sii,https://mopsov.twse.com.tw/mops/web/ajax_t163sb20
中游,伺服器滑軌與機殼,2059,川湖,2018,1,cash_flow,期末現金及約當現金餘額,7003827,"7,003,827",sii,https://mopsov.twse.com.tw/mops/web/ajax_t163sb20
中游,伺服器滑軌與機殼,8210,勤誠,2018,1,cash_flow,營業活動之淨現金流入（流出）,275081,"275,081",sii,https://mopsov.twse.com.tw/mops/web/ajax_t163sb20
中游,伺服器滑軌與機殼,8210,勤誠,2018,1,cash_flow,投資活動之淨現金流入（流出）,-34064,"-34,064",sii,https://mopsov.twse.com.tw/mops/web/ajax_t163sb20
中游,伺服器滑軌與機殼,8210,勤誠,2018,1,cash_flow,籌資活動之淨現金流入（流出）,-39466,"-39,466",sii,https://mopsov.twse.com.tw/mops/web/ajax_t163sb20
中游,伺服器滑軌與機殼,8210,勤誠,2018,1,cash_flow,匯率變動對現金及約當現金之影響,16073,"16,073",sii,https://mopsov.twse.com.tw/mops/web/ajax_t163sb20
中游,伺服器滑軌與機殼,8210,勤誠,2018,1,cash_flow,本期現金及約當現金增加（減少）數,217624,"217,624",sii,https://mopsov.twse.com.tw/mops/web/ajax_t163sb20
中游,伺服器滑軌與機殼,8210,勤誠,2018,1,cash_flow,期初現金及約當現金餘額,1127353,"1,127,353",sii,https://mopsov.twse.com.tw/mops/web/ajax_t163sb20
中游,伺服器滑軌與機殼,8210,勤誠,2018,1,cash_flow,期末現金及約當現金餘額,1344977,"1,344,977",sii,https://mopsov.twse.com.tw/mops/web/ajax_t163sb20
中游,伺服器滑軌與機殼,2059,川湖,2018,2,income_statement,營業收入,2205441,"2,205,441",sii,https://mopsov.twse.com.tw/mops/web/ajax_t163sb04
中游,伺服器滑軌與機殼,2059,川湖,2018,2,income_statement,營業成本,1036448,"1,036,448",sii,https://mopsov.twse.com.tw/mops/web/ajax_t163sb04
中游,伺服器滑軌與機殼,2059,川湖,2018,2,income_statement,原始認列生物資產及農產品之利益（損失）,,--,sii,https://mopsov.twse.com.tw/mops/web/ajax_t163sb04
中游,伺服器滑軌與機殼,2059,川湖,2018,2,income_statement,生物資產當期公允價值減出售成本之變動利益（損失）,,--,sii,https://mopsov.twse.com.tw/mops/web/ajax_t163sb04
中游,伺服器滑軌與機殼,2059,川湖,2018,2,income_statement,營業毛利（毛損）,1168993,"1,168,993",sii,https://mopsov.twse.com.tw/mops/web/ajax_t163sb04
中游,伺服器滑軌與機殼,2059,川湖,2018,2,income_statement,未實現銷貨（損）益,,--,sii,https://mopsov.twse.com.tw/mops/web/ajax_t163sb04
中游,伺服器滑軌與機殼,2059,川湖,2018,2,income_statement,已實現銷貨（損）益,,--,sii,https://mopsov.twse.com.tw/mops/web/ajax_t163sb04
中游,伺服器滑軌與機殼,2059,川湖,2018,2,income_statement,營業毛利（毛損）淨額,1168993,"1,168,993",sii,https://mopsov.twse.com.tw/mops/web/ajax_t163sb04
中游,伺服器滑軌與機殼,2059,川湖,2018,2,income_statement,營業費用,294542,"294,542",sii,https://mopsov.twse.com.tw/mops/web/ajax_t163sb04
中游,伺服器滑軌與機殼,2059,川湖,2018,2,income_statement,其他收益及費損淨額,,--,sii,https://mopsov.twse.com.tw/mops/web/ajax_t163sb04
中游,伺服器滑軌與機殼,2059,川湖,2018,2,income_statement,營業利益（損失）,874451,"874,451",sii,https://mopsov.twse.com.tw/mops/web/ajax_t163sb04
中游,伺服器滑軌與機殼,2059,川湖,2018,2,income_statement,營業外收入及支出,259786,"259,786",sii,https://mopsov.twse.com.tw/mops/web/ajax_t163sb04
中游,伺服器滑軌與機殼,2059,川湖,2018,2,income_statement,稅前淨利（淨損）,1134237,"1,134,237",sii,https://mopsov.twse.com.tw/mops/web/ajax_t163sb04
中游,伺服器滑軌與機殼,2059,川湖,2018,2,income_statement,所得稅費用（利益）,245060,"245,060",sii,https://mopsov.twse.com.tw/mops/web/ajax_t163sb04
中游,伺服器滑軌與機殼,2059,川湖,2018,2,income_statement,繼續營業單位本期淨利（淨損）,889177,"889,177",sii,https://mopsov.twse.com.tw/mops/web/ajax_t163sb04
中游,伺服器滑軌與機殼,2059,川湖,2018,2,income_statement,停業單位損益,,--,sii,https://mopsov.twse.com.tw/mops/web/ajax_t163sb04
中游,伺服器滑軌與機殼,2059,川湖,2018,2,income_statement,合併前非屬共同控制股權損益,,--,sii,https://mopsov.twse.com.tw/mops/web/ajax_t163sb04
中游,伺服器滑軌與機殼,2059,川湖,2018,2,income_statement,本期淨利（淨損）,889177,"889,177",sii,https://mopsov.twse.com.tw/mops/web/ajax_t163sb04
中游,伺服器滑軌與機殼,2059,川湖,2018,2,income_statement,其他綜合損益（淨額）,2132,"2,132",sii,https://mopsov.twse.com.tw/mops/web/ajax_t163sb04
中游,伺服器滑軌與機殼,2059,川湖,2018,2,income_statement,合併前非屬共同控制股權綜合損益淨額,,--,sii,https://mopsov.twse.com.tw/mops/web/ajax_t163sb04
中游,伺服器滑軌與機殼,2059,川湖,2018,2,income_statement,本期綜合損益總額,891309,"891,309",sii,https://mopsov.twse.com.tw/mops/web/ajax_t163sb04
中游,伺服器滑軌與機殼,2059,川湖,2018,2,income_statement,淨利（淨損）歸屬於母公司業主,889177,"889,177",sii,https://mopsov.twse.com.tw/mops/web/ajax_t163sb04
中游,伺服器滑軌與機殼,2059,川湖,2018,2,income_statement,淨利（淨損）歸屬於共同控制下前手權益,,--,sii,https://mopsov.twse.com.tw/mops/web/ajax_t163sb04
中游,伺服器滑軌與機殼,2059,川湖,2018,2,income_statement,淨利（淨損）歸屬於非控制權益,,--,sii,https://mopsov.twse.com.tw/mops/web/ajax_t163sb04
中游,伺服器滑軌與機殼,2059,川湖,2018,2,income_statement,綜合損益總額歸屬於母公司業主,891309,"891,309",sii,https://mopsov.twse.com.tw/mops/web/ajax_t163sb04
中游,伺服器滑軌與機殼,2059,川湖,2018,2,income_statement,綜合損益總額歸屬於共同控制下前手權益,,--,sii,https://mopsov.twse.com.tw/mops/web/ajax_t163sb04
中游,伺服器滑軌與機殼,2059,川湖,2018,2,income_statement,綜合損益總額歸屬於非控制權益,,--,sii,https://mopsov.twse.com.tw/mops/web/ajax_t163sb04
中游,伺服器滑軌與機殼,2059,川湖,2018,2,income_statement,基本每股盈餘（元）,9.33,9.33,sii,https://mopsov.twse.com.tw/mops/web/ajax_t163sb04
中游,伺服器滑軌與機殼,8210,勤誠,2018,2,income_statement,營業收入,2887789,"2,887,789",sii,https://mopsov.twse.com.tw/mops/web/ajax_t163sb04
中游,伺服器滑軌與機殼,8210,勤誠,2018,2,income_statement,營業成本,2221075,"2,221,075",sii,https://mopsov.twse.com.tw/mops/web/ajax_t163sb04
中游,伺服器滑軌與機殼,8210,勤誠,2018,2,income_statement,原始認列生物資產及農產品之利益（損失）,,--,sii,https://mopsov.twse.com.tw/mops/web/ajax_t163sb04
中游,伺服器滑軌與機殼,8210,勤誠,2018,2,income_statement,生物資產當期公允價值減出售成本之變動利益（損失）,,--,sii,https://mopsov.twse.com.tw/mops/web/ajax_t163sb04
中游,伺服器滑軌與機殼,8210,勤誠,2018,2,income_statement,營業毛利（毛損）,666714,"666,714",sii,https://mopsov.twse.com.tw/mops/web/ajax_t163sb04
中游,伺服器滑軌與機殼,8210,勤誠,2018,2,income_statement,未實現銷貨（損）益,,--,sii,https://mopsov.twse.com.tw/mops/web/ajax_t163sb04
中游,伺服器滑軌與機殼,8210,勤誠,2018,2,income_statement,已實現銷貨（損）益,,--,sii,https://mopsov.twse.com.tw/mops/web/ajax_t163sb04
中游,伺服器滑軌與機殼,8210,勤誠,2018,2,income_statement,營業毛利（毛損）淨額,666714,"666,714",sii,https://mopsov.twse.com.tw/mops/web/ajax_t163sb04
中游,伺服器滑軌與機殼,8210,勤誠,2018,2,income_statement,營業費用,410500,"410,500",sii,https://mopsov.twse.com.tw/mops/web/ajax_t163sb04
中游,伺服器滑軌與機殼,8210,勤誠,2018,2,income_statement,其他收益及費損淨額,,--,sii,https://mopsov.twse.com.tw/mops/web/ajax_t163sb04
中游,伺服器滑軌與機殼,8210,勤誠,2018,2,income_statement,營業利益（損失）,256214,"256,214",sii,https://mopsov.twse.com.tw/mops/web/ajax_t163sb04
中游,伺服器滑軌與機殼,8210,勤誠,2018,2,income_statement,營業外收入及支出,11947,"11,947",sii,https://mopsov.twse.com.tw/mops/web/ajax_t163sb04
中游,伺服器滑軌與機殼,8210,勤誠,2018,2,income_statement,稅前淨利（淨損）,268161,"268,161",sii,https://mopsov.twse.com.tw/mops/web/ajax_t163sb04
中游,伺服器滑軌與機殼,8210,勤誠,2018,2,income_statement,所得稅費用（利益）,81911,"81,911",sii,https://mopsov.twse.com.tw/mops/web/ajax_t163sb04
中游,伺服器滑軌與機殼,8210,勤誠,2018,2,income_statement,繼續營業單位本期淨利（淨損）,186250,"186,250",sii,https://mopsov.twse.com.tw/mops/web/ajax_t163sb04
中游,伺服器滑軌與機殼,8210,勤誠,2018,2,income_statement,停業單位損益,,--,sii,https://mopsov.twse.com.tw/mops/web/ajax_t163sb04
中游,伺服器滑軌與機殼,8210,勤誠,2018,2,income_statement,合併前非屬共同控制股權損益,,--,sii,https://mopsov.twse.com.tw/mops/web/ajax_t163sb04
中游,伺服器滑軌與機殼,8210,勤誠,2018,2,income_statement,本期淨利（淨損）,186250,"186,250",sii,https://mopsov.twse.com.tw/mops/web/ajax_t163sb04
中游,伺服器滑軌與機殼,8210,勤誠,2018,2,income_statement,其他綜合損益（淨額）,16643,"16,643",sii,https://mopsov.twse.com.tw/mops/web/ajax_t163sb04
中游,伺服器滑軌與機殼,8210,勤誠,2018,2,income_statement,合併前非屬共同控制股權綜合損益淨額,,--,sii,https://mopsov.twse.com.tw/mops/web/ajax_t163sb04
中游,伺服器滑軌與機殼,8210,勤誠,2018,2,income_statement,本期綜合損益總額,202893,"202,893",sii,https://mopsov.twse.com.tw/mops/web/ajax_t163sb04
中游,伺服器滑軌與機殼,8210,勤誠,2018,2,income_statement,淨利（淨損）歸屬於母公司業主,186250,"186,250",sii,https://mopsov.twse.com.tw/mops/web/ajax_t163sb04
中游,伺服器滑軌與機殼,8210,勤誠,2018,2,income_statement,淨利（淨損）歸屬於共同控制下前手權益,,--,sii,https://mopsov.twse.com.tw/mops/web/ajax_t163sb04
中游,伺服器滑軌與機殼,8210,勤誠,2018,2,income_statement,淨利（淨損）歸屬於非控制權益,,--,sii,https://mopsov.twse.com.tw/mops/web/ajax_t163sb04
中游,伺服器滑軌與機殼,8210,勤誠,2018,2,income_statement,綜合損益總額歸屬於母公司業主,202893,"202,893",sii,https://mopsov.twse.com.tw/mops/web/ajax_t163sb04
中游,伺服器滑軌與機殼,8210,勤誠,2018,2,income_statement,綜合損益總額歸屬於共同控制下前手權益,,--,sii,https://mopsov.twse.com.tw/mops/web/ajax_t163sb04
中游,伺服器滑軌與機殼,8210,勤誠,2018,2,income_statement,綜合損益總額歸屬於非控制權益,,--,sii,https://mopsov.twse.com.tw/mops/web/ajax_t163sb04
中游,伺服器滑軌與機殼,8210,勤誠,2018,2,income_statement,基本每股盈餘（元）,1.56,1.56,sii,https://mopsov.twse.com.tw/mops/web/ajax_t163sb04
中游,伺服器滑軌與機殼,6584,南俊國際,2018,2,income_statement,營業收入,864283,"864,283",otc,https://mopsov.twse.com.tw/mops/web/ajax_t163sb04
中游,伺服器滑軌與機殼,6584,南俊國際,2018,2,income_statement,營業成本,730532,"730,532",otc,https://mopsov.twse.com.tw/mops/web/ajax_t163sb04
中游,伺服器滑軌與機殼,6584,南俊國際,2018,2,income_statement,原始認列生物資產及農產品之利益（損失）,,--,otc,https://mopsov.twse.com.tw/mops/web/ajax_t163sb04
中游,伺服器滑軌與機殼,6584,南俊國際,2018,2,income_statement,生物資產當期公允價值減出售成本之變動利益（損失）,,--,otc,https://mopsov.twse.com.tw/mops/web/ajax_t163sb04
中游,伺服器滑軌與機殼,6584,南俊國際,2018,2,income_statement,營業毛利（毛損）,133751,"133,751",otc,https://mopsov.twse.com.tw/mops/web/ajax_t163sb04
中游,伺服器滑軌與機殼,6584,南俊國際,2018,2,income_statement,未實現銷貨（損）益,,--,otc,https://mopsov.twse.com.tw/mops/web/ajax_t163sb04
中游,伺服器滑軌與機殼,6584,南俊國際,2018,2,income_statement,已實現銷貨（損）益,,--,otc,https://mopsov.twse.com.tw/mops/web/ajax_t163sb04
中游,伺服器滑軌與機殼,6584,南俊國際,2018,2,income_statement,營業毛利（毛損）淨額,133751,"133,751",otc,https://mopsov.twse.com.tw/mops/web/ajax_t163sb04
中游,伺服器滑軌與機殼,6584,南俊國際,2018,2,income_statement,營業費用,119535,"119,535",otc,https://mopsov.twse.com.tw/mops/web/ajax_t163sb04
中游,伺服器滑軌與機殼,6584,南俊國際,2018,2,income_statement,其他收益及費損淨額,,--,otc,https://mopsov.twse.com.tw/mops/web/ajax_t163sb04
中游,伺服器滑軌與機殼,6584,南俊國際,2018,2,income_statement,營業利益（損失）,14216,"14,216",otc,https://mopsov.twse.com.tw/mops/web/ajax_t163sb04
中游,伺服器滑軌與機殼,6584,南俊國際,2018,2,income_statement,營業外收入及支出,-2558,"-2,558",otc,https://mopsov.twse.com.tw/mops/web/ajax_t163sb04
中游,伺服器滑軌與機殼,6584,南俊國際,2018,2,income_statement,稅前淨利（淨損）,11658,"11,658",otc,https://mopsov.twse.com.tw/mops/web/ajax_t163sb04
中游,伺服器滑軌與機殼,6584,南俊國際,2018,2,income_statement,所得稅費用（利益）,8870,"8,870",otc,https://mopsov.twse.com.tw/mops/web/ajax_t163sb04
中游,伺服器滑軌與機殼,6584,南俊國際,2018,2,income_statement,繼續營業單位本期淨利（淨損）,2788,"2,788",otc,https://mopsov.twse.com.tw/mops/web/ajax_t163sb04
中游,伺服器滑軌與機殼,6584,南俊國際,2018,2,income_statement,停業單位損益,,--,otc,https://mopsov.twse.com.tw/mops/web/ajax_t163sb04
中游,伺服器滑軌與機殼,6584,南俊國際,2018,2,income_statement,合併前非屬共同控制股權損益,,--,otc,https://mopsov.twse.com.tw/mops/web/ajax_t163sb04
中游,伺服器滑軌與機殼,6584,南俊國際,2018,2,income_statement,本期淨利（淨損）,2788,"2,788",otc,https://mopsov.twse.com.tw/mops/web/ajax_t163sb04
中游,伺服器滑軌與機殼,6584,南俊國際,2018,2,income_statement,其他綜合損益（淨額）,403,403,otc,https://mopsov.twse.com.tw/mops/web/ajax_t163sb04
中游,伺服器滑軌與機殼,6584,南俊國際,2018,2,income_statement,合併前非屬共同控制股權綜合損益淨額,,--,otc,https://mopsov.twse.com.tw/mops/web/ajax_t163sb04
中游,伺服器滑軌與機殼,6584,南俊國際,2018,2,income_statement,本期綜合損益總額,3191,"3,191",otc,https://mopsov.twse.com.tw/mops/web/ajax_t163sb04
中游,伺服器滑軌與機殼,6584,南俊國際,2018,2,income_statement,淨利（淨損）歸屬於母公司業主,2788,"2,788",otc,https://mopsov.twse.com.tw/mops/web/ajax_t163sb04
中游,伺服器滑軌與機殼,6584,南俊國際,2018,2,income_statement,淨利（淨損）歸屬於共同控制下前手權益,,--,otc,https://mopsov.twse.com.tw/mops/web/ajax_t163sb04
中游,伺服器滑軌與機殼,6584,南俊國際,2018,2,income_statement,淨利（淨損）歸屬於非控制權益,,--,otc,https://mopsov.twse.com.tw/mops/web/ajax_t163sb04
中游,伺服器滑軌與機殼,6584,南俊國際,2018,2,income_statement,綜合損益總額歸屬於母公司業主,3191,"3,191",otc,https://mopsov.twse.com.tw/mops/web/ajax_t163sb04
中游,伺服器滑軌與機殼,6584,南俊國際,2018,2,income_statement,綜合損益總額歸屬於共同控制下前手權益,,--,otc,https://mopsov.twse.com.tw/mops/web/ajax_t163sb04
中游,伺服器滑軌與機殼,6584,南俊國際,2018,2,income_statement,綜合損益總額歸屬於非控制權益,,--,otc,https://mopsov.twse.com.tw/mops/web/ajax_t163sb04
中游,伺服器滑軌與機殼,6584,南俊國際,2018,2,income_statement,基本每股盈餘（元）,0.05,0.05,otc,https://mopsov.twse.com.tw/mops/web/ajax_t163sb04
中游,伺服器滑軌與機殼,2059,川湖,2018,2,balance_sheet,流動資產,9054743,"9,054,743",sii,https://mopsov.twse.com.tw/mops/web/ajax_t163sb05
中游,伺服器滑軌與機殼,2059,川湖,2018,2,balance_sheet,非流動資產,1608493,"1,608,493",sii,https://mopsov.twse.com.tw/mops/web/ajax_t163sb05
中游,伺服器滑軌與機殼,2059,川湖,2018,2,balance_sheet,資產總計,10663236,"10,663,236",sii,https://mopsov.twse.com.tw/mops/web/ajax_t163sb05
中游,伺服器滑軌與機殼,2059,川湖,2018,2,balance_sheet,流動負債,1384380,"1,384,380",sii,https://mopsov.twse.com.tw/mops/web/ajax_t163sb05
中游,伺服器滑軌與機殼,2059,川湖,2018,2,balance_sheet,非流動負債,84707,"84,707",sii,https://mopsov.twse.com.tw/mops/web/ajax_t163sb05
中游,伺服器滑軌與機殼,2059,川湖,2018,2,balance_sheet,負債總計,1469087,"1,469,087",sii,https://mopsov.twse.com.tw/mops/web/ajax_t163sb05
中游,伺服器滑軌與機殼,2059,川湖,2018,2,balance_sheet,股本,952971,"952,971",sii,https://mopsov.twse.com.tw/mops/web/ajax_t163sb05
中游,伺服器滑軌與機殼,2059,川湖,2018,2,balance_sheet,資本公積,796691,"796,691",sii,https://mopsov.twse.com.tw/mops/web/ajax_t163sb05
中游,伺服器滑軌與機殼,2059,川湖,2018,2,balance_sheet,保留盈餘,7446057,"7,446,057",sii,https://mopsov.twse.com.tw/mops/web/ajax_t163sb05
中游,伺服器滑軌與機殼,2059,川湖,2018,2,balance_sheet,其他權益,-1570,"-1,570",sii,https://mopsov.twse.com.tw/mops/web/ajax_t163sb05
中游,伺服器滑軌與機殼,2059,川湖,2018,2,balance_sheet,庫藏股票,0,0,sii,https://mopsov.twse.com.tw/mops/web/ajax_t163sb05
中游,伺服器滑軌與機殼,2059,川湖,2018,2,balance_sheet,歸屬於母公司業主之權益合計,9194149,"9,194,149",sii,https://mopsov.twse.com.tw/mops/web/ajax_t163sb05
中游,伺服器滑軌與機殼,2059,川湖,2018,2,balance_sheet,共同控制下前手權益,,--,sii,https://mopsov.twse.com.tw/mops/web/ajax_t163sb05
中游,伺服器滑軌與機殼,2059,川湖,2018,2,balance_sheet,合併前非屬共同控制股權,,--,sii,https://mopsov.twse.com.tw/mops/web/ajax_t163sb05
中游,伺服器滑軌與機殼,2059,川湖,2018,2,balance_sheet,非控制權益,0,0,sii,https://mopsov.twse.com.tw/mops/web/ajax_t163sb05
中游,伺服器滑軌與機殼,2059,川湖,2018,2,balance_sheet,權益總計,9194149,"9,194,149",sii,https://mopsov.twse.com.tw/mops/web/ajax_t163sb05
中游,伺服器滑軌與機殼,2059,川湖,2018,2,balance_sheet,待註銷股本股數（單位：股）,0,0,sii,https://mopsov.twse.com.tw/mops/web/ajax_t163sb05
中游,伺服器滑軌與機殼,2059,川湖,2018,2,balance_sheet,預收股款（權益項下）之約當發行股數（單位：股）,0,0,sii,https://mopsov.twse.com.tw/mops/web/ajax_t163sb05
中游,伺服器滑軌與機殼,2059,川湖,2018,2,balance_sheet,母公司暨子公司所持有之母公司庫藏股股數（單位：股）,0,0,sii,https://mopsov.twse.com.tw/mops/web/ajax_t163sb05
中游,伺服器滑軌與機殼,2059,川湖,2018,2,balance_sheet,每股參考淨值,96.48,96.48,sii,https://mopsov.twse.com.tw/mops/web/ajax_t163sb05
中游,伺服器滑軌與機殼,8210,勤誠,2018,2,balance_sheet,流動資產,3432091,"3,432,091",sii,https://mopsov.twse.com.tw/mops/web/ajax_t163sb05
中游,伺服器滑軌與機殼,8210,勤誠,2018,2,balance_sheet,非流動資產,2014280,"2,014,280",sii,https://mopsov.twse.com.tw/mops/web/ajax_t163sb05
中游,伺服器滑軌與機殼,8210,勤誠,2018,2,balance_sheet,資產總計,5446371,"5,446,371",sii,https://mopsov.twse.com.tw/mops/web/ajax_t163sb05
中游,伺服器滑軌與機殼,8210,勤誠,2018,2,balance_sheet,流動負債,2471995,"2,471,995",sii,https://mopsov.twse.com.tw/mops/web/ajax_t163sb05
中游,伺服器滑軌與機殼,8210,勤誠,2018,2,balance_sheet,非流動負債,211308,"211,308",sii,https://mopsov.twse.com.tw/mops/web/ajax_t163sb05
中游,伺服器滑軌與機殼,8210,勤誠,2018,2,balance_sheet,負債總計,2683303,"2,683,303",sii,https://mopsov.twse.com.tw/mops/web/ajax_t163sb05
中游,伺服器滑軌與機殼,8210,勤誠,2018,2,balance_sheet,股本,1197260,"1,197,260",sii,https://mopsov.twse.com.tw/mops/web/ajax_t163sb05
中游,伺服器滑軌與機殼,8210,勤誠,2018,2,balance_sheet,資本公積,48209,"48,209",sii,https://mopsov.twse.com.tw/mops/web/ajax_t163sb05
中游,伺服器滑軌與機殼,8210,勤誠,2018,2,balance_sheet,保留盈餘,1610537,"1,610,537",sii,https://mopsov.twse.com.tw/mops/web/ajax_t163sb05
中游,伺服器滑軌與機殼,8210,勤誠,2018,2,balance_sheet,其他權益,-92938,"-92,938",sii,https://mopsov.twse.com.tw/mops/web/ajax_t163sb05
中游,伺服器滑軌與機殼,8210,勤誠,2018,2,balance_sheet,庫藏股票,,--,sii,https://mopsov.twse.com.tw/mops/web/ajax_t163sb05
中游,伺服器滑軌與機殼,8210,勤誠,2018,2,balance_sheet,歸屬於母公司業主之權益合計,2763068,"2,763,068",sii,https://mopsov.twse.com.tw/mops/web/ajax_t163sb05
中游,伺服器滑軌與機殼,8210,勤誠,2018,2,balance_sheet,共同控制下前手權益,,--,sii,https://mopsov.twse.com.tw/mops/web/ajax_t163sb05
中游,伺服器滑軌與機殼,8210,勤誠,2018,2,balance_sheet,合併前非屬共同控制股權,,--,sii,https://mopsov.twse.com.tw/mops/web/ajax_t163sb05
中游,伺服器滑軌與機殼,8210,勤誠,2018,2,balance_sheet,非控制權益,,--,sii,https://mopsov.twse.com.tw/mops/web/ajax_t163sb05
中游,伺服器滑軌與機殼,8210,勤誠,2018,2,balance_sheet,權益總計,2763068,"2,763,068",sii,https://mopsov.twse.com.tw/mops/web/ajax_t163sb05
中游,伺服器滑軌與機殼,8210,勤誠,2018,2,balance_sheet,待註銷股本股數（單位：股）,,--,sii,https://mopsov.twse.com.tw/mops/web/ajax_t163sb05
中游,伺服器滑軌與機殼,8210,勤誠,2018,2,balance_sheet,預收股款（權益項下）之約當發行股數（單位：股）,0,0,sii,https://mopsov.twse.com.tw/mops/web/ajax_t163sb05
中游,伺服器滑軌與機殼,8210,勤誠,2018,2,balance_sheet,母公司暨子公司所持有之母公司庫藏股股數（單位：股）,0,0,sii,https://mopsov.twse.com.tw/mops/web/ajax_t163sb05
中游,伺服器滑軌與機殼,8210,勤誠,2018,2,balance_sheet,每股參考淨值,23.08,23.08,sii,https://mopsov.twse.com.tw/mops/web/ajax_t163sb05
中游,伺服器滑軌與機殼,6584,南俊國際,2018,2,balance_sheet,流動資產,791235,"791,235",otc,https://mopsov.twse.com.tw/mops/web/ajax_t163sb05
中游,伺服器滑軌與機殼,6584,南俊國際,2018,2,balance_sheet,非流動資產,2773980,"2,773,980",otc,https://mopsov.twse.com.tw/mops/web/ajax_t163sb05
中游,伺服器滑軌與機殼,6584,南俊國際,2018,2,balance_sheet,資產總計,3565215,"3,565,215",otc,https://mopsov.twse.com.tw/mops/web/ajax_t163sb05
中游,伺服器滑軌與機殼,6584,南俊國際,2018,2,balance_sheet,流動負債,701151,"701,151",otc,https://mopsov.twse.com.tw/mops/web/ajax_t163sb05
中游,伺服器滑軌與機殼,6584,南俊國際,2018,2,balance_sheet,非流動負債,1699489,"1,699,489",otc,https://mopsov.twse.com.tw/mops/web/ajax_t163sb05
中游,伺服器滑軌與機殼,6584,南俊國際,2018,2,balance_sheet,負債總計,2400640,"2,400,640",otc,https://mopsov.twse.com.tw/mops/web/ajax_t163sb05
中游,伺服器滑軌與機殼,6584,南俊國際,2018,2,balance_sheet,股本,520000,"520,000",otc,https://mopsov.twse.com.tw/mops/web/ajax_t163sb05
中游,伺服器滑軌與機殼,6584,南俊國際,2018,2,balance_sheet,資本公積,196000,"196,000",otc,https://mopsov.twse.com.tw/mops/web/ajax_t163sb05
中游,伺服器滑軌與機殼,6584,南俊國際,2018,2,balance_sheet,保留盈餘,448763,"448,763",otc,https://mopsov.twse.com.tw/mops/web/ajax_t163sb05
中游,伺服器滑軌與機殼,6584,南俊國際,2018,2,balance_sheet,其他權益,-188,-188,otc,https://mopsov.twse.com.tw/mops/web/ajax_t163sb05
中游,伺服器滑軌與機殼,6584,南俊國際,2018,2,balance_sheet,庫藏股票,,--,otc,https://mopsov.twse.com.tw/mops/web/ajax_t163sb05
中游,伺服器滑軌與機殼,6584,南俊國際,2018,2,balance_sheet,歸屬於母公司業主之權益合計,1164575,"1,164,575",otc,https://mopsov.twse.com.tw/mops/web/ajax_t163sb05
中游,伺服器滑軌與機殼,6584,南俊國際,2018,2,balance_sheet,共同控制下前手權益,,--,otc,https://mopsov.twse.com.tw/mops/web/ajax_t163sb05
中游,伺服器滑軌與機殼,6584,南俊國際,2018,2,balance_sheet,合併前非屬共同控制股權,,--,otc,https://mopsov.twse.com.tw/mops/web/ajax_t163sb05
中游,伺服器滑軌與機殼,6584,南俊國際,2018,2,balance_sheet,非控制權益,,--,otc,https://mopsov.twse.com.tw/mops/web/ajax_t163sb05
中游,伺服器滑軌與機殼,6584,南俊國際,2018,2,balance_sheet,權益總計,1164575,"1,164,575",otc,https://mopsov.twse.com.tw/mops/web/ajax_t163sb05
中游,伺服器滑軌與機殼,6584,南俊國際,2018,2,balance_sheet,待註銷股本股數（單位：股）,0,0,otc,https://mopsov.twse.com.tw/mops/web/ajax_t163sb05
中游,伺服器滑軌與機殼,6584,南俊國際,2018,2,balance_sheet,預收股款（權益項下）之約當發行股數（單位：股）,0,0,otc,https://mopsov.twse.com.tw/mops/web/ajax_t163sb05
中游,伺服器滑軌與機殼,6584,南俊國際,2018,2,balance_sheet,母公司暨子公司所持有之母公司庫藏股股數（單位：股）,0,0,otc,https://mopsov.twse.com.tw/mops/web/ajax_t163sb05
中游,伺服器滑軌與機殼,6584,南俊國際,2018,2,balance_sheet,每股參考淨值,22.4,22.40,otc,https://mopsov.twse.com.tw/mops/web/ajax_t163sb05
中游,伺服器滑軌與機殼,2059,川湖,2018,2,cash_flow,營業活動之淨現金流入（流出）,873015,"873,015",sii,https://mopsov.twse.com.tw/mops/web/ajax_t163sb20
中游,伺服器滑軌與機殼,2059,川湖,2018,2,cash_flow,投資活動之淨現金流入（流出）,-93907,"-93,907",sii,https://mopsov.twse.com.tw/mops/web/ajax_t163sb20
中游,伺服器滑軌與機殼,2059,川湖,2018,2,cash_flow,籌資活動之淨現金流入（流出）,38,38,sii,https://mopsov.twse.com.tw/mops/web/ajax_t163sb20
中游,伺服器滑軌與機殼,2059,川湖,2018,2,cash_flow,匯率變動對現金及約當現金之影響,249,249,sii,https://mopsov.twse.com.tw/mops/web/ajax_t163sb20
中游,伺服器滑軌與機殼,2059,川湖,2018,2,cash_flow,本期現金及約當現金增加（減少）數,779395,"779,395",sii,https://mopsov.twse.com.tw/mops/web/ajax_t163sb20
中游,伺服器滑軌與機殼,2059,川湖,2018,2,cash_flow,期初現金及約當現金餘額,6824301,"6,824,301",sii,https://mopsov.twse.com.tw/mops/web/ajax_t163sb20
中游,伺服器滑軌與機殼,2059,川湖,2018,2,cash_flow,期末現金及約當現金餘額,7603696,"7,603,696",sii,https://mopsov.twse.com.tw/mops/web/ajax_t163sb20
中游,伺服器滑軌與機殼,8210,勤誠,2018,2,cash_flow,營業活動之淨現金流入（流出）,493150,"493,150",sii,https://mopsov.twse.com.tw/mops/web/ajax_t163sb20
中游,伺服器滑軌與機殼,8210,勤誠,2018,2,cash_flow,投資活動之淨現金流入（流出）,-88527,"-88,527",sii,https://mopsov.twse.com.tw/mops/web/ajax_t163sb20
中游,伺服器滑軌與機殼,8210,勤誠,2018,2,cash_flow,籌資活動之淨現金流入（流出）,-208870,"-208,870",sii,https://mopsov.twse.com.tw/mops/web/ajax_t163sb20
中游,伺服器滑軌與機殼,8210,勤誠,2018,2,cash_flow,匯率變動對現金及約當現金之影響,9727,"9,727",sii,https://mopsov.twse.com.tw/mops/web/ajax_t163sb20
中游,伺服器滑軌與機殼,8210,勤誠,2018,2,cash_flow,本期現金及約當現金增加（減少）數,205480,"205,480",sii,https://mopsov.twse.com.tw/mops/web/ajax_t163sb20
中游,伺服器滑軌與機殼,8210,勤誠,2018,2,cash_flow,期初現金及約當現金餘額,1127353,"1,127,353",sii,https://mopsov.twse.com.tw/mops/web/ajax_t163sb20
中游,伺服器滑軌與機殼,8210,勤誠,2018,2,cash_flow,期末現金及約當現金餘額,1332833,"1,332,833",sii,https://mopsov.twse.com.tw/mops/web/ajax_t163sb20
中游,伺服器滑軌與機殼,6584,南俊國際,2018,2,cash_flow,營業活動之淨現金流入（流出）,52757,"52,757",otc,https://mopsov.twse.com.tw/mops/web/ajax_t163sb20
中游,伺服器滑軌與機殼,6584,南俊國際,2018,2,cash_flow,投資活動之淨現金流入（流出）,-94555,"-94,555",otc,https://mopsov.twse.com.tw/mops/web/ajax_t163sb20
中游,伺服器滑軌與機殼,6584,南俊國際,2018,2,cash_flow,籌資活動之淨現金流入（流出）,21139,"21,139",otc,https://mopsov.twse.com.tw/mops/web/ajax_t163sb20
中游,伺服器滑軌與機殼,6584,南俊國際,2018,2,cash_flow,匯率變動對現金及約當現金之影響,393,393,otc,https://mopsov.twse.com.tw/mops/web/ajax_t163sb20
中游,伺服器滑軌與機殼,6584,南俊國際,2018,2,cash_flow,本期現金及約當現金增加（減少）數,-20266,"-20,266",otc,https://mopsov.twse.com.tw/mops/web/ajax_t163sb20
中游,伺服器滑軌與機殼,6584,南俊國際,2018,2,cash_flow,期初現金及約當現金餘額,205245,"205,245",otc,https://mopsov.twse.com.tw/mops/web/ajax_t163sb20
中游,伺服器滑軌與機殼,6584,南俊國際,2018,2,cash_flow,期末現金及約當現金餘額,184979,"184,979",otc,https://mopsov.twse.com.tw/mops/web/ajax_t163sb20
中游,伺服器滑軌與機殼,2059,川湖,2018,3,income_statement,營業收入,3255001,"3,255,001",sii,https://mopsov.twse.com.tw/mops/web/ajax_t163sb04
中游,伺服器滑軌與機殼,2059,川湖,2018,3,income_statement,營業成本,1541877,"1,541,877",sii,https://mopsov.twse.com.tw/mops/web/ajax_t163sb04
中游,伺服器滑軌與機殼,2059,川湖,2018,3,income_statement,原始認列生物資產及農產品之利益（損失）,,--,sii,https://mopsov.twse.com.tw/mops/web/ajax_t163sb04
中游,伺服器滑軌與機殼,2059,川湖,2018,3,income_statement,生物資產當期公允價值減出售成本之變動利益（損失）,,--,sii,https://mopsov.twse.com.tw/mops/web/ajax_t163sb04
中游,伺服器滑軌與機殼,2059,川湖,2018,3,income_statement,營業毛利（毛損）,1713124,"1,713,124",sii,https://mopsov.twse.com.tw/mops/web/ajax_t163sb04
中游,伺服器滑軌與機殼,2059,川湖,2018,3,income_statement,未實現銷貨（損）益,,--,sii,https://mopsov.twse.com.tw/mops/web/ajax_t163sb04
中游,伺服器滑軌與機殼,2059,川湖,2018,3,income_statement,已實現銷貨（損）益,,--,sii,https://mopsov.twse.com.tw/mops/web/ajax_t163sb04
中游,伺服器滑軌與機殼,2059,川湖,2018,3,income_statement,營業毛利（毛損）淨額,1713124,"1,713,124",sii,https://mopsov.twse.com.tw/mops/web/ajax_t163sb04
中游,伺服器滑軌與機殼,2059,川湖,2018,3,income_statement,營業費用,429617,"429,617",sii,https://mopsov.twse.com.tw/mops/web/ajax_t163sb04
中游,伺服器滑軌與機殼,2059,川湖,2018,3,income_statement,其他收益及費損淨額,,--,sii,https://mopsov.twse.com.tw/mops/web/ajax_t163sb04
中游,伺服器滑軌與機殼,2059,川湖,2018,3,income_statement,營業利益（損失）,1283507,"1,283,507",sii,https://mopsov.twse.com.tw/mops/web/ajax_t163sb04
中游,伺服器滑軌與機殼,2059,川湖,2018,3,income_statement,營業外收入及支出,317904,"317,904",sii,https://mopsov.twse.com.tw/mops/web/ajax_t163sb04
中游,伺服器滑軌與機殼,2059,川湖,2018,3,income_statement,稅前淨利（淨損）,1601411,"1,601,411",sii,https://mopsov.twse.com.tw/mops/web/ajax_t163sb04
中游,伺服器滑軌與機殼,2059,川湖,2018,3,income_statement,所得稅費用（利益）,312183,"312,183",sii,https://mopsov.twse.com.tw/mops/web/ajax_t163sb04
中游,伺服器滑軌與機殼,2059,川湖,2018,3,income_statement,繼續營業單位本期淨利（淨損）,1289228,"1,289,228",sii,https://mopsov.twse.com.tw/mops/web/ajax_t163sb04
中游,伺服器滑軌與機殼,2059,川湖,2018,3,income_statement,停業單位損益,,--,sii,https://mopsov.twse.com.tw/mops/web/ajax_t163sb04
中游,伺服器滑軌與機殼,2059,川湖,2018,3,income_statement,合併前非屬共同控制股權損益,,--,sii,https://mopsov.twse.com.tw/mops/web/ajax_t163sb04
中游,伺服器滑軌與機殼,2059,川湖,2018,3,income_statement,本期淨利（淨損）,1289228,"1,289,228",sii,https://mopsov.twse.com.tw/mops/web/ajax_t163sb04
中游,伺服器滑軌與機殼,2059,川湖,2018,3,income_statement,其他綜合損益（淨額）,-1429,"-1,429",sii,https://mopsov.twse.com.tw/mops/web/ajax_t163sb04
中游,伺服器滑軌與機殼,2059,川湖,2018,3,income_statement,合併前非屬共同控制股權綜合損益淨額,,--,sii,https://mopsov.twse.com.tw/mops/web/ajax_t163sb04
中游,伺服器滑軌與機殼,2059,川湖,2018,3,income_statement,本期綜合損益總額,1287799,"1,287,799",sii,https://mopsov.twse.com.tw/mops/web/ajax_t163sb04
中游,伺服器滑軌與機殼,2059,川湖,2018,3,income_statement,淨利（淨損）歸屬於母公司業主,1289228,"1,289,228",sii,https://mopsov.twse.com.tw/mops/web/ajax_t163sb04
中游,伺服器滑軌與機殼,2059,川湖,2018,3,income_statement,淨利（淨損）歸屬於共同控制下前手權益,,--,sii,https://mopsov.twse.com.tw/mops/web/ajax_t163sb04
中游,伺服器滑軌與機殼,2059,川湖,2018,3,income_statement,淨利（淨損）歸屬於非控制權益,,--,sii,https://mopsov.twse.com.tw/mops/web/ajax_t163sb04
中游,伺服器滑軌與機殼,2059,川湖,2018,3,income_statement,綜合損益總額歸屬於母公司業主,1287799,"1,287,799",sii,https://mopsov.twse.com.tw/mops/web/ajax_t163sb04
中游,伺服器滑軌與機殼,2059,川湖,2018,3,income_statement,綜合損益總額歸屬於共同控制下前手權益,,--,sii,https://mopsov.twse.com.tw/mops/web/ajax_t163sb04
中游,伺服器滑軌與機殼,2059,川湖,2018,3,income_statement,綜合損益總額歸屬於非控制權益,,--,sii,https://mopsov.twse.com.tw/mops/web/ajax_t163sb04
中游,伺服器滑軌與機殼,2059,川湖,2018,3,income_statement,基本每股盈餘（元）,13.53,13.53,sii,https://mopsov.twse.com.tw/mops/web/ajax_t163sb04
中游,伺服器滑軌與機殼,8210,勤誠,2018,3,income_statement,營業收入,4580007,"4,580,007",sii,https://mopsov.twse.com.tw/mops/web/ajax_t163sb04
中游,伺服器滑軌與機殼,8210,勤誠,2018,3,income_statement,營業成本,3470488,"3,470,488",sii,https://mopsov.twse.com.tw/mops/web/ajax_t163sb04
中游,伺服器滑軌與機殼,8210,勤誠,2018,3,income_statement,原始認列生物資產及農產品之利益（損失）,,--,sii,https://mopsov.twse.com.tw/mops/web/ajax_t163sb04
中游,伺服器滑軌與機殼,8210,勤誠,2018,3,income_statement,生物資產當期公允價值減出售成本之變動利益（損失）,,--,sii,https://mopsov.twse.com.tw/mops/web/ajax_t163sb04
中游,伺服器滑軌與機殼,8210,勤誠,2018,3,income_statement,營業毛利（毛損）,1109519,"1,109,519",sii,https://mopsov.twse.com.tw/mops/web/ajax_t163sb04
中游,伺服器滑軌與機殼,8210,勤誠,2018,3,income_statement,未實現銷貨（損）益,,--,sii,https://mopsov.twse.com.tw/mops/web/ajax_t163sb04
中游,伺服器滑軌與機殼,8210,勤誠,2018,3,income_statement,已實現銷貨（損）益,,--,sii,https://mopsov.twse.com.tw/mops/web/ajax_t163sb04
中游,伺服器滑軌與機殼,8210,勤誠,2018,3,income_statement,營業毛利（毛損）淨額,1109519,"1,109,519",sii,https://mopsov.twse.com.tw/mops/web/ajax_t163sb04
中游,伺服器滑軌與機殼,8210,勤誠,2018,3,income_statement,營業費用,622691,"622,691",sii,https://mopsov.twse.com.tw/mops/web/ajax_t163sb04
中游,伺服器滑軌與機殼,8210,勤誠,2018,3,income_statement,其他收益及費損淨額,,--,sii,https://mopsov.twse.com.tw/mops/web/ajax_t163sb04
中游,伺服器滑軌與機殼,8210,勤誠,2018,3,income_statement,營業利益（損失）,486828,"486,828",sii,https://mopsov.twse.com.tw/mops/web/ajax_t163sb04
中游,伺服器滑軌與機殼,8210,勤誠,2018,3,income_statement,營業外收入及支出,29013,"29,013",sii,https://mopsov.twse.com.tw/mops/web/ajax_t163sb04
中游,伺服器滑軌與機殼,8210,勤誠,2018,3,income_statement,稅前淨利（淨損）,515841,"515,841",sii,https://mopsov.twse.com.tw/mops/web/ajax_t163sb04
中游,伺服器滑軌與機殼,8210,勤誠,2018,3,income_statement,所得稅費用（利益）,146277,"146,277",sii,https://mopsov.twse.com.tw/mops/web/ajax_t163sb04
中游,伺服器滑軌與機殼,8210,勤誠,2018,3,income_statement,繼續營業單位本期淨利（淨損）,369564,"369,564",sii,https://mopsov.twse.com.tw/mops/web/ajax_t163sb04
中游,伺服器滑軌與機殼,8210,勤誠,2018,3,income_statement,停業單位損益,,--,sii,https://mopsov.twse.com.tw/mops/web/ajax_t163sb04
中游,伺服器滑軌與機殼,8210,勤誠,2018,3,income_statement,合併前非屬共同控制股權損益,,--,sii,https://mopsov.twse.com.tw/mops/web/ajax_t163sb04
中游,伺服器滑軌與機殼,8210,勤誠,2018,3,income_statement,本期淨利（淨損）,369564,"369,564",sii,https://mopsov.twse.com.tw/mops/web/ajax_t163sb04
中游,伺服器滑軌與機殼,8210,勤誠,2018,3,income_statement,其他綜合損益（淨額）,-46614,"-46,614",sii,https://mopsov.twse.com.tw/mops/web/ajax_t163sb04
中游,伺服器滑軌與機殼,8210,勤誠,2018,3,income_statement,合併前非屬共同控制股權綜合損益淨額,,--,sii,https://mopsov.twse.com.tw/mops/web/ajax_t163sb04
中游,伺服器滑軌與機殼,8210,勤誠,2018,3,income_statement,本期綜合損益總額,322950,"322,950",sii,https://mopsov.twse.com.tw/mops/web/ajax_t163sb04
中游,伺服器滑軌與機殼,8210,勤誠,2018,3,income_statement,淨利（淨損）歸屬於母公司業主,369564,"369,564",sii,https://mopsov.twse.com.tw/mops/web/ajax_t163sb04
中游,伺服器滑軌與機殼,8210,勤誠,2018,3,income_statement,淨利（淨損）歸屬於共同控制下前手權益,,--,sii,https://mopsov.twse.com.tw/mops/web/ajax_t163sb04
中游,伺服器滑軌與機殼,8210,勤誠,2018,3,income_statement,淨利（淨損）歸屬於非控制權益,,--,sii,https://mopsov.twse.com.tw/mops/web/ajax_t163sb04
中游,伺服器滑軌與機殼,8210,勤誠,2018,3,income_statement,綜合損益總額歸屬於母公司業主,322950,"322,950",sii,https://mopsov.twse.com.tw/mops/web/ajax_t163sb04
中游,伺服器滑軌與機殼,8210,勤誠,2018,3,income_statement,綜合損益總額歸屬於共同控制下前手權益,,--,sii,https://mopsov.twse.com.tw/mops/web/ajax_t163sb04
中游,伺服器滑軌與機殼,8210,勤誠,2018,3,income_statement,綜合損益總額歸屬於非控制權益,,--,sii,https://mopsov.twse.com.tw/mops/web/ajax_t163sb04
中游,伺服器滑軌與機殼,8210,勤誠,2018,3,income_statement,基本每股盈餘（元）,3.09,3.09,sii,https://mopsov.twse.com.tw/mops/web/ajax_t163sb04
中游,伺服器滑軌與機殼,2059,川湖,2018,3,balance_sheet,流動資產,9435486,"9,435,486",sii,https://mopsov.twse.com.tw/mops/web/ajax_t163sb05
中游,伺服器滑軌與機殼,2059,川湖,2018,3,balance_sheet,非流動資產,1580808,"1,580,808",sii,https://mopsov.twse.com.tw/mops/web/ajax_t163sb05
中游,伺服器滑軌與機殼,2059,川湖,2018,3,balance_sheet,資產總計,11016294,"11,016,294",sii,https://mopsov.twse.com.tw/mops/web/ajax_t163sb05
中游,伺服器滑軌與機殼,2059,川湖,2018,3,balance_sheet,流動負債,1342064,"1,342,064",sii,https://mopsov.twse.com.tw/mops/web/ajax_t163sb05
中游,伺服器滑軌與機殼,2059,川湖,2018,3,balance_sheet,非流動負債,83591,"83,591",sii,https://mopsov.twse.com.tw/mops/web/ajax_t163sb05
中游,伺服器滑軌與機殼,2059,川湖,2018,3,balance_sheet,負債總計,1425655,"1,425,655",sii,https://mopsov.twse.com.tw/mops/web/ajax_t163sb05
中游,伺服器滑軌與機殼,2059,川湖,2018,3,balance_sheet,股本,952971,"952,971",sii,https://mopsov.twse.com.tw/mops/web/ajax_t163sb05
中游,伺服器滑軌與機殼,2059,川湖,2018,3,balance_sheet,資本公積,796691,"796,691",sii,https://mopsov.twse.com.tw/mops/web/ajax_t163sb05
中游,伺服器滑軌與機殼,2059,川湖,2018,3,balance_sheet,保留盈餘,7846108,"7,846,108",sii,https://mopsov.twse.com.tw/mops/web/ajax_t163sb05
中游,伺服器滑軌與機殼,2059,川湖,2018,3,balance_sheet,其他權益,-5131,"-5,131",sii,https://mopsov.twse.com.tw/mops/web/ajax_t163sb05
中游,伺服器滑軌與機殼,2059,川湖,2018,3,balance_sheet,庫藏股票,0,0,sii,https://mopsov.twse.com.tw/mops/web/ajax_t163sb05
中游,伺服器滑軌與機殼,2059,川湖,2018,3,balance_sheet,歸屬於母公司業主之權益合計,9590639,"9,590,639",sii,https://mopsov.twse.com.tw/mops/web/ajax_t163sb05
中游,伺服器滑軌與機殼,2059,川湖,2018,3,balance_sheet,共同控制下前手權益,,--,sii,https://mopsov.twse.com.tw/mops/web/ajax_t163sb05
中游,伺服器滑軌與機殼,2059,川湖,2018,3,balance_sheet,合併前非屬共同控制股權,,--,sii,https://mopsov.twse.com.tw/mops/web/ajax_t163sb05
中游,伺服器滑軌與機殼,2059,川湖,2018,3,balance_sheet,非控制權益,0,0,sii,https://mopsov.twse.com.tw/mops/web/ajax_t163sb05
中游,伺服器滑軌與機殼,2059,川湖,2018,3,balance_sheet,權益總計,9590639,"9,590,639",sii,https://mopsov.twse.com.tw/mops/web/ajax_t163sb05
中游,伺服器滑軌與機殼,2059,川湖,2018,3,balance_sheet,待註銷股本股數（單位：股）,0,0,sii,https://mopsov.twse.com.tw/mops/web/ajax_t163sb05
中游,伺服器滑軌與機殼,2059,川湖,2018,3,balance_sheet,預收股款（權益項下）之約當發行股數（單位：股）,0,0,sii,https://mopsov.twse.com.tw/mops/web/ajax_t163sb05
中游,伺服器滑軌與機殼,2059,川湖,2018,3,balance_sheet,母公司暨子公司所持有之母公司庫藏股股數（單位：股）,0,0,sii,https://mopsov.twse.com.tw/mops/web/ajax_t163sb05
中游,伺服器滑軌與機殼,2059,川湖,2018,3,balance_sheet,每股參考淨值,100.64,100.64,sii,https://mopsov.twse.com.tw/mops/web/ajax_t163sb05
中游,伺服器滑軌與機殼,8210,勤誠,2018,3,balance_sheet,流動資產,3551991,"3,551,991",sii,https://mopsov.twse.com.tw/mops/web/ajax_t163sb05
中游,伺服器滑軌與機殼,8210,勤誠,2018,3,balance_sheet,非流動資產,1904986,"1,904,986",sii,https://mopsov.twse.com.tw/mops/web/ajax_t163sb05
中游,伺服器滑軌與機殼,8210,勤誠,2018,3,balance_sheet,資產總計,5456977,"5,456,977",sii,https://mopsov.twse.com.tw/mops/web/ajax_t163sb05
中游,伺服器滑軌與機殼,8210,勤誠,2018,3,balance_sheet,流動負債,2374834,"2,374,834",sii,https://mopsov.twse.com.tw/mops/web/ajax_t163sb05
中游,伺服器滑軌與機殼,8210,勤誠,2018,3,balance_sheet,非流動負債,199018,"199,018",sii,https://mopsov.twse.com.tw/mops/web/ajax_t163sb05
中游,伺服器滑軌與機殼,8210,勤誠,2018,3,balance_sheet,負債總計,2573852,"2,573,852",sii,https://mopsov.twse.com.tw/mops/web/ajax_t163sb05
中游,伺服器滑軌與機殼,8210,勤誠,2018,3,balance_sheet,股本,1197260,"1,197,260",sii,https://mopsov.twse.com.tw/mops/web/ajax_t163sb05
中游,伺服器滑軌與機殼,8210,勤誠,2018,3,balance_sheet,資本公積,48209,"48,209",sii,https://mopsov.twse.com.tw/mops/web/ajax_t163sb05
中游,伺服器滑軌與機殼,8210,勤誠,2018,3,balance_sheet,保留盈餘,1793851,"1,793,851",sii,https://mopsov.twse.com.tw/mops/web/ajax_t163sb05
中游,伺服器滑軌與機殼,8210,勤誠,2018,3,balance_sheet,其他權益,-156195,"-156,195",sii,https://mopsov.twse.com.tw/mops/web/ajax_t163sb05
中游,伺服器滑軌與機殼,8210,勤誠,2018,3,balance_sheet,庫藏股票,,--,sii,https://mopsov.twse.com.tw/mops/web/ajax_t163sb05
中游,伺服器滑軌與機殼,8210,勤誠,2018,3,balance_sheet,歸屬於母公司業主之權益合計,2883125,"2,883,125",sii,https://mopsov.twse.com.tw/mops/web/ajax_t163sb05
中游,伺服器滑軌與機殼,8210,勤誠,2018,3,balance_sheet,共同控制下前手權益,,--,sii,https://mopsov.twse.com.tw/mops/web/ajax_t163sb05
中游,伺服器滑軌與機殼,8210,勤誠,2018,3,balance_sheet,合併前非屬共同控制股權,,--,sii,https://mopsov.twse.com.tw/mops/web/ajax_t163sb05
中游,伺服器滑軌與機殼,8210,勤誠,2018,3,balance_sheet,非控制權益,,--,sii,https://mopsov.twse.com.tw/mops/web/ajax_t163sb05
中游,伺服器滑軌與機殼,8210,勤誠,2018,3,balance_sheet,權益總計,2883125,"2,883,125",sii,https://mopsov.twse.com.tw/mops/web/ajax_t163sb05
中游,伺服器滑軌與機殼,8210,勤誠,2018,3,balance_sheet,待註銷股本股數（單位：股）,,--,sii,https://mopsov.twse.com.tw/mops/web/ajax_t163sb05
中游,伺服器滑軌與機殼,8210,勤誠,2018,3,balance_sheet,預收股款（權益項下）之約當發行股數（單位：股）,0,0,sii,https://mopsov.twse.com.tw/mops/web/ajax_t163sb05
中游,伺服器滑軌與機殼,8210,勤誠,2018,3,balance_sheet,母公司暨子公司所持有之母公司庫藏股股數（單位：股）,0,0,sii,https://mopsov.twse.com.tw/mops/web/ajax_t163sb05
中游,伺服器滑軌與機殼,8210,勤誠,2018,3,balance_sheet,每股參考淨值,24.08,24.08,sii,https://mopsov.twse.com.tw/mops/web/ajax_t163sb05
中游,伺服器滑軌與機殼,2059,川湖,2018,3,cash_flow,營業活動之淨現金流入（流出）,1245636,"1,245,636",sii,https://mopsov.twse.com.tw/mops/web/ajax_t163sb20
中游,伺服器滑軌與機殼,2059,川湖,2018,3,cash_flow,投資活動之淨現金流入（流出）,-110377,"-110,377",sii,https://mopsov.twse.com.tw/mops/web/ajax_t163sb20
中游,伺服器滑軌與機殼,2059,川湖,2018,3,cash_flow,籌資活動之淨現金流入（流出）,38,38,sii,https://mopsov.twse.com.tw/mops/web/ajax_t163sb20
中游,伺服器滑軌與機殼,2059,川湖,2018,3,cash_flow,匯率變動對現金及約當現金之影響,-662,-662,sii,https://mopsov.twse.com.tw/mops/web/ajax_t163sb20
中游,伺服器滑軌與機殼,2059,川湖,2018,3,cash_flow,本期現金及約當現金增加（減少）數,1134635,"1,134,635",sii,https://mopsov.twse.com.tw/mops/web/ajax_t163sb20
中游,伺服器滑軌與機殼,2059,川湖,2018,3,cash_flow,期初現金及約當現金餘額,6824301,"6,824,301",sii,https://mopsov.twse.com.tw/mops/web/ajax_t163sb20
中游,伺服器滑軌與機殼,2059,川湖,2018,3,cash_flow,期末現金及約當現金餘額,7958936,"7,958,936",sii,https://mopsov.twse.com.tw/mops/web/ajax_t163sb20
中游,伺服器滑軌與機殼,8210,勤誠,2018,3,cash_flow,營業活動之淨現金流入（流出）,665463,"665,463",sii,https://mopsov.twse.com.tw/mops/web/ajax_t163sb20
中游,伺服器滑軌與機殼,8210,勤誠,2018,3,cash_flow,投資活動之淨現金流入（流出）,-560604,"-560,604",sii,https://mopsov.twse.com.tw/mops/web/ajax_t163sb20
中游,伺服器滑軌與機殼,8210,勤誠,2018,3,cash_flow,籌資活動之淨現金流入（流出）,-337068,"-337,068",sii,https://mopsov.twse.com.tw/mops/web/ajax_t163sb20
中游,伺服器滑軌與機殼,8210,勤誠,2018,3,cash_flow,匯率變動對現金及約當現金之影響,-33492,"-33,492",sii,https://mopsov.twse.com.tw/mops/web/ajax_t163sb20
中游,伺服器滑軌與機殼,8210,勤誠,2018,3,cash_flow,本期現金及約當現金增加（減少）數,-265701,"-265,701",sii,https://mopsov.twse.com.tw/mops/web/ajax_t163sb20
中游,伺服器滑軌與機殼,8210,勤誠,2018,3,cash_flow,期初現金及約當現金餘額,1127353,"1,127,353",sii,https://mopsov.twse.com.tw/mops/web/ajax_t163sb20
中游,伺服器滑軌與機殼,8210,勤誠,2018,3,cash_flow,期末現金及約當現金餘額,861652,"861,652",sii,https://mopsov.twse.com.tw/mops/web/ajax_t163sb20
中游,伺服器滑軌與機殼,2059,川湖,2018,4,income_statement,營業收入,4435607,"4,435,607",sii,https://mopsov.twse.com.tw/mops/web/ajax_t163sb04
中游,伺服器滑軌與機殼,2059,川湖,2018,4,income_statement,營業成本,2108995,"2,108,995",sii,https://mopsov.twse.com.tw/mops/web/ajax_t163sb04
中游,伺服器滑軌與機殼,2059,川湖,2018,4,income_statement,原始認列生物資產及農產品之利益（損失）,,--,sii,https://mopsov.twse.com.tw/mops/web/ajax_t163sb04
中游,伺服器滑軌與機殼,2059,川湖,2018,4,income_statement,生物資產當期公允價值減出售成本之變動利益（損失）,,--,sii,https://mopsov.twse.com.tw/mops/web/ajax_t163sb04
中游,伺服器滑軌與機殼,2059,川湖,2018,4,income_statement,營業毛利（毛損）,2326612,"2,326,612",sii,https://mopsov.twse.com.tw/mops/web/ajax_t163sb04
中游,伺服器滑軌與機殼,2059,川湖,2018,4,income_statement,未實現銷貨（損）益,,--,sii,https://mopsov.twse.com.tw/mops/web/ajax_t163sb04
中游,伺服器滑軌與機殼,2059,川湖,2018,4,income_statement,已實現銷貨（損）益,,--,sii,https://mopsov.twse.com.tw/mops/web/ajax_t163sb04
中游,伺服器滑軌與機殼,2059,川湖,2018,4,income_statement,營業毛利（毛損）淨額,2326612,"2,326,612",sii,https://mopsov.twse.com.tw/mops/web/ajax_t163sb04
中游,伺服器滑軌與機殼,2059,川湖,2018,4,income_statement,營業費用,588416,"588,416",sii,https://mopsov.twse.com.tw/mops/web/ajax_t163sb04
中游,伺服器滑軌與機殼,2059,川湖,2018,4,income_statement,其他收益及費損淨額,,--,sii,https://mopsov.twse.com.tw/mops/web/ajax_t163sb04
中游,伺服器滑軌與機殼,2059,川湖,2018,4,income_statement,營業利益（損失）,1738196,"1,738,196",sii,https://mopsov.twse.com.tw/mops/web/ajax_t163sb04
中游,伺服器滑軌與機殼,2059,川湖,2018,4,income_statement,營業外收入及支出,433682,"433,682",sii,https://mopsov.twse.com.tw/mops/web/ajax_t163sb04
中游,伺服器滑軌與機殼,2059,川湖,2018,4,income_statement,稅前淨利（淨損）,2171878,"2,171,878",sii,https://mopsov.twse.com.tw/mops/web/ajax_t163sb04
中游,伺服器滑軌與機殼,2059,川湖,2018,4,income_statement,所得稅費用（利益）,395914,"395,914",sii,https://mopsov.twse.com.tw/mops/web/ajax_t163sb04
中游,伺服器滑軌與機殼,2059,川湖,2018,4,income_statement,繼續營業單位本期淨利（淨損）,1775964,"1,775,964",sii,https://mopsov.twse.com.tw/mops/web/ajax_t163sb04
中游,伺服器滑軌與機殼,2059,川湖,2018,4,income_statement,停業單位損益,,--,sii,https://mopsov.twse.com.tw/mops/web/ajax_t163sb04
中游,伺服器滑軌與機殼,2059,川湖,2018,4,income_statement,合併前非屬共同控制股權損益,,--,sii,https://mopsov.twse.com.tw/mops/web/ajax_t163sb04
中游,伺服器滑軌與機殼,2059,川湖,2018,4,income_statement,本期淨利（淨損）,1775964,"1,775,964",sii,https://mopsov.twse.com.tw/mops/web/ajax_t163sb04
中游,伺服器滑軌與機殼,2059,川湖,2018,4,income_statement,其他綜合損益（淨額）,-4253,"-4,253",sii,https://mopsov.twse.com.tw/mops/web/ajax_t163sb04
中游,伺服器滑軌與機殼,2059,川湖,2018,4,income_statement,合併前非屬共同控制股權綜合損益淨額,,--,sii,https://mopsov.twse.com.tw/mops/web/ajax_t163sb04
中游,伺服器滑軌與機殼,2059,川湖,2018,4,income_statement,本期綜合損益總額,1771711,"1,771,711",sii,https://mopsov.twse.com.tw/mops/web/ajax_t163sb04
中游,伺服器滑軌與機殼,2059,川湖,2018,4,income_statement,淨利（淨損）歸屬於母公司業主,1775964,"1,775,964",sii,https://mopsov.twse.com.tw/mops/web/ajax_t163sb04
中游,伺服器滑軌與機殼,2059,川湖,2018,4,income_statement,淨利（淨損）歸屬於共同控制下前手權益,,--,sii,https://mopsov.twse.com.tw/mops/web/ajax_t163sb04
中游,伺服器滑軌與機殼,2059,川湖,2018,4,income_statement,淨利（淨損）歸屬於非控制權益,,--,sii,https://mopsov.twse.com.tw/mops/web/ajax_t163sb04
中游,伺服器滑軌與機殼,2059,川湖,2018,4,income_statement,綜合損益總額歸屬於母公司業主,1771711,"1,771,711",sii,https://mopsov.twse.com.tw/mops/web/ajax_t163sb04
中游,伺服器滑軌與機殼,2059,川湖,2018,4,income_statement,綜合損益總額歸屬於共同控制下前手權益,,--,sii,https://mopsov.twse.com.tw/mops/web/ajax_t163sb04
中游,伺服器滑軌與機殼,2059,川湖,2018,4,income_statement,綜合損益總額歸屬於非控制權益,,--,sii,https://mopsov.twse.com.tw/mops/web/ajax_t163sb04
中游,伺服器滑軌與機殼,2059,川湖,2018,4,income_statement,基本每股盈餘（元）,18.64,18.64,sii,https://mopsov.twse.com.tw/mops/web/ajax_t163sb04
中游,伺服器滑軌與機殼,8210,勤誠,2018,4,income_statement,營業收入,6520514,"6,520,514",sii,https://mopsov.twse.com.tw/mops/web/ajax_t163sb04
中游,伺服器滑軌與機殼,8210,勤誠,2018,4,income_statement,營業成本,4805766,"4,805,766",sii,https://mopsov.twse.com.tw/mops/web/ajax_t163sb04
中游,伺服器滑軌與機殼,8210,勤誠,2018,4,income_statement,原始認列生物資產及農產品之利益（損失）,,--,sii,https://mopsov.twse.com.tw/mops/web/ajax_t163sb04
中游,伺服器滑軌與機殼,8210,勤誠,2018,4,income_statement,生物資產當期公允價值減出售成本之變動利益（損失）,,--,sii,https://mopsov.twse.com.tw/mops/web/ajax_t163sb04
中游,伺服器滑軌與機殼,8210,勤誠,2018,4,income_statement,營業毛利（毛損）,1714748,"1,714,748",sii,https://mopsov.twse.com.tw/mops/web/ajax_t163sb04
中游,伺服器滑軌與機殼,8210,勤誠,2018,4,income_statement,未實現銷貨（損）益,,--,sii,https://mopsov.twse.com.tw/mops/web/ajax_t163sb04
中游,伺服器滑軌與機殼,8210,勤誠,2018,4,income_statement,已實現銷貨（損）益,,--,sii,https://mopsov.twse.com.tw/mops/web/ajax_t163sb04
中游,伺服器滑軌與機殼,8210,勤誠,2018,4,income_statement,營業毛利（毛損）淨額,1714748,"1,714,748",sii,https://mopsov.twse.com.tw/mops/web/ajax_t163sb04
中游,伺服器滑軌與機殼,8210,勤誠,2018,4,income_statement,營業費用,883349,"883,349",sii,https://mopsov.twse.com.tw/mops/web/ajax_t163sb04
中游,伺服器滑軌與機殼,8210,勤誠,2018,4,income_statement,其他收益及費損淨額,,--,sii,https://mopsov.twse.com.tw/mops/web/ajax_t163sb04
中游,伺服器滑軌與機殼,8210,勤誠,2018,4,income_statement,營業利益（損失）,831399,"831,399",sii,https://mopsov.twse.com.tw/mops/web/ajax_t163sb04
中游,伺服器滑軌與機殼,8210,勤誠,2018,4,income_statement,營業外收入及支出,39333,"39,333",sii,https://mopsov.twse.com.tw/mops/web/ajax_t163sb04
中游,伺服器滑軌與機殼,8210,勤誠,2018,4,income_statement,稅前淨利（淨損）,870732,"870,732",sii,https://mopsov.twse.com.tw/mops/web/ajax_t163sb04
中游,伺服器滑軌與機殼,8210,勤誠,2018,4,income_statement,所得稅費用（利益）,228382,"228,382",sii,https://mopsov.twse.com.tw/mops/web/ajax_t163sb04
中游,伺服器滑軌與機殼,8210,勤誠,2018,4,income_statement,繼續營業單位本期淨利（淨損）,642350,"642,350",sii,https://mopsov.twse.com.tw/mops/web/ajax_t163sb04
中游,伺服器滑軌與機殼,8210,勤誠,2018,4,income_statement,停業單位損益,,--,sii,https://mopsov.twse.com.tw/mops/web/ajax_t163sb04
中游,伺服器滑軌與機殼,8210,勤誠,2018,4,income_statement,合併前非屬共同控制股權損益,,--,sii,https://mopsov.twse.com.tw/mops/web/ajax_t163sb04
中游,伺服器滑軌與機殼,8210,勤誠,2018,4,income_statement,本期淨利（淨損）,642350,"642,350",sii,https://mopsov.twse.com.tw/mops/web/ajax_t163sb04
中游,伺服器滑軌與機殼,8210,勤誠,2018,4,income_statement,其他綜合損益（淨額）,-37545,"-37,545",sii,https://mopsov.twse.com.tw/mops/web/ajax_t163sb04
中游,伺服器滑軌與機殼,8210,勤誠,2018,4,income_statement,合併前非屬共同控制股權綜合損益淨額,,--,sii,https://mopsov.twse.com.tw/mops/web/ajax_t163sb04
中游,伺服器滑軌與機殼,8210,勤誠,2018,4,income_statement,本期綜合損益總額,604805,"604,805",sii,https://mopsov.twse.com.tw/mops/web/ajax_t163sb04
中游,伺服器滑軌與機殼,8210,勤誠,2018,4,income_statement,淨利（淨損）歸屬於母公司業主,642350,"642,350",sii,https://mopsov.twse.com.tw/mops/web/ajax_t163sb04
中游,伺服器滑軌與機殼,8210,勤誠,2018,4,income_statement,淨利（淨損）歸屬於共同控制下前手權益,,--,sii,https://mopsov.twse.com.tw/mops/web/ajax_t163sb04
中游,伺服器滑軌與機殼,8210,勤誠,2018,4,income_statement,淨利（淨損）歸屬於非控制權益,,--,sii,https://mopsov.twse.com.tw/mops/web/ajax_t163sb04
中游,伺服器滑軌與機殼,8210,勤誠,2018,4,income_statement,綜合損益總額歸屬於母公司業主,604805,"604,805",sii,https://mopsov.twse.com.tw/mops/web/ajax_t163sb04
中游,伺服器滑軌與機殼,8210,勤誠,2018,4,income_statement,綜合損益總額歸屬於共同控制下前手權益,,--,sii,https://mopsov.twse.com.tw/mops/web/ajax_t163sb04
中游,伺服器滑軌與機殼,8210,勤誠,2018,4,income_statement,綜合損益總額歸屬於非控制權益,,--,sii,https://mopsov.twse.com.tw/mops/web/ajax_t163sb04
中游,伺服器滑軌與機殼,8210,勤誠,2018,4,income_statement,基本每股盈餘（元）,5.37,5.37,sii,https://mopsov.twse.com.tw/mops/web/ajax_t163sb04
中游,伺服器滑軌與機殼,6584,南俊國際,2018,4,income_statement,營業收入,1902344,"1,902,344",otc,https://mopsov.twse.com.tw/mops/web/ajax_t163sb04
中游,伺服器滑軌與機殼,6584,南俊國際,2018,4,income_statement,營業成本,1586119,"1,586,119",otc,https://mopsov.twse.com.tw/mops/web/ajax_t163sb04
中游,伺服器滑軌與機殼,6584,南俊國際,2018,4,income_statement,原始認列生物資產及農產品之利益（損失）,,--,otc,https://mopsov.twse.com.tw/mops/web/ajax_t163sb04
中游,伺服器滑軌與機殼,6584,南俊國際,2018,4,income_statement,生物資產當期公允價值減出售成本之變動利益（損失）,,--,otc,https://mopsov.twse.com.tw/mops/web/ajax_t163sb04
中游,伺服器滑軌與機殼,6584,南俊國際,2018,4,income_statement,營業毛利（毛損）,316225,"316,225",otc,https://mopsov.twse.com.tw/mops/web/ajax_t163sb04
中游,伺服器滑軌與機殼,6584,南俊國際,2018,4,income_statement,未實現銷貨（損）益,,--,otc,https://mopsov.twse.com.tw/mops/web/ajax_t163sb04
中游,伺服器滑軌與機殼,6584,南俊國際,2018,4,income_statement,已實現銷貨（損）益,,--,otc,https://mopsov.twse.com.tw/mops/web/ajax_t163sb04
中游,伺服器滑軌與機殼,6584,南俊國際,2018,4,income_statement,營業毛利（毛損）淨額,316225,"316,225",otc,https://mopsov.twse.com.tw/mops/web/ajax_t163sb04
中游,伺服器滑軌與機殼,6584,南俊國際,2018,4,income_statement,營業費用,248104,"248,104",otc,https://mopsov.twse.com.tw/mops/web/ajax_t163sb04
中游,伺服器滑軌與機殼,6584,南俊國際,2018,4,income_statement,其他收益及費損淨額,,--,otc,https://mopsov.twse.com.tw/mops/web/ajax_t163sb04
中游,伺服器滑軌與機殼,6584,南俊國際,2018,4,income_statement,營業利益（損失）,68121,"68,121",otc,https://mopsov.twse.com.tw/mops/web/ajax_t163sb04
中游,伺服器滑軌與機殼,6584,南俊國際,2018,4,income_statement,營業外收入及支出,-4629,"-4,629",otc,https://mopsov.twse.com.tw/mops/web/ajax_t163sb04
中游,伺服器滑軌與機殼,6584,南俊國際,2018,4,income_statement,稅前淨利（淨損）,63492,"63,492",otc,https://mopsov.twse.com.tw/mops/web/ajax_t163sb04
中游,伺服器滑軌與機殼,6584,南俊國際,2018,4,income_statement,所得稅費用（利益）,19675,"19,675",otc,https://mopsov.twse.com.tw/mops/web/ajax_t163sb04
中游,伺服器滑軌與機殼,6584,南俊國際,2018,4,income_statement,繼續營業單位本期淨利（淨損）,43817,"43,817",otc,https://mopsov.twse.com.tw/mops/web/ajax_t163sb04
中游,伺服器滑軌與機殼,6584,南俊國際,2018,4,income_statement,停業單位損益,,--,otc,https://mopsov.twse.com.tw/mops/web/ajax_t163sb04
中游,伺服器滑軌與機殼,6584,南俊國際,2018,4,income_statement,合併前非屬共同控制股權損益,,--,otc,https://mopsov.twse.com.tw/mops/web/ajax_t163sb04
中游,伺服器滑軌與機殼,6584,南俊國際,2018,4,income_statement,本期淨利（淨損）,43817,"43,817",otc,https://mopsov.twse.com.tw/mops/web/ajax_t163sb04
中游,伺服器滑軌與機殼,6584,南俊國際,2018,4,income_statement,其他綜合損益（淨額）,-1630,"-1,630",otc,https://mopsov.twse.com.tw/mops/web/ajax_t163sb04
中游,伺服器滑軌與機殼,6584,南俊國際,2018,4,income_statement,合併前非屬共同控制股權綜合損益淨額,,--,otc,https://mopsov.twse.com.tw/mops/web/ajax_t163sb04
中游,伺服器滑軌與機殼,6584,南俊國際,2018,4,income_statement,本期綜合損益總額,42187,"42,187",otc,https://mopsov.twse.com.tw/mops/web/ajax_t163sb04
中游,伺服器滑軌與機殼,6584,南俊國際,2018,4,income_statement,淨利（淨損）歸屬於母公司業主,43817,"43,817",otc,https://mopsov.twse.com.tw/mops/web/ajax_t163sb04
中游,伺服器滑軌與機殼,6584,南俊國際,2018,4,income_statement,淨利（淨損）歸屬於共同控制下前手權益,,--,otc,https://mopsov.twse.com.tw/mops/web/ajax_t163sb04
中游,伺服器滑軌與機殼,6584,南俊國際,2018,4,income_statement,淨利（淨損）歸屬於非控制權益,,--,otc,https://mopsov.twse.com.tw/mops/web/ajax_t163sb04
中游,伺服器滑軌與機殼,6584,南俊國際,2018,4,income_statement,綜合損益總額歸屬於母公司業主,42187,"42,187",otc,https://mopsov.twse.com.tw/mops/web/ajax_t163sb04
中游,伺服器滑軌與機殼,6584,南俊國際,2018,4,income_statement,綜合損益總額歸屬於共同控制下前手權益,,--,otc,https://mopsov.twse.com.tw/mops/web/ajax_t163sb04
中游,伺服器滑軌與機殼,6584,南俊國際,2018,4,income_statement,綜合損益總額歸屬於非控制權益,,--,otc,https://mopsov.twse.com.tw/mops/web/ajax_t163sb04
中游,伺服器滑軌與機殼,6584,南俊國際,2018,4,income_statement,基本每股盈餘（元）,0.84,0.84,otc,https://mopsov.twse.com.tw/mops/web/ajax_t163sb04
中游,伺服器滑軌與機殼,2059,川湖,2018,4,balance_sheet,流動資產,9615249,"9,615,249",sii,https://mopsov.twse.com.tw/mops/web/ajax_t163sb05
中游,伺服器滑軌與機殼,2059,川湖,2018,4,balance_sheet,非流動資產,1591406,"1,591,406",sii,https://mopsov.twse.com.tw/mops/web/ajax_t163sb05
中游,伺服器滑軌與機殼,2059,川湖,2018,4,balance_sheet,資產總計,11206655,"11,206,655",sii,https://mopsov.twse.com.tw/mops/web/ajax_t163sb05
中游,伺服器滑軌與機殼,2059,川湖,2018,4,balance_sheet,流動負債,1038010,"1,038,010",sii,https://mopsov.twse.com.tw/mops/web/ajax_t163sb05
中游,伺服器滑軌與機殼,2059,川湖,2018,4,balance_sheet,非流動負債,94094,"94,094",sii,https://mopsov.twse.com.tw/mops/web/ajax_t163sb05
中游,伺服器滑軌與機殼,2059,川湖,2018,4,balance_sheet,負債總計,1132104,"1,132,104",sii,https://mopsov.twse.com.tw/mops/web/ajax_t163sb05
中游,伺服器滑軌與機殼,2059,川湖,2018,4,balance_sheet,股本,952971,"952,971",sii,https://mopsov.twse.com.tw/mops/web/ajax_t163sb05
中游,伺服器滑軌與機殼,2059,川湖,2018,4,balance_sheet,資本公積,796691,"796,691",sii,https://mopsov.twse.com.tw/mops/web/ajax_t163sb05
中游,伺服器滑軌與機殼,2059,川湖,2018,4,balance_sheet,保留盈餘,8329138,"8,329,138",sii,https://mopsov.twse.com.tw/mops/web/ajax_t163sb05
中游,伺服器滑軌與機殼,2059,川湖,2018,4,balance_sheet,其他權益,-4249,"-4,249",sii,https://mopsov.twse.com.tw/mops/web/ajax_t163sb05
中游,伺服器滑軌與機殼,2059,川湖,2018,4,balance_sheet,庫藏股票,0,0,sii,https://mopsov.twse.com.tw/mops/web/ajax_t163sb05
中游,伺服器滑軌與機殼,2059,川湖,2018,4,balance_sheet,歸屬於母公司業主之權益合計,10074551,"10,074,551",sii,https://mopsov.twse.com.tw/mops/web/ajax_t163sb05
中游,伺服器滑軌與機殼,2059,川湖,2018,4,balance_sheet,共同控制下前手權益,,--,sii,https://mopsov.twse.com.tw/mops/web/ajax_t163sb05
中游,伺服器滑軌與機殼,2059,川湖,2018,4,balance_sheet,合併前非屬共同控制股權,,--,sii,https://mopsov.twse.com.tw/mops/web/ajax_t163sb05
中游,伺服器滑軌與機殼,2059,川湖,2018,4,balance_sheet,非控制權益,0,0,sii,https://mopsov.twse.com.tw/mops/web/ajax_t163sb05
中游,伺服器滑軌與機殼,2059,川湖,2018,4,balance_sheet,權益總計,10074551,"10,074,551",sii,https://mopsov.twse.com.tw/mops/web/ajax_t163sb05
中游,伺服器滑軌與機殼,2059,川湖,2018,4,balance_sheet,待註銷股本股數（單位：股）,,--,sii,https://mopsov.twse.com.tw/mops/web/ajax_t163sb05
中游,伺服器滑軌與機殼,2059,川湖,2018,4,balance_sheet,預收股款（權益項下）之約當發行股數（單位：股）,0,0,sii,https://mopsov.twse.com.tw/mops/web/ajax_t163sb05
中游,伺服器滑軌與機殼,2059,川湖,2018,4,balance_sheet,母公司暨子公司所持有之母公司庫藏股股數（單位：股）,0,0,sii,https://mopsov.twse.com.tw/mops/web/ajax_t163sb05
中游,伺服器滑軌與機殼,2059,川湖,2018,4,balance_sheet,每股參考淨值,105.72,105.72,sii,https://mopsov.twse.com.tw/mops/web/ajax_t163sb05
中游,伺服器滑軌與機殼,8210,勤誠,2018,4,balance_sheet,流動資產,3717311,"3,717,311",sii,https://mopsov.twse.com.tw/mops/web/ajax_t163sb05
中游,伺服器滑軌與機殼,8210,勤誠,2018,4,balance_sheet,非流動資產,2108608,"2,108,608",sii,https://mopsov.twse.com.tw/mops/web/ajax_t163sb05
中游,伺服器滑軌與機殼,8210,勤誠,2018,4,balance_sheet,資產總計,5825919,"5,825,919",sii,https://mopsov.twse.com.tw/mops/web/ajax_t163sb05
中游,伺服器滑軌與機殼,8210,勤誠,2018,4,balance_sheet,流動負債,2458722,"2,458,722",sii,https://mopsov.twse.com.tw/mops/web/ajax_t163sb05
中游,伺服器滑軌與機殼,8210,勤誠,2018,4,balance_sheet,非流動負債,202217,"202,217",sii,https://mopsov.twse.com.tw/mops/web/ajax_t163sb05
中游,伺服器滑軌與機殼,8210,勤誠,2018,4,balance_sheet,負債總計,2660939,"2,660,939",sii,https://mopsov.twse.com.tw/mops/web/ajax_t163sb05
中游,伺服器滑軌與機殼,8210,勤誠,2018,4,balance_sheet,股本,1197260,"1,197,260",sii,https://mopsov.twse.com.tw/mops/web/ajax_t163sb05
中游,伺服器滑軌與機殼,8210,勤誠,2018,4,balance_sheet,資本公積,48209,"48,209",sii,https://mopsov.twse.com.tw/mops/web/ajax_t163sb05
中游,伺服器滑軌與機殼,8210,勤誠,2018,4,balance_sheet,保留盈餘,2067094,"2,067,094",sii,https://mopsov.twse.com.tw/mops/web/ajax_t163sb05
中游,伺服器滑軌與機殼,8210,勤誠,2018,4,balance_sheet,其他權益,-147583,"-147,583",sii,https://mopsov.twse.com.tw/mops/web/ajax_t163sb05
中游,伺服器滑軌與機殼,8210,勤誠,2018,4,balance_sheet,庫藏股票,,--,sii,https://mopsov.twse.com.tw/mops/web/ajax_t163sb05
中游,伺服器滑軌與機殼,8210,勤誠,2018,4,balance_sheet,歸屬於母公司業主之權益合計,3164980,"3,164,980",sii,https://mopsov.twse.com.tw/mops/web/ajax_t163sb05
中游,伺服器滑軌與機殼,8210,勤誠,2018,4,balance_sheet,共同控制下前手權益,,--,sii,https://mopsov.twse.com.tw/mops/web/ajax_t163sb05
中游,伺服器滑軌與機殼,8210,勤誠,2018,4,balance_sheet,合併前非屬共同控制股權,,--,sii,https://mopsov.twse.com.tw/mops/web/ajax_t163sb05
中游,伺服器滑軌與機殼,8210,勤誠,2018,4,balance_sheet,非控制權益,,--,sii,https://mopsov.twse.com.tw/mops/web/ajax_t163sb05
中游,伺服器滑軌與機殼,8210,勤誠,2018,4,balance_sheet,權益總計,3164980,"3,164,980",sii,https://mopsov.twse.com.tw/mops/web/ajax_t163sb05
中游,伺服器滑軌與機殼,8210,勤誠,2018,4,balance_sheet,待註銷股本股數（單位：股）,,--,sii,https://mopsov.twse.com.tw/mops/web/ajax_t163sb05
中游,伺服器滑軌與機殼,8210,勤誠,2018,4,balance_sheet,預收股款（權益項下）之約當發行股數（單位：股）,0,0,sii,https://mopsov.twse.com.tw/mops/web/ajax_t163sb05
中游,伺服器滑軌與機殼,8210,勤誠,2018,4,balance_sheet,母公司暨子公司所持有之母公司庫藏股股數（單位：股）,0,0,sii,https://mopsov.twse.com.tw/mops/web/ajax_t163sb05
中游,伺服器滑軌與機殼,8210,勤誠,2018,4,balance_sheet,每股參考淨值,26.44,26.44,sii,https://mopsov.twse.com.tw/mops/web/ajax_t163sb05
中游,伺服器滑軌與機殼,6584,南俊國際,2018,4,balance_sheet,流動資產,771812,"771,812",otc,https://mopsov.twse.com.tw/mops/web/ajax_t163sb05
中游,伺服器滑軌與機殼,6584,南俊國際,2018,4,balance_sheet,非流動資產,2776413,"2,776,413",otc,https://mopsov.twse.com.tw/mops/web/ajax_t163sb05
中游,伺服器滑軌與機殼,6584,南俊國際,2018,4,balance_sheet,資產總計,3548225,"3,548,225",otc,https://mopsov.twse.com.tw/mops/web/ajax_t163sb05
中游,伺服器滑軌與機殼,6584,南俊國際,2018,4,balance_sheet,流動負債,726745,"726,745",otc,https://mopsov.twse.com.tw/mops/web/ajax_t163sb05
中游,伺服器滑軌與機殼,6584,南俊國際,2018,4,balance_sheet,非流動負債,1617909,"1,617,909",otc,https://mopsov.twse.com.tw/mops/web/ajax_t163sb05
中游,伺服器滑軌與機殼,6584,南俊國際,2018,4,balance_sheet,負債總計,2344654,"2,344,654",otc,https://mopsov.twse.com.tw/mops/web/ajax_t163sb05
中游,伺服器滑軌與機殼,6584,南俊國際,2018,4,balance_sheet,股本,520000,"520,000",otc,https://mopsov.twse.com.tw/mops/web/ajax_t163sb05
中游,伺服器滑軌與機殼,6584,南俊國際,2018,4,balance_sheet,資本公積,196000,"196,000",otc,https://mopsov.twse.com.tw/mops/web/ajax_t163sb05
中游,伺服器滑軌與機殼,6584,南俊國際,2018,4,balance_sheet,保留盈餘,487945,"487,945",otc,https://mopsov.twse.com.tw/mops/web/ajax_t163sb05
中游,伺服器滑軌與機殼,6584,南俊國際,2018,4,balance_sheet,其他權益,-374,-374,otc,https://mopsov.twse.com.tw/mops/web/ajax_t163sb05
中游,伺服器滑軌與機殼,6584,南俊國際,2018,4,balance_sheet,庫藏股票,,--,otc,https://mopsov.twse.com.tw/mops/web/ajax_t163sb05
中游,伺服器滑軌與機殼,6584,南俊國際,2018,4,balance_sheet,歸屬於母公司業主之權益合計,1203571,"1,203,571",otc,https://mopsov.twse.com.tw/mops/web/ajax_t163sb05
中游,伺服器滑軌與機殼,6584,南俊國際,2018,4,balance_sheet,共同控制下前手權益,,--,otc,https://mopsov.twse.com.tw/mops/web/ajax_t163sb05
中游,伺服器滑軌與機殼,6584,南俊國際,2018,4,balance_sheet,合併前非屬共同控制股權,,--,otc,https://mopsov.twse.com.tw/mops/web/ajax_t163sb05
中游,伺服器滑軌與機殼,6584,南俊國際,2018,4,balance_sheet,非控制權益,,--,otc,https://mopsov.twse.com.tw/mops/web/ajax_t163sb05
中游,伺服器滑軌與機殼,6584,南俊國際,2018,4,balance_sheet,權益總計,1203571,"1,203,571",otc,https://mopsov.twse.com.tw/mops/web/ajax_t163sb05
中游,伺服器滑軌與機殼,6584,南俊國際,2018,4,balance_sheet,待註銷股本股數（單位：股）,0,0,otc,https://mopsov.twse.com.tw/mops/web/ajax_t163sb05
中游,伺服器滑軌與機殼,6584,南俊國際,2018,4,balance_sheet,預收股款（權益項下）之約當發行股數（單位：股）,0,0,otc,https://mopsov.twse.com.tw/mops/web/ajax_t163sb05
中游,伺服器滑軌與機殼,6584,南俊國際,2018,4,balance_sheet,母公司暨子公司所持有之母公司庫藏股股數（單位：股）,0,0,otc,https://mopsov.twse.com.tw/mops/web/ajax_t163sb05
中游,伺服器滑軌與機殼,6584,南俊國際,2018,4,balance_sheet,每股參考淨值,23.15,23.15,otc,https://mopsov.twse.com.tw/mops/web/ajax_t163sb05
中游,伺服器滑軌與機殼,2059,川湖,2018,4,cash_flow,營業活動之淨現金流入（流出）,1836980,"1,836,980",sii,https://mopsov.twse.com.tw/mops/web/ajax_t163sb20
中游,伺服器滑軌與機殼,2059,川湖,2018,4,cash_flow,投資活動之淨現金流入（流出）,-142256,"-142,256",sii,https://mopsov.twse.com.tw/mops/web/ajax_t163sb20
中游,伺服器滑軌與機殼,2059,川湖,2018,4,cash_flow,籌資活動之淨現金流入（流出）,-476447,"-476,447",sii,https://mopsov.twse.com.tw/mops/web/ajax_t163sb20
中游,伺服器滑軌與機殼,2059,川湖,2018,4,cash_flow,匯率變動對現金及約當現金之影響,-443,-443,sii,https://mopsov.twse.com.tw/mops/web/ajax_t163sb20
中游,伺服器滑軌與機殼,2059,川湖,2018,4,cash_flow,本期現金及約當現金增加（減少）數,1217834,"1,217,834",sii,https://mopsov.twse.com.tw/mops/web/ajax_t163sb20
中游,伺服器滑軌與機殼,2059,川湖,2018,4,cash_flow,期初現金及約當現金餘額,6824301,"6,824,301",sii,https://mopsov.twse.com.tw/mops/web/ajax_t163sb20
中游,伺服器滑軌與機殼,2059,川湖,2018,4,cash_flow,期末現金及約當現金餘額,8042135,"8,042,135",sii,https://mopsov.twse.com.tw/mops/web/ajax_t163sb20
中游,伺服器滑軌與機殼,8210,勤誠,2018,4,cash_flow,營業活動之淨現金流入（流出）,1034871,"1,034,871",sii,https://mopsov.twse.com.tw/mops/web/ajax_t163sb20
中游,伺服器滑軌與機殼,8210,勤誠,2018,4,cash_flow,投資活動之淨現金流入（流出）,-491006,"-491,006",sii,https://mopsov.twse.com.tw/mops/web/ajax_t163sb20
中游,伺服器滑軌與機殼,8210,勤誠,2018,4,cash_flow,籌資活動之淨現金流入（流出）,-392317,"-392,317",sii,https://mopsov.twse.com.tw/mops/web/ajax_t163sb20
中游,伺服器滑軌與機殼,8210,勤誠,2018,4,cash_flow,匯率變動對現金及約當現金之影響,-17174,"-17,174",sii,https://mopsov.twse.com.tw/mops/web/ajax_t163sb20
中游,伺服器滑軌與機殼,8210,勤誠,2018,4,cash_flow,本期現金及約當現金增加（減少）數,134374,"134,374",sii,https://mopsov.twse.com.tw/mops/web/ajax_t163sb20
中游,伺服器滑軌與機殼,8210,勤誠,2018,4,cash_flow,期初現金及約當現金餘額,1127353,"1,127,353",sii,https://mopsov.twse.com.tw/mops/web/ajax_t163sb20
中游,伺服器滑軌與機殼,8210,勤誠,2018,4,cash_flow,期末現金及約當現金餘額,1261727,"1,261,727",sii,https://mopsov.twse.com.tw/mops/web/ajax_t163sb20
中游,伺服器滑軌與機殼,6584,南俊國際,2018,4,cash_flow,營業活動之淨現金流入（流出）,156246,"156,246",otc,https://mopsov.twse.com.tw/mops/web/ajax_t163sb20
中游,伺服器滑軌與機殼,6584,南俊國際,2018,4,cash_flow,投資活動之淨現金流入（流出）,-134094,"-134,094",otc,https://mopsov.twse.com.tw/mops/web/ajax_t163sb20
中游,伺服器滑軌與機殼,6584,南俊國際,2018,4,cash_flow,籌資活動之淨現金流入（流出）,-53079,"-53,079",otc,https://mopsov.twse.com.tw/mops/web/ajax_t163sb20
中游,伺服器滑軌與機殼,6584,南俊國際,2018,4,cash_flow,匯率變動對現金及約當現金之影響,158,158,otc,https://mopsov.twse.com.tw/mops/web/ajax_t163sb20
中游,伺服器滑軌與機殼,6584,南俊國際,2018,4,cash_flow,本期現金及約當現金增加（減少）數,-30769,"-30,769",otc,https://mopsov.twse.com.tw/mops/web/ajax_t163sb20
中游,伺服器滑軌與機殼,6584,南俊國際,2018,4,cash_flow,期初現金及約當現金餘額,205245,"205,245",otc,https://mopsov.twse.com.tw/mops/web/ajax_t163sb20
中游,伺服器滑軌與機殼,6584,南俊國際,2018,4,cash_flow,期末現金及約當現金餘額,174476,"174,476",otc,https://mopsov.twse.com.tw/mops/web/ajax_t163sb20
中游,伺服器滑軌與機殼,2059,川湖,2019,1,income_statement,營業收入,1149456,"1,149,456",sii,https://mopsov.twse.com.tw/mops/web/ajax_t163sb04
中游,伺服器滑軌與機殼,2059,川湖,2019,1,income_statement,營業成本,546037,"546,037",sii,https://mopsov.twse.com.tw/mops/web/ajax_t163sb04
中游,伺服器滑軌與機殼,2059,川湖,2019,1,income_statement,原始認列生物資產及農產品之利益（損失）,,--,sii,https://mopsov.twse.com.tw/mops/web/ajax_t163sb04
中游,伺服器滑軌與機殼,2059,川湖,2019,1,income_statement,生物資產當期公允價值減出售成本之變動利益（損失）,,--,sii,https://mopsov.twse.com.tw/mops/web/ajax_t163sb04
中游,伺服器滑軌與機殼,2059,川湖,2019,1,income_statement,營業毛利（毛損）,603419,"603,419",sii,https://mopsov.twse.com.tw/mops/web/ajax_t163sb04
中游,伺服器滑軌與機殼,2059,川湖,2019,1,income_statement,未實現銷貨（損）益,,--,sii,https://mopsov.twse.com.tw/mops/web/ajax_t163sb04
中游,伺服器滑軌與機殼,2059,川湖,2019,1,income_statement,已實現銷貨（損）益,,--,sii,https://mopsov.twse.com.tw/mops/web/ajax_t163sb04
中游,伺服器滑軌與機殼,2059,川湖,2019,1,income_statement,營業毛利（毛損）淨額,603419,"603,419",sii,https://mopsov.twse.com.tw/mops/web/ajax_t163sb04
中游,伺服器滑軌與機殼,2059,川湖,2019,1,income_statement,營業費用,150694,"150,694",sii,https://mopsov.twse.com.tw/mops/web/ajax_t163sb04
中游,伺服器滑軌與機殼,2059,川湖,2019,1,income_statement,其他收益及費損淨額,,--,sii,https://mopsov.twse.com.tw/mops/web/ajax_t163sb04
中游,伺服器滑軌與機殼,2059,川湖,2019,1,income_statement,營業利益（損失）,452725,"452,725",sii,https://mopsov.twse.com.tw/mops/web/ajax_t163sb04
中游,伺服器滑軌與機殼,2059,川湖,2019,1,income_statement,營業外收入及支出,76545,"76,545",sii,https://mopsov.twse.com.tw/mops/web/ajax_t163sb04
中游,伺服器滑軌與機殼,2059,川湖,2019,1,income_statement,稅前淨利（淨損）,529270,"529,270",sii,https://mopsov.twse.com.tw/mops/web/ajax_t163sb04
中游,伺服器滑軌與機殼,2059,川湖,2019,1,income_statement,所得稅費用（利益）,84668,"84,668",sii,https://mopsov.twse.com.tw/mops/web/ajax_t163sb04
中游,伺服器滑軌與機殼,2059,川湖,2019,1,income_statement,繼續營業單位本期淨利（淨損）,444602,"444,602",sii,https://mopsov.twse.com.tw/mops/web/ajax_t163sb04
中游,伺服器滑軌與機殼,2059,川湖,2019,1,income_statement,停業單位損益,,--,sii,https://mopsov.twse.com.tw/mops/web/ajax_t163sb04
中游,伺服器滑軌與機殼,2059,川湖,2019,1,income_statement,合併前非屬共同控制股權損益,,--,sii,https://mopsov.twse.com.tw/mops/web/ajax_t163sb04
中游,伺服器滑軌與機殼,2059,川湖,2019,1,income_statement,本期淨利（淨損）,444602,"444,602",sii,https://mopsov.twse.com.tw/mops/web/ajax_t163sb04
中游,伺服器滑軌與機殼,2059,川湖,2019,1,income_statement,其他綜合損益（淨額）,3330,"3,330",sii,https://mopsov.twse.com.tw/mops/web/ajax_t163sb04
中游,伺服器滑軌與機殼,2059,川湖,2019,1,income_statement,合併前非屬共同控制股權綜合損益淨額,,--,sii,https://mopsov.twse.com.tw/mops/web/ajax_t163sb04
中游,伺服器滑軌與機殼,2059,川湖,2019,1,income_statement,本期綜合損益總額,447932,"447,932",sii,https://mopsov.twse.com.tw/mops/web/ajax_t163sb04
中游,伺服器滑軌與機殼,2059,川湖,2019,1,income_statement,淨利（淨損）歸屬於母公司業主,444602,"444,602",sii,https://mopsov.twse.com.tw/mops/web/ajax_t163sb04
中游,伺服器滑軌與機殼,2059,川湖,2019,1,income_statement,淨利（淨損）歸屬於共同控制下前手權益,,--,sii,https://mopsov.twse.com.tw/mops/web/ajax_t163sb04
中游,伺服器滑軌與機殼,2059,川湖,2019,1,income_statement,淨利（淨損）歸屬於非控制權益,,--,sii,https://mopsov.twse.com.tw/mops/web/ajax_t163sb04
中游,伺服器滑軌與機殼,2059,川湖,2019,1,income_statement,綜合損益總額歸屬於母公司業主,447932,"447,932",sii,https://mopsov.twse.com.tw/mops/web/ajax_t163sb04
中游,伺服器滑軌與機殼,2059,川湖,2019,1,income_statement,綜合損益總額歸屬於共同控制下前手權益,,--,sii,https://mopsov.twse.com.tw/mops/web/ajax_t163sb04
中游,伺服器滑軌與機殼,2059,川湖,2019,1,income_statement,綜合損益總額歸屬於非控制權益,,--,sii,https://mopsov.twse.com.tw/mops/web/ajax_t163sb04
中游,伺服器滑軌與機殼,2059,川湖,2019,1,income_statement,基本每股盈餘（元）,4.67,4.67,sii,https://mopsov.twse.com.tw/mops/web/ajax_t163sb04
中游,伺服器滑軌與機殼,8210,勤誠,2019,1,income_statement,營業收入,1560448,"1,560,448",sii,https://mopsov.twse.com.tw/mops/web/ajax_t163sb04
中游,伺服器滑軌與機殼,8210,勤誠,2019,1,income_statement,營業成本,1084911,"1,084,911",sii,https://mopsov.twse.com.tw/mops/web/ajax_t163sb04
中游,伺服器滑軌與機殼,8210,勤誠,2019,1,income_statement,原始認列生物資產及農產品之利益（損失）,,--,sii,https://mopsov.twse.com.tw/mops/web/ajax_t163sb04
中游,伺服器滑軌與機殼,8210,勤誠,2019,1,income_statement,生物資產當期公允價值減出售成本之變動利益（損失）,,--,sii,https://mopsov.twse.com.tw/mops/web/ajax_t163sb04
中游,伺服器滑軌與機殼,8210,勤誠,2019,1,income_statement,營業毛利（毛損）,475537,"475,537",sii,https://mopsov.twse.com.tw/mops/web/ajax_t163sb04
中游,伺服器滑軌與機殼,8210,勤誠,2019,1,income_statement,未實現銷貨（損）益,,--,sii,https://mopsov.twse.com.tw/mops/web/ajax_t163sb04
中游,伺服器滑軌與機殼,8210,勤誠,2019,1,income_statement,已實現銷貨（損）益,,--,sii,https://mopsov.twse.com.tw/mops/web/ajax_t163sb04
中游,伺服器滑軌與機殼,8210,勤誠,2019,1,income_statement,營業毛利（毛損）淨額,475537,"475,537",sii,https://mopsov.twse.com.tw/mops/web/ajax_t163sb04
中游,伺服器滑軌與機殼,8210,勤誠,2019,1,income_statement,營業費用,215226,"215,226",sii,https://mopsov.twse.com.tw/mops/web/ajax_t163sb04
中游,伺服器滑軌與機殼,8210,勤誠,2019,1,income_statement,其他收益及費損淨額,,--,sii,https://mopsov.twse.com.tw/mops/web/ajax_t163sb04
中游,伺服器滑軌與機殼,8210,勤誠,2019,1,income_statement,營業利益（損失）,260311,"260,311",sii,https://mopsov.twse.com.tw/mops/web/ajax_t163sb04
中游,伺服器滑軌與機殼,8210,勤誠,2019,1,income_statement,營業外收入及支出,-13375,"-13,375",sii,https://mopsov.twse.com.tw/mops/web/ajax_t163sb04
中游,伺服器滑軌與機殼,8210,勤誠,2019,1,income_statement,稅前淨利（淨損）,246936,"246,936",sii,https://mopsov.twse.com.tw/mops/web/ajax_t163sb04
中游,伺服器滑軌與機殼,8210,勤誠,2019,1,income_statement,所得稅費用（利益）,60662,"60,662",sii,https://mopsov.twse.com.tw/mops/web/ajax_t163sb04
中游,伺服器滑軌與機殼,8210,勤誠,2019,1,income_statement,繼續營業單位本期淨利（淨損）,186274,"186,274",sii,https://mopsov.twse.com.tw/mops/web/ajax_t163sb04
中游,伺服器滑軌與機殼,8210,勤誠,2019,1,income_statement,停業單位損益,,--,sii,https://mopsov.twse.com.tw/mops/web/ajax_t163sb04
中游,伺服器滑軌與機殼,8210,勤誠,2019,1,income_statement,合併前非屬共同控制股權損益,,--,sii,https://mopsov.twse.com.tw/mops/web/ajax_t163sb04
中游,伺服器滑軌與機殼,8210,勤誠,2019,1,income_statement,本期淨利（淨損）,186274,"186,274",sii,https://mopsov.twse.com.tw/mops/web/ajax_t163sb04
中游,伺服器滑軌與機殼,8210,勤誠,2019,1,income_statement,其他綜合損益（淨額）,53357,"53,357",sii,https://mopsov.twse.com.tw/mops/web/ajax_t163sb04
中游,伺服器滑軌與機殼,8210,勤誠,2019,1,income_statement,合併前非屬共同控制股權綜合損益淨額,,--,sii,https://mopsov.twse.com.tw/mops/web/ajax_t163sb04
中游,伺服器滑軌與機殼,8210,勤誠,2019,1,income_statement,本期綜合損益總額,239631,"239,631",sii,https://mopsov.twse.com.tw/mops/web/ajax_t163sb04
中游,伺服器滑軌與機殼,8210,勤誠,2019,1,income_statement,淨利（淨損）歸屬於母公司業主,186274,"186,274",sii,https://mopsov.twse.com.tw/mops/web/ajax_t163sb04
中游,伺服器滑軌與機殼,8210,勤誠,2019,1,income_statement,淨利（淨損）歸屬於共同控制下前手權益,,--,sii,https://mopsov.twse.com.tw/mops/web/ajax_t163sb04
中游,伺服器滑軌與機殼,8210,勤誠,2019,1,income_statement,淨利（淨損）歸屬於非控制權益,,--,sii,https://mopsov.twse.com.tw/mops/web/ajax_t163sb04
中游,伺服器滑軌與機殼,8210,勤誠,2019,1,income_statement,綜合損益總額歸屬於母公司業主,239631,"239,631",sii,https://mopsov.twse.com.tw/mops/web/ajax_t163sb04
中游,伺服器滑軌與機殼,8210,勤誠,2019,1,income_statement,綜合損益總額歸屬於共同控制下前手權益,,--,sii,https://mopsov.twse.com.tw/mops/web/ajax_t163sb04
中游,伺服器滑軌與機殼,8210,勤誠,2019,1,income_statement,綜合損益總額歸屬於非控制權益,,--,sii,https://mopsov.twse.com.tw/mops/web/ajax_t163sb04
中游,伺服器滑軌與機殼,8210,勤誠,2019,1,income_statement,基本每股盈餘（元）,1.56,1.56,sii,https://mopsov.twse.com.tw/mops/web/ajax_t163sb04
中游,伺服器滑軌與機殼,2059,川湖,2019,1,balance_sheet,流動資產,10023490,"10,023,490",sii,https://mopsov.twse.com.tw/mops/web/ajax_t163sb05
中游,伺服器滑軌與機殼,2059,川湖,2019,1,balance_sheet,非流動資產,2308856,"2,308,856",sii,https://mopsov.twse.com.tw/mops/web/ajax_t163sb05
中游,伺服器滑軌與機殼,2059,川湖,2019,1,balance_sheet,資產總計,12332346,"12,332,346",sii,https://mopsov.twse.com.tw/mops/web/ajax_t163sb05
中游,伺服器滑軌與機殼,2059,川湖,2019,1,balance_sheet,流動負債,1044600,"1,044,600",sii,https://mopsov.twse.com.tw/mops/web/ajax_t163sb05
中游,伺服器滑軌與機殼,2059,川湖,2019,1,balance_sheet,非流動負債,765263,"765,263",sii,https://mopsov.twse.com.tw/mops/web/ajax_t163sb05
中游,伺服器滑軌與機殼,2059,川湖,2019,1,balance_sheet,負債總計,1809863,"1,809,863",sii,https://mopsov.twse.com.tw/mops/web/ajax_t163sb05
中游,伺服器滑軌與機殼,2059,川湖,2019,1,balance_sheet,股本,952971,"952,971",sii,https://mopsov.twse.com.tw/mops/web/ajax_t163sb05
中游,伺服器滑軌與機殼,2059,川湖,2019,1,balance_sheet,資本公積,796691,"796,691",sii,https://mopsov.twse.com.tw/mops/web/ajax_t163sb05
中游,伺服器滑軌與機殼,2059,川湖,2019,1,balance_sheet,保留盈餘,8773740,"8,773,740",sii,https://mopsov.twse.com.tw/mops/web/ajax_t163sb05
中游,伺服器滑軌與機殼,2059,川湖,2019,1,balance_sheet,其他權益,-919,-919,sii,https://mopsov.twse.com.tw/mops/web/ajax_t163sb05
中游,伺服器滑軌與機殼,2059,川湖,2019,1,balance_sheet,庫藏股票,0,0,sii,https://mopsov.twse.com.tw/mops/web/ajax_t163sb05
中游,伺服器滑軌與機殼,2059,川湖,2019,1,balance_sheet,歸屬於母公司業主之權益合計,10522483,"10,522,483",sii,https://mopsov.twse.com.tw/mops/web/ajax_t163sb05
中游,伺服器滑軌與機殼,2059,川湖,2019,1,balance_sheet,共同控制下前手權益,,--,sii,https://mopsov.twse.com.tw/mops/web/ajax_t163sb05
中游,伺服器滑軌與機殼,2059,川湖,2019,1,balance_sheet,合併前非屬共同控制股權,,--,sii,https://mopsov.twse.com.tw/mops/web/ajax_t163sb05
中游,伺服器滑軌與機殼,2059,川湖,2019,1,balance_sheet,非控制權益,0,0,sii,https://mopsov.twse.com.tw/mops/web/ajax_t163sb05
中游,伺服器滑軌與機殼,2059,川湖,2019,1,balance_sheet,權益總計,10522483,"10,522,483",sii,https://mopsov.twse.com.tw/mops/web/ajax_t163sb05
中游,伺服器滑軌與機殼,2059,川湖,2019,1,balance_sheet,待註銷股本股數（單位：股）,0,0,sii,https://mopsov.twse.com.tw/mops/web/ajax_t163sb05
中游,伺服器滑軌與機殼,2059,川湖,2019,1,balance_sheet,預收股款（權益項下）之約當發行股數（單位：股）,0,0,sii,https://mopsov.twse.com.tw/mops/web/ajax_t163sb05
中游,伺服器滑軌與機殼,2059,川湖,2019,1,balance_sheet,母公司暨子公司所持有之母公司庫藏股股數（單位：股）,0,0,sii,https://mopsov.twse.com.tw/mops/web/ajax_t163sb05
中游,伺服器滑軌與機殼,2059,川湖,2019,1,balance_sheet,每股參考淨值,110.42,110.42,sii,https://mopsov.twse.com.tw/mops/web/ajax_t163sb05
中游,伺服器滑軌與機殼,8210,勤誠,2019,1,balance_sheet,流動資產,3774899,"3,774,899",sii,https://mopsov.twse.com.tw/mops/web/ajax_t163sb05
中游,伺服器滑軌與機殼,8210,勤誠,2019,1,balance_sheet,非流動資產,2109768,"2,109,768",sii,https://mopsov.twse.com.tw/mops/web/ajax_t163sb05
中游,伺服器滑軌與機殼,8210,勤誠,2019,1,balance_sheet,資產總計,5884667,"5,884,667",sii,https://mopsov.twse.com.tw/mops/web/ajax_t163sb05
中游,伺服器滑軌與機殼,8210,勤誠,2019,1,balance_sheet,流動負債,2263880,"2,263,880",sii,https://mopsov.twse.com.tw/mops/web/ajax_t163sb05
中游,伺服器滑軌與機殼,8210,勤誠,2019,1,balance_sheet,非流動負債,216176,"216,176",sii,https://mopsov.twse.com.tw/mops/web/ajax_t163sb05
中游,伺服器滑軌與機殼,8210,勤誠,2019,1,balance_sheet,負債總計,2480056,"2,480,056",sii,https://mopsov.twse.com.tw/mops/web/ajax_t163sb05
中游,伺服器滑軌與機殼,8210,勤誠,2019,1,balance_sheet,股本,1197260,"1,197,260",sii,https://mopsov.twse.com.tw/mops/web/ajax_t163sb05
中游,伺服器滑軌與機殼,8210,勤誠,2019,1,balance_sheet,資本公積,48209,"48,209",sii,https://mopsov.twse.com.tw/mops/web/ajax_t163sb05
中游,伺服器滑軌與機殼,8210,勤誠,2019,1,balance_sheet,保留盈餘,2253368,"2,253,368",sii,https://mopsov.twse.com.tw/mops/web/ajax_t163sb05
中游,伺服器滑軌與機殼,8210,勤誠,2019,1,balance_sheet,其他權益,-94226,"-94,226",sii,https://mopsov.twse.com.tw/mops/web/ajax_t163sb05
中游,伺服器滑軌與機殼,8210,勤誠,2019,1,balance_sheet,庫藏股票,,--,sii,https://mopsov.twse.com.tw/mops/web/ajax_t163sb05
中游,伺服器滑軌與機殼,8210,勤誠,2019,1,balance_sheet,歸屬於母公司業主之權益合計,3404611,"3,404,611",sii,https://mopsov.twse.com.tw/mops/web/ajax_t163sb05
中游,伺服器滑軌與機殼,8210,勤誠,2019,1,balance_sheet,共同控制下前手權益,,--,sii,https://mopsov.twse.com.tw/mops/web/ajax_t163sb05
中游,伺服器滑軌與機殼,8210,勤誠,2019,1,balance_sheet,合併前非屬共同控制股權,,--,sii,https://mopsov.twse.com.tw/mops/web/ajax_t163sb05
中游,伺服器滑軌與機殼,8210,勤誠,2019,1,balance_sheet,非控制權益,,--,sii,https://mopsov.twse.com.tw/mops/web/ajax_t163sb05
中游,伺服器滑軌與機殼,8210,勤誠,2019,1,balance_sheet,權益總計,3404611,"3,404,611",sii,https://mopsov.twse.com.tw/mops/web/ajax_t163sb05
中游,伺服器滑軌與機殼,8210,勤誠,2019,1,balance_sheet,待註銷股本股數（單位：股）,0,0,sii,https://mopsov.twse.com.tw/mops/web/ajax_t163sb05
中游,伺服器滑軌與機殼,8210,勤誠,2019,1,balance_sheet,預收股款（權益項下）之約當發行股數（單位：股）,0,0,sii,https://mopsov.twse.com.tw/mops/web/ajax_t163sb05
中游,伺服器滑軌與機殼,8210,勤誠,2019,1,balance_sheet,母公司暨子公司所持有之母公司庫藏股股數（單位：股）,0,0,sii,https://mopsov.twse.com.tw/mops/web/ajax_t163sb05
中游,伺服器滑軌與機殼,8210,勤誠,2019,1,balance_sheet,每股參考淨值,28.44,28.44,sii,https://mopsov.twse.com.tw/mops/web/ajax_t163sb05
中游,伺服器滑軌與機殼,2059,川湖,2019,1,cash_flow,營業活動之淨現金流入（流出）,555875,"555,875",sii,https://mopsov.twse.com.tw/mops/web/ajax_t163sb20
中游,伺服器滑軌與機殼,2059,川湖,2019,1,cash_flow,投資活動之淨現金流入（流出）,-36504,"-36,504",sii,https://mopsov.twse.com.tw/mops/web/ajax_t163sb20
中游,伺服器滑軌與機殼,2059,川湖,2019,1,cash_flow,籌資活動之淨現金流入（流出）,-7559,"-7,559",sii,https://mopsov.twse.com.tw/mops/web/ajax_t163sb20
中游,伺服器滑軌與機殼,2059,川湖,2019,1,cash_flow,匯率變動對現金及約當現金之影響,1981,"1,981",sii,https://mopsov.twse.com.tw/mops/web/ajax_t163sb20
中游,伺服器滑軌與機殼,2059,川湖,2019,1,cash_flow,本期現金及約當現金增加（減少）數,513793,"513,793",sii,https://mopsov.twse.com.tw/mops/web/ajax_t163sb20
中游,伺服器滑軌與機殼,2059,川湖,2019,1,cash_flow,期初現金及約當現金餘額,8042135,"8,042,135",sii,https://mopsov.twse.com.tw/mops/web/ajax_t163sb20
中游,伺服器滑軌與機殼,2059,川湖,2019,1,cash_flow,期末現金及約當現金餘額,8555928,"8,555,928",sii,https://mopsov.twse.com.tw/mops/web/ajax_t163sb20
中游,伺服器滑軌與機殼,8210,勤誠,2019,1,cash_flow,營業活動之淨現金流入（流出）,542574,"542,574",sii,https://mopsov.twse.com.tw/mops/web/ajax_t163sb20
中游,伺服器滑軌與機殼,8210,勤誠,2019,1,cash_flow,投資活動之淨現金流入（流出）,-258612,"-258,612",sii,https://mopsov.twse.com.tw/mops/web/ajax_t163sb20
中游,伺服器滑軌與機殼,8210,勤誠,2019,1,cash_flow,籌資活動之淨現金流入（流出）,-217986,"-217,986",sii,https://mopsov.twse.com.tw/mops/web/ajax_t163sb20
中游,伺服器滑軌與機殼,8210,勤誠,2019,1,cash_flow,匯率變動對現金及約當現金之影響,29028,"29,028",sii,https://mopsov.twse.com.tw/mops/web/ajax_t163sb20
中游,伺服器滑軌與機殼,8210,勤誠,2019,1,cash_flow,本期現金及約當現金增加（減少）數,95004,"95,004",sii,https://mopsov.twse.com.tw/mops/web/ajax_t163sb20
中游,伺服器滑軌與機殼,8210,勤誠,2019,1,cash_flow,期初現金及約當現金餘額,1261727,"1,261,727",sii,https://mopsov.twse.com.tw/mops/web/ajax_t163sb20
中游,伺服器滑軌與機殼,8210,勤誠,2019,1,cash_flow,期末現金及約當現金餘額,1356731,"1,356,731",sii,https://mopsov.twse.com.tw/mops/web/ajax_t163sb20
中游,伺服器滑軌與機殼,2059,川湖,2019,2,income_statement,營業收入,2253123,"2,253,123",sii,https://mopsov.twse.com.tw/mops/web/ajax_t163sb04
中游,伺服器滑軌與機殼,2059,川湖,2019,2,income_statement,營業成本,1076838,"1,076,838",sii,https://mopsov.twse.com.tw/mops/web/ajax_t163sb04
中游,伺服器滑軌與機殼,2059,川湖,2019,2,income_statement,原始認列生物資產及農產品之利益（損失）,,--,sii,https://mopsov.twse.com.tw/mops/web/ajax_t163sb04
中游,伺服器滑軌與機殼,2059,川湖,2019,2,income_statement,生物資產當期公允價值減出售成本之變動利益（損失）,,--,sii,https://mopsov.twse.com.tw/mops/web/ajax_t163sb04
中游,伺服器滑軌與機殼,2059,川湖,2019,2,income_statement,營業毛利（毛損）,1176285,"1,176,285",sii,https://mopsov.twse.com.tw/mops/web/ajax_t163sb04
中游,伺服器滑軌與機殼,2059,川湖,2019,2,income_statement,未實現銷貨（損）益,,--,sii,https://mopsov.twse.com.tw/mops/web/ajax_t163sb04
中游,伺服器滑軌與機殼,2059,川湖,2019,2,income_statement,已實現銷貨（損）益,,--,sii,https://mopsov.twse.com.tw/mops/web/ajax_t163sb04
中游,伺服器滑軌與機殼,2059,川湖,2019,2,income_statement,營業毛利（毛損）淨額,1176285,"1,176,285",sii,https://mopsov.twse.com.tw/mops/web/ajax_t163sb04
中游,伺服器滑軌與機殼,2059,川湖,2019,2,income_statement,營業費用,296759,"296,759",sii,https://mopsov.twse.com.tw/mops/web/ajax_t163sb04
中游,伺服器滑軌與機殼,2059,川湖,2019,2,income_statement,其他收益及費損淨額,,--,sii,https://mopsov.twse.com.tw/mops/web/ajax_t163sb04
中游,伺服器滑軌與機殼,2059,川湖,2019,2,income_statement,營業利益（損失）,879526,"879,526",sii,https://mopsov.twse.com.tw/mops/web/ajax_t163sb04
中游,伺服器滑軌與機殼,2059,川湖,2019,2,income_statement,營業外收入及支出,201218,"201,218",sii,https://mopsov.twse.com.tw/mops/web/ajax_t163sb04
中游,伺服器滑軌與機殼,2059,川湖,2019,2,income_statement,稅前淨利（淨損）,1080744,"1,080,744",sii,https://mopsov.twse.com.tw/mops/web/ajax_t163sb04
中游,伺服器滑軌與機殼,2059,川湖,2019,2,income_statement,所得稅費用（利益）,283606,"283,606",sii,https://mopsov.twse.com.tw/mops/web/ajax_t163sb04
中游,伺服器滑軌與機殼,2059,川湖,2019,2,income_statement,繼續營業單位本期淨利（淨損）,797138,"797,138",sii,https://mopsov.twse.com.tw/mops/web/ajax_t163sb04
中游,伺服器滑軌與機殼,2059,川湖,2019,2,income_statement,停業單位損益,,--,sii,https://mopsov.twse.com.tw/mops/web/ajax_t163sb04
中游,伺服器滑軌與機殼,2059,川湖,2019,2,income_statement,合併前非屬共同控制股權損益,,--,sii,https://mopsov.twse.com.tw/mops/web/ajax_t163sb04
中游,伺服器滑軌與機殼,2059,川湖,2019,2,income_statement,本期淨利（淨損）,797138,"797,138",sii,https://mopsov.twse.com.tw/mops/web/ajax_t163sb04
中游,伺服器滑軌與機殼,2059,川湖,2019,2,income_statement,其他綜合損益（淨額）,2379,"2,379",sii,https://mopsov.twse.com.tw/mops/web/ajax_t163sb04
中游,伺服器滑軌與機殼,2059,川湖,2019,2,income_statement,合併前非屬共同控制股權綜合損益淨額,,--,sii,https://mopsov.twse.com.tw/mops/web/ajax_t163sb04
中游,伺服器滑軌與機殼,2059,川湖,2019,2,income_statement,本期綜合損益總額,799517,"799,517",sii,https://mopsov.twse.com.tw/mops/web/ajax_t163sb04
中游,伺服器滑軌與機殼,2059,川湖,2019,2,income_statement,淨利（淨損）歸屬於母公司業主,797138,"797,138",sii,https://mopsov.twse.com.tw/mops/web/ajax_t163sb04
中游,伺服器滑軌與機殼,2059,川湖,2019,2,income_statement,淨利（淨損）歸屬於共同控制下前手權益,,--,sii,https://mopsov.twse.com.tw/mops/web/ajax_t163sb04
中游,伺服器滑軌與機殼,2059,川湖,2019,2,income_statement,淨利（淨損）歸屬於非控制權益,,--,sii,https://mopsov.twse.com.tw/mops/web/ajax_t163sb04
中游,伺服器滑軌與機殼,2059,川湖,2019,2,income_statement,綜合損益總額歸屬於母公司業主,799517,"799,517",sii,https://mopsov.twse.com.tw/mops/web/ajax_t163sb04
中游,伺服器滑軌與機殼,2059,川湖,2019,2,income_statement,綜合損益總額歸屬於共同控制下前手權益,,--,sii,https://mopsov.twse.com.tw/mops/web/ajax_t163sb04
中游,伺服器滑軌與機殼,2059,川湖,2019,2,income_statement,綜合損益總額歸屬於非控制權益,,--,sii,https://mopsov.twse.com.tw/mops/web/ajax_t163sb04
中游,伺服器滑軌與機殼,2059,川湖,2019,2,income_statement,基本每股盈餘（元）,8.36,8.36,sii,https://mopsov.twse.com.tw/mops/web/ajax_t163sb04
中游,伺服器滑軌與機殼,8210,勤誠,2019,2,income_statement,營業收入,3063350,"3,063,350",sii,https://mopsov.twse.com.tw/mops/web/ajax_t163sb04
中游,伺服器滑軌與機殼,8210,勤誠,2019,2,income_statement,營業成本,2137080,"2,137,080",sii,https://mopsov.twse.com.tw/mops/web/ajax_t163sb04
中游,伺服器滑軌與機殼,8210,勤誠,2019,2,income_statement,原始認列生物資產及農產品之利益（損失）,,--,sii,https://mopsov.twse.com.tw/mops/web/ajax_t163sb04
中游,伺服器滑軌與機殼,8210,勤誠,2019,2,income_statement,生物資產當期公允價值減出售成本之變動利益（損失）,,--,sii,https://mopsov.twse.com.tw/mops/web/ajax_t163sb04
中游,伺服器滑軌與機殼,8210,勤誠,2019,2,income_statement,營業毛利（毛損）,926270,"926,270",sii,https://mopsov.twse.com.tw/mops/web/ajax_t163sb04
中游,伺服器滑軌與機殼,8210,勤誠,2019,2,income_statement,未實現銷貨（損）益,,--,sii,https://mopsov.twse.com.tw/mops/web/ajax_t163sb04
中游,伺服器滑軌與機殼,8210,勤誠,2019,2,income_statement,已實現銷貨（損）益,,--,sii,https://mopsov.twse.com.tw/mops/web/ajax_t163sb04
中游,伺服器滑軌與機殼,8210,勤誠,2019,2,income_statement,營業毛利（毛損）淨額,926270,"926,270",sii,https://mopsov.twse.com.tw/mops/web/ajax_t163sb04
中游,伺服器滑軌與機殼,8210,勤誠,2019,2,income_statement,營業費用,439515,"439,515",sii,https://mopsov.twse.com.tw/mops/web/ajax_t163sb04
中游,伺服器滑軌與機殼,8210,勤誠,2019,2,income_statement,其他收益及費損淨額,,--,sii,https://mopsov.twse.com.tw/mops/web/ajax_t163sb04
中游,伺服器滑軌與機殼,8210,勤誠,2019,2,income_statement,營業利益（損失）,486755,"486,755",sii,https://mopsov.twse.com.tw/mops/web/ajax_t163sb04
中游,伺服器滑軌與機殼,8210,勤誠,2019,2,income_statement,營業外收入及支出,16735,"16,735",sii,https://mopsov.twse.com.tw/mops/web/ajax_t163sb04
中游,伺服器滑軌與機殼,8210,勤誠,2019,2,income_statement,稅前淨利（淨損）,503490,"503,490",sii,https://mopsov.twse.com.tw/mops/web/ajax_t163sb04
中游,伺服器滑軌與機殼,8210,勤誠,2019,2,income_statement,所得稅費用（利益）,121761,"121,761",sii,https://mopsov.twse.com.tw/mops/web/ajax_t163sb04
中游,伺服器滑軌與機殼,8210,勤誠,2019,2,income_statement,繼續營業單位本期淨利（淨損）,381729,"381,729",sii,https://mopsov.twse.com.tw/mops/web/ajax_t163sb04
中游,伺服器滑軌與機殼,8210,勤誠,2019,2,income_statement,停業單位損益,,--,sii,https://mopsov.twse.com.tw/mops/web/ajax_t163sb04
中游,伺服器滑軌與機殼,8210,勤誠,2019,2,income_statement,合併前非屬共同控制股權損益,,--,sii,https://mopsov.twse.com.tw/mops/web/ajax_t163sb04
中游,伺服器滑軌與機殼,8210,勤誠,2019,2,income_statement,本期淨利（淨損）,381729,"381,729",sii,https://mopsov.twse.com.tw/mops/web/ajax_t163sb04
中游,伺服器滑軌與機殼,8210,勤誠,2019,2,income_statement,其他綜合損益（淨額）,29410,"29,410",sii,https://mopsov.twse.com.tw/mops/web/ajax_t163sb04
中游,伺服器滑軌與機殼,8210,勤誠,2019,2,income_statement,合併前非屬共同控制股權綜合損益淨額,,--,sii,https://mopsov.twse.com.tw/mops/web/ajax_t163sb04
中游,伺服器滑軌與機殼,8210,勤誠,2019,2,income_statement,本期綜合損益總額,411139,"411,139",sii,https://mopsov.twse.com.tw/mops/web/ajax_t163sb04
中游,伺服器滑軌與機殼,8210,勤誠,2019,2,income_statement,淨利（淨損）歸屬於母公司業主,381729,"381,729",sii,https://mopsov.twse.com.tw/mops/web/ajax_t163sb04
中游,伺服器滑軌與機殼,8210,勤誠,2019,2,income_statement,淨利（淨損）歸屬於共同控制下前手權益,,--,sii,https://mopsov.twse.com.tw/mops/web/ajax_t163sb04
中游,伺服器滑軌與機殼,8210,勤誠,2019,2,income_statement,淨利（淨損）歸屬於非控制權益,,--,sii,https://mopsov.twse.com.tw/mops/web/ajax_t163sb04
中游,伺服器滑軌與機殼,8210,勤誠,2019,2,income_statement,綜合損益總額歸屬於母公司業主,411139,"411,139",sii,https://mopsov.twse.com.tw/mops/web/ajax_t163sb04
中游,伺服器滑軌與機殼,8210,勤誠,2019,2,income_statement,綜合損益總額歸屬於共同控制下前手權益,,--,sii,https://mopsov.twse.com.tw/mops/web/ajax_t163sb04
中游,伺服器滑軌與機殼,8210,勤誠,2019,2,income_statement,綜合損益總額歸屬於非控制權益,,--,sii,https://mopsov.twse.com.tw/mops/web/ajax_t163sb04
中游,伺服器滑軌與機殼,8210,勤誠,2019,2,income_statement,基本每股盈餘（元）,3.19,3.19,sii,https://mopsov.twse.com.tw/mops/web/ajax_t163sb04
中游,伺服器滑軌與機殼,6584,南俊國際,2019,2,income_statement,營業收入,861914,"861,914",otc,https://mopsov.twse.com.tw/mops/web/ajax_t163sb04
中游,伺服器滑軌與機殼,6584,南俊國際,2019,2,income_statement,營業成本,726710,"726,710",otc,https://mopsov.twse.com.tw/mops/web/ajax_t163sb04
中游,伺服器滑軌與機殼,6584,南俊國際,2019,2,income_statement,原始認列生物資產及農產品之利益（損失）,,--,otc,https://mopsov.twse.com.tw/mops/web/ajax_t163sb04
中游,伺服器滑軌與機殼,6584,南俊國際,2019,2,income_statement,生物資產當期公允價值減出售成本之變動利益（損失）,,--,otc,https://mopsov.twse.com.tw/mops/web/ajax_t163sb04
中游,伺服器滑軌與機殼,6584,南俊國際,2019,2,income_statement,營業毛利（毛損）,135204,"135,204",otc,https://mopsov.twse.com.tw/mops/web/ajax_t163sb04
中游,伺服器滑軌與機殼,6584,南俊國際,2019,2,income_statement,未實現銷貨（損）益,,--,otc,https://mopsov.twse.com.tw/mops/web/ajax_t163sb04
中游,伺服器滑軌與機殼,6584,南俊國際,2019,2,income_statement,已實現銷貨（損）益,,--,otc,https://mopsov.twse.com.tw/mops/web/ajax_t163sb04
中游,伺服器滑軌與機殼,6584,南俊國際,2019,2,income_statement,營業毛利（毛損）淨額,135204,"135,204",otc,https://mopsov.twse.com.tw/mops/web/ajax_t163sb04
中游,伺服器滑軌與機殼,6584,南俊國際,2019,2,income_statement,營業費用,123393,"123,393",otc,https://mopsov.twse.com.tw/mops/web/ajax_t163sb04
中游,伺服器滑軌與機殼,6584,南俊國際,2019,2,income_statement,其他收益及費損淨額,,--,otc,https://mopsov.twse.com.tw/mops/web/ajax_t163sb04
中游,伺服器滑軌與機殼,6584,南俊國際,2019,2,income_statement,營業利益（損失）,11811,"11,811",otc,https://mopsov.twse.com.tw/mops/web/ajax_t163sb04
中游,伺服器滑軌與機殼,6584,南俊國際,2019,2,income_statement,營業外收入及支出,-3335,"-3,335",otc,https://mopsov.twse.com.tw/mops/web/ajax_t163sb04
中游,伺服器滑軌與機殼,6584,南俊國際,2019,2,income_statement,稅前淨利（淨損）,8476,"8,476",otc,https://mopsov.twse.com.tw/mops/web/ajax_t163sb04
中游,伺服器滑軌與機殼,6584,南俊國際,2019,2,income_statement,所得稅費用（利益）,2213,"2,213",otc,https://mopsov.twse.com.tw/mops/web/ajax_t163sb04
中游,伺服器滑軌與機殼,6584,南俊國際,2019,2,income_statement,繼續營業單位本期淨利（淨損）,6263,"6,263",otc,https://mopsov.twse.com.tw/mops/web/ajax_t163sb04
中游,伺服器滑軌與機殼,6584,南俊國際,2019,2,income_statement,停業單位損益,,--,otc,https://mopsov.twse.com.tw/mops/web/ajax_t163sb04
中游,伺服器滑軌與機殼,6584,南俊國際,2019,2,income_statement,合併前非屬共同控制股權損益,,--,otc,https://mopsov.twse.com.tw/mops/web/ajax_t163sb04
中游,伺服器滑軌與機殼,6584,南俊國際,2019,2,income_statement,本期淨利（淨損）,6263,"6,263",otc,https://mopsov.twse.com.tw/mops/web/ajax_t163sb04
中游,伺服器滑軌與機殼,6584,南俊國際,2019,2,income_statement,其他綜合損益（淨額）,118,118,otc,https://mopsov.twse.com.tw/mops/web/ajax_t163sb04
中游,伺服器滑軌與機殼,6584,南俊國際,2019,2,income_statement,合併前非屬共同控制股權綜合損益淨額,,--,otc,https://mopsov.twse.com.tw/mops/web/ajax_t163sb04
中游,伺服器滑軌與機殼,6584,南俊國際,2019,2,income_statement,本期綜合損益總額,6381,"6,381",otc,https://mopsov.twse.com.tw/mops/web/ajax_t163sb04
中游,伺服器滑軌與機殼,6584,南俊國際,2019,2,income_statement,淨利（淨損）歸屬於母公司業主,6263,"6,263",otc,https://mopsov.twse.com.tw/mops/web/ajax_t163sb04
中游,伺服器滑軌與機殼,6584,南俊國際,2019,2,income_statement,淨利（淨損）歸屬於共同控制下前手權益,,--,otc,https://mopsov.twse.com.tw/mops/web/ajax_t163sb04
中游,伺服器滑軌與機殼,6584,南俊國際,2019,2,income_statement,淨利（淨損）歸屬於非控制權益,,--,otc,https://mopsov.twse.com.tw/mops/web/ajax_t163sb04
中游,伺服器滑軌與機殼,6584,南俊國際,2019,2,income_statement,綜合損益總額歸屬於母公司業主,6381,"6,381",otc,https://mopsov.twse.com.tw/mops/web/ajax_t163sb04
中游,伺服器滑軌與機殼,6584,南俊國際,2019,2,income_statement,綜合損益總額歸屬於共同控制下前手權益,,--,otc,https://mopsov.twse.com.tw/mops/web/ajax_t163sb04
中游,伺服器滑軌與機殼,6584,南俊國際,2019,2,income_statement,綜合損益總額歸屬於非控制權益,,--,otc,https://mopsov.twse.com.tw/mops/web/ajax_t163sb04
中游,伺服器滑軌與機殼,6584,南俊國際,2019,2,income_statement,基本每股盈餘（元）,0.12,0.12,otc,https://mopsov.twse.com.tw/mops/web/ajax_t163sb04
中游,伺服器滑軌與機殼,2059,川湖,2019,2,balance_sheet,流動資產,10331545,"10,331,545",sii,https://mopsov.twse.com.tw/mops/web/ajax_t163sb05
中游,伺服器滑軌與機殼,2059,川湖,2019,2,balance_sheet,非流動資產,2293529,"2,293,529",sii,https://mopsov.twse.com.tw/mops/web/ajax_t163sb05
中游,伺服器滑軌與機殼,2059,川湖,2019,2,balance_sheet,資產總計,12625074,"12,625,074",sii,https://mopsov.twse.com.tw/mops/web/ajax_t163sb05
中游,伺服器滑軌與機殼,2059,川湖,2019,2,balance_sheet,流動負債,1889508,"1,889,508",sii,https://mopsov.twse.com.tw/mops/web/ajax_t163sb05
中游,伺服器滑軌與機殼,2059,川湖,2019,2,balance_sheet,非流動負債,766820,"766,820",sii,https://mopsov.twse.com.tw/mops/web/ajax_t163sb05
中游,伺服器滑軌與機殼,2059,川湖,2019,2,balance_sheet,負債總計,2656328,"2,656,328",sii,https://mopsov.twse.com.tw/mops/web/ajax_t163sb05
中游,伺服器滑軌與機殼,2059,川湖,2019,2,balance_sheet,股本,952971,"952,971",sii,https://mopsov.twse.com.tw/mops/web/ajax_t163sb05
中游,伺服器滑軌與機殼,2059,川湖,2019,2,balance_sheet,資本公積,796691,"796,691",sii,https://mopsov.twse.com.tw/mops/web/ajax_t163sb05
中游,伺服器滑軌與機殼,2059,川湖,2019,2,balance_sheet,保留盈餘,8220954,"8,220,954",sii,https://mopsov.twse.com.tw/mops/web/ajax_t163sb05
中游,伺服器滑軌與機殼,2059,川湖,2019,2,balance_sheet,其他權益,-1870,"-1,870",sii,https://mopsov.twse.com.tw/mops/web/ajax_t163sb05
中游,伺服器滑軌與機殼,2059,川湖,2019,2,balance_sheet,庫藏股票,0,0,sii,https://mopsov.twse.com.tw/mops/web/ajax_t163sb05
中游,伺服器滑軌與機殼,2059,川湖,2019,2,balance_sheet,歸屬於母公司業主之權益合計,9968746,"9,968,746",sii,https://mopsov.twse.com.tw/mops/web/ajax_t163sb05
中游,伺服器滑軌與機殼,2059,川湖,2019,2,balance_sheet,共同控制下前手權益,,--,sii,https://mopsov.twse.com.tw/mops/web/ajax_t163sb05
中游,伺服器滑軌與機殼,2059,川湖,2019,2,balance_sheet,合併前非屬共同控制股權,,--,sii,https://mopsov.twse.com.tw/mops/web/ajax_t163sb05
中游,伺服器滑軌與機殼,2059,川湖,2019,2,balance_sheet,非控制權益,0,0,sii,https://mopsov.twse.com.tw/mops/web/ajax_t163sb05
中游,伺服器滑軌與機殼,2059,川湖,2019,2,balance_sheet,權益總計,9968746,"9,968,746",sii,https://mopsov.twse.com.tw/mops/web/ajax_t163sb05
中游,伺服器滑軌與機殼,2059,川湖,2019,2,balance_sheet,待註銷股本股數（單位：股）,,--,sii,https://mopsov.twse.com.tw/mops/web/ajax_t163sb05
中游,伺服器滑軌與機殼,2059,川湖,2019,2,balance_sheet,預收股款（權益項下）之約當發行股數（單位：股）,0,0,sii,https://mopsov.twse.com.tw/mops/web/ajax_t163sb05
中游,伺服器滑軌與機殼,2059,川湖,2019,2,balance_sheet,母公司暨子公司所持有之母公司庫藏股股數（單位：股）,0,0,sii,https://mopsov.twse.com.tw/mops/web/ajax_t163sb05
中游,伺服器滑軌與機殼,2059,川湖,2019,2,balance_sheet,每股參考淨值,104.61,104.61,sii,https://mopsov.twse.com.tw/mops/web/ajax_t163sb05
中游,伺服器滑軌與機殼,8210,勤誠,2019,2,balance_sheet,流動資產,3973194,"3,973,194",sii,https://mopsov.twse.com.tw/mops/web/ajax_t163sb05
中游,伺服器滑軌與機殼,8210,勤誠,2019,2,balance_sheet,非流動資產,2073046,"2,073,046",sii,https://mopsov.twse.com.tw/mops/web/ajax_t163sb05
中游,伺服器滑軌與機殼,8210,勤誠,2019,2,balance_sheet,資產總計,6046240,"6,046,240",sii,https://mopsov.twse.com.tw/mops/web/ajax_t163sb05
中游,伺服器滑軌與機殼,8210,勤誠,2019,2,balance_sheet,流動負債,2738059,"2,738,059",sii,https://mopsov.twse.com.tw/mops/web/ajax_t163sb05
中游,伺服器滑軌與機殼,8210,勤誠,2019,2,balance_sheet,非流動負債,210966,"210,966",sii,https://mopsov.twse.com.tw/mops/web/ajax_t163sb05
中游,伺服器滑軌與機殼,8210,勤誠,2019,2,balance_sheet,負債總計,2949025,"2,949,025",sii,https://mopsov.twse.com.tw/mops/web/ajax_t163sb05
中游,伺服器滑軌與機殼,8210,勤誠,2019,2,balance_sheet,股本,1197260,"1,197,260",sii,https://mopsov.twse.com.tw/mops/web/ajax_t163sb05
中游,伺服器滑軌與機殼,8210,勤誠,2019,2,balance_sheet,資本公積,48209,"48,209",sii,https://mopsov.twse.com.tw/mops/web/ajax_t163sb05
中游,伺服器滑軌與機殼,8210,勤誠,2019,2,balance_sheet,保留盈餘,1969919,"1,969,919",sii,https://mopsov.twse.com.tw/mops/web/ajax_t163sb05
中游,伺服器滑軌與機殼,8210,勤誠,2019,2,balance_sheet,其他權益,-118173,"-118,173",sii,https://mopsov.twse.com.tw/mops/web/ajax_t163sb05
中游,伺服器滑軌與機殼,8210,勤誠,2019,2,balance_sheet,庫藏股票,,--,sii,https://mopsov.twse.com.tw/mops/web/ajax_t163sb05
中游,伺服器滑軌與機殼,8210,勤誠,2019,2,balance_sheet,歸屬於母公司業主之權益合計,3097215,"3,097,215",sii,https://mopsov.twse.com.tw/mops/web/ajax_t163sb05
中游,伺服器滑軌與機殼,8210,勤誠,2019,2,balance_sheet,共同控制下前手權益,,--,sii,https://mopsov.twse.com.tw/mops/web/ajax_t163sb05
中游,伺服器滑軌與機殼,8210,勤誠,2019,2,balance_sheet,合併前非屬共同控制股權,,--,sii,https://mopsov.twse.com.tw/mops/web/ajax_t163sb05
中游,伺服器滑軌與機殼,8210,勤誠,2019,2,balance_sheet,非控制權益,,--,sii,https://mopsov.twse.com.tw/mops/web/ajax_t163sb05
中游,伺服器滑軌與機殼,8210,勤誠,2019,2,balance_sheet,權益總計,3097215,"3,097,215",sii,https://mopsov.twse.com.tw/mops/web/ajax_t163sb05
中游,伺服器滑軌與機殼,8210,勤誠,2019,2,balance_sheet,待註銷股本股數（單位：股）,0,0,sii,https://mopsov.twse.com.tw/mops/web/ajax_t163sb05
中游,伺服器滑軌與機殼,8210,勤誠,2019,2,balance_sheet,預收股款（權益項下）之約當發行股數（單位：股）,0,0,sii,https://mopsov.twse.com.tw/mops/web/ajax_t163sb05
中游,伺服器滑軌與機殼,8210,勤誠,2019,2,balance_sheet,母公司暨子公司所持有之母公司庫藏股股數（單位：股）,0,0,sii,https://mopsov.twse.com.tw/mops/web/ajax_t163sb05
中游,伺服器滑軌與機殼,8210,勤誠,2019,2,balance_sheet,每股參考淨值,25.87,25.87,sii,https://mopsov.twse.com.tw/mops/web/ajax_t163sb05
中游,伺服器滑軌與機殼,6584,南俊國際,2019,2,balance_sheet,流動資產,619935,"619,935",otc,https://mopsov.twse.com.tw/mops/web/ajax_t163sb05
中游,伺服器滑軌與機殼,6584,南俊國際,2019,2,balance_sheet,非流動資產,2748955,"2,748,955",otc,https://mopsov.twse.com.tw/mops/web/ajax_t163sb05
中游,伺服器滑軌與機殼,6584,南俊國際,2019,2,balance_sheet,資產總計,3368890,"3,368,890",otc,https://mopsov.twse.com.tw/mops/web/ajax_t163sb05
中游,伺服器滑軌與機殼,6584,南俊國際,2019,2,balance_sheet,流動負債,743381,"743,381",otc,https://mopsov.twse.com.tw/mops/web/ajax_t163sb05
中游,伺服器滑軌與機殼,6584,南俊國際,2019,2,balance_sheet,非流動負債,1446757,"1,446,757",otc,https://mopsov.twse.com.tw/mops/web/ajax_t163sb05
中游,伺服器滑軌與機殼,6584,南俊國際,2019,2,balance_sheet,負債總計,2190138,"2,190,138",otc,https://mopsov.twse.com.tw/mops/web/ajax_t163sb05
中游,伺服器滑軌與機殼,6584,南俊國際,2019,2,balance_sheet,股本,520000,"520,000",otc,https://mopsov.twse.com.tw/mops/web/ajax_t163sb05
中游,伺服器滑軌與機殼,6584,南俊國際,2019,2,balance_sheet,資本公積,196000,"196,000",otc,https://mopsov.twse.com.tw/mops/web/ajax_t163sb05
中游,伺服器滑軌與機殼,6584,南俊國際,2019,2,balance_sheet,保留盈餘,463008,"463,008",otc,https://mopsov.twse.com.tw/mops/web/ajax_t163sb05
中游,伺服器滑軌與機殼,6584,南俊國際,2019,2,balance_sheet,其他權益,-256,-256,otc,https://mopsov.twse.com.tw/mops/web/ajax_t163sb05
中游,伺服器滑軌與機殼,6584,南俊國際,2019,2,balance_sheet,庫藏股票,,--,otc,https://mopsov.twse.com.tw/mops/web/ajax_t163sb05
中游,伺服器滑軌與機殼,6584,南俊國際,2019,2,balance_sheet,歸屬於母公司業主之權益合計,1178752,"1,178,752",otc,https://mopsov.twse.com.tw/mops/web/ajax_t163sb05
中游,伺服器滑軌與機殼,6584,南俊國際,2019,2,balance_sheet,共同控制下前手權益,,--,otc,https://mopsov.twse.com.tw/mops/web/ajax_t163sb05
中游,伺服器滑軌與機殼,6584,南俊國際,2019,2,balance_sheet,合併前非屬共同控制股權,,--,otc,https://mopsov.twse.com.tw/mops/web/ajax_t163sb05
中游,伺服器滑軌與機殼,6584,南俊國際,2019,2,balance_sheet,非控制權益,,--,otc,https://mopsov.twse.com.tw/mops/web/ajax_t163sb05
中游,伺服器滑軌與機殼,6584,南俊國際,2019,2,balance_sheet,權益總計,1178752,"1,178,752",otc,https://mopsov.twse.com.tw/mops/web/ajax_t163sb05
中游,伺服器滑軌與機殼,6584,南俊國際,2019,2,balance_sheet,待註銷股本股數（單位：股）,0,0,otc,https://mopsov.twse.com.tw/mops/web/ajax_t163sb05
中游,伺服器滑軌與機殼,6584,南俊國際,2019,2,balance_sheet,預收股款（權益項下）之約當發行股數（單位：股）,0,0,otc,https://mopsov.twse.com.tw/mops/web/ajax_t163sb05
中游,伺服器滑軌與機殼,6584,南俊國際,2019,2,balance_sheet,母公司暨子公司所持有之母公司庫藏股股數（單位：股）,0,0,otc,https://mopsov.twse.com.tw/mops/web/ajax_t163sb05
中游,伺服器滑軌與機殼,6584,南俊國際,2019,2,balance_sheet,每股參考淨值,22.67,22.67,otc,https://mopsov.twse.com.tw/mops/web/ajax_t163sb05
中游,伺服器滑軌與機殼,2059,川湖,2019,2,cash_flow,營業活動之淨現金流入（流出）,869843,"869,843",sii,https://mopsov.twse.com.tw/mops/web/ajax_t163sb20
中游,伺服器滑軌與機殼,2059,川湖,2019,2,cash_flow,投資活動之淨現金流入（流出）,-81527,"-81,527",sii,https://mopsov.twse.com.tw/mops/web/ajax_t163sb20
中游,伺服器滑軌與機殼,2059,川湖,2019,2,cash_flow,籌資活動之淨現金流入（流出）,-15149,"-15,149",sii,https://mopsov.twse.com.tw/mops/web/ajax_t163sb20
中游,伺服器滑軌與機殼,2059,川湖,2019,2,cash_flow,匯率變動對現金及約當現金之影響,1897,"1,897",sii,https://mopsov.twse.com.tw/mops/web/ajax_t163sb20
中游,伺服器滑軌與機殼,2059,川湖,2019,2,cash_flow,本期現金及約當現金增加（減少）數,775064,"775,064",sii,https://mopsov.twse.com.tw/mops/web/ajax_t163sb20
中游,伺服器滑軌與機殼,2059,川湖,2019,2,cash_flow,期初現金及約當現金餘額,8042135,"8,042,135",sii,https://mopsov.twse.com.tw/mops/web/ajax_t163sb20
中游,伺服器滑軌與機殼,2059,川湖,2019,2,cash_flow,期末現金及約當現金餘額,8817199,"8,817,199",sii,https://mopsov.twse.com.tw/mops/web/ajax_t163sb20
中游,伺服器滑軌與機殼,8210,勤誠,2019,2,cash_flow,營業活動之淨現金流入（流出）,643881,"643,881",sii,https://mopsov.twse.com.tw/mops/web/ajax_t163sb20
中游,伺服器滑軌與機殼,8210,勤誠,2019,2,cash_flow,投資活動之淨現金流入（流出）,-586833,"-586,833",sii,https://mopsov.twse.com.tw/mops/web/ajax_t163sb20
中游,伺服器滑軌與機殼,8210,勤誠,2019,2,cash_flow,籌資活動之淨現金流入（流出）,-36760,"-36,760",sii,https://mopsov.twse.com.tw/mops/web/ajax_t163sb20
中游,伺服器滑軌與機殼,8210,勤誠,2019,2,cash_flow,匯率變動對現金及約當現金之影響,11435,"11,435",sii,https://mopsov.twse.com.tw/mops/web/ajax_t163sb20
中游,伺服器滑軌與機殼,8210,勤誠,2019,2,cash_flow,本期現金及約當現金增加（減少）數,31723,"31,723",sii,https://mopsov.twse.com.tw/mops/web/ajax_t163sb20
中游,伺服器滑軌與機殼,8210,勤誠,2019,2,cash_flow,期初現金及約當現金餘額,1261727,"1,261,727",sii,https://mopsov.twse.com.tw/mops/web/ajax_t163sb20
中游,伺服器滑軌與機殼,8210,勤誠,2019,2,cash_flow,期末現金及約當現金餘額,1293450,"1,293,450",sii,https://mopsov.twse.com.tw/mops/web/ajax_t163sb20
中游,伺服器滑軌與機殼,6584,南俊國際,2019,2,cash_flow,營業活動之淨現金流入（流出）,21729,"21,729",otc,https://mopsov.twse.com.tw/mops/web/ajax_t163sb20
中游,伺服器滑軌與機殼,6584,南俊國際,2019,2,cash_flow,投資活動之淨現金流入（流出）,-43889,"-43,889",otc,https://mopsov.twse.com.tw/mops/web/ajax_t163sb20
中游,伺服器滑軌與機殼,6584,南俊國際,2019,2,cash_flow,籌資活動之淨現金流入（流出）,-59071,"-59,071",otc,https://mopsov.twse.com.tw/mops/web/ajax_t163sb20
中游,伺服器滑軌與機殼,6584,南俊國際,2019,2,cash_flow,匯率變動對現金及約當現金之影響,164,164,otc,https://mopsov.twse.com.tw/mops/web/ajax_t163sb20
中游,伺服器滑軌與機殼,6584,南俊國際,2019,2,cash_flow,本期現金及約當現金增加（減少）數,-81067,"-81,067",otc,https://mopsov.twse.com.tw/mops/web/ajax_t163sb20
中游,伺服器滑軌與機殼,6584,南俊國際,2019,2,cash_flow,期初現金及約當現金餘額,174476,"174,476",otc,https://mopsov.twse.com.tw/mops/web/ajax_t163sb20
中游,伺服器滑軌與機殼,6584,南俊國際,2019,2,cash_flow,期末現金及約當現金餘額,93409,"93,409",otc,https://mopsov.twse.com.tw/mops/web/ajax_t163sb20
中游,伺服器滑軌與機殼,2059,川湖,2019,3,income_statement,營業收入,3495455,"3,495,455",sii,https://mopsov.twse.com.tw/mops/web/ajax_t163sb04
中游,伺服器滑軌與機殼,2059,川湖,2019,3,income_statement,營業成本,1643897,"1,643,897",sii,https://mopsov.twse.com.tw/mops/web/ajax_t163sb04
中游,伺服器滑軌與機殼,2059,川湖,2019,3,income_statement,原始認列生物資產及農產品之利益（損失）,,--,sii,https://mopsov.twse.com.tw/mops/web/ajax_t163sb04
中游,伺服器滑軌與機殼,2059,川湖,2019,3,income_statement,生物資產當期公允價值減出售成本之變動利益（損失）,,--,sii,https://mopsov.twse.com.tw/mops/web/ajax_t163sb04
中游,伺服器滑軌與機殼,2059,川湖,2019,3,income_statement,營業毛利（毛損）,1851558,"1,851,558",sii,https://mopsov.twse.com.tw/mops/web/ajax_t163sb04
中游,伺服器滑軌與機殼,2059,川湖,2019,3,income_statement,未實現銷貨（損）益,,--,sii,https://mopsov.twse.com.tw/mops/web/ajax_t163sb04
中游,伺服器滑軌與機殼,2059,川湖,2019,3,income_statement,已實現銷貨（損）益,,--,sii,https://mopsov.twse.com.tw/mops/web/ajax_t163sb04
中游,伺服器滑軌與機殼,2059,川湖,2019,3,income_statement,營業毛利（毛損）淨額,1851558,"1,851,558",sii,https://mopsov.twse.com.tw/mops/web/ajax_t163sb04
中游,伺服器滑軌與機殼,2059,川湖,2019,3,income_statement,營業費用,452651,"452,651",sii,https://mopsov.twse.com.tw/mops/web/ajax_t163sb04
中游,伺服器滑軌與機殼,2059,川湖,2019,3,income_statement,其他收益及費損淨額,,--,sii,https://mopsov.twse.com.tw/mops/web/ajax_t163sb04
中游,伺服器滑軌與機殼,2059,川湖,2019,3,income_statement,營業利益（損失）,1398907,"1,398,907",sii,https://mopsov.twse.com.tw/mops/web/ajax_t163sb04
中游,伺服器滑軌與機殼,2059,川湖,2019,3,income_statement,營業外收入及支出,234486,"234,486",sii,https://mopsov.twse.com.tw/mops/web/ajax_t163sb04
中游,伺服器滑軌與機殼,2059,川湖,2019,3,income_statement,稅前淨利（淨損）,1633393,"1,633,393",sii,https://mopsov.twse.com.tw/mops/web/ajax_t163sb04
中游,伺服器滑軌與機殼,2059,川湖,2019,3,income_statement,所得稅費用（利益）,392998,"392,998",sii,https://mopsov.twse.com.tw/mops/web/ajax_t163sb04
中游,伺服器滑軌與機殼,2059,川湖,2019,3,income_statement,繼續營業單位本期淨利（淨損）,1240395,"1,240,395",sii,https://mopsov.twse.com.tw/mops/web/ajax_t163sb04
中游,伺服器滑軌與機殼,2059,川湖,2019,3,income_statement,停業單位損益,,--,sii,https://mopsov.twse.com.tw/mops/web/ajax_t163sb04
中游,伺服器滑軌與機殼,2059,川湖,2019,3,income_statement,合併前非屬共同控制股權損益,,--,sii,https://mopsov.twse.com.tw/mops/web/ajax_t163sb04
中游,伺服器滑軌與機殼,2059,川湖,2019,3,income_statement,本期淨利（淨損）,1240395,"1,240,395",sii,https://mopsov.twse.com.tw/mops/web/ajax_t163sb04
中游,伺服器滑軌與機殼,2059,川湖,2019,3,income_statement,其他綜合損益（淨額）,-583,-583,sii,https://mopsov.twse.com.tw/mops/web/ajax_t163sb04
中游,伺服器滑軌與機殼,2059,川湖,2019,3,income_statement,合併前非屬共同控制股權綜合損益淨額,,--,sii,https://mopsov.twse.com.tw/mops/web/ajax_t163sb04
中游,伺服器滑軌與機殼,2059,川湖,2019,3,income_statement,本期綜合損益總額,1239812,"1,239,812",sii,https://mopsov.twse.com.tw/mops/web/ajax_t163sb04
中游,伺服器滑軌與機殼,2059,川湖,2019,3,income_statement,淨利（淨損）歸屬於母公司業主,1240395,"1,240,395",sii,https://mopsov.twse.com.tw/mops/web/ajax_t163sb04
中游,伺服器滑軌與機殼,2059,川湖,2019,3,income_statement,淨利（淨損）歸屬於共同控制下前手權益,,--,sii,https://mopsov.twse.com.tw/mops/web/ajax_t163sb04
中游,伺服器滑軌與機殼,2059,川湖,2019,3,income_statement,淨利（淨損）歸屬於非控制權益,,--,sii,https://mopsov.twse.com.tw/mops/web/ajax_t163sb04
中游,伺服器滑軌與機殼,2059,川湖,2019,3,income_statement,綜合損益總額歸屬於母公司業主,1239812,"1,239,812",sii,https://mopsov.twse.com.tw/mops/web/ajax_t163sb04
中游,伺服器滑軌與機殼,2059,川湖,2019,3,income_statement,綜合損益總額歸屬於共同控制下前手權益,,--,sii,https://mopsov.twse.com.tw/mops/web/ajax_t163sb04
中游,伺服器滑軌與機殼,2059,川湖,2019,3,income_statement,綜合損益總額歸屬於非控制權益,,--,sii,https://mopsov.twse.com.tw/mops/web/ajax_t163sb04
中游,伺服器滑軌與機殼,2059,川湖,2019,3,income_statement,基本每股盈餘（元）,13.02,13.02,sii,https://mopsov.twse.com.tw/mops/web/ajax_t163sb04
中游,伺服器滑軌與機殼,8210,勤誠,2019,3,income_statement,營業收入,4767357,"4,767,357",sii,https://mopsov.twse.com.tw/mops/web/ajax_t163sb04
中游,伺服器滑軌與機殼,8210,勤誠,2019,3,income_statement,營業成本,3312206,"3,312,206",sii,https://mopsov.twse.com.tw/mops/web/ajax_t163sb04
中游,伺服器滑軌與機殼,8210,勤誠,2019,3,income_statement,原始認列生物資產及農產品之利益（損失）,,--,sii,https://mopsov.twse.com.tw/mops/web/ajax_t163sb04
中游,伺服器滑軌與機殼,8210,勤誠,2019,3,income_statement,生物資產當期公允價值減出售成本之變動利益（損失）,,--,sii,https://mopsov.twse.com.tw/mops/web/ajax_t163sb04
中游,伺服器滑軌與機殼,8210,勤誠,2019,3,income_statement,營業毛利（毛損）,1455151,"1,455,151",sii,https://mopsov.twse.com.tw/mops/web/ajax_t163sb04
中游,伺服器滑軌與機殼,8210,勤誠,2019,3,income_statement,未實現銷貨（損）益,,--,sii,https://mopsov.twse.com.tw/mops/web/ajax_t163sb04
中游,伺服器滑軌與機殼,8210,勤誠,2019,3,income_statement,已實現銷貨（損）益,,--,sii,https://mopsov.twse.com.tw/mops/web/ajax_t163sb04
中游,伺服器滑軌與機殼,8210,勤誠,2019,3,income_statement,營業毛利（毛損）淨額,1455151,"1,455,151",sii,https://mopsov.twse.com.tw/mops/web/ajax_t163sb04
中游,伺服器滑軌與機殼,8210,勤誠,2019,3,income_statement,營業費用,674235,"674,235",sii,https://mopsov.twse.com.tw/mops/web/ajax_t163sb04
中游,伺服器滑軌與機殼,8210,勤誠,2019,3,income_statement,其他收益及費損淨額,,--,sii,https://mopsov.twse.com.tw/mops/web/ajax_t163sb04
中游,伺服器滑軌與機殼,8210,勤誠,2019,3,income_statement,營業利益（損失）,780916,"780,916",sii,https://mopsov.twse.com.tw/mops/web/ajax_t163sb04
中游,伺服器滑軌與機殼,8210,勤誠,2019,3,income_statement,營業外收入及支出,28825,"28,825",sii,https://mopsov.twse.com.tw/mops/web/ajax_t163sb04
中游,伺服器滑軌與機殼,8210,勤誠,2019,3,income_statement,稅前淨利（淨損）,809741,"809,741",sii,https://mopsov.twse.com.tw/mops/web/ajax_t163sb04
中游,伺服器滑軌與機殼,8210,勤誠,2019,3,income_statement,所得稅費用（利益）,192371,"192,371",sii,https://mopsov.twse.com.tw/mops/web/ajax_t163sb04
中游,伺服器滑軌與機殼,8210,勤誠,2019,3,income_statement,繼續營業單位本期淨利（淨損）,617370,"617,370",sii,https://mopsov.twse.com.tw/mops/web/ajax_t163sb04
中游,伺服器滑軌與機殼,8210,勤誠,2019,3,income_statement,停業單位損益,,--,sii,https://mopsov.twse.com.tw/mops/web/ajax_t163sb04
中游,伺服器滑軌與機殼,8210,勤誠,2019,3,income_statement,合併前非屬共同控制股權損益,,--,sii,https://mopsov.twse.com.tw/mops/web/ajax_t163sb04
中游,伺服器滑軌與機殼,8210,勤誠,2019,3,income_statement,本期淨利（淨損）,617370,"617,370",sii,https://mopsov.twse.com.tw/mops/web/ajax_t163sb04
中游,伺服器滑軌與機殼,8210,勤誠,2019,3,income_statement,其他綜合損益（淨額）,-40390,"-40,390",sii,https://mopsov.twse.com.tw/mops/web/ajax_t163sb04
中游,伺服器滑軌與機殼,8210,勤誠,2019,3,income_statement,合併前非屬共同控制股權綜合損益淨額,,--,sii,https://mopsov.twse.com.tw/mops/web/ajax_t163sb04
中游,伺服器滑軌與機殼,8210,勤誠,2019,3,income_statement,本期綜合損益總額,576980,"576,980",sii,https://mopsov.twse.com.tw/mops/web/ajax_t163sb04
中游,伺服器滑軌與機殼,8210,勤誠,2019,3,income_statement,淨利（淨損）歸屬於母公司業主,617370,"617,370",sii,https://mopsov.twse.com.tw/mops/web/ajax_t163sb04
中游,伺服器滑軌與機殼,8210,勤誠,2019,3,income_statement,淨利（淨損）歸屬於共同控制下前手權益,,--,sii,https://mopsov.twse.com.tw/mops/web/ajax_t163sb04
中游,伺服器滑軌與機殼,8210,勤誠,2019,3,income_statement,淨利（淨損）歸屬於非控制權益,,--,sii,https://mopsov.twse.com.tw/mops/web/ajax_t163sb04
中游,伺服器滑軌與機殼,8210,勤誠,2019,3,income_statement,綜合損益總額歸屬於母公司業主,576980,"576,980",sii,https://mopsov.twse.com.tw/mops/web/ajax_t163sb04
中游,伺服器滑軌與機殼,8210,勤誠,2019,3,income_statement,綜合損益總額歸屬於共同控制下前手權益,,--,sii,https://mopsov.twse.com.tw/mops/web/ajax_t163sb04
中游,伺服器滑軌與機殼,8210,勤誠,2019,3,income_statement,綜合損益總額歸屬於非控制權益,,--,sii,https://mopsov.twse.com.tw/mops/web/ajax_t163sb04
中游,伺服器滑軌與機殼,8210,勤誠,2019,3,income_statement,基本每股盈餘（元）,5.16,5.16,sii,https://mopsov.twse.com.tw/mops/web/ajax_t163sb04
中游,伺服器滑軌與機殼,2059,川湖,2019,3,balance_sheet,流動資產,10827584,"10,827,584",sii,https://mopsov.twse.com.tw/mops/web/ajax_t163sb05
中游,伺服器滑軌與機殼,2059,川湖,2019,3,balance_sheet,非流動資產,2265431,"2,265,431",sii,https://mopsov.twse.com.tw/mops/web/ajax_t163sb05
中游,伺服器滑軌與機殼,2059,川湖,2019,3,balance_sheet,資產總計,13093015,"13,093,015",sii,https://mopsov.twse.com.tw/mops/web/ajax_t163sb05
中游,伺服器滑軌與機殼,2059,川湖,2019,3,balance_sheet,流動負債,1929782,"1,929,782",sii,https://mopsov.twse.com.tw/mops/web/ajax_t163sb05
中游,伺服器滑軌與機殼,2059,川湖,2019,3,balance_sheet,非流動負債,754192,"754,192",sii,https://mopsov.twse.com.tw/mops/web/ajax_t163sb05
中游,伺服器滑軌與機殼,2059,川湖,2019,3,balance_sheet,負債總計,2683974,"2,683,974",sii,https://mopsov.twse.com.tw/mops/web/ajax_t163sb05
中游,伺服器滑軌與機殼,2059,川湖,2019,3,balance_sheet,股本,952971,"952,971",sii,https://mopsov.twse.com.tw/mops/web/ajax_t163sb05
中游,伺服器滑軌與機殼,2059,川湖,2019,3,balance_sheet,資本公積,796691,"796,691",sii,https://mopsov.twse.com.tw/mops/web/ajax_t163sb05
中游,伺服器滑軌與機殼,2059,川湖,2019,3,balance_sheet,保留盈餘,8664211,"8,664,211",sii,https://mopsov.twse.com.tw/mops/web/ajax_t163sb05
中游,伺服器滑軌與機殼,2059,川湖,2019,3,balance_sheet,其他權益,-4832,"-4,832",sii,https://mopsov.twse.com.tw/mops/web/ajax_t163sb05
中游,伺服器滑軌與機殼,2059,川湖,2019,3,balance_sheet,庫藏股票,0,0,sii,https://mopsov.twse.com.tw/mops/web/ajax_t163sb05
中游,伺服器滑軌與機殼,2059,川湖,2019,3,balance_sheet,歸屬於母公司業主之權益合計,10409041,"10,409,041",sii,https://mopsov.twse.com.tw/mops/web/ajax_t163sb05
中游,伺服器滑軌與機殼,2059,川湖,2019,3,balance_sheet,共同控制下前手權益,,--,sii,https://mopsov.twse.com.tw/mops/web/ajax_t163sb05
中游,伺服器滑軌與機殼,2059,川湖,2019,3,balance_sheet,合併前非屬共同控制股權,,--,sii,https://mopsov.twse.com.tw/mops/web/ajax_t163sb05
中游,伺服器滑軌與機殼,2059,川湖,2019,3,balance_sheet,非控制權益,0,0,sii,https://mopsov.twse.com.tw/mops/web/ajax_t163sb05
中游,伺服器滑軌與機殼,2059,川湖,2019,3,balance_sheet,權益總計,10409041,"10,409,041",sii,https://mopsov.twse.com.tw/mops/web/ajax_t163sb05
中游,伺服器滑軌與機殼,2059,川湖,2019,3,balance_sheet,待註銷股本股數（單位：股）,0,0,sii,https://mopsov.twse.com.tw/mops/web/ajax_t163sb05
中游,伺服器滑軌與機殼,2059,川湖,2019,3,balance_sheet,預收股款（權益項下）之約當發行股數（單位：股）,0,0,sii,https://mopsov.twse.com.tw/mops/web/ajax_t163sb05
中游,伺服器滑軌與機殼,2059,川湖,2019,3,balance_sheet,母公司暨子公司所持有之母公司庫藏股股數（單位：股）,0,0,sii,https://mopsov.twse.com.tw/mops/web/ajax_t163sb05
中游,伺服器滑軌與機殼,2059,川湖,2019,3,balance_sheet,每股參考淨值,109.23,109.23,sii,https://mopsov.twse.com.tw/mops/web/ajax_t163sb05
中游,伺服器滑軌與機殼,8210,勤誠,2019,3,balance_sheet,流動資產,3727295,"3,727,295",sii,https://mopsov.twse.com.tw/mops/web/ajax_t163sb05
中游,伺服器滑軌與機殼,8210,勤誠,2019,3,balance_sheet,非流動資產,2014471,"2,014,471",sii,https://mopsov.twse.com.tw/mops/web/ajax_t163sb05
中游,伺服器滑軌與機殼,8210,勤誠,2019,3,balance_sheet,資產總計,5741766,"5,741,766",sii,https://mopsov.twse.com.tw/mops/web/ajax_t163sb05
中游,伺服器滑軌與機殼,8210,勤誠,2019,3,balance_sheet,流動負債,2286443,"2,286,443",sii,https://mopsov.twse.com.tw/mops/web/ajax_t163sb05
中游,伺服器滑軌與機殼,8210,勤誠,2019,3,balance_sheet,非流動負債,192267,"192,267",sii,https://mopsov.twse.com.tw/mops/web/ajax_t163sb05
中游,伺服器滑軌與機殼,8210,勤誠,2019,3,balance_sheet,負債總計,2478710,"2,478,710",sii,https://mopsov.twse.com.tw/mops/web/ajax_t163sb05
中游,伺服器滑軌與機殼,8210,勤誠,2019,3,balance_sheet,股本,1197260,"1,197,260",sii,https://mopsov.twse.com.tw/mops/web/ajax_t163sb05
中游,伺服器滑軌與機殼,8210,勤誠,2019,3,balance_sheet,資本公積,48209,"48,209",sii,https://mopsov.twse.com.tw/mops/web/ajax_t163sb05
中游,伺服器滑軌與機殼,8210,勤誠,2019,3,balance_sheet,保留盈餘,2205560,"2,205,560",sii,https://mopsov.twse.com.tw/mops/web/ajax_t163sb05
中游,伺服器滑軌與機殼,8210,勤誠,2019,3,balance_sheet,其他權益,-187973,"-187,973",sii,https://mopsov.twse.com.tw/mops/web/ajax_t163sb05
中游,伺服器滑軌與機殼,8210,勤誠,2019,3,balance_sheet,庫藏股票,,--,sii,https://mopsov.twse.com.tw/mops/web/ajax_t163sb05
中游,伺服器滑軌與機殼,8210,勤誠,2019,3,balance_sheet,歸屬於母公司業主之權益合計,3263056,"3,263,056",sii,https://mopsov.twse.com.tw/mops/web/ajax_t163sb05
中游,伺服器滑軌與機殼,8210,勤誠,2019,3,balance_sheet,共同控制下前手權益,,--,sii,https://mopsov.twse.com.tw/mops/web/ajax_t163sb05
中游,伺服器滑軌與機殼,8210,勤誠,2019,3,balance_sheet,合併前非屬共同控制股權,,--,sii,https://mopsov.twse.com.tw/mops/web/ajax_t163sb05
中游,伺服器滑軌與機殼,8210,勤誠,2019,3,balance_sheet,非控制權益,,--,sii,https://mopsov.twse.com.tw/mops/web/ajax_t163sb05
中游,伺服器滑軌與機殼,8210,勤誠,2019,3,balance_sheet,權益總計,3263056,"3,263,056",sii,https://mopsov.twse.com.tw/mops/web/ajax_t163sb05
中游,伺服器滑軌與機殼,8210,勤誠,2019,3,balance_sheet,待註銷股本股數（單位：股）,0,0,sii,https://mopsov.twse.com.tw/mops/web/ajax_t163sb05
中游,伺服器滑軌與機殼,8210,勤誠,2019,3,balance_sheet,預收股款（權益項下）之約當發行股數（單位：股）,0,0,sii,https://mopsov.twse.com.tw/mops/web/ajax_t163sb05
中游,伺服器滑軌與機殼,8210,勤誠,2019,3,balance_sheet,母公司暨子公司所持有之母公司庫藏股股數（單位：股）,0,0,sii,https://mopsov.twse.com.tw/mops/web/ajax_t163sb05
中游,伺服器滑軌與機殼,8210,勤誠,2019,3,balance_sheet,每股參考淨值,27.25,27.25,sii,https://mopsov.twse.com.tw/mops/web/ajax_t163sb05
中游,伺服器滑軌與機殼,2059,川湖,2019,3,cash_flow,營業活動之淨現金流入（流出）,1329082,"1,329,082",sii,https://mopsov.twse.com.tw/mops/web/ajax_t163sb20
中游,伺服器滑軌與機殼,2059,川湖,2019,3,cash_flow,投資活動之淨現金流入（流出）,-111937,"-111,937",sii,https://mopsov.twse.com.tw/mops/web/ajax_t163sb20
中游,伺服器滑軌與機殼,2059,川湖,2019,3,cash_flow,籌資活動之淨現金流入（流出）,-22769,"-22,769",sii,https://mopsov.twse.com.tw/mops/web/ajax_t163sb20
中游,伺服器滑軌與機殼,2059,川湖,2019,3,cash_flow,匯率變動對現金及約當現金之影響,1048,"1,048",sii,https://mopsov.twse.com.tw/mops/web/ajax_t163sb20
中游,伺服器滑軌與機殼,2059,川湖,2019,3,cash_flow,本期現金及約當現金增加（減少）數,1195424,"1,195,424",sii,https://mopsov.twse.com.tw/mops/web/ajax_t163sb20
中游,伺服器滑軌與機殼,2059,川湖,2019,3,cash_flow,期初現金及約當現金餘額,8042135,"8,042,135",sii,https://mopsov.twse.com.tw/mops/web/ajax_t163sb20
中游,伺服器滑軌與機殼,2059,川湖,2019,3,cash_flow,期末現金及約當現金餘額,9237559,"9,237,559",sii,https://mopsov.twse.com.tw/mops/web/ajax_t163sb20
中游,伺服器滑軌與機殼,8210,勤誠,2019,3,cash_flow,營業活動之淨現金流入（流出）,743550,"743,550",sii,https://mopsov.twse.com.tw/mops/web/ajax_t163sb20
中游,伺服器滑軌與機殼,8210,勤誠,2019,3,cash_flow,投資活動之淨現金流入（流出）,-393052,"-393,052",sii,https://mopsov.twse.com.tw/mops/web/ajax_t163sb20
中游,伺服器滑軌與機殼,8210,勤誠,2019,3,cash_flow,籌資活動之淨現金流入（流出）,-703750,"-703,750",sii,https://mopsov.twse.com.tw/mops/web/ajax_t163sb20
中游,伺服器滑軌與機殼,8210,勤誠,2019,3,cash_flow,匯率變動對現金及約當現金之影響,-24439,"-24,439",sii,https://mopsov.twse.com.tw/mops/web/ajax_t163sb20
中游,伺服器滑軌與機殼,8210,勤誠,2019,3,cash_flow,本期現金及約當現金增加（減少）數,-377691,"-377,691",sii,https://mopsov.twse.com.tw/mops/web/ajax_t163sb20
中游,伺服器滑軌與機殼,8210,勤誠,2019,3,cash_flow,期初現金及約當現金餘額,1261727,"1,261,727",sii,https://mopsov.twse.com.tw/mops/web/ajax_t163sb20
中游,伺服器滑軌與機殼,8210,勤誠,2019,3,cash_flow,期末現金及約當現金餘額,884036,"884,036",sii,https://mopsov.twse.com.tw/mops/web/ajax_t163sb20
中游,伺服器滑軌與機殼,2059,川湖,2019,4,income_statement,營業收入,4868807,"4,868,807",sii,https://mopsov.twse.com.tw/mops/web/ajax_t163sb04
中游,伺服器滑軌與機殼,2059,川湖,2019,4,income_statement,營業成本,2251850,"2,251,850",sii,https://mopsov.twse.com.tw/mops/web/ajax_t163sb04
中游,伺服器滑軌與機殼,2059,川湖,2019,4,income_statement,原始認列生物資產及農產品之利益（損失）,,--,sii,https://mopsov.twse.com.tw/mops/web/ajax_t163sb04
中游,伺服器滑軌與機殼,2059,川湖,2019,4,income_statement,生物資產當期公允價值減出售成本之變動利益（損失）,,--,sii,https://mopsov.twse.com.tw/mops/web/ajax_t163sb04
中游,伺服器滑軌與機殼,2059,川湖,2019,4,income_statement,營業毛利（毛損）,2616957,"2,616,957",sii,https://mopsov.twse.com.tw/mops/web/ajax_t163sb04
中游,伺服器滑軌與機殼,2059,川湖,2019,4,income_statement,未實現銷貨（損）益,,--,sii,https://mopsov.twse.com.tw/mops/web/ajax_t163sb04
中游,伺服器滑軌與機殼,2059,川湖,2019,4,income_statement,已實現銷貨（損）益,,--,sii,https://mopsov.twse.com.tw/mops/web/ajax_t163sb04
中游,伺服器滑軌與機殼,2059,川湖,2019,4,income_statement,營業毛利（毛損）淨額,2616957,"2,616,957",sii,https://mopsov.twse.com.tw/mops/web/ajax_t163sb04
中游,伺服器滑軌與機殼,2059,川湖,2019,4,income_statement,營業費用,601806,"601,806",sii,https://mopsov.twse.com.tw/mops/web/ajax_t163sb04
中游,伺服器滑軌與機殼,2059,川湖,2019,4,income_statement,其他收益及費損淨額,,--,sii,https://mopsov.twse.com.tw/mops/web/ajax_t163sb04
中游,伺服器滑軌與機殼,2059,川湖,2019,4,income_statement,營業利益（損失）,2015151,"2,015,151",sii,https://mopsov.twse.com.tw/mops/web/ajax_t163sb04
中游,伺服器滑軌與機殼,2059,川湖,2019,4,income_statement,營業外收入及支出,9502,"9,502",sii,https://mopsov.twse.com.tw/mops/web/ajax_t163sb04
中游,伺服器滑軌與機殼,2059,川湖,2019,4,income_statement,稅前淨利（淨損）,2024653,"2,024,653",sii,https://mopsov.twse.com.tw/mops/web/ajax_t163sb04
中游,伺服器滑軌與機殼,2059,川湖,2019,4,income_statement,所得稅費用（利益）,466403,"466,403",sii,https://mopsov.twse.com.tw/mops/web/ajax_t163sb04
中游,伺服器滑軌與機殼,2059,川湖,2019,4,income_statement,繼續營業單位本期淨利（淨損）,1558250,"1,558,250",sii,https://mopsov.twse.com.tw/mops/web/ajax_t163sb04
中游,伺服器滑軌與機殼,2059,川湖,2019,4,income_statement,停業單位損益,,--,sii,https://mopsov.twse.com.tw/mops/web/ajax_t163sb04
中游,伺服器滑軌與機殼,2059,川湖,2019,4,income_statement,合併前非屬共同控制股權損益,,--,sii,https://mopsov.twse.com.tw/mops/web/ajax_t163sb04
中游,伺服器滑軌與機殼,2059,川湖,2019,4,income_statement,本期淨利（淨損）,1558250,"1,558,250",sii,https://mopsov.twse.com.tw/mops/web/ajax_t163sb04
中游,伺服器滑軌與機殼,2059,川湖,2019,4,income_statement,其他綜合損益（淨額）,-6942,"-6,942",sii,https://mopsov.twse.com.tw/mops/web/ajax_t163sb04
中游,伺服器滑軌與機殼,2059,川湖,2019,4,income_statement,合併前非屬共同控制股權綜合損益淨額,,--,sii,https://mopsov.twse.com.tw/mops/web/ajax_t163sb04
中游,伺服器滑軌與機殼,2059,川湖,2019,4,income_statement,本期綜合損益總額,1551308,"1,551,308",sii,https://mopsov.twse.com.tw/mops/web/ajax_t163sb04
中游,伺服器滑軌與機殼,2059,川湖,2019,4,income_statement,淨利（淨損）歸屬於母公司業主,1558250,"1,558,250",sii,https://mopsov.twse.com.tw/mops/web/ajax_t163sb04
中游,伺服器滑軌與機殼,2059,川湖,2019,4,income_statement,淨利（淨損）歸屬於共同控制下前手權益,,--,sii,https://mopsov.twse.com.tw/mops/web/ajax_t163sb04
中游,伺服器滑軌與機殼,2059,川湖,2019,4,income_statement,淨利（淨損）歸屬於非控制權益,,--,sii,https://mopsov.twse.com.tw/mops/web/ajax_t163sb04
中游,伺服器滑軌與機殼,2059,川湖,2019,4,income_statement,綜合損益總額歸屬於母公司業主,1551308,"1,551,308",sii,https://mopsov.twse.com.tw/mops/web/ajax_t163sb04
中游,伺服器滑軌與機殼,2059,川湖,2019,4,income_statement,綜合損益總額歸屬於共同控制下前手權益,,--,sii,https://mopsov.twse.com.tw/mops/web/ajax_t163sb04
中游,伺服器滑軌與機殼,2059,川湖,2019,4,income_statement,綜合損益總額歸屬於非控制權益,,--,sii,https://mopsov.twse.com.tw/mops/web/ajax_t163sb04
中游,伺服器滑軌與機殼,2059,川湖,2019,4,income_statement,基本每股盈餘（元）,16.35,16.35,sii,https://mopsov.twse.com.tw/mops/web/ajax_t163sb04
中游,伺服器滑軌與機殼,8210,勤誠,2019,4,income_statement,營業收入,6835443,"6,835,443",sii,https://mopsov.twse.com.tw/mops/web/ajax_t163sb04
中游,伺服器滑軌與機殼,8210,勤誠,2019,4,income_statement,營業成本,4739317,"4,739,317",sii,https://mopsov.twse.com.tw/mops/web/ajax_t163sb04
中游,伺服器滑軌與機殼,8210,勤誠,2019,4,income_statement,原始認列生物資產及農產品之利益（損失）,,--,sii,https://mopsov.twse.com.tw/mops/web/ajax_t163sb04
中游,伺服器滑軌與機殼,8210,勤誠,2019,4,income_statement,生物資產當期公允價值減出售成本之變動利益（損失）,,--,sii,https://mopsov.twse.com.tw/mops/web/ajax_t163sb04
中游,伺服器滑軌與機殼,8210,勤誠,2019,4,income_statement,營業毛利（毛損）,2096126,"2,096,126",sii,https://mopsov.twse.com.tw/mops/web/ajax_t163sb04
中游,伺服器滑軌與機殼,8210,勤誠,2019,4,income_statement,未實現銷貨（損）益,,--,sii,https://mopsov.twse.com.tw/mops/web/ajax_t163sb04
中游,伺服器滑軌與機殼,8210,勤誠,2019,4,income_statement,已實現銷貨（損）益,,--,sii,https://mopsov.twse.com.tw/mops/web/ajax_t163sb04
中游,伺服器滑軌與機殼,8210,勤誠,2019,4,income_statement,營業毛利（毛損）淨額,2096126,"2,096,126",sii,https://mopsov.twse.com.tw/mops/web/ajax_t163sb04
中游,伺服器滑軌與機殼,8210,勤誠,2019,4,income_statement,營業費用,967203,"967,203",sii,https://mopsov.twse.com.tw/mops/web/ajax_t163sb04
中游,伺服器滑軌與機殼,8210,勤誠,2019,4,income_statement,其他收益及費損淨額,,--,sii,https://mopsov.twse.com.tw/mops/web/ajax_t163sb04
中游,伺服器滑軌與機殼,8210,勤誠,2019,4,income_statement,營業利益（損失）,1128923,"1,128,923",sii,https://mopsov.twse.com.tw/mops/web/ajax_t163sb04
中游,伺服器滑軌與機殼,8210,勤誠,2019,4,income_statement,營業外收入及支出,24483,"24,483",sii,https://mopsov.twse.com.tw/mops/web/ajax_t163sb04
中游,伺服器滑軌與機殼,8210,勤誠,2019,4,income_statement,稅前淨利（淨損）,1153406,"1,153,406",sii,https://mopsov.twse.com.tw/mops/web/ajax_t163sb04
中游,伺服器滑軌與機殼,8210,勤誠,2019,4,income_statement,所得稅費用（利益）,241455,"241,455",sii,https://mopsov.twse.com.tw/mops/web/ajax_t163sb04
中游,伺服器滑軌與機殼,8210,勤誠,2019,4,income_statement,繼續營業單位本期淨利（淨損）,911951,"911,951",sii,https://mopsov.twse.com.tw/mops/web/ajax_t163sb04
中游,伺服器滑軌與機殼,8210,勤誠,2019,4,income_statement,停業單位損益,,--,sii,https://mopsov.twse.com.tw/mops/web/ajax_t163sb04
中游,伺服器滑軌與機殼,8210,勤誠,2019,4,income_statement,合併前非屬共同控制股權損益,,--,sii,https://mopsov.twse.com.tw/mops/web/ajax_t163sb04
中游,伺服器滑軌與機殼,8210,勤誠,2019,4,income_statement,本期淨利（淨損）,911951,"911,951",sii,https://mopsov.twse.com.tw/mops/web/ajax_t163sb04
中游,伺服器滑軌與機殼,8210,勤誠,2019,4,income_statement,其他綜合損益（淨額）,-78020,"-78,020",sii,https://mopsov.twse.com.tw/mops/web/ajax_t163sb04
中游,伺服器滑軌與機殼,8210,勤誠,2019,4,income_statement,合併前非屬共同控制股權綜合損益淨額,,--,sii,https://mopsov.twse.com.tw/mops/web/ajax_t163sb04
中游,伺服器滑軌與機殼,8210,勤誠,2019,4,income_statement,本期綜合損益總額,833931,"833,931",sii,https://mopsov.twse.com.tw/mops/web/ajax_t163sb04
中游,伺服器滑軌與機殼,8210,勤誠,2019,4,income_statement,淨利（淨損）歸屬於母公司業主,911951,"911,951",sii,https://mopsov.twse.com.tw/mops/web/ajax_t163sb04
中游,伺服器滑軌與機殼,8210,勤誠,2019,4,income_statement,淨利（淨損）歸屬於共同控制下前手權益,,--,sii,https://mopsov.twse.com.tw/mops/web/ajax_t163sb04
中游,伺服器滑軌與機殼,8210,勤誠,2019,4,income_statement,淨利（淨損）歸屬於非控制權益,,--,sii,https://mopsov.twse.com.tw/mops/web/ajax_t163sb04
中游,伺服器滑軌與機殼,8210,勤誠,2019,4,income_statement,綜合損益總額歸屬於母公司業主,833931,"833,931",sii,https://mopsov.twse.com.tw/mops/web/ajax_t163sb04
中游,伺服器滑軌與機殼,8210,勤誠,2019,4,income_statement,綜合損益總額歸屬於共同控制下前手權益,,--,sii,https://mopsov.twse.com.tw/mops/web/ajax_t163sb04
中游,伺服器滑軌與機殼,8210,勤誠,2019,4,income_statement,綜合損益總額歸屬於非控制權益,,--,sii,https://mopsov.twse.com.tw/mops/web/ajax_t163sb04
中游,伺服器滑軌與機殼,8210,勤誠,2019,4,income_statement,基本每股盈餘（元）,7.62,7.62,sii,https://mopsov.twse.com.tw/mops/web/ajax_t163sb04
中游,伺服器滑軌與機殼,6584,南俊國際,2019,4,income_statement,營業收入,1730832,"1,730,832",otc,https://mopsov.twse.com.tw/mops/web/ajax_t163sb04
中游,伺服器滑軌與機殼,6584,南俊國際,2019,4,income_statement,營業成本,1473915,"1,473,915",otc,https://mopsov.twse.com.tw/mops/web/ajax_t163sb04
中游,伺服器滑軌與機殼,6584,南俊國際,2019,4,income_statement,原始認列生物資產及農產品之利益（損失）,,--,otc,https://mopsov.twse.com.tw/mops/web/ajax_t163sb04
中游,伺服器滑軌與機殼,6584,南俊國際,2019,4,income_statement,生物資產當期公允價值減出售成本之變動利益（損失）,,--,otc,https://mopsov.twse.com.tw/mops/web/ajax_t163sb04
中游,伺服器滑軌與機殼,6584,南俊國際,2019,4,income_statement,營業毛利（毛損）,256917,"256,917",otc,https://mopsov.twse.com.tw/mops/web/ajax_t163sb04
中游,伺服器滑軌與機殼,6584,南俊國際,2019,4,income_statement,未實現銷貨（損）益,,--,otc,https://mopsov.twse.com.tw/mops/web/ajax_t163sb04
中游,伺服器滑軌與機殼,6584,南俊國際,2019,4,income_statement,已實現銷貨（損）益,,--,otc,https://mopsov.twse.com.tw/mops/web/ajax_t163sb04
中游,伺服器滑軌與機殼,6584,南俊國際,2019,4,income_statement,營業毛利（毛損）淨額,256917,"256,917",otc,https://mopsov.twse.com.tw/mops/web/ajax_t163sb04
中游,伺服器滑軌與機殼,6584,南俊國際,2019,4,income_statement,營業費用,252847,"252,847",otc,https://mopsov.twse.com.tw/mops/web/ajax_t163sb04
中游,伺服器滑軌與機殼,6584,南俊國際,2019,4,income_statement,其他收益及費損淨額,,--,otc,https://mopsov.twse.com.tw/mops/web/ajax_t163sb04
中游,伺服器滑軌與機殼,6584,南俊國際,2019,4,income_statement,營業利益（損失）,4070,"4,070",otc,https://mopsov.twse.com.tw/mops/web/ajax_t163sb04
中游,伺服器滑軌與機殼,6584,南俊國際,2019,4,income_statement,營業外收入及支出,49797,"49,797",otc,https://mopsov.twse.com.tw/mops/web/ajax_t163sb04
中游,伺服器滑軌與機殼,6584,南俊國際,2019,4,income_statement,稅前淨利（淨損）,53867,"53,867",otc,https://mopsov.twse.com.tw/mops/web/ajax_t163sb04
中游,伺服器滑軌與機殼,6584,南俊國際,2019,4,income_statement,所得稅費用（利益）,12314,"12,314",otc,https://mopsov.twse.com.tw/mops/web/ajax_t163sb04
中游,伺服器滑軌與機殼,6584,南俊國際,2019,4,income_statement,繼續營業單位本期淨利（淨損）,41553,"41,553",otc,https://mopsov.twse.com.tw/mops/web/ajax_t163sb04
中游,伺服器滑軌與機殼,6584,南俊國際,2019,4,income_statement,停業單位損益,,--,otc,https://mopsov.twse.com.tw/mops/web/ajax_t163sb04
中游,伺服器滑軌與機殼,6584,南俊國際,2019,4,income_statement,合併前非屬共同控制股權損益,,--,otc,https://mopsov.twse.com.tw/mops/web/ajax_t163sb04
中游,伺服器滑軌與機殼,6584,南俊國際,2019,4,income_statement,本期淨利（淨損）,41553,"41,553",otc,https://mopsov.twse.com.tw/mops/web/ajax_t163sb04
中游,伺服器滑軌與機殼,6584,南俊國際,2019,4,income_statement,其他綜合損益（淨額）,626,626,otc,https://mopsov.twse.com.tw/mops/web/ajax_t163sb04
中游,伺服器滑軌與機殼,6584,南俊國際,2019,4,income_statement,合併前非屬共同控制股權綜合損益淨額,,--,otc,https://mopsov.twse.com.tw/mops/web/ajax_t163sb04
中游,伺服器滑軌與機殼,6584,南俊國際,2019,4,income_statement,本期綜合損益總額,42179,"42,179",otc,https://mopsov.twse.com.tw/mops/web/ajax_t163sb04
中游,伺服器滑軌與機殼,6584,南俊國際,2019,4,income_statement,淨利（淨損）歸屬於母公司業主,41553,"41,553",otc,https://mopsov.twse.com.tw/mops/web/ajax_t163sb04
中游,伺服器滑軌與機殼,6584,南俊國際,2019,4,income_statement,淨利（淨損）歸屬於共同控制下前手權益,,--,otc,https://mopsov.twse.com.tw/mops/web/ajax_t163sb04
中游,伺服器滑軌與機殼,6584,南俊國際,2019,4,income_statement,淨利（淨損）歸屬於非控制權益,,--,otc,https://mopsov.twse.com.tw/mops/web/ajax_t163sb04
中游,伺服器滑軌與機殼,6584,南俊國際,2019,4,income_statement,綜合損益總額歸屬於母公司業主,42179,"42,179",otc,https://mopsov.twse.com.tw/mops/web/ajax_t163sb04
中游,伺服器滑軌與機殼,6584,南俊國際,2019,4,income_statement,綜合損益總額歸屬於共同控制下前手權益,,--,otc,https://mopsov.twse.com.tw/mops/web/ajax_t163sb04
中游,伺服器滑軌與機殼,6584,南俊國際,2019,4,income_statement,綜合損益總額歸屬於非控制權益,,--,otc,https://mopsov.twse.com.tw/mops/web/ajax_t163sb04
中游,伺服器滑軌與機殼,6584,南俊國際,2019,4,income_statement,基本每股盈餘（元）,0.8,0.80,otc,https://mopsov.twse.com.tw/mops/web/ajax_t163sb04
中游,伺服器滑軌與機殼,2059,川湖,2019,4,balance_sheet,流動資產,10435103,"10,435,103",sii,https://mopsov.twse.com.tw/mops/web/ajax_t163sb05
中游,伺服器滑軌與機殼,2059,川湖,2019,4,balance_sheet,非流動資產,2278714,"2,278,714",sii,https://mopsov.twse.com.tw/mops/web/ajax_t163sb05
中游,伺服器滑軌與機殼,2059,川湖,2019,4,balance_sheet,資產總計,12713817,"12,713,817",sii,https://mopsov.twse.com.tw/mops/web/ajax_t163sb05
中游,伺服器滑軌與機殼,2059,川湖,2019,4,balance_sheet,流動負債,1258474,"1,258,474",sii,https://mopsov.twse.com.tw/mops/web/ajax_t163sb05
中游,伺服器滑軌與機殼,2059,川湖,2019,4,balance_sheet,非流動負債,734806,"734,806",sii,https://mopsov.twse.com.tw/mops/web/ajax_t163sb05
中游,伺服器滑軌與機殼,2059,川湖,2019,4,balance_sheet,負債總計,1993280,"1,993,280",sii,https://mopsov.twse.com.tw/mops/web/ajax_t163sb05
中游,伺服器滑軌與機殼,2059,川湖,2019,4,balance_sheet,股本,952971,"952,971",sii,https://mopsov.twse.com.tw/mops/web/ajax_t163sb05
中游,伺服器滑軌與機殼,2059,川湖,2019,4,balance_sheet,資本公積,796691,"796,691",sii,https://mopsov.twse.com.tw/mops/web/ajax_t163sb05
中游,伺服器滑軌與機殼,2059,川湖,2019,4,balance_sheet,保留盈餘,8978545,"8,978,545",sii,https://mopsov.twse.com.tw/mops/web/ajax_t163sb05
中游,伺服器滑軌與機殼,2059,川湖,2019,4,balance_sheet,其他權益,-7670,"-7,670",sii,https://mopsov.twse.com.tw/mops/web/ajax_t163sb05
中游,伺服器滑軌與機殼,2059,川湖,2019,4,balance_sheet,庫藏股票,0,0,sii,https://mopsov.twse.com.tw/mops/web/ajax_t163sb05
中游,伺服器滑軌與機殼,2059,川湖,2019,4,balance_sheet,歸屬於母公司業主之權益合計,10720537,"10,720,537",sii,https://mopsov.twse.com.tw/mops/web/ajax_t163sb05
中游,伺服器滑軌與機殼,2059,川湖,2019,4,balance_sheet,共同控制下前手權益,,--,sii,https://mopsov.twse.com.tw/mops/web/ajax_t163sb05
中游,伺服器滑軌與機殼,2059,川湖,2019,4,balance_sheet,合併前非屬共同控制股權,,--,sii,https://mopsov.twse.com.tw/mops/web/ajax_t163sb05
中游,伺服器滑軌與機殼,2059,川湖,2019,4,balance_sheet,非控制權益,0,0,sii,https://mopsov.twse.com.tw/mops/web/ajax_t163sb05
中游,伺服器滑軌與機殼,2059,川湖,2019,4,balance_sheet,權益總計,10720537,"10,720,537",sii,https://mopsov.twse.com.tw/mops/web/ajax_t163sb05
中游,伺服器滑軌與機殼,2059,川湖,2019,4,balance_sheet,待註銷股本股數（單位：股）,,--,sii,https://mopsov.twse.com.tw/mops/web/ajax_t163sb05
中游,伺服器滑軌與機殼,2059,川湖,2019,4,balance_sheet,預收股款（權益項下）之約當發行股數（單位：股）,0,0,sii,https://mopsov.twse.com.tw/mops/web/ajax_t163sb05
中游,伺服器滑軌與機殼,2059,川湖,2019,4,balance_sheet,母公司暨子公司所持有之母公司庫藏股股數（單位：股）,0,0,sii,https://mopsov.twse.com.tw/mops/web/ajax_t163sb05
中游,伺服器滑軌與機殼,2059,川湖,2019,4,balance_sheet,每股參考淨值,112.5,112.50,sii,https://mopsov.twse.com.tw/mops/web/ajax_t163sb05
中游,伺服器滑軌與機殼,8210,勤誠,2019,4,balance_sheet,流動資產,4369353,"4,369,353",sii,https://mopsov.twse.com.tw/mops/web/ajax_t163sb05
中游,伺服器滑軌與機殼,8210,勤誠,2019,4,balance_sheet,非流動資產,2036102,"2,036,102",sii,https://mopsov.twse.com.tw/mops/web/ajax_t163sb05
中游,伺服器滑軌與機殼,8210,勤誠,2019,4,balance_sheet,資產總計,6405455,"6,405,455",sii,https://mopsov.twse.com.tw/mops/web/ajax_t163sb05
中游,伺服器滑軌與機殼,8210,勤誠,2019,4,balance_sheet,流動負債,2699548,"2,699,548",sii,https://mopsov.twse.com.tw/mops/web/ajax_t163sb05
中游,伺服器滑軌與機殼,8210,勤誠,2019,4,balance_sheet,非流動負債,185900,"185,900",sii,https://mopsov.twse.com.tw/mops/web/ajax_t163sb05
中游,伺服器滑軌與機殼,8210,勤誠,2019,4,balance_sheet,負債總計,2885448,"2,885,448",sii,https://mopsov.twse.com.tw/mops/web/ajax_t163sb05
中游,伺服器滑軌與機殼,8210,勤誠,2019,4,balance_sheet,股本,1197260,"1,197,260",sii,https://mopsov.twse.com.tw/mops/web/ajax_t163sb05
中游,伺服器滑軌與機殼,8210,勤誠,2019,4,balance_sheet,資本公積,48209,"48,209",sii,https://mopsov.twse.com.tw/mops/web/ajax_t163sb05
中游,伺服器滑軌與機殼,8210,勤誠,2019,4,balance_sheet,保留盈餘,2499090,"2,499,090",sii,https://mopsov.twse.com.tw/mops/web/ajax_t163sb05
中游,伺服器滑軌與機殼,8210,勤誠,2019,4,balance_sheet,其他權益,-224552,"-224,552",sii,https://mopsov.twse.com.tw/mops/web/ajax_t163sb05
中游,伺服器滑軌與機殼,8210,勤誠,2019,4,balance_sheet,庫藏股票,,--,sii,https://mopsov.twse.com.tw/mops/web/ajax_t163sb05
中游,伺服器滑軌與機殼,8210,勤誠,2019,4,balance_sheet,歸屬於母公司業主之權益合計,3520007,"3,520,007",sii,https://mopsov.twse.com.tw/mops/web/ajax_t163sb05
中游,伺服器滑軌與機殼,8210,勤誠,2019,4,balance_sheet,共同控制下前手權益,,--,sii,https://mopsov.twse.com.tw/mops/web/ajax_t163sb05
中游,伺服器滑軌與機殼,8210,勤誠,2019,4,balance_sheet,合併前非屬共同控制股權,,--,sii,https://mopsov.twse.com.tw/mops/web/ajax_t163sb05
中游,伺服器滑軌與機殼,8210,勤誠,2019,4,balance_sheet,非控制權益,,--,sii,https://mopsov.twse.com.tw/mops/web/ajax_t163sb05
中游,伺服器滑軌與機殼,8210,勤誠,2019,4,balance_sheet,權益總計,3520007,"3,520,007",sii,https://mopsov.twse.com.tw/mops/web/ajax_t163sb05
中游,伺服器滑軌與機殼,8210,勤誠,2019,4,balance_sheet,待註銷股本股數（單位：股）,0,0,sii,https://mopsov.twse.com.tw/mops/web/ajax_t163sb05
中游,伺服器滑軌與機殼,8210,勤誠,2019,4,balance_sheet,預收股款（權益項下）之約當發行股數（單位：股）,0,0,sii,https://mopsov.twse.com.tw/mops/web/ajax_t163sb05
中游,伺服器滑軌與機殼,8210,勤誠,2019,4,balance_sheet,母公司暨子公司所持有之母公司庫藏股股數（單位：股）,0,0,sii,https://mopsov.twse.com.tw/mops/web/ajax_t163sb05
中游,伺服器滑軌與機殼,8210,勤誠,2019,4,balance_sheet,每股參考淨值,29.4,29.40,sii,https://mopsov.twse.com.tw/mops/web/ajax_t163sb05
中游,伺服器滑軌與機殼,6584,南俊國際,2019,4,balance_sheet,流動資產,614403,"614,403",otc,https://mopsov.twse.com.tw/mops/web/ajax_t163sb05
中游,伺服器滑軌與機殼,6584,南俊國際,2019,4,balance_sheet,非流動資產,2693267,"2,693,267",otc,https://mopsov.twse.com.tw/mops/web/ajax_t163sb05
中游,伺服器滑軌與機殼,6584,南俊國際,2019,4,balance_sheet,資產總計,3307670,"3,307,670",otc,https://mopsov.twse.com.tw/mops/web/ajax_t163sb05
中游,伺服器滑軌與機殼,6584,南俊國際,2019,4,balance_sheet,流動負債,559123,"559,123",otc,https://mopsov.twse.com.tw/mops/web/ajax_t163sb05
中游,伺服器滑軌與機殼,6584,南俊國際,2019,4,balance_sheet,非流動負債,1533997,"1,533,997",otc,https://mopsov.twse.com.tw/mops/web/ajax_t163sb05
中游,伺服器滑軌與機殼,6584,南俊國際,2019,4,balance_sheet,負債總計,2093120,"2,093,120",otc,https://mopsov.twse.com.tw/mops/web/ajax_t163sb05
中游,伺服器滑軌與機殼,6584,南俊國際,2019,4,balance_sheet,股本,520000,"520,000",otc,https://mopsov.twse.com.tw/mops/web/ajax_t163sb05
中游,伺服器滑軌與機殼,6584,南俊國際,2019,4,balance_sheet,資本公積,196000,"196,000",otc,https://mopsov.twse.com.tw/mops/web/ajax_t163sb05
中游,伺服器滑軌與機殼,6584,南俊國際,2019,4,balance_sheet,保留盈餘,498951,"498,951",otc,https://mopsov.twse.com.tw/mops/web/ajax_t163sb05
中游,伺服器滑軌與機殼,6584,南俊國際,2019,4,balance_sheet,其他權益,-401,-401,otc,https://mopsov.twse.com.tw/mops/web/ajax_t163sb05
中游,伺服器滑軌與機殼,6584,南俊國際,2019,4,balance_sheet,庫藏股票,,--,otc,https://mopsov.twse.com.tw/mops/web/ajax_t163sb05
中游,伺服器滑軌與機殼,6584,南俊國際,2019,4,balance_sheet,歸屬於母公司業主之權益合計,1214550,"1,214,550",otc,https://mopsov.twse.com.tw/mops/web/ajax_t163sb05
中游,伺服器滑軌與機殼,6584,南俊國際,2019,4,balance_sheet,共同控制下前手權益,,--,otc,https://mopsov.twse.com.tw/mops/web/ajax_t163sb05
中游,伺服器滑軌與機殼,6584,南俊國際,2019,4,balance_sheet,合併前非屬共同控制股權,,--,otc,https://mopsov.twse.com.tw/mops/web/ajax_t163sb05
中游,伺服器滑軌與機殼,6584,南俊國際,2019,4,balance_sheet,非控制權益,,--,otc,https://mopsov.twse.com.tw/mops/web/ajax_t163sb05
中游,伺服器滑軌與機殼,6584,南俊國際,2019,4,balance_sheet,權益總計,1214550,"1,214,550",otc,https://mopsov.twse.com.tw/mops/web/ajax_t163sb05
中游,伺服器滑軌與機殼,6584,南俊國際,2019,4,balance_sheet,待註銷股本股數（單位：股）,0,0,otc,https://mopsov.twse.com.tw/mops/web/ajax_t163sb05
中游,伺服器滑軌與機殼,6584,南俊國際,2019,4,balance_sheet,預收股款（權益項下）之約當發行股數（單位：股）,0,0,otc,https://mopsov.twse.com.tw/mops/web/ajax_t163sb05
中游,伺服器滑軌與機殼,6584,南俊國際,2019,4,balance_sheet,母公司暨子公司所持有之母公司庫藏股股數（單位：股）,0,0,otc,https://mopsov.twse.com.tw/mops/web/ajax_t163sb05
中游,伺服器滑軌與機殼,6584,南俊國際,2019,4,balance_sheet,每股參考淨值,23.36,23.36,otc,https://mopsov.twse.com.tw/mops/web/ajax_t163sb05
中游,伺服器滑軌與機殼,2059,川湖,2019,4,cash_flow,營業活動之淨現金流入（流出）,1811277,"1,811,277",sii,https://mopsov.twse.com.tw/mops/web/ajax_t163sb20
中游,伺服器滑軌與機殼,2059,川湖,2019,4,cash_flow,投資活動之淨現金流入（流出）,-128064,"-128,064",sii,https://mopsov.twse.com.tw/mops/web/ajax_t163sb20
中游,伺服器滑軌與機殼,2059,川湖,2019,4,cash_flow,籌資活動之淨現金流入（流出）,-935742,"-935,742",sii,https://mopsov.twse.com.tw/mops/web/ajax_t163sb20
中游,伺服器滑軌與機殼,2059,川湖,2019,4,cash_flow,匯率變動對現金及約當現金之影響,-399,-399,sii,https://mopsov.twse.com.tw/mops/web/ajax_t163sb20
中游,伺服器滑軌與機殼,2059,川湖,2019,4,cash_flow,本期現金及約當現金增加（減少）數,747072,"747,072",sii,https://mopsov.twse.com.tw/mops/web/ajax_t163sb20
中游,伺服器滑軌與機殼,2059,川湖,2019,4,cash_flow,期初現金及約當現金餘額,8042135,"8,042,135",sii,https://mopsov.twse.com.tw/mops/web/ajax_t163sb20
中游,伺服器滑軌與機殼,2059,川湖,2019,4,cash_flow,期末現金及約當現金餘額,8789207,"8,789,207",sii,https://mopsov.twse.com.tw/mops/web/ajax_t163sb20
中游,伺服器滑軌與機殼,8210,勤誠,2019,4,cash_flow,營業活動之淨現金流入（流出）,1144828,"1,144,828",sii,https://mopsov.twse.com.tw/mops/web/ajax_t163sb20
中游,伺服器滑軌與機殼,8210,勤誠,2019,4,cash_flow,投資活動之淨現金流入（流出）,-673363,"-673,363",sii,https://mopsov.twse.com.tw/mops/web/ajax_t163sb20
中游,伺服器滑軌與機殼,8210,勤誠,2019,4,cash_flow,籌資活動之淨現金流入（流出）,-705522,"-705,522",sii,https://mopsov.twse.com.tw/mops/web/ajax_t163sb20
中游,伺服器滑軌與機殼,8210,勤誠,2019,4,cash_flow,匯率變動對現金及約當現金之影響,-39105,"-39,105",sii,https://mopsov.twse.com.tw/mops/web/ajax_t163sb20
中游,伺服器滑軌與機殼,8210,勤誠,2019,4,cash_flow,本期現金及約當現金增加（減少）數,-273162,"-273,162",sii,https://mopsov.twse.com.tw/mops/web/ajax_t163sb20
中游,伺服器滑軌與機殼,8210,勤誠,2019,4,cash_flow,期初現金及約當現金餘額,1261727,"1,261,727",sii,https://mopsov.twse.com.tw/mops/web/ajax_t163sb20
中游,伺服器滑軌與機殼,8210,勤誠,2019,4,cash_flow,期末現金及約當現金餘額,988565,"988,565",sii,https://mopsov.twse.com.tw/mops/web/ajax_t163sb20
中游,伺服器滑軌與機殼,6584,南俊國際,2019,4,cash_flow,營業活動之淨現金流入（流出）,110156,"110,156",otc,https://mopsov.twse.com.tw/mops/web/ajax_t163sb20
中游,伺服器滑軌與機殼,6584,南俊國際,2019,4,cash_flow,投資活動之淨現金流入（流出）,73884,"73,884",otc,https://mopsov.twse.com.tw/mops/web/ajax_t163sb20
中游,伺服器滑軌與機殼,6584,南俊國際,2019,4,cash_flow,籌資活動之淨現金流入（流出）,-223429,"-223,429",otc,https://mopsov.twse.com.tw/mops/web/ajax_t163sb20
中游,伺服器滑軌與機殼,6584,南俊國際,2019,4,cash_flow,匯率變動對現金及約當現金之影響,-38,-38,otc,https://mopsov.twse.com.tw/mops/web/ajax_t163sb20
中游,伺服器滑軌與機殼,6584,南俊國際,2019,4,cash_flow,本期現金及約當現金增加（減少）數,-39427,"-39,427",otc,https://mopsov.twse.com.tw/mops/web/ajax_t163sb20
中游,伺服器滑軌與機殼,6584,南俊國際,2019,4,cash_flow,期初現金及約當現金餘額,174476,"174,476",otc,https://mopsov.twse.com.tw/mops/web/ajax_t163sb20
中游,伺服器滑軌與機殼,6584,南俊國際,2019,4,cash_flow,期末現金及約當現金餘額,135049,"135,049",otc,https://mopsov.twse.com.tw/mops/web/ajax_t163sb20
中游,伺服器滑軌與機殼,2059,川湖,2020,1,income_statement,營業收入,1161120,"1,161,120",sii,https://mopsov.twse.com.tw/mops/web/ajax_t163sb04
中游,伺服器滑軌與機殼,2059,川湖,2020,1,income_statement,營業成本,535689,"535,689",sii,https://mopsov.twse.com.tw/mops/web/ajax_t163sb04
中游,伺服器滑軌與機殼,2059,川湖,2020,1,income_statement,原始認列生物資產及農產品之利益（損失）,,--,sii,https://mopsov.twse.com.tw/mops/web/ajax_t163sb04
中游,伺服器滑軌與機殼,2059,川湖,2020,1,income_statement,生物資產當期公允價值減出售成本之變動利益（損失）,,--,sii,https://mopsov.twse.com.tw/mops/web/ajax_t163sb04
中游,伺服器滑軌與機殼,2059,川湖,2020,1,income_statement,營業毛利（毛損）,625431,"625,431",sii,https://mopsov.twse.com.tw/mops/web/ajax_t163sb04
中游,伺服器滑軌與機殼,2059,川湖,2020,1,income_statement,未實現銷貨（損）益,,--,sii,https://mopsov.twse.com.tw/mops/web/ajax_t163sb04
中游,伺服器滑軌與機殼,2059,川湖,2020,1,income_statement,已實現銷貨（損）益,,--,sii,https://mopsov.twse.com.tw/mops/web/ajax_t163sb04
中游,伺服器滑軌與機殼,2059,川湖,2020,1,income_statement,營業毛利（毛損）淨額,625431,"625,431",sii,https://mopsov.twse.com.tw/mops/web/ajax_t163sb04
中游,伺服器滑軌與機殼,2059,川湖,2020,1,income_statement,營業費用,159420,"159,420",sii,https://mopsov.twse.com.tw/mops/web/ajax_t163sb04
中游,伺服器滑軌與機殼,2059,川湖,2020,1,income_statement,其他收益及費損淨額,,--,sii,https://mopsov.twse.com.tw/mops/web/ajax_t163sb04
中游,伺服器滑軌與機殼,2059,川湖,2020,1,income_statement,營業利益（損失）,466011,"466,011",sii,https://mopsov.twse.com.tw/mops/web/ajax_t163sb04
中游,伺服器滑軌與機殼,2059,川湖,2020,1,income_statement,營業外收入及支出,105927,"105,927",sii,https://mopsov.twse.com.tw/mops/web/ajax_t163sb04
中游,伺服器滑軌與機殼,2059,川湖,2020,1,income_statement,稅前淨利（淨損）,571938,"571,938",sii,https://mopsov.twse.com.tw/mops/web/ajax_t163sb04
中游,伺服器滑軌與機殼,2059,川湖,2020,1,income_statement,所得稅費用（利益）,114387,"114,387",sii,https://mopsov.twse.com.tw/mops/web/ajax_t163sb04
中游,伺服器滑軌與機殼,2059,川湖,2020,1,income_statement,繼續營業單位本期淨利（淨損）,457551,"457,551",sii,https://mopsov.twse.com.tw/mops/web/ajax_t163sb04
中游,伺服器滑軌與機殼,2059,川湖,2020,1,income_statement,停業單位損益,,--,sii,https://mopsov.twse.com.tw/mops/web/ajax_t163sb04
中游,伺服器滑軌與機殼,2059,川湖,2020,1,income_statement,合併前非屬共同控制股權損益,,--,sii,https://mopsov.twse.com.tw/mops/web/ajax_t163sb04
中游,伺服器滑軌與機殼,2059,川湖,2020,1,income_statement,本期淨利（淨損）,457551,"457,551",sii,https://mopsov.twse.com.tw/mops/web/ajax_t163sb04
中游,伺服器滑軌與機殼,2059,川湖,2020,1,income_statement,其他綜合損益（淨額）,-796,-796,sii,https://mopsov.twse.com.tw/mops/web/ajax_t163sb04
中游,伺服器滑軌與機殼,2059,川湖,2020,1,income_statement,合併前非屬共同控制股權綜合損益淨額,,--,sii,https://mopsov.twse.com.tw/mops/web/ajax_t163sb04
中游,伺服器滑軌與機殼,2059,川湖,2020,1,income_statement,本期綜合損益總額,456755,"456,755",sii,https://mopsov.twse.com.tw/mops/web/ajax_t163sb04
中游,伺服器滑軌與機殼,2059,川湖,2020,1,income_statement,淨利（淨損）歸屬於母公司業主,457551,"457,551",sii,https://mopsov.twse.com.tw/mops/web/ajax_t163sb04
中游,伺服器滑軌與機殼,2059,川湖,2020,1,income_statement,淨利（淨損）歸屬於共同控制下前手權益,,--,sii,https://mopsov.twse.com.tw/mops/web/ajax_t163sb04
中游,伺服器滑軌與機殼,2059,川湖,2020,1,income_statement,淨利（淨損）歸屬於非控制權益,,--,sii,https://mopsov.twse.com.tw/mops/web/ajax_t163sb04
中游,伺服器滑軌與機殼,2059,川湖,2020,1,income_statement,綜合損益總額歸屬於母公司業主,456755,"456,755",sii,https://mopsov.twse.com.tw/mops/web/ajax_t163sb04
中游,伺服器滑軌與機殼,2059,川湖,2020,1,income_statement,綜合損益總額歸屬於共同控制下前手權益,,--,sii,https://mopsov.twse.com.tw/mops/web/ajax_t163sb04
中游,伺服器滑軌與機殼,2059,川湖,2020,1,income_statement,綜合損益總額歸屬於非控制權益,,--,sii,https://mopsov.twse.com.tw/mops/web/ajax_t163sb04
中游,伺服器滑軌與機殼,2059,川湖,2020,1,income_statement,基本每股盈餘（元）,4.8,4.80,sii,https://mopsov.twse.com.tw/mops/web/ajax_t163sb04
中游,伺服器滑軌與機殼,8210,勤誠,2020,1,income_statement,營業收入,1337275,"1,337,275",sii,https://mopsov.twse.com.tw/mops/web/ajax_t163sb04
中游,伺服器滑軌與機殼,8210,勤誠,2020,1,income_statement,營業成本,990156,"990,156",sii,https://mopsov.twse.com.tw/mops/web/ajax_t163sb04
中游,伺服器滑軌與機殼,8210,勤誠,2020,1,income_statement,原始認列生物資產及農產品之利益（損失）,,--,sii,https://mopsov.twse.com.tw/mops/web/ajax_t163sb04
中游,伺服器滑軌與機殼,8210,勤誠,2020,1,income_statement,生物資產當期公允價值減出售成本之變動利益（損失）,,--,sii,https://mopsov.twse.com.tw/mops/web/ajax_t163sb04
中游,伺服器滑軌與機殼,8210,勤誠,2020,1,income_statement,營業毛利（毛損）,347119,"347,119",sii,https://mopsov.twse.com.tw/mops/web/ajax_t163sb04
中游,伺服器滑軌與機殼,8210,勤誠,2020,1,income_statement,未實現銷貨（損）益,,--,sii,https://mopsov.twse.com.tw/mops/web/ajax_t163sb04
中游,伺服器滑軌與機殼,8210,勤誠,2020,1,income_statement,已實現銷貨（損）益,,--,sii,https://mopsov.twse.com.tw/mops/web/ajax_t163sb04
中游,伺服器滑軌與機殼,8210,勤誠,2020,1,income_statement,營業毛利（毛損）淨額,347119,"347,119",sii,https://mopsov.twse.com.tw/mops/web/ajax_t163sb04
中游,伺服器滑軌與機殼,8210,勤誠,2020,1,income_statement,營業費用,221608,"221,608",sii,https://mopsov.twse.com.tw/mops/web/ajax_t163sb04
中游,伺服器滑軌與機殼,8210,勤誠,2020,1,income_statement,其他收益及費損淨額,,--,sii,https://mopsov.twse.com.tw/mops/web/ajax_t163sb04
中游,伺服器滑軌與機殼,8210,勤誠,2020,1,income_statement,營業利益（損失）,125511,"125,511",sii,https://mopsov.twse.com.tw/mops/web/ajax_t163sb04
中游,伺服器滑軌與機殼,8210,勤誠,2020,1,income_statement,營業外收入及支出,36755,"36,755",sii,https://mopsov.twse.com.tw/mops/web/ajax_t163sb04
中游,伺服器滑軌與機殼,8210,勤誠,2020,1,income_statement,稅前淨利（淨損）,162266,"162,266",sii,https://mopsov.twse.com.tw/mops/web/ajax_t163sb04
中游,伺服器滑軌與機殼,8210,勤誠,2020,1,income_statement,所得稅費用（利益）,27306,"27,306",sii,https://mopsov.twse.com.tw/mops/web/ajax_t163sb04
中游,伺服器滑軌與機殼,8210,勤誠,2020,1,income_statement,繼續營業單位本期淨利（淨損）,134960,"134,960",sii,https://mopsov.twse.com.tw/mops/web/ajax_t163sb04
中游,伺服器滑軌與機殼,8210,勤誠,2020,1,income_statement,停業單位損益,,--,sii,https://mopsov.twse.com.tw/mops/web/ajax_t163sb04
中游,伺服器滑軌與機殼,8210,勤誠,2020,1,income_statement,合併前非屬共同控制股權損益,,--,sii,https://mopsov.twse.com.tw/mops/web/ajax_t163sb04
中游,伺服器滑軌與機殼,8210,勤誠,2020,1,income_statement,本期淨利（淨損）,134960,"134,960",sii,https://mopsov.twse.com.tw/mops/web/ajax_t163sb04
中游,伺服器滑軌與機殼,8210,勤誠,2020,1,income_statement,其他綜合損益（淨額）,-62659,"-62,659",sii,https://mopsov.twse.com.tw/mops/web/ajax_t163sb04
中游,伺服器滑軌與機殼,8210,勤誠,2020,1,income_statement,合併前非屬共同控制股權綜合損益淨額,,--,sii,https://mopsov.twse.com.tw/mops/web/ajax_t163sb04
中游,伺服器滑軌與機殼,8210,勤誠,2020,1,income_statement,本期綜合損益總額,72301,"72,301",sii,https://mopsov.twse.com.tw/mops/web/ajax_t163sb04
中游,伺服器滑軌與機殼,8210,勤誠,2020,1,income_statement,淨利（淨損）歸屬於母公司業主,134960,"134,960",sii,https://mopsov.twse.com.tw/mops/web/ajax_t163sb04
中游,伺服器滑軌與機殼,8210,勤誠,2020,1,income_statement,淨利（淨損）歸屬於共同控制下前手權益,,--,sii,https://mopsov.twse.com.tw/mops/web/ajax_t163sb04
中游,伺服器滑軌與機殼,8210,勤誠,2020,1,income_statement,淨利（淨損）歸屬於非控制權益,0,0,sii,https://mopsov.twse.com.tw/mops/web/ajax_t163sb04
中游,伺服器滑軌與機殼,8210,勤誠,2020,1,income_statement,綜合損益總額歸屬於母公司業主,72301,"72,301",sii,https://mopsov.twse.com.tw/mops/web/ajax_t163sb04
中游,伺服器滑軌與機殼,8210,勤誠,2020,1,income_statement,綜合損益總額歸屬於共同控制下前手權益,,--,sii,https://mopsov.twse.com.tw/mops/web/ajax_t163sb04
中游,伺服器滑軌與機殼,8210,勤誠,2020,1,income_statement,綜合損益總額歸屬於非控制權益,0,0,sii,https://mopsov.twse.com.tw/mops/web/ajax_t163sb04
中游,伺服器滑軌與機殼,8210,勤誠,2020,1,income_statement,基本每股盈餘（元）,1.13,1.13,sii,https://mopsov.twse.com.tw/mops/web/ajax_t163sb04
中游,伺服器滑軌與機殼,2059,川湖,2020,1,balance_sheet,流動資產,10858770,"10,858,770",sii,https://mopsov.twse.com.tw/mops/web/ajax_t163sb05
中游,伺服器滑軌與機殼,2059,川湖,2020,1,balance_sheet,非流動資產,2278690,"2,278,690",sii,https://mopsov.twse.com.tw/mops/web/ajax_t163sb05
中游,伺服器滑軌與機殼,2059,川湖,2020,1,balance_sheet,資產總計,13137460,"13,137,460",sii,https://mopsov.twse.com.tw/mops/web/ajax_t163sb05
中游,伺服器滑軌與機殼,2059,川湖,2020,1,balance_sheet,流動負債,1210816,"1,210,816",sii,https://mopsov.twse.com.tw/mops/web/ajax_t163sb05
中游,伺服器滑軌與機殼,2059,川湖,2020,1,balance_sheet,非流動負債,749352,"749,352",sii,https://mopsov.twse.com.tw/mops/web/ajax_t163sb05
中游,伺服器滑軌與機殼,2059,川湖,2020,1,balance_sheet,負債總計,1960168,"1,960,168",sii,https://mopsov.twse.com.tw/mops/web/ajax_t163sb05
中游,伺服器滑軌與機殼,2059,川湖,2020,1,balance_sheet,股本,952971,"952,971",sii,https://mopsov.twse.com.tw/mops/web/ajax_t163sb05
中游,伺服器滑軌與機殼,2059,川湖,2020,1,balance_sheet,資本公積,796691,"796,691",sii,https://mopsov.twse.com.tw/mops/web/ajax_t163sb05
中游,伺服器滑軌與機殼,2059,川湖,2020,1,balance_sheet,保留盈餘,9436096,"9,436,096",sii,https://mopsov.twse.com.tw/mops/web/ajax_t163sb05
中游,伺服器滑軌與機殼,2059,川湖,2020,1,balance_sheet,其他權益,-8466,"-8,466",sii,https://mopsov.twse.com.tw/mops/web/ajax_t163sb05
中游,伺服器滑軌與機殼,2059,川湖,2020,1,balance_sheet,庫藏股票,0,0,sii,https://mopsov.twse.com.tw/mops/web/ajax_t163sb05
中游,伺服器滑軌與機殼,2059,川湖,2020,1,balance_sheet,歸屬於母公司業主之權益合計,11177292,"11,177,292",sii,https://mopsov.twse.com.tw/mops/web/ajax_t163sb05
中游,伺服器滑軌與機殼,2059,川湖,2020,1,balance_sheet,共同控制下前手權益,,--,sii,https://mopsov.twse.com.tw/mops/web/ajax_t163sb05
中游,伺服器滑軌與機殼,2059,川湖,2020,1,balance_sheet,合併前非屬共同控制股權,,--,sii,https://mopsov.twse.com.tw/mops/web/ajax_t163sb05
中游,伺服器滑軌與機殼,2059,川湖,2020,1,balance_sheet,非控制權益,0,0,sii,https://mopsov.twse.com.tw/mops/web/ajax_t163sb05
中游,伺服器滑軌與機殼,2059,川湖,2020,1,balance_sheet,權益總計,11177292,"11,177,292",sii,https://mopsov.twse.com.tw/mops/web/ajax_t163sb05
中游,伺服器滑軌與機殼,2059,川湖,2020,1,balance_sheet,待註銷股本股數（單位：股）,0,0,sii,https://mopsov.twse.com.tw/mops/web/ajax_t163sb05
中游,伺服器滑軌與機殼,2059,川湖,2020,1,balance_sheet,預收股款（權益項下）之約當發行股數（單位：股）,0,0,sii,https://mopsov.twse.com.tw/mops/web/ajax_t163sb05
中游,伺服器滑軌與機殼,2059,川湖,2020,1,balance_sheet,母公司暨子公司所持有之母公司庫藏股股數（單位：股）,0,0,sii,https://mopsov.twse.com.tw/mops/web/ajax_t163sb05
中游,伺服器滑軌與機殼,2059,川湖,2020,1,balance_sheet,每股參考淨值,117.29,117.29,sii,https://mopsov.twse.com.tw/mops/web/ajax_t163sb05
中游,伺服器滑軌與機殼,8210,勤誠,2020,1,balance_sheet,流動資產,4123805,"4,123,805",sii,https://mopsov.twse.com.tw/mops/web/ajax_t163sb05
中游,伺服器滑軌與機殼,8210,勤誠,2020,1,balance_sheet,非流動資產,2014695,"2,014,695",sii,https://mopsov.twse.com.tw/mops/web/ajax_t163sb05
中游,伺服器滑軌與機殼,8210,勤誠,2020,1,balance_sheet,資產總計,6138500,"6,138,500",sii,https://mopsov.twse.com.tw/mops/web/ajax_t163sb05
中游,伺服器滑軌與機殼,8210,勤誠,2020,1,balance_sheet,流動負債,2304564,"2,304,564",sii,https://mopsov.twse.com.tw/mops/web/ajax_t163sb05
中游,伺服器滑軌與機殼,8210,勤誠,2020,1,balance_sheet,非流動負債,226628,"226,628",sii,https://mopsov.twse.com.tw/mops/web/ajax_t163sb05
中游,伺服器滑軌與機殼,8210,勤誠,2020,1,balance_sheet,負債總計,2531192,"2,531,192",sii,https://mopsov.twse.com.tw/mops/web/ajax_t163sb05
中游,伺服器滑軌與機殼,8210,勤誠,2020,1,balance_sheet,股本,1197260,"1,197,260",sii,https://mopsov.twse.com.tw/mops/web/ajax_t163sb05
中游,伺服器滑軌與機殼,8210,勤誠,2020,1,balance_sheet,資本公積,48209,"48,209",sii,https://mopsov.twse.com.tw/mops/web/ajax_t163sb05
中游,伺服器滑軌與機殼,8210,勤誠,2020,1,balance_sheet,保留盈餘,2634050,"2,634,050",sii,https://mopsov.twse.com.tw/mops/web/ajax_t163sb05
中游,伺服器滑軌與機殼,8210,勤誠,2020,1,balance_sheet,其他權益,-287211,"-287,211",sii,https://mopsov.twse.com.tw/mops/web/ajax_t163sb05
中游,伺服器滑軌與機殼,8210,勤誠,2020,1,balance_sheet,庫藏股票,,--,sii,https://mopsov.twse.com.tw/mops/web/ajax_t163sb05
中游,伺服器滑軌與機殼,8210,勤誠,2020,1,balance_sheet,歸屬於母公司業主之權益合計,3592308,"3,592,308",sii,https://mopsov.twse.com.tw/mops/web/ajax_t163sb05
中游,伺服器滑軌與機殼,8210,勤誠,2020,1,balance_sheet,共同控制下前手權益,,--,sii,https://mopsov.twse.com.tw/mops/web/ajax_t163sb05
中游,伺服器滑軌與機殼,8210,勤誠,2020,1,balance_sheet,合併前非屬共同控制股權,,--,sii,https://mopsov.twse.com.tw/mops/web/ajax_t163sb05
中游,伺服器滑軌與機殼,8210,勤誠,2020,1,balance_sheet,非控制權益,15000,"15,000",sii,https://mopsov.twse.com.tw/mops/web/ajax_t163sb05
中游,伺服器滑軌與機殼,8210,勤誠,2020,1,balance_sheet,權益總計,3607308,"3,607,308",sii,https://mopsov.twse.com.tw/mops/web/ajax_t163sb05
中游,伺服器滑軌與機殼,8210,勤誠,2020,1,balance_sheet,待註銷股本股數（單位：股）,0,0,sii,https://mopsov.twse.com.tw/mops/web/ajax_t163sb05
中游,伺服器滑軌與機殼,8210,勤誠,2020,1,balance_sheet,預收股款（權益項下）之約當發行股數（單位：股）,0,0,sii,https://mopsov.twse.com.tw/mops/web/ajax_t163sb05
中游,伺服器滑軌與機殼,8210,勤誠,2020,1,balance_sheet,母公司暨子公司所持有之母公司庫藏股股數（單位：股）,0,0,sii,https://mopsov.twse.com.tw/mops/web/ajax_t163sb05
中游,伺服器滑軌與機殼,8210,勤誠,2020,1,balance_sheet,每股參考淨值,30.0,30.00,sii,https://mopsov.twse.com.tw/mops/web/ajax_t163sb05
中游,伺服器滑軌與機殼,2059,川湖,2020,1,cash_flow,營業活動之淨現金流入（流出）,448212,"448,212",sii,https://mopsov.twse.com.tw/mops/web/ajax_t163sb20
中游,伺服器滑軌與機殼,2059,川湖,2020,1,cash_flow,投資活動之淨現金流入（流出）,-37514,"-37,514",sii,https://mopsov.twse.com.tw/mops/web/ajax_t163sb20
中游,伺服器滑軌與機殼,2059,川湖,2020,1,cash_flow,籌資活動之淨現金流入（流出）,-8012,"-8,012",sii,https://mopsov.twse.com.tw/mops/web/ajax_t163sb20
中游,伺服器滑軌與機殼,2059,川湖,2020,1,cash_flow,匯率變動對現金及約當現金之影響,-117,-117,sii,https://mopsov.twse.com.tw/mops/web/ajax_t163sb20
中游,伺服器滑軌與機殼,2059,川湖,2020,1,cash_flow,本期現金及約當現金增加（減少）數,402569,"402,569",sii,https://mopsov.twse.com.tw/mops/web/ajax_t163sb20
中游,伺服器滑軌與機殼,2059,川湖,2020,1,cash_flow,期初現金及約當現金餘額,8789207,"8,789,207",sii,https://mopsov.twse.com.tw/mops/web/ajax_t163sb20
中游,伺服器滑軌與機殼,2059,川湖,2020,1,cash_flow,期末現金及約當現金餘額,9191776,"9,191,776",sii,https://mopsov.twse.com.tw/mops/web/ajax_t163sb20
中游,伺服器滑軌與機殼,8210,勤誠,2020,1,cash_flow,營業活動之淨現金流入（流出）,191111,"191,111",sii,https://mopsov.twse.com.tw/mops/web/ajax_t163sb20
中游,伺服器滑軌與機殼,8210,勤誠,2020,1,cash_flow,投資活動之淨現金流入（流出）,528858,"528,858",sii,https://mopsov.twse.com.tw/mops/web/ajax_t163sb20
中游,伺服器滑軌與機殼,8210,勤誠,2020,1,cash_flow,籌資活動之淨現金流入（流出）,12365,"12,365",sii,https://mopsov.twse.com.tw/mops/web/ajax_t163sb20
中游,伺服器滑軌與機殼,8210,勤誠,2020,1,cash_flow,匯率變動對現金及約當現金之影響,-9041,"-9,041",sii,https://mopsov.twse.com.tw/mops/web/ajax_t163sb20
中游,伺服器滑軌與機殼,8210,勤誠,2020,1,cash_flow,本期現金及約當現金增加（減少）數,723293,"723,293",sii,https://mopsov.twse.com.tw/mops/web/ajax_t163sb20
中游,伺服器滑軌與機殼,8210,勤誠,2020,1,cash_flow,期初現金及約當現金餘額,988565,"988,565",sii,https://mopsov.twse.com.tw/mops/web/ajax_t163sb20
中游,伺服器滑軌與機殼,8210,勤誠,2020,1,cash_flow,期末現金及約當現金餘額,1711858,"1,711,858",sii,https://mopsov.twse.com.tw/mops/web/ajax_t163sb20
中游,伺服器滑軌與機殼,2059,川湖,2020,2,income_statement,營業收入,2339550,"2,339,550",sii,https://mopsov.twse.com.tw/mops/web/ajax_t163sb04
中游,伺服器滑軌與機殼,2059,川湖,2020,2,income_statement,營業成本,1052085,"1,052,085",sii,https://mopsov.twse.com.tw/mops/web/ajax_t163sb04
中游,伺服器滑軌與機殼,2059,川湖,2020,2,income_statement,原始認列生物資產及農產品之利益（損失）,,--,sii,https://mopsov.twse.com.tw/mops/web/ajax_t163sb04
中游,伺服器滑軌與機殼,2059,川湖,2020,2,income_statement,生物資產當期公允價值減出售成本之變動利益（損失）,,--,sii,https://mopsov.twse.com.tw/mops/web/ajax_t163sb04
中游,伺服器滑軌與機殼,2059,川湖,2020,2,income_statement,營業毛利（毛損）,1287465,"1,287,465",sii,https://mopsov.twse.com.tw/mops/web/ajax_t163sb04
中游,伺服器滑軌與機殼,2059,川湖,2020,2,income_statement,未實現銷貨（損）益,,--,sii,https://mopsov.twse.com.tw/mops/web/ajax_t163sb04
中游,伺服器滑軌與機殼,2059,川湖,2020,2,income_statement,已實現銷貨（損）益,,--,sii,https://mopsov.twse.com.tw/mops/web/ajax_t163sb04
中游,伺服器滑軌與機殼,2059,川湖,2020,2,income_statement,營業毛利（毛損）淨額,1287465,"1,287,465",sii,https://mopsov.twse.com.tw/mops/web/ajax_t163sb04
中游,伺服器滑軌與機殼,2059,川湖,2020,2,income_statement,營業費用,293232,"293,232",sii,https://mopsov.twse.com.tw/mops/web/ajax_t163sb04
中游,伺服器滑軌與機殼,2059,川湖,2020,2,income_statement,其他收益及費損淨額,,--,sii,https://mopsov.twse.com.tw/mops/web/ajax_t163sb04
中游,伺服器滑軌與機殼,2059,川湖,2020,2,income_statement,營業利益（損失）,994233,"994,233",sii,https://mopsov.twse.com.tw/mops/web/ajax_t163sb04
中游,伺服器滑軌與機殼,2059,川湖,2020,2,income_statement,營業外收入及支出,-121844,"-121,844",sii,https://mopsov.twse.com.tw/mops/web/ajax_t163sb04
中游,伺服器滑軌與機殼,2059,川湖,2020,2,income_statement,稅前淨利（淨損）,872389,"872,389",sii,https://mopsov.twse.com.tw/mops/web/ajax_t163sb04
中游,伺服器滑軌與機殼,2059,川湖,2020,2,income_statement,所得稅費用（利益）,247973,"247,973",sii,https://mopsov.twse.com.tw/mops/web/ajax_t163sb04
中游,伺服器滑軌與機殼,2059,川湖,2020,2,income_statement,繼續營業單位本期淨利（淨損）,624416,"624,416",sii,https://mopsov.twse.com.tw/mops/web/ajax_t163sb04
中游,伺服器滑軌與機殼,2059,川湖,2020,2,income_statement,停業單位損益,,--,sii,https://mopsov.twse.com.tw/mops/web/ajax_t163sb04
中游,伺服器滑軌與機殼,2059,川湖,2020,2,income_statement,合併前非屬共同控制股權損益,,--,sii,https://mopsov.twse.com.tw/mops/web/ajax_t163sb04
中游,伺服器滑軌與機殼,2059,川湖,2020,2,income_statement,本期淨利（淨損）,624416,"624,416",sii,https://mopsov.twse.com.tw/mops/web/ajax_t163sb04
中游,伺服器滑軌與機殼,2059,川湖,2020,2,income_statement,其他綜合損益（淨額）,-3842,"-3,842",sii,https://mopsov.twse.com.tw/mops/web/ajax_t163sb04
中游,伺服器滑軌與機殼,2059,川湖,2020,2,income_statement,合併前非屬共同控制股權綜合損益淨額,,--,sii,https://mopsov.twse.com.tw/mops/web/ajax_t163sb04
中游,伺服器滑軌與機殼,2059,川湖,2020,2,income_statement,本期綜合損益總額,620574,"620,574",sii,https://mopsov.twse.com.tw/mops/web/ajax_t163sb04
中游,伺服器滑軌與機殼,2059,川湖,2020,2,income_statement,淨利（淨損）歸屬於母公司業主,624416,"624,416",sii,https://mopsov.twse.com.tw/mops/web/ajax_t163sb04
中游,伺服器滑軌與機殼,2059,川湖,2020,2,income_statement,淨利（淨損）歸屬於共同控制下前手權益,,--,sii,https://mopsov.twse.com.tw/mops/web/ajax_t163sb04
中游,伺服器滑軌與機殼,2059,川湖,2020,2,income_statement,淨利（淨損）歸屬於非控制權益,,--,sii,https://mopsov.twse.com.tw/mops/web/ajax_t163sb04
中游,伺服器滑軌與機殼,2059,川湖,2020,2,income_statement,綜合損益總額歸屬於母公司業主,620574,"620,574",sii,https://mopsov.twse.com.tw/mops/web/ajax_t163sb04
中游,伺服器滑軌與機殼,2059,川湖,2020,2,income_statement,綜合損益總額歸屬於共同控制下前手權益,,--,sii,https://mopsov.twse.com.tw/mops/web/ajax_t163sb04
中游,伺服器滑軌與機殼,2059,川湖,2020,2,income_statement,綜合損益總額歸屬於非控制權益,,--,sii,https://mopsov.twse.com.tw/mops/web/ajax_t163sb04
中游,伺服器滑軌與機殼,2059,川湖,2020,2,income_statement,基本每股盈餘（元）,6.55,6.55,sii,https://mopsov.twse.com.tw/mops/web/ajax_t163sb04
中游,伺服器滑軌與機殼,8210,勤誠,2020,2,income_statement,營業收入,3536111,"3,536,111",sii,https://mopsov.twse.com.tw/mops/web/ajax_t163sb04
中游,伺服器滑軌與機殼,8210,勤誠,2020,2,income_statement,營業成本,2617703,"2,617,703",sii,https://mopsov.twse.com.tw/mops/web/ajax_t163sb04
中游,伺服器滑軌與機殼,8210,勤誠,2020,2,income_statement,原始認列生物資產及農產品之利益（損失）,,--,sii,https://mopsov.twse.com.tw/mops/web/ajax_t163sb04
中游,伺服器滑軌與機殼,8210,勤誠,2020,2,income_statement,生物資產當期公允價值減出售成本之變動利益（損失）,,--,sii,https://mopsov.twse.com.tw/mops/web/ajax_t163sb04
中游,伺服器滑軌與機殼,8210,勤誠,2020,2,income_statement,營業毛利（毛損）,918408,"918,408",sii,https://mopsov.twse.com.tw/mops/web/ajax_t163sb04
中游,伺服器滑軌與機殼,8210,勤誠,2020,2,income_statement,未實現銷貨（損）益,,--,sii,https://mopsov.twse.com.tw/mops/web/ajax_t163sb04
中游,伺服器滑軌與機殼,8210,勤誠,2020,2,income_statement,已實現銷貨（損）益,,--,sii,https://mopsov.twse.com.tw/mops/web/ajax_t163sb04
中游,伺服器滑軌與機殼,8210,勤誠,2020,2,income_statement,營業毛利（毛損）淨額,918408,"918,408",sii,https://mopsov.twse.com.tw/mops/web/ajax_t163sb04
中游,伺服器滑軌與機殼,8210,勤誠,2020,2,income_statement,營業費用,466775,"466,775",sii,https://mopsov.twse.com.tw/mops/web/ajax_t163sb04
中游,伺服器滑軌與機殼,8210,勤誠,2020,2,income_statement,其他收益及費損淨額,,--,sii,https://mopsov.twse.com.tw/mops/web/ajax_t163sb04
中游,伺服器滑軌與機殼,8210,勤誠,2020,2,income_statement,營業利益（損失）,451633,"451,633",sii,https://mopsov.twse.com.tw/mops/web/ajax_t163sb04
中游,伺服器滑軌與機殼,8210,勤誠,2020,2,income_statement,營業外收入及支出,60304,"60,304",sii,https://mopsov.twse.com.tw/mops/web/ajax_t163sb04
中游,伺服器滑軌與機殼,8210,勤誠,2020,2,income_statement,稅前淨利（淨損）,511937,"511,937",sii,https://mopsov.twse.com.tw/mops/web/ajax_t163sb04
中游,伺服器滑軌與機殼,8210,勤誠,2020,2,income_statement,所得稅費用（利益）,117460,"117,460",sii,https://mopsov.twse.com.tw/mops/web/ajax_t163sb04
中游,伺服器滑軌與機殼,8210,勤誠,2020,2,income_statement,繼續營業單位本期淨利（淨損）,394477,"394,477",sii,https://mopsov.twse.com.tw/mops/web/ajax_t163sb04
中游,伺服器滑軌與機殼,8210,勤誠,2020,2,income_statement,停業單位損益,,--,sii,https://mopsov.twse.com.tw/mops/web/ajax_t163sb04
中游,伺服器滑軌與機殼,8210,勤誠,2020,2,income_statement,合併前非屬共同控制股權損益,,--,sii,https://mopsov.twse.com.tw/mops/web/ajax_t163sb04
中游,伺服器滑軌與機殼,8210,勤誠,2020,2,income_statement,本期淨利（淨損）,394477,"394,477",sii,https://mopsov.twse.com.tw/mops/web/ajax_t163sb04
中游,伺服器滑軌與機殼,8210,勤誠,2020,2,income_statement,其他綜合損益（淨額）,-116650,"-116,650",sii,https://mopsov.twse.com.tw/mops/web/ajax_t163sb04
中游,伺服器滑軌與機殼,8210,勤誠,2020,2,income_statement,合併前非屬共同控制股權綜合損益淨額,,--,sii,https://mopsov.twse.com.tw/mops/web/ajax_t163sb04
中游,伺服器滑軌與機殼,8210,勤誠,2020,2,income_statement,本期綜合損益總額,277827,"277,827",sii,https://mopsov.twse.com.tw/mops/web/ajax_t163sb04
中游,伺服器滑軌與機殼,8210,勤誠,2020,2,income_statement,淨利（淨損）歸屬於母公司業主,395626,"395,626",sii,https://mopsov.twse.com.tw/mops/web/ajax_t163sb04
中游,伺服器滑軌與機殼,8210,勤誠,2020,2,income_statement,淨利（淨損）歸屬於共同控制下前手權益,,--,sii,https://mopsov.twse.com.tw/mops/web/ajax_t163sb04
中游,伺服器滑軌與機殼,8210,勤誠,2020,2,income_statement,淨利（淨損）歸屬於非控制權益,-1149,"-1,149",sii,https://mopsov.twse.com.tw/mops/web/ajax_t163sb04
中游,伺服器滑軌與機殼,8210,勤誠,2020,2,income_statement,綜合損益總額歸屬於母公司業主,278976,"278,976",sii,https://mopsov.twse.com.tw/mops/web/ajax_t163sb04
中游,伺服器滑軌與機殼,8210,勤誠,2020,2,income_statement,綜合損益總額歸屬於共同控制下前手權益,,--,sii,https://mopsov.twse.com.tw/mops/web/ajax_t163sb04
中游,伺服器滑軌與機殼,8210,勤誠,2020,2,income_statement,綜合損益總額歸屬於非控制權益,-1149,"-1,149",sii,https://mopsov.twse.com.tw/mops/web/ajax_t163sb04
中游,伺服器滑軌與機殼,8210,勤誠,2020,2,income_statement,基本每股盈餘（元）,3.3,3.30,sii,https://mopsov.twse.com.tw/mops/web/ajax_t163sb04
中游,伺服器滑軌與機殼,6584,南俊國際,2020,2,income_statement,營業收入,723518,"723,518",otc,https://mopsov.twse.com.tw/mops/web/ajax_t163sb04
中游,伺服器滑軌與機殼,6584,南俊國際,2020,2,income_statement,營業成本,618534,"618,534",otc,https://mopsov.twse.com.tw/mops/web/ajax_t163sb04
中游,伺服器滑軌與機殼,6584,南俊國際,2020,2,income_statement,原始認列生物資產及農產品之利益（損失）,,--,otc,https://mopsov.twse.com.tw/mops/web/ajax_t163sb04
中游,伺服器滑軌與機殼,6584,南俊國際,2020,2,income_statement,生物資產當期公允價值減出售成本之變動利益（損失）,,--,otc,https://mopsov.twse.com.tw/mops/web/ajax_t163sb04
中游,伺服器滑軌與機殼,6584,南俊國際,2020,2,income_statement,營業毛利（毛損）,104984,"104,984",otc,https://mopsov.twse.com.tw/mops/web/ajax_t163sb04
中游,伺服器滑軌與機殼,6584,南俊國際,2020,2,income_statement,未實現銷貨（損）益,,--,otc,https://mopsov.twse.com.tw/mops/web/ajax_t163sb04
中游,伺服器滑軌與機殼,6584,南俊國際,2020,2,income_statement,已實現銷貨（損）益,,--,otc,https://mopsov.twse.com.tw/mops/web/ajax_t163sb04
中游,伺服器滑軌與機殼,6584,南俊國際,2020,2,income_statement,營業毛利（毛損）淨額,104984,"104,984",otc,https://mopsov.twse.com.tw/mops/web/ajax_t163sb04
中游,伺服器滑軌與機殼,6584,南俊國際,2020,2,income_statement,營業費用,109682,"109,682",otc,https://mopsov.twse.com.tw/mops/web/ajax_t163sb04
中游,伺服器滑軌與機殼,6584,南俊國際,2020,2,income_statement,其他收益及費損淨額,,--,otc,https://mopsov.twse.com.tw/mops/web/ajax_t163sb04
中游,伺服器滑軌與機殼,6584,南俊國際,2020,2,income_statement,營業利益（損失）,-4698,"-4,698",otc,https://mopsov.twse.com.tw/mops/web/ajax_t163sb04
中游,伺服器滑軌與機殼,6584,南俊國際,2020,2,income_statement,營業外收入及支出,-167,-167,otc,https://mopsov.twse.com.tw/mops/web/ajax_t163sb04
中游,伺服器滑軌與機殼,6584,南俊國際,2020,2,income_statement,稅前淨利（淨損）,-4865,"-4,865",otc,https://mopsov.twse.com.tw/mops/web/ajax_t163sb04
中游,伺服器滑軌與機殼,6584,南俊國際,2020,2,income_statement,所得稅費用（利益）,-12202,"-12,202",otc,https://mopsov.twse.com.tw/mops/web/ajax_t163sb04
中游,伺服器滑軌與機殼,6584,南俊國際,2020,2,income_statement,繼續營業單位本期淨利（淨損）,7337,"7,337",otc,https://mopsov.twse.com.tw/mops/web/ajax_t163sb04
中游,伺服器滑軌與機殼,6584,南俊國際,2020,2,income_statement,停業單位損益,,--,otc,https://mopsov.twse.com.tw/mops/web/ajax_t163sb04
中游,伺服器滑軌與機殼,6584,南俊國際,2020,2,income_statement,合併前非屬共同控制股權損益,,--,otc,https://mopsov.twse.com.tw/mops/web/ajax_t163sb04
中游,伺服器滑軌與機殼,6584,南俊國際,2020,2,income_statement,本期淨利（淨損）,7337,"7,337",otc,https://mopsov.twse.com.tw/mops/web/ajax_t163sb04
中游,伺服器滑軌與機殼,6584,南俊國際,2020,2,income_statement,其他綜合損益（淨額）,71,71,otc,https://mopsov.twse.com.tw/mops/web/ajax_t163sb04
中游,伺服器滑軌與機殼,6584,南俊國際,2020,2,income_statement,合併前非屬共同控制股權綜合損益淨額,,--,otc,https://mopsov.twse.com.tw/mops/web/ajax_t163sb04
中游,伺服器滑軌與機殼,6584,南俊國際,2020,2,income_statement,本期綜合損益總額,7408,"7,408",otc,https://mopsov.twse.com.tw/mops/web/ajax_t163sb04
中游,伺服器滑軌與機殼,6584,南俊國際,2020,2,income_statement,淨利（淨損）歸屬於母公司業主,7337,"7,337",otc,https://mopsov.twse.com.tw/mops/web/ajax_t163sb04
中游,伺服器滑軌與機殼,6584,南俊國際,2020,2,income_statement,淨利（淨損）歸屬於共同控制下前手權益,,--,otc,https://mopsov.twse.com.tw/mops/web/ajax_t163sb04
中游,伺服器滑軌與機殼,6584,南俊國際,2020,2,income_statement,淨利（淨損）歸屬於非控制權益,,--,otc,https://mopsov.twse.com.tw/mops/web/ajax_t163sb04
中游,伺服器滑軌與機殼,6584,南俊國際,2020,2,income_statement,綜合損益總額歸屬於母公司業主,7408,"7,408",otc,https://mopsov.twse.com.tw/mops/web/ajax_t163sb04
中游,伺服器滑軌與機殼,6584,南俊國際,2020,2,income_statement,綜合損益總額歸屬於共同控制下前手權益,,--,otc,https://mopsov.twse.com.tw/mops/web/ajax_t163sb04
中游,伺服器滑軌與機殼,6584,南俊國際,2020,2,income_statement,綜合損益總額歸屬於非控制權益,,--,otc,https://mopsov.twse.com.tw/mops/web/ajax_t163sb04
中游,伺服器滑軌與機殼,6584,南俊國際,2020,2,income_statement,基本每股盈餘（元）,0.14,0.14,otc,https://mopsov.twse.com.tw/mops/web/ajax_t163sb04
中游,伺服器滑軌與機殼,2059,川湖,2020,2,balance_sheet,流動資產,10778558,"10,778,558",sii,https://mopsov.twse.com.tw/mops/web/ajax_t163sb05
中游,伺服器滑軌與機殼,2059,川湖,2020,2,balance_sheet,非流動資產,2373649,"2,373,649",sii,https://mopsov.twse.com.tw/mops/web/ajax_t163sb05
中游,伺服器滑軌與機殼,2059,川湖,2020,2,balance_sheet,資產總計,13152207,"13,152,207",sii,https://mopsov.twse.com.tw/mops/web/ajax_t163sb05
中游,伺服器滑軌與機殼,2059,川湖,2020,2,balance_sheet,流動負債,1832994,"1,832,994",sii,https://mopsov.twse.com.tw/mops/web/ajax_t163sb05
中游,伺服器滑軌與機殼,2059,川湖,2020,2,balance_sheet,非流動負債,740479,"740,479",sii,https://mopsov.twse.com.tw/mops/web/ajax_t163sb05
中游,伺服器滑軌與機殼,2059,川湖,2020,2,balance_sheet,負債總計,2573473,"2,573,473",sii,https://mopsov.twse.com.tw/mops/web/ajax_t163sb05
中游,伺服器滑軌與機殼,2059,川湖,2020,2,balance_sheet,股本,952971,"952,971",sii,https://mopsov.twse.com.tw/mops/web/ajax_t163sb05
中游,伺服器滑軌與機殼,2059,川湖,2020,2,balance_sheet,權益─具證券性質之虛擬通貨,,--,sii,https://mopsov.twse.com.tw/mops/web/ajax_t163sb05
中游,伺服器滑軌與機殼,2059,川湖,2020,2,balance_sheet,資本公積,796691,"796,691",sii,https://mopsov.twse.com.tw/mops/web/ajax_t163sb05
中游,伺服器滑軌與機殼,2059,川湖,2020,2,balance_sheet,保留盈餘,8840584,"8,840,584",sii,https://mopsov.twse.com.tw/mops/web/ajax_t163sb05
中游,伺服器滑軌與機殼,2059,川湖,2020,2,balance_sheet,其他權益,-11512,"-11,512",sii,https://mopsov.twse.com.tw/mops/web/ajax_t163sb05
中游,伺服器滑軌與機殼,2059,川湖,2020,2,balance_sheet,庫藏股票,0,0,sii,https://mopsov.twse.com.tw/mops/web/ajax_t163sb05
中游,伺服器滑軌與機殼,2059,川湖,2020,2,balance_sheet,歸屬於母公司業主之權益合計,10578734,"10,578,734",sii,https://mopsov.twse.com.tw/mops/web/ajax_t163sb05
中游,伺服器滑軌與機殼,2059,川湖,2020,2,balance_sheet,共同控制下前手權益,,--,sii,https://mopsov.twse.com.tw/mops/web/ajax_t163sb05
中游,伺服器滑軌與機殼,2059,川湖,2020,2,balance_sheet,合併前非屬共同控制股權,,--,sii,https://mopsov.twse.com.tw/mops/web/ajax_t163sb05
中游,伺服器滑軌與機殼,2059,川湖,2020,2,balance_sheet,非控制權益,0,0,sii,https://mopsov.twse.com.tw/mops/web/ajax_t163sb05
中游,伺服器滑軌與機殼,2059,川湖,2020,2,balance_sheet,權益總計,10578734,"10,578,734",sii,https://mopsov.twse.com.tw/mops/web/ajax_t163sb05
中游,伺服器滑軌與機殼,2059,川湖,2020,2,balance_sheet,待註銷股本股數（單位：股）,,--,sii,https://mopsov.twse.com.tw/mops/web/ajax_t163sb05
中游,伺服器滑軌與機殼,2059,川湖,2020,2,balance_sheet,預收股款（權益項下）之約當發行股數（單位：股）,0,0,sii,https://mopsov.twse.com.tw/mops/web/ajax_t163sb05
中游,伺服器滑軌與機殼,2059,川湖,2020,2,balance_sheet,母公司暨子公司所持有之母公司庫藏股股數（單位：股）,0,0,sii,https://mopsov.twse.com.tw/mops/web/ajax_t163sb05
中游,伺服器滑軌與機殼,2059,川湖,2020,2,balance_sheet,每股參考淨值,111.01,111.01,sii,https://mopsov.twse.com.tw/mops/web/ajax_t163sb05
中游,伺服器滑軌與機殼,8210,勤誠,2020,2,balance_sheet,流動資產,4789425,"4,789,425",sii,https://mopsov.twse.com.tw/mops/web/ajax_t163sb05
中游,伺服器滑軌與機殼,8210,勤誠,2020,2,balance_sheet,非流動資產,2073170,"2,073,170",sii,https://mopsov.twse.com.tw/mops/web/ajax_t163sb05
中游,伺服器滑軌與機殼,8210,勤誠,2020,2,balance_sheet,資產總計,6862595,"6,862,595",sii,https://mopsov.twse.com.tw/mops/web/ajax_t163sb05
中游,伺服器滑軌與機殼,8210,勤誠,2020,2,balance_sheet,流動負債,3425111,"3,425,111",sii,https://mopsov.twse.com.tw/mops/web/ajax_t163sb05
中游,伺服器滑軌與機殼,8210,勤誠,2020,2,balance_sheet,非流動負債,175389,"175,389",sii,https://mopsov.twse.com.tw/mops/web/ajax_t163sb05
中游,伺服器滑軌與機殼,8210,勤誠,2020,2,balance_sheet,負債總計,3600500,"3,600,500",sii,https://mopsov.twse.com.tw/mops/web/ajax_t163sb05
中游,伺服器滑軌與機殼,8210,勤誠,2020,2,balance_sheet,股本,1197260,"1,197,260",sii,https://mopsov.twse.com.tw/mops/web/ajax_t163sb05
中游,伺服器滑軌與機殼,8210,勤誠,2020,2,balance_sheet,權益─具證券性質之虛擬通貨,,--,sii,https://mopsov.twse.com.tw/mops/web/ajax_t163sb05
中游,伺服器滑軌與機殼,8210,勤誠,2020,2,balance_sheet,資本公積,48209,"48,209",sii,https://mopsov.twse.com.tw/mops/web/ajax_t163sb05
中游,伺服器滑軌與機殼,8210,勤誠,2020,2,balance_sheet,保留盈餘,2343977,"2,343,977",sii,https://mopsov.twse.com.tw/mops/web/ajax_t163sb05
中游,伺服器滑軌與機殼,8210,勤誠,2020,2,balance_sheet,其他權益,-341202,"-341,202",sii,https://mopsov.twse.com.tw/mops/web/ajax_t163sb05
中游,伺服器滑軌與機殼,8210,勤誠,2020,2,balance_sheet,庫藏股票,,--,sii,https://mopsov.twse.com.tw/mops/web/ajax_t163sb05
中游,伺服器滑軌與機殼,8210,勤誠,2020,2,balance_sheet,歸屬於母公司業主之權益合計,3248244,"3,248,244",sii,https://mopsov.twse.com.tw/mops/web/ajax_t163sb05
中游,伺服器滑軌與機殼,8210,勤誠,2020,2,balance_sheet,共同控制下前手權益,,--,sii,https://mopsov.twse.com.tw/mops/web/ajax_t163sb05
中游,伺服器滑軌與機殼,8210,勤誠,2020,2,balance_sheet,合併前非屬共同控制股權,,--,sii,https://mopsov.twse.com.tw/mops/web/ajax_t163sb05
中游,伺服器滑軌與機殼,8210,勤誠,2020,2,balance_sheet,非控制權益,13851,"13,851",sii,https://mopsov.twse.com.tw/mops/web/ajax_t163sb05
中游,伺服器滑軌與機殼,8210,勤誠,2020,2,balance_sheet,權益總計,3262095,"3,262,095",sii,https://mopsov.twse.com.tw/mops/web/ajax_t163sb05
中游,伺服器滑軌與機殼,8210,勤誠,2020,2,balance_sheet,待註銷股本股數（單位：股）,0,0,sii,https://mopsov.twse.com.tw/mops/web/ajax_t163sb05
中游,伺服器滑軌與機殼,8210,勤誠,2020,2,balance_sheet,預收股款（權益項下）之約當發行股數（單位：股）,0,0,sii,https://mopsov.twse.com.tw/mops/web/ajax_t163sb05
中游,伺服器滑軌與機殼,8210,勤誠,2020,2,balance_sheet,母公司暨子公司所持有之母公司庫藏股股數（單位：股）,0,0,sii,https://mopsov.twse.com.tw/mops/web/ajax_t163sb05
中游,伺服器滑軌與機殼,8210,勤誠,2020,2,balance_sheet,每股參考淨值,27.13,27.13,sii,https://mopsov.twse.com.tw/mops/web/ajax_t163sb05
中游,伺服器滑軌與機殼,6584,南俊國際,2020,2,balance_sheet,流動資產,543912,"543,912",otc,https://mopsov.twse.com.tw/mops/web/ajax_t163sb05
中游,伺服器滑軌與機殼,6584,南俊國際,2020,2,balance_sheet,非流動資產,2652368,"2,652,368",otc,https://mopsov.twse.com.tw/mops/web/ajax_t163sb05
中游,伺服器滑軌與機殼,6584,南俊國際,2020,2,balance_sheet,資產總計,3196280,"3,196,280",otc,https://mopsov.twse.com.tw/mops/web/ajax_t163sb05
中游,伺服器滑軌與機殼,6584,南俊國際,2020,2,balance_sheet,流動負債,466899,"466,899",otc,https://mopsov.twse.com.tw/mops/web/ajax_t163sb05
中游,伺服器滑軌與機殼,6584,南俊國際,2020,2,balance_sheet,非流動負債,1538623,"1,538,623",otc,https://mopsov.twse.com.tw/mops/web/ajax_t163sb05
中游,伺服器滑軌與機殼,6584,南俊國際,2020,2,balance_sheet,負債總計,2005522,"2,005,522",otc,https://mopsov.twse.com.tw/mops/web/ajax_t163sb05
中游,伺服器滑軌與機殼,6584,南俊國際,2020,2,balance_sheet,股本,520000,"520,000",otc,https://mopsov.twse.com.tw/mops/web/ajax_t163sb05
中游,伺服器滑軌與機殼,6584,南俊國際,2020,2,balance_sheet,權益─具證券性質之虛擬通貨,,--,otc,https://mopsov.twse.com.tw/mops/web/ajax_t163sb05
中游,伺服器滑軌與機殼,6584,南俊國際,2020,2,balance_sheet,資本公積,196000,"196,000",otc,https://mopsov.twse.com.tw/mops/web/ajax_t163sb05
中游,伺服器滑軌與機殼,6584,南俊國際,2020,2,balance_sheet,保留盈餘,475088,"475,088",otc,https://mopsov.twse.com.tw/mops/web/ajax_t163sb05
中游,伺服器滑軌與機殼,6584,南俊國際,2020,2,balance_sheet,其他權益,-330,-330,otc,https://mopsov.twse.com.tw/mops/web/ajax_t163sb05
中游,伺服器滑軌與機殼,6584,南俊國際,2020,2,balance_sheet,庫藏股票,,--,otc,https://mopsov.twse.com.tw/mops/web/ajax_t163sb05
中游,伺服器滑軌與機殼,6584,南俊國際,2020,2,balance_sheet,歸屬於母公司業主之權益合計,1190758,"1,190,758",otc,https://mopsov.twse.com.tw/mops/web/ajax_t163sb05
中游,伺服器滑軌與機殼,6584,南俊國際,2020,2,balance_sheet,共同控制下前手權益,,--,otc,https://mopsov.twse.com.tw/mops/web/ajax_t163sb05
中游,伺服器滑軌與機殼,6584,南俊國際,2020,2,balance_sheet,合併前非屬共同控制股權,,--,otc,https://mopsov.twse.com.tw/mops/web/ajax_t163sb05
中游,伺服器滑軌與機殼,6584,南俊國際,2020,2,balance_sheet,非控制權益,,--,otc,https://mopsov.twse.com.tw/mops/web/ajax_t163sb05
中游,伺服器滑軌與機殼,6584,南俊國際,2020,2,balance_sheet,權益總計,1190758,"1,190,758",otc,https://mopsov.twse.com.tw/mops/web/ajax_t163sb05
中游,伺服器滑軌與機殼,6584,南俊國際,2020,2,balance_sheet,待註銷股本股數（單位：股）,0,0,otc,https://mopsov.twse.com.tw/mops/web/ajax_t163sb05
中游,伺服器滑軌與機殼,6584,南俊國際,2020,2,balance_sheet,預收股款（權益項下）之約當發行股數（單位：股）,0,0,otc,https://mopsov.twse.com.tw/mops/web/ajax_t163sb05
中游,伺服器滑軌與機殼,6584,南俊國際,2020,2,balance_sheet,母公司暨子公司所持有之母公司庫藏股股數（單位：股）,0,0,otc,https://mopsov.twse.com.tw/mops/web/ajax_t163sb05
中游,伺服器滑軌與機殼,6584,南俊國際,2020,2,balance_sheet,每股參考淨值,22.9,22.90,otc,https://mopsov.twse.com.tw/mops/web/ajax_t163sb05
中游,伺服器滑軌與機殼,2059,川湖,2020,2,cash_flow,營業活動之淨現金流入（流出）,381995,"381,995",sii,https://mopsov.twse.com.tw/mops/web/ajax_t163sb20
中游,伺服器滑軌與機殼,2059,川湖,2020,2,cash_flow,投資活動之淨現金流入（流出）,-82225,"-82,225",sii,https://mopsov.twse.com.tw/mops/web/ajax_t163sb20
中游,伺服器滑軌與機殼,2059,川湖,2020,2,cash_flow,籌資活動之淨現金流入（流出）,-16057,"-16,057",sii,https://mopsov.twse.com.tw/mops/web/ajax_t163sb20
中游,伺服器滑軌與機殼,2059,川湖,2020,2,cash_flow,匯率變動對現金及約當現金之影響,-1548,"-1,548",sii,https://mopsov.twse.com.tw/mops/web/ajax_t163sb20
中游,伺服器滑軌與機殼,2059,川湖,2020,2,cash_flow,本期現金及約當現金增加（減少）數,282165,"282,165",sii,https://mopsov.twse.com.tw/mops/web/ajax_t163sb20
中游,伺服器滑軌與機殼,2059,川湖,2020,2,cash_flow,期初現金及約當現金餘額,8789207,"8,789,207",sii,https://mopsov.twse.com.tw/mops/web/ajax_t163sb20
中游,伺服器滑軌與機殼,2059,川湖,2020,2,cash_flow,期末現金及約當現金餘額,9071372,"9,071,372",sii,https://mopsov.twse.com.tw/mops/web/ajax_t163sb20
中游,伺服器滑軌與機殼,8210,勤誠,2020,2,cash_flow,營業活動之淨現金流入（流出）,89615,"89,615",sii,https://mopsov.twse.com.tw/mops/web/ajax_t163sb20
中游,伺服器滑軌與機殼,8210,勤誠,2020,2,cash_flow,投資活動之淨現金流入（流出）,553971,"553,971",sii,https://mopsov.twse.com.tw/mops/web/ajax_t163sb20
中游,伺服器滑軌與機殼,8210,勤誠,2020,2,cash_flow,籌資活動之淨現金流入（流出）,126732,"126,732",sii,https://mopsov.twse.com.tw/mops/web/ajax_t163sb20
中游,伺服器滑軌與機殼,8210,勤誠,2020,2,cash_flow,匯率變動對現金及約當現金之影響,-24778,"-24,778",sii,https://mopsov.twse.com.tw/mops/web/ajax_t163sb20
中游,伺服器滑軌與機殼,8210,勤誠,2020,2,cash_flow,本期現金及約當現金增加（減少）數,745540,"745,540",sii,https://mopsov.twse.com.tw/mops/web/ajax_t163sb20
中游,伺服器滑軌與機殼,8210,勤誠,2020,2,cash_flow,期初現金及約當現金餘額,988565,"988,565",sii,https://mopsov.twse.com.tw/mops/web/ajax_t163sb20
中游,伺服器滑軌與機殼,8210,勤誠,2020,2,cash_flow,期末現金及約當現金餘額,1734105,"1,734,105",sii,https://mopsov.twse.com.tw/mops/web/ajax_t163sb20
中游,伺服器滑軌與機殼,6584,南俊國際,2020,2,cash_flow,營業活動之淨現金流入（流出）,33409,"33,409",otc,https://mopsov.twse.com.tw/mops/web/ajax_t163sb20
中游,伺服器滑軌與機殼,6584,南俊國際,2020,2,cash_flow,投資活動之淨現金流入（流出）,-22530,"-22,530",otc,https://mopsov.twse.com.tw/mops/web/ajax_t163sb20
中游,伺服器滑軌與機殼,6584,南俊國際,2020,2,cash_flow,籌資活動之淨現金流入（流出）,-23542,"-23,542",otc,https://mopsov.twse.com.tw/mops/web/ajax_t163sb20
中游,伺服器滑軌與機殼,6584,南俊國際,2020,2,cash_flow,匯率變動對現金及約當現金之影響,74,74,otc,https://mopsov.twse.com.tw/mops/web/ajax_t163sb20
中游,伺服器滑軌與機殼,6584,南俊國際,2020,2,cash_flow,本期現金及約當現金增加（減少）數,-12589,"-12,589",otc,https://mopsov.twse.com.tw/mops/web/ajax_t163sb20
中游,伺服器滑軌與機殼,6584,南俊國際,2020,2,cash_flow,期初現金及約當現金餘額,135049,"135,049",otc,https://mopsov.twse.com.tw/mops/web/ajax_t163sb20
中游,伺服器滑軌與機殼,6584,南俊國際,2020,2,cash_flow,期末現金及約當現金餘額,122460,"122,460",otc,https://mopsov.twse.com.tw/mops/web/ajax_t163sb20
中游,伺服器滑軌與機殼,2059,川湖,2020,3,income_statement,營業收入,3537478,"3,537,478",sii,https://mopsov.twse.com.tw/mops/web/ajax_t163sb04
中游,伺服器滑軌與機殼,2059,川湖,2020,3,income_statement,營業成本,1640376,"1,640,376",sii,https://mopsov.twse.com.tw/mops/web/ajax_t163sb04
中游,伺服器滑軌與機殼,2059,川湖,2020,3,income_statement,原始認列生物資產及農產品之利益（損失）,,--,sii,https://mopsov.twse.com.tw/mops/web/ajax_t163sb04
中游,伺服器滑軌與機殼,2059,川湖,2020,3,income_statement,生物資產當期公允價值減出售成本之變動利益（損失）,,--,sii,https://mopsov.twse.com.tw/mops/web/ajax_t163sb04
中游,伺服器滑軌與機殼,2059,川湖,2020,3,income_statement,營業毛利（毛損）,1897102,"1,897,102",sii,https://mopsov.twse.com.tw/mops/web/ajax_t163sb04
中游,伺服器滑軌與機殼,2059,川湖,2020,3,income_statement,未實現銷貨（損）益,,--,sii,https://mopsov.twse.com.tw/mops/web/ajax_t163sb04
中游,伺服器滑軌與機殼,2059,川湖,2020,3,income_statement,已實現銷貨（損）益,,--,sii,https://mopsov.twse.com.tw/mops/web/ajax_t163sb04
中游,伺服器滑軌與機殼,2059,川湖,2020,3,income_statement,營業毛利（毛損）淨額,1897102,"1,897,102",sii,https://mopsov.twse.com.tw/mops/web/ajax_t163sb04
中游,伺服器滑軌與機殼,2059,川湖,2020,3,income_statement,營業費用,419286,"419,286",sii,https://mopsov.twse.com.tw/mops/web/ajax_t163sb04
中游,伺服器滑軌與機殼,2059,川湖,2020,3,income_statement,其他收益及費損淨額,,--,sii,https://mopsov.twse.com.tw/mops/web/ajax_t163sb04
中游,伺服器滑軌與機殼,2059,川湖,2020,3,income_statement,營業利益（損失）,1477816,"1,477,816",sii,https://mopsov.twse.com.tw/mops/web/ajax_t163sb04
中游,伺服器滑軌與機殼,2059,川湖,2020,3,income_statement,營業外收入及支出,-236992,"-236,992",sii,https://mopsov.twse.com.tw/mops/web/ajax_t163sb04
中游,伺服器滑軌與機殼,2059,川湖,2020,3,income_statement,稅前淨利（淨損）,1240824,"1,240,824",sii,https://mopsov.twse.com.tw/mops/web/ajax_t163sb04
中游,伺服器滑軌與機殼,2059,川湖,2020,3,income_statement,所得稅費用（利益）,320015,"320,015",sii,https://mopsov.twse.com.tw/mops/web/ajax_t163sb04
中游,伺服器滑軌與機殼,2059,川湖,2020,3,income_statement,繼續營業單位本期淨利（淨損）,920809,"920,809",sii,https://mopsov.twse.com.tw/mops/web/ajax_t163sb04
中游,伺服器滑軌與機殼,2059,川湖,2020,3,income_statement,停業單位損益,,--,sii,https://mopsov.twse.com.tw/mops/web/ajax_t163sb04
中游,伺服器滑軌與機殼,2059,川湖,2020,3,income_statement,合併前非屬共同控制股權損益,,--,sii,https://mopsov.twse.com.tw/mops/web/ajax_t163sb04
中游,伺服器滑軌與機殼,2059,川湖,2020,3,income_statement,本期淨利（淨損）,920809,"920,809",sii,https://mopsov.twse.com.tw/mops/web/ajax_t163sb04
中游,伺服器滑軌與機殼,2059,川湖,2020,3,income_statement,其他綜合損益（淨額）,-2262,"-2,262",sii,https://mopsov.twse.com.tw/mops/web/ajax_t163sb04
中游,伺服器滑軌與機殼,2059,川湖,2020,3,income_statement,合併前非屬共同控制股權綜合損益淨額,,--,sii,https://mopsov.twse.com.tw/mops/web/ajax_t163sb04
中游,伺服器滑軌與機殼,2059,川湖,2020,3,income_statement,本期綜合損益總額,918547,"918,547",sii,https://mopsov.twse.com.tw/mops/web/ajax_t163sb04
中游,伺服器滑軌與機殼,2059,川湖,2020,3,income_statement,淨利（淨損）歸屬於母公司業主,920809,"920,809",sii,https://mopsov.twse.com.tw/mops/web/ajax_t163sb04
中游,伺服器滑軌與機殼,2059,川湖,2020,3,income_statement,淨利（淨損）歸屬於共同控制下前手權益,,--,sii,https://mopsov.twse.com.tw/mops/web/ajax_t163sb04
中游,伺服器滑軌與機殼,2059,川湖,2020,3,income_statement,淨利（淨損）歸屬於非控制權益,,--,sii,https://mopsov.twse.com.tw/mops/web/ajax_t163sb04
中游,伺服器滑軌與機殼,2059,川湖,2020,3,income_statement,綜合損益總額歸屬於母公司業主,918547,"918,547",sii,https://mopsov.twse.com.tw/mops/web/ajax_t163sb04
中游,伺服器滑軌與機殼,2059,川湖,2020,3,income_statement,綜合損益總額歸屬於共同控制下前手權益,,--,sii,https://mopsov.twse.com.tw/mops/web/ajax_t163sb04
中游,伺服器滑軌與機殼,2059,川湖,2020,3,income_statement,綜合損益總額歸屬於非控制權益,,--,sii,https://mopsov.twse.com.tw/mops/web/ajax_t163sb04
中游,伺服器滑軌與機殼,2059,川湖,2020,3,income_statement,基本每股盈餘（元）,9.66,9.66,sii,https://mopsov.twse.com.tw/mops/web/ajax_t163sb04
中游,伺服器滑軌與機殼,8210,勤誠,2020,3,income_statement,營業收入,5649699,"5,649,699",sii,https://mopsov.twse.com.tw/mops/web/ajax_t163sb04
中游,伺服器滑軌與機殼,8210,勤誠,2020,3,income_statement,營業成本,4189711,"4,189,711",sii,https://mopsov.twse.com.tw/mops/web/ajax_t163sb04
中游,伺服器滑軌與機殼,8210,勤誠,2020,3,income_statement,原始認列生物資產及農產品之利益（損失）,,--,sii,https://mopsov.twse.com.tw/mops/web/ajax_t163sb04
中游,伺服器滑軌與機殼,8210,勤誠,2020,3,income_statement,生物資產當期公允價值減出售成本之變動利益（損失）,,--,sii,https://mopsov.twse.com.tw/mops/web/ajax_t163sb04
中游,伺服器滑軌與機殼,8210,勤誠,2020,3,income_statement,營業毛利（毛損）,1459988,"1,459,988",sii,https://mopsov.twse.com.tw/mops/web/ajax_t163sb04
中游,伺服器滑軌與機殼,8210,勤誠,2020,3,income_statement,未實現銷貨（損）益,,--,sii,https://mopsov.twse.com.tw/mops/web/ajax_t163sb04
中游,伺服器滑軌與機殼,8210,勤誠,2020,3,income_statement,已實現銷貨（損）益,,--,sii,https://mopsov.twse.com.tw/mops/web/ajax_t163sb04
中游,伺服器滑軌與機殼,8210,勤誠,2020,3,income_statement,營業毛利（毛損）淨額,1459988,"1,459,988",sii,https://mopsov.twse.com.tw/mops/web/ajax_t163sb04
中游,伺服器滑軌與機殼,8210,勤誠,2020,3,income_statement,營業費用,720732,"720,732",sii,https://mopsov.twse.com.tw/mops/web/ajax_t163sb04
中游,伺服器滑軌與機殼,8210,勤誠,2020,3,income_statement,其他收益及費損淨額,,--,sii,https://mopsov.twse.com.tw/mops/web/ajax_t163sb04
中游,伺服器滑軌與機殼,8210,勤誠,2020,3,income_statement,營業利益（損失）,739256,"739,256",sii,https://mopsov.twse.com.tw/mops/web/ajax_t163sb04
中游,伺服器滑軌與機殼,8210,勤誠,2020,3,income_statement,營業外收入及支出,58173,"58,173",sii,https://mopsov.twse.com.tw/mops/web/ajax_t163sb04
中游,伺服器滑軌與機殼,8210,勤誠,2020,3,income_statement,稅前淨利（淨損）,797429,"797,429",sii,https://mopsov.twse.com.tw/mops/web/ajax_t163sb04
中游,伺服器滑軌與機殼,8210,勤誠,2020,3,income_statement,所得稅費用（利益）,169973,"169,973",sii,https://mopsov.twse.com.tw/mops/web/ajax_t163sb04
中游,伺服器滑軌與機殼,8210,勤誠,2020,3,income_statement,繼續營業單位本期淨利（淨損）,627456,"627,456",sii,https://mopsov.twse.com.tw/mops/web/ajax_t163sb04
中游,伺服器滑軌與機殼,8210,勤誠,2020,3,income_statement,停業單位損益,,--,sii,https://mopsov.twse.com.tw/mops/web/ajax_t163sb04
中游,伺服器滑軌與機殼,8210,勤誠,2020,3,income_statement,合併前非屬共同控制股權損益,,--,sii,https://mopsov.twse.com.tw/mops/web/ajax_t163sb04
中游,伺服器滑軌與機殼,8210,勤誠,2020,3,income_statement,本期淨利（淨損）,627456,"627,456",sii,https://mopsov.twse.com.tw/mops/web/ajax_t163sb04
中游,伺服器滑軌與機殼,8210,勤誠,2020,3,income_statement,其他綜合損益（淨額）,-83415,"-83,415",sii,https://mopsov.twse.com.tw/mops/web/ajax_t163sb04
中游,伺服器滑軌與機殼,8210,勤誠,2020,3,income_statement,合併前非屬共同控制股權綜合損益淨額,,--,sii,https://mopsov.twse.com.tw/mops/web/ajax_t163sb04
中游,伺服器滑軌與機殼,8210,勤誠,2020,3,income_statement,本期綜合損益總額,544041,"544,041",sii,https://mopsov.twse.com.tw/mops/web/ajax_t163sb04
中游,伺服器滑軌與機殼,8210,勤誠,2020,3,income_statement,淨利（淨損）歸屬於母公司業主,629472,"629,472",sii,https://mopsov.twse.com.tw/mops/web/ajax_t163sb04
中游,伺服器滑軌與機殼,8210,勤誠,2020,3,income_statement,淨利（淨損）歸屬於共同控制下前手權益,,--,sii,https://mopsov.twse.com.tw/mops/web/ajax_t163sb04
中游,伺服器滑軌與機殼,8210,勤誠,2020,3,income_statement,淨利（淨損）歸屬於非控制權益,-2016,"-2,016",sii,https://mopsov.twse.com.tw/mops/web/ajax_t163sb04
中游,伺服器滑軌與機殼,8210,勤誠,2020,3,income_statement,綜合損益總額歸屬於母公司業主,546057,"546,057",sii,https://mopsov.twse.com.tw/mops/web/ajax_t163sb04
中游,伺服器滑軌與機殼,8210,勤誠,2020,3,income_statement,綜合損益總額歸屬於共同控制下前手權益,,--,sii,https://mopsov.twse.com.tw/mops/web/ajax_t163sb04
中游,伺服器滑軌與機殼,8210,勤誠,2020,3,income_statement,綜合損益總額歸屬於非控制權益,-2016,"-2,016",sii,https://mopsov.twse.com.tw/mops/web/ajax_t163sb04
中游,伺服器滑軌與機殼,8210,勤誠,2020,3,income_statement,基本每股盈餘（元）,5.26,5.26,sii,https://mopsov.twse.com.tw/mops/web/ajax_t163sb04
中游,伺服器滑軌與機殼,2059,川湖,2020,3,balance_sheet,流動資產,10247690,"10,247,690",sii,https://mopsov.twse.com.tw/mops/web/ajax_t163sb05
中游,伺服器滑軌與機殼,2059,川湖,2020,3,balance_sheet,非流動資產,2538631,"2,538,631",sii,https://mopsov.twse.com.tw/mops/web/ajax_t163sb05
中游,伺服器滑軌與機殼,2059,川湖,2020,3,balance_sheet,資產總計,12786321,"12,786,321",sii,https://mopsov.twse.com.tw/mops/web/ajax_t163sb05
中游,伺服器滑軌與機殼,2059,川湖,2020,3,balance_sheet,流動負債,1177024,"1,177,024",sii,https://mopsov.twse.com.tw/mops/web/ajax_t163sb05
中游,伺服器滑軌與機殼,2059,川湖,2020,3,balance_sheet,非流動負債,732590,"732,590",sii,https://mopsov.twse.com.tw/mops/web/ajax_t163sb05
中游,伺服器滑軌與機殼,2059,川湖,2020,3,balance_sheet,負債總計,1909614,"1,909,614",sii,https://mopsov.twse.com.tw/mops/web/ajax_t163sb05
中游,伺服器滑軌與機殼,2059,川湖,2020,3,balance_sheet,股本,952971,"952,971",sii,https://mopsov.twse.com.tw/mops/web/ajax_t163sb05
中游,伺服器滑軌與機殼,2059,川湖,2020,3,balance_sheet,權益─具證券性質之虛擬通貨,,--,sii,https://mopsov.twse.com.tw/mops/web/ajax_t163sb05
中游,伺服器滑軌與機殼,2059,川湖,2020,3,balance_sheet,資本公積,796691,"796,691",sii,https://mopsov.twse.com.tw/mops/web/ajax_t163sb05
中游,伺服器滑軌與機殼,2059,川湖,2020,3,balance_sheet,保留盈餘,9136977,"9,136,977",sii,https://mopsov.twse.com.tw/mops/web/ajax_t163sb05
中游,伺服器滑軌與機殼,2059,川湖,2020,3,balance_sheet,其他權益,-9932,"-9,932",sii,https://mopsov.twse.com.tw/mops/web/ajax_t163sb05
中游,伺服器滑軌與機殼,2059,川湖,2020,3,balance_sheet,庫藏股票,0,0,sii,https://mopsov.twse.com.tw/mops/web/ajax_t163sb05
中游,伺服器滑軌與機殼,2059,川湖,2020,3,balance_sheet,歸屬於母公司業主之權益合計,10876707,"10,876,707",sii,https://mopsov.twse.com.tw/mops/web/ajax_t163sb05
中游,伺服器滑軌與機殼,2059,川湖,2020,3,balance_sheet,共同控制下前手權益,,--,sii,https://mopsov.twse.com.tw/mops/web/ajax_t163sb05
中游,伺服器滑軌與機殼,2059,川湖,2020,3,balance_sheet,合併前非屬共同控制股權,,--,sii,https://mopsov.twse.com.tw/mops/web/ajax_t163sb05
中游,伺服器滑軌與機殼,2059,川湖,2020,3,balance_sheet,非控制權益,0,0,sii,https://mopsov.twse.com.tw/mops/web/ajax_t163sb05
中游,伺服器滑軌與機殼,2059,川湖,2020,3,balance_sheet,權益總計,10876707,"10,876,707",sii,https://mopsov.twse.com.tw/mops/web/ajax_t163sb05
中游,伺服器滑軌與機殼,2059,川湖,2020,3,balance_sheet,待註銷股本股數（單位：股）,0,0,sii,https://mopsov.twse.com.tw/mops/web/ajax_t163sb05
中游,伺服器滑軌與機殼,2059,川湖,2020,3,balance_sheet,預收股款（權益項下）之約當發行股數（單位：股）,0,0,sii,https://mopsov.twse.com.tw/mops/web/ajax_t163sb05
中游,伺服器滑軌與機殼,2059,川湖,2020,3,balance_sheet,母公司暨子公司所持有之母公司庫藏股股數（單位：股）,0,0,sii,https://mopsov.twse.com.tw/mops/web/ajax_t163sb05
中游,伺服器滑軌與機殼,2059,川湖,2020,3,balance_sheet,每股參考淨值,114.13,114.13,sii,https://mopsov.twse.com.tw/mops/web/ajax_t163sb05
中游,伺服器滑軌與機殼,8210,勤誠,2020,3,balance_sheet,流動資產,4815858,"4,815,858",sii,https://mopsov.twse.com.tw/mops/web/ajax_t163sb05
中游,伺服器滑軌與機殼,8210,勤誠,2020,3,balance_sheet,非流動資產,3025551,"3,025,551",sii,https://mopsov.twse.com.tw/mops/web/ajax_t163sb05
中游,伺服器滑軌與機殼,8210,勤誠,2020,3,balance_sheet,資產總計,7841409,"7,841,409",sii,https://mopsov.twse.com.tw/mops/web/ajax_t163sb05
中游,伺服器滑軌與機殼,8210,勤誠,2020,3,balance_sheet,流動負債,4002921,"4,002,921",sii,https://mopsov.twse.com.tw/mops/web/ajax_t163sb05
中游,伺服器滑軌與機殼,8210,勤誠,2020,3,balance_sheet,非流動負債,302582,"302,582",sii,https://mopsov.twse.com.tw/mops/web/ajax_t163sb05
中游,伺服器滑軌與機殼,8210,勤誠,2020,3,balance_sheet,負債總計,4305503,"4,305,503",sii,https://mopsov.twse.com.tw/mops/web/ajax_t163sb05
中游,伺服器滑軌與機殼,8210,勤誠,2020,3,balance_sheet,股本,1209260,"1,209,260",sii,https://mopsov.twse.com.tw/mops/web/ajax_t163sb05
中游,伺服器滑軌與機殼,8210,勤誠,2020,3,balance_sheet,權益─具證券性質之虛擬通貨,,--,sii,https://mopsov.twse.com.tw/mops/web/ajax_t163sb05
中游,伺服器滑軌與機殼,8210,勤誠,2020,3,balance_sheet,資本公積,145769,"145,769",sii,https://mopsov.twse.com.tw/mops/web/ajax_t163sb05
中游,伺服器滑軌與機殼,8210,勤誠,2020,3,balance_sheet,保留盈餘,2577823,"2,577,823",sii,https://mopsov.twse.com.tw/mops/web/ajax_t163sb05
中游,伺服器滑軌與機殼,8210,勤誠,2020,3,balance_sheet,其他權益,-409930,"-409,930",sii,https://mopsov.twse.com.tw/mops/web/ajax_t163sb05
中游,伺服器滑軌與機殼,8210,勤誠,2020,3,balance_sheet,庫藏股票,,--,sii,https://mopsov.twse.com.tw/mops/web/ajax_t163sb05
中游,伺服器滑軌與機殼,8210,勤誠,2020,3,balance_sheet,歸屬於母公司業主之權益合計,3522922,"3,522,922",sii,https://mopsov.twse.com.tw/mops/web/ajax_t163sb05
中游,伺服器滑軌與機殼,8210,勤誠,2020,3,balance_sheet,共同控制下前手權益,,--,sii,https://mopsov.twse.com.tw/mops/web/ajax_t163sb05
中游,伺服器滑軌與機殼,8210,勤誠,2020,3,balance_sheet,合併前非屬共同控制股權,,--,sii,https://mopsov.twse.com.tw/mops/web/ajax_t163sb05
中游,伺服器滑軌與機殼,8210,勤誠,2020,3,balance_sheet,非控制權益,12984,"12,984",sii,https://mopsov.twse.com.tw/mops/web/ajax_t163sb05
中游,伺服器滑軌與機殼,8210,勤誠,2020,3,balance_sheet,權益總計,3535906,"3,535,906",sii,https://mopsov.twse.com.tw/mops/web/ajax_t163sb05
中游,伺服器滑軌與機殼,8210,勤誠,2020,3,balance_sheet,待註銷股本股數（單位：股）,0,0,sii,https://mopsov.twse.com.tw/mops/web/ajax_t163sb05
中游,伺服器滑軌與機殼,8210,勤誠,2020,3,balance_sheet,預收股款（權益項下）之約當發行股數（單位：股）,0,0,sii,https://mopsov.twse.com.tw/mops/web/ajax_t163sb05
中游,伺服器滑軌與機殼,8210,勤誠,2020,3,balance_sheet,母公司暨子公司所持有之母公司庫藏股股數（單位：股）,0,0,sii,https://mopsov.twse.com.tw/mops/web/ajax_t163sb05
中游,伺服器滑軌與機殼,8210,勤誠,2020,3,balance_sheet,每股參考淨值,29.13,29.13,sii,https://mopsov.twse.com.tw/mops/web/ajax_t163sb05
中游,伺服器滑軌與機殼,2059,川湖,2020,3,cash_flow,營業活動之淨現金流入（流出）,1100093,"1,100,093",sii,https://mopsov.twse.com.tw/mops/web/ajax_t163sb20
中游,伺服器滑軌與機殼,2059,川湖,2020,3,cash_flow,投資活動之淨現金流入（流出）,-173545,"-173,545",sii,https://mopsov.twse.com.tw/mops/web/ajax_t163sb20
中游,伺服器滑軌與機殼,2059,川湖,2020,3,cash_flow,籌資活動之淨現金流入（流出）,-786511,"-786,511",sii,https://mopsov.twse.com.tw/mops/web/ajax_t163sb20
中游,伺服器滑軌與機殼,2059,川湖,2020,3,cash_flow,匯率變動對現金及約當現金之影響,-249030,"-249,030",sii,https://mopsov.twse.com.tw/mops/web/ajax_t163sb20
中游,伺服器滑軌與機殼,2059,川湖,2020,3,cash_flow,本期現金及約當現金增加（減少）數,-108993,"-108,993",sii,https://mopsov.twse.com.tw/mops/web/ajax_t163sb20
中游,伺服器滑軌與機殼,2059,川湖,2020,3,cash_flow,期初現金及約當現金餘額,8789207,"8,789,207",sii,https://mopsov.twse.com.tw/mops/web/ajax_t163sb20
中游,伺服器滑軌與機殼,2059,川湖,2020,3,cash_flow,期末現金及約當現金餘額,8680214,"8,680,214",sii,https://mopsov.twse.com.tw/mops/web/ajax_t163sb20
中游,伺服器滑軌與機殼,8210,勤誠,2020,3,cash_flow,營業活動之淨現金流入（流出）,290228,"290,228",sii,https://mopsov.twse.com.tw/mops/web/ajax_t163sb20
中游,伺服器滑軌與機殼,8210,勤誠,2020,3,cash_flow,投資活動之淨現金流入（流出）,-74612,"-74,612",sii,https://mopsov.twse.com.tw/mops/web/ajax_t163sb20
中游,伺服器滑軌與機殼,8210,勤誠,2020,3,cash_flow,籌資活動之淨現金流入（流出）,291566,"291,566",sii,https://mopsov.twse.com.tw/mops/web/ajax_t163sb20
中游,伺服器滑軌與機殼,8210,勤誠,2020,3,cash_flow,匯率變動對現金及約當現金之影響,-42049,"-42,049",sii,https://mopsov.twse.com.tw/mops/web/ajax_t163sb20
中游,伺服器滑軌與機殼,8210,勤誠,2020,3,cash_flow,本期現金及約當現金增加（減少）數,465133,"465,133",sii,https://mopsov.twse.com.tw/mops/web/ajax_t163sb20
中游,伺服器滑軌與機殼,8210,勤誠,2020,3,cash_flow,期初現金及約當現金餘額,988565,"988,565",sii,https://mopsov.twse.com.tw/mops/web/ajax_t163sb20
中游,伺服器滑軌與機殼,8210,勤誠,2020,3,cash_flow,期末現金及約當現金餘額,1453698,"1,453,698",sii,https://mopsov.twse.com.tw/mops/web/ajax_t163sb20
中游,伺服器滑軌與機殼,2059,川湖,2020,4,income_statement,營業收入,4801405,"4,801,405",sii,https://mopsov.twse.com.tw/mops/web/ajax_t163sb04
中游,伺服器滑軌與機殼,2059,川湖,2020,4,income_statement,營業成本,2286593,"2,286,593",sii,https://mopsov.twse.com.tw/mops/web/ajax_t163sb04
中游,伺服器滑軌與機殼,2059,川湖,2020,4,income_statement,原始認列生物資產及農產品之利益（損失）,,--,sii,https://mopsov.twse.com.tw/mops/web/ajax_t163sb04
中游,伺服器滑軌與機殼,2059,川湖,2020,4,income_statement,生物資產當期公允價值減出售成本之變動利益（損失）,,--,sii,https://mopsov.twse.com.tw/mops/web/ajax_t163sb04
中游,伺服器滑軌與機殼,2059,川湖,2020,4,income_statement,營業毛利（毛損）,2514812,"2,514,812",sii,https://mopsov.twse.com.tw/mops/web/ajax_t163sb04
中游,伺服器滑軌與機殼,2059,川湖,2020,4,income_statement,未實現銷貨（損）益,,--,sii,https://mopsov.twse.com.tw/mops/web/ajax_t163sb04
中游,伺服器滑軌與機殼,2059,川湖,2020,4,income_statement,已實現銷貨（損）益,,--,sii,https://mopsov.twse.com.tw/mops/web/ajax_t163sb04
中游,伺服器滑軌與機殼,2059,川湖,2020,4,income_statement,營業毛利（毛損）淨額,2514812,"2,514,812",sii,https://mopsov.twse.com.tw/mops/web/ajax_t163sb04
中游,伺服器滑軌與機殼,2059,川湖,2020,4,income_statement,營業費用,553203,"553,203",sii,https://mopsov.twse.com.tw/mops/web/ajax_t163sb04
中游,伺服器滑軌與機殼,2059,川湖,2020,4,income_statement,其他收益及費損淨額,,--,sii,https://mopsov.twse.com.tw/mops/web/ajax_t163sb04
中游,伺服器滑軌與機殼,2059,川湖,2020,4,income_statement,營業利益（損失）,1961609,"1,961,609",sii,https://mopsov.twse.com.tw/mops/web/ajax_t163sb04
中游,伺服器滑軌與機殼,2059,川湖,2020,4,income_statement,營業外收入及支出,-419464,"-419,464",sii,https://mopsov.twse.com.tw/mops/web/ajax_t163sb04
中游,伺服器滑軌與機殼,2059,川湖,2020,4,income_statement,稅前淨利（淨損）,1542145,"1,542,145",sii,https://mopsov.twse.com.tw/mops/web/ajax_t163sb04
中游,伺服器滑軌與機殼,2059,川湖,2020,4,income_statement,所得稅費用（利益）,377556,"377,556",sii,https://mopsov.twse.com.tw/mops/web/ajax_t163sb04
中游,伺服器滑軌與機殼,2059,川湖,2020,4,income_statement,繼續營業單位本期淨利（淨損）,1164589,"1,164,589",sii,https://mopsov.twse.com.tw/mops/web/ajax_t163sb04
中游,伺服器滑軌與機殼,2059,川湖,2020,4,income_statement,停業單位損益,,--,sii,https://mopsov.twse.com.tw/mops/web/ajax_t163sb04
中游,伺服器滑軌與機殼,2059,川湖,2020,4,income_statement,合併前非屬共同控制股權損益,,--,sii,https://mopsov.twse.com.tw/mops/web/ajax_t163sb04
中游,伺服器滑軌與機殼,2059,川湖,2020,4,income_statement,本期淨利（淨損）,1164589,"1,164,589",sii,https://mopsov.twse.com.tw/mops/web/ajax_t163sb04
中游,伺服器滑軌與機殼,2059,川湖,2020,4,income_statement,其他綜合損益（淨額）,-1708,"-1,708",sii,https://mopsov.twse.com.tw/mops/web/ajax_t163sb04
中游,伺服器滑軌與機殼,2059,川湖,2020,4,income_statement,合併前非屬共同控制股權綜合損益淨額,,--,sii,https://mopsov.twse.com.tw/mops/web/ajax_t163sb04
中游,伺服器滑軌與機殼,2059,川湖,2020,4,income_statement,本期綜合損益總額,1162881,"1,162,881",sii,https://mopsov.twse.com.tw/mops/web/ajax_t163sb04
中游,伺服器滑軌與機殼,2059,川湖,2020,4,income_statement,淨利（淨損）歸屬於母公司業主,1164589,"1,164,589",sii,https://mopsov.twse.com.tw/mops/web/ajax_t163sb04
中游,伺服器滑軌與機殼,2059,川湖,2020,4,income_statement,淨利（淨損）歸屬於共同控制下前手權益,,--,sii,https://mopsov.twse.com.tw/mops/web/ajax_t163sb04
中游,伺服器滑軌與機殼,2059,川湖,2020,4,income_statement,淨利（淨損）歸屬於非控制權益,,--,sii,https://mopsov.twse.com.tw/mops/web/ajax_t163sb04
中游,伺服器滑軌與機殼,2059,川湖,2020,4,income_statement,綜合損益總額歸屬於母公司業主,1162881,"1,162,881",sii,https://mopsov.twse.com.tw/mops/web/ajax_t163sb04
中游,伺服器滑軌與機殼,2059,川湖,2020,4,income_statement,綜合損益總額歸屬於共同控制下前手權益,,--,sii,https://mopsov.twse.com.tw/mops/web/ajax_t163sb04
中游,伺服器滑軌與機殼,2059,川湖,2020,4,income_statement,綜合損益總額歸屬於非控制權益,,--,sii,https://mopsov.twse.com.tw/mops/web/ajax_t163sb04
中游,伺服器滑軌與機殼,2059,川湖,2020,4,income_statement,基本每股盈餘（元）,12.22,12.22,sii,https://mopsov.twse.com.tw/mops/web/ajax_t163sb04
中游,伺服器滑軌與機殼,8210,勤誠,2020,4,income_statement,營業收入,7544545,"7,544,545",sii,https://mopsov.twse.com.tw/mops/web/ajax_t163sb04
中游,伺服器滑軌與機殼,8210,勤誠,2020,4,income_statement,營業成本,5612927,"5,612,927",sii,https://mopsov.twse.com.tw/mops/web/ajax_t163sb04
中游,伺服器滑軌與機殼,8210,勤誠,2020,4,income_statement,原始認列生物資產及農產品之利益（損失）,,--,sii,https://mopsov.twse.com.tw/mops/web/ajax_t163sb04
中游,伺服器滑軌與機殼,8210,勤誠,2020,4,income_statement,生物資產當期公允價值減出售成本之變動利益（損失）,,--,sii,https://mopsov.twse.com.tw/mops/web/ajax_t163sb04
中游,伺服器滑軌與機殼,8210,勤誠,2020,4,income_statement,營業毛利（毛損）,1931618,"1,931,618",sii,https://mopsov.twse.com.tw/mops/web/ajax_t163sb04
中游,伺服器滑軌與機殼,8210,勤誠,2020,4,income_statement,未實現銷貨（損）益,,--,sii,https://mopsov.twse.com.tw/mops/web/ajax_t163sb04
中游,伺服器滑軌與機殼,8210,勤誠,2020,4,income_statement,已實現銷貨（損）益,,--,sii,https://mopsov.twse.com.tw/mops/web/ajax_t163sb04
中游,伺服器滑軌與機殼,8210,勤誠,2020,4,income_statement,營業毛利（毛損）淨額,1931618,"1,931,618",sii,https://mopsov.twse.com.tw/mops/web/ajax_t163sb04
中游,伺服器滑軌與機殼,8210,勤誠,2020,4,income_statement,營業費用,968425,"968,425",sii,https://mopsov.twse.com.tw/mops/web/ajax_t163sb04
中游,伺服器滑軌與機殼,8210,勤誠,2020,4,income_statement,其他收益及費損淨額,,--,sii,https://mopsov.twse.com.tw/mops/web/ajax_t163sb04
中游,伺服器滑軌與機殼,8210,勤誠,2020,4,income_statement,營業利益（損失）,963193,"963,193",sii,https://mopsov.twse.com.tw/mops/web/ajax_t163sb04
中游,伺服器滑軌與機殼,8210,勤誠,2020,4,income_statement,營業外收入及支出,239960,"239,960",sii,https://mopsov.twse.com.tw/mops/web/ajax_t163sb04
中游,伺服器滑軌與機殼,8210,勤誠,2020,4,income_statement,稅前淨利（淨損）,1203153,"1,203,153",sii,https://mopsov.twse.com.tw/mops/web/ajax_t163sb04
中游,伺服器滑軌與機殼,8210,勤誠,2020,4,income_statement,所得稅費用（利益）,229606,"229,606",sii,https://mopsov.twse.com.tw/mops/web/ajax_t163sb04
中游,伺服器滑軌與機殼,8210,勤誠,2020,4,income_statement,繼續營業單位本期淨利（淨損）,973547,"973,547",sii,https://mopsov.twse.com.tw/mops/web/ajax_t163sb04
中游,伺服器滑軌與機殼,8210,勤誠,2020,4,income_statement,停業單位損益,,--,sii,https://mopsov.twse.com.tw/mops/web/ajax_t163sb04
中游,伺服器滑軌與機殼,8210,勤誠,2020,4,income_statement,合併前非屬共同控制股權損益,,--,sii,https://mopsov.twse.com.tw/mops/web/ajax_t163sb04
中游,伺服器滑軌與機殼,8210,勤誠,2020,4,income_statement,本期淨利（淨損）,973547,"973,547",sii,https://mopsov.twse.com.tw/mops/web/ajax_t163sb04
中游,伺服器滑軌與機殼,8210,勤誠,2020,4,income_statement,其他綜合損益（淨額）,-38074,"-38,074",sii,https://mopsov.twse.com.tw/mops/web/ajax_t163sb04
中游,伺服器滑軌與機殼,8210,勤誠,2020,4,income_statement,合併前非屬共同控制股權綜合損益淨額,,--,sii,https://mopsov.twse.com.tw/mops/web/ajax_t163sb04
中游,伺服器滑軌與機殼,8210,勤誠,2020,4,income_statement,本期綜合損益總額,935473,"935,473",sii,https://mopsov.twse.com.tw/mops/web/ajax_t163sb04
中游,伺服器滑軌與機殼,8210,勤誠,2020,4,income_statement,淨利（淨損）歸屬於母公司業主,976857,"976,857",sii,https://mopsov.twse.com.tw/mops/web/ajax_t163sb04
中游,伺服器滑軌與機殼,8210,勤誠,2020,4,income_statement,淨利（淨損）歸屬於共同控制下前手權益,,--,sii,https://mopsov.twse.com.tw/mops/web/ajax_t163sb04
中游,伺服器滑軌與機殼,8210,勤誠,2020,4,income_statement,淨利（淨損）歸屬於非控制權益,-3310,"-3,310",sii,https://mopsov.twse.com.tw/mops/web/ajax_t163sb04
中游,伺服器滑軌與機殼,8210,勤誠,2020,4,income_statement,綜合損益總額歸屬於母公司業主,938783,"938,783",sii,https://mopsov.twse.com.tw/mops/web/ajax_t163sb04
中游,伺服器滑軌與機殼,8210,勤誠,2020,4,income_statement,綜合損益總額歸屬於共同控制下前手權益,,--,sii,https://mopsov.twse.com.tw/mops/web/ajax_t163sb04
中游,伺服器滑軌與機殼,8210,勤誠,2020,4,income_statement,綜合損益總額歸屬於非控制權益,-3310,"-3,310",sii,https://mopsov.twse.com.tw/mops/web/ajax_t163sb04
中游,伺服器滑軌與機殼,8210,勤誠,2020,4,income_statement,基本每股盈餘（元）,8.16,8.16,sii,https://mopsov.twse.com.tw/mops/web/ajax_t163sb04
中游,伺服器滑軌與機殼,6584,南俊國際,2020,4,income_statement,營業收入,1455835,"1,455,835",otc,https://mopsov.twse.com.tw/mops/web/ajax_t163sb04
中游,伺服器滑軌與機殼,6584,南俊國際,2020,4,income_statement,營業成本,1240925,"1,240,925",otc,https://mopsov.twse.com.tw/mops/web/ajax_t163sb04
中游,伺服器滑軌與機殼,6584,南俊國際,2020,4,income_statement,原始認列生物資產及農產品之利益（損失）,,--,otc,https://mopsov.twse.com.tw/mops/web/ajax_t163sb04
中游,伺服器滑軌與機殼,6584,南俊國際,2020,4,income_statement,生物資產當期公允價值減出售成本之變動利益（損失）,,--,otc,https://mopsov.twse.com.tw/mops/web/ajax_t163sb04
中游,伺服器滑軌與機殼,6584,南俊國際,2020,4,income_statement,營業毛利（毛損）,214910,"214,910",otc,https://mopsov.twse.com.tw/mops/web/ajax_t163sb04
中游,伺服器滑軌與機殼,6584,南俊國際,2020,4,income_statement,未實現銷貨（損）益,,--,otc,https://mopsov.twse.com.tw/mops/web/ajax_t163sb04
中游,伺服器滑軌與機殼,6584,南俊國際,2020,4,income_statement,已實現銷貨（損）益,,--,otc,https://mopsov.twse.com.tw/mops/web/ajax_t163sb04
中游,伺服器滑軌與機殼,6584,南俊國際,2020,4,income_statement,營業毛利（毛損）淨額,214910,"214,910",otc,https://mopsov.twse.com.tw/mops/web/ajax_t163sb04
中游,伺服器滑軌與機殼,6584,南俊國際,2020,4,income_statement,營業費用,211523,"211,523",otc,https://mopsov.twse.com.tw/mops/web/ajax_t163sb04
中游,伺服器滑軌與機殼,6584,南俊國際,2020,4,income_statement,其他收益及費損淨額,,--,otc,https://mopsov.twse.com.tw/mops/web/ajax_t163sb04
中游,伺服器滑軌與機殼,6584,南俊國際,2020,4,income_statement,營業利益（損失）,3387,"3,387",otc,https://mopsov.twse.com.tw/mops/web/ajax_t163sb04
中游,伺服器滑軌與機殼,6584,南俊國際,2020,4,income_statement,營業外收入及支出,-29453,"-29,453",otc,https://mopsov.twse.com.tw/mops/web/ajax_t163sb04
中游,伺服器滑軌與機殼,6584,南俊國際,2020,4,income_statement,稅前淨利（淨損）,-26066,"-26,066",otc,https://mopsov.twse.com.tw/mops/web/ajax_t163sb04
中游,伺服器滑軌與機殼,6584,南俊國際,2020,4,income_statement,所得稅費用（利益）,-13682,"-13,682",otc,https://mopsov.twse.com.tw/mops/web/ajax_t163sb04
中游,伺服器滑軌與機殼,6584,南俊國際,2020,4,income_statement,繼續營業單位本期淨利（淨損）,-12384,"-12,384",otc,https://mopsov.twse.com.tw/mops/web/ajax_t163sb04
中游,伺服器滑軌與機殼,6584,南俊國際,2020,4,income_statement,停業單位損益,,--,otc,https://mopsov.twse.com.tw/mops/web/ajax_t163sb04
中游,伺服器滑軌與機殼,6584,南俊國際,2020,4,income_statement,合併前非屬共同控制股權損益,,--,otc,https://mopsov.twse.com.tw/mops/web/ajax_t163sb04
中游,伺服器滑軌與機殼,6584,南俊國際,2020,4,income_statement,本期淨利（淨損）,-12384,"-12,384",otc,https://mopsov.twse.com.tw/mops/web/ajax_t163sb04
中游,伺服器滑軌與機殼,6584,南俊國際,2020,4,income_statement,其他綜合損益（淨額）,2582,"2,582",otc,https://mopsov.twse.com.tw/mops/web/ajax_t163sb04
中游,伺服器滑軌與機殼,6584,南俊國際,2020,4,income_statement,合併前非屬共同控制股權綜合損益淨額,,--,otc,https://mopsov.twse.com.tw/mops/web/ajax_t163sb04
中游,伺服器滑軌與機殼,6584,南俊國際,2020,4,income_statement,本期綜合損益總額,-9802,"-9,802",otc,https://mopsov.twse.com.tw/mops/web/ajax_t163sb04
中游,伺服器滑軌與機殼,6584,南俊國際,2020,4,income_statement,淨利（淨損）歸屬於母公司業主,-12384,"-12,384",otc,https://mopsov.twse.com.tw/mops/web/ajax_t163sb04
中游,伺服器滑軌與機殼,6584,南俊國際,2020,4,income_statement,淨利（淨損）歸屬於共同控制下前手權益,,--,otc,https://mopsov.twse.com.tw/mops/web/ajax_t163sb04
中游,伺服器滑軌與機殼,6584,南俊國際,2020,4,income_statement,淨利（淨損）歸屬於非控制權益,,--,otc,https://mopsov.twse.com.tw/mops/web/ajax_t163sb04
中游,伺服器滑軌與機殼,6584,南俊國際,2020,4,income_statement,綜合損益總額歸屬於母公司業主,-9802,"-9,802",otc,https://mopsov.twse.com.tw/mops/web/ajax_t163sb04
中游,伺服器滑軌與機殼,6584,南俊國際,2020,4,income_statement,綜合損益總額歸屬於共同控制下前手權益,,--,otc,https://mopsov.twse.com.tw/mops/web/ajax_t163sb04
中游,伺服器滑軌與機殼,6584,南俊國際,2020,4,income_statement,綜合損益總額歸屬於非控制權益,,--,otc,https://mopsov.twse.com.tw/mops/web/ajax_t163sb04
中游,伺服器滑軌與機殼,6584,南俊國際,2020,4,income_statement,基本每股盈餘（元）,-0.24,-0.24,otc,https://mopsov.twse.com.tw/mops/web/ajax_t163sb04
中游,伺服器滑軌與機殼,2059,川湖,2020,4,balance_sheet,流動資產,10644226,"10,644,226",sii,https://mopsov.twse.com.tw/mops/web/ajax_t163sb05
中游,伺服器滑軌與機殼,2059,川湖,2020,4,balance_sheet,非流動資產,2731050,"2,731,050",sii,https://mopsov.twse.com.tw/mops/web/ajax_t163sb05
中游,伺服器滑軌與機殼,2059,川湖,2020,4,balance_sheet,資產總計,13375276,"13,375,276",sii,https://mopsov.twse.com.tw/mops/web/ajax_t163sb05
中游,伺服器滑軌與機殼,2059,川湖,2020,4,balance_sheet,流動負債,1331645,"1,331,645",sii,https://mopsov.twse.com.tw/mops/web/ajax_t163sb05
中游,伺服器滑軌與機殼,2059,川湖,2020,4,balance_sheet,非流動負債,922590,"922,590",sii,https://mopsov.twse.com.tw/mops/web/ajax_t163sb05
中游,伺服器滑軌與機殼,2059,川湖,2020,4,balance_sheet,負債總計,2254235,"2,254,235",sii,https://mopsov.twse.com.tw/mops/web/ajax_t163sb05
中游,伺服器滑軌與機殼,2059,川湖,2020,4,balance_sheet,股本,952971,"952,971",sii,https://mopsov.twse.com.tw/mops/web/ajax_t163sb05
中游,伺服器滑軌與機殼,2059,川湖,2020,4,balance_sheet,權益─具證券性質之虛擬通貨,,--,sii,https://mopsov.twse.com.tw/mops/web/ajax_t163sb05
中游,伺服器滑軌與機殼,2059,川湖,2020,4,balance_sheet,資本公積,796691,"796,691",sii,https://mopsov.twse.com.tw/mops/web/ajax_t163sb05
中游,伺服器滑軌與機殼,2059,川湖,2020,4,balance_sheet,保留盈餘,9380598,"9,380,598",sii,https://mopsov.twse.com.tw/mops/web/ajax_t163sb05
中游,伺服器滑軌與機殼,2059,川湖,2020,4,balance_sheet,其他權益,-9219,"-9,219",sii,https://mopsov.twse.com.tw/mops/web/ajax_t163sb05
中游,伺服器滑軌與機殼,2059,川湖,2020,4,balance_sheet,庫藏股票,0,0,sii,https://mopsov.twse.com.tw/mops/web/ajax_t163sb05
中游,伺服器滑軌與機殼,2059,川湖,2020,4,balance_sheet,歸屬於母公司業主之權益合計,11121041,"11,121,041",sii,https://mopsov.twse.com.tw/mops/web/ajax_t163sb05
中游,伺服器滑軌與機殼,2059,川湖,2020,4,balance_sheet,共同控制下前手權益,,--,sii,https://mopsov.twse.com.tw/mops/web/ajax_t163sb05
中游,伺服器滑軌與機殼,2059,川湖,2020,4,balance_sheet,合併前非屬共同控制股權,,--,sii,https://mopsov.twse.com.tw/mops/web/ajax_t163sb05
中游,伺服器滑軌與機殼,2059,川湖,2020,4,balance_sheet,非控制權益,0,0,sii,https://mopsov.twse.com.tw/mops/web/ajax_t163sb05
中游,伺服器滑軌與機殼,2059,川湖,2020,4,balance_sheet,權益總計,11121041,"11,121,041",sii,https://mopsov.twse.com.tw/mops/web/ajax_t163sb05
中游,伺服器滑軌與機殼,2059,川湖,2020,4,balance_sheet,待註銷股本股數（單位：股）,,--,sii,https://mopsov.twse.com.tw/mops/web/ajax_t163sb05
中游,伺服器滑軌與機殼,2059,川湖,2020,4,balance_sheet,預收股款（權益項下）之約當發行股數（單位：股）,0,0,sii,https://mopsov.twse.com.tw/mops/web/ajax_t163sb05
中游,伺服器滑軌與機殼,2059,川湖,2020,4,balance_sheet,母公司暨子公司所持有之母公司庫藏股股數（單位：股）,0,0,sii,https://mopsov.twse.com.tw/mops/web/ajax_t163sb05
中游,伺服器滑軌與機殼,2059,川湖,2020,4,balance_sheet,每股參考淨值,116.7,116.70,sii,https://mopsov.twse.com.tw/mops/web/ajax_t163sb05
中游,伺服器滑軌與機殼,8210,勤誠,2020,4,balance_sheet,流動資產,4520596,"4,520,596",sii,https://mopsov.twse.com.tw/mops/web/ajax_t163sb05
中游,伺服器滑軌與機殼,8210,勤誠,2020,4,balance_sheet,非流動資產,3516520,"3,516,520",sii,https://mopsov.twse.com.tw/mops/web/ajax_t163sb05
中游,伺服器滑軌與機殼,8210,勤誠,2020,4,balance_sheet,資產總計,8037116,"8,037,116",sii,https://mopsov.twse.com.tw/mops/web/ajax_t163sb05
中游,伺服器滑軌與機殼,8210,勤誠,2020,4,balance_sheet,流動負債,3907807,"3,907,807",sii,https://mopsov.twse.com.tw/mops/web/ajax_t163sb05
中游,伺服器滑軌與機殼,8210,勤誠,2020,4,balance_sheet,非流動負債,179267,"179,267",sii,https://mopsov.twse.com.tw/mops/web/ajax_t163sb05
中游,伺服器滑軌與機殼,8210,勤誠,2020,4,balance_sheet,負債總計,4087074,"4,087,074",sii,https://mopsov.twse.com.tw/mops/web/ajax_t163sb05
中游,伺服器滑軌與機殼,8210,勤誠,2020,4,balance_sheet,股本,1209260,"1,209,260",sii,https://mopsov.twse.com.tw/mops/web/ajax_t163sb05
中游,伺服器滑軌與機殼,8210,勤誠,2020,4,balance_sheet,權益─具證券性質之虛擬通貨,,--,sii,https://mopsov.twse.com.tw/mops/web/ajax_t163sb05
中游,伺服器滑軌與機殼,8210,勤誠,2020,4,balance_sheet,資本公積,145769,"145,769",sii,https://mopsov.twse.com.tw/mops/web/ajax_t163sb05
中游,伺服器滑軌與機殼,8210,勤誠,2020,4,balance_sheet,保留盈餘,2923086,"2,923,086",sii,https://mopsov.twse.com.tw/mops/web/ajax_t163sb05
中游,伺服器滑軌與機殼,8210,勤誠,2020,4,balance_sheet,其他權益,-348763,"-348,763",sii,https://mopsov.twse.com.tw/mops/web/ajax_t163sb05
中游,伺服器滑軌與機殼,8210,勤誠,2020,4,balance_sheet,庫藏股票,,--,sii,https://mopsov.twse.com.tw/mops/web/ajax_t163sb05
中游,伺服器滑軌與機殼,8210,勤誠,2020,4,balance_sheet,歸屬於母公司業主之權益合計,3929352,"3,929,352",sii,https://mopsov.twse.com.tw/mops/web/ajax_t163sb05
中游,伺服器滑軌與機殼,8210,勤誠,2020,4,balance_sheet,共同控制下前手權益,,--,sii,https://mopsov.twse.com.tw/mops/web/ajax_t163sb05
中游,伺服器滑軌與機殼,8210,勤誠,2020,4,balance_sheet,合併前非屬共同控制股權,,--,sii,https://mopsov.twse.com.tw/mops/web/ajax_t163sb05
中游,伺服器滑軌與機殼,8210,勤誠,2020,4,balance_sheet,非控制權益,20690,"20,690",sii,https://mopsov.twse.com.tw/mops/web/ajax_t163sb05
中游,伺服器滑軌與機殼,8210,勤誠,2020,4,balance_sheet,權益總計,3950042,"3,950,042",sii,https://mopsov.twse.com.tw/mops/web/ajax_t163sb05
中游,伺服器滑軌與機殼,8210,勤誠,2020,4,balance_sheet,待註銷股本股數（單位：股）,0,0,sii,https://mopsov.twse.com.tw/mops/web/ajax_t163sb05
中游,伺服器滑軌與機殼,8210,勤誠,2020,4,balance_sheet,預收股款（權益項下）之約當發行股數（單位：股）,0,0,sii,https://mopsov.twse.com.tw/mops/web/ajax_t163sb05
中游,伺服器滑軌與機殼,8210,勤誠,2020,4,balance_sheet,母公司暨子公司所持有之母公司庫藏股股數（單位：股）,0,0,sii,https://mopsov.twse.com.tw/mops/web/ajax_t163sb05
中游,伺服器滑軌與機殼,8210,勤誠,2020,4,balance_sheet,每股參考淨值,32.49,32.49,sii,https://mopsov.twse.com.tw/mops/web/ajax_t163sb05
中游,伺服器滑軌與機殼,6584,南俊國際,2020,4,balance_sheet,流動資產,617849,"617,849",otc,https://mopsov.twse.com.tw/mops/web/ajax_t163sb05
中游,伺服器滑軌與機殼,6584,南俊國際,2020,4,balance_sheet,非流動資產,2626759,"2,626,759",otc,https://mopsov.twse.com.tw/mops/web/ajax_t163sb05
中游,伺服器滑軌與機殼,6584,南俊國際,2020,4,balance_sheet,資產總計,3244608,"3,244,608",otc,https://mopsov.twse.com.tw/mops/web/ajax_t163sb05
中游,伺服器滑軌與機殼,6584,南俊國際,2020,4,balance_sheet,流動負債,530179,"530,179",otc,https://mopsov.twse.com.tw/mops/web/ajax_t163sb05
中游,伺服器滑軌與機殼,6584,南俊國際,2020,4,balance_sheet,非流動負債,1540881,"1,540,881",otc,https://mopsov.twse.com.tw/mops/web/ajax_t163sb05
中游,伺服器滑軌與機殼,6584,南俊國際,2020,4,balance_sheet,負債總計,2071060,"2,071,060",otc,https://mopsov.twse.com.tw/mops/web/ajax_t163sb05
中游,伺服器滑軌與機殼,6584,南俊國際,2020,4,balance_sheet,股本,520000,"520,000",otc,https://mopsov.twse.com.tw/mops/web/ajax_t163sb05
中游,伺服器滑軌與機殼,6584,南俊國際,2020,4,balance_sheet,權益─具證券性質之虛擬通貨,,--,otc,https://mopsov.twse.com.tw/mops/web/ajax_t163sb05
中游,伺服器滑軌與機殼,6584,南俊國際,2020,4,balance_sheet,資本公積,196000,"196,000",otc,https://mopsov.twse.com.tw/mops/web/ajax_t163sb05
中游,伺服器滑軌與機殼,6584,南俊國際,2020,4,balance_sheet,保留盈餘,458402,"458,402",otc,https://mopsov.twse.com.tw/mops/web/ajax_t163sb05
中游,伺服器滑軌與機殼,6584,南俊國際,2020,4,balance_sheet,其他權益,-854,-854,otc,https://mopsov.twse.com.tw/mops/web/ajax_t163sb05
中游,伺服器滑軌與機殼,6584,南俊國際,2020,4,balance_sheet,庫藏股票,,--,otc,https://mopsov.twse.com.tw/mops/web/ajax_t163sb05
中游,伺服器滑軌與機殼,6584,南俊國際,2020,4,balance_sheet,歸屬於母公司業主之權益合計,1173548,"1,173,548",otc,https://mopsov.twse.com.tw/mops/web/ajax_t163sb05
中游,伺服器滑軌與機殼,6584,南俊國際,2020,4,balance_sheet,共同控制下前手權益,,--,otc,https://mopsov.twse.com.tw/mops/web/ajax_t163sb05
中游,伺服器滑軌與機殼,6584,南俊國際,2020,4,balance_sheet,合併前非屬共同控制股權,,--,otc,https://mopsov.twse.com.tw/mops/web/ajax_t163sb05
中游,伺服器滑軌與機殼,6584,南俊國際,2020,4,balance_sheet,非控制權益,,--,otc,https://mopsov.twse.com.tw/mops/web/ajax_t163sb05
中游,伺服器滑軌與機殼,6584,南俊國際,2020,4,balance_sheet,權益總計,1173548,"1,173,548",otc,https://mopsov.twse.com.tw/mops/web/ajax_t163sb05
中游,伺服器滑軌與機殼,6584,南俊國際,2020,4,balance_sheet,待註銷股本股數（單位：股）,0,0,otc,https://mopsov.twse.com.tw/mops/web/ajax_t163sb05
中游,伺服器滑軌與機殼,6584,南俊國際,2020,4,balance_sheet,預收股款（權益項下）之約當發行股數（單位：股）,0,0,otc,https://mopsov.twse.com.tw/mops/web/ajax_t163sb05
中游,伺服器滑軌與機殼,6584,南俊國際,2020,4,balance_sheet,母公司暨子公司所持有之母公司庫藏股股數（單位：股）,0,0,otc,https://mopsov.twse.com.tw/mops/web/ajax_t163sb05
中游,伺服器滑軌與機殼,6584,南俊國際,2020,4,balance_sheet,每股參考淨值,22.57,22.57,otc,https://mopsov.twse.com.tw/mops/web/ajax_t163sb05
中游,伺服器滑軌與機殼,2059,川湖,2020,4,cash_flow,營業活動之淨現金流入（流出）,1593044,"1,593,044",sii,https://mopsov.twse.com.tw/mops/web/ajax_t163sb20
中游,伺服器滑軌與機殼,2059,川湖,2020,4,cash_flow,投資活動之淨現金流入（流出）,-369795,"-369,795",sii,https://mopsov.twse.com.tw/mops/web/ajax_t163sb20
中游,伺服器滑軌與機殼,2059,川湖,2020,4,cash_flow,籌資活動之淨現金流入（流出）,-590621,"-590,621",sii,https://mopsov.twse.com.tw/mops/web/ajax_t163sb20
中游,伺服器滑軌與機殼,2059,川湖,2020,4,cash_flow,匯率變動對現金及約當現金之影響,-371746,"-371,746",sii,https://mopsov.twse.com.tw/mops/web/ajax_t163sb20
中游,伺服器滑軌與機殼,2059,川湖,2020,4,cash_flow,本期現金及約當現金增加（減少）數,260882,"260,882",sii,https://mopsov.twse.com.tw/mops/web/ajax_t163sb20
中游,伺服器滑軌與機殼,2059,川湖,2020,4,cash_flow,期初現金及約當現金餘額,8789207,"8,789,207",sii,https://mopsov.twse.com.tw/mops/web/ajax_t163sb20
中游,伺服器滑軌與機殼,2059,川湖,2020,4,cash_flow,期末現金及約當現金餘額,9050089,"9,050,089",sii,https://mopsov.twse.com.tw/mops/web/ajax_t163sb20
中游,伺服器滑軌與機殼,8210,勤誠,2020,4,cash_flow,營業活動之淨現金流入（流出）,330588,"330,588",sii,https://mopsov.twse.com.tw/mops/web/ajax_t163sb20
中游,伺服器滑軌與機殼,8210,勤誠,2020,4,cash_flow,投資活動之淨現金流入（流出）,-354947,"-354,947",sii,https://mopsov.twse.com.tw/mops/web/ajax_t163sb20
中游,伺服器滑軌與機殼,8210,勤誠,2020,4,cash_flow,籌資活動之淨現金流入（流出）,247947,"247,947",sii,https://mopsov.twse.com.tw/mops/web/ajax_t163sb20
中游,伺服器滑軌與機殼,8210,勤誠,2020,4,cash_flow,匯率變動對現金及約當現金之影響,4021,"4,021",sii,https://mopsov.twse.com.tw/mops/web/ajax_t163sb20
中游,伺服器滑軌與機殼,8210,勤誠,2020,4,cash_flow,本期現金及約當現金增加（減少）數,227609,"227,609",sii,https://mopsov.twse.com.tw/mops/web/ajax_t163sb20
中游,伺服器滑軌與機殼,8210,勤誠,2020,4,cash_flow,期初現金及約當現金餘額,988565,"988,565",sii,https://mopsov.twse.com.tw/mops/web/ajax_t163sb20
中游,伺服器滑軌與機殼,8210,勤誠,2020,4,cash_flow,期末現金及約當現金餘額,1216174,"1,216,174",sii,https://mopsov.twse.com.tw/mops/web/ajax_t163sb20
中游,伺服器滑軌與機殼,6584,南俊國際,2020,4,cash_flow,營業活動之淨現金流入（流出）,42161,"42,161",otc,https://mopsov.twse.com.tw/mops/web/ajax_t163sb20
中游,伺服器滑軌與機殼,6584,南俊國際,2020,4,cash_flow,投資活動之淨現金流入（流出）,-46319,"-46,319",otc,https://mopsov.twse.com.tw/mops/web/ajax_t163sb20
中游,伺服器滑軌與機殼,6584,南俊國際,2020,4,cash_flow,籌資活動之淨現金流入（流出）,10878,"10,878",otc,https://mopsov.twse.com.tw/mops/web/ajax_t163sb20
中游,伺服器滑軌與機殼,6584,南俊國際,2020,4,cash_flow,匯率變動對現金及約當現金之影響,-466,-466,otc,https://mopsov.twse.com.tw/mops/web/ajax_t163sb20
中游,伺服器滑軌與機殼,6584,南俊國際,2020,4,cash_flow,本期現金及約當現金增加（減少）數,6254,"6,254",otc,https://mopsov.twse.com.tw/mops/web/ajax_t163sb20
中游,伺服器滑軌與機殼,6584,南俊國際,2020,4,cash_flow,期初現金及約當現金餘額,135049,"135,049",otc,https://mopsov.twse.com.tw/mops/web/ajax_t163sb20
中游,伺服器滑軌與機殼,6584,南俊國際,2020,4,cash_flow,期末現金及約當現金餘額,141303,"141,303",otc,https://mopsov.twse.com.tw/mops/web/ajax_t163sb20
中游,伺服器滑軌與機殼,2059,川湖,2021,1,income_statement,營業收入,1276761,"1,276,761",sii,https://mopsov.twse.com.tw/mops/web/ajax_t163sb04
中游,伺服器滑軌與機殼,2059,川湖,2021,1,income_statement,營業成本,637369,"637,369",sii,https://mopsov.twse.com.tw/mops/web/ajax_t163sb04
中游,伺服器滑軌與機殼,2059,川湖,2021,1,income_statement,原始認列生物資產及農產品之利益（損失）,,--,sii,https://mopsov.twse.com.tw/mops/web/ajax_t163sb04
中游,伺服器滑軌與機殼,2059,川湖,2021,1,income_statement,生物資產當期公允價值減出售成本之變動利益（損失）,,--,sii,https://mopsov.twse.com.tw/mops/web/ajax_t163sb04
中游,伺服器滑軌與機殼,2059,川湖,2021,1,income_statement,營業毛利（毛損）,639392,"639,392",sii,https://mopsov.twse.com.tw/mops/web/ajax_t163sb04
中游,伺服器滑軌與機殼,2059,川湖,2021,1,income_statement,未實現銷貨（損）益,,--,sii,https://mopsov.twse.com.tw/mops/web/ajax_t163sb04
中游,伺服器滑軌與機殼,2059,川湖,2021,1,income_statement,已實現銷貨（損）益,,--,sii,https://mopsov.twse.com.tw/mops/web/ajax_t163sb04
中游,伺服器滑軌與機殼,2059,川湖,2021,1,income_statement,營業毛利（毛損）淨額,639392,"639,392",sii,https://mopsov.twse.com.tw/mops/web/ajax_t163sb04
中游,伺服器滑軌與機殼,2059,川湖,2021,1,income_statement,營業費用,142997,"142,997",sii,https://mopsov.twse.com.tw/mops/web/ajax_t163sb04
中游,伺服器滑軌與機殼,2059,川湖,2021,1,income_statement,其他收益及費損淨額,,--,sii,https://mopsov.twse.com.tw/mops/web/ajax_t163sb04
中游,伺服器滑軌與機殼,2059,川湖,2021,1,income_statement,營業利益（損失）,496395,"496,395",sii,https://mopsov.twse.com.tw/mops/web/ajax_t163sb04
中游,伺服器滑軌與機殼,2059,川湖,2021,1,income_statement,營業外收入及支出,45203,"45,203",sii,https://mopsov.twse.com.tw/mops/web/ajax_t163sb04
中游,伺服器滑軌與機殼,2059,川湖,2021,1,income_statement,稅前淨利（淨損）,541598,"541,598",sii,https://mopsov.twse.com.tw/mops/web/ajax_t163sb04
中游,伺服器滑軌與機殼,2059,川湖,2021,1,income_statement,所得稅費用（利益）,108320,"108,320",sii,https://mopsov.twse.com.tw/mops/web/ajax_t163sb04
中游,伺服器滑軌與機殼,2059,川湖,2021,1,income_statement,繼續營業單位本期淨利（淨損）,433278,"433,278",sii,https://mopsov.twse.com.tw/mops/web/ajax_t163sb04
中游,伺服器滑軌與機殼,2059,川湖,2021,1,income_statement,停業單位損益,,--,sii,https://mopsov.twse.com.tw/mops/web/ajax_t163sb04
中游,伺服器滑軌與機殼,2059,川湖,2021,1,income_statement,合併前非屬共同控制股權損益,,--,sii,https://mopsov.twse.com.tw/mops/web/ajax_t163sb04
中游,伺服器滑軌與機殼,2059,川湖,2021,1,income_statement,本期淨利（淨損）,433278,"433,278",sii,https://mopsov.twse.com.tw/mops/web/ajax_t163sb04
中游,伺服器滑軌與機殼,2059,川湖,2021,1,income_statement,其他綜合損益（淨額）,792,792,sii,https://mopsov.twse.com.tw/mops/web/ajax_t163sb04
中游,伺服器滑軌與機殼,2059,川湖,2021,1,income_statement,合併前非屬共同控制股權綜合損益淨額,,--,sii,https://mopsov.twse.com.tw/mops/web/ajax_t163sb04
中游,伺服器滑軌與機殼,2059,川湖,2021,1,income_statement,本期綜合損益總額,434070,"434,070",sii,https://mopsov.twse.com.tw/mops/web/ajax_t163sb04
中游,伺服器滑軌與機殼,2059,川湖,2021,1,income_statement,淨利（淨損）歸屬於母公司業主,433278,"433,278",sii,https://mopsov.twse.com.tw/mops/web/ajax_t163sb04
中游,伺服器滑軌與機殼,2059,川湖,2021,1,income_statement,淨利（淨損）歸屬於共同控制下前手權益,,--,sii,https://mopsov.twse.com.tw/mops/web/ajax_t163sb04
中游,伺服器滑軌與機殼,2059,川湖,2021,1,income_statement,淨利（淨損）歸屬於非控制權益,,--,sii,https://mopsov.twse.com.tw/mops/web/ajax_t163sb04
中游,伺服器滑軌與機殼,2059,川湖,2021,1,income_statement,綜合損益總額歸屬於母公司業主,434070,"434,070",sii,https://mopsov.twse.com.tw/mops/web/ajax_t163sb04
中游,伺服器滑軌與機殼,2059,川湖,2021,1,income_statement,綜合損益總額歸屬於共同控制下前手權益,,--,sii,https://mopsov.twse.com.tw/mops/web/ajax_t163sb04
中游,伺服器滑軌與機殼,2059,川湖,2021,1,income_statement,綜合損益總額歸屬於非控制權益,,--,sii,https://mopsov.twse.com.tw/mops/web/ajax_t163sb04
中游,伺服器滑軌與機殼,2059,川湖,2021,1,income_statement,基本每股盈餘（元）,4.55,4.55,sii,https://mopsov.twse.com.tw/mops/web/ajax_t163sb04
中游,伺服器滑軌與機殼,8210,勤誠,2021,1,income_statement,營業收入,1818927,"1,818,927",sii,https://mopsov.twse.com.tw/mops/web/ajax_t163sb04
中游,伺服器滑軌與機殼,8210,勤誠,2021,1,income_statement,營業成本,1425574,"1,425,574",sii,https://mopsov.twse.com.tw/mops/web/ajax_t163sb04
中游,伺服器滑軌與機殼,8210,勤誠,2021,1,income_statement,原始認列生物資產及農產品之利益（損失）,,--,sii,https://mopsov.twse.com.tw/mops/web/ajax_t163sb04
中游,伺服器滑軌與機殼,8210,勤誠,2021,1,income_statement,生物資產當期公允價值減出售成本之變動利益（損失）,,--,sii,https://mopsov.twse.com.tw/mops/web/ajax_t163sb04
中游,伺服器滑軌與機殼,8210,勤誠,2021,1,income_statement,營業毛利（毛損）,393353,"393,353",sii,https://mopsov.twse.com.tw/mops/web/ajax_t163sb04
中游,伺服器滑軌與機殼,8210,勤誠,2021,1,income_statement,未實現銷貨（損）益,,--,sii,https://mopsov.twse.com.tw/mops/web/ajax_t163sb04
中游,伺服器滑軌與機殼,8210,勤誠,2021,1,income_statement,已實現銷貨（損）益,,--,sii,https://mopsov.twse.com.tw/mops/web/ajax_t163sb04
中游,伺服器滑軌與機殼,8210,勤誠,2021,1,income_statement,營業毛利（毛損）淨額,393353,"393,353",sii,https://mopsov.twse.com.tw/mops/web/ajax_t163sb04
中游,伺服器滑軌與機殼,8210,勤誠,2021,1,income_statement,營業費用,228781,"228,781",sii,https://mopsov.twse.com.tw/mops/web/ajax_t163sb04
中游,伺服器滑軌與機殼,8210,勤誠,2021,1,income_statement,其他收益及費損淨額,,--,sii,https://mopsov.twse.com.tw/mops/web/ajax_t163sb04
中游,伺服器滑軌與機殼,8210,勤誠,2021,1,income_statement,營業利益（損失）,164572,"164,572",sii,https://mopsov.twse.com.tw/mops/web/ajax_t163sb04
中游,伺服器滑軌與機殼,8210,勤誠,2021,1,income_statement,營業外收入及支出,-1423,"-1,423",sii,https://mopsov.twse.com.tw/mops/web/ajax_t163sb04
中游,伺服器滑軌與機殼,8210,勤誠,2021,1,income_statement,稅前淨利（淨損）,163149,"163,149",sii,https://mopsov.twse.com.tw/mops/web/ajax_t163sb04
中游,伺服器滑軌與機殼,8210,勤誠,2021,1,income_statement,所得稅費用（利益）,37554,"37,554",sii,https://mopsov.twse.com.tw/mops/web/ajax_t163sb04
中游,伺服器滑軌與機殼,8210,勤誠,2021,1,income_statement,繼續營業單位本期淨利（淨損）,125595,"125,595",sii,https://mopsov.twse.com.tw/mops/web/ajax_t163sb04
中游,伺服器滑軌與機殼,8210,勤誠,2021,1,income_statement,停業單位損益,,--,sii,https://mopsov.twse.com.tw/mops/web/ajax_t163sb04
中游,伺服器滑軌與機殼,8210,勤誠,2021,1,income_statement,合併前非屬共同控制股權損益,,--,sii,https://mopsov.twse.com.tw/mops/web/ajax_t163sb04
中游,伺服器滑軌與機殼,8210,勤誠,2021,1,income_statement,本期淨利（淨損）,125595,"125,595",sii,https://mopsov.twse.com.tw/mops/web/ajax_t163sb04
中游,伺服器滑軌與機殼,8210,勤誠,2021,1,income_statement,其他綜合損益（淨額）,-18161,"-18,161",sii,https://mopsov.twse.com.tw/mops/web/ajax_t163sb04
中游,伺服器滑軌與機殼,8210,勤誠,2021,1,income_statement,合併前非屬共同控制股權綜合損益淨額,,--,sii,https://mopsov.twse.com.tw/mops/web/ajax_t163sb04
中游,伺服器滑軌與機殼,8210,勤誠,2021,1,income_statement,本期綜合損益總額,107434,"107,434",sii,https://mopsov.twse.com.tw/mops/web/ajax_t163sb04
中游,伺服器滑軌與機殼,8210,勤誠,2021,1,income_statement,淨利（淨損）歸屬於母公司業主,125780,"125,780",sii,https://mopsov.twse.com.tw/mops/web/ajax_t163sb04
中游,伺服器滑軌與機殼,8210,勤誠,2021,1,income_statement,淨利（淨損）歸屬於共同控制下前手權益,,--,sii,https://mopsov.twse.com.tw/mops/web/ajax_t163sb04
中游,伺服器滑軌與機殼,8210,勤誠,2021,1,income_statement,淨利（淨損）歸屬於非控制權益,-185,-185,sii,https://mopsov.twse.com.tw/mops/web/ajax_t163sb04
中游,伺服器滑軌與機殼,8210,勤誠,2021,1,income_statement,綜合損益總額歸屬於母公司業主,107619,"107,619",sii,https://mopsov.twse.com.tw/mops/web/ajax_t163sb04
中游,伺服器滑軌與機殼,8210,勤誠,2021,1,income_statement,綜合損益總額歸屬於共同控制下前手權益,,--,sii,https://mopsov.twse.com.tw/mops/web/ajax_t163sb04
中游,伺服器滑軌與機殼,8210,勤誠,2021,1,income_statement,綜合損益總額歸屬於非控制權益,-185,-185,sii,https://mopsov.twse.com.tw/mops/web/ajax_t163sb04
中游,伺服器滑軌與機殼,8210,勤誠,2021,1,income_statement,基本每股盈餘（元）,1.05,1.05,sii,https://mopsov.twse.com.tw/mops/web/ajax_t163sb04
中游,伺服器滑軌與機殼,2059,川湖,2021,1,balance_sheet,流動資產,11097402,"11,097,402",sii,https://mopsov.twse.com.tw/mops/web/ajax_t163sb05
中游,伺服器滑軌與機殼,2059,川湖,2021,1,balance_sheet,非流動資產,2805013,"2,805,013",sii,https://mopsov.twse.com.tw/mops/web/ajax_t163sb05
中游,伺服器滑軌與機殼,2059,川湖,2021,1,balance_sheet,資產總計,13902415,"13,902,415",sii,https://mopsov.twse.com.tw/mops/web/ajax_t163sb05
中游,伺服器滑軌與機殼,2059,川湖,2021,1,balance_sheet,流動負債,1242466,"1,242,466",sii,https://mopsov.twse.com.tw/mops/web/ajax_t163sb05
中游,伺服器滑軌與機殼,2059,川湖,2021,1,balance_sheet,非流動負債,1104838,"1,104,838",sii,https://mopsov.twse.com.tw/mops/web/ajax_t163sb05
中游,伺服器滑軌與機殼,2059,川湖,2021,1,balance_sheet,負債總計,2347304,"2,347,304",sii,https://mopsov.twse.com.tw/mops/web/ajax_t163sb05
中游,伺服器滑軌與機殼,2059,川湖,2021,1,balance_sheet,股本,952971,"952,971",sii,https://mopsov.twse.com.tw/mops/web/ajax_t163sb05
中游,伺服器滑軌與機殼,2059,川湖,2021,1,balance_sheet,權益─具證券性質之虛擬通貨,,--,sii,https://mopsov.twse.com.tw/mops/web/ajax_t163sb05
中游,伺服器滑軌與機殼,2059,川湖,2021,1,balance_sheet,資本公積,796691,"796,691",sii,https://mopsov.twse.com.tw/mops/web/ajax_t163sb05
中游,伺服器滑軌與機殼,2059,川湖,2021,1,balance_sheet,保留盈餘,9813876,"9,813,876",sii,https://mopsov.twse.com.tw/mops/web/ajax_t163sb05
中游,伺服器滑軌與機殼,2059,川湖,2021,1,balance_sheet,其他權益,-8427,"-8,427",sii,https://mopsov.twse.com.tw/mops/web/ajax_t163sb05
中游,伺服器滑軌與機殼,2059,川湖,2021,1,balance_sheet,庫藏股票,0,0,sii,https://mopsov.twse.com.tw/mops/web/ajax_t163sb05
中游,伺服器滑軌與機殼,2059,川湖,2021,1,balance_sheet,歸屬於母公司業主之權益合計,11555111,"11,555,111",sii,https://mopsov.twse.com.tw/mops/web/ajax_t163sb05
中游,伺服器滑軌與機殼,2059,川湖,2021,1,balance_sheet,共同控制下前手權益,,--,sii,https://mopsov.twse.com.tw/mops/web/ajax_t163sb05
中游,伺服器滑軌與機殼,2059,川湖,2021,1,balance_sheet,合併前非屬共同控制股權,,--,sii,https://mopsov.twse.com.tw/mops/web/ajax_t163sb05
中游,伺服器滑軌與機殼,2059,川湖,2021,1,balance_sheet,非控制權益,0,0,sii,https://mopsov.twse.com.tw/mops/web/ajax_t163sb05
中游,伺服器滑軌與機殼,2059,川湖,2021,1,balance_sheet,權益總計,11555111,"11,555,111",sii,https://mopsov.twse.com.tw/mops/web/ajax_t163sb05
中游,伺服器滑軌與機殼,2059,川湖,2021,1,balance_sheet,待註銷股本股數（單位：股）,0,0,sii,https://mopsov.twse.com.tw/mops/web/ajax_t163sb05
中游,伺服器滑軌與機殼,2059,川湖,2021,1,balance_sheet,預收股款（權益項下）之約當發行股數（單位：股）,0,0,sii,https://mopsov.twse.com.tw/mops/web/ajax_t163sb05
中游,伺服器滑軌與機殼,2059,川湖,2021,1,balance_sheet,母公司暨子公司所持有之母公司庫藏股股數（單位：股）,0,0,sii,https://mopsov.twse.com.tw/mops/web/ajax_t163sb05
中游,伺服器滑軌與機殼,2059,川湖,2021,1,balance_sheet,每股參考淨值,121.25,121.25,sii,https://mopsov.twse.com.tw/mops/web/ajax_t163sb05
中游,伺服器滑軌與機殼,8210,勤誠,2021,1,balance_sheet,流動資產,4644029,"4,644,029",sii,https://mopsov.twse.com.tw/mops/web/ajax_t163sb05
中游,伺服器滑軌與機殼,8210,勤誠,2021,1,balance_sheet,非流動資產,3756588,"3,756,588",sii,https://mopsov.twse.com.tw/mops/web/ajax_t163sb05
中游,伺服器滑軌與機殼,8210,勤誠,2021,1,balance_sheet,資產總計,8400617,"8,400,617",sii,https://mopsov.twse.com.tw/mops/web/ajax_t163sb05
中游,伺服器滑軌與機殼,8210,勤誠,2021,1,balance_sheet,流動負債,3558831,"3,558,831",sii,https://mopsov.twse.com.tw/mops/web/ajax_t163sb05
中游,伺服器滑軌與機殼,8210,勤誠,2021,1,balance_sheet,非流動負債,773333,"773,333",sii,https://mopsov.twse.com.tw/mops/web/ajax_t163sb05
中游,伺服器滑軌與機殼,8210,勤誠,2021,1,balance_sheet,負債總計,4332164,"4,332,164",sii,https://mopsov.twse.com.tw/mops/web/ajax_t163sb05
中游,伺服器滑軌與機殼,8210,勤誠,2021,1,balance_sheet,股本,1209110,"1,209,110",sii,https://mopsov.twse.com.tw/mops/web/ajax_t163sb05
中游,伺服器滑軌與機殼,8210,勤誠,2021,1,balance_sheet,權益─具證券性質之虛擬通貨,,--,sii,https://mopsov.twse.com.tw/mops/web/ajax_t163sb05
中游,伺服器滑軌與機殼,8210,勤誠,2021,1,balance_sheet,資本公積,145919,"145,919",sii,https://mopsov.twse.com.tw/mops/web/ajax_t163sb05
中游,伺服器滑軌與機殼,8210,勤誠,2021,1,balance_sheet,保留盈餘,3048866,"3,048,866",sii,https://mopsov.twse.com.tw/mops/web/ajax_t163sb05
中游,伺服器滑軌與機殼,8210,勤誠,2021,1,balance_sheet,其他權益,-355947,"-355,947",sii,https://mopsov.twse.com.tw/mops/web/ajax_t163sb05
中游,伺服器滑軌與機殼,8210,勤誠,2021,1,balance_sheet,庫藏股票,,--,sii,https://mopsov.twse.com.tw/mops/web/ajax_t163sb05
中游,伺服器滑軌與機殼,8210,勤誠,2021,1,balance_sheet,歸屬於母公司業主之權益合計,4047948,"4,047,948",sii,https://mopsov.twse.com.tw/mops/web/ajax_t163sb05
中游,伺服器滑軌與機殼,8210,勤誠,2021,1,balance_sheet,共同控制下前手權益,,--,sii,https://mopsov.twse.com.tw/mops/web/ajax_t163sb05
中游,伺服器滑軌與機殼,8210,勤誠,2021,1,balance_sheet,合併前非屬共同控制股權,,--,sii,https://mopsov.twse.com.tw/mops/web/ajax_t163sb05
中游,伺服器滑軌與機殼,8210,勤誠,2021,1,balance_sheet,非控制權益,20505,"20,505",sii,https://mopsov.twse.com.tw/mops/web/ajax_t163sb05
中游,伺服器滑軌與機殼,8210,勤誠,2021,1,balance_sheet,權益總計,4068453,"4,068,453",sii,https://mopsov.twse.com.tw/mops/web/ajax_t163sb05
中游,伺服器滑軌與機殼,8210,勤誠,2021,1,balance_sheet,待註銷股本股數（單位：股）,0,0,sii,https://mopsov.twse.com.tw/mops/web/ajax_t163sb05
中游,伺服器滑軌與機殼,8210,勤誠,2021,1,balance_sheet,預收股款（權益項下）之約當發行股數（單位：股）,0,0,sii,https://mopsov.twse.com.tw/mops/web/ajax_t163sb05
中游,伺服器滑軌與機殼,8210,勤誠,2021,1,balance_sheet,母公司暨子公司所持有之母公司庫藏股股數（單位：股）,0,0,sii,https://mopsov.twse.com.tw/mops/web/ajax_t163sb05
中游,伺服器滑軌與機殼,8210,勤誠,2021,1,balance_sheet,每股參考淨值,33.48,33.48,sii,https://mopsov.twse.com.tw/mops/web/ajax_t163sb05
中游,伺服器滑軌與機殼,2059,川湖,2021,1,cash_flow,營業活動之淨現金流入（流出）,295047,"295,047",sii,https://mopsov.twse.com.tw/mops/web/ajax_t163sb20
中游,伺服器滑軌與機殼,2059,川湖,2021,1,cash_flow,投資活動之淨現金流入（流出）,-244122,"-244,122",sii,https://mopsov.twse.com.tw/mops/web/ajax_t163sb20
中游,伺服器滑軌與機殼,2059,川湖,2021,1,cash_flow,籌資活動之淨現金流入（流出）,182258,"182,258",sii,https://mopsov.twse.com.tw/mops/web/ajax_t163sb20
中游,伺服器滑軌與機殼,2059,川湖,2021,1,cash_flow,匯率變動對現金及約當現金之影響,123961,"123,961",sii,https://mopsov.twse.com.tw/mops/web/ajax_t163sb20
中游,伺服器滑軌與機殼,2059,川湖,2021,1,cash_flow,本期現金及約當現金增加（減少）數,357144,"357,144",sii,https://mopsov.twse.com.tw/mops/web/ajax_t163sb20
中游,伺服器滑軌與機殼,2059,川湖,2021,1,cash_flow,期初現金及約當現金餘額,9050089,"9,050,089",sii,https://mopsov.twse.com.tw/mops/web/ajax_t163sb20
中游,伺服器滑軌與機殼,2059,川湖,2021,1,cash_flow,期末現金及約當現金餘額,9407233,"9,407,233",sii,https://mopsov.twse.com.tw/mops/web/ajax_t163sb20
中游,伺服器滑軌與機殼,8210,勤誠,2021,1,cash_flow,營業活動之淨現金流入（流出）,-83164,"-83,164",sii,https://mopsov.twse.com.tw/mops/web/ajax_t163sb20
中游,伺服器滑軌與機殼,8210,勤誠,2021,1,cash_flow,投資活動之淨現金流入（流出）,-667367,"-667,367",sii,https://mopsov.twse.com.tw/mops/web/ajax_t163sb20
中游,伺服器滑軌與機殼,8210,勤誠,2021,1,cash_flow,籌資活動之淨現金流入（流出）,684856,"684,856",sii,https://mopsov.twse.com.tw/mops/web/ajax_t163sb20
中游,伺服器滑軌與機殼,8210,勤誠,2021,1,cash_flow,匯率變動對現金及約當現金之影響,-7987,"-7,987",sii,https://mopsov.twse.com.tw/mops/web/ajax_t163sb20
中游,伺服器滑軌與機殼,8210,勤誠,2021,1,cash_flow,本期現金及約當現金增加（減少）數,-73662,"-73,662",sii,https://mopsov.twse.com.tw/mops/web/ajax_t163sb20
中游,伺服器滑軌與機殼,8210,勤誠,2021,1,cash_flow,期初現金及約當現金餘額,1216174,"1,216,174",sii,https://mopsov.twse.com.tw/mops/web/ajax_t163sb20
中游,伺服器滑軌與機殼,8210,勤誠,2021,1,cash_flow,期末現金及約當現金餘額,1142512,"1,142,512",sii,https://mopsov.twse.com.tw/mops/web/ajax_t163sb20
中游,伺服器滑軌與機殼,2059,川湖,2021,2,income_statement,營業收入,2766818,"2,766,818",sii,https://mopsov.twse.com.tw/mops/web/ajax_t163sb04
中游,伺服器滑軌與機殼,2059,川湖,2021,2,income_statement,營業成本,1348936,"1,348,936",sii,https://mopsov.twse.com.tw/mops/web/ajax_t163sb04
中游,伺服器滑軌與機殼,2059,川湖,2021,2,income_statement,原始認列生物資產及農產品之利益（損失）,,--,sii,https://mopsov.twse.com.tw/mops/web/ajax_t163sb04
中游,伺服器滑軌與機殼,2059,川湖,2021,2,income_statement,生物資產當期公允價值減出售成本之變動利益（損失）,,--,sii,https://mopsov.twse.com.tw/mops/web/ajax_t163sb04
中游,伺服器滑軌與機殼,2059,川湖,2021,2,income_statement,營業毛利（毛損）,1417882,"1,417,882",sii,https://mopsov.twse.com.tw/mops/web/ajax_t163sb04
中游,伺服器滑軌與機殼,2059,川湖,2021,2,income_statement,未實現銷貨（損）益,,--,sii,https://mopsov.twse.com.tw/mops/web/ajax_t163sb04
中游,伺服器滑軌與機殼,2059,川湖,2021,2,income_statement,已實現銷貨（損）益,,--,sii,https://mopsov.twse.com.tw/mops/web/ajax_t163sb04
中游,伺服器滑軌與機殼,2059,川湖,2021,2,income_statement,營業毛利（毛損）淨額,1417882,"1,417,882",sii,https://mopsov.twse.com.tw/mops/web/ajax_t163sb04
中游,伺服器滑軌與機殼,2059,川湖,2021,2,income_statement,營業費用,294608,"294,608",sii,https://mopsov.twse.com.tw/mops/web/ajax_t163sb04
中游,伺服器滑軌與機殼,2059,川湖,2021,2,income_statement,其他收益及費損淨額,,--,sii,https://mopsov.twse.com.tw/mops/web/ajax_t163sb04
中游,伺服器滑軌與機殼,2059,川湖,2021,2,income_statement,營業利益（損失）,1123274,"1,123,274",sii,https://mopsov.twse.com.tw/mops/web/ajax_t163sb04
中游,伺服器滑軌與機殼,2059,川湖,2021,2,income_statement,營業外收入及支出,-122647,"-122,647",sii,https://mopsov.twse.com.tw/mops/web/ajax_t163sb04
中游,伺服器滑軌與機殼,2059,川湖,2021,2,income_statement,稅前淨利（淨損）,1000627,"1,000,627",sii,https://mopsov.twse.com.tw/mops/web/ajax_t163sb04
中游,伺服器滑軌與機殼,2059,川湖,2021,2,income_statement,所得稅費用（利益）,182544,"182,544",sii,https://mopsov.twse.com.tw/mops/web/ajax_t163sb04
中游,伺服器滑軌與機殼,2059,川湖,2021,2,income_statement,繼續營業單位本期淨利（淨損）,818083,"818,083",sii,https://mopsov.twse.com.tw/mops/web/ajax_t163sb04
中游,伺服器滑軌與機殼,2059,川湖,2021,2,income_statement,停業單位損益,,--,sii,https://mopsov.twse.com.tw/mops/web/ajax_t163sb04
中游,伺服器滑軌與機殼,2059,川湖,2021,2,income_statement,合併前非屬共同控制股權損益,,--,sii,https://mopsov.twse.com.tw/mops/web/ajax_t163sb04
中游,伺服器滑軌與機殼,2059,川湖,2021,2,income_statement,本期淨利（淨損）,818083,"818,083",sii,https://mopsov.twse.com.tw/mops/web/ajax_t163sb04
中游,伺服器滑軌與機殼,2059,川湖,2021,2,income_statement,其他綜合損益（淨額）,-583,-583,sii,https://mopsov.twse.com.tw/mops/web/ajax_t163sb04
中游,伺服器滑軌與機殼,2059,川湖,2021,2,income_statement,合併前非屬共同控制股權綜合損益淨額,,--,sii,https://mopsov.twse.com.tw/mops/web/ajax_t163sb04
中游,伺服器滑軌與機殼,2059,川湖,2021,2,income_statement,本期綜合損益總額,817500,"817,500",sii,https://mopsov.twse.com.tw/mops/web/ajax_t163sb04
中游,伺服器滑軌與機殼,2059,川湖,2021,2,income_statement,淨利（淨損）歸屬於母公司業主,818083,"818,083",sii,https://mopsov.twse.com.tw/mops/web/ajax_t163sb04
中游,伺服器滑軌與機殼,2059,川湖,2021,2,income_statement,淨利（淨損）歸屬於共同控制下前手權益,,--,sii,https://mopsov.twse.com.tw/mops/web/ajax_t163sb04
中游,伺服器滑軌與機殼,2059,川湖,2021,2,income_statement,淨利（淨損）歸屬於非控制權益,,--,sii,https://mopsov.twse.com.tw/mops/web/ajax_t163sb04
中游,伺服器滑軌與機殼,2059,川湖,2021,2,income_statement,綜合損益總額歸屬於母公司業主,817500,"817,500",sii,https://mopsov.twse.com.tw/mops/web/ajax_t163sb04
中游,伺服器滑軌與機殼,2059,川湖,2021,2,income_statement,綜合損益總額歸屬於共同控制下前手權益,,--,sii,https://mopsov.twse.com.tw/mops/web/ajax_t163sb04
中游,伺服器滑軌與機殼,2059,川湖,2021,2,income_statement,綜合損益總額歸屬於非控制權益,,--,sii,https://mopsov.twse.com.tw/mops/web/ajax_t163sb04
中游,伺服器滑軌與機殼,2059,川湖,2021,2,income_statement,基本每股盈餘（元）,8.58,8.58,sii,https://mopsov.twse.com.tw/mops/web/ajax_t163sb04
中游,伺服器滑軌與機殼,8210,勤誠,2021,2,income_statement,營業收入,4157165,"4,157,165",sii,https://mopsov.twse.com.tw/mops/web/ajax_t163sb04
中游,伺服器滑軌與機殼,8210,勤誠,2021,2,income_statement,營業成本,3288207,"3,288,207",sii,https://mopsov.twse.com.tw/mops/web/ajax_t163sb04
中游,伺服器滑軌與機殼,8210,勤誠,2021,2,income_statement,原始認列生物資產及農產品之利益（損失）,,--,sii,https://mopsov.twse.com.tw/mops/web/ajax_t163sb04
中游,伺服器滑軌與機殼,8210,勤誠,2021,2,income_statement,生物資產當期公允價值減出售成本之變動利益（損失）,,--,sii,https://mopsov.twse.com.tw/mops/web/ajax_t163sb04
中游,伺服器滑軌與機殼,8210,勤誠,2021,2,income_statement,營業毛利（毛損）,868958,"868,958",sii,https://mopsov.twse.com.tw/mops/web/ajax_t163sb04
中游,伺服器滑軌與機殼,8210,勤誠,2021,2,income_statement,未實現銷貨（損）益,,--,sii,https://mopsov.twse.com.tw/mops/web/ajax_t163sb04
中游,伺服器滑軌與機殼,8210,勤誠,2021,2,income_statement,已實現銷貨（損）益,,--,sii,https://mopsov.twse.com.tw/mops/web/ajax_t163sb04
中游,伺服器滑軌與機殼,8210,勤誠,2021,2,income_statement,營業毛利（毛損）淨額,868958,"868,958",sii,https://mopsov.twse.com.tw/mops/web/ajax_t163sb04
中游,伺服器滑軌與機殼,8210,勤誠,2021,2,income_statement,營業費用,450210,"450,210",sii,https://mopsov.twse.com.tw/mops/web/ajax_t163sb04
中游,伺服器滑軌與機殼,8210,勤誠,2021,2,income_statement,其他收益及費損淨額,,--,sii,https://mopsov.twse.com.tw/mops/web/ajax_t163sb04
中游,伺服器滑軌與機殼,8210,勤誠,2021,2,income_statement,營業利益（損失）,418748,"418,748",sii,https://mopsov.twse.com.tw/mops/web/ajax_t163sb04
中游,伺服器滑軌與機殼,8210,勤誠,2021,2,income_statement,營業外收入及支出,-21686,"-21,686",sii,https://mopsov.twse.com.tw/mops/web/ajax_t163sb04
中游,伺服器滑軌與機殼,8210,勤誠,2021,2,income_statement,稅前淨利（淨損）,397062,"397,062",sii,https://mopsov.twse.com.tw/mops/web/ajax_t163sb04
中游,伺服器滑軌與機殼,8210,勤誠,2021,2,income_statement,所得稅費用（利益）,93890,"93,890",sii,https://mopsov.twse.com.tw/mops/web/ajax_t163sb04
中游,伺服器滑軌與機殼,8210,勤誠,2021,2,income_statement,繼續營業單位本期淨利（淨損）,303172,"303,172",sii,https://mopsov.twse.com.tw/mops/web/ajax_t163sb04
中游,伺服器滑軌與機殼,8210,勤誠,2021,2,income_statement,停業單位損益,,--,sii,https://mopsov.twse.com.tw/mops/web/ajax_t163sb04
中游,伺服器滑軌與機殼,8210,勤誠,2021,2,income_statement,合併前非屬共同控制股權損益,,--,sii,https://mopsov.twse.com.tw/mops/web/ajax_t163sb04
中游,伺服器滑軌與機殼,8210,勤誠,2021,2,income_statement,本期淨利（淨損）,303172,"303,172",sii,https://mopsov.twse.com.tw/mops/web/ajax_t163sb04
中游,伺服器滑軌與機殼,8210,勤誠,2021,2,income_statement,其他綜合損益（淨額）,-37395,"-37,395",sii,https://mopsov.twse.com.tw/mops/web/ajax_t163sb04
中游,伺服器滑軌與機殼,8210,勤誠,2021,2,income_statement,合併前非屬共同控制股權綜合損益淨額,,--,sii,https://mopsov.twse.com.tw/mops/web/ajax_t163sb04
中游,伺服器滑軌與機殼,8210,勤誠,2021,2,income_statement,本期綜合損益總額,265777,"265,777",sii,https://mopsov.twse.com.tw/mops/web/ajax_t163sb04
中游,伺服器滑軌與機殼,8210,勤誠,2021,2,income_statement,淨利（淨損）歸屬於母公司業主,303482,"303,482",sii,https://mopsov.twse.com.tw/mops/web/ajax_t163sb04
中游,伺服器滑軌與機殼,8210,勤誠,2021,2,income_statement,淨利（淨損）歸屬於共同控制下前手權益,,--,sii,https://mopsov.twse.com.tw/mops/web/ajax_t163sb04
中游,伺服器滑軌與機殼,8210,勤誠,2021,2,income_statement,淨利（淨損）歸屬於非控制權益,-310,-310,sii,https://mopsov.twse.com.tw/mops/web/ajax_t163sb04
中游,伺服器滑軌與機殼,8210,勤誠,2021,2,income_statement,綜合損益總額歸屬於母公司業主,266087,"266,087",sii,https://mopsov.twse.com.tw/mops/web/ajax_t163sb04
中游,伺服器滑軌與機殼,8210,勤誠,2021,2,income_statement,綜合損益總額歸屬於共同控制下前手權益,,--,sii,https://mopsov.twse.com.tw/mops/web/ajax_t163sb04
中游,伺服器滑軌與機殼,8210,勤誠,2021,2,income_statement,綜合損益總額歸屬於非控制權益,-310,-310,sii,https://mopsov.twse.com.tw/mops/web/ajax_t163sb04
中游,伺服器滑軌與機殼,8210,勤誠,2021,2,income_statement,基本每股盈餘（元）,2.53,2.53,sii,https://mopsov.twse.com.tw/mops/web/ajax_t163sb04
中游,伺服器滑軌與機殼,6584,南俊國際,2021,2,income_statement,營業收入,869907,"869,907",otc,https://mopsov.twse.com.tw/mops/web/ajax_t163sb04
中游,伺服器滑軌與機殼,6584,南俊國際,2021,2,income_statement,營業成本,717343,"717,343",otc,https://mopsov.twse.com.tw/mops/web/ajax_t163sb04
中游,伺服器滑軌與機殼,6584,南俊國際,2021,2,income_statement,原始認列生物資產及農產品之利益（損失）,,--,otc,https://mopsov.twse.com.tw/mops/web/ajax_t163sb04
中游,伺服器滑軌與機殼,6584,南俊國際,2021,2,income_statement,生物資產當期公允價值減出售成本之變動利益（損失）,,--,otc,https://mopsov.twse.com.tw/mops/web/ajax_t163sb04
中游,伺服器滑軌與機殼,6584,南俊國際,2021,2,income_statement,營業毛利（毛損）,152564,"152,564",otc,https://mopsov.twse.com.tw/mops/web/ajax_t163sb04
中游,伺服器滑軌與機殼,6584,南俊國際,2021,2,income_statement,未實現銷貨（損）益,,--,otc,https://mopsov.twse.com.tw/mops/web/ajax_t163sb04
中游,伺服器滑軌與機殼,6584,南俊國際,2021,2,income_statement,已實現銷貨（損）益,,--,otc,https://mopsov.twse.com.tw/mops/web/ajax_t163sb04
中游,伺服器滑軌與機殼,6584,南俊國際,2021,2,income_statement,營業毛利（毛損）淨額,152564,"152,564",otc,https://mopsov.twse.com.tw/mops/web/ajax_t163sb04
中游,伺服器滑軌與機殼,6584,南俊國際,2021,2,income_statement,營業費用,116812,"116,812",otc,https://mopsov.twse.com.tw/mops/web/ajax_t163sb04
中游,伺服器滑軌與機殼,6584,南俊國際,2021,2,income_statement,其他收益及費損淨額,,--,otc,https://mopsov.twse.com.tw/mops/web/ajax_t163sb04
中游,伺服器滑軌與機殼,6584,南俊國際,2021,2,income_statement,營業利益（損失）,35752,"35,752",otc,https://mopsov.twse.com.tw/mops/web/ajax_t163sb04
中游,伺服器滑軌與機殼,6584,南俊國際,2021,2,income_statement,營業外收入及支出,-17124,"-17,124",otc,https://mopsov.twse.com.tw/mops/web/ajax_t163sb04
中游,伺服器滑軌與機殼,6584,南俊國際,2021,2,income_statement,稅前淨利（淨損）,18628,"18,628",otc,https://mopsov.twse.com.tw/mops/web/ajax_t163sb04
中游,伺服器滑軌與機殼,6584,南俊國際,2021,2,income_statement,所得稅費用（利益）,4118,"4,118",otc,https://mopsov.twse.com.tw/mops/web/ajax_t163sb04
中游,伺服器滑軌與機殼,6584,南俊國際,2021,2,income_statement,繼續營業單位本期淨利（淨損）,14510,"14,510",otc,https://mopsov.twse.com.tw/mops/web/ajax_t163sb04
中游,伺服器滑軌與機殼,6584,南俊國際,2021,2,income_statement,停業單位損益,,--,otc,https://mopsov.twse.com.tw/mops/web/ajax_t163sb04
中游,伺服器滑軌與機殼,6584,南俊國際,2021,2,income_statement,合併前非屬共同控制股權損益,,--,otc,https://mopsov.twse.com.tw/mops/web/ajax_t163sb04
中游,伺服器滑軌與機殼,6584,南俊國際,2021,2,income_statement,本期淨利（淨損）,14510,"14,510",otc,https://mopsov.twse.com.tw/mops/web/ajax_t163sb04
中游,伺服器滑軌與機殼,6584,南俊國際,2021,2,income_statement,其他綜合損益（淨額）,-106,-106,otc,https://mopsov.twse.com.tw/mops/web/ajax_t163sb04
中游,伺服器滑軌與機殼,6584,南俊國際,2021,2,income_statement,合併前非屬共同控制股權綜合損益淨額,,--,otc,https://mopsov.twse.com.tw/mops/web/ajax_t163sb04
中游,伺服器滑軌與機殼,6584,南俊國際,2021,2,income_statement,本期綜合損益總額,14404,"14,404",otc,https://mopsov.twse.com.tw/mops/web/ajax_t163sb04
中游,伺服器滑軌與機殼,6584,南俊國際,2021,2,income_statement,淨利（淨損）歸屬於母公司業主,14510,"14,510",otc,https://mopsov.twse.com.tw/mops/web/ajax_t163sb04
中游,伺服器滑軌與機殼,6584,南俊國際,2021,2,income_statement,淨利（淨損）歸屬於共同控制下前手權益,,--,otc,https://mopsov.twse.com.tw/mops/web/ajax_t163sb04
中游,伺服器滑軌與機殼,6584,南俊國際,2021,2,income_statement,淨利（淨損）歸屬於非控制權益,,--,otc,https://mopsov.twse.com.tw/mops/web/ajax_t163sb04
中游,伺服器滑軌與機殼,6584,南俊國際,2021,2,income_statement,綜合損益總額歸屬於母公司業主,14404,"14,404",otc,https://mopsov.twse.com.tw/mops/web/ajax_t163sb04
中游,伺服器滑軌與機殼,6584,南俊國際,2021,2,income_statement,綜合損益總額歸屬於共同控制下前手權益,,--,otc,https://mopsov.twse.com.tw/mops/web/ajax_t163sb04
中游,伺服器滑軌與機殼,6584,南俊國際,2021,2,income_statement,綜合損益總額歸屬於非控制權益,,--,otc,https://mopsov.twse.com.tw/mops/web/ajax_t163sb04
中游,伺服器滑軌與機殼,6584,南俊國際,2021,2,income_statement,基本每股盈餘（元）,0.28,0.28,otc,https://mopsov.twse.com.tw/mops/web/ajax_t163sb04
中游,伺服器滑軌與機殼,2059,川湖,2021,2,balance_sheet,流動資產,11290644,"11,290,644",sii,https://mopsov.twse.com.tw/mops/web/ajax_t163sb05
中游,伺服器滑軌與機殼,2059,川湖,2021,2,balance_sheet,非流動資產,2909106,"2,909,106",sii,https://mopsov.twse.com.tw/mops/web/ajax_t163sb05
中游,伺服器滑軌與機殼,2059,川湖,2021,2,balance_sheet,資產總計,14199750,"14,199,750",sii,https://mopsov.twse.com.tw/mops/web/ajax_t163sb05
中游,伺服器滑軌與機殼,2059,川湖,2021,2,balance_sheet,流動負債,1164200,"1,164,200",sii,https://mopsov.twse.com.tw/mops/web/ajax_t163sb05
中游,伺服器滑軌與機殼,2059,川湖,2021,2,balance_sheet,非流動負債,1097009,"1,097,009",sii,https://mopsov.twse.com.tw/mops/web/ajax_t163sb05
中游,伺服器滑軌與機殼,2059,川湖,2021,2,balance_sheet,負債總計,2261209,"2,261,209",sii,https://mopsov.twse.com.tw/mops/web/ajax_t163sb05
中游,伺服器滑軌與機殼,2059,川湖,2021,2,balance_sheet,股本,952971,"952,971",sii,https://mopsov.twse.com.tw/mops/web/ajax_t163sb05
中游,伺服器滑軌與機殼,2059,川湖,2021,2,balance_sheet,權益─具證券性質之虛擬通貨,,--,sii,https://mopsov.twse.com.tw/mops/web/ajax_t163sb05
中游,伺服器滑軌與機殼,2059,川湖,2021,2,balance_sheet,資本公積,796691,"796,691",sii,https://mopsov.twse.com.tw/mops/web/ajax_t163sb05
中游,伺服器滑軌與機殼,2059,川湖,2021,2,balance_sheet,保留盈餘,10198681,"10,198,681",sii,https://mopsov.twse.com.tw/mops/web/ajax_t163sb05
中游,伺服器滑軌與機殼,2059,川湖,2021,2,balance_sheet,其他權益,-9802,"-9,802",sii,https://mopsov.twse.com.tw/mops/web/ajax_t163sb05
中游,伺服器滑軌與機殼,2059,川湖,2021,2,balance_sheet,庫藏股票,0,0,sii,https://mopsov.twse.com.tw/mops/web/ajax_t163sb05
中游,伺服器滑軌與機殼,2059,川湖,2021,2,balance_sheet,歸屬於母公司業主之權益合計,11938541,"11,938,541",sii,https://mopsov.twse.com.tw/mops/web/ajax_t163sb05
中游,伺服器滑軌與機殼,2059,川湖,2021,2,balance_sheet,共同控制下前手權益,,--,sii,https://mopsov.twse.com.tw/mops/web/ajax_t163sb05
中游,伺服器滑軌與機殼,2059,川湖,2021,2,balance_sheet,合併前非屬共同控制股權,,--,sii,https://mopsov.twse.com.tw/mops/web/ajax_t163sb05
中游,伺服器滑軌與機殼,2059,川湖,2021,2,balance_sheet,非控制權益,0,0,sii,https://mopsov.twse.com.tw/mops/web/ajax_t163sb05
中游,伺服器滑軌與機殼,2059,川湖,2021,2,balance_sheet,權益總計,11938541,"11,938,541",sii,https://mopsov.twse.com.tw/mops/web/ajax_t163sb05
中游,伺服器滑軌與機殼,2059,川湖,2021,2,balance_sheet,待註銷股本股數（單位：股）,,--,sii,https://mopsov.twse.com.tw/mops/web/ajax_t163sb05
中游,伺服器滑軌與機殼,2059,川湖,2021,2,balance_sheet,預收股款（權益項下）之約當發行股數（單位：股）,0,0,sii,https://mopsov.twse.com.tw/mops/web/ajax_t163sb05
中游,伺服器滑軌與機殼,2059,川湖,2021,2,balance_sheet,母公司暨子公司所持有之母公司庫藏股股數（單位：股）,0,0,sii,https://mopsov.twse.com.tw/mops/web/ajax_t163sb05
中游,伺服器滑軌與機殼,2059,川湖,2021,2,balance_sheet,每股參考淨值,125.28,125.28,sii,https://mopsov.twse.com.tw/mops/web/ajax_t163sb05
中游,伺服器滑軌與機殼,8210,勤誠,2021,2,balance_sheet,流動資產,5237210,"5,237,210",sii,https://mopsov.twse.com.tw/mops/web/ajax_t163sb05
中游,伺服器滑軌與機殼,8210,勤誠,2021,2,balance_sheet,非流動資產,4181123,"4,181,123",sii,https://mopsov.twse.com.tw/mops/web/ajax_t163sb05
中游,伺服器滑軌與機殼,8210,勤誠,2021,2,balance_sheet,資產總計,9418333,"9,418,333",sii,https://mopsov.twse.com.tw/mops/web/ajax_t163sb05
中游,伺服器滑軌與機殼,8210,勤誠,2021,2,balance_sheet,流動負債,4561281,"4,561,281",sii,https://mopsov.twse.com.tw/mops/web/ajax_t163sb05
中游,伺服器滑軌與機殼,8210,勤誠,2021,2,balance_sheet,非流動負債,1102923,"1,102,923",sii,https://mopsov.twse.com.tw/mops/web/ajax_t163sb05
中游,伺服器滑軌與機殼,8210,勤誠,2021,2,balance_sheet,負債總計,5664204,"5,664,204",sii,https://mopsov.twse.com.tw/mops/web/ajax_t163sb05
中游,伺服器滑軌與機殼,8210,勤誠,2021,2,balance_sheet,股本,1208610,"1,208,610",sii,https://mopsov.twse.com.tw/mops/web/ajax_t163sb05
中游,伺服器滑軌與機殼,8210,勤誠,2021,2,balance_sheet,權益─具證券性質之虛擬通貨,,--,sii,https://mopsov.twse.com.tw/mops/web/ajax_t163sb05
中游,伺服器滑軌與機殼,8210,勤誠,2021,2,balance_sheet,資本公積,146419,"146,419",sii,https://mopsov.twse.com.tw/mops/web/ajax_t163sb05
中游,伺服器滑軌與機殼,8210,勤誠,2021,2,balance_sheet,保留盈餘,2742924,"2,742,924",sii,https://mopsov.twse.com.tw/mops/web/ajax_t163sb05
中游,伺服器滑軌與機殼,8210,勤誠,2021,2,balance_sheet,其他權益,-364204,"-364,204",sii,https://mopsov.twse.com.tw/mops/web/ajax_t163sb05
中游,伺服器滑軌與機殼,8210,勤誠,2021,2,balance_sheet,庫藏股票,,--,sii,https://mopsov.twse.com.tw/mops/web/ajax_t163sb05
中游,伺服器滑軌與機殼,8210,勤誠,2021,2,balance_sheet,歸屬於母公司業主之權益合計,3733749,"3,733,749",sii,https://mopsov.twse.com.tw/mops/web/ajax_t163sb05
中游,伺服器滑軌與機殼,8210,勤誠,2021,2,balance_sheet,共同控制下前手權益,,--,sii,https://mopsov.twse.com.tw/mops/web/ajax_t163sb05
中游,伺服器滑軌與機殼,8210,勤誠,2021,2,balance_sheet,合併前非屬共同控制股權,,--,sii,https://mopsov.twse.com.tw/mops/web/ajax_t163sb05
中游,伺服器滑軌與機殼,8210,勤誠,2021,2,balance_sheet,非控制權益,20380,"20,380",sii,https://mopsov.twse.com.tw/mops/web/ajax_t163sb05
中游,伺服器滑軌與機殼,8210,勤誠,2021,2,balance_sheet,權益總計,3754129,"3,754,129",sii,https://mopsov.twse.com.tw/mops/web/ajax_t163sb05
中游,伺服器滑軌與機殼,8210,勤誠,2021,2,balance_sheet,待註銷股本股數（單位：股）,0,0,sii,https://mopsov.twse.com.tw/mops/web/ajax_t163sb05
中游,伺服器滑軌與機殼,8210,勤誠,2021,2,balance_sheet,預收股款（權益項下）之約當發行股數（單位：股）,0,0,sii,https://mopsov.twse.com.tw/mops/web/ajax_t163sb05
中游,伺服器滑軌與機殼,8210,勤誠,2021,2,balance_sheet,母公司暨子公司所持有之母公司庫藏股股數（單位：股）,0,0,sii,https://mopsov.twse.com.tw/mops/web/ajax_t163sb05
中游,伺服器滑軌與機殼,8210,勤誠,2021,2,balance_sheet,每股參考淨值,30.89,30.89,sii,https://mopsov.twse.com.tw/mops/web/ajax_t163sb05
中游,伺服器滑軌與機殼,6584,南俊國際,2021,2,balance_sheet,流動資產,753228,"753,228",otc,https://mopsov.twse.com.tw/mops/web/ajax_t163sb05
中游,伺服器滑軌與機殼,6584,南俊國際,2021,2,balance_sheet,非流動資產,2627222,"2,627,222",otc,https://mopsov.twse.com.tw/mops/web/ajax_t163sb05
中游,伺服器滑軌與機殼,6584,南俊國際,2021,2,balance_sheet,資產總計,3380450,"3,380,450",otc,https://mopsov.twse.com.tw/mops/web/ajax_t163sb05
中游,伺服器滑軌與機殼,6584,南俊國際,2021,2,balance_sheet,流動負債,698316,"698,316",otc,https://mopsov.twse.com.tw/mops/web/ajax_t163sb05
中游,伺服器滑軌與機殼,6584,南俊國際,2021,2,balance_sheet,非流動負債,1492805,"1,492,805",otc,https://mopsov.twse.com.tw/mops/web/ajax_t163sb05
中游,伺服器滑軌與機殼,6584,南俊國際,2021,2,balance_sheet,負債總計,2191121,"2,191,121",otc,https://mopsov.twse.com.tw/mops/web/ajax_t163sb05
中游,伺服器滑軌與機殼,6584,南俊國際,2021,2,balance_sheet,股本,525000,"525,000",otc,https://mopsov.twse.com.tw/mops/web/ajax_t163sb05
中游,伺服器滑軌與機殼,6584,南俊國際,2021,2,balance_sheet,權益─具證券性質之虛擬通貨,,--,otc,https://mopsov.twse.com.tw/mops/web/ajax_t163sb05
中游,伺服器滑軌與機殼,6584,南俊國際,2021,2,balance_sheet,資本公積,210378,"210,378",otc,https://mopsov.twse.com.tw/mops/web/ajax_t163sb05
中游,伺服器滑軌與機殼,6584,南俊國際,2021,2,balance_sheet,保留盈餘,472912,"472,912",otc,https://mopsov.twse.com.tw/mops/web/ajax_t163sb05
中游,伺服器滑軌與機殼,6584,南俊國際,2021,2,balance_sheet,其他權益,-18961,"-18,961",otc,https://mopsov.twse.com.tw/mops/web/ajax_t163sb05
中游,伺服器滑軌與機殼,6584,南俊國際,2021,2,balance_sheet,庫藏股票,,--,otc,https://mopsov.twse.com.tw/mops/web/ajax_t163sb05
中游,伺服器滑軌與機殼,6584,南俊國際,2021,2,balance_sheet,歸屬於母公司業主之權益合計,1189329,"1,189,329",otc,https://mopsov.twse.com.tw/mops/web/ajax_t163sb05
中游,伺服器滑軌與機殼,6584,南俊國際,2021,2,balance_sheet,共同控制下前手權益,,--,otc,https://mopsov.twse.com.tw/mops/web/ajax_t163sb05
中游,伺服器滑軌與機殼,6584,南俊國際,2021,2,balance_sheet,合併前非屬共同控制股權,,--,otc,https://mopsov.twse.com.tw/mops/web/ajax_t163sb05
中游,伺服器滑軌與機殼,6584,南俊國際,2021,2,balance_sheet,非控制權益,,--,otc,https://mopsov.twse.com.tw/mops/web/ajax_t163sb05
中游,伺服器滑軌與機殼,6584,南俊國際,2021,2,balance_sheet,權益總計,1189329,"1,189,329",otc,https://mopsov.twse.com.tw/mops/web/ajax_t163sb05
中游,伺服器滑軌與機殼,6584,南俊國際,2021,2,balance_sheet,待註銷股本股數（單位：股）,0,0,otc,https://mopsov.twse.com.tw/mops/web/ajax_t163sb05
中游,伺服器滑軌與機殼,6584,南俊國際,2021,2,balance_sheet,預收股款（權益項下）之約當發行股數（單位：股）,0,0,otc,https://mopsov.twse.com.tw/mops/web/ajax_t163sb05
中游,伺服器滑軌與機殼,6584,南俊國際,2021,2,balance_sheet,母公司暨子公司所持有之母公司庫藏股股數（單位：股）,0,0,otc,https://mopsov.twse.com.tw/mops/web/ajax_t163sb05
中游,伺服器滑軌與機殼,6584,南俊國際,2021,2,balance_sheet,每股參考淨值,22.65,22.65,otc,https://mopsov.twse.com.tw/mops/web/ajax_t163sb05
中游,伺服器滑軌與機殼,2059,川湖,2021,2,cash_flow,營業活動之淨現金流入（流出）,401009,"401,009",sii,https://mopsov.twse.com.tw/mops/web/ajax_t163sb20
中游,伺服器滑軌與機殼,2059,川湖,2021,2,cash_flow,投資活動之淨現金流入（流出）,-375962,"-375,962",sii,https://mopsov.twse.com.tw/mops/web/ajax_t163sb20
中游,伺服器滑軌與機殼,2059,川湖,2021,2,cash_flow,籌資活動之淨現金流入（流出）,174083,"174,083",sii,https://mopsov.twse.com.tw/mops/web/ajax_t163sb20
中游,伺服器滑軌與機殼,2059,川湖,2021,2,cash_flow,匯率變動對現金及約當現金之影響,-9744,"-9,744",sii,https://mopsov.twse.com.tw/mops/web/ajax_t163sb20
中游,伺服器滑軌與機殼,2059,川湖,2021,2,cash_flow,本期現金及約當現金增加（減少）數,189386,"189,386",sii,https://mopsov.twse.com.tw/mops/web/ajax_t163sb20
中游,伺服器滑軌與機殼,2059,川湖,2021,2,cash_flow,期初現金及約當現金餘額,9050089,"9,050,089",sii,https://mopsov.twse.com.tw/mops/web/ajax_t163sb20
中游,伺服器滑軌與機殼,2059,川湖,2021,2,cash_flow,期末現金及約當現金餘額,9239475,"9,239,475",sii,https://mopsov.twse.com.tw/mops/web/ajax_t163sb20
中游,伺服器滑軌與機殼,8210,勤誠,2021,2,cash_flow,營業活動之淨現金流入（流出）,36566,"36,566",sii,https://mopsov.twse.com.tw/mops/web/ajax_t163sb20
中游,伺服器滑軌與機殼,8210,勤誠,2021,2,cash_flow,投資活動之淨現金流入（流出）,-1083135,"-1,083,135",sii,https://mopsov.twse.com.tw/mops/web/ajax_t163sb20
中游,伺服器滑軌與機殼,8210,勤誠,2021,2,cash_flow,籌資活動之淨現金流入（流出）,910010,"910,010",sii,https://mopsov.twse.com.tw/mops/web/ajax_t163sb20
中游,伺服器滑軌與機殼,8210,勤誠,2021,2,cash_flow,匯率變動對現金及約當現金之影響,-25019,"-25,019",sii,https://mopsov.twse.com.tw/mops/web/ajax_t163sb20
中游,伺服器滑軌與機殼,8210,勤誠,2021,2,cash_flow,本期現金及約當現金增加（減少）數,-161578,"-161,578",sii,https://mopsov.twse.com.tw/mops/web/ajax_t163sb20
中游,伺服器滑軌與機殼,8210,勤誠,2021,2,cash_flow,期初現金及約當現金餘額,1216174,"1,216,174",sii,https://mopsov.twse.com.tw/mops/web/ajax_t163sb20
中游,伺服器滑軌與機殼,8210,勤誠,2021,2,cash_flow,期末現金及約當現金餘額,1054596,"1,054,596",sii,https://mopsov.twse.com.tw/mops/web/ajax_t163sb20
中游,伺服器滑軌與機殼,6584,南俊國際,2021,2,cash_flow,營業活動之淨現金流入（流出）,-948,-948,otc,https://mopsov.twse.com.tw/mops/web/ajax_t163sb20
中游,伺服器滑軌與機殼,6584,南俊國際,2021,2,cash_flow,投資活動之淨現金流入（流出）,-39468,"-39,468",otc,https://mopsov.twse.com.tw/mops/web/ajax_t163sb20
中游,伺服器滑軌與機殼,6584,南俊國際,2021,2,cash_flow,籌資活動之淨現金流入（流出）,26916,"26,916",otc,https://mopsov.twse.com.tw/mops/web/ajax_t163sb20
中游,伺服器滑軌與機殼,6584,南俊國際,2021,2,cash_flow,匯率變動對現金及約當現金之影響,-116,-116,otc,https://mopsov.twse.com.tw/mops/web/ajax_t163sb20
中游,伺服器滑軌與機殼,6584,南俊國際,2021,2,cash_flow,本期現金及約當現金增加（減少）數,-13616,"-13,616",otc,https://mopsov.twse.com.tw/mops/web/ajax_t163sb20
中游,伺服器滑軌與機殼,6584,南俊國際,2021,2,cash_flow,期初現金及約當現金餘額,141303,"141,303",otc,https://mopsov.twse.com.tw/mops/web/ajax_t163sb20
中游,伺服器滑軌與機殼,6584,南俊國際,2021,2,cash_flow,期末現金及約當現金餘額,127687,"127,687",otc,https://mopsov.twse.com.tw/mops/web/ajax_t163sb20
中游,伺服器滑軌與機殼,2059,川湖,2021,3,income_statement,營業收入,4525011,"4,525,011",sii,https://mopsov.twse.com.tw/mops/web/ajax_t163sb04
中游,伺服器滑軌與機殼,2059,川湖,2021,3,income_statement,營業成本,2147891,"2,147,891",sii,https://mopsov.twse.com.tw/mops/web/ajax_t163sb04
中游,伺服器滑軌與機殼,2059,川湖,2021,3,income_statement,原始認列生物資產及農產品之利益（損失）,,--,sii,https://mopsov.twse.com.tw/mops/web/ajax_t163sb04
中游,伺服器滑軌與機殼,2059,川湖,2021,3,income_statement,生物資產當期公允價值減出售成本之變動利益（損失）,,--,sii,https://mopsov.twse.com.tw/mops/web/ajax_t163sb04
中游,伺服器滑軌與機殼,2059,川湖,2021,3,income_statement,營業毛利（毛損）,2377120,"2,377,120",sii,https://mopsov.twse.com.tw/mops/web/ajax_t163sb04
中游,伺服器滑軌與機殼,2059,川湖,2021,3,income_statement,未實現銷貨（損）益,,--,sii,https://mopsov.twse.com.tw/mops/web/ajax_t163sb04
中游,伺服器滑軌與機殼,2059,川湖,2021,3,income_statement,已實現銷貨（損）益,,--,sii,https://mopsov.twse.com.tw/mops/web/ajax_t163sb04
中游,伺服器滑軌與機殼,2059,川湖,2021,3,income_statement,營業毛利（毛損）淨額,2377120,"2,377,120",sii,https://mopsov.twse.com.tw/mops/web/ajax_t163sb04
中游,伺服器滑軌與機殼,2059,川湖,2021,3,income_statement,營業費用,456450,"456,450",sii,https://mopsov.twse.com.tw/mops/web/ajax_t163sb04
中游,伺服器滑軌與機殼,2059,川湖,2021,3,income_statement,其他收益及費損淨額,,--,sii,https://mopsov.twse.com.tw/mops/web/ajax_t163sb04
中游,伺服器滑軌與機殼,2059,川湖,2021,3,income_statement,營業利益（損失）,1920670,"1,920,670",sii,https://mopsov.twse.com.tw/mops/web/ajax_t163sb04
中游,伺服器滑軌與機殼,2059,川湖,2021,3,income_statement,營業外收入及支出,-101684,"-101,684",sii,https://mopsov.twse.com.tw/mops/web/ajax_t163sb04
中游,伺服器滑軌與機殼,2059,川湖,2021,3,income_statement,稅前淨利（淨損）,1818986,"1,818,986",sii,https://mopsov.twse.com.tw/mops/web/ajax_t163sb04
中游,伺服器滑軌與機殼,2059,川湖,2021,3,income_statement,所得稅費用（利益）,370146,"370,146",sii,https://mopsov.twse.com.tw/mops/web/ajax_t163sb04
中游,伺服器滑軌與機殼,2059,川湖,2021,3,income_statement,繼續營業單位本期淨利（淨損）,1448840,"1,448,840",sii,https://mopsov.twse.com.tw/mops/web/ajax_t163sb04
中游,伺服器滑軌與機殼,2059,川湖,2021,3,income_statement,停業單位損益,,--,sii,https://mopsov.twse.com.tw/mops/web/ajax_t163sb04
中游,伺服器滑軌與機殼,2059,川湖,2021,3,income_statement,合併前非屬共同控制股權損益,,--,sii,https://mopsov.twse.com.tw/mops/web/ajax_t163sb04
中游,伺服器滑軌與機殼,2059,川湖,2021,3,income_statement,本期淨利（淨損）,1448840,"1,448,840",sii,https://mopsov.twse.com.tw/mops/web/ajax_t163sb04
中游,伺服器滑軌與機殼,2059,川湖,2021,3,income_statement,其他綜合損益（淨額）,-867,-867,sii,https://mopsov.twse.com.tw/mops/web/ajax_t163sb04
中游,伺服器滑軌與機殼,2059,川湖,2021,3,income_statement,合併前非屬共同控制股權綜合損益淨額,,--,sii,https://mopsov.twse.com.tw/mops/web/ajax_t163sb04
中游,伺服器滑軌與機殼,2059,川湖,2021,3,income_statement,本期綜合損益總額,1447973,"1,447,973",sii,https://mopsov.twse.com.tw/mops/web/ajax_t163sb04
中游,伺服器滑軌與機殼,2059,川湖,2021,3,income_statement,淨利（淨損）歸屬於母公司業主,1448840,"1,448,840",sii,https://mopsov.twse.com.tw/mops/web/ajax_t163sb04
中游,伺服器滑軌與機殼,2059,川湖,2021,3,income_statement,淨利（淨損）歸屬於共同控制下前手權益,,--,sii,https://mopsov.twse.com.tw/mops/web/ajax_t163sb04
中游,伺服器滑軌與機殼,2059,川湖,2021,3,income_statement,淨利（淨損）歸屬於非控制權益,,--,sii,https://mopsov.twse.com.tw/mops/web/ajax_t163sb04
中游,伺服器滑軌與機殼,2059,川湖,2021,3,income_statement,綜合損益總額歸屬於母公司業主,1447973,"1,447,973",sii,https://mopsov.twse.com.tw/mops/web/ajax_t163sb04
中游,伺服器滑軌與機殼,2059,川湖,2021,3,income_statement,綜合損益總額歸屬於共同控制下前手權益,,--,sii,https://mopsov.twse.com.tw/mops/web/ajax_t163sb04
中游,伺服器滑軌與機殼,2059,川湖,2021,3,income_statement,綜合損益總額歸屬於非控制權益,,--,sii,https://mopsov.twse.com.tw/mops/web/ajax_t163sb04
中游,伺服器滑軌與機殼,2059,川湖,2021,3,income_statement,基本每股盈餘（元）,15.2,15.20,sii,https://mopsov.twse.com.tw/mops/web/ajax_t163sb04
中游,伺服器滑軌與機殼,8210,勤誠,2021,3,income_statement,營業收入,6803402,"6,803,402",sii,https://mopsov.twse.com.tw/mops/web/ajax_t163sb04
中游,伺服器滑軌與機殼,8210,勤誠,2021,3,income_statement,營業成本,5405454,"5,405,454",sii,https://mopsov.twse.com.tw/mops/web/ajax_t163sb04
中游,伺服器滑軌與機殼,8210,勤誠,2021,3,income_statement,原始認列生物資產及農產品之利益（損失）,,--,sii,https://mopsov.twse.com.tw/mops/web/ajax_t163sb04
中游,伺服器滑軌與機殼,8210,勤誠,2021,3,income_statement,生物資產當期公允價值減出售成本之變動利益（損失）,,--,sii,https://mopsov.twse.com.tw/mops/web/ajax_t163sb04
中游,伺服器滑軌與機殼,8210,勤誠,2021,3,income_statement,營業毛利（毛損）,1397948,"1,397,948",sii,https://mopsov.twse.com.tw/mops/web/ajax_t163sb04
中游,伺服器滑軌與機殼,8210,勤誠,2021,3,income_statement,未實現銷貨（損）益,,--,sii,https://mopsov.twse.com.tw/mops/web/ajax_t163sb04
中游,伺服器滑軌與機殼,8210,勤誠,2021,3,income_statement,已實現銷貨（損）益,,--,sii,https://mopsov.twse.com.tw/mops/web/ajax_t163sb04
中游,伺服器滑軌與機殼,8210,勤誠,2021,3,income_statement,營業毛利（毛損）淨額,1397948,"1,397,948",sii,https://mopsov.twse.com.tw/mops/web/ajax_t163sb04
中游,伺服器滑軌與機殼,8210,勤誠,2021,3,income_statement,營業費用,700764,"700,764",sii,https://mopsov.twse.com.tw/mops/web/ajax_t163sb04
中游,伺服器滑軌與機殼,8210,勤誠,2021,3,income_statement,其他收益及費損淨額,,--,sii,https://mopsov.twse.com.tw/mops/web/ajax_t163sb04
中游,伺服器滑軌與機殼,8210,勤誠,2021,3,income_statement,營業利益（損失）,697184,"697,184",sii,https://mopsov.twse.com.tw/mops/web/ajax_t163sb04
中游,伺服器滑軌與機殼,8210,勤誠,2021,3,income_statement,營業外收入及支出,-16350,"-16,350",sii,https://mopsov.twse.com.tw/mops/web/ajax_t163sb04
中游,伺服器滑軌與機殼,8210,勤誠,2021,3,income_statement,稅前淨利（淨損）,680834,"680,834",sii,https://mopsov.twse.com.tw/mops/web/ajax_t163sb04
中游,伺服器滑軌與機殼,8210,勤誠,2021,3,income_statement,所得稅費用（利益）,162598,"162,598",sii,https://mopsov.twse.com.tw/mops/web/ajax_t163sb04
中游,伺服器滑軌與機殼,8210,勤誠,2021,3,income_statement,繼續營業單位本期淨利（淨損）,518236,"518,236",sii,https://mopsov.twse.com.tw/mops/web/ajax_t163sb04
中游,伺服器滑軌與機殼,8210,勤誠,2021,3,income_statement,停業單位損益,,--,sii,https://mopsov.twse.com.tw/mops/web/ajax_t163sb04
中游,伺服器滑軌與機殼,8210,勤誠,2021,3,income_statement,合併前非屬共同控制股權損益,,--,sii,https://mopsov.twse.com.tw/mops/web/ajax_t163sb04
中游,伺服器滑軌與機殼,8210,勤誠,2021,3,income_statement,本期淨利（淨損）,518236,"518,236",sii,https://mopsov.twse.com.tw/mops/web/ajax_t163sb04
中游,伺服器滑軌與機殼,8210,勤誠,2021,3,income_statement,其他綜合損益（淨額）,-33092,"-33,092",sii,https://mopsov.twse.com.tw/mops/web/ajax_t163sb04
中游,伺服器滑軌與機殼,8210,勤誠,2021,3,income_statement,合併前非屬共同控制股權綜合損益淨額,,--,sii,https://mopsov.twse.com.tw/mops/web/ajax_t163sb04
中游,伺服器滑軌與機殼,8210,勤誠,2021,3,income_statement,本期綜合損益總額,485144,"485,144",sii,https://mopsov.twse.com.tw/mops/web/ajax_t163sb04
中游,伺服器滑軌與機殼,8210,勤誠,2021,3,income_statement,淨利（淨損）歸屬於母公司業主,518691,"518,691",sii,https://mopsov.twse.com.tw/mops/web/ajax_t163sb04
中游,伺服器滑軌與機殼,8210,勤誠,2021,3,income_statement,淨利（淨損）歸屬於共同控制下前手權益,,--,sii,https://mopsov.twse.com.tw/mops/web/ajax_t163sb04
中游,伺服器滑軌與機殼,8210,勤誠,2021,3,income_statement,淨利（淨損）歸屬於非控制權益,-455,-455,sii,https://mopsov.twse.com.tw/mops/web/ajax_t163sb04
中游,伺服器滑軌與機殼,8210,勤誠,2021,3,income_statement,綜合損益總額歸屬於母公司業主,485599,"485,599",sii,https://mopsov.twse.com.tw/mops/web/ajax_t163sb04
中游,伺服器滑軌與機殼,8210,勤誠,2021,3,income_statement,綜合損益總額歸屬於共同控制下前手權益,,--,sii,https://mopsov.twse.com.tw/mops/web/ajax_t163sb04
中游,伺服器滑軌與機殼,8210,勤誠,2021,3,income_statement,綜合損益總額歸屬於非控制權益,-455,-455,sii,https://mopsov.twse.com.tw/mops/web/ajax_t163sb04
中游,伺服器滑軌與機殼,8210,勤誠,2021,3,income_statement,基本每股盈餘（元）,4.33,4.33,sii,https://mopsov.twse.com.tw/mops/web/ajax_t163sb04
中游,伺服器滑軌與機殼,2059,川湖,2021,3,balance_sheet,流動資產,11529858,"11,529,858",sii,https://mopsov.twse.com.tw/mops/web/ajax_t163sb05
中游,伺服器滑軌與機殼,2059,川湖,2021,3,balance_sheet,非流動資產,3076561,"3,076,561",sii,https://mopsov.twse.com.tw/mops/web/ajax_t163sb05
中游,伺服器滑軌與機殼,2059,川湖,2021,3,balance_sheet,資產總計,14606419,"14,606,419",sii,https://mopsov.twse.com.tw/mops/web/ajax_t163sb05
中游,伺服器滑軌與機殼,2059,川湖,2021,3,balance_sheet,流動負債,1464889,"1,464,889",sii,https://mopsov.twse.com.tw/mops/web/ajax_t163sb05
中游,伺服器滑軌與機殼,2059,川湖,2021,3,balance_sheet,非流動負債,1155734,"1,155,734",sii,https://mopsov.twse.com.tw/mops/web/ajax_t163sb05
中游,伺服器滑軌與機殼,2059,川湖,2021,3,balance_sheet,負債總計,2620623,"2,620,623",sii,https://mopsov.twse.com.tw/mops/web/ajax_t163sb05
中游,伺服器滑軌與機殼,2059,川湖,2021,3,balance_sheet,股本,952971,"952,971",sii,https://mopsov.twse.com.tw/mops/web/ajax_t163sb05
中游,伺服器滑軌與機殼,2059,川湖,2021,3,balance_sheet,權益─具證券性質之虛擬通貨,,--,sii,https://mopsov.twse.com.tw/mops/web/ajax_t163sb05
中游,伺服器滑軌與機殼,2059,川湖,2021,3,balance_sheet,資本公積,796691,"796,691",sii,https://mopsov.twse.com.tw/mops/web/ajax_t163sb05
中游,伺服器滑軌與機殼,2059,川湖,2021,3,balance_sheet,保留盈餘,10246220,"10,246,220",sii,https://mopsov.twse.com.tw/mops/web/ajax_t163sb05
中游,伺服器滑軌與機殼,2059,川湖,2021,3,balance_sheet,其他權益,-10086,"-10,086",sii,https://mopsov.twse.com.tw/mops/web/ajax_t163sb05
中游,伺服器滑軌與機殼,2059,川湖,2021,3,balance_sheet,庫藏股票,0,0,sii,https://mopsov.twse.com.tw/mops/web/ajax_t163sb05
中游,伺服器滑軌與機殼,2059,川湖,2021,3,balance_sheet,歸屬於母公司業主之權益合計,11985796,"11,985,796",sii,https://mopsov.twse.com.tw/mops/web/ajax_t163sb05
中游,伺服器滑軌與機殼,2059,川湖,2021,3,balance_sheet,共同控制下前手權益,,--,sii,https://mopsov.twse.com.tw/mops/web/ajax_t163sb05
中游,伺服器滑軌與機殼,2059,川湖,2021,3,balance_sheet,合併前非屬共同控制股權,,--,sii,https://mopsov.twse.com.tw/mops/web/ajax_t163sb05
中游,伺服器滑軌與機殼,2059,川湖,2021,3,balance_sheet,非控制權益,0,0,sii,https://mopsov.twse.com.tw/mops/web/ajax_t163sb05
中游,伺服器滑軌與機殼,2059,川湖,2021,3,balance_sheet,權益總計,11985796,"11,985,796",sii,https://mopsov.twse.com.tw/mops/web/ajax_t163sb05
中游,伺服器滑軌與機殼,2059,川湖,2021,3,balance_sheet,待註銷股本股數（單位：股）,0,0,sii,https://mopsov.twse.com.tw/mops/web/ajax_t163sb05
中游,伺服器滑軌與機殼,2059,川湖,2021,3,balance_sheet,預收股款（權益項下）之約當發行股數（單位：股）,0,0,sii,https://mopsov.twse.com.tw/mops/web/ajax_t163sb05
中游,伺服器滑軌與機殼,2059,川湖,2021,3,balance_sheet,母公司暨子公司所持有之母公司庫藏股股數（單位：股）,0,0,sii,https://mopsov.twse.com.tw/mops/web/ajax_t163sb05
中游,伺服器滑軌與機殼,2059,川湖,2021,3,balance_sheet,每股參考淨值,125.77,125.77,sii,https://mopsov.twse.com.tw/mops/web/ajax_t163sb05
中游,伺服器滑軌與機殼,8210,勤誠,2021,3,balance_sheet,流動資產,5744469,"5,744,469",sii,https://mopsov.twse.com.tw/mops/web/ajax_t163sb05
中游,伺服器滑軌與機殼,8210,勤誠,2021,3,balance_sheet,非流動資產,4596758,"4,596,758",sii,https://mopsov.twse.com.tw/mops/web/ajax_t163sb05
中游,伺服器滑軌與機殼,8210,勤誠,2021,3,balance_sheet,資產總計,10341227,"10,341,227",sii,https://mopsov.twse.com.tw/mops/web/ajax_t163sb05
中游,伺服器滑軌與機殼,8210,勤誠,2021,3,balance_sheet,流動負債,4587954,"4,587,954",sii,https://mopsov.twse.com.tw/mops/web/ajax_t163sb05
中游,伺服器滑軌與機殼,8210,勤誠,2021,3,balance_sheet,非流動負債,1768800,"1,768,800",sii,https://mopsov.twse.com.tw/mops/web/ajax_t163sb05
中游,伺服器滑軌與機殼,8210,勤誠,2021,3,balance_sheet,負債總計,6356754,"6,356,754",sii,https://mopsov.twse.com.tw/mops/web/ajax_t163sb05
中游,伺服器滑軌與機殼,8210,勤誠,2021,3,balance_sheet,股本,1208610,"1,208,610",sii,https://mopsov.twse.com.tw/mops/web/ajax_t163sb05
中游,伺服器滑軌與機殼,8210,勤誠,2021,3,balance_sheet,權益─具證券性質之虛擬通貨,,--,sii,https://mopsov.twse.com.tw/mops/web/ajax_t163sb05
中游,伺服器滑軌與機殼,8210,勤誠,2021,3,balance_sheet,資本公積,146419,"146,419",sii,https://mopsov.twse.com.tw/mops/web/ajax_t163sb05
中游,伺服器滑軌與機殼,8210,勤誠,2021,3,balance_sheet,保留盈餘,2958133,"2,958,133",sii,https://mopsov.twse.com.tw/mops/web/ajax_t163sb05
中游,伺服器滑軌與機殼,8210,勤誠,2021,3,balance_sheet,其他權益,-348924,"-348,924",sii,https://mopsov.twse.com.tw/mops/web/ajax_t163sb05
中游,伺服器滑軌與機殼,8210,勤誠,2021,3,balance_sheet,庫藏股票,,--,sii,https://mopsov.twse.com.tw/mops/web/ajax_t163sb05
中游,伺服器滑軌與機殼,8210,勤誠,2021,3,balance_sheet,歸屬於母公司業主之權益合計,3964238,"3,964,238",sii,https://mopsov.twse.com.tw/mops/web/ajax_t163sb05
中游,伺服器滑軌與機殼,8210,勤誠,2021,3,balance_sheet,共同控制下前手權益,,--,sii,https://mopsov.twse.com.tw/mops/web/ajax_t163sb05
中游,伺服器滑軌與機殼,8210,勤誠,2021,3,balance_sheet,合併前非屬共同控制股權,,--,sii,https://mopsov.twse.com.tw/mops/web/ajax_t163sb05
中游,伺服器滑軌與機殼,8210,勤誠,2021,3,balance_sheet,非控制權益,20235,"20,235",sii,https://mopsov.twse.com.tw/mops/web/ajax_t163sb05
中游,伺服器滑軌與機殼,8210,勤誠,2021,3,balance_sheet,權益總計,3984473,"3,984,473",sii,https://mopsov.twse.com.tw/mops/web/ajax_t163sb05
中游,伺服器滑軌與機殼,8210,勤誠,2021,3,balance_sheet,待註銷股本股數（單位：股）,0,0,sii,https://mopsov.twse.com.tw/mops/web/ajax_t163sb05
中游,伺服器滑軌與機殼,8210,勤誠,2021,3,balance_sheet,預收股款（權益項下）之約當發行股數（單位：股）,0,0,sii,https://mopsov.twse.com.tw/mops/web/ajax_t163sb05
中游,伺服器滑軌與機殼,8210,勤誠,2021,3,balance_sheet,母公司暨子公司所持有之母公司庫藏股股數（單位：股）,0,0,sii,https://mopsov.twse.com.tw/mops/web/ajax_t163sb05
中游,伺服器滑軌與機殼,8210,勤誠,2021,3,balance_sheet,每股參考淨值,32.8,32.80,sii,https://mopsov.twse.com.tw/mops/web/ajax_t163sb05
中游,伺服器滑軌與機殼,2059,川湖,2021,3,cash_flow,營業活動之淨現金流入（流出）,933926,"933,926",sii,https://mopsov.twse.com.tw/mops/web/ajax_t163sb20
中游,伺服器滑軌與機殼,2059,川湖,2021,3,cash_flow,投資活動之淨現金流入（流出）,-542567,"-542,567",sii,https://mopsov.twse.com.tw/mops/web/ajax_t163sb20
中游,伺服器滑軌與機殼,2059,川湖,2021,3,cash_flow,籌資活動之淨現金流入（流出）,-350843,"-350,843",sii,https://mopsov.twse.com.tw/mops/web/ajax_t163sb20
中游,伺服器滑軌與機殼,2059,川湖,2021,3,cash_flow,匯率變動對現金及約當現金之影響,-9280,"-9,280",sii,https://mopsov.twse.com.tw/mops/web/ajax_t163sb20
中游,伺服器滑軌與機殼,2059,川湖,2021,3,cash_flow,本期現金及約當現金增加（減少）數,31236,"31,236",sii,https://mopsov.twse.com.tw/mops/web/ajax_t163sb20
中游,伺服器滑軌與機殼,2059,川湖,2021,3,cash_flow,期初現金及約當現金餘額,9050089,"9,050,089",sii,https://mopsov.twse.com.tw/mops/web/ajax_t163sb20
中游,伺服器滑軌與機殼,2059,川湖,2021,3,cash_flow,期末現金及約當現金餘額,9081325,"9,081,325",sii,https://mopsov.twse.com.tw/mops/web/ajax_t163sb20
中游,伺服器滑軌與機殼,8210,勤誠,2021,3,cash_flow,營業活動之淨現金流入（流出）,78461,"78,461",sii,https://mopsov.twse.com.tw/mops/web/ajax_t163sb20
中游,伺服器滑軌與機殼,8210,勤誠,2021,3,cash_flow,投資活動之淨現金流入（流出）,-1530835,"-1,530,835",sii,https://mopsov.twse.com.tw/mops/web/ajax_t163sb20
中游,伺服器滑軌與機殼,8210,勤誠,2021,3,cash_flow,籌資活動之淨現金流入（流出）,1365725,"1,365,725",sii,https://mopsov.twse.com.tw/mops/web/ajax_t163sb20
中游,伺服器滑軌與機殼,8210,勤誠,2021,3,cash_flow,匯率變動對現金及約當現金之影響,-25125,"-25,125",sii,https://mopsov.twse.com.tw/mops/web/ajax_t163sb20
中游,伺服器滑軌與機殼,8210,勤誠,2021,3,cash_flow,本期現金及約當現金增加（減少）數,-111774,"-111,774",sii,https://mopsov.twse.com.tw/mops/web/ajax_t163sb20
中游,伺服器滑軌與機殼,8210,勤誠,2021,3,cash_flow,期初現金及約當現金餘額,1216174,"1,216,174",sii,https://mopsov.twse.com.tw/mops/web/ajax_t163sb20
中游,伺服器滑軌與機殼,8210,勤誠,2021,3,cash_flow,期末現金及約當現金餘額,1104400,"1,104,400",sii,https://mopsov.twse.com.tw/mops/web/ajax_t163sb20
中游,伺服器滑軌與機殼,2059,川湖,2021,4,income_statement,營業收入,6341989,"6,341,989",sii,https://mopsov.twse.com.tw/mops/web/ajax_t163sb04
中游,伺服器滑軌與機殼,2059,川湖,2021,4,income_statement,營業成本,2987157,"2,987,157",sii,https://mopsov.twse.com.tw/mops/web/ajax_t163sb04
中游,伺服器滑軌與機殼,2059,川湖,2021,4,income_statement,原始認列生物資產及農產品之利益（損失）,,--,sii,https://mopsov.twse.com.tw/mops/web/ajax_t163sb04
中游,伺服器滑軌與機殼,2059,川湖,2021,4,income_statement,生物資產當期公允價值減出售成本之變動利益（損失）,,--,sii,https://mopsov.twse.com.tw/mops/web/ajax_t163sb04
中游,伺服器滑軌與機殼,2059,川湖,2021,4,income_statement,營業毛利（毛損）,3354832,"3,354,832",sii,https://mopsov.twse.com.tw/mops/web/ajax_t163sb04
中游,伺服器滑軌與機殼,2059,川湖,2021,4,income_statement,未實現銷貨（損）益,,--,sii,https://mopsov.twse.com.tw/mops/web/ajax_t163sb04
中游,伺服器滑軌與機殼,2059,川湖,2021,4,income_statement,已實現銷貨（損）益,,--,sii,https://mopsov.twse.com.tw/mops/web/ajax_t163sb04
中游,伺服器滑軌與機殼,2059,川湖,2021,4,income_statement,營業毛利（毛損）淨額,3354832,"3,354,832",sii,https://mopsov.twse.com.tw/mops/web/ajax_t163sb04
中游,伺服器滑軌與機殼,2059,川湖,2021,4,income_statement,營業費用,635150,"635,150",sii,https://mopsov.twse.com.tw/mops/web/ajax_t163sb04
中游,伺服器滑軌與機殼,2059,川湖,2021,4,income_statement,其他收益及費損淨額,,--,sii,https://mopsov.twse.com.tw/mops/web/ajax_t163sb04
中游,伺服器滑軌與機殼,2059,川湖,2021,4,income_statement,營業利益（損失）,2719682,"2,719,682",sii,https://mopsov.twse.com.tw/mops/web/ajax_t163sb04
中游,伺服器滑軌與機殼,2059,川湖,2021,4,income_statement,營業外收入及支出,-123900,"-123,900",sii,https://mopsov.twse.com.tw/mops/web/ajax_t163sb04
中游,伺服器滑軌與機殼,2059,川湖,2021,4,income_statement,稅前淨利（淨損）,2595782,"2,595,782",sii,https://mopsov.twse.com.tw/mops/web/ajax_t163sb04
中游,伺服器滑軌與機殼,2059,川湖,2021,4,income_statement,所得稅費用（利益）,523262,"523,262",sii,https://mopsov.twse.com.tw/mops/web/ajax_t163sb04
中游,伺服器滑軌與機殼,2059,川湖,2021,4,income_statement,繼續營業單位本期淨利（淨損）,2072520,"2,072,520",sii,https://mopsov.twse.com.tw/mops/web/ajax_t163sb04
中游,伺服器滑軌與機殼,2059,川湖,2021,4,income_statement,停業單位損益,,--,sii,https://mopsov.twse.com.tw/mops/web/ajax_t163sb04
中游,伺服器滑軌與機殼,2059,川湖,2021,4,income_statement,合併前非屬共同控制股權損益,,--,sii,https://mopsov.twse.com.tw/mops/web/ajax_t163sb04
中游,伺服器滑軌與機殼,2059,川湖,2021,4,income_statement,本期淨利（淨損）,2072520,"2,072,520",sii,https://mopsov.twse.com.tw/mops/web/ajax_t163sb04
中游,伺服器滑軌與機殼,2059,川湖,2021,4,income_statement,其他綜合損益（淨額）,-7056,"-7,056",sii,https://mopsov.twse.com.tw/mops/web/ajax_t163sb04
中游,伺服器滑軌與機殼,2059,川湖,2021,4,income_statement,合併前非屬共同控制股權綜合損益淨額,,--,sii,https://mopsov.twse.com.tw/mops/web/ajax_t163sb04
中游,伺服器滑軌與機殼,2059,川湖,2021,4,income_statement,本期綜合損益總額,2065464,"2,065,464",sii,https://mopsov.twse.com.tw/mops/web/ajax_t163sb04
中游,伺服器滑軌與機殼,2059,川湖,2021,4,income_statement,淨利（淨損）歸屬於母公司業主,2072520,"2,072,520",sii,https://mopsov.twse.com.tw/mops/web/ajax_t163sb04
中游,伺服器滑軌與機殼,2059,川湖,2021,4,income_statement,淨利（淨損）歸屬於共同控制下前手權益,,--,sii,https://mopsov.twse.com.tw/mops/web/ajax_t163sb04
中游,伺服器滑軌與機殼,2059,川湖,2021,4,income_statement,淨利（淨損）歸屬於非控制權益,,--,sii,https://mopsov.twse.com.tw/mops/web/ajax_t163sb04
中游,伺服器滑軌與機殼,2059,川湖,2021,4,income_statement,綜合損益總額歸屬於母公司業主,2065464,"2,065,464",sii,https://mopsov.twse.com.tw/mops/web/ajax_t163sb04
中游,伺服器滑軌與機殼,2059,川湖,2021,4,income_statement,綜合損益總額歸屬於共同控制下前手權益,,--,sii,https://mopsov.twse.com.tw/mops/web/ajax_t163sb04
中游,伺服器滑軌與機殼,2059,川湖,2021,4,income_statement,綜合損益總額歸屬於非控制權益,,--,sii,https://mopsov.twse.com.tw/mops/web/ajax_t163sb04
中游,伺服器滑軌與機殼,2059,川湖,2021,4,income_statement,基本每股盈餘（元）,21.75,21.75,sii,https://mopsov.twse.com.tw/mops/web/ajax_t163sb04
中游,伺服器滑軌與機殼,8210,勤誠,2021,4,income_statement,營業收入,9423020,"9,423,020",sii,https://mopsov.twse.com.tw/mops/web/ajax_t163sb04
中游,伺服器滑軌與機殼,8210,勤誠,2021,4,income_statement,營業成本,7579154,"7,579,154",sii,https://mopsov.twse.com.tw/mops/web/ajax_t163sb04
中游,伺服器滑軌與機殼,8210,勤誠,2021,4,income_statement,原始認列生物資產及農產品之利益（損失）,,--,sii,https://mopsov.twse.com.tw/mops/web/ajax_t163sb04
中游,伺服器滑軌與機殼,8210,勤誠,2021,4,income_statement,生物資產當期公允價值減出售成本之變動利益（損失）,,--,sii,https://mopsov.twse.com.tw/mops/web/ajax_t163sb04
中游,伺服器滑軌與機殼,8210,勤誠,2021,4,income_statement,營業毛利（毛損）,1843866,"1,843,866",sii,https://mopsov.twse.com.tw/mops/web/ajax_t163sb04
中游,伺服器滑軌與機殼,8210,勤誠,2021,4,income_statement,未實現銷貨（損）益,,--,sii,https://mopsov.twse.com.tw/mops/web/ajax_t163sb04
中游,伺服器滑軌與機殼,8210,勤誠,2021,4,income_statement,已實現銷貨（損）益,,--,sii,https://mopsov.twse.com.tw/mops/web/ajax_t163sb04
中游,伺服器滑軌與機殼,8210,勤誠,2021,4,income_statement,營業毛利（毛損）淨額,1843866,"1,843,866",sii,https://mopsov.twse.com.tw/mops/web/ajax_t163sb04
中游,伺服器滑軌與機殼,8210,勤誠,2021,4,income_statement,營業費用,961484,"961,484",sii,https://mopsov.twse.com.tw/mops/web/ajax_t163sb04
中游,伺服器滑軌與機殼,8210,勤誠,2021,4,income_statement,其他收益及費損淨額,,--,sii,https://mopsov.twse.com.tw/mops/web/ajax_t163sb04
中游,伺服器滑軌與機殼,8210,勤誠,2021,4,income_statement,營業利益（損失）,882382,"882,382",sii,https://mopsov.twse.com.tw/mops/web/ajax_t163sb04
中游,伺服器滑軌與機殼,8210,勤誠,2021,4,income_statement,營業外收入及支出,3608,"3,608",sii,https://mopsov.twse.com.tw/mops/web/ajax_t163sb04
中游,伺服器滑軌與機殼,8210,勤誠,2021,4,income_statement,稅前淨利（淨損）,885990,"885,990",sii,https://mopsov.twse.com.tw/mops/web/ajax_t163sb04
中游,伺服器滑軌與機殼,8210,勤誠,2021,4,income_statement,所得稅費用（利益）,213964,"213,964",sii,https://mopsov.twse.com.tw/mops/web/ajax_t163sb04
中游,伺服器滑軌與機殼,8210,勤誠,2021,4,income_statement,繼續營業單位本期淨利（淨損）,672026,"672,026",sii,https://mopsov.twse.com.tw/mops/web/ajax_t163sb04
中游,伺服器滑軌與機殼,8210,勤誠,2021,4,income_statement,停業單位損益,,--,sii,https://mopsov.twse.com.tw/mops/web/ajax_t163sb04
中游,伺服器滑軌與機殼,8210,勤誠,2021,4,income_statement,合併前非屬共同控制股權損益,,--,sii,https://mopsov.twse.com.tw/mops/web/ajax_t163sb04
中游,伺服器滑軌與機殼,8210,勤誠,2021,4,income_statement,本期淨利（淨損）,672026,"672,026",sii,https://mopsov.twse.com.tw/mops/web/ajax_t163sb04
中游,伺服器滑軌與機殼,8210,勤誠,2021,4,income_statement,其他綜合損益（淨額）,-5695,"-5,695",sii,https://mopsov.twse.com.tw/mops/web/ajax_t163sb04
中游,伺服器滑軌與機殼,8210,勤誠,2021,4,income_statement,合併前非屬共同控制股權綜合損益淨額,,--,sii,https://mopsov.twse.com.tw/mops/web/ajax_t163sb04
中游,伺服器滑軌與機殼,8210,勤誠,2021,4,income_statement,本期綜合損益總額,666331,"666,331",sii,https://mopsov.twse.com.tw/mops/web/ajax_t163sb04
中游,伺服器滑軌與機殼,8210,勤誠,2021,4,income_statement,淨利（淨損）歸屬於母公司業主,672901,"672,901",sii,https://mopsov.twse.com.tw/mops/web/ajax_t163sb04
中游,伺服器滑軌與機殼,8210,勤誠,2021,4,income_statement,淨利（淨損）歸屬於共同控制下前手權益,,--,sii,https://mopsov.twse.com.tw/mops/web/ajax_t163sb04
中游,伺服器滑軌與機殼,8210,勤誠,2021,4,income_statement,淨利（淨損）歸屬於非控制權益,-875,-875,sii,https://mopsov.twse.com.tw/mops/web/ajax_t163sb04
中游,伺服器滑軌與機殼,8210,勤誠,2021,4,income_statement,綜合損益總額歸屬於母公司業主,667206,"667,206",sii,https://mopsov.twse.com.tw/mops/web/ajax_t163sb04
中游,伺服器滑軌與機殼,8210,勤誠,2021,4,income_statement,綜合損益總額歸屬於共同控制下前手權益,,--,sii,https://mopsov.twse.com.tw/mops/web/ajax_t163sb04
中游,伺服器滑軌與機殼,8210,勤誠,2021,4,income_statement,綜合損益總額歸屬於非控制權益,-875,-875,sii,https://mopsov.twse.com.tw/mops/web/ajax_t163sb04
中游,伺服器滑軌與機殼,8210,勤誠,2021,4,income_statement,基本每股盈餘（元）,5.62,5.62,sii,https://mopsov.twse.com.tw/mops/web/ajax_t163sb04
中游,伺服器滑軌與機殼,6584,南俊國際,2021,4,income_statement,營業收入,2040556,"2,040,556",otc,https://mopsov.twse.com.tw/mops/web/ajax_t163sb04
中游,伺服器滑軌與機殼,6584,南俊國際,2021,4,income_statement,營業成本,1669146,"1,669,146",otc,https://mopsov.twse.com.tw/mops/web/ajax_t163sb04
中游,伺服器滑軌與機殼,6584,南俊國際,2021,4,income_statement,原始認列生物資產及農產品之利益（損失）,,--,otc,https://mopsov.twse.com.tw/mops/web/ajax_t163sb04
中游,伺服器滑軌與機殼,6584,南俊國際,2021,4,income_statement,生物資產當期公允價值減出售成本之變動利益（損失）,,--,otc,https://mopsov.twse.com.tw/mops/web/ajax_t163sb04
中游,伺服器滑軌與機殼,6584,南俊國際,2021,4,income_statement,營業毛利（毛損）,371410,"371,410",otc,https://mopsov.twse.com.tw/mops/web/ajax_t163sb04
中游,伺服器滑軌與機殼,6584,南俊國際,2021,4,income_statement,未實現銷貨（損）益,,--,otc,https://mopsov.twse.com.tw/mops/web/ajax_t163sb04
中游,伺服器滑軌與機殼,6584,南俊國際,2021,4,income_statement,已實現銷貨（損）益,,--,otc,https://mopsov.twse.com.tw/mops/web/ajax_t163sb04
中游,伺服器滑軌與機殼,6584,南俊國際,2021,4,income_statement,營業毛利（毛損）淨額,371410,"371,410",otc,https://mopsov.twse.com.tw/mops/web/ajax_t163sb04
中游,伺服器滑軌與機殼,6584,南俊國際,2021,4,income_statement,營業費用,238465,"238,465",otc,https://mopsov.twse.com.tw/mops/web/ajax_t163sb04
中游,伺服器滑軌與機殼,6584,南俊國際,2021,4,income_statement,其他收益及費損淨額,,--,otc,https://mopsov.twse.com.tw/mops/web/ajax_t163sb04
中游,伺服器滑軌與機殼,6584,南俊國際,2021,4,income_statement,營業利益（損失）,132945,"132,945",otc,https://mopsov.twse.com.tw/mops/web/ajax_t163sb04
中游,伺服器滑軌與機殼,6584,南俊國際,2021,4,income_statement,營業外收入及支出,-28375,"-28,375",otc,https://mopsov.twse.com.tw/mops/web/ajax_t163sb04
中游,伺服器滑軌與機殼,6584,南俊國際,2021,4,income_statement,稅前淨利（淨損）,104570,"104,570",otc,https://mopsov.twse.com.tw/mops/web/ajax_t163sb04
中游,伺服器滑軌與機殼,6584,南俊國際,2021,4,income_statement,所得稅費用（利益）,17796,"17,796",otc,https://mopsov.twse.com.tw/mops/web/ajax_t163sb04
中游,伺服器滑軌與機殼,6584,南俊國際,2021,4,income_statement,繼續營業單位本期淨利（淨損）,86774,"86,774",otc,https://mopsov.twse.com.tw/mops/web/ajax_t163sb04
中游,伺服器滑軌與機殼,6584,南俊國際,2021,4,income_statement,停業單位損益,,--,otc,https://mopsov.twse.com.tw/mops/web/ajax_t163sb04
中游,伺服器滑軌與機殼,6584,南俊國際,2021,4,income_statement,合併前非屬共同控制股權損益,,--,otc,https://mopsov.twse.com.tw/mops/web/ajax_t163sb04
中游,伺服器滑軌與機殼,6584,南俊國際,2021,4,income_statement,本期淨利（淨損）,86774,"86,774",otc,https://mopsov.twse.com.tw/mops/web/ajax_t163sb04
中游,伺服器滑軌與機殼,6584,南俊國際,2021,4,income_statement,其他綜合損益（淨額）,-1239,"-1,239",otc,https://mopsov.twse.com.tw/mops/web/ajax_t163sb04
中游,伺服器滑軌與機殼,6584,南俊國際,2021,4,income_statement,合併前非屬共同控制股權綜合損益淨額,,--,otc,https://mopsov.twse.com.tw/mops/web/ajax_t163sb04
中游,伺服器滑軌與機殼,6584,南俊國際,2021,4,income_statement,本期綜合損益總額,85535,"85,535",otc,https://mopsov.twse.com.tw/mops/web/ajax_t163sb04
中游,伺服器滑軌與機殼,6584,南俊國際,2021,4,income_statement,淨利（淨損）歸屬於母公司業主,86774,"86,774",otc,https://mopsov.twse.com.tw/mops/web/ajax_t163sb04
中游,伺服器滑軌與機殼,6584,南俊國際,2021,4,income_statement,淨利（淨損）歸屬於共同控制下前手權益,,--,otc,https://mopsov.twse.com.tw/mops/web/ajax_t163sb04
中游,伺服器滑軌與機殼,6584,南俊國際,2021,4,income_statement,淨利（淨損）歸屬於非控制權益,,--,otc,https://mopsov.twse.com.tw/mops/web/ajax_t163sb04
中游,伺服器滑軌與機殼,6584,南俊國際,2021,4,income_statement,綜合損益總額歸屬於母公司業主,85535,"85,535",otc,https://mopsov.twse.com.tw/mops/web/ajax_t163sb04
中游,伺服器滑軌與機殼,6584,南俊國際,2021,4,income_statement,綜合損益總額歸屬於共同控制下前手權益,,--,otc,https://mopsov.twse.com.tw/mops/web/ajax_t163sb04
中游,伺服器滑軌與機殼,6584,南俊國際,2021,4,income_statement,綜合損益總額歸屬於非控制權益,,--,otc,https://mopsov.twse.com.tw/mops/web/ajax_t163sb04
中游,伺服器滑軌與機殼,6584,南俊國際,2021,4,income_statement,基本每股盈餘（元）,1.67,1.67,otc,https://mopsov.twse.com.tw/mops/web/ajax_t163sb04
中游,伺服器滑軌與機殼,2059,川湖,2021,4,balance_sheet,流動資產,12151398,"12,151,398",sii,https://mopsov.twse.com.tw/mops/web/ajax_t163sb05
中游,伺服器滑軌與機殼,2059,川湖,2021,4,balance_sheet,非流動資產,3281470,"3,281,470",sii,https://mopsov.twse.com.tw/mops/web/ajax_t163sb05
中游,伺服器滑軌與機殼,2059,川湖,2021,4,balance_sheet,資產總計,15432868,"15,432,868",sii,https://mopsov.twse.com.tw/mops/web/ajax_t163sb05
中游,伺服器滑軌與機殼,2059,川湖,2021,4,balance_sheet,流動負債,1679618,"1,679,618",sii,https://mopsov.twse.com.tw/mops/web/ajax_t163sb05
中游,伺服器滑軌與機殼,2059,川湖,2021,4,balance_sheet,非流動負債,1149963,"1,149,963",sii,https://mopsov.twse.com.tw/mops/web/ajax_t163sb05
中游,伺服器滑軌與機殼,2059,川湖,2021,4,balance_sheet,負債總計,2829581,"2,829,581",sii,https://mopsov.twse.com.tw/mops/web/ajax_t163sb05
中游,伺服器滑軌與機殼,2059,川湖,2021,4,balance_sheet,股本,952971,"952,971",sii,https://mopsov.twse.com.tw/mops/web/ajax_t163sb05
中游,伺服器滑軌與機殼,2059,川湖,2021,4,balance_sheet,權益─具證券性質之虛擬通貨,,--,sii,https://mopsov.twse.com.tw/mops/web/ajax_t163sb05
中游,伺服器滑軌與機殼,2059,川湖,2021,4,balance_sheet,資本公積,796691,"796,691",sii,https://mopsov.twse.com.tw/mops/web/ajax_t163sb05
中游,伺服器滑軌與機殼,2059,川湖,2021,4,balance_sheet,保留盈餘,10862927,"10,862,927",sii,https://mopsov.twse.com.tw/mops/web/ajax_t163sb05
中游,伺服器滑軌與機殼,2059,川湖,2021,4,balance_sheet,其他權益,-9302,"-9,302",sii,https://mopsov.twse.com.tw/mops/web/ajax_t163sb05
中游,伺服器滑軌與機殼,2059,川湖,2021,4,balance_sheet,庫藏股票,0,0,sii,https://mopsov.twse.com.tw/mops/web/ajax_t163sb05
中游,伺服器滑軌與機殼,2059,川湖,2021,4,balance_sheet,歸屬於母公司業主之權益合計,12603287,"12,603,287",sii,https://mopsov.twse.com.tw/mops/web/ajax_t163sb05
中游,伺服器滑軌與機殼,2059,川湖,2021,4,balance_sheet,共同控制下前手權益,,--,sii,https://mopsov.twse.com.tw/mops/web/ajax_t163sb05
中游,伺服器滑軌與機殼,2059,川湖,2021,4,balance_sheet,合併前非屬共同控制股權,,--,sii,https://mopsov.twse.com.tw/mops/web/ajax_t163sb05
中游,伺服器滑軌與機殼,2059,川湖,2021,4,balance_sheet,非控制權益,0,0,sii,https://mopsov.twse.com.tw/mops/web/ajax_t163sb05
中游,伺服器滑軌與機殼,2059,川湖,2021,4,balance_sheet,權益總計,12603287,"12,603,287",sii,https://mopsov.twse.com.tw/mops/web/ajax_t163sb05
中游,伺服器滑軌與機殼,2059,川湖,2021,4,balance_sheet,待註銷股本股數（單位：股）,,--,sii,https://mopsov.twse.com.tw/mops/web/ajax_t163sb05
中游,伺服器滑軌與機殼,2059,川湖,2021,4,balance_sheet,預收股款（權益項下）之約當發行股數（單位：股）,0,0,sii,https://mopsov.twse.com.tw/mops/web/ajax_t163sb05
中游,伺服器滑軌與機殼,2059,川湖,2021,4,balance_sheet,母公司暨子公司所持有之母公司庫藏股股數（單位：股）,0,0,sii,https://mopsov.twse.com.tw/mops/web/ajax_t163sb05
中游,伺服器滑軌與機殼,2059,川湖,2021,4,balance_sheet,每股參考淨值,132.25,132.25,sii,https://mopsov.twse.com.tw/mops/web/ajax_t163sb05
中游,伺服器滑軌與機殼,8210,勤誠,2021,4,balance_sheet,流動資產,6494909,"6,494,909",sii,https://mopsov.twse.com.tw/mops/web/ajax_t163sb05
中游,伺服器滑軌與機殼,8210,勤誠,2021,4,balance_sheet,非流動資產,4758086,"4,758,086",sii,https://mopsov.twse.com.tw/mops/web/ajax_t163sb05
中游,伺服器滑軌與機殼,8210,勤誠,2021,4,balance_sheet,資產總計,11252995,"11,252,995",sii,https://mopsov.twse.com.tw/mops/web/ajax_t163sb05
中游,伺服器滑軌與機殼,8210,勤誠,2021,4,balance_sheet,流動負債,5043502,"5,043,502",sii,https://mopsov.twse.com.tw/mops/web/ajax_t163sb05
中游,伺服器滑軌與機殼,8210,勤誠,2021,4,balance_sheet,非流動負債,2032856,"2,032,856",sii,https://mopsov.twse.com.tw/mops/web/ajax_t163sb05
中游,伺服器滑軌與機殼,8210,勤誠,2021,4,balance_sheet,負債總計,7076358,"7,076,358",sii,https://mopsov.twse.com.tw/mops/web/ajax_t163sb05
中游,伺服器滑軌與機殼,8210,勤誠,2021,4,balance_sheet,股本,1207885,"1,207,885",sii,https://mopsov.twse.com.tw/mops/web/ajax_t163sb05
中游,伺服器滑軌與機殼,8210,勤誠,2021,4,balance_sheet,權益─具證券性質之虛擬通貨,,--,sii,https://mopsov.twse.com.tw/mops/web/ajax_t163sb05
中游,伺服器滑軌與機殼,8210,勤誠,2021,4,balance_sheet,資本公積,147144,"147,144",sii,https://mopsov.twse.com.tw/mops/web/ajax_t163sb05
中游,伺服器滑軌與機殼,8210,勤誠,2021,4,balance_sheet,保留盈餘,3116860,"3,116,860",sii,https://mopsov.twse.com.tw/mops/web/ajax_t163sb05
中游,伺服器滑軌與機殼,8210,勤誠,2021,4,balance_sheet,其他權益,-315067,"-315,067",sii,https://mopsov.twse.com.tw/mops/web/ajax_t163sb05
中游,伺服器滑軌與機殼,8210,勤誠,2021,4,balance_sheet,庫藏股票,,--,sii,https://mopsov.twse.com.tw/mops/web/ajax_t163sb05
中游,伺服器滑軌與機殼,8210,勤誠,2021,4,balance_sheet,歸屬於母公司業主之權益合計,4156822,"4,156,822",sii,https://mopsov.twse.com.tw/mops/web/ajax_t163sb05
中游,伺服器滑軌與機殼,8210,勤誠,2021,4,balance_sheet,共同控制下前手權益,,--,sii,https://mopsov.twse.com.tw/mops/web/ajax_t163sb05
中游,伺服器滑軌與機殼,8210,勤誠,2021,4,balance_sheet,合併前非屬共同控制股權,,--,sii,https://mopsov.twse.com.tw/mops/web/ajax_t163sb05
中游,伺服器滑軌與機殼,8210,勤誠,2021,4,balance_sheet,非控制權益,19815,"19,815",sii,https://mopsov.twse.com.tw/mops/web/ajax_t163sb05
中游,伺服器滑軌與機殼,8210,勤誠,2021,4,balance_sheet,權益總計,4176637,"4,176,637",sii,https://mopsov.twse.com.tw/mops/web/ajax_t163sb05
中游,伺服器滑軌與機殼,8210,勤誠,2021,4,balance_sheet,待註銷股本股數（單位：股）,0,0,sii,https://mopsov.twse.com.tw/mops/web/ajax_t163sb05
中游,伺服器滑軌與機殼,8210,勤誠,2021,4,balance_sheet,預收股款（權益項下）之約當發行股數（單位：股）,0,0,sii,https://mopsov.twse.com.tw/mops/web/ajax_t163sb05
中游,伺服器滑軌與機殼,8210,勤誠,2021,4,balance_sheet,母公司暨子公司所持有之母公司庫藏股股數（單位：股）,0,0,sii,https://mopsov.twse.com.tw/mops/web/ajax_t163sb05
中游,伺服器滑軌與機殼,8210,勤誠,2021,4,balance_sheet,每股參考淨值,34.41,34.41,sii,https://mopsov.twse.com.tw/mops/web/ajax_t163sb05
中游,伺服器滑軌與機殼,6584,南俊國際,2021,4,balance_sheet,流動資產,1164349,"1,164,349",otc,https://mopsov.twse.com.tw/mops/web/ajax_t163sb05
中游,伺服器滑軌與機殼,6584,南俊國際,2021,4,balance_sheet,非流動資產,2595088,"2,595,088",otc,https://mopsov.twse.com.tw/mops/web/ajax_t163sb05
中游,伺服器滑軌與機殼,6584,南俊國際,2021,4,balance_sheet,資產總計,3759437,"3,759,437",otc,https://mopsov.twse.com.tw/mops/web/ajax_t163sb05
中游,伺服器滑軌與機殼,6584,南俊國際,2021,4,balance_sheet,流動負債,1052413,"1,052,413",otc,https://mopsov.twse.com.tw/mops/web/ajax_t163sb05
中游,伺服器滑軌與機殼,6584,南俊國際,2021,4,balance_sheet,非流動負債,1398295,"1,398,295",otc,https://mopsov.twse.com.tw/mops/web/ajax_t163sb05
中游,伺服器滑軌與機殼,6584,南俊國際,2021,4,balance_sheet,負債總計,2450708,"2,450,708",otc,https://mopsov.twse.com.tw/mops/web/ajax_t163sb05
中游,伺服器滑軌與機殼,6584,南俊國際,2021,4,balance_sheet,股本,570329,"570,329",otc,https://mopsov.twse.com.tw/mops/web/ajax_t163sb05
中游,伺服器滑軌與機殼,6584,南俊國際,2021,4,balance_sheet,權益─具證券性質之虛擬通貨,,--,otc,https://mopsov.twse.com.tw/mops/web/ajax_t163sb05
中游,伺服器滑軌與機殼,6584,南俊國際,2021,4,balance_sheet,資本公積,210323,"210,323",otc,https://mopsov.twse.com.tw/mops/web/ajax_t163sb05
中游,伺服器滑軌與機殼,6584,南俊國際,2021,4,balance_sheet,保留盈餘,544154,"544,154",otc,https://mopsov.twse.com.tw/mops/web/ajax_t163sb05
中游,伺服器滑軌與機殼,6584,南俊國際,2021,4,balance_sheet,其他權益,-16077,"-16,077",otc,https://mopsov.twse.com.tw/mops/web/ajax_t163sb05
中游,伺服器滑軌與機殼,6584,南俊國際,2021,4,balance_sheet,庫藏股票,,--,otc,https://mopsov.twse.com.tw/mops/web/ajax_t163sb05
中游,伺服器滑軌與機殼,6584,南俊國際,2021,4,balance_sheet,歸屬於母公司業主之權益合計,1308729,"1,308,729",otc,https://mopsov.twse.com.tw/mops/web/ajax_t163sb05
中游,伺服器滑軌與機殼,6584,南俊國際,2021,4,balance_sheet,共同控制下前手權益,,--,otc,https://mopsov.twse.com.tw/mops/web/ajax_t163sb05
中游,伺服器滑軌與機殼,6584,南俊國際,2021,4,balance_sheet,合併前非屬共同控制股權,,--,otc,https://mopsov.twse.com.tw/mops/web/ajax_t163sb05
中游,伺服器滑軌與機殼,6584,南俊國際,2021,4,balance_sheet,非控制權益,,--,otc,https://mopsov.twse.com.tw/mops/web/ajax_t163sb05
中游,伺服器滑軌與機殼,6584,南俊國際,2021,4,balance_sheet,權益總計,1308729,"1,308,729",otc,https://mopsov.twse.com.tw/mops/web/ajax_t163sb05
中游,伺服器滑軌與機殼,6584,南俊國際,2021,4,balance_sheet,待註銷股本股數（單位：股）,0,0,otc,https://mopsov.twse.com.tw/mops/web/ajax_t163sb05
中游,伺服器滑軌與機殼,6584,南俊國際,2021,4,balance_sheet,預收股款（權益項下）之約當發行股數（單位：股）,1260795,"1,260,795",otc,https://mopsov.twse.com.tw/mops/web/ajax_t163sb05
中游,伺服器滑軌與機殼,6584,南俊國際,2021,4,balance_sheet,母公司暨子公司所持有之母公司庫藏股股數（單位：股）,0,0,otc,https://mopsov.twse.com.tw/mops/web/ajax_t163sb05
中游,伺服器滑軌與機殼,6584,南俊國際,2021,4,balance_sheet,每股參考淨值,24.35,24.35,otc,https://mopsov.twse.com.tw/mops/web/ajax_t163sb05
中游,伺服器滑軌與機殼,2059,川湖,2021,4,cash_flow,營業活動之淨現金流入（流出）,1518241,"1,518,241",sii,https://mopsov.twse.com.tw/mops/web/ajax_t163sb20
中游,伺服器滑軌與機殼,2059,川湖,2021,4,cash_flow,投資活動之淨現金流入（流出）,-2260871,"-2,260,871",sii,https://mopsov.twse.com.tw/mops/web/ajax_t163sb20
中游,伺服器滑軌與機殼,2059,川湖,2021,4,cash_flow,籌資活動之淨現金流入（流出）,-359084,"-359,084",sii,https://mopsov.twse.com.tw/mops/web/ajax_t163sb20
中游,伺服器滑軌與機殼,2059,川湖,2021,4,cash_flow,匯率變動對現金及約當現金之影響,-22001,"-22,001",sii,https://mopsov.twse.com.tw/mops/web/ajax_t163sb20
中游,伺服器滑軌與機殼,2059,川湖,2021,4,cash_flow,本期現金及約當現金增加（減少）數,-1123715,"-1,123,715",sii,https://mopsov.twse.com.tw/mops/web/ajax_t163sb20
中游,伺服器滑軌與機殼,2059,川湖,2021,4,cash_flow,期初現金及約當現金餘額,9050089,"9,050,089",sii,https://mopsov.twse.com.tw/mops/web/ajax_t163sb20
中游,伺服器滑軌與機殼,2059,川湖,2021,4,cash_flow,期末現金及約當現金餘額,7926374,"7,926,374",sii,https://mopsov.twse.com.tw/mops/web/ajax_t163sb20
中游,伺服器滑軌與機殼,8210,勤誠,2021,4,cash_flow,營業活動之淨現金流入（流出）,443139,"443,139",sii,https://mopsov.twse.com.tw/mops/web/ajax_t163sb20
中游,伺服器滑軌與機殼,8210,勤誠,2021,4,cash_flow,投資活動之淨現金流入（流出）,-1796953,"-1,796,953",sii,https://mopsov.twse.com.tw/mops/web/ajax_t163sb20
中游,伺服器滑軌與機殼,8210,勤誠,2021,4,cash_flow,籌資活動之淨現金流入（流出）,1593819,"1,593,819",sii,https://mopsov.twse.com.tw/mops/web/ajax_t163sb20
中游,伺服器滑軌與機殼,8210,勤誠,2021,4,cash_flow,匯率變動對現金及約當現金之影響,-18994,"-18,994",sii,https://mopsov.twse.com.tw/mops/web/ajax_t163sb20
中游,伺服器滑軌與機殼,8210,勤誠,2021,4,cash_flow,本期現金及約當現金增加（減少）數,221011,"221,011",sii,https://mopsov.twse.com.tw/mops/web/ajax_t163sb20
中游,伺服器滑軌與機殼,8210,勤誠,2021,4,cash_flow,期初現金及約當現金餘額,1216174,"1,216,174",sii,https://mopsov.twse.com.tw/mops/web/ajax_t163sb20
中游,伺服器滑軌與機殼,8210,勤誠,2021,4,cash_flow,期末現金及約當現金餘額,1437185,"1,437,185",sii,https://mopsov.twse.com.tw/mops/web/ajax_t163sb20
中游,伺服器滑軌與機殼,6584,南俊國際,2021,4,cash_flow,營業活動之淨現金流入（流出）,39687,"39,687",otc,https://mopsov.twse.com.tw/mops/web/ajax_t163sb20
中游,伺服器滑軌與機殼,6584,南俊國際,2021,4,cash_flow,投資活動之淨現金流入（流出）,-75562,"-75,562",otc,https://mopsov.twse.com.tw/mops/web/ajax_t163sb20
中游,伺服器滑軌與機殼,6584,南俊國際,2021,4,cash_flow,籌資活動之淨現金流入（流出）,248346,"248,346",otc,https://mopsov.twse.com.tw/mops/web/ajax_t163sb20
中游,伺服器滑軌與機殼,6584,南俊國際,2021,4,cash_flow,匯率變動對現金及約當現金之影響,-224,-224,otc,https://mopsov.twse.com.tw/mops/web/ajax_t163sb20
中游,伺服器滑軌與機殼,6584,南俊國際,2021,4,cash_flow,本期現金及約當現金增加（減少）數,212247,"212,247",otc,https://mopsov.twse.com.tw/mops/web/ajax_t163sb20
中游,伺服器滑軌與機殼,6584,南俊國際,2021,4,cash_flow,期初現金及約當現金餘額,141303,"141,303",otc,https://mopsov.twse.com.tw/mops/web/ajax_t163sb20
中游,伺服器滑軌與機殼,6584,南俊國際,2021,4,cash_flow,期末現金及約當現金餘額,353550,"353,550",otc,https://mopsov.twse.com.tw/mops/web/ajax_t163sb20
中游,伺服器滑軌與機殼,2059,川湖,2022,1,income_statement,營業收入,1723522,"1,723,522",sii,https://mopsov.twse.com.tw/mops/web/ajax_t163sb04
中游,伺服器滑軌與機殼,2059,川湖,2022,1,income_statement,營業成本,795059,"795,059",sii,https://mopsov.twse.com.tw/mops/web/ajax_t163sb04
中游,伺服器滑軌與機殼,2059,川湖,2022,1,income_statement,原始認列生物資產及農產品之利益（損失）,,--,sii,https://mopsov.twse.com.tw/mops/web/ajax_t163sb04
中游,伺服器滑軌與機殼,2059,川湖,2022,1,income_statement,生物資產當期公允價值減出售成本之變動利益（損失）,,--,sii,https://mopsov.twse.com.tw/mops/web/ajax_t163sb04
中游,伺服器滑軌與機殼,2059,川湖,2022,1,income_statement,營業毛利（毛損）,928463,"928,463",sii,https://mopsov.twse.com.tw/mops/web/ajax_t163sb04
中游,伺服器滑軌與機殼,2059,川湖,2022,1,income_statement,未實現銷貨（損）益,,--,sii,https://mopsov.twse.com.tw/mops/web/ajax_t163sb04
中游,伺服器滑軌與機殼,2059,川湖,2022,1,income_statement,已實現銷貨（損）益,,--,sii,https://mopsov.twse.com.tw/mops/web/ajax_t163sb04
中游,伺服器滑軌與機殼,2059,川湖,2022,1,income_statement,營業毛利（毛損）淨額,928463,"928,463",sii,https://mopsov.twse.com.tw/mops/web/ajax_t163sb04
中游,伺服器滑軌與機殼,2059,川湖,2022,1,income_statement,營業費用,159140,"159,140",sii,https://mopsov.twse.com.tw/mops/web/ajax_t163sb04
中游,伺服器滑軌與機殼,2059,川湖,2022,1,income_statement,其他收益及費損淨額,,--,sii,https://mopsov.twse.com.tw/mops/web/ajax_t163sb04
中游,伺服器滑軌與機殼,2059,川湖,2022,1,income_statement,營業利益（損失）,769323,"769,323",sii,https://mopsov.twse.com.tw/mops/web/ajax_t163sb04
中游,伺服器滑軌與機殼,2059,川湖,2022,1,income_statement,營業外收入及支出,369055,"369,055",sii,https://mopsov.twse.com.tw/mops/web/ajax_t163sb04
中游,伺服器滑軌與機殼,2059,川湖,2022,1,income_statement,稅前淨利（淨損）,1138378,"1,138,378",sii,https://mopsov.twse.com.tw/mops/web/ajax_t163sb04
中游,伺服器滑軌與機殼,2059,川湖,2022,1,income_statement,所得稅費用（利益）,228544,"228,544",sii,https://mopsov.twse.com.tw/mops/web/ajax_t163sb04
中游,伺服器滑軌與機殼,2059,川湖,2022,1,income_statement,繼續營業單位本期淨利（淨損）,909834,"909,834",sii,https://mopsov.twse.com.tw/mops/web/ajax_t163sb04
中游,伺服器滑軌與機殼,2059,川湖,2022,1,income_statement,停業單位損益,,--,sii,https://mopsov.twse.com.tw/mops/web/ajax_t163sb04
中游,伺服器滑軌與機殼,2059,川湖,2022,1,income_statement,合併前非屬共同控制股權損益,,--,sii,https://mopsov.twse.com.tw/mops/web/ajax_t163sb04
中游,伺服器滑軌與機殼,2059,川湖,2022,1,income_statement,本期淨利（淨損）,909834,"909,834",sii,https://mopsov.twse.com.tw/mops/web/ajax_t163sb04
中游,伺服器滑軌與機殼,2059,川湖,2022,1,income_statement,其他綜合損益（淨額）,5156,"5,156",sii,https://mopsov.twse.com.tw/mops/web/ajax_t163sb04
中游,伺服器滑軌與機殼,2059,川湖,2022,1,income_statement,合併前非屬共同控制股權綜合損益淨額,,--,sii,https://mopsov.twse.com.tw/mops/web/ajax_t163sb04
中游,伺服器滑軌與機殼,2059,川湖,2022,1,income_statement,本期綜合損益總額,914990,"914,990",sii,https://mopsov.twse.com.tw/mops/web/ajax_t163sb04
中游,伺服器滑軌與機殼,2059,川湖,2022,1,income_statement,淨利（淨損）歸屬於母公司業主,909834,"909,834",sii,https://mopsov.twse.com.tw/mops/web/ajax_t163sb04
中游,伺服器滑軌與機殼,2059,川湖,2022,1,income_statement,淨利（淨損）歸屬於共同控制下前手權益,,--,sii,https://mopsov.twse.com.tw/mops/web/ajax_t163sb04
中游,伺服器滑軌與機殼,2059,川湖,2022,1,income_statement,淨利（淨損）歸屬於非控制權益,,--,sii,https://mopsov.twse.com.tw/mops/web/ajax_t163sb04
中游,伺服器滑軌與機殼,2059,川湖,2022,1,income_statement,綜合損益總額歸屬於母公司業主,914990,"914,990",sii,https://mopsov.twse.com.tw/mops/web/ajax_t163sb04
中游,伺服器滑軌與機殼,2059,川湖,2022,1,income_statement,綜合損益總額歸屬於共同控制下前手權益,,--,sii,https://mopsov.twse.com.tw/mops/web/ajax_t163sb04
中游,伺服器滑軌與機殼,2059,川湖,2022,1,income_statement,綜合損益總額歸屬於非控制權益,,--,sii,https://mopsov.twse.com.tw/mops/web/ajax_t163sb04
中游,伺服器滑軌與機殼,2059,川湖,2022,1,income_statement,基本每股盈餘（元）,9.55,9.55,sii,https://mopsov.twse.com.tw/mops/web/ajax_t163sb04
中游,伺服器滑軌與機殼,8210,勤誠,2022,1,income_statement,營業收入,2088705,"2,088,705",sii,https://mopsov.twse.com.tw/mops/web/ajax_t163sb04
中游,伺服器滑軌與機殼,8210,勤誠,2022,1,income_statement,營業成本,1708508,"1,708,508",sii,https://mopsov.twse.com.tw/mops/web/ajax_t163sb04
中游,伺服器滑軌與機殼,8210,勤誠,2022,1,income_statement,原始認列生物資產及農產品之利益（損失）,,--,sii,https://mopsov.twse.com.tw/mops/web/ajax_t163sb04
中游,伺服器滑軌與機殼,8210,勤誠,2022,1,income_statement,生物資產當期公允價值減出售成本之變動利益（損失）,,--,sii,https://mopsov.twse.com.tw/mops/web/ajax_t163sb04
中游,伺服器滑軌與機殼,8210,勤誠,2022,1,income_statement,營業毛利（毛損）,380197,"380,197",sii,https://mopsov.twse.com.tw/mops/web/ajax_t163sb04
中游,伺服器滑軌與機殼,8210,勤誠,2022,1,income_statement,未實現銷貨（損）益,,--,sii,https://mopsov.twse.com.tw/mops/web/ajax_t163sb04
中游,伺服器滑軌與機殼,8210,勤誠,2022,1,income_statement,已實現銷貨（損）益,,--,sii,https://mopsov.twse.com.tw/mops/web/ajax_t163sb04
中游,伺服器滑軌與機殼,8210,勤誠,2022,1,income_statement,營業毛利（毛損）淨額,380197,"380,197",sii,https://mopsov.twse.com.tw/mops/web/ajax_t163sb04
中游,伺服器滑軌與機殼,8210,勤誠,2022,1,income_statement,營業費用,227583,"227,583",sii,https://mopsov.twse.com.tw/mops/web/ajax_t163sb04
中游,伺服器滑軌與機殼,8210,勤誠,2022,1,income_statement,其他收益及費損淨額,,--,sii,https://mopsov.twse.com.tw/mops/web/ajax_t163sb04
中游,伺服器滑軌與機殼,8210,勤誠,2022,1,income_statement,營業利益（損失）,152614,"152,614",sii,https://mopsov.twse.com.tw/mops/web/ajax_t163sb04
中游,伺服器滑軌與機殼,8210,勤誠,2022,1,income_statement,營業外收入及支出,17756,"17,756",sii,https://mopsov.twse.com.tw/mops/web/ajax_t163sb04
中游,伺服器滑軌與機殼,8210,勤誠,2022,1,income_statement,稅前淨利（淨損）,170370,"170,370",sii,https://mopsov.twse.com.tw/mops/web/ajax_t163sb04
中游,伺服器滑軌與機殼,8210,勤誠,2022,1,income_statement,所得稅費用（利益）,44442,"44,442",sii,https://mopsov.twse.com.tw/mops/web/ajax_t163sb04
中游,伺服器滑軌與機殼,8210,勤誠,2022,1,income_statement,繼續營業單位本期淨利（淨損）,125928,"125,928",sii,https://mopsov.twse.com.tw/mops/web/ajax_t163sb04
中游,伺服器滑軌與機殼,8210,勤誠,2022,1,income_statement,停業單位損益,,--,sii,https://mopsov.twse.com.tw/mops/web/ajax_t163sb04
中游,伺服器滑軌與機殼,8210,勤誠,2022,1,income_statement,合併前非屬共同控制股權損益,,--,sii,https://mopsov.twse.com.tw/mops/web/ajax_t163sb04
中游,伺服器滑軌與機殼,8210,勤誠,2022,1,income_statement,本期淨利（淨損）,125928,"125,928",sii,https://mopsov.twse.com.tw/mops/web/ajax_t163sb04
中游,伺服器滑軌與機殼,8210,勤誠,2022,1,income_statement,其他綜合損益（淨額）,100642,"100,642",sii,https://mopsov.twse.com.tw/mops/web/ajax_t163sb04
中游,伺服器滑軌與機殼,8210,勤誠,2022,1,income_statement,合併前非屬共同控制股權綜合損益淨額,,--,sii,https://mopsov.twse.com.tw/mops/web/ajax_t163sb04
中游,伺服器滑軌與機殼,8210,勤誠,2022,1,income_statement,本期綜合損益總額,226570,"226,570",sii,https://mopsov.twse.com.tw/mops/web/ajax_t163sb04
中游,伺服器滑軌與機殼,8210,勤誠,2022,1,income_statement,淨利（淨損）歸屬於母公司業主,126011,"126,011",sii,https://mopsov.twse.com.tw/mops/web/ajax_t163sb04
中游,伺服器滑軌與機殼,8210,勤誠,2022,1,income_statement,淨利（淨損）歸屬於共同控制下前手權益,,--,sii,https://mopsov.twse.com.tw/mops/web/ajax_t163sb04
中游,伺服器滑軌與機殼,8210,勤誠,2022,1,income_statement,淨利（淨損）歸屬於非控制權益,-83,-83,sii,https://mopsov.twse.com.tw/mops/web/ajax_t163sb04
中游,伺服器滑軌與機殼,8210,勤誠,2022,1,income_statement,綜合損益總額歸屬於母公司業主,226653,"226,653",sii,https://mopsov.twse.com.tw/mops/web/ajax_t163sb04
中游,伺服器滑軌與機殼,8210,勤誠,2022,1,income_statement,綜合損益總額歸屬於共同控制下前手權益,,--,sii,https://mopsov.twse.com.tw/mops/web/ajax_t163sb04
中游,伺服器滑軌與機殼,8210,勤誠,2022,1,income_statement,綜合損益總額歸屬於非控制權益,-83,-83,sii,https://mopsov.twse.com.tw/mops/web/ajax_t163sb04
中游,伺服器滑軌與機殼,8210,勤誠,2022,1,income_statement,基本每股盈餘（元）,1.05,1.05,sii,https://mopsov.twse.com.tw/mops/web/ajax_t163sb04
中游,伺服器滑軌與機殼,2059,川湖,2022,1,balance_sheet,流動資產,13226094,"13,226,094",sii,https://mopsov.twse.com.tw/mops/web/ajax_t163sb05
中游,伺服器滑軌與機殼,2059,川湖,2022,1,balance_sheet,非流動資產,3469643,"3,469,643",sii,https://mopsov.twse.com.tw/mops/web/ajax_t163sb05
中游,伺服器滑軌與機殼,2059,川湖,2022,1,balance_sheet,資產總計,16695737,"16,695,737",sii,https://mopsov.twse.com.tw/mops/web/ajax_t163sb05
中游,伺服器滑軌與機殼,2059,川湖,2022,1,balance_sheet,流動負債,1726039,"1,726,039",sii,https://mopsov.twse.com.tw/mops/web/ajax_t163sb05
中游,伺服器滑軌與機殼,2059,川湖,2022,1,balance_sheet,非流動負債,1451421,"1,451,421",sii,https://mopsov.twse.com.tw/mops/web/ajax_t163sb05
中游,伺服器滑軌與機殼,2059,川湖,2022,1,balance_sheet,負債總計,3177460,"3,177,460",sii,https://mopsov.twse.com.tw/mops/web/ajax_t163sb05
中游,伺服器滑軌與機殼,2059,川湖,2022,1,balance_sheet,股本,952971,"952,971",sii,https://mopsov.twse.com.tw/mops/web/ajax_t163sb05
中游,伺服器滑軌與機殼,2059,川湖,2022,1,balance_sheet,權益─具證券性質之虛擬通貨,,--,sii,https://mopsov.twse.com.tw/mops/web/ajax_t163sb05
中游,伺服器滑軌與機殼,2059,川湖,2022,1,balance_sheet,資本公積,796691,"796,691",sii,https://mopsov.twse.com.tw/mops/web/ajax_t163sb05
中游,伺服器滑軌與機殼,2059,川湖,2022,1,balance_sheet,保留盈餘,11772761,"11,772,761",sii,https://mopsov.twse.com.tw/mops/web/ajax_t163sb05
中游,伺服器滑軌與機殼,2059,川湖,2022,1,balance_sheet,其他權益,-4146,"-4,146",sii,https://mopsov.twse.com.tw/mops/web/ajax_t163sb05
中游,伺服器滑軌與機殼,2059,川湖,2022,1,balance_sheet,庫藏股票,0,0,sii,https://mopsov.twse.com.tw/mops/web/ajax_t163sb05
中游,伺服器滑軌與機殼,2059,川湖,2022,1,balance_sheet,歸屬於母公司業主之權益合計,13518277,"13,518,277",sii,https://mopsov.twse.com.tw/mops/web/ajax_t163sb05
中游,伺服器滑軌與機殼,2059,川湖,2022,1,balance_sheet,共同控制下前手權益,,--,sii,https://mopsov.twse.com.tw/mops/web/ajax_t163sb05
中游,伺服器滑軌與機殼,2059,川湖,2022,1,balance_sheet,合併前非屬共同控制股權,,--,sii,https://mopsov.twse.com.tw/mops/web/ajax_t163sb05
中游,伺服器滑軌與機殼,2059,川湖,2022,1,balance_sheet,非控制權益,0,0,sii,https://mopsov.twse.com.tw/mops/web/ajax_t163sb05
中游,伺服器滑軌與機殼,2059,川湖,2022,1,balance_sheet,權益總計,13518277,"13,518,277",sii,https://mopsov.twse.com.tw/mops/web/ajax_t163sb05
中游,伺服器滑軌與機殼,2059,川湖,2022,1,balance_sheet,待註銷股本股數（單位：股）,0,0,sii,https://mopsov.twse.com.tw/mops/web/ajax_t163sb05
中游,伺服器滑軌與機殼,2059,川湖,2022,1,balance_sheet,預收股款（權益項下）之約當發行股數（單位：股）,0,0,sii,https://mopsov.twse.com.tw/mops/web/ajax_t163sb05
中游,伺服器滑軌與機殼,2059,川湖,2022,1,balance_sheet,母公司暨子公司所持有之母公司庫藏股股數（單位：股）,0,0,sii,https://mopsov.twse.com.tw/mops/web/ajax_t163sb05
中游,伺服器滑軌與機殼,2059,川湖,2022,1,balance_sheet,每股參考淨值,141.85,141.85,sii,https://mopsov.twse.com.tw/mops/web/ajax_t163sb05
中游,伺服器滑軌與機殼,8210,勤誠,2022,1,balance_sheet,流動資產,6284965,"6,284,965",sii,https://mopsov.twse.com.tw/mops/web/ajax_t163sb05
中游,伺服器滑軌與機殼,8210,勤誠,2022,1,balance_sheet,非流動資產,5401695,"5,401,695",sii,https://mopsov.twse.com.tw/mops/web/ajax_t163sb05
中游,伺服器滑軌與機殼,8210,勤誠,2022,1,balance_sheet,資產總計,11686660,"11,686,660",sii,https://mopsov.twse.com.tw/mops/web/ajax_t163sb05
中游,伺服器滑軌與機殼,8210,勤誠,2022,1,balance_sheet,流動負債,4926497,"4,926,497",sii,https://mopsov.twse.com.tw/mops/web/ajax_t163sb05
中游,伺服器滑軌與機殼,8210,勤誠,2022,1,balance_sheet,非流動負債,2351315,"2,351,315",sii,https://mopsov.twse.com.tw/mops/web/ajax_t163sb05
中游,伺服器滑軌與機殼,8210,勤誠,2022,1,balance_sheet,負債總計,7277812,"7,277,812",sii,https://mopsov.twse.com.tw/mops/web/ajax_t163sb05
中游,伺服器滑軌與機殼,8210,勤誠,2022,1,balance_sheet,股本,1207697,"1,207,697",sii,https://mopsov.twse.com.tw/mops/web/ajax_t163sb05
中游,伺服器滑軌與機殼,8210,勤誠,2022,1,balance_sheet,權益─具證券性質之虛擬通貨,,--,sii,https://mopsov.twse.com.tw/mops/web/ajax_t163sb05
中游,伺服器滑軌與機殼,8210,勤誠,2022,1,balance_sheet,資本公積,147332,"147,332",sii,https://mopsov.twse.com.tw/mops/web/ajax_t163sb05
中游,伺服器滑軌與機殼,8210,勤誠,2022,1,balance_sheet,保留盈餘,3242871,"3,242,871",sii,https://mopsov.twse.com.tw/mops/web/ajax_t163sb05
中游,伺服器滑軌與機殼,8210,勤誠,2022,1,balance_sheet,其他權益,-208784,"-208,784",sii,https://mopsov.twse.com.tw/mops/web/ajax_t163sb05
中游,伺服器滑軌與機殼,8210,勤誠,2022,1,balance_sheet,庫藏股票,,--,sii,https://mopsov.twse.com.tw/mops/web/ajax_t163sb05
中游,伺服器滑軌與機殼,8210,勤誠,2022,1,balance_sheet,歸屬於母公司業主之權益合計,4389116,"4,389,116",sii,https://mopsov.twse.com.tw/mops/web/ajax_t163sb05
中游,伺服器滑軌與機殼,8210,勤誠,2022,1,balance_sheet,共同控制下前手權益,,--,sii,https://mopsov.twse.com.tw/mops/web/ajax_t163sb05
中游,伺服器滑軌與機殼,8210,勤誠,2022,1,balance_sheet,合併前非屬共同控制股權,,--,sii,https://mopsov.twse.com.tw/mops/web/ajax_t163sb05
中游,伺服器滑軌與機殼,8210,勤誠,2022,1,balance_sheet,非控制權益,19732,"19,732",sii,https://mopsov.twse.com.tw/mops/web/ajax_t163sb05
中游,伺服器滑軌與機殼,8210,勤誠,2022,1,balance_sheet,權益總計,4408848,"4,408,848",sii,https://mopsov.twse.com.tw/mops/web/ajax_t163sb05
中游,伺服器滑軌與機殼,8210,勤誠,2022,1,balance_sheet,待註銷股本股數（單位：股）,0,0,sii,https://mopsov.twse.com.tw/mops/web/ajax_t163sb05
中游,伺服器滑軌與機殼,8210,勤誠,2022,1,balance_sheet,預收股款（權益項下）之約當發行股數（單位：股）,0,0,sii,https://mopsov.twse.com.tw/mops/web/ajax_t163sb05
中游,伺服器滑軌與機殼,8210,勤誠,2022,1,balance_sheet,母公司暨子公司所持有之母公司庫藏股股數（單位：股）,0,0,sii,https://mopsov.twse.com.tw/mops/web/ajax_t163sb05
中游,伺服器滑軌與機殼,8210,勤誠,2022,1,balance_sheet,每股參考淨值,36.34,36.34,sii,https://mopsov.twse.com.tw/mops/web/ajax_t163sb05
中游,伺服器滑軌與機殼,2059,川湖,2022,1,cash_flow,營業活動之淨現金流入（流出）,849880,"849,880",sii,https://mopsov.twse.com.tw/mops/web/ajax_t163sb20
中游,伺服器滑軌與機殼,2059,川湖,2022,1,cash_flow,投資活動之淨現金流入（流出）,1255676,"1,255,676",sii,https://mopsov.twse.com.tw/mops/web/ajax_t163sb20
中游,伺服器滑軌與機殼,2059,川湖,2022,1,cash_flow,籌資活動之淨現金流入（流出）,266392,"266,392",sii,https://mopsov.twse.com.tw/mops/web/ajax_t163sb20
中游,伺服器滑軌與機殼,2059,川湖,2022,1,cash_flow,匯率變動對現金及約當現金之影響,283670,"283,670",sii,https://mopsov.twse.com.tw/mops/web/ajax_t163sb20
中游,伺服器滑軌與機殼,2059,川湖,2022,1,cash_flow,本期現金及約當現金增加（減少）數,2655618,"2,655,618",sii,https://mopsov.twse.com.tw/mops/web/ajax_t163sb20
中游,伺服器滑軌與機殼,2059,川湖,2022,1,cash_flow,期初現金及約當現金餘額,7926374,"7,926,374",sii,https://mopsov.twse.com.tw/mops/web/ajax_t163sb20
中游,伺服器滑軌與機殼,2059,川湖,2022,1,cash_flow,期末現金及約當現金餘額,10581992,"10,581,992",sii,https://mopsov.twse.com.tw/mops/web/ajax_t163sb20
中游,伺服器滑軌與機殼,8210,勤誠,2022,1,cash_flow,營業活動之淨現金流入（流出）,-469783,"-469,783",sii,https://mopsov.twse.com.tw/mops/web/ajax_t163sb20
中游,伺服器滑軌與機殼,8210,勤誠,2022,1,cash_flow,投資活動之淨現金流入（流出）,-679934,"-679,934",sii,https://mopsov.twse.com.tw/mops/web/ajax_t163sb20
中游,伺服器滑軌與機殼,8210,勤誠,2022,1,cash_flow,籌資活動之淨現金流入（流出）,451744,"451,744",sii,https://mopsov.twse.com.tw/mops/web/ajax_t163sb20
中游,伺服器滑軌與機殼,8210,勤誠,2022,1,cash_flow,匯率變動對現金及約當現金之影響,76344,"76,344",sii,https://mopsov.twse.com.tw/mops/web/ajax_t163sb20
中游,伺服器滑軌與機殼,8210,勤誠,2022,1,cash_flow,本期現金及約當現金增加（減少）數,-621629,"-621,629",sii,https://mopsov.twse.com.tw/mops/web/ajax_t163sb20
中游,伺服器滑軌與機殼,8210,勤誠,2022,1,cash_flow,期初現金及約當現金餘額,1437185,"1,437,185",sii,https://mopsov.twse.com.tw/mops/web/ajax_t163sb20
中游,伺服器滑軌與機殼,8210,勤誠,2022,1,cash_flow,期末現金及約當現金餘額,815556,"815,556",sii,https://mopsov.twse.com.tw/mops/web/ajax_t163sb20
中游,伺服器滑軌與機殼,2059,川湖,2022,2,income_statement,營業收入,3660157,"3,660,157",sii,https://mopsov.twse.com.tw/mops/web/ajax_t163sb04
中游,伺服器滑軌與機殼,2059,川湖,2022,2,income_statement,營業成本,1604473,"1,604,473",sii,https://mopsov.twse.com.tw/mops/web/ajax_t163sb04
中游,伺服器滑軌與機殼,2059,川湖,2022,2,income_statement,原始認列生物資產及農產品之利益（損失）,,--,sii,https://mopsov.twse.com.tw/mops/web/ajax_t163sb04
中游,伺服器滑軌與機殼,2059,川湖,2022,2,income_statement,生物資產當期公允價值減出售成本之變動利益（損失）,,--,sii,https://mopsov.twse.com.tw/mops/web/ajax_t163sb04
中游,伺服器滑軌與機殼,2059,川湖,2022,2,income_statement,營業毛利（毛損）,2055684,"2,055,684",sii,https://mopsov.twse.com.tw/mops/web/ajax_t163sb04
中游,伺服器滑軌與機殼,2059,川湖,2022,2,income_statement,未實現銷貨（損）益,,--,sii,https://mopsov.twse.com.tw/mops/web/ajax_t163sb04
中游,伺服器滑軌與機殼,2059,川湖,2022,2,income_statement,已實現銷貨（損）益,,--,sii,https://mopsov.twse.com.tw/mops/web/ajax_t163sb04
中游,伺服器滑軌與機殼,2059,川湖,2022,2,income_statement,營業毛利（毛損）淨額,2055684,"2,055,684",sii,https://mopsov.twse.com.tw/mops/web/ajax_t163sb04
中游,伺服器滑軌與機殼,2059,川湖,2022,2,income_statement,營業費用,341182,"341,182",sii,https://mopsov.twse.com.tw/mops/web/ajax_t163sb04
中游,伺服器滑軌與機殼,2059,川湖,2022,2,income_statement,其他收益及費損淨額,,--,sii,https://mopsov.twse.com.tw/mops/web/ajax_t163sb04
中游,伺服器滑軌與機殼,2059,川湖,2022,2,income_statement,營業利益（損失）,1714502,"1,714,502",sii,https://mopsov.twse.com.tw/mops/web/ajax_t163sb04
中游,伺服器滑軌與機殼,2059,川湖,2022,2,income_statement,營業外收入及支出,767225,"767,225",sii,https://mopsov.twse.com.tw/mops/web/ajax_t163sb04
中游,伺服器滑軌與機殼,2059,川湖,2022,2,income_statement,稅前淨利（淨損）,2481727,"2,481,727",sii,https://mopsov.twse.com.tw/mops/web/ajax_t163sb04
中游,伺服器滑軌與機殼,2059,川湖,2022,2,income_statement,所得稅費用（利益）,572797,"572,797",sii,https://mopsov.twse.com.tw/mops/web/ajax_t163sb04
中游,伺服器滑軌與機殼,2059,川湖,2022,2,income_statement,繼續營業單位本期淨利（淨損）,1908930,"1,908,930",sii,https://mopsov.twse.com.tw/mops/web/ajax_t163sb04
中游,伺服器滑軌與機殼,2059,川湖,2022,2,income_statement,停業單位損益,,--,sii,https://mopsov.twse.com.tw/mops/web/ajax_t163sb04
中游,伺服器滑軌與機殼,2059,川湖,2022,2,income_statement,合併前非屬共同控制股權損益,,--,sii,https://mopsov.twse.com.tw/mops/web/ajax_t163sb04
中游,伺服器滑軌與機殼,2059,川湖,2022,2,income_statement,本期淨利（淨損）,1908930,"1,908,930",sii,https://mopsov.twse.com.tw/mops/web/ajax_t163sb04
中游,伺服器滑軌與機殼,2059,川湖,2022,2,income_statement,其他綜合損益（淨額）,4777,"4,777",sii,https://mopsov.twse.com.tw/mops/web/ajax_t163sb04
中游,伺服器滑軌與機殼,2059,川湖,2022,2,income_statement,合併前非屬共同控制股權綜合損益淨額,,--,sii,https://mopsov.twse.com.tw/mops/web/ajax_t163sb04
中游,伺服器滑軌與機殼,2059,川湖,2022,2,income_statement,本期綜合損益總額,1913707,"1,913,707",sii,https://mopsov.twse.com.tw/mops/web/ajax_t163sb04
中游,伺服器滑軌與機殼,2059,川湖,2022,2,income_statement,淨利（淨損）歸屬於母公司業主,1908930,"1,908,930",sii,https://mopsov.twse.com.tw/mops/web/ajax_t163sb04
中游,伺服器滑軌與機殼,2059,川湖,2022,2,income_statement,淨利（淨損）歸屬於共同控制下前手權益,,--,sii,https://mopsov.twse.com.tw/mops/web/ajax_t163sb04
中游,伺服器滑軌與機殼,2059,川湖,2022,2,income_statement,淨利（淨損）歸屬於非控制權益,,--,sii,https://mopsov.twse.com.tw/mops/web/ajax_t163sb04
中游,伺服器滑軌與機殼,2059,川湖,2022,2,income_statement,綜合損益總額歸屬於母公司業主,1913707,"1,913,707",sii,https://mopsov.twse.com.tw/mops/web/ajax_t163sb04
中游,伺服器滑軌與機殼,2059,川湖,2022,2,income_statement,綜合損益總額歸屬於共同控制下前手權益,,--,sii,https://mopsov.twse.com.tw/mops/web/ajax_t163sb04
中游,伺服器滑軌與機殼,2059,川湖,2022,2,income_statement,綜合損益總額歸屬於非控制權益,,--,sii,https://mopsov.twse.com.tw/mops/web/ajax_t163sb04
中游,伺服器滑軌與機殼,2059,川湖,2022,2,income_statement,基本每股盈餘（元）,20.03,20.03,sii,https://mopsov.twse.com.tw/mops/web/ajax_t163sb04
中游,伺服器滑軌與機殼,8210,勤誠,2022,2,income_statement,營業收入,4870556,"4,870,556",sii,https://mopsov.twse.com.tw/mops/web/ajax_t163sb04
中游,伺服器滑軌與機殼,8210,勤誠,2022,2,income_statement,營業成本,3954358,"3,954,358",sii,https://mopsov.twse.com.tw/mops/web/ajax_t163sb04
中游,伺服器滑軌與機殼,8210,勤誠,2022,2,income_statement,原始認列生物資產及農產品之利益（損失）,,--,sii,https://mopsov.twse.com.tw/mops/web/ajax_t163sb04
中游,伺服器滑軌與機殼,8210,勤誠,2022,2,income_statement,生物資產當期公允價值減出售成本之變動利益（損失）,,--,sii,https://mopsov.twse.com.tw/mops/web/ajax_t163sb04
中游,伺服器滑軌與機殼,8210,勤誠,2022,2,income_statement,營業毛利（毛損）,916198,"916,198",sii,https://mopsov.twse.com.tw/mops/web/ajax_t163sb04
中游,伺服器滑軌與機殼,8210,勤誠,2022,2,income_statement,未實現銷貨（損）益,,--,sii,https://mopsov.twse.com.tw/mops/web/ajax_t163sb04
中游,伺服器滑軌與機殼,8210,勤誠,2022,2,income_statement,已實現銷貨（損）益,,--,sii,https://mopsov.twse.com.tw/mops/web/ajax_t163sb04
中游,伺服器滑軌與機殼,8210,勤誠,2022,2,income_statement,營業毛利（毛損）淨額,916198,"916,198",sii,https://mopsov.twse.com.tw/mops/web/ajax_t163sb04
中游,伺服器滑軌與機殼,8210,勤誠,2022,2,income_statement,營業費用,464174,"464,174",sii,https://mopsov.twse.com.tw/mops/web/ajax_t163sb04
中游,伺服器滑軌與機殼,8210,勤誠,2022,2,income_statement,其他收益及費損淨額,,--,sii,https://mopsov.twse.com.tw/mops/web/ajax_t163sb04
中游,伺服器滑軌與機殼,8210,勤誠,2022,2,income_statement,營業利益（損失）,452024,"452,024",sii,https://mopsov.twse.com.tw/mops/web/ajax_t163sb04
中游,伺服器滑軌與機殼,8210,勤誠,2022,2,income_statement,營業外收入及支出,91631,"91,631",sii,https://mopsov.twse.com.tw/mops/web/ajax_t163sb04
中游,伺服器滑軌與機殼,8210,勤誠,2022,2,income_statement,稅前淨利（淨損）,543655,"543,655",sii,https://mopsov.twse.com.tw/mops/web/ajax_t163sb04
中游,伺服器滑軌與機殼,8210,勤誠,2022,2,income_statement,所得稅費用（利益）,139943,"139,943",sii,https://mopsov.twse.com.tw/mops/web/ajax_t163sb04
中游,伺服器滑軌與機殼,8210,勤誠,2022,2,income_statement,繼續營業單位本期淨利（淨損）,403712,"403,712",sii,https://mopsov.twse.com.tw/mops/web/ajax_t163sb04
中游,伺服器滑軌與機殼,8210,勤誠,2022,2,income_statement,停業單位損益,,--,sii,https://mopsov.twse.com.tw/mops/web/ajax_t163sb04
中游,伺服器滑軌與機殼,8210,勤誠,2022,2,income_statement,合併前非屬共同控制股權損益,,--,sii,https://mopsov.twse.com.tw/mops/web/ajax_t163sb04
中游,伺服器滑軌與機殼,8210,勤誠,2022,2,income_statement,本期淨利（淨損）,403712,"403,712",sii,https://mopsov.twse.com.tw/mops/web/ajax_t163sb04
中游,伺服器滑軌與機殼,8210,勤誠,2022,2,income_statement,其他綜合損益（淨額）,81566,"81,566",sii,https://mopsov.twse.com.tw/mops/web/ajax_t163sb04
中游,伺服器滑軌與機殼,8210,勤誠,2022,2,income_statement,合併前非屬共同控制股權綜合損益淨額,,--,sii,https://mopsov.twse.com.tw/mops/web/ajax_t163sb04
中游,伺服器滑軌與機殼,8210,勤誠,2022,2,income_statement,本期綜合損益總額,485278,"485,278",sii,https://mopsov.twse.com.tw/mops/web/ajax_t163sb04
中游,伺服器滑軌與機殼,8210,勤誠,2022,2,income_statement,淨利（淨損）歸屬於母公司業主,402890,"402,890",sii,https://mopsov.twse.com.tw/mops/web/ajax_t163sb04
中游,伺服器滑軌與機殼,8210,勤誠,2022,2,income_statement,淨利（淨損）歸屬於共同控制下前手權益,,--,sii,https://mopsov.twse.com.tw/mops/web/ajax_t163sb04
中游,伺服器滑軌與機殼,8210,勤誠,2022,2,income_statement,淨利（淨損）歸屬於非控制權益,822,822,sii,https://mopsov.twse.com.tw/mops/web/ajax_t163sb04
中游,伺服器滑軌與機殼,8210,勤誠,2022,2,income_statement,綜合損益總額歸屬於母公司業主,484456,"484,456",sii,https://mopsov.twse.com.tw/mops/web/ajax_t163sb04
中游,伺服器滑軌與機殼,8210,勤誠,2022,2,income_statement,綜合損益總額歸屬於共同控制下前手權益,,--,sii,https://mopsov.twse.com.tw/mops/web/ajax_t163sb04
中游,伺服器滑軌與機殼,8210,勤誠,2022,2,income_statement,綜合損益總額歸屬於非控制權益,822,822,sii,https://mopsov.twse.com.tw/mops/web/ajax_t163sb04
中游,伺服器滑軌與機殼,8210,勤誠,2022,2,income_statement,基本每股盈餘（元）,3.36,3.36,sii,https://mopsov.twse.com.tw/mops/web/ajax_t163sb04
中游,伺服器滑軌與機殼,6584,南俊國際,2022,2,income_statement,營業收入,1067539,"1,067,539",otc,https://mopsov.twse.com.tw/mops/web/ajax_t163sb04
中游,伺服器滑軌與機殼,6584,南俊國際,2022,2,income_statement,營業成本,874514,"874,514",otc,https://mopsov.twse.com.tw/mops/web/ajax_t163sb04
中游,伺服器滑軌與機殼,6584,南俊國際,2022,2,income_statement,原始認列生物資產及農產品之利益（損失）,,--,otc,https://mopsov.twse.com.tw/mops/web/ajax_t163sb04
中游,伺服器滑軌與機殼,6584,南俊國際,2022,2,income_statement,生物資產當期公允價值減出售成本之變動利益（損失）,,--,otc,https://mopsov.twse.com.tw/mops/web/ajax_t163sb04
中游,伺服器滑軌與機殼,6584,南俊國際,2022,2,income_statement,營業毛利（毛損）,193025,"193,025",otc,https://mopsov.twse.com.tw/mops/web/ajax_t163sb04
中游,伺服器滑軌與機殼,6584,南俊國際,2022,2,income_statement,未實現銷貨（損）益,,--,otc,https://mopsov.twse.com.tw/mops/web/ajax_t163sb04
中游,伺服器滑軌與機殼,6584,南俊國際,2022,2,income_statement,已實現銷貨（損）益,,--,otc,https://mopsov.twse.com.tw/mops/web/ajax_t163sb04
中游,伺服器滑軌與機殼,6584,南俊國際,2022,2,income_statement,營業毛利（毛損）淨額,193025,"193,025",otc,https://mopsov.twse.com.tw/mops/web/ajax_t163sb04
中游,伺服器滑軌與機殼,6584,南俊國際,2022,2,income_statement,營業費用,134963,"134,963",otc,https://mopsov.twse.com.tw/mops/web/ajax_t163sb04
中游,伺服器滑軌與機殼,6584,南俊國際,2022,2,income_statement,其他收益及費損淨額,,--,otc,https://mopsov.twse.com.tw/mops/web/ajax_t163sb04
中游,伺服器滑軌與機殼,6584,南俊國際,2022,2,income_statement,營業利益（損失）,58062,"58,062",otc,https://mopsov.twse.com.tw/mops/web/ajax_t163sb04
中游,伺服器滑軌與機殼,6584,南俊國際,2022,2,income_statement,營業外收入及支出,61493,"61,493",otc,https://mopsov.twse.com.tw/mops/web/ajax_t163sb04
中游,伺服器滑軌與機殼,6584,南俊國際,2022,2,income_statement,稅前淨利（淨損）,119555,"119,555",otc,https://mopsov.twse.com.tw/mops/web/ajax_t163sb04
中游,伺服器滑軌與機殼,6584,南俊國際,2022,2,income_statement,所得稅費用（利益）,22888,"22,888",otc,https://mopsov.twse.com.tw/mops/web/ajax_t163sb04
中游,伺服器滑軌與機殼,6584,南俊國際,2022,2,income_statement,繼續營業單位本期淨利（淨損）,96667,"96,667",otc,https://mopsov.twse.com.tw/mops/web/ajax_t163sb04
中游,伺服器滑軌與機殼,6584,南俊國際,2022,2,income_statement,停業單位損益,,--,otc,https://mopsov.twse.com.tw/mops/web/ajax_t163sb04
中游,伺服器滑軌與機殼,6584,南俊國際,2022,2,income_statement,合併前非屬共同控制股權損益,,--,otc,https://mopsov.twse.com.tw/mops/web/ajax_t163sb04
中游,伺服器滑軌與機殼,6584,南俊國際,2022,2,income_statement,本期淨利（淨損）,96667,"96,667",otc,https://mopsov.twse.com.tw/mops/web/ajax_t163sb04
中游,伺服器滑軌與機殼,6584,南俊國際,2022,2,income_statement,其他綜合損益（淨額）,1131,"1,131",otc,https://mopsov.twse.com.tw/mops/web/ajax_t163sb04
中游,伺服器滑軌與機殼,6584,南俊國際,2022,2,income_statement,合併前非屬共同控制股權綜合損益淨額,,--,otc,https://mopsov.twse.com.tw/mops/web/ajax_t163sb04
中游,伺服器滑軌與機殼,6584,南俊國際,2022,2,income_statement,本期綜合損益總額,97798,"97,798",otc,https://mopsov.twse.com.tw/mops/web/ajax_t163sb04
中游,伺服器滑軌與機殼,6584,南俊國際,2022,2,income_statement,淨利（淨損）歸屬於母公司業主,96667,"96,667",otc,https://mopsov.twse.com.tw/mops/web/ajax_t163sb04
中游,伺服器滑軌與機殼,6584,南俊國際,2022,2,income_statement,淨利（淨損）歸屬於共同控制下前手權益,,--,otc,https://mopsov.twse.com.tw/mops/web/ajax_t163sb04
中游,伺服器滑軌與機殼,6584,南俊國際,2022,2,income_statement,淨利（淨損）歸屬於非控制權益,,--,otc,https://mopsov.twse.com.tw/mops/web/ajax_t163sb04
中游,伺服器滑軌與機殼,6584,南俊國際,2022,2,income_statement,綜合損益總額歸屬於母公司業主,97798,"97,798",otc,https://mopsov.twse.com.tw/mops/web/ajax_t163sb04
中游,伺服器滑軌與機殼,6584,南俊國際,2022,2,income_statement,綜合損益總額歸屬於共同控制下前手權益,,--,otc,https://mopsov.twse.com.tw/mops/web/ajax_t163sb04
中游,伺服器滑軌與機殼,6584,南俊國際,2022,2,income_statement,綜合損益總額歸屬於非控制權益,,--,otc,https://mopsov.twse.com.tw/mops/web/ajax_t163sb04
中游,伺服器滑軌與機殼,6584,南俊國際,2022,2,income_statement,基本每股盈餘（元）,1.68,1.68,otc,https://mopsov.twse.com.tw/mops/web/ajax_t163sb04
中游,伺服器滑軌與機殼,2059,川湖,2022,2,balance_sheet,流動資產,14102204,"14,102,204",sii,https://mopsov.twse.com.tw/mops/web/ajax_t163sb05
中游,伺服器滑軌與機殼,2059,川湖,2022,2,balance_sheet,非流動資產,3595260,"3,595,260",sii,https://mopsov.twse.com.tw/mops/web/ajax_t163sb05
中游,伺服器滑軌與機殼,2059,川湖,2022,2,balance_sheet,資產總計,17697464,"17,697,464",sii,https://mopsov.twse.com.tw/mops/web/ajax_t163sb05
中游,伺服器滑軌與機殼,2059,川湖,2022,2,balance_sheet,流動負債,2763839,"2,763,839",sii,https://mopsov.twse.com.tw/mops/web/ajax_t163sb05
中游,伺服器滑軌與機殼,2059,川湖,2022,2,balance_sheet,非流動負債,1453463,"1,453,463",sii,https://mopsov.twse.com.tw/mops/web/ajax_t163sb05
中游,伺服器滑軌與機殼,2059,川湖,2022,2,balance_sheet,負債總計,4217302,"4,217,302",sii,https://mopsov.twse.com.tw/mops/web/ajax_t163sb05
中游,伺服器滑軌與機殼,2059,川湖,2022,2,balance_sheet,股本,952971,"952,971",sii,https://mopsov.twse.com.tw/mops/web/ajax_t163sb05
中游,伺服器滑軌與機殼,2059,川湖,2022,2,balance_sheet,權益─具證券性質之虛擬通貨,,--,sii,https://mopsov.twse.com.tw/mops/web/ajax_t163sb05
中游,伺服器滑軌與機殼,2059,川湖,2022,2,balance_sheet,資本公積,796691,"796,691",sii,https://mopsov.twse.com.tw/mops/web/ajax_t163sb05
中游,伺服器滑軌與機殼,2059,川湖,2022,2,balance_sheet,保留盈餘,11735025,"11,735,025",sii,https://mopsov.twse.com.tw/mops/web/ajax_t163sb05
中游,伺服器滑軌與機殼,2059,川湖,2022,2,balance_sheet,其他權益,-4525,"-4,525",sii,https://mopsov.twse.com.tw/mops/web/ajax_t163sb05
中游,伺服器滑軌與機殼,2059,川湖,2022,2,balance_sheet,庫藏股票,0,0,sii,https://mopsov.twse.com.tw/mops/web/ajax_t163sb05
中游,伺服器滑軌與機殼,2059,川湖,2022,2,balance_sheet,歸屬於母公司業主之權益合計,13480162,"13,480,162",sii,https://mopsov.twse.com.tw/mops/web/ajax_t163sb05
中游,伺服器滑軌與機殼,2059,川湖,2022,2,balance_sheet,共同控制下前手權益,,--,sii,https://mopsov.twse.com.tw/mops/web/ajax_t163sb05
中游,伺服器滑軌與機殼,2059,川湖,2022,2,balance_sheet,合併前非屬共同控制股權,,--,sii,https://mopsov.twse.com.tw/mops/web/ajax_t163sb05
中游,伺服器滑軌與機殼,2059,川湖,2022,2,balance_sheet,非控制權益,0,0,sii,https://mopsov.twse.com.tw/mops/web/ajax_t163sb05
中游,伺服器滑軌與機殼,2059,川湖,2022,2,balance_sheet,權益總計,13480162,"13,480,162",sii,https://mopsov.twse.com.tw/mops/web/ajax_t163sb05
中游,伺服器滑軌與機殼,2059,川湖,2022,2,balance_sheet,待註銷股本股數（單位：股）,,--,sii,https://mopsov.twse.com.tw/mops/web/ajax_t163sb05
中游,伺服器滑軌與機殼,2059,川湖,2022,2,balance_sheet,預收股款（權益項下）之約當發行股數（單位：股）,0,0,sii,https://mopsov.twse.com.tw/mops/web/ajax_t163sb05
中游,伺服器滑軌與機殼,2059,川湖,2022,2,balance_sheet,母公司暨子公司所持有之母公司庫藏股股數（單位：股）,0,0,sii,https://mopsov.twse.com.tw/mops/web/ajax_t163sb05
中游,伺服器滑軌與機殼,2059,川湖,2022,2,balance_sheet,每股參考淨值,141.45,141.45,sii,https://mopsov.twse.com.tw/mops/web/ajax_t163sb05
中游,伺服器滑軌與機殼,8210,勤誠,2022,2,balance_sheet,流動資產,6670690,"6,670,690",sii,https://mopsov.twse.com.tw/mops/web/ajax_t163sb05
中游,伺服器滑軌與機殼,8210,勤誠,2022,2,balance_sheet,非流動資產,5371473,"5,371,473",sii,https://mopsov.twse.com.tw/mops/web/ajax_t163sb05
中游,伺服器滑軌與機殼,8210,勤誠,2022,2,balance_sheet,資產總計,12042163,"12,042,163",sii,https://mopsov.twse.com.tw/mops/web/ajax_t163sb05
中游,伺服器滑軌與機殼,8210,勤誠,2022,2,balance_sheet,流動負債,5271787,"5,271,787",sii,https://mopsov.twse.com.tw/mops/web/ajax_t163sb05
中游,伺服器滑軌與機殼,8210,勤誠,2022,2,balance_sheet,非流動負債,2459488,"2,459,488",sii,https://mopsov.twse.com.tw/mops/web/ajax_t163sb05
中游,伺服器滑軌與機殼,8210,勤誠,2022,2,balance_sheet,負債總計,7731275,"7,731,275",sii,https://mopsov.twse.com.tw/mops/web/ajax_t163sb05
中游,伺服器滑軌與機殼,8210,勤誠,2022,2,balance_sheet,股本,1207697,"1,207,697",sii,https://mopsov.twse.com.tw/mops/web/ajax_t163sb05
中游,伺服器滑軌與機殼,8210,勤誠,2022,2,balance_sheet,權益─具證券性質之虛擬通貨,,--,sii,https://mopsov.twse.com.tw/mops/web/ajax_t163sb05
中游,伺服器滑軌與機殼,8210,勤誠,2022,2,balance_sheet,資本公積,147332,"147,332",sii,https://mopsov.twse.com.tw/mops/web/ajax_t163sb05
中游,伺服器滑軌與機殼,8210,勤誠,2022,2,balance_sheet,保留盈餘,3157441,"3,157,441",sii,https://mopsov.twse.com.tw/mops/web/ajax_t163sb05
中游,伺服器滑軌與機殼,8210,勤誠,2022,2,balance_sheet,其他權益,-222219,"-222,219",sii,https://mopsov.twse.com.tw/mops/web/ajax_t163sb05
中游,伺服器滑軌與機殼,8210,勤誠,2022,2,balance_sheet,庫藏股票,,--,sii,https://mopsov.twse.com.tw/mops/web/ajax_t163sb05
中游,伺服器滑軌與機殼,8210,勤誠,2022,2,balance_sheet,歸屬於母公司業主之權益合計,4290251,"4,290,251",sii,https://mopsov.twse.com.tw/mops/web/ajax_t163sb05
中游,伺服器滑軌與機殼,8210,勤誠,2022,2,balance_sheet,共同控制下前手權益,,--,sii,https://mopsov.twse.com.tw/mops/web/ajax_t163sb05
中游,伺服器滑軌與機殼,8210,勤誠,2022,2,balance_sheet,合併前非屬共同控制股權,,--,sii,https://mopsov.twse.com.tw/mops/web/ajax_t163sb05
中游,伺服器滑軌與機殼,8210,勤誠,2022,2,balance_sheet,非控制權益,20637,"20,637",sii,https://mopsov.twse.com.tw/mops/web/ajax_t163sb05
中游,伺服器滑軌與機殼,8210,勤誠,2022,2,balance_sheet,權益總計,4310888,"4,310,888",sii,https://mopsov.twse.com.tw/mops/web/ajax_t163sb05
中游,伺服器滑軌與機殼,8210,勤誠,2022,2,balance_sheet,待註銷股本股數（單位：股）,0,0,sii,https://mopsov.twse.com.tw/mops/web/ajax_t163sb05
中游,伺服器滑軌與機殼,8210,勤誠,2022,2,balance_sheet,預收股款（權益項下）之約當發行股數（單位：股）,0,0,sii,https://mopsov.twse.com.tw/mops/web/ajax_t163sb05
中游,伺服器滑軌與機殼,8210,勤誠,2022,2,balance_sheet,母公司暨子公司所持有之母公司庫藏股股數（單位：股）,0,0,sii,https://mopsov.twse.com.tw/mops/web/ajax_t163sb05
中游,伺服器滑軌與機殼,8210,勤誠,2022,2,balance_sheet,每股參考淨值,35.52,35.52,sii,https://mopsov.twse.com.tw/mops/web/ajax_t163sb05
中游,伺服器滑軌與機殼,6584,南俊國際,2022,2,balance_sheet,流動資產,1008187,"1,008,187",otc,https://mopsov.twse.com.tw/mops/web/ajax_t163sb05
中游,伺服器滑軌與機殼,6584,南俊國際,2022,2,balance_sheet,非流動資產,2570587,"2,570,587",otc,https://mopsov.twse.com.tw/mops/web/ajax_t163sb05
中游,伺服器滑軌與機殼,6584,南俊國際,2022,2,balance_sheet,資產總計,3578774,"3,578,774",otc,https://mopsov.twse.com.tw/mops/web/ajax_t163sb05
中游,伺服器滑軌與機殼,6584,南俊國際,2022,2,balance_sheet,流動負債,802933,"802,933",otc,https://mopsov.twse.com.tw/mops/web/ajax_t163sb05
中游,伺服器滑軌與機殼,6584,南俊國際,2022,2,balance_sheet,非流動負債,1248294,"1,248,294",otc,https://mopsov.twse.com.tw/mops/web/ajax_t163sb05
中游,伺服器滑軌與機殼,6584,南俊國際,2022,2,balance_sheet,負債總計,2051227,"2,051,227",otc,https://mopsov.twse.com.tw/mops/web/ajax_t163sb05
中游,伺服器滑軌與機殼,6584,南俊國際,2022,2,balance_sheet,股本,584940,"584,940",otc,https://mopsov.twse.com.tw/mops/web/ajax_t163sb05
中游,伺服器滑軌與機殼,6584,南俊國際,2022,2,balance_sheet,權益─具證券性質之虛擬通貨,,--,otc,https://mopsov.twse.com.tw/mops/web/ajax_t163sb05
中游,伺服器滑軌與機殼,6584,南俊國際,2022,2,balance_sheet,資本公積,366323,"366,323",otc,https://mopsov.twse.com.tw/mops/web/ajax_t163sb05
中游,伺服器滑軌與機殼,6584,南俊國際,2022,2,balance_sheet,保留盈餘,588327,"588,327",otc,https://mopsov.twse.com.tw/mops/web/ajax_t163sb05
中游,伺服器滑軌與機殼,6584,南俊國際,2022,2,balance_sheet,其他權益,-12043,"-12,043",otc,https://mopsov.twse.com.tw/mops/web/ajax_t163sb05
中游,伺服器滑軌與機殼,6584,南俊國際,2022,2,balance_sheet,庫藏股票,,--,otc,https://mopsov.twse.com.tw/mops/web/ajax_t163sb05
中游,伺服器滑軌與機殼,6584,南俊國際,2022,2,balance_sheet,歸屬於母公司業主之權益合計,1527547,"1,527,547",otc,https://mopsov.twse.com.tw/mops/web/ajax_t163sb05
中游,伺服器滑軌與機殼,6584,南俊國際,2022,2,balance_sheet,共同控制下前手權益,,--,otc,https://mopsov.twse.com.tw/mops/web/ajax_t163sb05
中游,伺服器滑軌與機殼,6584,南俊國際,2022,2,balance_sheet,合併前非屬共同控制股權,,--,otc,https://mopsov.twse.com.tw/mops/web/ajax_t163sb05
中游,伺服器滑軌與機殼,6584,南俊國際,2022,2,balance_sheet,非控制權益,,--,otc,https://mopsov.twse.com.tw/mops/web/ajax_t163sb05
中游,伺服器滑軌與機殼,6584,南俊國際,2022,2,balance_sheet,權益總計,1527547,"1,527,547",otc,https://mopsov.twse.com.tw/mops/web/ajax_t163sb05
中游,伺服器滑軌與機殼,6584,南俊國際,2022,2,balance_sheet,待註銷股本股數（單位：股）,0,0,otc,https://mopsov.twse.com.tw/mops/web/ajax_t163sb05
中游,伺服器滑軌與機殼,6584,南俊國際,2022,2,balance_sheet,預收股款（權益項下）之約當發行股數（單位：股）,0,0,otc,https://mopsov.twse.com.tw/mops/web/ajax_t163sb05
中游,伺服器滑軌與機殼,6584,南俊國際,2022,2,balance_sheet,母公司暨子公司所持有之母公司庫藏股股數（單位：股）,0,0,otc,https://mopsov.twse.com.tw/mops/web/ajax_t163sb05
中游,伺服器滑軌與機殼,6584,南俊國際,2022,2,balance_sheet,每股參考淨值,26.11,26.11,otc,https://mopsov.twse.com.tw/mops/web/ajax_t163sb05
中游,伺服器滑軌與機殼,2059,川湖,2022,2,cash_flow,營業活動之淨現金流入（流出）,1262877,"1,262,877",sii,https://mopsov.twse.com.tw/mops/web/ajax_t163sb20
中游,伺服器滑軌與機殼,2059,川湖,2022,2,cash_flow,投資活動之淨現金流入（流出）,971902,"971,902",sii,https://mopsov.twse.com.tw/mops/web/ajax_t163sb20
中游,伺服器滑軌與機殼,2059,川湖,2022,2,cash_flow,籌資活動之淨現金流入（流出）,257610,"257,610",sii,https://mopsov.twse.com.tw/mops/web/ajax_t163sb20
中游,伺服器滑軌與機殼,2059,川湖,2022,2,cash_flow,匯率變動對現金及約當現金之影響,560955,"560,955",sii,https://mopsov.twse.com.tw/mops/web/ajax_t163sb20
中游,伺服器滑軌與機殼,2059,川湖,2022,2,cash_flow,本期現金及約當現金增加（減少）數,3053344,"3,053,344",sii,https://mopsov.twse.com.tw/mops/web/ajax_t163sb20
中游,伺服器滑軌與機殼,2059,川湖,2022,2,cash_flow,期初現金及約當現金餘額,7926374,"7,926,374",sii,https://mopsov.twse.com.tw/mops/web/ajax_t163sb20
中游,伺服器滑軌與機殼,2059,川湖,2022,2,cash_flow,期末現金及約當現金餘額,10979718,"10,979,718",sii,https://mopsov.twse.com.tw/mops/web/ajax_t163sb20
中游,伺服器滑軌與機殼,8210,勤誠,2022,2,cash_flow,營業活動之淨現金流入（流出）,-701629,"-701,629",sii,https://mopsov.twse.com.tw/mops/web/ajax_t163sb20
中游,伺服器滑軌與機殼,8210,勤誠,2022,2,cash_flow,投資活動之淨現金流入（流出）,-756819,"-756,819",sii,https://mopsov.twse.com.tw/mops/web/ajax_t163sb20
中游,伺服器滑軌與機殼,8210,勤誠,2022,2,cash_flow,籌資活動之淨現金流入（流出）,768748,"768,748",sii,https://mopsov.twse.com.tw/mops/web/ajax_t163sb20
中游,伺服器滑軌與機殼,8210,勤誠,2022,2,cash_flow,匯率變動對現金及約當現金之影響,56226,"56,226",sii,https://mopsov.twse.com.tw/mops/web/ajax_t163sb20
中游,伺服器滑軌與機殼,8210,勤誠,2022,2,cash_flow,本期現金及約當現金增加（減少）數,-633474,"-633,474",sii,https://mopsov.twse.com.tw/mops/web/ajax_t163sb20
中游,伺服器滑軌與機殼,8210,勤誠,2022,2,cash_flow,期初現金及約當現金餘額,1437185,"1,437,185",sii,https://mopsov.twse.com.tw/mops/web/ajax_t163sb20
中游,伺服器滑軌與機殼,8210,勤誠,2022,2,cash_flow,期末現金及約當現金餘額,803711,"803,711",sii,https://mopsov.twse.com.tw/mops/web/ajax_t163sb20
中游,伺服器滑軌與機殼,6584,南俊國際,2022,2,cash_flow,營業活動之淨現金流入（流出）,62238,"62,238",otc,https://mopsov.twse.com.tw/mops/web/ajax_t163sb20
中游,伺服器滑軌與機殼,6584,南俊國際,2022,2,cash_flow,投資活動之淨現金流入（流出）,-46202,"-46,202",otc,https://mopsov.twse.com.tw/mops/web/ajax_t163sb20
中游,伺服器滑軌與機殼,6584,南俊國際,2022,2,cash_flow,籌資活動之淨現金流入（流出）,-177759,"-177,759",otc,https://mopsov.twse.com.tw/mops/web/ajax_t163sb20
中游,伺服器滑軌與機殼,6584,南俊國際,2022,2,cash_flow,匯率變動對現金及約當現金之影響,919,919,otc,https://mopsov.twse.com.tw/mops/web/ajax_t163sb20
中游,伺服器滑軌與機殼,6584,南俊國際,2022,2,cash_flow,本期現金及約當現金增加（減少）數,-160804,"-160,804",otc,https://mopsov.twse.com.tw/mops/web/ajax_t163sb20
中游,伺服器滑軌與機殼,6584,南俊國際,2022,2,cash_flow,期初現金及約當現金餘額,353550,"353,550",otc,https://mopsov.twse.com.tw/mops/web/ajax_t163sb20
中游,伺服器滑軌與機殼,6584,南俊國際,2022,2,cash_flow,期末現金及約當現金餘額,192746,"192,746",otc,https://mopsov.twse.com.tw/mops/web/ajax_t163sb20
中游,伺服器滑軌與機殼,2059,川湖,2022,3,income_statement,營業收入,5810543,"5,810,543",sii,https://mopsov.twse.com.tw/mops/web/ajax_t163sb04
中游,伺服器滑軌與機殼,2059,川湖,2022,3,income_statement,營業成本,2517490,"2,517,490",sii,https://mopsov.twse.com.tw/mops/web/ajax_t163sb04
中游,伺服器滑軌與機殼,2059,川湖,2022,3,income_statement,原始認列生物資產及農產品之利益（損失）,,--,sii,https://mopsov.twse.com.tw/mops/web/ajax_t163sb04
中游,伺服器滑軌與機殼,2059,川湖,2022,3,income_statement,生物資產當期公允價值減出售成本之變動利益（損失）,,--,sii,https://mopsov.twse.com.tw/mops/web/ajax_t163sb04
中游,伺服器滑軌與機殼,2059,川湖,2022,3,income_statement,營業毛利（毛損）,3293053,"3,293,053",sii,https://mopsov.twse.com.tw/mops/web/ajax_t163sb04
中游,伺服器滑軌與機殼,2059,川湖,2022,3,income_statement,未實現銷貨（損）益,,--,sii,https://mopsov.twse.com.tw/mops/web/ajax_t163sb04
中游,伺服器滑軌與機殼,2059,川湖,2022,3,income_statement,已實現銷貨（損）益,,--,sii,https://mopsov.twse.com.tw/mops/web/ajax_t163sb04
中游,伺服器滑軌與機殼,2059,川湖,2022,3,income_statement,營業毛利（毛損）淨額,3293053,"3,293,053",sii,https://mopsov.twse.com.tw/mops/web/ajax_t163sb04
中游,伺服器滑軌與機殼,2059,川湖,2022,3,income_statement,營業費用,541711,"541,711",sii,https://mopsov.twse.com.tw/mops/web/ajax_t163sb04
中游,伺服器滑軌與機殼,2059,川湖,2022,3,income_statement,其他收益及費損淨額,,--,sii,https://mopsov.twse.com.tw/mops/web/ajax_t163sb04
中游,伺服器滑軌與機殼,2059,川湖,2022,3,income_statement,營業利益（損失）,2751342,"2,751,342",sii,https://mopsov.twse.com.tw/mops/web/ajax_t163sb04
中游,伺服器滑軌與機殼,2059,川湖,2022,3,income_statement,營業外收入及支出,1590596,"1,590,596",sii,https://mopsov.twse.com.tw/mops/web/ajax_t163sb04
中游,伺服器滑軌與機殼,2059,川湖,2022,3,income_statement,稅前淨利（淨損）,4341938,"4,341,938",sii,https://mopsov.twse.com.tw/mops/web/ajax_t163sb04
中游,伺服器滑軌與機殼,2059,川湖,2022,3,income_statement,所得稅費用（利益）,950670,"950,670",sii,https://mopsov.twse.com.tw/mops/web/ajax_t163sb04
中游,伺服器滑軌與機殼,2059,川湖,2022,3,income_statement,繼續營業單位本期淨利（淨損）,3391268,"3,391,268",sii,https://mopsov.twse.com.tw/mops/web/ajax_t163sb04
中游,伺服器滑軌與機殼,2059,川湖,2022,3,income_statement,停業單位損益,,--,sii,https://mopsov.twse.com.tw/mops/web/ajax_t163sb04
中游,伺服器滑軌與機殼,2059,川湖,2022,3,income_statement,合併前非屬共同控制股權損益,,--,sii,https://mopsov.twse.com.tw/mops/web/ajax_t163sb04
中游,伺服器滑軌與機殼,2059,川湖,2022,3,income_statement,本期淨利（淨損）,3391268,"3,391,268",sii,https://mopsov.twse.com.tw/mops/web/ajax_t163sb04
中游,伺服器滑軌與機殼,2059,川湖,2022,3,income_statement,其他綜合損益（淨額）,8486,"8,486",sii,https://mopsov.twse.com.tw/mops/web/ajax_t163sb04
中游,伺服器滑軌與機殼,2059,川湖,2022,3,income_statement,合併前非屬共同控制股權綜合損益淨額,,--,sii,https://mopsov.twse.com.tw/mops/web/ajax_t163sb04
中游,伺服器滑軌與機殼,2059,川湖,2022,3,income_statement,本期綜合損益總額,3399754,"3,399,754",sii,https://mopsov.twse.com.tw/mops/web/ajax_t163sb04
中游,伺服器滑軌與機殼,2059,川湖,2022,3,income_statement,淨利（淨損）歸屬於母公司業主,3391268,"3,391,268",sii,https://mopsov.twse.com.tw/mops/web/ajax_t163sb04
中游,伺服器滑軌與機殼,2059,川湖,2022,3,income_statement,淨利（淨損）歸屬於共同控制下前手權益,,--,sii,https://mopsov.twse.com.tw/mops/web/ajax_t163sb04
中游,伺服器滑軌與機殼,2059,川湖,2022,3,income_statement,淨利（淨損）歸屬於非控制權益,,--,sii,https://mopsov.twse.com.tw/mops/web/ajax_t163sb04
中游,伺服器滑軌與機殼,2059,川湖,2022,3,income_statement,綜合損益總額歸屬於母公司業主,3399754,"3,399,754",sii,https://mopsov.twse.com.tw/mops/web/ajax_t163sb04
中游,伺服器滑軌與機殼,2059,川湖,2022,3,income_statement,綜合損益總額歸屬於共同控制下前手權益,,--,sii,https://mopsov.twse.com.tw/mops/web/ajax_t163sb04
中游,伺服器滑軌與機殼,2059,川湖,2022,3,income_statement,綜合損益總額歸屬於非控制權益,,--,sii,https://mopsov.twse.com.tw/mops/web/ajax_t163sb04
中游,伺服器滑軌與機殼,2059,川湖,2022,3,income_statement,基本每股盈餘（元）,35.59,35.59,sii,https://mopsov.twse.com.tw/mops/web/ajax_t163sb04
中游,伺服器滑軌與機殼,8210,勤誠,2022,3,income_statement,營業收入,7900220,"7,900,220",sii,https://mopsov.twse.com.tw/mops/web/ajax_t163sb04
中游,伺服器滑軌與機殼,8210,勤誠,2022,3,income_statement,營業成本,6269372,"6,269,372",sii,https://mopsov.twse.com.tw/mops/web/ajax_t163sb04
中游,伺服器滑軌與機殼,8210,勤誠,2022,3,income_statement,原始認列生物資產及農產品之利益（損失）,,--,sii,https://mopsov.twse.com.tw/mops/web/ajax_t163sb04
中游,伺服器滑軌與機殼,8210,勤誠,2022,3,income_statement,生物資產當期公允價值減出售成本之變動利益（損失）,,--,sii,https://mopsov.twse.com.tw/mops/web/ajax_t163sb04
中游,伺服器滑軌與機殼,8210,勤誠,2022,3,income_statement,營業毛利（毛損）,1630848,"1,630,848",sii,https://mopsov.twse.com.tw/mops/web/ajax_t163sb04
中游,伺服器滑軌與機殼,8210,勤誠,2022,3,income_statement,未實現銷貨（損）益,,--,sii,https://mopsov.twse.com.tw/mops/web/ajax_t163sb04
中游,伺服器滑軌與機殼,8210,勤誠,2022,3,income_statement,已實現銷貨（損）益,,--,sii,https://mopsov.twse.com.tw/mops/web/ajax_t163sb04
中游,伺服器滑軌與機殼,8210,勤誠,2022,3,income_statement,營業毛利（毛損）淨額,1630848,"1,630,848",sii,https://mopsov.twse.com.tw/mops/web/ajax_t163sb04
中游,伺服器滑軌與機殼,8210,勤誠,2022,3,income_statement,營業費用,742626,"742,626",sii,https://mopsov.twse.com.tw/mops/web/ajax_t163sb04
中游,伺服器滑軌與機殼,8210,勤誠,2022,3,income_statement,其他收益及費損淨額,,--,sii,https://mopsov.twse.com.tw/mops/web/ajax_t163sb04
中游,伺服器滑軌與機殼,8210,勤誠,2022,3,income_statement,營業利益（損失）,888222,"888,222",sii,https://mopsov.twse.com.tw/mops/web/ajax_t163sb04
中游,伺服器滑軌與機殼,8210,勤誠,2022,3,income_statement,營業外收入及支出,250360,"250,360",sii,https://mopsov.twse.com.tw/mops/web/ajax_t163sb04
中游,伺服器滑軌與機殼,8210,勤誠,2022,3,income_statement,稅前淨利（淨損）,1138582,"1,138,582",sii,https://mopsov.twse.com.tw/mops/web/ajax_t163sb04
中游,伺服器滑軌與機殼,8210,勤誠,2022,3,income_statement,所得稅費用（利益）,291365,"291,365",sii,https://mopsov.twse.com.tw/mops/web/ajax_t163sb04
中游,伺服器滑軌與機殼,8210,勤誠,2022,3,income_statement,繼續營業單位本期淨利（淨損）,847217,"847,217",sii,https://mopsov.twse.com.tw/mops/web/ajax_t163sb04
中游,伺服器滑軌與機殼,8210,勤誠,2022,3,income_statement,停業單位損益,,--,sii,https://mopsov.twse.com.tw/mops/web/ajax_t163sb04
中游,伺服器滑軌與機殼,8210,勤誠,2022,3,income_statement,合併前非屬共同控制股權損益,,--,sii,https://mopsov.twse.com.tw/mops/web/ajax_t163sb04
中游,伺服器滑軌與機殼,8210,勤誠,2022,3,income_statement,本期淨利（淨損）,847217,"847,217",sii,https://mopsov.twse.com.tw/mops/web/ajax_t163sb04
中游,伺服器滑軌與機殼,8210,勤誠,2022,3,income_statement,其他綜合損益（淨額）,149620,"149,620",sii,https://mopsov.twse.com.tw/mops/web/ajax_t163sb04
中游,伺服器滑軌與機殼,8210,勤誠,2022,3,income_statement,合併前非屬共同控制股權綜合損益淨額,,--,sii,https://mopsov.twse.com.tw/mops/web/ajax_t163sb04
中游,伺服器滑軌與機殼,8210,勤誠,2022,3,income_statement,本期綜合損益總額,996837,"996,837",sii,https://mopsov.twse.com.tw/mops/web/ajax_t163sb04
中游,伺服器滑軌與機殼,8210,勤誠,2022,3,income_statement,淨利（淨損）歸屬於母公司業主,841972,"841,972",sii,https://mopsov.twse.com.tw/mops/web/ajax_t163sb04
中游,伺服器滑軌與機殼,8210,勤誠,2022,3,income_statement,淨利（淨損）歸屬於共同控制下前手權益,,--,sii,https://mopsov.twse.com.tw/mops/web/ajax_t163sb04
中游,伺服器滑軌與機殼,8210,勤誠,2022,3,income_statement,淨利（淨損）歸屬於非控制權益,5245,"5,245",sii,https://mopsov.twse.com.tw/mops/web/ajax_t163sb04
中游,伺服器滑軌與機殼,8210,勤誠,2022,3,income_statement,綜合損益總額歸屬於母公司業主,991592,"991,592",sii,https://mopsov.twse.com.tw/mops/web/ajax_t163sb04
中游,伺服器滑軌與機殼,8210,勤誠,2022,3,income_statement,綜合損益總額歸屬於共同控制下前手權益,,--,sii,https://mopsov.twse.com.tw/mops/web/ajax_t163sb04
中游,伺服器滑軌與機殼,8210,勤誠,2022,3,income_statement,綜合損益總額歸屬於非控制權益,5245,"5,245",sii,https://mopsov.twse.com.tw/mops/web/ajax_t163sb04
中游,伺服器滑軌與機殼,8210,勤誠,2022,3,income_statement,基本每股盈餘（元）,7.01,7.01,sii,https://mopsov.twse.com.tw/mops/web/ajax_t163sb04
中游,伺服器滑軌與機殼,6584,南俊國際,2022,3,income_statement,營業收入,1601359,"1,601,359",otc,https://mopsov.twse.com.tw/mops/web/ajax_t163sb04
中游,伺服器滑軌與機殼,6584,南俊國際,2022,3,income_statement,營業成本,1305747,"1,305,747",otc,https://mopsov.twse.com.tw/mops/web/ajax_t163sb04
中游,伺服器滑軌與機殼,6584,南俊國際,2022,3,income_statement,原始認列生物資產及農產品之利益（損失）,,--,otc,https://mopsov.twse.com.tw/mops/web/ajax_t163sb04
中游,伺服器滑軌與機殼,6584,南俊國際,2022,3,income_statement,生物資產當期公允價值減出售成本之變動利益（損失）,,--,otc,https://mopsov.twse.com.tw/mops/web/ajax_t163sb04
中游,伺服器滑軌與機殼,6584,南俊國際,2022,3,income_statement,營業毛利（毛損）,295612,"295,612",otc,https://mopsov.twse.com.tw/mops/web/ajax_t163sb04
中游,伺服器滑軌與機殼,6584,南俊國際,2022,3,income_statement,未實現銷貨（損）益,,--,otc,https://mopsov.twse.com.tw/mops/web/ajax_t163sb04
中游,伺服器滑軌與機殼,6584,南俊國際,2022,3,income_statement,已實現銷貨（損）益,,--,otc,https://mopsov.twse.com.tw/mops/web/ajax_t163sb04
中游,伺服器滑軌與機殼,6584,南俊國際,2022,3,income_statement,營業毛利（毛損）淨額,295612,"295,612",otc,https://mopsov.twse.com.tw/mops/web/ajax_t163sb04
中游,伺服器滑軌與機殼,6584,南俊國際,2022,3,income_statement,營業費用,205675,"205,675",otc,https://mopsov.twse.com.tw/mops/web/ajax_t163sb04
中游,伺服器滑軌與機殼,6584,南俊國際,2022,3,income_statement,其他收益及費損淨額,,--,otc,https://mopsov.twse.com.tw/mops/web/ajax_t163sb04
中游,伺服器滑軌與機殼,6584,南俊國際,2022,3,income_statement,營業利益（損失）,89937,"89,937",otc,https://mopsov.twse.com.tw/mops/web/ajax_t163sb04
中游,伺服器滑軌與機殼,6584,南俊國際,2022,3,income_statement,營業外收入及支出,111104,"111,104",otc,https://mopsov.twse.com.tw/mops/web/ajax_t163sb04
中游,伺服器滑軌與機殼,6584,南俊國際,2022,3,income_statement,稅前淨利（淨損）,201041,"201,041",otc,https://mopsov.twse.com.tw/mops/web/ajax_t163sb04
中游,伺服器滑軌與機殼,6584,南俊國際,2022,3,income_statement,所得稅費用（利益）,42782,"42,782",otc,https://mopsov.twse.com.tw/mops/web/ajax_t163sb04
中游,伺服器滑軌與機殼,6584,南俊國際,2022,3,income_statement,繼續營業單位本期淨利（淨損）,158259,"158,259",otc,https://mopsov.twse.com.tw/mops/web/ajax_t163sb04
中游,伺服器滑軌與機殼,6584,南俊國際,2022,3,income_statement,停業單位損益,,--,otc,https://mopsov.twse.com.tw/mops/web/ajax_t163sb04
中游,伺服器滑軌與機殼,6584,南俊國際,2022,3,income_statement,合併前非屬共同控制股權損益,,--,otc,https://mopsov.twse.com.tw/mops/web/ajax_t163sb04
中游,伺服器滑軌與機殼,6584,南俊國際,2022,3,income_statement,本期淨利（淨損）,158259,"158,259",otc,https://mopsov.twse.com.tw/mops/web/ajax_t163sb04
中游,伺服器滑軌與機殼,6584,南俊國際,2022,3,income_statement,其他綜合損益（淨額）,2245,"2,245",otc,https://mopsov.twse.com.tw/mops/web/ajax_t163sb04
中游,伺服器滑軌與機殼,6584,南俊國際,2022,3,income_statement,合併前非屬共同控制股權綜合損益淨額,,--,otc,https://mopsov.twse.com.tw/mops/web/ajax_t163sb04
中游,伺服器滑軌與機殼,6584,南俊國際,2022,3,income_statement,本期綜合損益總額,160504,"160,504",otc,https://mopsov.twse.com.tw/mops/web/ajax_t163sb04
中游,伺服器滑軌與機殼,6584,南俊國際,2022,3,income_statement,淨利（淨損）歸屬於母公司業主,158259,"158,259",otc,https://mopsov.twse.com.tw/mops/web/ajax_t163sb04
中游,伺服器滑軌與機殼,6584,南俊國際,2022,3,income_statement,淨利（淨損）歸屬於共同控制下前手權益,,--,otc,https://mopsov.twse.com.tw/mops/web/ajax_t163sb04
中游,伺服器滑軌與機殼,6584,南俊國際,2022,3,income_statement,淨利（淨損）歸屬於非控制權益,,--,otc,https://mopsov.twse.com.tw/mops/web/ajax_t163sb04
中游,伺服器滑軌與機殼,6584,南俊國際,2022,3,income_statement,綜合損益總額歸屬於母公司業主,160504,"160,504",otc,https://mopsov.twse.com.tw/mops/web/ajax_t163sb04
中游,伺服器滑軌與機殼,6584,南俊國際,2022,3,income_statement,綜合損益總額歸屬於共同控制下前手權益,,--,otc,https://mopsov.twse.com.tw/mops/web/ajax_t163sb04
中游,伺服器滑軌與機殼,6584,南俊國際,2022,3,income_statement,綜合損益總額歸屬於非控制權益,,--,otc,https://mopsov.twse.com.tw/mops/web/ajax_t163sb04
中游,伺服器滑軌與機殼,6584,南俊國際,2022,3,income_statement,基本每股盈餘（元）,2.74,2.74,otc,https://mopsov.twse.com.tw/mops/web/ajax_t163sb04
中游,伺服器滑軌與機殼,2059,川湖,2022,3,balance_sheet,流動資產,14703267,"14,703,267",sii,https://mopsov.twse.com.tw/mops/web/ajax_t163sb05
中游,伺服器滑軌與機殼,2059,川湖,2022,3,balance_sheet,非流動資產,3674570,"3,674,570",sii,https://mopsov.twse.com.tw/mops/web/ajax_t163sb05
中游,伺服器滑軌與機殼,2059,川湖,2022,3,balance_sheet,資產總計,18377837,"18,377,837",sii,https://mopsov.twse.com.tw/mops/web/ajax_t163sb05
中游,伺服器滑軌與機殼,2059,川湖,2022,3,balance_sheet,流動負債,1833460,"1,833,460",sii,https://mopsov.twse.com.tw/mops/web/ajax_t163sb05
中游,伺服器滑軌與機殼,2059,川湖,2022,3,balance_sheet,非流動負債,1578168,"1,578,168",sii,https://mopsov.twse.com.tw/mops/web/ajax_t163sb05
中游,伺服器滑軌與機殼,2059,川湖,2022,3,balance_sheet,負債總計,3411628,"3,411,628",sii,https://mopsov.twse.com.tw/mops/web/ajax_t163sb05
中游,伺服器滑軌與機殼,2059,川湖,2022,3,balance_sheet,股本,952971,"952,971",sii,https://mopsov.twse.com.tw/mops/web/ajax_t163sb05
中游,伺服器滑軌與機殼,2059,川湖,2022,3,balance_sheet,權益─具證券性質之虛擬通貨,,--,sii,https://mopsov.twse.com.tw/mops/web/ajax_t163sb05
中游,伺服器滑軌與機殼,2059,川湖,2022,3,balance_sheet,資本公積,796691,"796,691",sii,https://mopsov.twse.com.tw/mops/web/ajax_t163sb05
中游,伺服器滑軌與機殼,2059,川湖,2022,3,balance_sheet,保留盈餘,13217363,"13,217,363",sii,https://mopsov.twse.com.tw/mops/web/ajax_t163sb05
中游,伺服器滑軌與機殼,2059,川湖,2022,3,balance_sheet,其他權益,-816,-816,sii,https://mopsov.twse.com.tw/mops/web/ajax_t163sb05
中游,伺服器滑軌與機殼,2059,川湖,2022,3,balance_sheet,庫藏股票,0,0,sii,https://mopsov.twse.com.tw/mops/web/ajax_t163sb05
中游,伺服器滑軌與機殼,2059,川湖,2022,3,balance_sheet,歸屬於母公司業主之權益合計,14966209,"14,966,209",sii,https://mopsov.twse.com.tw/mops/web/ajax_t163sb05
中游,伺服器滑軌與機殼,2059,川湖,2022,3,balance_sheet,共同控制下前手權益,,--,sii,https://mopsov.twse.com.tw/mops/web/ajax_t163sb05
中游,伺服器滑軌與機殼,2059,川湖,2022,3,balance_sheet,合併前非屬共同控制股權,,--,sii,https://mopsov.twse.com.tw/mops/web/ajax_t163sb05
中游,伺服器滑軌與機殼,2059,川湖,2022,3,balance_sheet,非控制權益,0,0,sii,https://mopsov.twse.com.tw/mops/web/ajax_t163sb05
中游,伺服器滑軌與機殼,2059,川湖,2022,3,balance_sheet,權益總計,14966209,"14,966,209",sii,https://mopsov.twse.com.tw/mops/web/ajax_t163sb05
中游,伺服器滑軌與機殼,2059,川湖,2022,3,balance_sheet,待註銷股本股數（單位：股）,0,0,sii,https://mopsov.twse.com.tw/mops/web/ajax_t163sb05
中游,伺服器滑軌與機殼,2059,川湖,2022,3,balance_sheet,預收股款（權益項下）之約當發行股數（單位：股）,0,0,sii,https://mopsov.twse.com.tw/mops/web/ajax_t163sb05
中游,伺服器滑軌與機殼,2059,川湖,2022,3,balance_sheet,母公司暨子公司所持有之母公司庫藏股股數（單位：股）,0,0,sii,https://mopsov.twse.com.tw/mops/web/ajax_t163sb05
中游,伺服器滑軌與機殼,2059,川湖,2022,3,balance_sheet,每股參考淨值,157.05,157.05,sii,https://mopsov.twse.com.tw/mops/web/ajax_t163sb05
中游,伺服器滑軌與機殼,8210,勤誠,2022,3,balance_sheet,流動資產,7676426,"7,676,426",sii,https://mopsov.twse.com.tw/mops/web/ajax_t163sb05
中游,伺服器滑軌與機殼,8210,勤誠,2022,3,balance_sheet,非流動資產,5474226,"5,474,226",sii,https://mopsov.twse.com.tw/mops/web/ajax_t163sb05
中游,伺服器滑軌與機殼,8210,勤誠,2022,3,balance_sheet,資產總計,13150652,"13,150,652",sii,https://mopsov.twse.com.tw/mops/web/ajax_t163sb05
中游,伺服器滑軌與機殼,8210,勤誠,2022,3,balance_sheet,流動負債,5656068,"5,656,068",sii,https://mopsov.twse.com.tw/mops/web/ajax_t163sb05
中游,伺服器滑軌與機殼,8210,勤誠,2022,3,balance_sheet,非流動負債,2666496,"2,666,496",sii,https://mopsov.twse.com.tw/mops/web/ajax_t163sb05
中游,伺服器滑軌與機殼,8210,勤誠,2022,3,balance_sheet,負債總計,8322564,"8,322,564",sii,https://mopsov.twse.com.tw/mops/web/ajax_t163sb05
中游,伺服器滑軌與機殼,8210,勤誠,2022,3,balance_sheet,股本,1206320,"1,206,320",sii,https://mopsov.twse.com.tw/mops/web/ajax_t163sb05
中游,伺服器滑軌與機殼,8210,勤誠,2022,3,balance_sheet,權益─具證券性質之虛擬通貨,,--,sii,https://mopsov.twse.com.tw/mops/web/ajax_t163sb05
中游,伺服器滑軌與機殼,8210,勤誠,2022,3,balance_sheet,資本公積,148709,"148,709",sii,https://mopsov.twse.com.tw/mops/web/ajax_t163sb05
中游,伺服器滑軌與機殼,8210,勤誠,2022,3,balance_sheet,保留盈餘,3596523,"3,596,523",sii,https://mopsov.twse.com.tw/mops/web/ajax_t163sb05
中游,伺服器滑軌與機殼,8210,勤誠,2022,3,balance_sheet,其他權益,-148524,"-148,524",sii,https://mopsov.twse.com.tw/mops/web/ajax_t163sb05
中游,伺服器滑軌與機殼,8210,勤誠,2022,3,balance_sheet,庫藏股票,,--,sii,https://mopsov.twse.com.tw/mops/web/ajax_t163sb05
中游,伺服器滑軌與機殼,8210,勤誠,2022,3,balance_sheet,歸屬於母公司業主之權益合計,4803028,"4,803,028",sii,https://mopsov.twse.com.tw/mops/web/ajax_t163sb05
中游,伺服器滑軌與機殼,8210,勤誠,2022,3,balance_sheet,共同控制下前手權益,,--,sii,https://mopsov.twse.com.tw/mops/web/ajax_t163sb05
中游,伺服器滑軌與機殼,8210,勤誠,2022,3,balance_sheet,合併前非屬共同控制股權,,--,sii,https://mopsov.twse.com.tw/mops/web/ajax_t163sb05
中游,伺服器滑軌與機殼,8210,勤誠,2022,3,balance_sheet,非控制權益,25060,"25,060",sii,https://mopsov.twse.com.tw/mops/web/ajax_t163sb05
中游,伺服器滑軌與機殼,8210,勤誠,2022,3,balance_sheet,權益總計,4828088,"4,828,088",sii,https://mopsov.twse.com.tw/mops/web/ajax_t163sb05
中游,伺服器滑軌與機殼,8210,勤誠,2022,3,balance_sheet,待註銷股本股數（單位：股）,0,0,sii,https://mopsov.twse.com.tw/mops/web/ajax_t163sb05
中游,伺服器滑軌與機殼,8210,勤誠,2022,3,balance_sheet,預收股款（權益項下）之約當發行股數（單位：股）,0,0,sii,https://mopsov.twse.com.tw/mops/web/ajax_t163sb05
中游,伺服器滑軌與機殼,8210,勤誠,2022,3,balance_sheet,母公司暨子公司所持有之母公司庫藏股股數（單位：股）,0,0,sii,https://mopsov.twse.com.tw/mops/web/ajax_t163sb05
中游,伺服器滑軌與機殼,8210,勤誠,2022,3,balance_sheet,每股參考淨值,39.82,39.82,sii,https://mopsov.twse.com.tw/mops/web/ajax_t163sb05
中游,伺服器滑軌與機殼,6584,南俊國際,2022,3,balance_sheet,流動資產,1053522,"1,053,522",otc,https://mopsov.twse.com.tw/mops/web/ajax_t163sb05
中游,伺服器滑軌與機殼,6584,南俊國際,2022,3,balance_sheet,非流動資產,2552506,"2,552,506",otc,https://mopsov.twse.com.tw/mops/web/ajax_t163sb05
中游,伺服器滑軌與機殼,6584,南俊國際,2022,3,balance_sheet,資產總計,3606028,"3,606,028",otc,https://mopsov.twse.com.tw/mops/web/ajax_t163sb05
中游,伺服器滑軌與機殼,6584,南俊國際,2022,3,balance_sheet,流動負債,792972,"792,972",otc,https://mopsov.twse.com.tw/mops/web/ajax_t163sb05
中游,伺服器滑軌與機殼,6584,南俊國際,2022,3,balance_sheet,非流動負債,1221351,"1,221,351",otc,https://mopsov.twse.com.tw/mops/web/ajax_t163sb05
中游,伺服器滑軌與機殼,6584,南俊國際,2022,3,balance_sheet,負債總計,2014323,"2,014,323",otc,https://mopsov.twse.com.tw/mops/web/ajax_t163sb05
中游,伺服器滑軌與機殼,6584,南俊國際,2022,3,balance_sheet,股本,584898,"584,898",otc,https://mopsov.twse.com.tw/mops/web/ajax_t163sb05
中游,伺服器滑軌與機殼,6584,南俊國際,2022,3,balance_sheet,權益─具證券性質之虛擬通貨,,--,otc,https://mopsov.twse.com.tw/mops/web/ajax_t163sb05
中游,伺服器滑軌與機殼,6584,南俊國際,2022,3,balance_sheet,資本公積,366203,"366,203",otc,https://mopsov.twse.com.tw/mops/web/ajax_t163sb05
中游,伺服器滑軌與機殼,6584,南俊國際,2022,3,balance_sheet,保留盈餘,649919,"649,919",otc,https://mopsov.twse.com.tw/mops/web/ajax_t163sb05
中游,伺服器滑軌與機殼,6584,南俊國際,2022,3,balance_sheet,其他權益,-9315,"-9,315",otc,https://mopsov.twse.com.tw/mops/web/ajax_t163sb05
中游,伺服器滑軌與機殼,6584,南俊國際,2022,3,balance_sheet,庫藏股票,,--,otc,https://mopsov.twse.com.tw/mops/web/ajax_t163sb05
中游,伺服器滑軌與機殼,6584,南俊國際,2022,3,balance_sheet,歸屬於母公司業主之權益合計,1591705,"1,591,705",otc,https://mopsov.twse.com.tw/mops/web/ajax_t163sb05
中游,伺服器滑軌與機殼,6584,南俊國際,2022,3,balance_sheet,共同控制下前手權益,,--,otc,https://mopsov.twse.com.tw/mops/web/ajax_t163sb05
中游,伺服器滑軌與機殼,6584,南俊國際,2022,3,balance_sheet,合併前非屬共同控制股權,,--,otc,https://mopsov.twse.com.tw/mops/web/ajax_t163sb05
中游,伺服器滑軌與機殼,6584,南俊國際,2022,3,balance_sheet,非控制權益,,--,otc,https://mopsov.twse.com.tw/mops/web/ajax_t163sb05
中游,伺服器滑軌與機殼,6584,南俊國際,2022,3,balance_sheet,權益總計,1591705,"1,591,705",otc,https://mopsov.twse.com.tw/mops/web/ajax_t163sb05
中游,伺服器滑軌與機殼,6584,南俊國際,2022,3,balance_sheet,待註銷股本股數（單位：股）,0,0,otc,https://mopsov.twse.com.tw/mops/web/ajax_t163sb05
中游,伺服器滑軌與機殼,6584,南俊國際,2022,3,balance_sheet,預收股款（權益項下）之約當發行股數（單位：股）,0,0,otc,https://mopsov.twse.com.tw/mops/web/ajax_t163sb05
中游,伺服器滑軌與機殼,6584,南俊國際,2022,3,balance_sheet,母公司暨子公司所持有之母公司庫藏股股數（單位：股）,0,0,otc,https://mopsov.twse.com.tw/mops/web/ajax_t163sb05
中游,伺服器滑軌與機殼,6584,南俊國際,2022,3,balance_sheet,每股參考淨值,27.21,27.21,otc,https://mopsov.twse.com.tw/mops/web/ajax_t163sb05
中游,伺服器滑軌與機殼,2059,川湖,2022,3,cash_flow,營業活動之淨現金流入（流出）,2275039,"2,275,039",sii,https://mopsov.twse.com.tw/mops/web/ajax_t163sb20
中游,伺服器滑軌與機殼,2059,川湖,2022,3,cash_flow,投資活動之淨現金流入（流出）,-155660,"-155,660",sii,https://mopsov.twse.com.tw/mops/web/ajax_t163sb20
中游,伺服器滑軌與機殼,2059,川湖,2022,3,cash_flow,籌資活動之淨現金流入（流出）,-788040,"-788,040",sii,https://mopsov.twse.com.tw/mops/web/ajax_t163sb20
中游,伺服器滑軌與機殼,2059,川湖,2022,3,cash_flow,匯率變動對現金及約當現金之影響,1161392,"1,161,392",sii,https://mopsov.twse.com.tw/mops/web/ajax_t163sb20
中游,伺服器滑軌與機殼,2059,川湖,2022,3,cash_flow,本期現金及約當現金增加（減少）數,2492731,"2,492,731",sii,https://mopsov.twse.com.tw/mops/web/ajax_t163sb20
中游,伺服器滑軌與機殼,2059,川湖,2022,3,cash_flow,期初現金及約當現金餘額,7926374,"7,926,374",sii,https://mopsov.twse.com.tw/mops/web/ajax_t163sb20
中游,伺服器滑軌與機殼,2059,川湖,2022,3,cash_flow,期末現金及約當現金餘額,10419105,"10,419,105",sii,https://mopsov.twse.com.tw/mops/web/ajax_t163sb20
中游,伺服器滑軌與機殼,8210,勤誠,2022,3,cash_flow,營業活動之淨現金流入（流出）,-108782,"-108,782",sii,https://mopsov.twse.com.tw/mops/web/ajax_t163sb20
中游,伺服器滑軌與機殼,8210,勤誠,2022,3,cash_flow,投資活動之淨現金流入（流出）,-948431,"-948,431",sii,https://mopsov.twse.com.tw/mops/web/ajax_t163sb20
中游,伺服器滑軌與機殼,8210,勤誠,2022,3,cash_flow,籌資活動之淨現金流入（流出）,757065,"757,065",sii,https://mopsov.twse.com.tw/mops/web/ajax_t163sb20
中游,伺服器滑軌與機殼,8210,勤誠,2022,3,cash_flow,匯率變動對現金及約當現金之影響,144822,"144,822",sii,https://mopsov.twse.com.tw/mops/web/ajax_t163sb20
中游,伺服器滑軌與機殼,8210,勤誠,2022,3,cash_flow,本期現金及約當現金增加（減少）數,-155326,"-155,326",sii,https://mopsov.twse.com.tw/mops/web/ajax_t163sb20
中游,伺服器滑軌與機殼,8210,勤誠,2022,3,cash_flow,期初現金及約當現金餘額,1437185,"1,437,185",sii,https://mopsov.twse.com.tw/mops/web/ajax_t163sb20
中游,伺服器滑軌與機殼,8210,勤誠,2022,3,cash_flow,期末現金及約當現金餘額,1281859,"1,281,859",sii,https://mopsov.twse.com.tw/mops/web/ajax_t163sb20
中游,伺服器滑軌與機殼,6584,南俊國際,2022,3,cash_flow,營業活動之淨現金流入（流出）,205870,"205,870",otc,https://mopsov.twse.com.tw/mops/web/ajax_t163sb20
中游,伺服器滑軌與機殼,6584,南俊國際,2022,3,cash_flow,投資活動之淨現金流入（流出）,-60385,"-60,385",otc,https://mopsov.twse.com.tw/mops/web/ajax_t163sb20
中游,伺服器滑軌與機殼,6584,南俊國際,2022,3,cash_flow,籌資活動之淨現金流入（流出）,-203637,"-203,637",otc,https://mopsov.twse.com.tw/mops/web/ajax_t163sb20
中游,伺服器滑軌與機殼,6584,南俊國際,2022,3,cash_flow,匯率變動對現金及約當現金之影響,2578,"2,578",otc,https://mopsov.twse.com.tw/mops/web/ajax_t163sb20
中游,伺服器滑軌與機殼,6584,南俊國際,2022,3,cash_flow,本期現金及約當現金增加（減少）數,-55574,"-55,574",otc,https://mopsov.twse.com.tw/mops/web/ajax_t163sb20
中游,伺服器滑軌與機殼,6584,南俊國際,2022,3,cash_flow,期初現金及約當現金餘額,353550,"353,550",otc,https://mopsov.twse.com.tw/mops/web/ajax_t163sb20
中游,伺服器滑軌與機殼,6584,南俊國際,2022,3,cash_flow,期末現金及約當現金餘額,297976,"297,976",otc,https://mopsov.twse.com.tw/mops/web/ajax_t163sb20
中游,伺服器滑軌與機殼,2059,川湖,2022,4,income_statement,營業收入,7798631,"7,798,631",sii,https://mopsov.twse.com.tw/mops/web/ajax_t163sb04
中游,伺服器滑軌與機殼,2059,川湖,2022,4,income_statement,營業成本,3332655,"3,332,655",sii,https://mopsov.twse.com.tw/mops/web/ajax_t163sb04
中游,伺服器滑軌與機殼,2059,川湖,2022,4,income_statement,原始認列生物資產及農產品之利益（損失）,,--,sii,https://mopsov.twse.com.tw/mops/web/ajax_t163sb04
中游,伺服器滑軌與機殼,2059,川湖,2022,4,income_statement,生物資產當期公允價值減出售成本之變動利益（損失）,,--,sii,https://mopsov.twse.com.tw/mops/web/ajax_t163sb04
中游,伺服器滑軌與機殼,2059,川湖,2022,4,income_statement,營業毛利（毛損）,4465976,"4,465,976",sii,https://mopsov.twse.com.tw/mops/web/ajax_t163sb04
中游,伺服器滑軌與機殼,2059,川湖,2022,4,income_statement,未實現銷貨（損）益,,--,sii,https://mopsov.twse.com.tw/mops/web/ajax_t163sb04
中游,伺服器滑軌與機殼,2059,川湖,2022,4,income_statement,已實現銷貨（損）益,,--,sii,https://mopsov.twse.com.tw/mops/web/ajax_t163sb04
中游,伺服器滑軌與機殼,2059,川湖,2022,4,income_statement,營業毛利（毛損）淨額,4465976,"4,465,976",sii,https://mopsov.twse.com.tw/mops/web/ajax_t163sb04
中游,伺服器滑軌與機殼,2059,川湖,2022,4,income_statement,營業費用,713304,"713,304",sii,https://mopsov.twse.com.tw/mops/web/ajax_t163sb04
中游,伺服器滑軌與機殼,2059,川湖,2022,4,income_statement,其他收益及費損淨額,,--,sii,https://mopsov.twse.com.tw/mops/web/ajax_t163sb04
中游,伺服器滑軌與機殼,2059,川湖,2022,4,income_statement,營業利益（損失）,3752672,"3,752,672",sii,https://mopsov.twse.com.tw/mops/web/ajax_t163sb04
中游,伺服器滑軌與機殼,2059,川湖,2022,4,income_statement,營業外收入及支出,1320616,"1,320,616",sii,https://mopsov.twse.com.tw/mops/web/ajax_t163sb04
中游,伺服器滑軌與機殼,2059,川湖,2022,4,income_statement,稅前淨利（淨損）,5073288,"5,073,288",sii,https://mopsov.twse.com.tw/mops/web/ajax_t163sb04
中游,伺服器滑軌與機殼,2059,川湖,2022,4,income_statement,所得稅費用（利益）,1017143,"1,017,143",sii,https://mopsov.twse.com.tw/mops/web/ajax_t163sb04
中游,伺服器滑軌與機殼,2059,川湖,2022,4,income_statement,繼續營業單位本期淨利（淨損）,4056145,"4,056,145",sii,https://mopsov.twse.com.tw/mops/web/ajax_t163sb04
中游,伺服器滑軌與機殼,2059,川湖,2022,4,income_statement,停業單位損益,,--,sii,https://mopsov.twse.com.tw/mops/web/ajax_t163sb04
中游,伺服器滑軌與機殼,2059,川湖,2022,4,income_statement,合併前非屬共同控制股權損益,,--,sii,https://mopsov.twse.com.tw/mops/web/ajax_t163sb04
中游,伺服器滑軌與機殼,2059,川湖,2022,4,income_statement,本期淨利（淨損）,4056145,"4,056,145",sii,https://mopsov.twse.com.tw/mops/web/ajax_t163sb04
中游,伺服器滑軌與機殼,2059,川湖,2022,4,income_statement,其他綜合損益（淨額）,15737,"15,737",sii,https://mopsov.twse.com.tw/mops/web/ajax_t163sb04
中游,伺服器滑軌與機殼,2059,川湖,2022,4,income_statement,合併前非屬共同控制股權綜合損益淨額,,--,sii,https://mopsov.twse.com.tw/mops/web/ajax_t163sb04
中游,伺服器滑軌與機殼,2059,川湖,2022,4,income_statement,本期綜合損益總額,4071882,"4,071,882",sii,https://mopsov.twse.com.tw/mops/web/ajax_t163sb04
中游,伺服器滑軌與機殼,2059,川湖,2022,4,income_statement,淨利（淨損）歸屬於母公司業主,4056145,"4,056,145",sii,https://mopsov.twse.com.tw/mops/web/ajax_t163sb04
中游,伺服器滑軌與機殼,2059,川湖,2022,4,income_statement,淨利（淨損）歸屬於共同控制下前手權益,,--,sii,https://mopsov.twse.com.tw/mops/web/ajax_t163sb04
中游,伺服器滑軌與機殼,2059,川湖,2022,4,income_statement,淨利（淨損）歸屬於非控制權益,,--,sii,https://mopsov.twse.com.tw/mops/web/ajax_t163sb04
中游,伺服器滑軌與機殼,2059,川湖,2022,4,income_statement,綜合損益總額歸屬於母公司業主,4071882,"4,071,882",sii,https://mopsov.twse.com.tw/mops/web/ajax_t163sb04
中游,伺服器滑軌與機殼,2059,川湖,2022,4,income_statement,綜合損益總額歸屬於共同控制下前手權益,,--,sii,https://mopsov.twse.com.tw/mops/web/ajax_t163sb04
中游,伺服器滑軌與機殼,2059,川湖,2022,4,income_statement,綜合損益總額歸屬於非控制權益,,--,sii,https://mopsov.twse.com.tw/mops/web/ajax_t163sb04
中游,伺服器滑軌與機殼,2059,川湖,2022,4,income_statement,基本每股盈餘（元）,42.56,42.56,sii,https://mopsov.twse.com.tw/mops/web/ajax_t163sb04
中游,伺服器滑軌與機殼,8210,勤誠,2022,4,income_statement,營業收入,10557701,"10,557,701",sii,https://mopsov.twse.com.tw/mops/web/ajax_t163sb04
中游,伺服器滑軌與機殼,8210,勤誠,2022,4,income_statement,營業成本,8427152,"8,427,152",sii,https://mopsov.twse.com.tw/mops/web/ajax_t163sb04
中游,伺服器滑軌與機殼,8210,勤誠,2022,4,income_statement,原始認列生物資產及農產品之利益（損失）,,--,sii,https://mopsov.twse.com.tw/mops/web/ajax_t163sb04
中游,伺服器滑軌與機殼,8210,勤誠,2022,4,income_statement,生物資產當期公允價值減出售成本之變動利益（損失）,,--,sii,https://mopsov.twse.com.tw/mops/web/ajax_t163sb04
中游,伺服器滑軌與機殼,8210,勤誠,2022,4,income_statement,營業毛利（毛損）,2130549,"2,130,549",sii,https://mopsov.twse.com.tw/mops/web/ajax_t163sb04
中游,伺服器滑軌與機殼,8210,勤誠,2022,4,income_statement,未實現銷貨（損）益,,--,sii,https://mopsov.twse.com.tw/mops/web/ajax_t163sb04
中游,伺服器滑軌與機殼,8210,勤誠,2022,4,income_statement,已實現銷貨（損）益,,--,sii,https://mopsov.twse.com.tw/mops/web/ajax_t163sb04
中游,伺服器滑軌與機殼,8210,勤誠,2022,4,income_statement,營業毛利（毛損）淨額,2130549,"2,130,549",sii,https://mopsov.twse.com.tw/mops/web/ajax_t163sb04
中游,伺服器滑軌與機殼,8210,勤誠,2022,4,income_statement,營業費用,988948,"988,948",sii,https://mopsov.twse.com.tw/mops/web/ajax_t163sb04
中游,伺服器滑軌與機殼,8210,勤誠,2022,4,income_statement,其他收益及費損淨額,,--,sii,https://mopsov.twse.com.tw/mops/web/ajax_t163sb04
中游,伺服器滑軌與機殼,8210,勤誠,2022,4,income_statement,營業利益（損失）,1141601,"1,141,601",sii,https://mopsov.twse.com.tw/mops/web/ajax_t163sb04
中游,伺服器滑軌與機殼,8210,勤誠,2022,4,income_statement,營業外收入及支出,201114,"201,114",sii,https://mopsov.twse.com.tw/mops/web/ajax_t163sb04
中游,伺服器滑軌與機殼,8210,勤誠,2022,4,income_statement,稅前淨利（淨損）,1342715,"1,342,715",sii,https://mopsov.twse.com.tw/mops/web/ajax_t163sb04
中游,伺服器滑軌與機殼,8210,勤誠,2022,4,income_statement,所得稅費用（利益）,334252,"334,252",sii,https://mopsov.twse.com.tw/mops/web/ajax_t163sb04
中游,伺服器滑軌與機殼,8210,勤誠,2022,4,income_statement,繼續營業單位本期淨利（淨損）,1008463,"1,008,463",sii,https://mopsov.twse.com.tw/mops/web/ajax_t163sb04
中游,伺服器滑軌與機殼,8210,勤誠,2022,4,income_statement,停業單位損益,,--,sii,https://mopsov.twse.com.tw/mops/web/ajax_t163sb04
中游,伺服器滑軌與機殼,8210,勤誠,2022,4,income_statement,合併前非屬共同控制股權損益,,--,sii,https://mopsov.twse.com.tw/mops/web/ajax_t163sb04
中游,伺服器滑軌與機殼,8210,勤誠,2022,4,income_statement,本期淨利（淨損）,1008463,"1,008,463",sii,https://mopsov.twse.com.tw/mops/web/ajax_t163sb04
中游,伺服器滑軌與機殼,8210,勤誠,2022,4,income_statement,其他綜合損益（淨額）,91380,"91,380",sii,https://mopsov.twse.com.tw/mops/web/ajax_t163sb04
中游,伺服器滑軌與機殼,8210,勤誠,2022,4,income_statement,合併前非屬共同控制股權綜合損益淨額,,--,sii,https://mopsov.twse.com.tw/mops/web/ajax_t163sb04
中游,伺服器滑軌與機殼,8210,勤誠,2022,4,income_statement,本期綜合損益總額,1099843,"1,099,843",sii,https://mopsov.twse.com.tw/mops/web/ajax_t163sb04
中游,伺服器滑軌與機殼,8210,勤誠,2022,4,income_statement,淨利（淨損）歸屬於母公司業主,998685,"998,685",sii,https://mopsov.twse.com.tw/mops/web/ajax_t163sb04
中游,伺服器滑軌與機殼,8210,勤誠,2022,4,income_statement,淨利（淨損）歸屬於共同控制下前手權益,,--,sii,https://mopsov.twse.com.tw/mops/web/ajax_t163sb04
中游,伺服器滑軌與機殼,8210,勤誠,2022,4,income_statement,淨利（淨損）歸屬於非控制權益,9778,"9,778",sii,https://mopsov.twse.com.tw/mops/web/ajax_t163sb04
中游,伺服器滑軌與機殼,8210,勤誠,2022,4,income_statement,綜合損益總額歸屬於母公司業主,1090065,"1,090,065",sii,https://mopsov.twse.com.tw/mops/web/ajax_t163sb04
中游,伺服器滑軌與機殼,8210,勤誠,2022,4,income_statement,綜合損益總額歸屬於共同控制下前手權益,,--,sii,https://mopsov.twse.com.tw/mops/web/ajax_t163sb04
中游,伺服器滑軌與機殼,8210,勤誠,2022,4,income_statement,綜合損益總額歸屬於非控制權益,9778,"9,778",sii,https://mopsov.twse.com.tw/mops/web/ajax_t163sb04
中游,伺服器滑軌與機殼,8210,勤誠,2022,4,income_statement,基本每股盈餘（元）,8.32,8.32,sii,https://mopsov.twse.com.tw/mops/web/ajax_t163sb04
中游,伺服器滑軌與機殼,6584,南俊國際,2022,4,income_statement,營業收入,1998723,"1,998,723",otc,https://mopsov.twse.com.tw/mops/web/ajax_t163sb04
中游,伺服器滑軌與機殼,6584,南俊國際,2022,4,income_statement,營業成本,1636480,"1,636,480",otc,https://mopsov.twse.com.tw/mops/web/ajax_t163sb04
中游,伺服器滑軌與機殼,6584,南俊國際,2022,4,income_statement,原始認列生物資產及農產品之利益（損失）,,--,otc,https://mopsov.twse.com.tw/mops/web/ajax_t163sb04
中游,伺服器滑軌與機殼,6584,南俊國際,2022,4,income_statement,生物資產當期公允價值減出售成本之變動利益（損失）,,--,otc,https://mopsov.twse.com.tw/mops/web/ajax_t163sb04
中游,伺服器滑軌與機殼,6584,南俊國際,2022,4,income_statement,營業毛利（毛損）,362243,"362,243",otc,https://mopsov.twse.com.tw/mops/web/ajax_t163sb04
中游,伺服器滑軌與機殼,6584,南俊國際,2022,4,income_statement,未實現銷貨（損）益,,--,otc,https://mopsov.twse.com.tw/mops/web/ajax_t163sb04
中游,伺服器滑軌與機殼,6584,南俊國際,2022,4,income_statement,已實現銷貨（損）益,,--,otc,https://mopsov.twse.com.tw/mops/web/ajax_t163sb04
中游,伺服器滑軌與機殼,6584,南俊國際,2022,4,income_statement,營業毛利（毛損）淨額,362243,"362,243",otc,https://mopsov.twse.com.tw/mops/web/ajax_t163sb04
中游,伺服器滑軌與機殼,6584,南俊國際,2022,4,income_statement,營業費用,277396,"277,396",otc,https://mopsov.twse.com.tw/mops/web/ajax_t163sb04
中游,伺服器滑軌與機殼,6584,南俊國際,2022,4,income_statement,其他收益及費損淨額,,--,otc,https://mopsov.twse.com.tw/mops/web/ajax_t163sb04
中游,伺服器滑軌與機殼,6584,南俊國際,2022,4,income_statement,營業利益（損失）,84847,"84,847",otc,https://mopsov.twse.com.tw/mops/web/ajax_t163sb04
中游,伺服器滑軌與機殼,6584,南俊國際,2022,4,income_statement,營業外收入及支出,87550,"87,550",otc,https://mopsov.twse.com.tw/mops/web/ajax_t163sb04
中游,伺服器滑軌與機殼,6584,南俊國際,2022,4,income_statement,稅前淨利（淨損）,172397,"172,397",otc,https://mopsov.twse.com.tw/mops/web/ajax_t163sb04
中游,伺服器滑軌與機殼,6584,南俊國際,2022,4,income_statement,所得稅費用（利益）,41740,"41,740",otc,https://mopsov.twse.com.tw/mops/web/ajax_t163sb04
中游,伺服器滑軌與機殼,6584,南俊國際,2022,4,income_statement,繼續營業單位本期淨利（淨損）,130657,"130,657",otc,https://mopsov.twse.com.tw/mops/web/ajax_t163sb04
中游,伺服器滑軌與機殼,6584,南俊國際,2022,4,income_statement,停業單位損益,,--,otc,https://mopsov.twse.com.tw/mops/web/ajax_t163sb04
中游,伺服器滑軌與機殼,6584,南俊國際,2022,4,income_statement,合併前非屬共同控制股權損益,,--,otc,https://mopsov.twse.com.tw/mops/web/ajax_t163sb04
中游,伺服器滑軌與機殼,6584,南俊國際,2022,4,income_statement,本期淨利（淨損）,130657,"130,657",otc,https://mopsov.twse.com.tw/mops/web/ajax_t163sb04
中游,伺服器滑軌與機殼,6584,南俊國際,2022,4,income_statement,其他綜合損益（淨額）,7965,"7,965",otc,https://mopsov.twse.com.tw/mops/web/ajax_t163sb04
中游,伺服器滑軌與機殼,6584,南俊國際,2022,4,income_statement,合併前非屬共同控制股權綜合損益淨額,,--,otc,https://mopsov.twse.com.tw/mops/web/ajax_t163sb04
中游,伺服器滑軌與機殼,6584,南俊國際,2022,4,income_statement,本期綜合損益總額,138622,"138,622",otc,https://mopsov.twse.com.tw/mops/web/ajax_t163sb04
中游,伺服器滑軌與機殼,6584,南俊國際,2022,4,income_statement,淨利（淨損）歸屬於母公司業主,130657,"130,657",otc,https://mopsov.twse.com.tw/mops/web/ajax_t163sb04
中游,伺服器滑軌與機殼,6584,南俊國際,2022,4,income_statement,淨利（淨損）歸屬於共同控制下前手權益,,--,otc,https://mopsov.twse.com.tw/mops/web/ajax_t163sb04
中游,伺服器滑軌與機殼,6584,南俊國際,2022,4,income_statement,淨利（淨損）歸屬於非控制權益,,--,otc,https://mopsov.twse.com.tw/mops/web/ajax_t163sb04
中游,伺服器滑軌與機殼,6584,南俊國際,2022,4,income_statement,綜合損益總額歸屬於母公司業主,138622,"138,622",otc,https://mopsov.twse.com.tw/mops/web/ajax_t163sb04
中游,伺服器滑軌與機殼,6584,南俊國際,2022,4,income_statement,綜合損益總額歸屬於共同控制下前手權益,,--,otc,https://mopsov.twse.com.tw/mops/web/ajax_t163sb04
中游,伺服器滑軌與機殼,6584,南俊國際,2022,4,income_statement,綜合損益總額歸屬於非控制權益,,--,otc,https://mopsov.twse.com.tw/mops/web/ajax_t163sb04
中游,伺服器滑軌與機殼,6584,南俊國際,2022,4,income_statement,基本每股盈餘（元）,2.26,2.26,otc,https://mopsov.twse.com.tw/mops/web/ajax_t163sb04
中游,伺服器滑軌與機殼,2059,川湖,2022,4,balance_sheet,流動資產,15519755,"15,519,755",sii,https://mopsov.twse.com.tw/mops/web/ajax_t163sb05
中游,伺服器滑軌與機殼,2059,川湖,2022,4,balance_sheet,非流動資產,3716458,"3,716,458",sii,https://mopsov.twse.com.tw/mops/web/ajax_t163sb05
中游,伺服器滑軌與機殼,2059,川湖,2022,4,balance_sheet,資產總計,19236213,"19,236,213",sii,https://mopsov.twse.com.tw/mops/web/ajax_t163sb05
中游,伺服器滑軌與機殼,2059,川湖,2022,4,balance_sheet,流動負債,1972976,"1,972,976",sii,https://mopsov.twse.com.tw/mops/web/ajax_t163sb05
中游,伺服器滑軌與機殼,2059,川湖,2022,4,balance_sheet,非流動負債,1624900,"1,624,900",sii,https://mopsov.twse.com.tw/mops/web/ajax_t163sb05
中游,伺服器滑軌與機殼,2059,川湖,2022,4,balance_sheet,負債總計,3597876,"3,597,876",sii,https://mopsov.twse.com.tw/mops/web/ajax_t163sb05
中游,伺服器滑軌與機殼,2059,川湖,2022,4,balance_sheet,股本,952971,"952,971",sii,https://mopsov.twse.com.tw/mops/web/ajax_t163sb05
中游,伺服器滑軌與機殼,2059,川湖,2022,4,balance_sheet,權益─具證券性質之虛擬通貨,,--,sii,https://mopsov.twse.com.tw/mops/web/ajax_t163sb05
中游,伺服器滑軌與機殼,2059,川湖,2022,4,balance_sheet,資本公積,796691,"796,691",sii,https://mopsov.twse.com.tw/mops/web/ajax_t163sb05
中游,伺服器滑軌與機殼,2059,川湖,2022,4,balance_sheet,保留盈餘,13892751,"13,892,751",sii,https://mopsov.twse.com.tw/mops/web/ajax_t163sb05
中游,伺服器滑軌與機殼,2059,川湖,2022,4,balance_sheet,其他權益,-4076,"-4,076",sii,https://mopsov.twse.com.tw/mops/web/ajax_t163sb05
中游,伺服器滑軌與機殼,2059,川湖,2022,4,balance_sheet,庫藏股票,0,0,sii,https://mopsov.twse.com.tw/mops/web/ajax_t163sb05
中游,伺服器滑軌與機殼,2059,川湖,2022,4,balance_sheet,歸屬於母公司業主之權益合計,15638337,"15,638,337",sii,https://mopsov.twse.com.tw/mops/web/ajax_t163sb05
中游,伺服器滑軌與機殼,2059,川湖,2022,4,balance_sheet,共同控制下前手權益,,--,sii,https://mopsov.twse.com.tw/mops/web/ajax_t163sb05
中游,伺服器滑軌與機殼,2059,川湖,2022,4,balance_sheet,合併前非屬共同控制股權,,--,sii,https://mopsov.twse.com.tw/mops/web/ajax_t163sb05
中游,伺服器滑軌與機殼,2059,川湖,2022,4,balance_sheet,非控制權益,0,0,sii,https://mopsov.twse.com.tw/mops/web/ajax_t163sb05
中游,伺服器滑軌與機殼,2059,川湖,2022,4,balance_sheet,權益總計,15638337,"15,638,337",sii,https://mopsov.twse.com.tw/mops/web/ajax_t163sb05
中游,伺服器滑軌與機殼,2059,川湖,2022,4,balance_sheet,待註銷股本股數（單位：股）,,--,sii,https://mopsov.twse.com.tw/mops/web/ajax_t163sb05
中游,伺服器滑軌與機殼,2059,川湖,2022,4,balance_sheet,預收股款（權益項下）之約當發行股數（單位：股）,0,0,sii,https://mopsov.twse.com.tw/mops/web/ajax_t163sb05
中游,伺服器滑軌與機殼,2059,川湖,2022,4,balance_sheet,母公司暨子公司所持有之母公司庫藏股股數（單位：股）,0,0,sii,https://mopsov.twse.com.tw/mops/web/ajax_t163sb05
中游,伺服器滑軌與機殼,2059,川湖,2022,4,balance_sheet,每股參考淨值,164.1,164.10,sii,https://mopsov.twse.com.tw/mops/web/ajax_t163sb05
中游,伺服器滑軌與機殼,8210,勤誠,2022,4,balance_sheet,流動資產,6955367,"6,955,367",sii,https://mopsov.twse.com.tw/mops/web/ajax_t163sb05
中游,伺服器滑軌與機殼,8210,勤誠,2022,4,balance_sheet,非流動資產,5370123,"5,370,123",sii,https://mopsov.twse.com.tw/mops/web/ajax_t163sb05
中游,伺服器滑軌與機殼,8210,勤誠,2022,4,balance_sheet,資產總計,12325490,"12,325,490",sii,https://mopsov.twse.com.tw/mops/web/ajax_t163sb05
中游,伺服器滑軌與機殼,8210,勤誠,2022,4,balance_sheet,流動負債,4702137,"4,702,137",sii,https://mopsov.twse.com.tw/mops/web/ajax_t163sb05
中游,伺服器滑軌與機殼,8210,勤誠,2022,4,balance_sheet,非流動負債,2686618,"2,686,618",sii,https://mopsov.twse.com.tw/mops/web/ajax_t163sb05
中游,伺服器滑軌與機殼,8210,勤誠,2022,4,balance_sheet,負債總計,7388755,"7,388,755",sii,https://mopsov.twse.com.tw/mops/web/ajax_t163sb05
中游,伺服器滑軌與機殼,8210,勤誠,2022,4,balance_sheet,股本,1206320,"1,206,320",sii,https://mopsov.twse.com.tw/mops/web/ajax_t163sb05
中游,伺服器滑軌與機殼,8210,勤誠,2022,4,balance_sheet,權益─具證券性質之虛擬通貨,,--,sii,https://mopsov.twse.com.tw/mops/web/ajax_t163sb05
中游,伺服器滑軌與機殼,8210,勤誠,2022,4,balance_sheet,資本公積,148709,"148,709",sii,https://mopsov.twse.com.tw/mops/web/ajax_t163sb05
中游,伺服器滑軌與機殼,8210,勤誠,2022,4,balance_sheet,保留盈餘,3755305,"3,755,305",sii,https://mopsov.twse.com.tw/mops/web/ajax_t163sb05
中游,伺服器滑軌與機殼,8210,勤誠,2022,4,balance_sheet,其他權益,-203192,"-203,192",sii,https://mopsov.twse.com.tw/mops/web/ajax_t163sb05
中游,伺服器滑軌與機殼,8210,勤誠,2022,4,balance_sheet,庫藏股票,,--,sii,https://mopsov.twse.com.tw/mops/web/ajax_t163sb05
中游,伺服器滑軌與機殼,8210,勤誠,2022,4,balance_sheet,歸屬於母公司業主之權益合計,4907142,"4,907,142",sii,https://mopsov.twse.com.tw/mops/web/ajax_t163sb05
中游,伺服器滑軌與機殼,8210,勤誠,2022,4,balance_sheet,共同控制下前手權益,,--,sii,https://mopsov.twse.com.tw/mops/web/ajax_t163sb05
中游,伺服器滑軌與機殼,8210,勤誠,2022,4,balance_sheet,合併前非屬共同控制股權,,--,sii,https://mopsov.twse.com.tw/mops/web/ajax_t163sb05
中游,伺服器滑軌與機殼,8210,勤誠,2022,4,balance_sheet,非控制權益,29593,"29,593",sii,https://mopsov.twse.com.tw/mops/web/ajax_t163sb05
中游,伺服器滑軌與機殼,8210,勤誠,2022,4,balance_sheet,權益總計,4936735,"4,936,735",sii,https://mopsov.twse.com.tw/mops/web/ajax_t163sb05
中游,伺服器滑軌與機殼,8210,勤誠,2022,4,balance_sheet,待註銷股本股數（單位：股）,0,0,sii,https://mopsov.twse.com.tw/mops/web/ajax_t163sb05
中游,伺服器滑軌與機殼,8210,勤誠,2022,4,balance_sheet,預收股款（權益項下）之約當發行股數（單位：股）,0,0,sii,https://mopsov.twse.com.tw/mops/web/ajax_t163sb05
中游,伺服器滑軌與機殼,8210,勤誠,2022,4,balance_sheet,母公司暨子公司所持有之母公司庫藏股股數（單位：股）,0,0,sii,https://mopsov.twse.com.tw/mops/web/ajax_t163sb05
中游,伺服器滑軌與機殼,8210,勤誠,2022,4,balance_sheet,每股參考淨值,40.68,40.68,sii,https://mopsov.twse.com.tw/mops/web/ajax_t163sb05
中游,伺服器滑軌與機殼,6584,南俊國際,2022,4,balance_sheet,流動資產,965056,"965,056",otc,https://mopsov.twse.com.tw/mops/web/ajax_t163sb05
中游,伺服器滑軌與機殼,6584,南俊國際,2022,4,balance_sheet,非流動資產,2548297,"2,548,297",otc,https://mopsov.twse.com.tw/mops/web/ajax_t163sb05
中游,伺服器滑軌與機殼,6584,南俊國際,2022,4,balance_sheet,資產總計,3513353,"3,513,353",otc,https://mopsov.twse.com.tw/mops/web/ajax_t163sb05
中游,伺服器滑軌與機殼,6584,南俊國際,2022,4,balance_sheet,流動負債,772797,"772,797",otc,https://mopsov.twse.com.tw/mops/web/ajax_t163sb05
中游,伺服器滑軌與機殼,6584,南俊國際,2022,4,balance_sheet,非流動負債,1169281,"1,169,281",otc,https://mopsov.twse.com.tw/mops/web/ajax_t163sb05
中游,伺服器滑軌與機殼,6584,南俊國際,2022,4,balance_sheet,負債總計,1942078,"1,942,078",otc,https://mopsov.twse.com.tw/mops/web/ajax_t163sb05
中游,伺服器滑軌與機殼,6584,南俊國際,2022,4,balance_sheet,股本,584898,"584,898",otc,https://mopsov.twse.com.tw/mops/web/ajax_t163sb05
中游,伺服器滑軌與機殼,6584,南俊國際,2022,4,balance_sheet,權益─具證券性質之虛擬通貨,,--,otc,https://mopsov.twse.com.tw/mops/web/ajax_t163sb05
中游,伺服器滑軌與機殼,6584,南俊國際,2022,4,balance_sheet,資本公積,366203,"366,203",otc,https://mopsov.twse.com.tw/mops/web/ajax_t163sb05
中游,伺服器滑軌與機殼,6584,南俊國際,2022,4,balance_sheet,保留盈餘,628935,"628,935",otc,https://mopsov.twse.com.tw/mops/web/ajax_t163sb05
中游,伺服器滑軌與機殼,6584,南俊國際,2022,4,balance_sheet,其他權益,-8761,"-8,761",otc,https://mopsov.twse.com.tw/mops/web/ajax_t163sb05
中游,伺服器滑軌與機殼,6584,南俊國際,2022,4,balance_sheet,庫藏股票,,--,otc,https://mopsov.twse.com.tw/mops/web/ajax_t163sb05
中游,伺服器滑軌與機殼,6584,南俊國際,2022,4,balance_sheet,歸屬於母公司業主之權益合計,1571275,"1,571,275",otc,https://mopsov.twse.com.tw/mops/web/ajax_t163sb05
中游,伺服器滑軌與機殼,6584,南俊國際,2022,4,balance_sheet,共同控制下前手權益,,--,otc,https://mopsov.twse.com.tw/mops/web/ajax_t163sb05
中游,伺服器滑軌與機殼,6584,南俊國際,2022,4,balance_sheet,合併前非屬共同控制股權,,--,otc,https://mopsov.twse.com.tw/mops/web/ajax_t163sb05
中游,伺服器滑軌與機殼,6584,南俊國際,2022,4,balance_sheet,非控制權益,,--,otc,https://mopsov.twse.com.tw/mops/web/ajax_t163sb05
中游,伺服器滑軌與機殼,6584,南俊國際,2022,4,balance_sheet,權益總計,1571275,"1,571,275",otc,https://mopsov.twse.com.tw/mops/web/ajax_t163sb05
中游,伺服器滑軌與機殼,6584,南俊國際,2022,4,balance_sheet,待註銷股本股數（單位：股）,0,0,otc,https://mopsov.twse.com.tw/mops/web/ajax_t163sb05
中游,伺服器滑軌與機殼,6584,南俊國際,2022,4,balance_sheet,預收股款（權益項下）之約當發行股數（單位：股）,0,0,otc,https://mopsov.twse.com.tw/mops/web/ajax_t163sb05
中游,伺服器滑軌與機殼,6584,南俊國際,2022,4,balance_sheet,母公司暨子公司所持有之母公司庫藏股股數（單位：股）,0,0,otc,https://mopsov.twse.com.tw/mops/web/ajax_t163sb05
中游,伺服器滑軌與機殼,6584,南俊國際,2022,4,balance_sheet,每股參考淨值,26.86,26.86,otc,https://mopsov.twse.com.tw/mops/web/ajax_t163sb05
中游,伺服器滑軌與機殼,2059,川湖,2022,4,cash_flow,營業活動之淨現金流入（流出）,3938303,"3,938,303",sii,https://mopsov.twse.com.tw/mops/web/ajax_t163sb20
中游,伺服器滑軌與機殼,2059,川湖,2022,4,cash_flow,投資活動之淨現金流入（流出）,-436345,"-436,345",sii,https://mopsov.twse.com.tw/mops/web/ajax_t163sb20
中游,伺服器滑軌與機殼,2059,川湖,2022,4,cash_flow,籌資活動之淨現金流入（流出）,-623993,"-623,993",sii,https://mopsov.twse.com.tw/mops/web/ajax_t163sb20
中游,伺服器滑軌與機殼,2059,川湖,2022,4,cash_flow,匯率變動對現金及約當現金之影響,788134,"788,134",sii,https://mopsov.twse.com.tw/mops/web/ajax_t163sb20
中游,伺服器滑軌與機殼,2059,川湖,2022,4,cash_flow,本期現金及約當現金增加（減少）數,3666099,"3,666,099",sii,https://mopsov.twse.com.tw/mops/web/ajax_t163sb20
中游,伺服器滑軌與機殼,2059,川湖,2022,4,cash_flow,期初現金及約當現金餘額,7926374,"7,926,374",sii,https://mopsov.twse.com.tw/mops/web/ajax_t163sb20
中游,伺服器滑軌與機殼,2059,川湖,2022,4,cash_flow,期末現金及約當現金餘額,11592473,"11,592,473",sii,https://mopsov.twse.com.tw/mops/web/ajax_t163sb20
中游,伺服器滑軌與機殼,8210,勤誠,2022,4,cash_flow,營業活動之淨現金流入（流出）,495139,"495,139",sii,https://mopsov.twse.com.tw/mops/web/ajax_t163sb20
中游,伺服器滑軌與機殼,8210,勤誠,2022,4,cash_flow,投資活動之淨現金流入（流出）,-911643,"-911,643",sii,https://mopsov.twse.com.tw/mops/web/ajax_t163sb20
中游,伺服器滑軌與機殼,8210,勤誠,2022,4,cash_flow,籌資活動之淨現金流入（流出）,739583,"739,583",sii,https://mopsov.twse.com.tw/mops/web/ajax_t163sb20
中游,伺服器滑軌與機殼,8210,勤誠,2022,4,cash_flow,匯率變動對現金及約當現金之影響,92454,"92,454",sii,https://mopsov.twse.com.tw/mops/web/ajax_t163sb20
中游,伺服器滑軌與機殼,8210,勤誠,2022,4,cash_flow,本期現金及約當現金增加（減少）數,415533,"415,533",sii,https://mopsov.twse.com.tw/mops/web/ajax_t163sb20
中游,伺服器滑軌與機殼,8210,勤誠,2022,4,cash_flow,期初現金及約當現金餘額,1437185,"1,437,185",sii,https://mopsov.twse.com.tw/mops/web/ajax_t163sb20
中游,伺服器滑軌與機殼,8210,勤誠,2022,4,cash_flow,期末現金及約當現金餘額,1852718,"1,852,718",sii,https://mopsov.twse.com.tw/mops/web/ajax_t163sb20
中游,伺服器滑軌與機殼,6584,南俊國際,2022,4,cash_flow,營業活動之淨現金流入（流出）,370080,"370,080",otc,https://mopsov.twse.com.tw/mops/web/ajax_t163sb20
中游,伺服器滑軌與機殼,6584,南俊國際,2022,4,cash_flow,投資活動之淨現金流入（流出）,-73864,"-73,864",otc,https://mopsov.twse.com.tw/mops/web/ajax_t163sb20
中游,伺服器滑軌與機殼,6584,南俊國際,2022,4,cash_flow,籌資活動之淨現金流入（流出）,-288616,"-288,616",otc,https://mopsov.twse.com.tw/mops/web/ajax_t163sb20
中游,伺服器滑軌與機殼,6584,南俊國際,2022,4,cash_flow,匯率變動對現金及約當現金之影響,1254,"1,254",otc,https://mopsov.twse.com.tw/mops/web/ajax_t163sb20
中游,伺服器滑軌與機殼,6584,南俊國際,2022,4,cash_flow,本期現金及約當現金增加（減少）數,8854,"8,854",otc,https://mopsov.twse.com.tw/mops/web/ajax_t163sb20
中游,伺服器滑軌與機殼,6584,南俊國際,2022,4,cash_flow,期初現金及約當現金餘額,353550,"353,550",otc,https://mopsov.twse.com.tw/mops/web/ajax_t163sb20
中游,伺服器滑軌與機殼,6584,南俊國際,2022,4,cash_flow,期末現金及約當現金餘額,362404,"362,404",otc,https://mopsov.twse.com.tw/mops/web/ajax_t163sb20
中游,伺服器滑軌與機殼,2059,川湖,2023,1,income_statement,營業收入,1161307,"1,161,307",sii,https://mopsov.twse.com.tw/mops/web/ajax_t163sb04
中游,伺服器滑軌與機殼,2059,川湖,2023,1,income_statement,營業成本,484393,"484,393",sii,https://mopsov.twse.com.tw/mops/web/ajax_t163sb04
中游,伺服器滑軌與機殼,2059,川湖,2023,1,income_statement,原始認列生物資產及農產品之利益（損失）,,--,sii,https://mopsov.twse.com.tw/mops/web/ajax_t163sb04
中游,伺服器滑軌與機殼,2059,川湖,2023,1,income_statement,生物資產當期公允價值減出售成本之變動利益（損失）,,--,sii,https://mopsov.twse.com.tw/mops/web/ajax_t163sb04
中游,伺服器滑軌與機殼,2059,川湖,2023,1,income_statement,營業毛利（毛損）,676914,"676,914",sii,https://mopsov.twse.com.tw/mops/web/ajax_t163sb04
中游,伺服器滑軌與機殼,2059,川湖,2023,1,income_statement,未實現銷貨（損）益,,--,sii,https://mopsov.twse.com.tw/mops/web/ajax_t163sb04
中游,伺服器滑軌與機殼,2059,川湖,2023,1,income_statement,已實現銷貨（損）益,,--,sii,https://mopsov.twse.com.tw/mops/web/ajax_t163sb04
中游,伺服器滑軌與機殼,2059,川湖,2023,1,income_statement,營業毛利（毛損）淨額,676914,"676,914",sii,https://mopsov.twse.com.tw/mops/web/ajax_t163sb04
中游,伺服器滑軌與機殼,2059,川湖,2023,1,income_statement,營業費用,136822,"136,822",sii,https://mopsov.twse.com.tw/mops/web/ajax_t163sb04
中游,伺服器滑軌與機殼,2059,川湖,2023,1,income_statement,其他收益及費損淨額,,--,sii,https://mopsov.twse.com.tw/mops/web/ajax_t163sb04
中游,伺服器滑軌與機殼,2059,川湖,2023,1,income_statement,營業利益（損失）,540092,"540,092",sii,https://mopsov.twse.com.tw/mops/web/ajax_t163sb04
中游,伺服器滑軌與機殼,2059,川湖,2023,1,income_statement,營業外收入及支出,30816,"30,816",sii,https://mopsov.twse.com.tw/mops/web/ajax_t163sb04
中游,伺服器滑軌與機殼,2059,川湖,2023,1,income_statement,稅前淨利（淨損）,570908,"570,908",sii,https://mopsov.twse.com.tw/mops/web/ajax_t163sb04
中游,伺服器滑軌與機殼,2059,川湖,2023,1,income_statement,所得稅費用（利益）,113193,"113,193",sii,https://mopsov.twse.com.tw/mops/web/ajax_t163sb04
中游,伺服器滑軌與機殼,2059,川湖,2023,1,income_statement,繼續營業單位本期淨利（淨損）,457715,"457,715",sii,https://mopsov.twse.com.tw/mops/web/ajax_t163sb04
中游,伺服器滑軌與機殼,2059,川湖,2023,1,income_statement,停業單位損益,,--,sii,https://mopsov.twse.com.tw/mops/web/ajax_t163sb04
中游,伺服器滑軌與機殼,2059,川湖,2023,1,income_statement,合併前非屬共同控制股權損益,,--,sii,https://mopsov.twse.com.tw/mops/web/ajax_t163sb04
中游,伺服器滑軌與機殼,2059,川湖,2023,1,income_statement,本期淨利（淨損）,457715,"457,715",sii,https://mopsov.twse.com.tw/mops/web/ajax_t163sb04
中游,伺服器滑軌與機殼,2059,川湖,2023,1,income_statement,其他綜合損益（淨額）,412,412,sii,https://mopsov.twse.com.tw/mops/web/ajax_t163sb04
中游,伺服器滑軌與機殼,2059,川湖,2023,1,income_statement,合併前非屬共同控制股權綜合損益淨額,,--,sii,https://mopsov.twse.com.tw/mops/web/ajax_t163sb04
中游,伺服器滑軌與機殼,2059,川湖,2023,1,income_statement,本期綜合損益總額,458127,"458,127",sii,https://mopsov.twse.com.tw/mops/web/ajax_t163sb04
中游,伺服器滑軌與機殼,2059,川湖,2023,1,income_statement,淨利（淨損）歸屬於母公司業主,457715,"457,715",sii,https://mopsov.twse.com.tw/mops/web/ajax_t163sb04
中游,伺服器滑軌與機殼,2059,川湖,2023,1,income_statement,淨利（淨損）歸屬於共同控制下前手權益,,--,sii,https://mopsov.twse.com.tw/mops/web/ajax_t163sb04
中游,伺服器滑軌與機殼,2059,川湖,2023,1,income_statement,淨利（淨損）歸屬於非控制權益,,--,sii,https://mopsov.twse.com.tw/mops/web/ajax_t163sb04
中游,伺服器滑軌與機殼,2059,川湖,2023,1,income_statement,綜合損益總額歸屬於母公司業主,458127,"458,127",sii,https://mopsov.twse.com.tw/mops/web/ajax_t163sb04
中游,伺服器滑軌與機殼,2059,川湖,2023,1,income_statement,綜合損益總額歸屬於共同控制下前手權益,,--,sii,https://mopsov.twse.com.tw/mops/web/ajax_t163sb04
中游,伺服器滑軌與機殼,2059,川湖,2023,1,income_statement,綜合損益總額歸屬於非控制權益,,--,sii,https://mopsov.twse.com.tw/mops/web/ajax_t163sb04
中游,伺服器滑軌與機殼,2059,川湖,2023,1,income_statement,基本每股盈餘（元）,4.8,4.80,sii,https://mopsov.twse.com.tw/mops/web/ajax_t163sb04
中游,伺服器滑軌與機殼,8210,勤誠,2023,1,income_statement,營業收入,1646631,"1,646,631",sii,https://mopsov.twse.com.tw/mops/web/ajax_t163sb04
中游,伺服器滑軌與機殼,8210,勤誠,2023,1,income_statement,營業成本,1375454,"1,375,454",sii,https://mopsov.twse.com.tw/mops/web/ajax_t163sb04
中游,伺服器滑軌與機殼,8210,勤誠,2023,1,income_statement,原始認列生物資產及農產品之利益（損失）,,--,sii,https://mopsov.twse.com.tw/mops/web/ajax_t163sb04
中游,伺服器滑軌與機殼,8210,勤誠,2023,1,income_statement,生物資產當期公允價值減出售成本之變動利益（損失）,,--,sii,https://mopsov.twse.com.tw/mops/web/ajax_t163sb04
中游,伺服器滑軌與機殼,8210,勤誠,2023,1,income_statement,營業毛利（毛損）,271177,"271,177",sii,https://mopsov.twse.com.tw/mops/web/ajax_t163sb04
中游,伺服器滑軌與機殼,8210,勤誠,2023,1,income_statement,未實現銷貨（損）益,,--,sii,https://mopsov.twse.com.tw/mops/web/ajax_t163sb04
中游,伺服器滑軌與機殼,8210,勤誠,2023,1,income_statement,已實現銷貨（損）益,,--,sii,https://mopsov.twse.com.tw/mops/web/ajax_t163sb04
中游,伺服器滑軌與機殼,8210,勤誠,2023,1,income_statement,營業毛利（毛損）淨額,271177,"271,177",sii,https://mopsov.twse.com.tw/mops/web/ajax_t163sb04
中游,伺服器滑軌與機殼,8210,勤誠,2023,1,income_statement,營業費用,211866,"211,866",sii,https://mopsov.twse.com.tw/mops/web/ajax_t163sb04
中游,伺服器滑軌與機殼,8210,勤誠,2023,1,income_statement,其他收益及費損淨額,-14869,"-14,869",sii,https://mopsov.twse.com.tw/mops/web/ajax_t163sb04
中游,伺服器滑軌與機殼,8210,勤誠,2023,1,income_statement,營業利益（損失）,44442,"44,442",sii,https://mopsov.twse.com.tw/mops/web/ajax_t163sb04
中游,伺服器滑軌與機殼,8210,勤誠,2023,1,income_statement,營業外收入及支出,-15862,"-15,862",sii,https://mopsov.twse.com.tw/mops/web/ajax_t163sb04
中游,伺服器滑軌與機殼,8210,勤誠,2023,1,income_statement,稅前淨利（淨損）,28580,"28,580",sii,https://mopsov.twse.com.tw/mops/web/ajax_t163sb04
中游,伺服器滑軌與機殼,8210,勤誠,2023,1,income_statement,所得稅費用（利益）,-2104,"-2,104",sii,https://mopsov.twse.com.tw/mops/web/ajax_t163sb04
中游,伺服器滑軌與機殼,8210,勤誠,2023,1,income_statement,繼續營業單位本期淨利（淨損）,30684,"30,684",sii,https://mopsov.twse.com.tw/mops/web/ajax_t163sb04
中游,伺服器滑軌與機殼,8210,勤誠,2023,1,income_statement,停業單位損益,,--,sii,https://mopsov.twse.com.tw/mops/web/ajax_t163sb04
中游,伺服器滑軌與機殼,8210,勤誠,2023,1,income_statement,合併前非屬共同控制股權損益,,--,sii,https://mopsov.twse.com.tw/mops/web/ajax_t163sb04
中游,伺服器滑軌與機殼,8210,勤誠,2023,1,income_statement,本期淨利（淨損）,30684,"30,684",sii,https://mopsov.twse.com.tw/mops/web/ajax_t163sb04
中游,伺服器滑軌與機殼,8210,勤誠,2023,1,income_statement,其他綜合損益（淨額）,16187,"16,187",sii,https://mopsov.twse.com.tw/mops/web/ajax_t163sb04
中游,伺服器滑軌與機殼,8210,勤誠,2023,1,income_statement,合併前非屬共同控制股權綜合損益淨額,,--,sii,https://mopsov.twse.com.tw/mops/web/ajax_t163sb04
中游,伺服器滑軌與機殼,8210,勤誠,2023,1,income_statement,本期綜合損益總額,46871,"46,871",sii,https://mopsov.twse.com.tw/mops/web/ajax_t163sb04
中游,伺服器滑軌與機殼,8210,勤誠,2023,1,income_statement,淨利（淨損）歸屬於母公司業主,27716,"27,716",sii,https://mopsov.twse.com.tw/mops/web/ajax_t163sb04
中游,伺服器滑軌與機殼,8210,勤誠,2023,1,income_statement,淨利（淨損）歸屬於共同控制下前手權益,,--,sii,https://mopsov.twse.com.tw/mops/web/ajax_t163sb04
中游,伺服器滑軌與機殼,8210,勤誠,2023,1,income_statement,淨利（淨損）歸屬於非控制權益,2968,"2,968",sii,https://mopsov.twse.com.tw/mops/web/ajax_t163sb04
中游,伺服器滑軌與機殼,8210,勤誠,2023,1,income_statement,綜合損益總額歸屬於母公司業主,43903,"43,903",sii,https://mopsov.twse.com.tw/mops/web/ajax_t163sb04
中游,伺服器滑軌與機殼,8210,勤誠,2023,1,income_statement,綜合損益總額歸屬於共同控制下前手權益,,--,sii,https://mopsov.twse.com.tw/mops/web/ajax_t163sb04
中游,伺服器滑軌與機殼,8210,勤誠,2023,1,income_statement,綜合損益總額歸屬於非控制權益,2968,"2,968",sii,https://mopsov.twse.com.tw/mops/web/ajax_t163sb04
中游,伺服器滑軌與機殼,8210,勤誠,2023,1,income_statement,基本每股盈餘（元）,0.23,0.23,sii,https://mopsov.twse.com.tw/mops/web/ajax_t163sb04
中游,伺服器滑軌與機殼,6584,南俊國際,2023,1,income_statement,營業收入,286594,"286,594",otc,https://mopsov.twse.com.tw/mops/web/ajax_t163sb04
中游,伺服器滑軌與機殼,6584,南俊國際,2023,1,income_statement,營業成本,245744,"245,744",otc,https://mopsov.twse.com.tw/mops/web/ajax_t163sb04
中游,伺服器滑軌與機殼,6584,南俊國際,2023,1,income_statement,原始認列生物資產及農產品之利益（損失）,,--,otc,https://mopsov.twse.com.tw/mops/web/ajax_t163sb04
中游,伺服器滑軌與機殼,6584,南俊國際,2023,1,income_statement,生物資產當期公允價值減出售成本之變動利益（損失）,,--,otc,https://mopsov.twse.com.tw/mops/web/ajax_t163sb04
中游,伺服器滑軌與機殼,6584,南俊國際,2023,1,income_statement,營業毛利（毛損）,40850,"40,850",otc,https://mopsov.twse.com.tw/mops/web/ajax_t163sb04
中游,伺服器滑軌與機殼,6584,南俊國際,2023,1,income_statement,未實現銷貨（損）益,,--,otc,https://mopsov.twse.com.tw/mops/web/ajax_t163sb04
中游,伺服器滑軌與機殼,6584,南俊國際,2023,1,income_statement,已實現銷貨（損）益,,--,otc,https://mopsov.twse.com.tw/mops/web/ajax_t163sb04
中游,伺服器滑軌與機殼,6584,南俊國際,2023,1,income_statement,營業毛利（毛損）淨額,40850,"40,850",otc,https://mopsov.twse.com.tw/mops/web/ajax_t163sb04
中游,伺服器滑軌與機殼,6584,南俊國際,2023,1,income_statement,營業費用,43599,"43,599",otc,https://mopsov.twse.com.tw/mops/web/ajax_t163sb04
中游,伺服器滑軌與機殼,6584,南俊國際,2023,1,income_statement,其他收益及費損淨額,,--,otc,https://mopsov.twse.com.tw/mops/web/ajax_t163sb04
中游,伺服器滑軌與機殼,6584,南俊國際,2023,1,income_statement,營業利益（損失）,-2749,"-2,749",otc,https://mopsov.twse.com.tw/mops/web/ajax_t163sb04
中游,伺服器滑軌與機殼,6584,南俊國際,2023,1,income_statement,營業外收入及支出,-1559,"-1,559",otc,https://mopsov.twse.com.tw/mops/web/ajax_t163sb04
中游,伺服器滑軌與機殼,6584,南俊國際,2023,1,income_statement,稅前淨利（淨損）,-4308,"-4,308",otc,https://mopsov.twse.com.tw/mops/web/ajax_t163sb04
中游,伺服器滑軌與機殼,6584,南俊國際,2023,1,income_statement,所得稅費用（利益）,-862,-862,otc,https://mopsov.twse.com.tw/mops/web/ajax_t163sb04
中游,伺服器滑軌與機殼,6584,南俊國際,2023,1,income_statement,繼續營業單位本期淨利（淨損）,-3446,"-3,446",otc,https://mopsov.twse.com.tw/mops/web/ajax_t163sb04
中游,伺服器滑軌與機殼,6584,南俊國際,2023,1,income_statement,停業單位損益,,--,otc,https://mopsov.twse.com.tw/mops/web/ajax_t163sb04
中游,伺服器滑軌與機殼,6584,南俊國際,2023,1,income_statement,合併前非屬共同控制股權損益,,--,otc,https://mopsov.twse.com.tw/mops/web/ajax_t163sb04
中游,伺服器滑軌與機殼,6584,南俊國際,2023,1,income_statement,本期淨利（淨損）,-3446,"-3,446",otc,https://mopsov.twse.com.tw/mops/web/ajax_t163sb04
中游,伺服器滑軌與機殼,6584,南俊國際,2023,1,income_statement,其他綜合損益（淨額）,-19,-19,otc,https://mopsov.twse.com.tw/mops/web/ajax_t163sb04
中游,伺服器滑軌與機殼,6584,南俊國際,2023,1,income_statement,合併前非屬共同控制股權綜合損益淨額,,--,otc,https://mopsov.twse.com.tw/mops/web/ajax_t163sb04
中游,伺服器滑軌與機殼,6584,南俊國際,2023,1,income_statement,本期綜合損益總額,-3465,"-3,465",otc,https://mopsov.twse.com.tw/mops/web/ajax_t163sb04
中游,伺服器滑軌與機殼,6584,南俊國際,2023,1,income_statement,淨利（淨損）歸屬於母公司業主,-3446,"-3,446",otc,https://mopsov.twse.com.tw/mops/web/ajax_t163sb04
中游,伺服器滑軌與機殼,6584,南俊國際,2023,1,income_statement,淨利（淨損）歸屬於共同控制下前手權益,,--,otc,https://mopsov.twse.com.tw/mops/web/ajax_t163sb04
中游,伺服器滑軌與機殼,6584,南俊國際,2023,1,income_statement,淨利（淨損）歸屬於非控制權益,,--,otc,https://mopsov.twse.com.tw/mops/web/ajax_t163sb04
中游,伺服器滑軌與機殼,6584,南俊國際,2023,1,income_statement,綜合損益總額歸屬於母公司業主,-3465,"-3,465",otc,https://mopsov.twse.com.tw/mops/web/ajax_t163sb04
中游,伺服器滑軌與機殼,6584,南俊國際,2023,1,income_statement,綜合損益總額歸屬於共同控制下前手權益,,--,otc,https://mopsov.twse.com.tw/mops/web/ajax_t163sb04
中游,伺服器滑軌與機殼,6584,南俊國際,2023,1,income_statement,綜合損益總額歸屬於非控制權益,,--,otc,https://mopsov.twse.com.tw/mops/web/ajax_t163sb04
中游,伺服器滑軌與機殼,6584,南俊國際,2023,1,income_statement,基本每股盈餘（元）,-0.06,-0.06,otc,https://mopsov.twse.com.tw/mops/web/ajax_t163sb04
中游,伺服器滑軌與機殼,2059,川湖,2023,1,balance_sheet,流動資產,15771485,"15,771,485",sii,https://mopsov.twse.com.tw/mops/web/ajax_t163sb05
中游,伺服器滑軌與機殼,2059,川湖,2023,1,balance_sheet,非流動資產,3746348,"3,746,348",sii,https://mopsov.twse.com.tw/mops/web/ajax_t163sb05
中游,伺服器滑軌與機殼,2059,川湖,2023,1,balance_sheet,資產總計,19517833,"19,517,833",sii,https://mopsov.twse.com.tw/mops/web/ajax_t163sb05
中游,伺服器滑軌與機殼,2059,川湖,2023,1,balance_sheet,流動負債,1841286,"1,841,286",sii,https://mopsov.twse.com.tw/mops/web/ajax_t163sb05
中游,伺服器滑軌與機殼,2059,川湖,2023,1,balance_sheet,非流動負債,1580083,"1,580,083",sii,https://mopsov.twse.com.tw/mops/web/ajax_t163sb05
中游,伺服器滑軌與機殼,2059,川湖,2023,1,balance_sheet,負債總計,3421369,"3,421,369",sii,https://mopsov.twse.com.tw/mops/web/ajax_t163sb05
中游,伺服器滑軌與機殼,2059,川湖,2023,1,balance_sheet,股本,952971,"952,971",sii,https://mopsov.twse.com.tw/mops/web/ajax_t163sb05
中游,伺服器滑軌與機殼,2059,川湖,2023,1,balance_sheet,權益─具證券性質之虛擬通貨,,--,sii,https://mopsov.twse.com.tw/mops/web/ajax_t163sb05
中游,伺服器滑軌與機殼,2059,川湖,2023,1,balance_sheet,資本公積,796691,"796,691",sii,https://mopsov.twse.com.tw/mops/web/ajax_t163sb05
中游,伺服器滑軌與機殼,2059,川湖,2023,1,balance_sheet,保留盈餘,14350466,"14,350,466",sii,https://mopsov.twse.com.tw/mops/web/ajax_t163sb05
中游,伺服器滑軌與機殼,2059,川湖,2023,1,balance_sheet,其他權益,-3664,"-3,664",sii,https://mopsov.twse.com.tw/mops/web/ajax_t163sb05
中游,伺服器滑軌與機殼,2059,川湖,2023,1,balance_sheet,庫藏股票,0,0,sii,https://mopsov.twse.com.tw/mops/web/ajax_t163sb05
中游,伺服器滑軌與機殼,2059,川湖,2023,1,balance_sheet,歸屬於母公司業主之權益合計,16096464,"16,096,464",sii,https://mopsov.twse.com.tw/mops/web/ajax_t163sb05
中游,伺服器滑軌與機殼,2059,川湖,2023,1,balance_sheet,共同控制下前手權益,,--,sii,https://mopsov.twse.com.tw/mops/web/ajax_t163sb05
中游,伺服器滑軌與機殼,2059,川湖,2023,1,balance_sheet,合併前非屬共同控制股權,,--,sii,https://mopsov.twse.com.tw/mops/web/ajax_t163sb05
中游,伺服器滑軌與機殼,2059,川湖,2023,1,balance_sheet,非控制權益,0,0,sii,https://mopsov.twse.com.tw/mops/web/ajax_t163sb05
中游,伺服器滑軌與機殼,2059,川湖,2023,1,balance_sheet,權益總計,16096464,"16,096,464",sii,https://mopsov.twse.com.tw/mops/web/ajax_t163sb05
中游,伺服器滑軌與機殼,2059,川湖,2023,1,balance_sheet,待註銷股本股數（單位：股）,0,0,sii,https://mopsov.twse.com.tw/mops/web/ajax_t163sb05
中游,伺服器滑軌與機殼,2059,川湖,2023,1,balance_sheet,預收股款（權益項下）之約當發行股數（單位：股）,0,0,sii,https://mopsov.twse.com.tw/mops/web/ajax_t163sb05
中游,伺服器滑軌與機殼,2059,川湖,2023,1,balance_sheet,母公司暨子公司所持有之母公司庫藏股股數（單位：股）,0,0,sii,https://mopsov.twse.com.tw/mops/web/ajax_t163sb05
中游,伺服器滑軌與機殼,2059,川湖,2023,1,balance_sheet,每股參考淨值,168.91,168.91,sii,https://mopsov.twse.com.tw/mops/web/ajax_t163sb05
中游,伺服器滑軌與機殼,8210,勤誠,2023,1,balance_sheet,流動資產,6010816,"6,010,816",sii,https://mopsov.twse.com.tw/mops/web/ajax_t163sb05
中游,伺服器滑軌與機殼,8210,勤誠,2023,1,balance_sheet,非流動資產,5378964,"5,378,964",sii,https://mopsov.twse.com.tw/mops/web/ajax_t163sb05
中游,伺服器滑軌與機殼,8210,勤誠,2023,1,balance_sheet,資產總計,11389780,"11,389,780",sii,https://mopsov.twse.com.tw/mops/web/ajax_t163sb05
中游,伺服器滑軌與機殼,8210,勤誠,2023,1,balance_sheet,流動負債,3856801,"3,856,801",sii,https://mopsov.twse.com.tw/mops/web/ajax_t163sb05
中游,伺服器滑軌與機殼,8210,勤誠,2023,1,balance_sheet,非流動負債,2546540,"2,546,540",sii,https://mopsov.twse.com.tw/mops/web/ajax_t163sb05
中游,伺服器滑軌與機殼,8210,勤誠,2023,1,balance_sheet,負債總計,6403341,"6,403,341",sii,https://mopsov.twse.com.tw/mops/web/ajax_t163sb05
中游,伺服器滑軌與機殼,8210,勤誠,2023,1,balance_sheet,股本,1206320,"1,206,320",sii,https://mopsov.twse.com.tw/mops/web/ajax_t163sb05
中游,伺服器滑軌與機殼,8210,勤誠,2023,1,balance_sheet,權益─具證券性質之虛擬通貨,,--,sii,https://mopsov.twse.com.tw/mops/web/ajax_t163sb05
中游,伺服器滑軌與機殼,8210,勤誠,2023,1,balance_sheet,資本公積,148709,"148,709",sii,https://mopsov.twse.com.tw/mops/web/ajax_t163sb05
中游,伺服器滑軌與機殼,8210,勤誠,2023,1,balance_sheet,保留盈餘,3783021,"3,783,021",sii,https://mopsov.twse.com.tw/mops/web/ajax_t163sb05
中游,伺服器滑軌與機殼,8210,勤誠,2023,1,balance_sheet,其他權益,-184172,"-184,172",sii,https://mopsov.twse.com.tw/mops/web/ajax_t163sb05
中游,伺服器滑軌與機殼,8210,勤誠,2023,1,balance_sheet,庫藏股票,,--,sii,https://mopsov.twse.com.tw/mops/web/ajax_t163sb05
中游,伺服器滑軌與機殼,8210,勤誠,2023,1,balance_sheet,歸屬於母公司業主之權益合計,4953878,"4,953,878",sii,https://mopsov.twse.com.tw/mops/web/ajax_t163sb05
中游,伺服器滑軌與機殼,8210,勤誠,2023,1,balance_sheet,共同控制下前手權益,,--,sii,https://mopsov.twse.com.tw/mops/web/ajax_t163sb05
中游,伺服器滑軌與機殼,8210,勤誠,2023,1,balance_sheet,合併前非屬共同控制股權,,--,sii,https://mopsov.twse.com.tw/mops/web/ajax_t163sb05
中游,伺服器滑軌與機殼,8210,勤誠,2023,1,balance_sheet,非控制權益,32561,"32,561",sii,https://mopsov.twse.com.tw/mops/web/ajax_t163sb05
中游,伺服器滑軌與機殼,8210,勤誠,2023,1,balance_sheet,權益總計,4986439,"4,986,439",sii,https://mopsov.twse.com.tw/mops/web/ajax_t163sb05
中游,伺服器滑軌與機殼,8210,勤誠,2023,1,balance_sheet,待註銷股本股數（單位：股）,0,0,sii,https://mopsov.twse.com.tw/mops/web/ajax_t163sb05
中游,伺服器滑軌與機殼,8210,勤誠,2023,1,balance_sheet,預收股款（權益項下）之約當發行股數（單位：股）,0,0,sii,https://mopsov.twse.com.tw/mops/web/ajax_t163sb05
中游,伺服器滑軌與機殼,8210,勤誠,2023,1,balance_sheet,母公司暨子公司所持有之母公司庫藏股股數（單位：股）,0,0,sii,https://mopsov.twse.com.tw/mops/web/ajax_t163sb05
中游,伺服器滑軌與機殼,8210,勤誠,2023,1,balance_sheet,每股參考淨值,41.07,41.07,sii,https://mopsov.twse.com.tw/mops/web/ajax_t163sb05
中游,伺服器滑軌與機殼,6584,南俊國際,2023,1,balance_sheet,流動資產,763684,"763,684",otc,https://mopsov.twse.com.tw/mops/web/ajax_t163sb05
中游,伺服器滑軌與機殼,6584,南俊國際,2023,1,balance_sheet,非流動資產,2535788,"2,535,788",otc,https://mopsov.twse.com.tw/mops/web/ajax_t163sb05
中游,伺服器滑軌與機殼,6584,南俊國際,2023,1,balance_sheet,資產總計,3299472,"3,299,472",otc,https://mopsov.twse.com.tw/mops/web/ajax_t163sb05
中游,伺服器滑軌與機殼,6584,南俊國際,2023,1,balance_sheet,流動負債,608750,"608,750",otc,https://mopsov.twse.com.tw/mops/web/ajax_t163sb05
中游,伺服器滑軌與機殼,6584,南俊國際,2023,1,balance_sheet,非流動負債,1127393,"1,127,393",otc,https://mopsov.twse.com.tw/mops/web/ajax_t163sb05
中游,伺服器滑軌與機殼,6584,南俊國際,2023,1,balance_sheet,負債總計,1736143,"1,736,143",otc,https://mopsov.twse.com.tw/mops/web/ajax_t163sb05
中游,伺服器滑軌與機殼,6584,南俊國際,2023,1,balance_sheet,股本,584898,"584,898",otc,https://mopsov.twse.com.tw/mops/web/ajax_t163sb05
中游,伺服器滑軌與機殼,6584,南俊國際,2023,1,balance_sheet,權益─具證券性質之虛擬通貨,,--,otc,https://mopsov.twse.com.tw/mops/web/ajax_t163sb05
中游,伺服器滑軌與機殼,6584,南俊國際,2023,1,balance_sheet,資本公積,366203,"366,203",otc,https://mopsov.twse.com.tw/mops/web/ajax_t163sb05
中游,伺服器滑軌與機殼,6584,南俊國際,2023,1,balance_sheet,保留盈餘,625489,"625,489",otc,https://mopsov.twse.com.tw/mops/web/ajax_t163sb05
中游,伺服器滑軌與機殼,6584,南俊國際,2023,1,balance_sheet,其他權益,-13261,"-13,261",otc,https://mopsov.twse.com.tw/mops/web/ajax_t163sb05
中游,伺服器滑軌與機殼,6584,南俊國際,2023,1,balance_sheet,庫藏股票,,--,otc,https://mopsov.twse.com.tw/mops/web/ajax_t163sb05
中游,伺服器滑軌與機殼,6584,南俊國際,2023,1,balance_sheet,歸屬於母公司業主之權益合計,1563329,"1,563,329",otc,https://mopsov.twse.com.tw/mops/web/ajax_t163sb05
中游,伺服器滑軌與機殼,6584,南俊國際,2023,1,balance_sheet,共同控制下前手權益,,--,otc,https://mopsov.twse.com.tw/mops/web/ajax_t163sb05
中游,伺服器滑軌與機殼,6584,南俊國際,2023,1,balance_sheet,合併前非屬共同控制股權,,--,otc,https://mopsov.twse.com.tw/mops/web/ajax_t163sb05
中游,伺服器滑軌與機殼,6584,南俊國際,2023,1,balance_sheet,非控制權益,,--,otc,https://mopsov.twse.com.tw/mops/web/ajax_t163sb05
中游,伺服器滑軌與機殼,6584,南俊國際,2023,1,balance_sheet,權益總計,1563329,"1,563,329",otc,https://mopsov.twse.com.tw/mops/web/ajax_t163sb05
中游,伺服器滑軌與機殼,6584,南俊國際,2023,1,balance_sheet,待註銷股本股數（單位：股）,0,0,otc,https://mopsov.twse.com.tw/mops/web/ajax_t163sb05
中游,伺服器滑軌與機殼,6584,南俊國際,2023,1,balance_sheet,預收股款（權益項下）之約當發行股數（單位：股）,0,0,otc,https://mopsov.twse.com.tw/mops/web/ajax_t163sb05
中游,伺服器滑軌與機殼,6584,南俊國際,2023,1,balance_sheet,母公司暨子公司所持有之母公司庫藏股股數（單位：股）,0,0,otc,https://mopsov.twse.com.tw/mops/web/ajax_t163sb05
中游,伺服器滑軌與機殼,6584,南俊國際,2023,1,balance_sheet,每股參考淨值,26.73,26.73,otc,https://mopsov.twse.com.tw/mops/web/ajax_t163sb05
中游,伺服器滑軌與機殼,2059,川湖,2023,1,cash_flow,營業活動之淨現金流入（流出）,1184145,"1,184,145",sii,https://mopsov.twse.com.tw/mops/web/ajax_t163sb20
中游,伺服器滑軌與機殼,2059,川湖,2023,1,cash_flow,投資活動之淨現金流入（流出）,549419,"549,419",sii,https://mopsov.twse.com.tw/mops/web/ajax_t163sb20
中游,伺服器滑軌與機殼,2059,川湖,2023,1,cash_flow,籌資活動之淨現金流入（流出）,-8889,"-8,889",sii,https://mopsov.twse.com.tw/mops/web/ajax_t163sb20
中游,伺服器滑軌與機殼,2059,川湖,2023,1,cash_flow,匯率變動對現金及約當現金之影響,-81022,"-81,022",sii,https://mopsov.twse.com.tw/mops/web/ajax_t163sb20
中游,伺服器滑軌與機殼,2059,川湖,2023,1,cash_flow,本期現金及約當現金增加（減少）數,1643653,"1,643,653",sii,https://mopsov.twse.com.tw/mops/web/ajax_t163sb20
中游,伺服器滑軌與機殼,2059,川湖,2023,1,cash_flow,期初現金及約當現金餘額,11592473,"11,592,473",sii,https://mopsov.twse.com.tw/mops/web/ajax_t163sb20
中游,伺服器滑軌與機殼,2059,川湖,2023,1,cash_flow,期末現金及約當現金餘額,13236126,"13,236,126",sii,https://mopsov.twse.com.tw/mops/web/ajax_t163sb20
中游,伺服器滑軌與機殼,8210,勤誠,2023,1,cash_flow,營業活動之淨現金流入（流出）,387854,"387,854",sii,https://mopsov.twse.com.tw/mops/web/ajax_t163sb20
中游,伺服器滑軌與機殼,8210,勤誠,2023,1,cash_flow,投資活動之淨現金流入（流出）,-126570,"-126,570",sii,https://mopsov.twse.com.tw/mops/web/ajax_t163sb20
中游,伺服器滑軌與機殼,8210,勤誠,2023,1,cash_flow,籌資活動之淨現金流入（流出）,-321969,"-321,969",sii,https://mopsov.twse.com.tw/mops/web/ajax_t163sb20
中游,伺服器滑軌與機殼,8210,勤誠,2023,1,cash_flow,匯率變動對現金及約當現金之影響,-1027,"-1,027",sii,https://mopsov.twse.com.tw/mops/web/ajax_t163sb20
中游,伺服器滑軌與機殼,8210,勤誠,2023,1,cash_flow,本期現金及約當現金增加（減少）數,-61712,"-61,712",sii,https://mopsov.twse.com.tw/mops/web/ajax_t163sb20
中游,伺服器滑軌與機殼,8210,勤誠,2023,1,cash_flow,期初現金及約當現金餘額,1852718,"1,852,718",sii,https://mopsov.twse.com.tw/mops/web/ajax_t163sb20
中游,伺服器滑軌與機殼,8210,勤誠,2023,1,cash_flow,期末現金及約當現金餘額,1791006,"1,791,006",sii,https://mopsov.twse.com.tw/mops/web/ajax_t163sb20
中游,伺服器滑軌與機殼,6584,南俊國際,2023,1,cash_flow,營業活動之淨現金流入（流出）,-59224,"-59,224",otc,https://mopsov.twse.com.tw/mops/web/ajax_t163sb20
中游,伺服器滑軌與機殼,6584,南俊國際,2023,1,cash_flow,投資活動之淨現金流入（流出）,-16398,"-16,398",otc,https://mopsov.twse.com.tw/mops/web/ajax_t163sb20
中游,伺服器滑軌與機殼,6584,南俊國際,2023,1,cash_flow,籌資活動之淨現金流入（流出）,-111043,"-111,043",otc,https://mopsov.twse.com.tw/mops/web/ajax_t163sb20
中游,伺服器滑軌與機殼,6584,南俊國際,2023,1,cash_flow,匯率變動對現金及約當現金之影響,-82,-82,otc,https://mopsov.twse.com.tw/mops/web/ajax_t163sb20
中游,伺服器滑軌與機殼,6584,南俊國際,2023,1,cash_flow,本期現金及約當現金增加（減少）數,-186747,"-186,747",otc,https://mopsov.twse.com.tw/mops/web/ajax_t163sb20
中游,伺服器滑軌與機殼,6584,南俊國際,2023,1,cash_flow,期初現金及約當現金餘額,362404,"362,404",otc,https://mopsov.twse.com.tw/mops/web/ajax_t163sb20
中游,伺服器滑軌與機殼,6584,南俊國際,2023,1,cash_flow,期末現金及約當現金餘額,175657,"175,657",otc,https://mopsov.twse.com.tw/mops/web/ajax_t163sb20
中游,伺服器滑軌與機殼,2059,川湖,2023,2,income_statement,營業收入,2475171,"2,475,171",sii,https://mopsov.twse.com.tw/mops/web/ajax_t163sb04
中游,伺服器滑軌與機殼,2059,川湖,2023,2,income_statement,營業成本,1021216,"1,021,216",sii,https://mopsov.twse.com.tw/mops/web/ajax_t163sb04
中游,伺服器滑軌與機殼,2059,川湖,2023,2,income_statement,原始認列生物資產及農產品之利益（損失）,,--,sii,https://mopsov.twse.com.tw/mops/web/ajax_t163sb04
中游,伺服器滑軌與機殼,2059,川湖,2023,2,income_statement,生物資產當期公允價值減出售成本之變動利益（損失）,,--,sii,https://mopsov.twse.com.tw/mops/web/ajax_t163sb04
中游,伺服器滑軌與機殼,2059,川湖,2023,2,income_statement,營業毛利（毛損）,1453955,"1,453,955",sii,https://mopsov.twse.com.tw/mops/web/ajax_t163sb04
中游,伺服器滑軌與機殼,2059,川湖,2023,2,income_statement,未實現銷貨（損）益,,--,sii,https://mopsov.twse.com.tw/mops/web/ajax_t163sb04
中游,伺服器滑軌與機殼,2059,川湖,2023,2,income_statement,已實現銷貨（損）益,,--,sii,https://mopsov.twse.com.tw/mops/web/ajax_t163sb04
中游,伺服器滑軌與機殼,2059,川湖,2023,2,income_statement,營業毛利（毛損）淨額,1453955,"1,453,955",sii,https://mopsov.twse.com.tw/mops/web/ajax_t163sb04
中游,伺服器滑軌與機殼,2059,川湖,2023,2,income_statement,營業費用,307107,"307,107",sii,https://mopsov.twse.com.tw/mops/web/ajax_t163sb04
中游,伺服器滑軌與機殼,2059,川湖,2023,2,income_statement,其他收益及費損淨額,,--,sii,https://mopsov.twse.com.tw/mops/web/ajax_t163sb04
中游,伺服器滑軌與機殼,2059,川湖,2023,2,income_statement,營業利益（損失）,1146848,"1,146,848",sii,https://mopsov.twse.com.tw/mops/web/ajax_t163sb04
中游,伺服器滑軌與機殼,2059,川湖,2023,2,income_statement,營業外收入及支出,428242,"428,242",sii,https://mopsov.twse.com.tw/mops/web/ajax_t163sb04
中游,伺服器滑軌與機殼,2059,川湖,2023,2,income_statement,稅前淨利（淨損）,1575090,"1,575,090",sii,https://mopsov.twse.com.tw/mops/web/ajax_t163sb04
中游,伺服器滑軌與機殼,2059,川湖,2023,2,income_statement,所得稅費用（利益）,402724,"402,724",sii,https://mopsov.twse.com.tw/mops/web/ajax_t163sb04
中游,伺服器滑軌與機殼,2059,川湖,2023,2,income_statement,繼續營業單位本期淨利（淨損）,1172366,"1,172,366",sii,https://mopsov.twse.com.tw/mops/web/ajax_t163sb04
中游,伺服器滑軌與機殼,2059,川湖,2023,2,income_statement,停業單位損益,,--,sii,https://mopsov.twse.com.tw/mops/web/ajax_t163sb04
中游,伺服器滑軌與機殼,2059,川湖,2023,2,income_statement,合併前非屬共同控制股權損益,,--,sii,https://mopsov.twse.com.tw/mops/web/ajax_t163sb04
中游,伺服器滑軌與機殼,2059,川湖,2023,2,income_statement,本期淨利（淨損）,1172366,"1,172,366",sii,https://mopsov.twse.com.tw/mops/web/ajax_t163sb04
中游,伺服器滑軌與機殼,2059,川湖,2023,2,income_statement,其他綜合損益（淨額）,-2500,"-2,500",sii,https://mopsov.twse.com.tw/mops/web/ajax_t163sb04
中游,伺服器滑軌與機殼,2059,川湖,2023,2,income_statement,合併前非屬共同控制股權綜合損益淨額,,--,sii,https://mopsov.twse.com.tw/mops/web/ajax_t163sb04
中游,伺服器滑軌與機殼,2059,川湖,2023,2,income_statement,本期綜合損益總額,1169866,"1,169,866",sii,https://mopsov.twse.com.tw/mops/web/ajax_t163sb04
中游,伺服器滑軌與機殼,2059,川湖,2023,2,income_statement,淨利（淨損）歸屬於母公司業主,1172366,"1,172,366",sii,https://mopsov.twse.com.tw/mops/web/ajax_t163sb04
中游,伺服器滑軌與機殼,2059,川湖,2023,2,income_statement,淨利（淨損）歸屬於共同控制下前手權益,,--,sii,https://mopsov.twse.com.tw/mops/web/ajax_t163sb04
中游,伺服器滑軌與機殼,2059,川湖,2023,2,income_statement,淨利（淨損）歸屬於非控制權益,,--,sii,https://mopsov.twse.com.tw/mops/web/ajax_t163sb04
中游,伺服器滑軌與機殼,2059,川湖,2023,2,income_statement,綜合損益總額歸屬於母公司業主,1169866,"1,169,866",sii,https://mopsov.twse.com.tw/mops/web/ajax_t163sb04
中游,伺服器滑軌與機殼,2059,川湖,2023,2,income_statement,綜合損益總額歸屬於共同控制下前手權益,,--,sii,https://mopsov.twse.com.tw/mops/web/ajax_t163sb04
中游,伺服器滑軌與機殼,2059,川湖,2023,2,income_statement,綜合損益總額歸屬於非控制權益,,--,sii,https://mopsov.twse.com.tw/mops/web/ajax_t163sb04
中游,伺服器滑軌與機殼,2059,川湖,2023,2,income_statement,基本每股盈餘（元）,12.3,12.30,sii,https://mopsov.twse.com.tw/mops/web/ajax_t163sb04
中游,伺服器滑軌與機殼,8210,勤誠,2023,2,income_statement,營業收入,4160436,"4,160,436",sii,https://mopsov.twse.com.tw/mops/web/ajax_t163sb04
中游,伺服器滑軌與機殼,8210,勤誠,2023,2,income_statement,營業成本,3296330,"3,296,330",sii,https://mopsov.twse.com.tw/mops/web/ajax_t163sb04
中游,伺服器滑軌與機殼,8210,勤誠,2023,2,income_statement,原始認列生物資產及農產品之利益（損失）,,--,sii,https://mopsov.twse.com.tw/mops/web/ajax_t163sb04
中游,伺服器滑軌與機殼,8210,勤誠,2023,2,income_statement,生物資產當期公允價值減出售成本之變動利益（損失）,,--,sii,https://mopsov.twse.com.tw/mops/web/ajax_t163sb04
中游,伺服器滑軌與機殼,8210,勤誠,2023,2,income_statement,營業毛利（毛損）,864106,"864,106",sii,https://mopsov.twse.com.tw/mops/web/ajax_t163sb04
中游,伺服器滑軌與機殼,8210,勤誠,2023,2,income_statement,未實現銷貨（損）益,,--,sii,https://mopsov.twse.com.tw/mops/web/ajax_t163sb04
中游,伺服器滑軌與機殼,8210,勤誠,2023,2,income_statement,已實現銷貨（損）益,,--,sii,https://mopsov.twse.com.tw/mops/web/ajax_t163sb04
中游,伺服器滑軌與機殼,8210,勤誠,2023,2,income_statement,營業毛利（毛損）淨額,864106,"864,106",sii,https://mopsov.twse.com.tw/mops/web/ajax_t163sb04
中游,伺服器滑軌與機殼,8210,勤誠,2023,2,income_statement,營業費用,466540,"466,540",sii,https://mopsov.twse.com.tw/mops/web/ajax_t163sb04
中游,伺服器滑軌與機殼,8210,勤誠,2023,2,income_statement,其他收益及費損淨額,-9759,"-9,759",sii,https://mopsov.twse.com.tw/mops/web/ajax_t163sb04
中游,伺服器滑軌與機殼,8210,勤誠,2023,2,income_statement,營業利益（損失）,387807,"387,807",sii,https://mopsov.twse.com.tw/mops/web/ajax_t163sb04
中游,伺服器滑軌與機殼,8210,勤誠,2023,2,income_statement,營業外收入及支出,19106,"19,106",sii,https://mopsov.twse.com.tw/mops/web/ajax_t163sb04
中游,伺服器滑軌與機殼,8210,勤誠,2023,2,income_statement,稅前淨利（淨損）,406913,"406,913",sii,https://mopsov.twse.com.tw/mops/web/ajax_t163sb04
中游,伺服器滑軌與機殼,8210,勤誠,2023,2,income_statement,所得稅費用（利益）,105380,"105,380",sii,https://mopsov.twse.com.tw/mops/web/ajax_t163sb04
中游,伺服器滑軌與機殼,8210,勤誠,2023,2,income_statement,繼續營業單位本期淨利（淨損）,301533,"301,533",sii,https://mopsov.twse.com.tw/mops/web/ajax_t163sb04
中游,伺服器滑軌與機殼,8210,勤誠,2023,2,income_statement,停業單位損益,,--,sii,https://mopsov.twse.com.tw/mops/web/ajax_t163sb04
中游,伺服器滑軌與機殼,8210,勤誠,2023,2,income_statement,合併前非屬共同控制股權損益,,--,sii,https://mopsov.twse.com.tw/mops/web/ajax_t163sb04
中游,伺服器滑軌與機殼,8210,勤誠,2023,2,income_statement,本期淨利（淨損）,301533,"301,533",sii,https://mopsov.twse.com.tw/mops/web/ajax_t163sb04
中游,伺服器滑軌與機殼,8210,勤誠,2023,2,income_statement,其他綜合損益（淨額）,4123,"4,123",sii,https://mopsov.twse.com.tw/mops/web/ajax_t163sb04
中游,伺服器滑軌與機殼,8210,勤誠,2023,2,income_statement,合併前非屬共同控制股權綜合損益淨額,,--,sii,https://mopsov.twse.com.tw/mops/web/ajax_t163sb04
中游,伺服器滑軌與機殼,8210,勤誠,2023,2,income_statement,本期綜合損益總額,305656,"305,656",sii,https://mopsov.twse.com.tw/mops/web/ajax_t163sb04
中游,伺服器滑軌與機殼,8210,勤誠,2023,2,income_statement,淨利（淨損）歸屬於母公司業主,276913,"276,913",sii,https://mopsov.twse.com.tw/mops/web/ajax_t163sb04
中游,伺服器滑軌與機殼,8210,勤誠,2023,2,income_statement,淨利（淨損）歸屬於共同控制下前手權益,,--,sii,https://mopsov.twse.com.tw/mops/web/ajax_t163sb04
中游,伺服器滑軌與機殼,8210,勤誠,2023,2,income_statement,淨利（淨損）歸屬於非控制權益,24620,"24,620",sii,https://mopsov.twse.com.tw/mops/web/ajax_t163sb04
中游,伺服器滑軌與機殼,8210,勤誠,2023,2,income_statement,綜合損益總額歸屬於母公司業主,281036,"281,036",sii,https://mopsov.twse.com.tw/mops/web/ajax_t163sb04
中游,伺服器滑軌與機殼,8210,勤誠,2023,2,income_statement,綜合損益總額歸屬於共同控制下前手權益,,--,sii,https://mopsov.twse.com.tw/mops/web/ajax_t163sb04
中游,伺服器滑軌與機殼,8210,勤誠,2023,2,income_statement,綜合損益總額歸屬於非控制權益,24620,"24,620",sii,https://mopsov.twse.com.tw/mops/web/ajax_t163sb04
中游,伺服器滑軌與機殼,8210,勤誠,2023,2,income_statement,基本每股盈餘（元）,2.3,2.30,sii,https://mopsov.twse.com.tw/mops/web/ajax_t163sb04
中游,伺服器滑軌與機殼,6584,南俊國際,2023,2,income_statement,營業收入,579896,"579,896",otc,https://mopsov.twse.com.tw/mops/web/ajax_t163sb04
中游,伺服器滑軌與機殼,6584,南俊國際,2023,2,income_statement,營業成本,507879,"507,879",otc,https://mopsov.twse.com.tw/mops/web/ajax_t163sb04
中游,伺服器滑軌與機殼,6584,南俊國際,2023,2,income_statement,原始認列生物資產及農產品之利益（損失）,,--,otc,https://mopsov.twse.com.tw/mops/web/ajax_t163sb04
中游,伺服器滑軌與機殼,6584,南俊國際,2023,2,income_statement,生物資產當期公允價值減出售成本之變動利益（損失）,,--,otc,https://mopsov.twse.com.tw/mops/web/ajax_t163sb04
中游,伺服器滑軌與機殼,6584,南俊國際,2023,2,income_statement,營業毛利（毛損）,72017,"72,017",otc,https://mopsov.twse.com.tw/mops/web/ajax_t163sb04
中游,伺服器滑軌與機殼,6584,南俊國際,2023,2,income_statement,未實現銷貨（損）益,,--,otc,https://mopsov.twse.com.tw/mops/web/ajax_t163sb04
中游,伺服器滑軌與機殼,6584,南俊國際,2023,2,income_statement,已實現銷貨（損）益,,--,otc,https://mopsov.twse.com.tw/mops/web/ajax_t163sb04
中游,伺服器滑軌與機殼,6584,南俊國際,2023,2,income_statement,營業毛利（毛損）淨額,72017,"72,017",otc,https://mopsov.twse.com.tw/mops/web/ajax_t163sb04
中游,伺服器滑軌與機殼,6584,南俊國際,2023,2,income_statement,營業費用,115576,"115,576",otc,https://mopsov.twse.com.tw/mops/web/ajax_t163sb04
中游,伺服器滑軌與機殼,6584,南俊國際,2023,2,income_statement,其他收益及費損淨額,,--,otc,https://mopsov.twse.com.tw/mops/web/ajax_t163sb04
中游,伺服器滑軌與機殼,6584,南俊國際,2023,2,income_statement,營業利益（損失）,-43559,"-43,559",otc,https://mopsov.twse.com.tw/mops/web/ajax_t163sb04
中游,伺服器滑軌與機殼,6584,南俊國際,2023,2,income_statement,營業外收入及支出,4393,"4,393",otc,https://mopsov.twse.com.tw/mops/web/ajax_t163sb04
中游,伺服器滑軌與機殼,6584,南俊國際,2023,2,income_statement,稅前淨利（淨損）,-39166,"-39,166",otc,https://mopsov.twse.com.tw/mops/web/ajax_t163sb04
中游,伺服器滑軌與機殼,6584,南俊國際,2023,2,income_statement,所得稅費用（利益）,-13693,"-13,693",otc,https://mopsov.twse.com.tw/mops/web/ajax_t163sb04
中游,伺服器滑軌與機殼,6584,南俊國際,2023,2,income_statement,繼續營業單位本期淨利（淨損）,-25473,"-25,473",otc,https://mopsov.twse.com.tw/mops/web/ajax_t163sb04
中游,伺服器滑軌與機殼,6584,南俊國際,2023,2,income_statement,停業單位損益,,--,otc,https://mopsov.twse.com.tw/mops/web/ajax_t163sb04
中游,伺服器滑軌與機殼,6584,南俊國際,2023,2,income_statement,合併前非屬共同控制股權損益,,--,otc,https://mopsov.twse.com.tw/mops/web/ajax_t163sb04
中游,伺服器滑軌與機殼,6584,南俊國際,2023,2,income_statement,本期淨利（淨損）,-25473,"-25,473",otc,https://mopsov.twse.com.tw/mops/web/ajax_t163sb04
中游,伺服器滑軌與機殼,6584,南俊國際,2023,2,income_statement,其他綜合損益（淨額）,202,202,otc,https://mopsov.twse.com.tw/mops/web/ajax_t163sb04
中游,伺服器滑軌與機殼,6584,南俊國際,2023,2,income_statement,合併前非屬共同控制股權綜合損益淨額,,--,otc,https://mopsov.twse.com.tw/mops/web/ajax_t163sb04
中游,伺服器滑軌與機殼,6584,南俊國際,2023,2,income_statement,本期綜合損益總額,-25271,"-25,271",otc,https://mopsov.twse.com.tw/mops/web/ajax_t163sb04
中游,伺服器滑軌與機殼,6584,南俊國際,2023,2,income_statement,淨利（淨損）歸屬於母公司業主,-25473,"-25,473",otc,https://mopsov.twse.com.tw/mops/web/ajax_t163sb04
中游,伺服器滑軌與機殼,6584,南俊國際,2023,2,income_statement,淨利（淨損）歸屬於共同控制下前手權益,,--,otc,https://mopsov.twse.com.tw/mops/web/ajax_t163sb04
中游,伺服器滑軌與機殼,6584,南俊國際,2023,2,income_statement,淨利（淨損）歸屬於非控制權益,,--,otc,https://mopsov.twse.com.tw/mops/web/ajax_t163sb04
中游,伺服器滑軌與機殼,6584,南俊國際,2023,2,income_statement,綜合損益總額歸屬於母公司業主,-25271,"-25,271",otc,https://mopsov.twse.com.tw/mops/web/ajax_t163sb04
中游,伺服器滑軌與機殼,6584,南俊國際,2023,2,income_statement,綜合損益總額歸屬於共同控制下前手權益,,--,otc,https://mopsov.twse.com.tw/mops/web/ajax_t163sb04
中游,伺服器滑軌與機殼,6584,南俊國際,2023,2,income_statement,綜合損益總額歸屬於非控制權益,,--,otc,https://mopsov.twse.com.tw/mops/web/ajax_t163sb04
中游,伺服器滑軌與機殼,6584,南俊國際,2023,2,income_statement,基本每股盈餘（元）,-0.42,-0.42,otc,https://mopsov.twse.com.tw/mops/web/ajax_t163sb04
中游,伺服器滑軌與機殼,2059,川湖,2023,2,balance_sheet,流動資產,16090301,"16,090,301",sii,https://mopsov.twse.com.tw/mops/web/ajax_t163sb05
中游,伺服器滑軌與機殼,2059,川湖,2023,2,balance_sheet,非流動資產,4327666,"4,327,666",sii,https://mopsov.twse.com.tw/mops/web/ajax_t163sb05
中游,伺服器滑軌與機殼,2059,川湖,2023,2,balance_sheet,資產總計,20417967,"20,417,967",sii,https://mopsov.twse.com.tw/mops/web/ajax_t163sb05
中游,伺服器滑軌與機殼,2059,川湖,2023,2,balance_sheet,流動負債,3362138,"3,362,138",sii,https://mopsov.twse.com.tw/mops/web/ajax_t163sb05
中游,伺服器滑軌與機殼,2059,川湖,2023,2,balance_sheet,非流動負債,2153567,"2,153,567",sii,https://mopsov.twse.com.tw/mops/web/ajax_t163sb05
中游,伺服器滑軌與機殼,2059,川湖,2023,2,balance_sheet,負債總計,5515705,"5,515,705",sii,https://mopsov.twse.com.tw/mops/web/ajax_t163sb05
中游,伺服器滑軌與機殼,2059,川湖,2023,2,balance_sheet,股本,952971,"952,971",sii,https://mopsov.twse.com.tw/mops/web/ajax_t163sb05
中游,伺服器滑軌與機殼,2059,川湖,2023,2,balance_sheet,權益─具證券性質之虛擬通貨,,--,sii,https://mopsov.twse.com.tw/mops/web/ajax_t163sb05
中游,伺服器滑軌與機殼,2059,川湖,2023,2,balance_sheet,資本公積,796691,"796,691",sii,https://mopsov.twse.com.tw/mops/web/ajax_t163sb05
中游,伺服器滑軌與機殼,2059,川湖,2023,2,balance_sheet,保留盈餘,13159176,"13,159,176",sii,https://mopsov.twse.com.tw/mops/web/ajax_t163sb05
中游,伺服器滑軌與機殼,2059,川湖,2023,2,balance_sheet,其他權益,-6576,"-6,576",sii,https://mopsov.twse.com.tw/mops/web/ajax_t163sb05
中游,伺服器滑軌與機殼,2059,川湖,2023,2,balance_sheet,庫藏股票,0,0,sii,https://mopsov.twse.com.tw/mops/web/ajax_t163sb05
中游,伺服器滑軌與機殼,2059,川湖,2023,2,balance_sheet,歸屬於母公司業主之權益合計,14902262,"14,902,262",sii,https://mopsov.twse.com.tw/mops/web/ajax_t163sb05
中游,伺服器滑軌與機殼,2059,川湖,2023,2,balance_sheet,共同控制下前手權益,,--,sii,https://mopsov.twse.com.tw/mops/web/ajax_t163sb05
中游,伺服器滑軌與機殼,2059,川湖,2023,2,balance_sheet,合併前非屬共同控制股權,,--,sii,https://mopsov.twse.com.tw/mops/web/ajax_t163sb05
中游,伺服器滑軌與機殼,2059,川湖,2023,2,balance_sheet,非控制權益,0,0,sii,https://mopsov.twse.com.tw/mops/web/ajax_t163sb05
中游,伺服器滑軌與機殼,2059,川湖,2023,2,balance_sheet,權益總計,14902262,"14,902,262",sii,https://mopsov.twse.com.tw/mops/web/ajax_t163sb05
中游,伺服器滑軌與機殼,2059,川湖,2023,2,balance_sheet,待註銷股本股數（單位：股）,,--,sii,https://mopsov.twse.com.tw/mops/web/ajax_t163sb05
中游,伺服器滑軌與機殼,2059,川湖,2023,2,balance_sheet,預收股款（權益項下）之約當發行股數（單位：股）,0,0,sii,https://mopsov.twse.com.tw/mops/web/ajax_t163sb05
中游,伺服器滑軌與機殼,2059,川湖,2023,2,balance_sheet,母公司暨子公司所持有之母公司庫藏股股數（單位：股）,0,0,sii,https://mopsov.twse.com.tw/mops/web/ajax_t163sb05
中游,伺服器滑軌與機殼,2059,川湖,2023,2,balance_sheet,每股參考淨值,156.38,156.38,sii,https://mopsov.twse.com.tw/mops/web/ajax_t163sb05
中游,伺服器滑軌與機殼,8210,勤誠,2023,2,balance_sheet,流動資產,6453763,"6,453,763",sii,https://mopsov.twse.com.tw/mops/web/ajax_t163sb05
中游,伺服器滑軌與機殼,8210,勤誠,2023,2,balance_sheet,非流動資產,5389492,"5,389,492",sii,https://mopsov.twse.com.tw/mops/web/ajax_t163sb05
中游,伺服器滑軌與機殼,8210,勤誠,2023,2,balance_sheet,資產總計,11843255,"11,843,255",sii,https://mopsov.twse.com.tw/mops/web/ajax_t163sb05
中游,伺服器滑軌與機殼,8210,勤誠,2023,2,balance_sheet,流動負債,4498995,"4,498,995",sii,https://mopsov.twse.com.tw/mops/web/ajax_t163sb05
中游,伺服器滑軌與機殼,8210,勤誠,2023,2,balance_sheet,非流動負債,2578732,"2,578,732",sii,https://mopsov.twse.com.tw/mops/web/ajax_t163sb05
中游,伺服器滑軌與機殼,8210,勤誠,2023,2,balance_sheet,負債總計,7077727,"7,077,727",sii,https://mopsov.twse.com.tw/mops/web/ajax_t163sb05
中游,伺服器滑軌與機殼,8210,勤誠,2023,2,balance_sheet,股本,1206070,"1,206,070",sii,https://mopsov.twse.com.tw/mops/web/ajax_t163sb05
中游,伺服器滑軌與機殼,8210,勤誠,2023,2,balance_sheet,權益─具證券性質之虛擬通貨,,--,sii,https://mopsov.twse.com.tw/mops/web/ajax_t163sb05
中游,伺服器滑軌與機殼,8210,勤誠,2023,2,balance_sheet,資本公積,148959,"148,959",sii,https://mopsov.twse.com.tw/mops/web/ajax_t163sb05
中游,伺服器滑軌與機殼,8210,勤誠,2023,2,balance_sheet,保留盈餘,3549690,"3,549,690",sii,https://mopsov.twse.com.tw/mops/web/ajax_t163sb05
中游,伺服器滑軌與機殼,8210,勤誠,2023,2,balance_sheet,其他權益,-193404,"-193,404",sii,https://mopsov.twse.com.tw/mops/web/ajax_t163sb05
中游,伺服器滑軌與機殼,8210,勤誠,2023,2,balance_sheet,庫藏股票,,--,sii,https://mopsov.twse.com.tw/mops/web/ajax_t163sb05
中游,伺服器滑軌與機殼,8210,勤誠,2023,2,balance_sheet,歸屬於母公司業主之權益合計,4711315,"4,711,315",sii,https://mopsov.twse.com.tw/mops/web/ajax_t163sb05
中游,伺服器滑軌與機殼,8210,勤誠,2023,2,balance_sheet,共同控制下前手權益,,--,sii,https://mopsov.twse.com.tw/mops/web/ajax_t163sb05
中游,伺服器滑軌與機殼,8210,勤誠,2023,2,balance_sheet,合併前非屬共同控制股權,,--,sii,https://mopsov.twse.com.tw/mops/web/ajax_t163sb05
中游,伺服器滑軌與機殼,8210,勤誠,2023,2,balance_sheet,非控制權益,54213,"54,213",sii,https://mopsov.twse.com.tw/mops/web/ajax_t163sb05
中游,伺服器滑軌與機殼,8210,勤誠,2023,2,balance_sheet,權益總計,4765528,"4,765,528",sii,https://mopsov.twse.com.tw/mops/web/ajax_t163sb05
中游,伺服器滑軌與機殼,8210,勤誠,2023,2,balance_sheet,待註銷股本股數（單位：股）,0,0,sii,https://mopsov.twse.com.tw/mops/web/ajax_t163sb05
中游,伺服器滑軌與機殼,8210,勤誠,2023,2,balance_sheet,預收股款（權益項下）之約當發行股數（單位：股）,0,0,sii,https://mopsov.twse.com.tw/mops/web/ajax_t163sb05
中游,伺服器滑軌與機殼,8210,勤誠,2023,2,balance_sheet,母公司暨子公司所持有之母公司庫藏股股數（單位：股）,0,0,sii,https://mopsov.twse.com.tw/mops/web/ajax_t163sb05
中游,伺服器滑軌與機殼,8210,勤誠,2023,2,balance_sheet,每股參考淨值,39.06,39.06,sii,https://mopsov.twse.com.tw/mops/web/ajax_t163sb05
中游,伺服器滑軌與機殼,6584,南俊國際,2023,2,balance_sheet,流動資產,687165,"687,165",otc,https://mopsov.twse.com.tw/mops/web/ajax_t163sb05
中游,伺服器滑軌與機殼,6584,南俊國際,2023,2,balance_sheet,非流動資產,2569833,"2,569,833",otc,https://mopsov.twse.com.tw/mops/web/ajax_t163sb05
中游,伺服器滑軌與機殼,6584,南俊國際,2023,2,balance_sheet,資產總計,3256998,"3,256,998",otc,https://mopsov.twse.com.tw/mops/web/ajax_t163sb05
中游,伺服器滑軌與機殼,6584,南俊國際,2023,2,balance_sheet,流動負債,562795,"562,795",otc,https://mopsov.twse.com.tw/mops/web/ajax_t163sb05
中游,伺服器滑軌與機殼,6584,南俊國際,2023,2,balance_sheet,非流動負債,803469,"803,469",otc,https://mopsov.twse.com.tw/mops/web/ajax_t163sb05
中游,伺服器滑軌與機殼,6584,南俊國際,2023,2,balance_sheet,負債總計,1366264,"1,366,264",otc,https://mopsov.twse.com.tw/mops/web/ajax_t163sb05
中游,伺服器滑軌與機殼,6584,南俊國際,2023,2,balance_sheet,股本,656426,"656,426",otc,https://mopsov.twse.com.tw/mops/web/ajax_t163sb05
中游,伺服器滑軌與機殼,6584,南俊國際,2023,2,balance_sheet,權益─具證券性質之虛擬通貨,,--,otc,https://mopsov.twse.com.tw/mops/web/ajax_t163sb05
中游,伺服器滑軌與機殼,6584,南俊國際,2023,2,balance_sheet,資本公積,706114,"706,114",otc,https://mopsov.twse.com.tw/mops/web/ajax_t163sb05
中游,伺服器滑軌與機殼,6584,南俊國際,2023,2,balance_sheet,保留盈餘,533274,"533,274",otc,https://mopsov.twse.com.tw/mops/web/ajax_t163sb05
中游,伺服器滑軌與機殼,6584,南俊國際,2023,2,balance_sheet,其他權益,-5080,"-5,080",otc,https://mopsov.twse.com.tw/mops/web/ajax_t163sb05
中游,伺服器滑軌與機殼,6584,南俊國際,2023,2,balance_sheet,庫藏股票,,--,otc,https://mopsov.twse.com.tw/mops/web/ajax_t163sb05
中游,伺服器滑軌與機殼,6584,南俊國際,2023,2,balance_sheet,歸屬於母公司業主之權益合計,1890734,"1,890,734",otc,https://mopsov.twse.com.tw/mops/web/ajax_t163sb05
中游,伺服器滑軌與機殼,6584,南俊國際,2023,2,balance_sheet,共同控制下前手權益,,--,otc,https://mopsov.twse.com.tw/mops/web/ajax_t163sb05
中游,伺服器滑軌與機殼,6584,南俊國際,2023,2,balance_sheet,合併前非屬共同控制股權,,--,otc,https://mopsov.twse.com.tw/mops/web/ajax_t163sb05
中游,伺服器滑軌與機殼,6584,南俊國際,2023,2,balance_sheet,非控制權益,,--,otc,https://mopsov.twse.com.tw/mops/web/ajax_t163sb05
中游,伺服器滑軌與機殼,6584,南俊國際,2023,2,balance_sheet,權益總計,1890734,"1,890,734",otc,https://mopsov.twse.com.tw/mops/web/ajax_t163sb05
中游,伺服器滑軌與機殼,6584,南俊國際,2023,2,balance_sheet,待註銷股本股數（單位：股）,0,0,otc,https://mopsov.twse.com.tw/mops/web/ajax_t163sb05
中游,伺服器滑軌與機殼,6584,南俊國際,2023,2,balance_sheet,預收股款（權益項下）之約當發行股數（單位：股）,0,0,otc,https://mopsov.twse.com.tw/mops/web/ajax_t163sb05
中游,伺服器滑軌與機殼,6584,南俊國際,2023,2,balance_sheet,母公司暨子公司所持有之母公司庫藏股股數（單位：股）,0,0,otc,https://mopsov.twse.com.tw/mops/web/ajax_t163sb05
中游,伺服器滑軌與機殼,6584,南俊國際,2023,2,balance_sheet,每股參考淨值,28.8,28.80,otc,https://mopsov.twse.com.tw/mops/web/ajax_t163sb05
中游,伺服器滑軌與機殼,2059,川湖,2023,2,cash_flow,營業活動之淨現金流入（流出）,1340555,"1,340,555",sii,https://mopsov.twse.com.tw/mops/web/ajax_t163sb20
中游,伺服器滑軌與機殼,2059,川湖,2023,2,cash_flow,投資活動之淨現金流入（流出）,388345,"388,345",sii,https://mopsov.twse.com.tw/mops/web/ajax_t163sb20
中游,伺服器滑軌與機殼,2059,川湖,2023,2,cash_flow,籌資活動之淨現金流入（流出）,-16229,"-16,229",sii,https://mopsov.twse.com.tw/mops/web/ajax_t163sb20
中游,伺服器滑軌與機殼,2059,川湖,2023,2,cash_flow,匯率變動對現金及約當現金之影響,100192,"100,192",sii,https://mopsov.twse.com.tw/mops/web/ajax_t163sb20
中游,伺服器滑軌與機殼,2059,川湖,2023,2,cash_flow,本期現金及約當現金增加（減少）數,1812863,"1,812,863",sii,https://mopsov.twse.com.tw/mops/web/ajax_t163sb20
中游,伺服器滑軌與機殼,2059,川湖,2023,2,cash_flow,期初現金及約當現金餘額,11592473,"11,592,473",sii,https://mopsov.twse.com.tw/mops/web/ajax_t163sb20
中游,伺服器滑軌與機殼,2059,川湖,2023,2,cash_flow,期末現金及約當現金餘額,13405336,"13,405,336",sii,https://mopsov.twse.com.tw/mops/web/ajax_t163sb20
中游,伺服器滑軌與機殼,8210,勤誠,2023,2,cash_flow,營業活動之淨現金流入（流出）,836853,"836,853",sii,https://mopsov.twse.com.tw/mops/web/ajax_t163sb20
中游,伺服器滑軌與機殼,8210,勤誠,2023,2,cash_flow,投資活動之淨現金流入（流出）,-129363,"-129,363",sii,https://mopsov.twse.com.tw/mops/web/ajax_t163sb20
中游,伺服器滑軌與機殼,8210,勤誠,2023,2,cash_flow,籌資活動之淨現金流入（流出）,-744141,"-744,141",sii,https://mopsov.twse.com.tw/mops/web/ajax_t163sb20
中游,伺服器滑軌與機殼,8210,勤誠,2023,2,cash_flow,匯率變動對現金及約當現金之影響,-13495,"-13,495",sii,https://mopsov.twse.com.tw/mops/web/ajax_t163sb20
中游,伺服器滑軌與機殼,8210,勤誠,2023,2,cash_flow,本期現金及約當現金增加（減少）數,-50146,"-50,146",sii,https://mopsov.twse.com.tw/mops/web/ajax_t163sb20
中游,伺服器滑軌與機殼,8210,勤誠,2023,2,cash_flow,期初現金及約當現金餘額,1852718,"1,852,718",sii,https://mopsov.twse.com.tw/mops/web/ajax_t163sb20
中游,伺服器滑軌與機殼,8210,勤誠,2023,2,cash_flow,期末現金及約當現金餘額,1802572,"1,802,572",sii,https://mopsov.twse.com.tw/mops/web/ajax_t163sb20
中游,伺服器滑軌與機殼,6584,南俊國際,2023,2,cash_flow,營業活動之淨現金流入（流出）,-69901,"-69,901",otc,https://mopsov.twse.com.tw/mops/web/ajax_t163sb20
中游,伺服器滑軌與機殼,6584,南俊國際,2023,2,cash_flow,投資活動之淨現金流入（流出）,-23910,"-23,910",otc,https://mopsov.twse.com.tw/mops/web/ajax_t163sb20
中游,伺服器滑軌與機殼,6584,南俊國際,2023,2,cash_flow,籌資活動之淨現金流入（流出）,-140123,"-140,123",otc,https://mopsov.twse.com.tw/mops/web/ajax_t163sb20
中游,伺服器滑軌與機殼,6584,南俊國際,2023,2,cash_flow,匯率變動對現金及約當現金之影響,479,479,otc,https://mopsov.twse.com.tw/mops/web/ajax_t163sb20
中游,伺服器滑軌與機殼,6584,南俊國際,2023,2,cash_flow,本期現金及約當現金增加（減少）數,-233455,"-233,455",otc,https://mopsov.twse.com.tw/mops/web/ajax_t163sb20
中游,伺服器滑軌與機殼,6584,南俊國際,2023,2,cash_flow,期初現金及約當現金餘額,362404,"362,404",otc,https://mopsov.twse.com.tw/mops/web/ajax_t163sb20
中游,伺服器滑軌與機殼,6584,南俊國際,2023,2,cash_flow,期末現金及約當現金餘額,128949,"128,949",otc,https://mopsov.twse.com.tw/mops/web/ajax_t163sb20
中游,伺服器滑軌與機殼,2059,川湖,2023,3,income_statement,營業收入,3898180,"3,898,180",sii,https://mopsov.twse.com.tw/mops/web/ajax_t163sb04
中游,伺服器滑軌與機殼,2059,川湖,2023,3,income_statement,營業成本,1612834,"1,612,834",sii,https://mopsov.twse.com.tw/mops/web/ajax_t163sb04
中游,伺服器滑軌與機殼,2059,川湖,2023,3,income_statement,原始認列生物資產及農產品之利益（損失）,,--,sii,https://mopsov.twse.com.tw/mops/web/ajax_t163sb04
中游,伺服器滑軌與機殼,2059,川湖,2023,3,income_statement,生物資產當期公允價值減出售成本之變動利益（損失）,,--,sii,https://mopsov.twse.com.tw/mops/web/ajax_t163sb04
中游,伺服器滑軌與機殼,2059,川湖,2023,3,income_statement,營業毛利（毛損）,2285346,"2,285,346",sii,https://mopsov.twse.com.tw/mops/web/ajax_t163sb04
中游,伺服器滑軌與機殼,2059,川湖,2023,3,income_statement,未實現銷貨（損）益,,--,sii,https://mopsov.twse.com.tw/mops/web/ajax_t163sb04
中游,伺服器滑軌與機殼,2059,川湖,2023,3,income_statement,已實現銷貨（損）益,,--,sii,https://mopsov.twse.com.tw/mops/web/ajax_t163sb04
中游,伺服器滑軌與機殼,2059,川湖,2023,3,income_statement,營業毛利（毛損）淨額,2285346,"2,285,346",sii,https://mopsov.twse.com.tw/mops/web/ajax_t163sb04
中游,伺服器滑軌與機殼,2059,川湖,2023,3,income_statement,營業費用,464942,"464,942",sii,https://mopsov.twse.com.tw/mops/web/ajax_t163sb04
中游,伺服器滑軌與機殼,2059,川湖,2023,3,income_statement,其他收益及費損淨額,,--,sii,https://mopsov.twse.com.tw/mops/web/ajax_t163sb04
中游,伺服器滑軌與機殼,2059,川湖,2023,3,income_statement,營業利益（損失）,1820404,"1,820,404",sii,https://mopsov.twse.com.tw/mops/web/ajax_t163sb04
中游,伺服器滑軌與機殼,2059,川湖,2023,3,income_statement,營業外收入及支出,971337,"971,337",sii,https://mopsov.twse.com.tw/mops/web/ajax_t163sb04
中游,伺服器滑軌與機殼,2059,川湖,2023,3,income_statement,稅前淨利（淨損）,2791741,"2,791,741",sii,https://mopsov.twse.com.tw/mops/web/ajax_t163sb04
中游,伺服器滑軌與機殼,2059,川湖,2023,3,income_statement,所得稅費用（利益）,637393,"637,393",sii,https://mopsov.twse.com.tw/mops/web/ajax_t163sb04
中游,伺服器滑軌與機殼,2059,川湖,2023,3,income_statement,繼續營業單位本期淨利（淨損）,2154348,"2,154,348",sii,https://mopsov.twse.com.tw/mops/web/ajax_t163sb04
中游,伺服器滑軌與機殼,2059,川湖,2023,3,income_statement,停業單位損益,,--,sii,https://mopsov.twse.com.tw/mops/web/ajax_t163sb04
中游,伺服器滑軌與機殼,2059,川湖,2023,3,income_statement,合併前非屬共同控制股權損益,,--,sii,https://mopsov.twse.com.tw/mops/web/ajax_t163sb04
中游,伺服器滑軌與機殼,2059,川湖,2023,3,income_statement,本期淨利（淨損）,2154348,"2,154,348",sii,https://mopsov.twse.com.tw/mops/web/ajax_t163sb04
中游,伺服器滑軌與機殼,2059,川湖,2023,3,income_statement,其他綜合損益（淨額）,33937,"33,937",sii,https://mopsov.twse.com.tw/mops/web/ajax_t163sb04
中游,伺服器滑軌與機殼,2059,川湖,2023,3,income_statement,合併前非屬共同控制股權綜合損益淨額,,--,sii,https://mopsov.twse.com.tw/mops/web/ajax_t163sb04
中游,伺服器滑軌與機殼,2059,川湖,2023,3,income_statement,本期綜合損益總額,2188285,"2,188,285",sii,https://mopsov.twse.com.tw/mops/web/ajax_t163sb04
中游,伺服器滑軌與機殼,2059,川湖,2023,3,income_statement,淨利（淨損）歸屬於母公司業主,2154348,"2,154,348",sii,https://mopsov.twse.com.tw/mops/web/ajax_t163sb04
中游,伺服器滑軌與機殼,2059,川湖,2023,3,income_statement,淨利（淨損）歸屬於共同控制下前手權益,,--,sii,https://mopsov.twse.com.tw/mops/web/ajax_t163sb04
中游,伺服器滑軌與機殼,2059,川湖,2023,3,income_statement,淨利（淨損）歸屬於非控制權益,,--,sii,https://mopsov.twse.com.tw/mops/web/ajax_t163sb04
中游,伺服器滑軌與機殼,2059,川湖,2023,3,income_statement,綜合損益總額歸屬於母公司業主,2188285,"2,188,285",sii,https://mopsov.twse.com.tw/mops/web/ajax_t163sb04
中游,伺服器滑軌與機殼,2059,川湖,2023,3,income_statement,綜合損益總額歸屬於共同控制下前手權益,,--,sii,https://mopsov.twse.com.tw/mops/web/ajax_t163sb04
中游,伺服器滑軌與機殼,2059,川湖,2023,3,income_statement,綜合損益總額歸屬於非控制權益,,--,sii,https://mopsov.twse.com.tw/mops/web/ajax_t163sb04
中游,伺服器滑軌與機殼,2059,川湖,2023,3,income_statement,基本每股盈餘（元）,22.61,22.61,sii,https://mopsov.twse.com.tw/mops/web/ajax_t163sb04
中游,伺服器滑軌與機殼,8210,勤誠,2023,3,income_statement,營業收入,6517847,"6,517,847",sii,https://mopsov.twse.com.tw/mops/web/ajax_t163sb04
中游,伺服器滑軌與機殼,8210,勤誠,2023,3,income_statement,營業成本,5093538,"5,093,538",sii,https://mopsov.twse.com.tw/mops/web/ajax_t163sb04
中游,伺服器滑軌與機殼,8210,勤誠,2023,3,income_statement,原始認列生物資產及農產品之利益（損失）,,--,sii,https://mopsov.twse.com.tw/mops/web/ajax_t163sb04
中游,伺服器滑軌與機殼,8210,勤誠,2023,3,income_statement,生物資產當期公允價值減出售成本之變動利益（損失）,,--,sii,https://mopsov.twse.com.tw/mops/web/ajax_t163sb04
中游,伺服器滑軌與機殼,8210,勤誠,2023,3,income_statement,營業毛利（毛損）,1424309,"1,424,309",sii,https://mopsov.twse.com.tw/mops/web/ajax_t163sb04
中游,伺服器滑軌與機殼,8210,勤誠,2023,3,income_statement,未實現銷貨（損）益,,--,sii,https://mopsov.twse.com.tw/mops/web/ajax_t163sb04
中游,伺服器滑軌與機殼,8210,勤誠,2023,3,income_statement,已實現銷貨（損）益,,--,sii,https://mopsov.twse.com.tw/mops/web/ajax_t163sb04
中游,伺服器滑軌與機殼,8210,勤誠,2023,3,income_statement,營業毛利（毛損）淨額,1424309,"1,424,309",sii,https://mopsov.twse.com.tw/mops/web/ajax_t163sb04
中游,伺服器滑軌與機殼,8210,勤誠,2023,3,income_statement,營業費用,756081,"756,081",sii,https://mopsov.twse.com.tw/mops/web/ajax_t163sb04
中游,伺服器滑軌與機殼,8210,勤誠,2023,3,income_statement,其他收益及費損淨額,2184,"2,184",sii,https://mopsov.twse.com.tw/mops/web/ajax_t163sb04
中游,伺服器滑軌與機殼,8210,勤誠,2023,3,income_statement,營業利益（損失）,670412,"670,412",sii,https://mopsov.twse.com.tw/mops/web/ajax_t163sb04
中游,伺服器滑軌與機殼,8210,勤誠,2023,3,income_statement,營業外收入及支出,62813,"62,813",sii,https://mopsov.twse.com.tw/mops/web/ajax_t163sb04
中游,伺服器滑軌與機殼,8210,勤誠,2023,3,income_statement,稅前淨利（淨損）,733225,"733,225",sii,https://mopsov.twse.com.tw/mops/web/ajax_t163sb04
中游,伺服器滑軌與機殼,8210,勤誠,2023,3,income_statement,所得稅費用（利益）,182950,"182,950",sii,https://mopsov.twse.com.tw/mops/web/ajax_t163sb04
中游,伺服器滑軌與機殼,8210,勤誠,2023,3,income_statement,繼續營業單位本期淨利（淨損）,550275,"550,275",sii,https://mopsov.twse.com.tw/mops/web/ajax_t163sb04
中游,伺服器滑軌與機殼,8210,勤誠,2023,3,income_statement,停業單位損益,,--,sii,https://mopsov.twse.com.tw/mops/web/ajax_t163sb04
中游,伺服器滑軌與機殼,8210,勤誠,2023,3,income_statement,合併前非屬共同控制股權損益,,--,sii,https://mopsov.twse.com.tw/mops/web/ajax_t163sb04
中游,伺服器滑軌與機殼,8210,勤誠,2023,3,income_statement,本期淨利（淨損）,550275,"550,275",sii,https://mopsov.twse.com.tw/mops/web/ajax_t163sb04
中游,伺服器滑軌與機殼,8210,勤誠,2023,3,income_statement,其他綜合損益（淨額）,115625,"115,625",sii,https://mopsov.twse.com.tw/mops/web/ajax_t163sb04
中游,伺服器滑軌與機殼,8210,勤誠,2023,3,income_statement,合併前非屬共同控制股權綜合損益淨額,,--,sii,https://mopsov.twse.com.tw/mops/web/ajax_t163sb04
中游,伺服器滑軌與機殼,8210,勤誠,2023,3,income_statement,本期綜合損益總額,665900,"665,900",sii,https://mopsov.twse.com.tw/mops/web/ajax_t163sb04
中游,伺服器滑軌與機殼,8210,勤誠,2023,3,income_statement,淨利（淨損）歸屬於母公司業主,527308,"527,308",sii,https://mopsov.twse.com.tw/mops/web/ajax_t163sb04
中游,伺服器滑軌與機殼,8210,勤誠,2023,3,income_statement,淨利（淨損）歸屬於共同控制下前手權益,,--,sii,https://mopsov.twse.com.tw/mops/web/ajax_t163sb04
中游,伺服器滑軌與機殼,8210,勤誠,2023,3,income_statement,淨利（淨損）歸屬於非控制權益,22967,"22,967",sii,https://mopsov.twse.com.tw/mops/web/ajax_t163sb04
中游,伺服器滑軌與機殼,8210,勤誠,2023,3,income_statement,綜合損益總額歸屬於母公司業主,642933,"642,933",sii,https://mopsov.twse.com.tw/mops/web/ajax_t163sb04
中游,伺服器滑軌與機殼,8210,勤誠,2023,3,income_statement,綜合損益總額歸屬於共同控制下前手權益,,--,sii,https://mopsov.twse.com.tw/mops/web/ajax_t163sb04
中游,伺服器滑軌與機殼,8210,勤誠,2023,3,income_statement,綜合損益總額歸屬於非控制權益,22967,"22,967",sii,https://mopsov.twse.com.tw/mops/web/ajax_t163sb04
中游,伺服器滑軌與機殼,8210,勤誠,2023,3,income_statement,基本每股盈餘（元）,4.39,4.39,sii,https://mopsov.twse.com.tw/mops/web/ajax_t163sb04
中游,伺服器滑軌與機殼,6584,南俊國際,2023,3,income_statement,營業收入,927265,"927,265",otc,https://mopsov.twse.com.tw/mops/web/ajax_t163sb04
中游,伺服器滑軌與機殼,6584,南俊國際,2023,3,income_statement,營業成本,787642,"787,642",otc,https://mopsov.twse.com.tw/mops/web/ajax_t163sb04
中游,伺服器滑軌與機殼,6584,南俊國際,2023,3,income_statement,原始認列生物資產及農產品之利益（損失）,,--,otc,https://mopsov.twse.com.tw/mops/web/ajax_t163sb04
中游,伺服器滑軌與機殼,6584,南俊國際,2023,3,income_statement,生物資產當期公允價值減出售成本之變動利益（損失）,,--,otc,https://mopsov.twse.com.tw/mops/web/ajax_t163sb04
中游,伺服器滑軌與機殼,6584,南俊國際,2023,3,income_statement,營業毛利（毛損）,139623,"139,623",otc,https://mopsov.twse.com.tw/mops/web/ajax_t163sb04
中游,伺服器滑軌與機殼,6584,南俊國際,2023,3,income_statement,未實現銷貨（損）益,,--,otc,https://mopsov.twse.com.tw/mops/web/ajax_t163sb04
中游,伺服器滑軌與機殼,6584,南俊國際,2023,3,income_statement,已實現銷貨（損）益,,--,otc,https://mopsov.twse.com.tw/mops/web/ajax_t163sb04
中游,伺服器滑軌與機殼,6584,南俊國際,2023,3,income_statement,營業毛利（毛損）淨額,139623,"139,623",otc,https://mopsov.twse.com.tw/mops/web/ajax_t163sb04
中游,伺服器滑軌與機殼,6584,南俊國際,2023,3,income_statement,營業費用,170768,"170,768",otc,https://mopsov.twse.com.tw/mops/web/ajax_t163sb04
中游,伺服器滑軌與機殼,6584,南俊國際,2023,3,income_statement,其他收益及費損淨額,,--,otc,https://mopsov.twse.com.tw/mops/web/ajax_t163sb04
中游,伺服器滑軌與機殼,6584,南俊國際,2023,3,income_statement,營業利益（損失）,-31145,"-31,145",otc,https://mopsov.twse.com.tw/mops/web/ajax_t163sb04
中游,伺服器滑軌與機殼,6584,南俊國際,2023,3,income_statement,營業外收入及支出,17113,"17,113",otc,https://mopsov.twse.com.tw/mops/web/ajax_t163sb04
中游,伺服器滑軌與機殼,6584,南俊國際,2023,3,income_statement,稅前淨利（淨損）,-14032,"-14,032",otc,https://mopsov.twse.com.tw/mops/web/ajax_t163sb04
中游,伺服器滑軌與機殼,6584,南俊國際,2023,3,income_statement,所得稅費用（利益）,-6530,"-6,530",otc,https://mopsov.twse.com.tw/mops/web/ajax_t163sb04
中游,伺服器滑軌與機殼,6584,南俊國際,2023,3,income_statement,繼續營業單位本期淨利（淨損）,-7502,"-7,502",otc,https://mopsov.twse.com.tw/mops/web/ajax_t163sb04
中游,伺服器滑軌與機殼,6584,南俊國際,2023,3,income_statement,停業單位損益,,--,otc,https://mopsov.twse.com.tw/mops/web/ajax_t163sb04
中游,伺服器滑軌與機殼,6584,南俊國際,2023,3,income_statement,合併前非屬共同控制股權損益,,--,otc,https://mopsov.twse.com.tw/mops/web/ajax_t163sb04
中游,伺服器滑軌與機殼,6584,南俊國際,2023,3,income_statement,本期淨利（淨損）,-7502,"-7,502",otc,https://mopsov.twse.com.tw/mops/web/ajax_t163sb04
中游,伺服器滑軌與機殼,6584,南俊國際,2023,3,income_statement,其他綜合損益（淨額）,1146,"1,146",otc,https://mopsov.twse.com.tw/mops/web/ajax_t163sb04
中游,伺服器滑軌與機殼,6584,南俊國際,2023,3,income_statement,合併前非屬共同控制股權綜合損益淨額,,--,otc,https://mopsov.twse.com.tw/mops/web/ajax_t163sb04
中游,伺服器滑軌與機殼,6584,南俊國際,2023,3,income_statement,本期綜合損益總額,-6356,"-6,356",otc,https://mopsov.twse.com.tw/mops/web/ajax_t163sb04
中游,伺服器滑軌與機殼,6584,南俊國際,2023,3,income_statement,淨利（淨損）歸屬於母公司業主,-7502,"-7,502",otc,https://mopsov.twse.com.tw/mops/web/ajax_t163sb04
中游,伺服器滑軌與機殼,6584,南俊國際,2023,3,income_statement,淨利（淨損）歸屬於共同控制下前手權益,,--,otc,https://mopsov.twse.com.tw/mops/web/ajax_t163sb04
中游,伺服器滑軌與機殼,6584,南俊國際,2023,3,income_statement,淨利（淨損）歸屬於非控制權益,,--,otc,https://mopsov.twse.com.tw/mops/web/ajax_t163sb04
中游,伺服器滑軌與機殼,6584,南俊國際,2023,3,income_statement,綜合損益總額歸屬於母公司業主,-6356,"-6,356",otc,https://mopsov.twse.com.tw/mops/web/ajax_t163sb04
中游,伺服器滑軌與機殼,6584,南俊國際,2023,3,income_statement,綜合損益總額歸屬於共同控制下前手權益,,--,otc,https://mopsov.twse.com.tw/mops/web/ajax_t163sb04
中游,伺服器滑軌與機殼,6584,南俊國際,2023,3,income_statement,綜合損益總額歸屬於非控制權益,,--,otc,https://mopsov.twse.com.tw/mops/web/ajax_t163sb04
中游,伺服器滑軌與機殼,6584,南俊國際,2023,3,income_statement,基本每股盈餘（元）,-0.12,-0.12,otc,https://mopsov.twse.com.tw/mops/web/ajax_t163sb04
中游,伺服器滑軌與機殼,2059,川湖,2023,3,balance_sheet,流動資產,15603253,"15,603,253",sii,https://mopsov.twse.com.tw/mops/web/ajax_t163sb05
中游,伺服器滑軌與機殼,2059,川湖,2023,3,balance_sheet,非流動資產,4380107,"4,380,107",sii,https://mopsov.twse.com.tw/mops/web/ajax_t163sb05
中游,伺服器滑軌與機殼,2059,川湖,2023,3,balance_sheet,資產總計,19983360,"19,983,360",sii,https://mopsov.twse.com.tw/mops/web/ajax_t163sb05
中游,伺服器滑軌與機殼,2059,川湖,2023,3,balance_sheet,流動負債,1920041,"1,920,041",sii,https://mopsov.twse.com.tw/mops/web/ajax_t163sb05
中游,伺服器滑軌與機殼,2059,川湖,2023,3,balance_sheet,非流動負債,2142638,"2,142,638",sii,https://mopsov.twse.com.tw/mops/web/ajax_t163sb05
中游,伺服器滑軌與機殼,2059,川湖,2023,3,balance_sheet,負債總計,4062679,"4,062,679",sii,https://mopsov.twse.com.tw/mops/web/ajax_t163sb05
中游,伺服器滑軌與機殼,2059,川湖,2023,3,balance_sheet,股本,952971,"952,971",sii,https://mopsov.twse.com.tw/mops/web/ajax_t163sb05
中游,伺服器滑軌與機殼,2059,川湖,2023,3,balance_sheet,權益─具證券性質之虛擬通貨,,--,sii,https://mopsov.twse.com.tw/mops/web/ajax_t163sb05
中游,伺服器滑軌與機殼,2059,川湖,2023,3,balance_sheet,資本公積,796691,"796,691",sii,https://mopsov.twse.com.tw/mops/web/ajax_t163sb05
中游,伺服器滑軌與機殼,2059,川湖,2023,3,balance_sheet,保留盈餘,14141158,"14,141,158",sii,https://mopsov.twse.com.tw/mops/web/ajax_t163sb05
中游,伺服器滑軌與機殼,2059,川湖,2023,3,balance_sheet,其他權益,29861,"29,861",sii,https://mopsov.twse.com.tw/mops/web/ajax_t163sb05
中游,伺服器滑軌與機殼,2059,川湖,2023,3,balance_sheet,庫藏股票,0,0,sii,https://mopsov.twse.com.tw/mops/web/ajax_t163sb05
中游,伺服器滑軌與機殼,2059,川湖,2023,3,balance_sheet,歸屬於母公司業主之權益合計,15920681,"15,920,681",sii,https://mopsov.twse.com.tw/mops/web/ajax_t163sb05
中游,伺服器滑軌與機殼,2059,川湖,2023,3,balance_sheet,共同控制下前手權益,,--,sii,https://mopsov.twse.com.tw/mops/web/ajax_t163sb05
中游,伺服器滑軌與機殼,2059,川湖,2023,3,balance_sheet,合併前非屬共同控制股權,,--,sii,https://mopsov.twse.com.tw/mops/web/ajax_t163sb05
中游,伺服器滑軌與機殼,2059,川湖,2023,3,balance_sheet,非控制權益,0,0,sii,https://mopsov.twse.com.tw/mops/web/ajax_t163sb05
中游,伺服器滑軌與機殼,2059,川湖,2023,3,balance_sheet,權益總計,15920681,"15,920,681",sii,https://mopsov.twse.com.tw/mops/web/ajax_t163sb05
中游,伺服器滑軌與機殼,2059,川湖,2023,3,balance_sheet,待註銷股本股數（單位：股）,0,0,sii,https://mopsov.twse.com.tw/mops/web/ajax_t163sb05
中游,伺服器滑軌與機殼,2059,川湖,2023,3,balance_sheet,預收股款（權益項下）之約當發行股數（單位：股）,0,0,sii,https://mopsov.twse.com.tw/mops/web/ajax_t163sb05
中游,伺服器滑軌與機殼,2059,川湖,2023,3,balance_sheet,母公司暨子公司所持有之母公司庫藏股股數（單位：股）,0,0,sii,https://mopsov.twse.com.tw/mops/web/ajax_t163sb05
中游,伺服器滑軌與機殼,2059,川湖,2023,3,balance_sheet,每股參考淨值,167.06,167.06,sii,https://mopsov.twse.com.tw/mops/web/ajax_t163sb05
中游,伺服器滑軌與機殼,8210,勤誠,2023,3,balance_sheet,流動資產,6706852,"6,706,852",sii,https://mopsov.twse.com.tw/mops/web/ajax_t163sb05
中游,伺服器滑軌與機殼,8210,勤誠,2023,3,balance_sheet,非流動資產,5426390,"5,426,390",sii,https://mopsov.twse.com.tw/mops/web/ajax_t163sb05
中游,伺服器滑軌與機殼,8210,勤誠,2023,3,balance_sheet,資產總計,12133242,"12,133,242",sii,https://mopsov.twse.com.tw/mops/web/ajax_t163sb05
中游,伺服器滑軌與機殼,8210,勤誠,2023,3,balance_sheet,流動負債,4219179,"4,219,179",sii,https://mopsov.twse.com.tw/mops/web/ajax_t163sb05
中游,伺服器滑軌與機殼,8210,勤誠,2023,3,balance_sheet,非流動負債,2785458,"2,785,458",sii,https://mopsov.twse.com.tw/mops/web/ajax_t163sb05
中游,伺服器滑軌與機殼,8210,勤誠,2023,3,balance_sheet,負債總計,7004637,"7,004,637",sii,https://mopsov.twse.com.tw/mops/web/ajax_t163sb05
中游,伺服器滑軌與機殼,8210,勤誠,2023,3,balance_sheet,股本,1206070,"1,206,070",sii,https://mopsov.twse.com.tw/mops/web/ajax_t163sb05
中游,伺服器滑軌與機殼,8210,勤誠,2023,3,balance_sheet,權益─具證券性質之虛擬通貨,,--,sii,https://mopsov.twse.com.tw/mops/web/ajax_t163sb05
中游,伺服器滑軌與機殼,8210,勤誠,2023,3,balance_sheet,資本公積,148959,"148,959",sii,https://mopsov.twse.com.tw/mops/web/ajax_t163sb05
中游,伺服器滑軌與機殼,8210,勤誠,2023,3,balance_sheet,保留盈餘,3800085,"3,800,085",sii,https://mopsov.twse.com.tw/mops/web/ajax_t163sb05
中游,伺服器滑軌與機殼,8210,勤誠,2023,3,balance_sheet,其他權益,-79069,"-79,069",sii,https://mopsov.twse.com.tw/mops/web/ajax_t163sb05
中游,伺服器滑軌與機殼,8210,勤誠,2023,3,balance_sheet,庫藏股票,,--,sii,https://mopsov.twse.com.tw/mops/web/ajax_t163sb05
中游,伺服器滑軌與機殼,8210,勤誠,2023,3,balance_sheet,歸屬於母公司業主之權益合計,5076045,"5,076,045",sii,https://mopsov.twse.com.tw/mops/web/ajax_t163sb05
中游,伺服器滑軌與機殼,8210,勤誠,2023,3,balance_sheet,共同控制下前手權益,,--,sii,https://mopsov.twse.com.tw/mops/web/ajax_t163sb05
中游,伺服器滑軌與機殼,8210,勤誠,2023,3,balance_sheet,合併前非屬共同控制股權,,--,sii,https://mopsov.twse.com.tw/mops/web/ajax_t163sb05
中游,伺服器滑軌與機殼,8210,勤誠,2023,3,balance_sheet,非控制權益,52560,"52,560",sii,https://mopsov.twse.com.tw/mops/web/ajax_t163sb05
中游,伺服器滑軌與機殼,8210,勤誠,2023,3,balance_sheet,權益總計,5128605,"5,128,605",sii,https://mopsov.twse.com.tw/mops/web/ajax_t163sb05
中游,伺服器滑軌與機殼,8210,勤誠,2023,3,balance_sheet,待註銷股本股數（單位：股）,0,0,sii,https://mopsov.twse.com.tw/mops/web/ajax_t163sb05
中游,伺服器滑軌與機殼,8210,勤誠,2023,3,balance_sheet,預收股款（權益項下）之約當發行股數（單位：股）,0,0,sii,https://mopsov.twse.com.tw/mops/web/ajax_t163sb05
中游,伺服器滑軌與機殼,8210,勤誠,2023,3,balance_sheet,母公司暨子公司所持有之母公司庫藏股股數（單位：股）,0,0,sii,https://mopsov.twse.com.tw/mops/web/ajax_t163sb05
中游,伺服器滑軌與機殼,8210,勤誠,2023,3,balance_sheet,每股參考淨值,42.09,42.09,sii,https://mopsov.twse.com.tw/mops/web/ajax_t163sb05
中游,伺服器滑軌與機殼,6584,南俊國際,2023,3,balance_sheet,流動資產,836632,"836,632",otc,https://mopsov.twse.com.tw/mops/web/ajax_t163sb05
中游,伺服器滑軌與機殼,6584,南俊國際,2023,3,balance_sheet,非流動資產,2550399,"2,550,399",otc,https://mopsov.twse.com.tw/mops/web/ajax_t163sb05
中游,伺服器滑軌與機殼,6584,南俊國際,2023,3,balance_sheet,資產總計,3387031,"3,387,031",otc,https://mopsov.twse.com.tw/mops/web/ajax_t163sb05
中游,伺服器滑軌與機殼,6584,南俊國際,2023,3,balance_sheet,流動負債,704389,"704,389",otc,https://mopsov.twse.com.tw/mops/web/ajax_t163sb05
中游,伺服器滑軌與機殼,6584,南俊國際,2023,3,balance_sheet,非流動負債,771172,"771,172",otc,https://mopsov.twse.com.tw/mops/web/ajax_t163sb05
中游,伺服器滑軌與機殼,6584,南俊國際,2023,3,balance_sheet,負債總計,1475561,"1,475,561",otc,https://mopsov.twse.com.tw/mops/web/ajax_t163sb05
中游,伺服器滑軌與機殼,6584,南俊國際,2023,3,balance_sheet,股本,656426,"656,426",otc,https://mopsov.twse.com.tw/mops/web/ajax_t163sb05
中游,伺服器滑軌與機殼,6584,南俊國際,2023,3,balance_sheet,權益─具證券性質之虛擬通貨,,--,otc,https://mopsov.twse.com.tw/mops/web/ajax_t163sb05
中游,伺服器滑軌與機殼,6584,南俊國際,2023,3,balance_sheet,資本公積,706114,"706,114",otc,https://mopsov.twse.com.tw/mops/web/ajax_t163sb05
中游,伺服器滑軌與機殼,6584,南俊國際,2023,3,balance_sheet,保留盈餘,551245,"551,245",otc,https://mopsov.twse.com.tw/mops/web/ajax_t163sb05
中游,伺服器滑軌與機殼,6584,南俊國際,2023,3,balance_sheet,其他權益,-2315,"-2,315",otc,https://mopsov.twse.com.tw/mops/web/ajax_t163sb05
中游,伺服器滑軌與機殼,6584,南俊國際,2023,3,balance_sheet,庫藏股票,,--,otc,https://mopsov.twse.com.tw/mops/web/ajax_t163sb05
中游,伺服器滑軌與機殼,6584,南俊國際,2023,3,balance_sheet,歸屬於母公司業主之權益合計,1911470,"1,911,470",otc,https://mopsov.twse.com.tw/mops/web/ajax_t163sb05
中游,伺服器滑軌與機殼,6584,南俊國際,2023,3,balance_sheet,共同控制下前手權益,,--,otc,https://mopsov.twse.com.tw/mops/web/ajax_t163sb05
中游,伺服器滑軌與機殼,6584,南俊國際,2023,3,balance_sheet,合併前非屬共同控制股權,,--,otc,https://mopsov.twse.com.tw/mops/web/ajax_t163sb05
中游,伺服器滑軌與機殼,6584,南俊國際,2023,3,balance_sheet,非控制權益,,--,otc,https://mopsov.twse.com.tw/mops/web/ajax_t163sb05
中游,伺服器滑軌與機殼,6584,南俊國際,2023,3,balance_sheet,權益總計,1911470,"1,911,470",otc,https://mopsov.twse.com.tw/mops/web/ajax_t163sb05
中游,伺服器滑軌與機殼,6584,南俊國際,2023,3,balance_sheet,待註銷股本股數（單位：股）,0,0,otc,https://mopsov.twse.com.tw/mops/web/ajax_t163sb05
中游,伺服器滑軌與機殼,6584,南俊國際,2023,3,balance_sheet,預收股款（權益項下）之約當發行股數（單位：股）,0,0,otc,https://mopsov.twse.com.tw/mops/web/ajax_t163sb05
中游,伺服器滑軌與機殼,6584,南俊國際,2023,3,balance_sheet,母公司暨子公司所持有之母公司庫藏股股數（單位：股）,0,0,otc,https://mopsov.twse.com.tw/mops/web/ajax_t163sb05
中游,伺服器滑軌與機殼,6584,南俊國際,2023,3,balance_sheet,每股參考淨值,29.12,29.12,otc,https://mopsov.twse.com.tw/mops/web/ajax_t163sb05
中游,伺服器滑軌與機殼,2059,川湖,2023,3,cash_flow,營業活動之淨現金流入（流出）,2299863,"2,299,863",sii,https://mopsov.twse.com.tw/mops/web/ajax_t163sb20
中游,伺服器滑軌與機殼,2059,川湖,2023,3,cash_flow,投資活動之淨現金流入（流出）,-337768,"-337,768",sii,https://mopsov.twse.com.tw/mops/web/ajax_t163sb20
中游,伺服器滑軌與機殼,2059,川湖,2023,3,cash_flow,籌資活動之淨現金流入（流出）,-1927864,"-1,927,864",sii,https://mopsov.twse.com.tw/mops/web/ajax_t163sb20
中游,伺服器滑軌與機殼,2059,川湖,2023,3,cash_flow,匯率變動對現金及約當現金之影響,437892,"437,892",sii,https://mopsov.twse.com.tw/mops/web/ajax_t163sb20
中游,伺服器滑軌與機殼,2059,川湖,2023,3,cash_flow,本期現金及約當現金增加（減少）數,472123,"472,123",sii,https://mopsov.twse.com.tw/mops/web/ajax_t163sb20
中游,伺服器滑軌與機殼,2059,川湖,2023,3,cash_flow,期初現金及約當現金餘額,11592473,"11,592,473",sii,https://mopsov.twse.com.tw/mops/web/ajax_t163sb20
中游,伺服器滑軌與機殼,2059,川湖,2023,3,cash_flow,期末現金及約當現金餘額,12064596,"12,064,596",sii,https://mopsov.twse.com.tw/mops/web/ajax_t163sb20
中游,伺服器滑軌與機殼,8210,勤誠,2023,3,cash_flow,營業活動之淨現金流入（流出）,1422662,"1,422,662",sii,https://mopsov.twse.com.tw/mops/web/ajax_t163sb20
中游,伺服器滑軌與機殼,8210,勤誠,2023,3,cash_flow,投資活動之淨現金流入（流出）,-201901,"-201,901",sii,https://mopsov.twse.com.tw/mops/web/ajax_t163sb20
中游,伺服器滑軌與機殼,8210,勤誠,2023,3,cash_flow,籌資活動之淨現金流入（流出）,-987347,"-987,347",sii,https://mopsov.twse.com.tw/mops/web/ajax_t163sb20
中游,伺服器滑軌與機殼,8210,勤誠,2023,3,cash_flow,匯率變動對現金及約當現金之影響,39081,"39,081",sii,https://mopsov.twse.com.tw/mops/web/ajax_t163sb20
中游,伺服器滑軌與機殼,8210,勤誠,2023,3,cash_flow,本期現金及約當現金增加（減少）數,272495,"272,495",sii,https://mopsov.twse.com.tw/mops/web/ajax_t163sb20
中游,伺服器滑軌與機殼,8210,勤誠,2023,3,cash_flow,期初現金及約當現金餘額,1852718,"1,852,718",sii,https://mopsov.twse.com.tw/mops/web/ajax_t163sb20
中游,伺服器滑軌與機殼,8210,勤誠,2023,3,cash_flow,期末現金及約當現金餘額,2125213,"2,125,213",sii,https://mopsov.twse.com.tw/mops/web/ajax_t163sb20
中游,伺服器滑軌與機殼,6584,南俊國際,2023,3,cash_flow,營業活動之淨現金流入（流出）,9933,"9,933",otc,https://mopsov.twse.com.tw/mops/web/ajax_t163sb20
中游,伺服器滑軌與機殼,6584,南俊國際,2023,3,cash_flow,投資活動之淨現金流入（流出）,-33643,"-33,643",otc,https://mopsov.twse.com.tw/mops/web/ajax_t163sb20
中游,伺服器滑軌與機殼,6584,南俊國際,2023,3,cash_flow,籌資活動之淨現金流入（流出）,-92554,"-92,554",otc,https://mopsov.twse.com.tw/mops/web/ajax_t163sb20
中游,伺服器滑軌與機殼,6584,南俊國際,2023,3,cash_flow,匯率變動對現金及約當現金之影響,1193,"1,193",otc,https://mopsov.twse.com.tw/mops/web/ajax_t163sb20
中游,伺服器滑軌與機殼,6584,南俊國際,2023,3,cash_flow,本期現金及約當現金增加（減少）數,-115071,"-115,071",otc,https://mopsov.twse.com.tw/mops/web/ajax_t163sb20
中游,伺服器滑軌與機殼,6584,南俊國際,2023,3,cash_flow,期初現金及約當現金餘額,362404,"362,404",otc,https://mopsov.twse.com.tw/mops/web/ajax_t163sb20
中游,伺服器滑軌與機殼,6584,南俊國際,2023,3,cash_flow,期末現金及約當現金餘額,247333,"247,333",otc,https://mopsov.twse.com.tw/mops/web/ajax_t163sb20
中游,伺服器滑軌與機殼,2059,川湖,2023,4,income_statement,營業收入,5762971,"5,762,971",sii,https://mopsov.twse.com.tw/mops/web/ajax_t163sb04
中游,伺服器滑軌與機殼,2059,川湖,2023,4,income_statement,營業成本,2231439,"2,231,439",sii,https://mopsov.twse.com.tw/mops/web/ajax_t163sb04
中游,伺服器滑軌與機殼,2059,川湖,2023,4,income_statement,原始認列生物資產及農產品之利益（損失）,,--,sii,https://mopsov.twse.com.tw/mops/web/ajax_t163sb04
中游,伺服器滑軌與機殼,2059,川湖,2023,4,income_statement,生物資產當期公允價值減出售成本之變動利益（損失）,,--,sii,https://mopsov.twse.com.tw/mops/web/ajax_t163sb04
中游,伺服器滑軌與機殼,2059,川湖,2023,4,income_statement,營業毛利（毛損）,3531532,"3,531,532",sii,https://mopsov.twse.com.tw/mops/web/ajax_t163sb04
中游,伺服器滑軌與機殼,2059,川湖,2023,4,income_statement,未實現銷貨（損）益,,--,sii,https://mopsov.twse.com.tw/mops/web/ajax_t163sb04
中游,伺服器滑軌與機殼,2059,川湖,2023,4,income_statement,已實現銷貨（損）益,,--,sii,https://mopsov.twse.com.tw/mops/web/ajax_t163sb04
中游,伺服器滑軌與機殼,2059,川湖,2023,4,income_statement,營業毛利（毛損）淨額,3531532,"3,531,532",sii,https://mopsov.twse.com.tw/mops/web/ajax_t163sb04
中游,伺服器滑軌與機殼,2059,川湖,2023,4,income_statement,營業費用,643378,"643,378",sii,https://mopsov.twse.com.tw/mops/web/ajax_t163sb04
中游,伺服器滑軌與機殼,2059,川湖,2023,4,income_statement,其他收益及費損淨額,,--,sii,https://mopsov.twse.com.tw/mops/web/ajax_t163sb04
中游,伺服器滑軌與機殼,2059,川湖,2023,4,income_statement,營業利益（損失）,2888154,"2,888,154",sii,https://mopsov.twse.com.tw/mops/web/ajax_t163sb04
中游,伺服器滑軌與機殼,2059,川湖,2023,4,income_statement,營業外收入及支出,537528,"537,528",sii,https://mopsov.twse.com.tw/mops/web/ajax_t163sb04
中游,伺服器滑軌與機殼,2059,川湖,2023,4,income_statement,稅前淨利（淨損）,3425682,"3,425,682",sii,https://mopsov.twse.com.tw/mops/web/ajax_t163sb04
中游,伺服器滑軌與機殼,2059,川湖,2023,4,income_statement,所得稅費用（利益）,721363,"721,363",sii,https://mopsov.twse.com.tw/mops/web/ajax_t163sb04
中游,伺服器滑軌與機殼,2059,川湖,2023,4,income_statement,繼續營業單位本期淨利（淨損）,2704319,"2,704,319",sii,https://mopsov.twse.com.tw/mops/web/ajax_t163sb04
中游,伺服器滑軌與機殼,2059,川湖,2023,4,income_statement,停業單位損益,,--,sii,https://mopsov.twse.com.tw/mops/web/ajax_t163sb04
中游,伺服器滑軌與機殼,2059,川湖,2023,4,income_statement,合併前非屬共同控制股權損益,,--,sii,https://mopsov.twse.com.tw/mops/web/ajax_t163sb04
中游,伺服器滑軌與機殼,2059,川湖,2023,4,income_statement,本期淨利（淨損）,2704319,"2,704,319",sii,https://mopsov.twse.com.tw/mops/web/ajax_t163sb04
中游,伺服器滑軌與機殼,2059,川湖,2023,4,income_statement,其他綜合損益（淨額）,-536,-536,sii,https://mopsov.twse.com.tw/mops/web/ajax_t163sb04
中游,伺服器滑軌與機殼,2059,川湖,2023,4,income_statement,合併前非屬共同控制股權綜合損益淨額,,--,sii,https://mopsov.twse.com.tw/mops/web/ajax_t163sb04
中游,伺服器滑軌與機殼,2059,川湖,2023,4,income_statement,本期綜合損益總額,2703783,"2,703,783",sii,https://mopsov.twse.com.tw/mops/web/ajax_t163sb04
中游,伺服器滑軌與機殼,2059,川湖,2023,4,income_statement,淨利（淨損）歸屬於母公司業主,2704319,"2,704,319",sii,https://mopsov.twse.com.tw/mops/web/ajax_t163sb04
中游,伺服器滑軌與機殼,2059,川湖,2023,4,income_statement,淨利（淨損）歸屬於共同控制下前手權益,,--,sii,https://mopsov.twse.com.tw/mops/web/ajax_t163sb04
中游,伺服器滑軌與機殼,2059,川湖,2023,4,income_statement,淨利（淨損）歸屬於非控制權益,,--,sii,https://mopsov.twse.com.tw/mops/web/ajax_t163sb04
中游,伺服器滑軌與機殼,2059,川湖,2023,4,income_statement,綜合損益總額歸屬於母公司業主,2703783,"2,703,783",sii,https://mopsov.twse.com.tw/mops/web/ajax_t163sb04
中游,伺服器滑軌與機殼,2059,川湖,2023,4,income_statement,綜合損益總額歸屬於共同控制下前手權益,,--,sii,https://mopsov.twse.com.tw/mops/web/ajax_t163sb04
中游,伺服器滑軌與機殼,2059,川湖,2023,4,income_statement,綜合損益總額歸屬於非控制權益,,--,sii,https://mopsov.twse.com.tw/mops/web/ajax_t163sb04
中游,伺服器滑軌與機殼,2059,川湖,2023,4,income_statement,基本每股盈餘（元）,28.38,28.38,sii,https://mopsov.twse.com.tw/mops/web/ajax_t163sb04
中游,伺服器滑軌與機殼,8210,勤誠,2023,4,income_statement,營業收入,11247258,"11,247,258",sii,https://mopsov.twse.com.tw/mops/web/ajax_t163sb04
中游,伺服器滑軌與機殼,8210,勤誠,2023,4,income_statement,營業成本,8673431,"8,673,431",sii,https://mopsov.twse.com.tw/mops/web/ajax_t163sb04
中游,伺服器滑軌與機殼,8210,勤誠,2023,4,income_statement,原始認列生物資產及農產品之利益（損失）,,--,sii,https://mopsov.twse.com.tw/mops/web/ajax_t163sb04
中游,伺服器滑軌與機殼,8210,勤誠,2023,4,income_statement,生物資產當期公允價值減出售成本之變動利益（損失）,,--,sii,https://mopsov.twse.com.tw/mops/web/ajax_t163sb04
中游,伺服器滑軌與機殼,8210,勤誠,2023,4,income_statement,營業毛利（毛損）,2573827,"2,573,827",sii,https://mopsov.twse.com.tw/mops/web/ajax_t163sb04
中游,伺服器滑軌與機殼,8210,勤誠,2023,4,income_statement,未實現銷貨（損）益,,--,sii,https://mopsov.twse.com.tw/mops/web/ajax_t163sb04
中游,伺服器滑軌與機殼,8210,勤誠,2023,4,income_statement,已實現銷貨（損）益,,--,sii,https://mopsov.twse.com.tw/mops/web/ajax_t163sb04
中游,伺服器滑軌與機殼,8210,勤誠,2023,4,income_statement,營業毛利（毛損）淨額,2573827,"2,573,827",sii,https://mopsov.twse.com.tw/mops/web/ajax_t163sb04
中游,伺服器滑軌與機殼,8210,勤誠,2023,4,income_statement,營業費用,1127293,"1,127,293",sii,https://mopsov.twse.com.tw/mops/web/ajax_t163sb04
中游,伺服器滑軌與機殼,8210,勤誠,2023,4,income_statement,其他收益及費損淨額,15182,"15,182",sii,https://mopsov.twse.com.tw/mops/web/ajax_t163sb04
中游,伺服器滑軌與機殼,8210,勤誠,2023,4,income_statement,營業利益（損失）,1461716,"1,461,716",sii,https://mopsov.twse.com.tw/mops/web/ajax_t163sb04
中游,伺服器滑軌與機殼,8210,勤誠,2023,4,income_statement,營業外收入及支出,-32080,"-32,080",sii,https://mopsov.twse.com.tw/mops/web/ajax_t163sb04
中游,伺服器滑軌與機殼,8210,勤誠,2023,4,income_statement,稅前淨利（淨損）,1429636,"1,429,636",sii,https://mopsov.twse.com.tw/mops/web/ajax_t163sb04
中游,伺服器滑軌與機殼,8210,勤誠,2023,4,income_statement,所得稅費用（利益）,322596,"322,596",sii,https://mopsov.twse.com.tw/mops/web/ajax_t163sb04
中游,伺服器滑軌與機殼,8210,勤誠,2023,4,income_statement,繼續營業單位本期淨利（淨損）,1107040,"1,107,040",sii,https://mopsov.twse.com.tw/mops/web/ajax_t163sb04
中游,伺服器滑軌與機殼,8210,勤誠,2023,4,income_statement,停業單位損益,,--,sii,https://mopsov.twse.com.tw/mops/web/ajax_t163sb04
中游,伺服器滑軌與機殼,8210,勤誠,2023,4,income_statement,合併前非屬共同控制股權損益,,--,sii,https://mopsov.twse.com.tw/mops/web/ajax_t163sb04
中游,伺服器滑軌與機殼,8210,勤誠,2023,4,income_statement,本期淨利（淨損）,1107040,"1,107,040",sii,https://mopsov.twse.com.tw/mops/web/ajax_t163sb04
中游,伺服器滑軌與機殼,8210,勤誠,2023,4,income_statement,其他綜合損益（淨額）,5257,"5,257",sii,https://mopsov.twse.com.tw/mops/web/ajax_t163sb04
中游,伺服器滑軌與機殼,8210,勤誠,2023,4,income_statement,合併前非屬共同控制股權綜合損益淨額,,--,sii,https://mopsov.twse.com.tw/mops/web/ajax_t163sb04
中游,伺服器滑軌與機殼,8210,勤誠,2023,4,income_statement,本期綜合損益總額,1112297,"1,112,297",sii,https://mopsov.twse.com.tw/mops/web/ajax_t163sb04
中游,伺服器滑軌與機殼,8210,勤誠,2023,4,income_statement,淨利（淨損）歸屬於母公司業主,1085456,"1,085,456",sii,https://mopsov.twse.com.tw/mops/web/ajax_t163sb04
中游,伺服器滑軌與機殼,8210,勤誠,2023,4,income_statement,淨利（淨損）歸屬於共同控制下前手權益,,--,sii,https://mopsov.twse.com.tw/mops/web/ajax_t163sb04
中游,伺服器滑軌與機殼,8210,勤誠,2023,4,income_statement,淨利（淨損）歸屬於非控制權益,21584,"21,584",sii,https://mopsov.twse.com.tw/mops/web/ajax_t163sb04
中游,伺服器滑軌與機殼,8210,勤誠,2023,4,income_statement,綜合損益總額歸屬於母公司業主,1090713,"1,090,713",sii,https://mopsov.twse.com.tw/mops/web/ajax_t163sb04
中游,伺服器滑軌與機殼,8210,勤誠,2023,4,income_statement,綜合損益總額歸屬於共同控制下前手權益,,--,sii,https://mopsov.twse.com.tw/mops/web/ajax_t163sb04
中游,伺服器滑軌與機殼,8210,勤誠,2023,4,income_statement,綜合損益總額歸屬於非控制權益,21584,"21,584",sii,https://mopsov.twse.com.tw/mops/web/ajax_t163sb04
中游,伺服器滑軌與機殼,8210,勤誠,2023,4,income_statement,基本每股盈餘（元）,9.03,9.03,sii,https://mopsov.twse.com.tw/mops/web/ajax_t163sb04
中游,伺服器滑軌與機殼,6584,南俊國際,2023,4,income_statement,營業收入,1324276,"1,324,276",otc,https://mopsov.twse.com.tw/mops/web/ajax_t163sb04
中游,伺服器滑軌與機殼,6584,南俊國際,2023,4,income_statement,營業成本,1085424,"1,085,424",otc,https://mopsov.twse.com.tw/mops/web/ajax_t163sb04
中游,伺服器滑軌與機殼,6584,南俊國際,2023,4,income_statement,原始認列生物資產及農產品之利益（損失）,,--,otc,https://mopsov.twse.com.tw/mops/web/ajax_t163sb04
中游,伺服器滑軌與機殼,6584,南俊國際,2023,4,income_statement,生物資產當期公允價值減出售成本之變動利益（損失）,,--,otc,https://mopsov.twse.com.tw/mops/web/ajax_t163sb04
中游,伺服器滑軌與機殼,6584,南俊國際,2023,4,income_statement,營業毛利（毛損）,238852,"238,852",otc,https://mopsov.twse.com.tw/mops/web/ajax_t163sb04
中游,伺服器滑軌與機殼,6584,南俊國際,2023,4,income_statement,未實現銷貨（損）益,,--,otc,https://mopsov.twse.com.tw/mops/web/ajax_t163sb04
中游,伺服器滑軌與機殼,6584,南俊國際,2023,4,income_statement,已實現銷貨（損）益,,--,otc,https://mopsov.twse.com.tw/mops/web/ajax_t163sb04
中游,伺服器滑軌與機殼,6584,南俊國際,2023,4,income_statement,營業毛利（毛損）淨額,238852,"238,852",otc,https://mopsov.twse.com.tw/mops/web/ajax_t163sb04
中游,伺服器滑軌與機殼,6584,南俊國際,2023,4,income_statement,營業費用,229360,"229,360",otc,https://mopsov.twse.com.tw/mops/web/ajax_t163sb04
中游,伺服器滑軌與機殼,6584,南俊國際,2023,4,income_statement,其他收益及費損淨額,,--,otc,https://mopsov.twse.com.tw/mops/web/ajax_t163sb04
中游,伺服器滑軌與機殼,6584,南俊國際,2023,4,income_statement,營業利益（損失）,9492,"9,492",otc,https://mopsov.twse.com.tw/mops/web/ajax_t163sb04
中游,伺服器滑軌與機殼,6584,南俊國際,2023,4,income_statement,營業外收入及支出,-4771,"-4,771",otc,https://mopsov.twse.com.tw/mops/web/ajax_t163sb04
中游,伺服器滑軌與機殼,6584,南俊國際,2023,4,income_statement,稅前淨利（淨損）,4721,"4,721",otc,https://mopsov.twse.com.tw/mops/web/ajax_t163sb04
中游,伺服器滑軌與機殼,6584,南俊國際,2023,4,income_statement,所得稅費用（利益）,-3607,"-3,607",otc,https://mopsov.twse.com.tw/mops/web/ajax_t163sb04
中游,伺服器滑軌與機殼,6584,南俊國際,2023,4,income_statement,繼續營業單位本期淨利（淨損）,8328,"8,328",otc,https://mopsov.twse.com.tw/mops/web/ajax_t163sb04
中游,伺服器滑軌與機殼,6584,南俊國際,2023,4,income_statement,停業單位損益,,--,otc,https://mopsov.twse.com.tw/mops/web/ajax_t163sb04
中游,伺服器滑軌與機殼,6584,南俊國際,2023,4,income_statement,合併前非屬共同控制股權損益,,--,otc,https://mopsov.twse.com.tw/mops/web/ajax_t163sb04
中游,伺服器滑軌與機殼,6584,南俊國際,2023,4,income_statement,本期淨利（淨損）,8328,"8,328",otc,https://mopsov.twse.com.tw/mops/web/ajax_t163sb04
中游,伺服器滑軌與機殼,6584,南俊國際,2023,4,income_statement,其他綜合損益（淨額）,-2451,"-2,451",otc,https://mopsov.twse.com.tw/mops/web/ajax_t163sb04
中游,伺服器滑軌與機殼,6584,南俊國際,2023,4,income_statement,合併前非屬共同控制股權綜合損益淨額,,--,otc,https://mopsov.twse.com.tw/mops/web/ajax_t163sb04
中游,伺服器滑軌與機殼,6584,南俊國際,2023,4,income_statement,本期綜合損益總額,5877,"5,877",otc,https://mopsov.twse.com.tw/mops/web/ajax_t163sb04
中游,伺服器滑軌與機殼,6584,南俊國際,2023,4,income_statement,淨利（淨損）歸屬於母公司業主,8328,"8,328",otc,https://mopsov.twse.com.tw/mops/web/ajax_t163sb04
中游,伺服器滑軌與機殼,6584,南俊國際,2023,4,income_statement,淨利（淨損）歸屬於共同控制下前手權益,,--,otc,https://mopsov.twse.com.tw/mops/web/ajax_t163sb04
中游,伺服器滑軌與機殼,6584,南俊國際,2023,4,income_statement,淨利（淨損）歸屬於非控制權益,,--,otc,https://mopsov.twse.com.tw/mops/web/ajax_t163sb04
中游,伺服器滑軌與機殼,6584,南俊國際,2023,4,income_statement,綜合損益總額歸屬於母公司業主,5877,"5,877",otc,https://mopsov.twse.com.tw/mops/web/ajax_t163sb04
中游,伺服器滑軌與機殼,6584,南俊國際,2023,4,income_statement,綜合損益總額歸屬於共同控制下前手權益,,--,otc,https://mopsov.twse.com.tw/mops/web/ajax_t163sb04
中游,伺服器滑軌與機殼,6584,南俊國際,2023,4,income_statement,綜合損益總額歸屬於非控制權益,,--,otc,https://mopsov.twse.com.tw/mops/web/ajax_t163sb04
中游,伺服器滑軌與機殼,6584,南俊國際,2023,4,income_statement,基本每股盈餘（元）,0.13,0.13,otc,https://mopsov.twse.com.tw/mops/web/ajax_t163sb04
中游,伺服器滑軌與機殼,2059,川湖,2023,4,balance_sheet,流動資產,16202279,"16,202,279",sii,https://mopsov.twse.com.tw/mops/web/ajax_t163sb05
中游,伺服器滑軌與機殼,2059,川湖,2023,4,balance_sheet,非流動資產,4378649,"4,378,649",sii,https://mopsov.twse.com.tw/mops/web/ajax_t163sb05
中游,伺服器滑軌與機殼,2059,川湖,2023,4,balance_sheet,資產總計,20580928,"20,580,928",sii,https://mopsov.twse.com.tw/mops/web/ajax_t163sb05
中游,伺服器滑軌與機殼,2059,川湖,2023,4,balance_sheet,流動負債,2174310,"2,174,310",sii,https://mopsov.twse.com.tw/mops/web/ajax_t163sb05
中游,伺服器滑軌與機殼,2059,川湖,2023,4,balance_sheet,非流動負債,1970439,"1,970,439",sii,https://mopsov.twse.com.tw/mops/web/ajax_t163sb05
中游,伺服器滑軌與機殼,2059,川湖,2023,4,balance_sheet,負債總計,4144749,"4,144,749",sii,https://mopsov.twse.com.tw/mops/web/ajax_t163sb05
中游,伺服器滑軌與機殼,2059,川湖,2023,4,balance_sheet,股本,952971,"952,971",sii,https://mopsov.twse.com.tw/mops/web/ajax_t163sb05
中游,伺服器滑軌與機殼,2059,川湖,2023,4,balance_sheet,權益─具證券性質之虛擬通貨,,--,sii,https://mopsov.twse.com.tw/mops/web/ajax_t163sb05
中游,伺服器滑軌與機殼,2059,川湖,2023,4,balance_sheet,資本公積,796691,"796,691",sii,https://mopsov.twse.com.tw/mops/web/ajax_t163sb05
中游,伺服器滑軌與機殼,2059,川湖,2023,4,balance_sheet,保留盈餘,14694237,"14,694,237",sii,https://mopsov.twse.com.tw/mops/web/ajax_t163sb05
中游,伺服器滑軌與機殼,2059,川湖,2023,4,balance_sheet,其他權益,-7720,"-7,720",sii,https://mopsov.twse.com.tw/mops/web/ajax_t163sb05
中游,伺服器滑軌與機殼,2059,川湖,2023,4,balance_sheet,庫藏股票,0,0,sii,https://mopsov.twse.com.tw/mops/web/ajax_t163sb05
中游,伺服器滑軌與機殼,2059,川湖,2023,4,balance_sheet,歸屬於母公司業主之權益合計,16436179,"16,436,179",sii,https://mopsov.twse.com.tw/mops/web/ajax_t163sb05
中游,伺服器滑軌與機殼,2059,川湖,2023,4,balance_sheet,共同控制下前手權益,,--,sii,https://mopsov.twse.com.tw/mops/web/ajax_t163sb05
中游,伺服器滑軌與機殼,2059,川湖,2023,4,balance_sheet,合併前非屬共同控制股權,,--,sii,https://mopsov.twse.com.tw/mops/web/ajax_t163sb05
中游,伺服器滑軌與機殼,2059,川湖,2023,4,balance_sheet,非控制權益,0,0,sii,https://mopsov.twse.com.tw/mops/web/ajax_t163sb05
中游,伺服器滑軌與機殼,2059,川湖,2023,4,balance_sheet,權益總計,16436179,"16,436,179",sii,https://mopsov.twse.com.tw/mops/web/ajax_t163sb05
中游,伺服器滑軌與機殼,2059,川湖,2023,4,balance_sheet,待註銷股本股數（單位：股）,,--,sii,https://mopsov.twse.com.tw/mops/web/ajax_t163sb05
中游,伺服器滑軌與機殼,2059,川湖,2023,4,balance_sheet,預收股款（權益項下）之約當發行股數（單位：股）,0,0,sii,https://mopsov.twse.com.tw/mops/web/ajax_t163sb05
中游,伺服器滑軌與機殼,2059,川湖,2023,4,balance_sheet,母公司暨子公司所持有之母公司庫藏股股數（單位：股）,0,0,sii,https://mopsov.twse.com.tw/mops/web/ajax_t163sb05
中游,伺服器滑軌與機殼,2059,川湖,2023,4,balance_sheet,每股參考淨值,172.47,172.47,sii,https://mopsov.twse.com.tw/mops/web/ajax_t163sb05
中游,伺服器滑軌與機殼,8210,勤誠,2023,4,balance_sheet,流動資產,8588111,"8,588,111",sii,https://mopsov.twse.com.tw/mops/web/ajax_t163sb05
中游,伺服器滑軌與機殼,8210,勤誠,2023,4,balance_sheet,非流動資產,5398973,"5,398,973",sii,https://mopsov.twse.com.tw/mops/web/ajax_t163sb05
中游,伺服器滑軌與機殼,8210,勤誠,2023,4,balance_sheet,資產總計,13987084,"13,987,084",sii,https://mopsov.twse.com.tw/mops/web/ajax_t163sb05
中游,伺服器滑軌與機殼,8210,勤誠,2023,4,balance_sheet,流動負債,5682837,"5,682,837",sii,https://mopsov.twse.com.tw/mops/web/ajax_t163sb05
中游,伺服器滑軌與機殼,8210,勤誠,2023,4,balance_sheet,非流動負債,2726412,"2,726,412",sii,https://mopsov.twse.com.tw/mops/web/ajax_t163sb05
中游,伺服器滑軌與機殼,8210,勤誠,2023,4,balance_sheet,負債總計,8409249,"8,409,249",sii,https://mopsov.twse.com.tw/mops/web/ajax_t163sb05
中游,伺服器滑軌與機殼,8210,勤誠,2023,4,balance_sheet,股本,1205945,"1,205,945",sii,https://mopsov.twse.com.tw/mops/web/ajax_t163sb05
中游,伺服器滑軌與機殼,8210,勤誠,2023,4,balance_sheet,權益─具證券性質之虛擬通貨,,--,sii,https://mopsov.twse.com.tw/mops/web/ajax_t163sb05
中游,伺服器滑軌與機殼,8210,勤誠,2023,4,balance_sheet,資本公積,149084,"149,084",sii,https://mopsov.twse.com.tw/mops/web/ajax_t163sb05
中游,伺服器滑軌與機殼,8210,勤誠,2023,4,balance_sheet,保留盈餘,4358881,"4,358,881",sii,https://mopsov.twse.com.tw/mops/web/ajax_t163sb05
中游,伺服器滑軌與機殼,8210,勤誠,2023,4,balance_sheet,其他權益,-187252,"-187,252",sii,https://mopsov.twse.com.tw/mops/web/ajax_t163sb05
中游,伺服器滑軌與機殼,8210,勤誠,2023,4,balance_sheet,庫藏股票,,--,sii,https://mopsov.twse.com.tw/mops/web/ajax_t163sb05
中游,伺服器滑軌與機殼,8210,勤誠,2023,4,balance_sheet,歸屬於母公司業主之權益合計,5526658,"5,526,658",sii,https://mopsov.twse.com.tw/mops/web/ajax_t163sb05
中游,伺服器滑軌與機殼,8210,勤誠,2023,4,balance_sheet,共同控制下前手權益,,--,sii,https://mopsov.twse.com.tw/mops/web/ajax_t163sb05
中游,伺服器滑軌與機殼,8210,勤誠,2023,4,balance_sheet,合併前非屬共同控制股權,,--,sii,https://mopsov.twse.com.tw/mops/web/ajax_t163sb05
中游,伺服器滑軌與機殼,8210,勤誠,2023,4,balance_sheet,非控制權益,51177,"51,177",sii,https://mopsov.twse.com.tw/mops/web/ajax_t163sb05
中游,伺服器滑軌與機殼,8210,勤誠,2023,4,balance_sheet,權益總計,5577835,"5,577,835",sii,https://mopsov.twse.com.tw/mops/web/ajax_t163sb05
中游,伺服器滑軌與機殼,8210,勤誠,2023,4,balance_sheet,待註銷股本股數（單位：股）,0,0,sii,https://mopsov.twse.com.tw/mops/web/ajax_t163sb05
中游,伺服器滑軌與機殼,8210,勤誠,2023,4,balance_sheet,預收股款（權益項下）之約當發行股數（單位：股）,0,0,sii,https://mopsov.twse.com.tw/mops/web/ajax_t163sb05
中游,伺服器滑軌與機殼,8210,勤誠,2023,4,balance_sheet,母公司暨子公司所持有之母公司庫藏股股數（單位：股）,0,0,sii,https://mopsov.twse.com.tw/mops/web/ajax_t163sb05
中游,伺服器滑軌與機殼,8210,勤誠,2023,4,balance_sheet,每股參考淨值,45.83,45.83,sii,https://mopsov.twse.com.tw/mops/web/ajax_t163sb05
中游,伺服器滑軌與機殼,6584,南俊國際,2023,4,balance_sheet,流動資產,983907,"983,907",otc,https://mopsov.twse.com.tw/mops/web/ajax_t163sb05
中游,伺服器滑軌與機殼,6584,南俊國際,2023,4,balance_sheet,非流動資產,2515027,"2,515,027",otc,https://mopsov.twse.com.tw/mops/web/ajax_t163sb05
中游,伺服器滑軌與機殼,6584,南俊國際,2023,4,balance_sheet,資產總計,3498934,"3,498,934",otc,https://mopsov.twse.com.tw/mops/web/ajax_t163sb05
中游,伺服器滑軌與機殼,6584,南俊國際,2023,4,balance_sheet,流動負債,839157,"839,157",otc,https://mopsov.twse.com.tw/mops/web/ajax_t163sb05
中游,伺服器滑軌與機殼,6584,南俊國際,2023,4,balance_sheet,非流動負債,734330,"734,330",otc,https://mopsov.twse.com.tw/mops/web/ajax_t163sb05
中游,伺服器滑軌與機殼,6584,南俊國際,2023,4,balance_sheet,負債總計,1573487,"1,573,487",otc,https://mopsov.twse.com.tw/mops/web/ajax_t163sb05
中游,伺服器滑軌與機殼,6584,南俊國際,2023,4,balance_sheet,股本,656406,"656,406",otc,https://mopsov.twse.com.tw/mops/web/ajax_t163sb05
中游,伺服器滑軌與機殼,6584,南俊國際,2023,4,balance_sheet,權益─具證券性質之虛擬通貨,,--,otc,https://mopsov.twse.com.tw/mops/web/ajax_t163sb05
中游,伺服器滑軌與機殼,6584,南俊國際,2023,4,balance_sheet,資本公積,706056,"706,056",otc,https://mopsov.twse.com.tw/mops/web/ajax_t163sb05
中游,伺服器滑軌與機殼,6584,南俊國際,2023,4,balance_sheet,保留盈餘,564769,"564,769",otc,https://mopsov.twse.com.tw/mops/web/ajax_t163sb05
中游,伺服器滑軌與機殼,6584,南俊國際,2023,4,balance_sheet,其他權益,-1784,"-1,784",otc,https://mopsov.twse.com.tw/mops/web/ajax_t163sb05
中游,伺服器滑軌與機殼,6584,南俊國際,2023,4,balance_sheet,庫藏股票,,--,otc,https://mopsov.twse.com.tw/mops/web/ajax_t163sb05
中游,伺服器滑軌與機殼,6584,南俊國際,2023,4,balance_sheet,歸屬於母公司業主之權益合計,1925447,"1,925,447",otc,https://mopsov.twse.com.tw/mops/web/ajax_t163sb05
中游,伺服器滑軌與機殼,6584,南俊國際,2023,4,balance_sheet,共同控制下前手權益,,--,otc,https://mopsov.twse.com.tw/mops/web/ajax_t163sb05
中游,伺服器滑軌與機殼,6584,南俊國際,2023,4,balance_sheet,合併前非屬共同控制股權,,--,otc,https://mopsov.twse.com.tw/mops/web/ajax_t163sb05
中游,伺服器滑軌與機殼,6584,南俊國際,2023,4,balance_sheet,非控制權益,,--,otc,https://mopsov.twse.com.tw/mops/web/ajax_t163sb05
中游,伺服器滑軌與機殼,6584,南俊國際,2023,4,balance_sheet,權益總計,1925447,"1,925,447",otc,https://mopsov.twse.com.tw/mops/web/ajax_t163sb05
中游,伺服器滑軌與機殼,6584,南俊國際,2023,4,balance_sheet,待註銷股本股數（單位：股）,0,0,otc,https://mopsov.twse.com.tw/mops/web/ajax_t163sb05
中游,伺服器滑軌與機殼,6584,南俊國際,2023,4,balance_sheet,預收股款（權益項下）之約當發行股數（單位：股）,0,0,otc,https://mopsov.twse.com.tw/mops/web/ajax_t163sb05
中游,伺服器滑軌與機殼,6584,南俊國際,2023,4,balance_sheet,母公司暨子公司所持有之母公司庫藏股股數（單位：股）,0,0,otc,https://mopsov.twse.com.tw/mops/web/ajax_t163sb05
中游,伺服器滑軌與機殼,6584,南俊國際,2023,4,balance_sheet,每股參考淨值,29.33,29.33,otc,https://mopsov.twse.com.tw/mops/web/ajax_t163sb05
中游,伺服器滑軌與機殼,2059,川湖,2023,4,cash_flow,營業活動之淨現金流入（流出）,3278065,"3,278,065",sii,https://mopsov.twse.com.tw/mops/web/ajax_t163sb20
中游,伺服器滑軌與機殼,2059,川湖,2023,4,cash_flow,投資活動之淨現金流入（流出）,-160700,"-160,700",sii,https://mopsov.twse.com.tw/mops/web/ajax_t163sb20
中游,伺服器滑軌與機殼,2059,川湖,2023,4,cash_flow,籌資活動之淨現金流入（流出）,-1966402,"-1,966,402",sii,https://mopsov.twse.com.tw/mops/web/ajax_t163sb20
中游,伺服器滑軌與機殼,2059,川湖,2023,4,cash_flow,匯率變動對現金及約當現金之影響,-140753,"-140,753",sii,https://mopsov.twse.com.tw/mops/web/ajax_t163sb20
中游,伺服器滑軌與機殼,2059,川湖,2023,4,cash_flow,本期現金及約當現金增加（減少）數,1010210,"1,010,210",sii,https://mopsov.twse.com.tw/mops/web/ajax_t163sb20
中游,伺服器滑軌與機殼,2059,川湖,2023,4,cash_flow,期初現金及約當現金餘額,11592473,"11,592,473",sii,https://mopsov.twse.com.tw/mops/web/ajax_t163sb20
中游,伺服器滑軌與機殼,2059,川湖,2023,4,cash_flow,期末現金及約當現金餘額,12602683,"12,602,683",sii,https://mopsov.twse.com.tw/mops/web/ajax_t163sb20
中游,伺服器滑軌與機殼,8210,勤誠,2023,4,cash_flow,營業活動之淨現金流入（流出）,2523920,"2,523,920",sii,https://mopsov.twse.com.tw/mops/web/ajax_t163sb20
中游,伺服器滑軌與機殼,8210,勤誠,2023,4,cash_flow,投資活動之淨現金流入（流出）,-233739,"-233,739",sii,https://mopsov.twse.com.tw/mops/web/ajax_t163sb20
中游,伺服器滑軌與機殼,8210,勤誠,2023,4,cash_flow,籌資活動之淨現金流入（流出）,-1174651,"-1,174,651",sii,https://mopsov.twse.com.tw/mops/web/ajax_t163sb20
中游,伺服器滑軌與機殼,8210,勤誠,2023,4,cash_flow,匯率變動對現金及約當現金之影響,-21095,"-21,095",sii,https://mopsov.twse.com.tw/mops/web/ajax_t163sb20
中游,伺服器滑軌與機殼,8210,勤誠,2023,4,cash_flow,本期現金及約當現金增加（減少）數,1094435,"1,094,435",sii,https://mopsov.twse.com.tw/mops/web/ajax_t163sb20
中游,伺服器滑軌與機殼,8210,勤誠,2023,4,cash_flow,期初現金及約當現金餘額,1852718,"1,852,718",sii,https://mopsov.twse.com.tw/mops/web/ajax_t163sb20
中游,伺服器滑軌與機殼,8210,勤誠,2023,4,cash_flow,期末現金及約當現金餘額,2947153,"2,947,153",sii,https://mopsov.twse.com.tw/mops/web/ajax_t163sb20
中游,伺服器滑軌與機殼,6584,南俊國際,2023,4,cash_flow,營業活動之淨現金流入（流出）,80371,"80,371",otc,https://mopsov.twse.com.tw/mops/web/ajax_t163sb20
中游,伺服器滑軌與機殼,6584,南俊國際,2023,4,cash_flow,投資活動之淨現金流入（流出）,-31742,"-31,742",otc,https://mopsov.twse.com.tw/mops/web/ajax_t163sb20
中游,伺服器滑軌與機殼,6584,南俊國際,2023,4,cash_flow,籌資活動之淨現金流入（流出）,-6722,"-6,722",otc,https://mopsov.twse.com.tw/mops/web/ajax_t163sb20
中游,伺服器滑軌與機殼,6584,南俊國際,2023,4,cash_flow,匯率變動對現金及約當現金之影響,34,34,otc,https://mopsov.twse.com.tw/mops/web/ajax_t163sb20
中游,伺服器滑軌與機殼,6584,南俊國際,2023,4,cash_flow,本期現金及約當現金增加（減少）數,41941,"41,941",otc,https://mopsov.twse.com.tw/mops/web/ajax_t163sb20
中游,伺服器滑軌與機殼,6584,南俊國際,2023,4,cash_flow,期初現金及約當現金餘額,362404,"362,404",otc,https://mopsov.twse.com.tw/mops/web/ajax_t163sb20
中游,伺服器滑軌與機殼,6584,南俊國際,2023,4,cash_flow,期末現金及約當現金餘額,404345,"404,345",otc,https://mopsov.twse.com.tw/mops/web/ajax_t163sb20
中游,伺服器滑軌與機殼,2059,川湖,2024,1,income_statement,營業收入,1937807,"1,937,807",sii,https://mopsov.twse.com.tw/mops/web/ajax_t163sb04
中游,伺服器滑軌與機殼,2059,川湖,2024,1,income_statement,營業成本,730687,"730,687",sii,https://mopsov.twse.com.tw/mops/web/ajax_t163sb04
中游,伺服器滑軌與機殼,2059,川湖,2024,1,income_statement,原始認列生物資產及農產品之利益（損失）,,--,sii,https://mopsov.twse.com.tw/mops/web/ajax_t163sb04
中游,伺服器滑軌與機殼,2059,川湖,2024,1,income_statement,生物資產當期公允價值減出售成本之變動利益（損失）,,--,sii,https://mopsov.twse.com.tw/mops/web/ajax_t163sb04
中游,伺服器滑軌與機殼,2059,川湖,2024,1,income_statement,營業毛利（毛損）,1207120,"1,207,120",sii,https://mopsov.twse.com.tw/mops/web/ajax_t163sb04
中游,伺服器滑軌與機殼,2059,川湖,2024,1,income_statement,未實現銷貨（損）益,,--,sii,https://mopsov.twse.com.tw/mops/web/ajax_t163sb04
中游,伺服器滑軌與機殼,2059,川湖,2024,1,income_statement,已實現銷貨（損）益,,--,sii,https://mopsov.twse.com.tw/mops/web/ajax_t163sb04
中游,伺服器滑軌與機殼,2059,川湖,2024,1,income_statement,營業毛利（毛損）淨額,1207120,"1,207,120",sii,https://mopsov.twse.com.tw/mops/web/ajax_t163sb04
中游,伺服器滑軌與機殼,2059,川湖,2024,1,income_statement,營業費用,195923,"195,923",sii,https://mopsov.twse.com.tw/mops/web/ajax_t163sb04
中游,伺服器滑軌與機殼,2059,川湖,2024,1,income_statement,其他收益及費損淨額,,--,sii,https://mopsov.twse.com.tw/mops/web/ajax_t163sb04
中游,伺服器滑軌與機殼,2059,川湖,2024,1,income_statement,營業利益（損失）,1011197,"1,011,197",sii,https://mopsov.twse.com.tw/mops/web/ajax_t163sb04
中游,伺服器滑軌與機殼,2059,川湖,2024,1,income_statement,營業外收入及支出,722257,"722,257",sii,https://mopsov.twse.com.tw/mops/web/ajax_t163sb04
中游,伺服器滑軌與機殼,2059,川湖,2024,1,income_statement,稅前淨利（淨損）,1733454,"1,733,454",sii,https://mopsov.twse.com.tw/mops/web/ajax_t163sb04
中游,伺服器滑軌與機殼,2059,川湖,2024,1,income_statement,所得稅費用（利益）,346528,"346,528",sii,https://mopsov.twse.com.tw/mops/web/ajax_t163sb04
中游,伺服器滑軌與機殼,2059,川湖,2024,1,income_statement,繼續營業單位本期淨利（淨損）,1386926,"1,386,926",sii,https://mopsov.twse.com.tw/mops/web/ajax_t163sb04
中游,伺服器滑軌與機殼,2059,川湖,2024,1,income_statement,停業單位損益,,--,sii,https://mopsov.twse.com.tw/mops/web/ajax_t163sb04
中游,伺服器滑軌與機殼,2059,川湖,2024,1,income_statement,合併前非屬共同控制股權損益,,--,sii,https://mopsov.twse.com.tw/mops/web/ajax_t163sb04
中游,伺服器滑軌與機殼,2059,川湖,2024,1,income_statement,本期淨利（淨損）,1386926,"1,386,926",sii,https://mopsov.twse.com.tw/mops/web/ajax_t163sb04
中游,伺服器滑軌與機殼,2059,川湖,2024,1,income_statement,其他綜合損益（淨額）,31374,"31,374",sii,https://mopsov.twse.com.tw/mops/web/ajax_t163sb04
中游,伺服器滑軌與機殼,2059,川湖,2024,1,income_statement,合併前非屬共同控制股權綜合損益淨額,,--,sii,https://mopsov.twse.com.tw/mops/web/ajax_t163sb04
中游,伺服器滑軌與機殼,2059,川湖,2024,1,income_statement,本期綜合損益總額,1418300,"1,418,300",sii,https://mopsov.twse.com.tw/mops/web/ajax_t163sb04
中游,伺服器滑軌與機殼,2059,川湖,2024,1,income_statement,淨利（淨損）歸屬於母公司業主,1386926,"1,386,926",sii,https://mopsov.twse.com.tw/mops/web/ajax_t163sb04
中游,伺服器滑軌與機殼,2059,川湖,2024,1,income_statement,淨利（淨損）歸屬於共同控制下前手權益,,--,sii,https://mopsov.twse.com.tw/mops/web/ajax_t163sb04
中游,伺服器滑軌與機殼,2059,川湖,2024,1,income_statement,淨利（淨損）歸屬於非控制權益,,--,sii,https://mopsov.twse.com.tw/mops/web/ajax_t163sb04
中游,伺服器滑軌與機殼,2059,川湖,2024,1,income_statement,綜合損益總額歸屬於母公司業主,1418300,"1,418,300",sii,https://mopsov.twse.com.tw/mops/web/ajax_t163sb04
中游,伺服器滑軌與機殼,2059,川湖,2024,1,income_statement,綜合損益總額歸屬於共同控制下前手權益,,--,sii,https://mopsov.twse.com.tw/mops/web/ajax_t163sb04
中游,伺服器滑軌與機殼,2059,川湖,2024,1,income_statement,綜合損益總額歸屬於非控制權益,,--,sii,https://mopsov.twse.com.tw/mops/web/ajax_t163sb04
中游,伺服器滑軌與機殼,2059,川湖,2024,1,income_statement,基本每股盈餘（元）,14.55,14.55,sii,https://mopsov.twse.com.tw/mops/web/ajax_t163sb04
中游,伺服器滑軌與機殼,8210,勤誠,2024,1,income_statement,營業收入,2773241,"2,773,241",sii,https://mopsov.twse.com.tw/mops/web/ajax_t163sb04
中游,伺服器滑軌與機殼,8210,勤誠,2024,1,income_statement,營業成本,2084509,"2,084,509",sii,https://mopsov.twse.com.tw/mops/web/ajax_t163sb04
中游,伺服器滑軌與機殼,8210,勤誠,2024,1,income_statement,原始認列生物資產及農產品之利益（損失）,,--,sii,https://mopsov.twse.com.tw/mops/web/ajax_t163sb04
中游,伺服器滑軌與機殼,8210,勤誠,2024,1,income_statement,生物資產當期公允價值減出售成本之變動利益（損失）,,--,sii,https://mopsov.twse.com.tw/mops/web/ajax_t163sb04
中游,伺服器滑軌與機殼,8210,勤誠,2024,1,income_statement,營業毛利（毛損）,688732,"688,732",sii,https://mopsov.twse.com.tw/mops/web/ajax_t163sb04
中游,伺服器滑軌與機殼,8210,勤誠,2024,1,income_statement,未實現銷貨（損）益,,--,sii,https://mopsov.twse.com.tw/mops/web/ajax_t163sb04
中游,伺服器滑軌與機殼,8210,勤誠,2024,1,income_statement,已實現銷貨（損）益,,--,sii,https://mopsov.twse.com.tw/mops/web/ajax_t163sb04
中游,伺服器滑軌與機殼,8210,勤誠,2024,1,income_statement,營業毛利（毛損）淨額,688732,"688,732",sii,https://mopsov.twse.com.tw/mops/web/ajax_t163sb04
中游,伺服器滑軌與機殼,8210,勤誠,2024,1,income_statement,營業費用,291374,"291,374",sii,https://mopsov.twse.com.tw/mops/web/ajax_t163sb04
中游,伺服器滑軌與機殼,8210,勤誠,2024,1,income_statement,其他收益及費損淨額,46372,"46,372",sii,https://mopsov.twse.com.tw/mops/web/ajax_t163sb04
中游,伺服器滑軌與機殼,8210,勤誠,2024,1,income_statement,營業利益（損失）,443730,"443,730",sii,https://mopsov.twse.com.tw/mops/web/ajax_t163sb04
中游,伺服器滑軌與機殼,8210,勤誠,2024,1,income_statement,營業外收入及支出,50426,"50,426",sii,https://mopsov.twse.com.tw/mops/web/ajax_t163sb04
中游,伺服器滑軌與機殼,8210,勤誠,2024,1,income_statement,稅前淨利（淨損）,494156,"494,156",sii,https://mopsov.twse.com.tw/mops/web/ajax_t163sb04
中游,伺服器滑軌與機殼,8210,勤誠,2024,1,income_statement,所得稅費用（利益）,118213,"118,213",sii,https://mopsov.twse.com.tw/mops/web/ajax_t163sb04
中游,伺服器滑軌與機殼,8210,勤誠,2024,1,income_statement,繼續營業單位本期淨利（淨損）,375943,"375,943",sii,https://mopsov.twse.com.tw/mops/web/ajax_t163sb04
中游,伺服器滑軌與機殼,8210,勤誠,2024,1,income_statement,停業單位損益,,--,sii,https://mopsov.twse.com.tw/mops/web/ajax_t163sb04
中游,伺服器滑軌與機殼,8210,勤誠,2024,1,income_statement,合併前非屬共同控制股權損益,,--,sii,https://mopsov.twse.com.tw/mops/web/ajax_t163sb04
中游,伺服器滑軌與機殼,8210,勤誠,2024,1,income_statement,本期淨利（淨損）,375943,"375,943",sii,https://mopsov.twse.com.tw/mops/web/ajax_t163sb04
中游,伺服器滑軌與機殼,8210,勤誠,2024,1,income_statement,其他綜合損益（淨額）,98111,"98,111",sii,https://mopsov.twse.com.tw/mops/web/ajax_t163sb04
中游,伺服器滑軌與機殼,8210,勤誠,2024,1,income_statement,合併前非屬共同控制股權綜合損益淨額,,--,sii,https://mopsov.twse.com.tw/mops/web/ajax_t163sb04
中游,伺服器滑軌與機殼,8210,勤誠,2024,1,income_statement,本期綜合損益總額,474054,"474,054",sii,https://mopsov.twse.com.tw/mops/web/ajax_t163sb04
中游,伺服器滑軌與機殼,8210,勤誠,2024,1,income_statement,淨利（淨損）歸屬於母公司業主,364924,"364,924",sii,https://mopsov.twse.com.tw/mops/web/ajax_t163sb04
中游,伺服器滑軌與機殼,8210,勤誠,2024,1,income_statement,淨利（淨損）歸屬於共同控制下前手權益,,--,sii,https://mopsov.twse.com.tw/mops/web/ajax_t163sb04
中游,伺服器滑軌與機殼,8210,勤誠,2024,1,income_statement,淨利（淨損）歸屬於非控制權益,11019,"11,019",sii,https://mopsov.twse.com.tw/mops/web/ajax_t163sb04
中游,伺服器滑軌與機殼,8210,勤誠,2024,1,income_statement,綜合損益總額歸屬於母公司業主,463035,"463,035",sii,https://mopsov.twse.com.tw/mops/web/ajax_t163sb04
中游,伺服器滑軌與機殼,8210,勤誠,2024,1,income_statement,綜合損益總額歸屬於共同控制下前手權益,,--,sii,https://mopsov.twse.com.tw/mops/web/ajax_t163sb04
中游,伺服器滑軌與機殼,8210,勤誠,2024,1,income_statement,綜合損益總額歸屬於非控制權益,11019,"11,019",sii,https://mopsov.twse.com.tw/mops/web/ajax_t163sb04
中游,伺服器滑軌與機殼,8210,勤誠,2024,1,income_statement,基本每股盈餘（元）,3.03,3.03,sii,https://mopsov.twse.com.tw/mops/web/ajax_t163sb04
中游,伺服器滑軌與機殼,6584,南俊國際,2024,1,income_statement,營業收入,405625,"405,625",otc,https://mopsov.twse.com.tw/mops/web/ajax_t163sb04
中游,伺服器滑軌與機殼,6584,南俊國際,2024,1,income_statement,營業成本,304023,"304,023",otc,https://mopsov.twse.com.tw/mops/web/ajax_t163sb04
中游,伺服器滑軌與機殼,6584,南俊國際,2024,1,income_statement,原始認列生物資產及農產品之利益（損失）,,--,otc,https://mopsov.twse.com.tw/mops/web/ajax_t163sb04
中游,伺服器滑軌與機殼,6584,南俊國際,2024,1,income_statement,生物資產當期公允價值減出售成本之變動利益（損失）,,--,otc,https://mopsov.twse.com.tw/mops/web/ajax_t163sb04
中游,伺服器滑軌與機殼,6584,南俊國際,2024,1,income_statement,營業毛利（毛損）,101602,"101,602",otc,https://mopsov.twse.com.tw/mops/web/ajax_t163sb04
中游,伺服器滑軌與機殼,6584,南俊國際,2024,1,income_statement,未實現銷貨（損）益,,--,otc,https://mopsov.twse.com.tw/mops/web/ajax_t163sb04
中游,伺服器滑軌與機殼,6584,南俊國際,2024,1,income_statement,已實現銷貨（損）益,,--,otc,https://mopsov.twse.com.tw/mops/web/ajax_t163sb04
中游,伺服器滑軌與機殼,6584,南俊國際,2024,1,income_statement,營業毛利（毛損）淨額,101602,"101,602",otc,https://mopsov.twse.com.tw/mops/web/ajax_t163sb04
中游,伺服器滑軌與機殼,6584,南俊國際,2024,1,income_statement,營業費用,57568,"57,568",otc,https://mopsov.twse.com.tw/mops/web/ajax_t163sb04
中游,伺服器滑軌與機殼,6584,南俊國際,2024,1,income_statement,其他收益及費損淨額,,--,otc,https://mopsov.twse.com.tw/mops/web/ajax_t163sb04
中游,伺服器滑軌與機殼,6584,南俊國際,2024,1,income_statement,營業利益（損失）,44034,"44,034",otc,https://mopsov.twse.com.tw/mops/web/ajax_t163sb04
中游,伺服器滑軌與機殼,6584,南俊國際,2024,1,income_statement,營業外收入及支出,15729,"15,729",otc,https://mopsov.twse.com.tw/mops/web/ajax_t163sb04
中游,伺服器滑軌與機殼,6584,南俊國際,2024,1,income_statement,稅前淨利（淨損）,59763,"59,763",otc,https://mopsov.twse.com.tw/mops/web/ajax_t163sb04
中游,伺服器滑軌與機殼,6584,南俊國際,2024,1,income_statement,所得稅費用（利益）,12678,"12,678",otc,https://mopsov.twse.com.tw/mops/web/ajax_t163sb04
中游,伺服器滑軌與機殼,6584,南俊國際,2024,1,income_statement,繼續營業單位本期淨利（淨損）,47085,"47,085",otc,https://mopsov.twse.com.tw/mops/web/ajax_t163sb04
中游,伺服器滑軌與機殼,6584,南俊國際,2024,1,income_statement,停業單位損益,,--,otc,https://mopsov.twse.com.tw/mops/web/ajax_t163sb04
中游,伺服器滑軌與機殼,6584,南俊國際,2024,1,income_statement,合併前非屬共同控制股權損益,,--,otc,https://mopsov.twse.com.tw/mops/web/ajax_t163sb04
中游,伺服器滑軌與機殼,6584,南俊國際,2024,1,income_statement,本期淨利（淨損）,47085,"47,085",otc,https://mopsov.twse.com.tw/mops/web/ajax_t163sb04
中游,伺服器滑軌與機殼,6584,南俊國際,2024,1,income_statement,其他綜合損益（淨額）,1036,"1,036",otc,https://mopsov.twse.com.tw/mops/web/ajax_t163sb04
中游,伺服器滑軌與機殼,6584,南俊國際,2024,1,income_statement,合併前非屬共同控制股權綜合損益淨額,,--,otc,https://mopsov.twse.com.tw/mops/web/ajax_t163sb04
中游,伺服器滑軌與機殼,6584,南俊國際,2024,1,income_statement,本期綜合損益總額,48121,"48,121",otc,https://mopsov.twse.com.tw/mops/web/ajax_t163sb04
中游,伺服器滑軌與機殼,6584,南俊國際,2024,1,income_statement,淨利（淨損）歸屬於母公司業主,47085,"47,085",otc,https://mopsov.twse.com.tw/mops/web/ajax_t163sb04
中游,伺服器滑軌與機殼,6584,南俊國際,2024,1,income_statement,淨利（淨損）歸屬於共同控制下前手權益,,--,otc,https://mopsov.twse.com.tw/mops/web/ajax_t163sb04
中游,伺服器滑軌與機殼,6584,南俊國際,2024,1,income_statement,淨利（淨損）歸屬於非控制權益,,--,otc,https://mopsov.twse.com.tw/mops/web/ajax_t163sb04
中游,伺服器滑軌與機殼,6584,南俊國際,2024,1,income_statement,綜合損益總額歸屬於母公司業主,48121,"48,121",otc,https://mopsov.twse.com.tw/mops/web/ajax_t163sb04
中游,伺服器滑軌與機殼,6584,南俊國際,2024,1,income_statement,綜合損益總額歸屬於共同控制下前手權益,,--,otc,https://mopsov.twse.com.tw/mops/web/ajax_t163sb04
中游,伺服器滑軌與機殼,6584,南俊國際,2024,1,income_statement,綜合損益總額歸屬於非控制權益,,--,otc,https://mopsov.twse.com.tw/mops/web/ajax_t163sb04
中游,伺服器滑軌與機殼,6584,南俊國際,2024,1,income_statement,基本每股盈餘（元）,0.72,0.72,otc,https://mopsov.twse.com.tw/mops/web/ajax_t163sb04
中游,伺服器滑軌與機殼,2059,川湖,2024,1,balance_sheet,流動資產,17744368,"17,744,368",sii,https://mopsov.twse.com.tw/mops/web/ajax_t163sb05
中游,伺服器滑軌與機殼,2059,川湖,2024,1,balance_sheet,非流動資產,4448306,"4,448,306",sii,https://mopsov.twse.com.tw/mops/web/ajax_t163sb05
中游,伺服器滑軌與機殼,2059,川湖,2024,1,balance_sheet,資產總計,22192674,"22,192,674",sii,https://mopsov.twse.com.tw/mops/web/ajax_t163sb05
中游,伺服器滑軌與機殼,2059,川湖,2024,1,balance_sheet,流動負債,2228766,"2,228,766",sii,https://mopsov.twse.com.tw/mops/web/ajax_t163sb05
中游,伺服器滑軌與機殼,2059,川湖,2024,1,balance_sheet,非流動負債,2109429,"2,109,429",sii,https://mopsov.twse.com.tw/mops/web/ajax_t163sb05
中游,伺服器滑軌與機殼,2059,川湖,2024,1,balance_sheet,負債總計,4338195,"4,338,195",sii,https://mopsov.twse.com.tw/mops/web/ajax_t163sb05
中游,伺服器滑軌與機殼,2059,川湖,2024,1,balance_sheet,股本,952971,"952,971",sii,https://mopsov.twse.com.tw/mops/web/ajax_t163sb05
中游,伺服器滑軌與機殼,2059,川湖,2024,1,balance_sheet,權益─具證券性質之虛擬通貨,,--,sii,https://mopsov.twse.com.tw/mops/web/ajax_t163sb05
中游,伺服器滑軌與機殼,2059,川湖,2024,1,balance_sheet,資本公積,796691,"796,691",sii,https://mopsov.twse.com.tw/mops/web/ajax_t163sb05
中游,伺服器滑軌與機殼,2059,川湖,2024,1,balance_sheet,保留盈餘,16081163,"16,081,163",sii,https://mopsov.twse.com.tw/mops/web/ajax_t163sb05
中游,伺服器滑軌與機殼,2059,川湖,2024,1,balance_sheet,其他權益,23654,"23,654",sii,https://mopsov.twse.com.tw/mops/web/ajax_t163sb05
中游,伺服器滑軌與機殼,2059,川湖,2024,1,balance_sheet,庫藏股票,0,0,sii,https://mopsov.twse.com.tw/mops/web/ajax_t163sb05
中游,伺服器滑軌與機殼,2059,川湖,2024,1,balance_sheet,歸屬於母公司業主之權益合計,17854479,"17,854,479",sii,https://mopsov.twse.com.tw/mops/web/ajax_t163sb05
中游,伺服器滑軌與機殼,2059,川湖,2024,1,balance_sheet,共同控制下前手權益,,--,sii,https://mopsov.twse.com.tw/mops/web/ajax_t163sb05
中游,伺服器滑軌與機殼,2059,川湖,2024,1,balance_sheet,合併前非屬共同控制股權,,--,sii,https://mopsov.twse.com.tw/mops/web/ajax_t163sb05
中游,伺服器滑軌與機殼,2059,川湖,2024,1,balance_sheet,非控制權益,0,0,sii,https://mopsov.twse.com.tw/mops/web/ajax_t163sb05
中游,伺服器滑軌與機殼,2059,川湖,2024,1,balance_sheet,權益總計,17854479,"17,854,479",sii,https://mopsov.twse.com.tw/mops/web/ajax_t163sb05
中游,伺服器滑軌與機殼,2059,川湖,2024,1,balance_sheet,待註銷股本股數（單位：股）,0,0,sii,https://mopsov.twse.com.tw/mops/web/ajax_t163sb05
中游,伺服器滑軌與機殼,2059,川湖,2024,1,balance_sheet,預收股款（權益項下）之約當發行股數（單位：股）,0,0,sii,https://mopsov.twse.com.tw/mops/web/ajax_t163sb05
中游,伺服器滑軌與機殼,2059,川湖,2024,1,balance_sheet,母公司暨子公司所持有之母公司庫藏股股數（單位：股）,0,0,sii,https://mopsov.twse.com.tw/mops/web/ajax_t163sb05
中游,伺服器滑軌與機殼,2059,川湖,2024,1,balance_sheet,每股參考淨值,187.36,187.36,sii,https://mopsov.twse.com.tw/mops/web/ajax_t163sb05
中游,伺服器滑軌與機殼,8210,勤誠,2024,1,balance_sheet,流動資產,8282003,"8,282,003",sii,https://mopsov.twse.com.tw/mops/web/ajax_t163sb05
中游,伺服器滑軌與機殼,8210,勤誠,2024,1,balance_sheet,非流動資產,5454859,"5,454,859",sii,https://mopsov.twse.com.tw/mops/web/ajax_t163sb05
中游,伺服器滑軌與機殼,8210,勤誠,2024,1,balance_sheet,資產總計,13736862,"13,736,862",sii,https://mopsov.twse.com.tw/mops/web/ajax_t163sb05
中游,伺服器滑軌與機殼,8210,勤誠,2024,1,balance_sheet,流動負債,4895670,"4,895,670",sii,https://mopsov.twse.com.tw/mops/web/ajax_t163sb05
中游,伺服器滑軌與機殼,8210,勤誠,2024,1,balance_sheet,非流動負債,2633510,"2,633,510",sii,https://mopsov.twse.com.tw/mops/web/ajax_t163sb05
中游,伺服器滑軌與機殼,8210,勤誠,2024,1,balance_sheet,負債總計,7529180,"7,529,180",sii,https://mopsov.twse.com.tw/mops/web/ajax_t163sb05
中游,伺服器滑軌與機殼,8210,勤誠,2024,1,balance_sheet,股本,1205870,"1,205,870",sii,https://mopsov.twse.com.tw/mops/web/ajax_t163sb05
中游,伺服器滑軌與機殼,8210,勤誠,2024,1,balance_sheet,權益─具證券性質之虛擬通貨,,--,sii,https://mopsov.twse.com.tw/mops/web/ajax_t163sb05
中游,伺服器滑軌與機殼,8210,勤誠,2024,1,balance_sheet,資本公積,303421,"303,421",sii,https://mopsov.twse.com.tw/mops/web/ajax_t163sb05
中游,伺服器滑軌與機殼,8210,勤誠,2024,1,balance_sheet,保留盈餘,4723805,"4,723,805",sii,https://mopsov.twse.com.tw/mops/web/ajax_t163sb05
中游,伺服器滑軌與機殼,8210,勤誠,2024,1,balance_sheet,其他權益,-87610,"-87,610",sii,https://mopsov.twse.com.tw/mops/web/ajax_t163sb05
中游,伺服器滑軌與機殼,8210,勤誠,2024,1,balance_sheet,庫藏股票,,--,sii,https://mopsov.twse.com.tw/mops/web/ajax_t163sb05
中游,伺服器滑軌與機殼,8210,勤誠,2024,1,balance_sheet,歸屬於母公司業主之權益合計,6145486,"6,145,486",sii,https://mopsov.twse.com.tw/mops/web/ajax_t163sb05
中游,伺服器滑軌與機殼,8210,勤誠,2024,1,balance_sheet,共同控制下前手權益,,--,sii,https://mopsov.twse.com.tw/mops/web/ajax_t163sb05
中游,伺服器滑軌與機殼,8210,勤誠,2024,1,balance_sheet,合併前非屬共同控制股權,,--,sii,https://mopsov.twse.com.tw/mops/web/ajax_t163sb05
中游,伺服器滑軌與機殼,8210,勤誠,2024,1,balance_sheet,非控制權益,62196,"62,196",sii,https://mopsov.twse.com.tw/mops/web/ajax_t163sb05
中游,伺服器滑軌與機殼,8210,勤誠,2024,1,balance_sheet,權益總計,6207682,"6,207,682",sii,https://mopsov.twse.com.tw/mops/web/ajax_t163sb05
中游,伺服器滑軌與機殼,8210,勤誠,2024,1,balance_sheet,待註銷股本股數（單位：股）,0,0,sii,https://mopsov.twse.com.tw/mops/web/ajax_t163sb05
中游,伺服器滑軌與機殼,8210,勤誠,2024,1,balance_sheet,預收股款（權益項下）之約當發行股數（單位：股）,0,0,sii,https://mopsov.twse.com.tw/mops/web/ajax_t163sb05
中游,伺服器滑軌與機殼,8210,勤誠,2024,1,balance_sheet,母公司暨子公司所持有之母公司庫藏股股數（單位：股）,0,0,sii,https://mopsov.twse.com.tw/mops/web/ajax_t163sb05
中游,伺服器滑軌與機殼,8210,勤誠,2024,1,balance_sheet,每股參考淨值,50.96,50.96,sii,https://mopsov.twse.com.tw/mops/web/ajax_t163sb05
中游,伺服器滑軌與機殼,6584,南俊國際,2024,1,balance_sheet,流動資產,868391,"868,391",otc,https://mopsov.twse.com.tw/mops/web/ajax_t163sb05
中游,伺服器滑軌與機殼,6584,南俊國際,2024,1,balance_sheet,非流動資產,2523014,"2,523,014",otc,https://mopsov.twse.com.tw/mops/web/ajax_t163sb05
中游,伺服器滑軌與機殼,6584,南俊國際,2024,1,balance_sheet,資產總計,3391405,"3,391,405",otc,https://mopsov.twse.com.tw/mops/web/ajax_t163sb05
中游,伺服器滑軌與機殼,6584,南俊國際,2024,1,balance_sheet,流動負債,715242,"715,242",otc,https://mopsov.twse.com.tw/mops/web/ajax_t163sb05
中游,伺服器滑軌與機殼,6584,南俊國際,2024,1,balance_sheet,非流動負債,707373,"707,373",otc,https://mopsov.twse.com.tw/mops/web/ajax_t163sb05
中游,伺服器滑軌與機殼,6584,南俊國際,2024,1,balance_sheet,負債總計,1422615,"1,422,615",otc,https://mopsov.twse.com.tw/mops/web/ajax_t163sb05
中游,伺服器滑軌與機殼,6584,南俊國際,2024,1,balance_sheet,股本,659682,"659,682",otc,https://mopsov.twse.com.tw/mops/web/ajax_t163sb05
中游,伺服器滑軌與機殼,6584,南俊國際,2024,1,balance_sheet,權益─具證券性質之虛擬通貨,,--,otc,https://mopsov.twse.com.tw/mops/web/ajax_t163sb05
中游,伺服器滑軌與機殼,6584,南俊國際,2024,1,balance_sheet,資本公積,780087,"780,087",otc,https://mopsov.twse.com.tw/mops/web/ajax_t163sb05
中游,伺服器滑軌與機殼,6584,南俊國際,2024,1,balance_sheet,保留盈餘,611854,"611,854",otc,https://mopsov.twse.com.tw/mops/web/ajax_t163sb05
中游,伺服器滑軌與機殼,6584,南俊國際,2024,1,balance_sheet,其他權益,-82833,"-82,833",otc,https://mopsov.twse.com.tw/mops/web/ajax_t163sb05
中游,伺服器滑軌與機殼,6584,南俊國際,2024,1,balance_sheet,庫藏股票,,--,otc,https://mopsov.twse.com.tw/mops/web/ajax_t163sb05
中游,伺服器滑軌與機殼,6584,南俊國際,2024,1,balance_sheet,歸屬於母公司業主之權益合計,1968790,"1,968,790",otc,https://mopsov.twse.com.tw/mops/web/ajax_t163sb05
中游,伺服器滑軌與機殼,6584,南俊國際,2024,1,balance_sheet,共同控制下前手權益,,--,otc,https://mopsov.twse.com.tw/mops/web/ajax_t163sb05
中游,伺服器滑軌與機殼,6584,南俊國際,2024,1,balance_sheet,合併前非屬共同控制股權,,--,otc,https://mopsov.twse.com.tw/mops/web/ajax_t163sb05
中游,伺服器滑軌與機殼,6584,南俊國際,2024,1,balance_sheet,非控制權益,,--,otc,https://mopsov.twse.com.tw/mops/web/ajax_t163sb05
中游,伺服器滑軌與機殼,6584,南俊國際,2024,1,balance_sheet,權益總計,1968790,"1,968,790",otc,https://mopsov.twse.com.tw/mops/web/ajax_t163sb05
中游,伺服器滑軌與機殼,6584,南俊國際,2024,1,balance_sheet,待註銷股本股數（單位：股）,0,0,otc,https://mopsov.twse.com.tw/mops/web/ajax_t163sb05
中游,伺服器滑軌與機殼,6584,南俊國際,2024,1,balance_sheet,預收股款（權益項下）之約當發行股數（單位：股）,0,0,otc,https://mopsov.twse.com.tw/mops/web/ajax_t163sb05
中游,伺服器滑軌與機殼,6584,南俊國際,2024,1,balance_sheet,母公司暨子公司所持有之母公司庫藏股股數（單位：股）,0,0,otc,https://mopsov.twse.com.tw/mops/web/ajax_t163sb05
中游,伺服器滑軌與機殼,6584,南俊國際,2024,1,balance_sheet,每股參考淨值,29.84,29.84,otc,https://mopsov.twse.com.tw/mops/web/ajax_t163sb05
中游,伺服器滑軌與機殼,2059,川湖,2024,1,cash_flow,營業活動之淨現金流入（流出）,1049248,"1,049,248",sii,https://mopsov.twse.com.tw/mops/web/ajax_t163sb20
中游,伺服器滑軌與機殼,2059,川湖,2024,1,cash_flow,投資活動之淨現金流入（流出）,5753,"5,753",sii,https://mopsov.twse.com.tw/mops/web/ajax_t163sb20
中游,伺服器滑軌與機殼,2059,川湖,2024,1,cash_flow,籌資活動之淨現金流入（流出）,-38874,"-38,874",sii,https://mopsov.twse.com.tw/mops/web/ajax_t163sb20
中游,伺服器滑軌與機殼,2059,川湖,2024,1,cash_flow,匯率變動對現金及約當現金之影響,504828,"504,828",sii,https://mopsov.twse.com.tw/mops/web/ajax_t163sb20
中游,伺服器滑軌與機殼,2059,川湖,2024,1,cash_flow,本期現金及約當現金增加（減少）數,1520955,"1,520,955",sii,https://mopsov.twse.com.tw/mops/web/ajax_t163sb20
中游,伺服器滑軌與機殼,2059,川湖,2024,1,cash_flow,期初現金及約當現金餘額,12602683,"12,602,683",sii,https://mopsov.twse.com.tw/mops/web/ajax_t163sb20
中游,伺服器滑軌與機殼,2059,川湖,2024,1,cash_flow,期末現金及約當現金餘額,14123638,"14,123,638",sii,https://mopsov.twse.com.tw/mops/web/ajax_t163sb20
中游,伺服器滑軌與機殼,8210,勤誠,2024,1,cash_flow,營業活動之淨現金流入（流出）,879194,"879,194",sii,https://mopsov.twse.com.tw/mops/web/ajax_t163sb20
中游,伺服器滑軌與機殼,8210,勤誠,2024,1,cash_flow,投資活動之淨現金流入（流出）,-305706,"-305,706",sii,https://mopsov.twse.com.tw/mops/web/ajax_t163sb20
中游,伺服器滑軌與機殼,8210,勤誠,2024,1,cash_flow,籌資活動之淨現金流入（流出）,-94644,"-94,644",sii,https://mopsov.twse.com.tw/mops/web/ajax_t163sb20
中游,伺服器滑軌與機殼,8210,勤誠,2024,1,cash_flow,匯率變動對現金及約當現金之影響,56796,"56,796",sii,https://mopsov.twse.com.tw/mops/web/ajax_t163sb20
中游,伺服器滑軌與機殼,8210,勤誠,2024,1,cash_flow,本期現金及約當現金增加（減少）數,535640,"535,640",sii,https://mopsov.twse.com.tw/mops/web/ajax_t163sb20
中游,伺服器滑軌與機殼,8210,勤誠,2024,1,cash_flow,期初現金及約當現金餘額,2947153,"2,947,153",sii,https://mopsov.twse.com.tw/mops/web/ajax_t163sb20
中游,伺服器滑軌與機殼,8210,勤誠,2024,1,cash_flow,期末現金及約當現金餘額,3482793,"3,482,793",sii,https://mopsov.twse.com.tw/mops/web/ajax_t163sb20
中游,伺服器滑軌與機殼,6584,南俊國際,2024,1,cash_flow,營業活動之淨現金流入（流出）,53539,"53,539",otc,https://mopsov.twse.com.tw/mops/web/ajax_t163sb20
中游,伺服器滑軌與機殼,6584,南俊國際,2024,1,cash_flow,投資活動之淨現金流入（流出）,-11562,"-11,562",otc,https://mopsov.twse.com.tw/mops/web/ajax_t163sb20
中游,伺服器滑軌與機殼,6584,南俊國際,2024,1,cash_flow,籌資活動之淨現金流入（流出）,-209093,"-209,093",otc,https://mopsov.twse.com.tw/mops/web/ajax_t163sb20
中游,伺服器滑軌與機殼,6584,南俊國際,2024,1,cash_flow,匯率變動對現金及約當現金之影響,933,933,otc,https://mopsov.twse.com.tw/mops/web/ajax_t163sb20
中游,伺服器滑軌與機殼,6584,南俊國際,2024,1,cash_flow,本期現金及約當現金增加（減少）數,-166183,"-166,183",otc,https://mopsov.twse.com.tw/mops/web/ajax_t163sb20
中游,伺服器滑軌與機殼,6584,南俊國際,2024,1,cash_flow,期初現金及約當現金餘額,404345,"404,345",otc,https://mopsov.twse.com.tw/mops/web/ajax_t163sb20
中游,伺服器滑軌與機殼,6584,南俊國際,2024,1,cash_flow,期末現金及約當現金餘額,238162,"238,162",otc,https://mopsov.twse.com.tw/mops/web/ajax_t163sb20
中游,伺服器滑軌與機殼,2059,川湖,2024,2,income_statement,營業收入,4454476,"4,454,476",sii,https://mopsov.twse.com.tw/mops/web/ajax_t163sb04
中游,伺服器滑軌與機殼,2059,川湖,2024,2,income_statement,營業成本,1495048,"1,495,048",sii,https://mopsov.twse.com.tw/mops/web/ajax_t163sb04
中游,伺服器滑軌與機殼,2059,川湖,2024,2,income_statement,原始認列生物資產及農產品之利益（損失）,,--,sii,https://mopsov.twse.com.tw/mops/web/ajax_t163sb04
中游,伺服器滑軌與機殼,2059,川湖,2024,2,income_statement,生物資產當期公允價值減出售成本之變動利益（損失）,,--,sii,https://mopsov.twse.com.tw/mops/web/ajax_t163sb04
中游,伺服器滑軌與機殼,2059,川湖,2024,2,income_statement,營業毛利（毛損）,2959428,"2,959,428",sii,https://mopsov.twse.com.tw/mops/web/ajax_t163sb04
中游,伺服器滑軌與機殼,2059,川湖,2024,2,income_statement,未實現銷貨（損）益,,--,sii,https://mopsov.twse.com.tw/mops/web/ajax_t163sb04
中游,伺服器滑軌與機殼,2059,川湖,2024,2,income_statement,已實現銷貨（損）益,,--,sii,https://mopsov.twse.com.tw/mops/web/ajax_t163sb04
中游,伺服器滑軌與機殼,2059,川湖,2024,2,income_statement,營業毛利（毛損）淨額,2959428,"2,959,428",sii,https://mopsov.twse.com.tw/mops/web/ajax_t163sb04
中游,伺服器滑軌與機殼,2059,川湖,2024,2,income_statement,營業費用,413220,"413,220",sii,https://mopsov.twse.com.tw/mops/web/ajax_t163sb04
中游,伺服器滑軌與機殼,2059,川湖,2024,2,income_statement,其他收益及費損淨額,,--,sii,https://mopsov.twse.com.tw/mops/web/ajax_t163sb04
中游,伺服器滑軌與機殼,2059,川湖,2024,2,income_statement,營業利益（損失）,2546208,"2,546,208",sii,https://mopsov.twse.com.tw/mops/web/ajax_t163sb04
中游,伺服器滑軌與機殼,2059,川湖,2024,2,income_statement,營業外收入及支出,1106621,"1,106,621",sii,https://mopsov.twse.com.tw/mops/web/ajax_t163sb04
中游,伺服器滑軌與機殼,2059,川湖,2024,2,income_statement,稅前淨利（淨損）,3652829,"3,652,829",sii,https://mopsov.twse.com.tw/mops/web/ajax_t163sb04
中游,伺服器滑軌與機殼,2059,川湖,2024,2,income_statement,所得稅費用（利益）,809494,"809,494",sii,https://mopsov.twse.com.tw/mops/web/ajax_t163sb04
中游,伺服器滑軌與機殼,2059,川湖,2024,2,income_statement,繼續營業單位本期淨利（淨損）,2843335,"2,843,335",sii,https://mopsov.twse.com.tw/mops/web/ajax_t163sb04
中游,伺服器滑軌與機殼,2059,川湖,2024,2,income_statement,停業單位損益,,--,sii,https://mopsov.twse.com.tw/mops/web/ajax_t163sb04
中游,伺服器滑軌與機殼,2059,川湖,2024,2,income_statement,合併前非屬共同控制股權損益,,--,sii,https://mopsov.twse.com.tw/mops/web/ajax_t163sb04
中游,伺服器滑軌與機殼,2059,川湖,2024,2,income_statement,本期淨利（淨損）,2843335,"2,843,335",sii,https://mopsov.twse.com.tw/mops/web/ajax_t163sb04
中游,伺服器滑軌與機殼,2059,川湖,2024,2,income_statement,其他綜合損益（淨額）,42646,"42,646",sii,https://mopsov.twse.com.tw/mops/web/ajax_t163sb04
中游,伺服器滑軌與機殼,2059,川湖,2024,2,income_statement,合併前非屬共同控制股權綜合損益淨額,,--,sii,https://mopsov.twse.com.tw/mops/web/ajax_t163sb04
中游,伺服器滑軌與機殼,2059,川湖,2024,2,income_statement,本期綜合損益總額,2885981,"2,885,981",sii,https://mopsov.twse.com.tw/mops/web/ajax_t163sb04
中游,伺服器滑軌與機殼,2059,川湖,2024,2,income_statement,淨利（淨損）歸屬於母公司業主,2843335,"2,843,335",sii,https://mopsov.twse.com.tw/mops/web/ajax_t163sb04
中游,伺服器滑軌與機殼,2059,川湖,2024,2,income_statement,淨利（淨損）歸屬於共同控制下前手權益,,--,sii,https://mopsov.twse.com.tw/mops/web/ajax_t163sb04
中游,伺服器滑軌與機殼,2059,川湖,2024,2,income_statement,淨利（淨損）歸屬於非控制權益,,--,sii,https://mopsov.twse.com.tw/mops/web/ajax_t163sb04
中游,伺服器滑軌與機殼,2059,川湖,2024,2,income_statement,綜合損益總額歸屬於母公司業主,2885981,"2,885,981",sii,https://mopsov.twse.com.tw/mops/web/ajax_t163sb04
中游,伺服器滑軌與機殼,2059,川湖,2024,2,income_statement,綜合損益總額歸屬於共同控制下前手權益,,--,sii,https://mopsov.twse.com.tw/mops/web/ajax_t163sb04
中游,伺服器滑軌與機殼,2059,川湖,2024,2,income_statement,綜合損益總額歸屬於非控制權益,,--,sii,https://mopsov.twse.com.tw/mops/web/ajax_t163sb04
中游,伺服器滑軌與機殼,2059,川湖,2024,2,income_statement,基本每股盈餘（元）,29.84,29.84,sii,https://mopsov.twse.com.tw/mops/web/ajax_t163sb04
中游,伺服器滑軌與機殼,8210,勤誠,2024,2,income_statement,營業收入,6380619,"6,380,619",sii,https://mopsov.twse.com.tw/mops/web/ajax_t163sb04
中游,伺服器滑軌與機殼,8210,勤誠,2024,2,income_statement,營業成本,4778899,"4,778,899",sii,https://mopsov.twse.com.tw/mops/web/ajax_t163sb04
中游,伺服器滑軌與機殼,8210,勤誠,2024,2,income_statement,原始認列生物資產及農產品之利益（損失）,,--,sii,https://mopsov.twse.com.tw/mops/web/ajax_t163sb04
中游,伺服器滑軌與機殼,8210,勤誠,2024,2,income_statement,生物資產當期公允價值減出售成本之變動利益（損失）,,--,sii,https://mopsov.twse.com.tw/mops/web/ajax_t163sb04
中游,伺服器滑軌與機殼,8210,勤誠,2024,2,income_statement,營業毛利（毛損）,1601720,"1,601,720",sii,https://mopsov.twse.com.tw/mops/web/ajax_t163sb04
中游,伺服器滑軌與機殼,8210,勤誠,2024,2,income_statement,未實現銷貨（損）益,,--,sii,https://mopsov.twse.com.tw/mops/web/ajax_t163sb04
中游,伺服器滑軌與機殼,8210,勤誠,2024,2,income_statement,已實現銷貨（損）益,,--,sii,https://mopsov.twse.com.tw/mops/web/ajax_t163sb04
中游,伺服器滑軌與機殼,8210,勤誠,2024,2,income_statement,營業毛利（毛損）淨額,1601720,"1,601,720",sii,https://mopsov.twse.com.tw/mops/web/ajax_t163sb04
中游,伺服器滑軌與機殼,8210,勤誠,2024,2,income_statement,營業費用,632229,"632,229",sii,https://mopsov.twse.com.tw/mops/web/ajax_t163sb04
中游,伺服器滑軌與機殼,8210,勤誠,2024,2,income_statement,其他收益及費損淨額,57731,"57,731",sii,https://mopsov.twse.com.tw/mops/web/ajax_t163sb04
中游,伺服器滑軌與機殼,8210,勤誠,2024,2,income_statement,營業利益（損失）,1027222,"1,027,222",sii,https://mopsov.twse.com.tw/mops/web/ajax_t163sb04
中游,伺服器滑軌與機殼,8210,勤誠,2024,2,income_statement,營業外收入及支出,74984,"74,984",sii,https://mopsov.twse.com.tw/mops/web/ajax_t163sb04
中游,伺服器滑軌與機殼,8210,勤誠,2024,2,income_statement,稅前淨利（淨損）,1102206,"1,102,206",sii,https://mopsov.twse.com.tw/mops/web/ajax_t163sb04
中游,伺服器滑軌與機殼,8210,勤誠,2024,2,income_statement,所得稅費用（利益）,269107,"269,107",sii,https://mopsov.twse.com.tw/mops/web/ajax_t163sb04
中游,伺服器滑軌與機殼,8210,勤誠,2024,2,income_statement,繼續營業單位本期淨利（淨損）,833099,"833,099",sii,https://mopsov.twse.com.tw/mops/web/ajax_t163sb04
中游,伺服器滑軌與機殼,8210,勤誠,2024,2,income_statement,停業單位損益,,--,sii,https://mopsov.twse.com.tw/mops/web/ajax_t163sb04
中游,伺服器滑軌與機殼,8210,勤誠,2024,2,income_statement,合併前非屬共同控制股權損益,,--,sii,https://mopsov.twse.com.tw/mops/web/ajax_t163sb04
中游,伺服器滑軌與機殼,8210,勤誠,2024,2,income_statement,本期淨利（淨損）,833099,"833,099",sii,https://mopsov.twse.com.tw/mops/web/ajax_t163sb04
中游,伺服器滑軌與機殼,8210,勤誠,2024,2,income_statement,其他綜合損益（淨額）,160832,"160,832",sii,https://mopsov.twse.com.tw/mops/web/ajax_t163sb04
中游,伺服器滑軌與機殼,8210,勤誠,2024,2,income_statement,合併前非屬共同控制股權綜合損益淨額,,--,sii,https://mopsov.twse.com.tw/mops/web/ajax_t163sb04
中游,伺服器滑軌與機殼,8210,勤誠,2024,2,income_statement,本期綜合損益總額,993931,"993,931",sii,https://mopsov.twse.com.tw/mops/web/ajax_t163sb04
中游,伺服器滑軌與機殼,8210,勤誠,2024,2,income_statement,淨利（淨損）歸屬於母公司業主,818242,"818,242",sii,https://mopsov.twse.com.tw/mops/web/ajax_t163sb04
中游,伺服器滑軌與機殼,8210,勤誠,2024,2,income_statement,淨利（淨損）歸屬於共同控制下前手權益,,--,sii,https://mopsov.twse.com.tw/mops/web/ajax_t163sb04
中游,伺服器滑軌與機殼,8210,勤誠,2024,2,income_statement,淨利（淨損）歸屬於非控制權益,14857,"14,857",sii,https://mopsov.twse.com.tw/mops/web/ajax_t163sb04
中游,伺服器滑軌與機殼,8210,勤誠,2024,2,income_statement,綜合損益總額歸屬於母公司業主,979074,"979,074",sii,https://mopsov.twse.com.tw/mops/web/ajax_t163sb04
中游,伺服器滑軌與機殼,8210,勤誠,2024,2,income_statement,綜合損益總額歸屬於共同控制下前手權益,,--,sii,https://mopsov.twse.com.tw/mops/web/ajax_t163sb04
中游,伺服器滑軌與機殼,8210,勤誠,2024,2,income_statement,綜合損益總額歸屬於非控制權益,14857,"14,857",sii,https://mopsov.twse.com.tw/mops/web/ajax_t163sb04
中游,伺服器滑軌與機殼,8210,勤誠,2024,2,income_statement,基本每股盈餘（元）,6.8,6.80,sii,https://mopsov.twse.com.tw/mops/web/ajax_t163sb04
中游,伺服器滑軌與機殼,6584,南俊國際,2024,2,income_statement,營業收入,905812,"905,812",otc,https://mopsov.twse.com.tw/mops/web/ajax_t163sb04
中游,伺服器滑軌與機殼,6584,南俊國際,2024,2,income_statement,營業成本,682729,"682,729",otc,https://mopsov.twse.com.tw/mops/web/ajax_t163sb04
中游,伺服器滑軌與機殼,6584,南俊國際,2024,2,income_statement,原始認列生物資產及農產品之利益（損失）,,--,otc,https://mopsov.twse.com.tw/mops/web/ajax_t163sb04
中游,伺服器滑軌與機殼,6584,南俊國際,2024,2,income_statement,生物資產當期公允價值減出售成本之變動利益（損失）,,--,otc,https://mopsov.twse.com.tw/mops/web/ajax_t163sb04
中游,伺服器滑軌與機殼,6584,南俊國際,2024,2,income_statement,營業毛利（毛損）,223083,"223,083",otc,https://mopsov.twse.com.tw/mops/web/ajax_t163sb04
中游,伺服器滑軌與機殼,6584,南俊國際,2024,2,income_statement,未實現銷貨（損）益,,--,otc,https://mopsov.twse.com.tw/mops/web/ajax_t163sb04
中游,伺服器滑軌與機殼,6584,南俊國際,2024,2,income_statement,已實現銷貨（損）益,,--,otc,https://mopsov.twse.com.tw/mops/web/ajax_t163sb04
中游,伺服器滑軌與機殼,6584,南俊國際,2024,2,income_statement,營業毛利（毛損）淨額,223083,"223,083",otc,https://mopsov.twse.com.tw/mops/web/ajax_t163sb04
中游,伺服器滑軌與機殼,6584,南俊國際,2024,2,income_statement,營業費用,127811,"127,811",otc,https://mopsov.twse.com.tw/mops/web/ajax_t163sb04
中游,伺服器滑軌與機殼,6584,南俊國際,2024,2,income_statement,其他收益及費損淨額,,--,otc,https://mopsov.twse.com.tw/mops/web/ajax_t163sb04
中游,伺服器滑軌與機殼,6584,南俊國際,2024,2,income_statement,營業利益（損失）,95272,"95,272",otc,https://mopsov.twse.com.tw/mops/web/ajax_t163sb04
中游,伺服器滑軌與機殼,6584,南俊國際,2024,2,income_statement,營業外收入及支出,26342,"26,342",otc,https://mopsov.twse.com.tw/mops/web/ajax_t163sb04
中游,伺服器滑軌與機殼,6584,南俊國際,2024,2,income_statement,稅前淨利（淨損）,121614,"121,614",otc,https://mopsov.twse.com.tw/mops/web/ajax_t163sb04
中游,伺服器滑軌與機殼,6584,南俊國際,2024,2,income_statement,所得稅費用（利益）,24270,"24,270",otc,https://mopsov.twse.com.tw/mops/web/ajax_t163sb04
中游,伺服器滑軌與機殼,6584,南俊國際,2024,2,income_statement,繼續營業單位本期淨利（淨損）,97344,"97,344",otc,https://mopsov.twse.com.tw/mops/web/ajax_t163sb04
中游,伺服器滑軌與機殼,6584,南俊國際,2024,2,income_statement,停業單位損益,,--,otc,https://mopsov.twse.com.tw/mops/web/ajax_t163sb04
中游,伺服器滑軌與機殼,6584,南俊國際,2024,2,income_statement,合併前非屬共同控制股權損益,,--,otc,https://mopsov.twse.com.tw/mops/web/ajax_t163sb04
中游,伺服器滑軌與機殼,6584,南俊國際,2024,2,income_statement,本期淨利（淨損）,97344,"97,344",otc,https://mopsov.twse.com.tw/mops/web/ajax_t163sb04
中游,伺服器滑軌與機殼,6584,南俊國際,2024,2,income_statement,其他綜合損益（淨額）,1416,"1,416",otc,https://mopsov.twse.com.tw/mops/web/ajax_t163sb04
中游,伺服器滑軌與機殼,6584,南俊國際,2024,2,income_statement,合併前非屬共同控制股權綜合損益淨額,,--,otc,https://mopsov.twse.com.tw/mops/web/ajax_t163sb04
中游,伺服器滑軌與機殼,6584,南俊國際,2024,2,income_statement,本期綜合損益總額,98760,"98,760",otc,https://mopsov.twse.com.tw/mops/web/ajax_t163sb04
中游,伺服器滑軌與機殼,6584,南俊國際,2024,2,income_statement,淨利（淨損）歸屬於母公司業主,97344,"97,344",otc,https://mopsov.twse.com.tw/mops/web/ajax_t163sb04
中游,伺服器滑軌與機殼,6584,南俊國際,2024,2,income_statement,淨利（淨損）歸屬於共同控制下前手權益,,--,otc,https://mopsov.twse.com.tw/mops/web/ajax_t163sb04
中游,伺服器滑軌與機殼,6584,南俊國際,2024,2,income_statement,淨利（淨損）歸屬於非控制權益,,--,otc,https://mopsov.twse.com.tw/mops/web/ajax_t163sb04
中游,伺服器滑軌與機殼,6584,南俊國際,2024,2,income_statement,綜合損益總額歸屬於母公司業主,98760,"98,760",otc,https://mopsov.twse.com.tw/mops/web/ajax_t163sb04
中游,伺服器滑軌與機殼,6584,南俊國際,2024,2,income_statement,綜合損益總額歸屬於共同控制下前手權益,,--,otc,https://mopsov.twse.com.tw/mops/web/ajax_t163sb04
中游,伺服器滑軌與機殼,6584,南俊國際,2024,2,income_statement,綜合損益總額歸屬於非控制權益,,--,otc,https://mopsov.twse.com.tw/mops/web/ajax_t163sb04
中游,伺服器滑軌與機殼,6584,南俊國際,2024,2,income_statement,基本每股盈餘（元）,1.49,1.49,otc,https://mopsov.twse.com.tw/mops/web/ajax_t163sb04
中游,伺服器滑軌與機殼,2059,川湖,2024,2,balance_sheet,流動資產,19102007,"19,102,007",sii,https://mopsov.twse.com.tw/mops/web/ajax_t163sb05
中游,伺服器滑軌與機殼,2059,川湖,2024,2,balance_sheet,非流動資產,4508975,"4,508,975",sii,https://mopsov.twse.com.tw/mops/web/ajax_t163sb05
中游,伺服器滑軌與機殼,2059,川湖,2024,2,balance_sheet,資產總計,23610982,"23,610,982",sii,https://mopsov.twse.com.tw/mops/web/ajax_t163sb05
中游,伺服器滑軌與機殼,2059,川湖,2024,2,balance_sheet,流動負債,3554583,"3,554,583",sii,https://mopsov.twse.com.tw/mops/web/ajax_t163sb05
中游,伺服器滑軌與機殼,2059,川湖,2024,2,balance_sheet,非流動負債,2086504,"2,086,504",sii,https://mopsov.twse.com.tw/mops/web/ajax_t163sb05
中游,伺服器滑軌與機殼,2059,川湖,2024,2,balance_sheet,負債總計,5641087,"5,641,087",sii,https://mopsov.twse.com.tw/mops/web/ajax_t163sb05
中游,伺服器滑軌與機殼,2059,川湖,2024,2,balance_sheet,股本,952971,"952,971",sii,https://mopsov.twse.com.tw/mops/web/ajax_t163sb05
中游,伺服器滑軌與機殼,2059,川湖,2024,2,balance_sheet,權益─具證券性質之虛擬通貨,,--,sii,https://mopsov.twse.com.tw/mops/web/ajax_t163sb05
中游,伺服器滑軌與機殼,2059,川湖,2024,2,balance_sheet,資本公積,796691,"796,691",sii,https://mopsov.twse.com.tw/mops/web/ajax_t163sb05
中游,伺服器滑軌與機殼,2059,川湖,2024,2,balance_sheet,保留盈餘,16185307,"16,185,307",sii,https://mopsov.twse.com.tw/mops/web/ajax_t163sb05
中游,伺服器滑軌與機殼,2059,川湖,2024,2,balance_sheet,其他權益,34926,"34,926",sii,https://mopsov.twse.com.tw/mops/web/ajax_t163sb05
中游,伺服器滑軌與機殼,2059,川湖,2024,2,balance_sheet,庫藏股票,0,0,sii,https://mopsov.twse.com.tw/mops/web/ajax_t163sb05
中游,伺服器滑軌與機殼,2059,川湖,2024,2,balance_sheet,歸屬於母公司業主之權益合計,17969895,"17,969,895",sii,https://mopsov.twse.com.tw/mops/web/ajax_t163sb05
中游,伺服器滑軌與機殼,2059,川湖,2024,2,balance_sheet,共同控制下前手權益,,--,sii,https://mopsov.twse.com.tw/mops/web/ajax_t163sb05
中游,伺服器滑軌與機殼,2059,川湖,2024,2,balance_sheet,合併前非屬共同控制股權,,--,sii,https://mopsov.twse.com.tw/mops/web/ajax_t163sb05
中游,伺服器滑軌與機殼,2059,川湖,2024,2,balance_sheet,非控制權益,0,0,sii,https://mopsov.twse.com.tw/mops/web/ajax_t163sb05
中游,伺服器滑軌與機殼,2059,川湖,2024,2,balance_sheet,權益總計,17969895,"17,969,895",sii,https://mopsov.twse.com.tw/mops/web/ajax_t163sb05
中游,伺服器滑軌與機殼,2059,川湖,2024,2,balance_sheet,待註銷股本股數（單位：股）,,--,sii,https://mopsov.twse.com.tw/mops/web/ajax_t163sb05
中游,伺服器滑軌與機殼,2059,川湖,2024,2,balance_sheet,預收股款（權益項下）之約當發行股數（單位：股）,0,0,sii,https://mopsov.twse.com.tw/mops/web/ajax_t163sb05
中游,伺服器滑軌與機殼,2059,川湖,2024,2,balance_sheet,母公司暨子公司所持有之母公司庫藏股股數（單位：股）,0,0,sii,https://mopsov.twse.com.tw/mops/web/ajax_t163sb05
中游,伺服器滑軌與機殼,2059,川湖,2024,2,balance_sheet,每股參考淨值,188.57,188.57,sii,https://mopsov.twse.com.tw/mops/web/ajax_t163sb05
中游,伺服器滑軌與機殼,8210,勤誠,2024,2,balance_sheet,流動資產,9188499,"9,188,499",sii,https://mopsov.twse.com.tw/mops/web/ajax_t163sb05
中游,伺服器滑軌與機殼,8210,勤誠,2024,2,balance_sheet,非流動資產,5870682,"5,870,682",sii,https://mopsov.twse.com.tw/mops/web/ajax_t163sb05
中游,伺服器滑軌與機殼,8210,勤誠,2024,2,balance_sheet,資產總計,15059181,"15,059,181",sii,https://mopsov.twse.com.tw/mops/web/ajax_t163sb05
中游,伺服器滑軌與機殼,8210,勤誠,2024,2,balance_sheet,流動負債,6056841,"6,056,841",sii,https://mopsov.twse.com.tw/mops/web/ajax_t163sb05
中游,伺服器滑軌與機殼,8210,勤誠,2024,2,balance_sheet,非流動負債,2875978,"2,875,978",sii,https://mopsov.twse.com.tw/mops/web/ajax_t163sb05
中游,伺服器滑軌與機殼,8210,勤誠,2024,2,balance_sheet,負債總計,8932819,"8,932,819",sii,https://mopsov.twse.com.tw/mops/web/ajax_t163sb05
中游,伺服器滑軌與機殼,8210,勤誠,2024,2,balance_sheet,股本,1205877,"1,205,877",sii,https://mopsov.twse.com.tw/mops/web/ajax_t163sb05
中游,伺服器滑軌與機殼,8210,勤誠,2024,2,balance_sheet,權益─具證券性質之虛擬通貨,,--,sii,https://mopsov.twse.com.tw/mops/web/ajax_t163sb05
中游,伺服器滑軌與機殼,8210,勤誠,2024,2,balance_sheet,資本公積,303603,"303,603",sii,https://mopsov.twse.com.tw/mops/web/ajax_t163sb05
中游,伺服器滑軌與機殼,8210,勤誠,2024,2,balance_sheet,保留盈餘,4574188,"4,574,188",sii,https://mopsov.twse.com.tw/mops/web/ajax_t163sb05
中游,伺服器滑軌與機殼,8210,勤誠,2024,2,balance_sheet,其他權益,-23340,"-23,340",sii,https://mopsov.twse.com.tw/mops/web/ajax_t163sb05
中游,伺服器滑軌與機殼,8210,勤誠,2024,2,balance_sheet,庫藏股票,,--,sii,https://mopsov.twse.com.tw/mops/web/ajax_t163sb05
中游,伺服器滑軌與機殼,8210,勤誠,2024,2,balance_sheet,歸屬於母公司業主之權益合計,6060328,"6,060,328",sii,https://mopsov.twse.com.tw/mops/web/ajax_t163sb05
中游,伺服器滑軌與機殼,8210,勤誠,2024,2,balance_sheet,共同控制下前手權益,,--,sii,https://mopsov.twse.com.tw/mops/web/ajax_t163sb05
中游,伺服器滑軌與機殼,8210,勤誠,2024,2,balance_sheet,合併前非屬共同控制股權,,--,sii,https://mopsov.twse.com.tw/mops/web/ajax_t163sb05
中游,伺服器滑軌與機殼,8210,勤誠,2024,2,balance_sheet,非控制權益,66034,"66,034",sii,https://mopsov.twse.com.tw/mops/web/ajax_t163sb05
中游,伺服器滑軌與機殼,8210,勤誠,2024,2,balance_sheet,權益總計,6126362,"6,126,362",sii,https://mopsov.twse.com.tw/mops/web/ajax_t163sb05
中游,伺服器滑軌與機殼,8210,勤誠,2024,2,balance_sheet,待註銷股本股數（單位：股）,0,0,sii,https://mopsov.twse.com.tw/mops/web/ajax_t163sb05
中游,伺服器滑軌與機殼,8210,勤誠,2024,2,balance_sheet,預收股款（權益項下）之約當發行股數（單位：股）,0,0,sii,https://mopsov.twse.com.tw/mops/web/ajax_t163sb05
中游,伺服器滑軌與機殼,8210,勤誠,2024,2,balance_sheet,母公司暨子公司所持有之母公司庫藏股股數（單位：股）,0,0,sii,https://mopsov.twse.com.tw/mops/web/ajax_t163sb05
中游,伺服器滑軌與機殼,8210,勤誠,2024,2,balance_sheet,每股參考淨值,50.26,50.26,sii,https://mopsov.twse.com.tw/mops/web/ajax_t163sb05
中游,伺服器滑軌與機殼,6584,南俊國際,2024,2,balance_sheet,流動資產,1199629,"1,199,629",otc,https://mopsov.twse.com.tw/mops/web/ajax_t163sb05
中游,伺服器滑軌與機殼,6584,南俊國際,2024,2,balance_sheet,非流動資產,2533445,"2,533,445",otc,https://mopsov.twse.com.tw/mops/web/ajax_t163sb05
中游,伺服器滑軌與機殼,6584,南俊國際,2024,2,balance_sheet,資產總計,3733074,"3,733,074",otc,https://mopsov.twse.com.tw/mops/web/ajax_t163sb05
中游,伺服器滑軌與機殼,6584,南俊國際,2024,2,balance_sheet,流動負債,1118905,"1,118,905",otc,https://mopsov.twse.com.tw/mops/web/ajax_t163sb05
中游,伺服器滑軌與機殼,6584,南俊國際,2024,2,balance_sheet,非流動負債,654442,"654,442",otc,https://mopsov.twse.com.tw/mops/web/ajax_t163sb05
中游,伺服器滑軌與機殼,6584,南俊國際,2024,2,balance_sheet,負債總計,1773347,"1,773,347",otc,https://mopsov.twse.com.tw/mops/web/ajax_t163sb05
中游,伺服器滑軌與機殼,6584,南俊國際,2024,2,balance_sheet,股本,659632,"659,632",otc,https://mopsov.twse.com.tw/mops/web/ajax_t163sb05
中游,伺服器滑軌與機殼,6584,南俊國際,2024,2,balance_sheet,權益─具證券性質之虛擬通貨,,--,otc,https://mopsov.twse.com.tw/mops/web/ajax_t163sb05
中游,伺服器滑軌與機殼,6584,南俊國際,2024,2,balance_sheet,資本公積,746313,"746,313",otc,https://mopsov.twse.com.tw/mops/web/ajax_t163sb05
中游,伺服器滑軌與機殼,6584,南俊國際,2024,2,balance_sheet,保留盈餘,629129,"629,129",otc,https://mopsov.twse.com.tw/mops/web/ajax_t163sb05
中游,伺服器滑軌與機殼,6584,南俊國際,2024,2,balance_sheet,其他權益,-75347,"-75,347",otc,https://mopsov.twse.com.tw/mops/web/ajax_t163sb05
中游,伺服器滑軌與機殼,6584,南俊國際,2024,2,balance_sheet,庫藏股票,,--,otc,https://mopsov.twse.com.tw/mops/web/ajax_t163sb05
中游,伺服器滑軌與機殼,6584,南俊國際,2024,2,balance_sheet,歸屬於母公司業主之權益合計,1959727,"1,959,727",otc,https://mopsov.twse.com.tw/mops/web/ajax_t163sb05
中游,伺服器滑軌與機殼,6584,南俊國際,2024,2,balance_sheet,共同控制下前手權益,,--,otc,https://mopsov.twse.com.tw/mops/web/ajax_t163sb05
中游,伺服器滑軌與機殼,6584,南俊國際,2024,2,balance_sheet,合併前非屬共同控制股權,,--,otc,https://mopsov.twse.com.tw/mops/web/ajax_t163sb05
中游,伺服器滑軌與機殼,6584,南俊國際,2024,2,balance_sheet,非控制權益,,--,otc,https://mopsov.twse.com.tw/mops/web/ajax_t163sb05
中游,伺服器滑軌與機殼,6584,南俊國際,2024,2,balance_sheet,權益總計,1959727,"1,959,727",otc,https://mopsov.twse.com.tw/mops/web/ajax_t163sb05
中游,伺服器滑軌與機殼,6584,南俊國際,2024,2,balance_sheet,待註銷股本股數（單位：股）,0,0,otc,https://mopsov.twse.com.tw/mops/web/ajax_t163sb05
中游,伺服器滑軌與機殼,6584,南俊國際,2024,2,balance_sheet,預收股款（權益項下）之約當發行股數（單位：股）,0,0,otc,https://mopsov.twse.com.tw/mops/web/ajax_t163sb05
中游,伺服器滑軌與機殼,6584,南俊國際,2024,2,balance_sheet,母公司暨子公司所持有之母公司庫藏股股數（單位：股）,0,0,otc,https://mopsov.twse.com.tw/mops/web/ajax_t163sb05
中游,伺服器滑軌與機殼,6584,南俊國際,2024,2,balance_sheet,每股參考淨值,29.71,29.71,otc,https://mopsov.twse.com.tw/mops/web/ajax_t163sb05
中游,伺服器滑軌與機殼,2059,川湖,2024,2,cash_flow,營業活動之淨現金流入（流出）,1760846,"1,760,846",sii,https://mopsov.twse.com.tw/mops/web/ajax_t163sb20
中游,伺服器滑軌與機殼,2059,川湖,2024,2,cash_flow,投資活動之淨現金流入（流出）,-170709,"-170,709",sii,https://mopsov.twse.com.tw/mops/web/ajax_t163sb20
中游,伺服器滑軌與機殼,2059,川湖,2024,2,cash_flow,籌資活動之淨現金流入（流出）,-77778,"-77,778",sii,https://mopsov.twse.com.tw/mops/web/ajax_t163sb20
中游,伺服器滑軌與機殼,2059,川湖,2024,2,cash_flow,匯率變動對現金及約當現金之影響,593811,"593,811",sii,https://mopsov.twse.com.tw/mops/web/ajax_t163sb20
中游,伺服器滑軌與機殼,2059,川湖,2024,2,cash_flow,本期現金及約當現金增加（減少）數,2106170,"2,106,170",sii,https://mopsov.twse.com.tw/mops/web/ajax_t163sb20
中游,伺服器滑軌與機殼,2059,川湖,2024,2,cash_flow,期初現金及約當現金餘額,12602683,"12,602,683",sii,https://mopsov.twse.com.tw/mops/web/ajax_t163sb20
中游,伺服器滑軌與機殼,2059,川湖,2024,2,cash_flow,期末現金及約當現金餘額,14708853,"14,708,853",sii,https://mopsov.twse.com.tw/mops/web/ajax_t163sb20
中游,伺服器滑軌與機殼,8210,勤誠,2024,2,cash_flow,營業活動之淨現金流入（流出）,720334,"720,334",sii,https://mopsov.twse.com.tw/mops/web/ajax_t163sb20
中游,伺服器滑軌與機殼,8210,勤誠,2024,2,cash_flow,投資活動之淨現金流入（流出）,-762362,"-762,362",sii,https://mopsov.twse.com.tw/mops/web/ajax_t163sb20
中游,伺服器滑軌與機殼,8210,勤誠,2024,2,cash_flow,籌資活動之淨現金流入（流出）,126676,"126,676",sii,https://mopsov.twse.com.tw/mops/web/ajax_t163sb20
中游,伺服器滑軌與機殼,8210,勤誠,2024,2,cash_flow,匯率變動對現金及約當現金之影響,85818,"85,818",sii,https://mopsov.twse.com.tw/mops/web/ajax_t163sb20
中游,伺服器滑軌與機殼,8210,勤誠,2024,2,cash_flow,本期現金及約當現金增加（減少）數,170466,"170,466",sii,https://mopsov.twse.com.tw/mops/web/ajax_t163sb20
中游,伺服器滑軌與機殼,8210,勤誠,2024,2,cash_flow,期初現金及約當現金餘額,2947153,"2,947,153",sii,https://mopsov.twse.com.tw/mops/web/ajax_t163sb20
中游,伺服器滑軌與機殼,8210,勤誠,2024,2,cash_flow,期末現金及約當現金餘額,3117619,"3,117,619",sii,https://mopsov.twse.com.tw/mops/web/ajax_t163sb20
中游,伺服器滑軌與機殼,6584,南俊國際,2024,2,cash_flow,營業活動之淨現金流入（流出）,132417,"132,417",otc,https://mopsov.twse.com.tw/mops/web/ajax_t163sb20
中游,伺服器滑軌與機殼,6584,南俊國際,2024,2,cash_flow,投資活動之淨現金流入（流出）,-51726,"-51,726",otc,https://mopsov.twse.com.tw/mops/web/ajax_t163sb20
中游,伺服器滑軌與機殼,6584,南俊國際,2024,2,cash_flow,籌資活動之淨現金流入（流出）,-9581,"-9,581",otc,https://mopsov.twse.com.tw/mops/web/ajax_t163sb20
中游,伺服器滑軌與機殼,6584,南俊國際,2024,2,cash_flow,匯率變動對現金及約當現金之影響,1228,"1,228",otc,https://mopsov.twse.com.tw/mops/web/ajax_t163sb20
中游,伺服器滑軌與機殼,6584,南俊國際,2024,2,cash_flow,本期現金及約當現金增加（減少）數,72338,"72,338",otc,https://mopsov.twse.com.tw/mops/web/ajax_t163sb20
中游,伺服器滑軌與機殼,6584,南俊國際,2024,2,cash_flow,期初現金及約當現金餘額,404345,"404,345",otc,https://mopsov.twse.com.tw/mops/web/ajax_t163sb20
中游,伺服器滑軌與機殼,6584,南俊國際,2024,2,cash_flow,期末現金及約當現金餘額,476683,"476,683",otc,https://mopsov.twse.com.tw/mops/web/ajax_t163sb20
中游,伺服器滑軌與機殼,2059,川湖,2024,3,income_statement,營業收入,7031155,"7,031,155",sii,https://mopsov.twse.com.tw/mops/web/ajax_t163sb04
中游,伺服器滑軌與機殼,2059,川湖,2024,3,income_statement,營業成本,2254175,"2,254,175",sii,https://mopsov.twse.com.tw/mops/web/ajax_t163sb04
中游,伺服器滑軌與機殼,2059,川湖,2024,3,income_statement,原始認列生物資產及農產品之利益（損失）,,--,sii,https://mopsov.twse.com.tw/mops/web/ajax_t163sb04
中游,伺服器滑軌與機殼,2059,川湖,2024,3,income_statement,生物資產當期公允價值減出售成本之變動利益（損失）,,--,sii,https://mopsov.twse.com.tw/mops/web/ajax_t163sb04
中游,伺服器滑軌與機殼,2059,川湖,2024,3,income_statement,營業毛利（毛損）,4776980,"4,776,980",sii,https://mopsov.twse.com.tw/mops/web/ajax_t163sb04
中游,伺服器滑軌與機殼,2059,川湖,2024,3,income_statement,未實現銷貨（損）益,,--,sii,https://mopsov.twse.com.tw/mops/web/ajax_t163sb04
中游,伺服器滑軌與機殼,2059,川湖,2024,3,income_statement,已實現銷貨（損）益,,--,sii,https://mopsov.twse.com.tw/mops/web/ajax_t163sb04
中游,伺服器滑軌與機殼,2059,川湖,2024,3,income_statement,營業毛利（毛損）淨額,4776980,"4,776,980",sii,https://mopsov.twse.com.tw/mops/web/ajax_t163sb04
中游,伺服器滑軌與機殼,2059,川湖,2024,3,income_statement,營業費用,618485,"618,485",sii,https://mopsov.twse.com.tw/mops/web/ajax_t163sb04
中游,伺服器滑軌與機殼,2059,川湖,2024,3,income_statement,其他收益及費損淨額,,--,sii,https://mopsov.twse.com.tw/mops/web/ajax_t163sb04
中游,伺服器滑軌與機殼,2059,川湖,2024,3,income_statement,營業利益（損失）,4158495,"4,158,495",sii,https://mopsov.twse.com.tw/mops/web/ajax_t163sb04
中游,伺服器滑軌與機殼,2059,川湖,2024,3,income_statement,營業外收入及支出,938601,"938,601",sii,https://mopsov.twse.com.tw/mops/web/ajax_t163sb04
中游,伺服器滑軌與機殼,2059,川湖,2024,3,income_statement,稅前淨利（淨損）,5097096,"5,097,096",sii,https://mopsov.twse.com.tw/mops/web/ajax_t163sb04
中游,伺服器滑軌與機殼,2059,川湖,2024,3,income_statement,所得稅費用（利益）,1098778,"1,098,778",sii,https://mopsov.twse.com.tw/mops/web/ajax_t163sb04
中游,伺服器滑軌與機殼,2059,川湖,2024,3,income_statement,繼續營業單位本期淨利（淨損）,3998318,"3,998,318",sii,https://mopsov.twse.com.tw/mops/web/ajax_t163sb04
中游,伺服器滑軌與機殼,2059,川湖,2024,3,income_statement,停業單位損益,,--,sii,https://mopsov.twse.com.tw/mops/web/ajax_t163sb04
中游,伺服器滑軌與機殼,2059,川湖,2024,3,income_statement,合併前非屬共同控制股權損益,,--,sii,https://mopsov.twse.com.tw/mops/web/ajax_t163sb04
中游,伺服器滑軌與機殼,2059,川湖,2024,3,income_statement,本期淨利（淨損）,3998318,"3,998,318",sii,https://mopsov.twse.com.tw/mops/web/ajax_t163sb04
中游,伺服器滑軌與機殼,2059,川湖,2024,3,income_statement,其他綜合損益（淨額）,25964,"25,964",sii,https://mopsov.twse.com.tw/mops/web/ajax_t163sb04
中游,伺服器滑軌與機殼,2059,川湖,2024,3,income_statement,合併前非屬共同控制股權綜合損益淨額,,--,sii,https://mopsov.twse.com.tw/mops/web/ajax_t163sb04
中游,伺服器滑軌與機殼,2059,川湖,2024,3,income_statement,本期綜合損益總額,4024282,"4,024,282",sii,https://mopsov.twse.com.tw/mops/web/ajax_t163sb04
中游,伺服器滑軌與機殼,2059,川湖,2024,3,income_statement,淨利（淨損）歸屬於母公司業主,3998318,"3,998,318",sii,https://mopsov.twse.com.tw/mops/web/ajax_t163sb04
中游,伺服器滑軌與機殼,2059,川湖,2024,3,income_statement,淨利（淨損）歸屬於共同控制下前手權益,,--,sii,https://mopsov.twse.com.tw/mops/web/ajax_t163sb04
中游,伺服器滑軌與機殼,2059,川湖,2024,3,income_statement,淨利（淨損）歸屬於非控制權益,,--,sii,https://mopsov.twse.com.tw/mops/web/ajax_t163sb04
中游,伺服器滑軌與機殼,2059,川湖,2024,3,income_statement,綜合損益總額歸屬於母公司業主,4024282,"4,024,282",sii,https://mopsov.twse.com.tw/mops/web/ajax_t163sb04
中游,伺服器滑軌與機殼,2059,川湖,2024,3,income_statement,綜合損益總額歸屬於共同控制下前手權益,,--,sii,https://mopsov.twse.com.tw/mops/web/ajax_t163sb04
中游,伺服器滑軌與機殼,2059,川湖,2024,3,income_statement,綜合損益總額歸屬於非控制權益,,--,sii,https://mopsov.twse.com.tw/mops/web/ajax_t163sb04
中游,伺服器滑軌與機殼,2059,川湖,2024,3,income_statement,基本每股盈餘（元）,41.96,41.96,sii,https://mopsov.twse.com.tw/mops/web/ajax_t163sb04
中游,伺服器滑軌與機殼,8210,勤誠,2024,3,income_statement,營業收入,10652248,"10,652,248",sii,https://mopsov.twse.com.tw/mops/web/ajax_t163sb04
中游,伺服器滑軌與機殼,8210,勤誠,2024,3,income_statement,營業成本,7818727,"7,818,727",sii,https://mopsov.twse.com.tw/mops/web/ajax_t163sb04
中游,伺服器滑軌與機殼,8210,勤誠,2024,3,income_statement,原始認列生物資產及農產品之利益（損失）,,--,sii,https://mopsov.twse.com.tw/mops/web/ajax_t163sb04
中游,伺服器滑軌與機殼,8210,勤誠,2024,3,income_statement,生物資產當期公允價值減出售成本之變動利益（損失）,,--,sii,https://mopsov.twse.com.tw/mops/web/ajax_t163sb04
中游,伺服器滑軌與機殼,8210,勤誠,2024,3,income_statement,營業毛利（毛損）,2833521,"2,833,521",sii,https://mopsov.twse.com.tw/mops/web/ajax_t163sb04
中游,伺服器滑軌與機殼,8210,勤誠,2024,3,income_statement,未實現銷貨（損）益,,--,sii,https://mopsov.twse.com.tw/mops/web/ajax_t163sb04
中游,伺服器滑軌與機殼,8210,勤誠,2024,3,income_statement,已實現銷貨（損）益,,--,sii,https://mopsov.twse.com.tw/mops/web/ajax_t163sb04
中游,伺服器滑軌與機殼,8210,勤誠,2024,3,income_statement,營業毛利（毛損）淨額,2833521,"2,833,521",sii,https://mopsov.twse.com.tw/mops/web/ajax_t163sb04
中游,伺服器滑軌與機殼,8210,勤誠,2024,3,income_statement,營業費用,973937,"973,937",sii,https://mopsov.twse.com.tw/mops/web/ajax_t163sb04
中游,伺服器滑軌與機殼,8210,勤誠,2024,3,income_statement,其他收益及費損淨額,61325,"61,325",sii,https://mopsov.twse.com.tw/mops/web/ajax_t163sb04
中游,伺服器滑軌與機殼,8210,勤誠,2024,3,income_statement,營業利益（損失）,1920909,"1,920,909",sii,https://mopsov.twse.com.tw/mops/web/ajax_t163sb04
中游,伺服器滑軌與機殼,8210,勤誠,2024,3,income_statement,營業外收入及支出,59951,"59,951",sii,https://mopsov.twse.com.tw/mops/web/ajax_t163sb04
中游,伺服器滑軌與機殼,8210,勤誠,2024,3,income_statement,稅前淨利（淨損）,1980860,"1,980,860",sii,https://mopsov.twse.com.tw/mops/web/ajax_t163sb04
中游,伺服器滑軌與機殼,8210,勤誠,2024,3,income_statement,所得稅費用（利益）,485468,"485,468",sii,https://mopsov.twse.com.tw/mops/web/ajax_t163sb04
中游,伺服器滑軌與機殼,8210,勤誠,2024,3,income_statement,繼續營業單位本期淨利（淨損）,1495392,"1,495,392",sii,https://mopsov.twse.com.tw/mops/web/ajax_t163sb04
中游,伺服器滑軌與機殼,8210,勤誠,2024,3,income_statement,停業單位損益,,--,sii,https://mopsov.twse.com.tw/mops/web/ajax_t163sb04
中游,伺服器滑軌與機殼,8210,勤誠,2024,3,income_statement,合併前非屬共同控制股權損益,,--,sii,https://mopsov.twse.com.tw/mops/web/ajax_t163sb04
中游,伺服器滑軌與機殼,8210,勤誠,2024,3,income_statement,本期淨利（淨損）,1495392,"1,495,392",sii,https://mopsov.twse.com.tw/mops/web/ajax_t163sb04
中游,伺服器滑軌與機殼,8210,勤誠,2024,3,income_statement,其他綜合損益（淨額）,121534,"121,534",sii,https://mopsov.twse.com.tw/mops/web/ajax_t163sb04
中游,伺服器滑軌與機殼,8210,勤誠,2024,3,income_statement,合併前非屬共同控制股權綜合損益淨額,,--,sii,https://mopsov.twse.com.tw/mops/web/ajax_t163sb04
中游,伺服器滑軌與機殼,8210,勤誠,2024,3,income_statement,本期綜合損益總額,1616926,"1,616,926",sii,https://mopsov.twse.com.tw/mops/web/ajax_t163sb04
中游,伺服器滑軌與機殼,8210,勤誠,2024,3,income_statement,淨利（淨損）歸屬於母公司業主,1462011,"1,462,011",sii,https://mopsov.twse.com.tw/mops/web/ajax_t163sb04
中游,伺服器滑軌與機殼,8210,勤誠,2024,3,income_statement,淨利（淨損）歸屬於共同控制下前手權益,,--,sii,https://mopsov.twse.com.tw/mops/web/ajax_t163sb04
中游,伺服器滑軌與機殼,8210,勤誠,2024,3,income_statement,淨利（淨損）歸屬於非控制權益,33381,"33,381",sii,https://mopsov.twse.com.tw/mops/web/ajax_t163sb04
中游,伺服器滑軌與機殼,8210,勤誠,2024,3,income_statement,綜合損益總額歸屬於母公司業主,1583545,"1,583,545",sii,https://mopsov.twse.com.tw/mops/web/ajax_t163sb04
中游,伺服器滑軌與機殼,8210,勤誠,2024,3,income_statement,綜合損益總額歸屬於共同控制下前手權益,,--,sii,https://mopsov.twse.com.tw/mops/web/ajax_t163sb04
中游,伺服器滑軌與機殼,8210,勤誠,2024,3,income_statement,綜合損益總額歸屬於非控制權益,33381,"33,381",sii,https://mopsov.twse.com.tw/mops/web/ajax_t163sb04
中游,伺服器滑軌與機殼,8210,勤誠,2024,3,income_statement,基本每股盈餘（元）,12.14,12.14,sii,https://mopsov.twse.com.tw/mops/web/ajax_t163sb04
中游,伺服器滑軌與機殼,6584,南俊國際,2024,3,income_statement,營業收入,1394711,"1,394,711",otc,https://mopsov.twse.com.tw/mops/web/ajax_t163sb04
中游,伺服器滑軌與機殼,6584,南俊國際,2024,3,income_statement,營業成本,1039451,"1,039,451",otc,https://mopsov.twse.com.tw/mops/web/ajax_t163sb04
中游,伺服器滑軌與機殼,6584,南俊國際,2024,3,income_statement,原始認列生物資產及農產品之利益（損失）,,--,otc,https://mopsov.twse.com.tw/mops/web/ajax_t163sb04
中游,伺服器滑軌與機殼,6584,南俊國際,2024,3,income_statement,生物資產當期公允價值減出售成本之變動利益（損失）,,--,otc,https://mopsov.twse.com.tw/mops/web/ajax_t163sb04
中游,伺服器滑軌與機殼,6584,南俊國際,2024,3,income_statement,營業毛利（毛損）,355260,"355,260",otc,https://mopsov.twse.com.tw/mops/web/ajax_t163sb04
中游,伺服器滑軌與機殼,6584,南俊國際,2024,3,income_statement,未實現銷貨（損）益,,--,otc,https://mopsov.twse.com.tw/mops/web/ajax_t163sb04
中游,伺服器滑軌與機殼,6584,南俊國際,2024,3,income_statement,已實現銷貨（損）益,,--,otc,https://mopsov.twse.com.tw/mops/web/ajax_t163sb04
中游,伺服器滑軌與機殼,6584,南俊國際,2024,3,income_statement,營業毛利（毛損）淨額,355260,"355,260",otc,https://mopsov.twse.com.tw/mops/web/ajax_t163sb04
中游,伺服器滑軌與機殼,6584,南俊國際,2024,3,income_statement,營業費用,200362,"200,362",otc,https://mopsov.twse.com.tw/mops/web/ajax_t163sb04
中游,伺服器滑軌與機殼,6584,南俊國際,2024,3,income_statement,其他收益及費損淨額,,--,otc,https://mopsov.twse.com.tw/mops/web/ajax_t163sb04
中游,伺服器滑軌與機殼,6584,南俊國際,2024,3,income_statement,營業利益（損失）,154898,"154,898",otc,https://mopsov.twse.com.tw/mops/web/ajax_t163sb04
中游,伺服器滑軌與機殼,6584,南俊國際,2024,3,income_statement,營業外收入及支出,21442,"21,442",otc,https://mopsov.twse.com.tw/mops/web/ajax_t163sb04
中游,伺服器滑軌與機殼,6584,南俊國際,2024,3,income_statement,稅前淨利（淨損）,176340,"176,340",otc,https://mopsov.twse.com.tw/mops/web/ajax_t163sb04
中游,伺服器滑軌與機殼,6584,南俊國際,2024,3,income_statement,所得稅費用（利益）,35488,"35,488",otc,https://mopsov.twse.com.tw/mops/web/ajax_t163sb04
中游,伺服器滑軌與機殼,6584,南俊國際,2024,3,income_statement,繼續營業單位本期淨利（淨損）,140852,"140,852",otc,https://mopsov.twse.com.tw/mops/web/ajax_t163sb04
中游,伺服器滑軌與機殼,6584,南俊國際,2024,3,income_statement,停業單位損益,,--,otc,https://mopsov.twse.com.tw/mops/web/ajax_t163sb04
中游,伺服器滑軌與機殼,6584,南俊國際,2024,3,income_statement,合併前非屬共同控制股權損益,,--,otc,https://mopsov.twse.com.tw/mops/web/ajax_t163sb04
中游,伺服器滑軌與機殼,6584,南俊國際,2024,3,income_statement,本期淨利（淨損）,140852,"140,852",otc,https://mopsov.twse.com.tw/mops/web/ajax_t163sb04
中游,伺服器滑軌與機殼,6584,南俊國際,2024,3,income_statement,其他綜合損益（淨額）,-5218,"-5,218",otc,https://mopsov.twse.com.tw/mops/web/ajax_t163sb04
中游,伺服器滑軌與機殼,6584,南俊國際,2024,3,income_statement,合併前非屬共同控制股權綜合損益淨額,,--,otc,https://mopsov.twse.com.tw/mops/web/ajax_t163sb04
中游,伺服器滑軌與機殼,6584,南俊國際,2024,3,income_statement,本期綜合損益總額,135634,"135,634",otc,https://mopsov.twse.com.tw/mops/web/ajax_t163sb04
中游,伺服器滑軌與機殼,6584,南俊國際,2024,3,income_statement,淨利（淨損）歸屬於母公司業主,140852,"140,852",otc,https://mopsov.twse.com.tw/mops/web/ajax_t163sb04
中游,伺服器滑軌與機殼,6584,南俊國際,2024,3,income_statement,淨利（淨損）歸屬於共同控制下前手權益,,--,otc,https://mopsov.twse.com.tw/mops/web/ajax_t163sb04
中游,伺服器滑軌與機殼,6584,南俊國際,2024,3,income_statement,淨利（淨損）歸屬於非控制權益,,--,otc,https://mopsov.twse.com.tw/mops/web/ajax_t163sb04
中游,伺服器滑軌與機殼,6584,南俊國際,2024,3,income_statement,綜合損益總額歸屬於母公司業主,135634,"135,634",otc,https://mopsov.twse.com.tw/mops/web/ajax_t163sb04
中游,伺服器滑軌與機殼,6584,南俊國際,2024,3,income_statement,綜合損益總額歸屬於共同控制下前手權益,,--,otc,https://mopsov.twse.com.tw/mops/web/ajax_t163sb04
中游,伺服器滑軌與機殼,6584,南俊國際,2024,3,income_statement,綜合損益總額歸屬於非控制權益,,--,otc,https://mopsov.twse.com.tw/mops/web/ajax_t163sb04
中游,伺服器滑軌與機殼,6584,南俊國際,2024,3,income_statement,基本每股盈餘（元）,2.15,2.15,otc,https://mopsov.twse.com.tw/mops/web/ajax_t163sb04
中游,伺服器滑軌與機殼,2059,川湖,2024,3,balance_sheet,流動資產,18877314,"18,877,314",sii,https://mopsov.twse.com.tw/mops/web/ajax_t163sb05
中游,伺服器滑軌與機殼,2059,川湖,2024,3,balance_sheet,非流動資產,4500215,"4,500,215",sii,https://mopsov.twse.com.tw/mops/web/ajax_t163sb05
中游,伺服器滑軌與機殼,2059,川湖,2024,3,balance_sheet,資產總計,23377529,"23,377,529",sii,https://mopsov.twse.com.tw/mops/web/ajax_t163sb05
中游,伺服器滑軌與機殼,2059,川湖,2024,3,balance_sheet,流動負債,2310562,"2,310,562",sii,https://mopsov.twse.com.tw/mops/web/ajax_t163sb05
中游,伺服器滑軌與機殼,2059,川湖,2024,3,balance_sheet,非流動負債,1958771,"1,958,771",sii,https://mopsov.twse.com.tw/mops/web/ajax_t163sb05
中游,伺服器滑軌與機殼,2059,川湖,2024,3,balance_sheet,負債總計,4269333,"4,269,333",sii,https://mopsov.twse.com.tw/mops/web/ajax_t163sb05
中游,伺服器滑軌與機殼,2059,川湖,2024,3,balance_sheet,股本,952971,"952,971",sii,https://mopsov.twse.com.tw/mops/web/ajax_t163sb05
中游,伺服器滑軌與機殼,2059,川湖,2024,3,balance_sheet,權益─具證券性質之虛擬通貨,,--,sii,https://mopsov.twse.com.tw/mops/web/ajax_t163sb05
中游,伺服器滑軌與機殼,2059,川湖,2024,3,balance_sheet,資本公積,796691,"796,691",sii,https://mopsov.twse.com.tw/mops/web/ajax_t163sb05
中游,伺服器滑軌與機殼,2059,川湖,2024,3,balance_sheet,保留盈餘,17340290,"17,340,290",sii,https://mopsov.twse.com.tw/mops/web/ajax_t163sb05
中游,伺服器滑軌與機殼,2059,川湖,2024,3,balance_sheet,其他權益,18244,"18,244",sii,https://mopsov.twse.com.tw/mops/web/ajax_t163sb05
中游,伺服器滑軌與機殼,2059,川湖,2024,3,balance_sheet,庫藏股票,0,0,sii,https://mopsov.twse.com.tw/mops/web/ajax_t163sb05
中游,伺服器滑軌與機殼,2059,川湖,2024,3,balance_sheet,歸屬於母公司業主之權益合計,19108196,"19,108,196",sii,https://mopsov.twse.com.tw/mops/web/ajax_t163sb05
中游,伺服器滑軌與機殼,2059,川湖,2024,3,balance_sheet,共同控制下前手權益,,--,sii,https://mopsov.twse.com.tw/mops/web/ajax_t163sb05
中游,伺服器滑軌與機殼,2059,川湖,2024,3,balance_sheet,合併前非屬共同控制股權,,--,sii,https://mopsov.twse.com.tw/mops/web/ajax_t163sb05
中游,伺服器滑軌與機殼,2059,川湖,2024,3,balance_sheet,非控制權益,0,0,sii,https://mopsov.twse.com.tw/mops/web/ajax_t163sb05
中游,伺服器滑軌與機殼,2059,川湖,2024,3,balance_sheet,權益總計,19108196,"19,108,196",sii,https://mopsov.twse.com.tw/mops/web/ajax_t163sb05
中游,伺服器滑軌與機殼,2059,川湖,2024,3,balance_sheet,待註銷股本股數（單位：股）,0,0,sii,https://mopsov.twse.com.tw/mops/web/ajax_t163sb05
中游,伺服器滑軌與機殼,2059,川湖,2024,3,balance_sheet,預收股款（權益項下）之約當發行股數（單位：股）,0,0,sii,https://mopsov.twse.com.tw/mops/web/ajax_t163sb05
中游,伺服器滑軌與機殼,2059,川湖,2024,3,balance_sheet,母公司暨子公司所持有之母公司庫藏股股數（單位：股）,0,0,sii,https://mopsov.twse.com.tw/mops/web/ajax_t163sb05
中游,伺服器滑軌與機殼,2059,川湖,2024,3,balance_sheet,每股參考淨值,200.51,200.51,sii,https://mopsov.twse.com.tw/mops/web/ajax_t163sb05
中游,伺服器滑軌與機殼,8210,勤誠,2024,3,balance_sheet,流動資產,9439758,"9,439,758",sii,https://mopsov.twse.com.tw/mops/web/ajax_t163sb05
中游,伺服器滑軌與機殼,8210,勤誠,2024,3,balance_sheet,非流動資產,5928622,"5,928,622",sii,https://mopsov.twse.com.tw/mops/web/ajax_t163sb05
中游,伺服器滑軌與機殼,8210,勤誠,2024,3,balance_sheet,資產總計,15368380,"15,368,380",sii,https://mopsov.twse.com.tw/mops/web/ajax_t163sb05
中游,伺服器滑軌與機殼,8210,勤誠,2024,3,balance_sheet,流動負債,5834647,"5,834,647",sii,https://mopsov.twse.com.tw/mops/web/ajax_t163sb05
中游,伺服器滑軌與機殼,8210,勤誠,2024,3,balance_sheet,非流動負債,2798292,"2,798,292",sii,https://mopsov.twse.com.tw/mops/web/ajax_t163sb05
中游,伺服器滑軌與機殼,8210,勤誠,2024,3,balance_sheet,負債總計,8632939,"8,632,939",sii,https://mopsov.twse.com.tw/mops/web/ajax_t163sb05
中游,伺服器滑軌與機殼,8210,勤誠,2024,3,balance_sheet,股本,1209877,"1,209,877",sii,https://mopsov.twse.com.tw/mops/web/ajax_t163sb05
中游,伺服器滑軌與機殼,8210,勤誠,2024,3,balance_sheet,權益─具證券性質之虛擬通貨,,--,sii,https://mopsov.twse.com.tw/mops/web/ajax_t163sb05
中游,伺服器滑軌與機殼,8210,勤誠,2024,3,balance_sheet,資本公積,383452,"383,452",sii,https://mopsov.twse.com.tw/mops/web/ajax_t163sb05
中游,伺服器滑軌與機殼,8210,勤誠,2024,3,balance_sheet,保留盈餘,5217957,"5,217,957",sii,https://mopsov.twse.com.tw/mops/web/ajax_t163sb05
中游,伺服器滑軌與機殼,8210,勤誠,2024,3,balance_sheet,其他權益,-160403,"-160,403",sii,https://mopsov.twse.com.tw/mops/web/ajax_t163sb05
中游,伺服器滑軌與機殼,8210,勤誠,2024,3,balance_sheet,庫藏股票,,--,sii,https://mopsov.twse.com.tw/mops/web/ajax_t163sb05
中游,伺服器滑軌與機殼,8210,勤誠,2024,3,balance_sheet,歸屬於母公司業主之權益合計,6650883,"6,650,883",sii,https://mopsov.twse.com.tw/mops/web/ajax_t163sb05
中游,伺服器滑軌與機殼,8210,勤誠,2024,3,balance_sheet,共同控制下前手權益,,--,sii,https://mopsov.twse.com.tw/mops/web/ajax_t163sb05
中游,伺服器滑軌與機殼,8210,勤誠,2024,3,balance_sheet,合併前非屬共同控制股權,,--,sii,https://mopsov.twse.com.tw/mops/web/ajax_t163sb05
中游,伺服器滑軌與機殼,8210,勤誠,2024,3,balance_sheet,非控制權益,84558,"84,558",sii,https://mopsov.twse.com.tw/mops/web/ajax_t163sb05
中游,伺服器滑軌與機殼,8210,勤誠,2024,3,balance_sheet,權益總計,6735441,"6,735,441",sii,https://mopsov.twse.com.tw/mops/web/ajax_t163sb05
中游,伺服器滑軌與機殼,8210,勤誠,2024,3,balance_sheet,待註銷股本股數（單位：股）,0,0,sii,https://mopsov.twse.com.tw/mops/web/ajax_t163sb05
中游,伺服器滑軌與機殼,8210,勤誠,2024,3,balance_sheet,預收股款（權益項下）之約當發行股數（單位：股）,0,0,sii,https://mopsov.twse.com.tw/mops/web/ajax_t163sb05
中游,伺服器滑軌與機殼,8210,勤誠,2024,3,balance_sheet,母公司暨子公司所持有之母公司庫藏股股數（單位：股）,0,0,sii,https://mopsov.twse.com.tw/mops/web/ajax_t163sb05
中游,伺服器滑軌與機殼,8210,勤誠,2024,3,balance_sheet,每股參考淨值,54.97,54.97,sii,https://mopsov.twse.com.tw/mops/web/ajax_t163sb05
中游,伺服器滑軌與機殼,6584,南俊國際,2024,3,balance_sheet,流動資產,1067671,"1,067,671",otc,https://mopsov.twse.com.tw/mops/web/ajax_t163sb05
中游,伺服器滑軌與機殼,6584,南俊國際,2024,3,balance_sheet,非流動資產,2802019,"2,802,019",otc,https://mopsov.twse.com.tw/mops/web/ajax_t163sb05
中游,伺服器滑軌與機殼,6584,南俊國際,2024,3,balance_sheet,資產總計,3869690,"3,869,690",otc,https://mopsov.twse.com.tw/mops/web/ajax_t163sb05
中游,伺服器滑軌與機殼,6584,南俊國際,2024,3,balance_sheet,流動負債,1294900,"1,294,900",otc,https://mopsov.twse.com.tw/mops/web/ajax_t163sb05
中游,伺服器滑軌與機殼,6584,南俊國際,2024,3,balance_sheet,非流動負債,567203,"567,203",otc,https://mopsov.twse.com.tw/mops/web/ajax_t163sb05
中游,伺服器滑軌與機殼,6584,南俊國際,2024,3,balance_sheet,負債總計,1862103,"1,862,103",otc,https://mopsov.twse.com.tw/mops/web/ajax_t163sb05
中游,伺服器滑軌與機殼,6584,南俊國際,2024,3,balance_sheet,股本,659552,"659,552",otc,https://mopsov.twse.com.tw/mops/web/ajax_t163sb05
中游,伺服器滑軌與機殼,6584,南俊國際,2024,3,balance_sheet,權益─具證券性質之虛擬通貨,,--,otc,https://mopsov.twse.com.tw/mops/web/ajax_t163sb05
中游,伺服器滑軌與機殼,6584,南俊國際,2024,3,balance_sheet,資本公積,722382,"722,382",otc,https://mopsov.twse.com.tw/mops/web/ajax_t163sb05
中游,伺服器滑軌與機殼,6584,南俊國際,2024,3,balance_sheet,保留盈餘,672637,"672,637",otc,https://mopsov.twse.com.tw/mops/web/ajax_t163sb05
中游,伺服器滑軌與機殼,6584,南俊國際,2024,3,balance_sheet,其他權益,-46984,"-46,984",otc,https://mopsov.twse.com.tw/mops/web/ajax_t163sb05
中游,伺服器滑軌與機殼,6584,南俊國際,2024,3,balance_sheet,庫藏股票,,--,otc,https://mopsov.twse.com.tw/mops/web/ajax_t163sb05
中游,伺服器滑軌與機殼,6584,南俊國際,2024,3,balance_sheet,歸屬於母公司業主之權益合計,2007587,"2,007,587",otc,https://mopsov.twse.com.tw/mops/web/ajax_t163sb05
中游,伺服器滑軌與機殼,6584,南俊國際,2024,3,balance_sheet,共同控制下前手權益,,--,otc,https://mopsov.twse.com.tw/mops/web/ajax_t163sb05
中游,伺服器滑軌與機殼,6584,南俊國際,2024,3,balance_sheet,合併前非屬共同控制股權,,--,otc,https://mopsov.twse.com.tw/mops/web/ajax_t163sb05
中游,伺服器滑軌與機殼,6584,南俊國際,2024,3,balance_sheet,非控制權益,,--,otc,https://mopsov.twse.com.tw/mops/web/ajax_t163sb05
中游,伺服器滑軌與機殼,6584,南俊國際,2024,3,balance_sheet,權益總計,2007587,"2,007,587",otc,https://mopsov.twse.com.tw/mops/web/ajax_t163sb05
中游,伺服器滑軌與機殼,6584,南俊國際,2024,3,balance_sheet,待註銷股本股數（單位：股）,0,0,otc,https://mopsov.twse.com.tw/mops/web/ajax_t163sb05
中游,伺服器滑軌與機殼,6584,南俊國際,2024,3,balance_sheet,預收股款（權益項下）之約當發行股數（單位：股）,0,0,otc,https://mopsov.twse.com.tw/mops/web/ajax_t163sb05
中游,伺服器滑軌與機殼,6584,南俊國際,2024,3,balance_sheet,母公司暨子公司所持有之母公司庫藏股股數（單位：股）,0,0,otc,https://mopsov.twse.com.tw/mops/web/ajax_t163sb05
中游,伺服器滑軌與機殼,6584,南俊國際,2024,3,balance_sheet,每股參考淨值,30.44,30.44,otc,https://mopsov.twse.com.tw/mops/web/ajax_t163sb05
中游,伺服器滑軌與機殼,2059,川湖,2024,3,cash_flow,營業活動之淨現金流入（流出）,3407786,"3,407,786",sii,https://mopsov.twse.com.tw/mops/web/ajax_t163sb20
中游,伺服器滑軌與機殼,2059,川湖,2024,3,cash_flow,投資活動之淨現金流入（流出）,584862,"584,862",sii,https://mopsov.twse.com.tw/mops/web/ajax_t163sb20
中游,伺服器滑軌與機殼,2059,川湖,2024,3,cash_flow,籌資活動之淨現金流入（流出）,-1468977,"-1,468,977",sii,https://mopsov.twse.com.tw/mops/web/ajax_t163sb20
中游,伺服器滑軌與機殼,2059,川湖,2024,3,cash_flow,匯率變動對現金及約當現金之影響,197568,"197,568",sii,https://mopsov.twse.com.tw/mops/web/ajax_t163sb20
中游,伺服器滑軌與機殼,2059,川湖,2024,3,cash_flow,本期現金及約當現金增加（減少）數,2721239,"2,721,239",sii,https://mopsov.twse.com.tw/mops/web/ajax_t163sb20
中游,伺服器滑軌與機殼,2059,川湖,2024,3,cash_flow,期初現金及約當現金餘額,12602683,"12,602,683",sii,https://mopsov.twse.com.tw/mops/web/ajax_t163sb20
中游,伺服器滑軌與機殼,2059,川湖,2024,3,cash_flow,期末現金及約當現金餘額,15323922,"15,323,922",sii,https://mopsov.twse.com.tw/mops/web/ajax_t163sb20
中游,伺服器滑軌與機殼,8210,勤誠,2024,3,cash_flow,營業活動之淨現金流入（流出）,1952257,"1,952,257",sii,https://mopsov.twse.com.tw/mops/web/ajax_t163sb20
中游,伺服器滑軌與機殼,8210,勤誠,2024,3,cash_flow,投資活動之淨現金流入（流出）,-1070210,"-1,070,210",sii,https://mopsov.twse.com.tw/mops/web/ajax_t163sb20
中游,伺服器滑軌與機殼,8210,勤誠,2024,3,cash_flow,籌資活動之淨現金流入（流出）,-394970,"-394,970",sii,https://mopsov.twse.com.tw/mops/web/ajax_t163sb20
中游,伺服器滑軌與機殼,8210,勤誠,2024,3,cash_flow,匯率變動對現金及約當現金之影響,72136,"72,136",sii,https://mopsov.twse.com.tw/mops/web/ajax_t163sb20
中游,伺服器滑軌與機殼,8210,勤誠,2024,3,cash_flow,本期現金及約當現金增加（減少）數,559213,"559,213",sii,https://mopsov.twse.com.tw/mops/web/ajax_t163sb20
中游,伺服器滑軌與機殼,8210,勤誠,2024,3,cash_flow,期初現金及約當現金餘額,2947153,"2,947,153",sii,https://mopsov.twse.com.tw/mops/web/ajax_t163sb20
中游,伺服器滑軌與機殼,8210,勤誠,2024,3,cash_flow,期末現金及約當現金餘額,3506366,"3,506,366",sii,https://mopsov.twse.com.tw/mops/web/ajax_t163sb20
中游,伺服器滑軌與機殼,6584,南俊國際,2024,3,cash_flow,營業活動之淨現金流入（流出）,144985,"144,985",otc,https://mopsov.twse.com.tw/mops/web/ajax_t163sb20
中游,伺服器滑軌與機殼,6584,南俊國際,2024,3,cash_flow,投資活動之淨現金流入（流出）,-202444,"-202,444",otc,https://mopsov.twse.com.tw/mops/web/ajax_t163sb20
中游,伺服器滑軌與機殼,6584,南俊國際,2024,3,cash_flow,籌資活動之淨現金流入（流出）,-28181,"-28,181",otc,https://mopsov.twse.com.tw/mops/web/ajax_t163sb20
中游,伺服器滑軌與機殼,6584,南俊國際,2024,3,cash_flow,匯率變動對現金及約當現金之影響,-5988,"-5,988",otc,https://mopsov.twse.com.tw/mops/web/ajax_t163sb20
中游,伺服器滑軌與機殼,6584,南俊國際,2024,3,cash_flow,本期現金及約當現金增加（減少）數,-91628,"-91,628",otc,https://mopsov.twse.com.tw/mops/web/ajax_t163sb20
中游,伺服器滑軌與機殼,6584,南俊國際,2024,3,cash_flow,期初現金及約當現金餘額,404345,"404,345",otc,https://mopsov.twse.com.tw/mops/web/ajax_t163sb20
中游,伺服器滑軌與機殼,6584,南俊國際,2024,3,cash_flow,期末現金及約當現金餘額,312717,"312,717",otc,https://mopsov.twse.com.tw/mops/web/ajax_t163sb20
中游,伺服器滑軌與機殼,2059,川湖,2024,4,income_statement,營業收入,10129301,"10,129,301",sii,https://mopsov.twse.com.tw/mops/web/ajax_t163sb04
中游,伺服器滑軌與機殼,2059,川湖,2024,4,income_statement,營業成本,3127622,"3,127,622",sii,https://mopsov.twse.com.tw/mops/web/ajax_t163sb04
中游,伺服器滑軌與機殼,2059,川湖,2024,4,income_statement,原始認列生物資產及農產品之利益（損失）,,--,sii,https://mopsov.twse.com.tw/mops/web/ajax_t163sb04
中游,伺服器滑軌與機殼,2059,川湖,2024,4,income_statement,生物資產當期公允價值減出售成本之變動利益（損失）,,--,sii,https://mopsov.twse.com.tw/mops/web/ajax_t163sb04
中游,伺服器滑軌與機殼,2059,川湖,2024,4,income_statement,營業毛利（毛損）,7001679,"7,001,679",sii,https://mopsov.twse.com.tw/mops/web/ajax_t163sb04
中游,伺服器滑軌與機殼,2059,川湖,2024,4,income_statement,未實現銷貨（損）益,,--,sii,https://mopsov.twse.com.tw/mops/web/ajax_t163sb04
中游,伺服器滑軌與機殼,2059,川湖,2024,4,income_statement,已實現銷貨（損）益,,--,sii,https://mopsov.twse.com.tw/mops/web/ajax_t163sb04
中游,伺服器滑軌與機殼,2059,川湖,2024,4,income_statement,營業毛利（毛損）淨額,7001679,"7,001,679",sii,https://mopsov.twse.com.tw/mops/web/ajax_t163sb04
中游,伺服器滑軌與機殼,2059,川湖,2024,4,income_statement,營業費用,901006,"901,006",sii,https://mopsov.twse.com.tw/mops/web/ajax_t163sb04
中游,伺服器滑軌與機殼,2059,川湖,2024,4,income_statement,其他收益及費損淨額,,--,sii,https://mopsov.twse.com.tw/mops/web/ajax_t163sb04
中游,伺服器滑軌與機殼,2059,川湖,2024,4,income_statement,營業利益（損失）,6100673,"6,100,673",sii,https://mopsov.twse.com.tw/mops/web/ajax_t163sb04
中游,伺服器滑軌與機殼,2059,川湖,2024,4,income_statement,營業外收入及支出,1688203,"1,688,203",sii,https://mopsov.twse.com.tw/mops/web/ajax_t163sb04
中游,伺服器滑軌與機殼,2059,川湖,2024,4,income_statement,稅前淨利（淨損）,7788876,"7,788,876",sii,https://mopsov.twse.com.tw/mops/web/ajax_t163sb04
中游,伺服器滑軌與機殼,2059,川湖,2024,4,income_statement,所得稅費用（利益）,1633292,"1,633,292",sii,https://mopsov.twse.com.tw/mops/web/ajax_t163sb04
中游,伺服器滑軌與機殼,2059,川湖,2024,4,income_statement,繼續營業單位本期淨利（淨損）,6155584,"6,155,584",sii,https://mopsov.twse.com.tw/mops/web/ajax_t163sb04
中游,伺服器滑軌與機殼,2059,川湖,2024,4,income_statement,停業單位損益,,--,sii,https://mopsov.twse.com.tw/mops/web/ajax_t163sb04
中游,伺服器滑軌與機殼,2059,川湖,2024,4,income_statement,合併前非屬共同控制股權損益,,--,sii,https://mopsov.twse.com.tw/mops/web/ajax_t163sb04
中游,伺服器滑軌與機殼,2059,川湖,2024,4,income_statement,本期淨利（淨損）,6155584,"6,155,584",sii,https://mopsov.twse.com.tw/mops/web/ajax_t163sb04
中游,伺服器滑軌與機殼,2059,川湖,2024,4,income_statement,其他綜合損益（淨額）,52865,"52,865",sii,https://mopsov.twse.com.tw/mops/web/ajax_t163sb04
中游,伺服器滑軌與機殼,2059,川湖,2024,4,income_statement,合併前非屬共同控制股權綜合損益淨額,,--,sii,https://mopsov.twse.com.tw/mops/web/ajax_t163sb04
中游,伺服器滑軌與機殼,2059,川湖,2024,4,income_statement,本期綜合損益總額,6208449,"6,208,449",sii,https://mopsov.twse.com.tw/mops/web/ajax_t163sb04
中游,伺服器滑軌與機殼,2059,川湖,2024,4,income_statement,淨利（淨損）歸屬於母公司業主,6155584,"6,155,584",sii,https://mopsov.twse.com.tw/mops/web/ajax_t163sb04
中游,伺服器滑軌與機殼,2059,川湖,2024,4,income_statement,淨利（淨損）歸屬於共同控制下前手權益,,--,sii,https://mopsov.twse.com.tw/mops/web/ajax_t163sb04
中游,伺服器滑軌與機殼,2059,川湖,2024,4,income_statement,淨利（淨損）歸屬於非控制權益,,--,sii,https://mopsov.twse.com.tw/mops/web/ajax_t163sb04
中游,伺服器滑軌與機殼,2059,川湖,2024,4,income_statement,綜合損益總額歸屬於母公司業主,6208449,"6,208,449",sii,https://mopsov.twse.com.tw/mops/web/ajax_t163sb04
中游,伺服器滑軌與機殼,2059,川湖,2024,4,income_statement,綜合損益總額歸屬於共同控制下前手權益,,--,sii,https://mopsov.twse.com.tw/mops/web/ajax_t163sb04
中游,伺服器滑軌與機殼,2059,川湖,2024,4,income_statement,綜合損益總額歸屬於非控制權益,,--,sii,https://mopsov.twse.com.tw/mops/web/ajax_t163sb04
中游,伺服器滑軌與機殼,2059,川湖,2024,4,income_statement,基本每股盈餘（元）,64.59,64.59,sii,https://mopsov.twse.com.tw/mops/web/ajax_t163sb04
中游,伺服器滑軌與機殼,8210,勤誠,2024,4,income_statement,營業收入,14517185,"14,517,185",sii,https://mopsov.twse.com.tw/mops/web/ajax_t163sb04
中游,伺服器滑軌與機殼,8210,勤誠,2024,4,income_statement,營業成本,10727398,"10,727,398",sii,https://mopsov.twse.com.tw/mops/web/ajax_t163sb04
中游,伺服器滑軌與機殼,8210,勤誠,2024,4,income_statement,原始認列生物資產及農產品之利益（損失）,,--,sii,https://mopsov.twse.com.tw/mops/web/ajax_t163sb04
中游,伺服器滑軌與機殼,8210,勤誠,2024,4,income_statement,生物資產當期公允價值減出售成本之變動利益（損失）,,--,sii,https://mopsov.twse.com.tw/mops/web/ajax_t163sb04
中游,伺服器滑軌與機殼,8210,勤誠,2024,4,income_statement,營業毛利（毛損）,3789787,"3,789,787",sii,https://mopsov.twse.com.tw/mops/web/ajax_t163sb04
中游,伺服器滑軌與機殼,8210,勤誠,2024,4,income_statement,未實現銷貨（損）益,,--,sii,https://mopsov.twse.com.tw/mops/web/ajax_t163sb04
中游,伺服器滑軌與機殼,8210,勤誠,2024,4,income_statement,已實現銷貨（損）益,,--,sii,https://mopsov.twse.com.tw/mops/web/ajax_t163sb04
中游,伺服器滑軌與機殼,8210,勤誠,2024,4,income_statement,營業毛利（毛損）淨額,3789787,"3,789,787",sii,https://mopsov.twse.com.tw/mops/web/ajax_t163sb04
中游,伺服器滑軌與機殼,8210,勤誠,2024,4,income_statement,營業費用,1345528,"1,345,528",sii,https://mopsov.twse.com.tw/mops/web/ajax_t163sb04
中游,伺服器滑軌與機殼,8210,勤誠,2024,4,income_statement,其他收益及費損淨額,62017,"62,017",sii,https://mopsov.twse.com.tw/mops/web/ajax_t163sb04
中游,伺服器滑軌與機殼,8210,勤誠,2024,4,income_statement,營業利益（損失）,2506276,"2,506,276",sii,https://mopsov.twse.com.tw/mops/web/ajax_t163sb04
中游,伺服器滑軌與機殼,8210,勤誠,2024,4,income_statement,營業外收入及支出,104817,"104,817",sii,https://mopsov.twse.com.tw/mops/web/ajax_t163sb04
中游,伺服器滑軌與機殼,8210,勤誠,2024,4,income_statement,稅前淨利（淨損）,2611093,"2,611,093",sii,https://mopsov.twse.com.tw/mops/web/ajax_t163sb04
中游,伺服器滑軌與機殼,8210,勤誠,2024,4,income_statement,所得稅費用（利益）,639177,"639,177",sii,https://mopsov.twse.com.tw/mops/web/ajax_t163sb04
中游,伺服器滑軌與機殼,8210,勤誠,2024,4,income_statement,繼續營業單位本期淨利（淨損）,1971916,"1,971,916",sii,https://mopsov.twse.com.tw/mops/web/ajax_t163sb04
中游,伺服器滑軌與機殼,8210,勤誠,2024,4,income_statement,停業單位損益,,--,sii,https://mopsov.twse.com.tw/mops/web/ajax_t163sb04
中游,伺服器滑軌與機殼,8210,勤誠,2024,4,income_statement,合併前非屬共同控制股權損益,,--,sii,https://mopsov.twse.com.tw/mops/web/ajax_t163sb04
中游,伺服器滑軌與機殼,8210,勤誠,2024,4,income_statement,本期淨利（淨損）,1971916,"1,971,916",sii,https://mopsov.twse.com.tw/mops/web/ajax_t163sb04
中游,伺服器滑軌與機殼,8210,勤誠,2024,4,income_statement,其他綜合損益（淨額）,157416,"157,416",sii,https://mopsov.twse.com.tw/mops/web/ajax_t163sb04
中游,伺服器滑軌與機殼,8210,勤誠,2024,4,income_statement,合併前非屬共同控制股權綜合損益淨額,,--,sii,https://mopsov.twse.com.tw/mops/web/ajax_t163sb04
中游,伺服器滑軌與機殼,8210,勤誠,2024,4,income_statement,本期綜合損益總額,2129332,"2,129,332",sii,https://mopsov.twse.com.tw/mops/web/ajax_t163sb04
中游,伺服器滑軌與機殼,8210,勤誠,2024,4,income_statement,淨利（淨損）歸屬於母公司業主,1933531,"1,933,531",sii,https://mopsov.twse.com.tw/mops/web/ajax_t163sb04
中游,伺服器滑軌與機殼,8210,勤誠,2024,4,income_statement,淨利（淨損）歸屬於共同控制下前手權益,,--,sii,https://mopsov.twse.com.tw/mops/web/ajax_t163sb04
中游,伺服器滑軌與機殼,8210,勤誠,2024,4,income_statement,淨利（淨損）歸屬於非控制權益,38385,"38,385",sii,https://mopsov.twse.com.tw/mops/web/ajax_t163sb04
中游,伺服器滑軌與機殼,8210,勤誠,2024,4,income_statement,綜合損益總額歸屬於母公司業主,2090947,"2,090,947",sii,https://mopsov.twse.com.tw/mops/web/ajax_t163sb04
中游,伺服器滑軌與機殼,8210,勤誠,2024,4,income_statement,綜合損益總額歸屬於共同控制下前手權益,,--,sii,https://mopsov.twse.com.tw/mops/web/ajax_t163sb04
中游,伺服器滑軌與機殼,8210,勤誠,2024,4,income_statement,綜合損益總額歸屬於非控制權益,38385,"38,385",sii,https://mopsov.twse.com.tw/mops/web/ajax_t163sb04
中游,伺服器滑軌與機殼,8210,勤誠,2024,4,income_statement,基本每股盈餘（元）,16.05,16.05,sii,https://mopsov.twse.com.tw/mops/web/ajax_t163sb04
中游,伺服器滑軌與機殼,6584,南俊國際,2024,4,income_statement,營業收入,1924498,"1,924,498",otc,https://mopsov.twse.com.tw/mops/web/ajax_t163sb04
中游,伺服器滑軌與機殼,6584,南俊國際,2024,4,income_statement,營業成本,1422176,"1,422,176",otc,https://mopsov.twse.com.tw/mops/web/ajax_t163sb04
中游,伺服器滑軌與機殼,6584,南俊國際,2024,4,income_statement,原始認列生物資產及農產品之利益（損失）,,--,otc,https://mopsov.twse.com.tw/mops/web/ajax_t163sb04
中游,伺服器滑軌與機殼,6584,南俊國際,2024,4,income_statement,生物資產當期公允價值減出售成本之變動利益（損失）,,--,otc,https://mopsov.twse.com.tw/mops/web/ajax_t163sb04
中游,伺服器滑軌與機殼,6584,南俊國際,2024,4,income_statement,營業毛利（毛損）,502322,"502,322",otc,https://mopsov.twse.com.tw/mops/web/ajax_t163sb04
中游,伺服器滑軌與機殼,6584,南俊國際,2024,4,income_statement,未實現銷貨（損）益,,--,otc,https://mopsov.twse.com.tw/mops/web/ajax_t163sb04
中游,伺服器滑軌與機殼,6584,南俊國際,2024,4,income_statement,已實現銷貨（損）益,,--,otc,https://mopsov.twse.com.tw/mops/web/ajax_t163sb04
中游,伺服器滑軌與機殼,6584,南俊國際,2024,4,income_statement,營業毛利（毛損）淨額,502322,"502,322",otc,https://mopsov.twse.com.tw/mops/web/ajax_t163sb04
中游,伺服器滑軌與機殼,6584,南俊國際,2024,4,income_statement,營業費用,298916,"298,916",otc,https://mopsov.twse.com.tw/mops/web/ajax_t163sb04
中游,伺服器滑軌與機殼,6584,南俊國際,2024,4,income_statement,其他收益及費損淨額,,--,otc,https://mopsov.twse.com.tw/mops/web/ajax_t163sb04
中游,伺服器滑軌與機殼,6584,南俊國際,2024,4,income_statement,營業利益（損失）,203406,"203,406",otc,https://mopsov.twse.com.tw/mops/web/ajax_t163sb04
中游,伺服器滑軌與機殼,6584,南俊國際,2024,4,income_statement,營業外收入及支出,36853,"36,853",otc,https://mopsov.twse.com.tw/mops/web/ajax_t163sb04
中游,伺服器滑軌與機殼,6584,南俊國際,2024,4,income_statement,稅前淨利（淨損）,240259,"240,259",otc,https://mopsov.twse.com.tw/mops/web/ajax_t163sb04
中游,伺服器滑軌與機殼,6584,南俊國際,2024,4,income_statement,所得稅費用（利益）,48049,"48,049",otc,https://mopsov.twse.com.tw/mops/web/ajax_t163sb04
中游,伺服器滑軌與機殼,6584,南俊國際,2024,4,income_statement,繼續營業單位本期淨利（淨損）,192210,"192,210",otc,https://mopsov.twse.com.tw/mops/web/ajax_t163sb04
中游,伺服器滑軌與機殼,6584,南俊國際,2024,4,income_statement,停業單位損益,,--,otc,https://mopsov.twse.com.tw/mops/web/ajax_t163sb04
中游,伺服器滑軌與機殼,6584,南俊國際,2024,4,income_statement,合併前非屬共同控制股權損益,,--,otc,https://mopsov.twse.com.tw/mops/web/ajax_t163sb04
中游,伺服器滑軌與機殼,6584,南俊國際,2024,4,income_statement,本期淨利（淨損）,192210,"192,210",otc,https://mopsov.twse.com.tw/mops/web/ajax_t163sb04
中游,伺服器滑軌與機殼,6584,南俊國際,2024,4,income_statement,其他綜合損益（淨額）,3179,"3,179",otc,https://mopsov.twse.com.tw/mops/web/ajax_t163sb04
中游,伺服器滑軌與機殼,6584,南俊國際,2024,4,income_statement,合併前非屬共同控制股權綜合損益淨額,,--,otc,https://mopsov.twse.com.tw/mops/web/ajax_t163sb04
中游,伺服器滑軌與機殼,6584,南俊國際,2024,4,income_statement,本期綜合損益總額,195389,"195,389",otc,https://mopsov.twse.com.tw/mops/web/ajax_t163sb04
中游,伺服器滑軌與機殼,6584,南俊國際,2024,4,income_statement,淨利（淨損）歸屬於母公司業主,192210,"192,210",otc,https://mopsov.twse.com.tw/mops/web/ajax_t163sb04
中游,伺服器滑軌與機殼,6584,南俊國際,2024,4,income_statement,淨利（淨損）歸屬於共同控制下前手權益,,--,otc,https://mopsov.twse.com.tw/mops/web/ajax_t163sb04
中游,伺服器滑軌與機殼,6584,南俊國際,2024,4,income_statement,淨利（淨損）歸屬於非控制權益,,--,otc,https://mopsov.twse.com.tw/mops/web/ajax_t163sb04
中游,伺服器滑軌與機殼,6584,南俊國際,2024,4,income_statement,綜合損益總額歸屬於母公司業主,195389,"195,389",otc,https://mopsov.twse.com.tw/mops/web/ajax_t163sb04
中游,伺服器滑軌與機殼,6584,南俊國際,2024,4,income_statement,綜合損益總額歸屬於共同控制下前手權益,,--,otc,https://mopsov.twse.com.tw/mops/web/ajax_t163sb04
中游,伺服器滑軌與機殼,6584,南俊國際,2024,4,income_statement,綜合損益總額歸屬於非控制權益,,--,otc,https://mopsov.twse.com.tw/mops/web/ajax_t163sb04
中游,伺服器滑軌與機殼,6584,南俊國際,2024,4,income_statement,基本每股盈餘（元）,2.94,2.94,otc,https://mopsov.twse.com.tw/mops/web/ajax_t163sb04
中游,伺服器滑軌與機殼,2059,川湖,2024,4,balance_sheet,流動資產,21948858,"21,948,858",sii,https://mopsov.twse.com.tw/mops/web/ajax_t163sb05
中游,伺服器滑軌與機殼,2059,川湖,2024,4,balance_sheet,非流動資產,4523589,"4,523,589",sii,https://mopsov.twse.com.tw/mops/web/ajax_t163sb05
中游,伺服器滑軌與機殼,2059,川湖,2024,4,balance_sheet,資產總計,26472447,"26,472,447",sii,https://mopsov.twse.com.tw/mops/web/ajax_t163sb05
中游,伺服器滑軌與機殼,2059,川湖,2024,4,balance_sheet,流動負債,3149137,"3,149,137",sii,https://mopsov.twse.com.tw/mops/web/ajax_t163sb05
中游,伺服器滑軌與機殼,2059,川湖,2024,4,balance_sheet,非流動負債,2030947,"2,030,947",sii,https://mopsov.twse.com.tw/mops/web/ajax_t163sb05
中游,伺服器滑軌與機殼,2059,川湖,2024,4,balance_sheet,負債總計,5180084,"5,180,084",sii,https://mopsov.twse.com.tw/mops/web/ajax_t163sb05
中游,伺服器滑軌與機殼,2059,川湖,2024,4,balance_sheet,股本,952971,"952,971",sii,https://mopsov.twse.com.tw/mops/web/ajax_t163sb05
中游,伺服器滑軌與機殼,2059,川湖,2024,4,balance_sheet,權益─具證券性質之虛擬通貨,,--,sii,https://mopsov.twse.com.tw/mops/web/ajax_t163sb05
中游,伺服器滑軌與機殼,2059,川湖,2024,4,balance_sheet,資本公積,796691,"796,691",sii,https://mopsov.twse.com.tw/mops/web/ajax_t163sb05
中游,伺服器滑軌與機殼,2059,川湖,2024,4,balance_sheet,保留盈餘,19499288,"19,499,288",sii,https://mopsov.twse.com.tw/mops/web/ajax_t163sb05
中游,伺服器滑軌與機殼,2059,川湖,2024,4,balance_sheet,其他權益,43413,"43,413",sii,https://mopsov.twse.com.tw/mops/web/ajax_t163sb05
中游,伺服器滑軌與機殼,2059,川湖,2024,4,balance_sheet,庫藏股票,0,0,sii,https://mopsov.twse.com.tw/mops/web/ajax_t163sb05
中游,伺服器滑軌與機殼,2059,川湖,2024,4,balance_sheet,歸屬於母公司業主之權益合計,21292363,"21,292,363",sii,https://mopsov.twse.com.tw/mops/web/ajax_t163sb05
中游,伺服器滑軌與機殼,2059,川湖,2024,4,balance_sheet,共同控制下前手權益,,--,sii,https://mopsov.twse.com.tw/mops/web/ajax_t163sb05
中游,伺服器滑軌與機殼,2059,川湖,2024,4,balance_sheet,合併前非屬共同控制股權,,--,sii,https://mopsov.twse.com.tw/mops/web/ajax_t163sb05
中游,伺服器滑軌與機殼,2059,川湖,2024,4,balance_sheet,非控制權益,0,0,sii,https://mopsov.twse.com.tw/mops/web/ajax_t163sb05
中游,伺服器滑軌與機殼,2059,川湖,2024,4,balance_sheet,權益總計,21292363,"21,292,363",sii,https://mopsov.twse.com.tw/mops/web/ajax_t163sb05
中游,伺服器滑軌與機殼,2059,川湖,2024,4,balance_sheet,待註銷股本股數（單位：股）,,--,sii,https://mopsov.twse.com.tw/mops/web/ajax_t163sb05
中游,伺服器滑軌與機殼,2059,川湖,2024,4,balance_sheet,預收股款（權益項下）之約當發行股數（單位：股）,0,0,sii,https://mopsov.twse.com.tw/mops/web/ajax_t163sb05
中游,伺服器滑軌與機殼,2059,川湖,2024,4,balance_sheet,母公司暨子公司所持有之母公司庫藏股股數（單位：股）,0,0,sii,https://mopsov.twse.com.tw/mops/web/ajax_t163sb05
中游,伺服器滑軌與機殼,2059,川湖,2024,4,balance_sheet,每股參考淨值,223.43,223.43,sii,https://mopsov.twse.com.tw/mops/web/ajax_t163sb05
中游,伺服器滑軌與機殼,8210,勤誠,2024,4,balance_sheet,流動資產,10584996,"10,584,996",sii,https://mopsov.twse.com.tw/mops/web/ajax_t163sb05
中游,伺服器滑軌與機殼,8210,勤誠,2024,4,balance_sheet,非流動資產,6058815,"6,058,815",sii,https://mopsov.twse.com.tw/mops/web/ajax_t163sb05
中游,伺服器滑軌與機殼,8210,勤誠,2024,4,balance_sheet,資產總計,16643811,"16,643,811",sii,https://mopsov.twse.com.tw/mops/web/ajax_t163sb05
中游,伺服器滑軌與機殼,8210,勤誠,2024,4,balance_sheet,流動負債,6632395,"6,632,395",sii,https://mopsov.twse.com.tw/mops/web/ajax_t163sb05
中游,伺服器滑軌與機殼,8210,勤誠,2024,4,balance_sheet,非流動負債,2747574,"2,747,574",sii,https://mopsov.twse.com.tw/mops/web/ajax_t163sb05
中游,伺服器滑軌與機殼,8210,勤誠,2024,4,balance_sheet,負債總計,9379969,"9,379,969",sii,https://mopsov.twse.com.tw/mops/web/ajax_t163sb05
中游,伺服器滑軌與機殼,8210,勤誠,2024,4,balance_sheet,股本,1209877,"1,209,877",sii,https://mopsov.twse.com.tw/mops/web/ajax_t163sb05
中游,伺服器滑軌與機殼,8210,勤誠,2024,4,balance_sheet,權益─具證券性質之虛擬通貨,,--,sii,https://mopsov.twse.com.tw/mops/web/ajax_t163sb05
中游,伺服器滑軌與機殼,8210,勤誠,2024,4,balance_sheet,資本公積,383452,"383,452",sii,https://mopsov.twse.com.tw/mops/web/ajax_t163sb05
中游,伺服器滑軌與機殼,8210,勤誠,2024,4,balance_sheet,保留盈餘,5691422,"5,691,422",sii,https://mopsov.twse.com.tw/mops/web/ajax_t163sb05
中游,伺服器滑軌與機殼,8210,勤誠,2024,4,balance_sheet,其他權益,-110471,"-110,471",sii,https://mopsov.twse.com.tw/mops/web/ajax_t163sb05
中游,伺服器滑軌與機殼,8210,勤誠,2024,4,balance_sheet,庫藏股票,,--,sii,https://mopsov.twse.com.tw/mops/web/ajax_t163sb05
中游,伺服器滑軌與機殼,8210,勤誠,2024,4,balance_sheet,歸屬於母公司業主之權益合計,7174280,"7,174,280",sii,https://mopsov.twse.com.tw/mops/web/ajax_t163sb05
中游,伺服器滑軌與機殼,8210,勤誠,2024,4,balance_sheet,共同控制下前手權益,,--,sii,https://mopsov.twse.com.tw/mops/web/ajax_t163sb05
中游,伺服器滑軌與機殼,8210,勤誠,2024,4,balance_sheet,合併前非屬共同控制股權,,--,sii,https://mopsov.twse.com.tw/mops/web/ajax_t163sb05
中游,伺服器滑軌與機殼,8210,勤誠,2024,4,balance_sheet,非控制權益,89562,"89,562",sii,https://mopsov.twse.com.tw/mops/web/ajax_t163sb05
中游,伺服器滑軌與機殼,8210,勤誠,2024,4,balance_sheet,權益總計,7263842,"7,263,842",sii,https://mopsov.twse.com.tw/mops/web/ajax_t163sb05
中游,伺服器滑軌與機殼,8210,勤誠,2024,4,balance_sheet,待註銷股本股數（單位：股）,0,0,sii,https://mopsov.twse.com.tw/mops/web/ajax_t163sb05
中游,伺服器滑軌與機殼,8210,勤誠,2024,4,balance_sheet,預收股款（權益項下）之約當發行股數（單位：股）,0,0,sii,https://mopsov.twse.com.tw/mops/web/ajax_t163sb05
中游,伺服器滑軌與機殼,8210,勤誠,2024,4,balance_sheet,母公司暨子公司所持有之母公司庫藏股股數（單位：股）,0,0,sii,https://mopsov.twse.com.tw/mops/web/ajax_t163sb05
中游,伺服器滑軌與機殼,8210,勤誠,2024,4,balance_sheet,每股參考淨值,59.3,59.30,sii,https://mopsov.twse.com.tw/mops/web/ajax_t163sb05
中游,伺服器滑軌與機殼,6584,南俊國際,2024,4,balance_sheet,流動資產,1083801,"1,083,801",otc,https://mopsov.twse.com.tw/mops/web/ajax_t163sb05
中游,伺服器滑軌與機殼,6584,南俊國際,2024,4,balance_sheet,非流動資產,2856948,"2,856,948",otc,https://mopsov.twse.com.tw/mops/web/ajax_t163sb05
中游,伺服器滑軌與機殼,6584,南俊國際,2024,4,balance_sheet,資產總計,3940749,"3,940,749",otc,https://mopsov.twse.com.tw/mops/web/ajax_t163sb05
中游,伺服器滑軌與機殼,6584,南俊國際,2024,4,balance_sheet,流動負債,621710,"621,710",otc,https://mopsov.twse.com.tw/mops/web/ajax_t163sb05
中游,伺服器滑軌與機殼,6584,南俊國際,2024,4,balance_sheet,非流動負債,1088060,"1,088,060",otc,https://mopsov.twse.com.tw/mops/web/ajax_t163sb05
中游,伺服器滑軌與機殼,6584,南俊國際,2024,4,balance_sheet,負債總計,1709770,"1,709,770",otc,https://mopsov.twse.com.tw/mops/web/ajax_t163sb05
中游,伺服器滑軌與機殼,6584,南俊國際,2024,4,balance_sheet,股本,659552,"659,552",otc,https://mopsov.twse.com.tw/mops/web/ajax_t163sb05
中游,伺服器滑軌與機殼,6584,南俊國際,2024,4,balance_sheet,權益─具證券性質之虛擬通貨,,--,otc,https://mopsov.twse.com.tw/mops/web/ajax_t163sb05
中游,伺服器滑軌與機殼,6584,南俊國際,2024,4,balance_sheet,資本公積,877393,"877,393",otc,https://mopsov.twse.com.tw/mops/web/ajax_t163sb05
中游,伺服器滑軌與機殼,6584,南俊國際,2024,4,balance_sheet,保留盈餘,729644,"729,644",otc,https://mopsov.twse.com.tw/mops/web/ajax_t163sb05
中游,伺服器滑軌與機殼,6584,南俊國際,2024,4,balance_sheet,其他權益,-35610,"-35,610",otc,https://mopsov.twse.com.tw/mops/web/ajax_t163sb05
中游,伺服器滑軌與機殼,6584,南俊國際,2024,4,balance_sheet,庫藏股票,,--,otc,https://mopsov.twse.com.tw/mops/web/ajax_t163sb05
中游,伺服器滑軌與機殼,6584,南俊國際,2024,4,balance_sheet,歸屬於母公司業主之權益合計,2230979,"2,230,979",otc,https://mopsov.twse.com.tw/mops/web/ajax_t163sb05
中游,伺服器滑軌與機殼,6584,南俊國際,2024,4,balance_sheet,共同控制下前手權益,,--,otc,https://mopsov.twse.com.tw/mops/web/ajax_t163sb05
中游,伺服器滑軌與機殼,6584,南俊國際,2024,4,balance_sheet,合併前非屬共同控制股權,,--,otc,https://mopsov.twse.com.tw/mops/web/ajax_t163sb05
中游,伺服器滑軌與機殼,6584,南俊國際,2024,4,balance_sheet,非控制權益,,--,otc,https://mopsov.twse.com.tw/mops/web/ajax_t163sb05
中游,伺服器滑軌與機殼,6584,南俊國際,2024,4,balance_sheet,權益總計,2230979,"2,230,979",otc,https://mopsov.twse.com.tw/mops/web/ajax_t163sb05
中游,伺服器滑軌與機殼,6584,南俊國際,2024,4,balance_sheet,待註銷股本股數（單位：股）,0,0,otc,https://mopsov.twse.com.tw/mops/web/ajax_t163sb05
中游,伺服器滑軌與機殼,6584,南俊國際,2024,4,balance_sheet,預收股款（權益項下）之約當發行股數（單位：股）,0,0,otc,https://mopsov.twse.com.tw/mops/web/ajax_t163sb05
中游,伺服器滑軌與機殼,6584,南俊國際,2024,4,balance_sheet,母公司暨子公司所持有之母公司庫藏股股數（單位：股）,0,0,otc,https://mopsov.twse.com.tw/mops/web/ajax_t163sb05
中游,伺服器滑軌與機殼,6584,南俊國際,2024,4,balance_sheet,每股參考淨值,33.83,33.83,otc,https://mopsov.twse.com.tw/mops/web/ajax_t163sb05
中游,伺服器滑軌與機殼,2059,川湖,2024,4,cash_flow,營業活動之淨現金流入（流出）,5187013,"5,187,013",sii,https://mopsov.twse.com.tw/mops/web/ajax_t163sb20
中游,伺服器滑軌與機殼,2059,川湖,2024,4,cash_flow,投資活動之淨現金流入（流出）,530173,"530,173",sii,https://mopsov.twse.com.tw/mops/web/ajax_t163sb20
中游,伺服器滑軌與機殼,2059,川湖,2024,4,cash_flow,籌資活動之淨現金流入（流出）,-1507942,"-1,507,942",sii,https://mopsov.twse.com.tw/mops/web/ajax_t163sb20
中游,伺服器滑軌與機殼,2059,川湖,2024,4,cash_flow,匯率變動對現金及約當現金之影響,676427,"676,427",sii,https://mopsov.twse.com.tw/mops/web/ajax_t163sb20
中游,伺服器滑軌與機殼,2059,川湖,2024,4,cash_flow,本期現金及約當現金增加（減少）數,4885671,"4,885,671",sii,https://mopsov.twse.com.tw/mops/web/ajax_t163sb20
中游,伺服器滑軌與機殼,2059,川湖,2024,4,cash_flow,期初現金及約當現金餘額,12602683,"12,602,683",sii,https://mopsov.twse.com.tw/mops/web/ajax_t163sb20
中游,伺服器滑軌與機殼,2059,川湖,2024,4,cash_flow,期末現金及約當現金餘額,17488354,"17,488,354",sii,https://mopsov.twse.com.tw/mops/web/ajax_t163sb20
中游,伺服器滑軌與機殼,8210,勤誠,2024,4,cash_flow,營業活動之淨現金流入（流出）,2698141,"2,698,141",sii,https://mopsov.twse.com.tw/mops/web/ajax_t163sb20
中游,伺服器滑軌與機殼,8210,勤誠,2024,4,cash_flow,投資活動之淨現金流入（流出）,-1590607,"-1,590,607",sii,https://mopsov.twse.com.tw/mops/web/ajax_t163sb20
中游,伺服器滑軌與機殼,8210,勤誠,2024,4,cash_flow,籌資活動之淨現金流入（流出）,-348293,"-348,293",sii,https://mopsov.twse.com.tw/mops/web/ajax_t163sb20
中游,伺服器滑軌與機殼,8210,勤誠,2024,4,cash_flow,匯率變動對現金及約當現金之影響,93425,"93,425",sii,https://mopsov.twse.com.tw/mops/web/ajax_t163sb20
中游,伺服器滑軌與機殼,8210,勤誠,2024,4,cash_flow,本期現金及約當現金增加（減少）數,852666,"852,666",sii,https://mopsov.twse.com.tw/mops/web/ajax_t163sb20
中游,伺服器滑軌與機殼,8210,勤誠,2024,4,cash_flow,期初現金及約當現金餘額,2947153,"2,947,153",sii,https://mopsov.twse.com.tw/mops/web/ajax_t163sb20
中游,伺服器滑軌與機殼,8210,勤誠,2024,4,cash_flow,期末現金及約當現金餘額,3799819,"3,799,819",sii,https://mopsov.twse.com.tw/mops/web/ajax_t163sb20
中游,伺服器滑軌與機殼,6584,南俊國際,2024,4,cash_flow,營業活動之淨現金流入（流出）,294790,"294,790",otc,https://mopsov.twse.com.tw/mops/web/ajax_t163sb20
中游,伺服器滑軌與機殼,6584,南俊國際,2024,4,cash_flow,投資活動之淨現金流入（流出）,-134095,"-134,095",otc,https://mopsov.twse.com.tw/mops/web/ajax_t163sb20
中游,伺服器滑軌與機殼,6584,南俊國際,2024,4,cash_flow,籌資活動之淨現金流入（流出）,-239533,"-239,533",otc,https://mopsov.twse.com.tw/mops/web/ajax_t163sb20
中游,伺服器滑軌與機殼,6584,南俊國際,2024,4,cash_flow,匯率變動對現金及約當現金之影響,-3425,"-3,425",otc,https://mopsov.twse.com.tw/mops/web/ajax_t163sb20
中游,伺服器滑軌與機殼,6584,南俊國際,2024,4,cash_flow,本期現金及約當現金增加（減少）數,-82263,"-82,263",otc,https://mopsov.twse.com.tw/mops/web/ajax_t163sb20
中游,伺服器滑軌與機殼,6584,南俊國際,2024,4,cash_flow,期初現金及約當現金餘額,404345,"404,345",otc,https://mopsov.twse.com.tw/mops/web/ajax_t163sb20
中游,伺服器滑軌與機殼,6584,南俊國際,2024,4,cash_flow,期末現金及約當現金餘額,322082,"322,082",otc,https://mopsov.twse.com.tw/mops/web/ajax_t163sb20
中游,伺服器滑軌與機殼,2059,川湖,2025,1,income_statement,營業收入,3954199,"3,954,199",sii,https://mopsov.twse.com.tw/mops/web/ajax_t163sb04
中游,伺服器滑軌與機殼,2059,川湖,2025,1,income_statement,營業成本,946841,"946,841",sii,https://mopsov.twse.com.tw/mops/web/ajax_t163sb04
中游,伺服器滑軌與機殼,2059,川湖,2025,1,income_statement,原始認列生物資產及農產品之利益（損失）,,--,sii,https://mopsov.twse.com.tw/mops/web/ajax_t163sb04
中游,伺服器滑軌與機殼,2059,川湖,2025,1,income_statement,生物資產當期公允價值減出售成本之變動利益（損失）,,--,sii,https://mopsov.twse.com.tw/mops/web/ajax_t163sb04
中游,伺服器滑軌與機殼,2059,川湖,2025,1,income_statement,營業毛利（毛損）,3007358,"3,007,358",sii,https://mopsov.twse.com.tw/mops/web/ajax_t163sb04
中游,伺服器滑軌與機殼,2059,川湖,2025,1,income_statement,未實現銷貨（損）益,,--,sii,https://mopsov.twse.com.tw/mops/web/ajax_t163sb04
中游,伺服器滑軌與機殼,2059,川湖,2025,1,income_statement,已實現銷貨（損）益,,--,sii,https://mopsov.twse.com.tw/mops/web/ajax_t163sb04
中游,伺服器滑軌與機殼,2059,川湖,2025,1,income_statement,營業毛利（毛損）淨額,3007358,"3,007,358",sii,https://mopsov.twse.com.tw/mops/web/ajax_t163sb04
中游,伺服器滑軌與機殼,2059,川湖,2025,1,income_statement,營業費用,284026,"284,026",sii,https://mopsov.twse.com.tw/mops/web/ajax_t163sb04
中游,伺服器滑軌與機殼,2059,川湖,2025,1,income_statement,其他收益及費損淨額,,--,sii,https://mopsov.twse.com.tw/mops/web/ajax_t163sb04
中游,伺服器滑軌與機殼,2059,川湖,2025,1,income_statement,營業利益（損失）,2723332,"2,723,332",sii,https://mopsov.twse.com.tw/mops/web/ajax_t163sb04
中游,伺服器滑軌與機殼,2059,川湖,2025,1,income_statement,營業外收入及支出,411820,"411,820",sii,https://mopsov.twse.com.tw/mops/web/ajax_t163sb04
中游,伺服器滑軌與機殼,2059,川湖,2025,1,income_statement,稅前淨利（淨損）,3135152,"3,135,152",sii,https://mopsov.twse.com.tw/mops/web/ajax_t163sb04
中游,伺服器滑軌與機殼,2059,川湖,2025,1,income_statement,所得稅費用（利益）,623678,"623,678",sii,https://mopsov.twse.com.tw/mops/web/ajax_t163sb04
中游,伺服器滑軌與機殼,2059,川湖,2025,1,income_statement,繼續營業單位本期淨利（淨損）,2511474,"2,511,474",sii,https://mopsov.twse.com.tw/mops/web/ajax_t163sb04
中游,伺服器滑軌與機殼,2059,川湖,2025,1,income_statement,停業單位損益,,--,sii,https://mopsov.twse.com.tw/mops/web/ajax_t163sb04
中游,伺服器滑軌與機殼,2059,川湖,2025,1,income_statement,合併前非屬共同控制股權損益,,--,sii,https://mopsov.twse.com.tw/mops/web/ajax_t163sb04
中游,伺服器滑軌與機殼,2059,川湖,2025,1,income_statement,本期淨利（淨損）,2511474,"2,511,474",sii,https://mopsov.twse.com.tw/mops/web/ajax_t163sb04
中游,伺服器滑軌與機殼,2059,川湖,2025,1,income_statement,其他綜合損益（淨額）,11831,"11,831",sii,https://mopsov.twse.com.tw/mops/web/ajax_t163sb04
中游,伺服器滑軌與機殼,2059,川湖,2025,1,income_statement,合併前非屬共同控制股權綜合損益淨額,,--,sii,https://mopsov.twse.com.tw/mops/web/ajax_t163sb04
中游,伺服器滑軌與機殼,2059,川湖,2025,1,income_statement,本期綜合損益總額,2523305,"2,523,305",sii,https://mopsov.twse.com.tw/mops/web/ajax_t163sb04
中游,伺服器滑軌與機殼,2059,川湖,2025,1,income_statement,淨利（淨損）歸屬於母公司業主,2511474,"2,511,474",sii,https://mopsov.twse.com.tw/mops/web/ajax_t163sb04
中游,伺服器滑軌與機殼,2059,川湖,2025,1,income_statement,淨利（淨損）歸屬於共同控制下前手權益,,--,sii,https://mopsov.twse.com.tw/mops/web/ajax_t163sb04
中游,伺服器滑軌與機殼,2059,川湖,2025,1,income_statement,淨利（淨損）歸屬於非控制權益,,--,sii,https://mopsov.twse.com.tw/mops/web/ajax_t163sb04
中游,伺服器滑軌與機殼,2059,川湖,2025,1,income_statement,綜合損益總額歸屬於母公司業主,2523305,"2,523,305",sii,https://mopsov.twse.com.tw/mops/web/ajax_t163sb04
中游,伺服器滑軌與機殼,2059,川湖,2025,1,income_statement,綜合損益總額歸屬於共同控制下前手權益,,--,sii,https://mopsov.twse.com.tw/mops/web/ajax_t163sb04
中游,伺服器滑軌與機殼,2059,川湖,2025,1,income_statement,綜合損益總額歸屬於非控制權益,,--,sii,https://mopsov.twse.com.tw/mops/web/ajax_t163sb04
中游,伺服器滑軌與機殼,2059,川湖,2025,1,income_statement,基本每股盈餘（元）,26.35,26.35,sii,https://mopsov.twse.com.tw/mops/web/ajax_t163sb04
中游,伺服器滑軌與機殼,8210,勤誠,2025,1,income_statement,營業收入,4153771,"4,153,771",sii,https://mopsov.twse.com.tw/mops/web/ajax_t163sb04
中游,伺服器滑軌與機殼,8210,勤誠,2025,1,income_statement,營業成本,2954497,"2,954,497",sii,https://mopsov.twse.com.tw/mops/web/ajax_t163sb04
中游,伺服器滑軌與機殼,8210,勤誠,2025,1,income_statement,原始認列生物資產及農產品之利益（損失）,,--,sii,https://mopsov.twse.com.tw/mops/web/ajax_t163sb04
中游,伺服器滑軌與機殼,8210,勤誠,2025,1,income_statement,生物資產當期公允價值減出售成本之變動利益（損失）,,--,sii,https://mopsov.twse.com.tw/mops/web/ajax_t163sb04
中游,伺服器滑軌與機殼,8210,勤誠,2025,1,income_statement,營業毛利（毛損）,1199274,"1,199,274",sii,https://mopsov.twse.com.tw/mops/web/ajax_t163sb04
中游,伺服器滑軌與機殼,8210,勤誠,2025,1,income_statement,未實現銷貨（損）益,,--,sii,https://mopsov.twse.com.tw/mops/web/ajax_t163sb04
中游,伺服器滑軌與機殼,8210,勤誠,2025,1,income_statement,已實現銷貨（損）益,,--,sii,https://mopsov.twse.com.tw/mops/web/ajax_t163sb04
中游,伺服器滑軌與機殼,8210,勤誠,2025,1,income_statement,營業毛利（毛損）淨額,1199274,"1,199,274",sii,https://mopsov.twse.com.tw/mops/web/ajax_t163sb04
中游,伺服器滑軌與機殼,8210,勤誠,2025,1,income_statement,營業費用,366188,"366,188",sii,https://mopsov.twse.com.tw/mops/web/ajax_t163sb04
中游,伺服器滑軌與機殼,8210,勤誠,2025,1,income_statement,其他收益及費損淨額,51881,"51,881",sii,https://mopsov.twse.com.tw/mops/web/ajax_t163sb04
中游,伺服器滑軌與機殼,8210,勤誠,2025,1,income_statement,營業利益（損失）,884967,"884,967",sii,https://mopsov.twse.com.tw/mops/web/ajax_t163sb04
中游,伺服器滑軌與機殼,8210,勤誠,2025,1,income_statement,營業外收入及支出,18153,"18,153",sii,https://mopsov.twse.com.tw/mops/web/ajax_t163sb04
中游,伺服器滑軌與機殼,8210,勤誠,2025,1,income_statement,稅前淨利（淨損）,903120,"903,120",sii,https://mopsov.twse.com.tw/mops/web/ajax_t163sb04
中游,伺服器滑軌與機殼,8210,勤誠,2025,1,income_statement,所得稅費用（利益）,225810,"225,810",sii,https://mopsov.twse.com.tw/mops/web/ajax_t163sb04
中游,伺服器滑軌與機殼,8210,勤誠,2025,1,income_statement,繼續營業單位本期淨利（淨損）,677310,"677,310",sii,https://mopsov.twse.com.tw/mops/web/ajax_t163sb04
中游,伺服器滑軌與機殼,8210,勤誠,2025,1,income_statement,停業單位損益,,--,sii,https://mopsov.twse.com.tw/mops/web/ajax_t163sb04
中游,伺服器滑軌與機殼,8210,勤誠,2025,1,income_statement,合併前非屬共同控制股權損益,,--,sii,https://mopsov.twse.com.tw/mops/web/ajax_t163sb04
中游,伺服器滑軌與機殼,8210,勤誠,2025,1,income_statement,本期淨利（淨損）,677310,"677,310",sii,https://mopsov.twse.com.tw/mops/web/ajax_t163sb04
中游,伺服器滑軌與機殼,8210,勤誠,2025,1,income_statement,其他綜合損益（淨額）,57588,"57,588",sii,https://mopsov.twse.com.tw/mops/web/ajax_t163sb04
中游,伺服器滑軌與機殼,8210,勤誠,2025,1,income_statement,合併前非屬共同控制股權綜合損益淨額,,--,sii,https://mopsov.twse.com.tw/mops/web/ajax_t163sb04
中游,伺服器滑軌與機殼,8210,勤誠,2025,1,income_statement,本期綜合損益總額,734898,"734,898",sii,https://mopsov.twse.com.tw/mops/web/ajax_t163sb04
中游,伺服器滑軌與機殼,8210,勤誠,2025,1,income_statement,淨利（淨損）歸屬於母公司業主,666802,"666,802",sii,https://mopsov.twse.com.tw/mops/web/ajax_t163sb04
中游,伺服器滑軌與機殼,8210,勤誠,2025,1,income_statement,淨利（淨損）歸屬於共同控制下前手權益,,--,sii,https://mopsov.twse.com.tw/mops/web/ajax_t163sb04
中游,伺服器滑軌與機殼,8210,勤誠,2025,1,income_statement,淨利（淨損）歸屬於非控制權益,10508,"10,508",sii,https://mopsov.twse.com.tw/mops/web/ajax_t163sb04
中游,伺服器滑軌與機殼,8210,勤誠,2025,1,income_statement,綜合損益總額歸屬於母公司業主,724390,"724,390",sii,https://mopsov.twse.com.tw/mops/web/ajax_t163sb04
中游,伺服器滑軌與機殼,8210,勤誠,2025,1,income_statement,綜合損益總額歸屬於共同控制下前手權益,,--,sii,https://mopsov.twse.com.tw/mops/web/ajax_t163sb04
中游,伺服器滑軌與機殼,8210,勤誠,2025,1,income_statement,綜合損益總額歸屬於非控制權益,10508,"10,508",sii,https://mopsov.twse.com.tw/mops/web/ajax_t163sb04
中游,伺服器滑軌與機殼,8210,勤誠,2025,1,income_statement,基本每股盈餘（元）,5.53,5.53,sii,https://mopsov.twse.com.tw/mops/web/ajax_t163sb04
中游,伺服器滑軌與機殼,6584,南俊國際,2025,1,income_statement,營業收入,499540,"499,540",otc,https://mopsov.twse.com.tw/mops/web/ajax_t163sb04
中游,伺服器滑軌與機殼,6584,南俊國際,2025,1,income_statement,營業成本,348777,"348,777",otc,https://mopsov.twse.com.tw/mops/web/ajax_t163sb04
中游,伺服器滑軌與機殼,6584,南俊國際,2025,1,income_statement,原始認列生物資產及農產品之利益（損失）,,--,otc,https://mopsov.twse.com.tw/mops/web/ajax_t163sb04
中游,伺服器滑軌與機殼,6584,南俊國際,2025,1,income_statement,生物資產當期公允價值減出售成本之變動利益（損失）,,--,otc,https://mopsov.twse.com.tw/mops/web/ajax_t163sb04
中游,伺服器滑軌與機殼,6584,南俊國際,2025,1,income_statement,營業毛利（毛損）,150763,"150,763",otc,https://mopsov.twse.com.tw/mops/web/ajax_t163sb04
中游,伺服器滑軌與機殼,6584,南俊國際,2025,1,income_statement,未實現銷貨（損）益,,--,otc,https://mopsov.twse.com.tw/mops/web/ajax_t163sb04
中游,伺服器滑軌與機殼,6584,南俊國際,2025,1,income_statement,已實現銷貨（損）益,,--,otc,https://mopsov.twse.com.tw/mops/web/ajax_t163sb04
中游,伺服器滑軌與機殼,6584,南俊國際,2025,1,income_statement,營業毛利（毛損）淨額,150763,"150,763",otc,https://mopsov.twse.com.tw/mops/web/ajax_t163sb04
中游,伺服器滑軌與機殼,6584,南俊國際,2025,1,income_statement,營業費用,78757,"78,757",otc,https://mopsov.twse.com.tw/mops/web/ajax_t163sb04
中游,伺服器滑軌與機殼,6584,南俊國際,2025,1,income_statement,其他收益及費損淨額,,--,otc,https://mopsov.twse.com.tw/mops/web/ajax_t163sb04
中游,伺服器滑軌與機殼,6584,南俊國際,2025,1,income_statement,營業利益（損失）,72006,"72,006",otc,https://mopsov.twse.com.tw/mops/web/ajax_t163sb04
中游,伺服器滑軌與機殼,6584,南俊國際,2025,1,income_statement,營業外收入及支出,10061,"10,061",otc,https://mopsov.twse.com.tw/mops/web/ajax_t163sb04
中游,伺服器滑軌與機殼,6584,南俊國際,2025,1,income_statement,稅前淨利（淨損）,82067,"82,067",otc,https://mopsov.twse.com.tw/mops/web/ajax_t163sb04
中游,伺服器滑軌與機殼,6584,南俊國際,2025,1,income_statement,所得稅費用（利益）,16776,"16,776",otc,https://mopsov.twse.com.tw/mops/web/ajax_t163sb04
中游,伺服器滑軌與機殼,6584,南俊國際,2025,1,income_statement,繼續營業單位本期淨利（淨損）,65291,"65,291",otc,https://mopsov.twse.com.tw/mops/web/ajax_t163sb04
中游,伺服器滑軌與機殼,6584,南俊國際,2025,1,income_statement,停業單位損益,,--,otc,https://mopsov.twse.com.tw/mops/web/ajax_t163sb04
中游,伺服器滑軌與機殼,6584,南俊國際,2025,1,income_statement,合併前非屬共同控制股權損益,,--,otc,https://mopsov.twse.com.tw/mops/web/ajax_t163sb04
中游,伺服器滑軌與機殼,6584,南俊國際,2025,1,income_statement,本期淨利（淨損）,65291,"65,291",otc,https://mopsov.twse.com.tw/mops/web/ajax_t163sb04
中游,伺服器滑軌與機殼,6584,南俊國際,2025,1,income_statement,其他綜合損益（淨額）,2519,"2,519",otc,https://mopsov.twse.com.tw/mops/web/ajax_t163sb04
中游,伺服器滑軌與機殼,6584,南俊國際,2025,1,income_statement,合併前非屬共同控制股權綜合損益淨額,,--,otc,https://mopsov.twse.com.tw/mops/web/ajax_t163sb04
中游,伺服器滑軌與機殼,6584,南俊國際,2025,1,income_statement,本期綜合損益總額,67810,"67,810",otc,https://mopsov.twse.com.tw/mops/web/ajax_t163sb04
中游,伺服器滑軌與機殼,6584,南俊國際,2025,1,income_statement,淨利（淨損）歸屬於母公司業主,65291,"65,291",otc,https://mopsov.twse.com.tw/mops/web/ajax_t163sb04
中游,伺服器滑軌與機殼,6584,南俊國際,2025,1,income_statement,淨利（淨損）歸屬於共同控制下前手權益,,--,otc,https://mopsov.twse.com.tw/mops/web/ajax_t163sb04
中游,伺服器滑軌與機殼,6584,南俊國際,2025,1,income_statement,淨利（淨損）歸屬於非控制權益,,--,otc,https://mopsov.twse.com.tw/mops/web/ajax_t163sb04
中游,伺服器滑軌與機殼,6584,南俊國際,2025,1,income_statement,綜合損益總額歸屬於母公司業主,67810,"67,810",otc,https://mopsov.twse.com.tw/mops/web/ajax_t163sb04
中游,伺服器滑軌與機殼,6584,南俊國際,2025,1,income_statement,綜合損益總額歸屬於共同控制下前手權益,,--,otc,https://mopsov.twse.com.tw/mops/web/ajax_t163sb04
中游,伺服器滑軌與機殼,6584,南俊國際,2025,1,income_statement,綜合損益總額歸屬於非控制權益,,--,otc,https://mopsov.twse.com.tw/mops/web/ajax_t163sb04
中游,伺服器滑軌與機殼,6584,南俊國際,2025,1,income_statement,基本每股盈餘（元）,1.0,1.00,otc,https://mopsov.twse.com.tw/mops/web/ajax_t163sb04
中游,伺服器滑軌與機殼,2059,川湖,2025,1,balance_sheet,流動資產,24856060,"24,856,060",sii,https://mopsov.twse.com.tw/mops/web/ajax_t163sb05
中游,伺服器滑軌與機殼,2059,川湖,2025,1,balance_sheet,非流動資產,4530913,"4,530,913",sii,https://mopsov.twse.com.tw/mops/web/ajax_t163sb05
中游,伺服器滑軌與機殼,2059,川湖,2025,1,balance_sheet,資產總計,29386973,"29,386,973",sii,https://mopsov.twse.com.tw/mops/web/ajax_t163sb05
中游,伺服器滑軌與機殼,2059,川湖,2025,1,balance_sheet,流動負債,3564787,"3,564,787",sii,https://mopsov.twse.com.tw/mops/web/ajax_t163sb05
中游,伺服器滑軌與機殼,2059,川湖,2025,1,balance_sheet,非流動負債,2006518,"2,006,518",sii,https://mopsov.twse.com.tw/mops/web/ajax_t163sb05
中游,伺服器滑軌與機殼,2059,川湖,2025,1,balance_sheet,負債總計,5571305,"5,571,305",sii,https://mopsov.twse.com.tw/mops/web/ajax_t163sb05
中游,伺服器滑軌與機殼,2059,川湖,2025,1,balance_sheet,股本,952971,"952,971",sii,https://mopsov.twse.com.tw/mops/web/ajax_t163sb05
中游,伺服器滑軌與機殼,2059,川湖,2025,1,balance_sheet,權益─具證券性質之虛擬通貨,,--,sii,https://mopsov.twse.com.tw/mops/web/ajax_t163sb05
中游,伺服器滑軌與機殼,2059,川湖,2025,1,balance_sheet,資本公積,796691,"796,691",sii,https://mopsov.twse.com.tw/mops/web/ajax_t163sb05
中游,伺服器滑軌與機殼,2059,川湖,2025,1,balance_sheet,保留盈餘,22010762,"22,010,762",sii,https://mopsov.twse.com.tw/mops/web/ajax_t163sb05
中游,伺服器滑軌與機殼,2059,川湖,2025,1,balance_sheet,其他權益,55244,"55,244",sii,https://mopsov.twse.com.tw/mops/web/ajax_t163sb05
中游,伺服器滑軌與機殼,2059,川湖,2025,1,balance_sheet,庫藏股票,0,0,sii,https://mopsov.twse.com.tw/mops/web/ajax_t163sb05
中游,伺服器滑軌與機殼,2059,川湖,2025,1,balance_sheet,歸屬於母公司業主之權益合計,23815668,"23,815,668",sii,https://mopsov.twse.com.tw/mops/web/ajax_t163sb05
中游,伺服器滑軌與機殼,2059,川湖,2025,1,balance_sheet,共同控制下前手權益,,--,sii,https://mopsov.twse.com.tw/mops/web/ajax_t163sb05
中游,伺服器滑軌與機殼,2059,川湖,2025,1,balance_sheet,合併前非屬共同控制股權,,--,sii,https://mopsov.twse.com.tw/mops/web/ajax_t163sb05
中游,伺服器滑軌與機殼,2059,川湖,2025,1,balance_sheet,非控制權益,0,0,sii,https://mopsov.twse.com.tw/mops/web/ajax_t163sb05
中游,伺服器滑軌與機殼,2059,川湖,2025,1,balance_sheet,權益總計,23815668,"23,815,668",sii,https://mopsov.twse.com.tw/mops/web/ajax_t163sb05
中游,伺服器滑軌與機殼,2059,川湖,2025,1,balance_sheet,待註銷股本股數（單位：股）,0,0,sii,https://mopsov.twse.com.tw/mops/web/ajax_t163sb05
中游,伺服器滑軌與機殼,2059,川湖,2025,1,balance_sheet,預收股款（權益項下）之約當發行股數（單位：股）,0,0,sii,https://mopsov.twse.com.tw/mops/web/ajax_t163sb05
中游,伺服器滑軌與機殼,2059,川湖,2025,1,balance_sheet,母公司暨子公司所持有之母公司庫藏股股數（單位：股）,0,0,sii,https://mopsov.twse.com.tw/mops/web/ajax_t163sb05
中游,伺服器滑軌與機殼,2059,川湖,2025,1,balance_sheet,每股參考淨值,249.91,249.91,sii,https://mopsov.twse.com.tw/mops/web/ajax_t163sb05
中游,伺服器滑軌與機殼,8210,勤誠,2025,1,balance_sheet,流動資產,12080067,"12,080,067",sii,https://mopsov.twse.com.tw/mops/web/ajax_t163sb05
中游,伺服器滑軌與機殼,8210,勤誠,2025,1,balance_sheet,非流動資產,6064247,"6,064,247",sii,https://mopsov.twse.com.tw/mops/web/ajax_t163sb05
中游,伺服器滑軌與機殼,8210,勤誠,2025,1,balance_sheet,資產總計,18144314,"18,144,314",sii,https://mopsov.twse.com.tw/mops/web/ajax_t163sb05
中游,伺服器滑軌與機殼,8210,勤誠,2025,1,balance_sheet,流動負債,7456442,"7,456,442",sii,https://mopsov.twse.com.tw/mops/web/ajax_t163sb05
中游,伺服器滑軌與機殼,8210,勤誠,2025,1,balance_sheet,非流動負債,2676456,"2,676,456",sii,https://mopsov.twse.com.tw/mops/web/ajax_t163sb05
中游,伺服器滑軌與機殼,8210,勤誠,2025,1,balance_sheet,負債總計,10132898,"10,132,898",sii,https://mopsov.twse.com.tw/mops/web/ajax_t163sb05
中游,伺服器滑軌與機殼,8210,勤誠,2025,1,balance_sheet,股本,1209877,"1,209,877",sii,https://mopsov.twse.com.tw/mops/web/ajax_t163sb05
中游,伺服器滑軌與機殼,8210,勤誠,2025,1,balance_sheet,權益─具證券性質之虛擬通貨,,--,sii,https://mopsov.twse.com.tw/mops/web/ajax_t163sb05
中游,伺服器滑軌與機殼,8210,勤誠,2025,1,balance_sheet,資本公積,383452,"383,452",sii,https://mopsov.twse.com.tw/mops/web/ajax_t163sb05
中游,伺服器滑軌與機殼,8210,勤誠,2025,1,balance_sheet,保留盈餘,6358224,"6,358,224",sii,https://mopsov.twse.com.tw/mops/web/ajax_t163sb05
中游,伺服器滑軌與機殼,8210,勤誠,2025,1,balance_sheet,其他權益,-40207,"-40,207",sii,https://mopsov.twse.com.tw/mops/web/ajax_t163sb05
中游,伺服器滑軌與機殼,8210,勤誠,2025,1,balance_sheet,庫藏股票,,--,sii,https://mopsov.twse.com.tw/mops/web/ajax_t163sb05
中游,伺服器滑軌與機殼,8210,勤誠,2025,1,balance_sheet,歸屬於母公司業主之權益合計,7911346,"7,911,346",sii,https://mopsov.twse.com.tw/mops/web/ajax_t163sb05
中游,伺服器滑軌與機殼,8210,勤誠,2025,1,balance_sheet,共同控制下前手權益,,--,sii,https://mopsov.twse.com.tw/mops/web/ajax_t163sb05
中游,伺服器滑軌與機殼,8210,勤誠,2025,1,balance_sheet,合併前非屬共同控制股權,,--,sii,https://mopsov.twse.com.tw/mops/web/ajax_t163sb05
中游,伺服器滑軌與機殼,8210,勤誠,2025,1,balance_sheet,非控制權益,100070,"100,070",sii,https://mopsov.twse.com.tw/mops/web/ajax_t163sb05
中游,伺服器滑軌與機殼,8210,勤誠,2025,1,balance_sheet,權益總計,8011416,"8,011,416",sii,https://mopsov.twse.com.tw/mops/web/ajax_t163sb05
中游,伺服器滑軌與機殼,8210,勤誠,2025,1,balance_sheet,待註銷股本股數（單位：股）,0,0,sii,https://mopsov.twse.com.tw/mops/web/ajax_t163sb05
中游,伺服器滑軌與機殼,8210,勤誠,2025,1,balance_sheet,預收股款（權益項下）之約當發行股數（單位：股）,0,0,sii,https://mopsov.twse.com.tw/mops/web/ajax_t163sb05
中游,伺服器滑軌與機殼,8210,勤誠,2025,1,balance_sheet,母公司暨子公司所持有之母公司庫藏股股數（單位：股）,0,0,sii,https://mopsov.twse.com.tw/mops/web/ajax_t163sb05
中游,伺服器滑軌與機殼,8210,勤誠,2025,1,balance_sheet,每股參考淨值,65.39,65.39,sii,https://mopsov.twse.com.tw/mops/web/ajax_t163sb05
中游,伺服器滑軌與機殼,6584,南俊國際,2025,1,balance_sheet,流動資產,1190254,"1,190,254",otc,https://mopsov.twse.com.tw/mops/web/ajax_t163sb05
中游,伺服器滑軌與機殼,6584,南俊國際,2025,1,balance_sheet,非流動資產,2839831,"2,839,831",otc,https://mopsov.twse.com.tw/mops/web/ajax_t163sb05
中游,伺服器滑軌與機殼,6584,南俊國際,2025,1,balance_sheet,資產總計,4030085,"4,030,085",otc,https://mopsov.twse.com.tw/mops/web/ajax_t163sb05
中游,伺服器滑軌與機殼,6584,南俊國際,2025,1,balance_sheet,流動負債,515743,"515,743",otc,https://mopsov.twse.com.tw/mops/web/ajax_t163sb05
中游,伺服器滑軌與機殼,6584,南俊國際,2025,1,balance_sheet,非流動負債,1210254,"1,210,254",otc,https://mopsov.twse.com.tw/mops/web/ajax_t163sb05
中游,伺服器滑軌與機殼,6584,南俊國際,2025,1,balance_sheet,負債總計,1725997,"1,725,997",otc,https://mopsov.twse.com.tw/mops/web/ajax_t163sb05
中游,伺服器滑軌與機殼,6584,南俊國際,2025,1,balance_sheet,股本,659552,"659,552",otc,https://mopsov.twse.com.tw/mops/web/ajax_t163sb05
中游,伺服器滑軌與機殼,6584,南俊國際,2025,1,balance_sheet,權益─具證券性質之虛擬通貨,,--,otc,https://mopsov.twse.com.tw/mops/web/ajax_t163sb05
中游,伺服器滑軌與機殼,6584,南俊國際,2025,1,balance_sheet,資本公積,877393,"877,393",otc,https://mopsov.twse.com.tw/mops/web/ajax_t163sb05
中游,伺服器滑軌與機殼,6584,南俊國際,2025,1,balance_sheet,保留盈餘,794935,"794,935",otc,https://mopsov.twse.com.tw/mops/web/ajax_t163sb05
中游,伺服器滑軌與機殼,6584,南俊國際,2025,1,balance_sheet,其他權益,-27792,"-27,792",otc,https://mopsov.twse.com.tw/mops/web/ajax_t163sb05
中游,伺服器滑軌與機殼,6584,南俊國際,2025,1,balance_sheet,庫藏股票,,--,otc,https://mopsov.twse.com.tw/mops/web/ajax_t163sb05
中游,伺服器滑軌與機殼,6584,南俊國際,2025,1,balance_sheet,歸屬於母公司業主之權益合計,2304088,"2,304,088",otc,https://mopsov.twse.com.tw/mops/web/ajax_t163sb05
中游,伺服器滑軌與機殼,6584,南俊國際,2025,1,balance_sheet,共同控制下前手權益,,--,otc,https://mopsov.twse.com.tw/mops/web/ajax_t163sb05
中游,伺服器滑軌與機殼,6584,南俊國際,2025,1,balance_sheet,合併前非屬共同控制股權,,--,otc,https://mopsov.twse.com.tw/mops/web/ajax_t163sb05
中游,伺服器滑軌與機殼,6584,南俊國際,2025,1,balance_sheet,非控制權益,,--,otc,https://mopsov.twse.com.tw/mops/web/ajax_t163sb05
中游,伺服器滑軌與機殼,6584,南俊國際,2025,1,balance_sheet,權益總計,2304088,"2,304,088",otc,https://mopsov.twse.com.tw/mops/web/ajax_t163sb05
中游,伺服器滑軌與機殼,6584,南俊國際,2025,1,balance_sheet,待註銷股本股數（單位：股）,0,0,otc,https://mopsov.twse.com.tw/mops/web/ajax_t163sb05
中游,伺服器滑軌與機殼,6584,南俊國際,2025,1,balance_sheet,預收股款（權益項下）之約當發行股數（單位：股）,0,0,otc,https://mopsov.twse.com.tw/mops/web/ajax_t163sb05
中游,伺服器滑軌與機殼,6584,南俊國際,2025,1,balance_sheet,母公司暨子公司所持有之母公司庫藏股股數（單位：股）,0,0,otc,https://mopsov.twse.com.tw/mops/web/ajax_t163sb05
中游,伺服器滑軌與機殼,6584,南俊國際,2025,1,balance_sheet,每股參考淨值,34.93,34.93,otc,https://mopsov.twse.com.tw/mops/web/ajax_t163sb05
中游,伺服器滑軌與機殼,2059,川湖,2025,1,cash_flow,營業活動之淨現金流入（流出）,2545275,"2,545,275",sii,https://mopsov.twse.com.tw/mops/web/ajax_t163sb20
中游,伺服器滑軌與機殼,2059,川湖,2025,1,cash_flow,投資活動之淨現金流入（流出）,-137273,"-137,273",sii,https://mopsov.twse.com.tw/mops/web/ajax_t163sb20
中游,伺服器滑軌與機殼,2059,川湖,2025,1,cash_flow,籌資活動之淨現金流入（流出）,-38995,"-38,995",sii,https://mopsov.twse.com.tw/mops/web/ajax_t163sb20
中游,伺服器滑軌與機殼,2059,川湖,2025,1,cash_flow,匯率變動對現金及約當現金之影響,72127,"72,127",sii,https://mopsov.twse.com.tw/mops/web/ajax_t163sb20
中游,伺服器滑軌與機殼,2059,川湖,2025,1,cash_flow,本期現金及約當現金增加（減少）數,2441134,"2,441,134",sii,https://mopsov.twse.com.tw/mops/web/ajax_t163sb20
中游,伺服器滑軌與機殼,2059,川湖,2025,1,cash_flow,期初現金及約當現金餘額,17488354,"17,488,354",sii,https://mopsov.twse.com.tw/mops/web/ajax_t163sb20
中游,伺服器滑軌與機殼,2059,川湖,2025,1,cash_flow,期末現金及約當現金餘額,19929488,"19,929,488",sii,https://mopsov.twse.com.tw/mops/web/ajax_t163sb20
中游,伺服器滑軌與機殼,8210,勤誠,2025,1,cash_flow,營業活動之淨現金流入（流出）,599073,"599,073",sii,https://mopsov.twse.com.tw/mops/web/ajax_t163sb20
中游,伺服器滑軌與機殼,8210,勤誠,2025,1,cash_flow,投資活動之淨現金流入（流出）,19108,"19,108",sii,https://mopsov.twse.com.tw/mops/web/ajax_t163sb20
中游,伺服器滑軌與機殼,8210,勤誠,2025,1,cash_flow,籌資活動之淨現金流入（流出）,7674,"7,674",sii,https://mopsov.twse.com.tw/mops/web/ajax_t163sb20
中游,伺服器滑軌與機殼,8210,勤誠,2025,1,cash_flow,匯率變動對現金及約當現金之影響,51070,"51,070",sii,https://mopsov.twse.com.tw/mops/web/ajax_t163sb20
中游,伺服器滑軌與機殼,8210,勤誠,2025,1,cash_flow,本期現金及約當現金增加（減少）數,676925,"676,925",sii,https://mopsov.twse.com.tw/mops/web/ajax_t163sb20
中游,伺服器滑軌與機殼,8210,勤誠,2025,1,cash_flow,期初現金及約當現金餘額,3799819,"3,799,819",sii,https://mopsov.twse.com.tw/mops/web/ajax_t163sb20
中游,伺服器滑軌與機殼,8210,勤誠,2025,1,cash_flow,期末現金及約當現金餘額,4476744,"4,476,744",sii,https://mopsov.twse.com.tw/mops/web/ajax_t163sb20
中游,伺服器滑軌與機殼,6584,南俊國際,2025,1,cash_flow,營業活動之淨現金流入（流出）,29563,"29,563",otc,https://mopsov.twse.com.tw/mops/web/ajax_t163sb20
中游,伺服器滑軌與機殼,6584,南俊國際,2025,1,cash_flow,投資活動之淨現金流入（流出）,-13121,"-13,121",otc,https://mopsov.twse.com.tw/mops/web/ajax_t163sb20
中游,伺服器滑軌與機殼,6584,南俊國際,2025,1,cash_flow,籌資活動之淨現金流入（流出）,6933,"6,933",otc,https://mopsov.twse.com.tw/mops/web/ajax_t163sb20
中游,伺服器滑軌與機殼,6584,南俊國際,2025,1,cash_flow,匯率變動對現金及約當現金之影響,1,1,otc,https://mopsov.twse.com.tw/mops/web/ajax_t163sb20
中游,伺服器滑軌與機殼,6584,南俊國際,2025,1,cash_flow,本期現金及約當現金增加（減少）數,23376,"23,376",otc,https://mopsov.twse.com.tw/mops/web/ajax_t163sb20
中游,伺服器滑軌與機殼,6584,南俊國際,2025,1,cash_flow,期初現金及約當現金餘額,322082,"322,082",otc,https://mopsov.twse.com.tw/mops/web/ajax_t163sb20
中游,伺服器滑軌與機殼,6584,南俊國際,2025,1,cash_flow,期末現金及約當現金餘額,345458,"345,458",otc,https://mopsov.twse.com.tw/mops/web/ajax_t163sb20
中游,伺服器滑軌與機殼,2059,川湖,2025,2,income_statement,營業收入,8182933,"8,182,933",sii,https://mopsov.twse.com.tw/mops/web/ajax_t163sb04
中游,伺服器滑軌與機殼,2059,川湖,2025,2,income_statement,營業成本,1898494,"1,898,494",sii,https://mopsov.twse.com.tw/mops/web/ajax_t163sb04
中游,伺服器滑軌與機殼,2059,川湖,2025,2,income_statement,原始認列生物資產及農產品之利益（損失）,,--,sii,https://mopsov.twse.com.tw/mops/web/ajax_t163sb04
中游,伺服器滑軌與機殼,2059,川湖,2025,2,income_statement,生物資產當期公允價值減出售成本之變動利益（損失）,,--,sii,https://mopsov.twse.com.tw/mops/web/ajax_t163sb04
中游,伺服器滑軌與機殼,2059,川湖,2025,2,income_statement,營業毛利（毛損）,6284439,"6,284,439",sii,https://mopsov.twse.com.tw/mops/web/ajax_t163sb04
中游,伺服器滑軌與機殼,2059,川湖,2025,2,income_statement,未實現銷貨（損）益,,--,sii,https://mopsov.twse.com.tw/mops/web/ajax_t163sb04
中游,伺服器滑軌與機殼,2059,川湖,2025,2,income_statement,已實現銷貨（損）益,,--,sii,https://mopsov.twse.com.tw/mops/web/ajax_t163sb04
中游,伺服器滑軌與機殼,2059,川湖,2025,2,income_statement,營業毛利（毛損）淨額,6284439,"6,284,439",sii,https://mopsov.twse.com.tw/mops/web/ajax_t163sb04
中游,伺服器滑軌與機殼,2059,川湖,2025,2,income_statement,營業費用,595024,"595,024",sii,https://mopsov.twse.com.tw/mops/web/ajax_t163sb04
中游,伺服器滑軌與機殼,2059,川湖,2025,2,income_statement,其他收益及費損淨額,,--,sii,https://mopsov.twse.com.tw/mops/web/ajax_t163sb04
中游,伺服器滑軌與機殼,2059,川湖,2025,2,income_statement,營業利益（損失）,5689415,"5,689,415",sii,https://mopsov.twse.com.tw/mops/web/ajax_t163sb04
中游,伺服器滑軌與機殼,2059,川湖,2025,2,income_statement,營業外收入及支出,-1656481,"-1,656,481",sii,https://mopsov.twse.com.tw/mops/web/ajax_t163sb04
中游,伺服器滑軌與機殼,2059,川湖,2025,2,income_statement,稅前淨利（淨損）,4032934,"4,032,934",sii,https://mopsov.twse.com.tw/mops/web/ajax_t163sb04
中游,伺服器滑軌與機殼,2059,川湖,2025,2,income_statement,所得稅費用（利益）,907358,"907,358",sii,https://mopsov.twse.com.tw/mops/web/ajax_t163sb04
中游,伺服器滑軌與機殼,2059,川湖,2025,2,income_statement,繼續營業單位本期淨利（淨損）,3125576,"3,125,576",sii,https://mopsov.twse.com.tw/mops/web/ajax_t163sb04
中游,伺服器滑軌與機殼,2059,川湖,2025,2,income_statement,停業單位損益,,--,sii,https://mopsov.twse.com.tw/mops/web/ajax_t163sb04
中游,伺服器滑軌與機殼,2059,川湖,2025,2,income_statement,合併前非屬共同控制股權損益,,--,sii,https://mopsov.twse.com.tw/mops/web/ajax_t163sb04
中游,伺服器滑軌與機殼,2059,川湖,2025,2,income_statement,本期淨利（淨損）,3125576,"3,125,576",sii,https://mopsov.twse.com.tw/mops/web/ajax_t163sb04
中游,伺服器滑軌與機殼,2059,川湖,2025,2,income_statement,其他綜合損益（淨額）,-92246,"-92,246",sii,https://mopsov.twse.com.tw/mops/web/ajax_t163sb04
中游,伺服器滑軌與機殼,2059,川湖,2025,2,income_statement,合併前非屬共同控制股權綜合損益淨額,,--,sii,https://mopsov.twse.com.tw/mops/web/ajax_t163sb04
中游,伺服器滑軌與機殼,2059,川湖,2025,2,income_statement,本期綜合損益總額,3033330,"3,033,330",sii,https://mopsov.twse.com.tw/mops/web/ajax_t163sb04
中游,伺服器滑軌與機殼,2059,川湖,2025,2,income_statement,淨利（淨損）歸屬於母公司業主,3125576,"3,125,576",sii,https://mopsov.twse.com.tw/mops/web/ajax_t163sb04
中游,伺服器滑軌與機殼,2059,川湖,2025,2,income_statement,淨利（淨損）歸屬於共同控制下前手權益,,--,sii,https://mopsov.twse.com.tw/mops/web/ajax_t163sb04
中游,伺服器滑軌與機殼,2059,川湖,2025,2,income_statement,淨利（淨損）歸屬於非控制權益,,--,sii,https://mopsov.twse.com.tw/mops/web/ajax_t163sb04
中游,伺服器滑軌與機殼,2059,川湖,2025,2,income_statement,綜合損益總額歸屬於母公司業主,3033330,"3,033,330",sii,https://mopsov.twse.com.tw/mops/web/ajax_t163sb04
中游,伺服器滑軌與機殼,2059,川湖,2025,2,income_statement,綜合損益總額歸屬於共同控制下前手權益,,--,sii,https://mopsov.twse.com.tw/mops/web/ajax_t163sb04
中游,伺服器滑軌與機殼,2059,川湖,2025,2,income_statement,綜合損益總額歸屬於非控制權益,,--,sii,https://mopsov.twse.com.tw/mops/web/ajax_t163sb04
中游,伺服器滑軌與機殼,2059,川湖,2025,2,income_statement,基本每股盈餘（元）,32.8,32.80,sii,https://mopsov.twse.com.tw/mops/web/ajax_t163sb04
中游,伺服器滑軌與機殼,8210,勤誠,2025,2,income_statement,營業收入,9596741,"9,596,741",sii,https://mopsov.twse.com.tw/mops/web/ajax_t163sb04
中游,伺服器滑軌與機殼,8210,勤誠,2025,2,income_statement,營業成本,6769057,"6,769,057",sii,https://mopsov.twse.com.tw/mops/web/ajax_t163sb04
中游,伺服器滑軌與機殼,8210,勤誠,2025,2,income_statement,原始認列生物資產及農產品之利益（損失）,,--,sii,https://mopsov.twse.com.tw/mops/web/ajax_t163sb04
中游,伺服器滑軌與機殼,8210,勤誠,2025,2,income_statement,生物資產當期公允價值減出售成本之變動利益（損失）,,--,sii,https://mopsov.twse.com.tw/mops/web/ajax_t163sb04
中游,伺服器滑軌與機殼,8210,勤誠,2025,2,income_statement,營業毛利（毛損）,2827684,"2,827,684",sii,https://mopsov.twse.com.tw/mops/web/ajax_t163sb04
中游,伺服器滑軌與機殼,8210,勤誠,2025,2,income_statement,未實現銷貨（損）益,,--,sii,https://mopsov.twse.com.tw/mops/web/ajax_t163sb04
中游,伺服器滑軌與機殼,8210,勤誠,2025,2,income_statement,已實現銷貨（損）益,,--,sii,https://mopsov.twse.com.tw/mops/web/ajax_t163sb04
中游,伺服器滑軌與機殼,8210,勤誠,2025,2,income_statement,營業毛利（毛損）淨額,2827684,"2,827,684",sii,https://mopsov.twse.com.tw/mops/web/ajax_t163sb04
中游,伺服器滑軌與機殼,8210,勤誠,2025,2,income_statement,營業費用,765671,"765,671",sii,https://mopsov.twse.com.tw/mops/web/ajax_t163sb04
中游,伺服器滑軌與機殼,8210,勤誠,2025,2,income_statement,其他收益及費損淨額,67094,"67,094",sii,https://mopsov.twse.com.tw/mops/web/ajax_t163sb04
中游,伺服器滑軌與機殼,8210,勤誠,2025,2,income_statement,營業利益（損失）,2129107,"2,129,107",sii,https://mopsov.twse.com.tw/mops/web/ajax_t163sb04
中游,伺服器滑軌與機殼,8210,勤誠,2025,2,income_statement,營業外收入及支出,-89430,"-89,430",sii,https://mopsov.twse.com.tw/mops/web/ajax_t163sb04
中游,伺服器滑軌與機殼,8210,勤誠,2025,2,income_statement,稅前淨利（淨損）,2039677,"2,039,677",sii,https://mopsov.twse.com.tw/mops/web/ajax_t163sb04
中游,伺服器滑軌與機殼,8210,勤誠,2025,2,income_statement,所得稅費用（利益）,517407,"517,407",sii,https://mopsov.twse.com.tw/mops/web/ajax_t163sb04
中游,伺服器滑軌與機殼,8210,勤誠,2025,2,income_statement,繼續營業單位本期淨利（淨損）,1522270,"1,522,270",sii,https://mopsov.twse.com.tw/mops/web/ajax_t163sb04
中游,伺服器滑軌與機殼,8210,勤誠,2025,2,income_statement,停業單位損益,,--,sii,https://mopsov.twse.com.tw/mops/web/ajax_t163sb04
中游,伺服器滑軌與機殼,8210,勤誠,2025,2,income_statement,合併前非屬共同控制股權損益,,--,sii,https://mopsov.twse.com.tw/mops/web/ajax_t163sb04
中游,伺服器滑軌與機殼,8210,勤誠,2025,2,income_statement,本期淨利（淨損）,1522270,"1,522,270",sii,https://mopsov.twse.com.tw/mops/web/ajax_t163sb04
中游,伺服器滑軌與機殼,8210,勤誠,2025,2,income_statement,其他綜合損益（淨額）,-416593,"-416,593",sii,https://mopsov.twse.com.tw/mops/web/ajax_t163sb04
中游,伺服器滑軌與機殼,8210,勤誠,2025,2,income_statement,合併前非屬共同控制股權綜合損益淨額,,--,sii,https://mopsov.twse.com.tw/mops/web/ajax_t163sb04
中游,伺服器滑軌與機殼,8210,勤誠,2025,2,income_statement,本期綜合損益總額,1105677,"1,105,677",sii,https://mopsov.twse.com.tw/mops/web/ajax_t163sb04
中游,伺服器滑軌與機殼,8210,勤誠,2025,2,income_statement,淨利（淨損）歸屬於母公司業主,1495742,"1,495,742",sii,https://mopsov.twse.com.tw/mops/web/ajax_t163sb04
中游,伺服器滑軌與機殼,8210,勤誠,2025,2,income_statement,淨利（淨損）歸屬於共同控制下前手權益,,--,sii,https://mopsov.twse.com.tw/mops/web/ajax_t163sb04
中游,伺服器滑軌與機殼,8210,勤誠,2025,2,income_statement,淨利（淨損）歸屬於非控制權益,26528,"26,528",sii,https://mopsov.twse.com.tw/mops/web/ajax_t163sb04
中游,伺服器滑軌與機殼,8210,勤誠,2025,2,income_statement,綜合損益總額歸屬於母公司業主,1079149,"1,079,149",sii,https://mopsov.twse.com.tw/mops/web/ajax_t163sb04
中游,伺服器滑軌與機殼,8210,勤誠,2025,2,income_statement,綜合損益總額歸屬於共同控制下前手權益,,--,sii,https://mopsov.twse.com.tw/mops/web/ajax_t163sb04
中游,伺服器滑軌與機殼,8210,勤誠,2025,2,income_statement,綜合損益總額歸屬於非控制權益,26528,"26,528",sii,https://mopsov.twse.com.tw/mops/web/ajax_t163sb04
中游,伺服器滑軌與機殼,8210,勤誠,2025,2,income_statement,基本每股盈餘（元）,12.4,12.40,sii,https://mopsov.twse.com.tw/mops/web/ajax_t163sb04
中游,伺服器滑軌與機殼,6584,南俊國際,2025,2,income_statement,營業收入,1100737,"1,100,737",otc,https://mopsov.twse.com.tw/mops/web/ajax_t163sb04
中游,伺服器滑軌與機殼,6584,南俊國際,2025,2,income_statement,營業成本,754586,"754,586",otc,https://mopsov.twse.com.tw/mops/web/ajax_t163sb04
中游,伺服器滑軌與機殼,6584,南俊國際,2025,2,income_statement,原始認列生物資產及農產品之利益（損失）,,--,otc,https://mopsov.twse.com.tw/mops/web/ajax_t163sb04
中游,伺服器滑軌與機殼,6584,南俊國際,2025,2,income_statement,生物資產當期公允價值減出售成本之變動利益（損失）,,--,otc,https://mopsov.twse.com.tw/mops/web/ajax_t163sb04
中游,伺服器滑軌與機殼,6584,南俊國際,2025,2,income_statement,營業毛利（毛損）,346151,"346,151",otc,https://mopsov.twse.com.tw/mops/web/ajax_t163sb04
中游,伺服器滑軌與機殼,6584,南俊國際,2025,2,income_statement,未實現銷貨（損）益,,--,otc,https://mopsov.twse.com.tw/mops/web/ajax_t163sb04
中游,伺服器滑軌與機殼,6584,南俊國際,2025,2,income_statement,已實現銷貨（損）益,,--,otc,https://mopsov.twse.com.tw/mops/web/ajax_t163sb04
中游,伺服器滑軌與機殼,6584,南俊國際,2025,2,income_statement,營業毛利（毛損）淨額,346151,"346,151",otc,https://mopsov.twse.com.tw/mops/web/ajax_t163sb04
中游,伺服器滑軌與機殼,6584,南俊國際,2025,2,income_statement,營業費用,176935,"176,935",otc,https://mopsov.twse.com.tw/mops/web/ajax_t163sb04
中游,伺服器滑軌與機殼,6584,南俊國際,2025,2,income_statement,其他收益及費損淨額,,--,otc,https://mopsov.twse.com.tw/mops/web/ajax_t163sb04
中游,伺服器滑軌與機殼,6584,南俊國際,2025,2,income_statement,營業利益（損失）,169216,"169,216",otc,https://mopsov.twse.com.tw/mops/web/ajax_t163sb04
中游,伺服器滑軌與機殼,6584,南俊國際,2025,2,income_statement,營業外收入及支出,-40906,"-40,906",otc,https://mopsov.twse.com.tw/mops/web/ajax_t163sb04
中游,伺服器滑軌與機殼,6584,南俊國際,2025,2,income_statement,稅前淨利（淨損）,128310,"128,310",otc,https://mopsov.twse.com.tw/mops/web/ajax_t163sb04
中游,伺服器滑軌與機殼,6584,南俊國際,2025,2,income_statement,所得稅費用（利益）,54638,"54,638",otc,https://mopsov.twse.com.tw/mops/web/ajax_t163sb04
中游,伺服器滑軌與機殼,6584,南俊國際,2025,2,income_statement,繼續營業單位本期淨利（淨損）,73672,"73,672",otc,https://mopsov.twse.com.tw/mops/web/ajax_t163sb04
中游,伺服器滑軌與機殼,6584,南俊國際,2025,2,income_statement,停業單位損益,,--,otc,https://mopsov.twse.com.tw/mops/web/ajax_t163sb04
中游,伺服器滑軌與機殼,6584,南俊國際,2025,2,income_statement,合併前非屬共同控制股權損益,,--,otc,https://mopsov.twse.com.tw/mops/web/ajax_t163sb04
中游,伺服器滑軌與機殼,6584,南俊國際,2025,2,income_statement,本期淨利（淨損）,73672,"73,672",otc,https://mopsov.twse.com.tw/mops/web/ajax_t163sb04
中游,伺服器滑軌與機殼,6584,南俊國際,2025,2,income_statement,其他綜合損益（淨額）,-41033,"-41,033",otc,https://mopsov.twse.com.tw/mops/web/ajax_t163sb04
中游,伺服器滑軌與機殼,6584,南俊國際,2025,2,income_statement,合併前非屬共同控制股權綜合損益淨額,,--,otc,https://mopsov.twse.com.tw/mops/web/ajax_t163sb04
中游,伺服器滑軌與機殼,6584,南俊國際,2025,2,income_statement,本期綜合損益總額,32639,"32,639",otc,https://mopsov.twse.com.tw/mops/web/ajax_t163sb04
中游,伺服器滑軌與機殼,6584,南俊國際,2025,2,income_statement,淨利（淨損）歸屬於母公司業主,73672,"73,672",otc,https://mopsov.twse.com.tw/mops/web/ajax_t163sb04
中游,伺服器滑軌與機殼,6584,南俊國際,2025,2,income_statement,淨利（淨損）歸屬於共同控制下前手權益,,--,otc,https://mopsov.twse.com.tw/mops/web/ajax_t163sb04
中游,伺服器滑軌與機殼,6584,南俊國際,2025,2,income_statement,淨利（淨損）歸屬於非控制權益,,--,otc,https://mopsov.twse.com.tw/mops/web/ajax_t163sb04
中游,伺服器滑軌與機殼,6584,南俊國際,2025,2,income_statement,綜合損益總額歸屬於母公司業主,32639,"32,639",otc,https://mopsov.twse.com.tw/mops/web/ajax_t163sb04
中游,伺服器滑軌與機殼,6584,南俊國際,2025,2,income_statement,綜合損益總額歸屬於共同控制下前手權益,,--,otc,https://mopsov.twse.com.tw/mops/web/ajax_t163sb04
中游,伺服器滑軌與機殼,6584,南俊國際,2025,2,income_statement,綜合損益總額歸屬於非控制權益,,--,otc,https://mopsov.twse.com.tw/mops/web/ajax_t163sb04
中游,伺服器滑軌與機殼,6584,南俊國際,2025,2,income_statement,基本每股盈餘（元）,1.12,1.12,otc,https://mopsov.twse.com.tw/mops/web/ajax_t163sb04
中游,伺服器滑軌與機殼,2059,川湖,2025,2,balance_sheet,流動資產,24628151,"24,628,151",sii,https://mopsov.twse.com.tw/mops/web/ajax_t163sb05
中游,伺服器滑軌與機殼,2059,川湖,2025,2,balance_sheet,非流動資產,4792507,"4,792,507",sii,https://mopsov.twse.com.tw/mops/web/ajax_t163sb05
中游,伺服器滑軌與機殼,2059,川湖,2025,2,balance_sheet,資產總計,29420658,"29,420,658",sii,https://mopsov.twse.com.tw/mops/web/ajax_t163sb05
中游,伺服器滑軌與機殼,2059,川湖,2025,2,balance_sheet,流動負債,6380114,"6,380,114",sii,https://mopsov.twse.com.tw/mops/web/ajax_t163sb05
中游,伺服器滑軌與機殼,2059,川湖,2025,2,balance_sheet,非流動負債,1783417,"1,783,417",sii,https://mopsov.twse.com.tw/mops/web/ajax_t163sb05
中游,伺服器滑軌與機殼,2059,川湖,2025,2,balance_sheet,負債總計,8163531,"8,163,531",sii,https://mopsov.twse.com.tw/mops/web/ajax_t163sb05
中游,伺服器滑軌與機殼,2059,川湖,2025,2,balance_sheet,股本,952971,"952,971",sii,https://mopsov.twse.com.tw/mops/web/ajax_t163sb05
中游,伺服器滑軌與機殼,2059,川湖,2025,2,balance_sheet,權益─具證券性質之虛擬通貨,,--,sii,https://mopsov.twse.com.tw/mops/web/ajax_t163sb05
中游,伺服器滑軌與機殼,2059,川湖,2025,2,balance_sheet,資本公積,796691,"796,691",sii,https://mopsov.twse.com.tw/mops/web/ajax_t163sb05
中游,伺服器滑軌與機殼,2059,川湖,2025,2,balance_sheet,保留盈餘,19556298,"19,556,298",sii,https://mopsov.twse.com.tw/mops/web/ajax_t163sb05
中游,伺服器滑軌與機殼,2059,川湖,2025,2,balance_sheet,其他權益,-48833,"-48,833",sii,https://mopsov.twse.com.tw/mops/web/ajax_t163sb05
中游,伺服器滑軌與機殼,2059,川湖,2025,2,balance_sheet,庫藏股票,0,0,sii,https://mopsov.twse.com.tw/mops/web/ajax_t163sb05
中游,伺服器滑軌與機殼,2059,川湖,2025,2,balance_sheet,歸屬於母公司業主之權益合計,21257127,"21,257,127",sii,https://mopsov.twse.com.tw/mops/web/ajax_t163sb05
中游,伺服器滑軌與機殼,2059,川湖,2025,2,balance_sheet,共同控制下前手權益,,--,sii,https://mopsov.twse.com.tw/mops/web/ajax_t163sb05
中游,伺服器滑軌與機殼,2059,川湖,2025,2,balance_sheet,合併前非屬共同控制股權,,--,sii,https://mopsov.twse.com.tw/mops/web/ajax_t163sb05
中游,伺服器滑軌與機殼,2059,川湖,2025,2,balance_sheet,非控制權益,0,0,sii,https://mopsov.twse.com.tw/mops/web/ajax_t163sb05
中游,伺服器滑軌與機殼,2059,川湖,2025,2,balance_sheet,權益總計,21257127,"21,257,127",sii,https://mopsov.twse.com.tw/mops/web/ajax_t163sb05
中游,伺服器滑軌與機殼,2059,川湖,2025,2,balance_sheet,待註銷股本股數（單位：股）,,--,sii,https://mopsov.twse.com.tw/mops/web/ajax_t163sb05
中游,伺服器滑軌與機殼,2059,川湖,2025,2,balance_sheet,預收股款（權益項下）之約當發行股數（單位：股）,0,0,sii,https://mopsov.twse.com.tw/mops/web/ajax_t163sb05
中游,伺服器滑軌與機殼,2059,川湖,2025,2,balance_sheet,母公司暨子公司所持有之母公司庫藏股股數（單位：股）,0,0,sii,https://mopsov.twse.com.tw/mops/web/ajax_t163sb05
中游,伺服器滑軌與機殼,2059,川湖,2025,2,balance_sheet,每股參考淨值,223.06,223.06,sii,https://mopsov.twse.com.tw/mops/web/ajax_t163sb05
中游,伺服器滑軌與機殼,8210,勤誠,2025,2,balance_sheet,流動資產,12886587,"12,886,587",sii,https://mopsov.twse.com.tw/mops/web/ajax_t163sb05
中游,伺服器滑軌與機殼,8210,勤誠,2025,2,balance_sheet,非流動資產,6377986,"6,377,986",sii,https://mopsov.twse.com.tw/mops/web/ajax_t163sb05
中游,伺服器滑軌與機殼,8210,勤誠,2025,2,balance_sheet,資產總計,19264573,"19,264,573",sii,https://mopsov.twse.com.tw/mops/web/ajax_t163sb05
中游,伺服器滑軌與機殼,8210,勤誠,2025,2,balance_sheet,流動負債,9234676,"9,234,676",sii,https://mopsov.twse.com.tw/mops/web/ajax_t163sb05
中游,伺服器滑軌與機殼,8210,勤誠,2025,2,balance_sheet,非流動負債,2519064,"2,519,064",sii,https://mopsov.twse.com.tw/mops/web/ajax_t163sb05
中游,伺服器滑軌與機殼,8210,勤誠,2025,2,balance_sheet,負債總計,11753740,"11,753,740",sii,https://mopsov.twse.com.tw/mops/web/ajax_t163sb05
中游,伺服器滑軌與機殼,8210,勤誠,2025,2,balance_sheet,股本,1210785,"1,210,785",sii,https://mopsov.twse.com.tw/mops/web/ajax_t163sb05
中游,伺服器滑軌與機殼,8210,勤誠,2025,2,balance_sheet,權益─具證券性質之虛擬通貨,,--,sii,https://mopsov.twse.com.tw/mops/web/ajax_t163sb05
中游,伺服器滑軌與機殼,8210,勤誠,2025,2,balance_sheet,資本公積,405914,"405,914",sii,https://mopsov.twse.com.tw/mops/web/ajax_t163sb05
中游,伺服器滑軌與機殼,8210,勤誠,2025,2,balance_sheet,保留盈餘,6279756,"6,279,756",sii,https://mopsov.twse.com.tw/mops/web/ajax_t163sb05
中游,伺服器滑軌與機殼,8210,勤誠,2025,2,balance_sheet,其他權益,-501712,"-501,712",sii,https://mopsov.twse.com.tw/mops/web/ajax_t163sb05
中游,伺服器滑軌與機殼,8210,勤誠,2025,2,balance_sheet,庫藏股票,,--,sii,https://mopsov.twse.com.tw/mops/web/ajax_t163sb05
中游,伺服器滑軌與機殼,8210,勤誠,2025,2,balance_sheet,歸屬於母公司業主之權益合計,7394743,"7,394,743",sii,https://mopsov.twse.com.tw/mops/web/ajax_t163sb05
中游,伺服器滑軌與機殼,8210,勤誠,2025,2,balance_sheet,共同控制下前手權益,,--,sii,https://mopsov.twse.com.tw/mops/web/ajax_t163sb05
中游,伺服器滑軌與機殼,8210,勤誠,2025,2,balance_sheet,合併前非屬共同控制股權,,--,sii,https://mopsov.twse.com.tw/mops/web/ajax_t163sb05
中游,伺服器滑軌與機殼,8210,勤誠,2025,2,balance_sheet,非控制權益,116090,"116,090",sii,https://mopsov.twse.com.tw/mops/web/ajax_t163sb05
中游,伺服器滑軌與機殼,8210,勤誠,2025,2,balance_sheet,權益總計,7510833,"7,510,833",sii,https://mopsov.twse.com.tw/mops/web/ajax_t163sb05
中游,伺服器滑軌與機殼,8210,勤誠,2025,2,balance_sheet,待註銷股本股數（單位：股）,0,0,sii,https://mopsov.twse.com.tw/mops/web/ajax_t163sb05
中游,伺服器滑軌與機殼,8210,勤誠,2025,2,balance_sheet,預收股款（權益項下）之約當發行股數（單位：股）,0,0,sii,https://mopsov.twse.com.tw/mops/web/ajax_t163sb05
中游,伺服器滑軌與機殼,8210,勤誠,2025,2,balance_sheet,母公司暨子公司所持有之母公司庫藏股股數（單位：股）,0,0,sii,https://mopsov.twse.com.tw/mops/web/ajax_t163sb05
中游,伺服器滑軌與機殼,8210,勤誠,2025,2,balance_sheet,每股參考淨值,61.12,61.12,sii,https://mopsov.twse.com.tw/mops/web/ajax_t163sb05
中游,伺服器滑軌與機殼,6584,南俊國際,2025,2,balance_sheet,流動資產,1251446,"1,251,446",otc,https://mopsov.twse.com.tw/mops/web/ajax_t163sb05
中游,伺服器滑軌與機殼,6584,南俊國際,2025,2,balance_sheet,非流動資產,2816881,"2,816,881",otc,https://mopsov.twse.com.tw/mops/web/ajax_t163sb05
中游,伺服器滑軌與機殼,6584,南俊國際,2025,2,balance_sheet,資產總計,4068327,"4,068,327",otc,https://mopsov.twse.com.tw/mops/web/ajax_t163sb05
中游,伺服器滑軌與機殼,6584,南俊國際,2025,2,balance_sheet,流動負債,602264,"602,264",otc,https://mopsov.twse.com.tw/mops/web/ajax_t163sb05
中游,伺服器滑軌與機殼,6584,南俊國際,2025,2,balance_sheet,非流動負債,1293350,"1,293,350",otc,https://mopsov.twse.com.tw/mops/web/ajax_t163sb05
中游,伺服器滑軌與機殼,6584,南俊國際,2025,2,balance_sheet,負債總計,1895614,"1,895,614",otc,https://mopsov.twse.com.tw/mops/web/ajax_t163sb05
中游,伺服器滑軌與機殼,6584,南俊國際,2025,2,balance_sheet,股本,659357,"659,357",otc,https://mopsov.twse.com.tw/mops/web/ajax_t163sb05
中游,伺服器滑軌與機殼,6584,南俊國際,2025,2,balance_sheet,權益─具證券性質之虛擬通貨,,--,otc,https://mopsov.twse.com.tw/mops/web/ajax_t163sb05
中游,伺服器滑軌與機殼,6584,南俊國際,2025,2,balance_sheet,資本公積,874746,"874,746",otc,https://mopsov.twse.com.tw/mops/web/ajax_t163sb05
中游,伺服器滑軌與機殼,6584,南俊國際,2025,2,balance_sheet,保留盈餘,704383,"704,383",otc,https://mopsov.twse.com.tw/mops/web/ajax_t163sb05
中游,伺服器滑軌與機殼,6584,南俊國際,2025,2,balance_sheet,其他權益,-63197,"-63,197",otc,https://mopsov.twse.com.tw/mops/web/ajax_t163sb05
中游,伺服器滑軌與機殼,6584,南俊國際,2025,2,balance_sheet,庫藏股票,-2576,"-2,576",otc,https://mopsov.twse.com.tw/mops/web/ajax_t163sb05
中游,伺服器滑軌與機殼,6584,南俊國際,2025,2,balance_sheet,歸屬於母公司業主之權益合計,2172713,"2,172,713",otc,https://mopsov.twse.com.tw/mops/web/ajax_t163sb05
中游,伺服器滑軌與機殼,6584,南俊國際,2025,2,balance_sheet,共同控制下前手權益,,--,otc,https://mopsov.twse.com.tw/mops/web/ajax_t163sb05
中游,伺服器滑軌與機殼,6584,南俊國際,2025,2,balance_sheet,合併前非屬共同控制股權,,--,otc,https://mopsov.twse.com.tw/mops/web/ajax_t163sb05
中游,伺服器滑軌與機殼,6584,南俊國際,2025,2,balance_sheet,非控制權益,,--,otc,https://mopsov.twse.com.tw/mops/web/ajax_t163sb05
中游,伺服器滑軌與機殼,6584,南俊國際,2025,2,balance_sheet,權益總計,2172713,"2,172,713",otc,https://mopsov.twse.com.tw/mops/web/ajax_t163sb05
中游,伺服器滑軌與機殼,6584,南俊國際,2025,2,balance_sheet,待註銷股本股數（單位：股）,0,0,otc,https://mopsov.twse.com.tw/mops/web/ajax_t163sb05
中游,伺服器滑軌與機殼,6584,南俊國際,2025,2,balance_sheet,預收股款（權益項下）之約當發行股數（單位：股）,0,0,otc,https://mopsov.twse.com.tw/mops/web/ajax_t163sb05
中游,伺服器滑軌與機殼,6584,南俊國際,2025,2,balance_sheet,母公司暨子公司所持有之母公司庫藏股股數（單位：股）,23000,"23,000",otc,https://mopsov.twse.com.tw/mops/web/ajax_t163sb05
中游,伺服器滑軌與機殼,6584,南俊國際,2025,2,balance_sheet,每股參考淨值,32.96,32.96,otc,https://mopsov.twse.com.tw/mops/web/ajax_t163sb05
中游,伺服器滑軌與機殼,2059,川湖,2025,2,cash_flow,營業活動之淨現金流入（流出）,4325575,"4,325,575",sii,https://mopsov.twse.com.tw/mops/web/ajax_t163sb20
中游,伺服器滑軌與機殼,2059,川湖,2025,2,cash_flow,投資活動之淨現金流入（流出）,-254949,"-254,949",sii,https://mopsov.twse.com.tw/mops/web/ajax_t163sb20
中游,伺服器滑軌與機殼,2059,川湖,2025,2,cash_flow,籌資活動之淨現金流入（流出）,-78020,"-78,020",sii,https://mopsov.twse.com.tw/mops/web/ajax_t163sb20
中游,伺服器滑軌與機殼,2059,川湖,2025,2,cash_flow,匯率變動對現金及約當現金之影響,-1775868,"-1,775,868",sii,https://mopsov.twse.com.tw/mops/web/ajax_t163sb20
中游,伺服器滑軌與機殼,2059,川湖,2025,2,cash_flow,本期現金及約當現金增加（減少）數,2216738,"2,216,738",sii,https://mopsov.twse.com.tw/mops/web/ajax_t163sb20
中游,伺服器滑軌與機殼,2059,川湖,2025,2,cash_flow,期初現金及約當現金餘額,17488354,"17,488,354",sii,https://mopsov.twse.com.tw/mops/web/ajax_t163sb20
中游,伺服器滑軌與機殼,2059,川湖,2025,2,cash_flow,期末現金及約當現金餘額,19705092,"19,705,092",sii,https://mopsov.twse.com.tw/mops/web/ajax_t163sb20
中游,伺服器滑軌與機殼,8210,勤誠,2025,2,cash_flow,營業活動之淨現金流入（流出）,1526699,"1,526,699",sii,https://mopsov.twse.com.tw/mops/web/ajax_t163sb20
中游,伺服器滑軌與機殼,8210,勤誠,2025,2,cash_flow,投資活動之淨現金流入（流出）,-34273,"-34,273",sii,https://mopsov.twse.com.tw/mops/web/ajax_t163sb20
中游,伺服器滑軌與機殼,8210,勤誠,2025,2,cash_flow,籌資活動之淨現金流入（流出）,98547,"98,547",sii,https://mopsov.twse.com.tw/mops/web/ajax_t163sb20
中游,伺服器滑軌與機殼,8210,勤誠,2025,2,cash_flow,匯率變動對現金及約當現金之影響,-320822,"-320,822",sii,https://mopsov.twse.com.tw/mops/web/ajax_t163sb20
中游,伺服器滑軌與機殼,8210,勤誠,2025,2,cash_flow,本期現金及約當現金增加（減少）數,1270151,"1,270,151",sii,https://mopsov.twse.com.tw/mops/web/ajax_t163sb20
中游,伺服器滑軌與機殼,8210,勤誠,2025,2,cash_flow,期初現金及約當現金餘額,3799819,"3,799,819",sii,https://mopsov.twse.com.tw/mops/web/ajax_t163sb20
中游,伺服器滑軌與機殼,8210,勤誠,2025,2,cash_flow,期末現金及約當現金餘額,5069970,"5,069,970",sii,https://mopsov.twse.com.tw/mops/web/ajax_t163sb20
中游,伺服器滑軌與機殼,6584,南俊國際,2025,2,cash_flow,營業活動之淨現金流入（流出）,22715,"22,715",otc,https://mopsov.twse.com.tw/mops/web/ajax_t163sb20
中游,伺服器滑軌與機殼,6584,南俊國際,2025,2,cash_flow,投資活動之淨現金流入（流出）,-86391,"-86,391",otc,https://mopsov.twse.com.tw/mops/web/ajax_t163sb20
中游,伺服器滑軌與機殼,6584,南俊國際,2025,2,cash_flow,籌資活動之淨現金流入（流出）,87895,"87,895",otc,https://mopsov.twse.com.tw/mops/web/ajax_t163sb20
中游,伺服器滑軌與機殼,6584,南俊國際,2025,2,cash_flow,匯率變動對現金及約當現金之影響,-7294,"-7,294",otc,https://mopsov.twse.com.tw/mops/web/ajax_t163sb20
中游,伺服器滑軌與機殼,6584,南俊國際,2025,2,cash_flow,本期現金及約當現金增加（減少）數,16925,"16,925",otc,https://mopsov.twse.com.tw/mops/web/ajax_t163sb20
中游,伺服器滑軌與機殼,6584,南俊國際,2025,2,cash_flow,期初現金及約當現金餘額,322082,"322,082",otc,https://mopsov.twse.com.tw/mops/web/ajax_t163sb20
中游,伺服器滑軌與機殼,6584,南俊國際,2025,2,cash_flow,期末現金及約當現金餘額,339007,"339,007",otc,https://mopsov.twse.com.tw/mops/web/ajax_t163sb20
中游,伺服器滑軌與機殼,2059,川湖,2025,3,income_statement,營業收入,12551587,"12,551,587",sii,https://mopsov.twse.com.tw/mops/web/ajax_t163sb04
中游,伺服器滑軌與機殼,2059,川湖,2025,3,income_statement,營業成本,3009126,"3,009,126",sii,https://mopsov.twse.com.tw/mops/web/ajax_t163sb04
中游,伺服器滑軌與機殼,2059,川湖,2025,3,income_statement,原始認列生物資產及農產品之利益（損失）,,--,sii,https://mopsov.twse.com.tw/mops/web/ajax_t163sb04
中游,伺服器滑軌與機殼,2059,川湖,2025,3,income_statement,生物資產當期公允價值減出售成本之變動利益（損失）,,--,sii,https://mopsov.twse.com.tw/mops/web/ajax_t163sb04
中游,伺服器滑軌與機殼,2059,川湖,2025,3,income_statement,營業毛利（毛損）,9542461,"9,542,461",sii,https://mopsov.twse.com.tw/mops/web/ajax_t163sb04
中游,伺服器滑軌與機殼,2059,川湖,2025,3,income_statement,未實現銷貨（損）益,,--,sii,https://mopsov.twse.com.tw/mops/web/ajax_t163sb04
中游,伺服器滑軌與機殼,2059,川湖,2025,3,income_statement,已實現銷貨（損）益,,--,sii,https://mopsov.twse.com.tw/mops/web/ajax_t163sb04
中游,伺服器滑軌與機殼,2059,川湖,2025,3,income_statement,營業毛利（毛損）淨額,9542461,"9,542,461",sii,https://mopsov.twse.com.tw/mops/web/ajax_t163sb04
中游,伺服器滑軌與機殼,2059,川湖,2025,3,income_statement,營業費用,878145,"878,145",sii,https://mopsov.twse.com.tw/mops/web/ajax_t163sb04
中游,伺服器滑軌與機殼,2059,川湖,2025,3,income_statement,其他收益及費損淨額,,--,sii,https://mopsov.twse.com.tw/mops/web/ajax_t163sb04
中游,伺服器滑軌與機殼,2059,川湖,2025,3,income_statement,營業利益（損失）,8664316,"8,664,316",sii,https://mopsov.twse.com.tw/mops/web/ajax_t163sb04
中游,伺服器滑軌與機殼,2059,川湖,2025,3,income_statement,營業外收入及支出,-635084,"-635,084",sii,https://mopsov.twse.com.tw/mops/web/ajax_t163sb04
中游,伺服器滑軌與機殼,2059,川湖,2025,3,income_statement,稅前淨利（淨損）,8029232,"8,029,232",sii,https://mopsov.twse.com.tw/mops/web/ajax_t163sb04
中游,伺服器滑軌與機殼,2059,川湖,2025,3,income_statement,所得稅費用（利益）,1706564,"1,706,564",sii,https://mopsov.twse.com.tw/mops/web/ajax_t163sb04
中游,伺服器滑軌與機殼,2059,川湖,2025,3,income_statement,繼續營業單位本期淨利（淨損）,6322668,"6,322,668",sii,https://mopsov.twse.com.tw/mops/web/ajax_t163sb04
中游,伺服器滑軌與機殼,2059,川湖,2025,3,income_statement,停業單位損益,,--,sii,https://mopsov.twse.com.tw/mops/web/ajax_t163sb04
中游,伺服器滑軌與機殼,2059,川湖,2025,3,income_statement,合併前非屬共同控制股權損益,,--,sii,https://mopsov.twse.com.tw/mops/web/ajax_t163sb04
中游,伺服器滑軌與機殼,2059,川湖,2025,3,income_statement,本期淨利（淨損）,6322668,"6,322,668",sii,https://mopsov.twse.com.tw/mops/web/ajax_t163sb04
中游,伺服器滑軌與機殼,2059,川湖,2025,3,income_statement,其他綜合損益（淨額）,-59437,"-59,437",sii,https://mopsov.twse.com.tw/mops/web/ajax_t163sb04
中游,伺服器滑軌與機殼,2059,川湖,2025,3,income_statement,合併前非屬共同控制股權綜合損益淨額,,--,sii,https://mopsov.twse.com.tw/mops/web/ajax_t163sb04
中游,伺服器滑軌與機殼,2059,川湖,2025,3,income_statement,本期綜合損益總額,6263231,"6,263,231",sii,https://mopsov.twse.com.tw/mops/web/ajax_t163sb04
中游,伺服器滑軌與機殼,2059,川湖,2025,3,income_statement,淨利（淨損）歸屬於母公司業主,6322668,"6,322,668",sii,https://mopsov.twse.com.tw/mops/web/ajax_t163sb04
中游,伺服器滑軌與機殼,2059,川湖,2025,3,income_statement,淨利（淨損）歸屬於共同控制下前手權益,,--,sii,https://mopsov.twse.com.tw/mops/web/ajax_t163sb04
中游,伺服器滑軌與機殼,2059,川湖,2025,3,income_statement,淨利（淨損）歸屬於非控制權益,,--,sii,https://mopsov.twse.com.tw/mops/web/ajax_t163sb04
中游,伺服器滑軌與機殼,2059,川湖,2025,3,income_statement,綜合損益總額歸屬於母公司業主,6263231,"6,263,231",sii,https://mopsov.twse.com.tw/mops/web/ajax_t163sb04
中游,伺服器滑軌與機殼,2059,川湖,2025,3,income_statement,綜合損益總額歸屬於共同控制下前手權益,,--,sii,https://mopsov.twse.com.tw/mops/web/ajax_t163sb04
中游,伺服器滑軌與機殼,2059,川湖,2025,3,income_statement,綜合損益總額歸屬於非控制權益,,--,sii,https://mopsov.twse.com.tw/mops/web/ajax_t163sb04
中游,伺服器滑軌與機殼,2059,川湖,2025,3,income_statement,基本每股盈餘（元）,66.35,66.35,sii,https://mopsov.twse.com.tw/mops/web/ajax_t163sb04
中游,伺服器滑軌與機殼,8210,勤誠,2025,3,income_statement,營業收入,15261339,"15,261,339",sii,https://mopsov.twse.com.tw/mops/web/ajax_t163sb04
中游,伺服器滑軌與機殼,8210,勤誠,2025,3,income_statement,營業成本,10658984,"10,658,984",sii,https://mopsov.twse.com.tw/mops/web/ajax_t163sb04
中游,伺服器滑軌與機殼,8210,勤誠,2025,3,income_statement,原始認列生物資產及農產品之利益（損失）,,--,sii,https://mopsov.twse.com.tw/mops/web/ajax_t163sb04
中游,伺服器滑軌與機殼,8210,勤誠,2025,3,income_statement,生物資產當期公允價值減出售成本之變動利益（損失）,,--,sii,https://mopsov.twse.com.tw/mops/web/ajax_t163sb04
中游,伺服器滑軌與機殼,8210,勤誠,2025,3,income_statement,營業毛利（毛損）,4602355,"4,602,355",sii,https://mopsov.twse.com.tw/mops/web/ajax_t163sb04
中游,伺服器滑軌與機殼,8210,勤誠,2025,3,income_statement,未實現銷貨（損）益,,--,sii,https://mopsov.twse.com.tw/mops/web/ajax_t163sb04
中游,伺服器滑軌與機殼,8210,勤誠,2025,3,income_statement,已實現銷貨（損）益,,--,sii,https://mopsov.twse.com.tw/mops/web/ajax_t163sb04
中游,伺服器滑軌與機殼,8210,勤誠,2025,3,income_statement,營業毛利（毛損）淨額,4602355,"4,602,355",sii,https://mopsov.twse.com.tw/mops/web/ajax_t163sb04
中游,伺服器滑軌與機殼,8210,勤誠,2025,3,income_statement,營業費用,1252764,"1,252,764",sii,https://mopsov.twse.com.tw/mops/web/ajax_t163sb04
中游,伺服器滑軌與機殼,8210,勤誠,2025,3,income_statement,其他收益及費損淨額,72591,"72,591",sii,https://mopsov.twse.com.tw/mops/web/ajax_t163sb04
中游,伺服器滑軌與機殼,8210,勤誠,2025,3,income_statement,營業利益（損失）,3422182,"3,422,182",sii,https://mopsov.twse.com.tw/mops/web/ajax_t163sb04
中游,伺服器滑軌與機殼,8210,勤誠,2025,3,income_statement,營業外收入及支出,-35054,"-35,054",sii,https://mopsov.twse.com.tw/mops/web/ajax_t163sb04
中游,伺服器滑軌與機殼,8210,勤誠,2025,3,income_statement,稅前淨利（淨損）,3387128,"3,387,128",sii,https://mopsov.twse.com.tw/mops/web/ajax_t163sb04
中游,伺服器滑軌與機殼,8210,勤誠,2025,3,income_statement,所得稅費用（利益）,835034,"835,034",sii,https://mopsov.twse.com.tw/mops/web/ajax_t163sb04
中游,伺服器滑軌與機殼,8210,勤誠,2025,3,income_statement,繼續營業單位本期淨利（淨損）,2552094,"2,552,094",sii,https://mopsov.twse.com.tw/mops/web/ajax_t163sb04
中游,伺服器滑軌與機殼,8210,勤誠,2025,3,income_statement,停業單位損益,,--,sii,https://mopsov.twse.com.tw/mops/web/ajax_t163sb04
中游,伺服器滑軌與機殼,8210,勤誠,2025,3,income_statement,合併前非屬共同控制股權損益,,--,sii,https://mopsov.twse.com.tw/mops/web/ajax_t163sb04
中游,伺服器滑軌與機殼,8210,勤誠,2025,3,income_statement,本期淨利（淨損）,2552094,"2,552,094",sii,https://mopsov.twse.com.tw/mops/web/ajax_t163sb04
中游,伺服器滑軌與機殼,8210,勤誠,2025,3,income_statement,其他綜合損益（淨額）,-231969,"-231,969",sii,https://mopsov.twse.com.tw/mops/web/ajax_t163sb04
中游,伺服器滑軌與機殼,8210,勤誠,2025,3,income_statement,合併前非屬共同控制股權綜合損益淨額,,--,sii,https://mopsov.twse.com.tw/mops/web/ajax_t163sb04
中游,伺服器滑軌與機殼,8210,勤誠,2025,3,income_statement,本期綜合損益總額,2320125,"2,320,125",sii,https://mopsov.twse.com.tw/mops/web/ajax_t163sb04
中游,伺服器滑軌與機殼,8210,勤誠,2025,3,income_statement,淨利（淨損）歸屬於母公司業主,2489062,"2,489,062",sii,https://mopsov.twse.com.tw/mops/web/ajax_t163sb04
中游,伺服器滑軌與機殼,8210,勤誠,2025,3,income_statement,淨利（淨損）歸屬於共同控制下前手權益,,--,sii,https://mopsov.twse.com.tw/mops/web/ajax_t163sb04
中游,伺服器滑軌與機殼,8210,勤誠,2025,3,income_statement,淨利（淨損）歸屬於非控制權益,63032,"63,032",sii,https://mopsov.twse.com.tw/mops/web/ajax_t163sb04
中游,伺服器滑軌與機殼,8210,勤誠,2025,3,income_statement,綜合損益總額歸屬於母公司業主,2257093,"2,257,093",sii,https://mopsov.twse.com.tw/mops/web/ajax_t163sb04
中游,伺服器滑軌與機殼,8210,勤誠,2025,3,income_statement,綜合損益總額歸屬於共同控制下前手權益,,--,sii,https://mopsov.twse.com.tw/mops/web/ajax_t163sb04
中游,伺服器滑軌與機殼,8210,勤誠,2025,3,income_statement,綜合損益總額歸屬於非控制權益,63032,"63,032",sii,https://mopsov.twse.com.tw/mops/web/ajax_t163sb04
中游,伺服器滑軌與機殼,8210,勤誠,2025,3,income_statement,基本每股盈餘（元）,20.45,20.45,sii,https://mopsov.twse.com.tw/mops/web/ajax_t163sb04
中游,伺服器滑軌與機殼,6584,南俊國際,2025,3,income_statement,營業收入,1722877,"1,722,877",otc,https://mopsov.twse.com.tw/mops/web/ajax_t163sb04
中游,伺服器滑軌與機殼,6584,南俊國際,2025,3,income_statement,營業成本,1149454,"1,149,454",otc,https://mopsov.twse.com.tw/mops/web/ajax_t163sb04
中游,伺服器滑軌與機殼,6584,南俊國際,2025,3,income_statement,原始認列生物資產及農產品之利益（損失）,,--,otc,https://mopsov.twse.com.tw/mops/web/ajax_t163sb04
中游,伺服器滑軌與機殼,6584,南俊國際,2025,3,income_statement,生物資產當期公允價值減出售成本之變動利益（損失）,,--,otc,https://mopsov.twse.com.tw/mops/web/ajax_t163sb04
中游,伺服器滑軌與機殼,6584,南俊國際,2025,3,income_statement,營業毛利（毛損）,573423,"573,423",otc,https://mopsov.twse.com.tw/mops/web/ajax_t163sb04
中游,伺服器滑軌與機殼,6584,南俊國際,2025,3,income_statement,未實現銷貨（損）益,,--,otc,https://mopsov.twse.com.tw/mops/web/ajax_t163sb04
中游,伺服器滑軌與機殼,6584,南俊國際,2025,3,income_statement,已實現銷貨（損）益,,--,otc,https://mopsov.twse.com.tw/mops/web/ajax_t163sb04
中游,伺服器滑軌與機殼,6584,南俊國際,2025,3,income_statement,營業毛利（毛損）淨額,573423,"573,423",otc,https://mopsov.twse.com.tw/mops/web/ajax_t163sb04
中游,伺服器滑軌與機殼,6584,南俊國際,2025,3,income_statement,營業費用,269098,"269,098",otc,https://mopsov.twse.com.tw/mops/web/ajax_t163sb04
中游,伺服器滑軌與機殼,6584,南俊國際,2025,3,income_statement,其他收益及費損淨額,,--,otc,https://mopsov.twse.com.tw/mops/web/ajax_t163sb04
中游,伺服器滑軌與機殼,6584,南俊國際,2025,3,income_statement,營業利益（損失）,304325,"304,325",otc,https://mopsov.twse.com.tw/mops/web/ajax_t163sb04
中游,伺服器滑軌與機殼,6584,南俊國際,2025,3,income_statement,營業外收入及支出,-12363,"-12,363",otc,https://mopsov.twse.com.tw/mops/web/ajax_t163sb04
中游,伺服器滑軌與機殼,6584,南俊國際,2025,3,income_statement,稅前淨利（淨損）,291962,"291,962",otc,https://mopsov.twse.com.tw/mops/web/ajax_t163sb04
中游,伺服器滑軌與機殼,6584,南俊國際,2025,3,income_statement,所得稅費用（利益）,88025,"88,025",otc,https://mopsov.twse.com.tw/mops/web/ajax_t163sb04
中游,伺服器滑軌與機殼,6584,南俊國際,2025,3,income_statement,繼續營業單位本期淨利（淨損）,203937,"203,937",otc,https://mopsov.twse.com.tw/mops/web/ajax_t163sb04
中游,伺服器滑軌與機殼,6584,南俊國際,2025,3,income_statement,停業單位損益,,--,otc,https://mopsov.twse.com.tw/mops/web/ajax_t163sb04
中游,伺服器滑軌與機殼,6584,南俊國際,2025,3,income_statement,合併前非屬共同控制股權損益,,--,otc,https://mopsov.twse.com.tw/mops/web/ajax_t163sb04
中游,伺服器滑軌與機殼,6584,南俊國際,2025,3,income_statement,本期淨利（淨損）,203937,"203,937",otc,https://mopsov.twse.com.tw/mops/web/ajax_t163sb04
中游,伺服器滑軌與機殼,6584,南俊國際,2025,3,income_statement,其他綜合損益（淨額）,-32337,"-32,337",otc,https://mopsov.twse.com.tw/mops/web/ajax_t163sb04
中游,伺服器滑軌與機殼,6584,南俊國際,2025,3,income_statement,合併前非屬共同控制股權綜合損益淨額,,--,otc,https://mopsov.twse.com.tw/mops/web/ajax_t163sb04
中游,伺服器滑軌與機殼,6584,南俊國際,2025,3,income_statement,本期綜合損益總額,171600,"171,600",otc,https://mopsov.twse.com.tw/mops/web/ajax_t163sb04
中游,伺服器滑軌與機殼,6584,南俊國際,2025,3,income_statement,淨利（淨損）歸屬於母公司業主,203937,"203,937",otc,https://mopsov.twse.com.tw/mops/web/ajax_t163sb04
中游,伺服器滑軌與機殼,6584,南俊國際,2025,3,income_statement,淨利（淨損）歸屬於共同控制下前手權益,,--,otc,https://mopsov.twse.com.tw/mops/web/ajax_t163sb04
中游,伺服器滑軌與機殼,6584,南俊國際,2025,3,income_statement,淨利（淨損）歸屬於非控制權益,,--,otc,https://mopsov.twse.com.tw/mops/web/ajax_t163sb04
中游,伺服器滑軌與機殼,6584,南俊國際,2025,3,income_statement,綜合損益總額歸屬於母公司業主,171600,"171,600",otc,https://mopsov.twse.com.tw/mops/web/ajax_t163sb04
中游,伺服器滑軌與機殼,6584,南俊國際,2025,3,income_statement,綜合損益總額歸屬於共同控制下前手權益,,--,otc,https://mopsov.twse.com.tw/mops/web/ajax_t163sb04
中游,伺服器滑軌與機殼,6584,南俊國際,2025,3,income_statement,綜合損益總額歸屬於非控制權益,,--,otc,https://mopsov.twse.com.tw/mops/web/ajax_t163sb04
中游,伺服器滑軌與機殼,6584,南俊國際,2025,3,income_statement,基本每股盈餘（元）,3.11,3.11,otc,https://mopsov.twse.com.tw/mops/web/ajax_t163sb04
中游,伺服器滑軌與機殼,2059,川湖,2025,3,balance_sheet,流動資產,25832377,"25,832,377",sii,https://mopsov.twse.com.tw/mops/web/ajax_t163sb05
中游,伺服器滑軌與機殼,2059,川湖,2025,3,balance_sheet,非流動資產,4623125,"4,623,125",sii,https://mopsov.twse.com.tw/mops/web/ajax_t163sb05
中游,伺服器滑軌與機殼,2059,川湖,2025,3,balance_sheet,資產總計,30455502,"30,455,502",sii,https://mopsov.twse.com.tw/mops/web/ajax_t163sb05
中游,伺服器滑軌與機殼,2059,川湖,2025,3,balance_sheet,流動負債,4216292,"4,216,292",sii,https://mopsov.twse.com.tw/mops/web/ajax_t163sb05
中游,伺服器滑軌與機殼,2059,川湖,2025,3,balance_sheet,非流動負債,1752182,"1,752,182",sii,https://mopsov.twse.com.tw/mops/web/ajax_t163sb05
中游,伺服器滑軌與機殼,2059,川湖,2025,3,balance_sheet,負債總計,5968474,"5,968,474",sii,https://mopsov.twse.com.tw/mops/web/ajax_t163sb05
中游,伺服器滑軌與機殼,2059,川湖,2025,3,balance_sheet,股本,952971,"952,971",sii,https://mopsov.twse.com.tw/mops/web/ajax_t163sb05
中游,伺服器滑軌與機殼,2059,川湖,2025,3,balance_sheet,權益─具證券性質之虛擬通貨,,--,sii,https://mopsov.twse.com.tw/mops/web/ajax_t163sb05
中游,伺服器滑軌與機殼,2059,川湖,2025,3,balance_sheet,資本公積,796691,"796,691",sii,https://mopsov.twse.com.tw/mops/web/ajax_t163sb05
中游,伺服器滑軌與機殼,2059,川湖,2025,3,balance_sheet,保留盈餘,22753390,"22,753,390",sii,https://mopsov.twse.com.tw/mops/web/ajax_t163sb05
中游,伺服器滑軌與機殼,2059,川湖,2025,3,balance_sheet,其他權益,-16024,"-16,024",sii,https://mopsov.twse.com.tw/mops/web/ajax_t163sb05
中游,伺服器滑軌與機殼,2059,川湖,2025,3,balance_sheet,庫藏股票,0,0,sii,https://mopsov.twse.com.tw/mops/web/ajax_t163sb05
中游,伺服器滑軌與機殼,2059,川湖,2025,3,balance_sheet,歸屬於母公司業主之權益合計,24487028,"24,487,028",sii,https://mopsov.twse.com.tw/mops/web/ajax_t163sb05
中游,伺服器滑軌與機殼,2059,川湖,2025,3,balance_sheet,共同控制下前手權益,,--,sii,https://mopsov.twse.com.tw/mops/web/ajax_t163sb05
中游,伺服器滑軌與機殼,2059,川湖,2025,3,balance_sheet,合併前非屬共同控制股權,,--,sii,https://mopsov.twse.com.tw/mops/web/ajax_t163sb05
中游,伺服器滑軌與機殼,2059,川湖,2025,3,balance_sheet,非控制權益,0,0,sii,https://mopsov.twse.com.tw/mops/web/ajax_t163sb05
中游,伺服器滑軌與機殼,2059,川湖,2025,3,balance_sheet,權益總計,24487028,"24,487,028",sii,https://mopsov.twse.com.tw/mops/web/ajax_t163sb05
中游,伺服器滑軌與機殼,2059,川湖,2025,3,balance_sheet,待註銷股本股數（單位：股）,,--,sii,https://mopsov.twse.com.tw/mops/web/ajax_t163sb05
中游,伺服器滑軌與機殼,2059,川湖,2025,3,balance_sheet,預收股款（權益項下）之約當發行股數（單位：股）,0,0,sii,https://mopsov.twse.com.tw/mops/web/ajax_t163sb05
中游,伺服器滑軌與機殼,2059,川湖,2025,3,balance_sheet,母公司暨子公司所持有之母公司庫藏股股數（單位：股）,0,0,sii,https://mopsov.twse.com.tw/mops/web/ajax_t163sb05
中游,伺服器滑軌與機殼,2059,川湖,2025,3,balance_sheet,每股參考淨值,256.95,256.95,sii,https://mopsov.twse.com.tw/mops/web/ajax_t163sb05
中游,伺服器滑軌與機殼,8210,勤誠,2025,3,balance_sheet,流動資產,14311380,"14,311,380",sii,https://mopsov.twse.com.tw/mops/web/ajax_t163sb05
中游,伺服器滑軌與機殼,8210,勤誠,2025,3,balance_sheet,非流動資產,6586972,"6,586,972",sii,https://mopsov.twse.com.tw/mops/web/ajax_t163sb05
中游,伺服器滑軌與機殼,8210,勤誠,2025,3,balance_sheet,資產總計,20898352,"20,898,352",sii,https://mopsov.twse.com.tw/mops/web/ajax_t163sb05
中游,伺服器滑軌與機殼,8210,勤誠,2025,3,balance_sheet,流動負債,9677112,"9,677,112",sii,https://mopsov.twse.com.tw/mops/web/ajax_t163sb05
中游,伺服器滑軌與機殼,8210,勤誠,2025,3,balance_sheet,非流動負債,1517899,"1,517,899",sii,https://mopsov.twse.com.tw/mops/web/ajax_t163sb05
中游,伺服器滑軌與機殼,8210,勤誠,2025,3,balance_sheet,負債總計,11195011,"11,195,011",sii,https://mopsov.twse.com.tw/mops/web/ajax_t163sb05
中游,伺服器滑軌與機殼,8210,勤誠,2025,3,balance_sheet,股本,1253192,"1,253,192",sii,https://mopsov.twse.com.tw/mops/web/ajax_t163sb05
中游,伺服器滑軌與機殼,8210,勤誠,2025,3,balance_sheet,權益─具證券性質之虛擬通貨,,--,sii,https://mopsov.twse.com.tw/mops/web/ajax_t163sb05
中游,伺服器滑軌與機殼,8210,勤誠,2025,3,balance_sheet,資本公積,1571586,"1,571,586",sii,https://mopsov.twse.com.tw/mops/web/ajax_t163sb05
中游,伺服器滑軌與機殼,8210,勤誠,2025,3,balance_sheet,保留盈餘,7273076,"7,273,076",sii,https://mopsov.twse.com.tw/mops/web/ajax_t163sb05
中游,伺服器滑軌與機殼,8210,勤誠,2025,3,balance_sheet,其他權益,-547107,"-547,107",sii,https://mopsov.twse.com.tw/mops/web/ajax_t163sb05
中游,伺服器滑軌與機殼,8210,勤誠,2025,3,balance_sheet,庫藏股票,,--,sii,https://mopsov.twse.com.tw/mops/web/ajax_t163sb05
中游,伺服器滑軌與機殼,8210,勤誠,2025,3,balance_sheet,歸屬於母公司業主之權益合計,9550747,"9,550,747",sii,https://mopsov.twse.com.tw/mops/web/ajax_t163sb05
中游,伺服器滑軌與機殼,8210,勤誠,2025,3,balance_sheet,共同控制下前手權益,,--,sii,https://mopsov.twse.com.tw/mops/web/ajax_t163sb05
中游,伺服器滑軌與機殼,8210,勤誠,2025,3,balance_sheet,合併前非屬共同控制股權,,--,sii,https://mopsov.twse.com.tw/mops/web/ajax_t163sb05
中游,伺服器滑軌與機殼,8210,勤誠,2025,3,balance_sheet,非控制權益,152594,"152,594",sii,https://mopsov.twse.com.tw/mops/web/ajax_t163sb05
中游,伺服器滑軌與機殼,8210,勤誠,2025,3,balance_sheet,權益總計,9703341,"9,703,341",sii,https://mopsov.twse.com.tw/mops/web/ajax_t163sb05
中游,伺服器滑軌與機殼,8210,勤誠,2025,3,balance_sheet,待註銷股本股數（單位：股）,0,0,sii,https://mopsov.twse.com.tw/mops/web/ajax_t163sb05
中游,伺服器滑軌與機殼,8210,勤誠,2025,3,balance_sheet,預收股款（權益項下）之約當發行股數（單位：股）,0,0,sii,https://mopsov.twse.com.tw/mops/web/ajax_t163sb05
中游,伺服器滑軌與機殼,8210,勤誠,2025,3,balance_sheet,母公司暨子公司所持有之母公司庫藏股股數（單位：股）,0,0,sii,https://mopsov.twse.com.tw/mops/web/ajax_t163sb05
中游,伺服器滑軌與機殼,8210,勤誠,2025,3,balance_sheet,每股參考淨值,78.56,78.56,sii,https://mopsov.twse.com.tw/mops/web/ajax_t163sb05
中游,伺服器滑軌與機殼,6584,南俊國際,2025,3,balance_sheet,流動資產,1610080,"1,610,080",otc,https://mopsov.twse.com.tw/mops/web/ajax_t163sb05
中游,伺服器滑軌與機殼,6584,南俊國際,2025,3,balance_sheet,非流動資產,2811798,"2,811,798",otc,https://mopsov.twse.com.tw/mops/web/ajax_t163sb05
中游,伺服器滑軌與機殼,6584,南俊國際,2025,3,balance_sheet,資產總計,4421878,"4,421,878",otc,https://mopsov.twse.com.tw/mops/web/ajax_t163sb05
中游,伺服器滑軌與機殼,6584,南俊國際,2025,3,balance_sheet,流動負債,848104,"848,104",otc,https://mopsov.twse.com.tw/mops/web/ajax_t163sb05
中游,伺服器滑軌與機殼,6584,南俊國際,2025,3,balance_sheet,非流動負債,1116572,"1,116,572",otc,https://mopsov.twse.com.tw/mops/web/ajax_t163sb05
中游,伺服器滑軌與機殼,6584,南俊國際,2025,3,balance_sheet,負債總計,1964676,"1,964,676",otc,https://mopsov.twse.com.tw/mops/web/ajax_t163sb05
中游,伺服器滑軌與機殼,6584,南俊國際,2025,3,balance_sheet,股本,667625,"667,625",otc,https://mopsov.twse.com.tw/mops/web/ajax_t163sb05
中游,伺服器滑軌與機殼,6584,南俊國際,2025,3,balance_sheet,權益─具證券性質之虛擬通貨,,--,otc,https://mopsov.twse.com.tw/mops/web/ajax_t163sb05
中游,伺服器滑軌與機殼,6584,南俊國際,2025,3,balance_sheet,資本公積,1007846,"1,007,846",otc,https://mopsov.twse.com.tw/mops/web/ajax_t163sb05
中游,伺服器滑軌與機殼,6584,南俊國際,2025,3,balance_sheet,保留盈餘,834648,"834,648",otc,https://mopsov.twse.com.tw/mops/web/ajax_t163sb05
中游,伺服器滑軌與機殼,6584,南俊國際,2025,3,balance_sheet,其他權益,-50341,"-50,341",otc,https://mopsov.twse.com.tw/mops/web/ajax_t163sb05
中游,伺服器滑軌與機殼,6584,南俊國際,2025,3,balance_sheet,庫藏股票,-2576,"-2,576",otc,https://mopsov.twse.com.tw/mops/web/ajax_t163sb05
中游,伺服器滑軌與機殼,6584,南俊國際,2025,3,balance_sheet,歸屬於母公司業主之權益合計,2457202,"2,457,202",otc,https://mopsov.twse.com.tw/mops/web/ajax_t163sb05
中游,伺服器滑軌與機殼,6584,南俊國際,2025,3,balance_sheet,共同控制下前手權益,,--,otc,https://mopsov.twse.com.tw/mops/web/ajax_t163sb05
中游,伺服器滑軌與機殼,6584,南俊國際,2025,3,balance_sheet,合併前非屬共同控制股權,,--,otc,https://mopsov.twse.com.tw/mops/web/ajax_t163sb05
中游,伺服器滑軌與機殼,6584,南俊國際,2025,3,balance_sheet,非控制權益,,--,otc,https://mopsov.twse.com.tw/mops/web/ajax_t163sb05
中游,伺服器滑軌與機殼,6584,南俊國際,2025,3,balance_sheet,權益總計,2457202,"2,457,202",otc,https://mopsov.twse.com.tw/mops/web/ajax_t163sb05
中游,伺服器滑軌與機殼,6584,南俊國際,2025,3,balance_sheet,待註銷股本股數（單位：股）,0,0,otc,https://mopsov.twse.com.tw/mops/web/ajax_t163sb05
中游,伺服器滑軌與機殼,6584,南俊國際,2025,3,balance_sheet,預收股款（權益項下）之約當發行股數（單位：股）,0,0,otc,https://mopsov.twse.com.tw/mops/web/ajax_t163sb05
中游,伺服器滑軌與機殼,6584,南俊國際,2025,3,balance_sheet,母公司暨子公司所持有之母公司庫藏股股數（單位：股）,23000,"23,000",otc,https://mopsov.twse.com.tw/mops/web/ajax_t163sb05
中游,伺服器滑軌與機殼,6584,南俊國際,2025,3,balance_sheet,每股參考淨值,36.82,36.82,otc,https://mopsov.twse.com.tw/mops/web/ajax_t163sb05
中游,伺服器滑軌與機殼,2059,川湖,2025,3,cash_flow,營業活動之淨現金流入（流出）,7088052,"7,088,052",sii,https://mopsov.twse.com.tw/mops/web/ajax_t163sb20
中游,伺服器滑軌與機殼,2059,川湖,2025,3,cash_flow,投資活動之淨現金流入（流出）,-359241,"-359,241",sii,https://mopsov.twse.com.tw/mops/web/ajax_t163sb20
中游,伺服器滑軌與機殼,2059,川湖,2025,3,cash_flow,籌資活動之淨現金流入（流出）,-3185641,"-3,185,641",sii,https://mopsov.twse.com.tw/mops/web/ajax_t163sb20
中游,伺服器滑軌與機殼,2059,川湖,2025,3,cash_flow,匯率變動對現金及約當現金之影響,-1063692,"-1,063,692",sii,https://mopsov.twse.com.tw/mops/web/ajax_t163sb20
中游,伺服器滑軌與機殼,2059,川湖,2025,3,cash_flow,本期現金及約當現金增加（減少）數,2479478,"2,479,478",sii,https://mopsov.twse.com.tw/mops/web/ajax_t163sb20
中游,伺服器滑軌與機殼,2059,川湖,2025,3,cash_flow,期初現金及約當現金餘額,17488354,"17,488,354",sii,https://mopsov.twse.com.tw/mops/web/ajax_t163sb20
中游,伺服器滑軌與機殼,2059,川湖,2025,3,cash_flow,期末現金及約當現金餘額,19967832,"19,967,832",sii,https://mopsov.twse.com.tw/mops/web/ajax_t163sb20
中游,伺服器滑軌與機殼,8210,勤誠,2025,3,cash_flow,營業活動之淨現金流入（流出）,1947850,"1,947,850",sii,https://mopsov.twse.com.tw/mops/web/ajax_t163sb20
中游,伺服器滑軌與機殼,8210,勤誠,2025,3,cash_flow,投資活動之淨現金流入（流出）,-414001,"-414,001",sii,https://mopsov.twse.com.tw/mops/web/ajax_t163sb20
中游,伺服器滑軌與機殼,8210,勤誠,2025,3,cash_flow,籌資活動之淨現金流入（流出）,-809239,"-809,239",sii,https://mopsov.twse.com.tw/mops/web/ajax_t163sb20
中游,伺服器滑軌與機殼,8210,勤誠,2025,3,cash_flow,匯率變動對現金及約當現金之影響,-177516,"-177,516",sii,https://mopsov.twse.com.tw/mops/web/ajax_t163sb20
中游,伺服器滑軌與機殼,8210,勤誠,2025,3,cash_flow,本期現金及約當現金增加（減少）數,547094,"547,094",sii,https://mopsov.twse.com.tw/mops/web/ajax_t163sb20
中游,伺服器滑軌與機殼,8210,勤誠,2025,3,cash_flow,期初現金及約當現金餘額,3799819,"3,799,819",sii,https://mopsov.twse.com.tw/mops/web/ajax_t163sb20
中游,伺服器滑軌與機殼,8210,勤誠,2025,3,cash_flow,期末現金及約當現金餘額,4346913,"4,346,913",sii,https://mopsov.twse.com.tw/mops/web/ajax_t163sb20
中游,伺服器滑軌與機殼,6584,南俊國際,2025,3,cash_flow,營業活動之淨現金流入（流出）,156147,"156,147",otc,https://mopsov.twse.com.tw/mops/web/ajax_t163sb20
中游,伺服器滑軌與機殼,6584,南俊國際,2025,3,cash_flow,投資活動之淨現金流入（流出）,-103659,"-103,659",otc,https://mopsov.twse.com.tw/mops/web/ajax_t163sb20
中游,伺服器滑軌與機殼,6584,南俊國際,2025,3,cash_flow,籌資活動之淨現金流入（流出）,266706,"266,706",otc,https://mopsov.twse.com.tw/mops/web/ajax_t163sb20
中游,伺服器滑軌與機殼,6584,南俊國際,2025,3,cash_flow,匯率變動對現金及約當現金之影響,-5438,"-5,438",otc,https://mopsov.twse.com.tw/mops/web/ajax_t163sb20
中游,伺服器滑軌與機殼,6584,南俊國際,2025,3,cash_flow,本期現金及約當現金增加（減少）數,313756,"313,756",otc,https://mopsov.twse.com.tw/mops/web/ajax_t163sb20
中游,伺服器滑軌與機殼,6584,南俊國際,2025,3,cash_flow,期初現金及約當現金餘額,322082,"322,082",otc,https://mopsov.twse.com.tw/mops/web/ajax_t163sb20
中游,伺服器滑軌與機殼,6584,南俊國際,2025,3,cash_flow,期末現金及約當現金餘額,635838,"635,838",otc,https://mopsov.twse.com.tw/mops/web/ajax_t163sb20
中游,伺服器滑軌與機殼,2059,川湖,2025,4,income_statement,營業收入,17500695,"17,500,695",sii,https://mopsov.twse.com.tw/mops/web/ajax_t163sb04
中游,伺服器滑軌與機殼,2059,川湖,2025,4,income_statement,營業成本,4191919,"4,191,919",sii,https://mopsov.twse.com.tw/mops/web/ajax_t163sb04
中游,伺服器滑軌與機殼,2059,川湖,2025,4,income_statement,原始認列生物資產及農產品之利益（損失）,,--,sii,https://mopsov.twse.com.tw/mops/web/ajax_t163sb04
中游,伺服器滑軌與機殼,2059,川湖,2025,4,income_statement,生物資產當期公允價值減出售成本之變動利益（損失）,,--,sii,https://mopsov.twse.com.tw/mops/web/ajax_t163sb04
中游,伺服器滑軌與機殼,2059,川湖,2025,4,income_statement,營業毛利（毛損）,13308776,"13,308,776",sii,https://mopsov.twse.com.tw/mops/web/ajax_t163sb04
中游,伺服器滑軌與機殼,2059,川湖,2025,4,income_statement,未實現銷貨（損）益,,--,sii,https://mopsov.twse.com.tw/mops/web/ajax_t163sb04
中游,伺服器滑軌與機殼,2059,川湖,2025,4,income_statement,已實現銷貨（損）益,,--,sii,https://mopsov.twse.com.tw/mops/web/ajax_t163sb04
中游,伺服器滑軌與機殼,2059,川湖,2025,4,income_statement,營業毛利（毛損）淨額,13308776,"13,308,776",sii,https://mopsov.twse.com.tw/mops/web/ajax_t163sb04
中游,伺服器滑軌與機殼,2059,川湖,2025,4,income_statement,營業費用,1220199,"1,220,199",sii,https://mopsov.twse.com.tw/mops/web/ajax_t163sb04
中游,伺服器滑軌與機殼,2059,川湖,2025,4,income_statement,其他收益及費損淨額,,--,sii,https://mopsov.twse.com.tw/mops/web/ajax_t163sb04
中游,伺服器滑軌與機殼,2059,川湖,2025,4,income_statement,營業利益（損失）,12088577,"12,088,577",sii,https://mopsov.twse.com.tw/mops/web/ajax_t163sb04
中游,伺服器滑軌與機殼,2059,川湖,2025,4,income_statement,營業外收入及支出,334552,"334,552",sii,https://mopsov.twse.com.tw/mops/web/ajax_t163sb04
中游,伺服器滑軌與機殼,2059,川湖,2025,4,income_statement,稅前淨利（淨損）,12423129,"12,423,129",sii,https://mopsov.twse.com.tw/mops/web/ajax_t163sb04
中游,伺服器滑軌與機殼,2059,川湖,2025,4,income_statement,所得稅費用（利益）,2586062,"2,586,062",sii,https://mopsov.twse.com.tw/mops/web/ajax_t163sb04
中游,伺服器滑軌與機殼,2059,川湖,2025,4,income_statement,繼續營業單位本期淨利（淨損）,9837067,"9,837,067",sii,https://mopsov.twse.com.tw/mops/web/ajax_t163sb04
中游,伺服器滑軌與機殼,2059,川湖,2025,4,income_statement,停業單位損益,,--,sii,https://mopsov.twse.com.tw/mops/web/ajax_t163sb04
中游,伺服器滑軌與機殼,2059,川湖,2025,4,income_statement,合併前非屬共同控制股權損益,,--,sii,https://mopsov.twse.com.tw/mops/web/ajax_t163sb04
中游,伺服器滑軌與機殼,2059,川湖,2025,4,income_statement,本期淨利（淨損）,9837067,"9,837,067",sii,https://mopsov.twse.com.tw/mops/web/ajax_t163sb04
中游,伺服器滑軌與機殼,2059,川湖,2025,4,income_statement,其他綜合損益（淨額）,-34905,"-34,905",sii,https://mopsov.twse.com.tw/mops/web/ajax_t163sb04
中游,伺服器滑軌與機殼,2059,川湖,2025,4,income_statement,合併前非屬共同控制股權綜合損益淨額,,--,sii,https://mopsov.twse.com.tw/mops/web/ajax_t163sb04
中游,伺服器滑軌與機殼,2059,川湖,2025,4,income_statement,本期綜合損益總額,9802162,"9,802,162",sii,https://mopsov.twse.com.tw/mops/web/ajax_t163sb04
中游,伺服器滑軌與機殼,2059,川湖,2025,4,income_statement,淨利（淨損）歸屬於母公司業主,9837067,"9,837,067",sii,https://mopsov.twse.com.tw/mops/web/ajax_t163sb04
中游,伺服器滑軌與機殼,2059,川湖,2025,4,income_statement,淨利（淨損）歸屬於共同控制下前手權益,,--,sii,https://mopsov.twse.com.tw/mops/web/ajax_t163sb04
中游,伺服器滑軌與機殼,2059,川湖,2025,4,income_statement,淨利（淨損）歸屬於非控制權益,,--,sii,https://mopsov.twse.com.tw/mops/web/ajax_t163sb04
中游,伺服器滑軌與機殼,2059,川湖,2025,4,income_statement,綜合損益總額歸屬於母公司業主,9802162,"9,802,162",sii,https://mopsov.twse.com.tw/mops/web/ajax_t163sb04
中游,伺服器滑軌與機殼,2059,川湖,2025,4,income_statement,綜合損益總額歸屬於共同控制下前手權益,,--,sii,https://mopsov.twse.com.tw/mops/web/ajax_t163sb04
中游,伺服器滑軌與機殼,2059,川湖,2025,4,income_statement,綜合損益總額歸屬於非控制權益,,--,sii,https://mopsov.twse.com.tw/mops/web/ajax_t163sb04
中游,伺服器滑軌與機殼,2059,川湖,2025,4,income_statement,基本每股盈餘（元）,103.23,103.23,sii,https://mopsov.twse.com.tw/mops/web/ajax_t163sb04
中游,伺服器滑軌與機殼,8210,勤誠,2025,4,income_statement,營業收入,22001340,"22,001,340",sii,https://mopsov.twse.com.tw/mops/web/ajax_t163sb04
中游,伺服器滑軌與機殼,8210,勤誠,2025,4,income_statement,營業成本,15407205,"15,407,205",sii,https://mopsov.twse.com.tw/mops/web/ajax_t163sb04
中游,伺服器滑軌與機殼,8210,勤誠,2025,4,income_statement,原始認列生物資產及農產品之利益（損失）,,--,sii,https://mopsov.twse.com.tw/mops/web/ajax_t163sb04
中游,伺服器滑軌與機殼,8210,勤誠,2025,4,income_statement,生物資產當期公允價值減出售成本之變動利益（損失）,,--,sii,https://mopsov.twse.com.tw/mops/web/ajax_t163sb04
中游,伺服器滑軌與機殼,8210,勤誠,2025,4,income_statement,營業毛利（毛損）,6594135,"6,594,135",sii,https://mopsov.twse.com.tw/mops/web/ajax_t163sb04
中游,伺服器滑軌與機殼,8210,勤誠,2025,4,income_statement,未實現銷貨（損）益,,--,sii,https://mopsov.twse.com.tw/mops/web/ajax_t163sb04
中游,伺服器滑軌與機殼,8210,勤誠,2025,4,income_statement,已實現銷貨（損）益,,--,sii,https://mopsov.twse.com.tw/mops/web/ajax_t163sb04
中游,伺服器滑軌與機殼,8210,勤誠,2025,4,income_statement,營業毛利（毛損）淨額,6594135,"6,594,135",sii,https://mopsov.twse.com.tw/mops/web/ajax_t163sb04
中游,伺服器滑軌與機殼,8210,勤誠,2025,4,income_statement,營業費用,1892623,"1,892,623",sii,https://mopsov.twse.com.tw/mops/web/ajax_t163sb04
中游,伺服器滑軌與機殼,8210,勤誠,2025,4,income_statement,其他收益及費損淨額,65921,"65,921",sii,https://mopsov.twse.com.tw/mops/web/ajax_t163sb04
中游,伺服器滑軌與機殼,8210,勤誠,2025,4,income_statement,營業利益（損失）,4767433,"4,767,433",sii,https://mopsov.twse.com.tw/mops/web/ajax_t163sb04
中游,伺服器滑軌與機殼,8210,勤誠,2025,4,income_statement,營業外收入及支出,64578,"64,578",sii,https://mopsov.twse.com.tw/mops/web/ajax_t163sb04
中游,伺服器滑軌與機殼,8210,勤誠,2025,4,income_statement,稅前淨利（淨損）,4832011,"4,832,011",sii,https://mopsov.twse.com.tw/mops/web/ajax_t163sb04
中游,伺服器滑軌與機殼,8210,勤誠,2025,4,income_statement,所得稅費用（利益）,1171373,"1,171,373",sii,https://mopsov.twse.com.tw/mops/web/ajax_t163sb04
中游,伺服器滑軌與機殼,8210,勤誠,2025,4,income_statement,繼續營業單位本期淨利（淨損）,3660638,"3,660,638",sii,https://mopsov.twse.com.tw/mops/web/ajax_t163sb04
中游,伺服器滑軌與機殼,8210,勤誠,2025,4,income_statement,停業單位損益,,--,sii,https://mopsov.twse.com.tw/mops/web/ajax_t163sb04
中游,伺服器滑軌與機殼,8210,勤誠,2025,4,income_statement,合併前非屬共同控制股權損益,,--,sii,https://mopsov.twse.com.tw/mops/web/ajax_t163sb04
中游,伺服器滑軌與機殼,8210,勤誠,2025,4,income_statement,本期淨利（淨損）,3660638,"3,660,638",sii,https://mopsov.twse.com.tw/mops/web/ajax_t163sb04
中游,伺服器滑軌與機殼,8210,勤誠,2025,4,income_statement,其他綜合損益（淨額）,-17131,"-17,131",sii,https://mopsov.twse.com.tw/mops/web/ajax_t163sb04
中游,伺服器滑軌與機殼,8210,勤誠,2025,4,income_statement,合併前非屬共同控制股權綜合損益淨額,,--,sii,https://mopsov.twse.com.tw/mops/web/ajax_t163sb04
中游,伺服器滑軌與機殼,8210,勤誠,2025,4,income_statement,本期綜合損益總額,3643507,"3,643,507",sii,https://mopsov.twse.com.tw/mops/web/ajax_t163sb04
中游,伺服器滑軌與機殼,8210,勤誠,2025,4,income_statement,淨利（淨損）歸屬於母公司業主,3558344,"3,558,344",sii,https://mopsov.twse.com.tw/mops/web/ajax_t163sb04
中游,伺服器滑軌與機殼,8210,勤誠,2025,4,income_statement,淨利（淨損）歸屬於共同控制下前手權益,,--,sii,https://mopsov.twse.com.tw/mops/web/ajax_t163sb04
中游,伺服器滑軌與機殼,8210,勤誠,2025,4,income_statement,淨利（淨損）歸屬於非控制權益,102294,"102,294",sii,https://mopsov.twse.com.tw/mops/web/ajax_t163sb04
中游,伺服器滑軌與機殼,8210,勤誠,2025,4,income_statement,綜合損益總額歸屬於母公司業主,3541213,"3,541,213",sii,https://mopsov.twse.com.tw/mops/web/ajax_t163sb04
中游,伺服器滑軌與機殼,8210,勤誠,2025,4,income_statement,綜合損益總額歸屬於共同控制下前手權益,,--,sii,https://mopsov.twse.com.tw/mops/web/ajax_t163sb04
中游,伺服器滑軌與機殼,8210,勤誠,2025,4,income_statement,綜合損益總額歸屬於非控制權益,102294,"102,294",sii,https://mopsov.twse.com.tw/mops/web/ajax_t163sb04
中游,伺服器滑軌與機殼,8210,勤誠,2025,4,income_statement,基本每股盈餘（元）,29.06,29.06,sii,https://mopsov.twse.com.tw/mops/web/ajax_t163sb04
中游,伺服器滑軌與機殼,6584,南俊國際,2025,4,income_statement,營業收入,2432925,"2,432,925",otc,https://mopsov.twse.com.tw/mops/web/ajax_t163sb04
中游,伺服器滑軌與機殼,6584,南俊國際,2025,4,income_statement,營業成本,1581608,"1,581,608",otc,https://mopsov.twse.com.tw/mops/web/ajax_t163sb04
中游,伺服器滑軌與機殼,6584,南俊國際,2025,4,income_statement,原始認列生物資產及農產品之利益（損失）,,--,otc,https://mopsov.twse.com.tw/mops/web/ajax_t163sb04
中游,伺服器滑軌與機殼,6584,南俊國際,2025,4,income_statement,生物資產當期公允價值減出售成本之變動利益（損失）,,--,otc,https://mopsov.twse.com.tw/mops/web/ajax_t163sb04
中游,伺服器滑軌與機殼,6584,南俊國際,2025,4,income_statement,營業毛利（毛損）,851317,"851,317",otc,https://mopsov.twse.com.tw/mops/web/ajax_t163sb04
中游,伺服器滑軌與機殼,6584,南俊國際,2025,4,income_statement,未實現銷貨（損）益,,--,otc,https://mopsov.twse.com.tw/mops/web/ajax_t163sb04
中游,伺服器滑軌與機殼,6584,南俊國際,2025,4,income_statement,已實現銷貨（損）益,,--,otc,https://mopsov.twse.com.tw/mops/web/ajax_t163sb04
中游,伺服器滑軌與機殼,6584,南俊國際,2025,4,income_statement,營業毛利（毛損）淨額,851317,"851,317",otc,https://mopsov.twse.com.tw/mops/web/ajax_t163sb04
中游,伺服器滑軌與機殼,6584,南俊國際,2025,4,income_statement,營業費用,366934,"366,934",otc,https://mopsov.twse.com.tw/mops/web/ajax_t163sb04
中游,伺服器滑軌與機殼,6584,南俊國際,2025,4,income_statement,其他收益及費損淨額,,--,otc,https://mopsov.twse.com.tw/mops/web/ajax_t163sb04
中游,伺服器滑軌與機殼,6584,南俊國際,2025,4,income_statement,營業利益（損失）,484383,"484,383",otc,https://mopsov.twse.com.tw/mops/web/ajax_t163sb04
中游,伺服器滑軌與機殼,6584,南俊國際,2025,4,income_statement,營業外收入及支出,47572,"47,572",otc,https://mopsov.twse.com.tw/mops/web/ajax_t163sb04
中游,伺服器滑軌與機殼,6584,南俊國際,2025,4,income_statement,稅前淨利（淨損）,531955,"531,955",otc,https://mopsov.twse.com.tw/mops/web/ajax_t163sb04
中游,伺服器滑軌與機殼,6584,南俊國際,2025,4,income_statement,所得稅費用（利益）,161971,"161,971",otc,https://mopsov.twse.com.tw/mops/web/ajax_t163sb04
中游,伺服器滑軌與機殼,6584,南俊國際,2025,4,income_statement,繼續營業單位本期淨利（淨損）,369984,"369,984",otc,https://mopsov.twse.com.tw/mops/web/ajax_t163sb04
中游,伺服器滑軌與機殼,6584,南俊國際,2025,4,income_statement,停業單位損益,,--,otc,https://mopsov.twse.com.tw/mops/web/ajax_t163sb04
中游,伺服器滑軌與機殼,6584,南俊國際,2025,4,income_statement,合併前非屬共同控制股權損益,,--,otc,https://mopsov.twse.com.tw/mops/web/ajax_t163sb04
中游,伺服器滑軌與機殼,6584,南俊國際,2025,4,income_statement,本期淨利（淨損）,369984,"369,984",otc,https://mopsov.twse.com.tw/mops/web/ajax_t163sb04
中游,伺服器滑軌與機殼,6584,南俊國際,2025,4,income_statement,其他綜合損益（淨額）,-20671,"-20,671",otc,https://mopsov.twse.com.tw/mops/web/ajax_t163sb04
中游,伺服器滑軌與機殼,6584,南俊國際,2025,4,income_statement,合併前非屬共同控制股權綜合損益淨額,,--,otc,https://mopsov.twse.com.tw/mops/web/ajax_t163sb04
中游,伺服器滑軌與機殼,6584,南俊國際,2025,4,income_statement,本期綜合損益總額,349313,"349,313",otc,https://mopsov.twse.com.tw/mops/web/ajax_t163sb04
中游,伺服器滑軌與機殼,6584,南俊國際,2025,4,income_statement,淨利（淨損）歸屬於母公司業主,369984,"369,984",otc,https://mopsov.twse.com.tw/mops/web/ajax_t163sb04
中游,伺服器滑軌與機殼,6584,南俊國際,2025,4,income_statement,淨利（淨損）歸屬於共同控制下前手權益,,--,otc,https://mopsov.twse.com.tw/mops/web/ajax_t163sb04
中游,伺服器滑軌與機殼,6584,南俊國際,2025,4,income_statement,淨利（淨損）歸屬於非控制權益,,--,otc,https://mopsov.twse.com.tw/mops/web/ajax_t163sb04
中游,伺服器滑軌與機殼,6584,南俊國際,2025,4,income_statement,綜合損益總額歸屬於母公司業主,349313,"349,313",otc,https://mopsov.twse.com.tw/mops/web/ajax_t163sb04
中游,伺服器滑軌與機殼,6584,南俊國際,2025,4,income_statement,綜合損益總額歸屬於共同控制下前手權益,,--,otc,https://mopsov.twse.com.tw/mops/web/ajax_t163sb04
中游,伺服器滑軌與機殼,6584,南俊國際,2025,4,income_statement,綜合損益總額歸屬於非控制權益,,--,otc,https://mopsov.twse.com.tw/mops/web/ajax_t163sb04
中游,伺服器滑軌與機殼,6584,南俊國際,2025,4,income_statement,基本每股盈餘（元）,5.59,5.59,otc,https://mopsov.twse.com.tw/mops/web/ajax_t163sb04
中游,伺服器滑軌與機殼,2059,川湖,2025,4,balance_sheet,流動資產,29989968,"29,989,968",sii,https://mopsov.twse.com.tw/mops/web/ajax_t163sb05
中游,伺服器滑軌與機殼,2059,川湖,2025,4,balance_sheet,非流動資產,5093468,"5,093,468",sii,https://mopsov.twse.com.tw/mops/web/ajax_t163sb05
中游,伺服器滑軌與機殼,2059,川湖,2025,4,balance_sheet,資產總計,35083436,"35,083,436",sii,https://mopsov.twse.com.tw/mops/web/ajax_t163sb05
中游,伺服器滑軌與機殼,2059,川湖,2025,4,balance_sheet,流動負債,5366945,"5,366,945",sii,https://mopsov.twse.com.tw/mops/web/ajax_t163sb05
中游,伺服器滑軌與機殼,2059,川湖,2025,4,balance_sheet,非流動負債,1690532,"1,690,532",sii,https://mopsov.twse.com.tw/mops/web/ajax_t163sb05
中游,伺服器滑軌與機殼,2059,川湖,2025,4,balance_sheet,負債總計,7057477,"7,057,477",sii,https://mopsov.twse.com.tw/mops/web/ajax_t163sb05
中游,伺服器滑軌與機殼,2059,川湖,2025,4,balance_sheet,股本,952971,"952,971",sii,https://mopsov.twse.com.tw/mops/web/ajax_t163sb05
中游,伺服器滑軌與機殼,2059,川湖,2025,4,balance_sheet,權益─具證券性質之虛擬通貨,,--,sii,https://mopsov.twse.com.tw/mops/web/ajax_t163sb05
中游,伺服器滑軌與機殼,2059,川湖,2025,4,balance_sheet,資本公積,796691,"796,691",sii,https://mopsov.twse.com.tw/mops/web/ajax_t163sb05
中游,伺服器滑軌與機殼,2059,川湖,2025,4,balance_sheet,保留盈餘,26263649,"26,263,649",sii,https://mopsov.twse.com.tw/mops/web/ajax_t163sb05
中游,伺服器滑軌與機殼,2059,川湖,2025,4,balance_sheet,其他權益,12648,"12,648",sii,https://mopsov.twse.com.tw/mops/web/ajax_t163sb05
中游,伺服器滑軌與機殼,2059,川湖,2025,4,balance_sheet,庫藏股票,,--,sii,https://mopsov.twse.com.tw/mops/web/ajax_t163sb05
中游,伺服器滑軌與機殼,2059,川湖,2025,4,balance_sheet,歸屬於母公司業主之權益合計,28025959,"28,025,959",sii,https://mopsov.twse.com.tw/mops/web/ajax_t163sb05
中游,伺服器滑軌與機殼,2059,川湖,2025,4,balance_sheet,共同控制下前手權益,,--,sii,https://mopsov.twse.com.tw/mops/web/ajax_t163sb05
中游,伺服器滑軌與機殼,2059,川湖,2025,4,balance_sheet,合併前非屬共同控制股權,,--,sii,https://mopsov.twse.com.tw/mops/web/ajax_t163sb05
中游,伺服器滑軌與機殼,2059,川湖,2025,4,balance_sheet,非控制權益,,--,sii,https://mopsov.twse.com.tw/mops/web/ajax_t163sb05
中游,伺服器滑軌與機殼,2059,川湖,2025,4,balance_sheet,權益總計,28025959,"28,025,959",sii,https://mopsov.twse.com.tw/mops/web/ajax_t163sb05
中游,伺服器滑軌與機殼,2059,川湖,2025,4,balance_sheet,待註銷股本股數（單位：股）,,--,sii,https://mopsov.twse.com.tw/mops/web/ajax_t163sb05
中游,伺服器滑軌與機殼,2059,川湖,2025,4,balance_sheet,預收股款（權益項下）之約當發行股數（單位：股）,0,0,sii,https://mopsov.twse.com.tw/mops/web/ajax_t163sb05
中游,伺服器滑軌與機殼,2059,川湖,2025,4,balance_sheet,母公司暨子公司所持有之母公司庫藏股股數（單位：股）,0,0,sii,https://mopsov.twse.com.tw/mops/web/ajax_t163sb05
中游,伺服器滑軌與機殼,2059,川湖,2025,4,balance_sheet,每股參考淨值,294.09,294.09,sii,https://mopsov.twse.com.tw/mops/web/ajax_t163sb05
中游,伺服器滑軌與機殼,8210,勤誠,2025,4,balance_sheet,流動資產,16583214,"16,583,214",sii,https://mopsov.twse.com.tw/mops/web/ajax_t163sb05
中游,伺服器滑軌與機殼,8210,勤誠,2025,4,balance_sheet,非流動資產,6873141,"6,873,141",sii,https://mopsov.twse.com.tw/mops/web/ajax_t163sb05
中游,伺服器滑軌與機殼,8210,勤誠,2025,4,balance_sheet,資產總計,23456355,"23,456,355",sii,https://mopsov.twse.com.tw/mops/web/ajax_t163sb05
中游,伺服器滑軌與機殼,8210,勤誠,2025,4,balance_sheet,流動負債,10913574,"10,913,574",sii,https://mopsov.twse.com.tw/mops/web/ajax_t163sb05
中游,伺服器滑軌與機殼,8210,勤誠,2025,4,balance_sheet,非流動負債,1466073,"1,466,073",sii,https://mopsov.twse.com.tw/mops/web/ajax_t163sb05
中游,伺服器滑軌與機殼,8210,勤誠,2025,4,balance_sheet,負債總計,12379647,"12,379,647",sii,https://mopsov.twse.com.tw/mops/web/ajax_t163sb05
中游,伺服器滑軌與機殼,8210,勤誠,2025,4,balance_sheet,股本,1253192,"1,253,192",sii,https://mopsov.twse.com.tw/mops/web/ajax_t163sb05
中游,伺服器滑軌與機殼,8210,勤誠,2025,4,balance_sheet,權益─具證券性質之虛擬通貨,,--,sii,https://mopsov.twse.com.tw/mops/web/ajax_t163sb05
中游,伺服器滑軌與機殼,8210,勤誠,2025,4,balance_sheet,資本公積,1571586,"1,571,586",sii,https://mopsov.twse.com.tw/mops/web/ajax_t163sb05
中游,伺服器滑軌與機殼,8210,勤誠,2025,4,balance_sheet,保留盈餘,8343857,"8,343,857",sii,https://mopsov.twse.com.tw/mops/web/ajax_t163sb05
中游,伺服器滑軌與機殼,8210,勤誠,2025,4,balance_sheet,其他權益,-283783,"-283,783",sii,https://mopsov.twse.com.tw/mops/web/ajax_t163sb05
中游,伺服器滑軌與機殼,8210,勤誠,2025,4,balance_sheet,庫藏股票,,--,sii,https://mopsov.twse.com.tw/mops/web/ajax_t163sb05
中游,伺服器滑軌與機殼,8210,勤誠,2025,4,balance_sheet,歸屬於母公司業主之權益合計,10884852,"10,884,852",sii,https://mopsov.twse.com.tw/mops/web/ajax_t163sb05
中游,伺服器滑軌與機殼,8210,勤誠,2025,4,balance_sheet,共同控制下前手權益,,--,sii,https://mopsov.twse.com.tw/mops/web/ajax_t163sb05
中游,伺服器滑軌與機殼,8210,勤誠,2025,4,balance_sheet,合併前非屬共同控制股權,,--,sii,https://mopsov.twse.com.tw/mops/web/ajax_t163sb05
中游,伺服器滑軌與機殼,8210,勤誠,2025,4,balance_sheet,非控制權益,191856,"191,856",sii,https://mopsov.twse.com.tw/mops/web/ajax_t163sb05
中游,伺服器滑軌與機殼,8210,勤誠,2025,4,balance_sheet,權益總計,11076708,"11,076,708",sii,https://mopsov.twse.com.tw/mops/web/ajax_t163sb05
中游,伺服器滑軌與機殼,8210,勤誠,2025,4,balance_sheet,待註銷股本股數（單位：股）,0,0,sii,https://mopsov.twse.com.tw/mops/web/ajax_t163sb05
中游,伺服器滑軌與機殼,8210,勤誠,2025,4,balance_sheet,預收股款（權益項下）之約當發行股數（單位：股）,0,0,sii,https://mopsov.twse.com.tw/mops/web/ajax_t163sb05
中游,伺服器滑軌與機殼,8210,勤誠,2025,4,balance_sheet,母公司暨子公司所持有之母公司庫藏股股數（單位：股）,0,0,sii,https://mopsov.twse.com.tw/mops/web/ajax_t163sb05
中游,伺服器滑軌與機殼,8210,勤誠,2025,4,balance_sheet,每股參考淨值,86.86,86.86,sii,https://mopsov.twse.com.tw/mops/web/ajax_t163sb05
中游,伺服器滑軌與機殼,6584,南俊國際,2025,4,balance_sheet,流動資產,1577033,"1,577,033",otc,https://mopsov.twse.com.tw/mops/web/ajax_t163sb05
中游,伺服器滑軌與機殼,6584,南俊國際,2025,4,balance_sheet,非流動資產,2809453,"2,809,453",otc,https://mopsov.twse.com.tw/mops/web/ajax_t163sb05
中游,伺服器滑軌與機殼,6584,南俊國際,2025,4,balance_sheet,資產總計,4386486,"4,386,486",otc,https://mopsov.twse.com.tw/mops/web/ajax_t163sb05
中游,伺服器滑軌與機殼,6584,南俊國際,2025,4,balance_sheet,流動負債,653251,"653,251",otc,https://mopsov.twse.com.tw/mops/web/ajax_t163sb05
中游,伺服器滑軌與機殼,6584,南俊國際,2025,4,balance_sheet,非流動負債,589581,"589,581",otc,https://mopsov.twse.com.tw/mops/web/ajax_t163sb05
中游,伺服器滑軌與機殼,6584,南俊國際,2025,4,balance_sheet,負債總計,1242832,"1,242,832",otc,https://mopsov.twse.com.tw/mops/web/ajax_t163sb05
中游,伺服器滑軌與機殼,6584,南俊國際,2025,4,balance_sheet,股本,696644,"696,644",otc,https://mopsov.twse.com.tw/mops/web/ajax_t163sb05
中游,伺服器滑軌與機殼,6584,南俊國際,2025,4,balance_sheet,權益─具證券性質之虛擬通貨,,--,otc,https://mopsov.twse.com.tw/mops/web/ajax_t163sb05
中游,伺服器滑軌與機殼,6584,南俊國際,2025,4,balance_sheet,資本公積,1483407,"1,483,407",otc,https://mopsov.twse.com.tw/mops/web/ajax_t163sb05
中游,伺服器滑軌與機殼,6584,南俊國際,2025,4,balance_sheet,保留盈餘,998225,"998,225",otc,https://mopsov.twse.com.tw/mops/web/ajax_t163sb05
中游,伺服器滑軌與機殼,6584,南俊國際,2025,4,balance_sheet,其他權益,-32046,"-32,046",otc,https://mopsov.twse.com.tw/mops/web/ajax_t163sb05
中游,伺服器滑軌與機殼,6584,南俊國際,2025,4,balance_sheet,庫藏股票,-2576,"-2,576",otc,https://mopsov.twse.com.tw/mops/web/ajax_t163sb05
中游,伺服器滑軌與機殼,6584,南俊國際,2025,4,balance_sheet,歸屬於母公司業主之權益合計,3143654,"3,143,654",otc,https://mopsov.twse.com.tw/mops/web/ajax_t163sb05
中游,伺服器滑軌與機殼,6584,南俊國際,2025,4,balance_sheet,共同控制下前手權益,,--,otc,https://mopsov.twse.com.tw/mops/web/ajax_t163sb05
中游,伺服器滑軌與機殼,6584,南俊國際,2025,4,balance_sheet,合併前非屬共同控制股權,,--,otc,https://mopsov.twse.com.tw/mops/web/ajax_t163sb05
中游,伺服器滑軌與機殼,6584,南俊國際,2025,4,balance_sheet,非控制權益,,--,otc,https://mopsov.twse.com.tw/mops/web/ajax_t163sb05
中游,伺服器滑軌與機殼,6584,南俊國際,2025,4,balance_sheet,權益總計,3143654,"3,143,654",otc,https://mopsov.twse.com.tw/mops/web/ajax_t163sb05
中游,伺服器滑軌與機殼,6584,南俊國際,2025,4,balance_sheet,待註銷股本股數（單位：股）,0,0,otc,https://mopsov.twse.com.tw/mops/web/ajax_t163sb05
中游,伺服器滑軌與機殼,6584,南俊國際,2025,4,balance_sheet,預收股款（權益項下）之約當發行股數（單位：股）,0,0,otc,https://mopsov.twse.com.tw/mops/web/ajax_t163sb05
中游,伺服器滑軌與機殼,6584,南俊國際,2025,4,balance_sheet,母公司暨子公司所持有之母公司庫藏股股數（單位：股）,23000,"23,000",otc,https://mopsov.twse.com.tw/mops/web/ajax_t163sb05
中游,伺服器滑軌與機殼,6584,南俊國際,2025,4,balance_sheet,每股參考淨值,45.14,45.14,otc,https://mopsov.twse.com.tw/mops/web/ajax_t163sb05
中游,伺服器滑軌與機殼,2059,川湖,2025,4,cash_flow,營業活動之淨現金流入（流出）,11333685,"11,333,685",sii,https://mopsov.twse.com.tw/mops/web/ajax_t163sb20
中游,伺服器滑軌與機殼,2059,川湖,2025,4,cash_flow,投資活動之淨現金流入（流出）,-926810,"-926,810",sii,https://mopsov.twse.com.tw/mops/web/ajax_t163sb20
中游,伺服器滑軌與機殼,2059,川湖,2025,4,cash_flow,籌資活動之淨現金流入（流出）,-3363157,"-3,363,157",sii,https://mopsov.twse.com.tw/mops/web/ajax_t163sb20
中游,伺服器滑軌與機殼,2059,川湖,2025,4,cash_flow,匯率變動對現金及約當現金之影響,-452452,"-452,452",sii,https://mopsov.twse.com.tw/mops/web/ajax_t163sb20
中游,伺服器滑軌與機殼,2059,川湖,2025,4,cash_flow,本期現金及約當現金增加（減少）數,6591266,"6,591,266",sii,https://mopsov.twse.com.tw/mops/web/ajax_t163sb20
中游,伺服器滑軌與機殼,2059,川湖,2025,4,cash_flow,期初現金及約當現金餘額,17488354,"17,488,354",sii,https://mopsov.twse.com.tw/mops/web/ajax_t163sb20
中游,伺服器滑軌與機殼,2059,川湖,2025,4,cash_flow,期末現金及約當現金餘額,24079620,"24,079,620",sii,https://mopsov.twse.com.tw/mops/web/ajax_t163sb20
中游,伺服器滑軌與機殼,8210,勤誠,2025,4,cash_flow,營業活動之淨現金流入（流出）,3086926,"3,086,926",sii,https://mopsov.twse.com.tw/mops/web/ajax_t163sb20
中游,伺服器滑軌與機殼,8210,勤誠,2025,4,cash_flow,投資活動之淨現金流入（流出）,-493266,"-493,266",sii,https://mopsov.twse.com.tw/mops/web/ajax_t163sb20
中游,伺服器滑軌與機殼,8210,勤誠,2025,4,cash_flow,籌資活動之淨現金流入（流出）,-704683,"-704,683",sii,https://mopsov.twse.com.tw/mops/web/ajax_t163sb20
中游,伺服器滑軌與機殼,8210,勤誠,2025,4,cash_flow,匯率變動對現金及約當現金之影響,-509,-509,sii,https://mopsov.twse.com.tw/mops/web/ajax_t163sb20
中游,伺服器滑軌與機殼,8210,勤誠,2025,4,cash_flow,本期現金及約當現金增加（減少）數,1888468,"1,888,468",sii,https://mopsov.twse.com.tw/mops/web/ajax_t163sb20
中游,伺服器滑軌與機殼,8210,勤誠,2025,4,cash_flow,期初現金及約當現金餘額,3799819,"3,799,819",sii,https://mopsov.twse.com.tw/mops/web/ajax_t163sb20
中游,伺服器滑軌與機殼,8210,勤誠,2025,4,cash_flow,期末現金及約當現金餘額,5688287,"5,688,287",sii,https://mopsov.twse.com.tw/mops/web/ajax_t163sb20
中游,伺服器滑軌與機殼,6584,南俊國際,2025,4,cash_flow,營業活動之淨現金流入（流出）,340518,"340,518",otc,https://mopsov.twse.com.tw/mops/web/ajax_t163sb20
中游,伺服器滑軌與機殼,6584,南俊國際,2025,4,cash_flow,投資活動之淨現金流入（流出）,-131213,"-131,213",otc,https://mopsov.twse.com.tw/mops/web/ajax_t163sb20
中游,伺服器滑軌與機殼,6584,南俊國際,2025,4,cash_flow,籌資活動之淨現金流入（流出）,-61926,"-61,926",otc,https://mopsov.twse.com.tw/mops/web/ajax_t163sb20
中游,伺服器滑軌與機殼,6584,南俊國際,2025,4,cash_flow,匯率變動對現金及約當現金之影響,-2289,"-2,289",otc,https://mopsov.twse.com.tw/mops/web/ajax_t163sb20
中游,伺服器滑軌與機殼,6584,南俊國際,2025,4,cash_flow,本期現金及約當現金增加（減少）數,145090,"145,090",otc,https://mopsov.twse.com.tw/mops/web/ajax_t163sb20
中游,伺服器滑軌與機殼,6584,南俊國際,2025,4,cash_flow,期初現金及約當現金餘額,322082,"322,082",otc,https://mopsov.twse.com.tw/mops/web/ajax_t163sb20
中游,伺服器滑軌與機殼,6584,南俊國際,2025,4,cash_flow,期末現金及約當現金餘額,467172,"467,172",otc,https://mopsov.twse.com.tw/mops/web/ajax_t163sb20
中游,伺服器滑軌與機殼,2059,川湖,2026,1,income_statement,營業收入,5449725,"5,449,725",sii,https://mopsov.twse.com.tw/mops/web/ajax_t163sb04
中游,伺服器滑軌與機殼,2059,川湖,2026,1,income_statement,營業成本,1213110,"1,213,110",sii,https://mopsov.twse.com.tw/mops/web/ajax_t163sb04
中游,伺服器滑軌與機殼,2059,川湖,2026,1,income_statement,原始認列生物資產及農產品之利益（損失）,,--,sii,https://mopsov.twse.com.tw/mops/web/ajax_t163sb04
中游,伺服器滑軌與機殼,2059,川湖,2026,1,income_statement,生物資產當期公允價值減出售成本之變動利益（損失）,,--,sii,https://mopsov.twse.com.tw/mops/web/ajax_t163sb04
中游,伺服器滑軌與機殼,2059,川湖,2026,1,income_statement,營業毛利（毛損）,4236615,"4,236,615",sii,https://mopsov.twse.com.tw/mops/web/ajax_t163sb04
中游,伺服器滑軌與機殼,2059,川湖,2026,1,income_statement,未實現銷貨（損）益,,--,sii,https://mopsov.twse.com.tw/mops/web/ajax_t163sb04
中游,伺服器滑軌與機殼,2059,川湖,2026,1,income_statement,已實現銷貨（損）益,,--,sii,https://mopsov.twse.com.tw/mops/web/ajax_t163sb04
中游,伺服器滑軌與機殼,2059,川湖,2026,1,income_statement,營業毛利（毛損）淨額,4236615,"4,236,615",sii,https://mopsov.twse.com.tw/mops/web/ajax_t163sb04
中游,伺服器滑軌與機殼,2059,川湖,2026,1,income_statement,營業費用,582266,"582,266",sii,https://mopsov.twse.com.tw/mops/web/ajax_t163sb04
中游,伺服器滑軌與機殼,2059,川湖,2026,1,income_statement,其他收益及費損淨額,,--,sii,https://mopsov.twse.com.tw/mops/web/ajax_t163sb04
中游,伺服器滑軌與機殼,2059,川湖,2026,1,income_statement,營業利益（損失）,3654349,"3,654,349",sii,https://mopsov.twse.com.tw/mops/web/ajax_t163sb04
中游,伺服器滑軌與機殼,2059,川湖,2026,1,income_statement,營業外收入及支出,697411,"697,411",sii,https://mopsov.twse.com.tw/mops/web/ajax_t163sb04
中游,伺服器滑軌與機殼,2059,川湖,2026,1,income_statement,稅前淨利（淨損）,4351760,"4,351,760",sii,https://mopsov.twse.com.tw/mops/web/ajax_t163sb04
中游,伺服器滑軌與機殼,2059,川湖,2026,1,income_statement,所得稅費用（利益）,865950,"865,950",sii,https://mopsov.twse.com.tw/mops/web/ajax_t163sb04
中游,伺服器滑軌與機殼,2059,川湖,2026,1,income_statement,繼續營業單位本期淨利（淨損）,3485810,"3,485,810",sii,https://mopsov.twse.com.tw/mops/web/ajax_t163sb04
中游,伺服器滑軌與機殼,2059,川湖,2026,1,income_statement,停業單位損益,,--,sii,https://mopsov.twse.com.tw/mops/web/ajax_t163sb04
中游,伺服器滑軌與機殼,2059,川湖,2026,1,income_statement,合併前非屬共同控制股權損益,,--,sii,https://mopsov.twse.com.tw/mops/web/ajax_t163sb04
中游,伺服器滑軌與機殼,2059,川湖,2026,1,income_statement,本期淨利（淨損）,3485810,"3,485,810",sii,https://mopsov.twse.com.tw/mops/web/ajax_t163sb04
中游,伺服器滑軌與機殼,2059,川湖,2026,1,income_statement,其他綜合損益（淨額）,16874,"16,874",sii,https://mopsov.twse.com.tw/mops/web/ajax_t163sb04
中游,伺服器滑軌與機殼,2059,川湖,2026,1,income_statement,合併前非屬共同控制股權綜合損益淨額,,--,sii,https://mopsov.twse.com.tw/mops/web/ajax_t163sb04
中游,伺服器滑軌與機殼,2059,川湖,2026,1,income_statement,本期綜合損益總額,3502684,"3,502,684",sii,https://mopsov.twse.com.tw/mops/web/ajax_t163sb04
中游,伺服器滑軌與機殼,2059,川湖,2026,1,income_statement,淨利（淨損）歸屬於母公司業主,3485810,"3,485,810",sii,https://mopsov.twse.com.tw/mops/web/ajax_t163sb04
中游,伺服器滑軌與機殼,2059,川湖,2026,1,income_statement,淨利（淨損）歸屬於共同控制下前手權益,,--,sii,https://mopsov.twse.com.tw/mops/web/ajax_t163sb04
中游,伺服器滑軌與機殼,2059,川湖,2026,1,income_statement,淨利（淨損）歸屬於非控制權益,,--,sii,https://mopsov.twse.com.tw/mops/web/ajax_t163sb04
中游,伺服器滑軌與機殼,2059,川湖,2026,1,income_statement,綜合損益總額歸屬於母公司業主,3502684,"3,502,684",sii,https://mopsov.twse.com.tw/mops/web/ajax_t163sb04
中游,伺服器滑軌與機殼,2059,川湖,2026,1,income_statement,綜合損益總額歸屬於共同控制下前手權益,,--,sii,https://mopsov.twse.com.tw/mops/web/ajax_t163sb04
中游,伺服器滑軌與機殼,2059,川湖,2026,1,income_statement,綜合損益總額歸屬於非控制權益,,--,sii,https://mopsov.twse.com.tw/mops/web/ajax_t163sb04
中游,伺服器滑軌與機殼,2059,川湖,2026,1,income_statement,基本每股盈餘（元）,36.58,36.58,sii,https://mopsov.twse.com.tw/mops/web/ajax_t163sb04
中游,伺服器滑軌與機殼,8210,勤誠,2026,1,income_statement,營業收入,7107292,"7,107,292",sii,https://mopsov.twse.com.tw/mops/web/ajax_t163sb04
中游,伺服器滑軌與機殼,8210,勤誠,2026,1,income_statement,營業成本,4774202,"4,774,202",sii,https://mopsov.twse.com.tw/mops/web/ajax_t163sb04
中游,伺服器滑軌與機殼,8210,勤誠,2026,1,income_statement,原始認列生物資產及農產品之利益（損失）,,--,sii,https://mopsov.twse.com.tw/mops/web/ajax_t163sb04
中游,伺服器滑軌與機殼,8210,勤誠,2026,1,income_statement,生物資產當期公允價值減出售成本之變動利益（損失）,,--,sii,https://mopsov.twse.com.tw/mops/web/ajax_t163sb04
中游,伺服器滑軌與機殼,8210,勤誠,2026,1,income_statement,營業毛利（毛損）,2333090,"2,333,090",sii,https://mopsov.twse.com.tw/mops/web/ajax_t163sb04
中游,伺服器滑軌與機殼,8210,勤誠,2026,1,income_statement,未實現銷貨（損）益,,--,sii,https://mopsov.twse.com.tw/mops/web/ajax_t163sb04
中游,伺服器滑軌與機殼,8210,勤誠,2026,1,income_statement,已實現銷貨（損）益,,--,sii,https://mopsov.twse.com.tw/mops/web/ajax_t163sb04
中游,伺服器滑軌與機殼,8210,勤誠,2026,1,income_statement,營業毛利（毛損）淨額,2333090,"2,333,090",sii,https://mopsov.twse.com.tw/mops/web/ajax_t163sb04
中游,伺服器滑軌與機殼,8210,勤誠,2026,1,income_statement,營業費用,563576,"563,576",sii,https://mopsov.twse.com.tw/mops/web/ajax_t163sb04
中游,伺服器滑軌與機殼,8210,勤誠,2026,1,income_statement,其他收益及費損淨額,9782,"9,782",sii,https://mopsov.twse.com.tw/mops/web/ajax_t163sb04
中游,伺服器滑軌與機殼,8210,勤誠,2026,1,income_statement,營業利益（損失）,1779296,"1,779,296",sii,https://mopsov.twse.com.tw/mops/web/ajax_t163sb04
中游,伺服器滑軌與機殼,8210,勤誠,2026,1,income_statement,營業外收入及支出,12583,"12,583",sii,https://mopsov.twse.com.tw/mops/web/ajax_t163sb04
中游,伺服器滑軌與機殼,8210,勤誠,2026,1,income_statement,稅前淨利（淨損）,1791879,"1,791,879",sii,https://mopsov.twse.com.tw/mops/web/ajax_t163sb04
中游,伺服器滑軌與機殼,8210,勤誠,2026,1,income_statement,所得稅費用（利益）,426874,"426,874",sii,https://mopsov.twse.com.tw/mops/web/ajax_t163sb04
中游,伺服器滑軌與機殼,8210,勤誠,2026,1,income_statement,繼續營業單位本期淨利（淨損）,1365005,"1,365,005",sii,https://mopsov.twse.com.tw/mops/web/ajax_t163sb04
中游,伺服器滑軌與機殼,8210,勤誠,2026,1,income_statement,停業單位損益,,--,sii,https://mopsov.twse.com.tw/mops/web/ajax_t163sb04
中游,伺服器滑軌與機殼,8210,勤誠,2026,1,income_statement,合併前非屬共同控制股權損益,,--,sii,https://mopsov.twse.com.tw/mops/web/ajax_t163sb04
中游,伺服器滑軌與機殼,8210,勤誠,2026,1,income_statement,本期淨利（淨損）,1365005,"1,365,005",sii,https://mopsov.twse.com.tw/mops/web/ajax_t163sb04
中游,伺服器滑軌與機殼,8210,勤誠,2026,1,income_statement,其他綜合損益（淨額）,141454,"141,454",sii,https://mopsov.twse.com.tw/mops/web/ajax_t163sb04
中游,伺服器滑軌與機殼,8210,勤誠,2026,1,income_statement,合併前非屬共同控制股權綜合損益淨額,,--,sii,https://mopsov.twse.com.tw/mops/web/ajax_t163sb04
中游,伺服器滑軌與機殼,8210,勤誠,2026,1,income_statement,本期綜合損益總額,1506459,"1,506,459",sii,https://mopsov.twse.com.tw/mops/web/ajax_t163sb04
中游,伺服器滑軌與機殼,8210,勤誠,2026,1,income_statement,淨利（淨損）歸屬於母公司業主,1335961,"1,335,961",sii,https://mopsov.twse.com.tw/mops/web/ajax_t163sb04
中游,伺服器滑軌與機殼,8210,勤誠,2026,1,income_statement,淨利（淨損）歸屬於共同控制下前手權益,,--,sii,https://mopsov.twse.com.tw/mops/web/ajax_t163sb04
中游,伺服器滑軌與機殼,8210,勤誠,2026,1,income_statement,淨利（淨損）歸屬於非控制權益,29044,"29,044",sii,https://mopsov.twse.com.tw/mops/web/ajax_t163sb04
中游,伺服器滑軌與機殼,8210,勤誠,2026,1,income_statement,綜合損益總額歸屬於母公司業主,1477415,"1,477,415",sii,https://mopsov.twse.com.tw/mops/web/ajax_t163sb04
中游,伺服器滑軌與機殼,8210,勤誠,2026,1,income_statement,綜合損益總額歸屬於共同控制下前手權益,,--,sii,https://mopsov.twse.com.tw/mops/web/ajax_t163sb04
中游,伺服器滑軌與機殼,8210,勤誠,2026,1,income_statement,綜合損益總額歸屬於非控制權益,29044,"29,044",sii,https://mopsov.twse.com.tw/mops/web/ajax_t163sb04
中游,伺服器滑軌與機殼,8210,勤誠,2026,1,income_statement,基本每股盈餘（元）,10.73,10.73,sii,https://mopsov.twse.com.tw/mops/web/ajax_t163sb04
中游,伺服器滑軌與機殼,6584,南俊國際,2026,1,income_statement,營業收入,866888,"866,888",otc,https://mopsov.twse.com.tw/mops/web/ajax_t163sb04
中游,伺服器滑軌與機殼,6584,南俊國際,2026,1,income_statement,營業成本,506673,"506,673",otc,https://mopsov.twse.com.tw/mops/web/ajax_t163sb04
中游,伺服器滑軌與機殼,6584,南俊國際,2026,1,income_statement,原始認列生物資產及農產品之利益（損失）,,--,otc,https://mopsov.twse.com.tw/mops/web/ajax_t163sb04
中游,伺服器滑軌與機殼,6584,南俊國際,2026,1,income_statement,生物資產當期公允價值減出售成本之變動利益（損失）,,--,otc,https://mopsov.twse.com.tw/mops/web/ajax_t163sb04
中游,伺服器滑軌與機殼,6584,南俊國際,2026,1,income_statement,營業毛利（毛損）,360215,"360,215",otc,https://mopsov.twse.com.tw/mops/web/ajax_t163sb04
中游,伺服器滑軌與機殼,6584,南俊國際,2026,1,income_statement,未實現銷貨（損）益,,--,otc,https://mopsov.twse.com.tw/mops/web/ajax_t163sb04
中游,伺服器滑軌與機殼,6584,南俊國際,2026,1,income_statement,已實現銷貨（損）益,,--,otc,https://mopsov.twse.com.tw/mops/web/ajax_t163sb04
中游,伺服器滑軌與機殼,6584,南俊國際,2026,1,income_statement,營業毛利（毛損）淨額,360215,"360,215",otc,https://mopsov.twse.com.tw/mops/web/ajax_t163sb04
中游,伺服器滑軌與機殼,6584,南俊國際,2026,1,income_statement,營業費用,104850,"104,850",otc,https://mopsov.twse.com.tw/mops/web/ajax_t163sb04
中游,伺服器滑軌與機殼,6584,南俊國際,2026,1,income_statement,其他收益及費損淨額,,--,otc,https://mopsov.twse.com.tw/mops/web/ajax_t163sb04
中游,伺服器滑軌與機殼,6584,南俊國際,2026,1,income_statement,營業利益（損失）,255365,"255,365",otc,https://mopsov.twse.com.tw/mops/web/ajax_t163sb04
中游,伺服器滑軌與機殼,6584,南俊國際,2026,1,income_statement,營業外收入及支出,39036,"39,036",otc,https://mopsov.twse.com.tw/mops/web/ajax_t163sb04
中游,伺服器滑軌與機殼,6584,南俊國際,2026,1,income_statement,稅前淨利（淨損）,294401,"294,401",otc,https://mopsov.twse.com.tw/mops/web/ajax_t163sb04
中游,伺服器滑軌與機殼,6584,南俊國際,2026,1,income_statement,所得稅費用（利益）,59234,"59,234",otc,https://mopsov.twse.com.tw/mops/web/ajax_t163sb04
中游,伺服器滑軌與機殼,6584,南俊國際,2026,1,income_statement,繼續營業單位本期淨利（淨損）,235167,"235,167",otc,https://mopsov.twse.com.tw/mops/web/ajax_t163sb04
中游,伺服器滑軌與機殼,6584,南俊國際,2026,1,income_statement,停業單位損益,,--,otc,https://mopsov.twse.com.tw/mops/web/ajax_t163sb04
中游,伺服器滑軌與機殼,6584,南俊國際,2026,1,income_statement,合併前非屬共同控制股權損益,,--,otc,https://mopsov.twse.com.tw/mops/web/ajax_t163sb04
中游,伺服器滑軌與機殼,6584,南俊國際,2026,1,income_statement,本期淨利（淨損）,235167,"235,167",otc,https://mopsov.twse.com.tw/mops/web/ajax_t163sb04
中游,伺服器滑軌與機殼,6584,南俊國際,2026,1,income_statement,其他綜合損益（淨額）,7944,"7,944",otc,https://mopsov.twse.com.tw/mops/web/ajax_t163sb04
中游,伺服器滑軌與機殼,6584,南俊國際,2026,1,income_statement,合併前非屬共同控制股權綜合損益淨額,,--,otc,https://mopsov.twse.com.tw/mops/web/ajax_t163sb04
中游,伺服器滑軌與機殼,6584,南俊國際,2026,1,income_statement,本期綜合損益總額,243111,"243,111",otc,https://mopsov.twse.com.tw/mops/web/ajax_t163sb04
中游,伺服器滑軌與機殼,6584,南俊國際,2026,1,income_statement,淨利（淨損）歸屬於母公司業主,235167,"235,167",otc,https://mopsov.twse.com.tw/mops/web/ajax_t163sb04
中游,伺服器滑軌與機殼,6584,南俊國際,2026,1,income_statement,淨利（淨損）歸屬於共同控制下前手權益,,--,otc,https://mopsov.twse.com.tw/mops/web/ajax_t163sb04
中游,伺服器滑軌與機殼,6584,南俊國際,2026,1,income_statement,淨利（淨損）歸屬於非控制權益,,--,otc,https://mopsov.twse.com.tw/mops/web/ajax_t163sb04
中游,伺服器滑軌與機殼,6584,南俊國際,2026,1,income_statement,綜合損益總額歸屬於母公司業主,243111,"243,111",otc,https://mopsov.twse.com.tw/mops/web/ajax_t163sb04
中游,伺服器滑軌與機殼,6584,南俊國際,2026,1,income_statement,綜合損益總額歸屬於共同控制下前手權益,,--,otc,https://mopsov.twse.com.tw/mops/web/ajax_t163sb04
中游,伺服器滑軌與機殼,6584,南俊國際,2026,1,income_statement,綜合損益總額歸屬於非控制權益,,--,otc,https://mopsov.twse.com.tw/mops/web/ajax_t163sb04
中游,伺服器滑軌與機殼,6584,南俊國際,2026,1,income_statement,基本每股盈餘（元）,3.37,3.37,otc,https://mopsov.twse.com.tw/mops/web/ajax_t163sb04
中游,伺服器滑軌與機殼,2059,川湖,2026,1,balance_sheet,流動資產,34276607,"34,276,607",sii,https://mopsov.twse.com.tw/mops/web/ajax_t163sb05
中游,伺服器滑軌與機殼,2059,川湖,2026,1,balance_sheet,非流動資產,5233462,"5,233,462",sii,https://mopsov.twse.com.tw/mops/web/ajax_t163sb05
中游,伺服器滑軌與機殼,2059,川湖,2026,1,balance_sheet,資產總計,39510069,"39,510,069",sii,https://mopsov.twse.com.tw/mops/web/ajax_t163sb05
中游,伺服器滑軌與機殼,2059,川湖,2026,1,balance_sheet,流動負債,6265438,"6,265,438",sii,https://mopsov.twse.com.tw/mops/web/ajax_t163sb05
中游,伺服器滑軌與機殼,2059,川湖,2026,1,balance_sheet,非流動負債,1715988,"1,715,988",sii,https://mopsov.twse.com.tw/mops/web/ajax_t163sb05
中游,伺服器滑軌與機殼,2059,川湖,2026,1,balance_sheet,負債總計,7981426,"7,981,426",sii,https://mopsov.twse.com.tw/mops/web/ajax_t163sb05
中游,伺服器滑軌與機殼,2059,川湖,2026,1,balance_sheet,股本,952971,"952,971",sii,https://mopsov.twse.com.tw/mops/web/ajax_t163sb05
中游,伺服器滑軌與機殼,2059,川湖,2026,1,balance_sheet,權益─具證券性質之虛擬通貨,,--,sii,https://mopsov.twse.com.tw/mops/web/ajax_t163sb05
中游,伺服器滑軌與機殼,2059,川湖,2026,1,balance_sheet,資本公積,796691,"796,691",sii,https://mopsov.twse.com.tw/mops/web/ajax_t163sb05
中游,伺服器滑軌與機殼,2059,川湖,2026,1,balance_sheet,保留盈餘,29749459,"29,749,459",sii,https://mopsov.twse.com.tw/mops/web/ajax_t163sb05
中游,伺服器滑軌與機殼,2059,川湖,2026,1,balance_sheet,其他權益,29522,"29,522",sii,https://mopsov.twse.com.tw/mops/web/ajax_t163sb05
中游,伺服器滑軌與機殼,2059,川湖,2026,1,balance_sheet,庫藏股票,0,0,sii,https://mopsov.twse.com.tw/mops/web/ajax_t163sb05
中游,伺服器滑軌與機殼,2059,川湖,2026,1,balance_sheet,歸屬於母公司業主之權益合計,31528643,"31,528,643",sii,https://mopsov.twse.com.tw/mops/web/ajax_t163sb05
中游,伺服器滑軌與機殼,2059,川湖,2026,1,balance_sheet,共同控制下前手權益,,--,sii,https://mopsov.twse.com.tw/mops/web/ajax_t163sb05
中游,伺服器滑軌與機殼,2059,川湖,2026,1,balance_sheet,合併前非屬共同控制股權,,--,sii,https://mopsov.twse.com.tw/mops/web/ajax_t163sb05
中游,伺服器滑軌與機殼,2059,川湖,2026,1,balance_sheet,非控制權益,0,0,sii,https://mopsov.twse.com.tw/mops/web/ajax_t163sb05
中游,伺服器滑軌與機殼,2059,川湖,2026,1,balance_sheet,權益總計,31528643,"31,528,643",sii,https://mopsov.twse.com.tw/mops/web/ajax_t163sb05
中游,伺服器滑軌與機殼,2059,川湖,2026,1,balance_sheet,待註銷股本股數（單位：股）,,--,sii,https://mopsov.twse.com.tw/mops/web/ajax_t163sb05
中游,伺服器滑軌與機殼,2059,川湖,2026,1,balance_sheet,預收股款（權益項下）之約當發行股數（單位：股）,0,0,sii,https://mopsov.twse.com.tw/mops/web/ajax_t163sb05
中游,伺服器滑軌與機殼,2059,川湖,2026,1,balance_sheet,母公司暨子公司所持有之母公司庫藏股股數（單位：股）,0,0,sii,https://mopsov.twse.com.tw/mops/web/ajax_t163sb05
中游,伺服器滑軌與機殼,2059,川湖,2026,1,balance_sheet,每股參考淨值,330.85,330.85,sii,https://mopsov.twse.com.tw/mops/web/ajax_t163sb05
中游,伺服器滑軌與機殼,8210,勤誠,2026,1,balance_sheet,流動資產,19385684,"19,385,684",sii,https://mopsov.twse.com.tw/mops/web/ajax_t163sb05
中游,伺服器滑軌與機殼,8210,勤誠,2026,1,balance_sheet,非流動資產,7210744,"7,210,744",sii,https://mopsov.twse.com.tw/mops/web/ajax_t163sb05
中游,伺服器滑軌與機殼,8210,勤誠,2026,1,balance_sheet,資產總計,26596428,"26,596,428",sii,https://mopsov.twse.com.tw/mops/web/ajax_t163sb05
中游,伺服器滑軌與機殼,8210,勤誠,2026,1,balance_sheet,流動負債,10946624,"10,946,624",sii,https://mopsov.twse.com.tw/mops/web/ajax_t163sb05
中游,伺服器滑軌與機殼,8210,勤誠,2026,1,balance_sheet,非流動負債,2814490,"2,814,490",sii,https://mopsov.twse.com.tw/mops/web/ajax_t163sb05
中游,伺服器滑軌與機殼,8210,勤誠,2026,1,balance_sheet,負債總計,13761114,"13,761,114",sii,https://mopsov.twse.com.tw/mops/web/ajax_t163sb05
中游,伺服器滑軌與機殼,8210,勤誠,2026,1,balance_sheet,股本,1253192,"1,253,192",sii,https://mopsov.twse.com.tw/mops/web/ajax_t163sb05
中游,伺服器滑軌與機殼,8210,勤誠,2026,1,balance_sheet,權益─具證券性質之虛擬通貨,,--,sii,https://mopsov.twse.com.tw/mops/web/ajax_t163sb05
中游,伺服器滑軌與機殼,8210,勤誠,2026,1,balance_sheet,資本公積,1788530,"1,788,530",sii,https://mopsov.twse.com.tw/mops/web/ajax_t163sb05
中游,伺服器滑軌與機殼,8210,勤誠,2026,1,balance_sheet,保留盈餘,9679818,"9,679,818",sii,https://mopsov.twse.com.tw/mops/web/ajax_t163sb05
中游,伺服器滑軌與機殼,8210,勤誠,2026,1,balance_sheet,其他權益,-107126,"-107,126",sii,https://mopsov.twse.com.tw/mops/web/ajax_t163sb05
中游,伺服器滑軌與機殼,8210,勤誠,2026,1,balance_sheet,庫藏股票,,--,sii,https://mopsov.twse.com.tw/mops/web/ajax_t163sb05
中游,伺服器滑軌與機殼,8210,勤誠,2026,1,balance_sheet,歸屬於母公司業主之權益合計,12614414,"12,614,414",sii,https://mopsov.twse.com.tw/mops/web/ajax_t163sb05
中游,伺服器滑軌與機殼,8210,勤誠,2026,1,balance_sheet,共同控制下前手權益,,--,sii,https://mopsov.twse.com.tw/mops/web/ajax_t163sb05
中游,伺服器滑軌與機殼,8210,勤誠,2026,1,balance_sheet,合併前非屬共同控制股權,,--,sii,https://mopsov.twse.com.tw/mops/web/ajax_t163sb05
中游,伺服器滑軌與機殼,8210,勤誠,2026,1,balance_sheet,非控制權益,220900,"220,900",sii,https://mopsov.twse.com.tw/mops/web/ajax_t163sb05
中游,伺服器滑軌與機殼,8210,勤誠,2026,1,balance_sheet,權益總計,12835314,"12,835,314",sii,https://mopsov.twse.com.tw/mops/web/ajax_t163sb05
中游,伺服器滑軌與機殼,8210,勤誠,2026,1,balance_sheet,待註銷股本股數（單位：股）,0,0,sii,https://mopsov.twse.com.tw/mops/web/ajax_t163sb05
中游,伺服器滑軌與機殼,8210,勤誠,2026,1,balance_sheet,預收股款（權益項下）之約當發行股數（單位：股）,0,0,sii,https://mopsov.twse.com.tw/mops/web/ajax_t163sb05
中游,伺服器滑軌與機殼,8210,勤誠,2026,1,balance_sheet,母公司暨子公司所持有之母公司庫藏股股數（單位：股）,0,0,sii,https://mopsov.twse.com.tw/mops/web/ajax_t163sb05
中游,伺服器滑軌與機殼,8210,勤誠,2026,1,balance_sheet,每股參考淨值,100.66,100.66,sii,https://mopsov.twse.com.tw/mops/web/ajax_t163sb05
中游,伺服器滑軌與機殼,6584,南俊國際,2026,1,balance_sheet,流動資產,1740792,"1,740,792",otc,https://mopsov.twse.com.tw/mops/web/ajax_t163sb05
中游,伺服器滑軌與機殼,6584,南俊國際,2026,1,balance_sheet,非流動資產,3230422,"3,230,422",otc,https://mopsov.twse.com.tw/mops/web/ajax_t163sb05
中游,伺服器滑軌與機殼,6584,南俊國際,2026,1,balance_sheet,資產總計,4971214,"4,971,214",otc,https://mopsov.twse.com.tw/mops/web/ajax_t163sb05
中游,伺服器滑軌與機殼,6584,南俊國際,2026,1,balance_sheet,流動負債,720464,"720,464",otc,https://mopsov.twse.com.tw/mops/web/ajax_t163sb05
中游,伺服器滑軌與機殼,6584,南俊國際,2026,1,balance_sheet,非流動負債,683925,"683,925",otc,https://mopsov.twse.com.tw/mops/web/ajax_t163sb05
中游,伺服器滑軌與機殼,6584,南俊國際,2026,1,balance_sheet,負債總計,1404389,"1,404,389",otc,https://mopsov.twse.com.tw/mops/web/ajax_t163sb05
中游,伺服器滑軌與機殼,6584,南俊國際,2026,1,balance_sheet,股本,706434,"706,434",otc,https://mopsov.twse.com.tw/mops/web/ajax_t163sb05
中游,伺服器滑軌與機殼,6584,南俊國際,2026,1,balance_sheet,權益─具證券性質之虛擬通貨,,--,otc,https://mopsov.twse.com.tw/mops/web/ajax_t163sb05
中游,伺服器滑軌與機殼,6584,南俊國際,2026,1,balance_sheet,資本公積,1649685,"1,649,685",otc,https://mopsov.twse.com.tw/mops/web/ajax_t163sb05
中游,伺服器滑軌與機殼,6584,南俊國際,2026,1,balance_sheet,保留盈餘,1233392,"1,233,392",otc,https://mopsov.twse.com.tw/mops/web/ajax_t163sb05
中游,伺服器滑軌與機殼,6584,南俊國際,2026,1,balance_sheet,其他權益,-20110,"-20,110",otc,https://mopsov.twse.com.tw/mops/web/ajax_t163sb05
中游,伺服器滑軌與機殼,6584,南俊國際,2026,1,balance_sheet,庫藏股票,-2576,"-2,576",otc,https://mopsov.twse.com.tw/mops/web/ajax_t163sb05
中游,伺服器滑軌與機殼,6584,南俊國際,2026,1,balance_sheet,歸屬於母公司業主之權益合計,3566825,"3,566,825",otc,https://mopsov.twse.com.tw/mops/web/ajax_t163sb05
中游,伺服器滑軌與機殼,6584,南俊國際,2026,1,balance_sheet,共同控制下前手權益,,--,otc,https://mopsov.twse.com.tw/mops/web/ajax_t163sb05
中游,伺服器滑軌與機殼,6584,南俊國際,2026,1,balance_sheet,合併前非屬共同控制股權,,--,otc,https://mopsov.twse.com.tw/mops/web/ajax_t163sb05
中游,伺服器滑軌與機殼,6584,南俊國際,2026,1,balance_sheet,非控制權益,,--,otc,https://mopsov.twse.com.tw/mops/web/ajax_t163sb05
中游,伺服器滑軌與機殼,6584,南俊國際,2026,1,balance_sheet,權益總計,3566825,"3,566,825",otc,https://mopsov.twse.com.tw/mops/web/ajax_t163sb05
中游,伺服器滑軌與機殼,6584,南俊國際,2026,1,balance_sheet,待註銷股本股數（單位：股）,0,0,otc,https://mopsov.twse.com.tw/mops/web/ajax_t163sb05
中游,伺服器滑軌與機殼,6584,南俊國際,2026,1,balance_sheet,預收股款（權益項下）之約當發行股數（單位：股）,0,0,otc,https://mopsov.twse.com.tw/mops/web/ajax_t163sb05
中游,伺服器滑軌與機殼,6584,南俊國際,2026,1,balance_sheet,母公司暨子公司所持有之母公司庫藏股股數（單位：股）,23000,"23,000",otc,https://mopsov.twse.com.tw/mops/web/ajax_t163sb05
中游,伺服器滑軌與機殼,6584,南俊國際,2026,1,balance_sheet,每股參考淨值,50.51,50.51,otc,https://mopsov.twse.com.tw/mops/web/ajax_t163sb05
中游,伺服器滑軌與機殼,2059,川湖,2026,1,cash_flow,營業活動之淨現金流入（流出）,3076224,"3,076,224",sii,https://mopsov.twse.com.tw/mops/web/ajax_t163sb20
中游,伺服器滑軌與機殼,2059,川湖,2026,1,cash_flow,投資活動之淨現金流入（流出）,-162451,"-162,451",sii,https://mopsov.twse.com.tw/mops/web/ajax_t163sb20
中游,伺服器滑軌與機殼,2059,川湖,2026,1,cash_flow,籌資活動之淨現金流入（流出）,-154662,"-154,662",sii,https://mopsov.twse.com.tw/mops/web/ajax_t163sb20
中游,伺服器滑軌與機殼,2059,川湖,2026,1,cash_flow,匯率變動對現金及約當現金之影響,392846,"392,846",sii,https://mopsov.twse.com.tw/mops/web/ajax_t163sb20
中游,伺服器滑軌與機殼,2059,川湖,2026,1,cash_flow,本期現金及約當現金增加（減少）數,3151957,"3,151,957",sii,https://mopsov.twse.com.tw/mops/web/ajax_t163sb20
中游,伺服器滑軌與機殼,2059,川湖,2026,1,cash_flow,期初現金及約當現金餘額,24079620,"24,079,620",sii,https://mopsov.twse.com.tw/mops/web/ajax_t163sb20
中游,伺服器滑軌與機殼,2059,川湖,2026,1,cash_flow,期末現金及約當現金餘額,27231577,"27,231,577",sii,https://mopsov.twse.com.tw/mops/web/ajax_t163sb20
中游,伺服器滑軌與機殼,8210,勤誠,2026,1,cash_flow,營業活動之淨現金流入（流出）,1185839,"1,185,839",sii,https://mopsov.twse.com.tw/mops/web/ajax_t163sb20
中游,伺服器滑軌與機殼,8210,勤誠,2026,1,cash_flow,投資活動之淨現金流入（流出）,-432019,"-432,019",sii,https://mopsov.twse.com.tw/mops/web/ajax_t163sb20
中游,伺服器滑軌與機殼,8210,勤誠,2026,1,cash_flow,籌資活動之淨現金流入（流出）,1821868,"1,821,868",sii,https://mopsov.twse.com.tw/mops/web/ajax_t163sb20
中游,伺服器滑軌與機殼,8210,勤誠,2026,1,cash_flow,匯率變動對現金及約當現金之影響,81144,"81,144",sii,https://mopsov.twse.com.tw/mops/web/ajax_t163sb20
中游,伺服器滑軌與機殼,8210,勤誠,2026,1,cash_flow,本期現金及約當現金增加（減少）數,2656832,"2,656,832",sii,https://mopsov.twse.com.tw/mops/web/ajax_t163sb20
中游,伺服器滑軌與機殼,8210,勤誠,2026,1,cash_flow,期初現金及約當現金餘額,5688287,"5,688,287",sii,https://mopsov.twse.com.tw/mops/web/ajax_t163sb20
中游,伺服器滑軌與機殼,8210,勤誠,2026,1,cash_flow,期末現金及約當現金餘額,8345119,"8,345,119",sii,https://mopsov.twse.com.tw/mops/web/ajax_t163sb20
中游,伺服器滑軌與機殼,6584,南俊國際,2026,1,cash_flow,營業活動之淨現金流入（流出）,168186,"168,186",otc,https://mopsov.twse.com.tw/mops/web/ajax_t163sb20
中游,伺服器滑軌與機殼,6584,南俊國際,2026,1,cash_flow,投資活動之淨現金流入（流出）,-485002,"-485,002",otc,https://mopsov.twse.com.tw/mops/web/ajax_t163sb20
中游,伺服器滑軌與機殼,6584,南俊國際,2026,1,cash_flow,籌資活動之淨現金流入（流出）,271085,"271,085",otc,https://mopsov.twse.com.tw/mops/web/ajax_t163sb20
中游,伺服器滑軌與機殼,6584,南俊國際,2026,1,cash_flow,匯率變動對現金及約當現金之影響,2104,"2,104",otc,https://mopsov.twse.com.tw/mops/web/ajax_t163sb20
中游,伺服器滑軌與機殼,6584,南俊國際,2026,1,cash_flow,本期現金及約當現金增加（減少）數,-43627,"-43,627",otc,https://mopsov.twse.com.tw/mops/web/ajax_t163sb20
中游,伺服器滑軌與機殼,6584,南俊國際,2026,1,cash_flow,期初現金及約當現金餘額,467172,"467,172",otc,https://mopsov.twse.com.tw/mops/web/ajax_t163sb20
中游,伺服器滑軌與機殼,6584,南俊國際,2026,1,cash_flow,期末現金及約當現金餘額,423545,"423,545",otc,https://mopsov.twse.com.tw/mops/web/ajax_t163sb20
中游,伺服器滑軌與機殼,2059,川湖,2026,2,income_statement,營業收入,16279766,"16,279,766",sii,https://mopsov.twse.com.tw/mops/web/ajax_t163sb04
中游,伺服器滑軌與機殼,2059,川湖,2026,2,income_statement,營業成本,2575266,"2,575,266",sii,https://mopsov.twse.com.tw/mops/web/ajax_t163sb04
中游,伺服器滑軌與機殼,2059,川湖,2026,2,income_statement,原始認列生物資產及農產品之利益（損失）,,--,sii,https://mopsov.twse.com.tw/mops/web/ajax_t163sb04
中游,伺服器滑軌與機殼,2059,川湖,2026,2,income_statement,生物資產當期公允價值減出售成本之變動利益（損失）,,--,sii,https://mopsov.twse.com.tw/mops/web/ajax_t163sb04
中游,伺服器滑軌與機殼,2059,川湖,2026,2,income_statement,營業毛利（毛損）,13704500,"13,704,500",sii,https://mopsov.twse.com.tw/mops/web/ajax_t163sb04
中游,伺服器滑軌與機殼,2059,川湖,2026,2,income_statement,未實現銷貨（損）益,,--,sii,https://mopsov.twse.com.tw/mops/web/ajax_t163sb04
中游,伺服器滑軌與機殼,2059,川湖,2026,2,income_statement,已實現銷貨（損）益,,--,sii,https://mopsov.twse.com.tw/mops/web/ajax_t163sb04
中游,伺服器滑軌與機殼,2059,川湖,2026,2,income_statement,營業毛利（毛損）淨額,13704500,"13,704,500",sii,https://mopsov.twse.com.tw/mops/web/ajax_t163sb04
中游,伺服器滑軌與機殼,2059,川湖,2026,2,income_statement,營業費用,1160355,"1,160,355",sii,https://mopsov.twse.com.tw/mops/web/ajax_t163sb04
中游,伺服器滑軌與機殼,2059,川湖,2026,2,income_statement,其他收益及費損淨額,,--,sii,https://mopsov.twse.com.tw/mops/web/ajax_t163sb04
中游,伺服器滑軌與機殼,2059,川湖,2026,2,income_statement,營業利益（損失）,12544145,"12,544,145",sii,https://mopsov.twse.com.tw/mops/web/ajax_t163sb04
中游,伺服器滑軌與機殼,2059,川湖,2026,2,income_statement,營業外收入及支出,926109,"926,109",sii,https://mopsov.twse.com.tw/mops/web/ajax_t163sb04
中游,伺服器滑軌與機殼,2059,川湖,2026,2,income_statement,稅前淨利（淨損）,13470254,"13,470,254",sii,https://mopsov.twse.com.tw/mops/web/ajax_t163sb04
中游,伺服器滑軌與機殼,2059,川湖,2026,2,income_statement,所得稅費用（利益）,2896383,"2,896,383",sii,https://mopsov.twse.com.tw/mops/web/ajax_t163sb04
中游,伺服器滑軌與機殼,2059,川湖,2026,2,income_statement,繼續營業單位本期淨利（淨損）,10573871,"10,573,871",sii,https://mopsov.twse.com.tw/mops/web/ajax_t163sb04
中游,伺服器滑軌與機殼,2059,川湖,2026,2,income_statement,停業單位損益,,--,sii,https://mopsov.twse.com.tw/mops/web/ajax_t163sb04
中游,伺服器滑軌與機殼,2059,川湖,2026,2,income_statement,合併前非屬共同控制股權損益,,--,sii,https://mopsov.twse.com.tw/mops/web/ajax_t163sb04
中游,伺服器滑軌與機殼,2059,川湖,2026,2,income_statement,本期淨利（淨損）,10573871,"10,573,871",sii,https://mopsov.twse.com.tw/mops/web/ajax_t163sb04
中游,伺服器滑軌與機殼,2059,川湖,2026,2,income_statement,其他綜合損益（淨額）,14159,"14,159",sii,https://mopsov.twse.com.tw/mops/web/ajax_t163sb04
中游,伺服器滑軌與機殼,2059,川湖,2026,2,income_statement,合併前非屬共同控制股權綜合損益淨額,,--,sii,https://mopsov.twse.com.tw/mops/web/ajax_t163sb04
中游,伺服器滑軌與機殼,2059,川湖,2026,2,income_statement,本期綜合損益總額,10588030,"10,588,030",sii,https://mopsov.twse.com.tw/mops/web/ajax_t163sb04
中游,伺服器滑軌與機殼,2059,川湖,2026,2,income_statement,淨利（淨損）歸屬於母公司業主,10573871,"10,573,871",sii,https://mopsov.twse.com.tw/mops/web/ajax_t163sb04
中游,伺服器滑軌與機殼,2059,川湖,2026,2,income_statement,淨利（淨損）歸屬於共同控制下前手權益,,--,sii,https://mopsov.twse.com.tw/mops/web/ajax_t163sb04
中游,伺服器滑軌與機殼,2059,川湖,2026,2,income_statement,淨利（淨損）歸屬於非控制權益,,--,sii,https://mopsov.twse.com.tw/mops/web/ajax_t163sb04
中游,伺服器滑軌與機殼,2059,川湖,2026,2,income_statement,綜合損益總額歸屬於母公司業主,10588030,"10,588,030",sii,https://mopsov.twse.com.tw/mops/web/ajax_t163sb04
中游,伺服器滑軌與機殼,2059,川湖,2026,2,income_statement,綜合損益總額歸屬於共同控制下前手權益,,--,sii,https://mopsov.twse.com.tw/mops/web/ajax_t163sb04
中游,伺服器滑軌與機殼,2059,川湖,2026,2,income_statement,綜合損益總額歸屬於非控制權益,,--,sii,https://mopsov.twse.com.tw/mops/web/ajax_t163sb04
中游,伺服器滑軌與機殼,2059,川湖,2026,2,income_statement,基本每股盈餘（元）,110.96,110.96,sii,https://mopsov.twse.com.tw/mops/web/ajax_t163sb04
中游,伺服器滑軌與機殼,8210,勤誠,2026,2,income_statement,營業收入,14928332,"14,928,332",sii,https://mopsov.twse.com.tw/mops/web/ajax_t163sb04
中游,伺服器滑軌與機殼,8210,勤誠,2026,2,income_statement,營業成本,10041945,"10,041,945",sii,https://mopsov.twse.com.tw/mops/web/ajax_t163sb04
中游,伺服器滑軌與機殼,8210,勤誠,2026,2,income_statement,原始認列生物資產及農產品之利益（損失）,,--,sii,https://mopsov.twse.com.tw/mops/web/ajax_t163sb04
中游,伺服器滑軌與機殼,8210,勤誠,2026,2,income_statement,生物資產當期公允價值減出售成本之變動利益（損失）,,--,sii,https://mopsov.twse.com.tw/mops/web/ajax_t163sb04
中游,伺服器滑軌與機殼,8210,勤誠,2026,2,income_statement,營業毛利（毛損）,4886387,"4,886,387",sii,https://mopsov.twse.com.tw/mops/web/ajax_t163sb04
中游,伺服器滑軌與機殼,8210,勤誠,2026,2,income_statement,未實現銷貨（損）益,,--,sii,https://mopsov.twse.com.tw/mops/web/ajax_t163sb04
中游,伺服器滑軌與機殼,8210,勤誠,2026,2,income_statement,已實現銷貨（損）益,,--,sii,https://mopsov.twse.com.tw/mops/web/ajax_t163sb04
中游,伺服器滑軌與機殼,8210,勤誠,2026,2,income_statement,營業毛利（毛損）淨額,4886387,"4,886,387",sii,https://mopsov.twse.com.tw/mops/web/ajax_t163sb04
中游,伺服器滑軌與機殼,8210,勤誠,2026,2,income_statement,營業費用,1201990,"1,201,990",sii,https://mopsov.twse.com.tw/mops/web/ajax_t163sb04
中游,伺服器滑軌與機殼,8210,勤誠,2026,2,income_statement,其他收益及費損淨額,20832,"20,832",sii,https://mopsov.twse.com.tw/mops/web/ajax_t163sb04
中游,伺服器滑軌與機殼,8210,勤誠,2026,2,income_statement,營業利益（損失）,3705229,"3,705,229",sii,https://mopsov.twse.com.tw/mops/web/ajax_t163sb04
中游,伺服器滑軌與機殼,8210,勤誠,2026,2,income_statement,營業外收入及支出,-9699,"-9,699",sii,https://mopsov.twse.com.tw/mops/web/ajax_t163sb04
中游,伺服器滑軌與機殼,8210,勤誠,2026,2,income_statement,稅前淨利（淨損）,3695530,"3,695,530",sii,https://mopsov.twse.com.tw/mops/web/ajax_t163sb04
中游,伺服器滑軌與機殼,8210,勤誠,2026,2,income_statement,所得稅費用（利益）,926596,"926,596",sii,https://mopsov.twse.com.tw/mops/web/ajax_t163sb04
中游,伺服器滑軌與機殼,8210,勤誠,2026,2,income_statement,繼續營業單位本期淨利（淨損）,2768934,"2,768,934",sii,https://mopsov.twse.com.tw/mops/web/ajax_t163sb04
中游,伺服器滑軌與機殼,8210,勤誠,2026,2,income_statement,停業單位損益,,--,sii,https://mopsov.twse.com.tw/mops/web/ajax_t163sb04
中游,伺服器滑軌與機殼,8210,勤誠,2026,2,income_statement,合併前非屬共同控制股權損益,,--,sii,https://mopsov.twse.com.tw/mops/web/ajax_t163sb04
中游,伺服器滑軌與機殼,8210,勤誠,2026,2,income_statement,本期淨利（淨損）,2768934,"2,768,934",sii,https://mopsov.twse.com.tw/mops/web/ajax_t163sb04
中游,伺服器滑軌與機殼,8210,勤誠,2026,2,income_statement,其他綜合損益（淨額）,334079,"334,079",sii,https://mopsov.twse.com.tw/mops/web/ajax_t163sb04
中游,伺服器滑軌與機殼,8210,勤誠,2026,2,income_statement,合併前非屬共同控制股權綜合損益淨額,,--,sii,https://mopsov.twse.com.tw/mops/web/ajax_t163sb04
中游,伺服器滑軌與機殼,8210,勤誠,2026,2,income_statement,本期綜合損益總額,3103013,"3,103,013",sii,https://mopsov.twse.com.tw/mops/web/ajax_t163sb04
中游,伺服器滑軌與機殼,8210,勤誠,2026,2,income_statement,淨利（淨損）歸屬於母公司業主,2718744,"2,718,744",sii,https://mopsov.twse.com.tw/mops/web/ajax_t163sb04
中游,伺服器滑軌與機殼,8210,勤誠,2026,2,income_statement,淨利（淨損）歸屬於共同控制下前手權益,,--,sii,https://mopsov.twse.com.tw/mops/web/ajax_t163sb04
中游,伺服器滑軌與機殼,8210,勤誠,2026,2,income_statement,淨利（淨損）歸屬於非控制權益,50190,"50,190",sii,https://mopsov.twse.com.tw/mops/web/ajax_t163sb04
中游,伺服器滑軌與機殼,8210,勤誠,2026,2,income_statement,綜合損益總額歸屬於母公司業主,3052823,"3,052,823",sii,https://mopsov.twse.com.tw/mops/web/ajax_t163sb04
中游,伺服器滑軌與機殼,8210,勤誠,2026,2,income_statement,綜合損益總額歸屬於共同控制下前手權益,,--,sii,https://mopsov.twse.com.tw/mops/web/ajax_t163sb04
中游,伺服器滑軌與機殼,8210,勤誠,2026,2,income_statement,綜合損益總額歸屬於非控制權益,50190,"50,190",sii,https://mopsov.twse.com.tw/mops/web/ajax_t163sb04
中游,伺服器滑軌與機殼,8210,勤誠,2026,2,income_statement,基本每股盈餘（元）,21.83,21.83,sii,https://mopsov.twse.com.tw/mops/web/ajax_t163sb04
中游,伺服器滑軌與機殼,6584,南俊國際,2026,2,income_statement,營業收入,1713269,"1,713,269",otc,https://mopsov.twse.com.tw/mops/web/ajax_t163sb04
中游,伺服器滑軌與機殼,6584,南俊國際,2026,2,income_statement,營業成本,999165,"999,165",otc,https://mopsov.twse.com.tw/mops/web/ajax_t163sb04
中游,伺服器滑軌與機殼,6584,南俊國際,2026,2,income_statement,原始認列生物資產及農產品之利益（損失）,,--,otc,https://mopsov.twse.com.tw/mops/web/ajax_t163sb04
中游,伺服器滑軌與機殼,6584,南俊國際,2026,2,income_statement,生物資產當期公允價值減出售成本之變動利益（損失）,,--,otc,https://mopsov.twse.com.tw/mops/web/ajax_t163sb04
中游,伺服器滑軌與機殼,6584,南俊國際,2026,2,income_statement,營業毛利（毛損）,714104,"714,104",otc,https://mopsov.twse.com.tw/mops/web/ajax_t163sb04
中游,伺服器滑軌與機殼,6584,南俊國際,2026,2,income_statement,未實現銷貨（損）益,,--,otc,https://mopsov.twse.com.tw/mops/web/ajax_t163sb04
中游,伺服器滑軌與機殼,6584,南俊國際,2026,2,income_statement,已實現銷貨（損）益,,--,otc,https://mopsov.twse.com.tw/mops/web/ajax_t163sb04
中游,伺服器滑軌與機殼,6584,南俊國際,2026,2,income_statement,營業毛利（毛損）淨額,714104,"714,104",otc,https://mopsov.twse.com.tw/mops/web/ajax_t163sb04
中游,伺服器滑軌與機殼,6584,南俊國際,2026,2,income_statement,營業費用,207313,"207,313",otc,https://mopsov.twse.com.tw/mops/web/ajax_t163sb04
中游,伺服器滑軌與機殼,6584,南俊國際,2026,2,income_statement,其他收益及費損淨額,,--,otc,https://mopsov.twse.com.tw/mops/web/ajax_t163sb04
中游,伺服器滑軌與機殼,6584,南俊國際,2026,2,income_statement,營業利益（損失）,506791,"506,791",otc,https://mopsov.twse.com.tw/mops/web/ajax_t163sb04
中游,伺服器滑軌與機殼,6584,南俊國際,2026,2,income_statement,營業外收入及支出,60403,"60,403",otc,https://mopsov.twse.com.tw/mops/web/ajax_t163sb04
中游,伺服器滑軌與機殼,6584,南俊國際,2026,2,income_statement,稅前淨利（淨損）,567194,"567,194",otc,https://mopsov.twse.com.tw/mops/web/ajax_t163sb04
中游,伺服器滑軌與機殼,6584,南俊國際,2026,2,income_statement,所得稅費用（利益）,112831,"112,831",otc,https://mopsov.twse.com.tw/mops/web/ajax_t163sb04
中游,伺服器滑軌與機殼,6584,南俊國際,2026,2,income_statement,繼續營業單位本期淨利（淨損）,454363,"454,363",otc,https://mopsov.twse.com.tw/mops/web/ajax_t163sb04
中游,伺服器滑軌與機殼,6584,南俊國際,2026,2,income_statement,停業單位損益,,--,otc,https://mopsov.twse.com.tw/mops/web/ajax_t163sb04
中游,伺服器滑軌與機殼,6584,南俊國際,2026,2,income_statement,合併前非屬共同控制股權損益,,--,otc,https://mopsov.twse.com.tw/mops/web/ajax_t163sb04
中游,伺服器滑軌與機殼,6584,南俊國際,2026,2,income_statement,本期淨利（淨損）,454363,"454,363",otc,https://mopsov.twse.com.tw/mops/web/ajax_t163sb04
中游,伺服器滑軌與機殼,6584,南俊國際,2026,2,income_statement,其他綜合損益（淨額）,5834,"5,834",otc,https://mopsov.twse.com.tw/mops/web/ajax_t163sb04
中游,伺服器滑軌與機殼,6584,南俊國際,2026,2,income_statement,合併前非屬共同控制股權綜合損益淨額,,--,otc,https://mopsov.twse.com.tw/mops/web/ajax_t163sb04
中游,伺服器滑軌與機殼,6584,南俊國際,2026,2,income_statement,本期綜合損益總額,460197,"460,197",otc,https://mopsov.twse.com.tw/mops/web/ajax_t163sb04
中游,伺服器滑軌與機殼,6584,南俊國際,2026,2,income_statement,淨利（淨損）歸屬於母公司業主,454363,"454,363",otc,https://mopsov.twse.com.tw/mops/web/ajax_t163sb04
中游,伺服器滑軌與機殼,6584,南俊國際,2026,2,income_statement,淨利（淨損）歸屬於共同控制下前手權益,,--,otc,https://mopsov.twse.com.tw/mops/web/ajax_t163sb04
中游,伺服器滑軌與機殼,6584,南俊國際,2026,2,income_statement,淨利（淨損）歸屬於非控制權益,,--,otc,https://mopsov.twse.com.tw/mops/web/ajax_t163sb04
中游,伺服器滑軌與機殼,6584,南俊國際,2026,2,income_statement,綜合損益總額歸屬於母公司業主,460197,"460,197",otc,https://mopsov.twse.com.tw/mops/web/ajax_t163sb04
中游,伺服器滑軌與機殼,6584,南俊國際,2026,2,income_statement,綜合損益總額歸屬於共同控制下前手權益,,--,otc,https://mopsov.twse.com.tw/mops/web/ajax_t163sb04
中游,伺服器滑軌與機殼,6584,南俊國際,2026,2,income_statement,綜合損益總額歸屬於非控制權益,,--,otc,https://mopsov.twse.com.tw/mops/web/ajax_t163sb04
中游,伺服器滑軌與機殼,6584,南俊國際,2026,2,income_statement,基本每股盈餘（元）,6.47,6.47,otc,https://mopsov.twse.com.tw/mops/web/ajax_t163sb04
中游,伺服器滑軌與機殼,2059,川湖,2026,2,balance_sheet,流動資產,41658722,"41,658,722",sii,https://mopsov.twse.com.tw/mops/web/ajax_t163sb05
中游,伺服器滑軌與機殼,2059,川湖,2026,2,balance_sheet,非流動資產,5451958,"5,451,958",sii,https://mopsov.twse.com.tw/mops/web/ajax_t163sb05
中游,伺服器滑軌與機殼,2059,川湖,2026,2,balance_sheet,資產總計,47110680,"47,110,680",sii,https://mopsov.twse.com.tw/mops/web/ajax_t163sb05
中游,伺服器滑軌與機殼,2059,川湖,2026,2,balance_sheet,流動負債,11697883,"11,697,883",sii,https://mopsov.twse.com.tw/mops/web/ajax_t163sb05
中游,伺服器滑軌與機殼,2059,川湖,2026,2,balance_sheet,非流動負債,1658959,"1,658,959",sii,https://mopsov.twse.com.tw/mops/web/ajax_t163sb05
中游,伺服器滑軌與機殼,2059,川湖,2026,2,balance_sheet,負債總計,13356842,"13,356,842",sii,https://mopsov.twse.com.tw/mops/web/ajax_t163sb05
中游,伺服器滑軌與機殼,2059,川湖,2026,2,balance_sheet,股本,952971,"952,971",sii,https://mopsov.twse.com.tw/mops/web/ajax_t163sb05
中游,伺服器滑軌與機殼,2059,川湖,2026,2,balance_sheet,權益─具證券性質之虛擬通貨,,--,sii,https://mopsov.twse.com.tw/mops/web/ajax_t163sb05
中游,伺服器滑軌與機殼,2059,川湖,2026,2,balance_sheet,資本公積,796691,"796,691",sii,https://mopsov.twse.com.tw/mops/web/ajax_t163sb05
中游,伺服器滑軌與機殼,2059,川湖,2026,2,balance_sheet,保留盈餘,31977369,"31,977,369",sii,https://mopsov.twse.com.tw/mops/web/ajax_t163sb05
中游,伺服器滑軌與機殼,2059,川湖,2026,2,balance_sheet,其他權益,26807,"26,807",sii,https://mopsov.twse.com.tw/mops/web/ajax_t163sb05
中游,伺服器滑軌與機殼,2059,川湖,2026,2,balance_sheet,庫藏股票,,--,sii,https://mopsov.twse.com.tw/mops/web/ajax_t163sb05
中游,伺服器滑軌與機殼,2059,川湖,2026,2,balance_sheet,歸屬於母公司業主之權益合計,33753838,"33,753,838",sii,https://mopsov.twse.com.tw/mops/web/ajax_t163sb05
中游,伺服器滑軌與機殼,2059,川湖,2026,2,balance_sheet,共同控制下前手權益,,--,sii,https://mopsov.twse.com.tw/mops/web/ajax_t163sb05
中游,伺服器滑軌與機殼,2059,川湖,2026,2,balance_sheet,合併前非屬共同控制股權,,--,sii,https://mopsov.twse.com.tw/mops/web/ajax_t163sb05
中游,伺服器滑軌與機殼,2059,川湖,2026,2,balance_sheet,非控制權益,,--,sii,https://mopsov.twse.com.tw/mops/web/ajax_t163sb05
中游,伺服器滑軌與機殼,2059,川湖,2026,2,balance_sheet,權益總計,33753838,"33,753,838",sii,https://mopsov.twse.com.tw/mops/web/ajax_t163sb05
中游,伺服器滑軌與機殼,2059,川湖,2026,2,balance_sheet,待註銷股本股數（單位：股）,,--,sii,https://mopsov.twse.com.tw/mops/web/ajax_t163sb05
中游,伺服器滑軌與機殼,2059,川湖,2026,2,balance_sheet,預收股款（權益項下）之約當發行股數（單位：股）,0,0,sii,https://mopsov.twse.com.tw/mops/web/ajax_t163sb05
中游,伺服器滑軌與機殼,2059,川湖,2026,2,balance_sheet,母公司暨子公司所持有之母公司庫藏股股數（單位：股）,0,0,sii,https://mopsov.twse.com.tw/mops/web/ajax_t163sb05
中游,伺服器滑軌與機殼,2059,川湖,2026,2,balance_sheet,每股參考淨值,354.2,354.20,sii,https://mopsov.twse.com.tw/mops/web/ajax_t163sb05
中游,伺服器滑軌與機殼,8210,勤誠,2026,2,balance_sheet,流動資產,20927888,"20,927,888",sii,https://mopsov.twse.com.tw/mops/web/ajax_t163sb05
中游,伺服器滑軌與機殼,8210,勤誠,2026,2,balance_sheet,非流動資產,8503798,"8,503,798",sii,https://mopsov.twse.com.tw/mops/web/ajax_t163sb05
中游,伺服器滑軌與機殼,8210,勤誠,2026,2,balance_sheet,資產總計,29431686,"29,431,686",sii,https://mopsov.twse.com.tw/mops/web/ajax_t163sb05
中游,伺服器滑軌與機殼,8210,勤誠,2026,2,balance_sheet,流動負債,14005305,"14,005,305",sii,https://mopsov.twse.com.tw/mops/web/ajax_t163sb05
中游,伺服器滑軌與機殼,8210,勤誠,2026,2,balance_sheet,非流動負債,2713779,"2,713,779",sii,https://mopsov.twse.com.tw/mops/web/ajax_t163sb05
中游,伺服器滑軌與機殼,8210,勤誠,2026,2,balance_sheet,負債總計,16719084,"16,719,084",sii,https://mopsov.twse.com.tw/mops/web/ajax_t163sb05
中游,伺服器滑軌與機殼,8210,勤誠,2026,2,balance_sheet,股本,1253192,"1,253,192",sii,https://mopsov.twse.com.tw/mops/web/ajax_t163sb05
中游,伺服器滑軌與機殼,8210,勤誠,2026,2,balance_sheet,權益─具證券性質之虛擬通貨,,--,sii,https://mopsov.twse.com.tw/mops/web/ajax_t163sb05
中游,伺服器滑軌與機殼,8210,勤誠,2026,2,balance_sheet,資本公積,1788530,"1,788,530",sii,https://mopsov.twse.com.tw/mops/web/ajax_t163sb05
中游,伺服器滑軌與機殼,8210,勤誠,2026,2,balance_sheet,保留盈餘,9308133,"9,308,133",sii,https://mopsov.twse.com.tw/mops/web/ajax_t163sb05
中游,伺服器滑軌與機殼,8210,勤誠,2026,2,balance_sheet,其他權益,120701,"120,701",sii,https://mopsov.twse.com.tw/mops/web/ajax_t163sb05
中游,伺服器滑軌與機殼,8210,勤誠,2026,2,balance_sheet,庫藏股票,,--,sii,https://mopsov.twse.com.tw/mops/web/ajax_t163sb05
中游,伺服器滑軌與機殼,8210,勤誠,2026,2,balance_sheet,歸屬於母公司業主之權益合計,12470556,"12,470,556",sii,https://mopsov.twse.com.tw/mops/web/ajax_t163sb05
中游,伺服器滑軌與機殼,8210,勤誠,2026,2,balance_sheet,共同控制下前手權益,,--,sii,https://mopsov.twse.com.tw/mops/web/ajax_t163sb05
中游,伺服器滑軌與機殼,8210,勤誠,2026,2,balance_sheet,合併前非屬共同控制股權,,--,sii,https://mopsov.twse.com.tw/mops/web/ajax_t163sb05
中游,伺服器滑軌與機殼,8210,勤誠,2026,2,balance_sheet,非控制權益,242046,"242,046",sii,https://mopsov.twse.com.tw/mops/web/ajax_t163sb05
中游,伺服器滑軌與機殼,8210,勤誠,2026,2,balance_sheet,權益總計,12712602,"12,712,602",sii,https://mopsov.twse.com.tw/mops/web/ajax_t163sb05
中游,伺服器滑軌與機殼,8210,勤誠,2026,2,balance_sheet,待註銷股本股數（單位：股）,0,0,sii,https://mopsov.twse.com.tw/mops/web/ajax_t163sb05
中游,伺服器滑軌與機殼,8210,勤誠,2026,2,balance_sheet,預收股款（權益項下）之約當發行股數（單位：股）,0,0,sii,https://mopsov.twse.com.tw/mops/web/ajax_t163sb05
中游,伺服器滑軌與機殼,8210,勤誠,2026,2,balance_sheet,母公司暨子公司所持有之母公司庫藏股股數（單位：股）,0,0,sii,https://mopsov.twse.com.tw/mops/web/ajax_t163sb05
中游,伺服器滑軌與機殼,8210,勤誠,2026,2,balance_sheet,每股參考淨值,99.51,99.51,sii,https://mopsov.twse.com.tw/mops/web/ajax_t163sb05
中游,伺服器滑軌與機殼,6584,南俊國際,2026,2,balance_sheet,流動資產,2263996,"2,263,996",otc,https://mopsov.twse.com.tw/mops/web/ajax_t163sb05
中游,伺服器滑軌與機殼,6584,南俊國際,2026,2,balance_sheet,非流動資產,3221453,"3,221,453",otc,https://mopsov.twse.com.tw/mops/web/ajax_t163sb05
中游,伺服器滑軌與機殼,6584,南俊國際,2026,2,balance_sheet,資產總計,5485449,"5,485,449",otc,https://mopsov.twse.com.tw/mops/web/ajax_t163sb05
中游,伺服器滑軌與機殼,6584,南俊國際,2026,2,balance_sheet,流動負債,1228754,"1,228,754",otc,https://mopsov.twse.com.tw/mops/web/ajax_t163sb05
中游,伺服器滑軌與機殼,6584,南俊國際,2026,2,balance_sheet,非流動負債,535145,"535,145",otc,https://mopsov.twse.com.tw/mops/web/ajax_t163sb05
中游,伺服器滑軌與機殼,6584,南俊國際,2026,2,balance_sheet,負債總計,1763899,"1,763,899",otc,https://mopsov.twse.com.tw/mops/web/ajax_t163sb05
中游,伺服器滑軌與機殼,6584,南俊國際,2026,2,balance_sheet,股本,712659,"712,659",otc,https://mopsov.twse.com.tw/mops/web/ajax_t163sb05
中游,伺服器滑軌與機殼,6584,南俊國際,2026,2,balance_sheet,權益─具證券性質之虛擬通貨,,--,otc,https://mopsov.twse.com.tw/mops/web/ajax_t163sb05
中游,伺服器滑軌與機殼,6584,南俊國際,2026,2,balance_sheet,資本公積,1753369,"1,753,369",otc,https://mopsov.twse.com.tw/mops/web/ajax_t163sb05
中游,伺服器滑軌與機殼,6584,南俊國際,2026,2,balance_sheet,保留盈餘,1278427,"1,278,427",otc,https://mopsov.twse.com.tw/mops/web/ajax_t163sb05
中游,伺服器滑軌與機殼,6584,南俊國際,2026,2,balance_sheet,其他權益,-20329,"-20,329",otc,https://mopsov.twse.com.tw/mops/web/ajax_t163sb05
中游,伺服器滑軌與機殼,6584,南俊國際,2026,2,balance_sheet,庫藏股票,-2576,"-2,576",otc,https://mopsov.twse.com.tw/mops/web/ajax_t163sb05
中游,伺服器滑軌與機殼,6584,南俊國際,2026,2,balance_sheet,歸屬於母公司業主之權益合計,3721550,"3,721,550",otc,https://mopsov.twse.com.tw/mops/web/ajax_t163sb05
中游,伺服器滑軌與機殼,6584,南俊國際,2026,2,balance_sheet,共同控制下前手權益,,--,otc,https://mopsov.twse.com.tw/mops/web/ajax_t163sb05
中游,伺服器滑軌與機殼,6584,南俊國際,2026,2,balance_sheet,合併前非屬共同控制股權,,--,otc,https://mopsov.twse.com.tw/mops/web/ajax_t163sb05
中游,伺服器滑軌與機殼,6584,南俊國際,2026,2,balance_sheet,非控制權益,,--,otc,https://mopsov.twse.com.tw/mops/web/ajax_t163sb05
中游,伺服器滑軌與機殼,6584,南俊國際,2026,2,balance_sheet,權益總計,3721550,"3,721,550",otc,https://mopsov.twse.com.tw/mops/web/ajax_t163sb05
中游,伺服器滑軌與機殼,6584,南俊國際,2026,2,balance_sheet,待註銷股本股數（單位：股）,0,0,otc,https://mopsov.twse.com.tw/mops/web/ajax_t163sb05
中游,伺服器滑軌與機殼,6584,南俊國際,2026,2,balance_sheet,預收股款（權益項下）之約當發行股數（單位：股）,0,0,otc,https://mopsov.twse.com.tw/mops/web/ajax_t163sb05
中游,伺服器滑軌與機殼,6584,南俊國際,2026,2,balance_sheet,母公司暨子公司所持有之母公司庫藏股股數（單位：股）,23000,"23,000",otc,https://mopsov.twse.com.tw/mops/web/ajax_t163sb05
中游,伺服器滑軌與機殼,6584,南俊國際,2026,2,balance_sheet,每股參考淨值,52.24,52.24,otc,https://mopsov.twse.com.tw/mops/web/ajax_t163sb05
中游,伺服器滑軌與機殼,2059,川湖,2026,2,cash_flow,營業活動之淨現金流入（流出）,5773574,"5,773,574",sii,https://mopsov.twse.com.tw/mops/web/ajax_t163sb20
中游,伺服器滑軌與機殼,2059,川湖,2026,2,cash_flow,投資活動之淨現金流入（流出）,-504487,"-504,487",sii,https://mopsov.twse.com.tw/mops/web/ajax_t163sb20
中游,伺服器滑軌與機殼,2059,川湖,2026,2,cash_flow,籌資活動之淨現金流入（流出）,-180158,"-180,158",sii,https://mopsov.twse.com.tw/mops/web/ajax_t163sb20
中游,伺服器滑軌與機殼,2059,川湖,2026,2,cash_flow,匯率變動對現金及約當現金之影響,215630,"215,630",sii,https://mopsov.twse.com.tw/mops/web/ajax_t163sb20
中游,伺服器滑軌與機殼,2059,川湖,2026,2,cash_flow,本期現金及約當現金增加（減少）數,5304559,"5,304,559",sii,https://mopsov.twse.com.tw/mops/web/ajax_t163sb20
中游,伺服器滑軌與機殼,2059,川湖,2026,2,cash_flow,期初現金及約當現金餘額,24079620,"24,079,620",sii,https://mopsov.twse.com.tw/mops/web/ajax_t163sb20
中游,伺服器滑軌與機殼,2059,川湖,2026,2,cash_flow,期末現金及約當現金餘額,29384179,"29,384,179",sii,https://mopsov.twse.com.tw/mops/web/ajax_t163sb20
中游,伺服器滑軌與機殼,8210,勤誠,2026,2,cash_flow,營業活動之淨現金流入（流出）,2704497,"2,704,497",sii,https://mopsov.twse.com.tw/mops/web/ajax_t163sb20
中游,伺服器滑軌與機殼,8210,勤誠,2026,2,cash_flow,投資活動之淨現金流入（流出）,-1552458,"-1,552,458",sii,https://mopsov.twse.com.tw/mops/web/ajax_t163sb20
中游,伺服器滑軌與機殼,8210,勤誠,2026,2,cash_flow,籌資活動之淨現金流入（流出）,1898039,"1,898,039",sii,https://mopsov.twse.com.tw/mops/web/ajax_t163sb20
中游,伺服器滑軌與機殼,8210,勤誠,2026,2,cash_flow,匯率變動對現金及約當現金之影響,74038,"74,038",sii,https://mopsov.twse.com.tw/mops/web/ajax_t163sb20
中游,伺服器滑軌與機殼,8210,勤誠,2026,2,cash_flow,本期現金及約當現金增加（減少）數,3124116,"3,124,116",sii,https://mopsov.twse.com.tw/mops/web/ajax_t163sb20
中游,伺服器滑軌與機殼,8210,勤誠,2026,2,cash_flow,期初現金及約當現金餘額,5688287,"5,688,287",sii,https://mopsov.twse.com.tw/mops/web/ajax_t163sb20
中游,伺服器滑軌與機殼,8210,勤誠,2026,2,cash_flow,期末現金及約當現金餘額,8812403,"8,812,403",sii,https://mopsov.twse.com.tw/mops/web/ajax_t163sb20
中游,伺服器滑軌與機殼,6584,南俊國際,2026,2,cash_flow,營業活動之淨現金流入（流出）,220944,"220,944",otc,https://mopsov.twse.com.tw/mops/web/ajax_t163sb20
中游,伺服器滑軌與機殼,6584,南俊國際,2026,2,cash_flow,投資活動之淨現金流入（流出）,-496519,"-496,519",otc,https://mopsov.twse.com.tw/mops/web/ajax_t163sb20
中游,伺服器滑軌與機殼,6584,南俊國際,2026,2,cash_flow,籌資活動之淨現金流入（流出）,568720,"568,720",otc,https://mopsov.twse.com.tw/mops/web/ajax_t163sb20
中游,伺服器滑軌與機殼,6584,南俊國際,2026,2,cash_flow,匯率變動對現金及約當現金之影響,1907,"1,907",otc,https://mopsov.twse.com.tw/mops/web/ajax_t163sb20
中游,伺服器滑軌與機殼,6584,南俊國際,2026,2,cash_flow,本期現金及約當現金增加（減少）數,295052,"295,052",otc,https://mopsov.twse.com.tw/mops/web/ajax_t163sb20
中游,伺服器滑軌與機殼,6584,南俊國際,2026,2,cash_flow,期初現金及約當現金餘額,467172,"467,172",otc,https://mopsov.twse.com.tw/mops/web/ajax_t163sb20
中游,伺服器滑軌與機殼,6584,南俊國際,2026,2,cash_flow,期末現金及約當現金餘額,762224,"762,224",otc,https://mopsov.twse.com.tw/mops/web/ajax_t163sb20
