stage,category,stock_id,company_name,year,quarter,statement,account,value,raw_value,market,source_url
下游,邊緣運算_工業AI,2395,研華,2013,1,income_statement,營業收入,6629587,"6,629,587",sii,https://mopsov.twse.com.tw/mops/web/ajax_t163sb04
下游,邊緣運算_工業AI,2395,研華,2013,1,income_statement,營業成本,3863638,"3,863,638",sii,https://mopsov.twse.com.tw/mops/web/ajax_t163sb04
下游,邊緣運算_工業AI,2395,研華,2013,1,income_statement,營業毛利（毛損）,2765949,"2,765,949",sii,https://mopsov.twse.com.tw/mops/web/ajax_t163sb04
下游,邊緣運算_工業AI,2395,研華,2013,1,income_statement,未實現銷貨（損）益,,--,sii,https://mopsov.twse.com.tw/mops/web/ajax_t163sb04
下游,邊緣運算_工業AI,2395,研華,2013,1,income_statement,已實現銷貨（損）益,,--,sii,https://mopsov.twse.com.tw/mops/web/ajax_t163sb04
下游,邊緣運算_工業AI,2395,研華,2013,1,income_statement,營業毛利（毛損）淨額,2765949,"2,765,949",sii,https://mopsov.twse.com.tw/mops/web/ajax_t163sb04
下游,邊緣運算_工業AI,2395,研華,2013,1,income_statement,營業費用,1800967,"1,800,967",sii,https://mopsov.twse.com.tw/mops/web/ajax_t163sb04
下游,邊緣運算_工業AI,2395,研華,2013,1,income_statement,其他收益及費損淨額,,--,sii,https://mopsov.twse.com.tw/mops/web/ajax_t163sb04
下游,邊緣運算_工業AI,2395,研華,2013,1,income_statement,營業利益（損失）,964982,"964,982",sii,https://mopsov.twse.com.tw/mops/web/ajax_t163sb04
下游,邊緣運算_工業AI,2395,研華,2013,1,income_statement,營業外收入及支出,102402,"102,402",sii,https://mopsov.twse.com.tw/mops/web/ajax_t163sb04
下游,邊緣運算_工業AI,2395,研華,2013,1,income_statement,稅前淨利（淨損）,1067384,"1,067,384",sii,https://mopsov.twse.com.tw/mops/web/ajax_t163sb04
下游,邊緣運算_工業AI,2395,研華,2013,1,income_statement,所得稅費用（利益）,200416,"200,416",sii,https://mopsov.twse.com.tw/mops/web/ajax_t163sb04
下游,邊緣運算_工業AI,2395,研華,2013,1,income_statement,繼續營業單位本期淨利（淨損）,866968,"866,968",sii,https://mopsov.twse.com.tw/mops/web/ajax_t163sb04
下游,邊緣運算_工業AI,2395,研華,2013,1,income_statement,停業單位損益,,--,sii,https://mopsov.twse.com.tw/mops/web/ajax_t163sb04
下游,邊緣運算_工業AI,2395,研華,2013,1,income_statement,合併前非屬共同控制股權損益,,--,sii,https://mopsov.twse.com.tw/mops/web/ajax_t163sb04
下游,邊緣運算_工業AI,2395,研華,2013,1,income_statement,本期淨利（淨損）,866968,"866,968",sii,https://mopsov.twse.com.tw/mops/web/ajax_t163sb04
下游,邊緣運算_工業AI,2395,研華,2013,1,income_statement,其他綜合損益（淨額）,369330,"369,330",sii,https://mopsov.twse.com.tw/mops/web/ajax_t163sb04
下游,邊緣運算_工業AI,2395,研華,2013,1,income_statement,合併前非屬共同控制股權綜合損益淨額,,--,sii,https://mopsov.twse.com.tw/mops/web/ajax_t163sb04
下游,邊緣運算_工業AI,2395,研華,2013,1,income_statement,本期綜合損益總額,1236298,"1,236,298",sii,https://mopsov.twse.com.tw/mops/web/ajax_t163sb04
下游,邊緣運算_工業AI,2395,研華,2013,1,income_statement,淨利（淨損）歸屬於母公司業主,859867,"859,867",sii,https://mopsov.twse.com.tw/mops/web/ajax_t163sb04
下游,邊緣運算_工業AI,2395,研華,2013,1,income_statement,淨利（淨損）歸屬於共同控制下前手權益,,--,sii,https://mopsov.twse.com.tw/mops/web/ajax_t163sb04
下游,邊緣運算_工業AI,2395,研華,2013,1,income_statement,淨利（淨損）歸屬於非控制權益,7101,"7,101",sii,https://mopsov.twse.com.tw/mops/web/ajax_t163sb04
下游,邊緣運算_工業AI,2395,研華,2013,1,income_statement,綜合損益總額歸屬於母公司業主,1225352,"1,225,352",sii,https://mopsov.twse.com.tw/mops/web/ajax_t163sb04
下游,邊緣運算_工業AI,2395,研華,2013,1,income_statement,綜合損益總額歸屬於共同控制下前手權益,,--,sii,https://mopsov.twse.com.tw/mops/web/ajax_t163sb04
下游,邊緣運算_工業AI,2395,研華,2013,1,income_statement,綜合損益總額歸屬於非控制權益,10946,"10,946",sii,https://mopsov.twse.com.tw/mops/web/ajax_t163sb04
下游,邊緣運算_工業AI,2395,研華,2013,1,income_statement,基本每股盈餘（元）,1.52,1.52,sii,https://mopsov.twse.com.tw/mops/web/ajax_t163sb04
下游,邊緣運算_工業AI,6166,凌華,2013,1,income_statement,營業收入,1351234,"1,351,234",sii,https://mopsov.twse.com.tw/mops/web/ajax_t163sb04
下游,邊緣運算_工業AI,6166,凌華,2013,1,income_statement,營業成本,800410,"800,410",sii,https://mopsov.twse.com.tw/mops/web/ajax_t163sb04
下游,邊緣運算_工業AI,6166,凌華,2013,1,income_statement,營業毛利（毛損）,550824,"550,824",sii,https://mopsov.twse.com.tw/mops/web/ajax_t163sb04
下游,邊緣運算_工業AI,6166,凌華,2013,1,income_statement,未實現銷貨（損）益,,--,sii,https://mopsov.twse.com.tw/mops/web/ajax_t163sb04
下游,邊緣運算_工業AI,6166,凌華,2013,1,income_statement,已實現銷貨（損）益,,--,sii,https://mopsov.twse.com.tw/mops/web/ajax_t163sb04
下游,邊緣運算_工業AI,6166,凌華,2013,1,income_statement,營業毛利（毛損）淨額,550824,"550,824",sii,https://mopsov.twse.com.tw/mops/web/ajax_t163sb04
下游,邊緣運算_工業AI,6166,凌華,2013,1,income_statement,營業費用,494903,"494,903",sii,https://mopsov.twse.com.tw/mops/web/ajax_t163sb04
下游,邊緣運算_工業AI,6166,凌華,2013,1,income_statement,其他收益及費損淨額,,--,sii,https://mopsov.twse.com.tw/mops/web/ajax_t163sb04
下游,邊緣運算_工業AI,6166,凌華,2013,1,income_statement,營業利益（損失）,55921,"55,921",sii,https://mopsov.twse.com.tw/mops/web/ajax_t163sb04
下游,邊緣運算_工業AI,6166,凌華,2013,1,income_statement,營業外收入及支出,133,133,sii,https://mopsov.twse.com.tw/mops/web/ajax_t163sb04
下游,邊緣運算_工業AI,6166,凌華,2013,1,income_statement,稅前淨利（淨損）,56054,"56,054",sii,https://mopsov.twse.com.tw/mops/web/ajax_t163sb04
下游,邊緣運算_工業AI,6166,凌華,2013,1,income_statement,所得稅費用（利益）,10757,"10,757",sii,https://mopsov.twse.com.tw/mops/web/ajax_t163sb04
下游,邊緣運算_工業AI,6166,凌華,2013,1,income_statement,繼續營業單位本期淨利（淨損）,45297,"45,297",sii,https://mopsov.twse.com.tw/mops/web/ajax_t163sb04
下游,邊緣運算_工業AI,6166,凌華,2013,1,income_statement,停業單位損益,,--,sii,https://mopsov.twse.com.tw/mops/web/ajax_t163sb04
下游,邊緣運算_工業AI,6166,凌華,2013,1,income_statement,合併前非屬共同控制股權損益,,--,sii,https://mopsov.twse.com.tw/mops/web/ajax_t163sb04
下游,邊緣運算_工業AI,6166,凌華,2013,1,income_statement,本期淨利（淨損）,45297,"45,297",sii,https://mopsov.twse.com.tw/mops/web/ajax_t163sb04
下游,邊緣運算_工業AI,6166,凌華,2013,1,income_statement,其他綜合損益（淨額）,32489,"32,489",sii,https://mopsov.twse.com.tw/mops/web/ajax_t163sb04
下游,邊緣運算_工業AI,6166,凌華,2013,1,income_statement,合併前非屬共同控制股權綜合損益淨額,,--,sii,https://mopsov.twse.com.tw/mops/web/ajax_t163sb04
下游,邊緣運算_工業AI,6166,凌華,2013,1,income_statement,本期綜合損益總額,77786,"77,786",sii,https://mopsov.twse.com.tw/mops/web/ajax_t163sb04
下游,邊緣運算_工業AI,6166,凌華,2013,1,income_statement,淨利（淨損）歸屬於母公司業主,45254,"45,254",sii,https://mopsov.twse.com.tw/mops/web/ajax_t163sb04
下游,邊緣運算_工業AI,6166,凌華,2013,1,income_statement,淨利（淨損）歸屬於共同控制下前手權益,,--,sii,https://mopsov.twse.com.tw/mops/web/ajax_t163sb04
下游,邊緣運算_工業AI,6166,凌華,2013,1,income_statement,淨利（淨損）歸屬於非控制權益,43,43,sii,https://mopsov.twse.com.tw/mops/web/ajax_t163sb04
下游,邊緣運算_工業AI,6166,凌華,2013,1,income_statement,綜合損益總額歸屬於母公司業主,77958,"77,958",sii,https://mopsov.twse.com.tw/mops/web/ajax_t163sb04
下游,邊緣運算_工業AI,6166,凌華,2013,1,income_statement,綜合損益總額歸屬於共同控制下前手權益,,--,sii,https://mopsov.twse.com.tw/mops/web/ajax_t163sb04
下游,邊緣運算_工業AI,6166,凌華,2013,1,income_statement,綜合損益總額歸屬於非控制權益,-172,-172,sii,https://mopsov.twse.com.tw/mops/web/ajax_t163sb04
下游,邊緣運算_工業AI,6166,凌華,2013,1,income_statement,基本每股盈餘（元）,0.27,0.27,sii,https://mopsov.twse.com.tw/mops/web/ajax_t163sb04
下游,邊緣運算_工業AI,2395,研華,2013,1,balance_sheet,流動資產,15235639,"15,235,639",sii,https://mopsov.twse.com.tw/mops/web/ajax_t163sb05
下游,邊緣運算_工業AI,2395,研華,2013,1,balance_sheet,非流動資產,10705024,"10,705,024",sii,https://mopsov.twse.com.tw/mops/web/ajax_t163sb05
下游,邊緣運算_工業AI,2395,研華,2013,1,balance_sheet,資產總額,25940663,"25,940,663",sii,https://mopsov.twse.com.tw/mops/web/ajax_t163sb05
下游,邊緣運算_工業AI,2395,研華,2013,1,balance_sheet,流動負債,6043542,"6,043,542",sii,https://mopsov.twse.com.tw/mops/web/ajax_t163sb05
下游,邊緣運算_工業AI,2395,研華,2013,1,balance_sheet,非流動負債,863430,"863,430",sii,https://mopsov.twse.com.tw/mops/web/ajax_t163sb05
下游,邊緣運算_工業AI,2395,研華,2013,1,balance_sheet,負債總額,6906972,"6,906,972",sii,https://mopsov.twse.com.tw/mops/web/ajax_t163sb05
下游,邊緣運算_工業AI,2395,研華,2013,1,balance_sheet,股本,5652059,"5,652,059",sii,https://mopsov.twse.com.tw/mops/web/ajax_t163sb05
下游,邊緣運算_工業AI,2395,研華,2013,1,balance_sheet,資本公積,4763416,"4,763,416",sii,https://mopsov.twse.com.tw/mops/web/ajax_t163sb05
下游,邊緣運算_工業AI,2395,研華,2013,1,balance_sheet,保留盈餘,8071506,"8,071,506",sii,https://mopsov.twse.com.tw/mops/web/ajax_t163sb05
下游,邊緣運算_工業AI,2395,研華,2013,1,balance_sheet,其他權益,430084,"430,084",sii,https://mopsov.twse.com.tw/mops/web/ajax_t163sb05
下游,邊緣運算_工業AI,2395,研華,2013,1,balance_sheet,庫藏股票,0,0,sii,https://mopsov.twse.com.tw/mops/web/ajax_t163sb05
下游,邊緣運算_工業AI,2395,研華,2013,1,balance_sheet,歸屬於母公司業主之權益合計,18917065,"18,917,065",sii,https://mopsov.twse.com.tw/mops/web/ajax_t163sb05
下游,邊緣運算_工業AI,2395,研華,2013,1,balance_sheet,共同控制下前手權益,,--,sii,https://mopsov.twse.com.tw/mops/web/ajax_t163sb05
下游,邊緣運算_工業AI,2395,研華,2013,1,balance_sheet,合併前非屬共同控制股權,,--,sii,https://mopsov.twse.com.tw/mops/web/ajax_t163sb05
下游,邊緣運算_工業AI,2395,研華,2013,1,balance_sheet,非控制權益,116626,"116,626",sii,https://mopsov.twse.com.tw/mops/web/ajax_t163sb05
下游,邊緣運算_工業AI,2395,研華,2013,1,balance_sheet,權益總額,19033691,"19,033,691",sii,https://mopsov.twse.com.tw/mops/web/ajax_t163sb05
下游,邊緣運算_工業AI,2395,研華,2013,1,balance_sheet,預收股款（權益項下）之約當發行股數（單位：股）,0,0,sii,https://mopsov.twse.com.tw/mops/web/ajax_t163sb05
下游,邊緣運算_工業AI,2395,研華,2013,1,balance_sheet,母公司暨子公司所持有之母公司庫藏股股數（單位：股）,0,0,sii,https://mopsov.twse.com.tw/mops/web/ajax_t163sb05
下游,邊緣運算_工業AI,2395,研華,2013,1,balance_sheet,每股參考淨值,33.47,33.47,sii,https://mopsov.twse.com.tw/mops/web/ajax_t163sb05
下游,邊緣運算_工業AI,6166,凌華,2013,1,balance_sheet,流動資產,3550745,"3,550,745",sii,https://mopsov.twse.com.tw/mops/web/ajax_t163sb05
下游,邊緣運算_工業AI,6166,凌華,2013,1,balance_sheet,非流動資產,1698372,"1,698,372",sii,https://mopsov.twse.com.tw/mops/web/ajax_t163sb05
下游,邊緣運算_工業AI,6166,凌華,2013,1,balance_sheet,資產總額,5249117,"5,249,117",sii,https://mopsov.twse.com.tw/mops/web/ajax_t163sb05
下游,邊緣運算_工業AI,6166,凌華,2013,1,balance_sheet,流動負債,1962341,"1,962,341",sii,https://mopsov.twse.com.tw/mops/web/ajax_t163sb05
下游,邊緣運算_工業AI,6166,凌華,2013,1,balance_sheet,非流動負債,304294,"304,294",sii,https://mopsov.twse.com.tw/mops/web/ajax_t163sb05
下游,邊緣運算_工業AI,6166,凌華,2013,1,balance_sheet,負債總額,2266635,"2,266,635",sii,https://mopsov.twse.com.tw/mops/web/ajax_t163sb05
下游,邊緣運算_工業AI,6166,凌華,2013,1,balance_sheet,股本,1707094,"1,707,094",sii,https://mopsov.twse.com.tw/mops/web/ajax_t163sb05
下游,邊緣運算_工業AI,6166,凌華,2013,1,balance_sheet,資本公積,597881,"597,881",sii,https://mopsov.twse.com.tw/mops/web/ajax_t163sb05
下游,邊緣運算_工業AI,6166,凌華,2013,1,balance_sheet,保留盈餘,636481,"636,481",sii,https://mopsov.twse.com.tw/mops/web/ajax_t163sb05
下游,邊緣運算_工業AI,6166,凌華,2013,1,balance_sheet,其他權益,35764,"35,764",sii,https://mopsov.twse.com.tw/mops/web/ajax_t163sb05
下游,邊緣運算_工業AI,6166,凌華,2013,1,balance_sheet,庫藏股票,,--,sii,https://mopsov.twse.com.tw/mops/web/ajax_t163sb05
下游,邊緣運算_工業AI,6166,凌華,2013,1,balance_sheet,歸屬於母公司業主之權益合計,2977220,"2,977,220",sii,https://mopsov.twse.com.tw/mops/web/ajax_t163sb05
下游,邊緣運算_工業AI,6166,凌華,2013,1,balance_sheet,共同控制下前手權益,,--,sii,https://mopsov.twse.com.tw/mops/web/ajax_t163sb05
下游,邊緣運算_工業AI,6166,凌華,2013,1,balance_sheet,合併前非屬共同控制股權,,--,sii,https://mopsov.twse.com.tw/mops/web/ajax_t163sb05
下游,邊緣運算_工業AI,6166,凌華,2013,1,balance_sheet,非控制權益,5262,"5,262",sii,https://mopsov.twse.com.tw/mops/web/ajax_t163sb05
下游,邊緣運算_工業AI,6166,凌華,2013,1,balance_sheet,權益總額,2982482,"2,982,482",sii,https://mopsov.twse.com.tw/mops/web/ajax_t163sb05
下游,邊緣運算_工業AI,6166,凌華,2013,1,balance_sheet,預收股款（權益項下）之約當發行股數（單位：股）,0,0,sii,https://mopsov.twse.com.tw/mops/web/ajax_t163sb05
下游,邊緣運算_工業AI,6166,凌華,2013,1,balance_sheet,母公司暨子公司所持有之母公司庫藏股股數（單位：股）,0,0,sii,https://mopsov.twse.com.tw/mops/web/ajax_t163sb05
下游,邊緣運算_工業AI,6166,凌華,2013,1,balance_sheet,每股參考淨值,17.44,17.44,sii,https://mopsov.twse.com.tw/mops/web/ajax_t163sb05
下游,邊緣運算_工業AI,2395,研華,2013,1,cash_flow,營業活動之淨現金流入（流出）,784845,"784,845",sii,https://mopsov.twse.com.tw/mops/web/ajax_t163sb20
下游,邊緣運算_工業AI,2395,研華,2013,1,cash_flow,投資活動之淨現金流入（流出）,-1491252,"-1,491,252",sii,https://mopsov.twse.com.tw/mops/web/ajax_t163sb20
下游,邊緣運算_工業AI,2395,研華,2013,1,cash_flow,籌資活動之淨現金流入（流出）,43575,"43,575",sii,https://mopsov.twse.com.tw/mops/web/ajax_t163sb20
下游,邊緣運算_工業AI,2395,研華,2013,1,cash_flow,匯率變動對現金及約當現金之影響,163857,"163,857",sii,https://mopsov.twse.com.tw/mops/web/ajax_t163sb20
下游,邊緣運算_工業AI,2395,研華,2013,1,cash_flow,本期現金及約當現金增加（減少）數,-498975,"-498,975",sii,https://mopsov.twse.com.tw/mops/web/ajax_t163sb20
下游,邊緣運算_工業AI,2395,研華,2013,1,cash_flow,期初現金及約當現金餘額,3272043,"3,272,043",sii,https://mopsov.twse.com.tw/mops/web/ajax_t163sb20
下游,邊緣運算_工業AI,2395,研華,2013,1,cash_flow,期末現金及約當現金餘額,2773068,"2,773,068",sii,https://mopsov.twse.com.tw/mops/web/ajax_t163sb20
下游,邊緣運算_工業AI,6166,凌華,2013,1,cash_flow,營業活動之淨現金流入（流出）,175544,"175,544",sii,https://mopsov.twse.com.tw/mops/web/ajax_t163sb20
下游,邊緣運算_工業AI,6166,凌華,2013,1,cash_flow,投資活動之淨現金流入（流出）,-70406,"-70,406",sii,https://mopsov.twse.com.tw/mops/web/ajax_t163sb20
下游,邊緣運算_工業AI,6166,凌華,2013,1,cash_flow,籌資活動之淨現金流入（流出）,168014,"168,014",sii,https://mopsov.twse.com.tw/mops/web/ajax_t163sb20
下游,邊緣運算_工業AI,6166,凌華,2013,1,cash_flow,匯率變動對現金及約當現金之影響,7358,"7,358",sii,https://mopsov.twse.com.tw/mops/web/ajax_t163sb20
下游,邊緣運算_工業AI,6166,凌華,2013,1,cash_flow,本期現金及約當現金增加（減少）數,280510,"280,510",sii,https://mopsov.twse.com.tw/mops/web/ajax_t163sb20
下游,邊緣運算_工業AI,6166,凌華,2013,1,cash_flow,期初現金及約當現金餘額,743308,"743,308",sii,https://mopsov.twse.com.tw/mops/web/ajax_t163sb20
下游,邊緣運算_工業AI,6166,凌華,2013,1,cash_flow,期末現金及約當現金餘額,1023818,"1,023,818",sii,https://mopsov.twse.com.tw/mops/web/ajax_t163sb20
下游,邊緣運算_工業AI,2395,研華,2013,2,income_statement,營業收入,14438224,"14,438,224",sii,https://mopsov.twse.com.tw/mops/web/ajax_t163sb04
下游,邊緣運算_工業AI,2395,研華,2013,2,income_statement,營業成本,8477310,"8,477,310",sii,https://mopsov.twse.com.tw/mops/web/ajax_t163sb04
下游,邊緣運算_工業AI,2395,研華,2013,2,income_statement,營業毛利（毛損）,5960914,"5,960,914",sii,https://mopsov.twse.com.tw/mops/web/ajax_t163sb04
下游,邊緣運算_工業AI,2395,研華,2013,2,income_statement,未實現銷貨（損）益,,--,sii,https://mopsov.twse.com.tw/mops/web/ajax_t163sb04
下游,邊緣運算_工業AI,2395,研華,2013,2,income_statement,已實現銷貨（損）益,,--,sii,https://mopsov.twse.com.tw/mops/web/ajax_t163sb04
下游,邊緣運算_工業AI,2395,研華,2013,2,income_statement,營業毛利（毛損）淨額,5960914,"5,960,914",sii,https://mopsov.twse.com.tw/mops/web/ajax_t163sb04
下游,邊緣運算_工業AI,2395,研華,2013,2,income_statement,營業費用,3700758,"3,700,758",sii,https://mopsov.twse.com.tw/mops/web/ajax_t163sb04
下游,邊緣運算_工業AI,2395,研華,2013,2,income_statement,其他收益及費損淨額,,--,sii,https://mopsov.twse.com.tw/mops/web/ajax_t163sb04
下游,邊緣運算_工業AI,2395,研華,2013,2,income_statement,營業利益（損失）,2260156,"2,260,156",sii,https://mopsov.twse.com.tw/mops/web/ajax_t163sb04
下游,邊緣運算_工業AI,2395,研華,2013,2,income_statement,營業外收入及支出,229469,"229,469",sii,https://mopsov.twse.com.tw/mops/web/ajax_t163sb04
下游,邊緣運算_工業AI,2395,研華,2013,2,income_statement,稅前淨利（淨損）,2489625,"2,489,625",sii,https://mopsov.twse.com.tw/mops/web/ajax_t163sb04
下游,邊緣運算_工業AI,2395,研華,2013,2,income_statement,所得稅費用（利益）,496616,"496,616",sii,https://mopsov.twse.com.tw/mops/web/ajax_t163sb04
下游,邊緣運算_工業AI,2395,研華,2013,2,income_statement,繼續營業單位本期淨利（淨損）,1993009,"1,993,009",sii,https://mopsov.twse.com.tw/mops/web/ajax_t163sb04
下游,邊緣運算_工業AI,2395,研華,2013,2,income_statement,停業單位損益,,--,sii,https://mopsov.twse.com.tw/mops/web/ajax_t163sb04
下游,邊緣運算_工業AI,2395,研華,2013,2,income_statement,合併前非屬共同控制股權損益,,--,sii,https://mopsov.twse.com.tw/mops/web/ajax_t163sb04
下游,邊緣運算_工業AI,2395,研華,2013,2,income_statement,本期淨利（淨損）,1993009,"1,993,009",sii,https://mopsov.twse.com.tw/mops/web/ajax_t163sb04
下游,邊緣運算_工業AI,2395,研華,2013,2,income_statement,其他綜合損益（淨額）,-63005,"-63,005",sii,https://mopsov.twse.com.tw/mops/web/ajax_t163sb04
下游,邊緣運算_工業AI,2395,研華,2013,2,income_statement,合併前非屬共同控制股權綜合損益淨額,,--,sii,https://mopsov.twse.com.tw/mops/web/ajax_t163sb04
下游,邊緣運算_工業AI,2395,研華,2013,2,income_statement,本期綜合損益總額,1930004,"1,930,004",sii,https://mopsov.twse.com.tw/mops/web/ajax_t163sb04
下游,邊緣運算_工業AI,2395,研華,2013,2,income_statement,淨利（淨損）歸屬於母公司業主,1978960,"1,978,960",sii,https://mopsov.twse.com.tw/mops/web/ajax_t163sb04
下游,邊緣運算_工業AI,2395,研華,2013,2,income_statement,淨利（淨損）歸屬於共同控制下前手權益,,--,sii,https://mopsov.twse.com.tw/mops/web/ajax_t163sb04
下游,邊緣運算_工業AI,2395,研華,2013,2,income_statement,淨利（淨損）歸屬於非控制權益,14049,"14,049",sii,https://mopsov.twse.com.tw/mops/web/ajax_t163sb04
下游,邊緣運算_工業AI,2395,研華,2013,2,income_statement,綜合損益總額歸屬於母公司業主,1915081,"1,915,081",sii,https://mopsov.twse.com.tw/mops/web/ajax_t163sb04
下游,邊緣運算_工業AI,2395,研華,2013,2,income_statement,綜合損益總額歸屬於共同控制下前手權益,,--,sii,https://mopsov.twse.com.tw/mops/web/ajax_t163sb04
下游,邊緣運算_工業AI,2395,研華,2013,2,income_statement,綜合損益總額歸屬於非控制權益,14923,"14,923",sii,https://mopsov.twse.com.tw/mops/web/ajax_t163sb04
下游,邊緣運算_工業AI,2395,研華,2013,2,income_statement,基本每股盈餘（元）,3.5,3.50,sii,https://mopsov.twse.com.tw/mops/web/ajax_t163sb04
下游,邊緣運算_工業AI,6166,凌華,2013,2,income_statement,營業收入,3167662,"3,167,662",sii,https://mopsov.twse.com.tw/mops/web/ajax_t163sb04
下游,邊緣運算_工業AI,6166,凌華,2013,2,income_statement,營業成本,1868948,"1,868,948",sii,https://mopsov.twse.com.tw/mops/web/ajax_t163sb04
下游,邊緣運算_工業AI,6166,凌華,2013,2,income_statement,營業毛利（毛損）,1298714,"1,298,714",sii,https://mopsov.twse.com.tw/mops/web/ajax_t163sb04
下游,邊緣運算_工業AI,6166,凌華,2013,2,income_statement,未實現銷貨（損）益,,--,sii,https://mopsov.twse.com.tw/mops/web/ajax_t163sb04
下游,邊緣運算_工業AI,6166,凌華,2013,2,income_statement,已實現銷貨（損）益,,--,sii,https://mopsov.twse.com.tw/mops/web/ajax_t163sb04
下游,邊緣運算_工業AI,6166,凌華,2013,2,income_statement,營業毛利（毛損）淨額,1298714,"1,298,714",sii,https://mopsov.twse.com.tw/mops/web/ajax_t163sb04
下游,邊緣運算_工業AI,6166,凌華,2013,2,income_statement,營業費用,1048035,"1,048,035",sii,https://mopsov.twse.com.tw/mops/web/ajax_t163sb04
下游,邊緣運算_工業AI,6166,凌華,2013,2,income_statement,其他收益及費損淨額,,--,sii,https://mopsov.twse.com.tw/mops/web/ajax_t163sb04
下游,邊緣運算_工業AI,6166,凌華,2013,2,income_statement,營業利益（損失）,250679,"250,679",sii,https://mopsov.twse.com.tw/mops/web/ajax_t163sb04
下游,邊緣運算_工業AI,6166,凌華,2013,2,income_statement,營業外收入及支出,13677,"13,677",sii,https://mopsov.twse.com.tw/mops/web/ajax_t163sb04
下游,邊緣運算_工業AI,6166,凌華,2013,2,income_statement,稅前淨利（淨損）,264356,"264,356",sii,https://mopsov.twse.com.tw/mops/web/ajax_t163sb04
下游,邊緣運算_工業AI,6166,凌華,2013,2,income_statement,所得稅費用（利益）,47363,"47,363",sii,https://mopsov.twse.com.tw/mops/web/ajax_t163sb04
下游,邊緣運算_工業AI,6166,凌華,2013,2,income_statement,繼續營業單位本期淨利（淨損）,216993,"216,993",sii,https://mopsov.twse.com.tw/mops/web/ajax_t163sb04
下游,邊緣運算_工業AI,6166,凌華,2013,2,income_statement,停業單位損益,,--,sii,https://mopsov.twse.com.tw/mops/web/ajax_t163sb04
下游,邊緣運算_工業AI,6166,凌華,2013,2,income_statement,合併前非屬共同控制股權損益,,--,sii,https://mopsov.twse.com.tw/mops/web/ajax_t163sb04
下游,邊緣運算_工業AI,6166,凌華,2013,2,income_statement,本期淨利（淨損）,216993,"216,993",sii,https://mopsov.twse.com.tw/mops/web/ajax_t163sb04
下游,邊緣運算_工業AI,6166,凌華,2013,2,income_statement,其他綜合損益（淨額）,50991,"50,991",sii,https://mopsov.twse.com.tw/mops/web/ajax_t163sb04
下游,邊緣運算_工業AI,6166,凌華,2013,2,income_statement,合併前非屬共同控制股權綜合損益淨額,,--,sii,https://mopsov.twse.com.tw/mops/web/ajax_t163sb04
下游,邊緣運算_工業AI,6166,凌華,2013,2,income_statement,本期綜合損益總額,267984,"267,984",sii,https://mopsov.twse.com.tw/mops/web/ajax_t163sb04
下游,邊緣運算_工業AI,6166,凌華,2013,2,income_statement,淨利（淨損）歸屬於母公司業主,216740,"216,740",sii,https://mopsov.twse.com.tw/mops/web/ajax_t163sb04
下游,邊緣運算_工業AI,6166,凌華,2013,2,income_statement,淨利（淨損）歸屬於共同控制下前手權益,,--,sii,https://mopsov.twse.com.tw/mops/web/ajax_t163sb04
下游,邊緣運算_工業AI,6166,凌華,2013,2,income_statement,淨利（淨損）歸屬於非控制權益,253,253,sii,https://mopsov.twse.com.tw/mops/web/ajax_t163sb04
下游,邊緣運算_工業AI,6166,凌華,2013,2,income_statement,綜合損益總額歸屬於母公司業主,268179,"268,179",sii,https://mopsov.twse.com.tw/mops/web/ajax_t163sb04
下游,邊緣運算_工業AI,6166,凌華,2013,2,income_statement,綜合損益總額歸屬於共同控制下前手權益,,--,sii,https://mopsov.twse.com.tw/mops/web/ajax_t163sb04
下游,邊緣運算_工業AI,6166,凌華,2013,2,income_statement,綜合損益總額歸屬於非控制權益,-195,-195,sii,https://mopsov.twse.com.tw/mops/web/ajax_t163sb04
下游,邊緣運算_工業AI,6166,凌華,2013,2,income_statement,基本每股盈餘（元）,1.27,1.27,sii,https://mopsov.twse.com.tw/mops/web/ajax_t163sb04
下游,邊緣運算_工業AI,2395,研華,2013,2,balance_sheet,流動資產,16423624,"16,423,624",sii,https://mopsov.twse.com.tw/mops/web/ajax_t163sb05
下游,邊緣運算_工業AI,2395,研華,2013,2,balance_sheet,非流動資產,10384986,"10,384,986",sii,https://mopsov.twse.com.tw/mops/web/ajax_t163sb05
下游,邊緣運算_工業AI,2395,研華,2013,2,balance_sheet,資產總額,26808610,"26,808,610",sii,https://mopsov.twse.com.tw/mops/web/ajax_t163sb05
下游,邊緣運算_工業AI,2395,研華,2013,2,balance_sheet,流動負債,9093928,"9,093,928",sii,https://mopsov.twse.com.tw/mops/web/ajax_t163sb05
下游,邊緣運算_工業AI,2395,研華,2013,2,balance_sheet,非流動負債,716216,"716,216",sii,https://mopsov.twse.com.tw/mops/web/ajax_t163sb05
下游,邊緣運算_工業AI,2395,研華,2013,2,balance_sheet,負債總額,9810144,"9,810,144",sii,https://mopsov.twse.com.tw/mops/web/ajax_t163sb05
下游,邊緣運算_工業AI,2395,研華,2013,2,balance_sheet,股本,5656272,"5,656,272",sii,https://mopsov.twse.com.tw/mops/web/ajax_t163sb05
下游,邊緣運算_工業AI,2395,研華,2013,2,balance_sheet,資本公積,4793858,"4,793,858",sii,https://mopsov.twse.com.tw/mops/web/ajax_t163sb05
下游,邊緣運算_工業AI,2395,研華,2013,2,balance_sheet,保留盈餘,6427013,"6,427,013",sii,https://mopsov.twse.com.tw/mops/web/ajax_t163sb05
下游,邊緣運算_工業AI,2395,研華,2013,2,balance_sheet,其他權益,720,720,sii,https://mopsov.twse.com.tw/mops/web/ajax_t163sb05
下游,邊緣運算_工業AI,2395,研華,2013,2,balance_sheet,庫藏股票,0,0,sii,https://mopsov.twse.com.tw/mops/web/ajax_t163sb05
下游,邊緣運算_工業AI,2395,研華,2013,2,balance_sheet,歸屬於母公司業主之權益合計,16877863,"16,877,863",sii,https://mopsov.twse.com.tw/mops/web/ajax_t163sb05
下游,邊緣運算_工業AI,2395,研華,2013,2,balance_sheet,共同控制下前手權益,,--,sii,https://mopsov.twse.com.tw/mops/web/ajax_t163sb05
下游,邊緣運算_工業AI,2395,研華,2013,2,balance_sheet,合併前非屬共同控制股權,,--,sii,https://mopsov.twse.com.tw/mops/web/ajax_t163sb05
下游,邊緣運算_工業AI,2395,研華,2013,2,balance_sheet,非控制權益,120603,"120,603",sii,https://mopsov.twse.com.tw/mops/web/ajax_t163sb05
下游,邊緣運算_工業AI,2395,研華,2013,2,balance_sheet,權益總額,16998466,"16,998,466",sii,https://mopsov.twse.com.tw/mops/web/ajax_t163sb05
下游,邊緣運算_工業AI,2395,研華,2013,2,balance_sheet,預收股款（權益項下）之約當發行股數（單位：股）,0,0,sii,https://mopsov.twse.com.tw/mops/web/ajax_t163sb05
下游,邊緣運算_工業AI,2395,研華,2013,2,balance_sheet,母公司暨子公司所持有之母公司庫藏股股數（單位：股）,0,0,sii,https://mopsov.twse.com.tw/mops/web/ajax_t163sb05
下游,邊緣運算_工業AI,2395,研華,2013,2,balance_sheet,每股參考淨值,29.84,29.84,sii,https://mopsov.twse.com.tw/mops/web/ajax_t163sb05
下游,邊緣運算_工業AI,6166,凌華,2013,2,balance_sheet,流動資產,3947446,"3,947,446",sii,https://mopsov.twse.com.tw/mops/web/ajax_t163sb05
下游,邊緣運算_工業AI,6166,凌華,2013,2,balance_sheet,非流動資產,1680314,"1,680,314",sii,https://mopsov.twse.com.tw/mops/web/ajax_t163sb05
下游,邊緣運算_工業AI,6166,凌華,2013,2,balance_sheet,資產總額,5627760,"5,627,760",sii,https://mopsov.twse.com.tw/mops/web/ajax_t163sb05
下游,邊緣運算_工業AI,6166,凌華,2013,2,balance_sheet,流動負債,2437406,"2,437,406",sii,https://mopsov.twse.com.tw/mops/web/ajax_t163sb05
下游,邊緣運算_工業AI,6166,凌華,2013,2,balance_sheet,非流動負債,187009,"187,009",sii,https://mopsov.twse.com.tw/mops/web/ajax_t163sb05
下游,邊緣運算_工業AI,6166,凌華,2013,2,balance_sheet,負債總額,2624415,"2,624,415",sii,https://mopsov.twse.com.tw/mops/web/ajax_t163sb05
下游,邊緣運算_工業AI,6166,凌華,2013,2,balance_sheet,股本,1707094,"1,707,094",sii,https://mopsov.twse.com.tw/mops/web/ajax_t163sb05
下游,邊緣運算_工業AI,6166,凌華,2013,2,balance_sheet,資本公積,599546,"599,546",sii,https://mopsov.twse.com.tw/mops/web/ajax_t163sb05
下游,邊緣運算_工業AI,6166,凌華,2013,2,balance_sheet,保留盈餘,636967,"636,967",sii,https://mopsov.twse.com.tw/mops/web/ajax_t163sb05
下游,邊緣運算_工業AI,6166,凌華,2013,2,balance_sheet,其他權益,54499,"54,499",sii,https://mopsov.twse.com.tw/mops/web/ajax_t163sb05
下游,邊緣運算_工業AI,6166,凌華,2013,2,balance_sheet,庫藏股票,,--,sii,https://mopsov.twse.com.tw/mops/web/ajax_t163sb05
下游,邊緣運算_工業AI,6166,凌華,2013,2,balance_sheet,歸屬於母公司業主之權益合計,2998106,"2,998,106",sii,https://mopsov.twse.com.tw/mops/web/ajax_t163sb05
下游,邊緣運算_工業AI,6166,凌華,2013,2,balance_sheet,共同控制下前手權益,,--,sii,https://mopsov.twse.com.tw/mops/web/ajax_t163sb05
下游,邊緣運算_工業AI,6166,凌華,2013,2,balance_sheet,合併前非屬共同控制股權,,--,sii,https://mopsov.twse.com.tw/mops/web/ajax_t163sb05
下游,邊緣運算_工業AI,6166,凌華,2013,2,balance_sheet,非控制權益,5239,"5,239",sii,https://mopsov.twse.com.tw/mops/web/ajax_t163sb05
下游,邊緣運算_工業AI,6166,凌華,2013,2,balance_sheet,權益總額,3003345,"3,003,345",sii,https://mopsov.twse.com.tw/mops/web/ajax_t163sb05
下游,邊緣運算_工業AI,6166,凌華,2013,2,balance_sheet,預收股款（權益項下）之約當發行股數（單位：股）,0,0,sii,https://mopsov.twse.com.tw/mops/web/ajax_t163sb05
下游,邊緣運算_工業AI,6166,凌華,2013,2,balance_sheet,母公司暨子公司所持有之母公司庫藏股股數（單位：股）,0,0,sii,https://mopsov.twse.com.tw/mops/web/ajax_t163sb05
下游,邊緣運算_工業AI,6166,凌華,2013,2,balance_sheet,每股參考淨值,17.56,17.56,sii,https://mopsov.twse.com.tw/mops/web/ajax_t163sb05
下游,邊緣運算_工業AI,2395,研華,2013,2,cash_flow,營業活動之淨現金流入（流出）,2043637,"2,043,637",sii,https://mopsov.twse.com.tw/mops/web/ajax_t163sb20
下游,邊緣運算_工業AI,2395,研華,2013,2,cash_flow,投資活動之淨現金流入（流出）,-2684911,"-2,684,911",sii,https://mopsov.twse.com.tw/mops/web/ajax_t163sb20
下游,邊緣運算_工業AI,2395,研華,2013,2,cash_flow,籌資活動之淨現金流入（流出）,-105272,"-105,272",sii,https://mopsov.twse.com.tw/mops/web/ajax_t163sb20
下游,邊緣運算_工業AI,2395,研華,2013,2,cash_flow,匯率變動對現金及約當現金之影響,142794,"142,794",sii,https://mopsov.twse.com.tw/mops/web/ajax_t163sb20
下游,邊緣運算_工業AI,2395,研華,2013,2,cash_flow,本期現金及約當現金增加（減少）數,-603752,"-603,752",sii,https://mopsov.twse.com.tw/mops/web/ajax_t163sb20
下游,邊緣運算_工業AI,2395,研華,2013,2,cash_flow,期初現金及約當現金餘額,3272043,"3,272,043",sii,https://mopsov.twse.com.tw/mops/web/ajax_t163sb20
下游,邊緣運算_工業AI,2395,研華,2013,2,cash_flow,期末現金及約當現金餘額,2668291,"2,668,291",sii,https://mopsov.twse.com.tw/mops/web/ajax_t163sb20
下游,邊緣運算_工業AI,6166,凌華,2013,2,cash_flow,營業活動之淨現金流入（流出）,216291,"216,291",sii,https://mopsov.twse.com.tw/mops/web/ajax_t163sb20
下游,邊緣運算_工業AI,6166,凌華,2013,2,cash_flow,投資活動之淨現金流入（流出）,-95315,"-95,315",sii,https://mopsov.twse.com.tw/mops/web/ajax_t163sb20
下游,邊緣運算_工業AI,6166,凌華,2013,2,cash_flow,籌資活動之淨現金流入（流出）,30091,"30,091",sii,https://mopsov.twse.com.tw/mops/web/ajax_t163sb20
下游,邊緣運算_工業AI,6166,凌華,2013,2,cash_flow,匯率變動對現金及約當現金之影響,8783,"8,783",sii,https://mopsov.twse.com.tw/mops/web/ajax_t163sb20
下游,邊緣運算_工業AI,6166,凌華,2013,2,cash_flow,本期現金及約當現金增加（減少）數,159850,"159,850",sii,https://mopsov.twse.com.tw/mops/web/ajax_t163sb20
下游,邊緣運算_工業AI,6166,凌華,2013,2,cash_flow,期初現金及約當現金餘額,742913,"742,913",sii,https://mopsov.twse.com.tw/mops/web/ajax_t163sb20
下游,邊緣運算_工業AI,6166,凌華,2013,2,cash_flow,期末現金及約當現金餘額,902763,"902,763",sii,https://mopsov.twse.com.tw/mops/web/ajax_t163sb20
下游,邊緣運算_工業AI,2395,研華,2013,3,income_statement,營業收入,22387581,"22,387,581",sii,https://mopsov.twse.com.tw/mops/web/ajax_t163sb04
下游,邊緣運算_工業AI,2395,研華,2013,3,income_statement,營業成本,13226358,"13,226,358",sii,https://mopsov.twse.com.tw/mops/web/ajax_t163sb04
下游,邊緣運算_工業AI,2395,研華,2013,3,income_statement,營業毛利（毛損）,9161223,"9,161,223",sii,https://mopsov.twse.com.tw/mops/web/ajax_t163sb04
下游,邊緣運算_工業AI,2395,研華,2013,3,income_statement,未實現銷貨（損）益,,--,sii,https://mopsov.twse.com.tw/mops/web/ajax_t163sb04
下游,邊緣運算_工業AI,2395,研華,2013,3,income_statement,已實現銷貨（損）益,,--,sii,https://mopsov.twse.com.tw/mops/web/ajax_t163sb04
下游,邊緣運算_工業AI,2395,研華,2013,3,income_statement,營業毛利（毛損）淨額,9161223,"9,161,223",sii,https://mopsov.twse.com.tw/mops/web/ajax_t163sb04
下游,邊緣運算_工業AI,2395,研華,2013,3,income_statement,營業費用,5652961,"5,652,961",sii,https://mopsov.twse.com.tw/mops/web/ajax_t163sb04
下游,邊緣運算_工業AI,2395,研華,2013,3,income_statement,其他收益及費損淨額,,--,sii,https://mopsov.twse.com.tw/mops/web/ajax_t163sb04
下游,邊緣運算_工業AI,2395,研華,2013,3,income_statement,營業利益（損失）,3508262,"3,508,262",sii,https://mopsov.twse.com.tw/mops/web/ajax_t163sb04
下游,邊緣運算_工業AI,2395,研華,2013,3,income_statement,營業外收入及支出,393035,"393,035",sii,https://mopsov.twse.com.tw/mops/web/ajax_t163sb04
下游,邊緣運算_工業AI,2395,研華,2013,3,income_statement,稅前淨利（淨損）,3901297,"3,901,297",sii,https://mopsov.twse.com.tw/mops/web/ajax_t163sb04
下游,邊緣運算_工業AI,2395,研華,2013,3,income_statement,所得稅費用（利益）,799954,"799,954",sii,https://mopsov.twse.com.tw/mops/web/ajax_t163sb04
下游,邊緣運算_工業AI,2395,研華,2013,3,income_statement,繼續營業單位本期淨利（淨損）,3101343,"3,101,343",sii,https://mopsov.twse.com.tw/mops/web/ajax_t163sb04
下游,邊緣運算_工業AI,2395,研華,2013,3,income_statement,停業單位損益,,--,sii,https://mopsov.twse.com.tw/mops/web/ajax_t163sb04
下游,邊緣運算_工業AI,2395,研華,2013,3,income_statement,合併前非屬共同控制股權損益,,--,sii,https://mopsov.twse.com.tw/mops/web/ajax_t163sb04
下游,邊緣運算_工業AI,2395,研華,2013,3,income_statement,本期淨利（淨損）,3101343,"3,101,343",sii,https://mopsov.twse.com.tw/mops/web/ajax_t163sb04
下游,邊緣運算_工業AI,2395,研華,2013,3,income_statement,其他綜合損益（淨額）,-297552,"-297,552",sii,https://mopsov.twse.com.tw/mops/web/ajax_t163sb04
下游,邊緣運算_工業AI,2395,研華,2013,3,income_statement,合併前非屬共同控制股權綜合損益淨額,,--,sii,https://mopsov.twse.com.tw/mops/web/ajax_t163sb04
下游,邊緣運算_工業AI,2395,研華,2013,3,income_statement,本期綜合損益總額,2803791,"2,803,791",sii,https://mopsov.twse.com.tw/mops/web/ajax_t163sb04
下游,邊緣運算_工業AI,2395,研華,2013,3,income_statement,淨利（淨損）歸屬於母公司業主,3083216,"3,083,216",sii,https://mopsov.twse.com.tw/mops/web/ajax_t163sb04
下游,邊緣運算_工業AI,2395,研華,2013,3,income_statement,淨利（淨損）歸屬於共同控制下前手權益,,--,sii,https://mopsov.twse.com.tw/mops/web/ajax_t163sb04
下游,邊緣運算_工業AI,2395,研華,2013,3,income_statement,淨利（淨損）歸屬於非控制權益,18127,"18,127",sii,https://mopsov.twse.com.tw/mops/web/ajax_t163sb04
下游,邊緣運算_工業AI,2395,研華,2013,3,income_statement,綜合損益總額歸屬於母公司業主,2790362,"2,790,362",sii,https://mopsov.twse.com.tw/mops/web/ajax_t163sb04
下游,邊緣運算_工業AI,2395,研華,2013,3,income_statement,綜合損益總額歸屬於共同控制下前手權益,,--,sii,https://mopsov.twse.com.tw/mops/web/ajax_t163sb04
下游,邊緣運算_工業AI,2395,研華,2013,3,income_statement,綜合損益總額歸屬於非控制權益,13429,"13,429",sii,https://mopsov.twse.com.tw/mops/web/ajax_t163sb04
下游,邊緣運算_工業AI,2395,研華,2013,3,income_statement,基本每股盈餘（元）,5.45,5.45,sii,https://mopsov.twse.com.tw/mops/web/ajax_t163sb04
下游,邊緣運算_工業AI,6166,凌華,2013,3,income_statement,營業收入,4877820,"4,877,820",sii,https://mopsov.twse.com.tw/mops/web/ajax_t163sb04
下游,邊緣運算_工業AI,6166,凌華,2013,3,income_statement,營業成本,2889443,"2,889,443",sii,https://mopsov.twse.com.tw/mops/web/ajax_t163sb04
下游,邊緣運算_工業AI,6166,凌華,2013,3,income_statement,營業毛利（毛損）,1988377,"1,988,377",sii,https://mopsov.twse.com.tw/mops/web/ajax_t163sb04
下游,邊緣運算_工業AI,6166,凌華,2013,3,income_statement,未實現銷貨（損）益,,--,sii,https://mopsov.twse.com.tw/mops/web/ajax_t163sb04
下游,邊緣運算_工業AI,6166,凌華,2013,3,income_statement,已實現銷貨（損）益,,--,sii,https://mopsov.twse.com.tw/mops/web/ajax_t163sb04
下游,邊緣運算_工業AI,6166,凌華,2013,3,income_statement,營業毛利（毛損）淨額,1988377,"1,988,377",sii,https://mopsov.twse.com.tw/mops/web/ajax_t163sb04
下游,邊緣運算_工業AI,6166,凌華,2013,3,income_statement,營業費用,1584297,"1,584,297",sii,https://mopsov.twse.com.tw/mops/web/ajax_t163sb04
下游,邊緣運算_工業AI,6166,凌華,2013,3,income_statement,其他收益及費損淨額,,--,sii,https://mopsov.twse.com.tw/mops/web/ajax_t163sb04
下游,邊緣運算_工業AI,6166,凌華,2013,3,income_statement,營業利益（損失）,404080,"404,080",sii,https://mopsov.twse.com.tw/mops/web/ajax_t163sb04
下游,邊緣運算_工業AI,6166,凌華,2013,3,income_statement,營業外收入及支出,11119,"11,119",sii,https://mopsov.twse.com.tw/mops/web/ajax_t163sb04
下游,邊緣運算_工業AI,6166,凌華,2013,3,income_statement,稅前淨利（淨損）,415199,"415,199",sii,https://mopsov.twse.com.tw/mops/web/ajax_t163sb04
下游,邊緣運算_工業AI,6166,凌華,2013,3,income_statement,所得稅費用（利益）,78934,"78,934",sii,https://mopsov.twse.com.tw/mops/web/ajax_t163sb04
下游,邊緣運算_工業AI,6166,凌華,2013,3,income_statement,繼續營業單位本期淨利（淨損）,336265,"336,265",sii,https://mopsov.twse.com.tw/mops/web/ajax_t163sb04
下游,邊緣運算_工業AI,6166,凌華,2013,3,income_statement,停業單位損益,,--,sii,https://mopsov.twse.com.tw/mops/web/ajax_t163sb04
下游,邊緣運算_工業AI,6166,凌華,2013,3,income_statement,合併前非屬共同控制股權損益,,--,sii,https://mopsov.twse.com.tw/mops/web/ajax_t163sb04
下游,邊緣運算_工業AI,6166,凌華,2013,3,income_statement,本期淨利（淨損）,336265,"336,265",sii,https://mopsov.twse.com.tw/mops/web/ajax_t163sb04
下游,邊緣運算_工業AI,6166,凌華,2013,3,income_statement,其他綜合損益（淨額）,37982,"37,982",sii,https://mopsov.twse.com.tw/mops/web/ajax_t163sb04
下游,邊緣運算_工業AI,6166,凌華,2013,3,income_statement,合併前非屬共同控制股權綜合損益淨額,,--,sii,https://mopsov.twse.com.tw/mops/web/ajax_t163sb04
下游,邊緣運算_工業AI,6166,凌華,2013,3,income_statement,本期綜合損益總額,374247,"374,247",sii,https://mopsov.twse.com.tw/mops/web/ajax_t163sb04
下游,邊緣運算_工業AI,6166,凌華,2013,3,income_statement,淨利（淨損）歸屬於母公司業主,335267,"335,267",sii,https://mopsov.twse.com.tw/mops/web/ajax_t163sb04
下游,邊緣運算_工業AI,6166,凌華,2013,3,income_statement,淨利（淨損）歸屬於共同控制下前手權益,,--,sii,https://mopsov.twse.com.tw/mops/web/ajax_t163sb04
下游,邊緣運算_工業AI,6166,凌華,2013,3,income_statement,淨利（淨損）歸屬於非控制權益,998,998,sii,https://mopsov.twse.com.tw/mops/web/ajax_t163sb04
下游,邊緣運算_工業AI,6166,凌華,2013,3,income_statement,綜合損益總額歸屬於母公司業主,373735,"373,735",sii,https://mopsov.twse.com.tw/mops/web/ajax_t163sb04
下游,邊緣運算_工業AI,6166,凌華,2013,3,income_statement,綜合損益總額歸屬於共同控制下前手權益,,--,sii,https://mopsov.twse.com.tw/mops/web/ajax_t163sb04
下游,邊緣運算_工業AI,6166,凌華,2013,3,income_statement,綜合損益總額歸屬於非控制權益,512,512,sii,https://mopsov.twse.com.tw/mops/web/ajax_t163sb04
下游,邊緣運算_工業AI,6166,凌華,2013,3,income_statement,基本每股盈餘（元）,1.97,1.97,sii,https://mopsov.twse.com.tw/mops/web/ajax_t163sb04
下游,邊緣運算_工業AI,2395,研華,2013,3,balance_sheet,流動資產,13852273,"13,852,273",sii,https://mopsov.twse.com.tw/mops/web/ajax_t163sb05
下游,邊緣運算_工業AI,2395,研華,2013,3,balance_sheet,非流動資產,11358406,"11,358,406",sii,https://mopsov.twse.com.tw/mops/web/ajax_t163sb05
下游,邊緣運算_工業AI,2395,研華,2013,3,balance_sheet,資產總額,25210679,"25,210,679",sii,https://mopsov.twse.com.tw/mops/web/ajax_t163sb05
下游,邊緣運算_工業AI,2395,研華,2013,3,balance_sheet,流動負債,6452959,"6,452,959",sii,https://mopsov.twse.com.tw/mops/web/ajax_t163sb05
下游,邊緣運算_工業AI,2395,研華,2013,3,balance_sheet,非流動負債,750747,"750,747",sii,https://mopsov.twse.com.tw/mops/web/ajax_t163sb05
下游,邊緣運算_工業AI,2395,研華,2013,3,balance_sheet,負債總額,7203706,"7,203,706",sii,https://mopsov.twse.com.tw/mops/web/ajax_t163sb05
下游,邊緣運算_工業AI,2395,研華,2013,3,balance_sheet,股本,5669249,"5,669,249",sii,https://mopsov.twse.com.tw/mops/web/ajax_t163sb05
下游,邊緣運算_工業AI,2395,研華,2013,3,balance_sheet,資本公積,4871114,"4,871,114",sii,https://mopsov.twse.com.tw/mops/web/ajax_t163sb05
下游,邊緣運算_工業AI,2395,研華,2013,3,balance_sheet,保留盈餘,7531269,"7,531,269",sii,https://mopsov.twse.com.tw/mops/web/ajax_t163sb05
下游,邊緣運算_工業AI,2395,研華,2013,3,balance_sheet,其他權益,-228255,"-228,255",sii,https://mopsov.twse.com.tw/mops/web/ajax_t163sb05
下游,邊緣運算_工業AI,2395,研華,2013,3,balance_sheet,庫藏股票,0,0,sii,https://mopsov.twse.com.tw/mops/web/ajax_t163sb05
下游,邊緣運算_工業AI,2395,研華,2013,3,balance_sheet,歸屬於母公司業主之權益合計,17843377,"17,843,377",sii,https://mopsov.twse.com.tw/mops/web/ajax_t163sb05
下游,邊緣運算_工業AI,2395,研華,2013,3,balance_sheet,共同控制下前手權益,0,0,sii,https://mopsov.twse.com.tw/mops/web/ajax_t163sb05
下游,邊緣運算_工業AI,2395,研華,2013,3,balance_sheet,合併前非屬共同控制股權,,--,sii,https://mopsov.twse.com.tw/mops/web/ajax_t163sb05
下游,邊緣運算_工業AI,2395,研華,2013,3,balance_sheet,非控制權益,163596,"163,596",sii,https://mopsov.twse.com.tw/mops/web/ajax_t163sb05
下游,邊緣運算_工業AI,2395,研華,2013,3,balance_sheet,權益總額,18006973,"18,006,973",sii,https://mopsov.twse.com.tw/mops/web/ajax_t163sb05
下游,邊緣運算_工業AI,2395,研華,2013,3,balance_sheet,預收股款（權益項下）之約當發行股數（單位：股）,0,0,sii,https://mopsov.twse.com.tw/mops/web/ajax_t163sb05
下游,邊緣運算_工業AI,2395,研華,2013,3,balance_sheet,母公司暨子公司所持有之母公司庫藏股股數（單位：股）,0,0,sii,https://mopsov.twse.com.tw/mops/web/ajax_t163sb05
下游,邊緣運算_工業AI,2395,研華,2013,3,balance_sheet,每股參考淨值,31.47,31.47,sii,https://mopsov.twse.com.tw/mops/web/ajax_t163sb05
下游,邊緣運算_工業AI,6166,凌華,2013,3,balance_sheet,流動資產,4000811,"4,000,811",sii,https://mopsov.twse.com.tw/mops/web/ajax_t163sb05
下游,邊緣運算_工業AI,6166,凌華,2013,3,balance_sheet,非流動資產,1631343,"1,631,343",sii,https://mopsov.twse.com.tw/mops/web/ajax_t163sb05
下游,邊緣運算_工業AI,6166,凌華,2013,3,balance_sheet,資產總額,5632154,"5,632,154",sii,https://mopsov.twse.com.tw/mops/web/ajax_t163sb05
下游,邊緣運算_工業AI,6166,凌華,2013,3,balance_sheet,流動負債,2417053,"2,417,053",sii,https://mopsov.twse.com.tw/mops/web/ajax_t163sb05
下游,邊緣運算_工業AI,6166,凌華,2013,3,balance_sheet,非流動負債,101603,"101,603",sii,https://mopsov.twse.com.tw/mops/web/ajax_t163sb05
下游,邊緣運算_工業AI,6166,凌華,2013,3,balance_sheet,負債總額,2518656,"2,518,656",sii,https://mopsov.twse.com.tw/mops/web/ajax_t163sb05
下游,邊緣運算_工業AI,6166,凌華,2013,3,balance_sheet,股本,1707809,"1,707,809",sii,https://mopsov.twse.com.tw/mops/web/ajax_t163sb05
下游,邊緣運算_工業AI,6166,凌華,2013,3,balance_sheet,資本公積,602721,"602,721",sii,https://mopsov.twse.com.tw/mops/web/ajax_t163sb05
下游,邊緣運算_工業AI,6166,凌華,2013,3,balance_sheet,保留盈餘,755494,"755,494",sii,https://mopsov.twse.com.tw/mops/web/ajax_t163sb05
下游,邊緣運算_工業AI,6166,凌華,2013,3,balance_sheet,其他權益,41528,"41,528",sii,https://mopsov.twse.com.tw/mops/web/ajax_t163sb05
下游,邊緣運算_工業AI,6166,凌華,2013,3,balance_sheet,庫藏股票,,--,sii,https://mopsov.twse.com.tw/mops/web/ajax_t163sb05
下游,邊緣運算_工業AI,6166,凌華,2013,3,balance_sheet,歸屬於母公司業主之權益合計,3107552,"3,107,552",sii,https://mopsov.twse.com.tw/mops/web/ajax_t163sb05
下游,邊緣運算_工業AI,6166,凌華,2013,3,balance_sheet,共同控制下前手權益,,--,sii,https://mopsov.twse.com.tw/mops/web/ajax_t163sb05
下游,邊緣運算_工業AI,6166,凌華,2013,3,balance_sheet,合併前非屬共同控制股權,,--,sii,https://mopsov.twse.com.tw/mops/web/ajax_t163sb05
下游,邊緣運算_工業AI,6166,凌華,2013,3,balance_sheet,非控制權益,5946,"5,946",sii,https://mopsov.twse.com.tw/mops/web/ajax_t163sb05
下游,邊緣運算_工業AI,6166,凌華,2013,3,balance_sheet,權益總額,3113498,"3,113,498",sii,https://mopsov.twse.com.tw/mops/web/ajax_t163sb05
下游,邊緣運算_工業AI,6166,凌華,2013,3,balance_sheet,預收股款（權益項下）之約當發行股數（單位：股）,0,0,sii,https://mopsov.twse.com.tw/mops/web/ajax_t163sb05
下游,邊緣運算_工業AI,6166,凌華,2013,3,balance_sheet,母公司暨子公司所持有之母公司庫藏股股數（單位：股）,0,0,sii,https://mopsov.twse.com.tw/mops/web/ajax_t163sb05
下游,邊緣運算_工業AI,6166,凌華,2013,3,balance_sheet,每股參考淨值,18.2,18.20,sii,https://mopsov.twse.com.tw/mops/web/ajax_t163sb05
下游,邊緣運算_工業AI,2395,研華,2013,3,cash_flow,營業活動之淨現金流入（流出）,3299026,"3,299,026",sii,https://mopsov.twse.com.tw/mops/web/ajax_t163sb20
下游,邊緣運算_工業AI,2395,研華,2013,3,cash_flow,投資活動之淨現金流入（流出）,-1523065,"-1,523,065",sii,https://mopsov.twse.com.tw/mops/web/ajax_t163sb20
下游,邊緣運算_工業AI,2395,研華,2013,3,cash_flow,籌資活動之淨現金流入（流出）,-2910416,"-2,910,416",sii,https://mopsov.twse.com.tw/mops/web/ajax_t163sb20
下游,邊緣運算_工業AI,2395,研華,2013,3,cash_flow,匯率變動對現金及約當現金之影響,153193,"153,193",sii,https://mopsov.twse.com.tw/mops/web/ajax_t163sb20
下游,邊緣運算_工業AI,2395,研華,2013,3,cash_flow,本期現金及約當現金增加（減少）數,-981262,"-981,262",sii,https://mopsov.twse.com.tw/mops/web/ajax_t163sb20
下游,邊緣運算_工業AI,2395,研華,2013,3,cash_flow,期初現金及約當現金餘額,3272043,"3,272,043",sii,https://mopsov.twse.com.tw/mops/web/ajax_t163sb20
下游,邊緣運算_工業AI,2395,研華,2013,3,cash_flow,期末現金及約當現金餘額,2290781,"2,290,781",sii,https://mopsov.twse.com.tw/mops/web/ajax_t163sb20
下游,邊緣運算_工業AI,6166,凌華,2013,3,cash_flow,營業活動之淨現金流入（流出）,496608,"496,608",sii,https://mopsov.twse.com.tw/mops/web/ajax_t163sb20
下游,邊緣運算_工業AI,6166,凌華,2013,3,cash_flow,投資活動之淨現金流入（流出）,22017,"22,017",sii,https://mopsov.twse.com.tw/mops/web/ajax_t163sb20
下游,邊緣運算_工業AI,6166,凌華,2013,3,cash_flow,籌資活動之淨現金流入（流出）,-147802,"-147,802",sii,https://mopsov.twse.com.tw/mops/web/ajax_t163sb20
下游,邊緣運算_工業AI,6166,凌華,2013,3,cash_flow,匯率變動對現金及約當現金之影響,2949,"2,949",sii,https://mopsov.twse.com.tw/mops/web/ajax_t163sb20
下游,邊緣運算_工業AI,6166,凌華,2013,3,cash_flow,本期現金及約當現金增加（減少）數,373772,"373,772",sii,https://mopsov.twse.com.tw/mops/web/ajax_t163sb20
下游,邊緣運算_工業AI,6166,凌華,2013,3,cash_flow,期初現金及約當現金餘額,742913,"742,913",sii,https://mopsov.twse.com.tw/mops/web/ajax_t163sb20
下游,邊緣運算_工業AI,6166,凌華,2013,3,cash_flow,期末現金及約當現金餘額,1116685,"1,116,685",sii,https://mopsov.twse.com.tw/mops/web/ajax_t163sb20
下游,邊緣運算_工業AI,2395,研華,2013,4,income_statement,營業收入,30660034,"30,660,034",sii,https://mopsov.twse.com.tw/mops/web/ajax_t163sb04
下游,邊緣運算_工業AI,2395,研華,2013,4,income_statement,營業成本,18074403,"18,074,403",sii,https://mopsov.twse.com.tw/mops/web/ajax_t163sb04
下游,邊緣運算_工業AI,2395,研華,2013,4,income_statement,營業毛利（毛損）,12585631,"12,585,631",sii,https://mopsov.twse.com.tw/mops/web/ajax_t163sb04
下游,邊緣運算_工業AI,2395,研華,2013,4,income_statement,未實現銷貨（損）益,,--,sii,https://mopsov.twse.com.tw/mops/web/ajax_t163sb04
下游,邊緣運算_工業AI,2395,研華,2013,4,income_statement,已實現銷貨（損）益,,--,sii,https://mopsov.twse.com.tw/mops/web/ajax_t163sb04
下游,邊緣運算_工業AI,2395,研華,2013,4,income_statement,營業毛利（毛損）淨額,12585631,"12,585,631",sii,https://mopsov.twse.com.tw/mops/web/ajax_t163sb04
下游,邊緣運算_工業AI,2395,研華,2013,4,income_statement,營業費用,7917481,"7,917,481",sii,https://mopsov.twse.com.tw/mops/web/ajax_t163sb04
下游,邊緣運算_工業AI,2395,研華,2013,4,income_statement,其他收益及費損淨額,,--,sii,https://mopsov.twse.com.tw/mops/web/ajax_t163sb04
下游,邊緣運算_工業AI,2395,研華,2013,4,income_statement,營業利益（損失）,4668150,"4,668,150",sii,https://mopsov.twse.com.tw/mops/web/ajax_t163sb04
下游,邊緣運算_工業AI,2395,研華,2013,4,income_statement,營業外收入及支出,500396,"500,396",sii,https://mopsov.twse.com.tw/mops/web/ajax_t163sb04
下游,邊緣運算_工業AI,2395,研華,2013,4,income_statement,稅前淨利（淨損）,5168546,"5,168,546",sii,https://mopsov.twse.com.tw/mops/web/ajax_t163sb04
下游,邊緣運算_工業AI,2395,研華,2013,4,income_statement,所得稅費用（利益）,1041337,"1,041,337",sii,https://mopsov.twse.com.tw/mops/web/ajax_t163sb04
下游,邊緣運算_工業AI,2395,研華,2013,4,income_statement,繼續營業單位本期淨利（淨損）,4127209,"4,127,209",sii,https://mopsov.twse.com.tw/mops/web/ajax_t163sb04
下游,邊緣運算_工業AI,2395,研華,2013,4,income_statement,停業單位損益,,--,sii,https://mopsov.twse.com.tw/mops/web/ajax_t163sb04
下游,邊緣運算_工業AI,2395,研華,2013,4,income_statement,合併前非屬共同控制股權損益,,--,sii,https://mopsov.twse.com.tw/mops/web/ajax_t163sb04
下游,邊緣運算_工業AI,2395,研華,2013,4,income_statement,本期淨利（淨損）,4127209,"4,127,209",sii,https://mopsov.twse.com.tw/mops/web/ajax_t163sb04
下游,邊緣運算_工業AI,2395,研華,2013,4,income_statement,其他綜合損益（淨額）,-14730,"-14,730",sii,https://mopsov.twse.com.tw/mops/web/ajax_t163sb04
下游,邊緣運算_工業AI,2395,研華,2013,4,income_statement,合併前非屬共同控制股權綜合損益淨額,,--,sii,https://mopsov.twse.com.tw/mops/web/ajax_t163sb04
下游,邊緣運算_工業AI,2395,研華,2013,4,income_statement,本期綜合損益總額,4112479,"4,112,479",sii,https://mopsov.twse.com.tw/mops/web/ajax_t163sb04
下游,邊緣運算_工業AI,2395,研華,2013,4,income_statement,淨利（淨損）歸屬於母公司業主,4106397,"4,106,397",sii,https://mopsov.twse.com.tw/mops/web/ajax_t163sb04
下游,邊緣運算_工業AI,2395,研華,2013,4,income_statement,淨利（淨損）歸屬於共同控制下前手權益,,--,sii,https://mopsov.twse.com.tw/mops/web/ajax_t163sb04
下游,邊緣運算_工業AI,2395,研華,2013,4,income_statement,淨利（淨損）歸屬於非控制權益,20812,"20,812",sii,https://mopsov.twse.com.tw/mops/web/ajax_t163sb04
下游,邊緣運算_工業AI,2395,研華,2013,4,income_statement,綜合損益總額歸屬於母公司業主,4087236,"4,087,236",sii,https://mopsov.twse.com.tw/mops/web/ajax_t163sb04
下游,邊緣運算_工業AI,2395,研華,2013,4,income_statement,綜合損益總額歸屬於共同控制下前手權益,,--,sii,https://mopsov.twse.com.tw/mops/web/ajax_t163sb04
下游,邊緣運算_工業AI,2395,研華,2013,4,income_statement,綜合損益總額歸屬於非控制權益,25243,"25,243",sii,https://mopsov.twse.com.tw/mops/web/ajax_t163sb04
下游,邊緣運算_工業AI,2395,研華,2013,4,income_statement,基本每股盈餘（元）,7.26,7.26,sii,https://mopsov.twse.com.tw/mops/web/ajax_t163sb04
下游,邊緣運算_工業AI,6166,凌華,2013,4,income_statement,營業收入,6479834,"6,479,834",sii,https://mopsov.twse.com.tw/mops/web/ajax_t163sb04
下游,邊緣運算_工業AI,6166,凌華,2013,4,income_statement,營業成本,3848805,"3,848,805",sii,https://mopsov.twse.com.tw/mops/web/ajax_t163sb04
下游,邊緣運算_工業AI,6166,凌華,2013,4,income_statement,營業毛利（毛損）,2631029,"2,631,029",sii,https://mopsov.twse.com.tw/mops/web/ajax_t163sb04
下游,邊緣運算_工業AI,6166,凌華,2013,4,income_statement,未實現銷貨（損）益,,--,sii,https://mopsov.twse.com.tw/mops/web/ajax_t163sb04
下游,邊緣運算_工業AI,6166,凌華,2013,4,income_statement,已實現銷貨（損）益,,--,sii,https://mopsov.twse.com.tw/mops/web/ajax_t163sb04
下游,邊緣運算_工業AI,6166,凌華,2013,4,income_statement,營業毛利（毛損）淨額,2631029,"2,631,029",sii,https://mopsov.twse.com.tw/mops/web/ajax_t163sb04
下游,邊緣運算_工業AI,6166,凌華,2013,4,income_statement,營業費用,2116048,"2,116,048",sii,https://mopsov.twse.com.tw/mops/web/ajax_t163sb04
下游,邊緣運算_工業AI,6166,凌華,2013,4,income_statement,其他收益及費損淨額,,--,sii,https://mopsov.twse.com.tw/mops/web/ajax_t163sb04
下游,邊緣運算_工業AI,6166,凌華,2013,4,income_statement,營業利益（損失）,514981,"514,981",sii,https://mopsov.twse.com.tw/mops/web/ajax_t163sb04
下游,邊緣運算_工業AI,6166,凌華,2013,4,income_statement,營業外收入及支出,15297,"15,297",sii,https://mopsov.twse.com.tw/mops/web/ajax_t163sb04
下游,邊緣運算_工業AI,6166,凌華,2013,4,income_statement,稅前淨利（淨損）,530278,"530,278",sii,https://mopsov.twse.com.tw/mops/web/ajax_t163sb04
下游,邊緣運算_工業AI,6166,凌華,2013,4,income_statement,所得稅費用（利益）,114434,"114,434",sii,https://mopsov.twse.com.tw/mops/web/ajax_t163sb04
下游,邊緣運算_工業AI,6166,凌華,2013,4,income_statement,繼續營業單位本期淨利（淨損）,415844,"415,844",sii,https://mopsov.twse.com.tw/mops/web/ajax_t163sb04
下游,邊緣運算_工業AI,6166,凌華,2013,4,income_statement,停業單位損益,,--,sii,https://mopsov.twse.com.tw/mops/web/ajax_t163sb04
下游,邊緣運算_工業AI,6166,凌華,2013,4,income_statement,合併前非屬共同控制股權損益,,--,sii,https://mopsov.twse.com.tw/mops/web/ajax_t163sb04
下游,邊緣運算_工業AI,6166,凌華,2013,4,income_statement,本期淨利（淨損）,415844,"415,844",sii,https://mopsov.twse.com.tw/mops/web/ajax_t163sb04
下游,邊緣運算_工業AI,6166,凌華,2013,4,income_statement,其他綜合損益（淨額）,40970,"40,970",sii,https://mopsov.twse.com.tw/mops/web/ajax_t163sb04
下游,邊緣運算_工業AI,6166,凌華,2013,4,income_statement,合併前非屬共同控制股權綜合損益淨額,,--,sii,https://mopsov.twse.com.tw/mops/web/ajax_t163sb04
下游,邊緣運算_工業AI,6166,凌華,2013,4,income_statement,本期綜合損益總額,456814,"456,814",sii,https://mopsov.twse.com.tw/mops/web/ajax_t163sb04
下游,邊緣運算_工業AI,6166,凌華,2013,4,income_statement,淨利（淨損）歸屬於母公司業主,414797,"414,797",sii,https://mopsov.twse.com.tw/mops/web/ajax_t163sb04
下游,邊緣運算_工業AI,6166,凌華,2013,4,income_statement,淨利（淨損）歸屬於共同控制下前手權益,,--,sii,https://mopsov.twse.com.tw/mops/web/ajax_t163sb04
下游,邊緣運算_工業AI,6166,凌華,2013,4,income_statement,淨利（淨損）歸屬於非控制權益,1047,"1,047",sii,https://mopsov.twse.com.tw/mops/web/ajax_t163sb04
下游,邊緣運算_工業AI,6166,凌華,2013,4,income_statement,綜合損益總額歸屬於母公司業主,456604,"456,604",sii,https://mopsov.twse.com.tw/mops/web/ajax_t163sb04
下游,邊緣運算_工業AI,6166,凌華,2013,4,income_statement,綜合損益總額歸屬於共同控制下前手權益,,--,sii,https://mopsov.twse.com.tw/mops/web/ajax_t163sb04
下游,邊緣運算_工業AI,6166,凌華,2013,4,income_statement,綜合損益總額歸屬於非控制權益,210,210,sii,https://mopsov.twse.com.tw/mops/web/ajax_t163sb04
下游,邊緣運算_工業AI,6166,凌華,2013,4,income_statement,基本每股盈餘（元）,2.43,2.43,sii,https://mopsov.twse.com.tw/mops/web/ajax_t163sb04
下游,邊緣運算_工業AI,2395,研華,2013,4,balance_sheet,流動資產,15411630,"15,411,630",sii,https://mopsov.twse.com.tw/mops/web/ajax_t163sb05
下游,邊緣運算_工業AI,2395,研華,2013,4,balance_sheet,非流動資產,12124454,"12,124,454",sii,https://mopsov.twse.com.tw/mops/web/ajax_t163sb05
下游,邊緣運算_工業AI,2395,研華,2013,4,balance_sheet,資產總額,27536084,"27,536,084",sii,https://mopsov.twse.com.tw/mops/web/ajax_t163sb05
下游,邊緣運算_工業AI,2395,研華,2013,4,balance_sheet,流動負債,7335074,"7,335,074",sii,https://mopsov.twse.com.tw/mops/web/ajax_t163sb05
下游,邊緣運算_工業AI,2395,研華,2013,4,balance_sheet,非流動負債,780820,"780,820",sii,https://mopsov.twse.com.tw/mops/web/ajax_t163sb05
下游,邊緣運算_工業AI,2395,研華,2013,4,balance_sheet,負債總額,8115894,"8,115,894",sii,https://mopsov.twse.com.tw/mops/web/ajax_t163sb05
下游,邊緣運算_工業AI,2395,研華,2013,4,balance_sheet,股本,5694000,"5,694,000",sii,https://mopsov.twse.com.tw/mops/web/ajax_t163sb05
下游,邊緣運算_工業AI,2395,研華,2013,4,balance_sheet,資本公積,4995635,"4,995,635",sii,https://mopsov.twse.com.tw/mops/web/ajax_t163sb05
下游,邊緣運算_工業AI,2395,研華,2013,4,balance_sheet,保留盈餘,8514157,"8,514,157",sii,https://mopsov.twse.com.tw/mops/web/ajax_t163sb05
下游,邊緣運算_工業AI,2395,研華,2013,4,balance_sheet,其他權益,54507,"54,507",sii,https://mopsov.twse.com.tw/mops/web/ajax_t163sb05
下游,邊緣運算_工業AI,2395,研華,2013,4,balance_sheet,庫藏股票,,--,sii,https://mopsov.twse.com.tw/mops/web/ajax_t163sb05
下游,邊緣運算_工業AI,2395,研華,2013,4,balance_sheet,歸屬於母公司業主之權益合計,19258299,"19,258,299",sii,https://mopsov.twse.com.tw/mops/web/ajax_t163sb05
下游,邊緣運算_工業AI,2395,研華,2013,4,balance_sheet,共同控制下前手權益,0,0,sii,https://mopsov.twse.com.tw/mops/web/ajax_t163sb05
下游,邊緣運算_工業AI,2395,研華,2013,4,balance_sheet,合併前非屬共同控制股權,,--,sii,https://mopsov.twse.com.tw/mops/web/ajax_t163sb05
下游,邊緣運算_工業AI,2395,研華,2013,4,balance_sheet,非控制權益,161891,"161,891",sii,https://mopsov.twse.com.tw/mops/web/ajax_t163sb05
下游,邊緣運算_工業AI,2395,研華,2013,4,balance_sheet,權益總額,19420190,"19,420,190",sii,https://mopsov.twse.com.tw/mops/web/ajax_t163sb05
下游,邊緣運算_工業AI,2395,研華,2013,4,balance_sheet,預收股款（權益項下）之約當發行股數（單位：股）,24751,"24,751",sii,https://mopsov.twse.com.tw/mops/web/ajax_t163sb05
下游,邊緣運算_工業AI,2395,研華,2013,4,balance_sheet,母公司暨子公司所持有之母公司庫藏股股數（單位：股）,0,0,sii,https://mopsov.twse.com.tw/mops/web/ajax_t163sb05
下游,邊緣運算_工業AI,2395,研華,2013,4,balance_sheet,每股參考淨值,33.97,33.97,sii,https://mopsov.twse.com.tw/mops/web/ajax_t163sb05
下游,邊緣運算_工業AI,6166,凌華,2013,4,balance_sheet,流動資產,3719926,"3,719,926",sii,https://mopsov.twse.com.tw/mops/web/ajax_t163sb05
下游,邊緣運算_工業AI,6166,凌華,2013,4,balance_sheet,非流動資產,1632416,"1,632,416",sii,https://mopsov.twse.com.tw/mops/web/ajax_t163sb05
下游,邊緣運算_工業AI,6166,凌華,2013,4,balance_sheet,資產總額,5352342,"5,352,342",sii,https://mopsov.twse.com.tw/mops/web/ajax_t163sb05
下游,邊緣運算_工業AI,6166,凌華,2013,4,balance_sheet,流動負債,2059657,"2,059,657",sii,https://mopsov.twse.com.tw/mops/web/ajax_t163sb05
下游,邊緣運算_工業AI,6166,凌華,2013,4,balance_sheet,非流動負債,90984,"90,984",sii,https://mopsov.twse.com.tw/mops/web/ajax_t163sb05
下游,邊緣運算_工業AI,6166,凌華,2013,4,balance_sheet,負債總額,2150641,"2,150,641",sii,https://mopsov.twse.com.tw/mops/web/ajax_t163sb05
下游,邊緣運算_工業AI,6166,凌華,2013,4,balance_sheet,股本,1709224,"1,709,224",sii,https://mopsov.twse.com.tw/mops/web/ajax_t163sb05
下游,邊緣運算_工業AI,6166,凌華,2013,4,balance_sheet,資本公積,606942,"606,942",sii,https://mopsov.twse.com.tw/mops/web/ajax_t163sb05
下游,邊緣運算_工業AI,6166,凌華,2013,4,balance_sheet,保留盈餘,818800,"818,800",sii,https://mopsov.twse.com.tw/mops/web/ajax_t163sb05
下游,邊緣運算_工業AI,6166,凌華,2013,4,balance_sheet,其他權益,61091,"61,091",sii,https://mopsov.twse.com.tw/mops/web/ajax_t163sb05
下游,邊緣運算_工業AI,6166,凌華,2013,4,balance_sheet,庫藏股票,,--,sii,https://mopsov.twse.com.tw/mops/web/ajax_t163sb05
下游,邊緣運算_工業AI,6166,凌華,2013,4,balance_sheet,歸屬於母公司業主之權益合計,3196057,"3,196,057",sii,https://mopsov.twse.com.tw/mops/web/ajax_t163sb05
下游,邊緣運算_工業AI,6166,凌華,2013,4,balance_sheet,共同控制下前手權益,,--,sii,https://mopsov.twse.com.tw/mops/web/ajax_t163sb05
下游,邊緣運算_工業AI,6166,凌華,2013,4,balance_sheet,合併前非屬共同控制股權,,--,sii,https://mopsov.twse.com.tw/mops/web/ajax_t163sb05
下游,邊緣運算_工業AI,6166,凌華,2013,4,balance_sheet,非控制權益,5644,"5,644",sii,https://mopsov.twse.com.tw/mops/web/ajax_t163sb05
下游,邊緣運算_工業AI,6166,凌華,2013,4,balance_sheet,權益總額,3201701,"3,201,701",sii,https://mopsov.twse.com.tw/mops/web/ajax_t163sb05
下游,邊緣運算_工業AI,6166,凌華,2013,4,balance_sheet,預收股款（權益項下）之約當發行股數（單位：股）,0,0,sii,https://mopsov.twse.com.tw/mops/web/ajax_t163sb05
下游,邊緣運算_工業AI,6166,凌華,2013,4,balance_sheet,母公司暨子公司所持有之母公司庫藏股股數（單位：股）,0,0,sii,https://mopsov.twse.com.tw/mops/web/ajax_t163sb05
下游,邊緣運算_工業AI,6166,凌華,2013,4,balance_sheet,每股參考淨值,18.7,18.70,sii,https://mopsov.twse.com.tw/mops/web/ajax_t163sb05
下游,邊緣運算_工業AI,2395,研華,2013,4,cash_flow,營業活動之淨現金流入（流出）,5059681,"5,059,681",sii,https://mopsov.twse.com.tw/mops/web/ajax_t163sb20
下游,邊緣運算_工業AI,2395,研華,2013,4,cash_flow,投資活動之淨現金流入（流出）,-2803385,"-2,803,385",sii,https://mopsov.twse.com.tw/mops/web/ajax_t163sb20
下游,邊緣運算_工業AI,2395,研華,2013,4,cash_flow,籌資活動之淨現金流入（流出）,-2889113,"-2,889,113",sii,https://mopsov.twse.com.tw/mops/web/ajax_t163sb20
下游,邊緣運算_工業AI,2395,研華,2013,4,cash_flow,匯率變動對現金及約當現金之影響,193132,"193,132",sii,https://mopsov.twse.com.tw/mops/web/ajax_t163sb20
下游,邊緣運算_工業AI,2395,研華,2013,4,cash_flow,本期現金及約當現金增加（減少）數,-439685,"-439,685",sii,https://mopsov.twse.com.tw/mops/web/ajax_t163sb20
下游,邊緣運算_工業AI,2395,研華,2013,4,cash_flow,期初現金及約當現金餘額,3272043,"3,272,043",sii,https://mopsov.twse.com.tw/mops/web/ajax_t163sb20
下游,邊緣運算_工業AI,2395,研華,2013,4,cash_flow,期末現金及約當現金餘額,2832358,"2,832,358",sii,https://mopsov.twse.com.tw/mops/web/ajax_t163sb20
下游,邊緣運算_工業AI,6166,凌華,2013,4,cash_flow,營業活動之淨現金流入（流出）,756757,"756,757",sii,https://mopsov.twse.com.tw/mops/web/ajax_t163sb20
下游,邊緣運算_工業AI,6166,凌華,2013,4,cash_flow,投資活動之淨現金流入（流出）,-9471,"-9,471",sii,https://mopsov.twse.com.tw/mops/web/ajax_t163sb20
下游,邊緣運算_工業AI,6166,凌華,2013,4,cash_flow,籌資活動之淨現金流入（流出）,-320307,"-320,307",sii,https://mopsov.twse.com.tw/mops/web/ajax_t163sb20
下游,邊緣運算_工業AI,6166,凌華,2013,4,cash_flow,匯率變動對現金及約當現金之影響,7790,"7,790",sii,https://mopsov.twse.com.tw/mops/web/ajax_t163sb20
下游,邊緣運算_工業AI,6166,凌華,2013,4,cash_flow,本期現金及約當現金增加（減少）數,434769,"434,769",sii,https://mopsov.twse.com.tw/mops/web/ajax_t163sb20
下游,邊緣運算_工業AI,6166,凌華,2013,4,cash_flow,期初現金及約當現金餘額,742913,"742,913",sii,https://mopsov.twse.com.tw/mops/web/ajax_t163sb20
下游,邊緣運算_工業AI,6166,凌華,2013,4,cash_flow,期末現金及約當現金餘額,1177682,"1,177,682",sii,https://mopsov.twse.com.tw/mops/web/ajax_t163sb20
下游,邊緣運算_工業AI,2395,研華,2014,1,income_statement,營業收入,8146552,"8,146,552",sii,https://mopsov.twse.com.tw/mops/web/ajax_t163sb04
下游,邊緣運算_工業AI,2395,研華,2014,1,income_statement,營業成本,4767527,"4,767,527",sii,https://mopsov.twse.com.tw/mops/web/ajax_t163sb04
下游,邊緣運算_工業AI,2395,研華,2014,1,income_statement,營業毛利（毛損）,3379025,"3,379,025",sii,https://mopsov.twse.com.tw/mops/web/ajax_t163sb04
下游,邊緣運算_工業AI,2395,研華,2014,1,income_statement,未實現銷貨（損）益,,--,sii,https://mopsov.twse.com.tw/mops/web/ajax_t163sb04
下游,邊緣運算_工業AI,2395,研華,2014,1,income_statement,已實現銷貨（損）益,,--,sii,https://mopsov.twse.com.tw/mops/web/ajax_t163sb04
下游,邊緣運算_工業AI,2395,研華,2014,1,income_statement,營業毛利（毛損）淨額,3379025,"3,379,025",sii,https://mopsov.twse.com.tw/mops/web/ajax_t163sb04
下游,邊緣運算_工業AI,2395,研華,2014,1,income_statement,營業費用,2013650,"2,013,650",sii,https://mopsov.twse.com.tw/mops/web/ajax_t163sb04
下游,邊緣運算_工業AI,2395,研華,2014,1,income_statement,其他收益及費損淨額,,--,sii,https://mopsov.twse.com.tw/mops/web/ajax_t163sb04
下游,邊緣運算_工業AI,2395,研華,2014,1,income_statement,營業利益（損失）,1365375,"1,365,375",sii,https://mopsov.twse.com.tw/mops/web/ajax_t163sb04
下游,邊緣運算_工業AI,2395,研華,2014,1,income_statement,營業外收入及支出,69222,"69,222",sii,https://mopsov.twse.com.tw/mops/web/ajax_t163sb04
下游,邊緣運算_工業AI,2395,研華,2014,1,income_statement,稅前淨利（淨損）,1434597,"1,434,597",sii,https://mopsov.twse.com.tw/mops/web/ajax_t163sb04
下游,邊緣運算_工業AI,2395,研華,2014,1,income_statement,所得稅費用（利益）,278342,"278,342",sii,https://mopsov.twse.com.tw/mops/web/ajax_t163sb04
下游,邊緣運算_工業AI,2395,研華,2014,1,income_statement,繼續營業單位本期淨利（淨損）,1156255,"1,156,255",sii,https://mopsov.twse.com.tw/mops/web/ajax_t163sb04
下游,邊緣運算_工業AI,2395,研華,2014,1,income_statement,停業單位損益,,--,sii,https://mopsov.twse.com.tw/mops/web/ajax_t163sb04
下游,邊緣運算_工業AI,2395,研華,2014,1,income_statement,合併前非屬共同控制股權損益,,--,sii,https://mopsov.twse.com.tw/mops/web/ajax_t163sb04
下游,邊緣運算_工業AI,2395,研華,2014,1,income_statement,本期淨利（淨損）,1156255,"1,156,255",sii,https://mopsov.twse.com.tw/mops/web/ajax_t163sb04
下游,邊緣運算_工業AI,2395,研華,2014,1,income_statement,其他綜合損益（淨額）,289447,"289,447",sii,https://mopsov.twse.com.tw/mops/web/ajax_t163sb04
下游,邊緣運算_工業AI,2395,研華,2014,1,income_statement,合併前非屬共同控制股權綜合損益淨額,,--,sii,https://mopsov.twse.com.tw/mops/web/ajax_t163sb04
下游,邊緣運算_工業AI,2395,研華,2014,1,income_statement,本期綜合損益總額,1445702,"1,445,702",sii,https://mopsov.twse.com.tw/mops/web/ajax_t163sb04
下游,邊緣運算_工業AI,2395,研華,2014,1,income_statement,淨利（淨損）歸屬於母公司業主,1152741,"1,152,741",sii,https://mopsov.twse.com.tw/mops/web/ajax_t163sb04
下游,邊緣運算_工業AI,2395,研華,2014,1,income_statement,淨利（淨損）歸屬於共同控制下前手權益,,--,sii,https://mopsov.twse.com.tw/mops/web/ajax_t163sb04
下游,邊緣運算_工業AI,2395,研華,2014,1,income_statement,淨利（淨損）歸屬於非控制權益,3514,"3,514",sii,https://mopsov.twse.com.tw/mops/web/ajax_t163sb04
下游,邊緣運算_工業AI,2395,研華,2014,1,income_statement,綜合損益總額歸屬於母公司業主,1439838,"1,439,838",sii,https://mopsov.twse.com.tw/mops/web/ajax_t163sb04
下游,邊緣運算_工業AI,2395,研華,2014,1,income_statement,綜合損益總額歸屬於共同控制下前手權益,,--,sii,https://mopsov.twse.com.tw/mops/web/ajax_t163sb04
下游,邊緣運算_工業AI,2395,研華,2014,1,income_statement,綜合損益總額歸屬於非控制權益,5864,"5,864",sii,https://mopsov.twse.com.tw/mops/web/ajax_t163sb04
下游,邊緣運算_工業AI,2395,研華,2014,1,income_statement,基本每股盈餘（元）,2.02,2.02,sii,https://mopsov.twse.com.tw/mops/web/ajax_t163sb04
下游,邊緣運算_工業AI,6166,凌華,2014,1,income_statement,營業收入,1669323,"1,669,323",sii,https://mopsov.twse.com.tw/mops/web/ajax_t163sb04
下游,邊緣運算_工業AI,6166,凌華,2014,1,income_statement,營業成本,939252,"939,252",sii,https://mopsov.twse.com.tw/mops/web/ajax_t163sb04
下游,邊緣運算_工業AI,6166,凌華,2014,1,income_statement,營業毛利（毛損）,730071,"730,071",sii,https://mopsov.twse.com.tw/mops/web/ajax_t163sb04
下游,邊緣運算_工業AI,6166,凌華,2014,1,income_statement,未實現銷貨（損）益,,--,sii,https://mopsov.twse.com.tw/mops/web/ajax_t163sb04
下游,邊緣運算_工業AI,6166,凌華,2014,1,income_statement,已實現銷貨（損）益,,--,sii,https://mopsov.twse.com.tw/mops/web/ajax_t163sb04
下游,邊緣運算_工業AI,6166,凌華,2014,1,income_statement,營業毛利（毛損）淨額,730071,"730,071",sii,https://mopsov.twse.com.tw/mops/web/ajax_t163sb04
下游,邊緣運算_工業AI,6166,凌華,2014,1,income_statement,營業費用,603928,"603,928",sii,https://mopsov.twse.com.tw/mops/web/ajax_t163sb04
下游,邊緣運算_工業AI,6166,凌華,2014,1,income_statement,其他收益及費損淨額,,--,sii,https://mopsov.twse.com.tw/mops/web/ajax_t163sb04
下游,邊緣運算_工業AI,6166,凌華,2014,1,income_statement,營業利益（損失）,126143,"126,143",sii,https://mopsov.twse.com.tw/mops/web/ajax_t163sb04
下游,邊緣運算_工業AI,6166,凌華,2014,1,income_statement,營業外收入及支出,11701,"11,701",sii,https://mopsov.twse.com.tw/mops/web/ajax_t163sb04
下游,邊緣運算_工業AI,6166,凌華,2014,1,income_statement,稅前淨利（淨損）,137844,"137,844",sii,https://mopsov.twse.com.tw/mops/web/ajax_t163sb04
下游,邊緣運算_工業AI,6166,凌華,2014,1,income_statement,所得稅費用（利益）,29167,"29,167",sii,https://mopsov.twse.com.tw/mops/web/ajax_t163sb04
下游,邊緣運算_工業AI,6166,凌華,2014,1,income_statement,繼續營業單位本期淨利（淨損）,108677,"108,677",sii,https://mopsov.twse.com.tw/mops/web/ajax_t163sb04
下游,邊緣運算_工業AI,6166,凌華,2014,1,income_statement,停業單位損益,,--,sii,https://mopsov.twse.com.tw/mops/web/ajax_t163sb04
下游,邊緣運算_工業AI,6166,凌華,2014,1,income_statement,合併前非屬共同控制股權損益,,--,sii,https://mopsov.twse.com.tw/mops/web/ajax_t163sb04
下游,邊緣運算_工業AI,6166,凌華,2014,1,income_statement,本期淨利（淨損）,108677,"108,677",sii,https://mopsov.twse.com.tw/mops/web/ajax_t163sb04
下游,邊緣運算_工業AI,6166,凌華,2014,1,income_statement,其他綜合損益（淨額）,30296,"30,296",sii,https://mopsov.twse.com.tw/mops/web/ajax_t163sb04
下游,邊緣運算_工業AI,6166,凌華,2014,1,income_statement,合併前非屬共同控制股權綜合損益淨額,,--,sii,https://mopsov.twse.com.tw/mops/web/ajax_t163sb04
下游,邊緣運算_工業AI,6166,凌華,2014,1,income_statement,本期綜合損益總額,138973,"138,973",sii,https://mopsov.twse.com.tw/mops/web/ajax_t163sb04
下游,邊緣運算_工業AI,6166,凌華,2014,1,income_statement,淨利（淨損）歸屬於母公司業主,107766,"107,766",sii,https://mopsov.twse.com.tw/mops/web/ajax_t163sb04
下游,邊緣運算_工業AI,6166,凌華,2014,1,income_statement,淨利（淨損）歸屬於共同控制下前手權益,,--,sii,https://mopsov.twse.com.tw/mops/web/ajax_t163sb04
下游,邊緣運算_工業AI,6166,凌華,2014,1,income_statement,淨利（淨損）歸屬於非控制權益,911,911,sii,https://mopsov.twse.com.tw/mops/web/ajax_t163sb04
下游,邊緣運算_工業AI,6166,凌華,2014,1,income_statement,綜合損益總額歸屬於母公司業主,137816,"137,816",sii,https://mopsov.twse.com.tw/mops/web/ajax_t163sb04
下游,邊緣運算_工業AI,6166,凌華,2014,1,income_statement,綜合損益總額歸屬於共同控制下前手權益,,--,sii,https://mopsov.twse.com.tw/mops/web/ajax_t163sb04
下游,邊緣運算_工業AI,6166,凌華,2014,1,income_statement,綜合損益總額歸屬於非控制權益,1157,"1,157",sii,https://mopsov.twse.com.tw/mops/web/ajax_t163sb04
下游,邊緣運算_工業AI,6166,凌華,2014,1,income_statement,基本每股盈餘（元）,0.63,0.63,sii,https://mopsov.twse.com.tw/mops/web/ajax_t163sb04
下游,邊緣運算_工業AI,2395,研華,2014,1,balance_sheet,流動資產,16598317,"16,598,317",sii,https://mopsov.twse.com.tw/mops/web/ajax_t163sb05
下游,邊緣運算_工業AI,2395,研華,2014,1,balance_sheet,非流動資產,12597514,"12,597,514",sii,https://mopsov.twse.com.tw/mops/web/ajax_t163sb05
下游,邊緣運算_工業AI,2395,研華,2014,1,balance_sheet,資產總額,29195831,"29,195,831",sii,https://mopsov.twse.com.tw/mops/web/ajax_t163sb05
下游,邊緣運算_工業AI,2395,研華,2014,1,balance_sheet,流動負債,7253189,"7,253,189",sii,https://mopsov.twse.com.tw/mops/web/ajax_t163sb05
下游,邊緣運算_工業AI,2395,研華,2014,1,balance_sheet,非流動負債,917952,"917,952",sii,https://mopsov.twse.com.tw/mops/web/ajax_t163sb05
下游,邊緣運算_工業AI,2395,研華,2014,1,balance_sheet,負債總額,8171141,"8,171,141",sii,https://mopsov.twse.com.tw/mops/web/ajax_t163sb05
下游,邊緣運算_工業AI,2395,研華,2014,1,balance_sheet,股本,5714511,"5,714,511",sii,https://mopsov.twse.com.tw/mops/web/ajax_t163sb05
下游,邊緣運算_工業AI,2395,研華,2014,1,balance_sheet,資本公積,5105078,"5,105,078",sii,https://mopsov.twse.com.tw/mops/web/ajax_t163sb05
下游,邊緣運算_工業AI,2395,研華,2014,1,balance_sheet,保留盈餘,9666887,"9,666,887",sii,https://mopsov.twse.com.tw/mops/web/ajax_t163sb05
下游,邊緣運算_工業AI,2395,研華,2014,1,balance_sheet,其他權益,341604,"341,604",sii,https://mopsov.twse.com.tw/mops/web/ajax_t163sb05
下游,邊緣運算_工業AI,2395,研華,2014,1,balance_sheet,庫藏股票,,--,sii,https://mopsov.twse.com.tw/mops/web/ajax_t163sb05
下游,邊緣運算_工業AI,2395,研華,2014,1,balance_sheet,歸屬於母公司業主之權益合計,20828080,"20,828,080",sii,https://mopsov.twse.com.tw/mops/web/ajax_t163sb05
下游,邊緣運算_工業AI,2395,研華,2014,1,balance_sheet,共同控制下前手權益,0,0,sii,https://mopsov.twse.com.tw/mops/web/ajax_t163sb05
下游,邊緣運算_工業AI,2395,研華,2014,1,balance_sheet,合併前非屬共同控制股權,,--,sii,https://mopsov.twse.com.tw/mops/web/ajax_t163sb05
下游,邊緣運算_工業AI,2395,研華,2014,1,balance_sheet,非控制權益,196610,"196,610",sii,https://mopsov.twse.com.tw/mops/web/ajax_t163sb05
下游,邊緣運算_工業AI,2395,研華,2014,1,balance_sheet,權益總額,21024690,"21,024,690",sii,https://mopsov.twse.com.tw/mops/web/ajax_t163sb05
下游,邊緣運算_工業AI,2395,研華,2014,1,balance_sheet,待註銷股本股數（單位：股）,,--,sii,https://mopsov.twse.com.tw/mops/web/ajax_t163sb05
下游,邊緣運算_工業AI,2395,研華,2014,1,balance_sheet,預收股款（權益項下）之約當發行股數（單位：股）,20510,"20,510",sii,https://mopsov.twse.com.tw/mops/web/ajax_t163sb05
下游,邊緣運算_工業AI,2395,研華,2014,1,balance_sheet,母公司暨子公司所持有之母公司庫藏股股數（單位：股）,0,0,sii,https://mopsov.twse.com.tw/mops/web/ajax_t163sb05
下游,邊緣運算_工業AI,2395,研華,2014,1,balance_sheet,每股參考淨值,36.58,36.58,sii,https://mopsov.twse.com.tw/mops/web/ajax_t163sb05
下游,邊緣運算_工業AI,6166,凌華,2014,1,balance_sheet,流動資產,3990026,"3,990,026",sii,https://mopsov.twse.com.tw/mops/web/ajax_t163sb05
下游,邊緣運算_工業AI,6166,凌華,2014,1,balance_sheet,非流動資產,1809225,"1,809,225",sii,https://mopsov.twse.com.tw/mops/web/ajax_t163sb05
下游,邊緣運算_工業AI,6166,凌華,2014,1,balance_sheet,資產總額,5799251,"5,799,251",sii,https://mopsov.twse.com.tw/mops/web/ajax_t163sb05
下游,邊緣運算_工業AI,6166,凌華,2014,1,balance_sheet,流動負債,2362211,"2,362,211",sii,https://mopsov.twse.com.tw/mops/web/ajax_t163sb05
下游,邊緣運算_工業AI,6166,凌華,2014,1,balance_sheet,非流動負債,93666,"93,666",sii,https://mopsov.twse.com.tw/mops/web/ajax_t163sb05
下游,邊緣運算_工業AI,6166,凌華,2014,1,balance_sheet,負債總額,2455877,"2,455,877",sii,https://mopsov.twse.com.tw/mops/web/ajax_t163sb05
下游,邊緣運算_工業AI,6166,凌華,2014,1,balance_sheet,股本,1709874,"1,709,874",sii,https://mopsov.twse.com.tw/mops/web/ajax_t163sb05
下游,邊緣運算_工業AI,6166,凌華,2014,1,balance_sheet,資本公積,608992,"608,992",sii,https://mopsov.twse.com.tw/mops/web/ajax_t163sb05
下游,邊緣運算_工業AI,6166,凌華,2014,1,balance_sheet,保留盈餘,926566,"926,566",sii,https://mopsov.twse.com.tw/mops/web/ajax_t163sb05
下游,邊緣運算_工業AI,6166,凌華,2014,1,balance_sheet,其他權益,91141,"91,141",sii,https://mopsov.twse.com.tw/mops/web/ajax_t163sb05
下游,邊緣運算_工業AI,6166,凌華,2014,1,balance_sheet,庫藏股票,,--,sii,https://mopsov.twse.com.tw/mops/web/ajax_t163sb05
下游,邊緣運算_工業AI,6166,凌華,2014,1,balance_sheet,歸屬於母公司業主之權益合計,3336573,"3,336,573",sii,https://mopsov.twse.com.tw/mops/web/ajax_t163sb05
下游,邊緣運算_工業AI,6166,凌華,2014,1,balance_sheet,共同控制下前手權益,,--,sii,https://mopsov.twse.com.tw/mops/web/ajax_t163sb05
下游,邊緣運算_工業AI,6166,凌華,2014,1,balance_sheet,合併前非屬共同控制股權,,--,sii,https://mopsov.twse.com.tw/mops/web/ajax_t163sb05
下游,邊緣運算_工業AI,6166,凌華,2014,1,balance_sheet,非控制權益,6801,"6,801",sii,https://mopsov.twse.com.tw/mops/web/ajax_t163sb05
下游,邊緣運算_工業AI,6166,凌華,2014,1,balance_sheet,權益總額,3343374,"3,343,374",sii,https://mopsov.twse.com.tw/mops/web/ajax_t163sb05
下游,邊緣運算_工業AI,6166,凌華,2014,1,balance_sheet,待註銷股本股數（單位：股）,0,0,sii,https://mopsov.twse.com.tw/mops/web/ajax_t163sb05
下游,邊緣運算_工業AI,6166,凌華,2014,1,balance_sheet,預收股款（權益項下）之約當發行股數（單位：股）,0,0,sii,https://mopsov.twse.com.tw/mops/web/ajax_t163sb05
下游,邊緣運算_工業AI,6166,凌華,2014,1,balance_sheet,母公司暨子公司所持有之母公司庫藏股股數（單位：股）,0,0,sii,https://mopsov.twse.com.tw/mops/web/ajax_t163sb05
下游,邊緣運算_工業AI,6166,凌華,2014,1,balance_sheet,每股參考淨值,19.51,19.51,sii,https://mopsov.twse.com.tw/mops/web/ajax_t163sb05
下游,邊緣運算_工業AI,2395,研華,2014,1,cash_flow,營業活動之淨現金流入（流出）,616358,"616,358",sii,https://mopsov.twse.com.tw/mops/web/ajax_t163sb20
下游,邊緣運算_工業AI,2395,研華,2014,1,cash_flow,投資活動之淨現金流入（流出）,-534047,"-534,047",sii,https://mopsov.twse.com.tw/mops/web/ajax_t163sb20
下游,邊緣運算_工業AI,2395,研華,2014,1,cash_flow,籌資活動之淨現金流入（流出）,33805,"33,805",sii,https://mopsov.twse.com.tw/mops/web/ajax_t163sb20
下游,邊緣運算_工業AI,2395,研華,2014,1,cash_flow,匯率變動對現金及約當現金之影響,65863,"65,863",sii,https://mopsov.twse.com.tw/mops/web/ajax_t163sb20
下游,邊緣運算_工業AI,2395,研華,2014,1,cash_flow,本期現金及約當現金增加（減少）數,181979,"181,979",sii,https://mopsov.twse.com.tw/mops/web/ajax_t163sb20
下游,邊緣運算_工業AI,2395,研華,2014,1,cash_flow,期初現金及約當現金餘額,2832358,"2,832,358",sii,https://mopsov.twse.com.tw/mops/web/ajax_t163sb20
下游,邊緣運算_工業AI,2395,研華,2014,1,cash_flow,期末現金及約當現金餘額,3014337,"3,014,337",sii,https://mopsov.twse.com.tw/mops/web/ajax_t163sb20
下游,邊緣運算_工業AI,6166,凌華,2014,1,cash_flow,營業活動之淨現金流入（流出）,255087,"255,087",sii,https://mopsov.twse.com.tw/mops/web/ajax_t163sb20
下游,邊緣運算_工業AI,6166,凌華,2014,1,cash_flow,投資活動之淨現金流入（流出）,-259326,"-259,326",sii,https://mopsov.twse.com.tw/mops/web/ajax_t163sb20
下游,邊緣運算_工業AI,6166,凌華,2014,1,cash_flow,籌資活動之淨現金流入（流出）,23707,"23,707",sii,https://mopsov.twse.com.tw/mops/web/ajax_t163sb20
下游,邊緣運算_工業AI,6166,凌華,2014,1,cash_flow,匯率變動對現金及約當現金之影響,16324,"16,324",sii,https://mopsov.twse.com.tw/mops/web/ajax_t163sb20
下游,邊緣運算_工業AI,6166,凌華,2014,1,cash_flow,本期現金及約當現金增加（減少）數,35792,"35,792",sii,https://mopsov.twse.com.tw/mops/web/ajax_t163sb20
下游,邊緣運算_工業AI,6166,凌華,2014,1,cash_flow,期初現金及約當現金餘額,1177682,"1,177,682",sii,https://mopsov.twse.com.tw/mops/web/ajax_t163sb20
下游,邊緣運算_工業AI,6166,凌華,2014,1,cash_flow,期末現金及約當現金餘額,1213474,"1,213,474",sii,https://mopsov.twse.com.tw/mops/web/ajax_t163sb20
下游,邊緣運算_工業AI,2395,研華,2014,2,income_statement,營業收入,17424565,"17,424,565",sii,https://mopsov.twse.com.tw/mops/web/ajax_t163sb04
下游,邊緣運算_工業AI,2395,研華,2014,2,income_statement,營業成本,10328233,"10,328,233",sii,https://mopsov.twse.com.tw/mops/web/ajax_t163sb04
下游,邊緣運算_工業AI,2395,研華,2014,2,income_statement,營業毛利（毛損）,7096332,"7,096,332",sii,https://mopsov.twse.com.tw/mops/web/ajax_t163sb04
下游,邊緣運算_工業AI,2395,研華,2014,2,income_statement,未實現銷貨（損）益,,--,sii,https://mopsov.twse.com.tw/mops/web/ajax_t163sb04
下游,邊緣運算_工業AI,2395,研華,2014,2,income_statement,已實現銷貨（損）益,,--,sii,https://mopsov.twse.com.tw/mops/web/ajax_t163sb04
下游,邊緣運算_工業AI,2395,研華,2014,2,income_statement,營業毛利（毛損）淨額,7096332,"7,096,332",sii,https://mopsov.twse.com.tw/mops/web/ajax_t163sb04
下游,邊緣運算_工業AI,2395,研華,2014,2,income_statement,營業費用,4219289,"4,219,289",sii,https://mopsov.twse.com.tw/mops/web/ajax_t163sb04
下游,邊緣運算_工業AI,2395,研華,2014,2,income_statement,其他收益及費損淨額,,--,sii,https://mopsov.twse.com.tw/mops/web/ajax_t163sb04
下游,邊緣運算_工業AI,2395,研華,2014,2,income_statement,營業利益（損失）,2877043,"2,877,043",sii,https://mopsov.twse.com.tw/mops/web/ajax_t163sb04
下游,邊緣運算_工業AI,2395,研華,2014,2,income_statement,營業外收入及支出,46211,"46,211",sii,https://mopsov.twse.com.tw/mops/web/ajax_t163sb04
下游,邊緣運算_工業AI,2395,研華,2014,2,income_statement,稅前淨利（淨損）,2923254,"2,923,254",sii,https://mopsov.twse.com.tw/mops/web/ajax_t163sb04
下游,邊緣運算_工業AI,2395,研華,2014,2,income_statement,所得稅費用（利益）,558416,"558,416",sii,https://mopsov.twse.com.tw/mops/web/ajax_t163sb04
下游,邊緣運算_工業AI,2395,研華,2014,2,income_statement,繼續營業單位本期淨利（淨損）,2364838,"2,364,838",sii,https://mopsov.twse.com.tw/mops/web/ajax_t163sb04
下游,邊緣運算_工業AI,2395,研華,2014,2,income_statement,停業單位損益,,--,sii,https://mopsov.twse.com.tw/mops/web/ajax_t163sb04
下游,邊緣運算_工業AI,2395,研華,2014,2,income_statement,合併前非屬共同控制股權損益,,--,sii,https://mopsov.twse.com.tw/mops/web/ajax_t163sb04
下游,邊緣運算_工業AI,2395,研華,2014,2,income_statement,本期淨利（淨損）,2364838,"2,364,838",sii,https://mopsov.twse.com.tw/mops/web/ajax_t163sb04
下游,邊緣運算_工業AI,2395,研華,2014,2,income_statement,其他綜合損益（淨額）,417801,"417,801",sii,https://mopsov.twse.com.tw/mops/web/ajax_t163sb04
下游,邊緣運算_工業AI,2395,研華,2014,2,income_statement,合併前非屬共同控制股權綜合損益淨額,,--,sii,https://mopsov.twse.com.tw/mops/web/ajax_t163sb04
下游,邊緣運算_工業AI,2395,研華,2014,2,income_statement,本期綜合損益總額,2782639,"2,782,639",sii,https://mopsov.twse.com.tw/mops/web/ajax_t163sb04
下游,邊緣運算_工業AI,2395,研華,2014,2,income_statement,淨利（淨損）歸屬於母公司業主,2354588,"2,354,588",sii,https://mopsov.twse.com.tw/mops/web/ajax_t163sb04
下游,邊緣運算_工業AI,2395,研華,2014,2,income_statement,淨利（淨損）歸屬於共同控制下前手權益,,--,sii,https://mopsov.twse.com.tw/mops/web/ajax_t163sb04
下游,邊緣運算_工業AI,2395,研華,2014,2,income_statement,淨利（淨損）歸屬於非控制權益,10250,"10,250",sii,https://mopsov.twse.com.tw/mops/web/ajax_t163sb04
下游,邊緣運算_工業AI,2395,研華,2014,2,income_statement,綜合損益總額歸屬於母公司業主,2775732,"2,775,732",sii,https://mopsov.twse.com.tw/mops/web/ajax_t163sb04
下游,邊緣運算_工業AI,2395,研華,2014,2,income_statement,綜合損益總額歸屬於共同控制下前手權益,,--,sii,https://mopsov.twse.com.tw/mops/web/ajax_t163sb04
下游,邊緣運算_工業AI,2395,研華,2014,2,income_statement,綜合損益總額歸屬於非控制權益,6907,"6,907",sii,https://mopsov.twse.com.tw/mops/web/ajax_t163sb04
下游,邊緣運算_工業AI,2395,研華,2014,2,income_statement,基本每股盈餘（元）,4.12,4.12,sii,https://mopsov.twse.com.tw/mops/web/ajax_t163sb04
下游,邊緣運算_工業AI,6166,凌華,2014,2,income_statement,營業收入,3924260,"3,924,260",sii,https://mopsov.twse.com.tw/mops/web/ajax_t163sb04
下游,邊緣運算_工業AI,6166,凌華,2014,2,income_statement,營業成本,2257060,"2,257,060",sii,https://mopsov.twse.com.tw/mops/web/ajax_t163sb04
下游,邊緣運算_工業AI,6166,凌華,2014,2,income_statement,營業毛利（毛損）,1667200,"1,667,200",sii,https://mopsov.twse.com.tw/mops/web/ajax_t163sb04
下游,邊緣運算_工業AI,6166,凌華,2014,2,income_statement,未實現銷貨（損）益,,--,sii,https://mopsov.twse.com.tw/mops/web/ajax_t163sb04
下游,邊緣運算_工業AI,6166,凌華,2014,2,income_statement,已實現銷貨（損）益,,--,sii,https://mopsov.twse.com.tw/mops/web/ajax_t163sb04
下游,邊緣運算_工業AI,6166,凌華,2014,2,income_statement,營業毛利（毛損）淨額,1667200,"1,667,200",sii,https://mopsov.twse.com.tw/mops/web/ajax_t163sb04
下游,邊緣運算_工業AI,6166,凌華,2014,2,income_statement,營業費用,1267399,"1,267,399",sii,https://mopsov.twse.com.tw/mops/web/ajax_t163sb04
下游,邊緣運算_工業AI,6166,凌華,2014,2,income_statement,其他收益及費損淨額,,--,sii,https://mopsov.twse.com.tw/mops/web/ajax_t163sb04
下游,邊緣運算_工業AI,6166,凌華,2014,2,income_statement,營業利益（損失）,399801,"399,801",sii,https://mopsov.twse.com.tw/mops/web/ajax_t163sb04
下游,邊緣運算_工業AI,6166,凌華,2014,2,income_statement,營業外收入及支出,4096,"4,096",sii,https://mopsov.twse.com.tw/mops/web/ajax_t163sb04
下游,邊緣運算_工業AI,6166,凌華,2014,2,income_statement,稅前淨利（淨損）,403897,"403,897",sii,https://mopsov.twse.com.tw/mops/web/ajax_t163sb04
下游,邊緣運算_工業AI,6166,凌華,2014,2,income_statement,所得稅費用（利益）,94659,"94,659",sii,https://mopsov.twse.com.tw/mops/web/ajax_t163sb04
下游,邊緣運算_工業AI,6166,凌華,2014,2,income_statement,繼續營業單位本期淨利（淨損）,309238,"309,238",sii,https://mopsov.twse.com.tw/mops/web/ajax_t163sb04
下游,邊緣運算_工業AI,6166,凌華,2014,2,income_statement,停業單位損益,,--,sii,https://mopsov.twse.com.tw/mops/web/ajax_t163sb04
下游,邊緣運算_工業AI,6166,凌華,2014,2,income_statement,合併前非屬共同控制股權損益,,--,sii,https://mopsov.twse.com.tw/mops/web/ajax_t163sb04
下游,邊緣運算_工業AI,6166,凌華,2014,2,income_statement,本期淨利（淨損）,309238,"309,238",sii,https://mopsov.twse.com.tw/mops/web/ajax_t163sb04
下游,邊緣運算_工業AI,6166,凌華,2014,2,income_statement,其他綜合損益（淨額）,-5099,"-5,099",sii,https://mopsov.twse.com.tw/mops/web/ajax_t163sb04
下游,邊緣運算_工業AI,6166,凌華,2014,2,income_statement,合併前非屬共同控制股權綜合損益淨額,,--,sii,https://mopsov.twse.com.tw/mops/web/ajax_t163sb04
下游,邊緣運算_工業AI,6166,凌華,2014,2,income_statement,本期綜合損益總額,304139,"304,139",sii,https://mopsov.twse.com.tw/mops/web/ajax_t163sb04
下游,邊緣運算_工業AI,6166,凌華,2014,2,income_statement,淨利（淨損）歸屬於母公司業主,307804,"307,804",sii,https://mopsov.twse.com.tw/mops/web/ajax_t163sb04
下游,邊緣運算_工業AI,6166,凌華,2014,2,income_statement,淨利（淨損）歸屬於共同控制下前手權益,,--,sii,https://mopsov.twse.com.tw/mops/web/ajax_t163sb04
下游,邊緣運算_工業AI,6166,凌華,2014,2,income_statement,淨利（淨損）歸屬於非控制權益,1434,"1,434",sii,https://mopsov.twse.com.tw/mops/web/ajax_t163sb04
下游,邊緣運算_工業AI,6166,凌華,2014,2,income_statement,綜合損益總額歸屬於母公司業主,302492,"302,492",sii,https://mopsov.twse.com.tw/mops/web/ajax_t163sb04
下游,邊緣運算_工業AI,6166,凌華,2014,2,income_statement,綜合損益總額歸屬於共同控制下前手權益,,--,sii,https://mopsov.twse.com.tw/mops/web/ajax_t163sb04
下游,邊緣運算_工業AI,6166,凌華,2014,2,income_statement,綜合損益總額歸屬於非控制權益,1647,"1,647",sii,https://mopsov.twse.com.tw/mops/web/ajax_t163sb04
下游,邊緣運算_工業AI,6166,凌華,2014,2,income_statement,基本每股盈餘（元）,1.68,1.68,sii,https://mopsov.twse.com.tw/mops/web/ajax_t163sb04
下游,邊緣運算_工業AI,2395,研華,2014,2,balance_sheet,流動資產,17866205,"17,866,205",sii,https://mopsov.twse.com.tw/mops/web/ajax_t163sb05
下游,邊緣運算_工業AI,2395,研華,2014,2,balance_sheet,非流動資產,13055002,"13,055,002",sii,https://mopsov.twse.com.tw/mops/web/ajax_t163sb05
下游,邊緣運算_工業AI,2395,研華,2014,2,balance_sheet,資產總額,30921207,"30,921,207",sii,https://mopsov.twse.com.tw/mops/web/ajax_t163sb05
下游,邊緣運算_工業AI,2395,研華,2014,2,balance_sheet,流動負債,10623176,"10,623,176",sii,https://mopsov.twse.com.tw/mops/web/ajax_t163sb05
下游,邊緣運算_工業AI,2395,研華,2014,2,balance_sheet,非流動負債,932959,"932,959",sii,https://mopsov.twse.com.tw/mops/web/ajax_t163sb05
下游,邊緣運算_工業AI,2395,研華,2014,2,balance_sheet,負債總額,11556135,"11,556,135",sii,https://mopsov.twse.com.tw/mops/web/ajax_t163sb05
下游,邊緣運算_工業AI,2395,研華,2014,2,balance_sheet,股本,6287021,"6,287,021",sii,https://mopsov.twse.com.tw/mops/web/ajax_t163sb05
下游,邊緣運算_工業AI,2395,研華,2014,2,balance_sheet,資本公積,5124225,"5,124,225",sii,https://mopsov.twse.com.tw/mops/web/ajax_t163sb05
下游,邊緣運算_工業AI,2395,研華,2014,2,balance_sheet,保留盈餘,7281514,"7,281,514",sii,https://mopsov.twse.com.tw/mops/web/ajax_t163sb05
下游,邊緣運算_工業AI,2395,研華,2014,2,balance_sheet,其他權益,475651,"475,651",sii,https://mopsov.twse.com.tw/mops/web/ajax_t163sb05
下游,邊緣運算_工業AI,2395,研華,2014,2,balance_sheet,庫藏股票,,--,sii,https://mopsov.twse.com.tw/mops/web/ajax_t163sb05
下游,邊緣運算_工業AI,2395,研華,2014,2,balance_sheet,歸屬於母公司業主之權益合計,19168411,"19,168,411",sii,https://mopsov.twse.com.tw/mops/web/ajax_t163sb05
下游,邊緣運算_工業AI,2395,研華,2014,2,balance_sheet,共同控制下前手權益,0,0,sii,https://mopsov.twse.com.tw/mops/web/ajax_t163sb05
下游,邊緣運算_工業AI,2395,研華,2014,2,balance_sheet,合併前非屬共同控制股權,,--,sii,https://mopsov.twse.com.tw/mops/web/ajax_t163sb05
下游,邊緣運算_工業AI,2395,研華,2014,2,balance_sheet,非控制權益,196661,"196,661",sii,https://mopsov.twse.com.tw/mops/web/ajax_t163sb05
下游,邊緣運算_工業AI,2395,研華,2014,2,balance_sheet,權益總額,19365072,"19,365,072",sii,https://mopsov.twse.com.tw/mops/web/ajax_t163sb05
下游,邊緣運算_工業AI,2395,研華,2014,2,balance_sheet,待註銷股本股數（單位：股）,0,0,sii,https://mopsov.twse.com.tw/mops/web/ajax_t163sb05
下游,邊緣運算_工業AI,2395,研華,2014,2,balance_sheet,預收股款（權益項下）之約當發行股數（單位：股）,3110,"3,110",sii,https://mopsov.twse.com.tw/mops/web/ajax_t163sb05
下游,邊緣運算_工業AI,2395,研華,2014,2,balance_sheet,母公司暨子公司所持有之母公司庫藏股股數（單位：股）,0,0,sii,https://mopsov.twse.com.tw/mops/web/ajax_t163sb05
下游,邊緣運算_工業AI,2395,研華,2014,2,balance_sheet,每股參考淨值,33.54,33.54,sii,https://mopsov.twse.com.tw/mops/web/ajax_t163sb05
下游,邊緣運算_工業AI,6166,凌華,2014,2,balance_sheet,流動資產,4526539,"4,526,539",sii,https://mopsov.twse.com.tw/mops/web/ajax_t163sb05
下游,邊緣運算_工業AI,6166,凌華,2014,2,balance_sheet,非流動資產,1824915,"1,824,915",sii,https://mopsov.twse.com.tw/mops/web/ajax_t163sb05
下游,邊緣運算_工業AI,6166,凌華,2014,2,balance_sheet,資產總額,6351454,"6,351,454",sii,https://mopsov.twse.com.tw/mops/web/ajax_t163sb05
下游,邊緣運算_工業AI,6166,凌華,2014,2,balance_sheet,流動負債,3008782,"3,008,782",sii,https://mopsov.twse.com.tw/mops/web/ajax_t163sb05
下游,邊緣運算_工業AI,6166,凌華,2014,2,balance_sheet,非流動負債,87878,"87,878",sii,https://mopsov.twse.com.tw/mops/web/ajax_t163sb05
下游,邊緣運算_工業AI,6166,凌華,2014,2,balance_sheet,負債總額,3096660,"3,096,660",sii,https://mopsov.twse.com.tw/mops/web/ajax_t163sb05
下游,邊緣運算_工業AI,6166,凌華,2014,2,balance_sheet,股本,1830560,"1,830,560",sii,https://mopsov.twse.com.tw/mops/web/ajax_t163sb05
下游,邊緣運算_工業AI,6166,凌華,2014,2,balance_sheet,資本公積,611339,"611,339",sii,https://mopsov.twse.com.tw/mops/web/ajax_t163sb05
下游,邊緣運算_工業AI,6166,凌華,2014,2,balance_sheet,保留盈餘,749825,"749,825",sii,https://mopsov.twse.com.tw/mops/web/ajax_t163sb05
下游,邊緣運算_工業AI,6166,凌華,2014,2,balance_sheet,其他權益,55779,"55,779",sii,https://mopsov.twse.com.tw/mops/web/ajax_t163sb05
下游,邊緣運算_工業AI,6166,凌華,2014,2,balance_sheet,庫藏股票,,--,sii,https://mopsov.twse.com.tw/mops/web/ajax_t163sb05
下游,邊緣運算_工業AI,6166,凌華,2014,2,balance_sheet,歸屬於母公司業主之權益合計,3247503,"3,247,503",sii,https://mopsov.twse.com.tw/mops/web/ajax_t163sb05
下游,邊緣運算_工業AI,6166,凌華,2014,2,balance_sheet,共同控制下前手權益,,--,sii,https://mopsov.twse.com.tw/mops/web/ajax_t163sb05
下游,邊緣運算_工業AI,6166,凌華,2014,2,balance_sheet,合併前非屬共同控制股權,,--,sii,https://mopsov.twse.com.tw/mops/web/ajax_t163sb05
下游,邊緣運算_工業AI,6166,凌華,2014,2,balance_sheet,非控制權益,7291,"7,291",sii,https://mopsov.twse.com.tw/mops/web/ajax_t163sb05
下游,邊緣運算_工業AI,6166,凌華,2014,2,balance_sheet,權益總額,3254794,"3,254,794",sii,https://mopsov.twse.com.tw/mops/web/ajax_t163sb05
下游,邊緣運算_工業AI,6166,凌華,2014,2,balance_sheet,待註銷股本股數（單位：股）,0,0,sii,https://mopsov.twse.com.tw/mops/web/ajax_t163sb05
下游,邊緣運算_工業AI,6166,凌華,2014,2,balance_sheet,預收股款（權益項下）之約當發行股數（單位：股）,0,0,sii,https://mopsov.twse.com.tw/mops/web/ajax_t163sb05
下游,邊緣運算_工業AI,6166,凌華,2014,2,balance_sheet,母公司暨子公司所持有之母公司庫藏股股數（單位：股）,0,0,sii,https://mopsov.twse.com.tw/mops/web/ajax_t163sb05
下游,邊緣運算_工業AI,6166,凌華,2014,2,balance_sheet,每股參考淨值,18.98,18.98,sii,https://mopsov.twse.com.tw/mops/web/ajax_t163sb05
下游,邊緣運算_工業AI,2395,研華,2014,2,cash_flow,營業活動之淨現金流入（流出）,1864588,"1,864,588",sii,https://mopsov.twse.com.tw/mops/web/ajax_t163sb20
下游,邊緣運算_工業AI,2395,研華,2014,2,cash_flow,投資活動之淨現金流入（流出）,-1704874,"-1,704,874",sii,https://mopsov.twse.com.tw/mops/web/ajax_t163sb20
下游,邊緣運算_工業AI,2395,研華,2014,2,cash_flow,籌資活動之淨現金流入（流出）,43273,"43,273",sii,https://mopsov.twse.com.tw/mops/web/ajax_t163sb20
下游,邊緣運算_工業AI,2395,研華,2014,2,cash_flow,匯率變動對現金及約當現金之影響,-31328,"-31,328",sii,https://mopsov.twse.com.tw/mops/web/ajax_t163sb20
下游,邊緣運算_工業AI,2395,研華,2014,2,cash_flow,本期現金及約當現金增加（減少）數,171659,"171,659",sii,https://mopsov.twse.com.tw/mops/web/ajax_t163sb20
下游,邊緣運算_工業AI,2395,研華,2014,2,cash_flow,期初現金及約當現金餘額,2832358,"2,832,358",sii,https://mopsov.twse.com.tw/mops/web/ajax_t163sb20
下游,邊緣運算_工業AI,2395,研華,2014,2,cash_flow,期末現金及約當現金餘額,3004017,"3,004,017",sii,https://mopsov.twse.com.tw/mops/web/ajax_t163sb20
下游,邊緣運算_工業AI,6166,凌華,2014,2,cash_flow,營業活動之淨現金流入（流出）,263229,"263,229",sii,https://mopsov.twse.com.tw/mops/web/ajax_t163sb20
下游,邊緣運算_工業AI,6166,凌華,2014,2,cash_flow,投資活動之淨現金流入（流出）,-372601,"-372,601",sii,https://mopsov.twse.com.tw/mops/web/ajax_t163sb20
下游,邊緣運算_工業AI,6166,凌華,2014,2,cash_flow,籌資活動之淨現金流入（流出）,-73083,"-73,083",sii,https://mopsov.twse.com.tw/mops/web/ajax_t163sb20
下游,邊緣運算_工業AI,6166,凌華,2014,2,cash_flow,匯率變動對現金及約當現金之影響,2111,"2,111",sii,https://mopsov.twse.com.tw/mops/web/ajax_t163sb20
下游,邊緣運算_工業AI,6166,凌華,2014,2,cash_flow,本期現金及約當現金增加（減少）數,-180344,"-180,344",sii,https://mopsov.twse.com.tw/mops/web/ajax_t163sb20
下游,邊緣運算_工業AI,6166,凌華,2014,2,cash_flow,期初現金及約當現金餘額,1177682,"1,177,682",sii,https://mopsov.twse.com.tw/mops/web/ajax_t163sb20
下游,邊緣運算_工業AI,6166,凌華,2014,2,cash_flow,期末現金及約當現金餘額,997338,"997,338",sii,https://mopsov.twse.com.tw/mops/web/ajax_t163sb20
下游,邊緣運算_工業AI,2395,研華,2014,3,income_statement,營業收入,26549102,"26,549,102",sii,https://mopsov.twse.com.tw/mops/web/ajax_t163sb04
下游,邊緣運算_工業AI,2395,研華,2014,3,income_statement,營業成本,15836645,"15,836,645",sii,https://mopsov.twse.com.tw/mops/web/ajax_t163sb04
下游,邊緣運算_工業AI,2395,研華,2014,3,income_statement,營業毛利（毛損）,10712457,"10,712,457",sii,https://mopsov.twse.com.tw/mops/web/ajax_t163sb04
下游,邊緣運算_工業AI,2395,研華,2014,3,income_statement,未實現銷貨（損）益,,--,sii,https://mopsov.twse.com.tw/mops/web/ajax_t163sb04
下游,邊緣運算_工業AI,2395,研華,2014,3,income_statement,已實現銷貨（損）益,,--,sii,https://mopsov.twse.com.tw/mops/web/ajax_t163sb04
下游,邊緣運算_工業AI,2395,研華,2014,3,income_statement,營業毛利（毛損）淨額,10712457,"10,712,457",sii,https://mopsov.twse.com.tw/mops/web/ajax_t163sb04
下游,邊緣運算_工業AI,2395,研華,2014,3,income_statement,營業費用,6499526,"6,499,526",sii,https://mopsov.twse.com.tw/mops/web/ajax_t163sb04
下游,邊緣運算_工業AI,2395,研華,2014,3,income_statement,其他收益及費損淨額,,--,sii,https://mopsov.twse.com.tw/mops/web/ajax_t163sb04
下游,邊緣運算_工業AI,2395,研華,2014,3,income_statement,營業利益（損失）,4212931,"4,212,931",sii,https://mopsov.twse.com.tw/mops/web/ajax_t163sb04
下游,邊緣運算_工業AI,2395,研華,2014,3,income_statement,營業外收入及支出,307822,"307,822",sii,https://mopsov.twse.com.tw/mops/web/ajax_t163sb04
下游,邊緣運算_工業AI,2395,研華,2014,3,income_statement,稅前淨利（淨損）,4520753,"4,520,753",sii,https://mopsov.twse.com.tw/mops/web/ajax_t163sb04
下游,邊緣運算_工業AI,2395,研華,2014,3,income_statement,所得稅費用（利益）,828773,"828,773",sii,https://mopsov.twse.com.tw/mops/web/ajax_t163sb04
下游,邊緣運算_工業AI,2395,研華,2014,3,income_statement,繼續營業單位本期淨利（淨損）,3691980,"3,691,980",sii,https://mopsov.twse.com.tw/mops/web/ajax_t163sb04
下游,邊緣運算_工業AI,2395,研華,2014,3,income_statement,停業單位損益,,--,sii,https://mopsov.twse.com.tw/mops/web/ajax_t163sb04
下游,邊緣運算_工業AI,2395,研華,2014,3,income_statement,合併前非屬共同控制股權損益,,--,sii,https://mopsov.twse.com.tw/mops/web/ajax_t163sb04
下游,邊緣運算_工業AI,2395,研華,2014,3,income_statement,本期淨利（淨損）,3691980,"3,691,980",sii,https://mopsov.twse.com.tw/mops/web/ajax_t163sb04
下游,邊緣運算_工業AI,2395,研華,2014,3,income_statement,其他綜合損益（淨額）,238297,"238,297",sii,https://mopsov.twse.com.tw/mops/web/ajax_t163sb04
下游,邊緣運算_工業AI,2395,研華,2014,3,income_statement,合併前非屬共同控制股權綜合損益淨額,,--,sii,https://mopsov.twse.com.tw/mops/web/ajax_t163sb04
下游,邊緣運算_工業AI,2395,研華,2014,3,income_statement,本期綜合損益總額,3930277,"3,930,277",sii,https://mopsov.twse.com.tw/mops/web/ajax_t163sb04
下游,邊緣運算_工業AI,2395,研華,2014,3,income_statement,淨利（淨損）歸屬於母公司業主,3674337,"3,674,337",sii,https://mopsov.twse.com.tw/mops/web/ajax_t163sb04
下游,邊緣運算_工業AI,2395,研華,2014,3,income_statement,淨利（淨損）歸屬於共同控制下前手權益,,--,sii,https://mopsov.twse.com.tw/mops/web/ajax_t163sb04
下游,邊緣運算_工業AI,2395,研華,2014,3,income_statement,淨利（淨損）歸屬於非控制權益,17643,"17,643",sii,https://mopsov.twse.com.tw/mops/web/ajax_t163sb04
下游,邊緣運算_工業AI,2395,研華,2014,3,income_statement,綜合損益總額歸屬於母公司業主,3918967,"3,918,967",sii,https://mopsov.twse.com.tw/mops/web/ajax_t163sb04
下游,邊緣運算_工業AI,2395,研華,2014,3,income_statement,綜合損益總額歸屬於共同控制下前手權益,,--,sii,https://mopsov.twse.com.tw/mops/web/ajax_t163sb04
下游,邊緣運算_工業AI,2395,研華,2014,3,income_statement,綜合損益總額歸屬於非控制權益,11310,"11,310",sii,https://mopsov.twse.com.tw/mops/web/ajax_t163sb04
下游,邊緣運算_工業AI,2395,研華,2014,3,income_statement,基本每股盈餘（元）,5.85,5.85,sii,https://mopsov.twse.com.tw/mops/web/ajax_t163sb04
下游,邊緣運算_工業AI,6166,凌華,2014,3,income_statement,營業收入,5962060,"5,962,060",sii,https://mopsov.twse.com.tw/mops/web/ajax_t163sb04
下游,邊緣運算_工業AI,6166,凌華,2014,3,income_statement,營業成本,3452364,"3,452,364",sii,https://mopsov.twse.com.tw/mops/web/ajax_t163sb04
下游,邊緣運算_工業AI,6166,凌華,2014,3,income_statement,營業毛利（毛損）,2509696,"2,509,696",sii,https://mopsov.twse.com.tw/mops/web/ajax_t163sb04
下游,邊緣運算_工業AI,6166,凌華,2014,3,income_statement,未實現銷貨（損）益,,--,sii,https://mopsov.twse.com.tw/mops/web/ajax_t163sb04
下游,邊緣運算_工業AI,6166,凌華,2014,3,income_statement,已實現銷貨（損）益,,--,sii,https://mopsov.twse.com.tw/mops/web/ajax_t163sb04
下游,邊緣運算_工業AI,6166,凌華,2014,3,income_statement,營業毛利（毛損）淨額,2509696,"2,509,696",sii,https://mopsov.twse.com.tw/mops/web/ajax_t163sb04
下游,邊緣運算_工業AI,6166,凌華,2014,3,income_statement,營業費用,1922547,"1,922,547",sii,https://mopsov.twse.com.tw/mops/web/ajax_t163sb04
下游,邊緣運算_工業AI,6166,凌華,2014,3,income_statement,其他收益及費損淨額,,--,sii,https://mopsov.twse.com.tw/mops/web/ajax_t163sb04
下游,邊緣運算_工業AI,6166,凌華,2014,3,income_statement,營業利益（損失）,587149,"587,149",sii,https://mopsov.twse.com.tw/mops/web/ajax_t163sb04
下游,邊緣運算_工業AI,6166,凌華,2014,3,income_statement,營業外收入及支出,20729,"20,729",sii,https://mopsov.twse.com.tw/mops/web/ajax_t163sb04
下游,邊緣運算_工業AI,6166,凌華,2014,3,income_statement,稅前淨利（淨損）,607878,"607,878",sii,https://mopsov.twse.com.tw/mops/web/ajax_t163sb04
下游,邊緣運算_工業AI,6166,凌華,2014,3,income_statement,所得稅費用（利益）,146689,"146,689",sii,https://mopsov.twse.com.tw/mops/web/ajax_t163sb04
下游,邊緣運算_工業AI,6166,凌華,2014,3,income_statement,繼續營業單位本期淨利（淨損）,461189,"461,189",sii,https://mopsov.twse.com.tw/mops/web/ajax_t163sb04
下游,邊緣運算_工業AI,6166,凌華,2014,3,income_statement,停業單位損益,,--,sii,https://mopsov.twse.com.tw/mops/web/ajax_t163sb04
下游,邊緣運算_工業AI,6166,凌華,2014,3,income_statement,合併前非屬共同控制股權損益,,--,sii,https://mopsov.twse.com.tw/mops/web/ajax_t163sb04
下游,邊緣運算_工業AI,6166,凌華,2014,3,income_statement,本期淨利（淨損）,461189,"461,189",sii,https://mopsov.twse.com.tw/mops/web/ajax_t163sb04
下游,邊緣運算_工業AI,6166,凌華,2014,3,income_statement,其他綜合損益（淨額）,1340,"1,340",sii,https://mopsov.twse.com.tw/mops/web/ajax_t163sb04
下游,邊緣運算_工業AI,6166,凌華,2014,3,income_statement,合併前非屬共同控制股權綜合損益淨額,,--,sii,https://mopsov.twse.com.tw/mops/web/ajax_t163sb04
下游,邊緣運算_工業AI,6166,凌華,2014,3,income_statement,本期綜合損益總額,462529,"462,529",sii,https://mopsov.twse.com.tw/mops/web/ajax_t163sb04
下游,邊緣運算_工業AI,6166,凌華,2014,3,income_statement,淨利（淨損）歸屬於母公司業主,459842,"459,842",sii,https://mopsov.twse.com.tw/mops/web/ajax_t163sb04
下游,邊緣運算_工業AI,6166,凌華,2014,3,income_statement,淨利（淨損）歸屬於共同控制下前手權益,,--,sii,https://mopsov.twse.com.tw/mops/web/ajax_t163sb04
下游,邊緣運算_工業AI,6166,凌華,2014,3,income_statement,淨利（淨損）歸屬於非控制權益,1347,"1,347",sii,https://mopsov.twse.com.tw/mops/web/ajax_t163sb04
下游,邊緣運算_工業AI,6166,凌華,2014,3,income_statement,綜合損益總額歸屬於母公司業主,461367,"461,367",sii,https://mopsov.twse.com.tw/mops/web/ajax_t163sb04
下游,邊緣運算_工業AI,6166,凌華,2014,3,income_statement,綜合損益總額歸屬於共同控制下前手權益,,--,sii,https://mopsov.twse.com.tw/mops/web/ajax_t163sb04
下游,邊緣運算_工業AI,6166,凌華,2014,3,income_statement,綜合損益總額歸屬於非控制權益,1162,"1,162",sii,https://mopsov.twse.com.tw/mops/web/ajax_t163sb04
下游,邊緣運算_工業AI,6166,凌華,2014,3,income_statement,基本每股盈餘（元）,2.51,2.51,sii,https://mopsov.twse.com.tw/mops/web/ajax_t163sb04
下游,邊緣運算_工業AI,2395,研華,2014,3,balance_sheet,流動資產,16065104,"16,065,104",sii,https://mopsov.twse.com.tw/mops/web/ajax_t163sb05
下游,邊緣運算_工業AI,2395,研華,2014,3,balance_sheet,非流動資產,13137373,"13,137,373",sii,https://mopsov.twse.com.tw/mops/web/ajax_t163sb05
下游,邊緣運算_工業AI,2395,研華,2014,3,balance_sheet,資產總額,29202477,"29,202,477",sii,https://mopsov.twse.com.tw/mops/web/ajax_t163sb05
下游,邊緣運算_工業AI,2395,研華,2014,3,balance_sheet,流動負債,7643935,"7,643,935",sii,https://mopsov.twse.com.tw/mops/web/ajax_t163sb05
下游,邊緣運算_工業AI,2395,研華,2014,3,balance_sheet,非流動負債,950877,"950,877",sii,https://mopsov.twse.com.tw/mops/web/ajax_t163sb05
下游,邊緣運算_工業AI,2395,研華,2014,3,balance_sheet,負債總額,8594812,"8,594,812",sii,https://mopsov.twse.com.tw/mops/web/ajax_t163sb05
下游,邊緣運算_工業AI,2395,研華,2014,3,balance_sheet,股本,6301031,"6,301,031",sii,https://mopsov.twse.com.tw/mops/web/ajax_t163sb05
下游,邊緣運算_工業AI,2395,研華,2014,3,balance_sheet,資本公積,5219075,"5,219,075",sii,https://mopsov.twse.com.tw/mops/web/ajax_t163sb05
下游,邊緣運算_工業AI,2395,研華,2014,3,balance_sheet,保留盈餘,8600919,"8,600,919",sii,https://mopsov.twse.com.tw/mops/web/ajax_t163sb05
下游,邊緣運算_工業AI,2395,研華,2014,3,balance_sheet,其他權益,299137,"299,137",sii,https://mopsov.twse.com.tw/mops/web/ajax_t163sb05
下游,邊緣運算_工業AI,2395,研華,2014,3,balance_sheet,庫藏股票,,--,sii,https://mopsov.twse.com.tw/mops/web/ajax_t163sb05
下游,邊緣運算_工業AI,2395,研華,2014,3,balance_sheet,歸屬於母公司業主之權益合計,20420162,"20,420,162",sii,https://mopsov.twse.com.tw/mops/web/ajax_t163sb05
下游,邊緣運算_工業AI,2395,研華,2014,3,balance_sheet,共同控制下前手權益,0,0,sii,https://mopsov.twse.com.tw/mops/web/ajax_t163sb05
下游,邊緣運算_工業AI,2395,研華,2014,3,balance_sheet,合併前非屬共同控制股權,,--,sii,https://mopsov.twse.com.tw/mops/web/ajax_t163sb05
下游,邊緣運算_工業AI,2395,研華,2014,3,balance_sheet,非控制權益,187503,"187,503",sii,https://mopsov.twse.com.tw/mops/web/ajax_t163sb05
下游,邊緣運算_工業AI,2395,研華,2014,3,balance_sheet,權益總額,20607665,"20,607,665",sii,https://mopsov.twse.com.tw/mops/web/ajax_t163sb05
下游,邊緣運算_工業AI,2395,研華,2014,3,balance_sheet,待註銷股本股數（單位：股）,0,0,sii,https://mopsov.twse.com.tw/mops/web/ajax_t163sb05
下游,邊緣運算_工業AI,2395,研華,2014,3,balance_sheet,預收股款（權益項下）之約當發行股數（單位：股）,1401,"1,401",sii,https://mopsov.twse.com.tw/mops/web/ajax_t163sb05
下游,邊緣運算_工業AI,2395,研華,2014,3,balance_sheet,母公司暨子公司所持有之母公司庫藏股股數（單位：股）,0,0,sii,https://mopsov.twse.com.tw/mops/web/ajax_t163sb05
下游,邊緣運算_工業AI,2395,研華,2014,3,balance_sheet,每股參考淨值,32.48,32.48,sii,https://mopsov.twse.com.tw/mops/web/ajax_t163sb05
下游,邊緣運算_工業AI,6166,凌華,2014,3,balance_sheet,流動資產,4591702,"4,591,702",sii,https://mopsov.twse.com.tw/mops/web/ajax_t163sb05
下游,邊緣運算_工業AI,6166,凌華,2014,3,balance_sheet,非流動資產,1818111,"1,818,111",sii,https://mopsov.twse.com.tw/mops/web/ajax_t163sb05
下游,邊緣運算_工業AI,6166,凌華,2014,3,balance_sheet,資產總額,6409813,"6,409,813",sii,https://mopsov.twse.com.tw/mops/web/ajax_t163sb05
下游,邊緣運算_工業AI,6166,凌華,2014,3,balance_sheet,流動負債,2895168,"2,895,168",sii,https://mopsov.twse.com.tw/mops/web/ajax_t163sb05
下游,邊緣運算_工業AI,6166,凌華,2014,3,balance_sheet,非流動負債,93505,"93,505",sii,https://mopsov.twse.com.tw/mops/web/ajax_t163sb05
下游,邊緣運算_工業AI,6166,凌華,2014,3,balance_sheet,負債總額,2988673,"2,988,673",sii,https://mopsov.twse.com.tw/mops/web/ajax_t163sb05
下游,邊緣運算_工業AI,6166,凌華,2014,3,balance_sheet,股本,1832905,"1,832,905",sii,https://mopsov.twse.com.tw/mops/web/ajax_t163sb05
下游,邊緣運算_工業AI,6166,凌華,2014,3,balance_sheet,資本公積,616950,"616,950",sii,https://mopsov.twse.com.tw/mops/web/ajax_t163sb05
下游,邊緣運算_工業AI,6166,凌華,2014,3,balance_sheet,保留盈餘,901863,"901,863",sii,https://mopsov.twse.com.tw/mops/web/ajax_t163sb05
下游,邊緣運算_工業AI,6166,凌華,2014,3,balance_sheet,其他權益,62616,"62,616",sii,https://mopsov.twse.com.tw/mops/web/ajax_t163sb05
下游,邊緣運算_工業AI,6166,凌華,2014,3,balance_sheet,庫藏股票,,--,sii,https://mopsov.twse.com.tw/mops/web/ajax_t163sb05
下游,邊緣運算_工業AI,6166,凌華,2014,3,balance_sheet,歸屬於母公司業主之權益合計,3414334,"3,414,334",sii,https://mopsov.twse.com.tw/mops/web/ajax_t163sb05
下游,邊緣運算_工業AI,6166,凌華,2014,3,balance_sheet,共同控制下前手權益,,--,sii,https://mopsov.twse.com.tw/mops/web/ajax_t163sb05
下游,邊緣運算_工業AI,6166,凌華,2014,3,balance_sheet,合併前非屬共同控制股權,,--,sii,https://mopsov.twse.com.tw/mops/web/ajax_t163sb05
下游,邊緣運算_工業AI,6166,凌華,2014,3,balance_sheet,非控制權益,6806,"6,806",sii,https://mopsov.twse.com.tw/mops/web/ajax_t163sb05
下游,邊緣運算_工業AI,6166,凌華,2014,3,balance_sheet,權益總額,3421140,"3,421,140",sii,https://mopsov.twse.com.tw/mops/web/ajax_t163sb05
下游,邊緣運算_工業AI,6166,凌華,2014,3,balance_sheet,待註銷股本股數（單位：股）,0,0,sii,https://mopsov.twse.com.tw/mops/web/ajax_t163sb05
下游,邊緣運算_工業AI,6166,凌華,2014,3,balance_sheet,預收股款（權益項下）之約當發行股數（單位：股）,0,0,sii,https://mopsov.twse.com.tw/mops/web/ajax_t163sb05
下游,邊緣運算_工業AI,6166,凌華,2014,3,balance_sheet,母公司暨子公司所持有之母公司庫藏股股數（單位：股）,0,0,sii,https://mopsov.twse.com.tw/mops/web/ajax_t163sb05
下游,邊緣運算_工業AI,6166,凌華,2014,3,balance_sheet,每股參考淨值,18.63,18.63,sii,https://mopsov.twse.com.tw/mops/web/ajax_t163sb05
下游,邊緣運算_工業AI,2395,研華,2014,3,cash_flow,營業活動之淨現金流入（流出）,2922045,"2,922,045",sii,https://mopsov.twse.com.tw/mops/web/ajax_t163sb20
下游,邊緣運算_工業AI,2395,研華,2014,3,cash_flow,投資活動之淨現金流入（流出）,373841,"373,841",sii,https://mopsov.twse.com.tw/mops/web/ajax_t163sb20
下游,邊緣運算_工業AI,2395,研華,2014,3,cash_flow,籌資活動之淨現金流入（流出）,-2733212,"-2,733,212",sii,https://mopsov.twse.com.tw/mops/web/ajax_t163sb20
下游,邊緣運算_工業AI,2395,研華,2014,3,cash_flow,匯率變動對現金及約當現金之影響,-107833,"-107,833",sii,https://mopsov.twse.com.tw/mops/web/ajax_t163sb20
下游,邊緣運算_工業AI,2395,研華,2014,3,cash_flow,本期現金及約當現金增加（減少）數,454841,"454,841",sii,https://mopsov.twse.com.tw/mops/web/ajax_t163sb20
下游,邊緣運算_工業AI,2395,研華,2014,3,cash_flow,期初現金及約當現金餘額,2832358,"2,832,358",sii,https://mopsov.twse.com.tw/mops/web/ajax_t163sb20
下游,邊緣運算_工業AI,2395,研華,2014,3,cash_flow,期末現金及約當現金餘額,3287199,"3,287,199",sii,https://mopsov.twse.com.tw/mops/web/ajax_t163sb20
下游,邊緣運算_工業AI,6166,凌華,2014,3,cash_flow,營業活動之淨現金流入（流出）,356621,"356,621",sii,https://mopsov.twse.com.tw/mops/web/ajax_t163sb20
下游,邊緣運算_工業AI,6166,凌華,2014,3,cash_flow,投資活動之淨現金流入（流出）,-432435,"-432,435",sii,https://mopsov.twse.com.tw/mops/web/ajax_t163sb20
下游,邊緣運算_工業AI,6166,凌華,2014,3,cash_flow,籌資活動之淨現金流入（流出）,-28343,"-28,343",sii,https://mopsov.twse.com.tw/mops/web/ajax_t163sb20
下游,邊緣運算_工業AI,6166,凌華,2014,3,cash_flow,匯率變動對現金及約當現金之影響,5224,"5,224",sii,https://mopsov.twse.com.tw/mops/web/ajax_t163sb20
下游,邊緣運算_工業AI,6166,凌華,2014,3,cash_flow,本期現金及約當現金增加（減少）數,-98933,"-98,933",sii,https://mopsov.twse.com.tw/mops/web/ajax_t163sb20
下游,邊緣運算_工業AI,6166,凌華,2014,3,cash_flow,期初現金及約當現金餘額,1177682,"1,177,682",sii,https://mopsov.twse.com.tw/mops/web/ajax_t163sb20
下游,邊緣運算_工業AI,6166,凌華,2014,3,cash_flow,期末現金及約當現金餘額,1078749,"1,078,749",sii,https://mopsov.twse.com.tw/mops/web/ajax_t163sb20
下游,邊緣運算_工業AI,2395,研華,2014,4,income_statement,營業收入,35731699,"35,731,699",sii,https://mopsov.twse.com.tw/mops/web/ajax_t163sb04
下游,邊緣運算_工業AI,2395,研華,2014,4,income_statement,營業成本,21339035,"21,339,035",sii,https://mopsov.twse.com.tw/mops/web/ajax_t163sb04
下游,邊緣運算_工業AI,2395,研華,2014,4,income_statement,營業毛利（毛損）,14392664,"14,392,664",sii,https://mopsov.twse.com.tw/mops/web/ajax_t163sb04
下游,邊緣運算_工業AI,2395,研華,2014,4,income_statement,未實現銷貨（損）益,,--,sii,https://mopsov.twse.com.tw/mops/web/ajax_t163sb04
下游,邊緣運算_工業AI,2395,研華,2014,4,income_statement,已實現銷貨（損）益,,--,sii,https://mopsov.twse.com.tw/mops/web/ajax_t163sb04
下游,邊緣運算_工業AI,2395,研華,2014,4,income_statement,營業毛利（毛損）淨額,14392664,"14,392,664",sii,https://mopsov.twse.com.tw/mops/web/ajax_t163sb04
下游,邊緣運算_工業AI,2395,研華,2014,4,income_statement,營業費用,8884179,"8,884,179",sii,https://mopsov.twse.com.tw/mops/web/ajax_t163sb04
下游,邊緣運算_工業AI,2395,研華,2014,4,income_statement,其他收益及費損淨額,,--,sii,https://mopsov.twse.com.tw/mops/web/ajax_t163sb04
下游,邊緣運算_工業AI,2395,研華,2014,4,income_statement,營業利益（損失）,5508485,"5,508,485",sii,https://mopsov.twse.com.tw/mops/web/ajax_t163sb04
下游,邊緣運算_工業AI,2395,研華,2014,4,income_statement,營業外收入及支出,546621,"546,621",sii,https://mopsov.twse.com.tw/mops/web/ajax_t163sb04
下游,邊緣運算_工業AI,2395,研華,2014,4,income_statement,稅前淨利（淨損）,6055106,"6,055,106",sii,https://mopsov.twse.com.tw/mops/web/ajax_t163sb04
下游,邊緣運算_工業AI,2395,研華,2014,4,income_statement,所得稅費用（利益）,1123096,"1,123,096",sii,https://mopsov.twse.com.tw/mops/web/ajax_t163sb04
下游,邊緣運算_工業AI,2395,研華,2014,4,income_statement,繼續營業單位本期淨利（淨損）,4932010,"4,932,010",sii,https://mopsov.twse.com.tw/mops/web/ajax_t163sb04
下游,邊緣運算_工業AI,2395,研華,2014,4,income_statement,停業單位損益,,--,sii,https://mopsov.twse.com.tw/mops/web/ajax_t163sb04
下游,邊緣運算_工業AI,2395,研華,2014,4,income_statement,合併前非屬共同控制股權損益,,--,sii,https://mopsov.twse.com.tw/mops/web/ajax_t163sb04
下游,邊緣運算_工業AI,2395,研華,2014,4,income_statement,本期淨利（淨損）,4932010,"4,932,010",sii,https://mopsov.twse.com.tw/mops/web/ajax_t163sb04
下游,邊緣運算_工業AI,2395,研華,2014,4,income_statement,其他綜合損益（淨額）,840008,"840,008",sii,https://mopsov.twse.com.tw/mops/web/ajax_t163sb04
下游,邊緣運算_工業AI,2395,研華,2014,4,income_statement,合併前非屬共同控制股權綜合損益淨額,,--,sii,https://mopsov.twse.com.tw/mops/web/ajax_t163sb04
下游,邊緣運算_工業AI,2395,研華,2014,4,income_statement,本期綜合損益總額,5772018,"5,772,018",sii,https://mopsov.twse.com.tw/mops/web/ajax_t163sb04
下游,邊緣運算_工業AI,2395,研華,2014,4,income_statement,淨利（淨損）歸屬於母公司業主,4907782,"4,907,782",sii,https://mopsov.twse.com.tw/mops/web/ajax_t163sb04
下游,邊緣運算_工業AI,2395,研華,2014,4,income_statement,淨利（淨損）歸屬於共同控制下前手權益,,--,sii,https://mopsov.twse.com.tw/mops/web/ajax_t163sb04
下游,邊緣運算_工業AI,2395,研華,2014,4,income_statement,淨利（淨損）歸屬於非控制權益,24228,"24,228",sii,https://mopsov.twse.com.tw/mops/web/ajax_t163sb04
下游,邊緣運算_工業AI,2395,研華,2014,4,income_statement,綜合損益總額歸屬於母公司業主,5750571,"5,750,571",sii,https://mopsov.twse.com.tw/mops/web/ajax_t163sb04
下游,邊緣運算_工業AI,2395,研華,2014,4,income_statement,綜合損益總額歸屬於共同控制下前手權益,,--,sii,https://mopsov.twse.com.tw/mops/web/ajax_t163sb04
下游,邊緣運算_工業AI,2395,研華,2014,4,income_statement,綜合損益總額歸屬於非控制權益,21447,"21,447",sii,https://mopsov.twse.com.tw/mops/web/ajax_t163sb04
下游,邊緣運算_工業AI,2395,研華,2014,4,income_statement,基本每股盈餘（元）,7.8,7.80,sii,https://mopsov.twse.com.tw/mops/web/ajax_t163sb04
下游,邊緣運算_工業AI,6166,凌華,2014,4,income_statement,營業收入,8047304,"8,047,304",sii,https://mopsov.twse.com.tw/mops/web/ajax_t163sb04
下游,邊緣運算_工業AI,6166,凌華,2014,4,income_statement,營業成本,4701195,"4,701,195",sii,https://mopsov.twse.com.tw/mops/web/ajax_t163sb04
下游,邊緣運算_工業AI,6166,凌華,2014,4,income_statement,營業毛利（毛損）,3346109,"3,346,109",sii,https://mopsov.twse.com.tw/mops/web/ajax_t163sb04
下游,邊緣運算_工業AI,6166,凌華,2014,4,income_statement,未實現銷貨（損）益,,--,sii,https://mopsov.twse.com.tw/mops/web/ajax_t163sb04
下游,邊緣運算_工業AI,6166,凌華,2014,4,income_statement,已實現銷貨（損）益,,--,sii,https://mopsov.twse.com.tw/mops/web/ajax_t163sb04
下游,邊緣運算_工業AI,6166,凌華,2014,4,income_statement,營業毛利（毛損）淨額,3346109,"3,346,109",sii,https://mopsov.twse.com.tw/mops/web/ajax_t163sb04
下游,邊緣運算_工業AI,6166,凌華,2014,4,income_statement,營業費用,2654971,"2,654,971",sii,https://mopsov.twse.com.tw/mops/web/ajax_t163sb04
下游,邊緣運算_工業AI,6166,凌華,2014,4,income_statement,其他收益及費損淨額,,--,sii,https://mopsov.twse.com.tw/mops/web/ajax_t163sb04
下游,邊緣運算_工業AI,6166,凌華,2014,4,income_statement,營業利益（損失）,691138,"691,138",sii,https://mopsov.twse.com.tw/mops/web/ajax_t163sb04
下游,邊緣運算_工業AI,6166,凌華,2014,4,income_statement,營業外收入及支出,63935,"63,935",sii,https://mopsov.twse.com.tw/mops/web/ajax_t163sb04
下游,邊緣運算_工業AI,6166,凌華,2014,4,income_statement,稅前淨利（淨損）,755073,"755,073",sii,https://mopsov.twse.com.tw/mops/web/ajax_t163sb04
下游,邊緣運算_工業AI,6166,凌華,2014,4,income_statement,所得稅費用（利益）,164964,"164,964",sii,https://mopsov.twse.com.tw/mops/web/ajax_t163sb04
下游,邊緣運算_工業AI,6166,凌華,2014,4,income_statement,繼續營業單位本期淨利（淨損）,590109,"590,109",sii,https://mopsov.twse.com.tw/mops/web/ajax_t163sb04
下游,邊緣運算_工業AI,6166,凌華,2014,4,income_statement,停業單位損益,,--,sii,https://mopsov.twse.com.tw/mops/web/ajax_t163sb04
下游,邊緣運算_工業AI,6166,凌華,2014,4,income_statement,合併前非屬共同控制股權損益,,--,sii,https://mopsov.twse.com.tw/mops/web/ajax_t163sb04
下游,邊緣運算_工業AI,6166,凌華,2014,4,income_statement,本期淨利（淨損）,590109,"590,109",sii,https://mopsov.twse.com.tw/mops/web/ajax_t163sb04
下游,邊緣運算_工業AI,6166,凌華,2014,4,income_statement,其他綜合損益（淨額）,64833,"64,833",sii,https://mopsov.twse.com.tw/mops/web/ajax_t163sb04
下游,邊緣運算_工業AI,6166,凌華,2014,4,income_statement,合併前非屬共同控制股權綜合損益淨額,,--,sii,https://mopsov.twse.com.tw/mops/web/ajax_t163sb04
下游,邊緣運算_工業AI,6166,凌華,2014,4,income_statement,本期綜合損益總額,654942,"654,942",sii,https://mopsov.twse.com.tw/mops/web/ajax_t163sb04
下游,邊緣運算_工業AI,6166,凌華,2014,4,income_statement,淨利（淨損）歸屬於母公司業主,588442,"588,442",sii,https://mopsov.twse.com.tw/mops/web/ajax_t163sb04
下游,邊緣運算_工業AI,6166,凌華,2014,4,income_statement,淨利（淨損）歸屬於共同控制下前手權益,,--,sii,https://mopsov.twse.com.tw/mops/web/ajax_t163sb04
下游,邊緣運算_工業AI,6166,凌華,2014,4,income_statement,淨利（淨損）歸屬於非控制權益,1667,"1,667",sii,https://mopsov.twse.com.tw/mops/web/ajax_t163sb04
下游,邊緣運算_工業AI,6166,凌華,2014,4,income_statement,綜合損益總額歸屬於母公司業主,653789,"653,789",sii,https://mopsov.twse.com.tw/mops/web/ajax_t163sb04
下游,邊緣運算_工業AI,6166,凌華,2014,4,income_statement,綜合損益總額歸屬於共同控制下前手權益,,--,sii,https://mopsov.twse.com.tw/mops/web/ajax_t163sb04
下游,邊緣運算_工業AI,6166,凌華,2014,4,income_statement,綜合損益總額歸屬於非控制權益,1153,"1,153",sii,https://mopsov.twse.com.tw/mops/web/ajax_t163sb04
下游,邊緣運算_工業AI,6166,凌華,2014,4,income_statement,基本每股盈餘（元）,3.21,3.21,sii,https://mopsov.twse.com.tw/mops/web/ajax_t163sb04
下游,邊緣運算_工業AI,2395,研華,2014,4,balance_sheet,流動資產,17990032,"17,990,032",sii,https://mopsov.twse.com.tw/mops/web/ajax_t163sb05
下游,邊緣運算_工業AI,2395,研華,2014,4,balance_sheet,非流動資產,13553788,"13,553,788",sii,https://mopsov.twse.com.tw/mops/web/ajax_t163sb05
下游,邊緣運算_工業AI,2395,研華,2014,4,balance_sheet,資產總額,31543820,"31,543,820",sii,https://mopsov.twse.com.tw/mops/web/ajax_t163sb05
下游,邊緣運算_工業AI,2395,研華,2014,4,balance_sheet,流動負債,7853899,"7,853,899",sii,https://mopsov.twse.com.tw/mops/web/ajax_t163sb05
下游,邊緣運算_工業AI,2395,研華,2014,4,balance_sheet,非流動負債,1151857,"1,151,857",sii,https://mopsov.twse.com.tw/mops/web/ajax_t163sb05
下游,邊緣運算_工業AI,2395,研華,2014,4,balance_sheet,負債總額,9005756,"9,005,756",sii,https://mopsov.twse.com.tw/mops/web/ajax_t163sb05
下游,邊緣運算_工業AI,2395,研華,2014,4,balance_sheet,股本,6312091,"6,312,091",sii,https://mopsov.twse.com.tw/mops/web/ajax_t163sb05
下游,邊緣運算_工業AI,2395,研華,2014,4,balance_sheet,資本公積,5306958,"5,306,958",sii,https://mopsov.twse.com.tw/mops/web/ajax_t163sb05
下游,邊緣運算_工業AI,2395,研華,2014,4,balance_sheet,保留盈餘,9830382,"9,830,382",sii,https://mopsov.twse.com.tw/mops/web/ajax_t163sb05
下游,邊緣運算_工業AI,2395,研華,2014,4,balance_sheet,其他權益,901633,"901,633",sii,https://mopsov.twse.com.tw/mops/web/ajax_t163sb05
下游,邊緣運算_工業AI,2395,研華,2014,4,balance_sheet,庫藏股票,,--,sii,https://mopsov.twse.com.tw/mops/web/ajax_t163sb05
下游,邊緣運算_工業AI,2395,研華,2014,4,balance_sheet,歸屬於母公司業主之權益合計,22351064,"22,351,064",sii,https://mopsov.twse.com.tw/mops/web/ajax_t163sb05
下游,邊緣運算_工業AI,2395,研華,2014,4,balance_sheet,共同控制下前手權益,,--,sii,https://mopsov.twse.com.tw/mops/web/ajax_t163sb05
下游,邊緣運算_工業AI,2395,研華,2014,4,balance_sheet,合併前非屬共同控制股權,,--,sii,https://mopsov.twse.com.tw/mops/web/ajax_t163sb05
下游,邊緣運算_工業AI,2395,研華,2014,4,balance_sheet,非控制權益,187000,"187,000",sii,https://mopsov.twse.com.tw/mops/web/ajax_t163sb05
下游,邊緣運算_工業AI,2395,研華,2014,4,balance_sheet,權益總額,22538064,"22,538,064",sii,https://mopsov.twse.com.tw/mops/web/ajax_t163sb05
下游,邊緣運算_工業AI,2395,研華,2014,4,balance_sheet,待註銷股本股數（單位：股）,0,0,sii,https://mopsov.twse.com.tw/mops/web/ajax_t163sb05
下游,邊緣運算_工業AI,2395,研華,2014,4,balance_sheet,預收股款（權益項下）之約當發行股數（單位：股）,1106,"1,106",sii,https://mopsov.twse.com.tw/mops/web/ajax_t163sb05
下游,邊緣運算_工業AI,2395,研華,2014,4,balance_sheet,母公司暨子公司所持有之母公司庫藏股股數（單位：股）,0,0,sii,https://mopsov.twse.com.tw/mops/web/ajax_t163sb05
下游,邊緣運算_工業AI,2395,研華,2014,4,balance_sheet,每股參考淨值,35.47,35.47,sii,https://mopsov.twse.com.tw/mops/web/ajax_t163sb05
下游,邊緣運算_工業AI,6166,凌華,2014,4,balance_sheet,流動資產,4539115,"4,539,115",sii,https://mopsov.twse.com.tw/mops/web/ajax_t163sb05
下游,邊緣運算_工業AI,6166,凌華,2014,4,balance_sheet,非流動資產,1870009,"1,870,009",sii,https://mopsov.twse.com.tw/mops/web/ajax_t163sb05
下游,邊緣運算_工業AI,6166,凌華,2014,4,balance_sheet,資產總額,6409124,"6,409,124",sii,https://mopsov.twse.com.tw/mops/web/ajax_t163sb05
下游,邊緣運算_工業AI,6166,凌華,2014,4,balance_sheet,流動負債,2694117,"2,694,117",sii,https://mopsov.twse.com.tw/mops/web/ajax_t163sb05
下游,邊緣運算_工業AI,6166,凌華,2014,4,balance_sheet,非流動負債,96936,"96,936",sii,https://mopsov.twse.com.tw/mops/web/ajax_t163sb05
下游,邊緣運算_工業AI,6166,凌華,2014,4,balance_sheet,負債總額,2791053,"2,791,053",sii,https://mopsov.twse.com.tw/mops/web/ajax_t163sb05
下游,邊緣運算_工業AI,6166,凌華,2014,4,balance_sheet,股本,1834335,"1,834,335",sii,https://mopsov.twse.com.tw/mops/web/ajax_t163sb05
下游,邊緣運算_工業AI,6166,凌華,2014,4,balance_sheet,資本公積,620038,"620,038",sii,https://mopsov.twse.com.tw/mops/web/ajax_t163sb05
下游,邊緣運算_工業AI,6166,凌華,2014,4,balance_sheet,保留盈餘,1036738,"1,036,738",sii,https://mopsov.twse.com.tw/mops/web/ajax_t163sb05
下游,邊緣運算_工業AI,6166,凌華,2014,4,balance_sheet,其他權益,120163,"120,163",sii,https://mopsov.twse.com.tw/mops/web/ajax_t163sb05
下游,邊緣運算_工業AI,6166,凌華,2014,4,balance_sheet,庫藏股票,,--,sii,https://mopsov.twse.com.tw/mops/web/ajax_t163sb05
下游,邊緣運算_工業AI,6166,凌華,2014,4,balance_sheet,歸屬於母公司業主之權益合計,3611274,"3,611,274",sii,https://mopsov.twse.com.tw/mops/web/ajax_t163sb05
下游,邊緣運算_工業AI,6166,凌華,2014,4,balance_sheet,共同控制下前手權益,,--,sii,https://mopsov.twse.com.tw/mops/web/ajax_t163sb05
下游,邊緣運算_工業AI,6166,凌華,2014,4,balance_sheet,合併前非屬共同控制股權,,--,sii,https://mopsov.twse.com.tw/mops/web/ajax_t163sb05
下游,邊緣運算_工業AI,6166,凌華,2014,4,balance_sheet,非控制權益,6797,"6,797",sii,https://mopsov.twse.com.tw/mops/web/ajax_t163sb05
下游,邊緣運算_工業AI,6166,凌華,2014,4,balance_sheet,權益總額,3618071,"3,618,071",sii,https://mopsov.twse.com.tw/mops/web/ajax_t163sb05
下游,邊緣運算_工業AI,6166,凌華,2014,4,balance_sheet,待註銷股本股數（單位：股）,0,0,sii,https://mopsov.twse.com.tw/mops/web/ajax_t163sb05
下游,邊緣運算_工業AI,6166,凌華,2014,4,balance_sheet,預收股款（權益項下）之約當發行股數（單位：股）,0,0,sii,https://mopsov.twse.com.tw/mops/web/ajax_t163sb05
下游,邊緣運算_工業AI,6166,凌華,2014,4,balance_sheet,母公司暨子公司所持有之母公司庫藏股股數（單位：股）,0,0,sii,https://mopsov.twse.com.tw/mops/web/ajax_t163sb05
下游,邊緣運算_工業AI,6166,凌華,2014,4,balance_sheet,每股參考淨值,19.69,19.69,sii,https://mopsov.twse.com.tw/mops/web/ajax_t163sb05
下游,邊緣運算_工業AI,2395,研華,2014,4,cash_flow,營業活動之淨現金流入（流出）,4911241,"4,911,241",sii,https://mopsov.twse.com.tw/mops/web/ajax_t163sb20
下游,邊緣運算_工業AI,2395,研華,2014,4,cash_flow,投資活動之淨現金流入（流出）,-1747646,"-1,747,646",sii,https://mopsov.twse.com.tw/mops/web/ajax_t163sb20
下游,邊緣運算_工業AI,2395,研華,2014,4,cash_flow,籌資活動之淨現金流入（流出）,-2909565,"-2,909,565",sii,https://mopsov.twse.com.tw/mops/web/ajax_t163sb20
下游,邊緣運算_工業AI,2395,研華,2014,4,cash_flow,匯率變動對現金及約當現金之影響,35619,"35,619",sii,https://mopsov.twse.com.tw/mops/web/ajax_t163sb20
下游,邊緣運算_工業AI,2395,研華,2014,4,cash_flow,本期現金及約當現金增加（減少）數,289649,"289,649",sii,https://mopsov.twse.com.tw/mops/web/ajax_t163sb20
下游,邊緣運算_工業AI,2395,研華,2014,4,cash_flow,期初現金及約當現金餘額,2832358,"2,832,358",sii,https://mopsov.twse.com.tw/mops/web/ajax_t163sb20
下游,邊緣運算_工業AI,2395,研華,2014,4,cash_flow,期末現金及約當現金餘額,3122007,"3,122,007",sii,https://mopsov.twse.com.tw/mops/web/ajax_t163sb20
下游,邊緣運算_工業AI,6166,凌華,2014,4,cash_flow,營業活動之淨現金流入（流出）,497833,"497,833",sii,https://mopsov.twse.com.tw/mops/web/ajax_t163sb20
下游,邊緣運算_工業AI,6166,凌華,2014,4,cash_flow,投資活動之淨現金流入（流出）,-453431,"-453,431",sii,https://mopsov.twse.com.tw/mops/web/ajax_t163sb20
下游,邊緣運算_工業AI,6166,凌華,2014,4,cash_flow,籌資活動之淨現金流入（流出）,-65669,"-65,669",sii,https://mopsov.twse.com.tw/mops/web/ajax_t163sb20
下游,邊緣運算_工業AI,6166,凌華,2014,4,cash_flow,匯率變動對現金及約當現金之影響,26770,"26,770",sii,https://mopsov.twse.com.tw/mops/web/ajax_t163sb20
下游,邊緣運算_工業AI,6166,凌華,2014,4,cash_flow,本期現金及約當現金增加（減少）數,5503,"5,503",sii,https://mopsov.twse.com.tw/mops/web/ajax_t163sb20
下游,邊緣運算_工業AI,6166,凌華,2014,4,cash_flow,期初現金及約當現金餘額,1177682,"1,177,682",sii,https://mopsov.twse.com.tw/mops/web/ajax_t163sb20
下游,邊緣運算_工業AI,6166,凌華,2014,4,cash_flow,期末現金及約當現金餘額,1183185,"1,183,185",sii,https://mopsov.twse.com.tw/mops/web/ajax_t163sb20
下游,邊緣運算_工業AI,2395,研華,2015,1,income_statement,營業收入,8784667,"8,784,667",sii,https://mopsov.twse.com.tw/mops/web/ajax_t163sb04
下游,邊緣運算_工業AI,2395,研華,2015,1,income_statement,營業成本,5193888,"5,193,888",sii,https://mopsov.twse.com.tw/mops/web/ajax_t163sb04
下游,邊緣運算_工業AI,2395,研華,2015,1,income_statement,營業毛利（毛損）,3590779,"3,590,779",sii,https://mopsov.twse.com.tw/mops/web/ajax_t163sb04
下游,邊緣運算_工業AI,2395,研華,2015,1,income_statement,未實現銷貨（損）益,,--,sii,https://mopsov.twse.com.tw/mops/web/ajax_t163sb04
下游,邊緣運算_工業AI,2395,研華,2015,1,income_statement,已實現銷貨（損）益,,--,sii,https://mopsov.twse.com.tw/mops/web/ajax_t163sb04
下游,邊緣運算_工業AI,2395,研華,2015,1,income_statement,營業毛利（毛損）淨額,3590779,"3,590,779",sii,https://mopsov.twse.com.tw/mops/web/ajax_t163sb04
下游,邊緣運算_工業AI,2395,研華,2015,1,income_statement,營業費用,2239621,"2,239,621",sii,https://mopsov.twse.com.tw/mops/web/ajax_t163sb04
下游,邊緣運算_工業AI,2395,研華,2015,1,income_statement,其他收益及費損淨額,,--,sii,https://mopsov.twse.com.tw/mops/web/ajax_t163sb04
下游,邊緣運算_工業AI,2395,研華,2015,1,income_statement,營業利益（損失）,1351158,"1,351,158",sii,https://mopsov.twse.com.tw/mops/web/ajax_t163sb04
下游,邊緣運算_工業AI,2395,研華,2015,1,income_statement,營業外收入及支出,129213,"129,213",sii,https://mopsov.twse.com.tw/mops/web/ajax_t163sb04
下游,邊緣運算_工業AI,2395,研華,2015,1,income_statement,稅前淨利（淨損）,1480371,"1,480,371",sii,https://mopsov.twse.com.tw/mops/web/ajax_t163sb04
下游,邊緣運算_工業AI,2395,研華,2015,1,income_statement,所得稅費用（利益）,274159,"274,159",sii,https://mopsov.twse.com.tw/mops/web/ajax_t163sb04
下游,邊緣運算_工業AI,2395,研華,2015,1,income_statement,繼續營業單位本期淨利（淨損）,1206212,"1,206,212",sii,https://mopsov.twse.com.tw/mops/web/ajax_t163sb04
下游,邊緣運算_工業AI,2395,研華,2015,1,income_statement,停業單位損益,,--,sii,https://mopsov.twse.com.tw/mops/web/ajax_t163sb04
下游,邊緣運算_工業AI,2395,研華,2015,1,income_statement,合併前非屬共同控制股權損益,,--,sii,https://mopsov.twse.com.tw/mops/web/ajax_t163sb04
下游,邊緣運算_工業AI,2395,研華,2015,1,income_statement,本期淨利（淨損）,1206212,"1,206,212",sii,https://mopsov.twse.com.tw/mops/web/ajax_t163sb04
下游,邊緣運算_工業AI,2395,研華,2015,1,income_statement,其他綜合損益（淨額）,-325714,"-325,714",sii,https://mopsov.twse.com.tw/mops/web/ajax_t163sb04
下游,邊緣運算_工業AI,2395,研華,2015,1,income_statement,合併前非屬共同控制股權綜合損益淨額,,--,sii,https://mopsov.twse.com.tw/mops/web/ajax_t163sb04
下游,邊緣運算_工業AI,2395,研華,2015,1,income_statement,本期綜合損益總額,880498,"880,498",sii,https://mopsov.twse.com.tw/mops/web/ajax_t163sb04
下游,邊緣運算_工業AI,2395,研華,2015,1,income_statement,淨利（淨損）歸屬於母公司業主,1206870,"1,206,870",sii,https://mopsov.twse.com.tw/mops/web/ajax_t163sb04
下游,邊緣運算_工業AI,2395,研華,2015,1,income_statement,淨利（淨損）歸屬於共同控制下前手權益,,--,sii,https://mopsov.twse.com.tw/mops/web/ajax_t163sb04
下游,邊緣運算_工業AI,2395,研華,2015,1,income_statement,淨利（淨損）歸屬於非控制權益,-658,-658,sii,https://mopsov.twse.com.tw/mops/web/ajax_t163sb04
下游,邊緣運算_工業AI,2395,研華,2015,1,income_statement,綜合損益總額歸屬於母公司業主,883087,"883,087",sii,https://mopsov.twse.com.tw/mops/web/ajax_t163sb04
下游,邊緣運算_工業AI,2395,研華,2015,1,income_statement,綜合損益總額歸屬於共同控制下前手權益,,--,sii,https://mopsov.twse.com.tw/mops/web/ajax_t163sb04
下游,邊緣運算_工業AI,2395,研華,2015,1,income_statement,綜合損益總額歸屬於非控制權益,-2589,"-2,589",sii,https://mopsov.twse.com.tw/mops/web/ajax_t163sb04
下游,邊緣運算_工業AI,2395,研華,2015,1,income_statement,基本每股盈餘（元）,1.91,1.91,sii,https://mopsov.twse.com.tw/mops/web/ajax_t163sb04
下游,邊緣運算_工業AI,6166,凌華,2015,1,income_statement,營業收入,2184177,"2,184,177",sii,https://mopsov.twse.com.tw/mops/web/ajax_t163sb04
下游,邊緣運算_工業AI,6166,凌華,2015,1,income_statement,營業成本,1207842,"1,207,842",sii,https://mopsov.twse.com.tw/mops/web/ajax_t163sb04
下游,邊緣運算_工業AI,6166,凌華,2015,1,income_statement,營業毛利（毛損）,976335,"976,335",sii,https://mopsov.twse.com.tw/mops/web/ajax_t163sb04
下游,邊緣運算_工業AI,6166,凌華,2015,1,income_statement,未實現銷貨（損）益,,--,sii,https://mopsov.twse.com.tw/mops/web/ajax_t163sb04
下游,邊緣運算_工業AI,6166,凌華,2015,1,income_statement,已實現銷貨（損）益,,--,sii,https://mopsov.twse.com.tw/mops/web/ajax_t163sb04
下游,邊緣運算_工業AI,6166,凌華,2015,1,income_statement,營業毛利（毛損）淨額,976335,"976,335",sii,https://mopsov.twse.com.tw/mops/web/ajax_t163sb04
下游,邊緣運算_工業AI,6166,凌華,2015,1,income_statement,營業費用,707318,"707,318",sii,https://mopsov.twse.com.tw/mops/web/ajax_t163sb04
下游,邊緣運算_工業AI,6166,凌華,2015,1,income_statement,其他收益及費損淨額,,--,sii,https://mopsov.twse.com.tw/mops/web/ajax_t163sb04
下游,邊緣運算_工業AI,6166,凌華,2015,1,income_statement,營業利益（損失）,269017,"269,017",sii,https://mopsov.twse.com.tw/mops/web/ajax_t163sb04
下游,邊緣運算_工業AI,6166,凌華,2015,1,income_statement,營業外收入及支出,-21770,"-21,770",sii,https://mopsov.twse.com.tw/mops/web/ajax_t163sb04
下游,邊緣運算_工業AI,6166,凌華,2015,1,income_statement,稅前淨利（淨損）,247247,"247,247",sii,https://mopsov.twse.com.tw/mops/web/ajax_t163sb04
下游,邊緣運算_工業AI,6166,凌華,2015,1,income_statement,所得稅費用（利益）,56989,"56,989",sii,https://mopsov.twse.com.tw/mops/web/ajax_t163sb04
下游,邊緣運算_工業AI,6166,凌華,2015,1,income_statement,繼續營業單位本期淨利（淨損）,190258,"190,258",sii,https://mopsov.twse.com.tw/mops/web/ajax_t163sb04
下游,邊緣運算_工業AI,6166,凌華,2015,1,income_statement,停業單位損益,,--,sii,https://mopsov.twse.com.tw/mops/web/ajax_t163sb04
下游,邊緣運算_工業AI,6166,凌華,2015,1,income_statement,合併前非屬共同控制股權損益,,--,sii,https://mopsov.twse.com.tw/mops/web/ajax_t163sb04
下游,邊緣運算_工業AI,6166,凌華,2015,1,income_statement,本期淨利（淨損）,190258,"190,258",sii,https://mopsov.twse.com.tw/mops/web/ajax_t163sb04
下游,邊緣運算_工業AI,6166,凌華,2015,1,income_statement,其他綜合損益（淨額）,-52054,"-52,054",sii,https://mopsov.twse.com.tw/mops/web/ajax_t163sb04
下游,邊緣運算_工業AI,6166,凌華,2015,1,income_statement,合併前非屬共同控制股權綜合損益淨額,,--,sii,https://mopsov.twse.com.tw/mops/web/ajax_t163sb04
下游,邊緣運算_工業AI,6166,凌華,2015,1,income_statement,本期綜合損益總額,138204,"138,204",sii,https://mopsov.twse.com.tw/mops/web/ajax_t163sb04
下游,邊緣運算_工業AI,6166,凌華,2015,1,income_statement,淨利（淨損）歸屬於母公司業主,189376,"189,376",sii,https://mopsov.twse.com.tw/mops/web/ajax_t163sb04
下游,邊緣運算_工業AI,6166,凌華,2015,1,income_statement,淨利（淨損）歸屬於共同控制下前手權益,,--,sii,https://mopsov.twse.com.tw/mops/web/ajax_t163sb04
下游,邊緣運算_工業AI,6166,凌華,2015,1,income_statement,淨利（淨損）歸屬於非控制權益,882,882,sii,https://mopsov.twse.com.tw/mops/web/ajax_t163sb04
下游,邊緣運算_工業AI,6166,凌華,2015,1,income_statement,綜合損益總額歸屬於母公司業主,137445,"137,445",sii,https://mopsov.twse.com.tw/mops/web/ajax_t163sb04
下游,邊緣運算_工業AI,6166,凌華,2015,1,income_statement,綜合損益總額歸屬於共同控制下前手權益,,--,sii,https://mopsov.twse.com.tw/mops/web/ajax_t163sb04
下游,邊緣運算_工業AI,6166,凌華,2015,1,income_statement,綜合損益總額歸屬於非控制權益,759,759,sii,https://mopsov.twse.com.tw/mops/web/ajax_t163sb04
下游,邊緣運算_工業AI,6166,凌華,2015,1,income_statement,基本每股盈餘（元）,1.03,1.03,sii,https://mopsov.twse.com.tw/mops/web/ajax_t163sb04
下游,邊緣運算_工業AI,2395,研華,2015,1,balance_sheet,流動資產,18975519,"18,975,519",sii,https://mopsov.twse.com.tw/mops/web/ajax_t163sb05
下游,邊緣運算_工業AI,2395,研華,2015,1,balance_sheet,非流動資產,13349528,"13,349,528",sii,https://mopsov.twse.com.tw/mops/web/ajax_t163sb05
下游,邊緣運算_工業AI,2395,研華,2015,1,balance_sheet,資產總計,32325047,"32,325,047",sii,https://mopsov.twse.com.tw/mops/web/ajax_t163sb05
下游,邊緣運算_工業AI,2395,研華,2015,1,balance_sheet,流動負債,7769114,"7,769,114",sii,https://mopsov.twse.com.tw/mops/web/ajax_t163sb05
下游,邊緣運算_工業AI,2395,研華,2015,1,balance_sheet,非流動負債,1116495,"1,116,495",sii,https://mopsov.twse.com.tw/mops/web/ajax_t163sb05
下游,邊緣運算_工業AI,2395,研華,2015,1,balance_sheet,負債總額,8885609,"8,885,609",sii,https://mopsov.twse.com.tw/mops/web/ajax_t163sb05
下游,邊緣運算_工業AI,2395,研華,2015,1,balance_sheet,股本,6315186,"6,315,186",sii,https://mopsov.twse.com.tw/mops/web/ajax_t163sb05
下游,邊緣運算_工業AI,2395,研華,2015,1,balance_sheet,資本公積,5378887,"5,378,887",sii,https://mopsov.twse.com.tw/mops/web/ajax_t163sb05
下游,邊緣運算_工業AI,2395,研華,2015,1,balance_sheet,保留盈餘,11003153,"11,003,153",sii,https://mopsov.twse.com.tw/mops/web/ajax_t163sb05
下游,邊緣運算_工業AI,2395,研華,2015,1,balance_sheet,其他權益,577850,"577,850",sii,https://mopsov.twse.com.tw/mops/web/ajax_t163sb05
下游,邊緣運算_工業AI,2395,研華,2015,1,balance_sheet,庫藏股票,0,0,sii,https://mopsov.twse.com.tw/mops/web/ajax_t163sb05
下游,邊緣運算_工業AI,2395,研華,2015,1,balance_sheet,歸屬於母公司業主之權益合計,23275076,"23,275,076",sii,https://mopsov.twse.com.tw/mops/web/ajax_t163sb05
下游,邊緣運算_工業AI,2395,研華,2015,1,balance_sheet,共同控制下前手權益,0,0,sii,https://mopsov.twse.com.tw/mops/web/ajax_t163sb05
下游,邊緣運算_工業AI,2395,研華,2015,1,balance_sheet,合併前非屬共同控制股權,,--,sii,https://mopsov.twse.com.tw/mops/web/ajax_t163sb05
下游,邊緣運算_工業AI,2395,研華,2015,1,balance_sheet,非控制權益,164362,"164,362",sii,https://mopsov.twse.com.tw/mops/web/ajax_t163sb05
下游,邊緣運算_工業AI,2395,研華,2015,1,balance_sheet,權益總額,23439438,"23,439,438",sii,https://mopsov.twse.com.tw/mops/web/ajax_t163sb05
下游,邊緣運算_工業AI,2395,研華,2015,1,balance_sheet,待註銷股本股數（單位：股）,0,0,sii,https://mopsov.twse.com.tw/mops/web/ajax_t163sb05
下游,邊緣運算_工業AI,2395,研華,2015,1,balance_sheet,預收股款（權益項下）之約當發行股數（單位：股）,0,0,sii,https://mopsov.twse.com.tw/mops/web/ajax_t163sb05
下游,邊緣運算_工業AI,2395,研華,2015,1,balance_sheet,母公司暨子公司所持有之母公司庫藏股股數（單位：股）,0,0,sii,https://mopsov.twse.com.tw/mops/web/ajax_t163sb05
下游,邊緣運算_工業AI,2395,研華,2015,1,balance_sheet,每股參考淨值,36.86,36.86,sii,https://mopsov.twse.com.tw/mops/web/ajax_t163sb05
下游,邊緣運算_工業AI,6166,凌華,2015,1,balance_sheet,流動資產,5267772,"5,267,772",sii,https://mopsov.twse.com.tw/mops/web/ajax_t163sb05
下游,邊緣運算_工業AI,6166,凌華,2015,1,balance_sheet,非流動資產,1788323,"1,788,323",sii,https://mopsov.twse.com.tw/mops/web/ajax_t163sb05
下游,邊緣運算_工業AI,6166,凌華,2015,1,balance_sheet,資產總計,7056095,"7,056,095",sii,https://mopsov.twse.com.tw/mops/web/ajax_t163sb05
下游,邊緣運算_工業AI,6166,凌華,2015,1,balance_sheet,流動負債,3211445,"3,211,445",sii,https://mopsov.twse.com.tw/mops/web/ajax_t163sb05
下游,邊緣運算_工業AI,6166,凌華,2015,1,balance_sheet,非流動負債,85305,"85,305",sii,https://mopsov.twse.com.tw/mops/web/ajax_t163sb05
下游,邊緣運算_工業AI,6166,凌華,2015,1,balance_sheet,負債總額,3296750,"3,296,750",sii,https://mopsov.twse.com.tw/mops/web/ajax_t163sb05
下游,邊緣運算_工業AI,6166,凌華,2015,1,balance_sheet,股本,1835425,"1,835,425",sii,https://mopsov.twse.com.tw/mops/web/ajax_t163sb05
下游,邊緣運算_工業AI,6166,凌華,2015,1,balance_sheet,資本公積,622018,"622,018",sii,https://mopsov.twse.com.tw/mops/web/ajax_t163sb05
下游,邊緣運算_工業AI,6166,凌華,2015,1,balance_sheet,保留盈餘,1226114,"1,226,114",sii,https://mopsov.twse.com.tw/mops/web/ajax_t163sb05
下游,邊緣運算_工業AI,6166,凌華,2015,1,balance_sheet,其他權益,68232,"68,232",sii,https://mopsov.twse.com.tw/mops/web/ajax_t163sb05
下游,邊緣運算_工業AI,6166,凌華,2015,1,balance_sheet,庫藏股票,,--,sii,https://mopsov.twse.com.tw/mops/web/ajax_t163sb05
下游,邊緣運算_工業AI,6166,凌華,2015,1,balance_sheet,歸屬於母公司業主之權益合計,3751789,"3,751,789",sii,https://mopsov.twse.com.tw/mops/web/ajax_t163sb05
下游,邊緣運算_工業AI,6166,凌華,2015,1,balance_sheet,共同控制下前手權益,,--,sii,https://mopsov.twse.com.tw/mops/web/ajax_t163sb05
下游,邊緣運算_工業AI,6166,凌華,2015,1,balance_sheet,合併前非屬共同控制股權,,--,sii,https://mopsov.twse.com.tw/mops/web/ajax_t163sb05
下游,邊緣運算_工業AI,6166,凌華,2015,1,balance_sheet,非控制權益,7556,"7,556",sii,https://mopsov.twse.com.tw/mops/web/ajax_t163sb05
下游,邊緣運算_工業AI,6166,凌華,2015,1,balance_sheet,權益總額,3759345,"3,759,345",sii,https://mopsov.twse.com.tw/mops/web/ajax_t163sb05
下游,邊緣運算_工業AI,6166,凌華,2015,1,balance_sheet,待註銷股本股數（單位：股）,,--,sii,https://mopsov.twse.com.tw/mops/web/ajax_t163sb05
下游,邊緣運算_工業AI,6166,凌華,2015,1,balance_sheet,預收股款（權益項下）之約當發行股數（單位：股）,0,0,sii,https://mopsov.twse.com.tw/mops/web/ajax_t163sb05
下游,邊緣運算_工業AI,6166,凌華,2015,1,balance_sheet,母公司暨子公司所持有之母公司庫藏股股數（單位：股）,0,0,sii,https://mopsov.twse.com.tw/mops/web/ajax_t163sb05
下游,邊緣運算_工業AI,6166,凌華,2015,1,balance_sheet,每股參考淨值,20.44,20.44,sii,https://mopsov.twse.com.tw/mops/web/ajax_t163sb05
下游,邊緣運算_工業AI,2395,研華,2015,1,cash_flow,營業活動之淨現金流入（流出）,1385854,"1,385,854",sii,https://mopsov.twse.com.tw/mops/web/ajax_t163sb20
下游,邊緣運算_工業AI,2395,研華,2015,1,cash_flow,投資活動之淨現金流入（流出）,-816625,"-816,625",sii,https://mopsov.twse.com.tw/mops/web/ajax_t163sb20
下游,邊緣運算_工業AI,2395,研華,2015,1,cash_flow,籌資活動之淨現金流入（流出）,74133,"74,133",sii,https://mopsov.twse.com.tw/mops/web/ajax_t163sb20
下游,邊緣運算_工業AI,2395,研華,2015,1,cash_flow,匯率變動對現金及約當現金之影響,-139253,"-139,253",sii,https://mopsov.twse.com.tw/mops/web/ajax_t163sb20
下游,邊緣運算_工業AI,2395,研華,2015,1,cash_flow,本期現金及約當現金增加（減少）數,504109,"504,109",sii,https://mopsov.twse.com.tw/mops/web/ajax_t163sb20
下游,邊緣運算_工業AI,2395,研華,2015,1,cash_flow,期初現金及約當現金餘額,3122007,"3,122,007",sii,https://mopsov.twse.com.tw/mops/web/ajax_t163sb20
下游,邊緣運算_工業AI,2395,研華,2015,1,cash_flow,期末現金及約當現金餘額,3626116,"3,626,116",sii,https://mopsov.twse.com.tw/mops/web/ajax_t163sb20
下游,邊緣運算_工業AI,6166,凌華,2015,1,cash_flow,營業活動之淨現金流入（流出）,580751,"580,751",sii,https://mopsov.twse.com.tw/mops/web/ajax_t163sb20
下游,邊緣運算_工業AI,6166,凌華,2015,1,cash_flow,投資活動之淨現金流入（流出）,-158315,"-158,315",sii,https://mopsov.twse.com.tw/mops/web/ajax_t163sb20
下游,邊緣運算_工業AI,6166,凌華,2015,1,cash_flow,籌資活動之淨現金流入（流出）,47959,"47,959",sii,https://mopsov.twse.com.tw/mops/web/ajax_t163sb20
下游,邊緣運算_工業AI,6166,凌華,2015,1,cash_flow,匯率變動對現金及約當現金之影響,-15793,"-15,793",sii,https://mopsov.twse.com.tw/mops/web/ajax_t163sb20
下游,邊緣運算_工業AI,6166,凌華,2015,1,cash_flow,本期現金及約當現金增加（減少）數,454602,"454,602",sii,https://mopsov.twse.com.tw/mops/web/ajax_t163sb20
下游,邊緣運算_工業AI,6166,凌華,2015,1,cash_flow,期初現金及約當現金餘額,1183185,"1,183,185",sii,https://mopsov.twse.com.tw/mops/web/ajax_t163sb20
下游,邊緣運算_工業AI,6166,凌華,2015,1,cash_flow,期末現金及約當現金餘額,1637787,"1,637,787",sii,https://mopsov.twse.com.tw/mops/web/ajax_t163sb20
下游,邊緣運算_工業AI,2395,研華,2015,2,income_statement,營業收入,18811614,"18,811,614",sii,https://mopsov.twse.com.tw/mops/web/ajax_t163sb04
下游,邊緣運算_工業AI,2395,研華,2015,2,income_statement,營業成本,11240372,"11,240,372",sii,https://mopsov.twse.com.tw/mops/web/ajax_t163sb04
下游,邊緣運算_工業AI,2395,研華,2015,2,income_statement,營業毛利（毛損）,7571242,"7,571,242",sii,https://mopsov.twse.com.tw/mops/web/ajax_t163sb04
下游,邊緣運算_工業AI,2395,研華,2015,2,income_statement,未實現銷貨（損）益,,--,sii,https://mopsov.twse.com.tw/mops/web/ajax_t163sb04
下游,邊緣運算_工業AI,2395,研華,2015,2,income_statement,已實現銷貨（損）益,,--,sii,https://mopsov.twse.com.tw/mops/web/ajax_t163sb04
下游,邊緣運算_工業AI,2395,研華,2015,2,income_statement,營業毛利（毛損）淨額,7571242,"7,571,242",sii,https://mopsov.twse.com.tw/mops/web/ajax_t163sb04
下游,邊緣運算_工業AI,2395,研華,2015,2,income_statement,營業費用,4587849,"4,587,849",sii,https://mopsov.twse.com.tw/mops/web/ajax_t163sb04
下游,邊緣運算_工業AI,2395,研華,2015,2,income_statement,其他收益及費損淨額,,--,sii,https://mopsov.twse.com.tw/mops/web/ajax_t163sb04
下游,邊緣運算_工業AI,2395,研華,2015,2,income_statement,營業利益（損失）,2983393,"2,983,393",sii,https://mopsov.twse.com.tw/mops/web/ajax_t163sb04
下游,邊緣運算_工業AI,2395,研華,2015,2,income_statement,營業外收入及支出,121571,"121,571",sii,https://mopsov.twse.com.tw/mops/web/ajax_t163sb04
下游,邊緣運算_工業AI,2395,研華,2015,2,income_statement,稅前淨利（淨損）,3104964,"3,104,964",sii,https://mopsov.twse.com.tw/mops/web/ajax_t163sb04
下游,邊緣運算_工業AI,2395,研華,2015,2,income_statement,所得稅費用（利益）,566059,"566,059",sii,https://mopsov.twse.com.tw/mops/web/ajax_t163sb04
下游,邊緣運算_工業AI,2395,研華,2015,2,income_statement,繼續營業單位本期淨利（淨損）,2538905,"2,538,905",sii,https://mopsov.twse.com.tw/mops/web/ajax_t163sb04
下游,邊緣運算_工業AI,2395,研華,2015,2,income_statement,停業單位損益,,--,sii,https://mopsov.twse.com.tw/mops/web/ajax_t163sb04
下游,邊緣運算_工業AI,2395,研華,2015,2,income_statement,合併前非屬共同控制股權損益,,--,sii,https://mopsov.twse.com.tw/mops/web/ajax_t163sb04
下游,邊緣運算_工業AI,2395,研華,2015,2,income_statement,本期淨利（淨損）,2538905,"2,538,905",sii,https://mopsov.twse.com.tw/mops/web/ajax_t163sb04
下游,邊緣運算_工業AI,2395,研華,2015,2,income_statement,其他綜合損益（淨額）,-436493,"-436,493",sii,https://mopsov.twse.com.tw/mops/web/ajax_t163sb04
下游,邊緣運算_工業AI,2395,研華,2015,2,income_statement,合併前非屬共同控制股權綜合損益淨額,,--,sii,https://mopsov.twse.com.tw/mops/web/ajax_t163sb04
下游,邊緣運算_工業AI,2395,研華,2015,2,income_statement,本期綜合損益總額,2102412,"2,102,412",sii,https://mopsov.twse.com.tw/mops/web/ajax_t163sb04
下游,邊緣運算_工業AI,2395,研華,2015,2,income_statement,淨利（淨損）歸屬於母公司業主,2534787,"2,534,787",sii,https://mopsov.twse.com.tw/mops/web/ajax_t163sb04
下游,邊緣運算_工業AI,2395,研華,2015,2,income_statement,淨利（淨損）歸屬於共同控制下前手權益,,--,sii,https://mopsov.twse.com.tw/mops/web/ajax_t163sb04
下游,邊緣運算_工業AI,2395,研華,2015,2,income_statement,淨利（淨損）歸屬於非控制權益,4118,"4,118",sii,https://mopsov.twse.com.tw/mops/web/ajax_t163sb04
下游,邊緣運算_工業AI,2395,研華,2015,2,income_statement,綜合損益總額歸屬於母公司業主,2112283,"2,112,283",sii,https://mopsov.twse.com.tw/mops/web/ajax_t163sb04
下游,邊緣運算_工業AI,2395,研華,2015,2,income_statement,綜合損益總額歸屬於共同控制下前手權益,,--,sii,https://mopsov.twse.com.tw/mops/web/ajax_t163sb04
下游,邊緣運算_工業AI,2395,研華,2015,2,income_statement,綜合損益總額歸屬於非控制權益,-9871,"-9,871",sii,https://mopsov.twse.com.tw/mops/web/ajax_t163sb04
下游,邊緣運算_工業AI,2395,研華,2015,2,income_statement,基本每股盈餘（元）,4.01,4.01,sii,https://mopsov.twse.com.tw/mops/web/ajax_t163sb04
下游,邊緣運算_工業AI,6166,凌華,2015,2,income_statement,營業收入,4577880,"4,577,880",sii,https://mopsov.twse.com.tw/mops/web/ajax_t163sb04
下游,邊緣運算_工業AI,6166,凌華,2015,2,income_statement,營業成本,2646188,"2,646,188",sii,https://mopsov.twse.com.tw/mops/web/ajax_t163sb04
下游,邊緣運算_工業AI,6166,凌華,2015,2,income_statement,營業毛利（毛損）,1931692,"1,931,692",sii,https://mopsov.twse.com.tw/mops/web/ajax_t163sb04
下游,邊緣運算_工業AI,6166,凌華,2015,2,income_statement,未實現銷貨（損）益,,--,sii,https://mopsov.twse.com.tw/mops/web/ajax_t163sb04
下游,邊緣運算_工業AI,6166,凌華,2015,2,income_statement,已實現銷貨（損）益,,--,sii,https://mopsov.twse.com.tw/mops/web/ajax_t163sb04
下游,邊緣運算_工業AI,6166,凌華,2015,2,income_statement,營業毛利（毛損）淨額,1931692,"1,931,692",sii,https://mopsov.twse.com.tw/mops/web/ajax_t163sb04
下游,邊緣運算_工業AI,6166,凌華,2015,2,income_statement,營業費用,1441692,"1,441,692",sii,https://mopsov.twse.com.tw/mops/web/ajax_t163sb04
下游,邊緣運算_工業AI,6166,凌華,2015,2,income_statement,其他收益及費損淨額,,--,sii,https://mopsov.twse.com.tw/mops/web/ajax_t163sb04
下游,邊緣運算_工業AI,6166,凌華,2015,2,income_statement,營業利益（損失）,490000,"490,000",sii,https://mopsov.twse.com.tw/mops/web/ajax_t163sb04
下游,邊緣運算_工業AI,6166,凌華,2015,2,income_statement,營業外收入及支出,-27042,"-27,042",sii,https://mopsov.twse.com.tw/mops/web/ajax_t163sb04
下游,邊緣運算_工業AI,6166,凌華,2015,2,income_statement,稅前淨利（淨損）,462958,"462,958",sii,https://mopsov.twse.com.tw/mops/web/ajax_t163sb04
下游,邊緣運算_工業AI,6166,凌華,2015,2,income_statement,所得稅費用（利益）,108057,"108,057",sii,https://mopsov.twse.com.tw/mops/web/ajax_t163sb04
下游,邊緣運算_工業AI,6166,凌華,2015,2,income_statement,繼續營業單位本期淨利（淨損）,354901,"354,901",sii,https://mopsov.twse.com.tw/mops/web/ajax_t163sb04
下游,邊緣運算_工業AI,6166,凌華,2015,2,income_statement,停業單位損益,,--,sii,https://mopsov.twse.com.tw/mops/web/ajax_t163sb04
下游,邊緣運算_工業AI,6166,凌華,2015,2,income_statement,合併前非屬共同控制股權損益,,--,sii,https://mopsov.twse.com.tw/mops/web/ajax_t163sb04
下游,邊緣運算_工業AI,6166,凌華,2015,2,income_statement,本期淨利（淨損）,354901,"354,901",sii,https://mopsov.twse.com.tw/mops/web/ajax_t163sb04
下游,邊緣運算_工業AI,6166,凌華,2015,2,income_statement,其他綜合損益（淨額）,-64925,"-64,925",sii,https://mopsov.twse.com.tw/mops/web/ajax_t163sb04
下游,邊緣運算_工業AI,6166,凌華,2015,2,income_statement,合併前非屬共同控制股權綜合損益淨額,,--,sii,https://mopsov.twse.com.tw/mops/web/ajax_t163sb04
下游,邊緣運算_工業AI,6166,凌華,2015,2,income_statement,本期綜合損益總額,289976,"289,976",sii,https://mopsov.twse.com.tw/mops/web/ajax_t163sb04
下游,邊緣運算_工業AI,6166,凌華,2015,2,income_statement,淨利（淨損）歸屬於母公司業主,353588,"353,588",sii,https://mopsov.twse.com.tw/mops/web/ajax_t163sb04
下游,邊緣運算_工業AI,6166,凌華,2015,2,income_statement,淨利（淨損）歸屬於共同控制下前手權益,,--,sii,https://mopsov.twse.com.tw/mops/web/ajax_t163sb04
下游,邊緣運算_工業AI,6166,凌華,2015,2,income_statement,淨利（淨損）歸屬於非控制權益,1313,"1,313",sii,https://mopsov.twse.com.tw/mops/web/ajax_t163sb04
下游,邊緣運算_工業AI,6166,凌華,2015,2,income_statement,綜合損益總額歸屬於母公司業主,289012,"289,012",sii,https://mopsov.twse.com.tw/mops/web/ajax_t163sb04
下游,邊緣運算_工業AI,6166,凌華,2015,2,income_statement,綜合損益總額歸屬於共同控制下前手權益,,--,sii,https://mopsov.twse.com.tw/mops/web/ajax_t163sb04
下游,邊緣運算_工業AI,6166,凌華,2015,2,income_statement,綜合損益總額歸屬於非控制權益,964,964,sii,https://mopsov.twse.com.tw/mops/web/ajax_t163sb04
下游,邊緣運算_工業AI,6166,凌華,2015,2,income_statement,基本每股盈餘（元）,1.77,1.77,sii,https://mopsov.twse.com.tw/mops/web/ajax_t163sb04
下游,邊緣運算_工業AI,2395,研華,2015,2,balance_sheet,流動資產,20941399,"20,941,399",sii,https://mopsov.twse.com.tw/mops/web/ajax_t163sb05
下游,邊緣運算_工業AI,2395,研華,2015,2,balance_sheet,非流動資產,13348156,"13,348,156",sii,https://mopsov.twse.com.tw/mops/web/ajax_t163sb05
下游,邊緣運算_工業AI,2395,研華,2015,2,balance_sheet,資產總計,34289555,"34,289,555",sii,https://mopsov.twse.com.tw/mops/web/ajax_t163sb05
下游,邊緣運算_工業AI,2395,研華,2015,2,balance_sheet,流動負債,12164625,"12,164,625",sii,https://mopsov.twse.com.tw/mops/web/ajax_t163sb05
下游,邊緣運算_工業AI,2395,研華,2015,2,balance_sheet,非流動負債,1184197,"1,184,197",sii,https://mopsov.twse.com.tw/mops/web/ajax_t163sb05
下游,邊緣運算_工業AI,2395,研華,2015,2,balance_sheet,負債總額,13348822,"13,348,822",sii,https://mopsov.twse.com.tw/mops/web/ajax_t163sb05
下游,邊緣運算_工業AI,2395,研華,2015,2,balance_sheet,股本,6316906,"6,316,906",sii,https://mopsov.twse.com.tw/mops/web/ajax_t163sb05
下游,邊緣運算_工業AI,2395,研華,2015,2,balance_sheet,資本公積,5448543,"5,448,543",sii,https://mopsov.twse.com.tw/mops/web/ajax_t163sb05
下游,邊緣運算_工業AI,2395,研華,2015,2,balance_sheet,保留盈餘,8540742,"8,540,742",sii,https://mopsov.twse.com.tw/mops/web/ajax_t163sb05
下游,邊緣運算_工業AI,2395,研華,2015,2,balance_sheet,其他權益,479129,"479,129",sii,https://mopsov.twse.com.tw/mops/web/ajax_t163sb05
下游,邊緣運算_工業AI,2395,研華,2015,2,balance_sheet,庫藏股票,0,0,sii,https://mopsov.twse.com.tw/mops/web/ajax_t163sb05
下游,邊緣運算_工業AI,2395,研華,2015,2,balance_sheet,歸屬於母公司業主之權益合計,20785320,"20,785,320",sii,https://mopsov.twse.com.tw/mops/web/ajax_t163sb05
下游,邊緣運算_工業AI,2395,研華,2015,2,balance_sheet,共同控制下前手權益,,--,sii,https://mopsov.twse.com.tw/mops/web/ajax_t163sb05
下游,邊緣運算_工業AI,2395,研華,2015,2,balance_sheet,合併前非屬共同控制股權,,--,sii,https://mopsov.twse.com.tw/mops/web/ajax_t163sb05
下游,邊緣運算_工業AI,2395,研華,2015,2,balance_sheet,非控制權益,155413,"155,413",sii,https://mopsov.twse.com.tw/mops/web/ajax_t163sb05
下游,邊緣運算_工業AI,2395,研華,2015,2,balance_sheet,權益總額,20940733,"20,940,733",sii,https://mopsov.twse.com.tw/mops/web/ajax_t163sb05
下游,邊緣運算_工業AI,2395,研華,2015,2,balance_sheet,待註銷股本股數（單位：股）,0,0,sii,https://mopsov.twse.com.tw/mops/web/ajax_t163sb05
下游,邊緣運算_工業AI,2395,研華,2015,2,balance_sheet,預收股款（權益項下）之約當發行股數（單位：股）,172,172,sii,https://mopsov.twse.com.tw/mops/web/ajax_t163sb05
下游,邊緣運算_工業AI,2395,研華,2015,2,balance_sheet,母公司暨子公司所持有之母公司庫藏股股數（單位：股）,0,0,sii,https://mopsov.twse.com.tw/mops/web/ajax_t163sb05
下游,邊緣運算_工業AI,2395,研華,2015,2,balance_sheet,每股參考淨值,32.91,32.91,sii,https://mopsov.twse.com.tw/mops/web/ajax_t163sb05
下游,邊緣運算_工業AI,6166,凌華,2015,2,balance_sheet,流動資產,5573837,"5,573,837",sii,https://mopsov.twse.com.tw/mops/web/ajax_t163sb05
下游,邊緣運算_工業AI,6166,凌華,2015,2,balance_sheet,非流動資產,1857930,"1,857,930",sii,https://mopsov.twse.com.tw/mops/web/ajax_t163sb05
下游,邊緣運算_工業AI,6166,凌華,2015,2,balance_sheet,資產總計,7431767,"7,431,767",sii,https://mopsov.twse.com.tw/mops/web/ajax_t163sb05
下游,邊緣運算_工業AI,6166,凌華,2015,2,balance_sheet,流動負債,3780770,"3,780,770",sii,https://mopsov.twse.com.tw/mops/web/ajax_t163sb05
下游,邊緣運算_工業AI,6166,凌華,2015,2,balance_sheet,非流動負債,81644,"81,644",sii,https://mopsov.twse.com.tw/mops/web/ajax_t163sb05
下游,邊緣運算_工業AI,6166,凌華,2015,2,balance_sheet,負債總額,3862414,"3,862,414",sii,https://mopsov.twse.com.tw/mops/web/ajax_t163sb05
下游,邊緣運算_工業AI,6166,凌華,2015,2,balance_sheet,股本,2003669,"2,003,669",sii,https://mopsov.twse.com.tw/mops/web/ajax_t163sb05
下游,邊緣運算_工業AI,6166,凌華,2015,2,balance_sheet,資本公積,627191,"627,191",sii,https://mopsov.twse.com.tw/mops/web/ajax_t163sb05
下游,邊緣運算_工業AI,6166,凌華,2015,2,balance_sheet,保留盈餘,875145,"875,145",sii,https://mopsov.twse.com.tw/mops/web/ajax_t163sb05
下游,邊緣運算_工業AI,6166,凌華,2015,2,balance_sheet,其他權益,55587,"55,587",sii,https://mopsov.twse.com.tw/mops/web/ajax_t163sb05
下游,邊緣運算_工業AI,6166,凌華,2015,2,balance_sheet,庫藏股票,,--,sii,https://mopsov.twse.com.tw/mops/web/ajax_t163sb05
下游,邊緣運算_工業AI,6166,凌華,2015,2,balance_sheet,歸屬於母公司業主之權益合計,3561592,"3,561,592",sii,https://mopsov.twse.com.tw/mops/web/ajax_t163sb05
下游,邊緣運算_工業AI,6166,凌華,2015,2,balance_sheet,共同控制下前手權益,,--,sii,https://mopsov.twse.com.tw/mops/web/ajax_t163sb05
下游,邊緣運算_工業AI,6166,凌華,2015,2,balance_sheet,合併前非屬共同控制股權,,--,sii,https://mopsov.twse.com.tw/mops/web/ajax_t163sb05
下游,邊緣運算_工業AI,6166,凌華,2015,2,balance_sheet,非控制權益,7761,"7,761",sii,https://mopsov.twse.com.tw/mops/web/ajax_t163sb05
下游,邊緣運算_工業AI,6166,凌華,2015,2,balance_sheet,權益總額,3569353,"3,569,353",sii,https://mopsov.twse.com.tw/mops/web/ajax_t163sb05
下游,邊緣運算_工業AI,6166,凌華,2015,2,balance_sheet,待註銷股本股數（單位：股）,,--,sii,https://mopsov.twse.com.tw/mops/web/ajax_t163sb05
下游,邊緣運算_工業AI,6166,凌華,2015,2,balance_sheet,預收股款（權益項下）之約當發行股數（單位：股）,0,0,sii,https://mopsov.twse.com.tw/mops/web/ajax_t163sb05
下游,邊緣運算_工業AI,6166,凌華,2015,2,balance_sheet,母公司暨子公司所持有之母公司庫藏股股數（單位：股）,0,0,sii,https://mopsov.twse.com.tw/mops/web/ajax_t163sb05
下游,邊緣運算_工業AI,6166,凌華,2015,2,balance_sheet,每股參考淨值,19.38,19.38,sii,https://mopsov.twse.com.tw/mops/web/ajax_t163sb05
下游,邊緣運算_工業AI,2395,研華,2015,2,cash_flow,營業活動之淨現金流入（流出）,2869805,"2,869,805",sii,https://mopsov.twse.com.tw/mops/web/ajax_t163sb20
下游,邊緣運算_工業AI,2395,研華,2015,2,cash_flow,投資活動之淨現金流入（流出）,-2451304,"-2,451,304",sii,https://mopsov.twse.com.tw/mops/web/ajax_t163sb20
下游,邊緣運算_工業AI,2395,研華,2015,2,cash_flow,籌資活動之淨現金流入（流出）,69528,"69,528",sii,https://mopsov.twse.com.tw/mops/web/ajax_t163sb20
下游,邊緣運算_工業AI,2395,研華,2015,2,cash_flow,匯率變動對現金及約當現金之影響,-136600,"-136,600",sii,https://mopsov.twse.com.tw/mops/web/ajax_t163sb20
下游,邊緣運算_工業AI,2395,研華,2015,2,cash_flow,本期現金及約當現金增加（減少）數,351429,"351,429",sii,https://mopsov.twse.com.tw/mops/web/ajax_t163sb20
下游,邊緣運算_工業AI,2395,研華,2015,2,cash_flow,期初現金及約當現金餘額,3122007,"3,122,007",sii,https://mopsov.twse.com.tw/mops/web/ajax_t163sb20
下游,邊緣運算_工業AI,2395,研華,2015,2,cash_flow,期末現金及約當現金餘額,3473436,"3,473,436",sii,https://mopsov.twse.com.tw/mops/web/ajax_t163sb20
下游,邊緣運算_工業AI,6166,凌華,2015,2,cash_flow,營業活動之淨現金流入（流出）,599386,"599,386",sii,https://mopsov.twse.com.tw/mops/web/ajax_t163sb20
下游,邊緣運算_工業AI,6166,凌華,2015,2,cash_flow,投資活動之淨現金流入（流出）,-296667,"-296,667",sii,https://mopsov.twse.com.tw/mops/web/ajax_t163sb20
下游,邊緣運算_工業AI,6166,凌華,2015,2,cash_flow,籌資活動之淨現金流入（流出）,168931,"168,931",sii,https://mopsov.twse.com.tw/mops/web/ajax_t163sb20
下游,邊緣運算_工業AI,6166,凌華,2015,2,cash_flow,匯率變動對現金及約當現金之影響,-24419,"-24,419",sii,https://mopsov.twse.com.tw/mops/web/ajax_t163sb20
下游,邊緣運算_工業AI,6166,凌華,2015,2,cash_flow,本期現金及約當現金增加（減少）數,447231,"447,231",sii,https://mopsov.twse.com.tw/mops/web/ajax_t163sb20
下游,邊緣運算_工業AI,6166,凌華,2015,2,cash_flow,期初現金及約當現金餘額,1183185,"1,183,185",sii,https://mopsov.twse.com.tw/mops/web/ajax_t163sb20
下游,邊緣運算_工業AI,6166,凌華,2015,2,cash_flow,期末現金及約當現金餘額,1630416,"1,630,416",sii,https://mopsov.twse.com.tw/mops/web/ajax_t163sb20
下游,邊緣運算_工業AI,2395,研華,2015,3,income_statement,營業收入,28249366,"28,249,366",sii,https://mopsov.twse.com.tw/mops/web/ajax_t163sb04
下游,邊緣運算_工業AI,2395,研華,2015,3,income_statement,營業成本,16931817,"16,931,817",sii,https://mopsov.twse.com.tw/mops/web/ajax_t163sb04
下游,邊緣運算_工業AI,2395,研華,2015,3,income_statement,營業毛利（毛損）,11317549,"11,317,549",sii,https://mopsov.twse.com.tw/mops/web/ajax_t163sb04
下游,邊緣運算_工業AI,2395,研華,2015,3,income_statement,未實現銷貨（損）益,,--,sii,https://mopsov.twse.com.tw/mops/web/ajax_t163sb04
下游,邊緣運算_工業AI,2395,研華,2015,3,income_statement,已實現銷貨（損）益,,--,sii,https://mopsov.twse.com.tw/mops/web/ajax_t163sb04
下游,邊緣運算_工業AI,2395,研華,2015,3,income_statement,營業毛利（毛損）淨額,11317549,"11,317,549",sii,https://mopsov.twse.com.tw/mops/web/ajax_t163sb04
下游,邊緣運算_工業AI,2395,研華,2015,3,income_statement,營業費用,7010072,"7,010,072",sii,https://mopsov.twse.com.tw/mops/web/ajax_t163sb04
下游,邊緣運算_工業AI,2395,研華,2015,3,income_statement,其他收益及費損淨額,,--,sii,https://mopsov.twse.com.tw/mops/web/ajax_t163sb04
下游,邊緣運算_工業AI,2395,研華,2015,3,income_statement,營業利益（損失）,4307477,"4,307,477",sii,https://mopsov.twse.com.tw/mops/web/ajax_t163sb04
下游,邊緣運算_工業AI,2395,研華,2015,3,income_statement,營業外收入及支出,316086,"316,086",sii,https://mopsov.twse.com.tw/mops/web/ajax_t163sb04
下游,邊緣運算_工業AI,2395,研華,2015,3,income_statement,稅前淨利（淨損）,4623563,"4,623,563",sii,https://mopsov.twse.com.tw/mops/web/ajax_t163sb04
下游,邊緣運算_工業AI,2395,研華,2015,3,income_statement,所得稅費用（利益）,848740,"848,740",sii,https://mopsov.twse.com.tw/mops/web/ajax_t163sb04
下游,邊緣運算_工業AI,2395,研華,2015,3,income_statement,繼續營業單位本期淨利（淨損）,3774823,"3,774,823",sii,https://mopsov.twse.com.tw/mops/web/ajax_t163sb04
下游,邊緣運算_工業AI,2395,研華,2015,3,income_statement,停業單位損益,,--,sii,https://mopsov.twse.com.tw/mops/web/ajax_t163sb04
下游,邊緣運算_工業AI,2395,研華,2015,3,income_statement,合併前非屬共同控制股權損益,,--,sii,https://mopsov.twse.com.tw/mops/web/ajax_t163sb04
下游,邊緣運算_工業AI,2395,研華,2015,3,income_statement,本期淨利（淨損）,3774823,"3,774,823",sii,https://mopsov.twse.com.tw/mops/web/ajax_t163sb04
下游,邊緣運算_工業AI,2395,研華,2015,3,income_statement,其他綜合損益（淨額）,-331686,"-331,686",sii,https://mopsov.twse.com.tw/mops/web/ajax_t163sb04
下游,邊緣運算_工業AI,2395,研華,2015,3,income_statement,合併前非屬共同控制股權綜合損益淨額,,--,sii,https://mopsov.twse.com.tw/mops/web/ajax_t163sb04
下游,邊緣運算_工業AI,2395,研華,2015,3,income_statement,本期綜合損益總額,3443137,"3,443,137",sii,https://mopsov.twse.com.tw/mops/web/ajax_t163sb04
下游,邊緣運算_工業AI,2395,研華,2015,3,income_statement,淨利（淨損）歸屬於母公司業主,3762812,"3,762,812",sii,https://mopsov.twse.com.tw/mops/web/ajax_t163sb04
下游,邊緣運算_工業AI,2395,研華,2015,3,income_statement,淨利（淨損）歸屬於共同控制下前手權益,,--,sii,https://mopsov.twse.com.tw/mops/web/ajax_t163sb04
下游,邊緣運算_工業AI,2395,研華,2015,3,income_statement,淨利（淨損）歸屬於非控制權益,12011,"12,011",sii,https://mopsov.twse.com.tw/mops/web/ajax_t163sb04
下游,邊緣運算_工業AI,2395,研華,2015,3,income_statement,綜合損益總額歸屬於母公司業主,3448129,"3,448,129",sii,https://mopsov.twse.com.tw/mops/web/ajax_t163sb04
下游,邊緣運算_工業AI,2395,研華,2015,3,income_statement,綜合損益總額歸屬於共同控制下前手權益,,--,sii,https://mopsov.twse.com.tw/mops/web/ajax_t163sb04
下游,邊緣運算_工業AI,2395,研華,2015,3,income_statement,綜合損益總額歸屬於非控制權益,-4992,"-4,992",sii,https://mopsov.twse.com.tw/mops/web/ajax_t163sb04
下游,邊緣運算_工業AI,2395,研華,2015,3,income_statement,基本每股盈餘（元）,5.96,5.96,sii,https://mopsov.twse.com.tw/mops/web/ajax_t163sb04
下游,邊緣運算_工業AI,6166,凌華,2015,3,income_statement,營業收入,6911029,"6,911,029",sii,https://mopsov.twse.com.tw/mops/web/ajax_t163sb04
下游,邊緣運算_工業AI,6166,凌華,2015,3,income_statement,營業成本,4063843,"4,063,843",sii,https://mopsov.twse.com.tw/mops/web/ajax_t163sb04
下游,邊緣運算_工業AI,6166,凌華,2015,3,income_statement,營業毛利（毛損）,2847186,"2,847,186",sii,https://mopsov.twse.com.tw/mops/web/ajax_t163sb04
下游,邊緣運算_工業AI,6166,凌華,2015,3,income_statement,未實現銷貨（損）益,,--,sii,https://mopsov.twse.com.tw/mops/web/ajax_t163sb04
下游,邊緣運算_工業AI,6166,凌華,2015,3,income_statement,已實現銷貨（損）益,,--,sii,https://mopsov.twse.com.tw/mops/web/ajax_t163sb04
下游,邊緣運算_工業AI,6166,凌華,2015,3,income_statement,營業毛利（毛損）淨額,2847186,"2,847,186",sii,https://mopsov.twse.com.tw/mops/web/ajax_t163sb04
下游,邊緣運算_工業AI,6166,凌華,2015,3,income_statement,營業費用,2204525,"2,204,525",sii,https://mopsov.twse.com.tw/mops/web/ajax_t163sb04
下游,邊緣運算_工業AI,6166,凌華,2015,3,income_statement,其他收益及費損淨額,,--,sii,https://mopsov.twse.com.tw/mops/web/ajax_t163sb04
下游,邊緣運算_工業AI,6166,凌華,2015,3,income_statement,營業利益（損失）,642661,"642,661",sii,https://mopsov.twse.com.tw/mops/web/ajax_t163sb04
下游,邊緣運算_工業AI,6166,凌華,2015,3,income_statement,營業外收入及支出,9394,"9,394",sii,https://mopsov.twse.com.tw/mops/web/ajax_t163sb04
下游,邊緣運算_工業AI,6166,凌華,2015,3,income_statement,稅前淨利（淨損）,652055,"652,055",sii,https://mopsov.twse.com.tw/mops/web/ajax_t163sb04
下游,邊緣運算_工業AI,6166,凌華,2015,3,income_statement,所得稅費用（利益）,139897,"139,897",sii,https://mopsov.twse.com.tw/mops/web/ajax_t163sb04
下游,邊緣運算_工業AI,6166,凌華,2015,3,income_statement,繼續營業單位本期淨利（淨損）,512158,"512,158",sii,https://mopsov.twse.com.tw/mops/web/ajax_t163sb04
下游,邊緣運算_工業AI,6166,凌華,2015,3,income_statement,停業單位損益,,--,sii,https://mopsov.twse.com.tw/mops/web/ajax_t163sb04
下游,邊緣運算_工業AI,6166,凌華,2015,3,income_statement,合併前非屬共同控制股權損益,,--,sii,https://mopsov.twse.com.tw/mops/web/ajax_t163sb04
下游,邊緣運算_工業AI,6166,凌華,2015,3,income_statement,本期淨利（淨損）,512158,"512,158",sii,https://mopsov.twse.com.tw/mops/web/ajax_t163sb04
下游,邊緣運算_工業AI,6166,凌華,2015,3,income_statement,其他綜合損益（淨額）,20245,"20,245",sii,https://mopsov.twse.com.tw/mops/web/ajax_t163sb04
下游,邊緣運算_工業AI,6166,凌華,2015,3,income_statement,合併前非屬共同控制股權綜合損益淨額,,--,sii,https://mopsov.twse.com.tw/mops/web/ajax_t163sb04
下游,邊緣運算_工業AI,6166,凌華,2015,3,income_statement,本期綜合損益總額,532403,"532,403",sii,https://mopsov.twse.com.tw/mops/web/ajax_t163sb04
下游,邊緣運算_工業AI,6166,凌華,2015,3,income_statement,淨利（淨損）歸屬於母公司業主,510209,"510,209",sii,https://mopsov.twse.com.tw/mops/web/ajax_t163sb04
下游,邊緣運算_工業AI,6166,凌華,2015,3,income_statement,淨利（淨損）歸屬於共同控制下前手權益,,--,sii,https://mopsov.twse.com.tw/mops/web/ajax_t163sb04
下游,邊緣運算_工業AI,6166,凌華,2015,3,income_statement,淨利（淨損）歸屬於非控制權益,1949,"1,949",sii,https://mopsov.twse.com.tw/mops/web/ajax_t163sb04
下游,邊緣運算_工業AI,6166,凌華,2015,3,income_statement,綜合損益總額歸屬於母公司業主,530113,"530,113",sii,https://mopsov.twse.com.tw/mops/web/ajax_t163sb04
下游,邊緣運算_工業AI,6166,凌華,2015,3,income_statement,綜合損益總額歸屬於共同控制下前手權益,,--,sii,https://mopsov.twse.com.tw/mops/web/ajax_t163sb04
下游,邊緣運算_工業AI,6166,凌華,2015,3,income_statement,綜合損益總額歸屬於非控制權益,2290,"2,290",sii,https://mopsov.twse.com.tw/mops/web/ajax_t163sb04
下游,邊緣運算_工業AI,6166,凌華,2015,3,income_statement,基本每股盈餘（元）,2.55,2.55,sii,https://mopsov.twse.com.tw/mops/web/ajax_t163sb04
下游,邊緣運算_工業AI,2395,研華,2015,3,balance_sheet,流動資產,18256615,"18,256,615",sii,https://mopsov.twse.com.tw/mops/web/ajax_t163sb05
下游,邊緣運算_工業AI,2395,研華,2015,3,balance_sheet,非流動資產,13607377,"13,607,377",sii,https://mopsov.twse.com.tw/mops/web/ajax_t163sb05
下游,邊緣運算_工業AI,2395,研華,2015,3,balance_sheet,資產總計,31863992,"31,863,992",sii,https://mopsov.twse.com.tw/mops/web/ajax_t163sb05
下游,邊緣運算_工業AI,2395,研華,2015,3,balance_sheet,流動負債,8293209,"8,293,209",sii,https://mopsov.twse.com.tw/mops/web/ajax_t163sb05
下游,邊緣運算_工業AI,2395,研華,2015,3,balance_sheet,非流動負債,1269816,"1,269,816",sii,https://mopsov.twse.com.tw/mops/web/ajax_t163sb05
下游,邊緣運算_工業AI,2395,研華,2015,3,balance_sheet,負債總額,9563025,"9,563,025",sii,https://mopsov.twse.com.tw/mops/web/ajax_t163sb05
下游,邊緣運算_工業AI,2395,研華,2015,3,balance_sheet,股本,6318531,"6,318,531",sii,https://mopsov.twse.com.tw/mops/web/ajax_t163sb05
下游,邊緣運算_工業AI,2395,研華,2015,3,balance_sheet,資本公積,5519914,"5,519,914",sii,https://mopsov.twse.com.tw/mops/web/ajax_t163sb05
下游,邊緣運算_工業AI,2395,研華,2015,3,balance_sheet,保留盈餘,9737781,"9,737,781",sii,https://mopsov.twse.com.tw/mops/web/ajax_t163sb05
下游,邊緣運算_工業AI,2395,研華,2015,3,balance_sheet,其他權益,586950,"586,950",sii,https://mopsov.twse.com.tw/mops/web/ajax_t163sb05
下游,邊緣運算_工業AI,2395,研華,2015,3,balance_sheet,庫藏股票,0,0,sii,https://mopsov.twse.com.tw/mops/web/ajax_t163sb05
下游,邊緣運算_工業AI,2395,研華,2015,3,balance_sheet,歸屬於母公司業主之權益合計,22163176,"22,163,176",sii,https://mopsov.twse.com.tw/mops/web/ajax_t163sb05
下游,邊緣運算_工業AI,2395,研華,2015,3,balance_sheet,共同控制下前手權益,,--,sii,https://mopsov.twse.com.tw/mops/web/ajax_t163sb05
下游,邊緣運算_工業AI,2395,研華,2015,3,balance_sheet,合併前非屬共同控制股權,,--,sii,https://mopsov.twse.com.tw/mops/web/ajax_t163sb05
下游,邊緣運算_工業AI,2395,研華,2015,3,balance_sheet,非控制權益,137791,"137,791",sii,https://mopsov.twse.com.tw/mops/web/ajax_t163sb05
下游,邊緣運算_工業AI,2395,研華,2015,3,balance_sheet,權益總額,22300967,"22,300,967",sii,https://mopsov.twse.com.tw/mops/web/ajax_t163sb05
下游,邊緣運算_工業AI,2395,研華,2015,3,balance_sheet,待註銷股本股數（單位：股）,0,0,sii,https://mopsov.twse.com.tw/mops/web/ajax_t163sb05
下游,邊緣運算_工業AI,2395,研華,2015,3,balance_sheet,預收股款（權益項下）之約當發行股數（單位：股）,0,0,sii,https://mopsov.twse.com.tw/mops/web/ajax_t163sb05
下游,邊緣運算_工業AI,2395,研華,2015,3,balance_sheet,母公司暨子公司所持有之母公司庫藏股股數（單位：股）,0,0,sii,https://mopsov.twse.com.tw/mops/web/ajax_t163sb05
下游,邊緣運算_工業AI,2395,研華,2015,3,balance_sheet,每股參考淨值,35.08,35.08,sii,https://mopsov.twse.com.tw/mops/web/ajax_t163sb05
下游,邊緣運算_工業AI,6166,凌華,2015,3,balance_sheet,流動資產,5404969,"5,404,969",sii,https://mopsov.twse.com.tw/mops/web/ajax_t163sb05
下游,邊緣運算_工業AI,6166,凌華,2015,3,balance_sheet,非流動資產,1891918,"1,891,918",sii,https://mopsov.twse.com.tw/mops/web/ajax_t163sb05
下游,邊緣運算_工業AI,6166,凌華,2015,3,balance_sheet,資產總計,7296887,"7,296,887",sii,https://mopsov.twse.com.tw/mops/web/ajax_t163sb05
下游,邊緣運算_工業AI,6166,凌華,2015,3,balance_sheet,流動負債,3379317,"3,379,317",sii,https://mopsov.twse.com.tw/mops/web/ajax_t163sb05
下游,邊緣運算_工業AI,6166,凌華,2015,3,balance_sheet,非流動負債,102423,"102,423",sii,https://mopsov.twse.com.tw/mops/web/ajax_t163sb05
下游,邊緣運算_工業AI,6166,凌華,2015,3,balance_sheet,負債總額,3481740,"3,481,740",sii,https://mopsov.twse.com.tw/mops/web/ajax_t163sb05
下游,邊緣運算_工業AI,6166,凌華,2015,3,balance_sheet,股本,2004829,"2,004,829",sii,https://mopsov.twse.com.tw/mops/web/ajax_t163sb05
下游,邊緣運算_工業AI,6166,凌華,2015,3,balance_sheet,資本公積,629398,"629,398",sii,https://mopsov.twse.com.tw/mops/web/ajax_t163sb05
下游,邊緣運算_工業AI,6166,凌華,2015,3,balance_sheet,保留盈餘,1031766,"1,031,766",sii,https://mopsov.twse.com.tw/mops/web/ajax_t163sb05
下游,邊緣運算_工業AI,6166,凌華,2015,3,balance_sheet,其他權益,140067,"140,067",sii,https://mopsov.twse.com.tw/mops/web/ajax_t163sb05
下游,邊緣運算_工業AI,6166,凌華,2015,3,balance_sheet,庫藏股票,,--,sii,https://mopsov.twse.com.tw/mops/web/ajax_t163sb05
下游,邊緣運算_工業AI,6166,凌華,2015,3,balance_sheet,歸屬於母公司業主之權益合計,3806060,"3,806,060",sii,https://mopsov.twse.com.tw/mops/web/ajax_t163sb05
下游,邊緣運算_工業AI,6166,凌華,2015,3,balance_sheet,共同控制下前手權益,,--,sii,https://mopsov.twse.com.tw/mops/web/ajax_t163sb05
下游,邊緣運算_工業AI,6166,凌華,2015,3,balance_sheet,合併前非屬共同控制股權,,--,sii,https://mopsov.twse.com.tw/mops/web/ajax_t163sb05
下游,邊緣運算_工業AI,6166,凌華,2015,3,balance_sheet,非控制權益,9087,"9,087",sii,https://mopsov.twse.com.tw/mops/web/ajax_t163sb05
下游,邊緣運算_工業AI,6166,凌華,2015,3,balance_sheet,權益總額,3815147,"3,815,147",sii,https://mopsov.twse.com.tw/mops/web/ajax_t163sb05
下游,邊緣運算_工業AI,6166,凌華,2015,3,balance_sheet,待註銷股本股數（單位：股）,,--,sii,https://mopsov.twse.com.tw/mops/web/ajax_t163sb05
下游,邊緣運算_工業AI,6166,凌華,2015,3,balance_sheet,預收股款（權益項下）之約當發行股數（單位：股）,0,0,sii,https://mopsov.twse.com.tw/mops/web/ajax_t163sb05
下游,邊緣運算_工業AI,6166,凌華,2015,3,balance_sheet,母公司暨子公司所持有之母公司庫藏股股數（單位：股）,0,0,sii,https://mopsov.twse.com.tw/mops/web/ajax_t163sb05
下游,邊緣運算_工業AI,6166,凌華,2015,3,balance_sheet,每股參考淨值,18.98,18.98,sii,https://mopsov.twse.com.tw/mops/web/ajax_t163sb05
下游,邊緣運算_工業AI,2395,研華,2015,3,cash_flow,營業活動之淨現金流入（流出）,3885239,"3,885,239",sii,https://mopsov.twse.com.tw/mops/web/ajax_t163sb20
下游,邊緣運算_工業AI,2395,研華,2015,3,cash_flow,投資活動之淨現金流入（流出）,393041,"393,041",sii,https://mopsov.twse.com.tw/mops/web/ajax_t163sb20
下游,邊緣運算_工業AI,2395,研華,2015,3,cash_flow,籌資活動之淨現金流入（流出）,-3794300,"-3,794,300",sii,https://mopsov.twse.com.tw/mops/web/ajax_t163sb20
下游,邊緣運算_工業AI,2395,研華,2015,3,cash_flow,匯率變動對現金及約當現金之影響,54550,"54,550",sii,https://mopsov.twse.com.tw/mops/web/ajax_t163sb20
下游,邊緣運算_工業AI,2395,研華,2015,3,cash_flow,本期現金及約當現金增加（減少）數,538530,"538,530",sii,https://mopsov.twse.com.tw/mops/web/ajax_t163sb20
下游,邊緣運算_工業AI,2395,研華,2015,3,cash_flow,期初現金及約當現金餘額,3122007,"3,122,007",sii,https://mopsov.twse.com.tw/mops/web/ajax_t163sb20
下游,邊緣運算_工業AI,2395,研華,2015,3,cash_flow,期末現金及約當現金餘額,3660537,"3,660,537",sii,https://mopsov.twse.com.tw/mops/web/ajax_t163sb20
下游,邊緣運算_工業AI,6166,凌華,2015,3,cash_flow,營業活動之淨現金流入（流出）,623712,"623,712",sii,https://mopsov.twse.com.tw/mops/web/ajax_t163sb20
下游,邊緣運算_工業AI,6166,凌華,2015,3,cash_flow,投資活動之淨現金流入（流出）,-304915,"-304,915",sii,https://mopsov.twse.com.tw/mops/web/ajax_t163sb20
下游,邊緣運算_工業AI,6166,凌華,2015,3,cash_flow,籌資活動之淨現金流入（流出）,5917,"5,917",sii,https://mopsov.twse.com.tw/mops/web/ajax_t163sb20
下游,邊緣運算_工業AI,6166,凌華,2015,3,cash_flow,匯率變動對現金及約當現金之影響,23025,"23,025",sii,https://mopsov.twse.com.tw/mops/web/ajax_t163sb20
下游,邊緣運算_工業AI,6166,凌華,2015,3,cash_flow,本期現金及約當現金增加（減少）數,347739,"347,739",sii,https://mopsov.twse.com.tw/mops/web/ajax_t163sb20
下游,邊緣運算_工業AI,6166,凌華,2015,3,cash_flow,期初現金及約當現金餘額,1183185,"1,183,185",sii,https://mopsov.twse.com.tw/mops/web/ajax_t163sb20
下游,邊緣運算_工業AI,6166,凌華,2015,3,cash_flow,期末現金及約當現金餘額,1530924,"1,530,924",sii,https://mopsov.twse.com.tw/mops/web/ajax_t163sb20
下游,邊緣運算_工業AI,2395,研華,2015,4,income_statement,營業收入,38000582,"38,000,582",sii,https://mopsov.twse.com.tw/mops/web/ajax_t163sb04
下游,邊緣運算_工業AI,2395,研華,2015,4,income_statement,營業成本,22655592,"22,655,592",sii,https://mopsov.twse.com.tw/mops/web/ajax_t163sb04
下游,邊緣運算_工業AI,2395,研華,2015,4,income_statement,營業毛利（毛損）,15344990,"15,344,990",sii,https://mopsov.twse.com.tw/mops/web/ajax_t163sb04
下游,邊緣運算_工業AI,2395,研華,2015,4,income_statement,未實現銷貨（損）益,,--,sii,https://mopsov.twse.com.tw/mops/web/ajax_t163sb04
下游,邊緣運算_工業AI,2395,研華,2015,4,income_statement,已實現銷貨（損）益,,--,sii,https://mopsov.twse.com.tw/mops/web/ajax_t163sb04
下游,邊緣運算_工業AI,2395,研華,2015,4,income_statement,營業毛利（毛損）淨額,15344990,"15,344,990",sii,https://mopsov.twse.com.tw/mops/web/ajax_t163sb04
下游,邊緣運算_工業AI,2395,研華,2015,4,income_statement,營業費用,9416483,"9,416,483",sii,https://mopsov.twse.com.tw/mops/web/ajax_t163sb04
下游,邊緣運算_工業AI,2395,研華,2015,4,income_statement,其他收益及費損淨額,,--,sii,https://mopsov.twse.com.tw/mops/web/ajax_t163sb04
下游,邊緣運算_工業AI,2395,研華,2015,4,income_statement,營業利益（損失）,5928507,"5,928,507",sii,https://mopsov.twse.com.tw/mops/web/ajax_t163sb04
下游,邊緣運算_工業AI,2395,研華,2015,4,income_statement,營業外收入及支出,361028,"361,028",sii,https://mopsov.twse.com.tw/mops/web/ajax_t163sb04
下游,邊緣運算_工業AI,2395,研華,2015,4,income_statement,稅前淨利（淨損）,6289535,"6,289,535",sii,https://mopsov.twse.com.tw/mops/web/ajax_t163sb04
下游,邊緣運算_工業AI,2395,研華,2015,4,income_statement,所得稅費用（利益）,1162560,"1,162,560",sii,https://mopsov.twse.com.tw/mops/web/ajax_t163sb04
下游,邊緣運算_工業AI,2395,研華,2015,4,income_statement,繼續營業單位本期淨利（淨損）,5126975,"5,126,975",sii,https://mopsov.twse.com.tw/mops/web/ajax_t163sb04
下游,邊緣運算_工業AI,2395,研華,2015,4,income_statement,停業單位損益,,--,sii,https://mopsov.twse.com.tw/mops/web/ajax_t163sb04
下游,邊緣運算_工業AI,2395,研華,2015,4,income_statement,合併前非屬共同控制股權損益,,--,sii,https://mopsov.twse.com.tw/mops/web/ajax_t163sb04
下游,邊緣運算_工業AI,2395,研華,2015,4,income_statement,本期淨利（淨損）,5126975,"5,126,975",sii,https://mopsov.twse.com.tw/mops/web/ajax_t163sb04
下游,邊緣運算_工業AI,2395,研華,2015,4,income_statement,其他綜合損益（淨額）,-598879,"-598,879",sii,https://mopsov.twse.com.tw/mops/web/ajax_t163sb04
下游,邊緣運算_工業AI,2395,研華,2015,4,income_statement,合併前非屬共同控制股權綜合損益淨額,,--,sii,https://mopsov.twse.com.tw/mops/web/ajax_t163sb04
下游,邊緣運算_工業AI,2395,研華,2015,4,income_statement,本期綜合損益總額,4528096,"4,528,096",sii,https://mopsov.twse.com.tw/mops/web/ajax_t163sb04
下游,邊緣運算_工業AI,2395,研華,2015,4,income_statement,淨利（淨損）歸屬於母公司業主,5104346,"5,104,346",sii,https://mopsov.twse.com.tw/mops/web/ajax_t163sb04
下游,邊緣運算_工業AI,2395,研華,2015,4,income_statement,淨利（淨損）歸屬於共同控制下前手權益,,--,sii,https://mopsov.twse.com.tw/mops/web/ajax_t163sb04
下游,邊緣運算_工業AI,2395,研華,2015,4,income_statement,淨利（淨損）歸屬於非控制權益,22629,"22,629",sii,https://mopsov.twse.com.tw/mops/web/ajax_t163sb04
下游,邊緣運算_工業AI,2395,研華,2015,4,income_statement,綜合損益總額歸屬於母公司業主,4524603,"4,524,603",sii,https://mopsov.twse.com.tw/mops/web/ajax_t163sb04
下游,邊緣運算_工業AI,2395,研華,2015,4,income_statement,綜合損益總額歸屬於共同控制下前手權益,,--,sii,https://mopsov.twse.com.tw/mops/web/ajax_t163sb04
下游,邊緣運算_工業AI,2395,研華,2015,4,income_statement,綜合損益總額歸屬於非控制權益,3493,"3,493",sii,https://mopsov.twse.com.tw/mops/web/ajax_t163sb04
下游,邊緣運算_工業AI,2395,研華,2015,4,income_statement,基本每股盈餘（元）,8.08,8.08,sii,https://mopsov.twse.com.tw/mops/web/ajax_t163sb04
下游,邊緣運算_工業AI,6166,凌華,2015,4,income_statement,營業收入,9068123,"9,068,123",sii,https://mopsov.twse.com.tw/mops/web/ajax_t163sb04
下游,邊緣運算_工業AI,6166,凌華,2015,4,income_statement,營業成本,5321609,"5,321,609",sii,https://mopsov.twse.com.tw/mops/web/ajax_t163sb04
下游,邊緣運算_工業AI,6166,凌華,2015,4,income_statement,營業毛利（毛損）,3746514,"3,746,514",sii,https://mopsov.twse.com.tw/mops/web/ajax_t163sb04
下游,邊緣運算_工業AI,6166,凌華,2015,4,income_statement,未實現銷貨（損）益,,--,sii,https://mopsov.twse.com.tw/mops/web/ajax_t163sb04
下游,邊緣運算_工業AI,6166,凌華,2015,4,income_statement,已實現銷貨（損）益,,--,sii,https://mopsov.twse.com.tw/mops/web/ajax_t163sb04
下游,邊緣運算_工業AI,6166,凌華,2015,4,income_statement,營業毛利（毛損）淨額,3746514,"3,746,514",sii,https://mopsov.twse.com.tw/mops/web/ajax_t163sb04
下游,邊緣運算_工業AI,6166,凌華,2015,4,income_statement,營業費用,2961111,"2,961,111",sii,https://mopsov.twse.com.tw/mops/web/ajax_t163sb04
下游,邊緣運算_工業AI,6166,凌華,2015,4,income_statement,其他收益及費損淨額,,--,sii,https://mopsov.twse.com.tw/mops/web/ajax_t163sb04
下游,邊緣運算_工業AI,6166,凌華,2015,4,income_statement,營業利益（損失）,785403,"785,403",sii,https://mopsov.twse.com.tw/mops/web/ajax_t163sb04
下游,邊緣運算_工業AI,6166,凌華,2015,4,income_statement,營業外收入及支出,-16552,"-16,552",sii,https://mopsov.twse.com.tw/mops/web/ajax_t163sb04
下游,邊緣運算_工業AI,6166,凌華,2015,4,income_statement,稅前淨利（淨損）,768851,"768,851",sii,https://mopsov.twse.com.tw/mops/web/ajax_t163sb04
下游,邊緣運算_工業AI,6166,凌華,2015,4,income_statement,所得稅費用（利益）,160247,"160,247",sii,https://mopsov.twse.com.tw/mops/web/ajax_t163sb04
下游,邊緣運算_工業AI,6166,凌華,2015,4,income_statement,繼續營業單位本期淨利（淨損）,608604,"608,604",sii,https://mopsov.twse.com.tw/mops/web/ajax_t163sb04
下游,邊緣運算_工業AI,6166,凌華,2015,4,income_statement,停業單位損益,,--,sii,https://mopsov.twse.com.tw/mops/web/ajax_t163sb04
下游,邊緣運算_工業AI,6166,凌華,2015,4,income_statement,合併前非屬共同控制股權損益,,--,sii,https://mopsov.twse.com.tw/mops/web/ajax_t163sb04
下游,邊緣運算_工業AI,6166,凌華,2015,4,income_statement,本期淨利（淨損）,608604,"608,604",sii,https://mopsov.twse.com.tw/mops/web/ajax_t163sb04
下游,邊緣運算_工業AI,6166,凌華,2015,4,income_statement,其他綜合損益（淨額）,-10675,"-10,675",sii,https://mopsov.twse.com.tw/mops/web/ajax_t163sb04
下游,邊緣運算_工業AI,6166,凌華,2015,4,income_statement,合併前非屬共同控制股權綜合損益淨額,,--,sii,https://mopsov.twse.com.tw/mops/web/ajax_t163sb04
下游,邊緣運算_工業AI,6166,凌華,2015,4,income_statement,本期綜合損益總額,597929,"597,929",sii,https://mopsov.twse.com.tw/mops/web/ajax_t163sb04
下游,邊緣運算_工業AI,6166,凌華,2015,4,income_statement,淨利（淨損）歸屬於母公司業主,607152,"607,152",sii,https://mopsov.twse.com.tw/mops/web/ajax_t163sb04
下游,邊緣運算_工業AI,6166,凌華,2015,4,income_statement,淨利（淨損）歸屬於共同控制下前手權益,,--,sii,https://mopsov.twse.com.tw/mops/web/ajax_t163sb04
下游,邊緣運算_工業AI,6166,凌華,2015,4,income_statement,淨利（淨損）歸屬於非控制權益,1452,"1,452",sii,https://mopsov.twse.com.tw/mops/web/ajax_t163sb04
下游,邊緣運算_工業AI,6166,凌華,2015,4,income_statement,綜合損益總額歸屬於母公司業主,596211,"596,211",sii,https://mopsov.twse.com.tw/mops/web/ajax_t163sb04
下游,邊緣運算_工業AI,6166,凌華,2015,4,income_statement,綜合損益總額歸屬於共同控制下前手權益,,--,sii,https://mopsov.twse.com.tw/mops/web/ajax_t163sb04
下游,邊緣運算_工業AI,6166,凌華,2015,4,income_statement,綜合損益總額歸屬於非控制權益,1718,"1,718",sii,https://mopsov.twse.com.tw/mops/web/ajax_t163sb04
下游,邊緣運算_工業AI,6166,凌華,2015,4,income_statement,基本每股盈餘（元）,3.03,3.03,sii,https://mopsov.twse.com.tw/mops/web/ajax_t163sb04
下游,邊緣運算_工業AI,2395,研華,2015,4,balance_sheet,流動資產,18085746,"18,085,746",sii,https://mopsov.twse.com.tw/mops/web/ajax_t163sb05
下游,邊緣運算_工業AI,2395,研華,2015,4,balance_sheet,非流動資產,15893387,"15,893,387",sii,https://mopsov.twse.com.tw/mops/web/ajax_t163sb05
下游,邊緣運算_工業AI,2395,研華,2015,4,balance_sheet,資產總計,33979133,"33,979,133",sii,https://mopsov.twse.com.tw/mops/web/ajax_t163sb05
下游,邊緣運算_工業AI,2395,研華,2015,4,balance_sheet,流動負債,9242530,"9,242,530",sii,https://mopsov.twse.com.tw/mops/web/ajax_t163sb05
下游,邊緣運算_工業AI,2395,研華,2015,4,balance_sheet,非流動負債,1282826,"1,282,826",sii,https://mopsov.twse.com.tw/mops/web/ajax_t163sb05
下游,邊緣運算_工業AI,2395,研華,2015,4,balance_sheet,負債總額,10525356,"10,525,356",sii,https://mopsov.twse.com.tw/mops/web/ajax_t163sb05
下游,邊緣運算_工業AI,2395,研華,2015,4,balance_sheet,股本,6318531,"6,318,531",sii,https://mopsov.twse.com.tw/mops/web/ajax_t163sb05
下游,邊緣運算_工業AI,2395,研華,2015,4,balance_sheet,資本公積,5587555,"5,587,555",sii,https://mopsov.twse.com.tw/mops/web/ajax_t163sb05
下游,邊緣運算_工業AI,2395,研華,2015,4,balance_sheet,保留盈餘,11061291,"11,061,291",sii,https://mopsov.twse.com.tw/mops/web/ajax_t163sb05
下游,邊緣運算_工業AI,2395,研華,2015,4,balance_sheet,其他權益,340124,"340,124",sii,https://mopsov.twse.com.tw/mops/web/ajax_t163sb05
下游,邊緣運算_工業AI,2395,研華,2015,4,balance_sheet,庫藏股票,0,0,sii,https://mopsov.twse.com.tw/mops/web/ajax_t163sb05
下游,邊緣運算_工業AI,2395,研華,2015,4,balance_sheet,歸屬於母公司業主之權益合計,23307501,"23,307,501",sii,https://mopsov.twse.com.tw/mops/web/ajax_t163sb05
下游,邊緣運算_工業AI,2395,研華,2015,4,balance_sheet,共同控制下前手權益,,--,sii,https://mopsov.twse.com.tw/mops/web/ajax_t163sb05
下游,邊緣運算_工業AI,2395,研華,2015,4,balance_sheet,合併前非屬共同控制股權,,--,sii,https://mopsov.twse.com.tw/mops/web/ajax_t163sb05
下游,邊緣運算_工業AI,2395,研華,2015,4,balance_sheet,非控制權益,146276,"146,276",sii,https://mopsov.twse.com.tw/mops/web/ajax_t163sb05
下游,邊緣運算_工業AI,2395,研華,2015,4,balance_sheet,權益總額,23453777,"23,453,777",sii,https://mopsov.twse.com.tw/mops/web/ajax_t163sb05
下游,邊緣運算_工業AI,2395,研華,2015,4,balance_sheet,待註銷股本股數（單位：股）,0,0,sii,https://mopsov.twse.com.tw/mops/web/ajax_t163sb05
下游,邊緣運算_工業AI,2395,研華,2015,4,balance_sheet,預收股款（權益項下）之約當發行股數（單位：股）,0,0,sii,https://mopsov.twse.com.tw/mops/web/ajax_t163sb05
下游,邊緣運算_工業AI,2395,研華,2015,4,balance_sheet,母公司暨子公司所持有之母公司庫藏股股數（單位：股）,0,0,sii,https://mopsov.twse.com.tw/mops/web/ajax_t163sb05
下游,邊緣運算_工業AI,2395,研華,2015,4,balance_sheet,每股參考淨值,36.89,36.89,sii,https://mopsov.twse.com.tw/mops/web/ajax_t163sb05
下游,邊緣運算_工業AI,6166,凌華,2015,4,balance_sheet,流動資產,5215363,"5,215,363",sii,https://mopsov.twse.com.tw/mops/web/ajax_t163sb05
下游,邊緣運算_工業AI,6166,凌華,2015,4,balance_sheet,非流動資產,2385931,"2,385,931",sii,https://mopsov.twse.com.tw/mops/web/ajax_t163sb05
下游,邊緣運算_工業AI,6166,凌華,2015,4,balance_sheet,資產總計,7601294,"7,601,294",sii,https://mopsov.twse.com.tw/mops/web/ajax_t163sb05
下游,邊緣運算_工業AI,6166,凌華,2015,4,balance_sheet,流動負債,3583939,"3,583,939",sii,https://mopsov.twse.com.tw/mops/web/ajax_t163sb05
下游,邊緣運算_工業AI,6166,凌華,2015,4,balance_sheet,非流動負債,110363,"110,363",sii,https://mopsov.twse.com.tw/mops/web/ajax_t163sb05
下游,邊緣運算_工業AI,6166,凌華,2015,4,balance_sheet,負債總額,3694302,"3,694,302",sii,https://mopsov.twse.com.tw/mops/web/ajax_t163sb05
下游,邊緣運算_工業AI,6166,凌華,2015,4,balance_sheet,股本,2017589,"2,017,589",sii,https://mopsov.twse.com.tw/mops/web/ajax_t163sb05
下游,邊緣運算_工業AI,6166,凌華,2015,4,balance_sheet,資本公積,714356,"714,356",sii,https://mopsov.twse.com.tw/mops/web/ajax_t163sb05
下游,邊緣運算_工業AI,6166,凌華,2015,4,balance_sheet,保留盈餘,1122308,"1,122,308",sii,https://mopsov.twse.com.tw/mops/web/ajax_t163sb05
下游,邊緣運算_工業AI,6166,凌華,2015,4,balance_sheet,其他權益,44224,"44,224",sii,https://mopsov.twse.com.tw/mops/web/ajax_t163sb05
下游,邊緣運算_工業AI,6166,凌華,2015,4,balance_sheet,庫藏股票,,--,sii,https://mopsov.twse.com.tw/mops/web/ajax_t163sb05
下游,邊緣運算_工業AI,6166,凌華,2015,4,balance_sheet,歸屬於母公司業主之權益合計,3898477,"3,898,477",sii,https://mopsov.twse.com.tw/mops/web/ajax_t163sb05
下游,邊緣運算_工業AI,6166,凌華,2015,4,balance_sheet,共同控制下前手權益,,--,sii,https://mopsov.twse.com.tw/mops/web/ajax_t163sb05
下游,邊緣運算_工業AI,6166,凌華,2015,4,balance_sheet,合併前非屬共同控制股權,,--,sii,https://mopsov.twse.com.tw/mops/web/ajax_t163sb05
下游,邊緣運算_工業AI,6166,凌華,2015,4,balance_sheet,非控制權益,8515,"8,515",sii,https://mopsov.twse.com.tw/mops/web/ajax_t163sb05
下游,邊緣運算_工業AI,6166,凌華,2015,4,balance_sheet,權益總額,3906992,"3,906,992",sii,https://mopsov.twse.com.tw/mops/web/ajax_t163sb05
下游,邊緣運算_工業AI,6166,凌華,2015,4,balance_sheet,待註銷股本股數（單位：股）,,--,sii,https://mopsov.twse.com.tw/mops/web/ajax_t163sb05
下游,邊緣運算_工業AI,6166,凌華,2015,4,balance_sheet,預收股款（權益項下）之約當發行股數（單位：股）,0,0,sii,https://mopsov.twse.com.tw/mops/web/ajax_t163sb05
下游,邊緣運算_工業AI,6166,凌華,2015,4,balance_sheet,母公司暨子公司所持有之母公司庫藏股股數（單位：股）,0,0,sii,https://mopsov.twse.com.tw/mops/web/ajax_t163sb05
下游,邊緣運算_工業AI,6166,凌華,2015,4,balance_sheet,每股參考淨值,19.32,19.32,sii,https://mopsov.twse.com.tw/mops/web/ajax_t163sb05
下游,邊緣運算_工業AI,2395,研華,2015,4,cash_flow,營業活動之淨現金流入（流出）,5904159,"5,904,159",sii,https://mopsov.twse.com.tw/mops/web/ajax_t163sb20
下游,邊緣運算_工業AI,2395,研華,2015,4,cash_flow,投資活動之淨現金流入（流出）,-1643435,"-1,643,435",sii,https://mopsov.twse.com.tw/mops/web/ajax_t163sb20
下游,邊緣運算_工業AI,2395,研華,2015,4,cash_flow,籌資活動之淨現金流入（流出）,-2998011,"-2,998,011",sii,https://mopsov.twse.com.tw/mops/web/ajax_t163sb20
下游,邊緣運算_工業AI,2395,研華,2015,4,cash_flow,匯率變動對現金及約當現金之影響,-26461,"-26,461",sii,https://mopsov.twse.com.tw/mops/web/ajax_t163sb20
下游,邊緣運算_工業AI,2395,研華,2015,4,cash_flow,本期現金及約當現金增加（減少）數,1236252,"1,236,252",sii,https://mopsov.twse.com.tw/mops/web/ajax_t163sb20
下游,邊緣運算_工業AI,2395,研華,2015,4,cash_flow,期初現金及約當現金餘額,3122007,"3,122,007",sii,https://mopsov.twse.com.tw/mops/web/ajax_t163sb20
下游,邊緣運算_工業AI,2395,研華,2015,4,cash_flow,期末現金及約當現金餘額,4358259,"4,358,259",sii,https://mopsov.twse.com.tw/mops/web/ajax_t163sb20
下游,邊緣運算_工業AI,6166,凌華,2015,4,cash_flow,營業活動之淨現金流入（流出）,908417,"908,417",sii,https://mopsov.twse.com.tw/mops/web/ajax_t163sb20
下游,邊緣運算_工業AI,6166,凌華,2015,4,cash_flow,投資活動之淨現金流入（流出）,-1006997,"-1,006,997",sii,https://mopsov.twse.com.tw/mops/web/ajax_t163sb20
下游,邊緣運算_工業AI,6166,凌華,2015,4,cash_flow,籌資活動之淨現金流入（流出）,468038,"468,038",sii,https://mopsov.twse.com.tw/mops/web/ajax_t163sb20
下游,邊緣運算_工業AI,6166,凌華,2015,4,cash_flow,匯率變動對現金及約當現金之影響,19321,"19,321",sii,https://mopsov.twse.com.tw/mops/web/ajax_t163sb20
下游,邊緣運算_工業AI,6166,凌華,2015,4,cash_flow,本期現金及約當現金增加（減少）數,388779,"388,779",sii,https://mopsov.twse.com.tw/mops/web/ajax_t163sb20
下游,邊緣運算_工業AI,6166,凌華,2015,4,cash_flow,期初現金及約當現金餘額,1183185,"1,183,185",sii,https://mopsov.twse.com.tw/mops/web/ajax_t163sb20
下游,邊緣運算_工業AI,6166,凌華,2015,4,cash_flow,期末現金及約當現金餘額,1571964,"1,571,964",sii,https://mopsov.twse.com.tw/mops/web/ajax_t163sb20
下游,邊緣運算_工業AI,2395,研華,2016,1,income_statement,營業收入,10073400,"10,073,400",sii,https://mopsov.twse.com.tw/mops/web/ajax_t163sb04
下游,邊緣運算_工業AI,2395,研華,2016,1,income_statement,營業成本,5936535,"5,936,535",sii,https://mopsov.twse.com.tw/mops/web/ajax_t163sb04
下游,邊緣運算_工業AI,2395,研華,2016,1,income_statement,營業毛利（毛損）,4136865,"4,136,865",sii,https://mopsov.twse.com.tw/mops/web/ajax_t163sb04
下游,邊緣運算_工業AI,2395,研華,2016,1,income_statement,未實現銷貨（損）益,,--,sii,https://mopsov.twse.com.tw/mops/web/ajax_t163sb04
下游,邊緣運算_工業AI,2395,研華,2016,1,income_statement,已實現銷貨（損）益,,--,sii,https://mopsov.twse.com.tw/mops/web/ajax_t163sb04
下游,邊緣運算_工業AI,2395,研華,2016,1,income_statement,營業毛利（毛損）淨額,4136865,"4,136,865",sii,https://mopsov.twse.com.tw/mops/web/ajax_t163sb04
下游,邊緣運算_工業AI,2395,研華,2016,1,income_statement,營業費用,2654369,"2,654,369",sii,https://mopsov.twse.com.tw/mops/web/ajax_t163sb04
下游,邊緣運算_工業AI,2395,研華,2016,1,income_statement,其他收益及費損淨額,,--,sii,https://mopsov.twse.com.tw/mops/web/ajax_t163sb04
下游,邊緣運算_工業AI,2395,研華,2016,1,income_statement,營業利益（損失）,1482496,"1,482,496",sii,https://mopsov.twse.com.tw/mops/web/ajax_t163sb04
下游,邊緣運算_工業AI,2395,研華,2016,1,income_statement,營業外收入及支出,151131,"151,131",sii,https://mopsov.twse.com.tw/mops/web/ajax_t163sb04
下游,邊緣運算_工業AI,2395,研華,2016,1,income_statement,稅前淨利（淨損）,1633627,"1,633,627",sii,https://mopsov.twse.com.tw/mops/web/ajax_t163sb04
下游,邊緣運算_工業AI,2395,研華,2016,1,income_statement,所得稅費用（利益）,317166,"317,166",sii,https://mopsov.twse.com.tw/mops/web/ajax_t163sb04
下游,邊緣運算_工業AI,2395,研華,2016,1,income_statement,繼續營業單位本期淨利（淨損）,1316461,"1,316,461",sii,https://mopsov.twse.com.tw/mops/web/ajax_t163sb04
下游,邊緣運算_工業AI,2395,研華,2016,1,income_statement,停業單位損益,,--,sii,https://mopsov.twse.com.tw/mops/web/ajax_t163sb04
下游,邊緣運算_工業AI,2395,研華,2016,1,income_statement,合併前非屬共同控制股權損益,,--,sii,https://mopsov.twse.com.tw/mops/web/ajax_t163sb04
下游,邊緣運算_工業AI,2395,研華,2016,1,income_statement,本期淨利（淨損）,1316461,"1,316,461",sii,https://mopsov.twse.com.tw/mops/web/ajax_t163sb04
下游,邊緣運算_工業AI,2395,研華,2016,1,income_statement,其他綜合損益（淨額）,100794,"100,794",sii,https://mopsov.twse.com.tw/mops/web/ajax_t163sb04
下游,邊緣運算_工業AI,2395,研華,2016,1,income_statement,合併前非屬共同控制股權綜合損益淨額,,--,sii,https://mopsov.twse.com.tw/mops/web/ajax_t163sb04
下游,邊緣運算_工業AI,2395,研華,2016,1,income_statement,本期綜合損益總額,1417255,"1,417,255",sii,https://mopsov.twse.com.tw/mops/web/ajax_t163sb04
下游,邊緣運算_工業AI,2395,研華,2016,1,income_statement,淨利（淨損）歸屬於母公司業主,1311915,"1,311,915",sii,https://mopsov.twse.com.tw/mops/web/ajax_t163sb04
下游,邊緣運算_工業AI,2395,研華,2016,1,income_statement,淨利（淨損）歸屬於共同控制下前手權益,,--,sii,https://mopsov.twse.com.tw/mops/web/ajax_t163sb04
下游,邊緣運算_工業AI,2395,研華,2016,1,income_statement,淨利（淨損）歸屬於非控制權益,4546,"4,546",sii,https://mopsov.twse.com.tw/mops/web/ajax_t163sb04
下游,邊緣運算_工業AI,2395,研華,2016,1,income_statement,綜合損益總額歸屬於母公司業主,1411741,"1,411,741",sii,https://mopsov.twse.com.tw/mops/web/ajax_t163sb04
下游,邊緣運算_工業AI,2395,研華,2016,1,income_statement,綜合損益總額歸屬於共同控制下前手權益,,--,sii,https://mopsov.twse.com.tw/mops/web/ajax_t163sb04
下游,邊緣運算_工業AI,2395,研華,2016,1,income_statement,綜合損益總額歸屬於非控制權益,5514,"5,514",sii,https://mopsov.twse.com.tw/mops/web/ajax_t163sb04
下游,邊緣運算_工業AI,2395,研華,2016,1,income_statement,基本每股盈餘（元）,2.08,2.08,sii,https://mopsov.twse.com.tw/mops/web/ajax_t163sb04
下游,邊緣運算_工業AI,6166,凌華,2016,1,income_statement,營業收入,2063601,"2,063,601",sii,https://mopsov.twse.com.tw/mops/web/ajax_t163sb04
下游,邊緣運算_工業AI,6166,凌華,2016,1,income_statement,營業成本,1125614,"1,125,614",sii,https://mopsov.twse.com.tw/mops/web/ajax_t163sb04
下游,邊緣運算_工業AI,6166,凌華,2016,1,income_statement,營業毛利（毛損）,937987,"937,987",sii,https://mopsov.twse.com.tw/mops/web/ajax_t163sb04
下游,邊緣運算_工業AI,6166,凌華,2016,1,income_statement,未實現銷貨（損）益,,--,sii,https://mopsov.twse.com.tw/mops/web/ajax_t163sb04
下游,邊緣運算_工業AI,6166,凌華,2016,1,income_statement,已實現銷貨（損）益,,--,sii,https://mopsov.twse.com.tw/mops/web/ajax_t163sb04
下游,邊緣運算_工業AI,6166,凌華,2016,1,income_statement,營業毛利（毛損）淨額,937987,"937,987",sii,https://mopsov.twse.com.tw/mops/web/ajax_t163sb04
下游,邊緣運算_工業AI,6166,凌華,2016,1,income_statement,營業費用,882183,"882,183",sii,https://mopsov.twse.com.tw/mops/web/ajax_t163sb04
下游,邊緣運算_工業AI,6166,凌華,2016,1,income_statement,其他收益及費損淨額,,--,sii,https://mopsov.twse.com.tw/mops/web/ajax_t163sb04
下游,邊緣運算_工業AI,6166,凌華,2016,1,income_statement,營業利益（損失）,55804,"55,804",sii,https://mopsov.twse.com.tw/mops/web/ajax_t163sb04
下游,邊緣運算_工業AI,6166,凌華,2016,1,income_statement,營業外收入及支出,14281,"14,281",sii,https://mopsov.twse.com.tw/mops/web/ajax_t163sb04
下游,邊緣運算_工業AI,6166,凌華,2016,1,income_statement,稅前淨利（淨損）,70085,"70,085",sii,https://mopsov.twse.com.tw/mops/web/ajax_t163sb04
下游,邊緣運算_工業AI,6166,凌華,2016,1,income_statement,所得稅費用（利益）,13047,"13,047",sii,https://mopsov.twse.com.tw/mops/web/ajax_t163sb04
下游,邊緣運算_工業AI,6166,凌華,2016,1,income_statement,繼續營業單位本期淨利（淨損）,57038,"57,038",sii,https://mopsov.twse.com.tw/mops/web/ajax_t163sb04
下游,邊緣運算_工業AI,6166,凌華,2016,1,income_statement,停業單位損益,,--,sii,https://mopsov.twse.com.tw/mops/web/ajax_t163sb04
下游,邊緣運算_工業AI,6166,凌華,2016,1,income_statement,合併前非屬共同控制股權損益,,--,sii,https://mopsov.twse.com.tw/mops/web/ajax_t163sb04
下游,邊緣運算_工業AI,6166,凌華,2016,1,income_statement,本期淨利（淨損）,57038,"57,038",sii,https://mopsov.twse.com.tw/mops/web/ajax_t163sb04
下游,邊緣運算_工業AI,6166,凌華,2016,1,income_statement,其他綜合損益（淨額）,-58263,"-58,263",sii,https://mopsov.twse.com.tw/mops/web/ajax_t163sb04
下游,邊緣運算_工業AI,6166,凌華,2016,1,income_statement,合併前非屬共同控制股權綜合損益淨額,,--,sii,https://mopsov.twse.com.tw/mops/web/ajax_t163sb04
下游,邊緣運算_工業AI,6166,凌華,2016,1,income_statement,本期綜合損益總額,-1225,"-1,225",sii,https://mopsov.twse.com.tw/mops/web/ajax_t163sb04
下游,邊緣運算_工業AI,6166,凌華,2016,1,income_statement,淨利（淨損）歸屬於母公司業主,56880,"56,880",sii,https://mopsov.twse.com.tw/mops/web/ajax_t163sb04
下游,邊緣運算_工業AI,6166,凌華,2016,1,income_statement,淨利（淨損）歸屬於共同控制下前手權益,,--,sii,https://mopsov.twse.com.tw/mops/web/ajax_t163sb04
下游,邊緣運算_工業AI,6166,凌華,2016,1,income_statement,淨利（淨損）歸屬於非控制權益,158,158,sii,https://mopsov.twse.com.tw/mops/web/ajax_t163sb04
下游,邊緣運算_工業AI,6166,凌華,2016,1,income_statement,綜合損益總額歸屬於母公司業主,-1807,"-1,807",sii,https://mopsov.twse.com.tw/mops/web/ajax_t163sb04
下游,邊緣運算_工業AI,6166,凌華,2016,1,income_statement,綜合損益總額歸屬於共同控制下前手權益,,--,sii,https://mopsov.twse.com.tw/mops/web/ajax_t163sb04
下游,邊緣運算_工業AI,6166,凌華,2016,1,income_statement,綜合損益總額歸屬於非控制權益,582,582,sii,https://mopsov.twse.com.tw/mops/web/ajax_t163sb04
下游,邊緣運算_工業AI,6166,凌華,2016,1,income_statement,基本每股盈餘（元）,0.26,0.26,sii,https://mopsov.twse.com.tw/mops/web/ajax_t163sb04
下游,邊緣運算_工業AI,2395,研華,2016,1,balance_sheet,流動資產,18882253,"18,882,253",sii,https://mopsov.twse.com.tw/mops/web/ajax_t163sb05
下游,邊緣運算_工業AI,2395,研華,2016,1,balance_sheet,非流動資產,16390590,"16,390,590",sii,https://mopsov.twse.com.tw/mops/web/ajax_t163sb05
下游,邊緣運算_工業AI,2395,研華,2016,1,balance_sheet,資產總計,35272843,"35,272,843",sii,https://mopsov.twse.com.tw/mops/web/ajax_t163sb05
下游,邊緣運算_工業AI,2395,研華,2016,1,balance_sheet,流動負債,9099550,"9,099,550",sii,https://mopsov.twse.com.tw/mops/web/ajax_t163sb05
下游,邊緣運算_工業AI,2395,研華,2016,1,balance_sheet,非流動負債,1248838,"1,248,838",sii,https://mopsov.twse.com.tw/mops/web/ajax_t163sb05
下游,邊緣運算_工業AI,2395,研華,2016,1,balance_sheet,負債總額,10348388,"10,348,388",sii,https://mopsov.twse.com.tw/mops/web/ajax_t163sb05
下游,邊緣運算_工業AI,2395,研華,2016,1,balance_sheet,股本,6318531,"6,318,531",sii,https://mopsov.twse.com.tw/mops/web/ajax_t163sb05
下游,邊緣運算_工業AI,2395,研華,2016,1,balance_sheet,資本公積,5654091,"5,654,091",sii,https://mopsov.twse.com.tw/mops/web/ajax_t163sb05
下游,邊緣運算_工業AI,2395,研華,2016,1,balance_sheet,保留盈餘,12369515,"12,369,515",sii,https://mopsov.twse.com.tw/mops/web/ajax_t163sb05
下游,邊緣運算_工業AI,2395,研華,2016,1,balance_sheet,其他權益,439950,"439,950",sii,https://mopsov.twse.com.tw/mops/web/ajax_t163sb05
下游,邊緣運算_工業AI,2395,研華,2016,1,balance_sheet,庫藏股票,,--,sii,https://mopsov.twse.com.tw/mops/web/ajax_t163sb05
下游,邊緣運算_工業AI,2395,研華,2016,1,balance_sheet,歸屬於母公司業主之權益合計,24782087,"24,782,087",sii,https://mopsov.twse.com.tw/mops/web/ajax_t163sb05
下游,邊緣運算_工業AI,2395,研華,2016,1,balance_sheet,共同控制下前手權益,,--,sii,https://mopsov.twse.com.tw/mops/web/ajax_t163sb05
下游,邊緣運算_工業AI,2395,研華,2016,1,balance_sheet,合併前非屬共同控制股權,,--,sii,https://mopsov.twse.com.tw/mops/web/ajax_t163sb05
下游,邊緣運算_工業AI,2395,研華,2016,1,balance_sheet,非控制權益,142368,"142,368",sii,https://mopsov.twse.com.tw/mops/web/ajax_t163sb05
下游,邊緣運算_工業AI,2395,研華,2016,1,balance_sheet,權益總額,24924455,"24,924,455",sii,https://mopsov.twse.com.tw/mops/web/ajax_t163sb05
下游,邊緣運算_工業AI,2395,研華,2016,1,balance_sheet,待註銷股本股數（單位：股）,0,0,sii,https://mopsov.twse.com.tw/mops/web/ajax_t163sb05
下游,邊緣運算_工業AI,2395,研華,2016,1,balance_sheet,預收股款（權益項下）之約當發行股數（單位：股）,0,0,sii,https://mopsov.twse.com.tw/mops/web/ajax_t163sb05
下游,邊緣運算_工業AI,2395,研華,2016,1,balance_sheet,母公司暨子公司所持有之母公司庫藏股股數（單位：股）,0,0,sii,https://mopsov.twse.com.tw/mops/web/ajax_t163sb05
下游,邊緣運算_工業AI,2395,研華,2016,1,balance_sheet,每股參考淨值,39.22,39.22,sii,https://mopsov.twse.com.tw/mops/web/ajax_t163sb05
下游,邊緣運算_工業AI,6166,凌華,2016,1,balance_sheet,流動資產,5582050,"5,582,050",sii,https://mopsov.twse.com.tw/mops/web/ajax_t163sb05
下游,邊緣運算_工業AI,6166,凌華,2016,1,balance_sheet,非流動資產,2493719,"2,493,719",sii,https://mopsov.twse.com.tw/mops/web/ajax_t163sb05
下游,邊緣運算_工業AI,6166,凌華,2016,1,balance_sheet,資產總計,8075769,"8,075,769",sii,https://mopsov.twse.com.tw/mops/web/ajax_t163sb05
下游,邊緣運算_工業AI,6166,凌華,2016,1,balance_sheet,流動負債,3062627,"3,062,627",sii,https://mopsov.twse.com.tw/mops/web/ajax_t163sb05
下游,邊緣運算_工業AI,6166,凌華,2016,1,balance_sheet,非流動負債,103163,"103,163",sii,https://mopsov.twse.com.tw/mops/web/ajax_t163sb05
下游,邊緣運算_工業AI,6166,凌華,2016,1,balance_sheet,負債總額,3165790,"3,165,790",sii,https://mopsov.twse.com.tw/mops/web/ajax_t163sb05
下游,邊緣運算_工業AI,6166,凌華,2016,1,balance_sheet,股本,2170749,"2,170,749",sii,https://mopsov.twse.com.tw/mops/web/ajax_t163sb05
下游,邊緣運算_工業AI,6166,凌華,2016,1,balance_sheet,資本公積,1562621,"1,562,621",sii,https://mopsov.twse.com.tw/mops/web/ajax_t163sb05
下游,邊緣運算_工業AI,6166,凌華,2016,1,balance_sheet,保留盈餘,1179188,"1,179,188",sii,https://mopsov.twse.com.tw/mops/web/ajax_t163sb05
下游,邊緣運算_工業AI,6166,凌華,2016,1,balance_sheet,其他權益,-11676,"-11,676",sii,https://mopsov.twse.com.tw/mops/web/ajax_t163sb05
下游,邊緣運算_工業AI,6166,凌華,2016,1,balance_sheet,庫藏股票,,--,sii,https://mopsov.twse.com.tw/mops/web/ajax_t163sb05
下游,邊緣運算_工業AI,6166,凌華,2016,1,balance_sheet,歸屬於母公司業主之權益合計,4900882,"4,900,882",sii,https://mopsov.twse.com.tw/mops/web/ajax_t163sb05
下游,邊緣運算_工業AI,6166,凌華,2016,1,balance_sheet,共同控制下前手權益,,--,sii,https://mopsov.twse.com.tw/mops/web/ajax_t163sb05
下游,邊緣運算_工業AI,6166,凌華,2016,1,balance_sheet,合併前非屬共同控制股權,,--,sii,https://mopsov.twse.com.tw/mops/web/ajax_t163sb05
下游,邊緣運算_工業AI,6166,凌華,2016,1,balance_sheet,非控制權益,9097,"9,097",sii,https://mopsov.twse.com.tw/mops/web/ajax_t163sb05
下游,邊緣運算_工業AI,6166,凌華,2016,1,balance_sheet,權益總額,4909979,"4,909,979",sii,https://mopsov.twse.com.tw/mops/web/ajax_t163sb05
下游,邊緣運算_工業AI,6166,凌華,2016,1,balance_sheet,待註銷股本股數（單位：股）,,--,sii,https://mopsov.twse.com.tw/mops/web/ajax_t163sb05
下游,邊緣運算_工業AI,6166,凌華,2016,1,balance_sheet,預收股款（權益項下）之約當發行股數（單位：股）,0,0,sii,https://mopsov.twse.com.tw/mops/web/ajax_t163sb05
下游,邊緣運算_工業AI,6166,凌華,2016,1,balance_sheet,母公司暨子公司所持有之母公司庫藏股股數（單位：股）,0,0,sii,https://mopsov.twse.com.tw/mops/web/ajax_t163sb05
下游,邊緣運算_工業AI,6166,凌華,2016,1,balance_sheet,每股參考淨值,22.58,22.58,sii,https://mopsov.twse.com.tw/mops/web/ajax_t163sb05
下游,邊緣運算_工業AI,2395,研華,2016,1,cash_flow,營業活動之淨現金流入（流出）,1768679,"1,768,679",sii,https://mopsov.twse.com.tw/mops/web/ajax_t163sb20
下游,邊緣運算_工業AI,2395,研華,2016,1,cash_flow,投資活動之淨現金流入（流出）,-1044408,"-1,044,408",sii,https://mopsov.twse.com.tw/mops/web/ajax_t163sb20
下游,邊緣運算_工業AI,2395,研華,2016,1,cash_flow,籌資活動之淨現金流入（流出）,-411848,"-411,848",sii,https://mopsov.twse.com.tw/mops/web/ajax_t163sb20
下游,邊緣運算_工業AI,2395,研華,2016,1,cash_flow,匯率變動對現金及約當現金之影響,29631,"29,631",sii,https://mopsov.twse.com.tw/mops/web/ajax_t163sb20
下游,邊緣運算_工業AI,2395,研華,2016,1,cash_flow,本期現金及約當現金增加（減少）數,342054,"342,054",sii,https://mopsov.twse.com.tw/mops/web/ajax_t163sb20
下游,邊緣運算_工業AI,2395,研華,2016,1,cash_flow,期初現金及約當現金餘額,4358259,"4,358,259",sii,https://mopsov.twse.com.tw/mops/web/ajax_t163sb20
下游,邊緣運算_工業AI,2395,研華,2016,1,cash_flow,期末現金及約當現金餘額,4700313,"4,700,313",sii,https://mopsov.twse.com.tw/mops/web/ajax_t163sb20
下游,邊緣運算_工業AI,6166,凌華,2016,1,cash_flow,營業活動之淨現金流入（流出）,443988,"443,988",sii,https://mopsov.twse.com.tw/mops/web/ajax_t163sb20
下游,邊緣運算_工業AI,6166,凌華,2016,1,cash_flow,投資活動之淨現金流入（流出）,-151997,"-151,997",sii,https://mopsov.twse.com.tw/mops/web/ajax_t163sb20
下游,邊緣運算_工業AI,6166,凌華,2016,1,cash_flow,籌資活動之淨現金流入（流出）,148245,"148,245",sii,https://mopsov.twse.com.tw/mops/web/ajax_t163sb20
下游,邊緣運算_工業AI,6166,凌華,2016,1,cash_flow,匯率變動對現金及約當現金之影響,-20661,"-20,661",sii,https://mopsov.twse.com.tw/mops/web/ajax_t163sb20
下游,邊緣運算_工業AI,6166,凌華,2016,1,cash_flow,本期現金及約當現金增加（減少）數,419575,"419,575",sii,https://mopsov.twse.com.tw/mops/web/ajax_t163sb20
下游,邊緣運算_工業AI,6166,凌華,2016,1,cash_flow,期初現金及約當現金餘額,1571964,"1,571,964",sii,https://mopsov.twse.com.tw/mops/web/ajax_t163sb20
下游,邊緣運算_工業AI,6166,凌華,2016,1,cash_flow,期末現金及約當現金餘額,1991539,"1,991,539",sii,https://mopsov.twse.com.tw/mops/web/ajax_t163sb20
下游,邊緣運算_工業AI,2395,研華,2016,2,income_statement,營業收入,20785912,"20,785,912",sii,https://mopsov.twse.com.tw/mops/web/ajax_t163sb04
下游,邊緣運算_工業AI,2395,研華,2016,2,income_statement,營業成本,12341948,"12,341,948",sii,https://mopsov.twse.com.tw/mops/web/ajax_t163sb04
下游,邊緣運算_工業AI,2395,研華,2016,2,income_statement,營業毛利（毛損）,8443964,"8,443,964",sii,https://mopsov.twse.com.tw/mops/web/ajax_t163sb04
下游,邊緣運算_工業AI,2395,研華,2016,2,income_statement,未實現銷貨（損）益,,--,sii,https://mopsov.twse.com.tw/mops/web/ajax_t163sb04
下游,邊緣運算_工業AI,2395,研華,2016,2,income_statement,已實現銷貨（損）益,,--,sii,https://mopsov.twse.com.tw/mops/web/ajax_t163sb04
下游,邊緣運算_工業AI,2395,研華,2016,2,income_statement,營業毛利（毛損）淨額,8443964,"8,443,964",sii,https://mopsov.twse.com.tw/mops/web/ajax_t163sb04
下游,邊緣運算_工業AI,2395,研華,2016,2,income_statement,營業費用,5283710,"5,283,710",sii,https://mopsov.twse.com.tw/mops/web/ajax_t163sb04
下游,邊緣運算_工業AI,2395,研華,2016,2,income_statement,其他收益及費損淨額,,--,sii,https://mopsov.twse.com.tw/mops/web/ajax_t163sb04
下游,邊緣運算_工業AI,2395,研華,2016,2,income_statement,營業利益（損失）,3160254,"3,160,254",sii,https://mopsov.twse.com.tw/mops/web/ajax_t163sb04
下游,邊緣運算_工業AI,2395,研華,2016,2,income_statement,營業外收入及支出,301290,"301,290",sii,https://mopsov.twse.com.tw/mops/web/ajax_t163sb04
下游,邊緣運算_工業AI,2395,研華,2016,2,income_statement,稅前淨利（淨損）,3461544,"3,461,544",sii,https://mopsov.twse.com.tw/mops/web/ajax_t163sb04
下游,邊緣運算_工業AI,2395,研華,2016,2,income_statement,所得稅費用（利益）,675877,"675,877",sii,https://mopsov.twse.com.tw/mops/web/ajax_t163sb04
下游,邊緣運算_工業AI,2395,研華,2016,2,income_statement,繼續營業單位本期淨利（淨損）,2785667,"2,785,667",sii,https://mopsov.twse.com.tw/mops/web/ajax_t163sb04
下游,邊緣運算_工業AI,2395,研華,2016,2,income_statement,停業單位損益,,--,sii,https://mopsov.twse.com.tw/mops/web/ajax_t163sb04
下游,邊緣運算_工業AI,2395,研華,2016,2,income_statement,合併前非屬共同控制股權損益,,--,sii,https://mopsov.twse.com.tw/mops/web/ajax_t163sb04
下游,邊緣運算_工業AI,2395,研華,2016,2,income_statement,本期淨利（淨損）,2785667,"2,785,667",sii,https://mopsov.twse.com.tw/mops/web/ajax_t163sb04
下游,邊緣運算_工業AI,2395,研華,2016,2,income_statement,其他綜合損益（淨額）,-133272,"-133,272",sii,https://mopsov.twse.com.tw/mops/web/ajax_t163sb04
下游,邊緣運算_工業AI,2395,研華,2016,2,income_statement,合併前非屬共同控制股權綜合損益淨額,,--,sii,https://mopsov.twse.com.tw/mops/web/ajax_t163sb04
下游,邊緣運算_工業AI,2395,研華,2016,2,income_statement,本期綜合損益總額,2652395,"2,652,395",sii,https://mopsov.twse.com.tw/mops/web/ajax_t163sb04
下游,邊緣運算_工業AI,2395,研華,2016,2,income_statement,淨利（淨損）歸屬於母公司業主,2776188,"2,776,188",sii,https://mopsov.twse.com.tw/mops/web/ajax_t163sb04
下游,邊緣運算_工業AI,2395,研華,2016,2,income_statement,淨利（淨損）歸屬於共同控制下前手權益,,--,sii,https://mopsov.twse.com.tw/mops/web/ajax_t163sb04
下游,邊緣運算_工業AI,2395,研華,2016,2,income_statement,淨利（淨損）歸屬於非控制權益,9479,"9,479",sii,https://mopsov.twse.com.tw/mops/web/ajax_t163sb04
下游,邊緣運算_工業AI,2395,研華,2016,2,income_statement,綜合損益總額歸屬於母公司業主,2653927,"2,653,927",sii,https://mopsov.twse.com.tw/mops/web/ajax_t163sb04
下游,邊緣運算_工業AI,2395,研華,2016,2,income_statement,綜合損益總額歸屬於共同控制下前手權益,,--,sii,https://mopsov.twse.com.tw/mops/web/ajax_t163sb04
下游,邊緣運算_工業AI,2395,研華,2016,2,income_statement,綜合損益總額歸屬於非控制權益,-1532,"-1,532",sii,https://mopsov.twse.com.tw/mops/web/ajax_t163sb04
下游,邊緣運算_工業AI,2395,研華,2016,2,income_statement,基本每股盈餘（元）,4.39,4.39,sii,https://mopsov.twse.com.tw/mops/web/ajax_t163sb04
下游,邊緣運算_工業AI,6166,凌華,2016,2,income_statement,營業收入,4410878,"4,410,878",sii,https://mopsov.twse.com.tw/mops/web/ajax_t163sb04
下游,邊緣運算_工業AI,6166,凌華,2016,2,income_statement,營業成本,2466610,"2,466,610",sii,https://mopsov.twse.com.tw/mops/web/ajax_t163sb04
下游,邊緣運算_工業AI,6166,凌華,2016,2,income_statement,營業毛利（毛損）,1944268,"1,944,268",sii,https://mopsov.twse.com.tw/mops/web/ajax_t163sb04
下游,邊緣運算_工業AI,6166,凌華,2016,2,income_statement,未實現銷貨（損）益,,--,sii,https://mopsov.twse.com.tw/mops/web/ajax_t163sb04
下游,邊緣運算_工業AI,6166,凌華,2016,2,income_statement,已實現銷貨（損）益,,--,sii,https://mopsov.twse.com.tw/mops/web/ajax_t163sb04
下游,邊緣運算_工業AI,6166,凌華,2016,2,income_statement,營業毛利（毛損）淨額,1944268,"1,944,268",sii,https://mopsov.twse.com.tw/mops/web/ajax_t163sb04
下游,邊緣運算_工業AI,6166,凌華,2016,2,income_statement,營業費用,1769141,"1,769,141",sii,https://mopsov.twse.com.tw/mops/web/ajax_t163sb04
下游,邊緣運算_工業AI,6166,凌華,2016,2,income_statement,其他收益及費損淨額,,--,sii,https://mopsov.twse.com.tw/mops/web/ajax_t163sb04
下游,邊緣運算_工業AI,6166,凌華,2016,2,income_statement,營業利益（損失）,175127,"175,127",sii,https://mopsov.twse.com.tw/mops/web/ajax_t163sb04
下游,邊緣運算_工業AI,6166,凌華,2016,2,income_statement,營業外收入及支出,1768,"1,768",sii,https://mopsov.twse.com.tw/mops/web/ajax_t163sb04
下游,邊緣運算_工業AI,6166,凌華,2016,2,income_statement,稅前淨利（淨損）,176895,"176,895",sii,https://mopsov.twse.com.tw/mops/web/ajax_t163sb04
下游,邊緣運算_工業AI,6166,凌華,2016,2,income_statement,所得稅費用（利益）,27221,"27,221",sii,https://mopsov.twse.com.tw/mops/web/ajax_t163sb04
下游,邊緣運算_工業AI,6166,凌華,2016,2,income_statement,繼續營業單位本期淨利（淨損）,149674,"149,674",sii,https://mopsov.twse.com.tw/mops/web/ajax_t163sb04
下游,邊緣運算_工業AI,6166,凌華,2016,2,income_statement,停業單位損益,,--,sii,https://mopsov.twse.com.tw/mops/web/ajax_t163sb04
下游,邊緣運算_工業AI,6166,凌華,2016,2,income_statement,合併前非屬共同控制股權損益,,--,sii,https://mopsov.twse.com.tw/mops/web/ajax_t163sb04
下游,邊緣運算_工業AI,6166,凌華,2016,2,income_statement,本期淨利（淨損）,149674,"149,674",sii,https://mopsov.twse.com.tw/mops/web/ajax_t163sb04
下游,邊緣運算_工業AI,6166,凌華,2016,2,income_statement,其他綜合損益（淨額）,-101004,"-101,004",sii,https://mopsov.twse.com.tw/mops/web/ajax_t163sb04
下游,邊緣運算_工業AI,6166,凌華,2016,2,income_statement,合併前非屬共同控制股權綜合損益淨額,,--,sii,https://mopsov.twse.com.tw/mops/web/ajax_t163sb04
下游,邊緣運算_工業AI,6166,凌華,2016,2,income_statement,本期綜合損益總額,48670,"48,670",sii,https://mopsov.twse.com.tw/mops/web/ajax_t163sb04
下游,邊緣運算_工業AI,6166,凌華,2016,2,income_statement,淨利（淨損）歸屬於母公司業主,149825,"149,825",sii,https://mopsov.twse.com.tw/mops/web/ajax_t163sb04
下游,邊緣運算_工業AI,6166,凌華,2016,2,income_statement,淨利（淨損）歸屬於共同控制下前手權益,,--,sii,https://mopsov.twse.com.tw/mops/web/ajax_t163sb04
下游,邊緣運算_工業AI,6166,凌華,2016,2,income_statement,淨利（淨損）歸屬於非控制權益,-151,-151,sii,https://mopsov.twse.com.tw/mops/web/ajax_t163sb04
下游,邊緣運算_工業AI,6166,凌華,2016,2,income_statement,綜合損益總額歸屬於母公司業主,47533,"47,533",sii,https://mopsov.twse.com.tw/mops/web/ajax_t163sb04
下游,邊緣運算_工業AI,6166,凌華,2016,2,income_statement,綜合損益總額歸屬於共同控制下前手權益,,--,sii,https://mopsov.twse.com.tw/mops/web/ajax_t163sb04
下游,邊緣運算_工業AI,6166,凌華,2016,2,income_statement,綜合損益總額歸屬於非控制權益,1137,"1,137",sii,https://mopsov.twse.com.tw/mops/web/ajax_t163sb04
下游,邊緣運算_工業AI,6166,凌華,2016,2,income_statement,基本每股盈餘（元）,0.7,0.70,sii,https://mopsov.twse.com.tw/mops/web/ajax_t163sb04
下游,邊緣運算_工業AI,2395,研華,2016,2,balance_sheet,流動資產,20144498,"20,144,498",sii,https://mopsov.twse.com.tw/mops/web/ajax_t163sb05
下游,邊緣運算_工業AI,2395,研華,2016,2,balance_sheet,非流動資產,16734581,"16,734,581",sii,https://mopsov.twse.com.tw/mops/web/ajax_t163sb05
下游,邊緣運算_工業AI,2395,研華,2016,2,balance_sheet,資產總計,36879079,"36,879,079",sii,https://mopsov.twse.com.tw/mops/web/ajax_t163sb05
下游,邊緣運算_工業AI,2395,研華,2016,2,balance_sheet,流動負債,13169808,"13,169,808",sii,https://mopsov.twse.com.tw/mops/web/ajax_t163sb05
下游,邊緣運算_工業AI,2395,研華,2016,2,balance_sheet,非流動負債,1274210,"1,274,210",sii,https://mopsov.twse.com.tw/mops/web/ajax_t163sb05
下游,邊緣運算_工業AI,2395,研華,2016,2,balance_sheet,負債總額,14444018,"14,444,018",sii,https://mopsov.twse.com.tw/mops/web/ajax_t163sb05
下游,邊緣運算_工業AI,2395,研華,2016,2,balance_sheet,股本,6318531,"6,318,531",sii,https://mopsov.twse.com.tw/mops/web/ajax_t163sb05
下游,邊緣運算_工業AI,2395,研華,2016,2,balance_sheet,資本公積,5720675,"5,720,675",sii,https://mopsov.twse.com.tw/mops/web/ajax_t163sb05
下游,邊緣運算_工業AI,2395,研華,2016,2,balance_sheet,保留盈餘,10042670,"10,042,670",sii,https://mopsov.twse.com.tw/mops/web/ajax_t163sb05
下游,邊緣運算_工業AI,2395,研華,2016,2,balance_sheet,其他權益,217863,"217,863",sii,https://mopsov.twse.com.tw/mops/web/ajax_t163sb05
下游,邊緣運算_工業AI,2395,研華,2016,2,balance_sheet,庫藏股票,,--,sii,https://mopsov.twse.com.tw/mops/web/ajax_t163sb05
下游,邊緣運算_工業AI,2395,研華,2016,2,balance_sheet,歸屬於母公司業主之權益合計,22299739,"22,299,739",sii,https://mopsov.twse.com.tw/mops/web/ajax_t163sb05
下游,邊緣運算_工業AI,2395,研華,2016,2,balance_sheet,共同控制下前手權益,,--,sii,https://mopsov.twse.com.tw/mops/web/ajax_t163sb05
下游,邊緣運算_工業AI,2395,研華,2016,2,balance_sheet,合併前非屬共同控制股權,,--,sii,https://mopsov.twse.com.tw/mops/web/ajax_t163sb05
下游,邊緣運算_工業AI,2395,研華,2016,2,balance_sheet,非控制權益,135322,"135,322",sii,https://mopsov.twse.com.tw/mops/web/ajax_t163sb05
下游,邊緣運算_工業AI,2395,研華,2016,2,balance_sheet,權益總額,22435061,"22,435,061",sii,https://mopsov.twse.com.tw/mops/web/ajax_t163sb05
下游,邊緣運算_工業AI,2395,研華,2016,2,balance_sheet,待註銷股本股數（單位：股）,0,0,sii,https://mopsov.twse.com.tw/mops/web/ajax_t163sb05
下游,邊緣運算_工業AI,2395,研華,2016,2,balance_sheet,預收股款（權益項下）之約當發行股數（單位：股）,0,0,sii,https://mopsov.twse.com.tw/mops/web/ajax_t163sb05
下游,邊緣運算_工業AI,2395,研華,2016,2,balance_sheet,母公司暨子公司所持有之母公司庫藏股股數（單位：股）,0,0,sii,https://mopsov.twse.com.tw/mops/web/ajax_t163sb05
下游,邊緣運算_工業AI,2395,研華,2016,2,balance_sheet,每股參考淨值,35.29,35.29,sii,https://mopsov.twse.com.tw/mops/web/ajax_t163sb05
下游,邊緣運算_工業AI,6166,凌華,2016,2,balance_sheet,流動資產,5696446,"5,696,446",sii,https://mopsov.twse.com.tw/mops/web/ajax_t163sb05
下游,邊緣運算_工業AI,6166,凌華,2016,2,balance_sheet,非流動資產,2426943,"2,426,943",sii,https://mopsov.twse.com.tw/mops/web/ajax_t163sb05
下游,邊緣運算_工業AI,6166,凌華,2016,2,balance_sheet,資產總計,8123389,"8,123,389",sii,https://mopsov.twse.com.tw/mops/web/ajax_t163sb05
下游,邊緣運算_工業AI,6166,凌華,2016,2,balance_sheet,流動負債,3581674,"3,581,674",sii,https://mopsov.twse.com.tw/mops/web/ajax_t163sb05
下游,邊緣運算_工業AI,6166,凌華,2016,2,balance_sheet,非流動負債,85845,"85,845",sii,https://mopsov.twse.com.tw/mops/web/ajax_t163sb05
下游,邊緣運算_工業AI,6166,凌華,2016,2,balance_sheet,負債總額,3667519,"3,667,519",sii,https://mopsov.twse.com.tw/mops/web/ajax_t163sb05
下游,邊緣運算_工業AI,6166,凌華,2016,2,balance_sheet,股本,2172804,"2,172,804",sii,https://mopsov.twse.com.tw/mops/web/ajax_t163sb05
下游,邊緣運算_工業AI,6166,凌華,2016,2,balance_sheet,資本公積,1566553,"1,566,553",sii,https://mopsov.twse.com.tw/mops/web/ajax_t163sb05
下游,邊緣運算_工業AI,6166,凌華,2016,2,balance_sheet,保留盈餘,750417,"750,417",sii,https://mopsov.twse.com.tw/mops/web/ajax_t163sb05
下游,邊緣運算_工業AI,6166,凌華,2016,2,balance_sheet,其他權益,-43556,"-43,556",sii,https://mopsov.twse.com.tw/mops/web/ajax_t163sb05
下游,邊緣運算_工業AI,6166,凌華,2016,2,balance_sheet,庫藏股票,,--,sii,https://mopsov.twse.com.tw/mops/web/ajax_t163sb05
下游,邊緣運算_工業AI,6166,凌華,2016,2,balance_sheet,歸屬於母公司業主之權益合計,4446218,"4,446,218",sii,https://mopsov.twse.com.tw/mops/web/ajax_t163sb05
下游,邊緣運算_工業AI,6166,凌華,2016,2,balance_sheet,共同控制下前手權益,,--,sii,https://mopsov.twse.com.tw/mops/web/ajax_t163sb05
下游,邊緣運算_工業AI,6166,凌華,2016,2,balance_sheet,合併前非屬共同控制股權,,--,sii,https://mopsov.twse.com.tw/mops/web/ajax_t163sb05
下游,邊緣運算_工業AI,6166,凌華,2016,2,balance_sheet,非控制權益,9652,"9,652",sii,https://mopsov.twse.com.tw/mops/web/ajax_t163sb05
下游,邊緣運算_工業AI,6166,凌華,2016,2,balance_sheet,權益總額,4455870,"4,455,870",sii,https://mopsov.twse.com.tw/mops/web/ajax_t163sb05
下游,邊緣運算_工業AI,6166,凌華,2016,2,balance_sheet,待註銷股本股數（單位：股）,,--,sii,https://mopsov.twse.com.tw/mops/web/ajax_t163sb05
下游,邊緣運算_工業AI,6166,凌華,2016,2,balance_sheet,預收股款（權益項下）之約當發行股數（單位：股）,0,0,sii,https://mopsov.twse.com.tw/mops/web/ajax_t163sb05
下游,邊緣運算_工業AI,6166,凌華,2016,2,balance_sheet,母公司暨子公司所持有之母公司庫藏股股數（單位：股）,0,0,sii,https://mopsov.twse.com.tw/mops/web/ajax_t163sb05
下游,邊緣運算_工業AI,6166,凌華,2016,2,balance_sheet,每股參考淨值,20.46,20.46,sii,https://mopsov.twse.com.tw/mops/web/ajax_t163sb05
下游,邊緣運算_工業AI,2395,研華,2016,2,cash_flow,營業活動之淨現金流入（流出）,3080389,"3,080,389",sii,https://mopsov.twse.com.tw/mops/web/ajax_t163sb20
下游,邊緣運算_工業AI,2395,研華,2016,2,cash_flow,投資活動之淨現金流入（流出）,-3498258,"-3,498,258",sii,https://mopsov.twse.com.tw/mops/web/ajax_t163sb20
下游,邊緣運算_工業AI,2395,研華,2016,2,cash_flow,籌資活動之淨現金流入（流出）,-410346,"-410,346",sii,https://mopsov.twse.com.tw/mops/web/ajax_t163sb20
下游,邊緣運算_工業AI,2395,研華,2016,2,cash_flow,匯率變動對現金及約當現金之影響,-20785,"-20,785",sii,https://mopsov.twse.com.tw/mops/web/ajax_t163sb20
下游,邊緣運算_工業AI,2395,研華,2016,2,cash_flow,本期現金及約當現金增加（減少）數,-849000,"-849,000",sii,https://mopsov.twse.com.tw/mops/web/ajax_t163sb20
下游,邊緣運算_工業AI,2395,研華,2016,2,cash_flow,期初現金及約當現金餘額,4358259,"4,358,259",sii,https://mopsov.twse.com.tw/mops/web/ajax_t163sb20
下游,邊緣運算_工業AI,2395,研華,2016,2,cash_flow,期末現金及約當現金餘額,3509259,"3,509,259",sii,https://mopsov.twse.com.tw/mops/web/ajax_t163sb20
下游,邊緣運算_工業AI,6166,凌華,2016,2,cash_flow,營業活動之淨現金流入（流出）,216232,"216,232",sii,https://mopsov.twse.com.tw/mops/web/ajax_t163sb20
下游,邊緣運算_工業AI,6166,凌華,2016,2,cash_flow,投資活動之淨現金流入（流出）,-251098,"-251,098",sii,https://mopsov.twse.com.tw/mops/web/ajax_t163sb20
下游,邊緣運算_工業AI,6166,凌華,2016,2,cash_flow,籌資活動之淨現金流入（流出）,26373,"26,373",sii,https://mopsov.twse.com.tw/mops/web/ajax_t163sb20
下游,邊緣運算_工業AI,6166,凌華,2016,2,cash_flow,匯率變動對現金及約當現金之影響,-19721,"-19,721",sii,https://mopsov.twse.com.tw/mops/web/ajax_t163sb20
下游,邊緣運算_工業AI,6166,凌華,2016,2,cash_flow,本期現金及約當現金增加（減少）數,-28214,"-28,214",sii,https://mopsov.twse.com.tw/mops/web/ajax_t163sb20
下游,邊緣運算_工業AI,6166,凌華,2016,2,cash_flow,期初現金及約當現金餘額,1571964,"1,571,964",sii,https://mopsov.twse.com.tw/mops/web/ajax_t163sb20
下游,邊緣運算_工業AI,6166,凌華,2016,2,cash_flow,期末現金及約當現金餘額,1543750,"1,543,750",sii,https://mopsov.twse.com.tw/mops/web/ajax_t163sb20
下游,邊緣運算_工業AI,2395,研華,2016,3,income_statement,營業收入,31197244,"31,197,244",sii,https://mopsov.twse.com.tw/mops/web/ajax_t163sb04
下游,邊緣運算_工業AI,2395,研華,2016,3,income_statement,營業成本,18429390,"18,429,390",sii,https://mopsov.twse.com.tw/mops/web/ajax_t163sb04
下游,邊緣運算_工業AI,2395,研華,2016,3,income_statement,營業毛利（毛損）,12767854,"12,767,854",sii,https://mopsov.twse.com.tw/mops/web/ajax_t163sb04
下游,邊緣運算_工業AI,2395,研華,2016,3,income_statement,未實現銷貨（損）益,,--,sii,https://mopsov.twse.com.tw/mops/web/ajax_t163sb04
下游,邊緣運算_工業AI,2395,研華,2016,3,income_statement,已實現銷貨（損）益,,--,sii,https://mopsov.twse.com.tw/mops/web/ajax_t163sb04
下游,邊緣運算_工業AI,2395,研華,2016,3,income_statement,營業毛利（毛損）淨額,12767854,"12,767,854",sii,https://mopsov.twse.com.tw/mops/web/ajax_t163sb04
下游,邊緣運算_工業AI,2395,研華,2016,3,income_statement,營業費用,7873123,"7,873,123",sii,https://mopsov.twse.com.tw/mops/web/ajax_t163sb04
下游,邊緣運算_工業AI,2395,研華,2016,3,income_statement,其他收益及費損淨額,,--,sii,https://mopsov.twse.com.tw/mops/web/ajax_t163sb04
下游,邊緣運算_工業AI,2395,研華,2016,3,income_statement,營業利益（損失）,4894731,"4,894,731",sii,https://mopsov.twse.com.tw/mops/web/ajax_t163sb04
下游,邊緣運算_工業AI,2395,研華,2016,3,income_statement,營業外收入及支出,406756,"406,756",sii,https://mopsov.twse.com.tw/mops/web/ajax_t163sb04
下游,邊緣運算_工業AI,2395,研華,2016,3,income_statement,稅前淨利（淨損）,5301487,"5,301,487",sii,https://mopsov.twse.com.tw/mops/web/ajax_t163sb04
下游,邊緣運算_工業AI,2395,研華,2016,3,income_statement,所得稅費用（利益）,1042271,"1,042,271",sii,https://mopsov.twse.com.tw/mops/web/ajax_t163sb04
下游,邊緣運算_工業AI,2395,研華,2016,3,income_statement,繼續營業單位本期淨利（淨損）,4259216,"4,259,216",sii,https://mopsov.twse.com.tw/mops/web/ajax_t163sb04
下游,邊緣運算_工業AI,2395,研華,2016,3,income_statement,停業單位損益,,--,sii,https://mopsov.twse.com.tw/mops/web/ajax_t163sb04
下游,邊緣運算_工業AI,2395,研華,2016,3,income_statement,合併前非屬共同控制股權損益,,--,sii,https://mopsov.twse.com.tw/mops/web/ajax_t163sb04
下游,邊緣運算_工業AI,2395,研華,2016,3,income_statement,本期淨利（淨損）,4259216,"4,259,216",sii,https://mopsov.twse.com.tw/mops/web/ajax_t163sb04
下游,邊緣運算_工業AI,2395,研華,2016,3,income_statement,其他綜合損益（淨額）,-328690,"-328,690",sii,https://mopsov.twse.com.tw/mops/web/ajax_t163sb04
下游,邊緣運算_工業AI,2395,研華,2016,3,income_statement,合併前非屬共同控制股權綜合損益淨額,,--,sii,https://mopsov.twse.com.tw/mops/web/ajax_t163sb04
下游,邊緣運算_工業AI,2395,研華,2016,3,income_statement,本期綜合損益總額,3930526,"3,930,526",sii,https://mopsov.twse.com.tw/mops/web/ajax_t163sb04
下游,邊緣運算_工業AI,2395,研華,2016,3,income_statement,淨利（淨損）歸屬於母公司業主,4244420,"4,244,420",sii,https://mopsov.twse.com.tw/mops/web/ajax_t163sb04
下游,邊緣運算_工業AI,2395,研華,2016,3,income_statement,淨利（淨損）歸屬於共同控制下前手權益,,--,sii,https://mopsov.twse.com.tw/mops/web/ajax_t163sb04
下游,邊緣運算_工業AI,2395,研華,2016,3,income_statement,淨利（淨損）歸屬於非控制權益,14796,"14,796",sii,https://mopsov.twse.com.tw/mops/web/ajax_t163sb04
下游,邊緣運算_工業AI,2395,研華,2016,3,income_statement,綜合損益總額歸屬於母公司業主,3930826,"3,930,826",sii,https://mopsov.twse.com.tw/mops/web/ajax_t163sb04
下游,邊緣運算_工業AI,2395,研華,2016,3,income_statement,綜合損益總額歸屬於共同控制下前手權益,,--,sii,https://mopsov.twse.com.tw/mops/web/ajax_t163sb04
下游,邊緣運算_工業AI,2395,研華,2016,3,income_statement,綜合損益總額歸屬於非控制權益,-300,-300,sii,https://mopsov.twse.com.tw/mops/web/ajax_t163sb04
下游,邊緣運算_工業AI,2395,研華,2016,3,income_statement,基本每股盈餘（元）,6.72,6.72,sii,https://mopsov.twse.com.tw/mops/web/ajax_t163sb04
下游,邊緣運算_工業AI,6166,凌華,2016,3,income_statement,營業收入,6713371,"6,713,371",sii,https://mopsov.twse.com.tw/mops/web/ajax_t163sb04
下游,邊緣運算_工業AI,6166,凌華,2016,3,income_statement,營業成本,3799630,"3,799,630",sii,https://mopsov.twse.com.tw/mops/web/ajax_t163sb04
下游,邊緣運算_工業AI,6166,凌華,2016,3,income_statement,營業毛利（毛損）,2913741,"2,913,741",sii,https://mopsov.twse.com.tw/mops/web/ajax_t163sb04
下游,邊緣運算_工業AI,6166,凌華,2016,3,income_statement,未實現銷貨（損）益,524,524,sii,https://mopsov.twse.com.tw/mops/web/ajax_t163sb04
下游,邊緣運算_工業AI,6166,凌華,2016,3,income_statement,已實現銷貨（損）益,,--,sii,https://mopsov.twse.com.tw/mops/web/ajax_t163sb04
下游,邊緣運算_工業AI,6166,凌華,2016,3,income_statement,營業毛利（毛損）淨額,2913217,"2,913,217",sii,https://mopsov.twse.com.tw/mops/web/ajax_t163sb04
下游,邊緣運算_工業AI,6166,凌華,2016,3,income_statement,營業費用,2620680,"2,620,680",sii,https://mopsov.twse.com.tw/mops/web/ajax_t163sb04
下游,邊緣運算_工業AI,6166,凌華,2016,3,income_statement,其他收益及費損淨額,,--,sii,https://mopsov.twse.com.tw/mops/web/ajax_t163sb04
下游,邊緣運算_工業AI,6166,凌華,2016,3,income_statement,營業利益（損失）,292537,"292,537",sii,https://mopsov.twse.com.tw/mops/web/ajax_t163sb04
下游,邊緣運算_工業AI,6166,凌華,2016,3,income_statement,營業外收入及支出,-51420,"-51,420",sii,https://mopsov.twse.com.tw/mops/web/ajax_t163sb04
下游,邊緣運算_工業AI,6166,凌華,2016,3,income_statement,稅前淨利（淨損）,241117,"241,117",sii,https://mopsov.twse.com.tw/mops/web/ajax_t163sb04
下游,邊緣運算_工業AI,6166,凌華,2016,3,income_statement,所得稅費用（利益）,42049,"42,049",sii,https://mopsov.twse.com.tw/mops/web/ajax_t163sb04
下游,邊緣運算_工業AI,6166,凌華,2016,3,income_statement,繼續營業單位本期淨利（淨損）,199068,"199,068",sii,https://mopsov.twse.com.tw/mops/web/ajax_t163sb04
下游,邊緣運算_工業AI,6166,凌華,2016,3,income_statement,停業單位損益,,--,sii,https://mopsov.twse.com.tw/mops/web/ajax_t163sb04
下游,邊緣運算_工業AI,6166,凌華,2016,3,income_statement,合併前非屬共同控制股權損益,,--,sii,https://mopsov.twse.com.tw/mops/web/ajax_t163sb04
下游,邊緣運算_工業AI,6166,凌華,2016,3,income_statement,本期淨利（淨損）,199068,"199,068",sii,https://mopsov.twse.com.tw/mops/web/ajax_t163sb04
下游,邊緣運算_工業AI,6166,凌華,2016,3,income_statement,其他綜合損益（淨額）,-180014,"-180,014",sii,https://mopsov.twse.com.tw/mops/web/ajax_t163sb04
下游,邊緣運算_工業AI,6166,凌華,2016,3,income_statement,合併前非屬共同控制股權綜合損益淨額,,--,sii,https://mopsov.twse.com.tw/mops/web/ajax_t163sb04
下游,邊緣運算_工業AI,6166,凌華,2016,3,income_statement,本期綜合損益總額,19054,"19,054",sii,https://mopsov.twse.com.tw/mops/web/ajax_t163sb04
下游,邊緣運算_工業AI,6166,凌華,2016,3,income_statement,淨利（淨損）歸屬於母公司業主,199203,"199,203",sii,https://mopsov.twse.com.tw/mops/web/ajax_t163sb04
下游,邊緣運算_工業AI,6166,凌華,2016,3,income_statement,淨利（淨損）歸屬於共同控制下前手權益,,--,sii,https://mopsov.twse.com.tw/mops/web/ajax_t163sb04
下游,邊緣運算_工業AI,6166,凌華,2016,3,income_statement,淨利（淨損）歸屬於非控制權益,-135,-135,sii,https://mopsov.twse.com.tw/mops/web/ajax_t163sb04
下游,邊緣運算_工業AI,6166,凌華,2016,3,income_statement,綜合損益總額歸屬於母公司業主,18002,"18,002",sii,https://mopsov.twse.com.tw/mops/web/ajax_t163sb04
下游,邊緣運算_工業AI,6166,凌華,2016,3,income_statement,綜合損益總額歸屬於共同控制下前手權益,,--,sii,https://mopsov.twse.com.tw/mops/web/ajax_t163sb04
下游,邊緣運算_工業AI,6166,凌華,2016,3,income_statement,綜合損益總額歸屬於非控制權益,1052,"1,052",sii,https://mopsov.twse.com.tw/mops/web/ajax_t163sb04
下游,邊緣運算_工業AI,6166,凌華,2016,3,income_statement,基本每股盈餘（元）,0.92,0.92,sii,https://mopsov.twse.com.tw/mops/web/ajax_t163sb04
下游,邊緣運算_工業AI,2395,研華,2016,3,balance_sheet,流動資產,17519101,"17,519,101",sii,https://mopsov.twse.com.tw/mops/web/ajax_t163sb05
下游,邊緣運算_工業AI,2395,研華,2016,3,balance_sheet,非流動資產,16758146,"16,758,146",sii,https://mopsov.twse.com.tw/mops/web/ajax_t163sb05
下游,邊緣運算_工業AI,2395,研華,2016,3,balance_sheet,資產總計,34277247,"34,277,247",sii,https://mopsov.twse.com.tw/mops/web/ajax_t163sb05
下游,邊緣運算_工業AI,2395,研華,2016,3,balance_sheet,流動負債,9125205,"9,125,205",sii,https://mopsov.twse.com.tw/mops/web/ajax_t163sb05
下游,邊緣運算_工業AI,2395,研華,2016,3,balance_sheet,非流動負債,1194736,"1,194,736",sii,https://mopsov.twse.com.tw/mops/web/ajax_t163sb05
下游,邊緣運算_工業AI,2395,研華,2016,3,balance_sheet,負債總額,10319941,"10,319,941",sii,https://mopsov.twse.com.tw/mops/web/ajax_t163sb05
下游,邊緣運算_工業AI,2395,研華,2016,3,balance_sheet,股本,6326091,"6,326,091",sii,https://mopsov.twse.com.tw/mops/web/ajax_t163sb05
下游,邊緣運算_工業AI,2395,研華,2016,3,balance_sheet,資本公積,5927374,"5,927,374",sii,https://mopsov.twse.com.tw/mops/web/ajax_t163sb05
下游,邊緣運算_工業AI,2395,研華,2016,3,balance_sheet,保留盈餘,11510902,"11,510,902",sii,https://mopsov.twse.com.tw/mops/web/ajax_t163sb05
下游,邊緣運算_工業AI,2395,研華,2016,3,balance_sheet,其他權益,26530,"26,530",sii,https://mopsov.twse.com.tw/mops/web/ajax_t163sb05
下游,邊緣運算_工業AI,2395,研華,2016,3,balance_sheet,庫藏股票,,--,sii,https://mopsov.twse.com.tw/mops/web/ajax_t163sb05
下游,邊緣運算_工業AI,2395,研華,2016,3,balance_sheet,歸屬於母公司業主之權益合計,23790897,"23,790,897",sii,https://mopsov.twse.com.tw/mops/web/ajax_t163sb05
下游,邊緣運算_工業AI,2395,研華,2016,3,balance_sheet,共同控制下前手權益,,--,sii,https://mopsov.twse.com.tw/mops/web/ajax_t163sb05
下游,邊緣運算_工業AI,2395,研華,2016,3,balance_sheet,合併前非屬共同控制股權,,--,sii,https://mopsov.twse.com.tw/mops/web/ajax_t163sb05
下游,邊緣運算_工業AI,2395,研華,2016,3,balance_sheet,非控制權益,166409,"166,409",sii,https://mopsov.twse.com.tw/mops/web/ajax_t163sb05
下游,邊緣運算_工業AI,2395,研華,2016,3,balance_sheet,權益總額,23957306,"23,957,306",sii,https://mopsov.twse.com.tw/mops/web/ajax_t163sb05
下游,邊緣運算_工業AI,2395,研華,2016,3,balance_sheet,待註銷股本股數（單位：股）,0,0,sii,https://mopsov.twse.com.tw/mops/web/ajax_t163sb05
下游,邊緣運算_工業AI,2395,研華,2016,3,balance_sheet,預收股款（權益項下）之約當發行股數（單位：股）,0,0,sii,https://mopsov.twse.com.tw/mops/web/ajax_t163sb05
下游,邊緣運算_工業AI,2395,研華,2016,3,balance_sheet,母公司暨子公司所持有之母公司庫藏股股數（單位：股）,0,0,sii,https://mopsov.twse.com.tw/mops/web/ajax_t163sb05
下游,邊緣運算_工業AI,2395,研華,2016,3,balance_sheet,每股參考淨值,37.61,37.61,sii,https://mopsov.twse.com.tw/mops/web/ajax_t163sb05
下游,邊緣運算_工業AI,6166,凌華,2016,3,balance_sheet,流動資產,5390236,"5,390,236",sii,https://mopsov.twse.com.tw/mops/web/ajax_t163sb05
下游,邊緣運算_工業AI,6166,凌華,2016,3,balance_sheet,非流動資產,2393430,"2,393,430",sii,https://mopsov.twse.com.tw/mops/web/ajax_t163sb05
下游,邊緣運算_工業AI,6166,凌華,2016,3,balance_sheet,資產總計,7783666,"7,783,666",sii,https://mopsov.twse.com.tw/mops/web/ajax_t163sb05
下游,邊緣運算_工業AI,6166,凌華,2016,3,balance_sheet,流動負債,3158407,"3,158,407",sii,https://mopsov.twse.com.tw/mops/web/ajax_t163sb05
下游,邊緣運算_工業AI,6166,凌華,2016,3,balance_sheet,非流動負債,179164,"179,164",sii,https://mopsov.twse.com.tw/mops/web/ajax_t163sb05
下游,邊緣運算_工業AI,6166,凌華,2016,3,balance_sheet,負債總額,3337571,"3,337,571",sii,https://mopsov.twse.com.tw/mops/web/ajax_t163sb05
下游,邊緣運算_工業AI,6166,凌華,2016,3,balance_sheet,股本,2175579,"2,175,579",sii,https://mopsov.twse.com.tw/mops/web/ajax_t163sb05
下游,邊緣運算_工業AI,6166,凌華,2016,3,balance_sheet,資本公積,1571208,"1,571,208",sii,https://mopsov.twse.com.tw/mops/web/ajax_t163sb05
下游,邊緣運算_工業AI,6166,凌華,2016,3,balance_sheet,保留盈餘,799795,"799,795",sii,https://mopsov.twse.com.tw/mops/web/ajax_t163sb05
下游,邊緣運算_工業AI,6166,凌華,2016,3,balance_sheet,其他權益,-110054,"-110,054",sii,https://mopsov.twse.com.tw/mops/web/ajax_t163sb05
下游,邊緣運算_工業AI,6166,凌華,2016,3,balance_sheet,庫藏股票,,--,sii,https://mopsov.twse.com.tw/mops/web/ajax_t163sb05
下游,邊緣運算_工業AI,6166,凌華,2016,3,balance_sheet,歸屬於母公司業主之權益合計,4436528,"4,436,528",sii,https://mopsov.twse.com.tw/mops/web/ajax_t163sb05
下游,邊緣運算_工業AI,6166,凌華,2016,3,balance_sheet,共同控制下前手權益,,--,sii,https://mopsov.twse.com.tw/mops/web/ajax_t163sb05
下游,邊緣運算_工業AI,6166,凌華,2016,3,balance_sheet,合併前非屬共同控制股權,,--,sii,https://mopsov.twse.com.tw/mops/web/ajax_t163sb05
下游,邊緣運算_工業AI,6166,凌華,2016,3,balance_sheet,非控制權益,9567,"9,567",sii,https://mopsov.twse.com.tw/mops/web/ajax_t163sb05
下游,邊緣運算_工業AI,6166,凌華,2016,3,balance_sheet,權益總額,4446095,"4,446,095",sii,https://mopsov.twse.com.tw/mops/web/ajax_t163sb05
下游,邊緣運算_工業AI,6166,凌華,2016,3,balance_sheet,待註銷股本股數（單位：股）,,--,sii,https://mopsov.twse.com.tw/mops/web/ajax_t163sb05
下游,邊緣運算_工業AI,6166,凌華,2016,3,balance_sheet,預收股款（權益項下）之約當發行股數（單位：股）,0,0,sii,https://mopsov.twse.com.tw/mops/web/ajax_t163sb05
下游,邊緣運算_工業AI,6166,凌華,2016,3,balance_sheet,母公司暨子公司所持有之母公司庫藏股股數（單位：股）,0,0,sii,https://mopsov.twse.com.tw/mops/web/ajax_t163sb05
下游,邊緣運算_工業AI,6166,凌華,2016,3,balance_sheet,每股參考淨值,20.39,20.39,sii,https://mopsov.twse.com.tw/mops/web/ajax_t163sb05
下游,邊緣運算_工業AI,2395,研華,2016,3,cash_flow,營業活動之淨現金流入（流出）,5112920,"5,112,920",sii,https://mopsov.twse.com.tw/mops/web/ajax_t163sb20
下游,邊緣運算_工業AI,2395,研華,2016,3,cash_flow,投資活動之淨現金流入（流出）,-1687236,"-1,687,236",sii,https://mopsov.twse.com.tw/mops/web/ajax_t163sb20
下游,邊緣運算_工業AI,2395,研華,2016,3,cash_flow,籌資活動之淨現金流入（流出）,-4097050,"-4,097,050",sii,https://mopsov.twse.com.tw/mops/web/ajax_t163sb20
下游,邊緣運算_工業AI,2395,研華,2016,3,cash_flow,匯率變動對現金及約當現金之影響,-284705,"-284,705",sii,https://mopsov.twse.com.tw/mops/web/ajax_t163sb20
下游,邊緣運算_工業AI,2395,研華,2016,3,cash_flow,本期現金及約當現金增加（減少）數,-956071,"-956,071",sii,https://mopsov.twse.com.tw/mops/web/ajax_t163sb20
下游,邊緣運算_工業AI,2395,研華,2016,3,cash_flow,期初現金及約當現金餘額,4358259,"4,358,259",sii,https://mopsov.twse.com.tw/mops/web/ajax_t163sb20
下游,邊緣運算_工業AI,2395,研華,2016,3,cash_flow,期末現金及約當現金餘額,3402188,"3,402,188",sii,https://mopsov.twse.com.tw/mops/web/ajax_t163sb20
下游,邊緣運算_工業AI,6166,凌華,2016,3,cash_flow,營業活動之淨現金流入（流出）,589918,"589,918",sii,https://mopsov.twse.com.tw/mops/web/ajax_t163sb20
下游,邊緣運算_工業AI,6166,凌華,2016,3,cash_flow,投資活動之淨現金流入（流出）,-16756,"-16,756",sii,https://mopsov.twse.com.tw/mops/web/ajax_t163sb20
下游,邊緣運算_工業AI,6166,凌華,2016,3,cash_flow,籌資活動之淨現金流入（流出）,-247829,"-247,829",sii,https://mopsov.twse.com.tw/mops/web/ajax_t163sb20
下游,邊緣運算_工業AI,6166,凌華,2016,3,cash_flow,匯率變動對現金及約當現金之影響,-83733,"-83,733",sii,https://mopsov.twse.com.tw/mops/web/ajax_t163sb20
下游,邊緣運算_工業AI,6166,凌華,2016,3,cash_flow,本期現金及約當現金增加（減少）數,241600,"241,600",sii,https://mopsov.twse.com.tw/mops/web/ajax_t163sb20
下游,邊緣運算_工業AI,6166,凌華,2016,3,cash_flow,期初現金及約當現金餘額,1571964,"1,571,964",sii,https://mopsov.twse.com.tw/mops/web/ajax_t163sb20
下游,邊緣運算_工業AI,6166,凌華,2016,3,cash_flow,期末現金及約當現金餘額,1813564,"1,813,564",sii,https://mopsov.twse.com.tw/mops/web/ajax_t163sb20
下游,邊緣運算_工業AI,2395,研華,2016,4,income_statement,營業收入,42002198,"42,002,198",sii,https://mopsov.twse.com.tw/mops/web/ajax_t163sb04
下游,邊緣運算_工業AI,2395,研華,2016,4,income_statement,營業成本,24884649,"24,884,649",sii,https://mopsov.twse.com.tw/mops/web/ajax_t163sb04
下游,邊緣運算_工業AI,2395,研華,2016,4,income_statement,營業毛利（毛損）,17117549,"17,117,549",sii,https://mopsov.twse.com.tw/mops/web/ajax_t163sb04
下游,邊緣運算_工業AI,2395,研華,2016,4,income_statement,未實現銷貨（損）益,,--,sii,https://mopsov.twse.com.tw/mops/web/ajax_t163sb04
下游,邊緣運算_工業AI,2395,研華,2016,4,income_statement,已實現銷貨（損）益,,--,sii,https://mopsov.twse.com.tw/mops/web/ajax_t163sb04
下游,邊緣運算_工業AI,2395,研華,2016,4,income_statement,營業毛利（毛損）淨額,17117549,"17,117,549",sii,https://mopsov.twse.com.tw/mops/web/ajax_t163sb04
下游,邊緣運算_工業AI,2395,研華,2016,4,income_statement,營業費用,10486056,"10,486,056",sii,https://mopsov.twse.com.tw/mops/web/ajax_t163sb04
下游,邊緣運算_工業AI,2395,研華,2016,4,income_statement,其他收益及費損淨額,,--,sii,https://mopsov.twse.com.tw/mops/web/ajax_t163sb04
下游,邊緣運算_工業AI,2395,研華,2016,4,income_statement,營業利益（損失）,6631493,"6,631,493",sii,https://mopsov.twse.com.tw/mops/web/ajax_t163sb04
下游,邊緣運算_工業AI,2395,研華,2016,4,income_statement,營業外收入及支出,465872,"465,872",sii,https://mopsov.twse.com.tw/mops/web/ajax_t163sb04
下游,邊緣運算_工業AI,2395,研華,2016,4,income_statement,稅前淨利（淨損）,7097365,"7,097,365",sii,https://mopsov.twse.com.tw/mops/web/ajax_t163sb04
下游,邊緣運算_工業AI,2395,研華,2016,4,income_statement,所得稅費用（利益）,1408411,"1,408,411",sii,https://mopsov.twse.com.tw/mops/web/ajax_t163sb04
下游,邊緣運算_工業AI,2395,研華,2016,4,income_statement,繼續營業單位本期淨利（淨損）,5688954,"5,688,954",sii,https://mopsov.twse.com.tw/mops/web/ajax_t163sb04
下游,邊緣運算_工業AI,2395,研華,2016,4,income_statement,停業單位損益,,--,sii,https://mopsov.twse.com.tw/mops/web/ajax_t163sb04
下游,邊緣運算_工業AI,2395,研華,2016,4,income_statement,合併前非屬共同控制股權損益,,--,sii,https://mopsov.twse.com.tw/mops/web/ajax_t163sb04
下游,邊緣運算_工業AI,2395,研華,2016,4,income_statement,本期淨利（淨損）,5688954,"5,688,954",sii,https://mopsov.twse.com.tw/mops/web/ajax_t163sb04
下游,邊緣運算_工業AI,2395,研華,2016,4,income_statement,其他綜合損益（淨額）,-465097,"-465,097",sii,https://mopsov.twse.com.tw/mops/web/ajax_t163sb04
下游,邊緣運算_工業AI,2395,研華,2016,4,income_statement,合併前非屬共同控制股權綜合損益淨額,,--,sii,https://mopsov.twse.com.tw/mops/web/ajax_t163sb04
下游,邊緣運算_工業AI,2395,研華,2016,4,income_statement,本期綜合損益總額,5223857,"5,223,857",sii,https://mopsov.twse.com.tw/mops/web/ajax_t163sb04
下游,邊緣運算_工業AI,2395,研華,2016,4,income_statement,淨利（淨損）歸屬於母公司業主,5666862,"5,666,862",sii,https://mopsov.twse.com.tw/mops/web/ajax_t163sb04
下游,邊緣運算_工業AI,2395,研華,2016,4,income_statement,淨利（淨損）歸屬於共同控制下前手權益,,--,sii,https://mopsov.twse.com.tw/mops/web/ajax_t163sb04
下游,邊緣運算_工業AI,2395,研華,2016,4,income_statement,淨利（淨損）歸屬於非控制權益,22092,"22,092",sii,https://mopsov.twse.com.tw/mops/web/ajax_t163sb04
下游,邊緣運算_工業AI,2395,研華,2016,4,income_statement,綜合損益總額歸屬於母公司業主,5217251,"5,217,251",sii,https://mopsov.twse.com.tw/mops/web/ajax_t163sb04
下游,邊緣運算_工業AI,2395,研華,2016,4,income_statement,綜合損益總額歸屬於共同控制下前手權益,,--,sii,https://mopsov.twse.com.tw/mops/web/ajax_t163sb04
下游,邊緣運算_工業AI,2395,研華,2016,4,income_statement,綜合損益總額歸屬於非控制權益,6606,"6,606",sii,https://mopsov.twse.com.tw/mops/web/ajax_t163sb04
下游,邊緣運算_工業AI,2395,研華,2016,4,income_statement,基本每股盈餘（元）,8.96,8.96,sii,https://mopsov.twse.com.tw/mops/web/ajax_t163sb04
下游,邊緣運算_工業AI,6166,凌華,2016,4,income_statement,營業收入,9569741,"9,569,741",sii,https://mopsov.twse.com.tw/mops/web/ajax_t163sb04
下游,邊緣運算_工業AI,6166,凌華,2016,4,income_statement,營業成本,5402609,"5,402,609",sii,https://mopsov.twse.com.tw/mops/web/ajax_t163sb04
下游,邊緣運算_工業AI,6166,凌華,2016,4,income_statement,營業毛利（毛損）,4167132,"4,167,132",sii,https://mopsov.twse.com.tw/mops/web/ajax_t163sb04
下游,邊緣運算_工業AI,6166,凌華,2016,4,income_statement,未實現銷貨（損）益,647,647,sii,https://mopsov.twse.com.tw/mops/web/ajax_t163sb04
下游,邊緣運算_工業AI,6166,凌華,2016,4,income_statement,已實現銷貨（損）益,,--,sii,https://mopsov.twse.com.tw/mops/web/ajax_t163sb04
下游,邊緣運算_工業AI,6166,凌華,2016,4,income_statement,營業毛利（毛損）淨額,4166485,"4,166,485",sii,https://mopsov.twse.com.tw/mops/web/ajax_t163sb04
下游,邊緣運算_工業AI,6166,凌華,2016,4,income_statement,營業費用,3570594,"3,570,594",sii,https://mopsov.twse.com.tw/mops/web/ajax_t163sb04
下游,邊緣運算_工業AI,6166,凌華,2016,4,income_statement,其他收益及費損淨額,,--,sii,https://mopsov.twse.com.tw/mops/web/ajax_t163sb04
下游,邊緣運算_工業AI,6166,凌華,2016,4,income_statement,營業利益（損失）,595891,"595,891",sii,https://mopsov.twse.com.tw/mops/web/ajax_t163sb04
下游,邊緣運算_工業AI,6166,凌華,2016,4,income_statement,營業外收入及支出,-64349,"-64,349",sii,https://mopsov.twse.com.tw/mops/web/ajax_t163sb04
下游,邊緣運算_工業AI,6166,凌華,2016,4,income_statement,稅前淨利（淨損）,531542,"531,542",sii,https://mopsov.twse.com.tw/mops/web/ajax_t163sb04
下游,邊緣運算_工業AI,6166,凌華,2016,4,income_statement,所得稅費用（利益）,100393,"100,393",sii,https://mopsov.twse.com.tw/mops/web/ajax_t163sb04
下游,邊緣運算_工業AI,6166,凌華,2016,4,income_statement,繼續營業單位本期淨利（淨損）,431149,"431,149",sii,https://mopsov.twse.com.tw/mops/web/ajax_t163sb04
下游,邊緣運算_工業AI,6166,凌華,2016,4,income_statement,停業單位損益,,--,sii,https://mopsov.twse.com.tw/mops/web/ajax_t163sb04
下游,邊緣運算_工業AI,6166,凌華,2016,4,income_statement,合併前非屬共同控制股權損益,,--,sii,https://mopsov.twse.com.tw/mops/web/ajax_t163sb04
下游,邊緣運算_工業AI,6166,凌華,2016,4,income_statement,本期淨利（淨損）,431149,"431,149",sii,https://mopsov.twse.com.tw/mops/web/ajax_t163sb04
下游,邊緣運算_工業AI,6166,凌華,2016,4,income_statement,其他綜合損益（淨額）,-188055,"-188,055",sii,https://mopsov.twse.com.tw/mops/web/ajax_t163sb04
下游,邊緣運算_工業AI,6166,凌華,2016,4,income_statement,合併前非屬共同控制股權綜合損益淨額,,--,sii,https://mopsov.twse.com.tw/mops/web/ajax_t163sb04
下游,邊緣運算_工業AI,6166,凌華,2016,4,income_statement,本期綜合損益總額,243094,"243,094",sii,https://mopsov.twse.com.tw/mops/web/ajax_t163sb04
下游,邊緣運算_工業AI,6166,凌華,2016,4,income_statement,淨利（淨損）歸屬於母公司業主,430896,"430,896",sii,https://mopsov.twse.com.tw/mops/web/ajax_t163sb04
下游,邊緣運算_工業AI,6166,凌華,2016,4,income_statement,淨利（淨損）歸屬於共同控制下前手權益,,--,sii,https://mopsov.twse.com.tw/mops/web/ajax_t163sb04
下游,邊緣運算_工業AI,6166,凌華,2016,4,income_statement,淨利（淨損）歸屬於非控制權益,253,253,sii,https://mopsov.twse.com.tw/mops/web/ajax_t163sb04
下游,邊緣運算_工業AI,6166,凌華,2016,4,income_statement,綜合損益總額歸屬於母公司業主,242770,"242,770",sii,https://mopsov.twse.com.tw/mops/web/ajax_t163sb04
下游,邊緣運算_工業AI,6166,凌華,2016,4,income_statement,綜合損益總額歸屬於共同控制下前手權益,,--,sii,https://mopsov.twse.com.tw/mops/web/ajax_t163sb04
下游,邊緣運算_工業AI,6166,凌華,2016,4,income_statement,綜合損益總額歸屬於非控制權益,324,324,sii,https://mopsov.twse.com.tw/mops/web/ajax_t163sb04
下游,邊緣運算_工業AI,6166,凌華,2016,4,income_statement,基本每股盈餘（元）,2.0,2.00,sii,https://mopsov.twse.com.tw/mops/web/ajax_t163sb04
下游,邊緣運算_工業AI,2395,研華,2016,4,balance_sheet,流動資產,21181711,"21,181,711",sii,https://mopsov.twse.com.tw/mops/web/ajax_t163sb05
下游,邊緣運算_工業AI,2395,研華,2016,4,balance_sheet,非流動資產,17357242,"17,357,242",sii,https://mopsov.twse.com.tw/mops/web/ajax_t163sb05
下游,邊緣運算_工業AI,2395,研華,2016,4,balance_sheet,資產總計,38538953,"38,538,953",sii,https://mopsov.twse.com.tw/mops/web/ajax_t163sb05
下游,邊緣運算_工業AI,2395,研華,2016,4,balance_sheet,流動負債,11435611,"11,435,611",sii,https://mopsov.twse.com.tw/mops/web/ajax_t163sb05
下游,邊緣運算_工業AI,2395,研華,2016,4,balance_sheet,非流動負債,1716445,"1,716,445",sii,https://mopsov.twse.com.tw/mops/web/ajax_t163sb05
下游,邊緣運算_工業AI,2395,研華,2016,4,balance_sheet,負債總額,13152056,"13,152,056",sii,https://mopsov.twse.com.tw/mops/web/ajax_t163sb05
下游,邊緣運算_工業AI,2395,研華,2016,4,balance_sheet,股本,6330841,"6,330,841",sii,https://mopsov.twse.com.tw/mops/web/ajax_t163sb05
下游,邊緣運算_工業AI,2395,研華,2016,4,balance_sheet,資本公積,6058884,"6,058,884",sii,https://mopsov.twse.com.tw/mops/web/ajax_t163sb05
下游,邊緣運算_工業AI,2395,研華,2016,4,balance_sheet,保留盈餘,12909061,"12,909,061",sii,https://mopsov.twse.com.tw/mops/web/ajax_t163sb05
下游,邊緣運算_工業AI,2395,研華,2016,4,balance_sheet,其他權益,-85204,"-85,204",sii,https://mopsov.twse.com.tw/mops/web/ajax_t163sb05
下游,邊緣運算_工業AI,2395,研華,2016,4,balance_sheet,庫藏股票,,--,sii,https://mopsov.twse.com.tw/mops/web/ajax_t163sb05
下游,邊緣運算_工業AI,2395,研華,2016,4,balance_sheet,歸屬於母公司業主之權益合計,25213582,"25,213,582",sii,https://mopsov.twse.com.tw/mops/web/ajax_t163sb05
下游,邊緣運算_工業AI,2395,研華,2016,4,balance_sheet,共同控制下前手權益,,--,sii,https://mopsov.twse.com.tw/mops/web/ajax_t163sb05
下游,邊緣運算_工業AI,2395,研華,2016,4,balance_sheet,合併前非屬共同控制股權,,--,sii,https://mopsov.twse.com.tw/mops/web/ajax_t163sb05
下游,邊緣運算_工業AI,2395,研華,2016,4,balance_sheet,非控制權益,173315,"173,315",sii,https://mopsov.twse.com.tw/mops/web/ajax_t163sb05
下游,邊緣運算_工業AI,2395,研華,2016,4,balance_sheet,權益總額,25386897,"25,386,897",sii,https://mopsov.twse.com.tw/mops/web/ajax_t163sb05
下游,邊緣運算_工業AI,2395,研華,2016,4,balance_sheet,待註銷股本股數（單位：股）,0,0,sii,https://mopsov.twse.com.tw/mops/web/ajax_t163sb05
下游,邊緣運算_工業AI,2395,研華,2016,4,balance_sheet,預收股款（權益項下）之約當發行股數（單位：股）,10,10,sii,https://mopsov.twse.com.tw/mops/web/ajax_t163sb05
下游,邊緣運算_工業AI,2395,研華,2016,4,balance_sheet,母公司暨子公司所持有之母公司庫藏股股數（單位：股）,0,0,sii,https://mopsov.twse.com.tw/mops/web/ajax_t163sb05
下游,邊緣運算_工業AI,2395,研華,2016,4,balance_sheet,每股參考淨值,39.83,39.83,sii,https://mopsov.twse.com.tw/mops/web/ajax_t163sb05
下游,邊緣運算_工業AI,6166,凌華,2016,4,balance_sheet,流動資產,5803542,"5,803,542",sii,https://mopsov.twse.com.tw/mops/web/ajax_t163sb05
下游,邊緣運算_工業AI,6166,凌華,2016,4,balance_sheet,非流動資產,2266420,"2,266,420",sii,https://mopsov.twse.com.tw/mops/web/ajax_t163sb05
下游,邊緣運算_工業AI,6166,凌華,2016,4,balance_sheet,資產總計,8069962,"8,069,962",sii,https://mopsov.twse.com.tw/mops/web/ajax_t163sb05
下游,邊緣運算_工業AI,6166,凌華,2016,4,balance_sheet,流動負債,3131454,"3,131,454",sii,https://mopsov.twse.com.tw/mops/web/ajax_t163sb05
下游,邊緣運算_工業AI,6166,凌華,2016,4,balance_sheet,非流動負債,252476,"252,476",sii,https://mopsov.twse.com.tw/mops/web/ajax_t163sb05
下游,邊緣運算_工業AI,6166,凌華,2016,4,balance_sheet,負債總額,3383930,"3,383,930",sii,https://mopsov.twse.com.tw/mops/web/ajax_t163sb05
下游,邊緣運算_工業AI,6166,凌華,2016,4,balance_sheet,股本,2175619,"2,175,619",sii,https://mopsov.twse.com.tw/mops/web/ajax_t163sb05
下游,邊緣運算_工業AI,6166,凌華,2016,4,balance_sheet,資本公積,1575678,"1,575,678",sii,https://mopsov.twse.com.tw/mops/web/ajax_t163sb05
下游,邊緣運算_工業AI,6166,凌華,2016,4,balance_sheet,保留盈餘,1033721,"1,033,721",sii,https://mopsov.twse.com.tw/mops/web/ajax_t163sb05
下游,邊緣運算_工業AI,6166,凌華,2016,4,balance_sheet,其他權益,-107825,"-107,825",sii,https://mopsov.twse.com.tw/mops/web/ajax_t163sb05
下游,邊緣運算_工業AI,6166,凌華,2016,4,balance_sheet,庫藏股票,,--,sii,https://mopsov.twse.com.tw/mops/web/ajax_t163sb05
下游,邊緣運算_工業AI,6166,凌華,2016,4,balance_sheet,歸屬於母公司業主之權益合計,4677193,"4,677,193",sii,https://mopsov.twse.com.tw/mops/web/ajax_t163sb05
下游,邊緣運算_工業AI,6166,凌華,2016,4,balance_sheet,共同控制下前手權益,,--,sii,https://mopsov.twse.com.tw/mops/web/ajax_t163sb05
下游,邊緣運算_工業AI,6166,凌華,2016,4,balance_sheet,合併前非屬共同控制股權,,--,sii,https://mopsov.twse.com.tw/mops/web/ajax_t163sb05
下游,邊緣運算_工業AI,6166,凌華,2016,4,balance_sheet,非控制權益,8839,"8,839",sii,https://mopsov.twse.com.tw/mops/web/ajax_t163sb05
下游,邊緣運算_工業AI,6166,凌華,2016,4,balance_sheet,權益總額,4686032,"4,686,032",sii,https://mopsov.twse.com.tw/mops/web/ajax_t163sb05
下游,邊緣運算_工業AI,6166,凌華,2016,4,balance_sheet,待註銷股本股數（單位：股）,,--,sii,https://mopsov.twse.com.tw/mops/web/ajax_t163sb05
下游,邊緣運算_工業AI,6166,凌華,2016,4,balance_sheet,預收股款（權益項下）之約當發行股數（單位：股）,4000,"4,000",sii,https://mopsov.twse.com.tw/mops/web/ajax_t163sb05
下游,邊緣運算_工業AI,6166,凌華,2016,4,balance_sheet,母公司暨子公司所持有之母公司庫藏股股數（單位：股）,0,0,sii,https://mopsov.twse.com.tw/mops/web/ajax_t163sb05
下游,邊緣運算_工業AI,6166,凌華,2016,4,balance_sheet,每股參考淨值,21.5,21.50,sii,https://mopsov.twse.com.tw/mops/web/ajax_t163sb05
下游,邊緣運算_工業AI,2395,研華,2016,4,cash_flow,營業活動之淨現金流入（流出）,8014575,"8,014,575",sii,https://mopsov.twse.com.tw/mops/web/ajax_t163sb20
下游,邊緣運算_工業AI,2395,研華,2016,4,cash_flow,投資活動之淨現金流入（流出）,-3430233,"-3,430,233",sii,https://mopsov.twse.com.tw/mops/web/ajax_t163sb20
下游,邊緣運算_工業AI,2395,研華,2016,4,cash_flow,籌資活動之淨現金流入（流出）,-4037879,"-4,037,879",sii,https://mopsov.twse.com.tw/mops/web/ajax_t163sb20
下游,邊緣運算_工業AI,2395,研華,2016,4,cash_flow,匯率變動對現金及約當現金之影響,-267145,"-267,145",sii,https://mopsov.twse.com.tw/mops/web/ajax_t163sb20
下游,邊緣運算_工業AI,2395,研華,2016,4,cash_flow,本期現金及約當現金增加（減少）數,279318,"279,318",sii,https://mopsov.twse.com.tw/mops/web/ajax_t163sb20
下游,邊緣運算_工業AI,2395,研華,2016,4,cash_flow,期初現金及約當現金餘額,4358259,"4,358,259",sii,https://mopsov.twse.com.tw/mops/web/ajax_t163sb20
下游,邊緣運算_工業AI,2395,研華,2016,4,cash_flow,期末現金及約當現金餘額,4637577,"4,637,577",sii,https://mopsov.twse.com.tw/mops/web/ajax_t163sb20
下游,邊緣運算_工業AI,6166,凌華,2016,4,cash_flow,營業活動之淨現金流入（流出）,687870,"687,870",sii,https://mopsov.twse.com.tw/mops/web/ajax_t163sb20
下游,邊緣運算_工業AI,6166,凌華,2016,4,cash_flow,投資活動之淨現金流入（流出）,-368210,"-368,210",sii,https://mopsov.twse.com.tw/mops/web/ajax_t163sb20
下游,邊緣運算_工業AI,6166,凌華,2016,4,cash_flow,籌資活動之淨現金流入（流出）,-324176,"-324,176",sii,https://mopsov.twse.com.tw/mops/web/ajax_t163sb20
下游,邊緣運算_工業AI,6166,凌華,2016,4,cash_flow,匯率變動對現金及約當現金之影響,-40850,"-40,850",sii,https://mopsov.twse.com.tw/mops/web/ajax_t163sb20
下游,邊緣運算_工業AI,6166,凌華,2016,4,cash_flow,本期現金及約當現金增加（減少）數,-45366,"-45,366",sii,https://mopsov.twse.com.tw/mops/web/ajax_t163sb20
下游,邊緣運算_工業AI,6166,凌華,2016,4,cash_flow,期初現金及約當現金餘額,1571964,"1,571,964",sii,https://mopsov.twse.com.tw/mops/web/ajax_t163sb20
下游,邊緣運算_工業AI,6166,凌華,2016,4,cash_flow,期末現金及約當現金餘額,1526598,"1,526,598",sii,https://mopsov.twse.com.tw/mops/web/ajax_t163sb20
下游,邊緣運算_工業AI,2395,研華,2017,1,income_statement,營業收入,10006239,"10,006,239",sii,https://mopsov.twse.com.tw/mops/web/ajax_t163sb04
下游,邊緣運算_工業AI,2395,研華,2017,1,income_statement,營業成本,5954901,"5,954,901",sii,https://mopsov.twse.com.tw/mops/web/ajax_t163sb04
下游,邊緣運算_工業AI,2395,研華,2017,1,income_statement,原始認列生物資產及農產品之利益（損失）,,--,sii,https://mopsov.twse.com.tw/mops/web/ajax_t163sb04
下游,邊緣運算_工業AI,2395,研華,2017,1,income_statement,生物資產當期公允價值減出售成本之變動利益（損失）,,--,sii,https://mopsov.twse.com.tw/mops/web/ajax_t163sb04
下游,邊緣運算_工業AI,2395,研華,2017,1,income_statement,營業毛利（毛損）,4051338,"4,051,338",sii,https://mopsov.twse.com.tw/mops/web/ajax_t163sb04
下游,邊緣運算_工業AI,2395,研華,2017,1,income_statement,未實現銷貨（損）益,,--,sii,https://mopsov.twse.com.tw/mops/web/ajax_t163sb04
下游,邊緣運算_工業AI,2395,研華,2017,1,income_statement,已實現銷貨（損）益,,--,sii,https://mopsov.twse.com.tw/mops/web/ajax_t163sb04
下游,邊緣運算_工業AI,2395,研華,2017,1,income_statement,營業毛利（毛損）淨額,4051338,"4,051,338",sii,https://mopsov.twse.com.tw/mops/web/ajax_t163sb04
下游,邊緣運算_工業AI,2395,研華,2017,1,income_statement,營業費用,2548039,"2,548,039",sii,https://mopsov.twse.com.tw/mops/web/ajax_t163sb04
下游,邊緣運算_工業AI,2395,研華,2017,1,income_statement,其他收益及費損淨額,,--,sii,https://mopsov.twse.com.tw/mops/web/ajax_t163sb04
下游,邊緣運算_工業AI,2395,研華,2017,1,income_statement,營業利益（損失）,1503299,"1,503,299",sii,https://mopsov.twse.com.tw/mops/web/ajax_t163sb04
下游,邊緣運算_工業AI,2395,研華,2017,1,income_statement,營業外收入及支出,-4380,"-4,380",sii,https://mopsov.twse.com.tw/mops/web/ajax_t163sb04
下游,邊緣運算_工業AI,2395,研華,2017,1,income_statement,稅前淨利（淨損）,1498919,"1,498,919",sii,https://mopsov.twse.com.tw/mops/web/ajax_t163sb04
下游,邊緣運算_工業AI,2395,研華,2017,1,income_statement,所得稅費用（利益）,293406,"293,406",sii,https://mopsov.twse.com.tw/mops/web/ajax_t163sb04
下游,邊緣運算_工業AI,2395,研華,2017,1,income_statement,繼續營業單位本期淨利（淨損）,1205513,"1,205,513",sii,https://mopsov.twse.com.tw/mops/web/ajax_t163sb04
下游,邊緣運算_工業AI,2395,研華,2017,1,income_statement,停業單位損益,,--,sii,https://mopsov.twse.com.tw/mops/web/ajax_t163sb04
下游,邊緣運算_工業AI,2395,研華,2017,1,income_statement,合併前非屬共同控制股權損益,,--,sii,https://mopsov.twse.com.tw/mops/web/ajax_t163sb04
下游,邊緣運算_工業AI,2395,研華,2017,1,income_statement,本期淨利（淨損）,1205513,"1,205,513",sii,https://mopsov.twse.com.tw/mops/web/ajax_t163sb04
下游,邊緣運算_工業AI,2395,研華,2017,1,income_statement,其他綜合損益（淨額）,-301572,"-301,572",sii,https://mopsov.twse.com.tw/mops/web/ajax_t163sb04
下游,邊緣運算_工業AI,2395,研華,2017,1,income_statement,合併前非屬共同控制股權綜合損益淨額,,--,sii,https://mopsov.twse.com.tw/mops/web/ajax_t163sb04
下游,邊緣運算_工業AI,2395,研華,2017,1,income_statement,本期綜合損益總額,903941,"903,941",sii,https://mopsov.twse.com.tw/mops/web/ajax_t163sb04
下游,邊緣運算_工業AI,2395,研華,2017,1,income_statement,淨利（淨損）歸屬於母公司業主,1205040,"1,205,040",sii,https://mopsov.twse.com.tw/mops/web/ajax_t163sb04
下游,邊緣運算_工業AI,2395,研華,2017,1,income_statement,淨利（淨損）歸屬於共同控制下前手權益,,--,sii,https://mopsov.twse.com.tw/mops/web/ajax_t163sb04
下游,邊緣運算_工業AI,2395,研華,2017,1,income_statement,淨利（淨損）歸屬於非控制權益,473,473,sii,https://mopsov.twse.com.tw/mops/web/ajax_t163sb04
下游,邊緣運算_工業AI,2395,研華,2017,1,income_statement,綜合損益總額歸屬於母公司業主,906923,"906,923",sii,https://mopsov.twse.com.tw/mops/web/ajax_t163sb04
下游,邊緣運算_工業AI,2395,研華,2017,1,income_statement,綜合損益總額歸屬於共同控制下前手權益,,--,sii,https://mopsov.twse.com.tw/mops/web/ajax_t163sb04
下游,邊緣運算_工業AI,2395,研華,2017,1,income_statement,綜合損益總額歸屬於非控制權益,-2982,"-2,982",sii,https://mopsov.twse.com.tw/mops/web/ajax_t163sb04
下游,邊緣運算_工業AI,2395,研華,2017,1,income_statement,基本每股盈餘（元）,1.9,1.90,sii,https://mopsov.twse.com.tw/mops/web/ajax_t163sb04
下游,邊緣運算_工業AI,6166,凌華,2017,1,income_statement,營業收入,2302774,"2,302,774",sii,https://mopsov.twse.com.tw/mops/web/ajax_t163sb04
下游,邊緣運算_工業AI,6166,凌華,2017,1,income_statement,營業成本,1385561,"1,385,561",sii,https://mopsov.twse.com.tw/mops/web/ajax_t163sb04
下游,邊緣運算_工業AI,6166,凌華,2017,1,income_statement,原始認列生物資產及農產品之利益（損失）,,--,sii,https://mopsov.twse.com.tw/mops/web/ajax_t163sb04
下游,邊緣運算_工業AI,6166,凌華,2017,1,income_statement,生物資產當期公允價值減出售成本之變動利益（損失）,,--,sii,https://mopsov.twse.com.tw/mops/web/ajax_t163sb04
下游,邊緣運算_工業AI,6166,凌華,2017,1,income_statement,營業毛利（毛損）,917213,"917,213",sii,https://mopsov.twse.com.tw/mops/web/ajax_t163sb04
下游,邊緣運算_工業AI,6166,凌華,2017,1,income_statement,未實現銷貨（損）益,384,384,sii,https://mopsov.twse.com.tw/mops/web/ajax_t163sb04
下游,邊緣運算_工業AI,6166,凌華,2017,1,income_statement,已實現銷貨（損）益,,--,sii,https://mopsov.twse.com.tw/mops/web/ajax_t163sb04
下游,邊緣運算_工業AI,6166,凌華,2017,1,income_statement,營業毛利（毛損）淨額,916829,"916,829",sii,https://mopsov.twse.com.tw/mops/web/ajax_t163sb04
下游,邊緣運算_工業AI,6166,凌華,2017,1,income_statement,營業費用,807677,"807,677",sii,https://mopsov.twse.com.tw/mops/web/ajax_t163sb04
下游,邊緣運算_工業AI,6166,凌華,2017,1,income_statement,其他收益及費損淨額,,--,sii,https://mopsov.twse.com.tw/mops/web/ajax_t163sb04
下游,邊緣運算_工業AI,6166,凌華,2017,1,income_statement,營業利益（損失）,109152,"109,152",sii,https://mopsov.twse.com.tw/mops/web/ajax_t163sb04
下游,邊緣運算_工業AI,6166,凌華,2017,1,income_statement,營業外收入及支出,-70018,"-70,018",sii,https://mopsov.twse.com.tw/mops/web/ajax_t163sb04
下游,邊緣運算_工業AI,6166,凌華,2017,1,income_statement,稅前淨利（淨損）,39134,"39,134",sii,https://mopsov.twse.com.tw/mops/web/ajax_t163sb04
下游,邊緣運算_工業AI,6166,凌華,2017,1,income_statement,所得稅費用（利益）,15320,"15,320",sii,https://mopsov.twse.com.tw/mops/web/ajax_t163sb04
下游,邊緣運算_工業AI,6166,凌華,2017,1,income_statement,繼續營業單位本期淨利（淨損）,23814,"23,814",sii,https://mopsov.twse.com.tw/mops/web/ajax_t163sb04
下游,邊緣運算_工業AI,6166,凌華,2017,1,income_statement,停業單位損益,,--,sii,https://mopsov.twse.com.tw/mops/web/ajax_t163sb04
下游,邊緣運算_工業AI,6166,凌華,2017,1,income_statement,合併前非屬共同控制股權損益,,--,sii,https://mopsov.twse.com.tw/mops/web/ajax_t163sb04
下游,邊緣運算_工業AI,6166,凌華,2017,1,income_statement,本期淨利（淨損）,23814,"23,814",sii,https://mopsov.twse.com.tw/mops/web/ajax_t163sb04
下游,邊緣運算_工業AI,6166,凌華,2017,1,income_statement,其他綜合損益（淨額）,-110701,"-110,701",sii,https://mopsov.twse.com.tw/mops/web/ajax_t163sb04
下游,邊緣運算_工業AI,6166,凌華,2017,1,income_statement,合併前非屬共同控制股權綜合損益淨額,,--,sii,https://mopsov.twse.com.tw/mops/web/ajax_t163sb04
下游,邊緣運算_工業AI,6166,凌華,2017,1,income_statement,本期綜合損益總額,-86887,"-86,887",sii,https://mopsov.twse.com.tw/mops/web/ajax_t163sb04
下游,邊緣運算_工業AI,6166,凌華,2017,1,income_statement,淨利（淨損）歸屬於母公司業主,23480,"23,480",sii,https://mopsov.twse.com.tw/mops/web/ajax_t163sb04
下游,邊緣運算_工業AI,6166,凌華,2017,1,income_statement,淨利（淨損）歸屬於共同控制下前手權益,,--,sii,https://mopsov.twse.com.tw/mops/web/ajax_t163sb04
下游,邊緣運算_工業AI,6166,凌華,2017,1,income_statement,淨利（淨損）歸屬於非控制權益,334,334,sii,https://mopsov.twse.com.tw/mops/web/ajax_t163sb04
下游,邊緣運算_工業AI,6166,凌華,2017,1,income_statement,綜合損益總額歸屬於母公司業主,-87081,"-87,081",sii,https://mopsov.twse.com.tw/mops/web/ajax_t163sb04
下游,邊緣運算_工業AI,6166,凌華,2017,1,income_statement,綜合損益總額歸屬於共同控制下前手權益,,--,sii,https://mopsov.twse.com.tw/mops/web/ajax_t163sb04
下游,邊緣運算_工業AI,6166,凌華,2017,1,income_statement,綜合損益總額歸屬於非控制權益,194,194,sii,https://mopsov.twse.com.tw/mops/web/ajax_t163sb04
下游,邊緣運算_工業AI,6166,凌華,2017,1,income_statement,基本每股盈餘（元）,0.11,0.11,sii,https://mopsov.twse.com.tw/mops/web/ajax_t163sb04
下游,邊緣運算_工業AI,2395,研華,2017,1,balance_sheet,流動資產,20154938,"20,154,938",sii,https://mopsov.twse.com.tw/mops/web/ajax_t163sb05
下游,邊緣運算_工業AI,2395,研華,2017,1,balance_sheet,非流動資產,17178233,"17,178,233",sii,https://mopsov.twse.com.tw/mops/web/ajax_t163sb05
下游,邊緣運算_工業AI,2395,研華,2017,1,balance_sheet,資產總計,37333171,"37,333,171",sii,https://mopsov.twse.com.tw/mops/web/ajax_t163sb05
下游,邊緣運算_工業AI,2395,研華,2017,1,balance_sheet,流動負債,9253813,"9,253,813",sii,https://mopsov.twse.com.tw/mops/web/ajax_t163sb05
下游,邊緣運算_工業AI,2395,研華,2017,1,balance_sheet,非流動負債,1644821,"1,644,821",sii,https://mopsov.twse.com.tw/mops/web/ajax_t163sb05
下游,邊緣運算_工業AI,2395,研華,2017,1,balance_sheet,負債總額,10898634,"10,898,634",sii,https://mopsov.twse.com.tw/mops/web/ajax_t163sb05
下游,邊緣運算_工業AI,2395,研華,2017,1,balance_sheet,股本,6332541,"6,332,541",sii,https://mopsov.twse.com.tw/mops/web/ajax_t163sb05
下游,邊緣運算_工業AI,2395,研華,2017,1,balance_sheet,資本公積,6185680,"6,185,680",sii,https://mopsov.twse.com.tw/mops/web/ajax_t163sb05
下游,邊緣運算_工業AI,2395,研華,2017,1,balance_sheet,保留盈餘,14114101,"14,114,101",sii,https://mopsov.twse.com.tw/mops/web/ajax_t163sb05
下游,邊緣運算_工業AI,2395,研華,2017,1,balance_sheet,其他權益,-383321,"-383,321",sii,https://mopsov.twse.com.tw/mops/web/ajax_t163sb05
下游,邊緣運算_工業AI,2395,研華,2017,1,balance_sheet,庫藏股票,,--,sii,https://mopsov.twse.com.tw/mops/web/ajax_t163sb05
下游,邊緣運算_工業AI,2395,研華,2017,1,balance_sheet,歸屬於母公司業主之權益合計,26249001,"26,249,001",sii,https://mopsov.twse.com.tw/mops/web/ajax_t163sb05
下游,邊緣運算_工業AI,2395,研華,2017,1,balance_sheet,共同控制下前手權益,,--,sii,https://mopsov.twse.com.tw/mops/web/ajax_t163sb05
下游,邊緣運算_工業AI,2395,研華,2017,1,balance_sheet,合併前非屬共同控制股權,,--,sii,https://mopsov.twse.com.tw/mops/web/ajax_t163sb05
下游,邊緣運算_工業AI,2395,研華,2017,1,balance_sheet,非控制權益,185536,"185,536",sii,https://mopsov.twse.com.tw/mops/web/ajax_t163sb05
下游,邊緣運算_工業AI,2395,研華,2017,1,balance_sheet,權益總額,26434537,"26,434,537",sii,https://mopsov.twse.com.tw/mops/web/ajax_t163sb05
下游,邊緣運算_工業AI,2395,研華,2017,1,balance_sheet,待註銷股本股數（單位：股）,0,0,sii,https://mopsov.twse.com.tw/mops/web/ajax_t163sb05
下游,邊緣運算_工業AI,2395,研華,2017,1,balance_sheet,預收股款（權益項下）之約當發行股數（單位：股）,0,0,sii,https://mopsov.twse.com.tw/mops/web/ajax_t163sb05
下游,邊緣運算_工業AI,2395,研華,2017,1,balance_sheet,母公司暨子公司所持有之母公司庫藏股股數（單位：股）,0,0,sii,https://mopsov.twse.com.tw/mops/web/ajax_t163sb05
下游,邊緣運算_工業AI,2395,研華,2017,1,balance_sheet,每股參考淨值,41.45,41.45,sii,https://mopsov.twse.com.tw/mops/web/ajax_t163sb05
下游,邊緣運算_工業AI,6166,凌華,2017,1,balance_sheet,流動資產,5995257,"5,995,257",sii,https://mopsov.twse.com.tw/mops/web/ajax_t163sb05
下游,邊緣運算_工業AI,6166,凌華,2017,1,balance_sheet,非流動資產,2195232,"2,195,232",sii,https://mopsov.twse.com.tw/mops/web/ajax_t163sb05
下游,邊緣運算_工業AI,6166,凌華,2017,1,balance_sheet,資產總計,8190489,"8,190,489",sii,https://mopsov.twse.com.tw/mops/web/ajax_t163sb05
下游,邊緣運算_工業AI,6166,凌華,2017,1,balance_sheet,流動負債,3416127,"3,416,127",sii,https://mopsov.twse.com.tw/mops/web/ajax_t163sb05
下游,邊緣運算_工業AI,6166,凌華,2017,1,balance_sheet,非流動負債,167633,"167,633",sii,https://mopsov.twse.com.tw/mops/web/ajax_t163sb05
下游,邊緣運算_工業AI,6166,凌華,2017,1,balance_sheet,負債總額,3583760,"3,583,760",sii,https://mopsov.twse.com.tw/mops/web/ajax_t163sb05
下游,邊緣運算_工業AI,6166,凌華,2017,1,balance_sheet,股本,2175679,"2,175,679",sii,https://mopsov.twse.com.tw/mops/web/ajax_t163sb05
下游,邊緣運算_工業AI,6166,凌華,2017,1,balance_sheet,資本公積,1575740,"1,575,740",sii,https://mopsov.twse.com.tw/mops/web/ajax_t163sb05
下游,邊緣運算_工業AI,6166,凌華,2017,1,balance_sheet,保留盈餘,1057201,"1,057,201",sii,https://mopsov.twse.com.tw/mops/web/ajax_t163sb05
下游,邊緣運算_工業AI,6166,凌華,2017,1,balance_sheet,其他權益,-210924,"-210,924",sii,https://mopsov.twse.com.tw/mops/web/ajax_t163sb05
下游,邊緣運算_工業AI,6166,凌華,2017,1,balance_sheet,庫藏股票,,--,sii,https://mopsov.twse.com.tw/mops/web/ajax_t163sb05
下游,邊緣運算_工業AI,6166,凌華,2017,1,balance_sheet,歸屬於母公司業主之權益合計,4597696,"4,597,696",sii,https://mopsov.twse.com.tw/mops/web/ajax_t163sb05
下游,邊緣運算_工業AI,6166,凌華,2017,1,balance_sheet,共同控制下前手權益,,--,sii,https://mopsov.twse.com.tw/mops/web/ajax_t163sb05
下游,邊緣運算_工業AI,6166,凌華,2017,1,balance_sheet,合併前非屬共同控制股權,,--,sii,https://mopsov.twse.com.tw/mops/web/ajax_t163sb05
下游,邊緣運算_工業AI,6166,凌華,2017,1,balance_sheet,非控制權益,9033,"9,033",sii,https://mopsov.twse.com.tw/mops/web/ajax_t163sb05
下游,邊緣運算_工業AI,6166,凌華,2017,1,balance_sheet,權益總額,4606729,"4,606,729",sii,https://mopsov.twse.com.tw/mops/web/ajax_t163sb05
下游,邊緣運算_工業AI,6166,凌華,2017,1,balance_sheet,待註銷股本股數（單位：股）,,--,sii,https://mopsov.twse.com.tw/mops/web/ajax_t163sb05
下游,邊緣運算_工業AI,6166,凌華,2017,1,balance_sheet,預收股款（權益項下）之約當發行股數（單位：股）,0,0,sii,https://mopsov.twse.com.tw/mops/web/ajax_t163sb05
下游,邊緣運算_工業AI,6166,凌華,2017,1,balance_sheet,母公司暨子公司所持有之母公司庫藏股股數（單位：股）,0,0,sii,https://mopsov.twse.com.tw/mops/web/ajax_t163sb05
下游,邊緣運算_工業AI,6166,凌華,2017,1,balance_sheet,每股參考淨值,21.13,21.13,sii,https://mopsov.twse.com.tw/mops/web/ajax_t163sb05
下游,邊緣運算_工業AI,2395,研華,2017,1,cash_flow,營業活動之淨現金流入（流出）,-420826,"-420,826",sii,https://mopsov.twse.com.tw/mops/web/ajax_t163sb20
下游,邊緣運算_工業AI,2395,研華,2017,1,cash_flow,投資活動之淨現金流入（流出）,-316267,"-316,267",sii,https://mopsov.twse.com.tw/mops/web/ajax_t163sb20
下游,邊緣運算_工業AI,2395,研華,2017,1,cash_flow,籌資活動之淨現金流入（流出）,25443,"25,443",sii,https://mopsov.twse.com.tw/mops/web/ajax_t163sb20
下游,邊緣運算_工業AI,2395,研華,2017,1,cash_flow,匯率變動對現金及約當現金之影響,-247833,"-247,833",sii,https://mopsov.twse.com.tw/mops/web/ajax_t163sb20
下游,邊緣運算_工業AI,2395,研華,2017,1,cash_flow,本期現金及約當現金增加（減少）數,-959483,"-959,483",sii,https://mopsov.twse.com.tw/mops/web/ajax_t163sb20
下游,邊緣運算_工業AI,2395,研華,2017,1,cash_flow,期初現金及約當現金餘額,4637577,"4,637,577",sii,https://mopsov.twse.com.tw/mops/web/ajax_t163sb20
下游,邊緣運算_工業AI,2395,研華,2017,1,cash_flow,期末現金及約當現金餘額,3678094,"3,678,094",sii,https://mopsov.twse.com.tw/mops/web/ajax_t163sb20
下游,邊緣運算_工業AI,6166,凌華,2017,1,cash_flow,營業活動之淨現金流入（流出）,363299,"363,299",sii,https://mopsov.twse.com.tw/mops/web/ajax_t163sb20
下游,邊緣運算_工業AI,6166,凌華,2017,1,cash_flow,投資活動之淨現金流入（流出）,-107136,"-107,136",sii,https://mopsov.twse.com.tw/mops/web/ajax_t163sb20
下游,邊緣運算_工業AI,6166,凌華,2017,1,cash_flow,籌資活動之淨現金流入（流出）,24148,"24,148",sii,https://mopsov.twse.com.tw/mops/web/ajax_t163sb20
下游,邊緣運算_工業AI,6166,凌華,2017,1,cash_flow,匯率變動對現金及約當現金之影響,-80310,"-80,310",sii,https://mopsov.twse.com.tw/mops/web/ajax_t163sb20
下游,邊緣運算_工業AI,6166,凌華,2017,1,cash_flow,本期現金及約當現金增加（減少）數,200001,"200,001",sii,https://mopsov.twse.com.tw/mops/web/ajax_t163sb20
下游,邊緣運算_工業AI,6166,凌華,2017,1,cash_flow,期初現金及約當現金餘額,1526598,"1,526,598",sii,https://mopsov.twse.com.tw/mops/web/ajax_t163sb20
下游,邊緣運算_工業AI,6166,凌華,2017,1,cash_flow,期末現金及約當現金餘額,1726599,"1,726,599",sii,https://mopsov.twse.com.tw/mops/web/ajax_t163sb20
下游,邊緣運算_工業AI,2395,研華,2017,2,income_statement,營業收入,21412347,"21,412,347",sii,https://mopsov.twse.com.tw/mops/web/ajax_t163sb04
下游,邊緣運算_工業AI,2395,研華,2017,2,income_statement,營業成本,12960299,"12,960,299",sii,https://mopsov.twse.com.tw/mops/web/ajax_t163sb04
下游,邊緣運算_工業AI,2395,研華,2017,2,income_statement,原始認列生物資產及農產品之利益（損失）,,--,sii,https://mopsov.twse.com.tw/mops/web/ajax_t163sb04
下游,邊緣運算_工業AI,2395,研華,2017,2,income_statement,生物資產當期公允價值減出售成本之變動利益（損失）,,--,sii,https://mopsov.twse.com.tw/mops/web/ajax_t163sb04
下游,邊緣運算_工業AI,2395,研華,2017,2,income_statement,營業毛利（毛損）,8452048,"8,452,048",sii,https://mopsov.twse.com.tw/mops/web/ajax_t163sb04
下游,邊緣運算_工業AI,2395,研華,2017,2,income_statement,未實現銷貨（損）益,,--,sii,https://mopsov.twse.com.tw/mops/web/ajax_t163sb04
下游,邊緣運算_工業AI,2395,研華,2017,2,income_statement,已實現銷貨（損）益,,--,sii,https://mopsov.twse.com.tw/mops/web/ajax_t163sb04
下游,邊緣運算_工業AI,2395,研華,2017,2,income_statement,營業毛利（毛損）淨額,8452048,"8,452,048",sii,https://mopsov.twse.com.tw/mops/web/ajax_t163sb04
下游,邊緣運算_工業AI,2395,研華,2017,2,income_statement,營業費用,5195616,"5,195,616",sii,https://mopsov.twse.com.tw/mops/web/ajax_t163sb04
下游,邊緣運算_工業AI,2395,研華,2017,2,income_statement,其他收益及費損淨額,,--,sii,https://mopsov.twse.com.tw/mops/web/ajax_t163sb04
下游,邊緣運算_工業AI,2395,研華,2017,2,income_statement,營業利益（損失）,3256432,"3,256,432",sii,https://mopsov.twse.com.tw/mops/web/ajax_t163sb04
下游,邊緣運算_工業AI,2395,研華,2017,2,income_statement,營業外收入及支出,382064,"382,064",sii,https://mopsov.twse.com.tw/mops/web/ajax_t163sb04
下游,邊緣運算_工業AI,2395,研華,2017,2,income_statement,稅前淨利（淨損）,3638496,"3,638,496",sii,https://mopsov.twse.com.tw/mops/web/ajax_t163sb04
下游,邊緣運算_工業AI,2395,研華,2017,2,income_statement,所得稅費用（利益）,710411,"710,411",sii,https://mopsov.twse.com.tw/mops/web/ajax_t163sb04
下游,邊緣運算_工業AI,2395,研華,2017,2,income_statement,繼續營業單位本期淨利（淨損）,2928085,"2,928,085",sii,https://mopsov.twse.com.tw/mops/web/ajax_t163sb04
下游,邊緣運算_工業AI,2395,研華,2017,2,income_statement,停業單位損益,,--,sii,https://mopsov.twse.com.tw/mops/web/ajax_t163sb04
下游,邊緣運算_工業AI,2395,研華,2017,2,income_statement,合併前非屬共同控制股權損益,,--,sii,https://mopsov.twse.com.tw/mops/web/ajax_t163sb04
下游,邊緣運算_工業AI,2395,研華,2017,2,income_statement,本期淨利（淨損）,2928085,"2,928,085",sii,https://mopsov.twse.com.tw/mops/web/ajax_t163sb04
下游,邊緣運算_工業AI,2395,研華,2017,2,income_statement,其他綜合損益（淨額）,-49063,"-49,063",sii,https://mopsov.twse.com.tw/mops/web/ajax_t163sb04
下游,邊緣運算_工業AI,2395,研華,2017,2,income_statement,合併前非屬共同控制股權綜合損益淨額,,--,sii,https://mopsov.twse.com.tw/mops/web/ajax_t163sb04
下游,邊緣運算_工業AI,2395,研華,2017,2,income_statement,本期綜合損益總額,2879022,"2,879,022",sii,https://mopsov.twse.com.tw/mops/web/ajax_t163sb04
下游,邊緣運算_工業AI,2395,研華,2017,2,income_statement,淨利（淨損）歸屬於母公司業主,2928675,"2,928,675",sii,https://mopsov.twse.com.tw/mops/web/ajax_t163sb04
下游,邊緣運算_工業AI,2395,研華,2017,2,income_statement,淨利（淨損）歸屬於共同控制下前手權益,,--,sii,https://mopsov.twse.com.tw/mops/web/ajax_t163sb04
下游,邊緣運算_工業AI,2395,研華,2017,2,income_statement,淨利（淨損）歸屬於非控制權益,-590,-590,sii,https://mopsov.twse.com.tw/mops/web/ajax_t163sb04
下游,邊緣運算_工業AI,2395,研華,2017,2,income_statement,綜合損益總額歸屬於母公司業主,2885529,"2,885,529",sii,https://mopsov.twse.com.tw/mops/web/ajax_t163sb04
下游,邊緣運算_工業AI,2395,研華,2017,2,income_statement,綜合損益總額歸屬於共同控制下前手權益,,--,sii,https://mopsov.twse.com.tw/mops/web/ajax_t163sb04
下游,邊緣運算_工業AI,2395,研華,2017,2,income_statement,綜合損益總額歸屬於非控制權益,-6507,"-6,507",sii,https://mopsov.twse.com.tw/mops/web/ajax_t163sb04
下游,邊緣運算_工業AI,2395,研華,2017,2,income_statement,基本每股盈餘（元）,4.2,4.20,sii,https://mopsov.twse.com.tw/mops/web/ajax_t163sb04
下游,邊緣運算_工業AI,6166,凌華,2017,2,income_statement,營業收入,5023419,"5,023,419",sii,https://mopsov.twse.com.tw/mops/web/ajax_t163sb04
下游,邊緣運算_工業AI,6166,凌華,2017,2,income_statement,營業成本,3083881,"3,083,881",sii,https://mopsov.twse.com.tw/mops/web/ajax_t163sb04
下游,邊緣運算_工業AI,6166,凌華,2017,2,income_statement,原始認列生物資產及農產品之利益（損失）,,--,sii,https://mopsov.twse.com.tw/mops/web/ajax_t163sb04
下游,邊緣運算_工業AI,6166,凌華,2017,2,income_statement,生物資產當期公允價值減出售成本之變動利益（損失）,,--,sii,https://mopsov.twse.com.tw/mops/web/ajax_t163sb04
下游,邊緣運算_工業AI,6166,凌華,2017,2,income_statement,營業毛利（毛損）,1939538,"1,939,538",sii,https://mopsov.twse.com.tw/mops/web/ajax_t163sb04
下游,邊緣運算_工業AI,6166,凌華,2017,2,income_statement,未實現銷貨（損）益,212,212,sii,https://mopsov.twse.com.tw/mops/web/ajax_t163sb04
下游,邊緣運算_工業AI,6166,凌華,2017,2,income_statement,已實現銷貨（損）益,,--,sii,https://mopsov.twse.com.tw/mops/web/ajax_t163sb04
下游,邊緣運算_工業AI,6166,凌華,2017,2,income_statement,營業毛利（毛損）淨額,1939326,"1,939,326",sii,https://mopsov.twse.com.tw/mops/web/ajax_t163sb04
下游,邊緣運算_工業AI,6166,凌華,2017,2,income_statement,營業費用,1717141,"1,717,141",sii,https://mopsov.twse.com.tw/mops/web/ajax_t163sb04
下游,邊緣運算_工業AI,6166,凌華,2017,2,income_statement,其他收益及費損淨額,,--,sii,https://mopsov.twse.com.tw/mops/web/ajax_t163sb04
下游,邊緣運算_工業AI,6166,凌華,2017,2,income_statement,營業利益（損失）,222185,"222,185",sii,https://mopsov.twse.com.tw/mops/web/ajax_t163sb04
下游,邊緣運算_工業AI,6166,凌華,2017,2,income_statement,營業外收入及支出,-33590,"-33,590",sii,https://mopsov.twse.com.tw/mops/web/ajax_t163sb04
下游,邊緣運算_工業AI,6166,凌華,2017,2,income_statement,稅前淨利（淨損）,188595,"188,595",sii,https://mopsov.twse.com.tw/mops/web/ajax_t163sb04
下游,邊緣運算_工業AI,6166,凌華,2017,2,income_statement,所得稅費用（利益）,43189,"43,189",sii,https://mopsov.twse.com.tw/mops/web/ajax_t163sb04
下游,邊緣運算_工業AI,6166,凌華,2017,2,income_statement,繼續營業單位本期淨利（淨損）,145406,"145,406",sii,https://mopsov.twse.com.tw/mops/web/ajax_t163sb04
下游,邊緣運算_工業AI,6166,凌華,2017,2,income_statement,停業單位損益,,--,sii,https://mopsov.twse.com.tw/mops/web/ajax_t163sb04
下游,邊緣運算_工業AI,6166,凌華,2017,2,income_statement,合併前非屬共同控制股權損益,,--,sii,https://mopsov.twse.com.tw/mops/web/ajax_t163sb04
下游,邊緣運算_工業AI,6166,凌華,2017,2,income_statement,本期淨利（淨損）,145406,"145,406",sii,https://mopsov.twse.com.tw/mops/web/ajax_t163sb04
下游,邊緣運算_工業AI,6166,凌華,2017,2,income_statement,其他綜合損益（淨額）,-72758,"-72,758",sii,https://mopsov.twse.com.tw/mops/web/ajax_t163sb04
下游,邊緣運算_工業AI,6166,凌華,2017,2,income_statement,合併前非屬共同控制股權綜合損益淨額,,--,sii,https://mopsov.twse.com.tw/mops/web/ajax_t163sb04
下游,邊緣運算_工業AI,6166,凌華,2017,2,income_statement,本期綜合損益總額,72648,"72,648",sii,https://mopsov.twse.com.tw/mops/web/ajax_t163sb04
下游,邊緣運算_工業AI,6166,凌華,2017,2,income_statement,淨利（淨損）歸屬於母公司業主,144874,"144,874",sii,https://mopsov.twse.com.tw/mops/web/ajax_t163sb04
下游,邊緣運算_工業AI,6166,凌華,2017,2,income_statement,淨利（淨損）歸屬於共同控制下前手權益,,--,sii,https://mopsov.twse.com.tw/mops/web/ajax_t163sb04
下游,邊緣運算_工業AI,6166,凌華,2017,2,income_statement,淨利（淨損）歸屬於非控制權益,532,532,sii,https://mopsov.twse.com.tw/mops/web/ajax_t163sb04
下游,邊緣運算_工業AI,6166,凌華,2017,2,income_statement,綜合損益總額歸屬於母公司業主,72247,"72,247",sii,https://mopsov.twse.com.tw/mops/web/ajax_t163sb04
下游,邊緣運算_工業AI,6166,凌華,2017,2,income_statement,綜合損益總額歸屬於共同控制下前手權益,,--,sii,https://mopsov.twse.com.tw/mops/web/ajax_t163sb04
下游,邊緣運算_工業AI,6166,凌華,2017,2,income_statement,綜合損益總額歸屬於非控制權益,401,401,sii,https://mopsov.twse.com.tw/mops/web/ajax_t163sb04
下游,邊緣運算_工業AI,6166,凌華,2017,2,income_statement,基本每股盈餘（元）,0.67,0.67,sii,https://mopsov.twse.com.tw/mops/web/ajax_t163sb04
下游,邊緣運算_工業AI,2395,研華,2017,2,balance_sheet,流動資產,23235279,"23,235,279",sii,https://mopsov.twse.com.tw/mops/web/ajax_t163sb05
下游,邊緣運算_工業AI,2395,研華,2017,2,balance_sheet,非流動資產,17298173,"17,298,173",sii,https://mopsov.twse.com.tw/mops/web/ajax_t163sb05
下游,邊緣運算_工業AI,2395,研華,2017,2,balance_sheet,資產總計,40533452,"40,533,452",sii,https://mopsov.twse.com.tw/mops/web/ajax_t163sb05
下游,邊緣運算_工業AI,2395,研華,2017,2,balance_sheet,流動負債,14163091,"14,163,091",sii,https://mopsov.twse.com.tw/mops/web/ajax_t163sb05
下游,邊緣運算_工業AI,2395,研華,2017,2,balance_sheet,非流動負債,1832408,"1,832,408",sii,https://mopsov.twse.com.tw/mops/web/ajax_t163sb05
下游,邊緣運算_工業AI,2395,研華,2017,2,balance_sheet,負債總額,15995499,"15,995,499",sii,https://mopsov.twse.com.tw/mops/web/ajax_t163sb05
下游,邊緣運算_工業AI,2395,研華,2017,2,balance_sheet,股本,6966115,"6,966,115",sii,https://mopsov.twse.com.tw/mops/web/ajax_t163sb05
下游,邊緣運算_工業AI,2395,研華,2017,2,balance_sheet,資本公積,6301882,"6,301,882",sii,https://mopsov.twse.com.tw/mops/web/ajax_t163sb05
下游,邊緣運算_工業AI,2395,研華,2017,2,balance_sheet,保留盈餘,11216295,"11,216,295",sii,https://mopsov.twse.com.tw/mops/web/ajax_t163sb05
下游,邊緣運算_工業AI,2395,研華,2017,2,balance_sheet,其他權益,-128350,"-128,350",sii,https://mopsov.twse.com.tw/mops/web/ajax_t163sb05
下游,邊緣運算_工業AI,2395,研華,2017,2,balance_sheet,庫藏股票,,--,sii,https://mopsov.twse.com.tw/mops/web/ajax_t163sb05
下游,邊緣運算_工業AI,2395,研華,2017,2,balance_sheet,歸屬於母公司業主之權益合計,24355942,"24,355,942",sii,https://mopsov.twse.com.tw/mops/web/ajax_t163sb05
下游,邊緣運算_工業AI,2395,研華,2017,2,balance_sheet,共同控制下前手權益,,--,sii,https://mopsov.twse.com.tw/mops/web/ajax_t163sb05
下游,邊緣運算_工業AI,2395,研華,2017,2,balance_sheet,合併前非屬共同控制股權,,--,sii,https://mopsov.twse.com.tw/mops/web/ajax_t163sb05
下游,邊緣運算_工業AI,2395,研華,2017,2,balance_sheet,非控制權益,182011,"182,011",sii,https://mopsov.twse.com.tw/mops/web/ajax_t163sb05
下游,邊緣運算_工業AI,2395,研華,2017,2,balance_sheet,權益總額,24537953,"24,537,953",sii,https://mopsov.twse.com.tw/mops/web/ajax_t163sb05
下游,邊緣運算_工業AI,2395,研華,2017,2,balance_sheet,待註銷股本股數（單位：股）,0,0,sii,https://mopsov.twse.com.tw/mops/web/ajax_t163sb05
下游,邊緣運算_工業AI,2395,研華,2017,2,balance_sheet,預收股款（權益項下）之約當發行股數（單位：股）,0,0,sii,https://mopsov.twse.com.tw/mops/web/ajax_t163sb05
下游,邊緣運算_工業AI,2395,研華,2017,2,balance_sheet,母公司暨子公司所持有之母公司庫藏股股數（單位：股）,0,0,sii,https://mopsov.twse.com.tw/mops/web/ajax_t163sb05
下游,邊緣運算_工業AI,2395,研華,2017,2,balance_sheet,每股參考淨值,38.46,38.46,sii,https://mopsov.twse.com.tw/mops/web/ajax_t163sb05
下游,邊緣運算_工業AI,6166,凌華,2017,2,balance_sheet,流動資產,6464765,"6,464,765",sii,https://mopsov.twse.com.tw/mops/web/ajax_t163sb05
下游,邊緣運算_工業AI,6166,凌華,2017,2,balance_sheet,非流動資產,2193690,"2,193,690",sii,https://mopsov.twse.com.tw/mops/web/ajax_t163sb05
下游,邊緣運算_工業AI,6166,凌華,2017,2,balance_sheet,資產總計,8658455,"8,658,455",sii,https://mopsov.twse.com.tw/mops/web/ajax_t163sb05
下游,邊緣運算_工業AI,6166,凌華,2017,2,balance_sheet,流動負債,4138527,"4,138,527",sii,https://mopsov.twse.com.tw/mops/web/ajax_t163sb05
下游,邊緣運算_工業AI,6166,凌華,2017,2,balance_sheet,非流動負債,142573,"142,573",sii,https://mopsov.twse.com.tw/mops/web/ajax_t163sb05
下游,邊緣運算_工業AI,6166,凌華,2017,2,balance_sheet,負債總額,4281100,"4,281,100",sii,https://mopsov.twse.com.tw/mops/web/ajax_t163sb05
下游,邊緣運算_工業AI,6166,凌華,2017,2,balance_sheet,股本,2175059,"2,175,059",sii,https://mopsov.twse.com.tw/mops/web/ajax_t163sb05
下游,邊緣運算_工業AI,6166,凌華,2017,2,balance_sheet,資本公積,1571475,"1,571,475",sii,https://mopsov.twse.com.tw/mops/web/ajax_t163sb05
下游,邊緣運算_工業AI,6166,凌華,2017,2,balance_sheet,保留盈餘,786084,"786,084",sii,https://mopsov.twse.com.tw/mops/web/ajax_t163sb05
下游,邊緣運算_工業AI,6166,凌華,2017,2,balance_sheet,其他權益,-164503,"-164,503",sii,https://mopsov.twse.com.tw/mops/web/ajax_t163sb05
下游,邊緣運算_工業AI,6166,凌華,2017,2,balance_sheet,庫藏股票,,--,sii,https://mopsov.twse.com.tw/mops/web/ajax_t163sb05
下游,邊緣運算_工業AI,6166,凌華,2017,2,balance_sheet,歸屬於母公司業主之權益合計,4368115,"4,368,115",sii,https://mopsov.twse.com.tw/mops/web/ajax_t163sb05
下游,邊緣運算_工業AI,6166,凌華,2017,2,balance_sheet,共同控制下前手權益,,--,sii,https://mopsov.twse.com.tw/mops/web/ajax_t163sb05
下游,邊緣運算_工業AI,6166,凌華,2017,2,balance_sheet,合併前非屬共同控制股權,,--,sii,https://mopsov.twse.com.tw/mops/web/ajax_t163sb05
下游,邊緣運算_工業AI,6166,凌華,2017,2,balance_sheet,非控制權益,9240,"9,240",sii,https://mopsov.twse.com.tw/mops/web/ajax_t163sb05
下游,邊緣運算_工業AI,6166,凌華,2017,2,balance_sheet,權益總額,4377355,"4,377,355",sii,https://mopsov.twse.com.tw/mops/web/ajax_t163sb05
下游,邊緣運算_工業AI,6166,凌華,2017,2,balance_sheet,待註銷股本股數（單位：股）,,--,sii,https://mopsov.twse.com.tw/mops/web/ajax_t163sb05
下游,邊緣運算_工業AI,6166,凌華,2017,2,balance_sheet,預收股款（權益項下）之約當發行股數（單位：股）,0,0,sii,https://mopsov.twse.com.tw/mops/web/ajax_t163sb05
下游,邊緣運算_工業AI,6166,凌華,2017,2,balance_sheet,母公司暨子公司所持有之母公司庫藏股股數（單位：股）,0,0,sii,https://mopsov.twse.com.tw/mops/web/ajax_t163sb05
下游,邊緣運算_工業AI,6166,凌華,2017,2,balance_sheet,每股參考淨值,20.08,20.08,sii,https://mopsov.twse.com.tw/mops/web/ajax_t163sb05
下游,邊緣運算_工業AI,2395,研華,2017,2,cash_flow,營業活動之淨現金流入（流出）,1303325,"1,303,325",sii,https://mopsov.twse.com.tw/mops/web/ajax_t163sb20
下游,邊緣運算_工業AI,2395,研華,2017,2,cash_flow,投資活動之淨現金流入（流出）,-2270477,"-2,270,477",sii,https://mopsov.twse.com.tw/mops/web/ajax_t163sb20
下游,邊緣運算_工業AI,2395,研華,2017,2,cash_flow,籌資活動之淨現金流入（流出）,-80513,"-80,513",sii,https://mopsov.twse.com.tw/mops/web/ajax_t163sb20
下游,邊緣運算_工業AI,2395,研華,2017,2,cash_flow,匯率變動對現金及約當現金之影響,-220944,"-220,944",sii,https://mopsov.twse.com.tw/mops/web/ajax_t163sb20
下游,邊緣運算_工業AI,2395,研華,2017,2,cash_flow,本期現金及約當現金增加（減少）數,-1268609,"-1,268,609",sii,https://mopsov.twse.com.tw/mops/web/ajax_t163sb20
下游,邊緣運算_工業AI,2395,研華,2017,2,cash_flow,期初現金及約當現金餘額,4637577,"4,637,577",sii,https://mopsov.twse.com.tw/mops/web/ajax_t163sb20
下游,邊緣運算_工業AI,2395,研華,2017,2,cash_flow,期末現金及約當現金餘額,3368968,"3,368,968",sii,https://mopsov.twse.com.tw/mops/web/ajax_t163sb20
下游,邊緣運算_工業AI,6166,凌華,2017,2,cash_flow,營業活動之淨現金流入（流出）,521712,"521,712",sii,https://mopsov.twse.com.tw/mops/web/ajax_t163sb20
下游,邊緣運算_工業AI,6166,凌華,2017,2,cash_flow,投資活動之淨現金流入（流出）,57893,"57,893",sii,https://mopsov.twse.com.tw/mops/web/ajax_t163sb20
下游,邊緣運算_工業AI,6166,凌華,2017,2,cash_flow,籌資活動之淨現金流入（流出）,-141742,"-141,742",sii,https://mopsov.twse.com.tw/mops/web/ajax_t163sb20
下游,邊緣運算_工業AI,6166,凌華,2017,2,cash_flow,匯率變動對現金及約當現金之影響,-64778,"-64,778",sii,https://mopsov.twse.com.tw/mops/web/ajax_t163sb20
下游,邊緣運算_工業AI,6166,凌華,2017,2,cash_flow,本期現金及約當現金增加（減少）數,373085,"373,085",sii,https://mopsov.twse.com.tw/mops/web/ajax_t163sb20
下游,邊緣運算_工業AI,6166,凌華,2017,2,cash_flow,期初現金及約當現金餘額,1526598,"1,526,598",sii,https://mopsov.twse.com.tw/mops/web/ajax_t163sb20
下游,邊緣運算_工業AI,6166,凌華,2017,2,cash_flow,期末現金及約當現金餘額,1899683,"1,899,683",sii,https://mopsov.twse.com.tw/mops/web/ajax_t163sb20
下游,邊緣運算_工業AI,2395,研華,2017,3,income_statement,營業收入,32615142,"32,615,142",sii,https://mopsov.twse.com.tw/mops/web/ajax_t163sb04
下游,邊緣運算_工業AI,2395,研華,2017,3,income_statement,營業成本,19792343,"19,792,343",sii,https://mopsov.twse.com.tw/mops/web/ajax_t163sb04
下游,邊緣運算_工業AI,2395,研華,2017,3,income_statement,原始認列生物資產及農產品之利益（損失）,,--,sii,https://mopsov.twse.com.tw/mops/web/ajax_t163sb04
下游,邊緣運算_工業AI,2395,研華,2017,3,income_statement,生物資產當期公允價值減出售成本之變動利益（損失）,,--,sii,https://mopsov.twse.com.tw/mops/web/ajax_t163sb04
下游,邊緣運算_工業AI,2395,研華,2017,3,income_statement,營業毛利（毛損）,12822799,"12,822,799",sii,https://mopsov.twse.com.tw/mops/web/ajax_t163sb04
下游,邊緣運算_工業AI,2395,研華,2017,3,income_statement,未實現銷貨（損）益,,--,sii,https://mopsov.twse.com.tw/mops/web/ajax_t163sb04
下游,邊緣運算_工業AI,2395,研華,2017,3,income_statement,已實現銷貨（損）益,,--,sii,https://mopsov.twse.com.tw/mops/web/ajax_t163sb04
下游,邊緣運算_工業AI,2395,研華,2017,3,income_statement,營業毛利（毛損）淨額,12822799,"12,822,799",sii,https://mopsov.twse.com.tw/mops/web/ajax_t163sb04
下游,邊緣運算_工業AI,2395,研華,2017,3,income_statement,營業費用,7838406,"7,838,406",sii,https://mopsov.twse.com.tw/mops/web/ajax_t163sb04
下游,邊緣運算_工業AI,2395,研華,2017,3,income_statement,其他收益及費損淨額,,--,sii,https://mopsov.twse.com.tw/mops/web/ajax_t163sb04
下游,邊緣運算_工業AI,2395,研華,2017,3,income_statement,營業利益（損失）,4984393,"4,984,393",sii,https://mopsov.twse.com.tw/mops/web/ajax_t163sb04
下游,邊緣運算_工業AI,2395,研華,2017,3,income_statement,營業外收入及支出,634439,"634,439",sii,https://mopsov.twse.com.tw/mops/web/ajax_t163sb04
下游,邊緣運算_工業AI,2395,研華,2017,3,income_statement,稅前淨利（淨損）,5618832,"5,618,832",sii,https://mopsov.twse.com.tw/mops/web/ajax_t163sb04
下游,邊緣運算_工業AI,2395,研華,2017,3,income_statement,所得稅費用（利益）,1093017,"1,093,017",sii,https://mopsov.twse.com.tw/mops/web/ajax_t163sb04
下游,邊緣運算_工業AI,2395,研華,2017,3,income_statement,繼續營業單位本期淨利（淨損）,4525815,"4,525,815",sii,https://mopsov.twse.com.tw/mops/web/ajax_t163sb04
下游,邊緣運算_工業AI,2395,研華,2017,3,income_statement,停業單位損益,,--,sii,https://mopsov.twse.com.tw/mops/web/ajax_t163sb04
下游,邊緣運算_工業AI,2395,研華,2017,3,income_statement,合併前非屬共同控制股權損益,,--,sii,https://mopsov.twse.com.tw/mops/web/ajax_t163sb04
下游,邊緣運算_工業AI,2395,研華,2017,3,income_statement,本期淨利（淨損）,4525815,"4,525,815",sii,https://mopsov.twse.com.tw/mops/web/ajax_t163sb04
下游,邊緣運算_工業AI,2395,研華,2017,3,income_statement,其他綜合損益（淨額）,-150754,"-150,754",sii,https://mopsov.twse.com.tw/mops/web/ajax_t163sb04
下游,邊緣運算_工業AI,2395,研華,2017,3,income_statement,合併前非屬共同控制股權綜合損益淨額,,--,sii,https://mopsov.twse.com.tw/mops/web/ajax_t163sb04
下游,邊緣運算_工業AI,2395,研華,2017,3,income_statement,本期綜合損益總額,4375061,"4,375,061",sii,https://mopsov.twse.com.tw/mops/web/ajax_t163sb04
下游,邊緣運算_工業AI,2395,研華,2017,3,income_statement,淨利（淨損）歸屬於母公司業主,4520329,"4,520,329",sii,https://mopsov.twse.com.tw/mops/web/ajax_t163sb04
下游,邊緣運算_工業AI,2395,研華,2017,3,income_statement,淨利（淨損）歸屬於共同控制下前手權益,,--,sii,https://mopsov.twse.com.tw/mops/web/ajax_t163sb04
下游,邊緣運算_工業AI,2395,研華,2017,3,income_statement,淨利（淨損）歸屬於非控制權益,5486,"5,486",sii,https://mopsov.twse.com.tw/mops/web/ajax_t163sb04
下游,邊緣運算_工業AI,2395,研華,2017,3,income_statement,綜合損益總額歸屬於母公司業主,4383379,"4,383,379",sii,https://mopsov.twse.com.tw/mops/web/ajax_t163sb04
下游,邊緣運算_工業AI,2395,研華,2017,3,income_statement,綜合損益總額歸屬於共同控制下前手權益,,--,sii,https://mopsov.twse.com.tw/mops/web/ajax_t163sb04
下游,邊緣運算_工業AI,2395,研華,2017,3,income_statement,綜合損益總額歸屬於非控制權益,-8318,"-8,318",sii,https://mopsov.twse.com.tw/mops/web/ajax_t163sb04
下游,邊緣運算_工業AI,2395,研華,2017,3,income_statement,基本每股盈餘（元）,6.49,6.49,sii,https://mopsov.twse.com.tw/mops/web/ajax_t163sb04
下游,邊緣運算_工業AI,6166,凌華,2017,3,income_statement,營業收入,7911430,"7,911,430",sii,https://mopsov.twse.com.tw/mops/web/ajax_t163sb04
下游,邊緣運算_工業AI,6166,凌華,2017,3,income_statement,營業成本,4915080,"4,915,080",sii,https://mopsov.twse.com.tw/mops/web/ajax_t163sb04
下游,邊緣運算_工業AI,6166,凌華,2017,3,income_statement,原始認列生物資產及農產品之利益（損失）,,--,sii,https://mopsov.twse.com.tw/mops/web/ajax_t163sb04
下游,邊緣運算_工業AI,6166,凌華,2017,3,income_statement,生物資產當期公允價值減出售成本之變動利益（損失）,,--,sii,https://mopsov.twse.com.tw/mops/web/ajax_t163sb04
下游,邊緣運算_工業AI,6166,凌華,2017,3,income_statement,營業毛利（毛損）,2996350,"2,996,350",sii,https://mopsov.twse.com.tw/mops/web/ajax_t163sb04
下游,邊緣運算_工業AI,6166,凌華,2017,3,income_statement,未實現銷貨（損）益,205,205,sii,https://mopsov.twse.com.tw/mops/web/ajax_t163sb04
下游,邊緣運算_工業AI,6166,凌華,2017,3,income_statement,已實現銷貨（損）益,,--,sii,https://mopsov.twse.com.tw/mops/web/ajax_t163sb04
下游,邊緣運算_工業AI,6166,凌華,2017,3,income_statement,營業毛利（毛損）淨額,2996145,"2,996,145",sii,https://mopsov.twse.com.tw/mops/web/ajax_t163sb04
下游,邊緣運算_工業AI,6166,凌華,2017,3,income_statement,營業費用,2615589,"2,615,589",sii,https://mopsov.twse.com.tw/mops/web/ajax_t163sb04
下游,邊緣運算_工業AI,6166,凌華,2017,3,income_statement,其他收益及費損淨額,,--,sii,https://mopsov.twse.com.tw/mops/web/ajax_t163sb04
下游,邊緣運算_工業AI,6166,凌華,2017,3,income_statement,營業利益（損失）,380556,"380,556",sii,https://mopsov.twse.com.tw/mops/web/ajax_t163sb04
下游,邊緣運算_工業AI,6166,凌華,2017,3,income_statement,營業外收入及支出,18467,"18,467",sii,https://mopsov.twse.com.tw/mops/web/ajax_t163sb04
下游,邊緣運算_工業AI,6166,凌華,2017,3,income_statement,稅前淨利（淨損）,399023,"399,023",sii,https://mopsov.twse.com.tw/mops/web/ajax_t163sb04
下游,邊緣運算_工業AI,6166,凌華,2017,3,income_statement,所得稅費用（利益）,87989,"87,989",sii,https://mopsov.twse.com.tw/mops/web/ajax_t163sb04
下游,邊緣運算_工業AI,6166,凌華,2017,3,income_statement,繼續營業單位本期淨利（淨損）,311034,"311,034",sii,https://mopsov.twse.com.tw/mops/web/ajax_t163sb04
下游,邊緣運算_工業AI,6166,凌華,2017,3,income_statement,停業單位損益,,--,sii,https://mopsov.twse.com.tw/mops/web/ajax_t163sb04
下游,邊緣運算_工業AI,6166,凌華,2017,3,income_statement,合併前非屬共同控制股權損益,,--,sii,https://mopsov.twse.com.tw/mops/web/ajax_t163sb04
下游,邊緣運算_工業AI,6166,凌華,2017,3,income_statement,本期淨利（淨損）,311034,"311,034",sii,https://mopsov.twse.com.tw/mops/web/ajax_t163sb04
下游,邊緣運算_工業AI,6166,凌華,2017,3,income_statement,其他綜合損益（淨額）,-60667,"-60,667",sii,https://mopsov.twse.com.tw/mops/web/ajax_t163sb04
下游,邊緣運算_工業AI,6166,凌華,2017,3,income_statement,合併前非屬共同控制股權綜合損益淨額,,--,sii,https://mopsov.twse.com.tw/mops/web/ajax_t163sb04
下游,邊緣運算_工業AI,6166,凌華,2017,3,income_statement,本期綜合損益總額,250367,"250,367",sii,https://mopsov.twse.com.tw/mops/web/ajax_t163sb04
下游,邊緣運算_工業AI,6166,凌華,2017,3,income_statement,淨利（淨損）歸屬於母公司業主,309712,"309,712",sii,https://mopsov.twse.com.tw/mops/web/ajax_t163sb04
下游,邊緣運算_工業AI,6166,凌華,2017,3,income_statement,淨利（淨損）歸屬於共同控制下前手權益,,--,sii,https://mopsov.twse.com.tw/mops/web/ajax_t163sb04
下游,邊緣運算_工業AI,6166,凌華,2017,3,income_statement,淨利（淨損）歸屬於非控制權益,1322,"1,322",sii,https://mopsov.twse.com.tw/mops/web/ajax_t163sb04
下游,邊緣運算_工業AI,6166,凌華,2017,3,income_statement,綜合損益總額歸屬於母公司業主,249271,"249,271",sii,https://mopsov.twse.com.tw/mops/web/ajax_t163sb04
下游,邊緣運算_工業AI,6166,凌華,2017,3,income_statement,綜合損益總額歸屬於共同控制下前手權益,,--,sii,https://mopsov.twse.com.tw/mops/web/ajax_t163sb04
下游,邊緣運算_工業AI,6166,凌華,2017,3,income_statement,綜合損益總額歸屬於非控制權益,1096,"1,096",sii,https://mopsov.twse.com.tw/mops/web/ajax_t163sb04
下游,邊緣運算_工業AI,6166,凌華,2017,3,income_statement,基本每股盈餘（元）,1.43,1.43,sii,https://mopsov.twse.com.tw/mops/web/ajax_t163sb04
下游,邊緣運算_工業AI,2395,研華,2017,3,balance_sheet,流動資產,21615151,"21,615,151",sii,https://mopsov.twse.com.tw/mops/web/ajax_t163sb05
下游,邊緣運算_工業AI,2395,研華,2017,3,balance_sheet,非流動資產,17182006,"17,182,006",sii,https://mopsov.twse.com.tw/mops/web/ajax_t163sb05
下游,邊緣運算_工業AI,2395,研華,2017,3,balance_sheet,資產總計,38797157,"38,797,157",sii,https://mopsov.twse.com.tw/mops/web/ajax_t163sb05
下游,邊緣運算_工業AI,2395,研華,2017,3,balance_sheet,流動負債,10727097,"10,727,097",sii,https://mopsov.twse.com.tw/mops/web/ajax_t163sb05
下游,邊緣運算_工業AI,2395,研華,2017,3,balance_sheet,非流動負債,1899304,"1,899,304",sii,https://mopsov.twse.com.tw/mops/web/ajax_t163sb05
下游,邊緣運算_工業AI,2395,研華,2017,3,balance_sheet,負債總額,12626401,"12,626,401",sii,https://mopsov.twse.com.tw/mops/web/ajax_t163sb05
下游,邊緣運算_工業AI,2395,研華,2017,3,balance_sheet,股本,6970325,"6,970,325",sii,https://mopsov.twse.com.tw/mops/web/ajax_t163sb05
下游,邊緣運算_工業AI,2395,研華,2017,3,balance_sheet,資本公積,6434436,"6,434,436",sii,https://mopsov.twse.com.tw/mops/web/ajax_t163sb05
下游,邊緣運算_工業AI,2395,研華,2017,3,balance_sheet,保留盈餘,12807949,"12,807,949",sii,https://mopsov.twse.com.tw/mops/web/ajax_t163sb05
下游,邊緣運算_工業AI,2395,研華,2017,3,balance_sheet,其他權益,-222154,"-222,154",sii,https://mopsov.twse.com.tw/mops/web/ajax_t163sb05
下游,邊緣運算_工業AI,2395,研華,2017,3,balance_sheet,庫藏股票,,--,sii,https://mopsov.twse.com.tw/mops/web/ajax_t163sb05
下游,邊緣運算_工業AI,2395,研華,2017,3,balance_sheet,歸屬於母公司業主之權益合計,25990556,"25,990,556",sii,https://mopsov.twse.com.tw/mops/web/ajax_t163sb05
下游,邊緣運算_工業AI,2395,研華,2017,3,balance_sheet,共同控制下前手權益,,--,sii,https://mopsov.twse.com.tw/mops/web/ajax_t163sb05
下游,邊緣運算_工業AI,2395,研華,2017,3,balance_sheet,合併前非屬共同控制股權,,--,sii,https://mopsov.twse.com.tw/mops/web/ajax_t163sb05
下游,邊緣運算_工業AI,2395,研華,2017,3,balance_sheet,非控制權益,180200,"180,200",sii,https://mopsov.twse.com.tw/mops/web/ajax_t163sb05
下游,邊緣運算_工業AI,2395,研華,2017,3,balance_sheet,權益總額,26170756,"26,170,756",sii,https://mopsov.twse.com.tw/mops/web/ajax_t163sb05
下游,邊緣運算_工業AI,2395,研華,2017,3,balance_sheet,待註銷股本股數（單位：股）,0,0,sii,https://mopsov.twse.com.tw/mops/web/ajax_t163sb05
下游,邊緣運算_工業AI,2395,研華,2017,3,balance_sheet,預收股款（權益項下）之約當發行股數（單位：股）,421,421,sii,https://mopsov.twse.com.tw/mops/web/ajax_t163sb05
下游,邊緣運算_工業AI,2395,研華,2017,3,balance_sheet,母公司暨子公司所持有之母公司庫藏股股數（單位：股）,0,0,sii,https://mopsov.twse.com.tw/mops/web/ajax_t163sb05
下游,邊緣運算_工業AI,2395,研華,2017,3,balance_sheet,每股參考淨值,37.31,37.31,sii,https://mopsov.twse.com.tw/mops/web/ajax_t163sb05
下游,邊緣運算_工業AI,6166,凌華,2017,3,balance_sheet,流動資產,6491087,"6,491,087",sii,https://mopsov.twse.com.tw/mops/web/ajax_t163sb05
下游,邊緣運算_工業AI,6166,凌華,2017,3,balance_sheet,非流動資產,2173771,"2,173,771",sii,https://mopsov.twse.com.tw/mops/web/ajax_t163sb05
下游,邊緣運算_工業AI,6166,凌華,2017,3,balance_sheet,資產總計,8664858,"8,664,858",sii,https://mopsov.twse.com.tw/mops/web/ajax_t163sb05
下游,邊緣運算_工業AI,6166,凌華,2017,3,balance_sheet,流動負債,4018631,"4,018,631",sii,https://mopsov.twse.com.tw/mops/web/ajax_t163sb05
下游,邊緣運算_工業AI,6166,凌華,2017,3,balance_sheet,非流動負債,84560,"84,560",sii,https://mopsov.twse.com.tw/mops/web/ajax_t163sb05
下游,邊緣運算_工業AI,6166,凌華,2017,3,balance_sheet,負債總額,4103191,"4,103,191",sii,https://mopsov.twse.com.tw/mops/web/ajax_t163sb05
下游,邊緣運算_工業AI,6166,凌華,2017,3,balance_sheet,股本,2174827,"2,174,827",sii,https://mopsov.twse.com.tw/mops/web/ajax_t163sb05
下游,邊緣運算_工業AI,6166,凌華,2017,3,balance_sheet,資本公積,1571707,"1,571,707",sii,https://mopsov.twse.com.tw/mops/web/ajax_t163sb05
下游,邊緣運算_工業AI,6166,凌華,2017,3,balance_sheet,保留盈餘,950922,"950,922",sii,https://mopsov.twse.com.tw/mops/web/ajax_t163sb05
下游,邊緣運算_工業AI,6166,凌華,2017,3,balance_sheet,其他權益,-145724,"-145,724",sii,https://mopsov.twse.com.tw/mops/web/ajax_t163sb05
下游,邊緣運算_工業AI,6166,凌華,2017,3,balance_sheet,庫藏股票,,--,sii,https://mopsov.twse.com.tw/mops/web/ajax_t163sb05
下游,邊緣運算_工業AI,6166,凌華,2017,3,balance_sheet,歸屬於母公司業主之權益合計,4551732,"4,551,732",sii,https://mopsov.twse.com.tw/mops/web/ajax_t163sb05
下游,邊緣運算_工業AI,6166,凌華,2017,3,balance_sheet,共同控制下前手權益,,--,sii,https://mopsov.twse.com.tw/mops/web/ajax_t163sb05
下游,邊緣運算_工業AI,6166,凌華,2017,3,balance_sheet,合併前非屬共同控制股權,,--,sii,https://mopsov.twse.com.tw/mops/web/ajax_t163sb05
下游,邊緣運算_工業AI,6166,凌華,2017,3,balance_sheet,非控制權益,9935,"9,935",sii,https://mopsov.twse.com.tw/mops/web/ajax_t163sb05
下游,邊緣運算_工業AI,6166,凌華,2017,3,balance_sheet,權益總額,4561667,"4,561,667",sii,https://mopsov.twse.com.tw/mops/web/ajax_t163sb05
下游,邊緣運算_工業AI,6166,凌華,2017,3,balance_sheet,待註銷股本股數（單位：股）,,--,sii,https://mopsov.twse.com.tw/mops/web/ajax_t163sb05
下游,邊緣運算_工業AI,6166,凌華,2017,3,balance_sheet,預收股款（權益項下）之約當發行股數（單位：股）,0,0,sii,https://mopsov.twse.com.tw/mops/web/ajax_t163sb05
下游,邊緣運算_工業AI,6166,凌華,2017,3,balance_sheet,母公司暨子公司所持有之母公司庫藏股股數（單位：股）,0,0,sii,https://mopsov.twse.com.tw/mops/web/ajax_t163sb05
下游,邊緣運算_工業AI,6166,凌華,2017,3,balance_sheet,每股參考淨值,20.93,20.93,sii,https://mopsov.twse.com.tw/mops/web/ajax_t163sb05
下游,邊緣運算_工業AI,2395,研華,2017,3,cash_flow,營業活動之淨現金流入（流出）,3484256,"3,484,256",sii,https://mopsov.twse.com.tw/mops/web/ajax_t163sb20
下游,邊緣運算_工業AI,2395,研華,2017,3,cash_flow,投資活動之淨現金流入（流出）,793243,"793,243",sii,https://mopsov.twse.com.tw/mops/web/ajax_t163sb20
下游,邊緣運算_工業AI,2395,研華,2017,3,cash_flow,籌資活動之淨現金流入（流出）,-4161353,"-4,161,353",sii,https://mopsov.twse.com.tw/mops/web/ajax_t163sb20
下游,邊緣運算_工業AI,2395,研華,2017,3,cash_flow,匯率變動對現金及約當現金之影響,-252707,"-252,707",sii,https://mopsov.twse.com.tw/mops/web/ajax_t163sb20
下游,邊緣運算_工業AI,2395,研華,2017,3,cash_flow,本期現金及約當現金增加（減少）數,-136561,"-136,561",sii,https://mopsov.twse.com.tw/mops/web/ajax_t163sb20
下游,邊緣運算_工業AI,2395,研華,2017,3,cash_flow,期初現金及約當現金餘額,4637577,"4,637,577",sii,https://mopsov.twse.com.tw/mops/web/ajax_t163sb20
下游,邊緣運算_工業AI,2395,研華,2017,3,cash_flow,期末現金及約當現金餘額,4501016,"4,501,016",sii,https://mopsov.twse.com.tw/mops/web/ajax_t163sb20
下游,邊緣運算_工業AI,6166,凌華,2017,3,cash_flow,營業活動之淨現金流入（流出）,555929,"555,929",sii,https://mopsov.twse.com.tw/mops/web/ajax_t163sb20
下游,邊緣運算_工業AI,6166,凌華,2017,3,cash_flow,投資活動之淨現金流入（流出）,184773,"184,773",sii,https://mopsov.twse.com.tw/mops/web/ajax_t163sb20
下游,邊緣運算_工業AI,6166,凌華,2017,3,cash_flow,籌資活動之淨現金流入（流出）,-500990,"-500,990",sii,https://mopsov.twse.com.tw/mops/web/ajax_t163sb20
下游,邊緣運算_工業AI,6166,凌華,2017,3,cash_flow,匯率變動對現金及約當現金之影響,-63605,"-63,605",sii,https://mopsov.twse.com.tw/mops/web/ajax_t163sb20
下游,邊緣運算_工業AI,6166,凌華,2017,3,cash_flow,本期現金及約當現金增加（減少）數,176107,"176,107",sii,https://mopsov.twse.com.tw/mops/web/ajax_t163sb20
下游,邊緣運算_工業AI,6166,凌華,2017,3,cash_flow,期初現金及約當現金餘額,1526598,"1,526,598",sii,https://mopsov.twse.com.tw/mops/web/ajax_t163sb20
下游,邊緣運算_工業AI,6166,凌華,2017,3,cash_flow,期末現金及約當現金餘額,1702705,"1,702,705",sii,https://mopsov.twse.com.tw/mops/web/ajax_t163sb20
下游,邊緣運算_工業AI,2395,研華,2017,4,income_statement,營業收入,44374751,"44,374,751",sii,https://mopsov.twse.com.tw/mops/web/ajax_t163sb04
下游,邊緣運算_工業AI,2395,研華,2017,4,income_statement,營業成本,26993793,"26,993,793",sii,https://mopsov.twse.com.tw/mops/web/ajax_t163sb04
下游,邊緣運算_工業AI,2395,研華,2017,4,income_statement,原始認列生物資產及農產品之利益（損失）,,--,sii,https://mopsov.twse.com.tw/mops/web/ajax_t163sb04
下游,邊緣運算_工業AI,2395,研華,2017,4,income_statement,生物資產當期公允價值減出售成本之變動利益（損失）,,--,sii,https://mopsov.twse.com.tw/mops/web/ajax_t163sb04
下游,邊緣運算_工業AI,2395,研華,2017,4,income_statement,營業毛利（毛損）,17380958,"17,380,958",sii,https://mopsov.twse.com.tw/mops/web/ajax_t163sb04
下游,邊緣運算_工業AI,2395,研華,2017,4,income_statement,未實現銷貨（損）益,,--,sii,https://mopsov.twse.com.tw/mops/web/ajax_t163sb04
下游,邊緣運算_工業AI,2395,研華,2017,4,income_statement,已實現銷貨（損）益,,--,sii,https://mopsov.twse.com.tw/mops/web/ajax_t163sb04
下游,邊緣運算_工業AI,2395,研華,2017,4,income_statement,營業毛利（毛損）淨額,17380958,"17,380,958",sii,https://mopsov.twse.com.tw/mops/web/ajax_t163sb04
下游,邊緣運算_工業AI,2395,研華,2017,4,income_statement,營業費用,10602481,"10,602,481",sii,https://mopsov.twse.com.tw/mops/web/ajax_t163sb04
下游,邊緣運算_工業AI,2395,研華,2017,4,income_statement,其他收益及費損淨額,,--,sii,https://mopsov.twse.com.tw/mops/web/ajax_t163sb04
下游,邊緣運算_工業AI,2395,研華,2017,4,income_statement,營業利益（損失）,6778477,"6,778,477",sii,https://mopsov.twse.com.tw/mops/web/ajax_t163sb04
下游,邊緣運算_工業AI,2395,研華,2017,4,income_statement,營業外收入及支出,755066,"755,066",sii,https://mopsov.twse.com.tw/mops/web/ajax_t163sb04
下游,邊緣運算_工業AI,2395,研華,2017,4,income_statement,稅前淨利（淨損）,7533543,"7,533,543",sii,https://mopsov.twse.com.tw/mops/web/ajax_t163sb04
下游,邊緣運算_工業AI,2395,研華,2017,4,income_statement,所得稅費用（利益）,1384254,"1,384,254",sii,https://mopsov.twse.com.tw/mops/web/ajax_t163sb04
下游,邊緣運算_工業AI,2395,研華,2017,4,income_statement,繼續營業單位本期淨利（淨損）,6149289,"6,149,289",sii,https://mopsov.twse.com.tw/mops/web/ajax_t163sb04
下游,邊緣運算_工業AI,2395,研華,2017,4,income_statement,停業單位損益,,--,sii,https://mopsov.twse.com.tw/mops/web/ajax_t163sb04
下游,邊緣運算_工業AI,2395,研華,2017,4,income_statement,合併前非屬共同控制股權損益,,--,sii,https://mopsov.twse.com.tw/mops/web/ajax_t163sb04
下游,邊緣運算_工業AI,2395,研華,2017,4,income_statement,本期淨利（淨損）,6149289,"6,149,289",sii,https://mopsov.twse.com.tw/mops/web/ajax_t163sb04
下游,邊緣運算_工業AI,2395,研華,2017,4,income_statement,其他綜合損益（淨額）,-307450,"-307,450",sii,https://mopsov.twse.com.tw/mops/web/ajax_t163sb04
下游,邊緣運算_工業AI,2395,研華,2017,4,income_statement,合併前非屬共同控制股權綜合損益淨額,,--,sii,https://mopsov.twse.com.tw/mops/web/ajax_t163sb04
下游,邊緣運算_工業AI,2395,研華,2017,4,income_statement,本期綜合損益總額,5841839,"5,841,839",sii,https://mopsov.twse.com.tw/mops/web/ajax_t163sb04
下游,邊緣運算_工業AI,2395,研華,2017,4,income_statement,淨利（淨損）歸屬於母公司業主,6156516,"6,156,516",sii,https://mopsov.twse.com.tw/mops/web/ajax_t163sb04
下游,邊緣運算_工業AI,2395,研華,2017,4,income_statement,淨利（淨損）歸屬於共同控制下前手權益,,--,sii,https://mopsov.twse.com.tw/mops/web/ajax_t163sb04
下游,邊緣運算_工業AI,2395,研華,2017,4,income_statement,淨利（淨損）歸屬於非控制權益,-7227,"-7,227",sii,https://mopsov.twse.com.tw/mops/web/ajax_t163sb04
下游,邊緣運算_工業AI,2395,研華,2017,4,income_statement,綜合損益總額歸屬於母公司業主,5850991,"5,850,991",sii,https://mopsov.twse.com.tw/mops/web/ajax_t163sb04
下游,邊緣運算_工業AI,2395,研華,2017,4,income_statement,綜合損益總額歸屬於共同控制下前手權益,,--,sii,https://mopsov.twse.com.tw/mops/web/ajax_t163sb04
下游,邊緣運算_工業AI,2395,研華,2017,4,income_statement,綜合損益總額歸屬於非控制權益,-9152,"-9,152",sii,https://mopsov.twse.com.tw/mops/web/ajax_t163sb04
下游,邊緣運算_工業AI,2395,研華,2017,4,income_statement,基本每股盈餘（元）,8.84,8.84,sii,https://mopsov.twse.com.tw/mops/web/ajax_t163sb04
下游,邊緣運算_工業AI,6166,凌華,2017,4,income_statement,營業收入,10667894,"10,667,894",sii,https://mopsov.twse.com.tw/mops/web/ajax_t163sb04
下游,邊緣運算_工業AI,6166,凌華,2017,4,income_statement,營業成本,6704114,"6,704,114",sii,https://mopsov.twse.com.tw/mops/web/ajax_t163sb04
下游,邊緣運算_工業AI,6166,凌華,2017,4,income_statement,原始認列生物資產及農產品之利益（損失）,,--,sii,https://mopsov.twse.com.tw/mops/web/ajax_t163sb04
下游,邊緣運算_工業AI,6166,凌華,2017,4,income_statement,生物資產當期公允價值減出售成本之變動利益（損失）,,--,sii,https://mopsov.twse.com.tw/mops/web/ajax_t163sb04
下游,邊緣運算_工業AI,6166,凌華,2017,4,income_statement,營業毛利（毛損）,3963780,"3,963,780",sii,https://mopsov.twse.com.tw/mops/web/ajax_t163sb04
下游,邊緣運算_工業AI,6166,凌華,2017,4,income_statement,未實現銷貨（損）益,310,310,sii,https://mopsov.twse.com.tw/mops/web/ajax_t163sb04
下游,邊緣運算_工業AI,6166,凌華,2017,4,income_statement,已實現銷貨（損）益,,--,sii,https://mopsov.twse.com.tw/mops/web/ajax_t163sb04
下游,邊緣運算_工業AI,6166,凌華,2017,4,income_statement,營業毛利（毛損）淨額,3963470,"3,963,470",sii,https://mopsov.twse.com.tw/mops/web/ajax_t163sb04
下游,邊緣運算_工業AI,6166,凌華,2017,4,income_statement,營業費用,3488484,"3,488,484",sii,https://mopsov.twse.com.tw/mops/web/ajax_t163sb04
下游,邊緣運算_工業AI,6166,凌華,2017,4,income_statement,其他收益及費損淨額,,--,sii,https://mopsov.twse.com.tw/mops/web/ajax_t163sb04
下游,邊緣運算_工業AI,6166,凌華,2017,4,income_statement,營業利益（損失）,474986,"474,986",sii,https://mopsov.twse.com.tw/mops/web/ajax_t163sb04
下游,邊緣運算_工業AI,6166,凌華,2017,4,income_statement,營業外收入及支出,30613,"30,613",sii,https://mopsov.twse.com.tw/mops/web/ajax_t163sb04
下游,邊緣運算_工業AI,6166,凌華,2017,4,income_statement,稅前淨利（淨損）,505599,"505,599",sii,https://mopsov.twse.com.tw/mops/web/ajax_t163sb04
下游,邊緣運算_工業AI,6166,凌華,2017,4,income_statement,所得稅費用（利益）,115384,"115,384",sii,https://mopsov.twse.com.tw/mops/web/ajax_t163sb04
下游,邊緣運算_工業AI,6166,凌華,2017,4,income_statement,繼續營業單位本期淨利（淨損）,390215,"390,215",sii,https://mopsov.twse.com.tw/mops/web/ajax_t163sb04
下游,邊緣運算_工業AI,6166,凌華,2017,4,income_statement,停業單位損益,,--,sii,https://mopsov.twse.com.tw/mops/web/ajax_t163sb04
下游,邊緣運算_工業AI,6166,凌華,2017,4,income_statement,合併前非屬共同控制股權損益,,--,sii,https://mopsov.twse.com.tw/mops/web/ajax_t163sb04
下游,邊緣運算_工業AI,6166,凌華,2017,4,income_statement,本期淨利（淨損）,390215,"390,215",sii,https://mopsov.twse.com.tw/mops/web/ajax_t163sb04
下游,邊緣運算_工業AI,6166,凌華,2017,4,income_statement,其他綜合損益（淨額）,-85674,"-85,674",sii,https://mopsov.twse.com.tw/mops/web/ajax_t163sb04
下游,邊緣運算_工業AI,6166,凌華,2017,4,income_statement,合併前非屬共同控制股權綜合損益淨額,,--,sii,https://mopsov.twse.com.tw/mops/web/ajax_t163sb04
下游,邊緣運算_工業AI,6166,凌華,2017,4,income_statement,本期綜合損益總額,304541,"304,541",sii,https://mopsov.twse.com.tw/mops/web/ajax_t163sb04
下游,邊緣運算_工業AI,6166,凌華,2017,4,income_statement,淨利（淨損）歸屬於母公司業主,388858,"388,858",sii,https://mopsov.twse.com.tw/mops/web/ajax_t163sb04
下游,邊緣運算_工業AI,6166,凌華,2017,4,income_statement,淨利（淨損）歸屬於共同控制下前手權益,,--,sii,https://mopsov.twse.com.tw/mops/web/ajax_t163sb04
下游,邊緣運算_工業AI,6166,凌華,2017,4,income_statement,淨利（淨損）歸屬於非控制權益,1357,"1,357",sii,https://mopsov.twse.com.tw/mops/web/ajax_t163sb04
下游,邊緣運算_工業AI,6166,凌華,2017,4,income_statement,綜合損益總額歸屬於母公司業主,303584,"303,584",sii,https://mopsov.twse.com.tw/mops/web/ajax_t163sb04
下游,邊緣運算_工業AI,6166,凌華,2017,4,income_statement,綜合損益總額歸屬於共同控制下前手權益,,--,sii,https://mopsov.twse.com.tw/mops/web/ajax_t163sb04
下游,邊緣運算_工業AI,6166,凌華,2017,4,income_statement,綜合損益總額歸屬於非控制權益,957,957,sii,https://mopsov.twse.com.tw/mops/web/ajax_t163sb04
下游,邊緣運算_工業AI,6166,凌華,2017,4,income_statement,基本每股盈餘（元）,1.79,1.79,sii,https://mopsov.twse.com.tw/mops/web/ajax_t163sb04
下游,邊緣運算_工業AI,2395,研華,2017,4,balance_sheet,流動資產,23200572,"23,200,572",sii,https://mopsov.twse.com.tw/mops/web/ajax_t163sb05
下游,邊緣運算_工業AI,2395,研華,2017,4,balance_sheet,非流動資產,17503197,"17,503,197",sii,https://mopsov.twse.com.tw/mops/web/ajax_t163sb05
下游,邊緣運算_工業AI,2395,研華,2017,4,balance_sheet,資產總計,40703769,"40,703,769",sii,https://mopsov.twse.com.tw/mops/web/ajax_t163sb05
下游,邊緣運算_工業AI,2395,研華,2017,4,balance_sheet,流動負債,11046661,"11,046,661",sii,https://mopsov.twse.com.tw/mops/web/ajax_t163sb05
下游,邊緣運算_工業AI,2395,研華,2017,4,balance_sheet,非流動負債,1896668,"1,896,668",sii,https://mopsov.twse.com.tw/mops/web/ajax_t163sb05
下游,邊緣運算_工業AI,2395,研華,2017,4,balance_sheet,負債總額,12943329,"12,943,329",sii,https://mopsov.twse.com.tw/mops/web/ajax_t163sb05
下游,邊緣運算_工業AI,2395,研華,2017,4,balance_sheet,股本,6972825,"6,972,825",sii,https://mopsov.twse.com.tw/mops/web/ajax_t163sb05
下游,邊緣運算_工業AI,2395,研華,2017,4,balance_sheet,資本公積,6554842,"6,554,842",sii,https://mopsov.twse.com.tw/mops/web/ajax_t163sb05
下游,邊緣運算_工業AI,2395,研華,2017,4,balance_sheet,保留盈餘,14423062,"14,423,062",sii,https://mopsov.twse.com.tw/mops/web/ajax_t163sb05
下游,邊緣運算_工業AI,2395,研華,2017,4,balance_sheet,其他權益,-369655,"-369,655",sii,https://mopsov.twse.com.tw/mops/web/ajax_t163sb05
下游,邊緣運算_工業AI,2395,研華,2017,4,balance_sheet,庫藏股票,,--,sii,https://mopsov.twse.com.tw/mops/web/ajax_t163sb05
下游,邊緣運算_工業AI,2395,研華,2017,4,balance_sheet,歸屬於母公司業主之權益合計,27581074,"27,581,074",sii,https://mopsov.twse.com.tw/mops/web/ajax_t163sb05
下游,邊緣運算_工業AI,2395,研華,2017,4,balance_sheet,共同控制下前手權益,,--,sii,https://mopsov.twse.com.tw/mops/web/ajax_t163sb05
下游,邊緣運算_工業AI,2395,研華,2017,4,balance_sheet,合併前非屬共同控制股權,,--,sii,https://mopsov.twse.com.tw/mops/web/ajax_t163sb05
下游,邊緣運算_工業AI,2395,研華,2017,4,balance_sheet,非控制權益,179366,"179,366",sii,https://mopsov.twse.com.tw/mops/web/ajax_t163sb05
下游,邊緣運算_工業AI,2395,研華,2017,4,balance_sheet,權益總額,27760440,"27,760,440",sii,https://mopsov.twse.com.tw/mops/web/ajax_t163sb05
下游,邊緣運算_工業AI,2395,研華,2017,4,balance_sheet,待註銷股本股數（單位：股）,0,0,sii,https://mopsov.twse.com.tw/mops/web/ajax_t163sb05
下游,邊緣運算_工業AI,2395,研華,2017,4,balance_sheet,預收股款（權益項下）之約當發行股數（單位：股）,250000,"250,000",sii,https://mopsov.twse.com.tw/mops/web/ajax_t163sb05
下游,邊緣運算_工業AI,2395,研華,2017,4,balance_sheet,母公司暨子公司所持有之母公司庫藏股股數（單位：股）,0,0,sii,https://mopsov.twse.com.tw/mops/web/ajax_t163sb05
下游,邊緣運算_工業AI,2395,研華,2017,4,balance_sheet,每股參考淨值,39.56,39.56,sii,https://mopsov.twse.com.tw/mops/web/ajax_t163sb05
下游,邊緣運算_工業AI,6166,凌華,2017,4,balance_sheet,流動資產,5633199,"5,633,199",sii,https://mopsov.twse.com.tw/mops/web/ajax_t163sb05
下游,邊緣運算_工業AI,6166,凌華,2017,4,balance_sheet,非流動資產,2166470,"2,166,470",sii,https://mopsov.twse.com.tw/mops/web/ajax_t163sb05
下游,邊緣運算_工業AI,6166,凌華,2017,4,balance_sheet,資產總計,7799669,"7,799,669",sii,https://mopsov.twse.com.tw/mops/web/ajax_t163sb05
下游,邊緣運算_工業AI,6166,凌華,2017,4,balance_sheet,流動負債,3083453,"3,083,453",sii,https://mopsov.twse.com.tw/mops/web/ajax_t163sb05
下游,邊緣運算_工業AI,6166,凌華,2017,4,balance_sheet,非流動負債,90237,"90,237",sii,https://mopsov.twse.com.tw/mops/web/ajax_t163sb05
下游,邊緣運算_工業AI,6166,凌華,2017,4,balance_sheet,負債總額,3173690,"3,173,690",sii,https://mopsov.twse.com.tw/mops/web/ajax_t163sb05
下游,邊緣運算_工業AI,6166,凌華,2017,4,balance_sheet,股本,2175232,"2,175,232",sii,https://mopsov.twse.com.tw/mops/web/ajax_t163sb05
下游,邊緣運算_工業AI,6166,凌華,2017,4,balance_sheet,資本公積,1575041,"1,575,041",sii,https://mopsov.twse.com.tw/mops/web/ajax_t163sb05
下游,邊緣運算_工業AI,6166,凌華,2017,4,balance_sheet,保留盈餘,1024411,"1,024,411",sii,https://mopsov.twse.com.tw/mops/web/ajax_t163sb05
下游,邊緣運算_工業AI,6166,凌華,2017,4,balance_sheet,其他權益,-158501,"-158,501",sii,https://mopsov.twse.com.tw/mops/web/ajax_t163sb05
下游,邊緣運算_工業AI,6166,凌華,2017,4,balance_sheet,庫藏股票,,--,sii,https://mopsov.twse.com.tw/mops/web/ajax_t163sb05
下游,邊緣運算_工業AI,6166,凌華,2017,4,balance_sheet,歸屬於母公司業主之權益合計,4616183,"4,616,183",sii,https://mopsov.twse.com.tw/mops/web/ajax_t163sb05
下游,邊緣運算_工業AI,6166,凌華,2017,4,balance_sheet,共同控制下前手權益,,--,sii,https://mopsov.twse.com.tw/mops/web/ajax_t163sb05
下游,邊緣運算_工業AI,6166,凌華,2017,4,balance_sheet,合併前非屬共同控制股權,,--,sii,https://mopsov.twse.com.tw/mops/web/ajax_t163sb05
下游,邊緣運算_工業AI,6166,凌華,2017,4,balance_sheet,非控制權益,9796,"9,796",sii,https://mopsov.twse.com.tw/mops/web/ajax_t163sb05
下游,邊緣運算_工業AI,6166,凌華,2017,4,balance_sheet,權益總額,4625979,"4,625,979",sii,https://mopsov.twse.com.tw/mops/web/ajax_t163sb05
下游,邊緣運算_工業AI,6166,凌華,2017,4,balance_sheet,待註銷股本股數（單位：股）,,--,sii,https://mopsov.twse.com.tw/mops/web/ajax_t163sb05
下游,邊緣運算_工業AI,6166,凌華,2017,4,balance_sheet,預收股款（權益項下）之約當發行股數（單位：股）,40500,"40,500",sii,https://mopsov.twse.com.tw/mops/web/ajax_t163sb05
下游,邊緣運算_工業AI,6166,凌華,2017,4,balance_sheet,母公司暨子公司所持有之母公司庫藏股股數（單位：股）,0,0,sii,https://mopsov.twse.com.tw/mops/web/ajax_t163sb05
下游,邊緣運算_工業AI,6166,凌華,2017,4,balance_sheet,每股參考淨值,21.22,21.22,sii,https://mopsov.twse.com.tw/mops/web/ajax_t163sb05
下游,邊緣運算_工業AI,2395,研華,2017,4,cash_flow,營業活動之淨現金流入（流出）,3011289,"3,011,289",sii,https://mopsov.twse.com.tw/mops/web/ajax_t163sb20
下游,邊緣運算_工業AI,2395,研華,2017,4,cash_flow,投資活動之淨現金流入（流出）,2129745,"2,129,745",sii,https://mopsov.twse.com.tw/mops/web/ajax_t163sb20
下游,邊緣運算_工業AI,2395,研華,2017,4,cash_flow,籌資活動之淨現金流入（流出）,-4389203,"-4,389,203",sii,https://mopsov.twse.com.tw/mops/web/ajax_t163sb20
下游,邊緣運算_工業AI,2395,研華,2017,4,cash_flow,匯率變動對現金及約當現金之影響,-185189,"-185,189",sii,https://mopsov.twse.com.tw/mops/web/ajax_t163sb20
下游,邊緣運算_工業AI,2395,研華,2017,4,cash_flow,本期現金及約當現金增加（減少）數,566642,"566,642",sii,https://mopsov.twse.com.tw/mops/web/ajax_t163sb20
下游,邊緣運算_工業AI,2395,研華,2017,4,cash_flow,期初現金及約當現金餘額,4637577,"4,637,577",sii,https://mopsov.twse.com.tw/mops/web/ajax_t163sb20
下游,邊緣運算_工業AI,2395,研華,2017,4,cash_flow,期末現金及約當現金餘額,5204219,"5,204,219",sii,https://mopsov.twse.com.tw/mops/web/ajax_t163sb20
下游,邊緣運算_工業AI,6166,凌華,2017,4,cash_flow,營業活動之淨現金流入（流出）,406175,"406,175",sii,https://mopsov.twse.com.tw/mops/web/ajax_t163sb20
下游,邊緣運算_工業AI,6166,凌華,2017,4,cash_flow,投資活動之淨現金流入（流出）,125389,"125,389",sii,https://mopsov.twse.com.tw/mops/web/ajax_t163sb20
下游,邊緣運算_工業AI,6166,凌華,2017,4,cash_flow,籌資活動之淨現金流入（流出）,-580179,"-580,179",sii,https://mopsov.twse.com.tw/mops/web/ajax_t163sb20
下游,邊緣運算_工業AI,6166,凌華,2017,4,cash_flow,匯率變動對現金及約當現金之影響,-75409,"-75,409",sii,https://mopsov.twse.com.tw/mops/web/ajax_t163sb20
下游,邊緣運算_工業AI,6166,凌華,2017,4,cash_flow,本期現金及約當現金增加（減少）數,-124024,"-124,024",sii,https://mopsov.twse.com.tw/mops/web/ajax_t163sb20
下游,邊緣運算_工業AI,6166,凌華,2017,4,cash_flow,期初現金及約當現金餘額,1526598,"1,526,598",sii,https://mopsov.twse.com.tw/mops/web/ajax_t163sb20
下游,邊緣運算_工業AI,6166,凌華,2017,4,cash_flow,期末現金及約當現金餘額,1402574,"1,402,574",sii,https://mopsov.twse.com.tw/mops/web/ajax_t163sb20
下游,邊緣運算_工業AI,2395,研華,2018,1,income_statement,營業收入,11355195,"11,355,195",sii,https://mopsov.twse.com.tw/mops/web/ajax_t163sb04
下游,邊緣運算_工業AI,2395,研華,2018,1,income_statement,營業成本,7016964,"7,016,964",sii,https://mopsov.twse.com.tw/mops/web/ajax_t163sb04
下游,邊緣運算_工業AI,2395,研華,2018,1,income_statement,原始認列生物資產及農產品之利益（損失）,,--,sii,https://mopsov.twse.com.tw/mops/web/ajax_t163sb04
下游,邊緣運算_工業AI,2395,研華,2018,1,income_statement,生物資產當期公允價值減出售成本之變動利益（損失）,,--,sii,https://mopsov.twse.com.tw/mops/web/ajax_t163sb04
下游,邊緣運算_工業AI,2395,研華,2018,1,income_statement,營業毛利（毛損）,4338231,"4,338,231",sii,https://mopsov.twse.com.tw/mops/web/ajax_t163sb04
下游,邊緣運算_工業AI,2395,研華,2018,1,income_statement,未實現銷貨（損）益,,--,sii,https://mopsov.twse.com.tw/mops/web/ajax_t163sb04
下游,邊緣運算_工業AI,2395,研華,2018,1,income_statement,已實現銷貨（損）益,,--,sii,https://mopsov.twse.com.tw/mops/web/ajax_t163sb04
下游,邊緣運算_工業AI,2395,研華,2018,1,income_statement,營業毛利（毛損）淨額,4338231,"4,338,231",sii,https://mopsov.twse.com.tw/mops/web/ajax_t163sb04
下游,邊緣運算_工業AI,2395,研華,2018,1,income_statement,營業費用,2695638,"2,695,638",sii,https://mopsov.twse.com.tw/mops/web/ajax_t163sb04
下游,邊緣運算_工業AI,2395,研華,2018,1,income_statement,其他收益及費損淨額,,--,sii,https://mopsov.twse.com.tw/mops/web/ajax_t163sb04
下游,邊緣運算_工業AI,2395,研華,2018,1,income_statement,營業利益（損失）,1642593,"1,642,593",sii,https://mopsov.twse.com.tw/mops/web/ajax_t163sb04
下游,邊緣運算_工業AI,2395,研華,2018,1,income_statement,營業外收入及支出,98899,"98,899",sii,https://mopsov.twse.com.tw/mops/web/ajax_t163sb04
下游,邊緣運算_工業AI,2395,研華,2018,1,income_statement,稅前淨利（淨損）,1741492,"1,741,492",sii,https://mopsov.twse.com.tw/mops/web/ajax_t163sb04
下游,邊緣運算_工業AI,2395,研華,2018,1,income_statement,所得稅費用（利益）,373554,"373,554",sii,https://mopsov.twse.com.tw/mops/web/ajax_t163sb04
下游,邊緣運算_工業AI,2395,研華,2018,1,income_statement,繼續營業單位本期淨利（淨損）,1367938,"1,367,938",sii,https://mopsov.twse.com.tw/mops/web/ajax_t163sb04
下游,邊緣運算_工業AI,2395,研華,2018,1,income_statement,停業單位損益,,--,sii,https://mopsov.twse.com.tw/mops/web/ajax_t163sb04
下游,邊緣運算_工業AI,2395,研華,2018,1,income_statement,合併前非屬共同控制股權損益,,--,sii,https://mopsov.twse.com.tw/mops/web/ajax_t163sb04
下游,邊緣運算_工業AI,2395,研華,2018,1,income_statement,本期淨利（淨損）,1367938,"1,367,938",sii,https://mopsov.twse.com.tw/mops/web/ajax_t163sb04
下游,邊緣運算_工業AI,2395,研華,2018,1,income_statement,其他綜合損益（淨額）,163908,"163,908",sii,https://mopsov.twse.com.tw/mops/web/ajax_t163sb04
下游,邊緣運算_工業AI,2395,研華,2018,1,income_statement,合併前非屬共同控制股權綜合損益淨額,,--,sii,https://mopsov.twse.com.tw/mops/web/ajax_t163sb04
下游,邊緣運算_工業AI,2395,研華,2018,1,income_statement,本期綜合損益總額,1531846,"1,531,846",sii,https://mopsov.twse.com.tw/mops/web/ajax_t163sb04
下游,邊緣運算_工業AI,2395,研華,2018,1,income_statement,淨利（淨損）歸屬於母公司業主,1362670,"1,362,670",sii,https://mopsov.twse.com.tw/mops/web/ajax_t163sb04
下游,邊緣運算_工業AI,2395,研華,2018,1,income_statement,淨利（淨損）歸屬於共同控制下前手權益,,--,sii,https://mopsov.twse.com.tw/mops/web/ajax_t163sb04
下游,邊緣運算_工業AI,2395,研華,2018,1,income_statement,淨利（淨損）歸屬於非控制權益,5268,"5,268",sii,https://mopsov.twse.com.tw/mops/web/ajax_t163sb04
下游,邊緣運算_工業AI,2395,研華,2018,1,income_statement,綜合損益總額歸屬於母公司業主,1537640,"1,537,640",sii,https://mopsov.twse.com.tw/mops/web/ajax_t163sb04
下游,邊緣運算_工業AI,2395,研華,2018,1,income_statement,綜合損益總額歸屬於共同控制下前手權益,,--,sii,https://mopsov.twse.com.tw/mops/web/ajax_t163sb04
下游,邊緣運算_工業AI,2395,研華,2018,1,income_statement,綜合損益總額歸屬於非控制權益,-5794,"-5,794",sii,https://mopsov.twse.com.tw/mops/web/ajax_t163sb04
下游,邊緣運算_工業AI,2395,研華,2018,1,income_statement,基本每股盈餘（元）,1.95,1.95,sii,https://mopsov.twse.com.tw/mops/web/ajax_t163sb04
下游,邊緣運算_工業AI,6166,凌華,2018,1,income_statement,營業收入,2260180,"2,260,180",sii,https://mopsov.twse.com.tw/mops/web/ajax_t163sb04
下游,邊緣運算_工業AI,6166,凌華,2018,1,income_statement,營業成本,1448538,"1,448,538",sii,https://mopsov.twse.com.tw/mops/web/ajax_t163sb04
下游,邊緣運算_工業AI,6166,凌華,2018,1,income_statement,原始認列生物資產及農產品之利益（損失）,,--,sii,https://mopsov.twse.com.tw/mops/web/ajax_t163sb04
下游,邊緣運算_工業AI,6166,凌華,2018,1,income_statement,生物資產當期公允價值減出售成本之變動利益（損失）,,--,sii,https://mopsov.twse.com.tw/mops/web/ajax_t163sb04
下游,邊緣運算_工業AI,6166,凌華,2018,1,income_statement,營業毛利（毛損）,811642,"811,642",sii,https://mopsov.twse.com.tw/mops/web/ajax_t163sb04
下游,邊緣運算_工業AI,6166,凌華,2018,1,income_statement,未實現銷貨（損）益,442,442,sii,https://mopsov.twse.com.tw/mops/web/ajax_t163sb04
下游,邊緣運算_工業AI,6166,凌華,2018,1,income_statement,已實現銷貨（損）益,,--,sii,https://mopsov.twse.com.tw/mops/web/ajax_t163sb04
下游,邊緣運算_工業AI,6166,凌華,2018,1,income_statement,營業毛利（毛損）淨額,811200,"811,200",sii,https://mopsov.twse.com.tw/mops/web/ajax_t163sb04
下游,邊緣運算_工業AI,6166,凌華,2018,1,income_statement,營業費用,806589,"806,589",sii,https://mopsov.twse.com.tw/mops/web/ajax_t163sb04
下游,邊緣運算_工業AI,6166,凌華,2018,1,income_statement,其他收益及費損淨額,,--,sii,https://mopsov.twse.com.tw/mops/web/ajax_t163sb04
下游,邊緣運算_工業AI,6166,凌華,2018,1,income_statement,營業利益（損失）,4611,"4,611",sii,https://mopsov.twse.com.tw/mops/web/ajax_t163sb04
下游,邊緣運算_工業AI,6166,凌華,2018,1,income_statement,營業外收入及支出,12556,"12,556",sii,https://mopsov.twse.com.tw/mops/web/ajax_t163sb04
下游,邊緣運算_工業AI,6166,凌華,2018,1,income_statement,稅前淨利（淨損）,17167,"17,167",sii,https://mopsov.twse.com.tw/mops/web/ajax_t163sb04
下游,邊緣運算_工業AI,6166,凌華,2018,1,income_statement,所得稅費用（利益）,-4587,"-4,587",sii,https://mopsov.twse.com.tw/mops/web/ajax_t163sb04
下游,邊緣運算_工業AI,6166,凌華,2018,1,income_statement,繼續營業單位本期淨利（淨損）,21754,"21,754",sii,https://mopsov.twse.com.tw/mops/web/ajax_t163sb04
下游,邊緣運算_工業AI,6166,凌華,2018,1,income_statement,停業單位損益,,--,sii,https://mopsov.twse.com.tw/mops/web/ajax_t163sb04
下游,邊緣運算_工業AI,6166,凌華,2018,1,income_statement,合併前非屬共同控制股權損益,,--,sii,https://mopsov.twse.com.tw/mops/web/ajax_t163sb04
下游,邊緣運算_工業AI,6166,凌華,2018,1,income_statement,本期淨利（淨損）,21754,"21,754",sii,https://mopsov.twse.com.tw/mops/web/ajax_t163sb04
下游,邊緣運算_工業AI,6166,凌華,2018,1,income_statement,其他綜合損益（淨額）,7467,"7,467",sii,https://mopsov.twse.com.tw/mops/web/ajax_t163sb04
下游,邊緣運算_工業AI,6166,凌華,2018,1,income_statement,合併前非屬共同控制股權綜合損益淨額,,--,sii,https://mopsov.twse.com.tw/mops/web/ajax_t163sb04
下游,邊緣運算_工業AI,6166,凌華,2018,1,income_statement,本期綜合損益總額,29221,"29,221",sii,https://mopsov.twse.com.tw/mops/web/ajax_t163sb04
下游,邊緣運算_工業AI,6166,凌華,2018,1,income_statement,淨利（淨損）歸屬於母公司業主,22401,"22,401",sii,https://mopsov.twse.com.tw/mops/web/ajax_t163sb04
下游,邊緣運算_工業AI,6166,凌華,2018,1,income_statement,淨利（淨損）歸屬於共同控制下前手權益,,--,sii,https://mopsov.twse.com.tw/mops/web/ajax_t163sb04
下游,邊緣運算_工業AI,6166,凌華,2018,1,income_statement,淨利（淨損）歸屬於非控制權益,-647,-647,sii,https://mopsov.twse.com.tw/mops/web/ajax_t163sb04
下游,邊緣運算_工業AI,6166,凌華,2018,1,income_statement,綜合損益總額歸屬於母公司業主,29518,"29,518",sii,https://mopsov.twse.com.tw/mops/web/ajax_t163sb04
下游,邊緣運算_工業AI,6166,凌華,2018,1,income_statement,綜合損益總額歸屬於共同控制下前手權益,,--,sii,https://mopsov.twse.com.tw/mops/web/ajax_t163sb04
下游,邊緣運算_工業AI,6166,凌華,2018,1,income_statement,綜合損益總額歸屬於非控制權益,-297,-297,sii,https://mopsov.twse.com.tw/mops/web/ajax_t163sb04
下游,邊緣運算_工業AI,6166,凌華,2018,1,income_statement,基本每股盈餘（元）,0.1,0.10,sii,https://mopsov.twse.com.tw/mops/web/ajax_t163sb04
下游,邊緣運算_工業AI,2395,研華,2018,1,balance_sheet,流動資產,23934345,"23,934,345",sii,https://mopsov.twse.com.tw/mops/web/ajax_t163sb05
下游,邊緣運算_工業AI,2395,研華,2018,1,balance_sheet,非流動資產,18389818,"18,389,818",sii,https://mopsov.twse.com.tw/mops/web/ajax_t163sb05
下游,邊緣運算_工業AI,2395,研華,2018,1,balance_sheet,資產總計,42324163,"42,324,163",sii,https://mopsov.twse.com.tw/mops/web/ajax_t163sb05
下游,邊緣運算_工業AI,2395,研華,2018,1,balance_sheet,流動負債,11051701,"11,051,701",sii,https://mopsov.twse.com.tw/mops/web/ajax_t163sb05
下游,邊緣運算_工業AI,2395,研華,2018,1,balance_sheet,非流動負債,1861447,"1,861,447",sii,https://mopsov.twse.com.tw/mops/web/ajax_t163sb05
下游,邊緣運算_工業AI,2395,研華,2018,1,balance_sheet,負債總計,12913148,"12,913,148",sii,https://mopsov.twse.com.tw/mops/web/ajax_t163sb05
下游,邊緣運算_工業AI,2395,研華,2018,1,balance_sheet,股本,6974575,"6,974,575",sii,https://mopsov.twse.com.tw/mops/web/ajax_t163sb05
下游,邊緣運算_工業AI,2395,研華,2018,1,balance_sheet,資本公積,6668711,"6,668,711",sii,https://mopsov.twse.com.tw/mops/web/ajax_t163sb05
下游,邊緣運算_工業AI,2395,研華,2018,1,balance_sheet,保留盈餘,15744679,"15,744,679",sii,https://mopsov.twse.com.tw/mops/web/ajax_t163sb05
下游,邊緣運算_工業AI,2395,研華,2018,1,balance_sheet,其他權益,-153632,"-153,632",sii,https://mopsov.twse.com.tw/mops/web/ajax_t163sb05
下游,邊緣運算_工業AI,2395,研華,2018,1,balance_sheet,庫藏股票,,--,sii,https://mopsov.twse.com.tw/mops/web/ajax_t163sb05
下游,邊緣運算_工業AI,2395,研華,2018,1,balance_sheet,歸屬於母公司業主之權益合計,29234333,"29,234,333",sii,https://mopsov.twse.com.tw/mops/web/ajax_t163sb05
下游,邊緣運算_工業AI,2395,研華,2018,1,balance_sheet,共同控制下前手權益,,--,sii,https://mopsov.twse.com.tw/mops/web/ajax_t163sb05
下游,邊緣運算_工業AI,2395,研華,2018,1,balance_sheet,合併前非屬共同控制股權,,--,sii,https://mopsov.twse.com.tw/mops/web/ajax_t163sb05
下游,邊緣運算_工業AI,2395,研華,2018,1,balance_sheet,非控制權益,176682,"176,682",sii,https://mopsov.twse.com.tw/mops/web/ajax_t163sb05
下游,邊緣運算_工業AI,2395,研華,2018,1,balance_sheet,權益總計,29411015,"29,411,015",sii,https://mopsov.twse.com.tw/mops/web/ajax_t163sb05
下游,邊緣運算_工業AI,2395,研華,2018,1,balance_sheet,待註銷股本股數（單位：股）,0,0,sii,https://mopsov.twse.com.tw/mops/web/ajax_t163sb05
下游,邊緣運算_工業AI,2395,研華,2018,1,balance_sheet,預收股款（權益項下）之約當發行股數（單位：股）,175000,"175,000",sii,https://mopsov.twse.com.tw/mops/web/ajax_t163sb05
下游,邊緣運算_工業AI,2395,研華,2018,1,balance_sheet,母公司暨子公司所持有之母公司庫藏股股數（單位：股）,0,0,sii,https://mopsov.twse.com.tw/mops/web/ajax_t163sb05
下游,邊緣運算_工業AI,2395,研華,2018,1,balance_sheet,每股參考淨值,41.92,41.92,sii,https://mopsov.twse.com.tw/mops/web/ajax_t163sb05
下游,邊緣運算_工業AI,6166,凌華,2018,1,balance_sheet,流動資產,5819006,"5,819,006",sii,https://mopsov.twse.com.tw/mops/web/ajax_t163sb05
下游,邊緣運算_工業AI,6166,凌華,2018,1,balance_sheet,非流動資產,2187173,"2,187,173",sii,https://mopsov.twse.com.tw/mops/web/ajax_t163sb05
下游,邊緣運算_工業AI,6166,凌華,2018,1,balance_sheet,資產總計,8006179,"8,006,179",sii,https://mopsov.twse.com.tw/mops/web/ajax_t163sb05
下游,邊緣運算_工業AI,6166,凌華,2018,1,balance_sheet,流動負債,3258427,"3,258,427",sii,https://mopsov.twse.com.tw/mops/web/ajax_t163sb05
下游,邊緣運算_工業AI,6166,凌華,2018,1,balance_sheet,非流動負債,91460,"91,460",sii,https://mopsov.twse.com.tw/mops/web/ajax_t163sb05
下游,邊緣運算_工業AI,6166,凌華,2018,1,balance_sheet,負債總計,3349887,"3,349,887",sii,https://mopsov.twse.com.tw/mops/web/ajax_t163sb05
下游,邊緣運算_工業AI,6166,凌華,2018,1,balance_sheet,股本,2175232,"2,175,232",sii,https://mopsov.twse.com.tw/mops/web/ajax_t163sb05
下游,邊緣運算_工業AI,6166,凌華,2018,1,balance_sheet,資本公積,1575041,"1,575,041",sii,https://mopsov.twse.com.tw/mops/web/ajax_t163sb05
下游,邊緣運算_工業AI,6166,凌華,2018,1,balance_sheet,保留盈餘,1047634,"1,047,634",sii,https://mopsov.twse.com.tw/mops/web/ajax_t163sb05
下游,邊緣運算_工業AI,6166,凌華,2018,1,balance_sheet,其他權益,-151114,"-151,114",sii,https://mopsov.twse.com.tw/mops/web/ajax_t163sb05
下游,邊緣運算_工業AI,6166,凌華,2018,1,balance_sheet,庫藏股票,,--,sii,https://mopsov.twse.com.tw/mops/web/ajax_t163sb05
下游,邊緣運算_工業AI,6166,凌華,2018,1,balance_sheet,歸屬於母公司業主之權益合計,4646793,"4,646,793",sii,https://mopsov.twse.com.tw/mops/web/ajax_t163sb05
下游,邊緣運算_工業AI,6166,凌華,2018,1,balance_sheet,共同控制下前手權益,,--,sii,https://mopsov.twse.com.tw/mops/web/ajax_t163sb05
下游,邊緣運算_工業AI,6166,凌華,2018,1,balance_sheet,合併前非屬共同控制股權,,--,sii,https://mopsov.twse.com.tw/mops/web/ajax_t163sb05
下游,邊緣運算_工業AI,6166,凌華,2018,1,balance_sheet,非控制權益,9499,"9,499",sii,https://mopsov.twse.com.tw/mops/web/ajax_t163sb05
下游,邊緣運算_工業AI,6166,凌華,2018,1,balance_sheet,權益總計,4656292,"4,656,292",sii,https://mopsov.twse.com.tw/mops/web/ajax_t163sb05
下游,邊緣運算_工業AI,6166,凌華,2018,1,balance_sheet,待註銷股本股數（單位：股）,,--,sii,https://mopsov.twse.com.tw/mops/web/ajax_t163sb05
下游,邊緣運算_工業AI,6166,凌華,2018,1,balance_sheet,預收股款（權益項下）之約當發行股數（單位：股）,0,0,sii,https://mopsov.twse.com.tw/mops/web/ajax_t163sb05
下游,邊緣運算_工業AI,6166,凌華,2018,1,balance_sheet,母公司暨子公司所持有之母公司庫藏股股數（單位：股）,0,0,sii,https://mopsov.twse.com.tw/mops/web/ajax_t163sb05
下游,邊緣運算_工業AI,6166,凌華,2018,1,balance_sheet,每股參考淨值,21.36,21.36,sii,https://mopsov.twse.com.tw/mops/web/ajax_t163sb05
下游,邊緣運算_工業AI,2395,研華,2018,1,cash_flow,營業活動之淨現金流入（流出）,339752,"339,752",sii,https://mopsov.twse.com.tw/mops/web/ajax_t163sb20
下游,邊緣運算_工業AI,2395,研華,2018,1,cash_flow,投資活動之淨現金流入（流出）,-608639,"-608,639",sii,https://mopsov.twse.com.tw/mops/web/ajax_t163sb20
下游,邊緣運算_工業AI,2395,研華,2018,1,cash_flow,籌資活動之淨現金流入（流出）,17853,"17,853",sii,https://mopsov.twse.com.tw/mops/web/ajax_t163sb20
下游,邊緣運算_工業AI,2395,研華,2018,1,cash_flow,匯率變動對現金及約當現金之影響,-25499,"-25,499",sii,https://mopsov.twse.com.tw/mops/web/ajax_t163sb20
下游,邊緣運算_工業AI,2395,研華,2018,1,cash_flow,本期現金及約當現金增加（減少）數,-276533,"-276,533",sii,https://mopsov.twse.com.tw/mops/web/ajax_t163sb20
下游,邊緣運算_工業AI,2395,研華,2018,1,cash_flow,期初現金及約當現金餘額,5204219,"5,204,219",sii,https://mopsov.twse.com.tw/mops/web/ajax_t163sb20
下游,邊緣運算_工業AI,2395,研華,2018,1,cash_flow,期末現金及約當現金餘額,4927686,"4,927,686",sii,https://mopsov.twse.com.tw/mops/web/ajax_t163sb20
下游,邊緣運算_工業AI,6166,凌華,2018,1,cash_flow,營業活動之淨現金流入（流出）,-1821,"-1,821",sii,https://mopsov.twse.com.tw/mops/web/ajax_t163sb20
下游,邊緣運算_工業AI,6166,凌華,2018,1,cash_flow,投資活動之淨現金流入（流出）,-47482,"-47,482",sii,https://mopsov.twse.com.tw/mops/web/ajax_t163sb20
下游,邊緣運算_工業AI,6166,凌華,2018,1,cash_flow,籌資活動之淨現金流入（流出）,49965,"49,965",sii,https://mopsov.twse.com.tw/mops/web/ajax_t163sb20
下游,邊緣運算_工業AI,6166,凌華,2018,1,cash_flow,匯率變動對現金及約當現金之影響,-12061,"-12,061",sii,https://mopsov.twse.com.tw/mops/web/ajax_t163sb20
下游,邊緣運算_工業AI,6166,凌華,2018,1,cash_flow,本期現金及約當現金增加（減少）數,-11399,"-11,399",sii,https://mopsov.twse.com.tw/mops/web/ajax_t163sb20
下游,邊緣運算_工業AI,6166,凌華,2018,1,cash_flow,期初現金及約當現金餘額,1402574,"1,402,574",sii,https://mopsov.twse.com.tw/mops/web/ajax_t163sb20
下游,邊緣運算_工業AI,6166,凌華,2018,1,cash_flow,期末現金及約當現金餘額,1391175,"1,391,175",sii,https://mopsov.twse.com.tw/mops/web/ajax_t163sb20
下游,邊緣運算_工業AI,2395,研華,2018,2,income_statement,營業收入,24000639,"24,000,639",sii,https://mopsov.twse.com.tw/mops/web/ajax_t163sb04
下游,邊緣運算_工業AI,2395,研華,2018,2,income_statement,營業成本,14869936,"14,869,936",sii,https://mopsov.twse.com.tw/mops/web/ajax_t163sb04
下游,邊緣運算_工業AI,2395,研華,2018,2,income_statement,原始認列生物資產及農產品之利益（損失）,,--,sii,https://mopsov.twse.com.tw/mops/web/ajax_t163sb04
下游,邊緣運算_工業AI,2395,研華,2018,2,income_statement,生物資產當期公允價值減出售成本之變動利益（損失）,,--,sii,https://mopsov.twse.com.tw/mops/web/ajax_t163sb04
下游,邊緣運算_工業AI,2395,研華,2018,2,income_statement,營業毛利（毛損）,9130703,"9,130,703",sii,https://mopsov.twse.com.tw/mops/web/ajax_t163sb04
下游,邊緣運算_工業AI,2395,研華,2018,2,income_statement,未實現銷貨（損）益,,--,sii,https://mopsov.twse.com.tw/mops/web/ajax_t163sb04
下游,邊緣運算_工業AI,2395,研華,2018,2,income_statement,已實現銷貨（損）益,,--,sii,https://mopsov.twse.com.tw/mops/web/ajax_t163sb04
下游,邊緣運算_工業AI,2395,研華,2018,2,income_statement,營業毛利（毛損）淨額,9130703,"9,130,703",sii,https://mopsov.twse.com.tw/mops/web/ajax_t163sb04
下游,邊緣運算_工業AI,2395,研華,2018,2,income_statement,營業費用,5546659,"5,546,659",sii,https://mopsov.twse.com.tw/mops/web/ajax_t163sb04
下游,邊緣運算_工業AI,2395,研華,2018,2,income_statement,其他收益及費損淨額,,--,sii,https://mopsov.twse.com.tw/mops/web/ajax_t163sb04
下游,邊緣運算_工業AI,2395,研華,2018,2,income_statement,營業利益（損失）,3584044,"3,584,044",sii,https://mopsov.twse.com.tw/mops/web/ajax_t163sb04
下游,邊緣運算_工業AI,2395,研華,2018,2,income_statement,營業外收入及支出,185978,"185,978",sii,https://mopsov.twse.com.tw/mops/web/ajax_t163sb04
下游,邊緣運算_工業AI,2395,研華,2018,2,income_statement,稅前淨利（淨損）,3770022,"3,770,022",sii,https://mopsov.twse.com.tw/mops/web/ajax_t163sb04
下游,邊緣運算_工業AI,2395,研華,2018,2,income_statement,所得稅費用（利益）,807445,"807,445",sii,https://mopsov.twse.com.tw/mops/web/ajax_t163sb04
下游,邊緣運算_工業AI,2395,研華,2018,2,income_statement,繼續營業單位本期淨利（淨損）,2962577,"2,962,577",sii,https://mopsov.twse.com.tw/mops/web/ajax_t163sb04
下游,邊緣運算_工業AI,2395,研華,2018,2,income_statement,停業單位損益,,--,sii,https://mopsov.twse.com.tw/mops/web/ajax_t163sb04
下游,邊緣運算_工業AI,2395,研華,2018,2,income_statement,合併前非屬共同控制股權損益,,--,sii,https://mopsov.twse.com.tw/mops/web/ajax_t163sb04
下游,邊緣運算_工業AI,2395,研華,2018,2,income_statement,本期淨利（淨損）,2962577,"2,962,577",sii,https://mopsov.twse.com.tw/mops/web/ajax_t163sb04
下游,邊緣運算_工業AI,2395,研華,2018,2,income_statement,其他綜合損益（淨額）,161414,"161,414",sii,https://mopsov.twse.com.tw/mops/web/ajax_t163sb04
下游,邊緣運算_工業AI,2395,研華,2018,2,income_statement,合併前非屬共同控制股權綜合損益淨額,,--,sii,https://mopsov.twse.com.tw/mops/web/ajax_t163sb04
下游,邊緣運算_工業AI,2395,研華,2018,2,income_statement,本期綜合損益總額,3123991,"3,123,991",sii,https://mopsov.twse.com.tw/mops/web/ajax_t163sb04
下游,邊緣運算_工業AI,2395,研華,2018,2,income_statement,淨利（淨損）歸屬於母公司業主,2946865,"2,946,865",sii,https://mopsov.twse.com.tw/mops/web/ajax_t163sb04
下游,邊緣運算_工業AI,2395,研華,2018,2,income_statement,淨利（淨損）歸屬於共同控制下前手權益,,--,sii,https://mopsov.twse.com.tw/mops/web/ajax_t163sb04
下游,邊緣運算_工業AI,2395,研華,2018,2,income_statement,淨利（淨損）歸屬於非控制權益,15712,"15,712",sii,https://mopsov.twse.com.tw/mops/web/ajax_t163sb04
下游,邊緣運算_工業AI,2395,研華,2018,2,income_statement,綜合損益總額歸屬於母公司業主,3100407,"3,100,407",sii,https://mopsov.twse.com.tw/mops/web/ajax_t163sb04
下游,邊緣運算_工業AI,2395,研華,2018,2,income_statement,綜合損益總額歸屬於共同控制下前手權益,,--,sii,https://mopsov.twse.com.tw/mops/web/ajax_t163sb04
下游,邊緣運算_工業AI,2395,研華,2018,2,income_statement,綜合損益總額歸屬於非控制權益,23584,"23,584",sii,https://mopsov.twse.com.tw/mops/web/ajax_t163sb04
下游,邊緣運算_工業AI,2395,研華,2018,2,income_statement,基本每股盈餘（元）,4.23,4.23,sii,https://mopsov.twse.com.tw/mops/web/ajax_t163sb04
下游,邊緣運算_工業AI,6166,凌華,2018,2,income_statement,營業收入,4942805,"4,942,805",sii,https://mopsov.twse.com.tw/mops/web/ajax_t163sb04
下游,邊緣運算_工業AI,6166,凌華,2018,2,income_statement,營業成本,3203356,"3,203,356",sii,https://mopsov.twse.com.tw/mops/web/ajax_t163sb04
下游,邊緣運算_工業AI,6166,凌華,2018,2,income_statement,原始認列生物資產及農產品之利益（損失）,,--,sii,https://mopsov.twse.com.tw/mops/web/ajax_t163sb04
下游,邊緣運算_工業AI,6166,凌華,2018,2,income_statement,生物資產當期公允價值減出售成本之變動利益（損失）,,--,sii,https://mopsov.twse.com.tw/mops/web/ajax_t163sb04
下游,邊緣運算_工業AI,6166,凌華,2018,2,income_statement,營業毛利（毛損）,1739449,"1,739,449",sii,https://mopsov.twse.com.tw/mops/web/ajax_t163sb04
下游,邊緣運算_工業AI,6166,凌華,2018,2,income_statement,未實現銷貨（損）益,33,33,sii,https://mopsov.twse.com.tw/mops/web/ajax_t163sb04
下游,邊緣運算_工業AI,6166,凌華,2018,2,income_statement,已實現銷貨（損）益,,--,sii,https://mopsov.twse.com.tw/mops/web/ajax_t163sb04
下游,邊緣運算_工業AI,6166,凌華,2018,2,income_statement,營業毛利（毛損）淨額,1739416,"1,739,416",sii,https://mopsov.twse.com.tw/mops/web/ajax_t163sb04
下游,邊緣運算_工業AI,6166,凌華,2018,2,income_statement,營業費用,1664401,"1,664,401",sii,https://mopsov.twse.com.tw/mops/web/ajax_t163sb04
下游,邊緣運算_工業AI,6166,凌華,2018,2,income_statement,其他收益及費損淨額,,--,sii,https://mopsov.twse.com.tw/mops/web/ajax_t163sb04
下游,邊緣運算_工業AI,6166,凌華,2018,2,income_statement,營業利益（損失）,75015,"75,015",sii,https://mopsov.twse.com.tw/mops/web/ajax_t163sb04
下游,邊緣運算_工業AI,6166,凌華,2018,2,income_statement,營業外收入及支出,1492,"1,492",sii,https://mopsov.twse.com.tw/mops/web/ajax_t163sb04
下游,邊緣運算_工業AI,6166,凌華,2018,2,income_statement,稅前淨利（淨損）,76507,"76,507",sii,https://mopsov.twse.com.tw/mops/web/ajax_t163sb04
下游,邊緣運算_工業AI,6166,凌華,2018,2,income_statement,所得稅費用（利益）,7906,"7,906",sii,https://mopsov.twse.com.tw/mops/web/ajax_t163sb04
下游,邊緣運算_工業AI,6166,凌華,2018,2,income_statement,繼續營業單位本期淨利（淨損）,68601,"68,601",sii,https://mopsov.twse.com.tw/mops/web/ajax_t163sb04
下游,邊緣運算_工業AI,6166,凌華,2018,2,income_statement,停業單位損益,,--,sii,https://mopsov.twse.com.tw/mops/web/ajax_t163sb04
下游,邊緣運算_工業AI,6166,凌華,2018,2,income_statement,合併前非屬共同控制股權損益,,--,sii,https://mopsov.twse.com.tw/mops/web/ajax_t163sb04
下游,邊緣運算_工業AI,6166,凌華,2018,2,income_statement,本期淨利（淨損）,68601,"68,601",sii,https://mopsov.twse.com.tw/mops/web/ajax_t163sb04
下游,邊緣運算_工業AI,6166,凌華,2018,2,income_statement,其他綜合損益（淨額）,34505,"34,505",sii,https://mopsov.twse.com.tw/mops/web/ajax_t163sb04
下游,邊緣運算_工業AI,6166,凌華,2018,2,income_statement,合併前非屬共同控制股權綜合損益淨額,,--,sii,https://mopsov.twse.com.tw/mops/web/ajax_t163sb04
下游,邊緣運算_工業AI,6166,凌華,2018,2,income_statement,本期綜合損益總額,103106,"103,106",sii,https://mopsov.twse.com.tw/mops/web/ajax_t163sb04
下游,邊緣運算_工業AI,6166,凌華,2018,2,income_statement,淨利（淨損）歸屬於母公司業主,69917,"69,917",sii,https://mopsov.twse.com.tw/mops/web/ajax_t163sb04
下游,邊緣運算_工業AI,6166,凌華,2018,2,income_statement,淨利（淨損）歸屬於共同控制下前手權益,,--,sii,https://mopsov.twse.com.tw/mops/web/ajax_t163sb04
下游,邊緣運算_工業AI,6166,凌華,2018,2,income_statement,淨利（淨損）歸屬於非控制權益,-1316,"-1,316",sii,https://mopsov.twse.com.tw/mops/web/ajax_t163sb04
下游,邊緣運算_工業AI,6166,凌華,2018,2,income_statement,綜合損益總額歸屬於母公司業主,104026,"104,026",sii,https://mopsov.twse.com.tw/mops/web/ajax_t163sb04
下游,邊緣運算_工業AI,6166,凌華,2018,2,income_statement,綜合損益總額歸屬於共同控制下前手權益,,--,sii,https://mopsov.twse.com.tw/mops/web/ajax_t163sb04
下游,邊緣運算_工業AI,6166,凌華,2018,2,income_statement,綜合損益總額歸屬於非控制權益,-920,-920,sii,https://mopsov.twse.com.tw/mops/web/ajax_t163sb04
下游,邊緣運算_工業AI,6166,凌華,2018,2,income_statement,基本每股盈餘（元）,0.32,0.32,sii,https://mopsov.twse.com.tw/mops/web/ajax_t163sb04
下游,邊緣運算_工業AI,2395,研華,2018,2,balance_sheet,流動資產,26783888,"26,783,888",sii,https://mopsov.twse.com.tw/mops/web/ajax_t163sb05
下游,邊緣運算_工業AI,2395,研華,2018,2,balance_sheet,非流動資產,18561401,"18,561,401",sii,https://mopsov.twse.com.tw/mops/web/ajax_t163sb05
下游,邊緣運算_工業AI,2395,研華,2018,2,balance_sheet,資產總計,45345289,"45,345,289",sii,https://mopsov.twse.com.tw/mops/web/ajax_t163sb05
下游,邊緣運算_工業AI,2395,研華,2018,2,balance_sheet,流動負債,16853538,"16,853,538",sii,https://mopsov.twse.com.tw/mops/web/ajax_t163sb05
下游,邊緣運算_工業AI,2395,研華,2018,2,balance_sheet,非流動負債,2016582,"2,016,582",sii,https://mopsov.twse.com.tw/mops/web/ajax_t163sb05
下游,邊緣運算_工業AI,2395,研華,2018,2,balance_sheet,負債總計,18870120,"18,870,120",sii,https://mopsov.twse.com.tw/mops/web/ajax_t163sb05
下游,邊緣運算_工業AI,2395,研華,2018,2,balance_sheet,股本,6975445,"6,975,445",sii,https://mopsov.twse.com.tw/mops/web/ajax_t163sb05
下游,邊緣運算_工業AI,2395,研華,2018,2,balance_sheet,資本公積,6760672,"6,760,672",sii,https://mopsov.twse.com.tw/mops/web/ajax_t163sb05
下游,邊緣運算_工業AI,2395,研華,2018,2,balance_sheet,保留盈餘,12730781,"12,730,781",sii,https://mopsov.twse.com.tw/mops/web/ajax_t163sb05
下游,邊緣運算_工業AI,2395,研華,2018,2,balance_sheet,其他權益,-181953,"-181,953",sii,https://mopsov.twse.com.tw/mops/web/ajax_t163sb05
下游,邊緣運算_工業AI,2395,研華,2018,2,balance_sheet,庫藏股票,,--,sii,https://mopsov.twse.com.tw/mops/web/ajax_t163sb05
下游,邊緣運算_工業AI,2395,研華,2018,2,balance_sheet,歸屬於母公司業主之權益合計,26284945,"26,284,945",sii,https://mopsov.twse.com.tw/mops/web/ajax_t163sb05
下游,邊緣運算_工業AI,2395,研華,2018,2,balance_sheet,共同控制下前手權益,,--,sii,https://mopsov.twse.com.tw/mops/web/ajax_t163sb05
下游,邊緣運算_工業AI,2395,研華,2018,2,balance_sheet,合併前非屬共同控制股權,,--,sii,https://mopsov.twse.com.tw/mops/web/ajax_t163sb05
下游,邊緣運算_工業AI,2395,研華,2018,2,balance_sheet,非控制權益,190224,"190,224",sii,https://mopsov.twse.com.tw/mops/web/ajax_t163sb05
下游,邊緣運算_工業AI,2395,研華,2018,2,balance_sheet,權益總計,26475169,"26,475,169",sii,https://mopsov.twse.com.tw/mops/web/ajax_t163sb05
下游,邊緣運算_工業AI,2395,研華,2018,2,balance_sheet,待註銷股本股數（單位：股）,0,0,sii,https://mopsov.twse.com.tw/mops/web/ajax_t163sb05
下游,邊緣運算_工業AI,2395,研華,2018,2,balance_sheet,預收股款（權益項下）之約當發行股數（單位：股）,87000,"87,000",sii,https://mopsov.twse.com.tw/mops/web/ajax_t163sb05
下游,邊緣運算_工業AI,2395,研華,2018,2,balance_sheet,母公司暨子公司所持有之母公司庫藏股股數（單位：股）,0,0,sii,https://mopsov.twse.com.tw/mops/web/ajax_t163sb05
下游,邊緣運算_工業AI,2395,研華,2018,2,balance_sheet,每股參考淨值,37.68,37.68,sii,https://mopsov.twse.com.tw/mops/web/ajax_t163sb05
下游,邊緣運算_工業AI,6166,凌華,2018,2,balance_sheet,流動資產,6278617,"6,278,617",sii,https://mopsov.twse.com.tw/mops/web/ajax_t163sb05
下游,邊緣運算_工業AI,6166,凌華,2018,2,balance_sheet,非流動資產,2152786,"2,152,786",sii,https://mopsov.twse.com.tw/mops/web/ajax_t163sb05
下游,邊緣運算_工業AI,6166,凌華,2018,2,balance_sheet,資產總計,8431403,"8,431,403",sii,https://mopsov.twse.com.tw/mops/web/ajax_t163sb05
下游,邊緣運算_工業AI,6166,凌華,2018,2,balance_sheet,流動負債,3935153,"3,935,153",sii,https://mopsov.twse.com.tw/mops/web/ajax_t163sb05
下游,邊緣運算_工業AI,6166,凌華,2018,2,balance_sheet,非流動負債,91372,"91,372",sii,https://mopsov.twse.com.tw/mops/web/ajax_t163sb05
下游,邊緣運算_工業AI,6166,凌華,2018,2,balance_sheet,負債總計,4026525,"4,026,525",sii,https://mopsov.twse.com.tw/mops/web/ajax_t163sb05
下游,邊緣運算_工業AI,6166,凌華,2018,2,balance_sheet,股本,2175232,"2,175,232",sii,https://mopsov.twse.com.tw/mops/web/ajax_t163sb05
下游,邊緣運算_工業AI,6166,凌華,2018,2,balance_sheet,資本公積,1553289,"1,553,289",sii,https://mopsov.twse.com.tw/mops/web/ajax_t163sb05
下游,邊緣運算_工業AI,6166,凌華,2018,2,balance_sheet,保留盈餘,790618,"790,618",sii,https://mopsov.twse.com.tw/mops/web/ajax_t163sb05
下游,邊緣運算_工業AI,6166,凌華,2018,2,balance_sheet,其他權益,-123137,"-123,137",sii,https://mopsov.twse.com.tw/mops/web/ajax_t163sb05
下游,邊緣運算_工業AI,6166,凌華,2018,2,balance_sheet,庫藏股票,,--,sii,https://mopsov.twse.com.tw/mops/web/ajax_t163sb05
下游,邊緣運算_工業AI,6166,凌華,2018,2,balance_sheet,歸屬於母公司業主之權益合計,4396002,"4,396,002",sii,https://mopsov.twse.com.tw/mops/web/ajax_t163sb05
下游,邊緣運算_工業AI,6166,凌華,2018,2,balance_sheet,共同控制下前手權益,,--,sii,https://mopsov.twse.com.tw/mops/web/ajax_t163sb05
下游,邊緣運算_工業AI,6166,凌華,2018,2,balance_sheet,合併前非屬共同控制股權,,--,sii,https://mopsov.twse.com.tw/mops/web/ajax_t163sb05
下游,邊緣運算_工業AI,6166,凌華,2018,2,balance_sheet,非控制權益,8876,"8,876",sii,https://mopsov.twse.com.tw/mops/web/ajax_t163sb05
下游,邊緣運算_工業AI,6166,凌華,2018,2,balance_sheet,權益總計,4404878,"4,404,878",sii,https://mopsov.twse.com.tw/mops/web/ajax_t163sb05
下游,邊緣運算_工業AI,6166,凌華,2018,2,balance_sheet,待註銷股本股數（單位：股）,,--,sii,https://mopsov.twse.com.tw/mops/web/ajax_t163sb05
下游,邊緣運算_工業AI,6166,凌華,2018,2,balance_sheet,預收股款（權益項下）之約當發行股數（單位：股）,0,0,sii,https://mopsov.twse.com.tw/mops/web/ajax_t163sb05
下游,邊緣運算_工業AI,6166,凌華,2018,2,balance_sheet,母公司暨子公司所持有之母公司庫藏股股數（單位：股）,0,0,sii,https://mopsov.twse.com.tw/mops/web/ajax_t163sb05
下游,邊緣運算_工業AI,6166,凌華,2018,2,balance_sheet,每股參考淨值,20.21,20.21,sii,https://mopsov.twse.com.tw/mops/web/ajax_t163sb05
下游,邊緣運算_工業AI,2395,研華,2018,2,cash_flow,營業活動之淨現金流入（流出）,1120716,"1,120,716",sii,https://mopsov.twse.com.tw/mops/web/ajax_t163sb20
下游,邊緣運算_工業AI,2395,研華,2018,2,cash_flow,投資活動之淨現金流入（流出）,-1085002,"-1,085,002",sii,https://mopsov.twse.com.tw/mops/web/ajax_t163sb20
下游,邊緣運算_工業AI,2395,研華,2018,2,cash_flow,籌資活動之淨現金流入（流出）,-8755,"-8,755",sii,https://mopsov.twse.com.tw/mops/web/ajax_t163sb20
下游,邊緣運算_工業AI,2395,研華,2018,2,cash_flow,匯率變動對現金及約當現金之影響,63683,"63,683",sii,https://mopsov.twse.com.tw/mops/web/ajax_t163sb20
下游,邊緣運算_工業AI,2395,研華,2018,2,cash_flow,本期現金及約當現金增加（減少）數,90642,"90,642",sii,https://mopsov.twse.com.tw/mops/web/ajax_t163sb20
下游,邊緣運算_工業AI,2395,研華,2018,2,cash_flow,期初現金及約當現金餘額,5204219,"5,204,219",sii,https://mopsov.twse.com.tw/mops/web/ajax_t163sb20
下游,邊緣運算_工業AI,2395,研華,2018,2,cash_flow,期末現金及約當現金餘額,5294861,"5,294,861",sii,https://mopsov.twse.com.tw/mops/web/ajax_t163sb20
下游,邊緣運算_工業AI,6166,凌華,2018,2,cash_flow,營業活動之淨現金流入（流出）,-20989,"-20,989",sii,https://mopsov.twse.com.tw/mops/web/ajax_t163sb20
下游,邊緣運算_工業AI,6166,凌華,2018,2,cash_flow,投資活動之淨現金流入（流出）,-80878,"-80,878",sii,https://mopsov.twse.com.tw/mops/web/ajax_t163sb20
下游,邊緣運算_工業AI,6166,凌華,2018,2,cash_flow,籌資活動之淨現金流入（流出）,83975,"83,975",sii,https://mopsov.twse.com.tw/mops/web/ajax_t163sb20
下游,邊緣運算_工業AI,6166,凌華,2018,2,cash_flow,匯率變動對現金及約當現金之影響,21302,"21,302",sii,https://mopsov.twse.com.tw/mops/web/ajax_t163sb20
下游,邊緣運算_工業AI,6166,凌華,2018,2,cash_flow,本期現金及約當現金增加（減少）數,3410,"3,410",sii,https://mopsov.twse.com.tw/mops/web/ajax_t163sb20
下游,邊緣運算_工業AI,6166,凌華,2018,2,cash_flow,期初現金及約當現金餘額,1402574,"1,402,574",sii,https://mopsov.twse.com.tw/mops/web/ajax_t163sb20
下游,邊緣運算_工業AI,6166,凌華,2018,2,cash_flow,期末現金及約當現金餘額,1405984,"1,405,984",sii,https://mopsov.twse.com.tw/mops/web/ajax_t163sb20
下游,邊緣運算_工業AI,2395,研華,2018,3,income_statement,營業收入,36360294,"36,360,294",sii,https://mopsov.twse.com.tw/mops/web/ajax_t163sb04
下游,邊緣運算_工業AI,2395,研華,2018,3,income_statement,營業成本,22469245,"22,469,245",sii,https://mopsov.twse.com.tw/mops/web/ajax_t163sb04
下游,邊緣運算_工業AI,2395,研華,2018,3,income_statement,原始認列生物資產及農產品之利益（損失）,,--,sii,https://mopsov.twse.com.tw/mops/web/ajax_t163sb04
下游,邊緣運算_工業AI,2395,研華,2018,3,income_statement,生物資產當期公允價值減出售成本之變動利益（損失）,,--,sii,https://mopsov.twse.com.tw/mops/web/ajax_t163sb04
下游,邊緣運算_工業AI,2395,研華,2018,3,income_statement,營業毛利（毛損）,13891049,"13,891,049",sii,https://mopsov.twse.com.tw/mops/web/ajax_t163sb04
下游,邊緣運算_工業AI,2395,研華,2018,3,income_statement,未實現銷貨（損）益,,--,sii,https://mopsov.twse.com.tw/mops/web/ajax_t163sb04
下游,邊緣運算_工業AI,2395,研華,2018,3,income_statement,已實現銷貨（損）益,,--,sii,https://mopsov.twse.com.tw/mops/web/ajax_t163sb04
下游,邊緣運算_工業AI,2395,研華,2018,3,income_statement,營業毛利（毛損）淨額,13891049,"13,891,049",sii,https://mopsov.twse.com.tw/mops/web/ajax_t163sb04
下游,邊緣運算_工業AI,2395,研華,2018,3,income_statement,營業費用,8400596,"8,400,596",sii,https://mopsov.twse.com.tw/mops/web/ajax_t163sb04
下游,邊緣運算_工業AI,2395,研華,2018,3,income_statement,其他收益及費損淨額,,--,sii,https://mopsov.twse.com.tw/mops/web/ajax_t163sb04
下游,邊緣運算_工業AI,2395,研華,2018,3,income_statement,營業利益（損失）,5490453,"5,490,453",sii,https://mopsov.twse.com.tw/mops/web/ajax_t163sb04
下游,邊緣運算_工業AI,2395,研華,2018,3,income_statement,營業外收入及支出,450643,"450,643",sii,https://mopsov.twse.com.tw/mops/web/ajax_t163sb04
下游,邊緣運算_工業AI,2395,研華,2018,3,income_statement,稅前淨利（淨損）,5941096,"5,941,096",sii,https://mopsov.twse.com.tw/mops/web/ajax_t163sb04
下游,邊緣運算_工業AI,2395,研華,2018,3,income_statement,所得稅費用（利益）,1265296,"1,265,296",sii,https://mopsov.twse.com.tw/mops/web/ajax_t163sb04
下游,邊緣運算_工業AI,2395,研華,2018,3,income_statement,繼續營業單位本期淨利（淨損）,4675800,"4,675,800",sii,https://mopsov.twse.com.tw/mops/web/ajax_t163sb04
下游,邊緣運算_工業AI,2395,研華,2018,3,income_statement,停業單位損益,,--,sii,https://mopsov.twse.com.tw/mops/web/ajax_t163sb04
下游,邊緣運算_工業AI,2395,研華,2018,3,income_statement,合併前非屬共同控制股權損益,,--,sii,https://mopsov.twse.com.tw/mops/web/ajax_t163sb04
下游,邊緣運算_工業AI,2395,研華,2018,3,income_statement,本期淨利（淨損）,4675800,"4,675,800",sii,https://mopsov.twse.com.tw/mops/web/ajax_t163sb04
下游,邊緣運算_工業AI,2395,研華,2018,3,income_statement,其他綜合損益（淨額）,-171869,"-171,869",sii,https://mopsov.twse.com.tw/mops/web/ajax_t163sb04
下游,邊緣運算_工業AI,2395,研華,2018,3,income_statement,合併前非屬共同控制股權綜合損益淨額,,--,sii,https://mopsov.twse.com.tw/mops/web/ajax_t163sb04
下游,邊緣運算_工業AI,2395,研華,2018,3,income_statement,本期綜合損益總額,4503931,"4,503,931",sii,https://mopsov.twse.com.tw/mops/web/ajax_t163sb04
下游,邊緣運算_工業AI,2395,研華,2018,3,income_statement,淨利（淨損）歸屬於母公司業主,4660013,"4,660,013",sii,https://mopsov.twse.com.tw/mops/web/ajax_t163sb04
下游,邊緣運算_工業AI,2395,研華,2018,3,income_statement,淨利（淨損）歸屬於共同控制下前手權益,,--,sii,https://mopsov.twse.com.tw/mops/web/ajax_t163sb04
下游,邊緣運算_工業AI,2395,研華,2018,3,income_statement,淨利（淨損）歸屬於非控制權益,15787,"15,787",sii,https://mopsov.twse.com.tw/mops/web/ajax_t163sb04
下游,邊緣運算_工業AI,2395,研華,2018,3,income_statement,綜合損益總額歸屬於母公司業主,4492111,"4,492,111",sii,https://mopsov.twse.com.tw/mops/web/ajax_t163sb04
下游,邊緣運算_工業AI,2395,研華,2018,3,income_statement,綜合損益總額歸屬於共同控制下前手權益,,--,sii,https://mopsov.twse.com.tw/mops/web/ajax_t163sb04
下游,邊緣運算_工業AI,2395,研華,2018,3,income_statement,綜合損益總額歸屬於非控制權益,11820,"11,820",sii,https://mopsov.twse.com.tw/mops/web/ajax_t163sb04
下游,邊緣運算_工業AI,2395,研華,2018,3,income_statement,基本每股盈餘（元）,6.68,6.68,sii,https://mopsov.twse.com.tw/mops/web/ajax_t163sb04
下游,邊緣運算_工業AI,6166,凌華,2018,3,income_statement,營業收入,7448826,"7,448,826",sii,https://mopsov.twse.com.tw/mops/web/ajax_t163sb04
下游,邊緣運算_工業AI,6166,凌華,2018,3,income_statement,營業成本,4805025,"4,805,025",sii,https://mopsov.twse.com.tw/mops/web/ajax_t163sb04
下游,邊緣運算_工業AI,6166,凌華,2018,3,income_statement,原始認列生物資產及農產品之利益（損失）,,--,sii,https://mopsov.twse.com.tw/mops/web/ajax_t163sb04
下游,邊緣運算_工業AI,6166,凌華,2018,3,income_statement,生物資產當期公允價值減出售成本之變動利益（損失）,,--,sii,https://mopsov.twse.com.tw/mops/web/ajax_t163sb04
下游,邊緣運算_工業AI,6166,凌華,2018,3,income_statement,營業毛利（毛損）,2643801,"2,643,801",sii,https://mopsov.twse.com.tw/mops/web/ajax_t163sb04
下游,邊緣運算_工業AI,6166,凌華,2018,3,income_statement,未實現銷貨（損）益,-363,-363,sii,https://mopsov.twse.com.tw/mops/web/ajax_t163sb04
下游,邊緣運算_工業AI,6166,凌華,2018,3,income_statement,已實現銷貨（損）益,,--,sii,https://mopsov.twse.com.tw/mops/web/ajax_t163sb04
下游,邊緣運算_工業AI,6166,凌華,2018,3,income_statement,營業毛利（毛損）淨額,2644164,"2,644,164",sii,https://mopsov.twse.com.tw/mops/web/ajax_t163sb04
下游,邊緣運算_工業AI,6166,凌華,2018,3,income_statement,營業費用,2487575,"2,487,575",sii,https://mopsov.twse.com.tw/mops/web/ajax_t163sb04
下游,邊緣運算_工業AI,6166,凌華,2018,3,income_statement,其他收益及費損淨額,,--,sii,https://mopsov.twse.com.tw/mops/web/ajax_t163sb04
下游,邊緣運算_工業AI,6166,凌華,2018,3,income_statement,營業利益（損失）,156589,"156,589",sii,https://mopsov.twse.com.tw/mops/web/ajax_t163sb04
下游,邊緣運算_工業AI,6166,凌華,2018,3,income_statement,營業外收入及支出,-4318,"-4,318",sii,https://mopsov.twse.com.tw/mops/web/ajax_t163sb04
下游,邊緣運算_工業AI,6166,凌華,2018,3,income_statement,稅前淨利（淨損）,152271,"152,271",sii,https://mopsov.twse.com.tw/mops/web/ajax_t163sb04
下游,邊緣運算_工業AI,6166,凌華,2018,3,income_statement,所得稅費用（利益）,25940,"25,940",sii,https://mopsov.twse.com.tw/mops/web/ajax_t163sb04
下游,邊緣運算_工業AI,6166,凌華,2018,3,income_statement,繼續營業單位本期淨利（淨損）,126331,"126,331",sii,https://mopsov.twse.com.tw/mops/web/ajax_t163sb04
下游,邊緣運算_工業AI,6166,凌華,2018,3,income_statement,停業單位損益,,--,sii,https://mopsov.twse.com.tw/mops/web/ajax_t163sb04
下游,邊緣運算_工業AI,6166,凌華,2018,3,income_statement,合併前非屬共同控制股權損益,,--,sii,https://mopsov.twse.com.tw/mops/web/ajax_t163sb04
下游,邊緣運算_工業AI,6166,凌華,2018,3,income_statement,本期淨利（淨損）,126331,"126,331",sii,https://mopsov.twse.com.tw/mops/web/ajax_t163sb04
下游,邊緣運算_工業AI,6166,凌華,2018,3,income_statement,其他綜合損益（淨額）,10985,"10,985",sii,https://mopsov.twse.com.tw/mops/web/ajax_t163sb04
下游,邊緣運算_工業AI,6166,凌華,2018,3,income_statement,合併前非屬共同控制股權綜合損益淨額,,--,sii,https://mopsov.twse.com.tw/mops/web/ajax_t163sb04
下游,邊緣運算_工業AI,6166,凌華,2018,3,income_statement,本期綜合損益總額,137316,"137,316",sii,https://mopsov.twse.com.tw/mops/web/ajax_t163sb04
下游,邊緣運算_工業AI,6166,凌華,2018,3,income_statement,淨利（淨損）歸屬於母公司業主,127621,"127,621",sii,https://mopsov.twse.com.tw/mops/web/ajax_t163sb04
下游,邊緣運算_工業AI,6166,凌華,2018,3,income_statement,淨利（淨損）歸屬於共同控制下前手權益,,--,sii,https://mopsov.twse.com.tw/mops/web/ajax_t163sb04
下游,邊緣運算_工業AI,6166,凌華,2018,3,income_statement,淨利（淨損）歸屬於非控制權益,-1290,"-1,290",sii,https://mopsov.twse.com.tw/mops/web/ajax_t163sb04
下游,邊緣運算_工業AI,6166,凌華,2018,3,income_statement,綜合損益總額歸屬於母公司業主,138404,"138,404",sii,https://mopsov.twse.com.tw/mops/web/ajax_t163sb04
下游,邊緣運算_工業AI,6166,凌華,2018,3,income_statement,綜合損益總額歸屬於共同控制下前手權益,,--,sii,https://mopsov.twse.com.tw/mops/web/ajax_t163sb04
下游,邊緣運算_工業AI,6166,凌華,2018,3,income_statement,綜合損益總額歸屬於非控制權益,-1088,"-1,088",sii,https://mopsov.twse.com.tw/mops/web/ajax_t163sb04
下游,邊緣運算_工業AI,6166,凌華,2018,3,income_statement,基本每股盈餘（元）,0.59,0.59,sii,https://mopsov.twse.com.tw/mops/web/ajax_t163sb04
下游,邊緣運算_工業AI,2395,研華,2018,3,balance_sheet,流動資產,23817276,"23,817,276",sii,https://mopsov.twse.com.tw/mops/web/ajax_t163sb05
下游,邊緣運算_工業AI,2395,研華,2018,3,balance_sheet,非流動資產,18469187,"18,469,187",sii,https://mopsov.twse.com.tw/mops/web/ajax_t163sb05
下游,邊緣運算_工業AI,2395,研華,2018,3,balance_sheet,資產總計,42286463,"42,286,463",sii,https://mopsov.twse.com.tw/mops/web/ajax_t163sb05
下游,邊緣運算_工業AI,2395,研華,2018,3,balance_sheet,流動負債,12062663,"12,062,663",sii,https://mopsov.twse.com.tw/mops/web/ajax_t163sb05
下游,邊緣運算_工業AI,2395,研華,2018,3,balance_sheet,非流動負債,2115954,"2,115,954",sii,https://mopsov.twse.com.tw/mops/web/ajax_t163sb05
下游,邊緣運算_工業AI,2395,研華,2018,3,balance_sheet,負債總計,14178617,"14,178,617",sii,https://mopsov.twse.com.tw/mops/web/ajax_t163sb05
下游,邊緣運算_工業AI,2395,研華,2018,3,balance_sheet,股本,6982275,"6,982,275",sii,https://mopsov.twse.com.tw/mops/web/ajax_t163sb05
下游,邊緣運算_工業AI,2395,研華,2018,3,balance_sheet,資本公積,6951500,"6,951,500",sii,https://mopsov.twse.com.tw/mops/web/ajax_t163sb05
下游,邊緣運算_工業AI,2395,研華,2018,3,balance_sheet,保留盈餘,14443929,"14,443,929",sii,https://mopsov.twse.com.tw/mops/web/ajax_t163sb05
下游,邊緣運算_工業AI,2395,研華,2018,3,balance_sheet,其他權益,-503397,"-503,397",sii,https://mopsov.twse.com.tw/mops/web/ajax_t163sb05
下游,邊緣運算_工業AI,2395,研華,2018,3,balance_sheet,庫藏股票,,--,sii,https://mopsov.twse.com.tw/mops/web/ajax_t163sb05
下游,邊緣運算_工業AI,2395,研華,2018,3,balance_sheet,歸屬於母公司業主之權益合計,27874307,"27,874,307",sii,https://mopsov.twse.com.tw/mops/web/ajax_t163sb05
下游,邊緣運算_工業AI,2395,研華,2018,3,balance_sheet,共同控制下前手權益,,--,sii,https://mopsov.twse.com.tw/mops/web/ajax_t163sb05
下游,邊緣運算_工業AI,2395,研華,2018,3,balance_sheet,合併前非屬共同控制股權,,--,sii,https://mopsov.twse.com.tw/mops/web/ajax_t163sb05
下游,邊緣運算_工業AI,2395,研華,2018,3,balance_sheet,非控制權益,233539,"233,539",sii,https://mopsov.twse.com.tw/mops/web/ajax_t163sb05
下游,邊緣運算_工業AI,2395,研華,2018,3,balance_sheet,權益總計,28107846,"28,107,846",sii,https://mopsov.twse.com.tw/mops/web/ajax_t163sb05
下游,邊緣運算_工業AI,2395,研華,2018,3,balance_sheet,待註銷股本股數（單位：股）,0,0,sii,https://mopsov.twse.com.tw/mops/web/ajax_t163sb05
下游,邊緣運算_工業AI,2395,研華,2018,3,balance_sheet,預收股款（權益項下）之約當發行股數（單位：股）,683000,"683,000",sii,https://mopsov.twse.com.tw/mops/web/ajax_t163sb05
下游,邊緣運算_工業AI,2395,研華,2018,3,balance_sheet,母公司暨子公司所持有之母公司庫藏股股數（單位：股）,0,0,sii,https://mopsov.twse.com.tw/mops/web/ajax_t163sb05
下游,邊緣運算_工業AI,2395,研華,2018,3,balance_sheet,每股參考淨值,39.92,39.92,sii,https://mopsov.twse.com.tw/mops/web/ajax_t163sb05
下游,邊緣運算_工業AI,6166,凌華,2018,3,balance_sheet,流動資產,5924194,"5,924,194",sii,https://mopsov.twse.com.tw/mops/web/ajax_t163sb05
下游,邊緣運算_工業AI,6166,凌華,2018,3,balance_sheet,非流動資產,2111503,"2,111,503",sii,https://mopsov.twse.com.tw/mops/web/ajax_t163sb05
下游,邊緣運算_工業AI,6166,凌華,2018,3,balance_sheet,資產總計,8035697,"8,035,697",sii,https://mopsov.twse.com.tw/mops/web/ajax_t163sb05
下游,邊緣運算_工業AI,6166,凌華,2018,3,balance_sheet,流動負債,3307268,"3,307,268",sii,https://mopsov.twse.com.tw/mops/web/ajax_t163sb05
下游,邊緣運算_工業AI,6166,凌華,2018,3,balance_sheet,非流動負債,288571,"288,571",sii,https://mopsov.twse.com.tw/mops/web/ajax_t163sb05
下游,邊緣運算_工業AI,6166,凌華,2018,3,balance_sheet,負債總計,3595839,"3,595,839",sii,https://mopsov.twse.com.tw/mops/web/ajax_t163sb05
下游,邊緣運算_工業AI,6166,凌華,2018,3,balance_sheet,股本,2175232,"2,175,232",sii,https://mopsov.twse.com.tw/mops/web/ajax_t163sb05
下游,邊緣運算_工業AI,6166,凌華,2018,3,balance_sheet,資本公積,1553289,"1,553,289",sii,https://mopsov.twse.com.tw/mops/web/ajax_t163sb05
下游,邊緣運算_工業AI,6166,凌華,2018,3,balance_sheet,保留盈餘,848322,"848,322",sii,https://mopsov.twse.com.tw/mops/web/ajax_t163sb05
下游,邊緣運算_工業AI,6166,凌華,2018,3,balance_sheet,其他權益,-145693,"-145,693",sii,https://mopsov.twse.com.tw/mops/web/ajax_t163sb05
下游,邊緣運算_工業AI,6166,凌華,2018,3,balance_sheet,庫藏股票,,--,sii,https://mopsov.twse.com.tw/mops/web/ajax_t163sb05
下游,邊緣運算_工業AI,6166,凌華,2018,3,balance_sheet,歸屬於母公司業主之權益合計,4431150,"4,431,150",sii,https://mopsov.twse.com.tw/mops/web/ajax_t163sb05
下游,邊緣運算_工業AI,6166,凌華,2018,3,balance_sheet,共同控制下前手權益,,--,sii,https://mopsov.twse.com.tw/mops/web/ajax_t163sb05
下游,邊緣運算_工業AI,6166,凌華,2018,3,balance_sheet,合併前非屬共同控制股權,,--,sii,https://mopsov.twse.com.tw/mops/web/ajax_t163sb05
下游,邊緣運算_工業AI,6166,凌華,2018,3,balance_sheet,非控制權益,8708,"8,708",sii,https://mopsov.twse.com.tw/mops/web/ajax_t163sb05
下游,邊緣運算_工業AI,6166,凌華,2018,3,balance_sheet,權益總計,4439858,"4,439,858",sii,https://mopsov.twse.com.tw/mops/web/ajax_t163sb05
下游,邊緣運算_工業AI,6166,凌華,2018,3,balance_sheet,待註銷股本股數（單位：股）,,--,sii,https://mopsov.twse.com.tw/mops/web/ajax_t163sb05
下游,邊緣運算_工業AI,6166,凌華,2018,3,balance_sheet,預收股款（權益項下）之約當發行股數（單位：股）,0,0,sii,https://mopsov.twse.com.tw/mops/web/ajax_t163sb05
下游,邊緣運算_工業AI,6166,凌華,2018,3,balance_sheet,母公司暨子公司所持有之母公司庫藏股股數（單位：股）,0,0,sii,https://mopsov.twse.com.tw/mops/web/ajax_t163sb05
下游,邊緣運算_工業AI,6166,凌華,2018,3,balance_sheet,每股參考淨值,20.37,20.37,sii,https://mopsov.twse.com.tw/mops/web/ajax_t163sb05
下游,邊緣運算_工業AI,2395,研華,2018,3,cash_flow,營業活動之淨現金流入（流出）,5639766,"5,639,766",sii,https://mopsov.twse.com.tw/mops/web/ajax_t163sb20
下游,邊緣運算_工業AI,2395,研華,2018,3,cash_flow,投資活動之淨現金流入（流出）,-1115526,"-1,115,526",sii,https://mopsov.twse.com.tw/mops/web/ajax_t163sb20
下游,邊緣運算_工業AI,2395,研華,2018,3,cash_flow,籌資活動之淨現金流入（流出）,-4434352,"-4,434,352",sii,https://mopsov.twse.com.tw/mops/web/ajax_t163sb20
下游,邊緣運算_工業AI,2395,研華,2018,3,cash_flow,匯率變動對現金及約當現金之影響,-37521,"-37,521",sii,https://mopsov.twse.com.tw/mops/web/ajax_t163sb20
下游,邊緣運算_工業AI,2395,研華,2018,3,cash_flow,本期現金及約當現金增加（減少）數,52367,"52,367",sii,https://mopsov.twse.com.tw/mops/web/ajax_t163sb20
下游,邊緣運算_工業AI,2395,研華,2018,3,cash_flow,期初現金及約當現金餘額,5204219,"5,204,219",sii,https://mopsov.twse.com.tw/mops/web/ajax_t163sb20
下游,邊緣運算_工業AI,2395,研華,2018,3,cash_flow,期末現金及約當現金餘額,5256586,"5,256,586",sii,https://mopsov.twse.com.tw/mops/web/ajax_t163sb20
下游,邊緣運算_工業AI,6166,凌華,2018,3,cash_flow,營業活動之淨現金流入（流出）,112093,"112,093",sii,https://mopsov.twse.com.tw/mops/web/ajax_t163sb20
下游,邊緣運算_工業AI,6166,凌華,2018,3,cash_flow,投資活動之淨現金流入（流出）,-119440,"-119,440",sii,https://mopsov.twse.com.tw/mops/web/ajax_t163sb20
下游,邊緣運算_工業AI,6166,凌華,2018,3,cash_flow,籌資活動之淨現金流入（流出）,-169323,"-169,323",sii,https://mopsov.twse.com.tw/mops/web/ajax_t163sb20
下游,邊緣運算_工業AI,6166,凌華,2018,3,cash_flow,匯率變動對現金及約當現金之影響,17627,"17,627",sii,https://mopsov.twse.com.tw/mops/web/ajax_t163sb20
下游,邊緣運算_工業AI,6166,凌華,2018,3,cash_flow,本期現金及約當現金增加（減少）數,-159043,"-159,043",sii,https://mopsov.twse.com.tw/mops/web/ajax_t163sb20
下游,邊緣運算_工業AI,6166,凌華,2018,3,cash_flow,期初現金及約當現金餘額,1402574,"1,402,574",sii,https://mopsov.twse.com.tw/mops/web/ajax_t163sb20
下游,邊緣運算_工業AI,6166,凌華,2018,3,cash_flow,期末現金及約當現金餘額,1243531,"1,243,531",sii,https://mopsov.twse.com.tw/mops/web/ajax_t163sb20
下游,邊緣運算_工業AI,2395,研華,2018,4,income_statement,營業收入,48726518,"48,726,518",sii,https://mopsov.twse.com.tw/mops/web/ajax_t163sb04
下游,邊緣運算_工業AI,2395,研華,2018,4,income_statement,營業成本,30063070,"30,063,070",sii,https://mopsov.twse.com.tw/mops/web/ajax_t163sb04
下游,邊緣運算_工業AI,2395,研華,2018,4,income_statement,原始認列生物資產及農產品之利益（損失）,,--,sii,https://mopsov.twse.com.tw/mops/web/ajax_t163sb04
下游,邊緣運算_工業AI,2395,研華,2018,4,income_statement,生物資產當期公允價值減出售成本之變動利益（損失）,,--,sii,https://mopsov.twse.com.tw/mops/web/ajax_t163sb04
下游,邊緣運算_工業AI,2395,研華,2018,4,income_statement,營業毛利（毛損）,18663448,"18,663,448",sii,https://mopsov.twse.com.tw/mops/web/ajax_t163sb04
下游,邊緣運算_工業AI,2395,研華,2018,4,income_statement,未實現銷貨（損）益,,--,sii,https://mopsov.twse.com.tw/mops/web/ajax_t163sb04
下游,邊緣運算_工業AI,2395,研華,2018,4,income_statement,已實現銷貨（損）益,,--,sii,https://mopsov.twse.com.tw/mops/web/ajax_t163sb04
下游,邊緣運算_工業AI,2395,研華,2018,4,income_statement,營業毛利（毛損）淨額,18663448,"18,663,448",sii,https://mopsov.twse.com.tw/mops/web/ajax_t163sb04
下游,邊緣運算_工業AI,2395,研華,2018,4,income_statement,營業費用,11196049,"11,196,049",sii,https://mopsov.twse.com.tw/mops/web/ajax_t163sb04
下游,邊緣運算_工業AI,2395,研華,2018,4,income_statement,其他收益及費損淨額,,--,sii,https://mopsov.twse.com.tw/mops/web/ajax_t163sb04
下游,邊緣運算_工業AI,2395,研華,2018,4,income_statement,營業利益（損失）,7467399,"7,467,399",sii,https://mopsov.twse.com.tw/mops/web/ajax_t163sb04
下游,邊緣運算_工業AI,2395,研華,2018,4,income_statement,營業外收入及支出,527090,"527,090",sii,https://mopsov.twse.com.tw/mops/web/ajax_t163sb04
下游,邊緣運算_工業AI,2395,研華,2018,4,income_statement,稅前淨利（淨損）,7994489,"7,994,489",sii,https://mopsov.twse.com.tw/mops/web/ajax_t163sb04
下游,邊緣運算_工業AI,2395,研華,2018,4,income_statement,所得稅費用（利益）,1677741,"1,677,741",sii,https://mopsov.twse.com.tw/mops/web/ajax_t163sb04
下游,邊緣運算_工業AI,2395,研華,2018,4,income_statement,繼續營業單位本期淨利（淨損）,6316748,"6,316,748",sii,https://mopsov.twse.com.tw/mops/web/ajax_t163sb04
下游,邊緣運算_工業AI,2395,研華,2018,4,income_statement,停業單位損益,,--,sii,https://mopsov.twse.com.tw/mops/web/ajax_t163sb04
下游,邊緣運算_工業AI,2395,研華,2018,4,income_statement,合併前非屬共同控制股權損益,,--,sii,https://mopsov.twse.com.tw/mops/web/ajax_t163sb04
下游,邊緣運算_工業AI,2395,研華,2018,4,income_statement,本期淨利（淨損）,6316748,"6,316,748",sii,https://mopsov.twse.com.tw/mops/web/ajax_t163sb04
下游,邊緣運算_工業AI,2395,研華,2018,4,income_statement,其他綜合損益（淨額）,-492463,"-492,463",sii,https://mopsov.twse.com.tw/mops/web/ajax_t163sb04
下游,邊緣運算_工業AI,2395,研華,2018,4,income_statement,合併前非屬共同控制股權綜合損益淨額,,--,sii,https://mopsov.twse.com.tw/mops/web/ajax_t163sb04
下游,邊緣運算_工業AI,2395,研華,2018,4,income_statement,本期綜合損益總額,5824285,"5,824,285",sii,https://mopsov.twse.com.tw/mops/web/ajax_t163sb04
下游,邊緣運算_工業AI,2395,研華,2018,4,income_statement,淨利（淨損）歸屬於母公司業主,6294657,"6,294,657",sii,https://mopsov.twse.com.tw/mops/web/ajax_t163sb04
下游,邊緣運算_工業AI,2395,研華,2018,4,income_statement,淨利（淨損）歸屬於共同控制下前手權益,,--,sii,https://mopsov.twse.com.tw/mops/web/ajax_t163sb04
下游,邊緣運算_工業AI,2395,研華,2018,4,income_statement,淨利（淨損）歸屬於非控制權益,22091,"22,091",sii,https://mopsov.twse.com.tw/mops/web/ajax_t163sb04
下游,邊緣運算_工業AI,2395,研華,2018,4,income_statement,綜合損益總額歸屬於母公司業主,5807959,"5,807,959",sii,https://mopsov.twse.com.tw/mops/web/ajax_t163sb04
下游,邊緣運算_工業AI,2395,研華,2018,4,income_statement,綜合損益總額歸屬於共同控制下前手權益,,--,sii,https://mopsov.twse.com.tw/mops/web/ajax_t163sb04
下游,邊緣運算_工業AI,2395,研華,2018,4,income_statement,綜合損益總額歸屬於非控制權益,16326,"16,326",sii,https://mopsov.twse.com.tw/mops/web/ajax_t163sb04
下游,邊緣運算_工業AI,2395,研華,2018,4,income_statement,基本每股盈餘（元）,9.02,9.02,sii,https://mopsov.twse.com.tw/mops/web/ajax_t163sb04
下游,邊緣運算_工業AI,6166,凌華,2018,4,income_statement,營業收入,10477108,"10,477,108",sii,https://mopsov.twse.com.tw/mops/web/ajax_t163sb04
下游,邊緣運算_工業AI,6166,凌華,2018,4,income_statement,營業成本,6750806,"6,750,806",sii,https://mopsov.twse.com.tw/mops/web/ajax_t163sb04
下游,邊緣運算_工業AI,6166,凌華,2018,4,income_statement,原始認列生物資產及農產品之利益（損失）,,--,sii,https://mopsov.twse.com.tw/mops/web/ajax_t163sb04
下游,邊緣運算_工業AI,6166,凌華,2018,4,income_statement,生物資產當期公允價值減出售成本之變動利益（損失）,,--,sii,https://mopsov.twse.com.tw/mops/web/ajax_t163sb04
下游,邊緣運算_工業AI,6166,凌華,2018,4,income_statement,營業毛利（毛損）,3726302,"3,726,302",sii,https://mopsov.twse.com.tw/mops/web/ajax_t163sb04
下游,邊緣運算_工業AI,6166,凌華,2018,4,income_statement,未實現銷貨（損）益,-565,-565,sii,https://mopsov.twse.com.tw/mops/web/ajax_t163sb04
下游,邊緣運算_工業AI,6166,凌華,2018,4,income_statement,已實現銷貨（損）益,,--,sii,https://mopsov.twse.com.tw/mops/web/ajax_t163sb04
下游,邊緣運算_工業AI,6166,凌華,2018,4,income_statement,營業毛利（毛損）淨額,3726867,"3,726,867",sii,https://mopsov.twse.com.tw/mops/web/ajax_t163sb04
下游,邊緣運算_工業AI,6166,凌華,2018,4,income_statement,營業費用,3436990,"3,436,990",sii,https://mopsov.twse.com.tw/mops/web/ajax_t163sb04
下游,邊緣運算_工業AI,6166,凌華,2018,4,income_statement,其他收益及費損淨額,,--,sii,https://mopsov.twse.com.tw/mops/web/ajax_t163sb04
下游,邊緣運算_工業AI,6166,凌華,2018,4,income_statement,營業利益（損失）,289877,"289,877",sii,https://mopsov.twse.com.tw/mops/web/ajax_t163sb04
下游,邊緣運算_工業AI,6166,凌華,2018,4,income_statement,營業外收入及支出,12152,"12,152",sii,https://mopsov.twse.com.tw/mops/web/ajax_t163sb04
下游,邊緣運算_工業AI,6166,凌華,2018,4,income_statement,稅前淨利（淨損）,302029,"302,029",sii,https://mopsov.twse.com.tw/mops/web/ajax_t163sb04
下游,邊緣運算_工業AI,6166,凌華,2018,4,income_statement,所得稅費用（利益）,57420,"57,420",sii,https://mopsov.twse.com.tw/mops/web/ajax_t163sb04
下游,邊緣運算_工業AI,6166,凌華,2018,4,income_statement,繼續營業單位本期淨利（淨損）,244609,"244,609",sii,https://mopsov.twse.com.tw/mops/web/ajax_t163sb04
下游,邊緣運算_工業AI,6166,凌華,2018,4,income_statement,停業單位損益,,--,sii,https://mopsov.twse.com.tw/mops/web/ajax_t163sb04
下游,邊緣運算_工業AI,6166,凌華,2018,4,income_statement,合併前非屬共同控制股權損益,,--,sii,https://mopsov.twse.com.tw/mops/web/ajax_t163sb04
下游,邊緣運算_工業AI,6166,凌華,2018,4,income_statement,本期淨利（淨損）,244609,"244,609",sii,https://mopsov.twse.com.tw/mops/web/ajax_t163sb04
下游,邊緣運算_工業AI,6166,凌華,2018,4,income_statement,其他綜合損益（淨額）,20531,"20,531",sii,https://mopsov.twse.com.tw/mops/web/ajax_t163sb04
下游,邊緣運算_工業AI,6166,凌華,2018,4,income_statement,合併前非屬共同控制股權綜合損益淨額,,--,sii,https://mopsov.twse.com.tw/mops/web/ajax_t163sb04
下游,邊緣運算_工業AI,6166,凌華,2018,4,income_statement,本期綜合損益總額,265140,"265,140",sii,https://mopsov.twse.com.tw/mops/web/ajax_t163sb04
下游,邊緣運算_工業AI,6166,凌華,2018,4,income_statement,淨利（淨損）歸屬於母公司業主,244442,"244,442",sii,https://mopsov.twse.com.tw/mops/web/ajax_t163sb04
下游,邊緣運算_工業AI,6166,凌華,2018,4,income_statement,淨利（淨損）歸屬於共同控制下前手權益,,--,sii,https://mopsov.twse.com.tw/mops/web/ajax_t163sb04
下游,邊緣運算_工業AI,6166,凌華,2018,4,income_statement,淨利（淨損）歸屬於非控制權益,167,167,sii,https://mopsov.twse.com.tw/mops/web/ajax_t163sb04
下游,邊緣運算_工業AI,6166,凌華,2018,4,income_statement,綜合損益總額歸屬於母公司業主,264452,"264,452",sii,https://mopsov.twse.com.tw/mops/web/ajax_t163sb04
下游,邊緣運算_工業AI,6166,凌華,2018,4,income_statement,綜合損益總額歸屬於共同控制下前手權益,,--,sii,https://mopsov.twse.com.tw/mops/web/ajax_t163sb04
下游,邊緣運算_工業AI,6166,凌華,2018,4,income_statement,綜合損益總額歸屬於非控制權益,688,688,sii,https://mopsov.twse.com.tw/mops/web/ajax_t163sb04
下游,邊緣運算_工業AI,6166,凌華,2018,4,income_statement,基本每股盈餘（元）,1.12,1.12,sii,https://mopsov.twse.com.tw/mops/web/ajax_t163sb04
下游,邊緣運算_工業AI,2395,研華,2018,4,balance_sheet,流動資產,25366573,"25,366,573",sii,https://mopsov.twse.com.tw/mops/web/ajax_t163sb05
下游,邊緣運算_工業AI,2395,研華,2018,4,balance_sheet,非流動資產,18570499,"18,570,499",sii,https://mopsov.twse.com.tw/mops/web/ajax_t163sb05
下游,邊緣運算_工業AI,2395,研華,2018,4,balance_sheet,資產總計,43937072,"43,937,072",sii,https://mopsov.twse.com.tw/mops/web/ajax_t163sb05
下游,邊緣運算_工業AI,2395,研華,2018,4,balance_sheet,流動負債,12146590,"12,146,590",sii,https://mopsov.twse.com.tw/mops/web/ajax_t163sb05
下游,邊緣運算_工業AI,2395,研華,2018,4,balance_sheet,非流動負債,2249896,"2,249,896",sii,https://mopsov.twse.com.tw/mops/web/ajax_t163sb05
下游,邊緣運算_工業AI,2395,研華,2018,4,balance_sheet,負債總計,14396486,"14,396,486",sii,https://mopsov.twse.com.tw/mops/web/ajax_t163sb05
下游,邊緣運算_工業AI,2395,研華,2018,4,balance_sheet,股本,6986955,"6,986,955",sii,https://mopsov.twse.com.tw/mops/web/ajax_t163sb05
下游,邊緣運算_工業AI,2395,研華,2018,4,balance_sheet,資本公積,7073348,"7,073,348",sii,https://mopsov.twse.com.tw/mops/web/ajax_t163sb05
下游,邊緣運算_工業AI,2395,研華,2018,4,balance_sheet,保留盈餘,16041163,"16,041,163",sii,https://mopsov.twse.com.tw/mops/web/ajax_t163sb05
下游,邊緣運算_工業AI,2395,研華,2018,4,balance_sheet,其他權益,-798763,"-798,763",sii,https://mopsov.twse.com.tw/mops/web/ajax_t163sb05
下游,邊緣運算_工業AI,2395,研華,2018,4,balance_sheet,庫藏股票,,--,sii,https://mopsov.twse.com.tw/mops/web/ajax_t163sb05
下游,邊緣運算_工業AI,2395,研華,2018,4,balance_sheet,歸屬於母公司業主之權益合計,29302703,"29,302,703",sii,https://mopsov.twse.com.tw/mops/web/ajax_t163sb05
下游,邊緣運算_工業AI,2395,研華,2018,4,balance_sheet,共同控制下前手權益,,--,sii,https://mopsov.twse.com.tw/mops/web/ajax_t163sb05
下游,邊緣運算_工業AI,2395,研華,2018,4,balance_sheet,合併前非屬共同控制股權,,--,sii,https://mopsov.twse.com.tw/mops/web/ajax_t163sb05
下游,邊緣運算_工業AI,2395,研華,2018,4,balance_sheet,非控制權益,237883,"237,883",sii,https://mopsov.twse.com.tw/mops/web/ajax_t163sb05
下游,邊緣運算_工業AI,2395,研華,2018,4,balance_sheet,權益總計,29540586,"29,540,586",sii,https://mopsov.twse.com.tw/mops/web/ajax_t163sb05
下游,邊緣運算_工業AI,2395,研華,2018,4,balance_sheet,待註銷股本股數（單位：股）,0,0,sii,https://mopsov.twse.com.tw/mops/web/ajax_t163sb05
下游,邊緣運算_工業AI,2395,研華,2018,4,balance_sheet,預收股款（權益項下）之約當發行股數（單位：股）,468000,"468,000",sii,https://mopsov.twse.com.tw/mops/web/ajax_t163sb05
下游,邊緣運算_工業AI,2395,研華,2018,4,balance_sheet,母公司暨子公司所持有之母公司庫藏股股數（單位：股）,0,0,sii,https://mopsov.twse.com.tw/mops/web/ajax_t163sb05
下游,邊緣運算_工業AI,2395,研華,2018,4,balance_sheet,每股參考淨值,41.94,41.94,sii,https://mopsov.twse.com.tw/mops/web/ajax_t163sb05
下游,邊緣運算_工業AI,6166,凌華,2018,4,balance_sheet,流動資產,6199027,"6,199,027",sii,https://mopsov.twse.com.tw/mops/web/ajax_t163sb05
下游,邊緣運算_工業AI,6166,凌華,2018,4,balance_sheet,非流動資產,2080245,"2,080,245",sii,https://mopsov.twse.com.tw/mops/web/ajax_t163sb05
下游,邊緣運算_工業AI,6166,凌華,2018,4,balance_sheet,資產總計,8279272,"8,279,272",sii,https://mopsov.twse.com.tw/mops/web/ajax_t163sb05
下游,邊緣運算_工業AI,6166,凌華,2018,4,balance_sheet,流動負債,3410591,"3,410,591",sii,https://mopsov.twse.com.tw/mops/web/ajax_t163sb05
下游,邊緣運算_工業AI,6166,凌華,2018,4,balance_sheet,非流動負債,300195,"300,195",sii,https://mopsov.twse.com.tw/mops/web/ajax_t163sb05
下游,邊緣運算_工業AI,6166,凌華,2018,4,balance_sheet,負債總計,3710786,"3,710,786",sii,https://mopsov.twse.com.tw/mops/web/ajax_t163sb05
下游,邊緣運算_工業AI,6166,凌華,2018,4,balance_sheet,股本,2175232,"2,175,232",sii,https://mopsov.twse.com.tw/mops/web/ajax_t163sb05
下游,邊緣運算_工業AI,6166,凌華,2018,4,balance_sheet,資本公積,1553448,"1,553,448",sii,https://mopsov.twse.com.tw/mops/web/ajax_t163sb05
下游,邊緣運算_工業AI,6166,凌華,2018,4,balance_sheet,保留盈餘,965217,"965,217",sii,https://mopsov.twse.com.tw/mops/web/ajax_t163sb05
下游,邊緣運算_工業AI,6166,凌華,2018,4,balance_sheet,其他權益,-135895,"-135,895",sii,https://mopsov.twse.com.tw/mops/web/ajax_t163sb05
下游,邊緣運算_工業AI,6166,凌華,2018,4,balance_sheet,庫藏股票,,--,sii,https://mopsov.twse.com.tw/mops/web/ajax_t163sb05
下游,邊緣運算_工業AI,6166,凌華,2018,4,balance_sheet,歸屬於母公司業主之權益合計,4558002,"4,558,002",sii,https://mopsov.twse.com.tw/mops/web/ajax_t163sb05
下游,邊緣運算_工業AI,6166,凌華,2018,4,balance_sheet,共同控制下前手權益,,--,sii,https://mopsov.twse.com.tw/mops/web/ajax_t163sb05
下游,邊緣運算_工業AI,6166,凌華,2018,4,balance_sheet,合併前非屬共同控制股權,,--,sii,https://mopsov.twse.com.tw/mops/web/ajax_t163sb05
下游,邊緣運算_工業AI,6166,凌華,2018,4,balance_sheet,非控制權益,10484,"10,484",sii,https://mopsov.twse.com.tw/mops/web/ajax_t163sb05
下游,邊緣運算_工業AI,6166,凌華,2018,4,balance_sheet,權益總計,4568486,"4,568,486",sii,https://mopsov.twse.com.tw/mops/web/ajax_t163sb05
下游,邊緣運算_工業AI,6166,凌華,2018,4,balance_sheet,待註銷股本股數（單位：股）,,--,sii,https://mopsov.twse.com.tw/mops/web/ajax_t163sb05
下游,邊緣運算_工業AI,6166,凌華,2018,4,balance_sheet,預收股款（權益項下）之約當發行股數（單位：股）,0,0,sii,https://mopsov.twse.com.tw/mops/web/ajax_t163sb05
下游,邊緣運算_工業AI,6166,凌華,2018,4,balance_sheet,母公司暨子公司所持有之母公司庫藏股股數（單位：股）,0,0,sii,https://mopsov.twse.com.tw/mops/web/ajax_t163sb05
下游,邊緣運算_工業AI,6166,凌華,2018,4,balance_sheet,每股參考淨值,20.95,20.95,sii,https://mopsov.twse.com.tw/mops/web/ajax_t163sb05
下游,邊緣運算_工業AI,2395,研華,2018,4,cash_flow,營業活動之淨現金流入（流出）,7425746,"7,425,746",sii,https://mopsov.twse.com.tw/mops/web/ajax_t163sb20
下游,邊緣運算_工業AI,2395,研華,2018,4,cash_flow,投資活動之淨現金流入（流出）,-1769158,"-1,769,158",sii,https://mopsov.twse.com.tw/mops/web/ajax_t163sb20
下游,邊緣運算_工業AI,2395,研華,2018,4,cash_flow,籌資活動之淨現金流入（流出）,-4351892,"-4,351,892",sii,https://mopsov.twse.com.tw/mops/web/ajax_t163sb20
下游,邊緣運算_工業AI,2395,研華,2018,4,cash_flow,匯率變動對現金及約當現金之影響,124246,"124,246",sii,https://mopsov.twse.com.tw/mops/web/ajax_t163sb20
下游,邊緣運算_工業AI,2395,研華,2018,4,cash_flow,本期現金及約當現金增加（減少）數,1428942,"1,428,942",sii,https://mopsov.twse.com.tw/mops/web/ajax_t163sb20
下游,邊緣運算_工業AI,2395,研華,2018,4,cash_flow,期初現金及約當現金餘額,5204219,"5,204,219",sii,https://mopsov.twse.com.tw/mops/web/ajax_t163sb20
下游,邊緣運算_工業AI,2395,研華,2018,4,cash_flow,期末現金及約當現金餘額,6633161,"6,633,161",sii,https://mopsov.twse.com.tw/mops/web/ajax_t163sb20
下游,邊緣運算_工業AI,6166,凌華,2018,4,cash_flow,營業活動之淨現金流入（流出）,161602,"161,602",sii,https://mopsov.twse.com.tw/mops/web/ajax_t163sb20
下游,邊緣運算_工業AI,6166,凌華,2018,4,cash_flow,投資活動之淨現金流入（流出）,-158826,"-158,826",sii,https://mopsov.twse.com.tw/mops/web/ajax_t163sb20
下游,邊緣運算_工業AI,6166,凌華,2018,4,cash_flow,籌資活動之淨現金流入（流出）,-13385,"-13,385",sii,https://mopsov.twse.com.tw/mops/web/ajax_t163sb20
下游,邊緣運算_工業AI,6166,凌華,2018,4,cash_flow,匯率變動對現金及約當現金之影響,27167,"27,167",sii,https://mopsov.twse.com.tw/mops/web/ajax_t163sb20
下游,邊緣運算_工業AI,6166,凌華,2018,4,cash_flow,本期現金及約當現金增加（減少）數,16558,"16,558",sii,https://mopsov.twse.com.tw/mops/web/ajax_t163sb20
下游,邊緣運算_工業AI,6166,凌華,2018,4,cash_flow,期初現金及約當現金餘額,1402574,"1,402,574",sii,https://mopsov.twse.com.tw/mops/web/ajax_t163sb20
下游,邊緣運算_工業AI,6166,凌華,2018,4,cash_flow,期末現金及約當現金餘額,1419132,"1,419,132",sii,https://mopsov.twse.com.tw/mops/web/ajax_t163sb20
下游,邊緣運算_工業AI,2395,研華,2019,1,income_statement,營業收入,12300590,"12,300,590",sii,https://mopsov.twse.com.tw/mops/web/ajax_t163sb04
下游,邊緣運算_工業AI,2395,研華,2019,1,income_statement,營業成本,7576536,"7,576,536",sii,https://mopsov.twse.com.tw/mops/web/ajax_t163sb04
下游,邊緣運算_工業AI,2395,研華,2019,1,income_statement,原始認列生物資產及農產品之利益（損失）,,--,sii,https://mopsov.twse.com.tw/mops/web/ajax_t163sb04
下游,邊緣運算_工業AI,2395,研華,2019,1,income_statement,生物資產當期公允價值減出售成本之變動利益（損失）,,--,sii,https://mopsov.twse.com.tw/mops/web/ajax_t163sb04
下游,邊緣運算_工業AI,2395,研華,2019,1,income_statement,營業毛利（毛損）,4724054,"4,724,054",sii,https://mopsov.twse.com.tw/mops/web/ajax_t163sb04
下游,邊緣運算_工業AI,2395,研華,2019,1,income_statement,未實現銷貨（損）益,,--,sii,https://mopsov.twse.com.tw/mops/web/ajax_t163sb04
下游,邊緣運算_工業AI,2395,研華,2019,1,income_statement,已實現銷貨（損）益,,--,sii,https://mopsov.twse.com.tw/mops/web/ajax_t163sb04
下游,邊緣運算_工業AI,2395,研華,2019,1,income_statement,營業毛利（毛損）淨額,4724054,"4,724,054",sii,https://mopsov.twse.com.tw/mops/web/ajax_t163sb04
下游,邊緣運算_工業AI,2395,研華,2019,1,income_statement,營業費用,2865885,"2,865,885",sii,https://mopsov.twse.com.tw/mops/web/ajax_t163sb04
下游,邊緣運算_工業AI,2395,研華,2019,1,income_statement,其他收益及費損淨額,0,0,sii,https://mopsov.twse.com.tw/mops/web/ajax_t163sb04
下游,邊緣運算_工業AI,2395,研華,2019,1,income_statement,營業利益（損失）,1858169,"1,858,169",sii,https://mopsov.twse.com.tw/mops/web/ajax_t163sb04
下游,邊緣運算_工業AI,2395,研華,2019,1,income_statement,營業外收入及支出,196380,"196,380",sii,https://mopsov.twse.com.tw/mops/web/ajax_t163sb04
下游,邊緣運算_工業AI,2395,研華,2019,1,income_statement,稅前淨利（淨損）,2054549,"2,054,549",sii,https://mopsov.twse.com.tw/mops/web/ajax_t163sb04
下游,邊緣運算_工業AI,2395,研華,2019,1,income_statement,所得稅費用（利益）,431680,"431,680",sii,https://mopsov.twse.com.tw/mops/web/ajax_t163sb04
下游,邊緣運算_工業AI,2395,研華,2019,1,income_statement,繼續營業單位本期淨利（淨損）,1622869,"1,622,869",sii,https://mopsov.twse.com.tw/mops/web/ajax_t163sb04
下游,邊緣運算_工業AI,2395,研華,2019,1,income_statement,停業單位損益,0,0,sii,https://mopsov.twse.com.tw/mops/web/ajax_t163sb04
下游,邊緣運算_工業AI,2395,研華,2019,1,income_statement,合併前非屬共同控制股權損益,,--,sii,https://mopsov.twse.com.tw/mops/web/ajax_t163sb04
下游,邊緣運算_工業AI,2395,研華,2019,1,income_statement,本期淨利（淨損）,1622869,"1,622,869",sii,https://mopsov.twse.com.tw/mops/web/ajax_t163sb04
下游,邊緣運算_工業AI,2395,研華,2019,1,income_statement,其他綜合損益（淨額）,274046,"274,046",sii,https://mopsov.twse.com.tw/mops/web/ajax_t163sb04
下游,邊緣運算_工業AI,2395,研華,2019,1,income_statement,合併前非屬共同控制股權綜合損益淨額,,--,sii,https://mopsov.twse.com.tw/mops/web/ajax_t163sb04
下游,邊緣運算_工業AI,2395,研華,2019,1,income_statement,本期綜合損益總額,1896915,"1,896,915",sii,https://mopsov.twse.com.tw/mops/web/ajax_t163sb04
下游,邊緣運算_工業AI,2395,研華,2019,1,income_statement,淨利（淨損）歸屬於母公司業主,1617358,"1,617,358",sii,https://mopsov.twse.com.tw/mops/web/ajax_t163sb04
下游,邊緣運算_工業AI,2395,研華,2019,1,income_statement,淨利（淨損）歸屬於共同控制下前手權益,,--,sii,https://mopsov.twse.com.tw/mops/web/ajax_t163sb04
下游,邊緣運算_工業AI,2395,研華,2019,1,income_statement,淨利（淨損）歸屬於非控制權益,5511,"5,511",sii,https://mopsov.twse.com.tw/mops/web/ajax_t163sb04
下游,邊緣運算_工業AI,2395,研華,2019,1,income_statement,綜合損益總額歸屬於母公司業主,1861801,"1,861,801",sii,https://mopsov.twse.com.tw/mops/web/ajax_t163sb04
下游,邊緣運算_工業AI,2395,研華,2019,1,income_statement,綜合損益總額歸屬於共同控制下前手權益,,--,sii,https://mopsov.twse.com.tw/mops/web/ajax_t163sb04
下游,邊緣運算_工業AI,2395,研華,2019,1,income_statement,綜合損益總額歸屬於非控制權益,35114,"35,114",sii,https://mopsov.twse.com.tw/mops/web/ajax_t163sb04
下游,邊緣運算_工業AI,2395,研華,2019,1,income_statement,基本每股盈餘（元）,2.31,2.31,sii,https://mopsov.twse.com.tw/mops/web/ajax_t163sb04
下游,邊緣運算_工業AI,6166,凌華,2019,1,income_statement,營業收入,2662053,"2,662,053",sii,https://mopsov.twse.com.tw/mops/web/ajax_t163sb04
下游,邊緣運算_工業AI,6166,凌華,2019,1,income_statement,營業成本,1604020,"1,604,020",sii,https://mopsov.twse.com.tw/mops/web/ajax_t163sb04
下游,邊緣運算_工業AI,6166,凌華,2019,1,income_statement,原始認列生物資產及農產品之利益（損失）,,--,sii,https://mopsov.twse.com.tw/mops/web/ajax_t163sb04
下游,邊緣運算_工業AI,6166,凌華,2019,1,income_statement,生物資產當期公允價值減出售成本之變動利益（損失）,,--,sii,https://mopsov.twse.com.tw/mops/web/ajax_t163sb04
下游,邊緣運算_工業AI,6166,凌華,2019,1,income_statement,營業毛利（毛損）,1058033,"1,058,033",sii,https://mopsov.twse.com.tw/mops/web/ajax_t163sb04
下游,邊緣運算_工業AI,6166,凌華,2019,1,income_statement,未實現銷貨（損）益,99,99,sii,https://mopsov.twse.com.tw/mops/web/ajax_t163sb04
下游,邊緣運算_工業AI,6166,凌華,2019,1,income_statement,已實現銷貨（損）益,,--,sii,https://mopsov.twse.com.tw/mops/web/ajax_t163sb04
下游,邊緣運算_工業AI,6166,凌華,2019,1,income_statement,營業毛利（毛損）淨額,1057934,"1,057,934",sii,https://mopsov.twse.com.tw/mops/web/ajax_t163sb04
下游,邊緣運算_工業AI,6166,凌華,2019,1,income_statement,營業費用,891046,"891,046",sii,https://mopsov.twse.com.tw/mops/web/ajax_t163sb04
下游,邊緣運算_工業AI,6166,凌華,2019,1,income_statement,其他收益及費損淨額,,--,sii,https://mopsov.twse.com.tw/mops/web/ajax_t163sb04
下游,邊緣運算_工業AI,6166,凌華,2019,1,income_statement,營業利益（損失）,166888,"166,888",sii,https://mopsov.twse.com.tw/mops/web/ajax_t163sb04
下游,邊緣運算_工業AI,6166,凌華,2019,1,income_statement,營業外收入及支出,-11897,"-11,897",sii,https://mopsov.twse.com.tw/mops/web/ajax_t163sb04
下游,邊緣運算_工業AI,6166,凌華,2019,1,income_statement,稅前淨利（淨損）,154991,"154,991",sii,https://mopsov.twse.com.tw/mops/web/ajax_t163sb04
下游,邊緣運算_工業AI,6166,凌華,2019,1,income_statement,所得稅費用（利益）,43524,"43,524",sii,https://mopsov.twse.com.tw/mops/web/ajax_t163sb04
下游,邊緣運算_工業AI,6166,凌華,2019,1,income_statement,繼續營業單位本期淨利（淨損）,111467,"111,467",sii,https://mopsov.twse.com.tw/mops/web/ajax_t163sb04
下游,邊緣運算_工業AI,6166,凌華,2019,1,income_statement,停業單位損益,,--,sii,https://mopsov.twse.com.tw/mops/web/ajax_t163sb04
下游,邊緣運算_工業AI,6166,凌華,2019,1,income_statement,合併前非屬共同控制股權損益,,--,sii,https://mopsov.twse.com.tw/mops/web/ajax_t163sb04
下游,邊緣運算_工業AI,6166,凌華,2019,1,income_statement,本期淨利（淨損）,111467,"111,467",sii,https://mopsov.twse.com.tw/mops/web/ajax_t163sb04
下游,邊緣運算_工業AI,6166,凌華,2019,1,income_statement,其他綜合損益（淨額）,24101,"24,101",sii,https://mopsov.twse.com.tw/mops/web/ajax_t163sb04
下游,邊緣運算_工業AI,6166,凌華,2019,1,income_statement,合併前非屬共同控制股權綜合損益淨額,,--,sii,https://mopsov.twse.com.tw/mops/web/ajax_t163sb04
下游,邊緣運算_工業AI,6166,凌華,2019,1,income_statement,本期綜合損益總額,135568,"135,568",sii,https://mopsov.twse.com.tw/mops/web/ajax_t163sb04
下游,邊緣運算_工業AI,6166,凌華,2019,1,income_statement,淨利（淨損）歸屬於母公司業主,110751,"110,751",sii,https://mopsov.twse.com.tw/mops/web/ajax_t163sb04
下游,邊緣運算_工業AI,6166,凌華,2019,1,income_statement,淨利（淨損）歸屬於共同控制下前手權益,,--,sii,https://mopsov.twse.com.tw/mops/web/ajax_t163sb04
下游,邊緣運算_工業AI,6166,凌華,2019,1,income_statement,淨利（淨損）歸屬於非控制權益,716,716,sii,https://mopsov.twse.com.tw/mops/web/ajax_t163sb04
下游,邊緣運算_工業AI,6166,凌華,2019,1,income_statement,綜合損益總額歸屬於母公司業主,134852,"134,852",sii,https://mopsov.twse.com.tw/mops/web/ajax_t163sb04
下游,邊緣運算_工業AI,6166,凌華,2019,1,income_statement,綜合損益總額歸屬於共同控制下前手權益,,--,sii,https://mopsov.twse.com.tw/mops/web/ajax_t163sb04
下游,邊緣運算_工業AI,6166,凌華,2019,1,income_statement,綜合損益總額歸屬於非控制權益,716,716,sii,https://mopsov.twse.com.tw/mops/web/ajax_t163sb04
下游,邊緣運算_工業AI,6166,凌華,2019,1,income_statement,基本每股盈餘（元）,0.51,0.51,sii,https://mopsov.twse.com.tw/mops/web/ajax_t163sb04
下游,邊緣運算_工業AI,2395,研華,2019,1,balance_sheet,流動資產,26947896,"26,947,896",sii,https://mopsov.twse.com.tw/mops/web/ajax_t163sb05
下游,邊緣運算_工業AI,2395,研華,2019,1,balance_sheet,非流動資產,19915878,"19,915,878",sii,https://mopsov.twse.com.tw/mops/web/ajax_t163sb05
下游,邊緣運算_工業AI,2395,研華,2019,1,balance_sheet,資產總計,46863774,"46,863,774",sii,https://mopsov.twse.com.tw/mops/web/ajax_t163sb05
下游,邊緣運算_工業AI,2395,研華,2019,1,balance_sheet,流動負債,12574102,"12,574,102",sii,https://mopsov.twse.com.tw/mops/web/ajax_t163sb05
下游,邊緣運算_工業AI,2395,研華,2019,1,balance_sheet,非流動負債,2647637,"2,647,637",sii,https://mopsov.twse.com.tw/mops/web/ajax_t163sb05
下游,邊緣運算_工業AI,2395,研華,2019,1,balance_sheet,負債總計,15221739,"15,221,739",sii,https://mopsov.twse.com.tw/mops/web/ajax_t163sb05
下游,邊緣運算_工業AI,2395,研華,2019,1,balance_sheet,股本,6990755,"6,990,755",sii,https://mopsov.twse.com.tw/mops/web/ajax_t163sb05
下游,邊緣運算_工業AI,2395,研華,2019,1,balance_sheet,資本公積,7179266,"7,179,266",sii,https://mopsov.twse.com.tw/mops/web/ajax_t163sb05
下游,邊緣運算_工業AI,2395,研華,2019,1,balance_sheet,保留盈餘,17657977,"17,657,977",sii,https://mopsov.twse.com.tw/mops/web/ajax_t163sb05
下游,邊緣運算_工業AI,2395,研華,2019,1,balance_sheet,其他權益,-553502,"-553,502",sii,https://mopsov.twse.com.tw/mops/web/ajax_t163sb05
下游,邊緣運算_工業AI,2395,研華,2019,1,balance_sheet,庫藏股票,,--,sii,https://mopsov.twse.com.tw/mops/web/ajax_t163sb05
下游,邊緣運算_工業AI,2395,研華,2019,1,balance_sheet,歸屬於母公司業主之權益合計,31274496,"31,274,496",sii,https://mopsov.twse.com.tw/mops/web/ajax_t163sb05
下游,邊緣運算_工業AI,2395,研華,2019,1,balance_sheet,共同控制下前手權益,,--,sii,https://mopsov.twse.com.tw/mops/web/ajax_t163sb05
下游,邊緣運算_工業AI,2395,研華,2019,1,balance_sheet,合併前非屬共同控制股權,,--,sii,https://mopsov.twse.com.tw/mops/web/ajax_t163sb05
下游,邊緣運算_工業AI,2395,研華,2019,1,balance_sheet,非控制權益,367539,"367,539",sii,https://mopsov.twse.com.tw/mops/web/ajax_t163sb05
下游,邊緣運算_工業AI,2395,研華,2019,1,balance_sheet,權益總計,31642035,"31,642,035",sii,https://mopsov.twse.com.tw/mops/web/ajax_t163sb05
下游,邊緣運算_工業AI,2395,研華,2019,1,balance_sheet,待註銷股本股數（單位：股）,,--,sii,https://mopsov.twse.com.tw/mops/web/ajax_t163sb05
下游,邊緣運算_工業AI,2395,研華,2019,1,balance_sheet,預收股款（權益項下）之約當發行股數（單位：股）,380000,"380,000",sii,https://mopsov.twse.com.tw/mops/web/ajax_t163sb05
下游,邊緣運算_工業AI,2395,研華,2019,1,balance_sheet,母公司暨子公司所持有之母公司庫藏股股數（單位：股）,0,0,sii,https://mopsov.twse.com.tw/mops/web/ajax_t163sb05
下游,邊緣運算_工業AI,2395,研華,2019,1,balance_sheet,每股參考淨值,44.74,44.74,sii,https://mopsov.twse.com.tw/mops/web/ajax_t163sb05
下游,邊緣運算_工業AI,6166,凌華,2019,1,balance_sheet,流動資產,6502572,"6,502,572",sii,https://mopsov.twse.com.tw/mops/web/ajax_t163sb05
下游,邊緣運算_工業AI,6166,凌華,2019,1,balance_sheet,非流動資產,2157903,"2,157,903",sii,https://mopsov.twse.com.tw/mops/web/ajax_t163sb05
下游,邊緣運算_工業AI,6166,凌華,2019,1,balance_sheet,資產總計,8660475,"8,660,475",sii,https://mopsov.twse.com.tw/mops/web/ajax_t163sb05
下游,邊緣運算_工業AI,6166,凌華,2019,1,balance_sheet,流動負債,3700806,"3,700,806",sii,https://mopsov.twse.com.tw/mops/web/ajax_t163sb05
下游,邊緣運算_工業AI,6166,凌華,2019,1,balance_sheet,非流動負債,255222,"255,222",sii,https://mopsov.twse.com.tw/mops/web/ajax_t163sb05
下游,邊緣運算_工業AI,6166,凌華,2019,1,balance_sheet,負債總計,3956028,"3,956,028",sii,https://mopsov.twse.com.tw/mops/web/ajax_t163sb05
下游,邊緣運算_工業AI,6166,凌華,2019,1,balance_sheet,股本,2175205,"2,175,205",sii,https://mopsov.twse.com.tw/mops/web/ajax_t163sb05
下游,邊緣運算_工業AI,6166,凌華,2019,1,balance_sheet,資本公積,1553475,"1,553,475",sii,https://mopsov.twse.com.tw/mops/web/ajax_t163sb05
下游,邊緣運算_工業AI,6166,凌華,2019,1,balance_sheet,保留盈餘,1075968,"1,075,968",sii,https://mopsov.twse.com.tw/mops/web/ajax_t163sb05
下游,邊緣運算_工業AI,6166,凌華,2019,1,balance_sheet,其他權益,-111401,"-111,401",sii,https://mopsov.twse.com.tw/mops/web/ajax_t163sb05
下游,邊緣運算_工業AI,6166,凌華,2019,1,balance_sheet,庫藏股票,,--,sii,https://mopsov.twse.com.tw/mops/web/ajax_t163sb05
下游,邊緣運算_工業AI,6166,凌華,2019,1,balance_sheet,歸屬於母公司業主之權益合計,4693247,"4,693,247",sii,https://mopsov.twse.com.tw/mops/web/ajax_t163sb05
下游,邊緣運算_工業AI,6166,凌華,2019,1,balance_sheet,共同控制下前手權益,,--,sii,https://mopsov.twse.com.tw/mops/web/ajax_t163sb05
下游,邊緣運算_工業AI,6166,凌華,2019,1,balance_sheet,合併前非屬共同控制股權,,--,sii,https://mopsov.twse.com.tw/mops/web/ajax_t163sb05
下游,邊緣運算_工業AI,6166,凌華,2019,1,balance_sheet,非控制權益,11200,"11,200",sii,https://mopsov.twse.com.tw/mops/web/ajax_t163sb05
下游,邊緣運算_工業AI,6166,凌華,2019,1,balance_sheet,權益總計,4704447,"4,704,447",sii,https://mopsov.twse.com.tw/mops/web/ajax_t163sb05
下游,邊緣運算_工業AI,6166,凌華,2019,1,balance_sheet,待註銷股本股數（單位：股）,,--,sii,https://mopsov.twse.com.tw/mops/web/ajax_t163sb05
下游,邊緣運算_工業AI,6166,凌華,2019,1,balance_sheet,預收股款（權益項下）之約當發行股數（單位：股）,0,0,sii,https://mopsov.twse.com.tw/mops/web/ajax_t163sb05
下游,邊緣運算_工業AI,6166,凌華,2019,1,balance_sheet,母公司暨子公司所持有之母公司庫藏股股數（單位：股）,0,0,sii,https://mopsov.twse.com.tw/mops/web/ajax_t163sb05
下游,邊緣運算_工業AI,6166,凌華,2019,1,balance_sheet,每股參考淨值,21.58,21.58,sii,https://mopsov.twse.com.tw/mops/web/ajax_t163sb05
下游,邊緣運算_工業AI,2395,研華,2019,1,cash_flow,營業活動之淨現金流入（流出）,1048079,"1,048,079",sii,https://mopsov.twse.com.tw/mops/web/ajax_t163sb20
下游,邊緣運算_工業AI,2395,研華,2019,1,cash_flow,投資活動之淨現金流入（流出）,-813643,"-813,643",sii,https://mopsov.twse.com.tw/mops/web/ajax_t163sb20
下游,邊緣運算_工業AI,2395,研華,2019,1,cash_flow,籌資活動之淨現金流入（流出）,125886,"125,886",sii,https://mopsov.twse.com.tw/mops/web/ajax_t163sb20
下游,邊緣運算_工業AI,2395,研華,2019,1,cash_flow,匯率變動對現金及約當現金之影響,82290,"82,290",sii,https://mopsov.twse.com.tw/mops/web/ajax_t163sb20
下游,邊緣運算_工業AI,2395,研華,2019,1,cash_flow,本期現金及約當現金增加（減少）數,442612,"442,612",sii,https://mopsov.twse.com.tw/mops/web/ajax_t163sb20
下游,邊緣運算_工業AI,2395,研華,2019,1,cash_flow,期初現金及約當現金餘額,6633161,"6,633,161",sii,https://mopsov.twse.com.tw/mops/web/ajax_t163sb20
下游,邊緣運算_工業AI,2395,研華,2019,1,cash_flow,期末現金及約當現金餘額,7075773,"7,075,773",sii,https://mopsov.twse.com.tw/mops/web/ajax_t163sb20
下游,邊緣運算_工業AI,6166,凌華,2019,1,cash_flow,營業活動之淨現金流入（流出）,253806,"253,806",sii,https://mopsov.twse.com.tw/mops/web/ajax_t163sb20
下游,邊緣運算_工業AI,6166,凌華,2019,1,cash_flow,投資活動之淨現金流入（流出）,-28304,"-28,304",sii,https://mopsov.twse.com.tw/mops/web/ajax_t163sb20
下游,邊緣運算_工業AI,6166,凌華,2019,1,cash_flow,籌資活動之淨現金流入（流出）,68270,"68,270",sii,https://mopsov.twse.com.tw/mops/web/ajax_t163sb20
下游,邊緣運算_工業AI,6166,凌華,2019,1,cash_flow,匯率變動對現金及約當現金之影響,5008,"5,008",sii,https://mopsov.twse.com.tw/mops/web/ajax_t163sb20
下游,邊緣運算_工業AI,6166,凌華,2019,1,cash_flow,本期現金及約當現金增加（減少）數,298780,"298,780",sii,https://mopsov.twse.com.tw/mops/web/ajax_t163sb20
下游,邊緣運算_工業AI,6166,凌華,2019,1,cash_flow,期初現金及約當現金餘額,1419132,"1,419,132",sii,https://mopsov.twse.com.tw/mops/web/ajax_t163sb20
下游,邊緣運算_工業AI,6166,凌華,2019,1,cash_flow,期末現金及約當現金餘額,1717912,"1,717,912",sii,https://mopsov.twse.com.tw/mops/web/ajax_t163sb20
下游,邊緣運算_工業AI,2395,研華,2019,2,income_statement,營業收入,26276604,"26,276,604",sii,https://mopsov.twse.com.tw/mops/web/ajax_t163sb04
下游,邊緣運算_工業AI,2395,研華,2019,2,income_statement,營業成本,16142174,"16,142,174",sii,https://mopsov.twse.com.tw/mops/web/ajax_t163sb04
下游,邊緣運算_工業AI,2395,研華,2019,2,income_statement,原始認列生物資產及農產品之利益（損失）,,--,sii,https://mopsov.twse.com.tw/mops/web/ajax_t163sb04
下游,邊緣運算_工業AI,2395,研華,2019,2,income_statement,生物資產當期公允價值減出售成本之變動利益（損失）,,--,sii,https://mopsov.twse.com.tw/mops/web/ajax_t163sb04
下游,邊緣運算_工業AI,2395,研華,2019,2,income_statement,營業毛利（毛損）,10134430,"10,134,430",sii,https://mopsov.twse.com.tw/mops/web/ajax_t163sb04
下游,邊緣運算_工業AI,2395,研華,2019,2,income_statement,未實現銷貨（損）益,,--,sii,https://mopsov.twse.com.tw/mops/web/ajax_t163sb04
下游,邊緣運算_工業AI,2395,研華,2019,2,income_statement,已實現銷貨（損）益,,--,sii,https://mopsov.twse.com.tw/mops/web/ajax_t163sb04
下游,邊緣運算_工業AI,2395,研華,2019,2,income_statement,營業毛利（毛損）淨額,10134430,"10,134,430",sii,https://mopsov.twse.com.tw/mops/web/ajax_t163sb04
下游,邊緣運算_工業AI,2395,研華,2019,2,income_statement,營業費用,5943426,"5,943,426",sii,https://mopsov.twse.com.tw/mops/web/ajax_t163sb04
下游,邊緣運算_工業AI,2395,研華,2019,2,income_statement,其他收益及費損淨額,,--,sii,https://mopsov.twse.com.tw/mops/web/ajax_t163sb04
下游,邊緣運算_工業AI,2395,研華,2019,2,income_statement,營業利益（損失）,4191004,"4,191,004",sii,https://mopsov.twse.com.tw/mops/web/ajax_t163sb04
下游,邊緣運算_工業AI,2395,研華,2019,2,income_statement,營業外收入及支出,285819,"285,819",sii,https://mopsov.twse.com.tw/mops/web/ajax_t163sb04
下游,邊緣運算_工業AI,2395,研華,2019,2,income_statement,稅前淨利（淨損）,4476823,"4,476,823",sii,https://mopsov.twse.com.tw/mops/web/ajax_t163sb04
下游,邊緣運算_工業AI,2395,研華,2019,2,income_statement,所得稅費用（利益）,944353,"944,353",sii,https://mopsov.twse.com.tw/mops/web/ajax_t163sb04
下游,邊緣運算_工業AI,2395,研華,2019,2,income_statement,繼續營業單位本期淨利（淨損）,3532470,"3,532,470",sii,https://mopsov.twse.com.tw/mops/web/ajax_t163sb04
下游,邊緣運算_工業AI,2395,研華,2019,2,income_statement,停業單位損益,,--,sii,https://mopsov.twse.com.tw/mops/web/ajax_t163sb04
下游,邊緣運算_工業AI,2395,研華,2019,2,income_statement,合併前非屬共同控制股權損益,,--,sii,https://mopsov.twse.com.tw/mops/web/ajax_t163sb04
下游,邊緣運算_工業AI,2395,研華,2019,2,income_statement,本期淨利（淨損）,3532470,"3,532,470",sii,https://mopsov.twse.com.tw/mops/web/ajax_t163sb04
下游,邊緣運算_工業AI,2395,研華,2019,2,income_statement,其他綜合損益（淨額）,371945,"371,945",sii,https://mopsov.twse.com.tw/mops/web/ajax_t163sb04
下游,邊緣運算_工業AI,2395,研華,2019,2,income_statement,合併前非屬共同控制股權綜合損益淨額,,--,sii,https://mopsov.twse.com.tw/mops/web/ajax_t163sb04
下游,邊緣運算_工業AI,2395,研華,2019,2,income_statement,本期綜合損益總額,3904415,"3,904,415",sii,https://mopsov.twse.com.tw/mops/web/ajax_t163sb04
下游,邊緣運算_工業AI,2395,研華,2019,2,income_statement,淨利（淨損）歸屬於母公司業主,3511476,"3,511,476",sii,https://mopsov.twse.com.tw/mops/web/ajax_t163sb04
下游,邊緣運算_工業AI,2395,研華,2019,2,income_statement,淨利（淨損）歸屬於共同控制下前手權益,,--,sii,https://mopsov.twse.com.tw/mops/web/ajax_t163sb04
下游,邊緣運算_工業AI,2395,研華,2019,2,income_statement,淨利（淨損）歸屬於非控制權益,20994,"20,994",sii,https://mopsov.twse.com.tw/mops/web/ajax_t163sb04
下游,邊緣運算_工業AI,2395,研華,2019,2,income_statement,綜合損益總額歸屬於母公司業主,3791180,"3,791,180",sii,https://mopsov.twse.com.tw/mops/web/ajax_t163sb04
下游,邊緣運算_工業AI,2395,研華,2019,2,income_statement,綜合損益總額歸屬於共同控制下前手權益,,--,sii,https://mopsov.twse.com.tw/mops/web/ajax_t163sb04
下游,邊緣運算_工業AI,2395,研華,2019,2,income_statement,綜合損益總額歸屬於非控制權益,113235,"113,235",sii,https://mopsov.twse.com.tw/mops/web/ajax_t163sb04
下游,邊緣運算_工業AI,2395,研華,2019,2,income_statement,基本每股盈餘（元）,5.02,5.02,sii,https://mopsov.twse.com.tw/mops/web/ajax_t163sb04
下游,邊緣運算_工業AI,6166,凌華,2019,2,income_statement,營業收入,5221053,"5,221,053",sii,https://mopsov.twse.com.tw/mops/web/ajax_t163sb04
下游,邊緣運算_工業AI,6166,凌華,2019,2,income_statement,營業成本,3108751,"3,108,751",sii,https://mopsov.twse.com.tw/mops/web/ajax_t163sb04
下游,邊緣運算_工業AI,6166,凌華,2019,2,income_statement,原始認列生物資產及農產品之利益（損失）,,--,sii,https://mopsov.twse.com.tw/mops/web/ajax_t163sb04
下游,邊緣運算_工業AI,6166,凌華,2019,2,income_statement,生物資產當期公允價值減出售成本之變動利益（損失）,,--,sii,https://mopsov.twse.com.tw/mops/web/ajax_t163sb04
下游,邊緣運算_工業AI,6166,凌華,2019,2,income_statement,營業毛利（毛損）,2112302,"2,112,302",sii,https://mopsov.twse.com.tw/mops/web/ajax_t163sb04
下游,邊緣運算_工業AI,6166,凌華,2019,2,income_statement,未實現銷貨（損）益,167,167,sii,https://mopsov.twse.com.tw/mops/web/ajax_t163sb04
下游,邊緣運算_工業AI,6166,凌華,2019,2,income_statement,已實現銷貨（損）益,,--,sii,https://mopsov.twse.com.tw/mops/web/ajax_t163sb04
下游,邊緣運算_工業AI,6166,凌華,2019,2,income_statement,營業毛利（毛損）淨額,2112135,"2,112,135",sii,https://mopsov.twse.com.tw/mops/web/ajax_t163sb04
下游,邊緣運算_工業AI,6166,凌華,2019,2,income_statement,營業費用,1784447,"1,784,447",sii,https://mopsov.twse.com.tw/mops/web/ajax_t163sb04
下游,邊緣運算_工業AI,6166,凌華,2019,2,income_statement,其他收益及費損淨額,,--,sii,https://mopsov.twse.com.tw/mops/web/ajax_t163sb04
下游,邊緣運算_工業AI,6166,凌華,2019,2,income_statement,營業利益（損失）,327688,"327,688",sii,https://mopsov.twse.com.tw/mops/web/ajax_t163sb04
下游,邊緣運算_工業AI,6166,凌華,2019,2,income_statement,營業外收入及支出,-22634,"-22,634",sii,https://mopsov.twse.com.tw/mops/web/ajax_t163sb04
下游,邊緣運算_工業AI,6166,凌華,2019,2,income_statement,稅前淨利（淨損）,305054,"305,054",sii,https://mopsov.twse.com.tw/mops/web/ajax_t163sb04
下游,邊緣運算_工業AI,6166,凌華,2019,2,income_statement,所得稅費用（利益）,82158,"82,158",sii,https://mopsov.twse.com.tw/mops/web/ajax_t163sb04
下游,邊緣運算_工業AI,6166,凌華,2019,2,income_statement,繼續營業單位本期淨利（淨損）,222896,"222,896",sii,https://mopsov.twse.com.tw/mops/web/ajax_t163sb04
下游,邊緣運算_工業AI,6166,凌華,2019,2,income_statement,停業單位損益,,--,sii,https://mopsov.twse.com.tw/mops/web/ajax_t163sb04
下游,邊緣運算_工業AI,6166,凌華,2019,2,income_statement,合併前非屬共同控制股權損益,,--,sii,https://mopsov.twse.com.tw/mops/web/ajax_t163sb04
下游,邊緣運算_工業AI,6166,凌華,2019,2,income_statement,本期淨利（淨損）,222896,"222,896",sii,https://mopsov.twse.com.tw/mops/web/ajax_t163sb04
下游,邊緣運算_工業AI,6166,凌華,2019,2,income_statement,其他綜合損益（淨額）,20093,"20,093",sii,https://mopsov.twse.com.tw/mops/web/ajax_t163sb04
下游,邊緣運算_工業AI,6166,凌華,2019,2,income_statement,合併前非屬共同控制股權綜合損益淨額,,--,sii,https://mopsov.twse.com.tw/mops/web/ajax_t163sb04
下游,邊緣運算_工業AI,6166,凌華,2019,2,income_statement,本期綜合損益總額,242989,"242,989",sii,https://mopsov.twse.com.tw/mops/web/ajax_t163sb04
下游,邊緣運算_工業AI,6166,凌華,2019,2,income_statement,淨利（淨損）歸屬於母公司業主,223011,"223,011",sii,https://mopsov.twse.com.tw/mops/web/ajax_t163sb04
下游,邊緣運算_工業AI,6166,凌華,2019,2,income_statement,淨利（淨損）歸屬於共同控制下前手權益,,--,sii,https://mopsov.twse.com.tw/mops/web/ajax_t163sb04
下游,邊緣運算_工業AI,6166,凌華,2019,2,income_statement,淨利（淨損）歸屬於非控制權益,-115,-115,sii,https://mopsov.twse.com.tw/mops/web/ajax_t163sb04
下游,邊緣運算_工業AI,6166,凌華,2019,2,income_statement,綜合損益總額歸屬於母公司業主,242715,"242,715",sii,https://mopsov.twse.com.tw/mops/web/ajax_t163sb04
下游,邊緣運算_工業AI,6166,凌華,2019,2,income_statement,綜合損益總額歸屬於共同控制下前手權益,,--,sii,https://mopsov.twse.com.tw/mops/web/ajax_t163sb04
下游,邊緣運算_工業AI,6166,凌華,2019,2,income_statement,綜合損益總額歸屬於非控制權益,274,274,sii,https://mopsov.twse.com.tw/mops/web/ajax_t163sb04
下游,邊緣運算_工業AI,6166,凌華,2019,2,income_statement,基本每股盈餘（元）,1.03,1.03,sii,https://mopsov.twse.com.tw/mops/web/ajax_t163sb04
下游,邊緣運算_工業AI,2395,研華,2019,2,balance_sheet,流動資產,29892701,"29,892,701",sii,https://mopsov.twse.com.tw/mops/web/ajax_t163sb05
下游,邊緣運算_工業AI,2395,研華,2019,2,balance_sheet,非流動資產,19761692,"19,761,692",sii,https://mopsov.twse.com.tw/mops/web/ajax_t163sb05
下游,邊緣運算_工業AI,2395,研華,2019,2,balance_sheet,資產總計,49654393,"49,654,393",sii,https://mopsov.twse.com.tw/mops/web/ajax_t163sb05
下游,邊緣運算_工業AI,2395,研華,2019,2,balance_sheet,流動負債,18018300,"18,018,300",sii,https://mopsov.twse.com.tw/mops/web/ajax_t163sb05
下游,邊緣運算_工業AI,2395,研華,2019,2,balance_sheet,非流動負債,2642338,"2,642,338",sii,https://mopsov.twse.com.tw/mops/web/ajax_t163sb05
下游,邊緣運算_工業AI,2395,研華,2019,2,balance_sheet,負債總計,20660638,"20,660,638",sii,https://mopsov.twse.com.tw/mops/web/ajax_t163sb05
下游,邊緣運算_工業AI,2395,研華,2019,2,balance_sheet,股本,6991405,"6,991,405",sii,https://mopsov.twse.com.tw/mops/web/ajax_t163sb05
下游,邊緣運算_工業AI,2395,研華,2019,2,balance_sheet,資本公積,7269690,"7,269,690",sii,https://mopsov.twse.com.tw/mops/web/ajax_t163sb05
下游,邊緣運算_工業AI,2395,研華,2019,2,balance_sheet,保留盈餘,14773907,"14,773,907",sii,https://mopsov.twse.com.tw/mops/web/ajax_t163sb05
下游,邊緣運算_工業AI,2395,研華,2019,2,balance_sheet,其他權益,-494950,"-494,950",sii,https://mopsov.twse.com.tw/mops/web/ajax_t163sb05
下游,邊緣運算_工業AI,2395,研華,2019,2,balance_sheet,庫藏股票,,--,sii,https://mopsov.twse.com.tw/mops/web/ajax_t163sb05
下游,邊緣運算_工業AI,2395,研華,2019,2,balance_sheet,歸屬於母公司業主之權益合計,28540052,"28,540,052",sii,https://mopsov.twse.com.tw/mops/web/ajax_t163sb05
下游,邊緣運算_工業AI,2395,研華,2019,2,balance_sheet,共同控制下前手權益,,--,sii,https://mopsov.twse.com.tw/mops/web/ajax_t163sb05
下游,邊緣運算_工業AI,2395,研華,2019,2,balance_sheet,合併前非屬共同控制股權,,--,sii,https://mopsov.twse.com.tw/mops/web/ajax_t163sb05
下游,邊緣運算_工業AI,2395,研華,2019,2,balance_sheet,非控制權益,453703,"453,703",sii,https://mopsov.twse.com.tw/mops/web/ajax_t163sb05
下游,邊緣運算_工業AI,2395,研華,2019,2,balance_sheet,權益總計,28993755,"28,993,755",sii,https://mopsov.twse.com.tw/mops/web/ajax_t163sb05
下游,邊緣運算_工業AI,2395,研華,2019,2,balance_sheet,待註銷股本股數（單位：股）,,--,sii,https://mopsov.twse.com.tw/mops/web/ajax_t163sb05
下游,邊緣運算_工業AI,2395,研華,2019,2,balance_sheet,預收股款（權益項下）之約當發行股數（單位：股）,65000,"65,000",sii,https://mopsov.twse.com.tw/mops/web/ajax_t163sb05
下游,邊緣運算_工業AI,2395,研華,2019,2,balance_sheet,母公司暨子公司所持有之母公司庫藏股股數（單位：股）,0,0,sii,https://mopsov.twse.com.tw/mops/web/ajax_t163sb05
下游,邊緣運算_工業AI,2395,研華,2019,2,balance_sheet,每股參考淨值,40.82,40.82,sii,https://mopsov.twse.com.tw/mops/web/ajax_t163sb05
下游,邊緣運算_工業AI,6166,凌華,2019,2,balance_sheet,流動資產,6407461,"6,407,461",sii,https://mopsov.twse.com.tw/mops/web/ajax_t163sb05
下游,邊緣運算_工業AI,6166,凌華,2019,2,balance_sheet,非流動資產,2068045,"2,068,045",sii,https://mopsov.twse.com.tw/mops/web/ajax_t163sb05
下游,邊緣運算_工業AI,6166,凌華,2019,2,balance_sheet,資產總計,8475506,"8,475,506",sii,https://mopsov.twse.com.tw/mops/web/ajax_t163sb05
下游,邊緣運算_工業AI,6166,凌華,2019,2,balance_sheet,流動負債,3793376,"3,793,376",sii,https://mopsov.twse.com.tw/mops/web/ajax_t163sb05
下游,邊緣運算_工業AI,6166,凌華,2019,2,balance_sheet,非流動負債,152779,"152,779",sii,https://mopsov.twse.com.tw/mops/web/ajax_t163sb05
下游,邊緣運算_工業AI,6166,凌華,2019,2,balance_sheet,負債總計,3946155,"3,946,155",sii,https://mopsov.twse.com.tw/mops/web/ajax_t163sb05
下游,邊緣運算_工業AI,6166,凌華,2019,2,balance_sheet,股本,2175205,"2,175,205",sii,https://mopsov.twse.com.tw/mops/web/ajax_t163sb05
下游,邊緣運算_工業AI,6166,凌華,2019,2,balance_sheet,資本公積,1509970,"1,509,970",sii,https://mopsov.twse.com.tw/mops/web/ajax_t163sb05
下游,邊緣運算_工業AI,6166,凌華,2019,2,balance_sheet,保留盈餘,948953,"948,953",sii,https://mopsov.twse.com.tw/mops/web/ajax_t163sb05
下游,邊緣運算_工業AI,6166,凌華,2019,2,balance_sheet,其他權益,-115535,"-115,535",sii,https://mopsov.twse.com.tw/mops/web/ajax_t163sb05
下游,邊緣運算_工業AI,6166,凌華,2019,2,balance_sheet,庫藏股票,,--,sii,https://mopsov.twse.com.tw/mops/web/ajax_t163sb05
下游,邊緣運算_工業AI,6166,凌華,2019,2,balance_sheet,歸屬於母公司業主之權益合計,4518593,"4,518,593",sii,https://mopsov.twse.com.tw/mops/web/ajax_t163sb05
下游,邊緣運算_工業AI,6166,凌華,2019,2,balance_sheet,共同控制下前手權益,,--,sii,https://mopsov.twse.com.tw/mops/web/ajax_t163sb05
下游,邊緣運算_工業AI,6166,凌華,2019,2,balance_sheet,合併前非屬共同控制股權,,--,sii,https://mopsov.twse.com.tw/mops/web/ajax_t163sb05
下游,邊緣運算_工業AI,6166,凌華,2019,2,balance_sheet,非控制權益,10758,"10,758",sii,https://mopsov.twse.com.tw/mops/web/ajax_t163sb05
下游,邊緣運算_工業AI,6166,凌華,2019,2,balance_sheet,權益總計,4529351,"4,529,351",sii,https://mopsov.twse.com.tw/mops/web/ajax_t163sb05
下游,邊緣運算_工業AI,6166,凌華,2019,2,balance_sheet,待註銷股本股數（單位：股）,,--,sii,https://mopsov.twse.com.tw/mops/web/ajax_t163sb05
下游,邊緣運算_工業AI,6166,凌華,2019,2,balance_sheet,預收股款（權益項下）之約當發行股數（單位：股）,0,0,sii,https://mopsov.twse.com.tw/mops/web/ajax_t163sb05
下游,邊緣運算_工業AI,6166,凌華,2019,2,balance_sheet,母公司暨子公司所持有之母公司庫藏股股數（單位：股）,0,0,sii,https://mopsov.twse.com.tw/mops/web/ajax_t163sb05
下游,邊緣運算_工業AI,6166,凌華,2019,2,balance_sheet,每股參考淨值,20.77,20.77,sii,https://mopsov.twse.com.tw/mops/web/ajax_t163sb05
下游,邊緣運算_工業AI,2395,研華,2019,2,cash_flow,營業活動之淨現金流入（流出）,908158,"908,158",sii,https://mopsov.twse.com.tw/mops/web/ajax_t163sb20
下游,邊緣運算_工業AI,2395,研華,2019,2,cash_flow,投資活動之淨現金流入（流出）,-989305,"-989,305",sii,https://mopsov.twse.com.tw/mops/web/ajax_t163sb20
下游,邊緣運算_工業AI,2395,研華,2019,2,cash_flow,籌資活動之淨現金流入（流出）,-43247,"-43,247",sii,https://mopsov.twse.com.tw/mops/web/ajax_t163sb20
下游,邊緣運算_工業AI,2395,研華,2019,2,cash_flow,匯率變動對現金及約當現金之影響,132028,"132,028",sii,https://mopsov.twse.com.tw/mops/web/ajax_t163sb20
下游,邊緣運算_工業AI,2395,研華,2019,2,cash_flow,本期現金及約當現金增加（減少）數,7634,"7,634",sii,https://mopsov.twse.com.tw/mops/web/ajax_t163sb20
下游,邊緣運算_工業AI,2395,研華,2019,2,cash_flow,期初現金及約當現金餘額,6633161,"6,633,161",sii,https://mopsov.twse.com.tw/mops/web/ajax_t163sb20
下游,邊緣運算_工業AI,2395,研華,2019,2,cash_flow,期末現金及約當現金餘額,6640795,"6,640,795",sii,https://mopsov.twse.com.tw/mops/web/ajax_t163sb20
下游,邊緣運算_工業AI,6166,凌華,2019,2,cash_flow,營業活動之淨現金流入（流出）,440972,"440,972",sii,https://mopsov.twse.com.tw/mops/web/ajax_t163sb20
下游,邊緣運算_工業AI,6166,凌華,2019,2,cash_flow,投資活動之淨現金流入（流出）,-137634,"-137,634",sii,https://mopsov.twse.com.tw/mops/web/ajax_t163sb20
下游,邊緣運算_工業AI,6166,凌華,2019,2,cash_flow,籌資活動之淨現金流入（流出）,78035,"78,035",sii,https://mopsov.twse.com.tw/mops/web/ajax_t163sb20
下游,邊緣運算_工業AI,6166,凌華,2019,2,cash_flow,匯率變動對現金及約當現金之影響,12580,"12,580",sii,https://mopsov.twse.com.tw/mops/web/ajax_t163sb20
下游,邊緣運算_工業AI,6166,凌華,2019,2,cash_flow,本期現金及約當現金增加（減少）數,393953,"393,953",sii,https://mopsov.twse.com.tw/mops/web/ajax_t163sb20
下游,邊緣運算_工業AI,6166,凌華,2019,2,cash_flow,期初現金及約當現金餘額,1419132,"1,419,132",sii,https://mopsov.twse.com.tw/mops/web/ajax_t163sb20
下游,邊緣運算_工業AI,6166,凌華,2019,2,cash_flow,期末現金及約當現金餘額,1813085,"1,813,085",sii,https://mopsov.twse.com.tw/mops/web/ajax_t163sb20
下游,邊緣運算_工業AI,2395,研華,2019,3,income_statement,營業收入,40658886,"40,658,886",sii,https://mopsov.twse.com.tw/mops/web/ajax_t163sb04
下游,邊緣運算_工業AI,2395,研華,2019,3,income_statement,營業成本,24827416,"24,827,416",sii,https://mopsov.twse.com.tw/mops/web/ajax_t163sb04
下游,邊緣運算_工業AI,2395,研華,2019,3,income_statement,原始認列生物資產及農產品之利益（損失）,,--,sii,https://mopsov.twse.com.tw/mops/web/ajax_t163sb04
下游,邊緣運算_工業AI,2395,研華,2019,3,income_statement,生物資產當期公允價值減出售成本之變動利益（損失）,,--,sii,https://mopsov.twse.com.tw/mops/web/ajax_t163sb04
下游,邊緣運算_工業AI,2395,研華,2019,3,income_statement,營業毛利（毛損）,15831470,"15,831,470",sii,https://mopsov.twse.com.tw/mops/web/ajax_t163sb04
下游,邊緣運算_工業AI,2395,研華,2019,3,income_statement,未實現銷貨（損）益,,--,sii,https://mopsov.twse.com.tw/mops/web/ajax_t163sb04
下游,邊緣運算_工業AI,2395,研華,2019,3,income_statement,已實現銷貨（損）益,,--,sii,https://mopsov.twse.com.tw/mops/web/ajax_t163sb04
下游,邊緣運算_工業AI,2395,研華,2019,3,income_statement,營業毛利（毛損）淨額,15831470,"15,831,470",sii,https://mopsov.twse.com.tw/mops/web/ajax_t163sb04
下游,邊緣運算_工業AI,2395,研華,2019,3,income_statement,營業費用,9007877,"9,007,877",sii,https://mopsov.twse.com.tw/mops/web/ajax_t163sb04
下游,邊緣運算_工業AI,2395,研華,2019,3,income_statement,其他收益及費損淨額,,--,sii,https://mopsov.twse.com.tw/mops/web/ajax_t163sb04
下游,邊緣運算_工業AI,2395,研華,2019,3,income_statement,營業利益（損失）,6823593,"6,823,593",sii,https://mopsov.twse.com.tw/mops/web/ajax_t163sb04
下游,邊緣運算_工業AI,2395,研華,2019,3,income_statement,營業外收入及支出,371523,"371,523",sii,https://mopsov.twse.com.tw/mops/web/ajax_t163sb04
下游,邊緣運算_工業AI,2395,研華,2019,3,income_statement,稅前淨利（淨損）,7195116,"7,195,116",sii,https://mopsov.twse.com.tw/mops/web/ajax_t163sb04
下游,邊緣運算_工業AI,2395,研華,2019,3,income_statement,所得稅費用（利益）,1505602,"1,505,602",sii,https://mopsov.twse.com.tw/mops/web/ajax_t163sb04
下游,邊緣運算_工業AI,2395,研華,2019,3,income_statement,繼續營業單位本期淨利（淨損）,5689514,"5,689,514",sii,https://mopsov.twse.com.tw/mops/web/ajax_t163sb04
下游,邊緣運算_工業AI,2395,研華,2019,3,income_statement,停業單位損益,,--,sii,https://mopsov.twse.com.tw/mops/web/ajax_t163sb04
下游,邊緣運算_工業AI,2395,研華,2019,3,income_statement,合併前非屬共同控制股權損益,,--,sii,https://mopsov.twse.com.tw/mops/web/ajax_t163sb04
下游,邊緣運算_工業AI,2395,研華,2019,3,income_statement,本期淨利（淨損）,5689514,"5,689,514",sii,https://mopsov.twse.com.tw/mops/web/ajax_t163sb04
下游,邊緣運算_工業AI,2395,研華,2019,3,income_statement,其他綜合損益（淨額）,-46008,"-46,008",sii,https://mopsov.twse.com.tw/mops/web/ajax_t163sb04
下游,邊緣運算_工業AI,2395,研華,2019,3,income_statement,合併前非屬共同控制股權綜合損益淨額,,--,sii,https://mopsov.twse.com.tw/mops/web/ajax_t163sb04
下游,邊緣運算_工業AI,2395,研華,2019,3,income_statement,本期綜合損益總額,5643506,"5,643,506",sii,https://mopsov.twse.com.tw/mops/web/ajax_t163sb04
下游,邊緣運算_工業AI,2395,研華,2019,3,income_statement,淨利（淨損）歸屬於母公司業主,5651450,"5,651,450",sii,https://mopsov.twse.com.tw/mops/web/ajax_t163sb04
下游,邊緣運算_工業AI,2395,研華,2019,3,income_statement,淨利（淨損）歸屬於共同控制下前手權益,,--,sii,https://mopsov.twse.com.tw/mops/web/ajax_t163sb04
下游,邊緣運算_工業AI,2395,研華,2019,3,income_statement,淨利（淨損）歸屬於非控制權益,38064,"38,064",sii,https://mopsov.twse.com.tw/mops/web/ajax_t163sb04
下游,邊緣運算_工業AI,2395,研華,2019,3,income_statement,綜合損益總額歸屬於母公司業主,5601114,"5,601,114",sii,https://mopsov.twse.com.tw/mops/web/ajax_t163sb04
下游,邊緣運算_工業AI,2395,研華,2019,3,income_statement,綜合損益總額歸屬於共同控制下前手權益,,--,sii,https://mopsov.twse.com.tw/mops/web/ajax_t163sb04
下游,邊緣運算_工業AI,2395,研華,2019,3,income_statement,綜合損益總額歸屬於非控制權益,42392,"42,392",sii,https://mopsov.twse.com.tw/mops/web/ajax_t163sb04
下游,邊緣運算_工業AI,2395,研華,2019,3,income_statement,基本每股盈餘（元）,8.08,8.08,sii,https://mopsov.twse.com.tw/mops/web/ajax_t163sb04
下游,邊緣運算_工業AI,6166,凌華,2019,3,income_statement,營業收入,7621234,"7,621,234",sii,https://mopsov.twse.com.tw/mops/web/ajax_t163sb04
下游,邊緣運算_工業AI,6166,凌華,2019,3,income_statement,營業成本,4531593,"4,531,593",sii,https://mopsov.twse.com.tw/mops/web/ajax_t163sb04
下游,邊緣運算_工業AI,6166,凌華,2019,3,income_statement,原始認列生物資產及農產品之利益（損失）,,--,sii,https://mopsov.twse.com.tw/mops/web/ajax_t163sb04
下游,邊緣運算_工業AI,6166,凌華,2019,3,income_statement,生物資產當期公允價值減出售成本之變動利益（損失）,,--,sii,https://mopsov.twse.com.tw/mops/web/ajax_t163sb04
下游,邊緣運算_工業AI,6166,凌華,2019,3,income_statement,營業毛利（毛損）,3089641,"3,089,641",sii,https://mopsov.twse.com.tw/mops/web/ajax_t163sb04
下游,邊緣運算_工業AI,6166,凌華,2019,3,income_statement,未實現銷貨（損）益,171,171,sii,https://mopsov.twse.com.tw/mops/web/ajax_t163sb04
下游,邊緣運算_工業AI,6166,凌華,2019,3,income_statement,已實現銷貨（損）益,,--,sii,https://mopsov.twse.com.tw/mops/web/ajax_t163sb04
下游,邊緣運算_工業AI,6166,凌華,2019,3,income_statement,營業毛利（毛損）淨額,3089470,"3,089,470",sii,https://mopsov.twse.com.tw/mops/web/ajax_t163sb04
下游,邊緣運算_工業AI,6166,凌華,2019,3,income_statement,營業費用,2631103,"2,631,103",sii,https://mopsov.twse.com.tw/mops/web/ajax_t163sb04
下游,邊緣運算_工業AI,6166,凌華,2019,3,income_statement,其他收益及費損淨額,,--,sii,https://mopsov.twse.com.tw/mops/web/ajax_t163sb04
下游,邊緣運算_工業AI,6166,凌華,2019,3,income_statement,營業利益（損失）,458367,"458,367",sii,https://mopsov.twse.com.tw/mops/web/ajax_t163sb04
下游,邊緣運算_工業AI,6166,凌華,2019,3,income_statement,營業外收入及支出,-37795,"-37,795",sii,https://mopsov.twse.com.tw/mops/web/ajax_t163sb04
下游,邊緣運算_工業AI,6166,凌華,2019,3,income_statement,稅前淨利（淨損）,420572,"420,572",sii,https://mopsov.twse.com.tw/mops/web/ajax_t163sb04
下游,邊緣運算_工業AI,6166,凌華,2019,3,income_statement,所得稅費用（利益）,100200,"100,200",sii,https://mopsov.twse.com.tw/mops/web/ajax_t163sb04
下游,邊緣運算_工業AI,6166,凌華,2019,3,income_statement,繼續營業單位本期淨利（淨損）,320372,"320,372",sii,https://mopsov.twse.com.tw/mops/web/ajax_t163sb04
下游,邊緣運算_工業AI,6166,凌華,2019,3,income_statement,停業單位損益,,--,sii,https://mopsov.twse.com.tw/mops/web/ajax_t163sb04
下游,邊緣運算_工業AI,6166,凌華,2019,3,income_statement,合併前非屬共同控制股權損益,,--,sii,https://mopsov.twse.com.tw/mops/web/ajax_t163sb04
下游,邊緣運算_工業AI,6166,凌華,2019,3,income_statement,本期淨利（淨損）,320372,"320,372",sii,https://mopsov.twse.com.tw/mops/web/ajax_t163sb04
下游,邊緣運算_工業AI,6166,凌華,2019,3,income_statement,其他綜合損益（淨額）,-2297,"-2,297",sii,https://mopsov.twse.com.tw/mops/web/ajax_t163sb04
下游,邊緣運算_工業AI,6166,凌華,2019,3,income_statement,合併前非屬共同控制股權綜合損益淨額,,--,sii,https://mopsov.twse.com.tw/mops/web/ajax_t163sb04
下游,邊緣運算_工業AI,6166,凌華,2019,3,income_statement,本期綜合損益總額,318075,"318,075",sii,https://mopsov.twse.com.tw/mops/web/ajax_t163sb04
下游,邊緣運算_工業AI,6166,凌華,2019,3,income_statement,淨利（淨損）歸屬於母公司業主,320596,"320,596",sii,https://mopsov.twse.com.tw/mops/web/ajax_t163sb04
下游,邊緣運算_工業AI,6166,凌華,2019,3,income_statement,淨利（淨損）歸屬於共同控制下前手權益,,--,sii,https://mopsov.twse.com.tw/mops/web/ajax_t163sb04
下游,邊緣運算_工業AI,6166,凌華,2019,3,income_statement,淨利（淨損）歸屬於非控制權益,-224,-224,sii,https://mopsov.twse.com.tw/mops/web/ajax_t163sb04
下游,邊緣運算_工業AI,6166,凌華,2019,3,income_statement,綜合損益總額歸屬於母公司業主,317940,"317,940",sii,https://mopsov.twse.com.tw/mops/web/ajax_t163sb04
下游,邊緣運算_工業AI,6166,凌華,2019,3,income_statement,綜合損益總額歸屬於共同控制下前手權益,,--,sii,https://mopsov.twse.com.tw/mops/web/ajax_t163sb04
下游,邊緣運算_工業AI,6166,凌華,2019,3,income_statement,綜合損益總額歸屬於非控制權益,135,135,sii,https://mopsov.twse.com.tw/mops/web/ajax_t163sb04
下游,邊緣運算_工業AI,6166,凌華,2019,3,income_statement,基本每股盈餘（元）,1.47,1.47,sii,https://mopsov.twse.com.tw/mops/web/ajax_t163sb04
下游,邊緣運算_工業AI,2395,研華,2019,3,balance_sheet,流動資產,25448221,"25,448,221",sii,https://mopsov.twse.com.tw/mops/web/ajax_t163sb05
下游,邊緣運算_工業AI,2395,研華,2019,3,balance_sheet,非流動資產,19942374,"19,942,374",sii,https://mopsov.twse.com.tw/mops/web/ajax_t163sb05
下游,邊緣運算_工業AI,2395,研華,2019,3,balance_sheet,資產總計,45390595,"45,390,595",sii,https://mopsov.twse.com.tw/mops/web/ajax_t163sb05
下游,邊緣運算_工業AI,2395,研華,2019,3,balance_sheet,流動負債,11711372,"11,711,372",sii,https://mopsov.twse.com.tw/mops/web/ajax_t163sb05
下游,邊緣運算_工業AI,2395,研華,2019,3,balance_sheet,非流動負債,2707977,"2,707,977",sii,https://mopsov.twse.com.tw/mops/web/ajax_t163sb05
下游,邊緣運算_工業AI,2395,研華,2019,3,balance_sheet,負債總計,14419349,"14,419,349",sii,https://mopsov.twse.com.tw/mops/web/ajax_t163sb05
下游,邊緣運算_工業AI,2395,研華,2019,3,balance_sheet,股本,6999230,"6,999,230",sii,https://mopsov.twse.com.tw/mops/web/ajax_t163sb05
下游,邊緣運算_工業AI,2395,研華,2019,3,balance_sheet,資本公積,7401279,"7,401,279",sii,https://mopsov.twse.com.tw/mops/web/ajax_t163sb05
下游,邊緣運算_工業AI,2395,研華,2019,3,balance_sheet,保留盈餘,16913032,"16,913,032",sii,https://mopsov.twse.com.tw/mops/web/ajax_t163sb05
下游,邊緣運算_工業AI,2395,研華,2019,3,balance_sheet,其他權益,-825090,"-825,090",sii,https://mopsov.twse.com.tw/mops/web/ajax_t163sb05
下游,邊緣運算_工業AI,2395,研華,2019,3,balance_sheet,庫藏股票,,--,sii,https://mopsov.twse.com.tw/mops/web/ajax_t163sb05
下游,邊緣運算_工業AI,2395,研華,2019,3,balance_sheet,歸屬於母公司業主之權益合計,30488451,"30,488,451",sii,https://mopsov.twse.com.tw/mops/web/ajax_t163sb05
下游,邊緣運算_工業AI,2395,研華,2019,3,balance_sheet,共同控制下前手權益,,--,sii,https://mopsov.twse.com.tw/mops/web/ajax_t163sb05
下游,邊緣運算_工業AI,2395,研華,2019,3,balance_sheet,合併前非屬共同控制股權,,--,sii,https://mopsov.twse.com.tw/mops/web/ajax_t163sb05
下游,邊緣運算_工業AI,2395,研華,2019,3,balance_sheet,非控制權益,482795,"482,795",sii,https://mopsov.twse.com.tw/mops/web/ajax_t163sb05
下游,邊緣運算_工業AI,2395,研華,2019,3,balance_sheet,權益總計,30971246,"30,971,246",sii,https://mopsov.twse.com.tw/mops/web/ajax_t163sb05
下游,邊緣運算_工業AI,2395,研華,2019,3,balance_sheet,待註銷股本股數（單位：股）,,--,sii,https://mopsov.twse.com.tw/mops/web/ajax_t163sb05
下游,邊緣運算_工業AI,2395,研華,2019,3,balance_sheet,預收股款（權益項下）之約當發行股數（單位：股）,782500,"782,500",sii,https://mopsov.twse.com.tw/mops/web/ajax_t163sb05
下游,邊緣運算_工業AI,2395,研華,2019,3,balance_sheet,母公司暨子公司所持有之母公司庫藏股股數（單位：股）,0,0,sii,https://mopsov.twse.com.tw/mops/web/ajax_t163sb05
下游,邊緣運算_工業AI,2395,研華,2019,3,balance_sheet,每股參考淨值,43.56,43.56,sii,https://mopsov.twse.com.tw/mops/web/ajax_t163sb05
下游,邊緣運算_工業AI,6166,凌華,2019,3,balance_sheet,流動資產,6273425,"6,273,425",sii,https://mopsov.twse.com.tw/mops/web/ajax_t163sb05
下游,邊緣運算_工業AI,6166,凌華,2019,3,balance_sheet,非流動資產,1980591,"1,980,591",sii,https://mopsov.twse.com.tw/mops/web/ajax_t163sb05
下游,邊緣運算_工業AI,6166,凌華,2019,3,balance_sheet,資產總計,8254016,"8,254,016",sii,https://mopsov.twse.com.tw/mops/web/ajax_t163sb05
下游,邊緣運算_工業AI,6166,凌華,2019,3,balance_sheet,流動負債,3499280,"3,499,280",sii,https://mopsov.twse.com.tw/mops/web/ajax_t163sb05
下游,邊緣運算_工業AI,6166,凌華,2019,3,balance_sheet,非流動負債,150299,"150,299",sii,https://mopsov.twse.com.tw/mops/web/ajax_t163sb05
下游,邊緣運算_工業AI,6166,凌華,2019,3,balance_sheet,負債總計,3649579,"3,649,579",sii,https://mopsov.twse.com.tw/mops/web/ajax_t163sb05
下游,邊緣運算_工業AI,6166,凌華,2019,3,balance_sheet,股本,2175205,"2,175,205",sii,https://mopsov.twse.com.tw/mops/web/ajax_t163sb05
下游,邊緣運算_工業AI,6166,凌華,2019,3,balance_sheet,資本公積,1509970,"1,509,970",sii,https://mopsov.twse.com.tw/mops/web/ajax_t163sb05
下游,邊緣運算_工業AI,6166,凌華,2019,3,balance_sheet,保留盈餘,1046538,"1,046,538",sii,https://mopsov.twse.com.tw/mops/web/ajax_t163sb05
下游,邊緣運算_工業AI,6166,凌華,2019,3,balance_sheet,其他權益,-137895,"-137,895",sii,https://mopsov.twse.com.tw/mops/web/ajax_t163sb05
下游,邊緣運算_工業AI,6166,凌華,2019,3,balance_sheet,庫藏股票,,--,sii,https://mopsov.twse.com.tw/mops/web/ajax_t163sb05
下游,邊緣運算_工業AI,6166,凌華,2019,3,balance_sheet,歸屬於母公司業主之權益合計,4593818,"4,593,818",sii,https://mopsov.twse.com.tw/mops/web/ajax_t163sb05
下游,邊緣運算_工業AI,6166,凌華,2019,3,balance_sheet,共同控制下前手權益,,--,sii,https://mopsov.twse.com.tw/mops/web/ajax_t163sb05
下游,邊緣運算_工業AI,6166,凌華,2019,3,balance_sheet,合併前非屬共同控制股權,,--,sii,https://mopsov.twse.com.tw/mops/web/ajax_t163sb05
下游,邊緣運算_工業AI,6166,凌華,2019,3,balance_sheet,非控制權益,10619,"10,619",sii,https://mopsov.twse.com.tw/mops/web/ajax_t163sb05
下游,邊緣運算_工業AI,6166,凌華,2019,3,balance_sheet,權益總計,4604437,"4,604,437",sii,https://mopsov.twse.com.tw/mops/web/ajax_t163sb05
下游,邊緣運算_工業AI,6166,凌華,2019,3,balance_sheet,待註銷股本股數（單位：股）,,--,sii,https://mopsov.twse.com.tw/mops/web/ajax_t163sb05
下游,邊緣運算_工業AI,6166,凌華,2019,3,balance_sheet,預收股款（權益項下）之約當發行股數（單位：股）,0,0,sii,https://mopsov.twse.com.tw/mops/web/ajax_t163sb05
下游,邊緣運算_工業AI,6166,凌華,2019,3,balance_sheet,母公司暨子公司所持有之母公司庫藏股股數（單位：股）,0,0,sii,https://mopsov.twse.com.tw/mops/web/ajax_t163sb05
下游,邊緣運算_工業AI,6166,凌華,2019,3,balance_sheet,每股參考淨值,21.12,21.12,sii,https://mopsov.twse.com.tw/mops/web/ajax_t163sb05
下游,邊緣運算_工業AI,2395,研華,2019,3,cash_flow,營業活動之淨現金流入（流出）,5117067,"5,117,067",sii,https://mopsov.twse.com.tw/mops/web/ajax_t163sb20
下游,邊緣運算_工業AI,2395,研華,2019,3,cash_flow,投資活動之淨現金流入（流出）,-1331204,"-1,331,204",sii,https://mopsov.twse.com.tw/mops/web/ajax_t163sb20
下游,邊緣運算_工業AI,2395,研華,2019,3,cash_flow,籌資活動之淨現金流入（流出）,-4670339,"-4,670,339",sii,https://mopsov.twse.com.tw/mops/web/ajax_t163sb20
下游,邊緣運算_工業AI,2395,研華,2019,3,cash_flow,匯率變動對現金及約當現金之影響,-189881,"-189,881",sii,https://mopsov.twse.com.tw/mops/web/ajax_t163sb20
下游,邊緣運算_工業AI,2395,研華,2019,3,cash_flow,本期現金及約當現金增加（減少）數,-1074357,"-1,074,357",sii,https://mopsov.twse.com.tw/mops/web/ajax_t163sb20
下游,邊緣運算_工業AI,2395,研華,2019,3,cash_flow,期初現金及約當現金餘額,6633161,"6,633,161",sii,https://mopsov.twse.com.tw/mops/web/ajax_t163sb20
下游,邊緣運算_工業AI,2395,研華,2019,3,cash_flow,期末現金及約當現金餘額,5558804,"5,558,804",sii,https://mopsov.twse.com.tw/mops/web/ajax_t163sb20
下游,邊緣運算_工業AI,6166,凌華,2019,3,cash_flow,營業活動之淨現金流入（流出）,854194,"854,194",sii,https://mopsov.twse.com.tw/mops/web/ajax_t163sb20
下游,邊緣運算_工業AI,6166,凌華,2019,3,cash_flow,投資活動之淨現金流入（流出）,-181201,"-181,201",sii,https://mopsov.twse.com.tw/mops/web/ajax_t163sb20
下游,邊緣運算_工業AI,6166,凌華,2019,3,cash_flow,籌資活動之淨現金流入（流出）,-227670,"-227,670",sii,https://mopsov.twse.com.tw/mops/web/ajax_t163sb20
下游,邊緣運算_工業AI,6166,凌華,2019,3,cash_flow,匯率變動對現金及約當現金之影響,5735,"5,735",sii,https://mopsov.twse.com.tw/mops/web/ajax_t163sb20
下游,邊緣運算_工業AI,6166,凌華,2019,3,cash_flow,本期現金及約當現金增加（減少）數,451058,"451,058",sii,https://mopsov.twse.com.tw/mops/web/ajax_t163sb20
下游,邊緣運算_工業AI,6166,凌華,2019,3,cash_flow,期初現金及約當現金餘額,1419132,"1,419,132",sii,https://mopsov.twse.com.tw/mops/web/ajax_t163sb20
下游,邊緣運算_工業AI,6166,凌華,2019,3,cash_flow,期末現金及約當現金餘額,1870190,"1,870,190",sii,https://mopsov.twse.com.tw/mops/web/ajax_t163sb20
下游,邊緣運算_工業AI,2395,研華,2019,4,income_statement,營業收入,54144662,"54,144,662",sii,https://mopsov.twse.com.tw/mops/web/ajax_t163sb04
下游,邊緣運算_工業AI,2395,研華,2019,4,income_statement,營業成本,33045300,"33,045,300",sii,https://mopsov.twse.com.tw/mops/web/ajax_t163sb04
下游,邊緣運算_工業AI,2395,研華,2019,4,income_statement,原始認列生物資產及農產品之利益（損失）,,--,sii,https://mopsov.twse.com.tw/mops/web/ajax_t163sb04
下游,邊緣運算_工業AI,2395,研華,2019,4,income_statement,生物資產當期公允價值減出售成本之變動利益（損失）,,--,sii,https://mopsov.twse.com.tw/mops/web/ajax_t163sb04
下游,邊緣運算_工業AI,2395,研華,2019,4,income_statement,營業毛利（毛損）,21099362,"21,099,362",sii,https://mopsov.twse.com.tw/mops/web/ajax_t163sb04
下游,邊緣運算_工業AI,2395,研華,2019,4,income_statement,未實現銷貨（損）益,,--,sii,https://mopsov.twse.com.tw/mops/web/ajax_t163sb04
下游,邊緣運算_工業AI,2395,研華,2019,4,income_statement,已實現銷貨（損）益,,--,sii,https://mopsov.twse.com.tw/mops/web/ajax_t163sb04
下游,邊緣運算_工業AI,2395,研華,2019,4,income_statement,營業毛利（毛損）淨額,21099362,"21,099,362",sii,https://mopsov.twse.com.tw/mops/web/ajax_t163sb04
下游,邊緣運算_工業AI,2395,研華,2019,4,income_statement,營業費用,11865860,"11,865,860",sii,https://mopsov.twse.com.tw/mops/web/ajax_t163sb04
下游,邊緣運算_工業AI,2395,研華,2019,4,income_statement,其他收益及費損淨額,,--,sii,https://mopsov.twse.com.tw/mops/web/ajax_t163sb04
下游,邊緣運算_工業AI,2395,研華,2019,4,income_statement,營業利益（損失）,9233502,"9,233,502",sii,https://mopsov.twse.com.tw/mops/web/ajax_t163sb04
下游,邊緣運算_工業AI,2395,研華,2019,4,income_statement,營業外收入及支出,74378,"74,378",sii,https://mopsov.twse.com.tw/mops/web/ajax_t163sb04
下游,邊緣運算_工業AI,2395,研華,2019,4,income_statement,稅前淨利（淨損）,9307880,"9,307,880",sii,https://mopsov.twse.com.tw/mops/web/ajax_t163sb04
下游,邊緣運算_工業AI,2395,研華,2019,4,income_statement,所得稅費用（利益）,1915025,"1,915,025",sii,https://mopsov.twse.com.tw/mops/web/ajax_t163sb04
下游,邊緣運算_工業AI,2395,研華,2019,4,income_statement,繼續營業單位本期淨利（淨損）,7392855,"7,392,855",sii,https://mopsov.twse.com.tw/mops/web/ajax_t163sb04
下游,邊緣運算_工業AI,2395,研華,2019,4,income_statement,停業單位損益,,--,sii,https://mopsov.twse.com.tw/mops/web/ajax_t163sb04
下游,邊緣運算_工業AI,2395,研華,2019,4,income_statement,合併前非屬共同控制股權損益,,--,sii,https://mopsov.twse.com.tw/mops/web/ajax_t163sb04
下游,邊緣運算_工業AI,2395,研華,2019,4,income_statement,本期淨利（淨損）,7392855,"7,392,855",sii,https://mopsov.twse.com.tw/mops/web/ajax_t163sb04
下游,邊緣運算_工業AI,2395,研華,2019,4,income_statement,其他綜合損益（淨額）,-93275,"-93,275",sii,https://mopsov.twse.com.tw/mops/web/ajax_t163sb04
下游,邊緣運算_工業AI,2395,研華,2019,4,income_statement,合併前非屬共同控制股權綜合損益淨額,,--,sii,https://mopsov.twse.com.tw/mops/web/ajax_t163sb04
下游,邊緣運算_工業AI,2395,研華,2019,4,income_statement,本期綜合損益總額,7299580,"7,299,580",sii,https://mopsov.twse.com.tw/mops/web/ajax_t163sb04
下游,邊緣運算_工業AI,2395,研華,2019,4,income_statement,淨利（淨損）歸屬於母公司業主,7351220,"7,351,220",sii,https://mopsov.twse.com.tw/mops/web/ajax_t163sb04
下游,邊緣運算_工業AI,2395,研華,2019,4,income_statement,淨利（淨損）歸屬於共同控制下前手權益,,--,sii,https://mopsov.twse.com.tw/mops/web/ajax_t163sb04
下游,邊緣運算_工業AI,2395,研華,2019,4,income_statement,淨利（淨損）歸屬於非控制權益,41635,"41,635",sii,https://mopsov.twse.com.tw/mops/web/ajax_t163sb04
下游,邊緣運算_工業AI,2395,研華,2019,4,income_statement,綜合損益總額歸屬於母公司業主,7265801,"7,265,801",sii,https://mopsov.twse.com.tw/mops/web/ajax_t163sb04
下游,邊緣運算_工業AI,2395,研華,2019,4,income_statement,綜合損益總額歸屬於共同控制下前手權益,,--,sii,https://mopsov.twse.com.tw/mops/web/ajax_t163sb04
下游,邊緣運算_工業AI,2395,研華,2019,4,income_statement,綜合損益總額歸屬於非控制權益,33779,"33,779",sii,https://mopsov.twse.com.tw/mops/web/ajax_t163sb04
下游,邊緣運算_工業AI,2395,研華,2019,4,income_statement,基本每股盈餘（元）,10.51,10.51,sii,https://mopsov.twse.com.tw/mops/web/ajax_t163sb04
下游,邊緣運算_工業AI,6166,凌華,2019,4,income_statement,營業收入,10497070,"10,497,070",sii,https://mopsov.twse.com.tw/mops/web/ajax_t163sb04
下游,邊緣運算_工業AI,6166,凌華,2019,4,income_statement,營業成本,6208198,"6,208,198",sii,https://mopsov.twse.com.tw/mops/web/ajax_t163sb04
下游,邊緣運算_工業AI,6166,凌華,2019,4,income_statement,原始認列生物資產及農產品之利益（損失）,,--,sii,https://mopsov.twse.com.tw/mops/web/ajax_t163sb04
下游,邊緣運算_工業AI,6166,凌華,2019,4,income_statement,生物資產當期公允價值減出售成本之變動利益（損失）,,--,sii,https://mopsov.twse.com.tw/mops/web/ajax_t163sb04
下游,邊緣運算_工業AI,6166,凌華,2019,4,income_statement,營業毛利（毛損）,4288872,"4,288,872",sii,https://mopsov.twse.com.tw/mops/web/ajax_t163sb04
下游,邊緣運算_工業AI,6166,凌華,2019,4,income_statement,未實現銷貨（損）益,77,77,sii,https://mopsov.twse.com.tw/mops/web/ajax_t163sb04
下游,邊緣運算_工業AI,6166,凌華,2019,4,income_statement,已實現銷貨（損）益,,--,sii,https://mopsov.twse.com.tw/mops/web/ajax_t163sb04
下游,邊緣運算_工業AI,6166,凌華,2019,4,income_statement,營業毛利（毛損）淨額,4288795,"4,288,795",sii,https://mopsov.twse.com.tw/mops/web/ajax_t163sb04
下游,邊緣運算_工業AI,6166,凌華,2019,4,income_statement,營業費用,3521605,"3,521,605",sii,https://mopsov.twse.com.tw/mops/web/ajax_t163sb04
下游,邊緣運算_工業AI,6166,凌華,2019,4,income_statement,其他收益及費損淨額,,--,sii,https://mopsov.twse.com.tw/mops/web/ajax_t163sb04
下游,邊緣運算_工業AI,6166,凌華,2019,4,income_statement,營業利益（損失）,767190,"767,190",sii,https://mopsov.twse.com.tw/mops/web/ajax_t163sb04
下游,邊緣運算_工業AI,6166,凌華,2019,4,income_statement,營業外收入及支出,-150970,"-150,970",sii,https://mopsov.twse.com.tw/mops/web/ajax_t163sb04
下游,邊緣運算_工業AI,6166,凌華,2019,4,income_statement,稅前淨利（淨損）,616220,"616,220",sii,https://mopsov.twse.com.tw/mops/web/ajax_t163sb04
下游,邊緣運算_工業AI,6166,凌華,2019,4,income_statement,所得稅費用（利益）,172473,"172,473",sii,https://mopsov.twse.com.tw/mops/web/ajax_t163sb04
下游,邊緣運算_工業AI,6166,凌華,2019,4,income_statement,繼續營業單位本期淨利（淨損）,443747,"443,747",sii,https://mopsov.twse.com.tw/mops/web/ajax_t163sb04
下游,邊緣運算_工業AI,6166,凌華,2019,4,income_statement,停業單位損益,,--,sii,https://mopsov.twse.com.tw/mops/web/ajax_t163sb04
下游,邊緣運算_工業AI,6166,凌華,2019,4,income_statement,合併前非屬共同控制股權損益,,--,sii,https://mopsov.twse.com.tw/mops/web/ajax_t163sb04
下游,邊緣運算_工業AI,6166,凌華,2019,4,income_statement,本期淨利（淨損）,443747,"443,747",sii,https://mopsov.twse.com.tw/mops/web/ajax_t163sb04
下游,邊緣運算_工業AI,6166,凌華,2019,4,income_statement,其他綜合損益（淨額）,-48408,"-48,408",sii,https://mopsov.twse.com.tw/mops/web/ajax_t163sb04
下游,邊緣運算_工業AI,6166,凌華,2019,4,income_statement,合併前非屬共同控制股權綜合損益淨額,,--,sii,https://mopsov.twse.com.tw/mops/web/ajax_t163sb04
下游,邊緣運算_工業AI,6166,凌華,2019,4,income_statement,本期綜合損益總額,395339,"395,339",sii,https://mopsov.twse.com.tw/mops/web/ajax_t163sb04
下游,邊緣運算_工業AI,6166,凌華,2019,4,income_statement,淨利（淨損）歸屬於母公司業主,443171,"443,171",sii,https://mopsov.twse.com.tw/mops/web/ajax_t163sb04
下游,邊緣運算_工業AI,6166,凌華,2019,4,income_statement,淨利（淨損）歸屬於共同控制下前手權益,,--,sii,https://mopsov.twse.com.tw/mops/web/ajax_t163sb04
下游,邊緣運算_工業AI,6166,凌華,2019,4,income_statement,淨利（淨損）歸屬於非控制權益,576,576,sii,https://mopsov.twse.com.tw/mops/web/ajax_t163sb04
下游,邊緣運算_工業AI,6166,凌華,2019,4,income_statement,綜合損益總額歸屬於母公司業主,394861,"394,861",sii,https://mopsov.twse.com.tw/mops/web/ajax_t163sb04
下游,邊緣運算_工業AI,6166,凌華,2019,4,income_statement,綜合損益總額歸屬於共同控制下前手權益,,--,sii,https://mopsov.twse.com.tw/mops/web/ajax_t163sb04
下游,邊緣運算_工業AI,6166,凌華,2019,4,income_statement,綜合損益總額歸屬於非控制權益,478,478,sii,https://mopsov.twse.com.tw/mops/web/ajax_t163sb04
下游,邊緣運算_工業AI,6166,凌華,2019,4,income_statement,基本每股盈餘（元）,2.04,2.04,sii,https://mopsov.twse.com.tw/mops/web/ajax_t163sb04
下游,邊緣運算_工業AI,2395,研華,2019,4,balance_sheet,流動資產,27474067,"27,474,067",sii,https://mopsov.twse.com.tw/mops/web/ajax_t163sb05
下游,邊緣運算_工業AI,2395,研華,2019,4,balance_sheet,非流動資產,19742012,"19,742,012",sii,https://mopsov.twse.com.tw/mops/web/ajax_t163sb05
下游,邊緣運算_工業AI,2395,研華,2019,4,balance_sheet,資產總計,47216079,"47,216,079",sii,https://mopsov.twse.com.tw/mops/web/ajax_t163sb05
下游,邊緣運算_工業AI,2395,研華,2019,4,balance_sheet,流動負債,11744458,"11,744,458",sii,https://mopsov.twse.com.tw/mops/web/ajax_t163sb05
下游,邊緣運算_工業AI,2395,研華,2019,4,balance_sheet,非流動負債,2740161,"2,740,161",sii,https://mopsov.twse.com.tw/mops/web/ajax_t163sb05
下游,邊緣運算_工業AI,2395,研華,2019,4,balance_sheet,負債總計,14484619,"14,484,619",sii,https://mopsov.twse.com.tw/mops/web/ajax_t163sb05
下游,邊緣運算_工業AI,2395,研華,2019,4,balance_sheet,股本,7004100,"7,004,100",sii,https://mopsov.twse.com.tw/mops/web/ajax_t163sb05
下游,邊緣運算_工業AI,2395,研華,2019,4,balance_sheet,資本公積,7478568,"7,478,568",sii,https://mopsov.twse.com.tw/mops/web/ajax_t163sb05
下游,邊緣運算_工業AI,2395,研華,2019,4,balance_sheet,保留盈餘,18598963,"18,598,963",sii,https://mopsov.twse.com.tw/mops/web/ajax_t163sb05
下游,邊緣運算_工業AI,2395,研華,2019,4,balance_sheet,其他權益,-845993,"-845,993",sii,https://mopsov.twse.com.tw/mops/web/ajax_t163sb05
下游,邊緣運算_工業AI,2395,研華,2019,4,balance_sheet,庫藏股票,,--,sii,https://mopsov.twse.com.tw/mops/web/ajax_t163sb05
下游,邊緣運算_工業AI,2395,研華,2019,4,balance_sheet,歸屬於母公司業主之權益合計,32235638,"32,235,638",sii,https://mopsov.twse.com.tw/mops/web/ajax_t163sb05
下游,邊緣運算_工業AI,2395,研華,2019,4,balance_sheet,共同控制下前手權益,,--,sii,https://mopsov.twse.com.tw/mops/web/ajax_t163sb05
下游,邊緣運算_工業AI,2395,研華,2019,4,balance_sheet,合併前非屬共同控制股權,,--,sii,https://mopsov.twse.com.tw/mops/web/ajax_t163sb05
下游,邊緣運算_工業AI,2395,研華,2019,4,balance_sheet,非控制權益,495822,"495,822",sii,https://mopsov.twse.com.tw/mops/web/ajax_t163sb05
下游,邊緣運算_工業AI,2395,研華,2019,4,balance_sheet,權益總計,32731460,"32,731,460",sii,https://mopsov.twse.com.tw/mops/web/ajax_t163sb05
下游,邊緣運算_工業AI,2395,研華,2019,4,balance_sheet,待註銷股本股數（單位：股）,,--,sii,https://mopsov.twse.com.tw/mops/web/ajax_t163sb05
下游,邊緣運算_工業AI,2395,研華,2019,4,balance_sheet,預收股款（權益項下）之約當發行股數（單位：股）,487000,"487,000",sii,https://mopsov.twse.com.tw/mops/web/ajax_t163sb05
下游,邊緣運算_工業AI,2395,研華,2019,4,balance_sheet,母公司暨子公司所持有之母公司庫藏股股數（單位：股）,0,0,sii,https://mopsov.twse.com.tw/mops/web/ajax_t163sb05
下游,邊緣運算_工業AI,2395,研華,2019,4,balance_sheet,每股參考淨值,46.02,46.02,sii,https://mopsov.twse.com.tw/mops/web/ajax_t163sb05
下游,邊緣運算_工業AI,6166,凌華,2019,4,balance_sheet,流動資產,6173992,"6,173,992",sii,https://mopsov.twse.com.tw/mops/web/ajax_t163sb05
下游,邊緣運算_工業AI,6166,凌華,2019,4,balance_sheet,非流動資產,2255530,"2,255,530",sii,https://mopsov.twse.com.tw/mops/web/ajax_t163sb05
下游,邊緣運算_工業AI,6166,凌華,2019,4,balance_sheet,資產總計,8429522,"8,429,522",sii,https://mopsov.twse.com.tw/mops/web/ajax_t163sb05
下游,邊緣運算_工業AI,6166,凌華,2019,4,balance_sheet,流動負債,3543250,"3,543,250",sii,https://mopsov.twse.com.tw/mops/web/ajax_t163sb05
下游,邊緣運算_工業AI,6166,凌華,2019,4,balance_sheet,非流動負債,199057,"199,057",sii,https://mopsov.twse.com.tw/mops/web/ajax_t163sb05
下游,邊緣運算_工業AI,6166,凌華,2019,4,balance_sheet,負債總計,3742307,"3,742,307",sii,https://mopsov.twse.com.tw/mops/web/ajax_t163sb05
下游,邊緣運算_工業AI,6166,凌華,2019,4,balance_sheet,股本,2174973,"2,174,973",sii,https://mopsov.twse.com.tw/mops/web/ajax_t163sb05
下游,邊緣運算_工業AI,6166,凌華,2019,4,balance_sheet,資本公積,1515716,"1,515,716",sii,https://mopsov.twse.com.tw/mops/web/ajax_t163sb05
下游,邊緣運算_工業AI,6166,凌華,2019,4,balance_sheet,保留盈餘,1166414,"1,166,414",sii,https://mopsov.twse.com.tw/mops/web/ajax_t163sb05
下游,邊緣運算_工業AI,6166,凌華,2019,4,balance_sheet,其他權益,-180850,"-180,850",sii,https://mopsov.twse.com.tw/mops/web/ajax_t163sb05
下游,邊緣運算_工業AI,6166,凌華,2019,4,balance_sheet,庫藏股票,,--,sii,https://mopsov.twse.com.tw/mops/web/ajax_t163sb05
下游,邊緣運算_工業AI,6166,凌華,2019,4,balance_sheet,歸屬於母公司業主之權益合計,4676253,"4,676,253",sii,https://mopsov.twse.com.tw/mops/web/ajax_t163sb05
下游,邊緣運算_工業AI,6166,凌華,2019,4,balance_sheet,共同控制下前手權益,,--,sii,https://mopsov.twse.com.tw/mops/web/ajax_t163sb05
下游,邊緣運算_工業AI,6166,凌華,2019,4,balance_sheet,合併前非屬共同控制股權,,--,sii,https://mopsov.twse.com.tw/mops/web/ajax_t163sb05
下游,邊緣運算_工業AI,6166,凌華,2019,4,balance_sheet,非控制權益,10962,"10,962",sii,https://mopsov.twse.com.tw/mops/web/ajax_t163sb05
下游,邊緣運算_工業AI,6166,凌華,2019,4,balance_sheet,權益總計,4687215,"4,687,215",sii,https://mopsov.twse.com.tw/mops/web/ajax_t163sb05
下游,邊緣運算_工業AI,6166,凌華,2019,4,balance_sheet,待註銷股本股數（單位：股）,,--,sii,https://mopsov.twse.com.tw/mops/web/ajax_t163sb05
下游,邊緣運算_工業AI,6166,凌華,2019,4,balance_sheet,預收股款（權益項下）之約當發行股數（單位：股）,0,0,sii,https://mopsov.twse.com.tw/mops/web/ajax_t163sb05
下游,邊緣運算_工業AI,6166,凌華,2019,4,balance_sheet,母公司暨子公司所持有之母公司庫藏股股數（單位：股）,0,0,sii,https://mopsov.twse.com.tw/mops/web/ajax_t163sb05
下游,邊緣運算_工業AI,6166,凌華,2019,4,balance_sheet,每股參考淨值,21.5,21.50,sii,https://mopsov.twse.com.tw/mops/web/ajax_t163sb05
下游,邊緣運算_工業AI,2395,研華,2019,4,cash_flow,營業活動之淨現金流入（流出）,6195469,"6,195,469",sii,https://mopsov.twse.com.tw/mops/web/ajax_t163sb20
下游,邊緣運算_工業AI,2395,研華,2019,4,cash_flow,投資活動之淨現金流入（流出）,-1805814,"-1,805,814",sii,https://mopsov.twse.com.tw/mops/web/ajax_t163sb20
下游,邊緣運算_工業AI,2395,研華,2019,4,cash_flow,籌資活動之淨現金流入（流出）,-4727764,"-4,727,764",sii,https://mopsov.twse.com.tw/mops/web/ajax_t163sb20
下游,邊緣運算_工業AI,2395,研華,2019,4,cash_flow,匯率變動對現金及約當現金之影響,-291116,"-291,116",sii,https://mopsov.twse.com.tw/mops/web/ajax_t163sb20
下游,邊緣運算_工業AI,2395,研華,2019,4,cash_flow,本期現金及約當現金增加（減少）數,-629225,"-629,225",sii,https://mopsov.twse.com.tw/mops/web/ajax_t163sb20
下游,邊緣運算_工業AI,2395,研華,2019,4,cash_flow,期初現金及約當現金餘額,6633161,"6,633,161",sii,https://mopsov.twse.com.tw/mops/web/ajax_t163sb20
下游,邊緣運算_工業AI,2395,研華,2019,4,cash_flow,期末現金及約當現金餘額,6003936,"6,003,936",sii,https://mopsov.twse.com.tw/mops/web/ajax_t163sb20
下游,邊緣運算_工業AI,6166,凌華,2019,4,cash_flow,營業活動之淨現金流入（流出）,1532937,"1,532,937",sii,https://mopsov.twse.com.tw/mops/web/ajax_t163sb20
下游,邊緣運算_工業AI,6166,凌華,2019,4,cash_flow,投資活動之淨現金流入（流出）,-645508,"-645,508",sii,https://mopsov.twse.com.tw/mops/web/ajax_t163sb20
下游,邊緣運算_工業AI,6166,凌華,2019,4,cash_flow,籌資活動之淨現金流入（流出）,-405555,"-405,555",sii,https://mopsov.twse.com.tw/mops/web/ajax_t163sb20
下游,邊緣運算_工業AI,6166,凌華,2019,4,cash_flow,匯率變動對現金及約當現金之影響,-27846,"-27,846",sii,https://mopsov.twse.com.tw/mops/web/ajax_t163sb20
下游,邊緣運算_工業AI,6166,凌華,2019,4,cash_flow,本期現金及約當現金增加（減少）數,454028,"454,028",sii,https://mopsov.twse.com.tw/mops/web/ajax_t163sb20
下游,邊緣運算_工業AI,6166,凌華,2019,4,cash_flow,期初現金及約當現金餘額,1419132,"1,419,132",sii,https://mopsov.twse.com.tw/mops/web/ajax_t163sb20
下游,邊緣運算_工業AI,6166,凌華,2019,4,cash_flow,期末現金及約當現金餘額,1873160,"1,873,160",sii,https://mopsov.twse.com.tw/mops/web/ajax_t163sb20
下游,邊緣運算_工業AI,2395,研華,2020,1,income_statement,營業收入,11272189,"11,272,189",sii,https://mopsov.twse.com.tw/mops/web/ajax_t163sb04
下游,邊緣運算_工業AI,2395,研華,2020,1,income_statement,營業成本,6876954,"6,876,954",sii,https://mopsov.twse.com.tw/mops/web/ajax_t163sb04
下游,邊緣運算_工業AI,2395,研華,2020,1,income_statement,原始認列生物資產及農產品之利益（損失）,,--,sii,https://mopsov.twse.com.tw/mops/web/ajax_t163sb04
下游,邊緣運算_工業AI,2395,研華,2020,1,income_statement,生物資產當期公允價值減出售成本之變動利益（損失）,,--,sii,https://mopsov.twse.com.tw/mops/web/ajax_t163sb04
下游,邊緣運算_工業AI,2395,研華,2020,1,income_statement,營業毛利（毛損）,4395235,"4,395,235",sii,https://mopsov.twse.com.tw/mops/web/ajax_t163sb04
下游,邊緣運算_工業AI,2395,研華,2020,1,income_statement,未實現銷貨（損）益,,--,sii,https://mopsov.twse.com.tw/mops/web/ajax_t163sb04
下游,邊緣運算_工業AI,2395,研華,2020,1,income_statement,已實現銷貨（損）益,,--,sii,https://mopsov.twse.com.tw/mops/web/ajax_t163sb04
下游,邊緣運算_工業AI,2395,研華,2020,1,income_statement,營業毛利（毛損）淨額,4395235,"4,395,235",sii,https://mopsov.twse.com.tw/mops/web/ajax_t163sb04
下游,邊緣運算_工業AI,2395,研華,2020,1,income_statement,營業費用,2741613,"2,741,613",sii,https://mopsov.twse.com.tw/mops/web/ajax_t163sb04
下游,邊緣運算_工業AI,2395,研華,2020,1,income_statement,其他收益及費損淨額,,--,sii,https://mopsov.twse.com.tw/mops/web/ajax_t163sb04
下游,邊緣運算_工業AI,2395,研華,2020,1,income_statement,營業利益（損失）,1653622,"1,653,622",sii,https://mopsov.twse.com.tw/mops/web/ajax_t163sb04
下游,邊緣運算_工業AI,2395,研華,2020,1,income_statement,營業外收入及支出,-33056,"-33,056",sii,https://mopsov.twse.com.tw/mops/web/ajax_t163sb04
下游,邊緣運算_工業AI,2395,研華,2020,1,income_statement,稅前淨利（淨損）,1620566,"1,620,566",sii,https://mopsov.twse.com.tw/mops/web/ajax_t163sb04
下游,邊緣運算_工業AI,2395,研華,2020,1,income_statement,所得稅費用（利益）,340159,"340,159",sii,https://mopsov.twse.com.tw/mops/web/ajax_t163sb04
下游,邊緣運算_工業AI,2395,研華,2020,1,income_statement,繼續營業單位本期淨利（淨損）,1280407,"1,280,407",sii,https://mopsov.twse.com.tw/mops/web/ajax_t163sb04
下游,邊緣運算_工業AI,2395,研華,2020,1,income_statement,停業單位損益,,--,sii,https://mopsov.twse.com.tw/mops/web/ajax_t163sb04
下游,邊緣運算_工業AI,2395,研華,2020,1,income_statement,合併前非屬共同控制股權損益,,--,sii,https://mopsov.twse.com.tw/mops/web/ajax_t163sb04
下游,邊緣運算_工業AI,2395,研華,2020,1,income_statement,本期淨利（淨損）,1280407,"1,280,407",sii,https://mopsov.twse.com.tw/mops/web/ajax_t163sb04
下游,邊緣運算_工業AI,2395,研華,2020,1,income_statement,其他綜合損益（淨額）,-53664,"-53,664",sii,https://mopsov.twse.com.tw/mops/web/ajax_t163sb04
下游,邊緣運算_工業AI,2395,研華,2020,1,income_statement,合併前非屬共同控制股權綜合損益淨額,,--,sii,https://mopsov.twse.com.tw/mops/web/ajax_t163sb04
下游,邊緣運算_工業AI,2395,研華,2020,1,income_statement,本期綜合損益總額,1226743,"1,226,743",sii,https://mopsov.twse.com.tw/mops/web/ajax_t163sb04
下游,邊緣運算_工業AI,2395,研華,2020,1,income_statement,淨利（淨損）歸屬於母公司業主,1294665,"1,294,665",sii,https://mopsov.twse.com.tw/mops/web/ajax_t163sb04
下游,邊緣運算_工業AI,2395,研華,2020,1,income_statement,淨利（淨損）歸屬於共同控制下前手權益,,--,sii,https://mopsov.twse.com.tw/mops/web/ajax_t163sb04
下游,邊緣運算_工業AI,2395,研華,2020,1,income_statement,淨利（淨損）歸屬於非控制權益,-14258,"-14,258",sii,https://mopsov.twse.com.tw/mops/web/ajax_t163sb04
下游,邊緣運算_工業AI,2395,研華,2020,1,income_statement,綜合損益總額歸屬於母公司業主,1244519,"1,244,519",sii,https://mopsov.twse.com.tw/mops/web/ajax_t163sb04
下游,邊緣運算_工業AI,2395,研華,2020,1,income_statement,綜合損益總額歸屬於共同控制下前手權益,,--,sii,https://mopsov.twse.com.tw/mops/web/ajax_t163sb04
下游,邊緣運算_工業AI,2395,研華,2020,1,income_statement,綜合損益總額歸屬於非控制權益,-17776,"-17,776",sii,https://mopsov.twse.com.tw/mops/web/ajax_t163sb04
下游,邊緣運算_工業AI,2395,研華,2020,1,income_statement,基本每股盈餘（元）,1.85,1.85,sii,https://mopsov.twse.com.tw/mops/web/ajax_t163sb04
下游,邊緣運算_工業AI,6166,凌華,2020,1,income_statement,營業收入,2480125,"2,480,125",sii,https://mopsov.twse.com.tw/mops/web/ajax_t163sb04
下游,邊緣運算_工業AI,6166,凌華,2020,1,income_statement,營業成本,1503893,"1,503,893",sii,https://mopsov.twse.com.tw/mops/web/ajax_t163sb04
下游,邊緣運算_工業AI,6166,凌華,2020,1,income_statement,原始認列生物資產及農產品之利益（損失）,,--,sii,https://mopsov.twse.com.tw/mops/web/ajax_t163sb04
下游,邊緣運算_工業AI,6166,凌華,2020,1,income_statement,生物資產當期公允價值減出售成本之變動利益（損失）,,--,sii,https://mopsov.twse.com.tw/mops/web/ajax_t163sb04
下游,邊緣運算_工業AI,6166,凌華,2020,1,income_statement,營業毛利（毛損）,976232,"976,232",sii,https://mopsov.twse.com.tw/mops/web/ajax_t163sb04
下游,邊緣運算_工業AI,6166,凌華,2020,1,income_statement,未實現銷貨（損）益,292,292,sii,https://mopsov.twse.com.tw/mops/web/ajax_t163sb04
下游,邊緣運算_工業AI,6166,凌華,2020,1,income_statement,已實現銷貨（損）益,,--,sii,https://mopsov.twse.com.tw/mops/web/ajax_t163sb04
下游,邊緣運算_工業AI,6166,凌華,2020,1,income_statement,營業毛利（毛損）淨額,975940,"975,940",sii,https://mopsov.twse.com.tw/mops/web/ajax_t163sb04
下游,邊緣運算_工業AI,6166,凌華,2020,1,income_statement,營業費用,816634,"816,634",sii,https://mopsov.twse.com.tw/mops/web/ajax_t163sb04
下游,邊緣運算_工業AI,6166,凌華,2020,1,income_statement,其他收益及費損淨額,,--,sii,https://mopsov.twse.com.tw/mops/web/ajax_t163sb04
下游,邊緣運算_工業AI,6166,凌華,2020,1,income_statement,營業利益（損失）,159306,"159,306",sii,https://mopsov.twse.com.tw/mops/web/ajax_t163sb04
下游,邊緣運算_工業AI,6166,凌華,2020,1,income_statement,營業外收入及支出,-19596,"-19,596",sii,https://mopsov.twse.com.tw/mops/web/ajax_t163sb04
下游,邊緣運算_工業AI,6166,凌華,2020,1,income_statement,稅前淨利（淨損）,139710,"139,710",sii,https://mopsov.twse.com.tw/mops/web/ajax_t163sb04
下游,邊緣運算_工業AI,6166,凌華,2020,1,income_statement,所得稅費用（利益）,53463,"53,463",sii,https://mopsov.twse.com.tw/mops/web/ajax_t163sb04
下游,邊緣運算_工業AI,6166,凌華,2020,1,income_statement,繼續營業單位本期淨利（淨損）,86247,"86,247",sii,https://mopsov.twse.com.tw/mops/web/ajax_t163sb04
下游,邊緣運算_工業AI,6166,凌華,2020,1,income_statement,停業單位損益,0,0,sii,https://mopsov.twse.com.tw/mops/web/ajax_t163sb04
下游,邊緣運算_工業AI,6166,凌華,2020,1,income_statement,合併前非屬共同控制股權損益,,--,sii,https://mopsov.twse.com.tw/mops/web/ajax_t163sb04
下游,邊緣運算_工業AI,6166,凌華,2020,1,income_statement,本期淨利（淨損）,86247,"86,247",sii,https://mopsov.twse.com.tw/mops/web/ajax_t163sb04
下游,邊緣運算_工業AI,6166,凌華,2020,1,income_statement,其他綜合損益（淨額）,-1156,"-1,156",sii,https://mopsov.twse.com.tw/mops/web/ajax_t163sb04
下游,邊緣運算_工業AI,6166,凌華,2020,1,income_statement,合併前非屬共同控制股權綜合損益淨額,,--,sii,https://mopsov.twse.com.tw/mops/web/ajax_t163sb04
下游,邊緣運算_工業AI,6166,凌華,2020,1,income_statement,本期綜合損益總額,85091,"85,091",sii,https://mopsov.twse.com.tw/mops/web/ajax_t163sb04
下游,邊緣運算_工業AI,6166,凌華,2020,1,income_statement,淨利（淨損）歸屬於母公司業主,87193,"87,193",sii,https://mopsov.twse.com.tw/mops/web/ajax_t163sb04
下游,邊緣運算_工業AI,6166,凌華,2020,1,income_statement,淨利（淨損）歸屬於共同控制下前手權益,,--,sii,https://mopsov.twse.com.tw/mops/web/ajax_t163sb04
下游,邊緣運算_工業AI,6166,凌華,2020,1,income_statement,淨利（淨損）歸屬於非控制權益,-946,-946,sii,https://mopsov.twse.com.tw/mops/web/ajax_t163sb04
下游,邊緣運算_工業AI,6166,凌華,2020,1,income_statement,綜合損益總額歸屬於母公司業主,85934,"85,934",sii,https://mopsov.twse.com.tw/mops/web/ajax_t163sb04
下游,邊緣運算_工業AI,6166,凌華,2020,1,income_statement,綜合損益總額歸屬於共同控制下前手權益,,--,sii,https://mopsov.twse.com.tw/mops/web/ajax_t163sb04
下游,邊緣運算_工業AI,6166,凌華,2020,1,income_statement,綜合損益總額歸屬於非控制權益,-843,-843,sii,https://mopsov.twse.com.tw/mops/web/ajax_t163sb04
下游,邊緣運算_工業AI,6166,凌華,2020,1,income_statement,基本每股盈餘（元）,0.4,0.40,sii,https://mopsov.twse.com.tw/mops/web/ajax_t163sb04
下游,邊緣運算_工業AI,2395,研華,2020,1,balance_sheet,流動資產,29003001,"29,003,001",sii,https://mopsov.twse.com.tw/mops/web/ajax_t163sb05
下游,邊緣運算_工業AI,2395,研華,2020,1,balance_sheet,非流動資產,20003953,"20,003,953",sii,https://mopsov.twse.com.tw/mops/web/ajax_t163sb05
下游,邊緣運算_工業AI,2395,研華,2020,1,balance_sheet,資產總計,49006954,"49,006,954",sii,https://mopsov.twse.com.tw/mops/web/ajax_t163sb05
下游,邊緣運算_工業AI,2395,研華,2020,1,balance_sheet,流動負債,17615958,"17,615,958",sii,https://mopsov.twse.com.tw/mops/web/ajax_t163sb05
下游,邊緣運算_工業AI,2395,研華,2020,1,balance_sheet,非流動負債,2751145,"2,751,145",sii,https://mopsov.twse.com.tw/mops/web/ajax_t163sb05
下游,邊緣運算_工業AI,2395,研華,2020,1,balance_sheet,負債總計,20367103,"20,367,103",sii,https://mopsov.twse.com.tw/mops/web/ajax_t163sb05
下游,邊緣運算_工業AI,2395,研華,2020,1,balance_sheet,股本,7008700,"7,008,700",sii,https://mopsov.twse.com.tw/mops/web/ajax_t163sb05
下游,邊緣運算_工業AI,2395,研華,2020,1,balance_sheet,資本公積,7616628,"7,616,628",sii,https://mopsov.twse.com.tw/mops/web/ajax_t163sb05
下游,邊緣運算_工業AI,2395,研華,2020,1,balance_sheet,保留盈餘,14426797,"14,426,797",sii,https://mopsov.twse.com.tw/mops/web/ajax_t163sb05
下游,邊緣運算_工業AI,2395,研華,2020,1,balance_sheet,其他權益,-894505,"-894,505",sii,https://mopsov.twse.com.tw/mops/web/ajax_t163sb05
下游,邊緣運算_工業AI,2395,研華,2020,1,balance_sheet,庫藏股票,,--,sii,https://mopsov.twse.com.tw/mops/web/ajax_t163sb05
下游,邊緣運算_工業AI,2395,研華,2020,1,balance_sheet,歸屬於母公司業主之權益合計,28157620,"28,157,620",sii,https://mopsov.twse.com.tw/mops/web/ajax_t163sb05
下游,邊緣運算_工業AI,2395,研華,2020,1,balance_sheet,共同控制下前手權益,,--,sii,https://mopsov.twse.com.tw/mops/web/ajax_t163sb05
下游,邊緣運算_工業AI,2395,研華,2020,1,balance_sheet,合併前非屬共同控制股權,,--,sii,https://mopsov.twse.com.tw/mops/web/ajax_t163sb05
下游,邊緣運算_工業AI,2395,研華,2020,1,balance_sheet,非控制權益,482231,"482,231",sii,https://mopsov.twse.com.tw/mops/web/ajax_t163sb05
下游,邊緣運算_工業AI,2395,研華,2020,1,balance_sheet,權益總計,28639851,"28,639,851",sii,https://mopsov.twse.com.tw/mops/web/ajax_t163sb05
下游,邊緣運算_工業AI,2395,研華,2020,1,balance_sheet,待註銷股本股數（單位：股）,,--,sii,https://mopsov.twse.com.tw/mops/web/ajax_t163sb05
下游,邊緣運算_工業AI,2395,研華,2020,1,balance_sheet,預收股款（權益項下）之約當發行股數（單位：股）,460000,"460,000",sii,https://mopsov.twse.com.tw/mops/web/ajax_t163sb05
下游,邊緣運算_工業AI,2395,研華,2020,1,balance_sheet,母公司暨子公司所持有之母公司庫藏股股數（單位：股）,0,0,sii,https://mopsov.twse.com.tw/mops/web/ajax_t163sb05
下游,邊緣運算_工業AI,2395,研華,2020,1,balance_sheet,每股參考淨值,40.18,40.18,sii,https://mopsov.twse.com.tw/mops/web/ajax_t163sb05
下游,邊緣運算_工業AI,6166,凌華,2020,1,balance_sheet,流動資產,6372921,"6,372,921",sii,https://mopsov.twse.com.tw/mops/web/ajax_t163sb05
下游,邊緣運算_工業AI,6166,凌華,2020,1,balance_sheet,非流動資產,2168857,"2,168,857",sii,https://mopsov.twse.com.tw/mops/web/ajax_t163sb05
下游,邊緣運算_工業AI,6166,凌華,2020,1,balance_sheet,資產總計,8541778,"8,541,778",sii,https://mopsov.twse.com.tw/mops/web/ajax_t163sb05
下游,邊緣運算_工業AI,6166,凌華,2020,1,balance_sheet,流動負債,3577814,"3,577,814",sii,https://mopsov.twse.com.tw/mops/web/ajax_t163sb05
下游,邊緣運算_工業AI,6166,凌華,2020,1,balance_sheet,非流動負債,191658,"191,658",sii,https://mopsov.twse.com.tw/mops/web/ajax_t163sb05
下游,邊緣運算_工業AI,6166,凌華,2020,1,balance_sheet,負債總計,3769472,"3,769,472",sii,https://mopsov.twse.com.tw/mops/web/ajax_t163sb05
下游,邊緣運算_工業AI,6166,凌華,2020,1,balance_sheet,股本,2174973,"2,174,973",sii,https://mopsov.twse.com.tw/mops/web/ajax_t163sb05
下游,邊緣運算_工業AI,6166,凌華,2020,1,balance_sheet,資本公積,1515716,"1,515,716",sii,https://mopsov.twse.com.tw/mops/web/ajax_t163sb05
下游,邊緣運算_工業AI,6166,凌華,2020,1,balance_sheet,保留盈餘,1253607,"1,253,607",sii,https://mopsov.twse.com.tw/mops/web/ajax_t163sb05
下游,邊緣運算_工業AI,6166,凌華,2020,1,balance_sheet,其他權益,-182109,"-182,109",sii,https://mopsov.twse.com.tw/mops/web/ajax_t163sb05
下游,邊緣運算_工業AI,6166,凌華,2020,1,balance_sheet,庫藏股票,,--,sii,https://mopsov.twse.com.tw/mops/web/ajax_t163sb05
下游,邊緣運算_工業AI,6166,凌華,2020,1,balance_sheet,歸屬於母公司業主之權益合計,4762187,"4,762,187",sii,https://mopsov.twse.com.tw/mops/web/ajax_t163sb05
下游,邊緣運算_工業AI,6166,凌華,2020,1,balance_sheet,共同控制下前手權益,,--,sii,https://mopsov.twse.com.tw/mops/web/ajax_t163sb05
下游,邊緣運算_工業AI,6166,凌華,2020,1,balance_sheet,合併前非屬共同控制股權,,--,sii,https://mopsov.twse.com.tw/mops/web/ajax_t163sb05
下游,邊緣運算_工業AI,6166,凌華,2020,1,balance_sheet,非控制權益,10119,"10,119",sii,https://mopsov.twse.com.tw/mops/web/ajax_t163sb05
下游,邊緣運算_工業AI,6166,凌華,2020,1,balance_sheet,權益總計,4772306,"4,772,306",sii,https://mopsov.twse.com.tw/mops/web/ajax_t163sb05
下游,邊緣運算_工業AI,6166,凌華,2020,1,balance_sheet,待註銷股本股數（單位：股）,,--,sii,https://mopsov.twse.com.tw/mops/web/ajax_t163sb05
下游,邊緣運算_工業AI,6166,凌華,2020,1,balance_sheet,預收股款（權益項下）之約當發行股數（單位：股）,0,0,sii,https://mopsov.twse.com.tw/mops/web/ajax_t163sb05
下游,邊緣運算_工業AI,6166,凌華,2020,1,balance_sheet,母公司暨子公司所持有之母公司庫藏股股數（單位：股）,0,0,sii,https://mopsov.twse.com.tw/mops/web/ajax_t163sb05
下游,邊緣運算_工業AI,6166,凌華,2020,1,balance_sheet,每股參考淨值,21.9,21.90,sii,https://mopsov.twse.com.tw/mops/web/ajax_t163sb05
下游,邊緣運算_工業AI,2395,研華,2020,1,cash_flow,營業活動之淨現金流入（流出）,-254896,"-254,896",sii,https://mopsov.twse.com.tw/mops/web/ajax_t163sb20
下游,邊緣運算_工業AI,2395,研華,2020,1,cash_flow,投資活動之淨現金流入（流出）,-729739,"-729,739",sii,https://mopsov.twse.com.tw/mops/web/ajax_t163sb20
下游,邊緣運算_工業AI,2395,研華,2020,1,cash_flow,籌資活動之淨現金流入（流出）,2592,"2,592",sii,https://mopsov.twse.com.tw/mops/web/ajax_t163sb20
下游,邊緣運算_工業AI,2395,研華,2020,1,cash_flow,匯率變動對現金及約當現金之影響,-55615,"-55,615",sii,https://mopsov.twse.com.tw/mops/web/ajax_t163sb20
下游,邊緣運算_工業AI,2395,研華,2020,1,cash_flow,本期現金及約當現金增加（減少）數,-1037658,"-1,037,658",sii,https://mopsov.twse.com.tw/mops/web/ajax_t163sb20
下游,邊緣運算_工業AI,2395,研華,2020,1,cash_flow,期初現金及約當現金餘額,6003936,"6,003,936",sii,https://mopsov.twse.com.tw/mops/web/ajax_t163sb20
下游,邊緣運算_工業AI,2395,研華,2020,1,cash_flow,期末現金及約當現金餘額,4966278,"4,966,278",sii,https://mopsov.twse.com.tw/mops/web/ajax_t163sb20
下游,邊緣運算_工業AI,6166,凌華,2020,1,cash_flow,營業活動之淨現金流入（流出）,803428,"803,428",sii,https://mopsov.twse.com.tw/mops/web/ajax_t163sb20
下游,邊緣運算_工業AI,6166,凌華,2020,1,cash_flow,投資活動之淨現金流入（流出）,-13105,"-13,105",sii,https://mopsov.twse.com.tw/mops/web/ajax_t163sb20
下游,邊緣運算_工業AI,6166,凌華,2020,1,cash_flow,籌資活動之淨現金流入（流出）,-112198,"-112,198",sii,https://mopsov.twse.com.tw/mops/web/ajax_t163sb20
下游,邊緣運算_工業AI,6166,凌華,2020,1,cash_flow,匯率變動對現金及約當現金之影響,-2459,"-2,459",sii,https://mopsov.twse.com.tw/mops/web/ajax_t163sb20
下游,邊緣運算_工業AI,6166,凌華,2020,1,cash_flow,本期現金及約當現金增加（減少）數,675666,"675,666",sii,https://mopsov.twse.com.tw/mops/web/ajax_t163sb20
下游,邊緣運算_工業AI,6166,凌華,2020,1,cash_flow,期初現金及約當現金餘額,1873160,"1,873,160",sii,https://mopsov.twse.com.tw/mops/web/ajax_t163sb20
下游,邊緣運算_工業AI,6166,凌華,2020,1,cash_flow,期末現金及約當現金餘額,2548826,"2,548,826",sii,https://mopsov.twse.com.tw/mops/web/ajax_t163sb20
下游,邊緣運算_工業AI,2395,研華,2020,2,income_statement,營業收入,25290358,"25,290,358",sii,https://mopsov.twse.com.tw/mops/web/ajax_t163sb04
下游,邊緣運算_工業AI,2395,研華,2020,2,income_statement,營業成本,15129238,"15,129,238",sii,https://mopsov.twse.com.tw/mops/web/ajax_t163sb04
下游,邊緣運算_工業AI,2395,研華,2020,2,income_statement,原始認列生物資產及農產品之利益（損失）,,--,sii,https://mopsov.twse.com.tw/mops/web/ajax_t163sb04
下游,邊緣運算_工業AI,2395,研華,2020,2,income_statement,生物資產當期公允價值減出售成本之變動利益（損失）,,--,sii,https://mopsov.twse.com.tw/mops/web/ajax_t163sb04
下游,邊緣運算_工業AI,2395,研華,2020,2,income_statement,營業毛利（毛損）,10161120,"10,161,120",sii,https://mopsov.twse.com.tw/mops/web/ajax_t163sb04
下游,邊緣運算_工業AI,2395,研華,2020,2,income_statement,未實現銷貨（損）益,,--,sii,https://mopsov.twse.com.tw/mops/web/ajax_t163sb04
下游,邊緣運算_工業AI,2395,研華,2020,2,income_statement,已實現銷貨（損）益,,--,sii,https://mopsov.twse.com.tw/mops/web/ajax_t163sb04
下游,邊緣運算_工業AI,2395,研華,2020,2,income_statement,營業毛利（毛損）淨額,10161120,"10,161,120",sii,https://mopsov.twse.com.tw/mops/web/ajax_t163sb04
下游,邊緣運算_工業AI,2395,研華,2020,2,income_statement,營業費用,5666272,"5,666,272",sii,https://mopsov.twse.com.tw/mops/web/ajax_t163sb04
下游,邊緣運算_工業AI,2395,研華,2020,2,income_statement,其他收益及費損淨額,,--,sii,https://mopsov.twse.com.tw/mops/web/ajax_t163sb04
下游,邊緣運算_工業AI,2395,研華,2020,2,income_statement,營業利益（損失）,4494848,"4,494,848",sii,https://mopsov.twse.com.tw/mops/web/ajax_t163sb04
下游,邊緣運算_工業AI,2395,研華,2020,2,income_statement,營業外收入及支出,85063,"85,063",sii,https://mopsov.twse.com.tw/mops/web/ajax_t163sb04
下游,邊緣運算_工業AI,2395,研華,2020,2,income_statement,稅前淨利（淨損）,4579911,"4,579,911",sii,https://mopsov.twse.com.tw/mops/web/ajax_t163sb04
下游,邊緣運算_工業AI,2395,研華,2020,2,income_statement,所得稅費用（利益）,961280,"961,280",sii,https://mopsov.twse.com.tw/mops/web/ajax_t163sb04
下游,邊緣運算_工業AI,2395,研華,2020,2,income_statement,繼續營業單位本期淨利（淨損）,3618631,"3,618,631",sii,https://mopsov.twse.com.tw/mops/web/ajax_t163sb04
下游,邊緣運算_工業AI,2395,研華,2020,2,income_statement,停業單位損益,,--,sii,https://mopsov.twse.com.tw/mops/web/ajax_t163sb04
下游,邊緣運算_工業AI,2395,研華,2020,2,income_statement,合併前非屬共同控制股權損益,,--,sii,https://mopsov.twse.com.tw/mops/web/ajax_t163sb04
下游,邊緣運算_工業AI,2395,研華,2020,2,income_statement,本期淨利（淨損）,3618631,"3,618,631",sii,https://mopsov.twse.com.tw/mops/web/ajax_t163sb04
下游,邊緣運算_工業AI,2395,研華,2020,2,income_statement,其他綜合損益（淨額）,-230034,"-230,034",sii,https://mopsov.twse.com.tw/mops/web/ajax_t163sb04
下游,邊緣運算_工業AI,2395,研華,2020,2,income_statement,合併前非屬共同控制股權綜合損益淨額,,--,sii,https://mopsov.twse.com.tw/mops/web/ajax_t163sb04
下游,邊緣運算_工業AI,2395,研華,2020,2,income_statement,本期綜合損益總額,3388597,"3,388,597",sii,https://mopsov.twse.com.tw/mops/web/ajax_t163sb04
下游,邊緣運算_工業AI,2395,研華,2020,2,income_statement,淨利（淨損）歸屬於母公司業主,3602265,"3,602,265",sii,https://mopsov.twse.com.tw/mops/web/ajax_t163sb04
下游,邊緣運算_工業AI,2395,研華,2020,2,income_statement,淨利（淨損）歸屬於共同控制下前手權益,,--,sii,https://mopsov.twse.com.tw/mops/web/ajax_t163sb04
下游,邊緣運算_工業AI,2395,研華,2020,2,income_statement,淨利（淨損）歸屬於非控制權益,16366,"16,366",sii,https://mopsov.twse.com.tw/mops/web/ajax_t163sb04
下游,邊緣運算_工業AI,2395,研華,2020,2,income_statement,綜合損益總額歸屬於母公司業主,3388291,"3,388,291",sii,https://mopsov.twse.com.tw/mops/web/ajax_t163sb04
下游,邊緣運算_工業AI,2395,研華,2020,2,income_statement,綜合損益總額歸屬於共同控制下前手權益,,--,sii,https://mopsov.twse.com.tw/mops/web/ajax_t163sb04
下游,邊緣運算_工業AI,2395,研華,2020,2,income_statement,綜合損益總額歸屬於非控制權益,306,306,sii,https://mopsov.twse.com.tw/mops/web/ajax_t163sb04
下游,邊緣運算_工業AI,2395,研華,2020,2,income_statement,基本每股盈餘（元）,5.14,5.14,sii,https://mopsov.twse.com.tw/mops/web/ajax_t163sb04
下游,邊緣運算_工業AI,6166,凌華,2020,2,income_statement,營業收入,4632777,"4,632,777",sii,https://mopsov.twse.com.tw/mops/web/ajax_t163sb04
下游,邊緣運算_工業AI,6166,凌華,2020,2,income_statement,營業成本,2800362,"2,800,362",sii,https://mopsov.twse.com.tw/mops/web/ajax_t163sb04
下游,邊緣運算_工業AI,6166,凌華,2020,2,income_statement,原始認列生物資產及農產品之利益（損失）,,--,sii,https://mopsov.twse.com.tw/mops/web/ajax_t163sb04
下游,邊緣運算_工業AI,6166,凌華,2020,2,income_statement,生物資產當期公允價值減出售成本之變動利益（損失）,,--,sii,https://mopsov.twse.com.tw/mops/web/ajax_t163sb04
下游,邊緣運算_工業AI,6166,凌華,2020,2,income_statement,營業毛利（毛損）,1832415,"1,832,415",sii,https://mopsov.twse.com.tw/mops/web/ajax_t163sb04
下游,邊緣運算_工業AI,6166,凌華,2020,2,income_statement,未實現銷貨（損）益,47,47,sii,https://mopsov.twse.com.tw/mops/web/ajax_t163sb04
下游,邊緣運算_工業AI,6166,凌華,2020,2,income_statement,已實現銷貨（損）益,,--,sii,https://mopsov.twse.com.tw/mops/web/ajax_t163sb04
下游,邊緣運算_工業AI,6166,凌華,2020,2,income_statement,營業毛利（毛損）淨額,1832368,"1,832,368",sii,https://mopsov.twse.com.tw/mops/web/ajax_t163sb04
下游,邊緣運算_工業AI,6166,凌華,2020,2,income_statement,營業費用,1606813,"1,606,813",sii,https://mopsov.twse.com.tw/mops/web/ajax_t163sb04
下游,邊緣運算_工業AI,6166,凌華,2020,2,income_statement,其他收益及費損淨額,,--,sii,https://mopsov.twse.com.tw/mops/web/ajax_t163sb04
下游,邊緣運算_工業AI,6166,凌華,2020,2,income_statement,營業利益（損失）,225555,"225,555",sii,https://mopsov.twse.com.tw/mops/web/ajax_t163sb04
下游,邊緣運算_工業AI,6166,凌華,2020,2,income_statement,營業外收入及支出,-30590,"-30,590",sii,https://mopsov.twse.com.tw/mops/web/ajax_t163sb04
下游,邊緣運算_工業AI,6166,凌華,2020,2,income_statement,稅前淨利（淨損）,194965,"194,965",sii,https://mopsov.twse.com.tw/mops/web/ajax_t163sb04
下游,邊緣運算_工業AI,6166,凌華,2020,2,income_statement,所得稅費用（利益）,81940,"81,940",sii,https://mopsov.twse.com.tw/mops/web/ajax_t163sb04
下游,邊緣運算_工業AI,6166,凌華,2020,2,income_statement,繼續營業單位本期淨利（淨損）,113025,"113,025",sii,https://mopsov.twse.com.tw/mops/web/ajax_t163sb04
下游,邊緣運算_工業AI,6166,凌華,2020,2,income_statement,停業單位損益,,--,sii,https://mopsov.twse.com.tw/mops/web/ajax_t163sb04
下游,邊緣運算_工業AI,6166,凌華,2020,2,income_statement,合併前非屬共同控制股權損益,,--,sii,https://mopsov.twse.com.tw/mops/web/ajax_t163sb04
下游,邊緣運算_工業AI,6166,凌華,2020,2,income_statement,本期淨利（淨損）,113025,"113,025",sii,https://mopsov.twse.com.tw/mops/web/ajax_t163sb04
下游,邊緣運算_工業AI,6166,凌華,2020,2,income_statement,其他綜合損益（淨額）,-32653,"-32,653",sii,https://mopsov.twse.com.tw/mops/web/ajax_t163sb04
下游,邊緣運算_工業AI,6166,凌華,2020,2,income_statement,合併前非屬共同控制股權綜合損益淨額,,--,sii,https://mopsov.twse.com.tw/mops/web/ajax_t163sb04
下游,邊緣運算_工業AI,6166,凌華,2020,2,income_statement,本期綜合損益總額,80372,"80,372",sii,https://mopsov.twse.com.tw/mops/web/ajax_t163sb04
下游,邊緣運算_工業AI,6166,凌華,2020,2,income_statement,淨利（淨損）歸屬於母公司業主,115042,"115,042",sii,https://mopsov.twse.com.tw/mops/web/ajax_t163sb04
下游,邊緣運算_工業AI,6166,凌華,2020,2,income_statement,淨利（淨損）歸屬於共同控制下前手權益,,--,sii,https://mopsov.twse.com.tw/mops/web/ajax_t163sb04
下游,邊緣運算_工業AI,6166,凌華,2020,2,income_statement,淨利（淨損）歸屬於非控制權益,-2017,"-2,017",sii,https://mopsov.twse.com.tw/mops/web/ajax_t163sb04
下游,邊緣運算_工業AI,6166,凌華,2020,2,income_statement,綜合損益總額歸屬於母公司業主,82410,"82,410",sii,https://mopsov.twse.com.tw/mops/web/ajax_t163sb04
下游,邊緣運算_工業AI,6166,凌華,2020,2,income_statement,綜合損益總額歸屬於共同控制下前手權益,,--,sii,https://mopsov.twse.com.tw/mops/web/ajax_t163sb04
下游,邊緣運算_工業AI,6166,凌華,2020,2,income_statement,綜合損益總額歸屬於非控制權益,-2038,"-2,038",sii,https://mopsov.twse.com.tw/mops/web/ajax_t163sb04
下游,邊緣運算_工業AI,6166,凌華,2020,2,income_statement,基本每股盈餘（元）,0.53,0.53,sii,https://mopsov.twse.com.tw/mops/web/ajax_t163sb04
下游,邊緣運算_工業AI,2395,研華,2020,2,balance_sheet,流動資產,32434671,"32,434,671",sii,https://mopsov.twse.com.tw/mops/web/ajax_t163sb05
下游,邊緣運算_工業AI,2395,研華,2020,2,balance_sheet,非流動資產,20009231,"20,009,231",sii,https://mopsov.twse.com.tw/mops/web/ajax_t163sb05
下游,邊緣運算_工業AI,2395,研華,2020,2,balance_sheet,資產總計,52443902,"52,443,902",sii,https://mopsov.twse.com.tw/mops/web/ajax_t163sb05
下游,邊緣運算_工業AI,2395,研華,2020,2,balance_sheet,流動負債,18462294,"18,462,294",sii,https://mopsov.twse.com.tw/mops/web/ajax_t163sb05
下游,邊緣運算_工業AI,2395,研華,2020,2,balance_sheet,非流動負債,3077892,"3,077,892",sii,https://mopsov.twse.com.tw/mops/web/ajax_t163sb05
下游,邊緣運算_工業AI,2395,研華,2020,2,balance_sheet,負債總計,21540186,"21,540,186",sii,https://mopsov.twse.com.tw/mops/web/ajax_t163sb05
下游,邊緣運算_工業AI,2395,研華,2020,2,balance_sheet,股本,7713500,"7,713,500",sii,https://mopsov.twse.com.tw/mops/web/ajax_t163sb05
下游,邊緣運算_工業AI,2395,研華,2020,2,balance_sheet,權益─具證券性質之虛擬通貨,,--,sii,https://mopsov.twse.com.tw/mops/web/ajax_t163sb05
下游,邊緣運算_工業AI,2395,研華,2020,2,balance_sheet,資本公積,7702573,"7,702,573",sii,https://mopsov.twse.com.tw/mops/web/ajax_t163sb05
下游,邊緣運算_工業AI,2395,研華,2020,2,balance_sheet,保留盈餘,16021293,"16,021,293",sii,https://mopsov.twse.com.tw/mops/web/ajax_t163sb05
下游,邊緣運算_工業AI,2395,研華,2020,2,balance_sheet,其他權益,-1058215,"-1,058,215",sii,https://mopsov.twse.com.tw/mops/web/ajax_t163sb05
下游,邊緣運算_工業AI,2395,研華,2020,2,balance_sheet,庫藏股票,,--,sii,https://mopsov.twse.com.tw/mops/web/ajax_t163sb05
下游,邊緣運算_工業AI,2395,研華,2020,2,balance_sheet,歸屬於母公司業主之權益合計,30379151,"30,379,151",sii,https://mopsov.twse.com.tw/mops/web/ajax_t163sb05
下游,邊緣運算_工業AI,2395,研華,2020,2,balance_sheet,共同控制下前手權益,,--,sii,https://mopsov.twse.com.tw/mops/web/ajax_t163sb05
下游,邊緣運算_工業AI,2395,研華,2020,2,balance_sheet,合併前非屬共同控制股權,,--,sii,https://mopsov.twse.com.tw/mops/web/ajax_t163sb05
下游,邊緣運算_工業AI,2395,研華,2020,2,balance_sheet,非控制權益,524565,"524,565",sii,https://mopsov.twse.com.tw/mops/web/ajax_t163sb05
下游,邊緣運算_工業AI,2395,研華,2020,2,balance_sheet,權益總計,30903716,"30,903,716",sii,https://mopsov.twse.com.tw/mops/web/ajax_t163sb05
下游,邊緣運算_工業AI,2395,研華,2020,2,balance_sheet,待註銷股本股數（單位：股）,,--,sii,https://mopsov.twse.com.tw/mops/web/ajax_t163sb05
下游,邊緣運算_工業AI,2395,研華,2020,2,balance_sheet,預收股款（權益項下）之約當發行股數（單位：股）,439000,"439,000",sii,https://mopsov.twse.com.tw/mops/web/ajax_t163sb05
下游,邊緣運算_工業AI,2395,研華,2020,2,balance_sheet,母公司暨子公司所持有之母公司庫藏股股數（單位：股）,0,0,sii,https://mopsov.twse.com.tw/mops/web/ajax_t163sb05
下游,邊緣運算_工業AI,2395,研華,2020,2,balance_sheet,每股參考淨值,43.32,43.32,sii,https://mopsov.twse.com.tw/mops/web/ajax_t163sb05
下游,邊緣運算_工業AI,6166,凌華,2020,2,balance_sheet,流動資產,6412284,"6,412,284",sii,https://mopsov.twse.com.tw/mops/web/ajax_t163sb05
下游,邊緣運算_工業AI,6166,凌華,2020,2,balance_sheet,非流動資產,2121679,"2,121,679",sii,https://mopsov.twse.com.tw/mops/web/ajax_t163sb05
下游,邊緣運算_工業AI,6166,凌華,2020,2,balance_sheet,資產總計,8533963,"8,533,963",sii,https://mopsov.twse.com.tw/mops/web/ajax_t163sb05
下游,邊緣運算_工業AI,6166,凌華,2020,2,balance_sheet,流動負債,3886593,"3,886,593",sii,https://mopsov.twse.com.tw/mops/web/ajax_t163sb05
下游,邊緣運算_工業AI,6166,凌華,2020,2,balance_sheet,非流動負債,227778,"227,778",sii,https://mopsov.twse.com.tw/mops/web/ajax_t163sb05
下游,邊緣運算_工業AI,6166,凌華,2020,2,balance_sheet,負債總計,4114371,"4,114,371",sii,https://mopsov.twse.com.tw/mops/web/ajax_t163sb05
下游,邊緣運算_工業AI,6166,凌華,2020,2,balance_sheet,股本,2174973,"2,174,973",sii,https://mopsov.twse.com.tw/mops/web/ajax_t163sb05
下游,邊緣運算_工業AI,6166,凌華,2020,2,balance_sheet,權益─具證券性質之虛擬通貨,,--,sii,https://mopsov.twse.com.tw/mops/web/ajax_t163sb05
下游,邊緣運算_工業AI,6166,凌華,2020,2,balance_sheet,資本公積,1167721,"1,167,721",sii,https://mopsov.twse.com.tw/mops/web/ajax_t163sb05
下游,邊緣運算_工業AI,6166,凌華,2020,2,balance_sheet,保留盈餘,1281456,"1,281,456",sii,https://mopsov.twse.com.tw/mops/web/ajax_t163sb05
下游,邊緣運算_工業AI,6166,凌華,2020,2,balance_sheet,其他權益,-213482,"-213,482",sii,https://mopsov.twse.com.tw/mops/web/ajax_t163sb05
下游,邊緣運算_工業AI,6166,凌華,2020,2,balance_sheet,庫藏股票,,--,sii,https://mopsov.twse.com.tw/mops/web/ajax_t163sb05
下游,邊緣運算_工業AI,6166,凌華,2020,2,balance_sheet,歸屬於母公司業主之權益合計,4410668,"4,410,668",sii,https://mopsov.twse.com.tw/mops/web/ajax_t163sb05
下游,邊緣運算_工業AI,6166,凌華,2020,2,balance_sheet,共同控制下前手權益,,--,sii,https://mopsov.twse.com.tw/mops/web/ajax_t163sb05
下游,邊緣運算_工業AI,6166,凌華,2020,2,balance_sheet,合併前非屬共同控制股權,,--,sii,https://mopsov.twse.com.tw/mops/web/ajax_t163sb05
下游,邊緣運算_工業AI,6166,凌華,2020,2,balance_sheet,非控制權益,8924,"8,924",sii,https://mopsov.twse.com.tw/mops/web/ajax_t163sb05
下游,邊緣運算_工業AI,6166,凌華,2020,2,balance_sheet,權益總計,4419592,"4,419,592",sii,https://mopsov.twse.com.tw/mops/web/ajax_t163sb05
下游,邊緣運算_工業AI,6166,凌華,2020,2,balance_sheet,待註銷股本股數（單位：股）,,--,sii,https://mopsov.twse.com.tw/mops/web/ajax_t163sb05
下游,邊緣運算_工業AI,6166,凌華,2020,2,balance_sheet,預收股款（權益項下）之約當發行股數（單位：股）,0,0,sii,https://mopsov.twse.com.tw/mops/web/ajax_t163sb05
下游,邊緣運算_工業AI,6166,凌華,2020,2,balance_sheet,母公司暨子公司所持有之母公司庫藏股股數（單位：股）,0,0,sii,https://mopsov.twse.com.tw/mops/web/ajax_t163sb05
下游,邊緣運算_工業AI,6166,凌華,2020,2,balance_sheet,每股參考淨值,20.28,20.28,sii,https://mopsov.twse.com.tw/mops/web/ajax_t163sb05
下游,邊緣運算_工業AI,2395,研華,2020,2,cash_flow,營業活動之淨現金流入（流出）,873298,"873,298",sii,https://mopsov.twse.com.tw/mops/web/ajax_t163sb20
下游,邊緣運算_工業AI,2395,研華,2020,2,cash_flow,投資活動之淨現金流入（流出）,-480032,"-480,032",sii,https://mopsov.twse.com.tw/mops/web/ajax_t163sb20
下游,邊緣運算_工業AI,2395,研華,2020,2,cash_flow,籌資活動之淨現金流入（流出）,-52092,"-52,092",sii,https://mopsov.twse.com.tw/mops/web/ajax_t163sb20
下游,邊緣運算_工業AI,2395,研華,2020,2,cash_flow,匯率變動對現金及約當現金之影響,-280618,"-280,618",sii,https://mopsov.twse.com.tw/mops/web/ajax_t163sb20
下游,邊緣運算_工業AI,2395,研華,2020,2,cash_flow,本期現金及約當現金增加（減少）數,60556,"60,556",sii,https://mopsov.twse.com.tw/mops/web/ajax_t163sb20
下游,邊緣運算_工業AI,2395,研華,2020,2,cash_flow,期初現金及約當現金餘額,6003936,"6,003,936",sii,https://mopsov.twse.com.tw/mops/web/ajax_t163sb20
下游,邊緣運算_工業AI,2395,研華,2020,2,cash_flow,期末現金及約當現金餘額,6064492,"6,064,492",sii,https://mopsov.twse.com.tw/mops/web/ajax_t163sb20
下游,邊緣運算_工業AI,6166,凌華,2020,2,cash_flow,營業活動之淨現金流入（流出）,308467,"308,467",sii,https://mopsov.twse.com.tw/mops/web/ajax_t163sb20
下游,邊緣運算_工業AI,6166,凌華,2020,2,cash_flow,投資活動之淨現金流入（流出）,-66279,"-66,279",sii,https://mopsov.twse.com.tw/mops/web/ajax_t163sb20
下游,邊緣運算_工業AI,6166,凌華,2020,2,cash_flow,籌資活動之淨現金流入（流出）,182607,"182,607",sii,https://mopsov.twse.com.tw/mops/web/ajax_t163sb20
下游,邊緣運算_工業AI,6166,凌華,2020,2,cash_flow,匯率變動對現金及約當現金之影響,-21924,"-21,924",sii,https://mopsov.twse.com.tw/mops/web/ajax_t163sb20
下游,邊緣運算_工業AI,6166,凌華,2020,2,cash_flow,本期現金及約當現金增加（減少）數,402871,"402,871",sii,https://mopsov.twse.com.tw/mops/web/ajax_t163sb20
下游,邊緣運算_工業AI,6166,凌華,2020,2,cash_flow,期初現金及約當現金餘額,1873160,"1,873,160",sii,https://mopsov.twse.com.tw/mops/web/ajax_t163sb20
下游,邊緣運算_工業AI,6166,凌華,2020,2,cash_flow,期末現金及約當現金餘額,2276031,"2,276,031",sii,https://mopsov.twse.com.tw/mops/web/ajax_t163sb20
下游,邊緣運算_工業AI,2395,研華,2020,3,income_statement,營業收入,38340209,"38,340,209",sii,https://mopsov.twse.com.tw/mops/web/ajax_t163sb04
下游,邊緣運算_工業AI,2395,研華,2020,3,income_statement,營業成本,22986606,"22,986,606",sii,https://mopsov.twse.com.tw/mops/web/ajax_t163sb04
下游,邊緣運算_工業AI,2395,研華,2020,3,income_statement,原始認列生物資產及農產品之利益（損失）,,--,sii,https://mopsov.twse.com.tw/mops/web/ajax_t163sb04
下游,邊緣運算_工業AI,2395,研華,2020,3,income_statement,生物資產當期公允價值減出售成本之變動利益（損失）,,--,sii,https://mopsov.twse.com.tw/mops/web/ajax_t163sb04
下游,邊緣運算_工業AI,2395,研華,2020,3,income_statement,營業毛利（毛損）,15353603,"15,353,603",sii,https://mopsov.twse.com.tw/mops/web/ajax_t163sb04
下游,邊緣運算_工業AI,2395,研華,2020,3,income_statement,未實現銷貨（損）益,,--,sii,https://mopsov.twse.com.tw/mops/web/ajax_t163sb04
下游,邊緣運算_工業AI,2395,研華,2020,3,income_statement,已實現銷貨（損）益,,--,sii,https://mopsov.twse.com.tw/mops/web/ajax_t163sb04
下游,邊緣運算_工業AI,2395,研華,2020,3,income_statement,營業毛利（毛損）淨額,15353603,"15,353,603",sii,https://mopsov.twse.com.tw/mops/web/ajax_t163sb04
下游,邊緣運算_工業AI,2395,研華,2020,3,income_statement,營業費用,8594355,"8,594,355",sii,https://mopsov.twse.com.tw/mops/web/ajax_t163sb04
下游,邊緣運算_工業AI,2395,研華,2020,3,income_statement,其他收益及費損淨額,,--,sii,https://mopsov.twse.com.tw/mops/web/ajax_t163sb04
下游,邊緣運算_工業AI,2395,研華,2020,3,income_statement,營業利益（損失）,6759248,"6,759,248",sii,https://mopsov.twse.com.tw/mops/web/ajax_t163sb04
下游,邊緣運算_工業AI,2395,研華,2020,3,income_statement,營業外收入及支出,287091,"287,091",sii,https://mopsov.twse.com.tw/mops/web/ajax_t163sb04
下游,邊緣運算_工業AI,2395,研華,2020,3,income_statement,稅前淨利（淨損）,7046339,"7,046,339",sii,https://mopsov.twse.com.tw/mops/web/ajax_t163sb04
下游,邊緣運算_工業AI,2395,研華,2020,3,income_statement,所得稅費用（利益）,1472494,"1,472,494",sii,https://mopsov.twse.com.tw/mops/web/ajax_t163sb04
下游,邊緣運算_工業AI,2395,研華,2020,3,income_statement,繼續營業單位本期淨利（淨損）,5573845,"5,573,845",sii,https://mopsov.twse.com.tw/mops/web/ajax_t163sb04
下游,邊緣運算_工業AI,2395,研華,2020,3,income_statement,停業單位損益,,--,sii,https://mopsov.twse.com.tw/mops/web/ajax_t163sb04
下游,邊緣運算_工業AI,2395,研華,2020,3,income_statement,合併前非屬共同控制股權損益,,--,sii,https://mopsov.twse.com.tw/mops/web/ajax_t163sb04
下游,邊緣運算_工業AI,2395,研華,2020,3,income_statement,本期淨利（淨損）,5573845,"5,573,845",sii,https://mopsov.twse.com.tw/mops/web/ajax_t163sb04
下游,邊緣運算_工業AI,2395,研華,2020,3,income_statement,其他綜合損益（淨額）,-135459,"-135,459",sii,https://mopsov.twse.com.tw/mops/web/ajax_t163sb04
下游,邊緣運算_工業AI,2395,研華,2020,3,income_statement,合併前非屬共同控制股權綜合損益淨額,,--,sii,https://mopsov.twse.com.tw/mops/web/ajax_t163sb04
下游,邊緣運算_工業AI,2395,研華,2020,3,income_statement,本期綜合損益總額,5438386,"5,438,386",sii,https://mopsov.twse.com.tw/mops/web/ajax_t163sb04
下游,邊緣運算_工業AI,2395,研華,2020,3,income_statement,淨利（淨損）歸屬於母公司業主,5543660,"5,543,660",sii,https://mopsov.twse.com.tw/mops/web/ajax_t163sb04
下游,邊緣運算_工業AI,2395,研華,2020,3,income_statement,淨利（淨損）歸屬於共同控制下前手權益,,--,sii,https://mopsov.twse.com.tw/mops/web/ajax_t163sb04
下游,邊緣運算_工業AI,2395,研華,2020,3,income_statement,淨利（淨損）歸屬於非控制權益,30185,"30,185",sii,https://mopsov.twse.com.tw/mops/web/ajax_t163sb04
下游,邊緣運算_工業AI,2395,研華,2020,3,income_statement,綜合損益總額歸屬於母公司業主,5425273,"5,425,273",sii,https://mopsov.twse.com.tw/mops/web/ajax_t163sb04
下游,邊緣運算_工業AI,2395,研華,2020,3,income_statement,綜合損益總額歸屬於共同控制下前手權益,,--,sii,https://mopsov.twse.com.tw/mops/web/ajax_t163sb04
下游,邊緣運算_工業AI,2395,研華,2020,3,income_statement,綜合損益總額歸屬於非控制權益,13113,"13,113",sii,https://mopsov.twse.com.tw/mops/web/ajax_t163sb04
下游,邊緣運算_工業AI,2395,研華,2020,3,income_statement,基本每股盈餘（元）,7.19,7.19,sii,https://mopsov.twse.com.tw/mops/web/ajax_t163sb04
下游,邊緣運算_工業AI,6166,凌華,2020,3,income_statement,營業收入,6916886,"6,916,886",sii,https://mopsov.twse.com.tw/mops/web/ajax_t163sb04
下游,邊緣運算_工業AI,6166,凌華,2020,3,income_statement,營業成本,4165484,"4,165,484",sii,https://mopsov.twse.com.tw/mops/web/ajax_t163sb04
下游,邊緣運算_工業AI,6166,凌華,2020,3,income_statement,原始認列生物資產及農產品之利益（損失）,,--,sii,https://mopsov.twse.com.tw/mops/web/ajax_t163sb04
下游,邊緣運算_工業AI,6166,凌華,2020,3,income_statement,生物資產當期公允價值減出售成本之變動利益（損失）,,--,sii,https://mopsov.twse.com.tw/mops/web/ajax_t163sb04
下游,邊緣運算_工業AI,6166,凌華,2020,3,income_statement,營業毛利（毛損）,2751402,"2,751,402",sii,https://mopsov.twse.com.tw/mops/web/ajax_t163sb04
下游,邊緣運算_工業AI,6166,凌華,2020,3,income_statement,未實現銷貨（損）益,-208,-208,sii,https://mopsov.twse.com.tw/mops/web/ajax_t163sb04
下游,邊緣運算_工業AI,6166,凌華,2020,3,income_statement,已實現銷貨（損）益,,--,sii,https://mopsov.twse.com.tw/mops/web/ajax_t163sb04
下游,邊緣運算_工業AI,6166,凌華,2020,3,income_statement,營業毛利（毛損）淨額,2751610,"2,751,610",sii,https://mopsov.twse.com.tw/mops/web/ajax_t163sb04
下游,邊緣運算_工業AI,6166,凌華,2020,3,income_statement,營業費用,2440172,"2,440,172",sii,https://mopsov.twse.com.tw/mops/web/ajax_t163sb04
下游,邊緣運算_工業AI,6166,凌華,2020,3,income_statement,其他收益及費損淨額,,--,sii,https://mopsov.twse.com.tw/mops/web/ajax_t163sb04
下游,邊緣運算_工業AI,6166,凌華,2020,3,income_statement,營業利益（損失）,311438,"311,438",sii,https://mopsov.twse.com.tw/mops/web/ajax_t163sb04
下游,邊緣運算_工業AI,6166,凌華,2020,3,income_statement,營業外收入及支出,-38905,"-38,905",sii,https://mopsov.twse.com.tw/mops/web/ajax_t163sb04
下游,邊緣運算_工業AI,6166,凌華,2020,3,income_statement,稅前淨利（淨損）,272533,"272,533",sii,https://mopsov.twse.com.tw/mops/web/ajax_t163sb04
下游,邊緣運算_工業AI,6166,凌華,2020,3,income_statement,所得稅費用（利益）,103461,"103,461",sii,https://mopsov.twse.com.tw/mops/web/ajax_t163sb04
下游,邊緣運算_工業AI,6166,凌華,2020,3,income_statement,繼續營業單位本期淨利（淨損）,169072,"169,072",sii,https://mopsov.twse.com.tw/mops/web/ajax_t163sb04
下游,邊緣運算_工業AI,6166,凌華,2020,3,income_statement,停業單位損益,,--,sii,https://mopsov.twse.com.tw/mops/web/ajax_t163sb04
下游,邊緣運算_工業AI,6166,凌華,2020,3,income_statement,合併前非屬共同控制股權損益,,--,sii,https://mopsov.twse.com.tw/mops/web/ajax_t163sb04
下游,邊緣運算_工業AI,6166,凌華,2020,3,income_statement,本期淨利（淨損）,169072,"169,072",sii,https://mopsov.twse.com.tw/mops/web/ajax_t163sb04
下游,邊緣運算_工業AI,6166,凌華,2020,3,income_statement,其他綜合損益（淨額）,-35201,"-35,201",sii,https://mopsov.twse.com.tw/mops/web/ajax_t163sb04
下游,邊緣運算_工業AI,6166,凌華,2020,3,income_statement,合併前非屬共同控制股權綜合損益淨額,,--,sii,https://mopsov.twse.com.tw/mops/web/ajax_t163sb04
下游,邊緣運算_工業AI,6166,凌華,2020,3,income_statement,本期綜合損益總額,133871,"133,871",sii,https://mopsov.twse.com.tw/mops/web/ajax_t163sb04
下游,邊緣運算_工業AI,6166,凌華,2020,3,income_statement,淨利（淨損）歸屬於母公司業主,171089,"171,089",sii,https://mopsov.twse.com.tw/mops/web/ajax_t163sb04
下游,邊緣運算_工業AI,6166,凌華,2020,3,income_statement,淨利（淨損）歸屬於共同控制下前手權益,,--,sii,https://mopsov.twse.com.tw/mops/web/ajax_t163sb04
下游,邊緣運算_工業AI,6166,凌華,2020,3,income_statement,淨利（淨損）歸屬於非控制權益,-2017,"-2,017",sii,https://mopsov.twse.com.tw/mops/web/ajax_t163sb04
下游,邊緣運算_工業AI,6166,凌華,2020,3,income_statement,綜合損益總額歸屬於母公司業主,135909,"135,909",sii,https://mopsov.twse.com.tw/mops/web/ajax_t163sb04
下游,邊緣運算_工業AI,6166,凌華,2020,3,income_statement,綜合損益總額歸屬於共同控制下前手權益,,--,sii,https://mopsov.twse.com.tw/mops/web/ajax_t163sb04
下游,邊緣運算_工業AI,6166,凌華,2020,3,income_statement,綜合損益總額歸屬於非控制權益,-2038,"-2,038",sii,https://mopsov.twse.com.tw/mops/web/ajax_t163sb04
下游,邊緣運算_工業AI,6166,凌華,2020,3,income_statement,基本每股盈餘（元）,0.79,0.79,sii,https://mopsov.twse.com.tw/mops/web/ajax_t163sb04
下游,邊緣運算_工業AI,2395,研華,2020,3,balance_sheet,流動資產,27745348,"27,745,348",sii,https://mopsov.twse.com.tw/mops/web/ajax_t163sb05
下游,邊緣運算_工業AI,2395,研華,2020,3,balance_sheet,非流動資產,20029658,"20,029,658",sii,https://mopsov.twse.com.tw/mops/web/ajax_t163sb05
下游,邊緣運算_工業AI,2395,研華,2020,3,balance_sheet,資產總計,47775006,"47,775,006",sii,https://mopsov.twse.com.tw/mops/web/ajax_t163sb05
下游,邊緣運算_工業AI,2395,研華,2020,3,balance_sheet,流動負債,11628788,"11,628,788",sii,https://mopsov.twse.com.tw/mops/web/ajax_t163sb05
下游,邊緣運算_工業AI,2395,研華,2020,3,balance_sheet,非流動負債,3110550,"3,110,550",sii,https://mopsov.twse.com.tw/mops/web/ajax_t163sb05
下游,邊緣運算_工業AI,2395,研華,2020,3,balance_sheet,負債總計,14739338,"14,739,338",sii,https://mopsov.twse.com.tw/mops/web/ajax_t163sb05
下游,邊緣運算_工業AI,2395,研華,2020,3,balance_sheet,股本,7719455,"7,719,455",sii,https://mopsov.twse.com.tw/mops/web/ajax_t163sb05
下游,邊緣運算_工業AI,2395,研華,2020,3,balance_sheet,權益─具證券性質之虛擬通貨,,--,sii,https://mopsov.twse.com.tw/mops/web/ajax_t163sb05
下游,邊緣運算_工業AI,2395,研華,2020,3,balance_sheet,資本公積,7736781,"7,736,781",sii,https://mopsov.twse.com.tw/mops/web/ajax_t163sb05
下游,邊緣運算_工業AI,2395,研華,2020,3,balance_sheet,保留盈餘,17930079,"17,930,079",sii,https://mopsov.twse.com.tw/mops/web/ajax_t163sb05
下游,邊緣運算_工業AI,2395,研華,2020,3,balance_sheet,其他權益,-962708,"-962,708",sii,https://mopsov.twse.com.tw/mops/web/ajax_t163sb05
下游,邊緣運算_工業AI,2395,研華,2020,3,balance_sheet,庫藏股票,,--,sii,https://mopsov.twse.com.tw/mops/web/ajax_t163sb05
下游,邊緣運算_工業AI,2395,研華,2020,3,balance_sheet,歸屬於母公司業主之權益合計,32423607,"32,423,607",sii,https://mopsov.twse.com.tw/mops/web/ajax_t163sb05
下游,邊緣運算_工業AI,2395,研華,2020,3,balance_sheet,共同控制下前手權益,,--,sii,https://mopsov.twse.com.tw/mops/web/ajax_t163sb05
下游,邊緣運算_工業AI,2395,研華,2020,3,balance_sheet,合併前非屬共同控制股權,,--,sii,https://mopsov.twse.com.tw/mops/web/ajax_t163sb05
下游,邊緣運算_工業AI,2395,研華,2020,3,balance_sheet,非控制權益,612061,"612,061",sii,https://mopsov.twse.com.tw/mops/web/ajax_t163sb05
下游,邊緣運算_工業AI,2395,研華,2020,3,balance_sheet,權益總計,33035668,"33,035,668",sii,https://mopsov.twse.com.tw/mops/web/ajax_t163sb05
下游,邊緣運算_工業AI,2395,研華,2020,3,balance_sheet,待註銷股本股數（單位：股）,,--,sii,https://mopsov.twse.com.tw/mops/web/ajax_t163sb05
下游,邊緣運算_工業AI,2395,研華,2020,3,balance_sheet,預收股款（權益項下）之約當發行股數（單位：股）,595500,"595,500",sii,https://mopsov.twse.com.tw/mops/web/ajax_t163sb05
下游,邊緣運算_工業AI,2395,研華,2020,3,balance_sheet,母公司暨子公司所持有之母公司庫藏股股數（單位：股）,0,0,sii,https://mopsov.twse.com.tw/mops/web/ajax_t163sb05
下游,邊緣運算_工業AI,2395,研華,2020,3,balance_sheet,每股參考淨值,42.0,42.00,sii,https://mopsov.twse.com.tw/mops/web/ajax_t163sb05
下游,邊緣運算_工業AI,6166,凌華,2020,3,balance_sheet,流動資產,5807687,"5,807,687",sii,https://mopsov.twse.com.tw/mops/web/ajax_t163sb05
下游,邊緣運算_工業AI,6166,凌華,2020,3,balance_sheet,非流動資產,2583100,"2,583,100",sii,https://mopsov.twse.com.tw/mops/web/ajax_t163sb05
下游,邊緣運算_工業AI,6166,凌華,2020,3,balance_sheet,資產總計,8390787,"8,390,787",sii,https://mopsov.twse.com.tw/mops/web/ajax_t163sb05
下游,邊緣運算_工業AI,6166,凌華,2020,3,balance_sheet,流動負債,3711518,"3,711,518",sii,https://mopsov.twse.com.tw/mops/web/ajax_t163sb05
下游,邊緣運算_工業AI,6166,凌華,2020,3,balance_sheet,非流動負債,216040,"216,040",sii,https://mopsov.twse.com.tw/mops/web/ajax_t163sb05
下游,邊緣運算_工業AI,6166,凌華,2020,3,balance_sheet,負債總計,3927558,"3,927,558",sii,https://mopsov.twse.com.tw/mops/web/ajax_t163sb05
下游,邊緣運算_工業AI,6166,凌華,2020,3,balance_sheet,股本,2174973,"2,174,973",sii,https://mopsov.twse.com.tw/mops/web/ajax_t163sb05
下游,邊緣運算_工業AI,6166,凌華,2020,3,balance_sheet,權益─具證券性質之虛擬通貨,,--,sii,https://mopsov.twse.com.tw/mops/web/ajax_t163sb05
下游,邊緣運算_工業AI,6166,凌華,2020,3,balance_sheet,資本公積,1167721,"1,167,721",sii,https://mopsov.twse.com.tw/mops/web/ajax_t163sb05
下游,邊緣運算_工業AI,6166,凌華,2020,3,balance_sheet,保留盈餘,1337033,"1,337,033",sii,https://mopsov.twse.com.tw/mops/web/ajax_t163sb05
下游,邊緣運算_工業AI,6166,凌華,2020,3,balance_sheet,其他權益,-216498,"-216,498",sii,https://mopsov.twse.com.tw/mops/web/ajax_t163sb05
下游,邊緣運算_工業AI,6166,凌華,2020,3,balance_sheet,庫藏股票,,--,sii,https://mopsov.twse.com.tw/mops/web/ajax_t163sb05
下游,邊緣運算_工業AI,6166,凌華,2020,3,balance_sheet,歸屬於母公司業主之權益合計,4463229,"4,463,229",sii,https://mopsov.twse.com.tw/mops/web/ajax_t163sb05
下游,邊緣運算_工業AI,6166,凌華,2020,3,balance_sheet,共同控制下前手權益,0,0,sii,https://mopsov.twse.com.tw/mops/web/ajax_t163sb05
下游,邊緣運算_工業AI,6166,凌華,2020,3,balance_sheet,合併前非屬共同控制股權,,--,sii,https://mopsov.twse.com.tw/mops/web/ajax_t163sb05
下游,邊緣運算_工業AI,6166,凌華,2020,3,balance_sheet,非控制權益,0,0,sii,https://mopsov.twse.com.tw/mops/web/ajax_t163sb05
下游,邊緣運算_工業AI,6166,凌華,2020,3,balance_sheet,權益總計,4463229,"4,463,229",sii,https://mopsov.twse.com.tw/mops/web/ajax_t163sb05
下游,邊緣運算_工業AI,6166,凌華,2020,3,balance_sheet,待註銷股本股數（單位：股）,,--,sii,https://mopsov.twse.com.tw/mops/web/ajax_t163sb05
下游,邊緣運算_工業AI,6166,凌華,2020,3,balance_sheet,預收股款（權益項下）之約當發行股數（單位：股）,0,0,sii,https://mopsov.twse.com.tw/mops/web/ajax_t163sb05
下游,邊緣運算_工業AI,6166,凌華,2020,3,balance_sheet,母公司暨子公司所持有之母公司庫藏股股數（單位：股）,0,0,sii,https://mopsov.twse.com.tw/mops/web/ajax_t163sb05
下游,邊緣運算_工業AI,6166,凌華,2020,3,balance_sheet,每股參考淨值,20.52,20.52,sii,https://mopsov.twse.com.tw/mops/web/ajax_t163sb05
下游,邊緣運算_工業AI,2395,研華,2020,3,cash_flow,營業活動之淨現金流入（流出）,7390412,"7,390,412",sii,https://mopsov.twse.com.tw/mops/web/ajax_t163sb20
下游,邊緣運算_工業AI,2395,研華,2020,3,cash_flow,投資活動之淨現金流入（流出）,-1364593,"-1,364,593",sii,https://mopsov.twse.com.tw/mops/web/ajax_t163sb20
下游,邊緣運算_工業AI,2395,研華,2020,3,cash_flow,籌資活動之淨現金流入（流出）,-5559774,"-5,559,774",sii,https://mopsov.twse.com.tw/mops/web/ajax_t163sb20
下游,邊緣運算_工業AI,2395,研華,2020,3,cash_flow,匯率變動對現金及約當現金之影響,-90244,"-90,244",sii,https://mopsov.twse.com.tw/mops/web/ajax_t163sb20
下游,邊緣運算_工業AI,2395,研華,2020,3,cash_flow,本期現金及約當現金增加（減少）數,375801,"375,801",sii,https://mopsov.twse.com.tw/mops/web/ajax_t163sb20
下游,邊緣運算_工業AI,2395,研華,2020,3,cash_flow,期初現金及約當現金餘額,6003936,"6,003,936",sii,https://mopsov.twse.com.tw/mops/web/ajax_t163sb20
下游,邊緣運算_工業AI,2395,研華,2020,3,cash_flow,期末現金及約當現金餘額,6379737,"6,379,737",sii,https://mopsov.twse.com.tw/mops/web/ajax_t163sb20
下游,邊緣運算_工業AI,6166,凌華,2020,3,cash_flow,營業活動之淨現金流入（流出）,349585,"349,585",sii,https://mopsov.twse.com.tw/mops/web/ajax_t163sb20
下游,邊緣運算_工業AI,6166,凌華,2020,3,cash_flow,投資活動之淨現金流入（流出）,-632143,"-632,143",sii,https://mopsov.twse.com.tw/mops/web/ajax_t163sb20
下游,邊緣運算_工業AI,6166,凌華,2020,3,cash_flow,籌資活動之淨現金流入（流出）,49670,"49,670",sii,https://mopsov.twse.com.tw/mops/web/ajax_t163sb20
下游,邊緣運算_工業AI,6166,凌華,2020,3,cash_flow,匯率變動對現金及約當現金之影響,-28948,"-28,948",sii,https://mopsov.twse.com.tw/mops/web/ajax_t163sb20
下游,邊緣運算_工業AI,6166,凌華,2020,3,cash_flow,本期現金及約當現金增加（減少）數,-261836,"-261,836",sii,https://mopsov.twse.com.tw/mops/web/ajax_t163sb20
下游,邊緣運算_工業AI,6166,凌華,2020,3,cash_flow,期初現金及約當現金餘額,1873160,"1,873,160",sii,https://mopsov.twse.com.tw/mops/web/ajax_t163sb20
下游,邊緣運算_工業AI,6166,凌華,2020,3,cash_flow,期末現金及約當現金餘額,1611324,"1,611,324",sii,https://mopsov.twse.com.tw/mops/web/ajax_t163sb20
下游,邊緣運算_工業AI,2395,研華,2020,4,income_statement,營業收入,51119408,"51,119,408",sii,https://mopsov.twse.com.tw/mops/web/ajax_t163sb04
下游,邊緣運算_工業AI,2395,研華,2020,4,income_statement,營業成本,30723147,"30,723,147",sii,https://mopsov.twse.com.tw/mops/web/ajax_t163sb04
下游,邊緣運算_工業AI,2395,研華,2020,4,income_statement,原始認列生物資產及農產品之利益（損失）,,--,sii,https://mopsov.twse.com.tw/mops/web/ajax_t163sb04
下游,邊緣運算_工業AI,2395,研華,2020,4,income_statement,生物資產當期公允價值減出售成本之變動利益（損失）,,--,sii,https://mopsov.twse.com.tw/mops/web/ajax_t163sb04
下游,邊緣運算_工業AI,2395,研華,2020,4,income_statement,營業毛利（毛損）,20396261,"20,396,261",sii,https://mopsov.twse.com.tw/mops/web/ajax_t163sb04
下游,邊緣運算_工業AI,2395,研華,2020,4,income_statement,未實現銷貨（損）益,,--,sii,https://mopsov.twse.com.tw/mops/web/ajax_t163sb04
下游,邊緣運算_工業AI,2395,研華,2020,4,income_statement,已實現銷貨（損）益,,--,sii,https://mopsov.twse.com.tw/mops/web/ajax_t163sb04
下游,邊緣運算_工業AI,2395,研華,2020,4,income_statement,營業毛利（毛損）淨額,20396261,"20,396,261",sii,https://mopsov.twse.com.tw/mops/web/ajax_t163sb04
下游,邊緣運算_工業AI,2395,研華,2020,4,income_statement,營業費用,11359708,"11,359,708",sii,https://mopsov.twse.com.tw/mops/web/ajax_t163sb04
下游,邊緣運算_工業AI,2395,研華,2020,4,income_statement,其他收益及費損淨額,,--,sii,https://mopsov.twse.com.tw/mops/web/ajax_t163sb04
下游,邊緣運算_工業AI,2395,研華,2020,4,income_statement,營業利益（損失）,9036553,"9,036,553",sii,https://mopsov.twse.com.tw/mops/web/ajax_t163sb04
下游,邊緣運算_工業AI,2395,研華,2020,4,income_statement,營業外收入及支出,91808,"91,808",sii,https://mopsov.twse.com.tw/mops/web/ajax_t163sb04
下游,邊緣運算_工業AI,2395,研華,2020,4,income_statement,稅前淨利（淨損）,9128361,"9,128,361",sii,https://mopsov.twse.com.tw/mops/web/ajax_t163sb04
下游,邊緣運算_工業AI,2395,研華,2020,4,income_statement,所得稅費用（利益）,1825374,"1,825,374",sii,https://mopsov.twse.com.tw/mops/web/ajax_t163sb04
下游,邊緣運算_工業AI,2395,研華,2020,4,income_statement,繼續營業單位本期淨利（淨損）,7302987,"7,302,987",sii,https://mopsov.twse.com.tw/mops/web/ajax_t163sb04
下游,邊緣運算_工業AI,2395,研華,2020,4,income_statement,停業單位損益,,--,sii,https://mopsov.twse.com.tw/mops/web/ajax_t163sb04
下游,邊緣運算_工業AI,2395,研華,2020,4,income_statement,合併前非屬共同控制股權損益,,--,sii,https://mopsov.twse.com.tw/mops/web/ajax_t163sb04
下游,邊緣運算_工業AI,2395,研華,2020,4,income_statement,本期淨利（淨損）,7302987,"7,302,987",sii,https://mopsov.twse.com.tw/mops/web/ajax_t163sb04
下游,邊緣運算_工業AI,2395,研華,2020,4,income_statement,其他綜合損益（淨額）,-28913,"-28,913",sii,https://mopsov.twse.com.tw/mops/web/ajax_t163sb04
下游,邊緣運算_工業AI,2395,研華,2020,4,income_statement,合併前非屬共同控制股權綜合損益淨額,,--,sii,https://mopsov.twse.com.tw/mops/web/ajax_t163sb04
下游,邊緣運算_工業AI,2395,研華,2020,4,income_statement,本期綜合損益總額,7274074,"7,274,074",sii,https://mopsov.twse.com.tw/mops/web/ajax_t163sb04
下游,邊緣運算_工業AI,2395,研華,2020,4,income_statement,淨利（淨損）歸屬於母公司業主,7247955,"7,247,955",sii,https://mopsov.twse.com.tw/mops/web/ajax_t163sb04
下游,邊緣運算_工業AI,2395,研華,2020,4,income_statement,淨利（淨損）歸屬於共同控制下前手權益,,--,sii,https://mopsov.twse.com.tw/mops/web/ajax_t163sb04
下游,邊緣運算_工業AI,2395,研華,2020,4,income_statement,淨利（淨損）歸屬於非控制權益,55032,"55,032",sii,https://mopsov.twse.com.tw/mops/web/ajax_t163sb04
下游,邊緣運算_工業AI,2395,研華,2020,4,income_statement,綜合損益總額歸屬於母公司業主,7231759,"7,231,759",sii,https://mopsov.twse.com.tw/mops/web/ajax_t163sb04
下游,邊緣運算_工業AI,2395,研華,2020,4,income_statement,綜合損益總額歸屬於共同控制下前手權益,,--,sii,https://mopsov.twse.com.tw/mops/web/ajax_t163sb04
下游,邊緣運算_工業AI,2395,研華,2020,4,income_statement,綜合損益總額歸屬於非控制權益,42315,"42,315",sii,https://mopsov.twse.com.tw/mops/web/ajax_t163sb04
下游,邊緣運算_工業AI,2395,研華,2020,4,income_statement,基本每股盈餘（元）,9.4,9.40,sii,https://mopsov.twse.com.tw/mops/web/ajax_t163sb04
下游,邊緣運算_工業AI,6166,凌華,2020,4,income_statement,營業收入,9635678,"9,635,678",sii,https://mopsov.twse.com.tw/mops/web/ajax_t163sb04
下游,邊緣運算_工業AI,6166,凌華,2020,4,income_statement,營業成本,5820891,"5,820,891",sii,https://mopsov.twse.com.tw/mops/web/ajax_t163sb04
下游,邊緣運算_工業AI,6166,凌華,2020,4,income_statement,原始認列生物資產及農產品之利益（損失）,,--,sii,https://mopsov.twse.com.tw/mops/web/ajax_t163sb04
下游,邊緣運算_工業AI,6166,凌華,2020,4,income_statement,生物資產當期公允價值減出售成本之變動利益（損失）,,--,sii,https://mopsov.twse.com.tw/mops/web/ajax_t163sb04
下游,邊緣運算_工業AI,6166,凌華,2020,4,income_statement,營業毛利（毛損）,3814787,"3,814,787",sii,https://mopsov.twse.com.tw/mops/web/ajax_t163sb04
下游,邊緣運算_工業AI,6166,凌華,2020,4,income_statement,未實現銷貨（損）益,141,141,sii,https://mopsov.twse.com.tw/mops/web/ajax_t163sb04
下游,邊緣運算_工業AI,6166,凌華,2020,4,income_statement,已實現銷貨（損）益,,--,sii,https://mopsov.twse.com.tw/mops/web/ajax_t163sb04
下游,邊緣運算_工業AI,6166,凌華,2020,4,income_statement,營業毛利（毛損）淨額,3814646,"3,814,646",sii,https://mopsov.twse.com.tw/mops/web/ajax_t163sb04
下游,邊緣運算_工業AI,6166,凌華,2020,4,income_statement,營業費用,3339800,"3,339,800",sii,https://mopsov.twse.com.tw/mops/web/ajax_t163sb04
下游,邊緣運算_工業AI,6166,凌華,2020,4,income_statement,其他收益及費損淨額,,--,sii,https://mopsov.twse.com.tw/mops/web/ajax_t163sb04
下游,邊緣運算_工業AI,6166,凌華,2020,4,income_statement,營業利益（損失）,474846,"474,846",sii,https://mopsov.twse.com.tw/mops/web/ajax_t163sb04
下游,邊緣運算_工業AI,6166,凌華,2020,4,income_statement,營業外收入及支出,-124034,"-124,034",sii,https://mopsov.twse.com.tw/mops/web/ajax_t163sb04
下游,邊緣運算_工業AI,6166,凌華,2020,4,income_statement,稅前淨利（淨損）,350812,"350,812",sii,https://mopsov.twse.com.tw/mops/web/ajax_t163sb04
下游,邊緣運算_工業AI,6166,凌華,2020,4,income_statement,所得稅費用（利益）,109164,"109,164",sii,https://mopsov.twse.com.tw/mops/web/ajax_t163sb04
下游,邊緣運算_工業AI,6166,凌華,2020,4,income_statement,繼續營業單位本期淨利（淨損）,241648,"241,648",sii,https://mopsov.twse.com.tw/mops/web/ajax_t163sb04
下游,邊緣運算_工業AI,6166,凌華,2020,4,income_statement,停業單位損益,,--,sii,https://mopsov.twse.com.tw/mops/web/ajax_t163sb04
下游,邊緣運算_工業AI,6166,凌華,2020,4,income_statement,合併前非屬共同控制股權損益,,--,sii,https://mopsov.twse.com.tw/mops/web/ajax_t163sb04
下游,邊緣運算_工業AI,6166,凌華,2020,4,income_statement,本期淨利（淨損）,241648,"241,648",sii,https://mopsov.twse.com.tw/mops/web/ajax_t163sb04
下游,邊緣運算_工業AI,6166,凌華,2020,4,income_statement,其他綜合損益（淨額）,-54960,"-54,960",sii,https://mopsov.twse.com.tw/mops/web/ajax_t163sb04
下游,邊緣運算_工業AI,6166,凌華,2020,4,income_statement,合併前非屬共同控制股權綜合損益淨額,,--,sii,https://mopsov.twse.com.tw/mops/web/ajax_t163sb04
下游,邊緣運算_工業AI,6166,凌華,2020,4,income_statement,本期綜合損益總額,186688,"186,688",sii,https://mopsov.twse.com.tw/mops/web/ajax_t163sb04
下游,邊緣運算_工業AI,6166,凌華,2020,4,income_statement,淨利（淨損）歸屬於母公司業主,243665,"243,665",sii,https://mopsov.twse.com.tw/mops/web/ajax_t163sb04
下游,邊緣運算_工業AI,6166,凌華,2020,4,income_statement,淨利（淨損）歸屬於共同控制下前手權益,,--,sii,https://mopsov.twse.com.tw/mops/web/ajax_t163sb04
下游,邊緣運算_工業AI,6166,凌華,2020,4,income_statement,淨利（淨損）歸屬於非控制權益,-2017,"-2,017",sii,https://mopsov.twse.com.tw/mops/web/ajax_t163sb04
下游,邊緣運算_工業AI,6166,凌華,2020,4,income_statement,綜合損益總額歸屬於母公司業主,188726,"188,726",sii,https://mopsov.twse.com.tw/mops/web/ajax_t163sb04
下游,邊緣運算_工業AI,6166,凌華,2020,4,income_statement,綜合損益總額歸屬於共同控制下前手權益,,--,sii,https://mopsov.twse.com.tw/mops/web/ajax_t163sb04
下游,邊緣運算_工業AI,6166,凌華,2020,4,income_statement,綜合損益總額歸屬於非控制權益,-2038,"-2,038",sii,https://mopsov.twse.com.tw/mops/web/ajax_t163sb04
下游,邊緣運算_工業AI,6166,凌華,2020,4,income_statement,基本每股盈餘（元）,1.12,1.12,sii,https://mopsov.twse.com.tw/mops/web/ajax_t163sb04
下游,邊緣運算_工業AI,2395,研華,2020,4,balance_sheet,流動資產,30287536,"30,287,536",sii,https://mopsov.twse.com.tw/mops/web/ajax_t163sb05
下游,邊緣運算_工業AI,2395,研華,2020,4,balance_sheet,非流動資產,19911849,"19,911,849",sii,https://mopsov.twse.com.tw/mops/web/ajax_t163sb05
下游,邊緣運算_工業AI,2395,研華,2020,4,balance_sheet,資產總計,50199385,"50,199,385",sii,https://mopsov.twse.com.tw/mops/web/ajax_t163sb05
下游,邊緣運算_工業AI,2395,研華,2020,4,balance_sheet,流動負債,12096208,"12,096,208",sii,https://mopsov.twse.com.tw/mops/web/ajax_t163sb05
下游,邊緣運算_工業AI,2395,研華,2020,4,balance_sheet,非流動負債,3056754,"3,056,754",sii,https://mopsov.twse.com.tw/mops/web/ajax_t163sb05
下游,邊緣運算_工業AI,2395,研華,2020,4,balance_sheet,負債總計,15152962,"15,152,962",sii,https://mopsov.twse.com.tw/mops/web/ajax_t163sb05
下游,邊緣運算_工業AI,2395,研華,2020,4,balance_sheet,股本,7722545,"7,722,545",sii,https://mopsov.twse.com.tw/mops/web/ajax_t163sb05
下游,邊緣運算_工業AI,2395,研華,2020,4,balance_sheet,權益─具證券性質之虛擬通貨,,--,sii,https://mopsov.twse.com.tw/mops/web/ajax_t163sb05
下游,邊緣運算_工業AI,2395,研華,2020,4,balance_sheet,資本公積,7913754,"7,913,754",sii,https://mopsov.twse.com.tw/mops/web/ajax_t163sb05
下游,邊緣運算_工業AI,2395,研華,2020,4,balance_sheet,保留盈餘,19605707,"19,605,707",sii,https://mopsov.twse.com.tw/mops/web/ajax_t163sb05
下游,邊緣運算_工業AI,2395,研華,2020,4,balance_sheet,其他權益,-831850,"-831,850",sii,https://mopsov.twse.com.tw/mops/web/ajax_t163sb05
下游,邊緣運算_工業AI,2395,研華,2020,4,balance_sheet,庫藏股票,,--,sii,https://mopsov.twse.com.tw/mops/web/ajax_t163sb05
下游,邊緣運算_工業AI,2395,研華,2020,4,balance_sheet,歸屬於母公司業主之權益合計,34410156,"34,410,156",sii,https://mopsov.twse.com.tw/mops/web/ajax_t163sb05
下游,邊緣運算_工業AI,2395,研華,2020,4,balance_sheet,共同控制下前手權益,,--,sii,https://mopsov.twse.com.tw/mops/web/ajax_t163sb05
下游,邊緣運算_工業AI,2395,研華,2020,4,balance_sheet,合併前非屬共同控制股權,,--,sii,https://mopsov.twse.com.tw/mops/web/ajax_t163sb05
下游,邊緣運算_工業AI,2395,研華,2020,4,balance_sheet,非控制權益,636267,"636,267",sii,https://mopsov.twse.com.tw/mops/web/ajax_t163sb05
下游,邊緣運算_工業AI,2395,研華,2020,4,balance_sheet,權益總計,35046423,"35,046,423",sii,https://mopsov.twse.com.tw/mops/web/ajax_t163sb05
下游,邊緣運算_工業AI,2395,研華,2020,4,balance_sheet,待註銷股本股數（單位：股）,,--,sii,https://mopsov.twse.com.tw/mops/web/ajax_t163sb05
下游,邊緣運算_工業AI,2395,研華,2020,4,balance_sheet,預收股款（權益項下）之約當發行股數（單位：股）,309000,"309,000",sii,https://mopsov.twse.com.tw/mops/web/ajax_t163sb05
下游,邊緣運算_工業AI,2395,研華,2020,4,balance_sheet,母公司暨子公司所持有之母公司庫藏股股數（單位：股）,0,0,sii,https://mopsov.twse.com.tw/mops/web/ajax_t163sb05
下游,邊緣運算_工業AI,2395,研華,2020,4,balance_sheet,每股參考淨值,44.56,44.56,sii,https://mopsov.twse.com.tw/mops/web/ajax_t163sb05
下游,邊緣運算_工業AI,6166,凌華,2020,4,balance_sheet,流動資產,6194938,"6,194,938",sii,https://mopsov.twse.com.tw/mops/web/ajax_t163sb05
下游,邊緣運算_工業AI,6166,凌華,2020,4,balance_sheet,非流動資產,2547489,"2,547,489",sii,https://mopsov.twse.com.tw/mops/web/ajax_t163sb05
下游,邊緣運算_工業AI,6166,凌華,2020,4,balance_sheet,資產總計,8742427,"8,742,427",sii,https://mopsov.twse.com.tw/mops/web/ajax_t163sb05
下游,邊緣運算_工業AI,6166,凌華,2020,4,balance_sheet,流動負債,3757121,"3,757,121",sii,https://mopsov.twse.com.tw/mops/web/ajax_t163sb05
下游,邊緣運算_工業AI,6166,凌華,2020,4,balance_sheet,非流動負債,469260,"469,260",sii,https://mopsov.twse.com.tw/mops/web/ajax_t163sb05
下游,邊緣運算_工業AI,6166,凌華,2020,4,balance_sheet,負債總計,4226381,"4,226,381",sii,https://mopsov.twse.com.tw/mops/web/ajax_t163sb05
下游,邊緣運算_工業AI,6166,凌華,2020,4,balance_sheet,股本,2174973,"2,174,973",sii,https://mopsov.twse.com.tw/mops/web/ajax_t163sb05
下游,邊緣運算_工業AI,6166,凌華,2020,4,balance_sheet,權益─具證券性質之虛擬通貨,,--,sii,https://mopsov.twse.com.tw/mops/web/ajax_t163sb05
下游,邊緣運算_工業AI,6166,凌華,2020,4,balance_sheet,資本公積,1167721,"1,167,721",sii,https://mopsov.twse.com.tw/mops/web/ajax_t163sb05
下游,邊緣運算_工業AI,6166,凌華,2020,4,balance_sheet,保留盈餘,1406353,"1,406,353",sii,https://mopsov.twse.com.tw/mops/web/ajax_t163sb05
下游,邊緣運算_工業AI,6166,凌華,2020,4,balance_sheet,其他權益,-233001,"-233,001",sii,https://mopsov.twse.com.tw/mops/web/ajax_t163sb05
下游,邊緣運算_工業AI,6166,凌華,2020,4,balance_sheet,庫藏股票,,--,sii,https://mopsov.twse.com.tw/mops/web/ajax_t163sb05
下游,邊緣運算_工業AI,6166,凌華,2020,4,balance_sheet,歸屬於母公司業主之權益合計,4516046,"4,516,046",sii,https://mopsov.twse.com.tw/mops/web/ajax_t163sb05
下游,邊緣運算_工業AI,6166,凌華,2020,4,balance_sheet,共同控制下前手權益,0,0,sii,https://mopsov.twse.com.tw/mops/web/ajax_t163sb05
下游,邊緣運算_工業AI,6166,凌華,2020,4,balance_sheet,合併前非屬共同控制股權,,--,sii,https://mopsov.twse.com.tw/mops/web/ajax_t163sb05
下游,邊緣運算_工業AI,6166,凌華,2020,4,balance_sheet,非控制權益,0,0,sii,https://mopsov.twse.com.tw/mops/web/ajax_t163sb05
下游,邊緣運算_工業AI,6166,凌華,2020,4,balance_sheet,權益總計,4516046,"4,516,046",sii,https://mopsov.twse.com.tw/mops/web/ajax_t163sb05
下游,邊緣運算_工業AI,6166,凌華,2020,4,balance_sheet,待註銷股本股數（單位：股）,,--,sii,https://mopsov.twse.com.tw/mops/web/ajax_t163sb05
下游,邊緣運算_工業AI,6166,凌華,2020,4,balance_sheet,預收股款（權益項下）之約當發行股數（單位：股）,0,0,sii,https://mopsov.twse.com.tw/mops/web/ajax_t163sb05
下游,邊緣運算_工業AI,6166,凌華,2020,4,balance_sheet,母公司暨子公司所持有之母公司庫藏股股數（單位：股）,0,0,sii,https://mopsov.twse.com.tw/mops/web/ajax_t163sb05
下游,邊緣運算_工業AI,6166,凌華,2020,4,balance_sheet,每股參考淨值,20.76,20.76,sii,https://mopsov.twse.com.tw/mops/web/ajax_t163sb05
下游,邊緣運算_工業AI,2395,研華,2020,4,cash_flow,營業活動之淨現金流入（流出）,8078566,"8,078,566",sii,https://mopsov.twse.com.tw/mops/web/ajax_t163sb20
下游,邊緣運算_工業AI,2395,研華,2020,4,cash_flow,投資活動之淨現金流入（流出）,-808884,"-808,884",sii,https://mopsov.twse.com.tw/mops/web/ajax_t163sb20
下游,邊緣運算_工業AI,2395,研華,2020,4,cash_flow,籌資活動之淨現金流入（流出）,-5714557,"-5,714,557",sii,https://mopsov.twse.com.tw/mops/web/ajax_t163sb20
下游,邊緣運算_工業AI,2395,研華,2020,4,cash_flow,匯率變動對現金及約當現金之影響,-61619,"-61,619",sii,https://mopsov.twse.com.tw/mops/web/ajax_t163sb20
下游,邊緣運算_工業AI,2395,研華,2020,4,cash_flow,本期現金及約當現金增加（減少）數,1493506,"1,493,506",sii,https://mopsov.twse.com.tw/mops/web/ajax_t163sb20
下游,邊緣運算_工業AI,2395,研華,2020,4,cash_flow,期初現金及約當現金餘額,6003936,"6,003,936",sii,https://mopsov.twse.com.tw/mops/web/ajax_t163sb20
下游,邊緣運算_工業AI,2395,研華,2020,4,cash_flow,期末現金及約當現金餘額,7497442,"7,497,442",sii,https://mopsov.twse.com.tw/mops/web/ajax_t163sb20
下游,邊緣運算_工業AI,6166,凌華,2020,4,cash_flow,營業活動之淨現金流入（流出）,653462,"653,462",sii,https://mopsov.twse.com.tw/mops/web/ajax_t163sb20
下游,邊緣運算_工業AI,6166,凌華,2020,4,cash_flow,投資活動之淨現金流入（流出）,-727134,"-727,134",sii,https://mopsov.twse.com.tw/mops/web/ajax_t163sb20
下游,邊緣運算_工業AI,6166,凌華,2020,4,cash_flow,籌資活動之淨現金流入（流出）,236635,"236,635",sii,https://mopsov.twse.com.tw/mops/web/ajax_t163sb20
下游,邊緣運算_工業AI,6166,凌華,2020,4,cash_flow,匯率變動對現金及約當現金之影響,-38635,"-38,635",sii,https://mopsov.twse.com.tw/mops/web/ajax_t163sb20
下游,邊緣運算_工業AI,6166,凌華,2020,4,cash_flow,本期現金及約當現金增加（減少）數,124328,"124,328",sii,https://mopsov.twse.com.tw/mops/web/ajax_t163sb20
下游,邊緣運算_工業AI,6166,凌華,2020,4,cash_flow,期初現金及約當現金餘額,1873160,"1,873,160",sii,https://mopsov.twse.com.tw/mops/web/ajax_t163sb20
下游,邊緣運算_工業AI,6166,凌華,2020,4,cash_flow,期末現金及約當現金餘額,1997488,"1,997,488",sii,https://mopsov.twse.com.tw/mops/web/ajax_t163sb20
下游,邊緣運算_工業AI,2395,研華,2021,1,income_statement,營業收入,13161403,"13,161,403",sii,https://mopsov.twse.com.tw/mops/web/ajax_t163sb04
下游,邊緣運算_工業AI,2395,研華,2021,1,income_statement,營業成本,7952766,"7,952,766",sii,https://mopsov.twse.com.tw/mops/web/ajax_t163sb04
下游,邊緣運算_工業AI,2395,研華,2021,1,income_statement,原始認列生物資產及農產品之利益（損失）,,--,sii,https://mopsov.twse.com.tw/mops/web/ajax_t163sb04
下游,邊緣運算_工業AI,2395,研華,2021,1,income_statement,生物資產當期公允價值減出售成本之變動利益（損失）,,--,sii,https://mopsov.twse.com.tw/mops/web/ajax_t163sb04
下游,邊緣運算_工業AI,2395,研華,2021,1,income_statement,營業毛利（毛損）,5208637,"5,208,637",sii,https://mopsov.twse.com.tw/mops/web/ajax_t163sb04
下游,邊緣運算_工業AI,2395,研華,2021,1,income_statement,未實現銷貨（損）益,,--,sii,https://mopsov.twse.com.tw/mops/web/ajax_t163sb04
下游,邊緣運算_工業AI,2395,研華,2021,1,income_statement,已實現銷貨（損）益,,--,sii,https://mopsov.twse.com.tw/mops/web/ajax_t163sb04
下游,邊緣運算_工業AI,2395,研華,2021,1,income_statement,營業毛利（毛損）淨額,5208637,"5,208,637",sii,https://mopsov.twse.com.tw/mops/web/ajax_t163sb04
下游,邊緣運算_工業AI,2395,研華,2021,1,income_statement,營業費用,2921776,"2,921,776",sii,https://mopsov.twse.com.tw/mops/web/ajax_t163sb04
下游,邊緣運算_工業AI,2395,研華,2021,1,income_statement,其他收益及費損淨額,,--,sii,https://mopsov.twse.com.tw/mops/web/ajax_t163sb04
下游,邊緣運算_工業AI,2395,研華,2021,1,income_statement,營業利益（損失）,2286861,"2,286,861",sii,https://mopsov.twse.com.tw/mops/web/ajax_t163sb04
下游,邊緣運算_工業AI,2395,研華,2021,1,income_statement,營業外收入及支出,129829,"129,829",sii,https://mopsov.twse.com.tw/mops/web/ajax_t163sb04
下游,邊緣運算_工業AI,2395,研華,2021,1,income_statement,稅前淨利（淨損）,2416690,"2,416,690",sii,https://mopsov.twse.com.tw/mops/web/ajax_t163sb04
下游,邊緣運算_工業AI,2395,研華,2021,1,income_statement,所得稅費用（利益）,487793,"487,793",sii,https://mopsov.twse.com.tw/mops/web/ajax_t163sb04
下游,邊緣運算_工業AI,2395,研華,2021,1,income_statement,繼續營業單位本期淨利（淨損）,1928897,"1,928,897",sii,https://mopsov.twse.com.tw/mops/web/ajax_t163sb04
下游,邊緣運算_工業AI,2395,研華,2021,1,income_statement,停業單位損益,,--,sii,https://mopsov.twse.com.tw/mops/web/ajax_t163sb04
下游,邊緣運算_工業AI,2395,研華,2021,1,income_statement,合併前非屬共同控制股權損益,,--,sii,https://mopsov.twse.com.tw/mops/web/ajax_t163sb04
下游,邊緣運算_工業AI,2395,研華,2021,1,income_statement,本期淨利（淨損）,1928897,"1,928,897",sii,https://mopsov.twse.com.tw/mops/web/ajax_t163sb04
下游,邊緣運算_工業AI,2395,研華,2021,1,income_statement,其他綜合損益（淨額）,420300,"420,300",sii,https://mopsov.twse.com.tw/mops/web/ajax_t163sb04
下游,邊緣運算_工業AI,2395,研華,2021,1,income_statement,合併前非屬共同控制股權綜合損益淨額,,--,sii,https://mopsov.twse.com.tw/mops/web/ajax_t163sb04
下游,邊緣運算_工業AI,2395,研華,2021,1,income_statement,本期綜合損益總額,2349197,"2,349,197",sii,https://mopsov.twse.com.tw/mops/web/ajax_t163sb04
下游,邊緣運算_工業AI,2395,研華,2021,1,income_statement,淨利（淨損）歸屬於母公司業主,1913047,"1,913,047",sii,https://mopsov.twse.com.tw/mops/web/ajax_t163sb04
下游,邊緣運算_工業AI,2395,研華,2021,1,income_statement,淨利（淨損）歸屬於共同控制下前手權益,,--,sii,https://mopsov.twse.com.tw/mops/web/ajax_t163sb04
下游,邊緣運算_工業AI,2395,研華,2021,1,income_statement,淨利（淨損）歸屬於非控制權益,15850,"15,850",sii,https://mopsov.twse.com.tw/mops/web/ajax_t163sb04
下游,邊緣運算_工業AI,2395,研華,2021,1,income_statement,綜合損益總額歸屬於母公司業主,2347841,"2,347,841",sii,https://mopsov.twse.com.tw/mops/web/ajax_t163sb04
下游,邊緣運算_工業AI,2395,研華,2021,1,income_statement,綜合損益總額歸屬於共同控制下前手權益,,--,sii,https://mopsov.twse.com.tw/mops/web/ajax_t163sb04
下游,邊緣運算_工業AI,2395,研華,2021,1,income_statement,綜合損益總額歸屬於非控制權益,1356,"1,356",sii,https://mopsov.twse.com.tw/mops/web/ajax_t163sb04
下游,邊緣運算_工業AI,2395,研華,2021,1,income_statement,基本每股盈餘（元）,2.48,2.48,sii,https://mopsov.twse.com.tw/mops/web/ajax_t163sb04
下游,邊緣運算_工業AI,6166,凌華,2021,1,income_statement,營業收入,2097421,"2,097,421",sii,https://mopsov.twse.com.tw/mops/web/ajax_t163sb04
下游,邊緣運算_工業AI,6166,凌華,2021,1,income_statement,營業成本,1227401,"1,227,401",sii,https://mopsov.twse.com.tw/mops/web/ajax_t163sb04
下游,邊緣運算_工業AI,6166,凌華,2021,1,income_statement,原始認列生物資產及農產品之利益（損失）,,--,sii,https://mopsov.twse.com.tw/mops/web/ajax_t163sb04
下游,邊緣運算_工業AI,6166,凌華,2021,1,income_statement,生物資產當期公允價值減出售成本之變動利益（損失）,,--,sii,https://mopsov.twse.com.tw/mops/web/ajax_t163sb04
下游,邊緣運算_工業AI,6166,凌華,2021,1,income_statement,營業毛利（毛損）,870020,"870,020",sii,https://mopsov.twse.com.tw/mops/web/ajax_t163sb04
下游,邊緣運算_工業AI,6166,凌華,2021,1,income_statement,未實現銷貨（損）益,45,45,sii,https://mopsov.twse.com.tw/mops/web/ajax_t163sb04
下游,邊緣運算_工業AI,6166,凌華,2021,1,income_statement,已實現銷貨（損）益,,--,sii,https://mopsov.twse.com.tw/mops/web/ajax_t163sb04
下游,邊緣運算_工業AI,6166,凌華,2021,1,income_statement,營業毛利（毛損）淨額,869975,"869,975",sii,https://mopsov.twse.com.tw/mops/web/ajax_t163sb04
下游,邊緣運算_工業AI,6166,凌華,2021,1,income_statement,營業費用,825677,"825,677",sii,https://mopsov.twse.com.tw/mops/web/ajax_t163sb04
下游,邊緣運算_工業AI,6166,凌華,2021,1,income_statement,其他收益及費損淨額,,--,sii,https://mopsov.twse.com.tw/mops/web/ajax_t163sb04
下游,邊緣運算_工業AI,6166,凌華,2021,1,income_statement,營業利益（損失）,44298,"44,298",sii,https://mopsov.twse.com.tw/mops/web/ajax_t163sb04
下游,邊緣運算_工業AI,6166,凌華,2021,1,income_statement,營業外收入及支出,-29649,"-29,649",sii,https://mopsov.twse.com.tw/mops/web/ajax_t163sb04
下游,邊緣運算_工業AI,6166,凌華,2021,1,income_statement,稅前淨利（淨損）,14649,"14,649",sii,https://mopsov.twse.com.tw/mops/web/ajax_t163sb04
下游,邊緣運算_工業AI,6166,凌華,2021,1,income_statement,所得稅費用（利益）,12480,"12,480",sii,https://mopsov.twse.com.tw/mops/web/ajax_t163sb04
下游,邊緣運算_工業AI,6166,凌華,2021,1,income_statement,繼續營業單位本期淨利（淨損）,2169,"2,169",sii,https://mopsov.twse.com.tw/mops/web/ajax_t163sb04
下游,邊緣運算_工業AI,6166,凌華,2021,1,income_statement,停業單位損益,,--,sii,https://mopsov.twse.com.tw/mops/web/ajax_t163sb04
下游,邊緣運算_工業AI,6166,凌華,2021,1,income_statement,合併前非屬共同控制股權損益,,--,sii,https://mopsov.twse.com.tw/mops/web/ajax_t163sb04
下游,邊緣運算_工業AI,6166,凌華,2021,1,income_statement,本期淨利（淨損）,2169,"2,169",sii,https://mopsov.twse.com.tw/mops/web/ajax_t163sb04
下游,邊緣運算_工業AI,6166,凌華,2021,1,income_statement,其他綜合損益（淨額）,1678,"1,678",sii,https://mopsov.twse.com.tw/mops/web/ajax_t163sb04
下游,邊緣運算_工業AI,6166,凌華,2021,1,income_statement,合併前非屬共同控制股權綜合損益淨額,,--,sii,https://mopsov.twse.com.tw/mops/web/ajax_t163sb04
下游,邊緣運算_工業AI,6166,凌華,2021,1,income_statement,本期綜合損益總額,3847,"3,847",sii,https://mopsov.twse.com.tw/mops/web/ajax_t163sb04
下游,邊緣運算_工業AI,6166,凌華,2021,1,income_statement,淨利（淨損）歸屬於母公司業主,2169,"2,169",sii,https://mopsov.twse.com.tw/mops/web/ajax_t163sb04
下游,邊緣運算_工業AI,6166,凌華,2021,1,income_statement,淨利（淨損）歸屬於共同控制下前手權益,,--,sii,https://mopsov.twse.com.tw/mops/web/ajax_t163sb04
下游,邊緣運算_工業AI,6166,凌華,2021,1,income_statement,淨利（淨損）歸屬於非控制權益,0,0,sii,https://mopsov.twse.com.tw/mops/web/ajax_t163sb04
下游,邊緣運算_工業AI,6166,凌華,2021,1,income_statement,綜合損益總額歸屬於母公司業主,3847,"3,847",sii,https://mopsov.twse.com.tw/mops/web/ajax_t163sb04
下游,邊緣運算_工業AI,6166,凌華,2021,1,income_statement,綜合損益總額歸屬於共同控制下前手權益,,--,sii,https://mopsov.twse.com.tw/mops/web/ajax_t163sb04
下游,邊緣運算_工業AI,6166,凌華,2021,1,income_statement,綜合損益總額歸屬於非控制權益,0,0,sii,https://mopsov.twse.com.tw/mops/web/ajax_t163sb04
下游,邊緣運算_工業AI,6166,凌華,2021,1,income_statement,基本每股盈餘（元）,0.01,0.01,sii,https://mopsov.twse.com.tw/mops/web/ajax_t163sb04
下游,邊緣運算_工業AI,2395,研華,2021,1,balance_sheet,流動資產,32996530,"32,996,530",sii,https://mopsov.twse.com.tw/mops/web/ajax_t163sb05
下游,邊緣運算_工業AI,2395,研華,2021,1,balance_sheet,非流動資產,20879398,"20,879,398",sii,https://mopsov.twse.com.tw/mops/web/ajax_t163sb05
下游,邊緣運算_工業AI,2395,研華,2021,1,balance_sheet,資產總計,53875928,"53,875,928",sii,https://mopsov.twse.com.tw/mops/web/ajax_t163sb05
下游,邊緣運算_工業AI,2395,研華,2021,1,balance_sheet,流動負債,18699006,"18,699,006",sii,https://mopsov.twse.com.tw/mops/web/ajax_t163sb05
下游,邊緣運算_工業AI,2395,研華,2021,1,balance_sheet,非流動負債,3281134,"3,281,134",sii,https://mopsov.twse.com.tw/mops/web/ajax_t163sb05
下游,邊緣運算_工業AI,2395,研華,2021,1,balance_sheet,負債總計,21980140,"21,980,140",sii,https://mopsov.twse.com.tw/mops/web/ajax_t163sb05
下游,邊緣運算_工業AI,2395,研華,2021,1,balance_sheet,股本,7726405,"7,726,405",sii,https://mopsov.twse.com.tw/mops/web/ajax_t163sb05
下游,邊緣運算_工業AI,2395,研華,2021,1,balance_sheet,權益─具證券性質之虛擬通貨,,--,sii,https://mopsov.twse.com.tw/mops/web/ajax_t163sb05
下游,邊緣運算_工業AI,2395,研華,2021,1,balance_sheet,資本公積,8011260,"8,011,260",sii,https://mopsov.twse.com.tw/mops/web/ajax_t163sb05
下游,邊緣運算_工業AI,2395,研華,2021,1,balance_sheet,保留盈餘,16032398,"16,032,398",sii,https://mopsov.twse.com.tw/mops/web/ajax_t163sb05
下游,邊緣運算_工業AI,2395,研華,2021,1,balance_sheet,其他權益,-394914,"-394,914",sii,https://mopsov.twse.com.tw/mops/web/ajax_t163sb05
下游,邊緣運算_工業AI,2395,研華,2021,1,balance_sheet,庫藏股票,,--,sii,https://mopsov.twse.com.tw/mops/web/ajax_t163sb05
下游,邊緣運算_工業AI,2395,研華,2021,1,balance_sheet,歸屬於母公司業主之權益合計,31375149,"31,375,149",sii,https://mopsov.twse.com.tw/mops/web/ajax_t163sb05
下游,邊緣運算_工業AI,2395,研華,2021,1,balance_sheet,共同控制下前手權益,,--,sii,https://mopsov.twse.com.tw/mops/web/ajax_t163sb05
下游,邊緣運算_工業AI,2395,研華,2021,1,balance_sheet,合併前非屬共同控制股權,,--,sii,https://mopsov.twse.com.tw/mops/web/ajax_t163sb05
下游,邊緣運算_工業AI,2395,研華,2021,1,balance_sheet,非控制權益,520639,"520,639",sii,https://mopsov.twse.com.tw/mops/web/ajax_t163sb05
下游,邊緣運算_工業AI,2395,研華,2021,1,balance_sheet,權益總計,31895788,"31,895,788",sii,https://mopsov.twse.com.tw/mops/web/ajax_t163sb05
下游,邊緣運算_工業AI,2395,研華,2021,1,balance_sheet,待註銷股本股數（單位：股）,,--,sii,https://mopsov.twse.com.tw/mops/web/ajax_t163sb05
下游,邊緣運算_工業AI,2395,研華,2021,1,balance_sheet,預收股款（權益項下）之約當發行股數（單位：股）,386000,"386,000",sii,https://mopsov.twse.com.tw/mops/web/ajax_t163sb05
下游,邊緣運算_工業AI,2395,研華,2021,1,balance_sheet,母公司暨子公司所持有之母公司庫藏股股數（單位：股）,0,0,sii,https://mopsov.twse.com.tw/mops/web/ajax_t163sb05
下游,邊緣運算_工業AI,2395,研華,2021,1,balance_sheet,每股參考淨值,40.61,40.61,sii,https://mopsov.twse.com.tw/mops/web/ajax_t163sb05
下游,邊緣運算_工業AI,6166,凌華,2021,1,balance_sheet,流動資產,5619414,"5,619,414",sii,https://mopsov.twse.com.tw/mops/web/ajax_t163sb05
下游,邊緣運算_工業AI,6166,凌華,2021,1,balance_sheet,非流動資產,5416046,"5,416,046",sii,https://mopsov.twse.com.tw/mops/web/ajax_t163sb05
下游,邊緣運算_工業AI,6166,凌華,2021,1,balance_sheet,資產總計,11035460,"11,035,460",sii,https://mopsov.twse.com.tw/mops/web/ajax_t163sb05
下游,邊緣運算_工業AI,6166,凌華,2021,1,balance_sheet,流動負債,4038357,"4,038,357",sii,https://mopsov.twse.com.tw/mops/web/ajax_t163sb05
下游,邊緣運算_工業AI,6166,凌華,2021,1,balance_sheet,非流動負債,2477210,"2,477,210",sii,https://mopsov.twse.com.tw/mops/web/ajax_t163sb05
下游,邊緣運算_工業AI,6166,凌華,2021,1,balance_sheet,負債總計,6515567,"6,515,567",sii,https://mopsov.twse.com.tw/mops/web/ajax_t163sb05
下游,邊緣運算_工業AI,6166,凌華,2021,1,balance_sheet,股本,2174973,"2,174,973",sii,https://mopsov.twse.com.tw/mops/web/ajax_t163sb05
下游,邊緣運算_工業AI,6166,凌華,2021,1,balance_sheet,權益─具證券性質之虛擬通貨,,--,sii,https://mopsov.twse.com.tw/mops/web/ajax_t163sb05
下游,邊緣運算_工業AI,6166,凌華,2021,1,balance_sheet,資本公積,1167721,"1,167,721",sii,https://mopsov.twse.com.tw/mops/web/ajax_t163sb05
下游,邊緣運算_工業AI,6166,凌華,2021,1,balance_sheet,保留盈餘,1408522,"1,408,522",sii,https://mopsov.twse.com.tw/mops/web/ajax_t163sb05
下游,邊緣運算_工業AI,6166,凌華,2021,1,balance_sheet,其他權益,-231323,"-231,323",sii,https://mopsov.twse.com.tw/mops/web/ajax_t163sb05
下游,邊緣運算_工業AI,6166,凌華,2021,1,balance_sheet,庫藏股票,,--,sii,https://mopsov.twse.com.tw/mops/web/ajax_t163sb05
下游,邊緣運算_工業AI,6166,凌華,2021,1,balance_sheet,歸屬於母公司業主之權益合計,4519893,"4,519,893",sii,https://mopsov.twse.com.tw/mops/web/ajax_t163sb05
下游,邊緣運算_工業AI,6166,凌華,2021,1,balance_sheet,共同控制下前手權益,,--,sii,https://mopsov.twse.com.tw/mops/web/ajax_t163sb05
下游,邊緣運算_工業AI,6166,凌華,2021,1,balance_sheet,合併前非屬共同控制股權,,--,sii,https://mopsov.twse.com.tw/mops/web/ajax_t163sb05
下游,邊緣運算_工業AI,6166,凌華,2021,1,balance_sheet,非控制權益,0,0,sii,https://mopsov.twse.com.tw/mops/web/ajax_t163sb05
下游,邊緣運算_工業AI,6166,凌華,2021,1,balance_sheet,權益總計,4519893,"4,519,893",sii,https://mopsov.twse.com.tw/mops/web/ajax_t163sb05
下游,邊緣運算_工業AI,6166,凌華,2021,1,balance_sheet,待註銷股本股數（單位：股）,,--,sii,https://mopsov.twse.com.tw/mops/web/ajax_t163sb05
下游,邊緣運算_工業AI,6166,凌華,2021,1,balance_sheet,預收股款（權益項下）之約當發行股數（單位：股）,0,0,sii,https://mopsov.twse.com.tw/mops/web/ajax_t163sb05
下游,邊緣運算_工業AI,6166,凌華,2021,1,balance_sheet,母公司暨子公司所持有之母公司庫藏股股數（單位：股）,0,0,sii,https://mopsov.twse.com.tw/mops/web/ajax_t163sb05
下游,邊緣運算_工業AI,6166,凌華,2021,1,balance_sheet,每股參考淨值,20.78,20.78,sii,https://mopsov.twse.com.tw/mops/web/ajax_t163sb05
下游,邊緣運算_工業AI,2395,研華,2021,1,cash_flow,營業活動之淨現金流入（流出）,1043076,"1,043,076",sii,https://mopsov.twse.com.tw/mops/web/ajax_t163sb20
下游,邊緣運算_工業AI,2395,研華,2021,1,cash_flow,投資活動之淨現金流入（流出）,-396444,"-396,444",sii,https://mopsov.twse.com.tw/mops/web/ajax_t163sb20
下游,邊緣運算_工業AI,2395,研華,2021,1,cash_flow,籌資活動之淨現金流入（流出）,-165899,"-165,899",sii,https://mopsov.twse.com.tw/mops/web/ajax_t163sb20
下游,邊緣運算_工業AI,2395,研華,2021,1,cash_flow,匯率變動對現金及約當現金之影響,-192021,"-192,021",sii,https://mopsov.twse.com.tw/mops/web/ajax_t163sb20
下游,邊緣運算_工業AI,2395,研華,2021,1,cash_flow,本期現金及約當現金增加（減少）數,288712,"288,712",sii,https://mopsov.twse.com.tw/mops/web/ajax_t163sb20
下游,邊緣運算_工業AI,2395,研華,2021,1,cash_flow,期初現金及約當現金餘額,7497442,"7,497,442",sii,https://mopsov.twse.com.tw/mops/web/ajax_t163sb20
下游,邊緣運算_工業AI,2395,研華,2021,1,cash_flow,期末現金及約當現金餘額,7786154,"7,786,154",sii,https://mopsov.twse.com.tw/mops/web/ajax_t163sb20
下游,邊緣運算_工業AI,6166,凌華,2021,1,cash_flow,營業活動之淨現金流入（流出）,257230,"257,230",sii,https://mopsov.twse.com.tw/mops/web/ajax_t163sb20
下游,邊緣運算_工業AI,6166,凌華,2021,1,cash_flow,投資活動之淨現金流入（流出）,-2854392,"-2,854,392",sii,https://mopsov.twse.com.tw/mops/web/ajax_t163sb20
下游,邊緣運算_工業AI,6166,凌華,2021,1,cash_flow,籌資活動之淨現金流入（流出）,2186315,"2,186,315",sii,https://mopsov.twse.com.tw/mops/web/ajax_t163sb20
下游,邊緣運算_工業AI,6166,凌華,2021,1,cash_flow,匯率變動對現金及約當現金之影響,-8147,"-8,147",sii,https://mopsov.twse.com.tw/mops/web/ajax_t163sb20
下游,邊緣運算_工業AI,6166,凌華,2021,1,cash_flow,本期現金及約當現金增加（減少）數,-418994,"-418,994",sii,https://mopsov.twse.com.tw/mops/web/ajax_t163sb20
下游,邊緣運算_工業AI,6166,凌華,2021,1,cash_flow,期初現金及約當現金餘額,1997488,"1,997,488",sii,https://mopsov.twse.com.tw/mops/web/ajax_t163sb20
下游,邊緣運算_工業AI,6166,凌華,2021,1,cash_flow,期末現金及約當現金餘額,1578494,"1,578,494",sii,https://mopsov.twse.com.tw/mops/web/ajax_t163sb20
下游,邊緣運算_工業AI,2395,研華,2021,2,income_statement,營業收入,27371090,"27,371,090",sii,https://mopsov.twse.com.tw/mops/web/ajax_t163sb04
下游,邊緣運算_工業AI,2395,研華,2021,2,income_statement,營業成本,16945074,"16,945,074",sii,https://mopsov.twse.com.tw/mops/web/ajax_t163sb04
下游,邊緣運算_工業AI,2395,研華,2021,2,income_statement,原始認列生物資產及農產品之利益（損失）,,--,sii,https://mopsov.twse.com.tw/mops/web/ajax_t163sb04
下游,邊緣運算_工業AI,2395,研華,2021,2,income_statement,生物資產當期公允價值減出售成本之變動利益（損失）,,--,sii,https://mopsov.twse.com.tw/mops/web/ajax_t163sb04
下游,邊緣運算_工業AI,2395,研華,2021,2,income_statement,營業毛利（毛損）,10426016,"10,426,016",sii,https://mopsov.twse.com.tw/mops/web/ajax_t163sb04
下游,邊緣運算_工業AI,2395,研華,2021,2,income_statement,未實現銷貨（損）益,,--,sii,https://mopsov.twse.com.tw/mops/web/ajax_t163sb04
下游,邊緣運算_工業AI,2395,研華,2021,2,income_statement,已實現銷貨（損）益,,--,sii,https://mopsov.twse.com.tw/mops/web/ajax_t163sb04
下游,邊緣運算_工業AI,2395,研華,2021,2,income_statement,營業毛利（毛損）淨額,10426016,"10,426,016",sii,https://mopsov.twse.com.tw/mops/web/ajax_t163sb04
下游,邊緣運算_工業AI,2395,研華,2021,2,income_statement,營業費用,5941810,"5,941,810",sii,https://mopsov.twse.com.tw/mops/web/ajax_t163sb04
下游,邊緣運算_工業AI,2395,研華,2021,2,income_statement,其他收益及費損淨額,,--,sii,https://mopsov.twse.com.tw/mops/web/ajax_t163sb04
下游,邊緣運算_工業AI,2395,研華,2021,2,income_statement,營業利益（損失）,4484206,"4,484,206",sii,https://mopsov.twse.com.tw/mops/web/ajax_t163sb04
下游,邊緣運算_工業AI,2395,研華,2021,2,income_statement,營業外收入及支出,210121,"210,121",sii,https://mopsov.twse.com.tw/mops/web/ajax_t163sb04
下游,邊緣運算_工業AI,2395,研華,2021,2,income_statement,稅前淨利（淨損）,4694327,"4,694,327",sii,https://mopsov.twse.com.tw/mops/web/ajax_t163sb04
下游,邊緣運算_工業AI,2395,研華,2021,2,income_statement,所得稅費用（利益）,950122,"950,122",sii,https://mopsov.twse.com.tw/mops/web/ajax_t163sb04
下游,邊緣運算_工業AI,2395,研華,2021,2,income_statement,繼續營業單位本期淨利（淨損）,3744205,"3,744,205",sii,https://mopsov.twse.com.tw/mops/web/ajax_t163sb04
下游,邊緣運算_工業AI,2395,研華,2021,2,income_statement,停業單位損益,,--,sii,https://mopsov.twse.com.tw/mops/web/ajax_t163sb04
下游,邊緣運算_工業AI,2395,研華,2021,2,income_statement,合併前非屬共同控制股權損益,,--,sii,https://mopsov.twse.com.tw/mops/web/ajax_t163sb04
下游,邊緣運算_工業AI,2395,研華,2021,2,income_statement,本期淨利（淨損）,3744205,"3,744,205",sii,https://mopsov.twse.com.tw/mops/web/ajax_t163sb04
下游,邊緣運算_工業AI,2395,研華,2021,2,income_statement,其他綜合損益（淨額）,181892,"181,892",sii,https://mopsov.twse.com.tw/mops/web/ajax_t163sb04
下游,邊緣運算_工業AI,2395,研華,2021,2,income_statement,合併前非屬共同控制股權綜合損益淨額,,--,sii,https://mopsov.twse.com.tw/mops/web/ajax_t163sb04
下游,邊緣運算_工業AI,2395,研華,2021,2,income_statement,本期綜合損益總額,3926097,"3,926,097",sii,https://mopsov.twse.com.tw/mops/web/ajax_t163sb04
下游,邊緣運算_工業AI,2395,研華,2021,2,income_statement,淨利（淨損）歸屬於母公司業主,3703070,"3,703,070",sii,https://mopsov.twse.com.tw/mops/web/ajax_t163sb04
下游,邊緣運算_工業AI,2395,研華,2021,2,income_statement,淨利（淨損）歸屬於共同控制下前手權益,,--,sii,https://mopsov.twse.com.tw/mops/web/ajax_t163sb04
下游,邊緣運算_工業AI,2395,研華,2021,2,income_statement,淨利（淨損）歸屬於非控制權益,41135,"41,135",sii,https://mopsov.twse.com.tw/mops/web/ajax_t163sb04
下游,邊緣運算_工業AI,2395,研華,2021,2,income_statement,綜合損益總額歸屬於母公司業主,3924571,"3,924,571",sii,https://mopsov.twse.com.tw/mops/web/ajax_t163sb04
下游,邊緣運算_工業AI,2395,研華,2021,2,income_statement,綜合損益總額歸屬於共同控制下前手權益,,--,sii,https://mopsov.twse.com.tw/mops/web/ajax_t163sb04
下游,邊緣運算_工業AI,2395,研華,2021,2,income_statement,綜合損益總額歸屬於非控制權益,1526,"1,526",sii,https://mopsov.twse.com.tw/mops/web/ajax_t163sb04
下游,邊緣運算_工業AI,2395,研華,2021,2,income_statement,基本每股盈餘（元）,4.79,4.79,sii,https://mopsov.twse.com.tw/mops/web/ajax_t163sb04
下游,邊緣運算_工業AI,6166,凌華,2021,2,income_statement,營業收入,4356774,"4,356,774",sii,https://mopsov.twse.com.tw/mops/web/ajax_t163sb04
下游,邊緣運算_工業AI,6166,凌華,2021,2,income_statement,營業成本,2683354,"2,683,354",sii,https://mopsov.twse.com.tw/mops/web/ajax_t163sb04
下游,邊緣運算_工業AI,6166,凌華,2021,2,income_statement,原始認列生物資產及農產品之利益（損失）,,--,sii,https://mopsov.twse.com.tw/mops/web/ajax_t163sb04
下游,邊緣運算_工業AI,6166,凌華,2021,2,income_statement,生物資產當期公允價值減出售成本之變動利益（損失）,,--,sii,https://mopsov.twse.com.tw/mops/web/ajax_t163sb04
下游,邊緣運算_工業AI,6166,凌華,2021,2,income_statement,營業毛利（毛損）,1673420,"1,673,420",sii,https://mopsov.twse.com.tw/mops/web/ajax_t163sb04
下游,邊緣運算_工業AI,6166,凌華,2021,2,income_statement,未實現銷貨（損）益,190,190,sii,https://mopsov.twse.com.tw/mops/web/ajax_t163sb04
下游,邊緣運算_工業AI,6166,凌華,2021,2,income_statement,已實現銷貨（損）益,,--,sii,https://mopsov.twse.com.tw/mops/web/ajax_t163sb04
下游,邊緣運算_工業AI,6166,凌華,2021,2,income_statement,營業毛利（毛損）淨額,1673230,"1,673,230",sii,https://mopsov.twse.com.tw/mops/web/ajax_t163sb04
下游,邊緣運算_工業AI,6166,凌華,2021,2,income_statement,營業費用,1645357,"1,645,357",sii,https://mopsov.twse.com.tw/mops/web/ajax_t163sb04
下游,邊緣運算_工業AI,6166,凌華,2021,2,income_statement,其他收益及費損淨額,,--,sii,https://mopsov.twse.com.tw/mops/web/ajax_t163sb04
下游,邊緣運算_工業AI,6166,凌華,2021,2,income_statement,營業利益（損失）,27873,"27,873",sii,https://mopsov.twse.com.tw/mops/web/ajax_t163sb04
下游,邊緣運算_工業AI,6166,凌華,2021,2,income_statement,營業外收入及支出,45299,"45,299",sii,https://mopsov.twse.com.tw/mops/web/ajax_t163sb04
下游,邊緣運算_工業AI,6166,凌華,2021,2,income_statement,稅前淨利（淨損）,73172,"73,172",sii,https://mopsov.twse.com.tw/mops/web/ajax_t163sb04
下游,邊緣運算_工業AI,6166,凌華,2021,2,income_statement,所得稅費用（利益）,4196,"4,196",sii,https://mopsov.twse.com.tw/mops/web/ajax_t163sb04
下游,邊緣運算_工業AI,6166,凌華,2021,2,income_statement,繼續營業單位本期淨利（淨損）,68976,"68,976",sii,https://mopsov.twse.com.tw/mops/web/ajax_t163sb04
下游,邊緣運算_工業AI,6166,凌華,2021,2,income_statement,停業單位損益,,--,sii,https://mopsov.twse.com.tw/mops/web/ajax_t163sb04
下游,邊緣運算_工業AI,6166,凌華,2021,2,income_statement,合併前非屬共同控制股權損益,,--,sii,https://mopsov.twse.com.tw/mops/web/ajax_t163sb04
下游,邊緣運算_工業AI,6166,凌華,2021,2,income_statement,本期淨利（淨損）,68976,"68,976",sii,https://mopsov.twse.com.tw/mops/web/ajax_t163sb04
下游,邊緣運算_工業AI,6166,凌華,2021,2,income_statement,其他綜合損益（淨額）,-26765,"-26,765",sii,https://mopsov.twse.com.tw/mops/web/ajax_t163sb04
下游,邊緣運算_工業AI,6166,凌華,2021,2,income_statement,合併前非屬共同控制股權綜合損益淨額,,--,sii,https://mopsov.twse.com.tw/mops/web/ajax_t163sb04
下游,邊緣運算_工業AI,6166,凌華,2021,2,income_statement,本期綜合損益總額,42211,"42,211",sii,https://mopsov.twse.com.tw/mops/web/ajax_t163sb04
下游,邊緣運算_工業AI,6166,凌華,2021,2,income_statement,淨利（淨損）歸屬於母公司業主,68976,"68,976",sii,https://mopsov.twse.com.tw/mops/web/ajax_t163sb04
下游,邊緣運算_工業AI,6166,凌華,2021,2,income_statement,淨利（淨損）歸屬於共同控制下前手權益,,--,sii,https://mopsov.twse.com.tw/mops/web/ajax_t163sb04
下游,邊緣運算_工業AI,6166,凌華,2021,2,income_statement,淨利（淨損）歸屬於非控制權益,0,0,sii,https://mopsov.twse.com.tw/mops/web/ajax_t163sb04
下游,邊緣運算_工業AI,6166,凌華,2021,2,income_statement,綜合損益總額歸屬於母公司業主,42211,"42,211",sii,https://mopsov.twse.com.tw/mops/web/ajax_t163sb04
下游,邊緣運算_工業AI,6166,凌華,2021,2,income_statement,綜合損益總額歸屬於共同控制下前手權益,,--,sii,https://mopsov.twse.com.tw/mops/web/ajax_t163sb04
下游,邊緣運算_工業AI,6166,凌華,2021,2,income_statement,綜合損益總額歸屬於非控制權益,0,0,sii,https://mopsov.twse.com.tw/mops/web/ajax_t163sb04
下游,邊緣運算_工業AI,6166,凌華,2021,2,income_statement,基本每股盈餘（元）,0.32,0.32,sii,https://mopsov.twse.com.tw/mops/web/ajax_t163sb04
下游,邊緣運算_工業AI,2395,研華,2021,2,balance_sheet,流動資產,36498599,"36,498,599",sii,https://mopsov.twse.com.tw/mops/web/ajax_t163sb05
下游,邊緣運算_工業AI,2395,研華,2021,2,balance_sheet,非流動資產,20815764,"20,815,764",sii,https://mopsov.twse.com.tw/mops/web/ajax_t163sb05
下游,邊緣運算_工業AI,2395,研華,2021,2,balance_sheet,資產總計,57314363,"57,314,363",sii,https://mopsov.twse.com.tw/mops/web/ajax_t163sb05
下游,邊緣運算_工業AI,2395,研華,2021,2,balance_sheet,流動負債,20714226,"20,714,226",sii,https://mopsov.twse.com.tw/mops/web/ajax_t163sb05
下游,邊緣運算_工業AI,2395,研華,2021,2,balance_sheet,非流動負債,3044280,"3,044,280",sii,https://mopsov.twse.com.tw/mops/web/ajax_t163sb05
下游,邊緣運算_工業AI,2395,研華,2021,2,balance_sheet,負債總計,23758506,"23,758,506",sii,https://mopsov.twse.com.tw/mops/web/ajax_t163sb05
下游,邊緣運算_工業AI,2395,研華,2021,2,balance_sheet,股本,7727295,"7,727,295",sii,https://mopsov.twse.com.tw/mops/web/ajax_t163sb05
下游,邊緣運算_工業AI,2395,研華,2021,2,balance_sheet,權益─具證券性質之虛擬通貨,,--,sii,https://mopsov.twse.com.tw/mops/web/ajax_t163sb05
下游,邊緣運算_工業AI,2395,研華,2021,2,balance_sheet,資本公積,8152499,"8,152,499",sii,https://mopsov.twse.com.tw/mops/web/ajax_t163sb05
下游,邊緣運算_工業AI,2395,研華,2021,2,balance_sheet,保留盈餘,17762714,"17,762,714",sii,https://mopsov.twse.com.tw/mops/web/ajax_t163sb05
下游,邊緣運算_工業AI,2395,研華,2021,2,balance_sheet,其他權益,-608092,"-608,092",sii,https://mopsov.twse.com.tw/mops/web/ajax_t163sb05
下游,邊緣運算_工業AI,2395,研華,2021,2,balance_sheet,庫藏股票,,--,sii,https://mopsov.twse.com.tw/mops/web/ajax_t163sb05
下游,邊緣運算_工業AI,2395,研華,2021,2,balance_sheet,歸屬於母公司業主之權益合計,33034416,"33,034,416",sii,https://mopsov.twse.com.tw/mops/web/ajax_t163sb05
下游,邊緣運算_工業AI,2395,研華,2021,2,balance_sheet,共同控制下前手權益,,--,sii,https://mopsov.twse.com.tw/mops/web/ajax_t163sb05
下游,邊緣運算_工業AI,2395,研華,2021,2,balance_sheet,合併前非屬共同控制股權,,--,sii,https://mopsov.twse.com.tw/mops/web/ajax_t163sb05
下游,邊緣運算_工業AI,2395,研華,2021,2,balance_sheet,非控制權益,521441,"521,441",sii,https://mopsov.twse.com.tw/mops/web/ajax_t163sb05
下游,邊緣運算_工業AI,2395,研華,2021,2,balance_sheet,權益總計,33555857,"33,555,857",sii,https://mopsov.twse.com.tw/mops/web/ajax_t163sb05
下游,邊緣運算_工業AI,2395,研華,2021,2,balance_sheet,待註銷股本股數（單位：股）,,--,sii,https://mopsov.twse.com.tw/mops/web/ajax_t163sb05
下游,邊緣運算_工業AI,2395,研華,2021,2,balance_sheet,預收股款（權益項下）之約當發行股數（單位：股）,89000,"89,000",sii,https://mopsov.twse.com.tw/mops/web/ajax_t163sb05
下游,邊緣運算_工業AI,2395,研華,2021,2,balance_sheet,母公司暨子公司所持有之母公司庫藏股股數（單位：股）,0,0,sii,https://mopsov.twse.com.tw/mops/web/ajax_t163sb05
下游,邊緣運算_工業AI,2395,研華,2021,2,balance_sheet,每股參考淨值,42.75,42.75,sii,https://mopsov.twse.com.tw/mops/web/ajax_t163sb05
下游,邊緣運算_工業AI,6166,凌華,2021,2,balance_sheet,流動資產,6028647,"6,028,647",sii,https://mopsov.twse.com.tw/mops/web/ajax_t163sb05
下游,邊緣運算_工業AI,6166,凌華,2021,2,balance_sheet,非流動資產,5584769,"5,584,769",sii,https://mopsov.twse.com.tw/mops/web/ajax_t163sb05
下游,邊緣運算_工業AI,6166,凌華,2021,2,balance_sheet,資產總計,11613416,"11,613,416",sii,https://mopsov.twse.com.tw/mops/web/ajax_t163sb05
下游,邊緣運算_工業AI,6166,凌華,2021,2,balance_sheet,流動負債,4744474,"4,744,474",sii,https://mopsov.twse.com.tw/mops/web/ajax_t163sb05
下游,邊緣運算_工業AI,6166,凌華,2021,2,balance_sheet,非流動負債,2310685,"2,310,685",sii,https://mopsov.twse.com.tw/mops/web/ajax_t163sb05
下游,邊緣運算_工業AI,6166,凌華,2021,2,balance_sheet,負債總計,7055159,"7,055,159",sii,https://mopsov.twse.com.tw/mops/web/ajax_t163sb05
下游,邊緣運算_工業AI,6166,凌華,2021,2,balance_sheet,股本,2174973,"2,174,973",sii,https://mopsov.twse.com.tw/mops/web/ajax_t163sb05
下游,邊緣運算_工業AI,6166,凌華,2021,2,balance_sheet,權益─具證券性質之虛擬通貨,,--,sii,https://mopsov.twse.com.tw/mops/web/ajax_t163sb05
下游,邊緣運算_工業AI,6166,凌華,2021,2,balance_sheet,資本公積,1167721,"1,167,721",sii,https://mopsov.twse.com.tw/mops/web/ajax_t163sb05
下游,邊緣運算_工業AI,6166,凌華,2021,2,balance_sheet,保留盈餘,1475329,"1,475,329",sii,https://mopsov.twse.com.tw/mops/web/ajax_t163sb05
下游,邊緣運算_工業AI,6166,凌華,2021,2,balance_sheet,其他權益,-259766,"-259,766",sii,https://mopsov.twse.com.tw/mops/web/ajax_t163sb05
下游,邊緣運算_工業AI,6166,凌華,2021,2,balance_sheet,庫藏股票,,--,sii,https://mopsov.twse.com.tw/mops/web/ajax_t163sb05
下游,邊緣運算_工業AI,6166,凌華,2021,2,balance_sheet,歸屬於母公司業主之權益合計,4558257,"4,558,257",sii,https://mopsov.twse.com.tw/mops/web/ajax_t163sb05
下游,邊緣運算_工業AI,6166,凌華,2021,2,balance_sheet,共同控制下前手權益,,--,sii,https://mopsov.twse.com.tw/mops/web/ajax_t163sb05
下游,邊緣運算_工業AI,6166,凌華,2021,2,balance_sheet,合併前非屬共同控制股權,,--,sii,https://mopsov.twse.com.tw/mops/web/ajax_t163sb05
下游,邊緣運算_工業AI,6166,凌華,2021,2,balance_sheet,非控制權益,0,0,sii,https://mopsov.twse.com.tw/mops/web/ajax_t163sb05
下游,邊緣運算_工業AI,6166,凌華,2021,2,balance_sheet,權益總計,4558257,"4,558,257",sii,https://mopsov.twse.com.tw/mops/web/ajax_t163sb05
下游,邊緣運算_工業AI,6166,凌華,2021,2,balance_sheet,待註銷股本股數（單位：股）,,--,sii,https://mopsov.twse.com.tw/mops/web/ajax_t163sb05
下游,邊緣運算_工業AI,6166,凌華,2021,2,balance_sheet,預收股款（權益項下）之約當發行股數（單位：股）,0,0,sii,https://mopsov.twse.com.tw/mops/web/ajax_t163sb05
下游,邊緣運算_工業AI,6166,凌華,2021,2,balance_sheet,母公司暨子公司所持有之母公司庫藏股股數（單位：股）,0,0,sii,https://mopsov.twse.com.tw/mops/web/ajax_t163sb05
下游,邊緣運算_工業AI,6166,凌華,2021,2,balance_sheet,每股參考淨值,20.96,20.96,sii,https://mopsov.twse.com.tw/mops/web/ajax_t163sb05
下游,邊緣運算_工業AI,2395,研華,2021,2,cash_flow,營業活動之淨現金流入（流出）,1633618,"1,633,618",sii,https://mopsov.twse.com.tw/mops/web/ajax_t163sb20
下游,邊緣運算_工業AI,2395,研華,2021,2,cash_flow,投資活動之淨現金流入（流出）,-744737,"-744,737",sii,https://mopsov.twse.com.tw/mops/web/ajax_t163sb20
下游,邊緣運算_工業AI,2395,研華,2021,2,cash_flow,籌資活動之淨現金流入（流出）,-239842,"-239,842",sii,https://mopsov.twse.com.tw/mops/web/ajax_t163sb20
下游,邊緣運算_工業AI,2395,研華,2021,2,cash_flow,匯率變動對現金及約當現金之影響,-374660,"-374,660",sii,https://mopsov.twse.com.tw/mops/web/ajax_t163sb20
下游,邊緣運算_工業AI,2395,研華,2021,2,cash_flow,本期現金及約當現金增加（減少）數,274379,"274,379",sii,https://mopsov.twse.com.tw/mops/web/ajax_t163sb20
下游,邊緣運算_工業AI,2395,研華,2021,2,cash_flow,期初現金及約當現金餘額,7497442,"7,497,442",sii,https://mopsov.twse.com.tw/mops/web/ajax_t163sb20
下游,邊緣運算_工業AI,2395,研華,2021,2,cash_flow,期末現金及約當現金餘額,7771821,"7,771,821",sii,https://mopsov.twse.com.tw/mops/web/ajax_t163sb20
下游,邊緣運算_工業AI,6166,凌華,2021,2,cash_flow,營業活動之淨現金流入（流出）,10326,"10,326",sii,https://mopsov.twse.com.tw/mops/web/ajax_t163sb20
下游,邊緣運算_工業AI,6166,凌華,2021,2,cash_flow,投資活動之淨現金流入（流出）,-3088597,"-3,088,597",sii,https://mopsov.twse.com.tw/mops/web/ajax_t163sb20
下游,邊緣運算_工業AI,6166,凌華,2021,2,cash_flow,籌資活動之淨現金流入（流出）,2122128,"2,122,128",sii,https://mopsov.twse.com.tw/mops/web/ajax_t163sb20
下游,邊緣運算_工業AI,6166,凌華,2021,2,cash_flow,匯率變動對現金及約當現金之影響,-26731,"-26,731",sii,https://mopsov.twse.com.tw/mops/web/ajax_t163sb20
下游,邊緣運算_工業AI,6166,凌華,2021,2,cash_flow,本期現金及約當現金增加（減少）數,-982874,"-982,874",sii,https://mopsov.twse.com.tw/mops/web/ajax_t163sb20
下游,邊緣運算_工業AI,6166,凌華,2021,2,cash_flow,期初現金及約當現金餘額,1997488,"1,997,488",sii,https://mopsov.twse.com.tw/mops/web/ajax_t163sb20
下游,邊緣運算_工業AI,6166,凌華,2021,2,cash_flow,期末現金及約當現金餘額,1014614,"1,014,614",sii,https://mopsov.twse.com.tw/mops/web/ajax_t163sb20
下游,邊緣運算_工業AI,2395,研華,2021,3,income_statement,營業收入,42877954,"42,877,954",sii,https://mopsov.twse.com.tw/mops/web/ajax_t163sb04
下游,邊緣運算_工業AI,2395,研華,2021,3,income_statement,營業成本,26745909,"26,745,909",sii,https://mopsov.twse.com.tw/mops/web/ajax_t163sb04
下游,邊緣運算_工業AI,2395,研華,2021,3,income_statement,原始認列生物資產及農產品之利益（損失）,,--,sii,https://mopsov.twse.com.tw/mops/web/ajax_t163sb04
下游,邊緣運算_工業AI,2395,研華,2021,3,income_statement,生物資產當期公允價值減出售成本之變動利益（損失）,,--,sii,https://mopsov.twse.com.tw/mops/web/ajax_t163sb04
下游,邊緣運算_工業AI,2395,研華,2021,3,income_statement,營業毛利（毛損）,16132045,"16,132,045",sii,https://mopsov.twse.com.tw/mops/web/ajax_t163sb04
下游,邊緣運算_工業AI,2395,研華,2021,3,income_statement,未實現銷貨（損）益,,--,sii,https://mopsov.twse.com.tw/mops/web/ajax_t163sb04
下游,邊緣運算_工業AI,2395,研華,2021,3,income_statement,已實現銷貨（損）益,,--,sii,https://mopsov.twse.com.tw/mops/web/ajax_t163sb04
下游,邊緣運算_工業AI,2395,研華,2021,3,income_statement,營業毛利（毛損）淨額,16132045,"16,132,045",sii,https://mopsov.twse.com.tw/mops/web/ajax_t163sb04
下游,邊緣運算_工業AI,2395,研華,2021,3,income_statement,營業費用,9040222,"9,040,222",sii,https://mopsov.twse.com.tw/mops/web/ajax_t163sb04
下游,邊緣運算_工業AI,2395,研華,2021,3,income_statement,其他收益及費損淨額,,--,sii,https://mopsov.twse.com.tw/mops/web/ajax_t163sb04
下游,邊緣運算_工業AI,2395,研華,2021,3,income_statement,營業利益（損失）,7091823,"7,091,823",sii,https://mopsov.twse.com.tw/mops/web/ajax_t163sb04
下游,邊緣運算_工業AI,2395,研華,2021,3,income_statement,營業外收入及支出,485316,"485,316",sii,https://mopsov.twse.com.tw/mops/web/ajax_t163sb04
下游,邊緣運算_工業AI,2395,研華,2021,3,income_statement,稅前淨利（淨損）,7577139,"7,577,139",sii,https://mopsov.twse.com.tw/mops/web/ajax_t163sb04
下游,邊緣運算_工業AI,2395,研華,2021,3,income_statement,所得稅費用（利益）,1546023,"1,546,023",sii,https://mopsov.twse.com.tw/mops/web/ajax_t163sb04
下游,邊緣運算_工業AI,2395,研華,2021,3,income_statement,繼續營業單位本期淨利（淨損）,6031116,"6,031,116",sii,https://mopsov.twse.com.tw/mops/web/ajax_t163sb04
下游,邊緣運算_工業AI,2395,研華,2021,3,income_statement,停業單位損益,,--,sii,https://mopsov.twse.com.tw/mops/web/ajax_t163sb04
下游,邊緣運算_工業AI,2395,研華,2021,3,income_statement,合併前非屬共同控制股權損益,,--,sii,https://mopsov.twse.com.tw/mops/web/ajax_t163sb04
下游,邊緣運算_工業AI,2395,研華,2021,3,income_statement,本期淨利（淨損）,6031116,"6,031,116",sii,https://mopsov.twse.com.tw/mops/web/ajax_t163sb04
下游,邊緣運算_工業AI,2395,研華,2021,3,income_statement,其他綜合損益（淨額）,-16785,"-16,785",sii,https://mopsov.twse.com.tw/mops/web/ajax_t163sb04
下游,邊緣運算_工業AI,2395,研華,2021,3,income_statement,合併前非屬共同控制股權綜合損益淨額,,--,sii,https://mopsov.twse.com.tw/mops/web/ajax_t163sb04
下游,邊緣運算_工業AI,2395,研華,2021,3,income_statement,本期綜合損益總額,6014331,"6,014,331",sii,https://mopsov.twse.com.tw/mops/web/ajax_t163sb04
下游,邊緣運算_工業AI,2395,研華,2021,3,income_statement,淨利（淨損）歸屬於母公司業主,5977551,"5,977,551",sii,https://mopsov.twse.com.tw/mops/web/ajax_t163sb04
下游,邊緣運算_工業AI,2395,研華,2021,3,income_statement,淨利（淨損）歸屬於共同控制下前手權益,,--,sii,https://mopsov.twse.com.tw/mops/web/ajax_t163sb04
下游,邊緣運算_工業AI,2395,研華,2021,3,income_statement,淨利（淨損）歸屬於非控制權益,53565,"53,565",sii,https://mopsov.twse.com.tw/mops/web/ajax_t163sb04
下游,邊緣運算_工業AI,2395,研華,2021,3,income_statement,綜合損益總額歸屬於母公司業主,5986051,"5,986,051",sii,https://mopsov.twse.com.tw/mops/web/ajax_t163sb04
下游,邊緣運算_工業AI,2395,研華,2021,3,income_statement,綜合損益總額歸屬於共同控制下前手權益,,--,sii,https://mopsov.twse.com.tw/mops/web/ajax_t163sb04
下游,邊緣運算_工業AI,2395,研華,2021,3,income_statement,綜合損益總額歸屬於非控制權益,28280,"28,280",sii,https://mopsov.twse.com.tw/mops/web/ajax_t163sb04
下游,邊緣運算_工業AI,2395,研華,2021,3,income_statement,基本每股盈餘（元）,7.74,7.74,sii,https://mopsov.twse.com.tw/mops/web/ajax_t163sb04
下游,邊緣運算_工業AI,6166,凌華,2021,3,income_statement,營業收入,6648630,"6,648,630",sii,https://mopsov.twse.com.tw/mops/web/ajax_t163sb04
下游,邊緣運算_工業AI,6166,凌華,2021,3,income_statement,營業成本,4172825,"4,172,825",sii,https://mopsov.twse.com.tw/mops/web/ajax_t163sb04
下游,邊緣運算_工業AI,6166,凌華,2021,3,income_statement,原始認列生物資產及農產品之利益（損失）,,--,sii,https://mopsov.twse.com.tw/mops/web/ajax_t163sb04
下游,邊緣運算_工業AI,6166,凌華,2021,3,income_statement,生物資產當期公允價值減出售成本之變動利益（損失）,,--,sii,https://mopsov.twse.com.tw/mops/web/ajax_t163sb04
下游,邊緣運算_工業AI,6166,凌華,2021,3,income_statement,營業毛利（毛損）,2475805,"2,475,805",sii,https://mopsov.twse.com.tw/mops/web/ajax_t163sb04
下游,邊緣運算_工業AI,6166,凌華,2021,3,income_statement,未實現銷貨（損）益,362,362,sii,https://mopsov.twse.com.tw/mops/web/ajax_t163sb04
下游,邊緣運算_工業AI,6166,凌華,2021,3,income_statement,已實現銷貨（損）益,,--,sii,https://mopsov.twse.com.tw/mops/web/ajax_t163sb04
下游,邊緣運算_工業AI,6166,凌華,2021,3,income_statement,營業毛利（毛損）淨額,2475443,"2,475,443",sii,https://mopsov.twse.com.tw/mops/web/ajax_t163sb04
下游,邊緣運算_工業AI,6166,凌華,2021,3,income_statement,營業費用,2487053,"2,487,053",sii,https://mopsov.twse.com.tw/mops/web/ajax_t163sb04
下游,邊緣運算_工業AI,6166,凌華,2021,3,income_statement,其他收益及費損淨額,,--,sii,https://mopsov.twse.com.tw/mops/web/ajax_t163sb04
下游,邊緣運算_工業AI,6166,凌華,2021,3,income_statement,營業利益（損失）,-11610,"-11,610",sii,https://mopsov.twse.com.tw/mops/web/ajax_t163sb04
下游,邊緣運算_工業AI,6166,凌華,2021,3,income_statement,營業外收入及支出,53788,"53,788",sii,https://mopsov.twse.com.tw/mops/web/ajax_t163sb04
下游,邊緣運算_工業AI,6166,凌華,2021,3,income_statement,稅前淨利（淨損）,42178,"42,178",sii,https://mopsov.twse.com.tw/mops/web/ajax_t163sb04
下游,邊緣運算_工業AI,6166,凌華,2021,3,income_statement,所得稅費用（利益）,24693,"24,693",sii,https://mopsov.twse.com.tw/mops/web/ajax_t163sb04
下游,邊緣運算_工業AI,6166,凌華,2021,3,income_statement,繼續營業單位本期淨利（淨損）,17485,"17,485",sii,https://mopsov.twse.com.tw/mops/web/ajax_t163sb04
下游,邊緣運算_工業AI,6166,凌華,2021,3,income_statement,停業單位損益,,--,sii,https://mopsov.twse.com.tw/mops/web/ajax_t163sb04
下游,邊緣運算_工業AI,6166,凌華,2021,3,income_statement,合併前非屬共同控制股權損益,,--,sii,https://mopsov.twse.com.tw/mops/web/ajax_t163sb04
下游,邊緣運算_工業AI,6166,凌華,2021,3,income_statement,本期淨利（淨損）,17485,"17,485",sii,https://mopsov.twse.com.tw/mops/web/ajax_t163sb04
下游,邊緣運算_工業AI,6166,凌華,2021,3,income_statement,其他綜合損益（淨額）,-17873,"-17,873",sii,https://mopsov.twse.com.tw/mops/web/ajax_t163sb04
下游,邊緣運算_工業AI,6166,凌華,2021,3,income_statement,合併前非屬共同控制股權綜合損益淨額,,--,sii,https://mopsov.twse.com.tw/mops/web/ajax_t163sb04
下游,邊緣運算_工業AI,6166,凌華,2021,3,income_statement,本期綜合損益總額,-388,-388,sii,https://mopsov.twse.com.tw/mops/web/ajax_t163sb04
下游,邊緣運算_工業AI,6166,凌華,2021,3,income_statement,淨利（淨損）歸屬於母公司業主,17485,"17,485",sii,https://mopsov.twse.com.tw/mops/web/ajax_t163sb04
下游,邊緣運算_工業AI,6166,凌華,2021,3,income_statement,淨利（淨損）歸屬於共同控制下前手權益,,--,sii,https://mopsov.twse.com.tw/mops/web/ajax_t163sb04
下游,邊緣運算_工業AI,6166,凌華,2021,3,income_statement,淨利（淨損）歸屬於非控制權益,0,0,sii,https://mopsov.twse.com.tw/mops/web/ajax_t163sb04
下游,邊緣運算_工業AI,6166,凌華,2021,3,income_statement,綜合損益總額歸屬於母公司業主,-388,-388,sii,https://mopsov.twse.com.tw/mops/web/ajax_t163sb04
下游,邊緣運算_工業AI,6166,凌華,2021,3,income_statement,綜合損益總額歸屬於共同控制下前手權益,,--,sii,https://mopsov.twse.com.tw/mops/web/ajax_t163sb04
下游,邊緣運算_工業AI,6166,凌華,2021,3,income_statement,綜合損益總額歸屬於非控制權益,0,0,sii,https://mopsov.twse.com.tw/mops/web/ajax_t163sb04
下游,邊緣運算_工業AI,6166,凌華,2021,3,income_statement,基本每股盈餘（元）,0.08,0.08,sii,https://mopsov.twse.com.tw/mops/web/ajax_t163sb04
下游,邊緣運算_工業AI,2395,研華,2021,3,balance_sheet,流動資產,33295203,"33,295,203",sii,https://mopsov.twse.com.tw/mops/web/ajax_t163sb05
下游,邊緣運算_工業AI,2395,研華,2021,3,balance_sheet,非流動資產,20690606,"20,690,606",sii,https://mopsov.twse.com.tw/mops/web/ajax_t163sb05
下游,邊緣運算_工業AI,2395,研華,2021,3,balance_sheet,資產總計,53985809,"53,985,809",sii,https://mopsov.twse.com.tw/mops/web/ajax_t163sb05
下游,邊緣運算_工業AI,2395,研華,2021,3,balance_sheet,流動負債,15311528,"15,311,528",sii,https://mopsov.twse.com.tw/mops/web/ajax_t163sb05
下游,邊緣運算_工業AI,2395,研華,2021,3,balance_sheet,非流動負債,2995687,"2,995,687",sii,https://mopsov.twse.com.tw/mops/web/ajax_t163sb05
下游,邊緣運算_工業AI,2395,研華,2021,3,balance_sheet,負債總計,18307215,"18,307,215",sii,https://mopsov.twse.com.tw/mops/web/ajax_t163sb05
下游,邊緣運算_工業AI,2395,研華,2021,3,balance_sheet,股本,7738228,"7,738,228",sii,https://mopsov.twse.com.tw/mops/web/ajax_t163sb05
下游,邊緣運算_工業AI,2395,研華,2021,3,balance_sheet,權益─具證券性質之虛擬通貨,,--,sii,https://mopsov.twse.com.tw/mops/web/ajax_t163sb05
下游,邊緣運算_工業AI,2395,研華,2021,3,balance_sheet,資本公積,8334107,"8,334,107",sii,https://mopsov.twse.com.tw/mops/web/ajax_t163sb05
下游,邊緣運算_工業AI,2395,研華,2021,3,balance_sheet,保留盈餘,19970849,"19,970,849",sii,https://mopsov.twse.com.tw/mops/web/ajax_t163sb05
下游,邊緣運算_工業AI,2395,研華,2021,3,balance_sheet,其他權益,-811723,"-811,723",sii,https://mopsov.twse.com.tw/mops/web/ajax_t163sb05
下游,邊緣運算_工業AI,2395,研華,2021,3,balance_sheet,庫藏股票,,--,sii,https://mopsov.twse.com.tw/mops/web/ajax_t163sb05
下游,邊緣運算_工業AI,2395,研華,2021,3,balance_sheet,歸屬於母公司業主之權益合計,35231461,"35,231,461",sii,https://mopsov.twse.com.tw/mops/web/ajax_t163sb05
下游,邊緣運算_工業AI,2395,研華,2021,3,balance_sheet,共同控制下前手權益,,--,sii,https://mopsov.twse.com.tw/mops/web/ajax_t163sb05
下游,邊緣運算_工業AI,2395,研華,2021,3,balance_sheet,合併前非屬共同控制股權,,--,sii,https://mopsov.twse.com.tw/mops/web/ajax_t163sb05
下游,邊緣運算_工業AI,2395,研華,2021,3,balance_sheet,非控制權益,447133,"447,133",sii,https://mopsov.twse.com.tw/mops/web/ajax_t163sb05
下游,邊緣運算_工業AI,2395,研華,2021,3,balance_sheet,權益總計,35678594,"35,678,594",sii,https://mopsov.twse.com.tw/mops/web/ajax_t163sb05
下游,邊緣運算_工業AI,2395,研華,2021,3,balance_sheet,待註銷股本股數（單位：股）,,--,sii,https://mopsov.twse.com.tw/mops/web/ajax_t163sb05
下游,邊緣運算_工業AI,2395,研華,2021,3,balance_sheet,預收股款（權益項下）之約當發行股數（單位：股）,1093300,"1,093,300",sii,https://mopsov.twse.com.tw/mops/web/ajax_t163sb05
下游,邊緣運算_工業AI,2395,研華,2021,3,balance_sheet,母公司暨子公司所持有之母公司庫藏股股數（單位：股）,0,0,sii,https://mopsov.twse.com.tw/mops/web/ajax_t163sb05
下游,邊緣運算_工業AI,2395,研華,2021,3,balance_sheet,每股參考淨值,45.53,45.53,sii,https://mopsov.twse.com.tw/mops/web/ajax_t163sb05
下游,邊緣運算_工業AI,6166,凌華,2021,3,balance_sheet,流動資產,7028587,"7,028,587",sii,https://mopsov.twse.com.tw/mops/web/ajax_t163sb05
下游,邊緣運算_工業AI,6166,凌華,2021,3,balance_sheet,非流動資產,5663608,"5,663,608",sii,https://mopsov.twse.com.tw/mops/web/ajax_t163sb05
下游,邊緣運算_工業AI,6166,凌華,2021,3,balance_sheet,資產總計,12692195,"12,692,195",sii,https://mopsov.twse.com.tw/mops/web/ajax_t163sb05
下游,邊緣運算_工業AI,6166,凌華,2021,3,balance_sheet,流動負債,6113227,"6,113,227",sii,https://mopsov.twse.com.tw/mops/web/ajax_t163sb05
下游,邊緣運算_工業AI,6166,凌華,2021,3,balance_sheet,非流動負債,2280808,"2,280,808",sii,https://mopsov.twse.com.tw/mops/web/ajax_t163sb05
下游,邊緣運算_工業AI,6166,凌華,2021,3,balance_sheet,負債總計,8394035,"8,394,035",sii,https://mopsov.twse.com.tw/mops/web/ajax_t163sb05
下游,邊緣運算_工業AI,6166,凌華,2021,3,balance_sheet,股本,2174973,"2,174,973",sii,https://mopsov.twse.com.tw/mops/web/ajax_t163sb05
下游,邊緣運算_工業AI,6166,凌華,2021,3,balance_sheet,權益─具證券性質之虛擬通貨,,--,sii,https://mopsov.twse.com.tw/mops/web/ajax_t163sb05
下游,邊緣運算_工業AI,6166,凌華,2021,3,balance_sheet,資本公積,950223,"950,223",sii,https://mopsov.twse.com.tw/mops/web/ajax_t163sb05
下游,邊緣運算_工業AI,6166,凌華,2021,3,balance_sheet,保留盈餘,1423838,"1,423,838",sii,https://mopsov.twse.com.tw/mops/web/ajax_t163sb05
下游,邊緣運算_工業AI,6166,凌華,2021,3,balance_sheet,其他權益,-250874,"-250,874",sii,https://mopsov.twse.com.tw/mops/web/ajax_t163sb05
下游,邊緣運算_工業AI,6166,凌華,2021,3,balance_sheet,庫藏股票,,--,sii,https://mopsov.twse.com.tw/mops/web/ajax_t163sb05
下游,邊緣運算_工業AI,6166,凌華,2021,3,balance_sheet,歸屬於母公司業主之權益合計,4298160,"4,298,160",sii,https://mopsov.twse.com.tw/mops/web/ajax_t163sb05
下游,邊緣運算_工業AI,6166,凌華,2021,3,balance_sheet,共同控制下前手權益,,--,sii,https://mopsov.twse.com.tw/mops/web/ajax_t163sb05
下游,邊緣運算_工業AI,6166,凌華,2021,3,balance_sheet,合併前非屬共同控制股權,,--,sii,https://mopsov.twse.com.tw/mops/web/ajax_t163sb05
下游,邊緣運算_工業AI,6166,凌華,2021,3,balance_sheet,非控制權益,0,0,sii,https://mopsov.twse.com.tw/mops/web/ajax_t163sb05
下游,邊緣運算_工業AI,6166,凌華,2021,3,balance_sheet,權益總計,4298160,"4,298,160",sii,https://mopsov.twse.com.tw/mops/web/ajax_t163sb05
下游,邊緣運算_工業AI,6166,凌華,2021,3,balance_sheet,待註銷股本股數（單位：股）,,--,sii,https://mopsov.twse.com.tw/mops/web/ajax_t163sb05
下游,邊緣運算_工業AI,6166,凌華,2021,3,balance_sheet,預收股款（權益項下）之約當發行股數（單位：股）,0,0,sii,https://mopsov.twse.com.tw/mops/web/ajax_t163sb05
下游,邊緣運算_工業AI,6166,凌華,2021,3,balance_sheet,母公司暨子公司所持有之母公司庫藏股股數（單位：股）,0,0,sii,https://mopsov.twse.com.tw/mops/web/ajax_t163sb05
下游,邊緣運算_工業AI,6166,凌華,2021,3,balance_sheet,每股參考淨值,19.76,19.76,sii,https://mopsov.twse.com.tw/mops/web/ajax_t163sb05
下游,邊緣運算_工業AI,2395,研華,2021,3,cash_flow,營業活動之淨現金流入（流出）,6568644,"6,568,644",sii,https://mopsov.twse.com.tw/mops/web/ajax_t163sb20
下游,邊緣運算_工業AI,2395,研華,2021,3,cash_flow,投資活動之淨現金流入（流出）,-975536,"-975,536",sii,https://mopsov.twse.com.tw/mops/web/ajax_t163sb20
下游,邊緣運算_工業AI,2395,研華,2021,3,cash_flow,籌資活動之淨現金流入（流出）,-5681098,"-5,681,098",sii,https://mopsov.twse.com.tw/mops/web/ajax_t163sb20
下游,邊緣運算_工業AI,2395,研華,2021,3,cash_flow,匯率變動對現金及約當現金之影響,-373219,"-373,219",sii,https://mopsov.twse.com.tw/mops/web/ajax_t163sb20
下游,邊緣運算_工業AI,2395,研華,2021,3,cash_flow,本期現金及約當現金增加（減少）數,-461209,"-461,209",sii,https://mopsov.twse.com.tw/mops/web/ajax_t163sb20
下游,邊緣運算_工業AI,2395,研華,2021,3,cash_flow,期初現金及約當現金餘額,7497442,"7,497,442",sii,https://mopsov.twse.com.tw/mops/web/ajax_t163sb20
下游,邊緣運算_工業AI,2395,研華,2021,3,cash_flow,期末現金及約當現金餘額,7036233,"7,036,233",sii,https://mopsov.twse.com.tw/mops/web/ajax_t163sb20
下游,邊緣運算_工業AI,6166,凌華,2021,3,cash_flow,營業活動之淨現金流入（流出）,-553731,"-553,731",sii,https://mopsov.twse.com.tw/mops/web/ajax_t163sb20
下游,邊緣運算_工業AI,6166,凌華,2021,3,cash_flow,投資活動之淨現金流入（流出）,-3252551,"-3,252,551",sii,https://mopsov.twse.com.tw/mops/web/ajax_t163sb20
下游,邊緣運算_工業AI,6166,凌華,2021,3,cash_flow,籌資活動之淨現金流入（流出）,2937417,"2,937,417",sii,https://mopsov.twse.com.tw/mops/web/ajax_t163sb20
下游,邊緣運算_工業AI,6166,凌華,2021,3,cash_flow,匯率變動對現金及約當現金之影響,-34408,"-34,408",sii,https://mopsov.twse.com.tw/mops/web/ajax_t163sb20
下游,邊緣運算_工業AI,6166,凌華,2021,3,cash_flow,本期現金及約當現金增加（減少）數,-903273,"-903,273",sii,https://mopsov.twse.com.tw/mops/web/ajax_t163sb20
下游,邊緣運算_工業AI,6166,凌華,2021,3,cash_flow,期初現金及約當現金餘額,1997488,"1,997,488",sii,https://mopsov.twse.com.tw/mops/web/ajax_t163sb20
下游,邊緣運算_工業AI,6166,凌華,2021,3,cash_flow,期末現金及約當現金餘額,1094215,"1,094,215",sii,https://mopsov.twse.com.tw/mops/web/ajax_t163sb20
下游,邊緣運算_工業AI,2395,研華,2021,4,income_statement,營業收入,58622050,"58,622,050",sii,https://mopsov.twse.com.tw/mops/web/ajax_t163sb04
下游,邊緣運算_工業AI,2395,研華,2021,4,income_statement,營業成本,36490474,"36,490,474",sii,https://mopsov.twse.com.tw/mops/web/ajax_t163sb04
下游,邊緣運算_工業AI,2395,研華,2021,4,income_statement,原始認列生物資產及農產品之利益（損失）,,--,sii,https://mopsov.twse.com.tw/mops/web/ajax_t163sb04
下游,邊緣運算_工業AI,2395,研華,2021,4,income_statement,生物資產當期公允價值減出售成本之變動利益（損失）,,--,sii,https://mopsov.twse.com.tw/mops/web/ajax_t163sb04
下游,邊緣運算_工業AI,2395,研華,2021,4,income_statement,營業毛利（毛損）,22131576,"22,131,576",sii,https://mopsov.twse.com.tw/mops/web/ajax_t163sb04
下游,邊緣運算_工業AI,2395,研華,2021,4,income_statement,未實現銷貨（損）益,,--,sii,https://mopsov.twse.com.tw/mops/web/ajax_t163sb04
下游,邊緣運算_工業AI,2395,研華,2021,4,income_statement,已實現銷貨（損）益,,--,sii,https://mopsov.twse.com.tw/mops/web/ajax_t163sb04
下游,邊緣運算_工業AI,2395,研華,2021,4,income_statement,營業毛利（毛損）淨額,22131576,"22,131,576",sii,https://mopsov.twse.com.tw/mops/web/ajax_t163sb04
下游,邊緣運算_工業AI,2395,研華,2021,4,income_statement,營業費用,12331153,"12,331,153",sii,https://mopsov.twse.com.tw/mops/web/ajax_t163sb04
下游,邊緣運算_工業AI,2395,研華,2021,4,income_statement,其他收益及費損淨額,,--,sii,https://mopsov.twse.com.tw/mops/web/ajax_t163sb04
下游,邊緣運算_工業AI,2395,研華,2021,4,income_statement,營業利益（損失）,9800423,"9,800,423",sii,https://mopsov.twse.com.tw/mops/web/ajax_t163sb04
下游,邊緣運算_工業AI,2395,研華,2021,4,income_statement,營業外收入及支出,454919,"454,919",sii,https://mopsov.twse.com.tw/mops/web/ajax_t163sb04
下游,邊緣運算_工業AI,2395,研華,2021,4,income_statement,稅前淨利（淨損）,10255342,"10,255,342",sii,https://mopsov.twse.com.tw/mops/web/ajax_t163sb04
下游,邊緣運算_工業AI,2395,研華,2021,4,income_statement,所得稅費用（利益）,1947979,"1,947,979",sii,https://mopsov.twse.com.tw/mops/web/ajax_t163sb04
下游,邊緣運算_工業AI,2395,研華,2021,4,income_statement,繼續營業單位本期淨利（淨損）,8307363,"8,307,363",sii,https://mopsov.twse.com.tw/mops/web/ajax_t163sb04
下游,邊緣運算_工業AI,2395,研華,2021,4,income_statement,停業單位損益,,--,sii,https://mopsov.twse.com.tw/mops/web/ajax_t163sb04
下游,邊緣運算_工業AI,2395,研華,2021,4,income_statement,合併前非屬共同控制股權損益,,--,sii,https://mopsov.twse.com.tw/mops/web/ajax_t163sb04
下游,邊緣運算_工業AI,2395,研華,2021,4,income_statement,本期淨利（淨損）,8307363,"8,307,363",sii,https://mopsov.twse.com.tw/mops/web/ajax_t163sb04
下游,邊緣運算_工業AI,2395,研華,2021,4,income_statement,其他綜合損益（淨額）,228482,"228,482",sii,https://mopsov.twse.com.tw/mops/web/ajax_t163sb04
下游,邊緣運算_工業AI,2395,研華,2021,4,income_statement,合併前非屬共同控制股權綜合損益淨額,,--,sii,https://mopsov.twse.com.tw/mops/web/ajax_t163sb04
下游,邊緣運算_工業AI,2395,研華,2021,4,income_statement,本期綜合損益總額,8535845,"8,535,845",sii,https://mopsov.twse.com.tw/mops/web/ajax_t163sb04
下游,邊緣運算_工業AI,2395,研華,2021,4,income_statement,淨利（淨損）歸屬於母公司業主,8250224,"8,250,224",sii,https://mopsov.twse.com.tw/mops/web/ajax_t163sb04
下游,邊緣運算_工業AI,2395,研華,2021,4,income_statement,淨利（淨損）歸屬於共同控制下前手權益,,--,sii,https://mopsov.twse.com.tw/mops/web/ajax_t163sb04
下游,邊緣運算_工業AI,2395,研華,2021,4,income_statement,淨利（淨損）歸屬於非控制權益,57139,"57,139",sii,https://mopsov.twse.com.tw/mops/web/ajax_t163sb04
下游,邊緣運算_工業AI,2395,研華,2021,4,income_statement,綜合損益總額歸屬於母公司業主,8510806,"8,510,806",sii,https://mopsov.twse.com.tw/mops/web/ajax_t163sb04
下游,邊緣運算_工業AI,2395,研華,2021,4,income_statement,綜合損益總額歸屬於共同控制下前手權益,,--,sii,https://mopsov.twse.com.tw/mops/web/ajax_t163sb04
下游,邊緣運算_工業AI,2395,研華,2021,4,income_statement,綜合損益總額歸屬於非控制權益,25039,"25,039",sii,https://mopsov.twse.com.tw/mops/web/ajax_t163sb04
下游,邊緣運算_工業AI,2395,研華,2021,4,income_statement,基本每股盈餘（元）,10.67,10.67,sii,https://mopsov.twse.com.tw/mops/web/ajax_t163sb04
下游,邊緣運算_工業AI,6166,凌華,2021,4,income_statement,營業收入,9673054,"9,673,054",sii,https://mopsov.twse.com.tw/mops/web/ajax_t163sb04
下游,邊緣運算_工業AI,6166,凌華,2021,4,income_statement,營業成本,6117386,"6,117,386",sii,https://mopsov.twse.com.tw/mops/web/ajax_t163sb04
下游,邊緣運算_工業AI,6166,凌華,2021,4,income_statement,原始認列生物資產及農產品之利益（損失）,,--,sii,https://mopsov.twse.com.tw/mops/web/ajax_t163sb04
下游,邊緣運算_工業AI,6166,凌華,2021,4,income_statement,生物資產當期公允價值減出售成本之變動利益（損失）,,--,sii,https://mopsov.twse.com.tw/mops/web/ajax_t163sb04
下游,邊緣運算_工業AI,6166,凌華,2021,4,income_statement,營業毛利（毛損）,3555668,"3,555,668",sii,https://mopsov.twse.com.tw/mops/web/ajax_t163sb04
下游,邊緣運算_工業AI,6166,凌華,2021,4,income_statement,未實現銷貨（損）益,506,506,sii,https://mopsov.twse.com.tw/mops/web/ajax_t163sb04
下游,邊緣運算_工業AI,6166,凌華,2021,4,income_statement,已實現銷貨（損）益,,--,sii,https://mopsov.twse.com.tw/mops/web/ajax_t163sb04
下游,邊緣運算_工業AI,6166,凌華,2021,4,income_statement,營業毛利（毛損）淨額,3555162,"3,555,162",sii,https://mopsov.twse.com.tw/mops/web/ajax_t163sb04
下游,邊緣運算_工業AI,6166,凌華,2021,4,income_statement,營業費用,3416664,"3,416,664",sii,https://mopsov.twse.com.tw/mops/web/ajax_t163sb04
下游,邊緣運算_工業AI,6166,凌華,2021,4,income_statement,其他收益及費損淨額,,--,sii,https://mopsov.twse.com.tw/mops/web/ajax_t163sb04
下游,邊緣運算_工業AI,6166,凌華,2021,4,income_statement,營業利益（損失）,138498,"138,498",sii,https://mopsov.twse.com.tw/mops/web/ajax_t163sb04
下游,邊緣運算_工業AI,6166,凌華,2021,4,income_statement,營業外收入及支出,64412,"64,412",sii,https://mopsov.twse.com.tw/mops/web/ajax_t163sb04
下游,邊緣運算_工業AI,6166,凌華,2021,4,income_statement,稅前淨利（淨損）,202910,"202,910",sii,https://mopsov.twse.com.tw/mops/web/ajax_t163sb04
下游,邊緣運算_工業AI,6166,凌華,2021,4,income_statement,所得稅費用（利益）,84026,"84,026",sii,https://mopsov.twse.com.tw/mops/web/ajax_t163sb04
下游,邊緣運算_工業AI,6166,凌華,2021,4,income_statement,繼續營業單位本期淨利（淨損）,118884,"118,884",sii,https://mopsov.twse.com.tw/mops/web/ajax_t163sb04
下游,邊緣運算_工業AI,6166,凌華,2021,4,income_statement,停業單位損益,,--,sii,https://mopsov.twse.com.tw/mops/web/ajax_t163sb04
下游,邊緣運算_工業AI,6166,凌華,2021,4,income_statement,合併前非屬共同控制股權損益,,--,sii,https://mopsov.twse.com.tw/mops/web/ajax_t163sb04
下游,邊緣運算_工業AI,6166,凌華,2021,4,income_statement,本期淨利（淨損）,118884,"118,884",sii,https://mopsov.twse.com.tw/mops/web/ajax_t163sb04
下游,邊緣運算_工業AI,6166,凌華,2021,4,income_statement,其他綜合損益（淨額）,-3200,"-3,200",sii,https://mopsov.twse.com.tw/mops/web/ajax_t163sb04
下游,邊緣運算_工業AI,6166,凌華,2021,4,income_statement,合併前非屬共同控制股權綜合損益淨額,,--,sii,https://mopsov.twse.com.tw/mops/web/ajax_t163sb04
下游,邊緣運算_工業AI,6166,凌華,2021,4,income_statement,本期綜合損益總額,115684,"115,684",sii,https://mopsov.twse.com.tw/mops/web/ajax_t163sb04
下游,邊緣運算_工業AI,6166,凌華,2021,4,income_statement,淨利（淨損）歸屬於母公司業主,118884,"118,884",sii,https://mopsov.twse.com.tw/mops/web/ajax_t163sb04
下游,邊緣運算_工業AI,6166,凌華,2021,4,income_statement,淨利（淨損）歸屬於共同控制下前手權益,,--,sii,https://mopsov.twse.com.tw/mops/web/ajax_t163sb04
下游,邊緣運算_工業AI,6166,凌華,2021,4,income_statement,淨利（淨損）歸屬於非控制權益,0,0,sii,https://mopsov.twse.com.tw/mops/web/ajax_t163sb04
下游,邊緣運算_工業AI,6166,凌華,2021,4,income_statement,綜合損益總額歸屬於母公司業主,115684,"115,684",sii,https://mopsov.twse.com.tw/mops/web/ajax_t163sb04
下游,邊緣運算_工業AI,6166,凌華,2021,4,income_statement,綜合損益總額歸屬於共同控制下前手權益,,--,sii,https://mopsov.twse.com.tw/mops/web/ajax_t163sb04
下游,邊緣運算_工業AI,6166,凌華,2021,4,income_statement,綜合損益總額歸屬於非控制權益,0,0,sii,https://mopsov.twse.com.tw/mops/web/ajax_t163sb04
下游,邊緣運算_工業AI,6166,凌華,2021,4,income_statement,基本每股盈餘（元）,0.55,0.55,sii,https://mopsov.twse.com.tw/mops/web/ajax_t163sb04
下游,邊緣運算_工業AI,2395,研華,2021,4,balance_sheet,流動資產,36686300,"36,686,300",sii,https://mopsov.twse.com.tw/mops/web/ajax_t163sb05
下游,邊緣運算_工業AI,2395,研華,2021,4,balance_sheet,非流動資產,21141937,"21,141,937",sii,https://mopsov.twse.com.tw/mops/web/ajax_t163sb05
下游,邊緣運算_工業AI,2395,研華,2021,4,balance_sheet,資產總計,57828237,"57,828,237",sii,https://mopsov.twse.com.tw/mops/web/ajax_t163sb05
下游,邊緣運算_工業AI,2395,研華,2021,4,balance_sheet,流動負債,16503678,"16,503,678",sii,https://mopsov.twse.com.tw/mops/web/ajax_t163sb05
下游,邊緣運算_工業AI,2395,研華,2021,4,balance_sheet,非流動負債,2961768,"2,961,768",sii,https://mopsov.twse.com.tw/mops/web/ajax_t163sb05
下游,邊緣運算_工業AI,2395,研華,2021,4,balance_sheet,負債總計,19465446,"19,465,446",sii,https://mopsov.twse.com.tw/mops/web/ajax_t163sb05
下游,邊緣運算_工業AI,2395,研華,2021,4,balance_sheet,股本,7744638,"7,744,638",sii,https://mopsov.twse.com.tw/mops/web/ajax_t163sb05
下游,邊緣運算_工業AI,2395,研華,2021,4,balance_sheet,權益─具證券性質之虛擬通貨,,--,sii,https://mopsov.twse.com.tw/mops/web/ajax_t163sb05
下游,邊緣運算_工業AI,2395,研華,2021,4,balance_sheet,資本公積,8388886,"8,388,886",sii,https://mopsov.twse.com.tw/mops/web/ajax_t163sb05
下游,邊緣運算_工業AI,2395,研華,2021,4,balance_sheet,保留盈餘,22274796,"22,274,796",sii,https://mopsov.twse.com.tw/mops/web/ajax_t163sb05
下游,邊緣運算_工業AI,2395,研華,2021,4,balance_sheet,其他權益,-555793,"-555,793",sii,https://mopsov.twse.com.tw/mops/web/ajax_t163sb05
下游,邊緣運算_工業AI,2395,研華,2021,4,balance_sheet,庫藏股票,,--,sii,https://mopsov.twse.com.tw/mops/web/ajax_t163sb05
下游,邊緣運算_工業AI,2395,研華,2021,4,balance_sheet,歸屬於母公司業主之權益合計,37852527,"37,852,527",sii,https://mopsov.twse.com.tw/mops/web/ajax_t163sb05
下游,邊緣運算_工業AI,2395,研華,2021,4,balance_sheet,共同控制下前手權益,,--,sii,https://mopsov.twse.com.tw/mops/web/ajax_t163sb05
下游,邊緣運算_工業AI,2395,研華,2021,4,balance_sheet,合併前非屬共同控制股權,,--,sii,https://mopsov.twse.com.tw/mops/web/ajax_t163sb05
下游,邊緣運算_工業AI,2395,研華,2021,4,balance_sheet,非控制權益,510264,"510,264",sii,https://mopsov.twse.com.tw/mops/web/ajax_t163sb05
下游,邊緣運算_工業AI,2395,研華,2021,4,balance_sheet,權益總計,38362791,"38,362,791",sii,https://mopsov.twse.com.tw/mops/web/ajax_t163sb05
下游,邊緣運算_工業AI,2395,研華,2021,4,balance_sheet,待註銷股本股數（單位：股）,,--,sii,https://mopsov.twse.com.tw/mops/web/ajax_t163sb05
下游,邊緣運算_工業AI,2395,研華,2021,4,balance_sheet,預收股款（權益項下）之約當發行股數（單位：股）,641000,"641,000",sii,https://mopsov.twse.com.tw/mops/web/ajax_t163sb05
下游,邊緣運算_工業AI,2395,研華,2021,4,balance_sheet,母公司暨子公司所持有之母公司庫藏股股數（單位：股）,0,0,sii,https://mopsov.twse.com.tw/mops/web/ajax_t163sb05
下游,邊緣運算_工業AI,2395,研華,2021,4,balance_sheet,每股參考淨值,48.88,48.88,sii,https://mopsov.twse.com.tw/mops/web/ajax_t163sb05
下游,邊緣運算_工業AI,6166,凌華,2021,4,balance_sheet,流動資產,7597107,"7,597,107",sii,https://mopsov.twse.com.tw/mops/web/ajax_t163sb05
下游,邊緣運算_工業AI,6166,凌華,2021,4,balance_sheet,非流動資產,5583003,"5,583,003",sii,https://mopsov.twse.com.tw/mops/web/ajax_t163sb05
下游,邊緣運算_工業AI,6166,凌華,2021,4,balance_sheet,資產總計,13180110,"13,180,110",sii,https://mopsov.twse.com.tw/mops/web/ajax_t163sb05
下游,邊緣運算_工業AI,6166,凌華,2021,4,balance_sheet,流動負債,5933113,"5,933,113",sii,https://mopsov.twse.com.tw/mops/web/ajax_t163sb05
下游,邊緣運算_工業AI,6166,凌華,2021,4,balance_sheet,非流動負債,2826556,"2,826,556",sii,https://mopsov.twse.com.tw/mops/web/ajax_t163sb05
下游,邊緣運算_工業AI,6166,凌華,2021,4,balance_sheet,負債總計,8759669,"8,759,669",sii,https://mopsov.twse.com.tw/mops/web/ajax_t163sb05
下游,邊緣運算_工業AI,6166,凌華,2021,4,balance_sheet,股本,2174973,"2,174,973",sii,https://mopsov.twse.com.tw/mops/web/ajax_t163sb05
下游,邊緣運算_工業AI,6166,凌華,2021,4,balance_sheet,權益─具證券性質之虛擬通貨,,--,sii,https://mopsov.twse.com.tw/mops/web/ajax_t163sb05
下游,邊緣運算_工業AI,6166,凌華,2021,4,balance_sheet,資本公積,956432,"956,432",sii,https://mopsov.twse.com.tw/mops/web/ajax_t163sb05
下游,邊緣運算_工業AI,6166,凌華,2021,4,balance_sheet,保留盈餘,1530112,"1,530,112",sii,https://mopsov.twse.com.tw/mops/web/ajax_t163sb05
下游,邊緣運算_工業AI,6166,凌華,2021,4,balance_sheet,其他權益,-241076,"-241,076",sii,https://mopsov.twse.com.tw/mops/web/ajax_t163sb05
下游,邊緣運算_工業AI,6166,凌華,2021,4,balance_sheet,庫藏股票,,--,sii,https://mopsov.twse.com.tw/mops/web/ajax_t163sb05
下游,邊緣運算_工業AI,6166,凌華,2021,4,balance_sheet,歸屬於母公司業主之權益合計,4420441,"4,420,441",sii,https://mopsov.twse.com.tw/mops/web/ajax_t163sb05
下游,邊緣運算_工業AI,6166,凌華,2021,4,balance_sheet,共同控制下前手權益,,--,sii,https://mopsov.twse.com.tw/mops/web/ajax_t163sb05
下游,邊緣運算_工業AI,6166,凌華,2021,4,balance_sheet,合併前非屬共同控制股權,,--,sii,https://mopsov.twse.com.tw/mops/web/ajax_t163sb05
下游,邊緣運算_工業AI,6166,凌華,2021,4,balance_sheet,非控制權益,0,0,sii,https://mopsov.twse.com.tw/mops/web/ajax_t163sb05
下游,邊緣運算_工業AI,6166,凌華,2021,4,balance_sheet,權益總計,4420441,"4,420,441",sii,https://mopsov.twse.com.tw/mops/web/ajax_t163sb05
下游,邊緣運算_工業AI,6166,凌華,2021,4,balance_sheet,待註銷股本股數（單位：股）,,--,sii,https://mopsov.twse.com.tw/mops/web/ajax_t163sb05
下游,邊緣運算_工業AI,6166,凌華,2021,4,balance_sheet,預收股款（權益項下）之約當發行股數（單位：股）,0,0,sii,https://mopsov.twse.com.tw/mops/web/ajax_t163sb05
下游,邊緣運算_工業AI,6166,凌華,2021,4,balance_sheet,母公司暨子公司所持有之母公司庫藏股股數（單位：股）,0,0,sii,https://mopsov.twse.com.tw/mops/web/ajax_t163sb05
下游,邊緣運算_工業AI,6166,凌華,2021,4,balance_sheet,每股參考淨值,20.32,20.32,sii,https://mopsov.twse.com.tw/mops/web/ajax_t163sb05
下游,邊緣運算_工業AI,2395,研華,2021,4,cash_flow,營業活動之淨現金流入（流出）,9131567,"9,131,567",sii,https://mopsov.twse.com.tw/mops/web/ajax_t163sb20
下游,邊緣運算_工業AI,2395,研華,2021,4,cash_flow,投資活動之淨現金流入（流出）,-1275776,"-1,275,776",sii,https://mopsov.twse.com.tw/mops/web/ajax_t163sb20
下游,邊緣運算_工業AI,2395,研華,2021,4,cash_flow,籌資活動之淨現金流入（流出）,-5563610,"-5,563,610",sii,https://mopsov.twse.com.tw/mops/web/ajax_t163sb20
下游,邊緣運算_工業AI,2395,研華,2021,4,cash_flow,匯率變動對現金及約當現金之影響,-488471,"-488,471",sii,https://mopsov.twse.com.tw/mops/web/ajax_t163sb20
下游,邊緣運算_工業AI,2395,研華,2021,4,cash_flow,本期現金及約當現金增加（減少）數,1803710,"1,803,710",sii,https://mopsov.twse.com.tw/mops/web/ajax_t163sb20
下游,邊緣運算_工業AI,2395,研華,2021,4,cash_flow,期初現金及約當現金餘額,7497442,"7,497,442",sii,https://mopsov.twse.com.tw/mops/web/ajax_t163sb20
下游,邊緣運算_工業AI,2395,研華,2021,4,cash_flow,期末現金及約當現金餘額,9301152,"9,301,152",sii,https://mopsov.twse.com.tw/mops/web/ajax_t163sb20
下游,邊緣運算_工業AI,6166,凌華,2021,4,cash_flow,營業活動之淨現金流入（流出）,-1168881,"-1,168,881",sii,https://mopsov.twse.com.tw/mops/web/ajax_t163sb20
下游,邊緣運算_工業AI,6166,凌華,2021,4,cash_flow,投資活動之淨現金流入（流出）,-3343118,"-3,343,118",sii,https://mopsov.twse.com.tw/mops/web/ajax_t163sb20
下游,邊緣運算_工業AI,6166,凌華,2021,4,cash_flow,籌資活動之淨現金流入（流出）,3851664,"3,851,664",sii,https://mopsov.twse.com.tw/mops/web/ajax_t163sb20
下游,邊緣運算_工業AI,6166,凌華,2021,4,cash_flow,匯率變動對現金及約當現金之影響,-40822,"-40,822",sii,https://mopsov.twse.com.tw/mops/web/ajax_t163sb20
下游,邊緣運算_工業AI,6166,凌華,2021,4,cash_flow,本期現金及約當現金增加（減少）數,-701157,"-701,157",sii,https://mopsov.twse.com.tw/mops/web/ajax_t163sb20
下游,邊緣運算_工業AI,6166,凌華,2021,4,cash_flow,期初現金及約當現金餘額,1997488,"1,997,488",sii,https://mopsov.twse.com.tw/mops/web/ajax_t163sb20
下游,邊緣運算_工業AI,6166,凌華,2021,4,cash_flow,期末現金及約當現金餘額,1296331,"1,296,331",sii,https://mopsov.twse.com.tw/mops/web/ajax_t163sb20
下游,邊緣運算_工業AI,2395,研華,2022,1,income_statement,營業收入,16119517,"16,119,517",sii,https://mopsov.twse.com.tw/mops/web/ajax_t163sb04
下游,邊緣運算_工業AI,2395,研華,2022,1,income_statement,營業成本,9962306,"9,962,306",sii,https://mopsov.twse.com.tw/mops/web/ajax_t163sb04
下游,邊緣運算_工業AI,2395,研華,2022,1,income_statement,原始認列生物資產及農產品之利益（損失）,,--,sii,https://mopsov.twse.com.tw/mops/web/ajax_t163sb04
下游,邊緣運算_工業AI,2395,研華,2022,1,income_statement,生物資產當期公允價值減出售成本之變動利益（損失）,,--,sii,https://mopsov.twse.com.tw/mops/web/ajax_t163sb04
下游,邊緣運算_工業AI,2395,研華,2022,1,income_statement,營業毛利（毛損）,6157211,"6,157,211",sii,https://mopsov.twse.com.tw/mops/web/ajax_t163sb04
下游,邊緣運算_工業AI,2395,研華,2022,1,income_statement,未實現銷貨（損）益,,--,sii,https://mopsov.twse.com.tw/mops/web/ajax_t163sb04
下游,邊緣運算_工業AI,2395,研華,2022,1,income_statement,已實現銷貨（損）益,,--,sii,https://mopsov.twse.com.tw/mops/web/ajax_t163sb04
下游,邊緣運算_工業AI,2395,研華,2022,1,income_statement,營業毛利（毛損）淨額,6157211,"6,157,211",sii,https://mopsov.twse.com.tw/mops/web/ajax_t163sb04
下游,邊緣運算_工業AI,2395,研華,2022,1,income_statement,營業費用,3142536,"3,142,536",sii,https://mopsov.twse.com.tw/mops/web/ajax_t163sb04
下游,邊緣運算_工業AI,2395,研華,2022,1,income_statement,其他收益及費損淨額,,--,sii,https://mopsov.twse.com.tw/mops/web/ajax_t163sb04
下游,邊緣運算_工業AI,2395,研華,2022,1,income_statement,營業利益（損失）,3014675,"3,014,675",sii,https://mopsov.twse.com.tw/mops/web/ajax_t163sb04
下游,邊緣運算_工業AI,2395,研華,2022,1,income_statement,營業外收入及支出,154896,"154,896",sii,https://mopsov.twse.com.tw/mops/web/ajax_t163sb04
下游,邊緣運算_工業AI,2395,研華,2022,1,income_statement,稅前淨利（淨損）,3169571,"3,169,571",sii,https://mopsov.twse.com.tw/mops/web/ajax_t163sb04
下游,邊緣運算_工業AI,2395,研華,2022,1,income_statement,所得稅費用（利益）,601536,"601,536",sii,https://mopsov.twse.com.tw/mops/web/ajax_t163sb04
下游,邊緣運算_工業AI,2395,研華,2022,1,income_statement,繼續營業單位本期淨利（淨損）,2568035,"2,568,035",sii,https://mopsov.twse.com.tw/mops/web/ajax_t163sb04
下游,邊緣運算_工業AI,2395,研華,2022,1,income_statement,停業單位損益,,--,sii,https://mopsov.twse.com.tw/mops/web/ajax_t163sb04
下游,邊緣運算_工業AI,2395,研華,2022,1,income_statement,合併前非屬共同控制股權損益,,--,sii,https://mopsov.twse.com.tw/mops/web/ajax_t163sb04
下游,邊緣運算_工業AI,2395,研華,2022,1,income_statement,本期淨利（淨損）,2568035,"2,568,035",sii,https://mopsov.twse.com.tw/mops/web/ajax_t163sb04
下游,邊緣運算_工業AI,2395,研華,2022,1,income_statement,其他綜合損益（淨額）,755741,"755,741",sii,https://mopsov.twse.com.tw/mops/web/ajax_t163sb04
下游,邊緣運算_工業AI,2395,研華,2022,1,income_statement,合併前非屬共同控制股權綜合損益淨額,,--,sii,https://mopsov.twse.com.tw/mops/web/ajax_t163sb04
下游,邊緣運算_工業AI,2395,研華,2022,1,income_statement,本期綜合損益總額,3323776,"3,323,776",sii,https://mopsov.twse.com.tw/mops/web/ajax_t163sb04
下游,邊緣運算_工業AI,2395,研華,2022,1,income_statement,淨利（淨損）歸屬於母公司業主,2572215,"2,572,215",sii,https://mopsov.twse.com.tw/mops/web/ajax_t163sb04
下游,邊緣運算_工業AI,2395,研華,2022,1,income_statement,淨利（淨損）歸屬於共同控制下前手權益,,--,sii,https://mopsov.twse.com.tw/mops/web/ajax_t163sb04
下游,邊緣運算_工業AI,2395,研華,2022,1,income_statement,淨利（淨損）歸屬於非控制權益,-4180,"-4,180",sii,https://mopsov.twse.com.tw/mops/web/ajax_t163sb04
下游,邊緣運算_工業AI,2395,研華,2022,1,income_statement,綜合損益總額歸屬於母公司業主,3319630,"3,319,630",sii,https://mopsov.twse.com.tw/mops/web/ajax_t163sb04
下游,邊緣運算_工業AI,2395,研華,2022,1,income_statement,綜合損益總額歸屬於共同控制下前手權益,,--,sii,https://mopsov.twse.com.tw/mops/web/ajax_t163sb04
下游,邊緣運算_工業AI,2395,研華,2022,1,income_statement,綜合損益總額歸屬於非控制權益,4146,"4,146",sii,https://mopsov.twse.com.tw/mops/web/ajax_t163sb04
下游,邊緣運算_工業AI,2395,研華,2022,1,income_statement,基本每股盈餘（元）,3.32,3.32,sii,https://mopsov.twse.com.tw/mops/web/ajax_t163sb04
下游,邊緣運算_工業AI,6166,凌華,2022,1,income_statement,營業收入,2581384,"2,581,384",sii,https://mopsov.twse.com.tw/mops/web/ajax_t163sb04
下游,邊緣運算_工業AI,6166,凌華,2022,1,income_statement,營業成本,1724404,"1,724,404",sii,https://mopsov.twse.com.tw/mops/web/ajax_t163sb04
下游,邊緣運算_工業AI,6166,凌華,2022,1,income_statement,原始認列生物資產及農產品之利益（損失）,,--,sii,https://mopsov.twse.com.tw/mops/web/ajax_t163sb04
下游,邊緣運算_工業AI,6166,凌華,2022,1,income_statement,生物資產當期公允價值減出售成本之變動利益（損失）,,--,sii,https://mopsov.twse.com.tw/mops/web/ajax_t163sb04
下游,邊緣運算_工業AI,6166,凌華,2022,1,income_statement,營業毛利（毛損）,856980,"856,980",sii,https://mopsov.twse.com.tw/mops/web/ajax_t163sb04
下游,邊緣運算_工業AI,6166,凌華,2022,1,income_statement,未實現銷貨（損）益,-163,-163,sii,https://mopsov.twse.com.tw/mops/web/ajax_t163sb04
下游,邊緣運算_工業AI,6166,凌華,2022,1,income_statement,已實現銷貨（損）益,,--,sii,https://mopsov.twse.com.tw/mops/web/ajax_t163sb04
下游,邊緣運算_工業AI,6166,凌華,2022,1,income_statement,營業毛利（毛損）淨額,857143,"857,143",sii,https://mopsov.twse.com.tw/mops/web/ajax_t163sb04
下游,邊緣運算_工業AI,6166,凌華,2022,1,income_statement,營業費用,855673,"855,673",sii,https://mopsov.twse.com.tw/mops/web/ajax_t163sb04
下游,邊緣運算_工業AI,6166,凌華,2022,1,income_statement,其他收益及費損淨額,,--,sii,https://mopsov.twse.com.tw/mops/web/ajax_t163sb04
下游,邊緣運算_工業AI,6166,凌華,2022,1,income_statement,營業利益（損失）,1470,"1,470",sii,https://mopsov.twse.com.tw/mops/web/ajax_t163sb04
下游,邊緣運算_工業AI,6166,凌華,2022,1,income_statement,營業外收入及支出,75209,"75,209",sii,https://mopsov.twse.com.tw/mops/web/ajax_t163sb04
下游,邊緣運算_工業AI,6166,凌華,2022,1,income_statement,稅前淨利（淨損）,76679,"76,679",sii,https://mopsov.twse.com.tw/mops/web/ajax_t163sb04
下游,邊緣運算_工業AI,6166,凌華,2022,1,income_statement,所得稅費用（利益）,25992,"25,992",sii,https://mopsov.twse.com.tw/mops/web/ajax_t163sb04
下游,邊緣運算_工業AI,6166,凌華,2022,1,income_statement,繼續營業單位本期淨利（淨損）,50687,"50,687",sii,https://mopsov.twse.com.tw/mops/web/ajax_t163sb04
下游,邊緣運算_工業AI,6166,凌華,2022,1,income_statement,停業單位損益,,--,sii,https://mopsov.twse.com.tw/mops/web/ajax_t163sb04
下游,邊緣運算_工業AI,6166,凌華,2022,1,income_statement,合併前非屬共同控制股權損益,,--,sii,https://mopsov.twse.com.tw/mops/web/ajax_t163sb04
下游,邊緣運算_工業AI,6166,凌華,2022,1,income_statement,本期淨利（淨損）,50687,"50,687",sii,https://mopsov.twse.com.tw/mops/web/ajax_t163sb04
下游,邊緣運算_工業AI,6166,凌華,2022,1,income_statement,其他綜合損益（淨額）,61135,"61,135",sii,https://mopsov.twse.com.tw/mops/web/ajax_t163sb04
下游,邊緣運算_工業AI,6166,凌華,2022,1,income_statement,合併前非屬共同控制股權綜合損益淨額,,--,sii,https://mopsov.twse.com.tw/mops/web/ajax_t163sb04
下游,邊緣運算_工業AI,6166,凌華,2022,1,income_statement,本期綜合損益總額,111822,"111,822",sii,https://mopsov.twse.com.tw/mops/web/ajax_t163sb04
下游,邊緣運算_工業AI,6166,凌華,2022,1,income_statement,淨利（淨損）歸屬於母公司業主,50687,"50,687",sii,https://mopsov.twse.com.tw/mops/web/ajax_t163sb04
下游,邊緣運算_工業AI,6166,凌華,2022,1,income_statement,淨利（淨損）歸屬於共同控制下前手權益,,--,sii,https://mopsov.twse.com.tw/mops/web/ajax_t163sb04
下游,邊緣運算_工業AI,6166,凌華,2022,1,income_statement,淨利（淨損）歸屬於非控制權益,,--,sii,https://mopsov.twse.com.tw/mops/web/ajax_t163sb04
下游,邊緣運算_工業AI,6166,凌華,2022,1,income_statement,綜合損益總額歸屬於母公司業主,111822,"111,822",sii,https://mopsov.twse.com.tw/mops/web/ajax_t163sb04
下游,邊緣運算_工業AI,6166,凌華,2022,1,income_statement,綜合損益總額歸屬於共同控制下前手權益,,--,sii,https://mopsov.twse.com.tw/mops/web/ajax_t163sb04
下游,邊緣運算_工業AI,6166,凌華,2022,1,income_statement,綜合損益總額歸屬於非控制權益,,--,sii,https://mopsov.twse.com.tw/mops/web/ajax_t163sb04
下游,邊緣運算_工業AI,6166,凌華,2022,1,income_statement,基本每股盈餘（元）,0.23,0.23,sii,https://mopsov.twse.com.tw/mops/web/ajax_t163sb04
下游,邊緣運算_工業AI,2395,研華,2022,1,balance_sheet,流動資產,39339422,"39,339,422",sii,https://mopsov.twse.com.tw/mops/web/ajax_t163sb05
下游,邊緣運算_工業AI,2395,研華,2022,1,balance_sheet,非流動資產,21846929,"21,846,929",sii,https://mopsov.twse.com.tw/mops/web/ajax_t163sb05
下游,邊緣運算_工業AI,2395,研華,2022,1,balance_sheet,資產總計,61186351,"61,186,351",sii,https://mopsov.twse.com.tw/mops/web/ajax_t163sb05
下游,邊緣運算_工業AI,2395,研華,2022,1,balance_sheet,流動負債,22305947,"22,305,947",sii,https://mopsov.twse.com.tw/mops/web/ajax_t163sb05
下游,邊緣運算_工業AI,2395,研華,2022,1,balance_sheet,非流動負債,3161015,"3,161,015",sii,https://mopsov.twse.com.tw/mops/web/ajax_t163sb05
下游,邊緣運算_工業AI,2395,研華,2022,1,balance_sheet,負債總計,25466962,"25,466,962",sii,https://mopsov.twse.com.tw/mops/web/ajax_t163sb05
下游,邊緣運算_工業AI,2395,研華,2022,1,balance_sheet,股本,7758374,"7,758,374",sii,https://mopsov.twse.com.tw/mops/web/ajax_t163sb05
下游,邊緣運算_工業AI,2395,研華,2022,1,balance_sheet,權益─具證券性質之虛擬通貨,,--,sii,https://mopsov.twse.com.tw/mops/web/ajax_t163sb05
下游,邊緣運算_工業AI,2395,研華,2022,1,balance_sheet,資本公積,8648875,"8,648,875",sii,https://mopsov.twse.com.tw/mops/web/ajax_t163sb05
下游,邊緣運算_工業AI,2395,研華,2022,1,balance_sheet,保留盈餘,18646687,"18,646,687",sii,https://mopsov.twse.com.tw/mops/web/ajax_t163sb05
下游,邊緣運算_工業AI,2395,研華,2022,1,balance_sheet,其他權益,178753,"178,753",sii,https://mopsov.twse.com.tw/mops/web/ajax_t163sb05
下游,邊緣運算_工業AI,2395,研華,2022,1,balance_sheet,庫藏股票,,--,sii,https://mopsov.twse.com.tw/mops/web/ajax_t163sb05
下游,邊緣運算_工業AI,2395,研華,2022,1,balance_sheet,歸屬於母公司業主之權益合計,35232689,"35,232,689",sii,https://mopsov.twse.com.tw/mops/web/ajax_t163sb05
下游,邊緣運算_工業AI,2395,研華,2022,1,balance_sheet,共同控制下前手權益,,--,sii,https://mopsov.twse.com.tw/mops/web/ajax_t163sb05
下游,邊緣運算_工業AI,2395,研華,2022,1,balance_sheet,合併前非屬共同控制股權,,--,sii,https://mopsov.twse.com.tw/mops/web/ajax_t163sb05
下游,邊緣運算_工業AI,2395,研華,2022,1,balance_sheet,非控制權益,486700,"486,700",sii,https://mopsov.twse.com.tw/mops/web/ajax_t163sb05
下游,邊緣運算_工業AI,2395,研華,2022,1,balance_sheet,權益總計,35719389,"35,719,389",sii,https://mopsov.twse.com.tw/mops/web/ajax_t163sb05
下游,邊緣運算_工業AI,2395,研華,2022,1,balance_sheet,待註銷股本股數（單位：股）,,--,sii,https://mopsov.twse.com.tw/mops/web/ajax_t163sb05
下游,邊緣運算_工業AI,2395,研華,2022,1,balance_sheet,預收股款（權益項下）之約當發行股數（單位：股）,1373600,"1,373,600",sii,https://mopsov.twse.com.tw/mops/web/ajax_t163sb05
下游,邊緣運算_工業AI,2395,研華,2022,1,balance_sheet,母公司暨子公司所持有之母公司庫藏股股數（單位：股）,0,0,sii,https://mopsov.twse.com.tw/mops/web/ajax_t163sb05
下游,邊緣運算_工業AI,2395,研華,2022,1,balance_sheet,每股參考淨值,45.41,45.41,sii,https://mopsov.twse.com.tw/mops/web/ajax_t163sb05
下游,邊緣運算_工業AI,6166,凌華,2022,1,balance_sheet,流動資產,7644729,"7,644,729",sii,https://mopsov.twse.com.tw/mops/web/ajax_t163sb05
下游,邊緣運算_工業AI,6166,凌華,2022,1,balance_sheet,非流動資產,5671394,"5,671,394",sii,https://mopsov.twse.com.tw/mops/web/ajax_t163sb05
下游,邊緣運算_工業AI,6166,凌華,2022,1,balance_sheet,資產總計,13316123,"13,316,123",sii,https://mopsov.twse.com.tw/mops/web/ajax_t163sb05
下游,邊緣運算_工業AI,6166,凌華,2022,1,balance_sheet,流動負債,5453850,"5,453,850",sii,https://mopsov.twse.com.tw/mops/web/ajax_t163sb05
下游,邊緣運算_工業AI,6166,凌華,2022,1,balance_sheet,非流動負債,3330010,"3,330,010",sii,https://mopsov.twse.com.tw/mops/web/ajax_t163sb05
下游,邊緣運算_工業AI,6166,凌華,2022,1,balance_sheet,負債總計,8783860,"8,783,860",sii,https://mopsov.twse.com.tw/mops/web/ajax_t163sb05
下游,邊緣運算_工業AI,6166,凌華,2022,1,balance_sheet,股本,2174973,"2,174,973",sii,https://mopsov.twse.com.tw/mops/web/ajax_t163sb05
下游,邊緣運算_工業AI,6166,凌華,2022,1,balance_sheet,權益─具證券性質之虛擬通貨,,--,sii,https://mopsov.twse.com.tw/mops/web/ajax_t163sb05
下游,邊緣運算_工業AI,6166,凌華,2022,1,balance_sheet,資本公積,956432,"956,432",sii,https://mopsov.twse.com.tw/mops/web/ajax_t163sb05
下游,邊緣運算_工業AI,6166,凌華,2022,1,balance_sheet,保留盈餘,1580799,"1,580,799",sii,https://mopsov.twse.com.tw/mops/web/ajax_t163sb05
下游,邊緣運算_工業AI,6166,凌華,2022,1,balance_sheet,其他權益,-179941,"-179,941",sii,https://mopsov.twse.com.tw/mops/web/ajax_t163sb05
下游,邊緣運算_工業AI,6166,凌華,2022,1,balance_sheet,庫藏股票,,--,sii,https://mopsov.twse.com.tw/mops/web/ajax_t163sb05
下游,邊緣運算_工業AI,6166,凌華,2022,1,balance_sheet,歸屬於母公司業主之權益合計,4532263,"4,532,263",sii,https://mopsov.twse.com.tw/mops/web/ajax_t163sb05
下游,邊緣運算_工業AI,6166,凌華,2022,1,balance_sheet,共同控制下前手權益,,--,sii,https://mopsov.twse.com.tw/mops/web/ajax_t163sb05
下游,邊緣運算_工業AI,6166,凌華,2022,1,balance_sheet,合併前非屬共同控制股權,,--,sii,https://mopsov.twse.com.tw/mops/web/ajax_t163sb05
下游,邊緣運算_工業AI,6166,凌華,2022,1,balance_sheet,非控制權益,0,0,sii,https://mopsov.twse.com.tw/mops/web/ajax_t163sb05
下游,邊緣運算_工業AI,6166,凌華,2022,1,balance_sheet,權益總計,4532263,"4,532,263",sii,https://mopsov.twse.com.tw/mops/web/ajax_t163sb05
下游,邊緣運算_工業AI,6166,凌華,2022,1,balance_sheet,待註銷股本股數（單位：股）,,--,sii,https://mopsov.twse.com.tw/mops/web/ajax_t163sb05
下游,邊緣運算_工業AI,6166,凌華,2022,1,balance_sheet,預收股款（權益項下）之約當發行股數（單位：股）,0,0,sii,https://mopsov.twse.com.tw/mops/web/ajax_t163sb05
下游,邊緣運算_工業AI,6166,凌華,2022,1,balance_sheet,母公司暨子公司所持有之母公司庫藏股股數（單位：股）,0,0,sii,https://mopsov.twse.com.tw/mops/web/ajax_t163sb05
下游,邊緣運算_工業AI,6166,凌華,2022,1,balance_sheet,每股參考淨值,20.84,20.84,sii,https://mopsov.twse.com.tw/mops/web/ajax_t163sb05
下游,邊緣運算_工業AI,2395,研華,2022,1,cash_flow,營業活動之淨現金流入（流出）,-1035943,"-1,035,943",sii,https://mopsov.twse.com.tw/mops/web/ajax_t163sb20
下游,邊緣運算_工業AI,2395,研華,2022,1,cash_flow,投資活動之淨現金流入（流出）,-455080,"-455,080",sii,https://mopsov.twse.com.tw/mops/web/ajax_t163sb20
下游,邊緣運算_工業AI,2395,研華,2022,1,cash_flow,籌資活動之淨現金流入（流出）,261174,"261,174",sii,https://mopsov.twse.com.tw/mops/web/ajax_t163sb20
下游,邊緣運算_工業AI,2395,研華,2022,1,cash_flow,匯率變動對現金及約當現金之影響,422750,"422,750",sii,https://mopsov.twse.com.tw/mops/web/ajax_t163sb20
下游,邊緣運算_工業AI,2395,研華,2022,1,cash_flow,本期現金及約當現金增加（減少）數,-807099,"-807,099",sii,https://mopsov.twse.com.tw/mops/web/ajax_t163sb20
下游,邊緣運算_工業AI,2395,研華,2022,1,cash_flow,期初現金及約當現金餘額,9301152,"9,301,152",sii,https://mopsov.twse.com.tw/mops/web/ajax_t163sb20
下游,邊緣運算_工業AI,2395,研華,2022,1,cash_flow,期末現金及約當現金餘額,8494053,"8,494,053",sii,https://mopsov.twse.com.tw/mops/web/ajax_t163sb20
下游,邊緣運算_工業AI,6166,凌華,2022,1,cash_flow,營業活動之淨現金流入（流出）,-88180,"-88,180",sii,https://mopsov.twse.com.tw/mops/web/ajax_t163sb20
下游,邊緣運算_工業AI,6166,凌華,2022,1,cash_flow,投資活動之淨現金流入（流出）,-189486,"-189,486",sii,https://mopsov.twse.com.tw/mops/web/ajax_t163sb20
下游,邊緣運算_工業AI,6166,凌華,2022,1,cash_flow,籌資活動之淨現金流入（流出）,20972,"20,972",sii,https://mopsov.twse.com.tw/mops/web/ajax_t163sb20
下游,邊緣運算_工業AI,6166,凌華,2022,1,cash_flow,匯率變動對現金及約當現金之影響,30093,"30,093",sii,https://mopsov.twse.com.tw/mops/web/ajax_t163sb20
下游,邊緣運算_工業AI,6166,凌華,2022,1,cash_flow,本期現金及約當現金增加（減少）數,-226601,"-226,601",sii,https://mopsov.twse.com.tw/mops/web/ajax_t163sb20
下游,邊緣運算_工業AI,6166,凌華,2022,1,cash_flow,期初現金及約當現金餘額,1296331,"1,296,331",sii,https://mopsov.twse.com.tw/mops/web/ajax_t163sb20
下游,邊緣運算_工業AI,6166,凌華,2022,1,cash_flow,期末現金及約當現金餘額,1069730,"1,069,730",sii,https://mopsov.twse.com.tw/mops/web/ajax_t163sb20
下游,邊緣運算_工業AI,2395,研華,2022,2,income_statement,營業收入,32944012,"32,944,012",sii,https://mopsov.twse.com.tw/mops/web/ajax_t163sb04
下游,邊緣運算_工業AI,2395,研華,2022,2,income_statement,營業成本,20287402,"20,287,402",sii,https://mopsov.twse.com.tw/mops/web/ajax_t163sb04
下游,邊緣運算_工業AI,2395,研華,2022,2,income_statement,原始認列生物資產及農產品之利益（損失）,,--,sii,https://mopsov.twse.com.tw/mops/web/ajax_t163sb04
下游,邊緣運算_工業AI,2395,研華,2022,2,income_statement,生物資產當期公允價值減出售成本之變動利益（損失）,,--,sii,https://mopsov.twse.com.tw/mops/web/ajax_t163sb04
下游,邊緣運算_工業AI,2395,研華,2022,2,income_statement,營業毛利（毛損）,12656610,"12,656,610",sii,https://mopsov.twse.com.tw/mops/web/ajax_t163sb04
下游,邊緣運算_工業AI,2395,研華,2022,2,income_statement,未實現銷貨（損）益,,--,sii,https://mopsov.twse.com.tw/mops/web/ajax_t163sb04
下游,邊緣運算_工業AI,2395,研華,2022,2,income_statement,已實現銷貨（損）益,,--,sii,https://mopsov.twse.com.tw/mops/web/ajax_t163sb04
下游,邊緣運算_工業AI,2395,研華,2022,2,income_statement,營業毛利（毛損）淨額,12656610,"12,656,610",sii,https://mopsov.twse.com.tw/mops/web/ajax_t163sb04
下游,邊緣運算_工業AI,2395,研華,2022,2,income_statement,營業費用,6534309,"6,534,309",sii,https://mopsov.twse.com.tw/mops/web/ajax_t163sb04
下游,邊緣運算_工業AI,2395,研華,2022,2,income_statement,其他收益及費損淨額,,--,sii,https://mopsov.twse.com.tw/mops/web/ajax_t163sb04
下游,邊緣運算_工業AI,2395,研華,2022,2,income_statement,營業利益（損失）,6122301,"6,122,301",sii,https://mopsov.twse.com.tw/mops/web/ajax_t163sb04
下游,邊緣運算_工業AI,2395,研華,2022,2,income_statement,營業外收入及支出,184954,"184,954",sii,https://mopsov.twse.com.tw/mops/web/ajax_t163sb04
下游,邊緣運算_工業AI,2395,研華,2022,2,income_statement,稅前淨利（淨損）,6307255,"6,307,255",sii,https://mopsov.twse.com.tw/mops/web/ajax_t163sb04
下游,邊緣運算_工業AI,2395,研華,2022,2,income_statement,所得稅費用（利益）,1275429,"1,275,429",sii,https://mopsov.twse.com.tw/mops/web/ajax_t163sb04
下游,邊緣運算_工業AI,2395,研華,2022,2,income_statement,繼續營業單位本期淨利（淨損）,5031826,"5,031,826",sii,https://mopsov.twse.com.tw/mops/web/ajax_t163sb04
下游,邊緣運算_工業AI,2395,研華,2022,2,income_statement,停業單位損益,,--,sii,https://mopsov.twse.com.tw/mops/web/ajax_t163sb04
下游,邊緣運算_工業AI,2395,研華,2022,2,income_statement,合併前非屬共同控制股權損益,,--,sii,https://mopsov.twse.com.tw/mops/web/ajax_t163sb04
下游,邊緣運算_工業AI,2395,研華,2022,2,income_statement,本期淨利（淨損）,5031826,"5,031,826",sii,https://mopsov.twse.com.tw/mops/web/ajax_t163sb04
下游,邊緣運算_工業AI,2395,研華,2022,2,income_statement,其他綜合損益（淨額）,249779,"249,779",sii,https://mopsov.twse.com.tw/mops/web/ajax_t163sb04
下游,邊緣運算_工業AI,2395,研華,2022,2,income_statement,合併前非屬共同控制股權綜合損益淨額,,--,sii,https://mopsov.twse.com.tw/mops/web/ajax_t163sb04
下游,邊緣運算_工業AI,2395,研華,2022,2,income_statement,本期綜合損益總額,5281605,"5,281,605",sii,https://mopsov.twse.com.tw/mops/web/ajax_t163sb04
下游,邊緣運算_工業AI,2395,研華,2022,2,income_statement,淨利（淨損）歸屬於母公司業主,5029881,"5,029,881",sii,https://mopsov.twse.com.tw/mops/web/ajax_t163sb04
下游,邊緣運算_工業AI,2395,研華,2022,2,income_statement,淨利（淨損）歸屬於共同控制下前手權益,,--,sii,https://mopsov.twse.com.tw/mops/web/ajax_t163sb04
下游,邊緣運算_工業AI,2395,研華,2022,2,income_statement,淨利（淨損）歸屬於非控制權益,1945,"1,945",sii,https://mopsov.twse.com.tw/mops/web/ajax_t163sb04
下游,邊緣運算_工業AI,2395,研華,2022,2,income_statement,綜合損益總額歸屬於母公司業主,5272064,"5,272,064",sii,https://mopsov.twse.com.tw/mops/web/ajax_t163sb04
下游,邊緣運算_工業AI,2395,研華,2022,2,income_statement,綜合損益總額歸屬於共同控制下前手權益,,--,sii,https://mopsov.twse.com.tw/mops/web/ajax_t163sb04
下游,邊緣運算_工業AI,2395,研華,2022,2,income_statement,綜合損益總額歸屬於非控制權益,9541,"9,541",sii,https://mopsov.twse.com.tw/mops/web/ajax_t163sb04
下游,邊緣運算_工業AI,2395,研華,2022,2,income_statement,基本每股盈餘（元）,6.49,6.49,sii,https://mopsov.twse.com.tw/mops/web/ajax_t163sb04
下游,邊緣運算_工業AI,6166,凌華,2022,2,income_statement,營業收入,5369381,"5,369,381",sii,https://mopsov.twse.com.tw/mops/web/ajax_t163sb04
下游,邊緣運算_工業AI,6166,凌華,2022,2,income_statement,營業成本,3418883,"3,418,883",sii,https://mopsov.twse.com.tw/mops/web/ajax_t163sb04
下游,邊緣運算_工業AI,6166,凌華,2022,2,income_statement,原始認列生物資產及農產品之利益（損失）,,--,sii,https://mopsov.twse.com.tw/mops/web/ajax_t163sb04
下游,邊緣運算_工業AI,6166,凌華,2022,2,income_statement,生物資產當期公允價值減出售成本之變動利益（損失）,,--,sii,https://mopsov.twse.com.tw/mops/web/ajax_t163sb04
下游,邊緣運算_工業AI,6166,凌華,2022,2,income_statement,營業毛利（毛損）,1950498,"1,950,498",sii,https://mopsov.twse.com.tw/mops/web/ajax_t163sb04
下游,邊緣運算_工業AI,6166,凌華,2022,2,income_statement,未實現銷貨（損）益,-421,-421,sii,https://mopsov.twse.com.tw/mops/web/ajax_t163sb04
下游,邊緣運算_工業AI,6166,凌華,2022,2,income_statement,已實現銷貨（損）益,,--,sii,https://mopsov.twse.com.tw/mops/web/ajax_t163sb04
下游,邊緣運算_工業AI,6166,凌華,2022,2,income_statement,營業毛利（毛損）淨額,1950919,"1,950,919",sii,https://mopsov.twse.com.tw/mops/web/ajax_t163sb04
下游,邊緣運算_工業AI,6166,凌華,2022,2,income_statement,營業費用,1785942,"1,785,942",sii,https://mopsov.twse.com.tw/mops/web/ajax_t163sb04
下游,邊緣運算_工業AI,6166,凌華,2022,2,income_statement,其他收益及費損淨額,,--,sii,https://mopsov.twse.com.tw/mops/web/ajax_t163sb04
下游,邊緣運算_工業AI,6166,凌華,2022,2,income_statement,營業利益（損失）,164977,"164,977",sii,https://mopsov.twse.com.tw/mops/web/ajax_t163sb04
下游,邊緣運算_工業AI,6166,凌華,2022,2,income_statement,營業外收入及支出,399713,"399,713",sii,https://mopsov.twse.com.tw/mops/web/ajax_t163sb04
下游,邊緣運算_工業AI,6166,凌華,2022,2,income_statement,稅前淨利（淨損）,564690,"564,690",sii,https://mopsov.twse.com.tw/mops/web/ajax_t163sb04
下游,邊緣運算_工業AI,6166,凌華,2022,2,income_statement,所得稅費用（利益）,75589,"75,589",sii,https://mopsov.twse.com.tw/mops/web/ajax_t163sb04
下游,邊緣運算_工業AI,6166,凌華,2022,2,income_statement,繼續營業單位本期淨利（淨損）,489101,"489,101",sii,https://mopsov.twse.com.tw/mops/web/ajax_t163sb04
下游,邊緣運算_工業AI,6166,凌華,2022,2,income_statement,停業單位損益,,--,sii,https://mopsov.twse.com.tw/mops/web/ajax_t163sb04
下游,邊緣運算_工業AI,6166,凌華,2022,2,income_statement,合併前非屬共同控制股權損益,,--,sii,https://mopsov.twse.com.tw/mops/web/ajax_t163sb04
下游,邊緣運算_工業AI,6166,凌華,2022,2,income_statement,本期淨利（淨損）,489101,"489,101",sii,https://mopsov.twse.com.tw/mops/web/ajax_t163sb04
下游,邊緣運算_工業AI,6166,凌華,2022,2,income_statement,其他綜合損益（淨額）,87142,"87,142",sii,https://mopsov.twse.com.tw/mops/web/ajax_t163sb04
下游,邊緣運算_工業AI,6166,凌華,2022,2,income_statement,合併前非屬共同控制股權綜合損益淨額,,--,sii,https://mopsov.twse.com.tw/mops/web/ajax_t163sb04
下游,邊緣運算_工業AI,6166,凌華,2022,2,income_statement,本期綜合損益總額,576243,"576,243",sii,https://mopsov.twse.com.tw/mops/web/ajax_t163sb04
下游,邊緣運算_工業AI,6166,凌華,2022,2,income_statement,淨利（淨損）歸屬於母公司業主,489101,"489,101",sii,https://mopsov.twse.com.tw/mops/web/ajax_t163sb04
下游,邊緣運算_工業AI,6166,凌華,2022,2,income_statement,淨利（淨損）歸屬於共同控制下前手權益,,--,sii,https://mopsov.twse.com.tw/mops/web/ajax_t163sb04
下游,邊緣運算_工業AI,6166,凌華,2022,2,income_statement,淨利（淨損）歸屬於非控制權益,,--,sii,https://mopsov.twse.com.tw/mops/web/ajax_t163sb04
下游,邊緣運算_工業AI,6166,凌華,2022,2,income_statement,綜合損益總額歸屬於母公司業主,576243,"576,243",sii,https://mopsov.twse.com.tw/mops/web/ajax_t163sb04
下游,邊緣運算_工業AI,6166,凌華,2022,2,income_statement,綜合損益總額歸屬於共同控制下前手權益,,--,sii,https://mopsov.twse.com.tw/mops/web/ajax_t163sb04
下游,邊緣運算_工業AI,6166,凌華,2022,2,income_statement,綜合損益總額歸屬於非控制權益,,--,sii,https://mopsov.twse.com.tw/mops/web/ajax_t163sb04
下游,邊緣運算_工業AI,6166,凌華,2022,2,income_statement,基本每股盈餘（元）,2.25,2.25,sii,https://mopsov.twse.com.tw/mops/web/ajax_t163sb04
下游,邊緣運算_工業AI,2395,研華,2022,2,balance_sheet,流動資產,41427744,"41,427,744",sii,https://mopsov.twse.com.tw/mops/web/ajax_t163sb05
下游,邊緣運算_工業AI,2395,研華,2022,2,balance_sheet,非流動資產,23323151,"23,323,151",sii,https://mopsov.twse.com.tw/mops/web/ajax_t163sb05
下游,邊緣運算_工業AI,2395,研華,2022,2,balance_sheet,資產總計,64750895,"64,750,895",sii,https://mopsov.twse.com.tw/mops/web/ajax_t163sb05
下游,邊緣運算_工業AI,2395,研華,2022,2,balance_sheet,流動負債,23121862,"23,121,862",sii,https://mopsov.twse.com.tw/mops/web/ajax_t163sb05
下游,邊緣運算_工業AI,2395,研華,2022,2,balance_sheet,非流動負債,3850259,"3,850,259",sii,https://mopsov.twse.com.tw/mops/web/ajax_t163sb05
下游,邊緣運算_工業AI,2395,研華,2022,2,balance_sheet,負債總計,26972121,"26,972,121",sii,https://mopsov.twse.com.tw/mops/web/ajax_t163sb05
下游,邊緣運算_工業AI,2395,研華,2022,2,balance_sheet,股本,7763662,"7,763,662",sii,https://mopsov.twse.com.tw/mops/web/ajax_t163sb05
下游,邊緣運算_工業AI,2395,研華,2022,2,balance_sheet,權益─具證券性質之虛擬通貨,,--,sii,https://mopsov.twse.com.tw/mops/web/ajax_t163sb05
下游,邊緣運算_工業AI,2395,研華,2022,2,balance_sheet,資本公積,8778181,"8,778,181",sii,https://mopsov.twse.com.tw/mops/web/ajax_t163sb05
下游,邊緣運算_工業AI,2395,研華,2022,2,balance_sheet,保留盈餘,21094965,"21,094,965",sii,https://mopsov.twse.com.tw/mops/web/ajax_t163sb05
下游,邊緣運算_工業AI,2395,研華,2022,2,balance_sheet,其他權益,-324014,"-324,014",sii,https://mopsov.twse.com.tw/mops/web/ajax_t163sb05
下游,邊緣運算_工業AI,2395,研華,2022,2,balance_sheet,庫藏股票,,--,sii,https://mopsov.twse.com.tw/mops/web/ajax_t163sb05
下游,邊緣運算_工業AI,2395,研華,2022,2,balance_sheet,歸屬於母公司業主之權益合計,37312794,"37,312,794",sii,https://mopsov.twse.com.tw/mops/web/ajax_t163sb05
下游,邊緣運算_工業AI,2395,研華,2022,2,balance_sheet,共同控制下前手權益,,--,sii,https://mopsov.twse.com.tw/mops/web/ajax_t163sb05
下游,邊緣運算_工業AI,2395,研華,2022,2,balance_sheet,合併前非屬共同控制股權,,--,sii,https://mopsov.twse.com.tw/mops/web/ajax_t163sb05
下游,邊緣運算_工業AI,2395,研華,2022,2,balance_sheet,非控制權益,465980,"465,980",sii,https://mopsov.twse.com.tw/mops/web/ajax_t163sb05
下游,邊緣運算_工業AI,2395,研華,2022,2,balance_sheet,權益總計,37778774,"37,778,774",sii,https://mopsov.twse.com.tw/mops/web/ajax_t163sb05
下游,邊緣運算_工業AI,2395,研華,2022,2,balance_sheet,待註銷股本股數（單位：股）,,--,sii,https://mopsov.twse.com.tw/mops/web/ajax_t163sb05
下游,邊緣運算_工業AI,2395,研華,2022,2,balance_sheet,預收股款（權益項下）之約當發行股數（單位：股）,528800,"528,800",sii,https://mopsov.twse.com.tw/mops/web/ajax_t163sb05
下游,邊緣運算_工業AI,2395,研華,2022,2,balance_sheet,母公司暨子公司所持有之母公司庫藏股股數（單位：股）,0,0,sii,https://mopsov.twse.com.tw/mops/web/ajax_t163sb05
下游,邊緣運算_工業AI,2395,研華,2022,2,balance_sheet,每股參考淨值,48.06,48.06,sii,https://mopsov.twse.com.tw/mops/web/ajax_t163sb05
下游,邊緣運算_工業AI,6166,凌華,2022,2,balance_sheet,流動資產,8245378,"8,245,378",sii,https://mopsov.twse.com.tw/mops/web/ajax_t163sb05
下游,邊緣運算_工業AI,6166,凌華,2022,2,balance_sheet,非流動資產,5507804,"5,507,804",sii,https://mopsov.twse.com.tw/mops/web/ajax_t163sb05
下游,邊緣運算_工業AI,6166,凌華,2022,2,balance_sheet,資產總計,13753182,"13,753,182",sii,https://mopsov.twse.com.tw/mops/web/ajax_t163sb05
下游,邊緣運算_工業AI,6166,凌華,2022,2,balance_sheet,流動負債,5179564,"5,179,564",sii,https://mopsov.twse.com.tw/mops/web/ajax_t163sb05
下游,邊緣運算_工業AI,6166,凌華,2022,2,balance_sheet,非流動負債,3642183,"3,642,183",sii,https://mopsov.twse.com.tw/mops/web/ajax_t163sb05
下游,邊緣運算_工業AI,6166,凌華,2022,2,balance_sheet,負債總計,8821747,"8,821,747",sii,https://mopsov.twse.com.tw/mops/web/ajax_t163sb05
下游,邊緣運算_工業AI,6166,凌華,2022,2,balance_sheet,股本,2174973,"2,174,973",sii,https://mopsov.twse.com.tw/mops/web/ajax_t163sb05
下游,邊緣運算_工業AI,6166,凌華,2022,2,balance_sheet,權益─具證券性質之虛擬通貨,,--,sii,https://mopsov.twse.com.tw/mops/web/ajax_t163sb05
下游,邊緣運算_工業AI,6166,凌華,2022,2,balance_sheet,資本公積,956432,"956,432",sii,https://mopsov.twse.com.tw/mops/web/ajax_t163sb05
下游,邊緣運算_工業AI,6166,凌華,2022,2,balance_sheet,保留盈餘,1953964,"1,953,964",sii,https://mopsov.twse.com.tw/mops/web/ajax_t163sb05
下游,邊緣運算_工業AI,6166,凌華,2022,2,balance_sheet,其他權益,-153934,"-153,934",sii,https://mopsov.twse.com.tw/mops/web/ajax_t163sb05
下游,邊緣運算_工業AI,6166,凌華,2022,2,balance_sheet,庫藏股票,,--,sii,https://mopsov.twse.com.tw/mops/web/ajax_t163sb05
下游,邊緣運算_工業AI,6166,凌華,2022,2,balance_sheet,歸屬於母公司業主之權益合計,4931435,"4,931,435",sii,https://mopsov.twse.com.tw/mops/web/ajax_t163sb05
下游,邊緣運算_工業AI,6166,凌華,2022,2,balance_sheet,共同控制下前手權益,,--,sii,https://mopsov.twse.com.tw/mops/web/ajax_t163sb05
下游,邊緣運算_工業AI,6166,凌華,2022,2,balance_sheet,合併前非屬共同控制股權,,--,sii,https://mopsov.twse.com.tw/mops/web/ajax_t163sb05
下游,邊緣運算_工業AI,6166,凌華,2022,2,balance_sheet,非控制權益,,--,sii,https://mopsov.twse.com.tw/mops/web/ajax_t163sb05
下游,邊緣運算_工業AI,6166,凌華,2022,2,balance_sheet,權益總計,4931435,"4,931,435",sii,https://mopsov.twse.com.tw/mops/web/ajax_t163sb05
下游,邊緣運算_工業AI,6166,凌華,2022,2,balance_sheet,待註銷股本股數（單位：股）,,--,sii,https://mopsov.twse.com.tw/mops/web/ajax_t163sb05
下游,邊緣運算_工業AI,6166,凌華,2022,2,balance_sheet,預收股款（權益項下）之約當發行股數（單位：股）,0,0,sii,https://mopsov.twse.com.tw/mops/web/ajax_t163sb05
下游,邊緣運算_工業AI,6166,凌華,2022,2,balance_sheet,母公司暨子公司所持有之母公司庫藏股股數（單位：股）,0,0,sii,https://mopsov.twse.com.tw/mops/web/ajax_t163sb05
下游,邊緣運算_工業AI,6166,凌華,2022,2,balance_sheet,每股參考淨值,22.67,22.67,sii,https://mopsov.twse.com.tw/mops/web/ajax_t163sb05
下游,邊緣運算_工業AI,2395,研華,2022,2,cash_flow,營業活動之淨現金流入（流出）,592823,"592,823",sii,https://mopsov.twse.com.tw/mops/web/ajax_t163sb20
下游,邊緣運算_工業AI,2395,研華,2022,2,cash_flow,投資活動之淨現金流入（流出）,-945992,"-945,992",sii,https://mopsov.twse.com.tw/mops/web/ajax_t163sb20
下游,邊緣運算_工業AI,2395,研華,2022,2,cash_flow,籌資活動之淨現金流入（流出）,270559,"270,559",sii,https://mopsov.twse.com.tw/mops/web/ajax_t163sb20
下游,邊緣運算_工業AI,2395,研華,2022,2,cash_flow,匯率變動對現金及約當現金之影響,487912,"487,912",sii,https://mopsov.twse.com.tw/mops/web/ajax_t163sb20
下游,邊緣運算_工業AI,2395,研華,2022,2,cash_flow,本期現金及約當現金增加（減少）數,405302,"405,302",sii,https://mopsov.twse.com.tw/mops/web/ajax_t163sb20
下游,邊緣運算_工業AI,2395,研華,2022,2,cash_flow,期初現金及約當現金餘額,9301152,"9,301,152",sii,https://mopsov.twse.com.tw/mops/web/ajax_t163sb20
下游,邊緣運算_工業AI,2395,研華,2022,2,cash_flow,期末現金及約當現金餘額,9706454,"9,706,454",sii,https://mopsov.twse.com.tw/mops/web/ajax_t163sb20
下游,邊緣運算_工業AI,6166,凌華,2022,2,cash_flow,營業活動之淨現金流入（流出）,-159557,"-159,557",sii,https://mopsov.twse.com.tw/mops/web/ajax_t163sb20
下游,邊緣運算_工業AI,6166,凌華,2022,2,cash_flow,投資活動之淨現金流入（流出）,273975,"273,975",sii,https://mopsov.twse.com.tw/mops/web/ajax_t163sb20
下游,邊緣運算_工業AI,6166,凌華,2022,2,cash_flow,籌資活動之淨現金流入（流出）,-167315,"-167,315",sii,https://mopsov.twse.com.tw/mops/web/ajax_t163sb20
下游,邊緣運算_工業AI,6166,凌華,2022,2,cash_flow,匯率變動對現金及約當現金之影響,52270,"52,270",sii,https://mopsov.twse.com.tw/mops/web/ajax_t163sb20
下游,邊緣運算_工業AI,6166,凌華,2022,2,cash_flow,本期現金及約當現金增加（減少）數,-627,-627,sii,https://mopsov.twse.com.tw/mops/web/ajax_t163sb20
下游,邊緣運算_工業AI,6166,凌華,2022,2,cash_flow,期初現金及約當現金餘額,1296331,"1,296,331",sii,https://mopsov.twse.com.tw/mops/web/ajax_t163sb20
下游,邊緣運算_工業AI,6166,凌華,2022,2,cash_flow,期末現金及約當現金餘額,1295704,"1,295,704",sii,https://mopsov.twse.com.tw/mops/web/ajax_t163sb20
下游,邊緣運算_工業AI,2395,研華,2022,3,income_statement,營業收入,51557924,"51,557,924",sii,https://mopsov.twse.com.tw/mops/web/ajax_t163sb04
下游,邊緣運算_工業AI,2395,研華,2022,3,income_statement,營業成本,32121677,"32,121,677",sii,https://mopsov.twse.com.tw/mops/web/ajax_t163sb04
下游,邊緣運算_工業AI,2395,研華,2022,3,income_statement,原始認列生物資產及農產品之利益（損失）,,--,sii,https://mopsov.twse.com.tw/mops/web/ajax_t163sb04
下游,邊緣運算_工業AI,2395,研華,2022,3,income_statement,生物資產當期公允價值減出售成本之變動利益（損失）,,--,sii,https://mopsov.twse.com.tw/mops/web/ajax_t163sb04
下游,邊緣運算_工業AI,2395,研華,2022,3,income_statement,營業毛利（毛損）,19436247,"19,436,247",sii,https://mopsov.twse.com.tw/mops/web/ajax_t163sb04
下游,邊緣運算_工業AI,2395,研華,2022,3,income_statement,未實現銷貨（損）益,,--,sii,https://mopsov.twse.com.tw/mops/web/ajax_t163sb04
下游,邊緣運算_工業AI,2395,研華,2022,3,income_statement,已實現銷貨（損）益,,--,sii,https://mopsov.twse.com.tw/mops/web/ajax_t163sb04
下游,邊緣運算_工業AI,2395,研華,2022,3,income_statement,營業毛利（毛損）淨額,19436247,"19,436,247",sii,https://mopsov.twse.com.tw/mops/web/ajax_t163sb04
下游,邊緣運算_工業AI,2395,研華,2022,3,income_statement,營業費用,9935560,"9,935,560",sii,https://mopsov.twse.com.tw/mops/web/ajax_t163sb04
下游,邊緣運算_工業AI,2395,研華,2022,3,income_statement,其他收益及費損淨額,,--,sii,https://mopsov.twse.com.tw/mops/web/ajax_t163sb04
下游,邊緣運算_工業AI,2395,研華,2022,3,income_statement,營業利益（損失）,9500687,"9,500,687",sii,https://mopsov.twse.com.tw/mops/web/ajax_t163sb04
下游,邊緣運算_工業AI,2395,研華,2022,3,income_statement,營業外收入及支出,773415,"773,415",sii,https://mopsov.twse.com.tw/mops/web/ajax_t163sb04
下游,邊緣運算_工業AI,2395,研華,2022,3,income_statement,稅前淨利（淨損）,10274102,"10,274,102",sii,https://mopsov.twse.com.tw/mops/web/ajax_t163sb04
下游,邊緣運算_工業AI,2395,研華,2022,3,income_statement,所得稅費用（利益）,2065983,"2,065,983",sii,https://mopsov.twse.com.tw/mops/web/ajax_t163sb04
下游,邊緣運算_工業AI,2395,研華,2022,3,income_statement,繼續營業單位本期淨利（淨損）,8208119,"8,208,119",sii,https://mopsov.twse.com.tw/mops/web/ajax_t163sb04
下游,邊緣運算_工業AI,2395,研華,2022,3,income_statement,停業單位損益,,--,sii,https://mopsov.twse.com.tw/mops/web/ajax_t163sb04
下游,邊緣運算_工業AI,2395,研華,2022,3,income_statement,合併前非屬共同控制股權損益,,--,sii,https://mopsov.twse.com.tw/mops/web/ajax_t163sb04
下游,邊緣運算_工業AI,2395,研華,2022,3,income_statement,本期淨利（淨損）,8208119,"8,208,119",sii,https://mopsov.twse.com.tw/mops/web/ajax_t163sb04
下游,邊緣運算_工業AI,2395,研華,2022,3,income_statement,其他綜合損益（淨額）,619369,"619,369",sii,https://mopsov.twse.com.tw/mops/web/ajax_t163sb04
下游,邊緣運算_工業AI,2395,研華,2022,3,income_statement,合併前非屬共同控制股權綜合損益淨額,,--,sii,https://mopsov.twse.com.tw/mops/web/ajax_t163sb04
下游,邊緣運算_工業AI,2395,研華,2022,3,income_statement,本期綜合損益總額,8827488,"8,827,488",sii,https://mopsov.twse.com.tw/mops/web/ajax_t163sb04
下游,邊緣運算_工業AI,2395,研華,2022,3,income_statement,淨利（淨損）歸屬於母公司業主,8214278,"8,214,278",sii,https://mopsov.twse.com.tw/mops/web/ajax_t163sb04
下游,邊緣運算_工業AI,2395,研華,2022,3,income_statement,淨利（淨損）歸屬於共同控制下前手權益,,--,sii,https://mopsov.twse.com.tw/mops/web/ajax_t163sb04
下游,邊緣運算_工業AI,2395,研華,2022,3,income_statement,淨利（淨損）歸屬於非控制權益,-6159,"-6,159",sii,https://mopsov.twse.com.tw/mops/web/ajax_t163sb04
下游,邊緣運算_工業AI,2395,研華,2022,3,income_statement,綜合損益總額歸屬於母公司業主,8844236,"8,844,236",sii,https://mopsov.twse.com.tw/mops/web/ajax_t163sb04
下游,邊緣運算_工業AI,2395,研華,2022,3,income_statement,綜合損益總額歸屬於共同控制下前手權益,,--,sii,https://mopsov.twse.com.tw/mops/web/ajax_t163sb04
下游,邊緣運算_工業AI,2395,研華,2022,3,income_statement,綜合損益總額歸屬於非控制權益,-16748,"-16,748",sii,https://mopsov.twse.com.tw/mops/web/ajax_t163sb04
下游,邊緣運算_工業AI,2395,研華,2022,3,income_statement,基本每股盈餘（元）,10.59,10.59,sii,https://mopsov.twse.com.tw/mops/web/ajax_t163sb04
下游,邊緣運算_工業AI,6166,凌華,2022,3,income_statement,營業收入,8430503,"8,430,503",sii,https://mopsov.twse.com.tw/mops/web/ajax_t163sb04
下游,邊緣運算_工業AI,6166,凌華,2022,3,income_statement,營業成本,5352782,"5,352,782",sii,https://mopsov.twse.com.tw/mops/web/ajax_t163sb04
下游,邊緣運算_工業AI,6166,凌華,2022,3,income_statement,原始認列生物資產及農產品之利益（損失）,,--,sii,https://mopsov.twse.com.tw/mops/web/ajax_t163sb04
下游,邊緣運算_工業AI,6166,凌華,2022,3,income_statement,生物資產當期公允價值減出售成本之變動利益（損失）,,--,sii,https://mopsov.twse.com.tw/mops/web/ajax_t163sb04
下游,邊緣運算_工業AI,6166,凌華,2022,3,income_statement,營業毛利（毛損）,3077721,"3,077,721",sii,https://mopsov.twse.com.tw/mops/web/ajax_t163sb04
下游,邊緣運算_工業AI,6166,凌華,2022,3,income_statement,未實現銷貨（損）益,651,651,sii,https://mopsov.twse.com.tw/mops/web/ajax_t163sb04
下游,邊緣運算_工業AI,6166,凌華,2022,3,income_statement,已實現銷貨（損）益,,--,sii,https://mopsov.twse.com.tw/mops/web/ajax_t163sb04
下游,邊緣運算_工業AI,6166,凌華,2022,3,income_statement,營業毛利（毛損）淨額,3077070,"3,077,070",sii,https://mopsov.twse.com.tw/mops/web/ajax_t163sb04
下游,邊緣運算_工業AI,6166,凌華,2022,3,income_statement,營業費用,2637401,"2,637,401",sii,https://mopsov.twse.com.tw/mops/web/ajax_t163sb04
下游,邊緣運算_工業AI,6166,凌華,2022,3,income_statement,其他收益及費損淨額,,--,sii,https://mopsov.twse.com.tw/mops/web/ajax_t163sb04
下游,邊緣運算_工業AI,6166,凌華,2022,3,income_statement,營業利益（損失）,439669,"439,669",sii,https://mopsov.twse.com.tw/mops/web/ajax_t163sb04
下游,邊緣運算_工業AI,6166,凌華,2022,3,income_statement,營業外收入及支出,419499,"419,499",sii,https://mopsov.twse.com.tw/mops/web/ajax_t163sb04
下游,邊緣運算_工業AI,6166,凌華,2022,3,income_statement,稅前淨利（淨損）,859168,"859,168",sii,https://mopsov.twse.com.tw/mops/web/ajax_t163sb04
下游,邊緣運算_工業AI,6166,凌華,2022,3,income_statement,所得稅費用（利益）,138556,"138,556",sii,https://mopsov.twse.com.tw/mops/web/ajax_t163sb04
下游,邊緣運算_工業AI,6166,凌華,2022,3,income_statement,繼續營業單位本期淨利（淨損）,720612,"720,612",sii,https://mopsov.twse.com.tw/mops/web/ajax_t163sb04
下游,邊緣運算_工業AI,6166,凌華,2022,3,income_statement,停業單位損益,,--,sii,https://mopsov.twse.com.tw/mops/web/ajax_t163sb04
下游,邊緣運算_工業AI,6166,凌華,2022,3,income_statement,合併前非屬共同控制股權損益,,--,sii,https://mopsov.twse.com.tw/mops/web/ajax_t163sb04
下游,邊緣運算_工業AI,6166,凌華,2022,3,income_statement,本期淨利（淨損）,720612,"720,612",sii,https://mopsov.twse.com.tw/mops/web/ajax_t163sb04
下游,邊緣運算_工業AI,6166,凌華,2022,3,income_statement,其他綜合損益（淨額）,151038,"151,038",sii,https://mopsov.twse.com.tw/mops/web/ajax_t163sb04
下游,邊緣運算_工業AI,6166,凌華,2022,3,income_statement,合併前非屬共同控制股權綜合損益淨額,,--,sii,https://mopsov.twse.com.tw/mops/web/ajax_t163sb04
下游,邊緣運算_工業AI,6166,凌華,2022,3,income_statement,本期綜合損益總額,871650,"871,650",sii,https://mopsov.twse.com.tw/mops/web/ajax_t163sb04
下游,邊緣運算_工業AI,6166,凌華,2022,3,income_statement,淨利（淨損）歸屬於母公司業主,720612,"720,612",sii,https://mopsov.twse.com.tw/mops/web/ajax_t163sb04
下游,邊緣運算_工業AI,6166,凌華,2022,3,income_statement,淨利（淨損）歸屬於共同控制下前手權益,,--,sii,https://mopsov.twse.com.tw/mops/web/ajax_t163sb04
下游,邊緣運算_工業AI,6166,凌華,2022,3,income_statement,淨利（淨損）歸屬於非控制權益,,--,sii,https://mopsov.twse.com.tw/mops/web/ajax_t163sb04
下游,邊緣運算_工業AI,6166,凌華,2022,3,income_statement,綜合損益總額歸屬於母公司業主,871650,"871,650",sii,https://mopsov.twse.com.tw/mops/web/ajax_t163sb04
下游,邊緣運算_工業AI,6166,凌華,2022,3,income_statement,綜合損益總額歸屬於共同控制下前手權益,,--,sii,https://mopsov.twse.com.tw/mops/web/ajax_t163sb04
下游,邊緣運算_工業AI,6166,凌華,2022,3,income_statement,綜合損益總額歸屬於非控制權益,,--,sii,https://mopsov.twse.com.tw/mops/web/ajax_t163sb04
下游,邊緣運算_工業AI,6166,凌華,2022,3,income_statement,基本每股盈餘（元）,3.31,3.31,sii,https://mopsov.twse.com.tw/mops/web/ajax_t163sb04
下游,邊緣運算_工業AI,2395,研華,2022,3,balance_sheet,流動資產,38736353,"38,736,353",sii,https://mopsov.twse.com.tw/mops/web/ajax_t163sb05
下游,邊緣運算_工業AI,2395,研華,2022,3,balance_sheet,非流動資產,23979437,"23,979,437",sii,https://mopsov.twse.com.tw/mops/web/ajax_t163sb05
下游,邊緣運算_工業AI,2395,研華,2022,3,balance_sheet,資產總計,62715790,"62,715,790",sii,https://mopsov.twse.com.tw/mops/web/ajax_t163sb05
下游,邊緣運算_工業AI,2395,研華,2022,3,balance_sheet,流動負債,17420867,"17,420,867",sii,https://mopsov.twse.com.tw/mops/web/ajax_t163sb05
下游,邊緣運算_工業AI,2395,研華,2022,3,balance_sheet,非流動負債,3660446,"3,660,446",sii,https://mopsov.twse.com.tw/mops/web/ajax_t163sb05
下游,邊緣運算_工業AI,2395,研華,2022,3,balance_sheet,負債總計,21081313,"21,081,313",sii,https://mopsov.twse.com.tw/mops/web/ajax_t163sb05
下游,邊緣運算_工業AI,2395,研華,2022,3,balance_sheet,股本,7778434,"7,778,434",sii,https://mopsov.twse.com.tw/mops/web/ajax_t163sb05
下游,邊緣運算_工業AI,2395,研華,2022,3,balance_sheet,權益─具證券性質之虛擬通貨,,--,sii,https://mopsov.twse.com.tw/mops/web/ajax_t163sb05
下游,邊緣運算_工業AI,2395,研華,2022,3,balance_sheet,資本公積,9034346,"9,034,346",sii,https://mopsov.twse.com.tw/mops/web/ajax_t163sb05
下游,邊緣運算_工業AI,2395,研華,2022,3,balance_sheet,保留盈餘,24289464,"24,289,464",sii,https://mopsov.twse.com.tw/mops/web/ajax_t163sb05
下游,邊緣運算_工業AI,2395,研華,2022,3,balance_sheet,其他權益,63773,"63,773",sii,https://mopsov.twse.com.tw/mops/web/ajax_t163sb05
下游,邊緣運算_工業AI,2395,研華,2022,3,balance_sheet,庫藏股票,,--,sii,https://mopsov.twse.com.tw/mops/web/ajax_t163sb05
下游,邊緣運算_工業AI,2395,研華,2022,3,balance_sheet,歸屬於母公司業主之權益合計,41166017,"41,166,017",sii,https://mopsov.twse.com.tw/mops/web/ajax_t163sb05
下游,邊緣運算_工業AI,2395,研華,2022,3,balance_sheet,共同控制下前手權益,,--,sii,https://mopsov.twse.com.tw/mops/web/ajax_t163sb05
下游,邊緣運算_工業AI,2395,研華,2022,3,balance_sheet,合併前非屬共同控制股權,,--,sii,https://mopsov.twse.com.tw/mops/web/ajax_t163sb05
下游,邊緣運算_工業AI,2395,研華,2022,3,balance_sheet,非控制權益,468460,"468,460",sii,https://mopsov.twse.com.tw/mops/web/ajax_t163sb05
下游,邊緣運算_工業AI,2395,研華,2022,3,balance_sheet,權益總計,41634477,"41,634,477",sii,https://mopsov.twse.com.tw/mops/web/ajax_t163sb05
下游,邊緣運算_工業AI,2395,研華,2022,3,balance_sheet,待註銷股本股數（單位：股）,0,0,sii,https://mopsov.twse.com.tw/mops/web/ajax_t163sb05
下游,邊緣運算_工業AI,2395,研華,2022,3,balance_sheet,預收股款（權益項下）之約當發行股數（單位：股）,1477200,"1,477,200",sii,https://mopsov.twse.com.tw/mops/web/ajax_t163sb05
下游,邊緣運算_工業AI,2395,研華,2022,3,balance_sheet,母公司暨子公司所持有之母公司庫藏股股數（單位：股）,0,0,sii,https://mopsov.twse.com.tw/mops/web/ajax_t163sb05
下游,邊緣運算_工業AI,2395,研華,2022,3,balance_sheet,每股參考淨值,52.92,52.92,sii,https://mopsov.twse.com.tw/mops/web/ajax_t163sb05
下游,邊緣運算_工業AI,6166,凌華,2022,3,balance_sheet,流動資產,8676311,"8,676,311",sii,https://mopsov.twse.com.tw/mops/web/ajax_t163sb05
下游,邊緣運算_工業AI,6166,凌華,2022,3,balance_sheet,非流動資產,5528906,"5,528,906",sii,https://mopsov.twse.com.tw/mops/web/ajax_t163sb05
下游,邊緣運算_工業AI,6166,凌華,2022,3,balance_sheet,資產總計,14205217,"14,205,217",sii,https://mopsov.twse.com.tw/mops/web/ajax_t163sb05
下游,邊緣運算_工業AI,6166,凌華,2022,3,balance_sheet,流動負債,5429388,"5,429,388",sii,https://mopsov.twse.com.tw/mops/web/ajax_t163sb05
下游,邊緣運算_工業AI,6166,凌華,2022,3,balance_sheet,非流動負債,3548987,"3,548,987",sii,https://mopsov.twse.com.tw/mops/web/ajax_t163sb05
下游,邊緣運算_工業AI,6166,凌華,2022,3,balance_sheet,負債總計,8978375,"8,978,375",sii,https://mopsov.twse.com.tw/mops/web/ajax_t163sb05
下游,邊緣運算_工業AI,6166,凌華,2022,3,balance_sheet,股本,2174973,"2,174,973",sii,https://mopsov.twse.com.tw/mops/web/ajax_t163sb05
下游,邊緣運算_工業AI,6166,凌華,2022,3,balance_sheet,權益─具證券性質之虛擬通貨,,--,sii,https://mopsov.twse.com.tw/mops/web/ajax_t163sb05
下游,邊緣運算_工業AI,6166,凌華,2022,3,balance_sheet,資本公積,956432,"956,432",sii,https://mopsov.twse.com.tw/mops/web/ajax_t163sb05
下游,邊緣運算_工業AI,6166,凌華,2022,3,balance_sheet,保留盈餘,2185475,"2,185,475",sii,https://mopsov.twse.com.tw/mops/web/ajax_t163sb05
下游,邊緣運算_工業AI,6166,凌華,2022,3,balance_sheet,其他權益,-90038,"-90,038",sii,https://mopsov.twse.com.tw/mops/web/ajax_t163sb05
下游,邊緣運算_工業AI,6166,凌華,2022,3,balance_sheet,庫藏股票,,--,sii,https://mopsov.twse.com.tw/mops/web/ajax_t163sb05
下游,邊緣運算_工業AI,6166,凌華,2022,3,balance_sheet,歸屬於母公司業主之權益合計,5226842,"5,226,842",sii,https://mopsov.twse.com.tw/mops/web/ajax_t163sb05
下游,邊緣運算_工業AI,6166,凌華,2022,3,balance_sheet,共同控制下前手權益,,--,sii,https://mopsov.twse.com.tw/mops/web/ajax_t163sb05
下游,邊緣運算_工業AI,6166,凌華,2022,3,balance_sheet,合併前非屬共同控制股權,,--,sii,https://mopsov.twse.com.tw/mops/web/ajax_t163sb05
下游,邊緣運算_工業AI,6166,凌華,2022,3,balance_sheet,非控制權益,,--,sii,https://mopsov.twse.com.tw/mops/web/ajax_t163sb05
下游,邊緣運算_工業AI,6166,凌華,2022,3,balance_sheet,權益總計,5226842,"5,226,842",sii,https://mopsov.twse.com.tw/mops/web/ajax_t163sb05
下游,邊緣運算_工業AI,6166,凌華,2022,3,balance_sheet,待註銷股本股數（單位：股）,,--,sii,https://mopsov.twse.com.tw/mops/web/ajax_t163sb05
下游,邊緣運算_工業AI,6166,凌華,2022,3,balance_sheet,預收股款（權益項下）之約當發行股數（單位：股）,0,0,sii,https://mopsov.twse.com.tw/mops/web/ajax_t163sb05
下游,邊緣運算_工業AI,6166,凌華,2022,3,balance_sheet,母公司暨子公司所持有之母公司庫藏股股數（單位：股）,0,0,sii,https://mopsov.twse.com.tw/mops/web/ajax_t163sb05
下游,邊緣運算_工業AI,6166,凌華,2022,3,balance_sheet,每股參考淨值,24.03,24.03,sii,https://mopsov.twse.com.tw/mops/web/ajax_t163sb05
下游,邊緣運算_工業AI,2395,研華,2022,3,cash_flow,營業活動之淨現金流入（流出）,6427099,"6,427,099",sii,https://mopsov.twse.com.tw/mops/web/ajax_t163sb20
下游,邊緣運算_工業AI,2395,研華,2022,3,cash_flow,投資活動之淨現金流入（流出）,-1446510,"-1,446,510",sii,https://mopsov.twse.com.tw/mops/web/ajax_t163sb20
下游,邊緣運算_工業AI,2395,研華,2022,3,cash_flow,籌資活動之淨現金流入（流出）,-5596276,"-5,596,276",sii,https://mopsov.twse.com.tw/mops/web/ajax_t163sb20
下游,邊緣運算_工業AI,2395,研華,2022,3,cash_flow,匯率變動對現金及約當現金之影響,728634,"728,634",sii,https://mopsov.twse.com.tw/mops/web/ajax_t163sb20
下游,邊緣運算_工業AI,2395,研華,2022,3,cash_flow,本期現金及約當現金增加（減少）數,112947,"112,947",sii,https://mopsov.twse.com.tw/mops/web/ajax_t163sb20
下游,邊緣運算_工業AI,2395,研華,2022,3,cash_flow,期初現金及約當現金餘額,9301152,"9,301,152",sii,https://mopsov.twse.com.tw/mops/web/ajax_t163sb20
下游,邊緣運算_工業AI,2395,研華,2022,3,cash_flow,期末現金及約當現金餘額,9414099,"9,414,099",sii,https://mopsov.twse.com.tw/mops/web/ajax_t163sb20
下游,邊緣運算_工業AI,6166,凌華,2022,3,cash_flow,營業活動之淨現金流入（流出）,350169,"350,169",sii,https://mopsov.twse.com.tw/mops/web/ajax_t163sb20
下游,邊緣運算_工業AI,6166,凌華,2022,3,cash_flow,投資活動之淨現金流入（流出）,164121,"164,121",sii,https://mopsov.twse.com.tw/mops/web/ajax_t163sb20
下游,邊緣運算_工業AI,6166,凌華,2022,3,cash_flow,籌資活動之淨現金流入（流出）,-318455,"-318,455",sii,https://mopsov.twse.com.tw/mops/web/ajax_t163sb20
下游,邊緣運算_工業AI,6166,凌華,2022,3,cash_flow,匯率變動對現金及約當現金之影響,142089,"142,089",sii,https://mopsov.twse.com.tw/mops/web/ajax_t163sb20
下游,邊緣運算_工業AI,6166,凌華,2022,3,cash_flow,本期現金及約當現金增加（減少）數,337924,"337,924",sii,https://mopsov.twse.com.tw/mops/web/ajax_t163sb20
下游,邊緣運算_工業AI,6166,凌華,2022,3,cash_flow,期初現金及約當現金餘額,1296331,"1,296,331",sii,https://mopsov.twse.com.tw/mops/web/ajax_t163sb20
下游,邊緣運算_工業AI,6166,凌華,2022,3,cash_flow,期末現金及約當現金餘額,1634255,"1,634,255",sii,https://mopsov.twse.com.tw/mops/web/ajax_t163sb20
下游,邊緣運算_工業AI,2395,研華,2022,4,income_statement,營業收入,68744701,"68,744,701",sii,https://mopsov.twse.com.tw/mops/web/ajax_t163sb04
下游,邊緣運算_工業AI,2395,研華,2022,4,income_statement,營業成本,42631598,"42,631,598",sii,https://mopsov.twse.com.tw/mops/web/ajax_t163sb04
下游,邊緣運算_工業AI,2395,研華,2022,4,income_statement,原始認列生物資產及農產品之利益（損失）,,--,sii,https://mopsov.twse.com.tw/mops/web/ajax_t163sb04
下游,邊緣運算_工業AI,2395,研華,2022,4,income_statement,生物資產當期公允價值減出售成本之變動利益（損失）,,--,sii,https://mopsov.twse.com.tw/mops/web/ajax_t163sb04
下游,邊緣運算_工業AI,2395,研華,2022,4,income_statement,營業毛利（毛損）,26113103,"26,113,103",sii,https://mopsov.twse.com.tw/mops/web/ajax_t163sb04
下游,邊緣運算_工業AI,2395,研華,2022,4,income_statement,未實現銷貨（損）益,,--,sii,https://mopsov.twse.com.tw/mops/web/ajax_t163sb04
下游,邊緣運算_工業AI,2395,研華,2022,4,income_statement,已實現銷貨（損）益,,--,sii,https://mopsov.twse.com.tw/mops/web/ajax_t163sb04
下游,邊緣運算_工業AI,2395,研華,2022,4,income_statement,營業毛利（毛損）淨額,26113103,"26,113,103",sii,https://mopsov.twse.com.tw/mops/web/ajax_t163sb04
下游,邊緣運算_工業AI,2395,研華,2022,4,income_statement,營業費用,13580926,"13,580,926",sii,https://mopsov.twse.com.tw/mops/web/ajax_t163sb04
下游,邊緣運算_工業AI,2395,研華,2022,4,income_statement,其他收益及費損淨額,,--,sii,https://mopsov.twse.com.tw/mops/web/ajax_t163sb04
下游,邊緣運算_工業AI,2395,研華,2022,4,income_statement,營業利益（損失）,12532177,"12,532,177",sii,https://mopsov.twse.com.tw/mops/web/ajax_t163sb04
下游,邊緣運算_工業AI,2395,研華,2022,4,income_statement,營業外收入及支出,910683,"910,683",sii,https://mopsov.twse.com.tw/mops/web/ajax_t163sb04
下游,邊緣運算_工業AI,2395,研華,2022,4,income_statement,稅前淨利（淨損）,13442860,"13,442,860",sii,https://mopsov.twse.com.tw/mops/web/ajax_t163sb04
下游,邊緣運算_工業AI,2395,研華,2022,4,income_statement,所得稅費用（利益）,2700301,"2,700,301",sii,https://mopsov.twse.com.tw/mops/web/ajax_t163sb04
下游,邊緣運算_工業AI,2395,研華,2022,4,income_statement,繼續營業單位本期淨利（淨損）,10742559,"10,742,559",sii,https://mopsov.twse.com.tw/mops/web/ajax_t163sb04
下游,邊緣運算_工業AI,2395,研華,2022,4,income_statement,停業單位損益,,--,sii,https://mopsov.twse.com.tw/mops/web/ajax_t163sb04
下游,邊緣運算_工業AI,2395,研華,2022,4,income_statement,合併前非屬共同控制股權損益,,--,sii,https://mopsov.twse.com.tw/mops/web/ajax_t163sb04
下游,邊緣運算_工業AI,2395,研華,2022,4,income_statement,本期淨利（淨損）,10742559,"10,742,559",sii,https://mopsov.twse.com.tw/mops/web/ajax_t163sb04
下游,邊緣運算_工業AI,2395,研華,2022,4,income_statement,其他綜合損益（淨額）,659439,"659,439",sii,https://mopsov.twse.com.tw/mops/web/ajax_t163sb04
下游,邊緣運算_工業AI,2395,研華,2022,4,income_statement,合併前非屬共同控制股權綜合損益淨額,,--,sii,https://mopsov.twse.com.tw/mops/web/ajax_t163sb04
下游,邊緣運算_工業AI,2395,研華,2022,4,income_statement,本期綜合損益總額,11401998,"11,401,998",sii,https://mopsov.twse.com.tw/mops/web/ajax_t163sb04
下游,邊緣運算_工業AI,2395,研華,2022,4,income_statement,淨利（淨損）歸屬於母公司業主,10757077,"10,757,077",sii,https://mopsov.twse.com.tw/mops/web/ajax_t163sb04
下游,邊緣運算_工業AI,2395,研華,2022,4,income_statement,淨利（淨損）歸屬於共同控制下前手權益,,--,sii,https://mopsov.twse.com.tw/mops/web/ajax_t163sb04
下游,邊緣運算_工業AI,2395,研華,2022,4,income_statement,淨利（淨損）歸屬於非控制權益,-14518,"-14,518",sii,https://mopsov.twse.com.tw/mops/web/ajax_t163sb04
下游,邊緣運算_工業AI,2395,研華,2022,4,income_statement,綜合損益總額歸屬於母公司業主,11417894,"11,417,894",sii,https://mopsov.twse.com.tw/mops/web/ajax_t163sb04
下游,邊緣運算_工業AI,2395,研華,2022,4,income_statement,綜合損益總額歸屬於共同控制下前手權益,,--,sii,https://mopsov.twse.com.tw/mops/web/ajax_t163sb04
下游,邊緣運算_工業AI,2395,研華,2022,4,income_statement,綜合損益總額歸屬於非控制權益,-15896,"-15,896",sii,https://mopsov.twse.com.tw/mops/web/ajax_t163sb04
下游,邊緣運算_工業AI,2395,研華,2022,4,income_statement,基本每股盈餘（元）,13.85,13.85,sii,https://mopsov.twse.com.tw/mops/web/ajax_t163sb04
下游,邊緣運算_工業AI,6166,凌華,2022,4,income_statement,營業收入,11718175,"11,718,175",sii,https://mopsov.twse.com.tw/mops/web/ajax_t163sb04
下游,邊緣運算_工業AI,6166,凌華,2022,4,income_statement,營業成本,7465205,"7,465,205",sii,https://mopsov.twse.com.tw/mops/web/ajax_t163sb04
下游,邊緣運算_工業AI,6166,凌華,2022,4,income_statement,原始認列生物資產及農產品之利益（損失）,,--,sii,https://mopsov.twse.com.tw/mops/web/ajax_t163sb04
下游,邊緣運算_工業AI,6166,凌華,2022,4,income_statement,生物資產當期公允價值減出售成本之變動利益（損失）,,--,sii,https://mopsov.twse.com.tw/mops/web/ajax_t163sb04
下游,邊緣運算_工業AI,6166,凌華,2022,4,income_statement,營業毛利（毛損）,4252970,"4,252,970",sii,https://mopsov.twse.com.tw/mops/web/ajax_t163sb04
下游,邊緣運算_工業AI,6166,凌華,2022,4,income_statement,未實現銷貨（損）益,964,964,sii,https://mopsov.twse.com.tw/mops/web/ajax_t163sb04
下游,邊緣運算_工業AI,6166,凌華,2022,4,income_statement,已實現銷貨（損）益,,--,sii,https://mopsov.twse.com.tw/mops/web/ajax_t163sb04
下游,邊緣運算_工業AI,6166,凌華,2022,4,income_statement,營業毛利（毛損）淨額,4252006,"4,252,006",sii,https://mopsov.twse.com.tw/mops/web/ajax_t163sb04
下游,邊緣運算_工業AI,6166,凌華,2022,4,income_statement,營業費用,3635601,"3,635,601",sii,https://mopsov.twse.com.tw/mops/web/ajax_t163sb04
下游,邊緣運算_工業AI,6166,凌華,2022,4,income_statement,其他收益及費損淨額,,--,sii,https://mopsov.twse.com.tw/mops/web/ajax_t163sb04
下游,邊緣運算_工業AI,6166,凌華,2022,4,income_statement,營業利益（損失）,616405,"616,405",sii,https://mopsov.twse.com.tw/mops/web/ajax_t163sb04
下游,邊緣運算_工業AI,6166,凌華,2022,4,income_statement,營業外收入及支出,353924,"353,924",sii,https://mopsov.twse.com.tw/mops/web/ajax_t163sb04
下游,邊緣運算_工業AI,6166,凌華,2022,4,income_statement,稅前淨利（淨損）,970329,"970,329",sii,https://mopsov.twse.com.tw/mops/web/ajax_t163sb04
下游,邊緣運算_工業AI,6166,凌華,2022,4,income_statement,所得稅費用（利益）,164933,"164,933",sii,https://mopsov.twse.com.tw/mops/web/ajax_t163sb04
下游,邊緣運算_工業AI,6166,凌華,2022,4,income_statement,繼續營業單位本期淨利（淨損）,805396,"805,396",sii,https://mopsov.twse.com.tw/mops/web/ajax_t163sb04
下游,邊緣運算_工業AI,6166,凌華,2022,4,income_statement,停業單位損益,,--,sii,https://mopsov.twse.com.tw/mops/web/ajax_t163sb04
下游,邊緣運算_工業AI,6166,凌華,2022,4,income_statement,合併前非屬共同控制股權損益,,--,sii,https://mopsov.twse.com.tw/mops/web/ajax_t163sb04
下游,邊緣運算_工業AI,6166,凌華,2022,4,income_statement,本期淨利（淨損）,805396,"805,396",sii,https://mopsov.twse.com.tw/mops/web/ajax_t163sb04
下游,邊緣運算_工業AI,6166,凌華,2022,4,income_statement,其他綜合損益（淨額）,108906,"108,906",sii,https://mopsov.twse.com.tw/mops/web/ajax_t163sb04
下游,邊緣運算_工業AI,6166,凌華,2022,4,income_statement,合併前非屬共同控制股權綜合損益淨額,,--,sii,https://mopsov.twse.com.tw/mops/web/ajax_t163sb04
下游,邊緣運算_工業AI,6166,凌華,2022,4,income_statement,本期綜合損益總額,914302,"914,302",sii,https://mopsov.twse.com.tw/mops/web/ajax_t163sb04
下游,邊緣運算_工業AI,6166,凌華,2022,4,income_statement,淨利（淨損）歸屬於母公司業主,805858,"805,858",sii,https://mopsov.twse.com.tw/mops/web/ajax_t163sb04
下游,邊緣運算_工業AI,6166,凌華,2022,4,income_statement,淨利（淨損）歸屬於共同控制下前手權益,,--,sii,https://mopsov.twse.com.tw/mops/web/ajax_t163sb04
下游,邊緣運算_工業AI,6166,凌華,2022,4,income_statement,淨利（淨損）歸屬於非控制權益,-462,-462,sii,https://mopsov.twse.com.tw/mops/web/ajax_t163sb04
下游,邊緣運算_工業AI,6166,凌華,2022,4,income_statement,綜合損益總額歸屬於母公司業主,915217,"915,217",sii,https://mopsov.twse.com.tw/mops/web/ajax_t163sb04
下游,邊緣運算_工業AI,6166,凌華,2022,4,income_statement,綜合損益總額歸屬於共同控制下前手權益,,--,sii,https://mopsov.twse.com.tw/mops/web/ajax_t163sb04
下游,邊緣運算_工業AI,6166,凌華,2022,4,income_statement,綜合損益總額歸屬於非控制權益,-915,-915,sii,https://mopsov.twse.com.tw/mops/web/ajax_t163sb04
下游,邊緣運算_工業AI,6166,凌華,2022,4,income_statement,基本每股盈餘（元）,3.71,3.71,sii,https://mopsov.twse.com.tw/mops/web/ajax_t163sb04
下游,邊緣運算_工業AI,2395,研華,2022,4,balance_sheet,流動資產,41747348,"41,747,348",sii,https://mopsov.twse.com.tw/mops/web/ajax_t163sb05
下游,邊緣運算_工業AI,2395,研華,2022,4,balance_sheet,非流動資產,24637590,"24,637,590",sii,https://mopsov.twse.com.tw/mops/web/ajax_t163sb05
下游,邊緣運算_工業AI,2395,研華,2022,4,balance_sheet,資產總計,66384938,"66,384,938",sii,https://mopsov.twse.com.tw/mops/web/ajax_t163sb05
下游,邊緣運算_工業AI,2395,研華,2022,4,balance_sheet,流動負債,18480816,"18,480,816",sii,https://mopsov.twse.com.tw/mops/web/ajax_t163sb05
下游,邊緣運算_工業AI,2395,研華,2022,4,balance_sheet,非流動負債,3620108,"3,620,108",sii,https://mopsov.twse.com.tw/mops/web/ajax_t163sb05
下游,邊緣運算_工業AI,2395,研華,2022,4,balance_sheet,負債總計,22100924,"22,100,924",sii,https://mopsov.twse.com.tw/mops/web/ajax_t163sb05
下游,邊緣運算_工業AI,2395,研華,2022,4,balance_sheet,股本,7779769,"7,779,769",sii,https://mopsov.twse.com.tw/mops/web/ajax_t163sb05
下游,邊緣運算_工業AI,2395,研華,2022,4,balance_sheet,權益─具證券性質之虛擬通貨,,--,sii,https://mopsov.twse.com.tw/mops/web/ajax_t163sb05
下游,邊緣運算_工業AI,2395,研華,2022,4,balance_sheet,資本公積,9110280,"9,110,280",sii,https://mopsov.twse.com.tw/mops/web/ajax_t163sb05
下游,邊緣運算_工業AI,2395,研華,2022,4,balance_sheet,保留盈餘,26858094,"26,858,094",sii,https://mopsov.twse.com.tw/mops/web/ajax_t163sb05
下游,邊緣運算_工業AI,2395,研華,2022,4,balance_sheet,其他權益,66559,"66,559",sii,https://mopsov.twse.com.tw/mops/web/ajax_t163sb05
下游,邊緣運算_工業AI,2395,研華,2022,4,balance_sheet,庫藏股票,,--,sii,https://mopsov.twse.com.tw/mops/web/ajax_t163sb05
下游,邊緣運算_工業AI,2395,研華,2022,4,balance_sheet,歸屬於母公司業主之權益合計,43814702,"43,814,702",sii,https://mopsov.twse.com.tw/mops/web/ajax_t163sb05
下游,邊緣運算_工業AI,2395,研華,2022,4,balance_sheet,共同控制下前手權益,,--,sii,https://mopsov.twse.com.tw/mops/web/ajax_t163sb05
下游,邊緣運算_工業AI,2395,研華,2022,4,balance_sheet,合併前非屬共同控制股權,,--,sii,https://mopsov.twse.com.tw/mops/web/ajax_t163sb05
下游,邊緣運算_工業AI,2395,研華,2022,4,balance_sheet,非控制權益,469312,"469,312",sii,https://mopsov.twse.com.tw/mops/web/ajax_t163sb05
下游,邊緣運算_工業AI,2395,研華,2022,4,balance_sheet,權益總計,44284014,"44,284,014",sii,https://mopsov.twse.com.tw/mops/web/ajax_t163sb05
下游,邊緣運算_工業AI,2395,研華,2022,4,balance_sheet,待註銷股本股數（單位：股）,,--,sii,https://mopsov.twse.com.tw/mops/web/ajax_t163sb05
下游,邊緣運算_工業AI,2395,研華,2022,4,balance_sheet,預收股款（權益項下）之約當發行股數（單位：股）,133500,"133,500",sii,https://mopsov.twse.com.tw/mops/web/ajax_t163sb05
下游,邊緣運算_工業AI,2395,研華,2022,4,balance_sheet,母公司暨子公司所持有之母公司庫藏股股數（單位：股）,0,0,sii,https://mopsov.twse.com.tw/mops/web/ajax_t163sb05
下游,邊緣運算_工業AI,2395,研華,2022,4,balance_sheet,每股參考淨值,56.32,56.32,sii,https://mopsov.twse.com.tw/mops/web/ajax_t163sb05
下游,邊緣運算_工業AI,6166,凌華,2022,4,balance_sheet,流動資產,8086738,"8,086,738",sii,https://mopsov.twse.com.tw/mops/web/ajax_t163sb05
下游,邊緣運算_工業AI,6166,凌華,2022,4,balance_sheet,非流動資產,5509143,"5,509,143",sii,https://mopsov.twse.com.tw/mops/web/ajax_t163sb05
下游,邊緣運算_工業AI,6166,凌華,2022,4,balance_sheet,資產總計,13595881,"13,595,881",sii,https://mopsov.twse.com.tw/mops/web/ajax_t163sb05
下游,邊緣運算_工業AI,6166,凌華,2022,4,balance_sheet,流動負債,4373009,"4,373,009",sii,https://mopsov.twse.com.tw/mops/web/ajax_t163sb05
下游,邊緣運算_工業AI,6166,凌華,2022,4,balance_sheet,非流動負債,3550716,"3,550,716",sii,https://mopsov.twse.com.tw/mops/web/ajax_t163sb05
下游,邊緣運算_工業AI,6166,凌華,2022,4,balance_sheet,負債總計,7923725,"7,923,725",sii,https://mopsov.twse.com.tw/mops/web/ajax_t163sb05
下游,邊緣運算_工業AI,6166,凌華,2022,4,balance_sheet,股本,2174973,"2,174,973",sii,https://mopsov.twse.com.tw/mops/web/ajax_t163sb05
下游,邊緣運算_工業AI,6166,凌華,2022,4,balance_sheet,權益─具證券性質之虛擬通貨,,--,sii,https://mopsov.twse.com.tw/mops/web/ajax_t163sb05
下游,邊緣運算_工業AI,6166,凌華,2022,4,balance_sheet,資本公積,1264450,"1,264,450",sii,https://mopsov.twse.com.tw/mops/web/ajax_t163sb05
下游,邊緣運算_工業AI,6166,凌華,2022,4,balance_sheet,保留盈餘,2286535,"2,286,535",sii,https://mopsov.twse.com.tw/mops/web/ajax_t163sb05
下游,邊緣運算_工業AI,6166,凌華,2022,4,balance_sheet,其他權益,-147309,"-147,309",sii,https://mopsov.twse.com.tw/mops/web/ajax_t163sb05
下游,邊緣運算_工業AI,6166,凌華,2022,4,balance_sheet,庫藏股票,,--,sii,https://mopsov.twse.com.tw/mops/web/ajax_t163sb05
下游,邊緣運算_工業AI,6166,凌華,2022,4,balance_sheet,歸屬於母公司業主之權益合計,5578649,"5,578,649",sii,https://mopsov.twse.com.tw/mops/web/ajax_t163sb05
下游,邊緣運算_工業AI,6166,凌華,2022,4,balance_sheet,共同控制下前手權益,,--,sii,https://mopsov.twse.com.tw/mops/web/ajax_t163sb05
下游,邊緣運算_工業AI,6166,凌華,2022,4,balance_sheet,合併前非屬共同控制股權,,--,sii,https://mopsov.twse.com.tw/mops/web/ajax_t163sb05
下游,邊緣運算_工業AI,6166,凌華,2022,4,balance_sheet,非控制權益,93507,"93,507",sii,https://mopsov.twse.com.tw/mops/web/ajax_t163sb05
下游,邊緣運算_工業AI,6166,凌華,2022,4,balance_sheet,權益總計,5672156,"5,672,156",sii,https://mopsov.twse.com.tw/mops/web/ajax_t163sb05
下游,邊緣運算_工業AI,6166,凌華,2022,4,balance_sheet,待註銷股本股數（單位：股）,,--,sii,https://mopsov.twse.com.tw/mops/web/ajax_t163sb05
下游,邊緣運算_工業AI,6166,凌華,2022,4,balance_sheet,預收股款（權益項下）之約當發行股數（單位：股）,0,0,sii,https://mopsov.twse.com.tw/mops/web/ajax_t163sb05
下游,邊緣運算_工業AI,6166,凌華,2022,4,balance_sheet,母公司暨子公司所持有之母公司庫藏股股數（單位：股）,0,0,sii,https://mopsov.twse.com.tw/mops/web/ajax_t163sb05
下游,邊緣運算_工業AI,6166,凌華,2022,4,balance_sheet,每股參考淨值,25.65,25.65,sii,https://mopsov.twse.com.tw/mops/web/ajax_t163sb05
下游,邊緣運算_工業AI,2395,研華,2022,4,cash_flow,營業活動之淨現金流入（流出）,9731274,"9,731,274",sii,https://mopsov.twse.com.tw/mops/web/ajax_t163sb20
下游,邊緣運算_工業AI,2395,研華,2022,4,cash_flow,投資活動之淨現金流入（流出）,-2239602,"-2,239,602",sii,https://mopsov.twse.com.tw/mops/web/ajax_t163sb20
下游,邊緣運算_工業AI,2395,研華,2022,4,cash_flow,籌資活動之淨現金流入（流出）,-5648625,"-5,648,625",sii,https://mopsov.twse.com.tw/mops/web/ajax_t163sb20
下游,邊緣運算_工業AI,2395,研華,2022,4,cash_flow,匯率變動對現金及約當現金之影響,885586,"885,586",sii,https://mopsov.twse.com.tw/mops/web/ajax_t163sb20
下游,邊緣運算_工業AI,2395,研華,2022,4,cash_flow,本期現金及約當現金增加（減少）數,2728633,"2,728,633",sii,https://mopsov.twse.com.tw/mops/web/ajax_t163sb20
下游,邊緣運算_工業AI,2395,研華,2022,4,cash_flow,期初現金及約當現金餘額,9301152,"9,301,152",sii,https://mopsov.twse.com.tw/mops/web/ajax_t163sb20
下游,邊緣運算_工業AI,2395,研華,2022,4,cash_flow,期末現金及約當現金餘額,12029785,"12,029,785",sii,https://mopsov.twse.com.tw/mops/web/ajax_t163sb20
下游,邊緣運算_工業AI,6166,凌華,2022,4,cash_flow,營業活動之淨現金流入（流出）,931633,"931,633",sii,https://mopsov.twse.com.tw/mops/web/ajax_t163sb20
下游,邊緣運算_工業AI,6166,凌華,2022,4,cash_flow,投資活動之淨現金流入（流出）,196660,"196,660",sii,https://mopsov.twse.com.tw/mops/web/ajax_t163sb20
下游,邊緣運算_工業AI,6166,凌華,2022,4,cash_flow,籌資活動之淨現金流入（流出）,-544697,"-544,697",sii,https://mopsov.twse.com.tw/mops/web/ajax_t163sb20
下游,邊緣運算_工業AI,6166,凌華,2022,4,cash_flow,匯率變動對現金及約當現金之影響,112451,"112,451",sii,https://mopsov.twse.com.tw/mops/web/ajax_t163sb20
下游,邊緣運算_工業AI,6166,凌華,2022,4,cash_flow,本期現金及約當現金增加（減少）數,696047,"696,047",sii,https://mopsov.twse.com.tw/mops/web/ajax_t163sb20
下游,邊緣運算_工業AI,6166,凌華,2022,4,cash_flow,期初現金及約當現金餘額,1296331,"1,296,331",sii,https://mopsov.twse.com.tw/mops/web/ajax_t163sb20
下游,邊緣運算_工業AI,6166,凌華,2022,4,cash_flow,期末現金及約當現金餘額,1992378,"1,992,378",sii,https://mopsov.twse.com.tw/mops/web/ajax_t163sb20
下游,邊緣運算_工業AI,2395,研華,2023,1,income_statement,營業收入,17395607,"17,395,607",sii,https://mopsov.twse.com.tw/mops/web/ajax_t163sb04
下游,邊緣運算_工業AI,2395,研華,2023,1,income_statement,營業成本,10484627,"10,484,627",sii,https://mopsov.twse.com.tw/mops/web/ajax_t163sb04
下游,邊緣運算_工業AI,2395,研華,2023,1,income_statement,原始認列生物資產及農產品之利益（損失）,,--,sii,https://mopsov.twse.com.tw/mops/web/ajax_t163sb04
下游,邊緣運算_工業AI,2395,研華,2023,1,income_statement,生物資產當期公允價值減出售成本之變動利益（損失）,,--,sii,https://mopsov.twse.com.tw/mops/web/ajax_t163sb04
下游,邊緣運算_工業AI,2395,研華,2023,1,income_statement,營業毛利（毛損）,6910980,"6,910,980",sii,https://mopsov.twse.com.tw/mops/web/ajax_t163sb04
下游,邊緣運算_工業AI,2395,研華,2023,1,income_statement,未實現銷貨（損）益,,--,sii,https://mopsov.twse.com.tw/mops/web/ajax_t163sb04
下游,邊緣運算_工業AI,2395,研華,2023,1,income_statement,已實現銷貨（損）益,,--,sii,https://mopsov.twse.com.tw/mops/web/ajax_t163sb04
下游,邊緣運算_工業AI,2395,研華,2023,1,income_statement,營業毛利（毛損）淨額,6910980,"6,910,980",sii,https://mopsov.twse.com.tw/mops/web/ajax_t163sb04
下游,邊緣運算_工業AI,2395,研華,2023,1,income_statement,營業費用,3409478,"3,409,478",sii,https://mopsov.twse.com.tw/mops/web/ajax_t163sb04
下游,邊緣運算_工業AI,2395,研華,2023,1,income_statement,其他收益及費損淨額,,--,sii,https://mopsov.twse.com.tw/mops/web/ajax_t163sb04
下游,邊緣運算_工業AI,2395,研華,2023,1,income_statement,營業利益（損失）,3501502,"3,501,502",sii,https://mopsov.twse.com.tw/mops/web/ajax_t163sb04
下游,邊緣運算_工業AI,2395,研華,2023,1,income_statement,營業外收入及支出,178628,"178,628",sii,https://mopsov.twse.com.tw/mops/web/ajax_t163sb04
下游,邊緣運算_工業AI,2395,研華,2023,1,income_statement,稅前淨利（淨損）,3680130,"3,680,130",sii,https://mopsov.twse.com.tw/mops/web/ajax_t163sb04
下游,邊緣運算_工業AI,2395,研華,2023,1,income_statement,所得稅費用（利益）,725454,"725,454",sii,https://mopsov.twse.com.tw/mops/web/ajax_t163sb04
下游,邊緣運算_工業AI,2395,研華,2023,1,income_statement,繼續營業單位本期淨利（淨損）,2954676,"2,954,676",sii,https://mopsov.twse.com.tw/mops/web/ajax_t163sb04
下游,邊緣運算_工業AI,2395,研華,2023,1,income_statement,停業單位損益,,--,sii,https://mopsov.twse.com.tw/mops/web/ajax_t163sb04
下游,邊緣運算_工業AI,2395,研華,2023,1,income_statement,合併前非屬共同控制股權損益,,--,sii,https://mopsov.twse.com.tw/mops/web/ajax_t163sb04
下游,邊緣運算_工業AI,2395,研華,2023,1,income_statement,本期淨利（淨損）,2954676,"2,954,676",sii,https://mopsov.twse.com.tw/mops/web/ajax_t163sb04
下游,邊緣運算_工業AI,2395,研華,2023,1,income_statement,其他綜合損益（淨額）,115868,"115,868",sii,https://mopsov.twse.com.tw/mops/web/ajax_t163sb04
下游,邊緣運算_工業AI,2395,研華,2023,1,income_statement,合併前非屬共同控制股權綜合損益淨額,,--,sii,https://mopsov.twse.com.tw/mops/web/ajax_t163sb04
下游,邊緣運算_工業AI,2395,研華,2023,1,income_statement,本期綜合損益總額,3070544,"3,070,544",sii,https://mopsov.twse.com.tw/mops/web/ajax_t163sb04
下游,邊緣運算_工業AI,2395,研華,2023,1,income_statement,淨利（淨損）歸屬於母公司業主,2959203,"2,959,203",sii,https://mopsov.twse.com.tw/mops/web/ajax_t163sb04
下游,邊緣運算_工業AI,2395,研華,2023,1,income_statement,淨利（淨損）歸屬於共同控制下前手權益,,--,sii,https://mopsov.twse.com.tw/mops/web/ajax_t163sb04
下游,邊緣運算_工業AI,2395,研華,2023,1,income_statement,淨利（淨損）歸屬於非控制權益,-4527,"-4,527",sii,https://mopsov.twse.com.tw/mops/web/ajax_t163sb04
下游,邊緣運算_工業AI,2395,研華,2023,1,income_statement,綜合損益總額歸屬於母公司業主,3074026,"3,074,026",sii,https://mopsov.twse.com.tw/mops/web/ajax_t163sb04
下游,邊緣運算_工業AI,2395,研華,2023,1,income_statement,綜合損益總額歸屬於共同控制下前手權益,,--,sii,https://mopsov.twse.com.tw/mops/web/ajax_t163sb04
下游,邊緣運算_工業AI,2395,研華,2023,1,income_statement,綜合損益總額歸屬於非控制權益,-3482,"-3,482",sii,https://mopsov.twse.com.tw/mops/web/ajax_t163sb04
下游,邊緣運算_工業AI,2395,研華,2023,1,income_statement,基本每股盈餘（元）,3.8,3.80,sii,https://mopsov.twse.com.tw/mops/web/ajax_t163sb04
下游,邊緣運算_工業AI,6166,凌華,2023,1,income_statement,營業收入,2879443,"2,879,443",sii,https://mopsov.twse.com.tw/mops/web/ajax_t163sb04
下游,邊緣運算_工業AI,6166,凌華,2023,1,income_statement,營業成本,1798260,"1,798,260",sii,https://mopsov.twse.com.tw/mops/web/ajax_t163sb04
下游,邊緣運算_工業AI,6166,凌華,2023,1,income_statement,原始認列生物資產及農產品之利益（損失）,,--,sii,https://mopsov.twse.com.tw/mops/web/ajax_t163sb04
下游,邊緣運算_工業AI,6166,凌華,2023,1,income_statement,生物資產當期公允價值減出售成本之變動利益（損失）,,--,sii,https://mopsov.twse.com.tw/mops/web/ajax_t163sb04
下游,邊緣運算_工業AI,6166,凌華,2023,1,income_statement,營業毛利（毛損）,1081183,"1,081,183",sii,https://mopsov.twse.com.tw/mops/web/ajax_t163sb04
下游,邊緣運算_工業AI,6166,凌華,2023,1,income_statement,未實現銷貨（損）益,3310,"3,310",sii,https://mopsov.twse.com.tw/mops/web/ajax_t163sb04
下游,邊緣運算_工業AI,6166,凌華,2023,1,income_statement,已實現銷貨（損）益,,--,sii,https://mopsov.twse.com.tw/mops/web/ajax_t163sb04
下游,邊緣運算_工業AI,6166,凌華,2023,1,income_statement,營業毛利（毛損）淨額,1077873,"1,077,873",sii,https://mopsov.twse.com.tw/mops/web/ajax_t163sb04
下游,邊緣運算_工業AI,6166,凌華,2023,1,income_statement,營業費用,936697,"936,697",sii,https://mopsov.twse.com.tw/mops/web/ajax_t163sb04
下游,邊緣運算_工業AI,6166,凌華,2023,1,income_statement,其他收益及費損淨額,,--,sii,https://mopsov.twse.com.tw/mops/web/ajax_t163sb04
下游,邊緣運算_工業AI,6166,凌華,2023,1,income_statement,營業利益（損失）,141176,"141,176",sii,https://mopsov.twse.com.tw/mops/web/ajax_t163sb04
下游,邊緣運算_工業AI,6166,凌華,2023,1,income_statement,營業外收入及支出,-8344,"-8,344",sii,https://mopsov.twse.com.tw/mops/web/ajax_t163sb04
下游,邊緣運算_工業AI,6166,凌華,2023,1,income_statement,稅前淨利（淨損）,132832,"132,832",sii,https://mopsov.twse.com.tw/mops/web/ajax_t163sb04
下游,邊緣運算_工業AI,6166,凌華,2023,1,income_statement,所得稅費用（利益）,59275,"59,275",sii,https://mopsov.twse.com.tw/mops/web/ajax_t163sb04
下游,邊緣運算_工業AI,6166,凌華,2023,1,income_statement,繼續營業單位本期淨利（淨損）,73557,"73,557",sii,https://mopsov.twse.com.tw/mops/web/ajax_t163sb04
下游,邊緣運算_工業AI,6166,凌華,2023,1,income_statement,停業單位損益,,--,sii,https://mopsov.twse.com.tw/mops/web/ajax_t163sb04
下游,邊緣運算_工業AI,6166,凌華,2023,1,income_statement,合併前非屬共同控制股權損益,,--,sii,https://mopsov.twse.com.tw/mops/web/ajax_t163sb04
下游,邊緣運算_工業AI,6166,凌華,2023,1,income_statement,本期淨利（淨損）,73557,"73,557",sii,https://mopsov.twse.com.tw/mops/web/ajax_t163sb04
下游,邊緣運算_工業AI,6166,凌華,2023,1,income_statement,其他綜合損益（淨額）,-5373,"-5,373",sii,https://mopsov.twse.com.tw/mops/web/ajax_t163sb04
下游,邊緣運算_工業AI,6166,凌華,2023,1,income_statement,合併前非屬共同控制股權綜合損益淨額,,--,sii,https://mopsov.twse.com.tw/mops/web/ajax_t163sb04
下游,邊緣運算_工業AI,6166,凌華,2023,1,income_statement,本期綜合損益總額,68184,"68,184",sii,https://mopsov.twse.com.tw/mops/web/ajax_t163sb04
下游,邊緣運算_工業AI,6166,凌華,2023,1,income_statement,淨利（淨損）歸屬於母公司業主,81853,"81,853",sii,https://mopsov.twse.com.tw/mops/web/ajax_t163sb04
下游,邊緣運算_工業AI,6166,凌華,2023,1,income_statement,淨利（淨損）歸屬於共同控制下前手權益,,--,sii,https://mopsov.twse.com.tw/mops/web/ajax_t163sb04
下游,邊緣運算_工業AI,6166,凌華,2023,1,income_statement,淨利（淨損）歸屬於非控制權益,-8296,"-8,296",sii,https://mopsov.twse.com.tw/mops/web/ajax_t163sb04
下游,邊緣運算_工業AI,6166,凌華,2023,1,income_statement,綜合損益總額歸屬於母公司業主,75162,"75,162",sii,https://mopsov.twse.com.tw/mops/web/ajax_t163sb04
下游,邊緣運算_工業AI,6166,凌華,2023,1,income_statement,綜合損益總額歸屬於共同控制下前手權益,,--,sii,https://mopsov.twse.com.tw/mops/web/ajax_t163sb04
下游,邊緣運算_工業AI,6166,凌華,2023,1,income_statement,綜合損益總額歸屬於非控制權益,-6978,"-6,978",sii,https://mopsov.twse.com.tw/mops/web/ajax_t163sb04
下游,邊緣運算_工業AI,6166,凌華,2023,1,income_statement,基本每股盈餘（元）,0.38,0.38,sii,https://mopsov.twse.com.tw/mops/web/ajax_t163sb04
下游,邊緣運算_工業AI,2395,研華,2023,1,balance_sheet,流動資產,43073457,"43,073,457",sii,https://mopsov.twse.com.tw/mops/web/ajax_t163sb05
下游,邊緣運算_工業AI,2395,研華,2023,1,balance_sheet,非流動資產,26501986,"26,501,986",sii,https://mopsov.twse.com.tw/mops/web/ajax_t163sb05
下游,邊緣運算_工業AI,2395,研華,2023,1,balance_sheet,資產總計,69575443,"69,575,443",sii,https://mopsov.twse.com.tw/mops/web/ajax_t163sb05
下游,邊緣運算_工業AI,2395,研華,2023,1,balance_sheet,流動負債,24819498,"24,819,498",sii,https://mopsov.twse.com.tw/mops/web/ajax_t163sb05
下游,邊緣運算_工業AI,2395,研華,2023,1,balance_sheet,非流動負債,5019889,"5,019,889",sii,https://mopsov.twse.com.tw/mops/web/ajax_t163sb05
下游,邊緣運算_工業AI,2395,研華,2023,1,balance_sheet,負債總計,29839387,"29,839,387",sii,https://mopsov.twse.com.tw/mops/web/ajax_t163sb05
下游,邊緣運算_工業AI,2395,研華,2023,1,balance_sheet,股本,7784871,"7,784,871",sii,https://mopsov.twse.com.tw/mops/web/ajax_t163sb05
下游,邊緣運算_工業AI,2395,研華,2023,1,balance_sheet,權益─具證券性質之虛擬通貨,,--,sii,https://mopsov.twse.com.tw/mops/web/ajax_t163sb05
下游,邊緣運算_工業AI,2395,研華,2023,1,balance_sheet,資本公積,9256521,"9,256,521",sii,https://mopsov.twse.com.tw/mops/web/ajax_t163sb05
下游,邊緣運算_工業AI,2395,研華,2023,1,balance_sheet,保留盈餘,22037527,"22,037,527",sii,https://mopsov.twse.com.tw/mops/web/ajax_t163sb05
下游,邊緣運算_工業AI,2395,研華,2023,1,balance_sheet,其他權益,181382,"181,382",sii,https://mopsov.twse.com.tw/mops/web/ajax_t163sb05
下游,邊緣運算_工業AI,2395,研華,2023,1,balance_sheet,庫藏股票,,--,sii,https://mopsov.twse.com.tw/mops/web/ajax_t163sb05
下游,邊緣運算_工業AI,2395,研華,2023,1,balance_sheet,歸屬於母公司業主之權益合計,39260301,"39,260,301",sii,https://mopsov.twse.com.tw/mops/web/ajax_t163sb05
下游,邊緣運算_工業AI,2395,研華,2023,1,balance_sheet,共同控制下前手權益,,--,sii,https://mopsov.twse.com.tw/mops/web/ajax_t163sb05
下游,邊緣運算_工業AI,2395,研華,2023,1,balance_sheet,合併前非屬共同控制股權,,--,sii,https://mopsov.twse.com.tw/mops/web/ajax_t163sb05
下游,邊緣運算_工業AI,2395,研華,2023,1,balance_sheet,非控制權益,475755,"475,755",sii,https://mopsov.twse.com.tw/mops/web/ajax_t163sb05
下游,邊緣運算_工業AI,2395,研華,2023,1,balance_sheet,權益總計,39736056,"39,736,056",sii,https://mopsov.twse.com.tw/mops/web/ajax_t163sb05
下游,邊緣運算_工業AI,2395,研華,2023,1,balance_sheet,待註銷股本股數（單位：股）,,--,sii,https://mopsov.twse.com.tw/mops/web/ajax_t163sb05
下游,邊緣運算_工業AI,2395,研華,2023,1,balance_sheet,預收股款（權益項下）之約當發行股數（單位：股）,510200,"510,200",sii,https://mopsov.twse.com.tw/mops/web/ajax_t163sb05
下游,邊緣運算_工業AI,2395,研華,2023,1,balance_sheet,母公司暨子公司所持有之母公司庫藏股股數（單位：股）,0,0,sii,https://mopsov.twse.com.tw/mops/web/ajax_t163sb05
下游,邊緣運算_工業AI,2395,研華,2023,1,balance_sheet,每股參考淨值,50.43,50.43,sii,https://mopsov.twse.com.tw/mops/web/ajax_t163sb05
下游,邊緣運算_工業AI,6166,凌華,2023,1,balance_sheet,流動資產,8638669,"8,638,669",sii,https://mopsov.twse.com.tw/mops/web/ajax_t163sb05
下游,邊緣運算_工業AI,6166,凌華,2023,1,balance_sheet,非流動資產,5492564,"5,492,564",sii,https://mopsov.twse.com.tw/mops/web/ajax_t163sb05
下游,邊緣運算_工業AI,6166,凌華,2023,1,balance_sheet,資產總計,14131233,"14,131,233",sii,https://mopsov.twse.com.tw/mops/web/ajax_t163sb05
下游,邊緣運算_工業AI,6166,凌華,2023,1,balance_sheet,流動負債,5564035,"5,564,035",sii,https://mopsov.twse.com.tw/mops/web/ajax_t163sb05
下游,邊緣運算_工業AI,6166,凌華,2023,1,balance_sheet,非流動負債,3370600,"3,370,600",sii,https://mopsov.twse.com.tw/mops/web/ajax_t163sb05
下游,邊緣運算_工業AI,6166,凌華,2023,1,balance_sheet,負債總計,8934635,"8,934,635",sii,https://mopsov.twse.com.tw/mops/web/ajax_t163sb05
下游,邊緣運算_工業AI,6166,凌華,2023,1,balance_sheet,股本,2174973,"2,174,973",sii,https://mopsov.twse.com.tw/mops/web/ajax_t163sb05
下游,邊緣運算_工業AI,6166,凌華,2023,1,balance_sheet,權益─具證券性質之虛擬通貨,,--,sii,https://mopsov.twse.com.tw/mops/web/ajax_t163sb05
下游,邊緣運算_工業AI,6166,凌華,2023,1,balance_sheet,資本公積,1264450,"1,264,450",sii,https://mopsov.twse.com.tw/mops/web/ajax_t163sb05
下游,邊緣運算_工業AI,6166,凌華,2023,1,balance_sheet,保留盈餘,1824646,"1,824,646",sii,https://mopsov.twse.com.tw/mops/web/ajax_t163sb05
下游,邊緣運算_工業AI,6166,凌華,2023,1,balance_sheet,其他權益,-154000,"-154,000",sii,https://mopsov.twse.com.tw/mops/web/ajax_t163sb05
下游,邊緣運算_工業AI,6166,凌華,2023,1,balance_sheet,庫藏股票,,--,sii,https://mopsov.twse.com.tw/mops/web/ajax_t163sb05
下游,邊緣運算_工業AI,6166,凌華,2023,1,balance_sheet,歸屬於母公司業主之權益合計,5110069,"5,110,069",sii,https://mopsov.twse.com.tw/mops/web/ajax_t163sb05
下游,邊緣運算_工業AI,6166,凌華,2023,1,balance_sheet,共同控制下前手權益,,--,sii,https://mopsov.twse.com.tw/mops/web/ajax_t163sb05
下游,邊緣運算_工業AI,6166,凌華,2023,1,balance_sheet,合併前非屬共同控制股權,,--,sii,https://mopsov.twse.com.tw/mops/web/ajax_t163sb05
下游,邊緣運算_工業AI,6166,凌華,2023,1,balance_sheet,非控制權益,86529,"86,529",sii,https://mopsov.twse.com.tw/mops/web/ajax_t163sb05
下游,邊緣運算_工業AI,6166,凌華,2023,1,balance_sheet,權益總計,5196598,"5,196,598",sii,https://mopsov.twse.com.tw/mops/web/ajax_t163sb05
下游,邊緣運算_工業AI,6166,凌華,2023,1,balance_sheet,待註銷股本股數（單位：股）,,--,sii,https://mopsov.twse.com.tw/mops/web/ajax_t163sb05
下游,邊緣運算_工業AI,6166,凌華,2023,1,balance_sheet,預收股款（權益項下）之約當發行股數（單位：股）,0,0,sii,https://mopsov.twse.com.tw/mops/web/ajax_t163sb05
下游,邊緣運算_工業AI,6166,凌華,2023,1,balance_sheet,母公司暨子公司所持有之母公司庫藏股股數（單位：股）,0,0,sii,https://mopsov.twse.com.tw/mops/web/ajax_t163sb05
下游,邊緣運算_工業AI,6166,凌華,2023,1,balance_sheet,每股參考淨值,23.49,23.49,sii,https://mopsov.twse.com.tw/mops/web/ajax_t163sb05
下游,邊緣運算_工業AI,2395,研華,2023,1,cash_flow,營業活動之淨現金流入（流出）,-1020171,"-1,020,171",sii,https://mopsov.twse.com.tw/mops/web/ajax_t163sb20
下游,邊緣運算_工業AI,2395,研華,2023,1,cash_flow,投資活動之淨現金流入（流出）,-1054547,"-1,054,547",sii,https://mopsov.twse.com.tw/mops/web/ajax_t163sb20
下游,邊緣運算_工業AI,2395,研華,2023,1,cash_flow,籌資活動之淨現金流入（流出）,170899,"170,899",sii,https://mopsov.twse.com.tw/mops/web/ajax_t163sb20
下游,邊緣運算_工業AI,2395,研華,2023,1,cash_flow,匯率變動對現金及約當現金之影響,-28576,"-28,576",sii,https://mopsov.twse.com.tw/mops/web/ajax_t163sb20
下游,邊緣運算_工業AI,2395,研華,2023,1,cash_flow,本期現金及約當現金增加（減少）數,-1932395,"-1,932,395",sii,https://mopsov.twse.com.tw/mops/web/ajax_t163sb20
下游,邊緣運算_工業AI,2395,研華,2023,1,cash_flow,期初現金及約當現金餘額,12029785,"12,029,785",sii,https://mopsov.twse.com.tw/mops/web/ajax_t163sb20
下游,邊緣運算_工業AI,2395,研華,2023,1,cash_flow,期末現金及約當現金餘額,10097390,"10,097,390",sii,https://mopsov.twse.com.tw/mops/web/ajax_t163sb20
下游,邊緣運算_工業AI,6166,凌華,2023,1,cash_flow,營業活動之淨現金流入（流出）,283202,"283,202",sii,https://mopsov.twse.com.tw/mops/web/ajax_t163sb20
下游,邊緣運算_工業AI,6166,凌華,2023,1,cash_flow,投資活動之淨現金流入（流出）,-104437,"-104,437",sii,https://mopsov.twse.com.tw/mops/web/ajax_t163sb20
下游,邊緣運算_工業AI,6166,凌華,2023,1,cash_flow,籌資活動之淨現金流入（流出）,65605,"65,605",sii,https://mopsov.twse.com.tw/mops/web/ajax_t163sb20
下游,邊緣運算_工業AI,6166,凌華,2023,1,cash_flow,匯率變動對現金及約當現金之影響,-1246,"-1,246",sii,https://mopsov.twse.com.tw/mops/web/ajax_t163sb20
下游,邊緣運算_工業AI,6166,凌華,2023,1,cash_flow,本期現金及約當現金增加（減少）數,243124,"243,124",sii,https://mopsov.twse.com.tw/mops/web/ajax_t163sb20
下游,邊緣運算_工業AI,6166,凌華,2023,1,cash_flow,期初現金及約當現金餘額,1992378,"1,992,378",sii,https://mopsov.twse.com.tw/mops/web/ajax_t163sb20
下游,邊緣運算_工業AI,6166,凌華,2023,1,cash_flow,期末現金及約當現金餘額,2235502,"2,235,502",sii,https://mopsov.twse.com.tw/mops/web/ajax_t163sb20
下游,邊緣運算_工業AI,2395,研華,2023,2,income_statement,營業收入,34423742,"34,423,742",sii,https://mopsov.twse.com.tw/mops/web/ajax_t163sb04
下游,邊緣運算_工業AI,2395,研華,2023,2,income_statement,營業成本,20498461,"20,498,461",sii,https://mopsov.twse.com.tw/mops/web/ajax_t163sb04
下游,邊緣運算_工業AI,2395,研華,2023,2,income_statement,原始認列生物資產及農產品之利益（損失）,,--,sii,https://mopsov.twse.com.tw/mops/web/ajax_t163sb04
下游,邊緣運算_工業AI,2395,研華,2023,2,income_statement,生物資產當期公允價值減出售成本之變動利益（損失）,,--,sii,https://mopsov.twse.com.tw/mops/web/ajax_t163sb04
下游,邊緣運算_工業AI,2395,研華,2023,2,income_statement,營業毛利（毛損）,13925281,"13,925,281",sii,https://mopsov.twse.com.tw/mops/web/ajax_t163sb04
下游,邊緣運算_工業AI,2395,研華,2023,2,income_statement,未實現銷貨（損）益,,--,sii,https://mopsov.twse.com.tw/mops/web/ajax_t163sb04
下游,邊緣運算_工業AI,2395,研華,2023,2,income_statement,已實現銷貨（損）益,,--,sii,https://mopsov.twse.com.tw/mops/web/ajax_t163sb04
下游,邊緣運算_工業AI,2395,研華,2023,2,income_statement,營業毛利（毛損）淨額,13925281,"13,925,281",sii,https://mopsov.twse.com.tw/mops/web/ajax_t163sb04
下游,邊緣運算_工業AI,2395,研華,2023,2,income_statement,營業費用,6994023,"6,994,023",sii,https://mopsov.twse.com.tw/mops/web/ajax_t163sb04
下游,邊緣運算_工業AI,2395,研華,2023,2,income_statement,其他收益及費損淨額,,--,sii,https://mopsov.twse.com.tw/mops/web/ajax_t163sb04
下游,邊緣運算_工業AI,2395,研華,2023,2,income_statement,營業利益（損失）,6931258,"6,931,258",sii,https://mopsov.twse.com.tw/mops/web/ajax_t163sb04
下游,邊緣運算_工業AI,2395,研華,2023,2,income_statement,營業外收入及支出,517881,"517,881",sii,https://mopsov.twse.com.tw/mops/web/ajax_t163sb04
下游,邊緣運算_工業AI,2395,研華,2023,2,income_statement,稅前淨利（淨損）,7449139,"7,449,139",sii,https://mopsov.twse.com.tw/mops/web/ajax_t163sb04
下游,邊緣運算_工業AI,2395,研華,2023,2,income_statement,所得稅費用（利益）,1488670,"1,488,670",sii,https://mopsov.twse.com.tw/mops/web/ajax_t163sb04
下游,邊緣運算_工業AI,2395,研華,2023,2,income_statement,繼續營業單位本期淨利（淨損）,5960469,"5,960,469",sii,https://mopsov.twse.com.tw/mops/web/ajax_t163sb04
下游,邊緣運算_工業AI,2395,研華,2023,2,income_statement,停業單位損益,,--,sii,https://mopsov.twse.com.tw/mops/web/ajax_t163sb04
下游,邊緣運算_工業AI,2395,研華,2023,2,income_statement,合併前非屬共同控制股權損益,,--,sii,https://mopsov.twse.com.tw/mops/web/ajax_t163sb04
下游,邊緣運算_工業AI,2395,研華,2023,2,income_statement,本期淨利（淨損）,5960469,"5,960,469",sii,https://mopsov.twse.com.tw/mops/web/ajax_t163sb04
下游,邊緣運算_工業AI,2395,研華,2023,2,income_statement,其他綜合損益（淨額）,418704,"418,704",sii,https://mopsov.twse.com.tw/mops/web/ajax_t163sb04
下游,邊緣運算_工業AI,2395,研華,2023,2,income_statement,合併前非屬共同控制股權綜合損益淨額,,--,sii,https://mopsov.twse.com.tw/mops/web/ajax_t163sb04
下游,邊緣運算_工業AI,2395,研華,2023,2,income_statement,本期綜合損益總額,6379173,"6,379,173",sii,https://mopsov.twse.com.tw/mops/web/ajax_t163sb04
下游,邊緣運算_工業AI,2395,研華,2023,2,income_statement,淨利（淨損）歸屬於母公司業主,5963534,"5,963,534",sii,https://mopsov.twse.com.tw/mops/web/ajax_t163sb04
下游,邊緣運算_工業AI,2395,研華,2023,2,income_statement,淨利（淨損）歸屬於共同控制下前手權益,,--,sii,https://mopsov.twse.com.tw/mops/web/ajax_t163sb04
下游,邊緣運算_工業AI,2395,研華,2023,2,income_statement,淨利（淨損）歸屬於非控制權益,-3065,"-3,065",sii,https://mopsov.twse.com.tw/mops/web/ajax_t163sb04
下游,邊緣運算_工業AI,2395,研華,2023,2,income_statement,綜合損益總額歸屬於母公司業主,6380175,"6,380,175",sii,https://mopsov.twse.com.tw/mops/web/ajax_t163sb04
下游,邊緣運算_工業AI,2395,研華,2023,2,income_statement,綜合損益總額歸屬於共同控制下前手權益,,--,sii,https://mopsov.twse.com.tw/mops/web/ajax_t163sb04
下游,邊緣運算_工業AI,2395,研華,2023,2,income_statement,綜合損益總額歸屬於非控制權益,-1002,"-1,002",sii,https://mopsov.twse.com.tw/mops/web/ajax_t163sb04
下游,邊緣運算_工業AI,2395,研華,2023,2,income_statement,基本每股盈餘（元）,6.97,6.97,sii,https://mopsov.twse.com.tw/mops/web/ajax_t163sb04
下游,邊緣運算_工業AI,6166,凌華,2023,2,income_statement,營業收入,5818983,"5,818,983",sii,https://mopsov.twse.com.tw/mops/web/ajax_t163sb04
下游,邊緣運算_工業AI,6166,凌華,2023,2,income_statement,營業成本,3665111,"3,665,111",sii,https://mopsov.twse.com.tw/mops/web/ajax_t163sb04
下游,邊緣運算_工業AI,6166,凌華,2023,2,income_statement,原始認列生物資產及農產品之利益（損失）,,--,sii,https://mopsov.twse.com.tw/mops/web/ajax_t163sb04
下游,邊緣運算_工業AI,6166,凌華,2023,2,income_statement,生物資產當期公允價值減出售成本之變動利益（損失）,,--,sii,https://mopsov.twse.com.tw/mops/web/ajax_t163sb04
下游,邊緣運算_工業AI,6166,凌華,2023,2,income_statement,營業毛利（毛損）,2153872,"2,153,872",sii,https://mopsov.twse.com.tw/mops/web/ajax_t163sb04
下游,邊緣運算_工業AI,6166,凌華,2023,2,income_statement,未實現銷貨（損）益,2849,"2,849",sii,https://mopsov.twse.com.tw/mops/web/ajax_t163sb04
下游,邊緣運算_工業AI,6166,凌華,2023,2,income_statement,已實現銷貨（損）益,,--,sii,https://mopsov.twse.com.tw/mops/web/ajax_t163sb04
下游,邊緣運算_工業AI,6166,凌華,2023,2,income_statement,營業毛利（毛損）淨額,2151023,"2,151,023",sii,https://mopsov.twse.com.tw/mops/web/ajax_t163sb04
下游,邊緣運算_工業AI,6166,凌華,2023,2,income_statement,營業費用,1922786,"1,922,786",sii,https://mopsov.twse.com.tw/mops/web/ajax_t163sb04
下游,邊緣運算_工業AI,6166,凌華,2023,2,income_statement,其他收益及費損淨額,,--,sii,https://mopsov.twse.com.tw/mops/web/ajax_t163sb04
下游,邊緣運算_工業AI,6166,凌華,2023,2,income_statement,營業利益（損失）,228237,"228,237",sii,https://mopsov.twse.com.tw/mops/web/ajax_t163sb04
下游,邊緣運算_工業AI,6166,凌華,2023,2,income_statement,營業外收入及支出,15212,"15,212",sii,https://mopsov.twse.com.tw/mops/web/ajax_t163sb04
下游,邊緣運算_工業AI,6166,凌華,2023,2,income_statement,稅前淨利（淨損）,243449,"243,449",sii,https://mopsov.twse.com.tw/mops/web/ajax_t163sb04
下游,邊緣運算_工業AI,6166,凌華,2023,2,income_statement,所得稅費用（利益）,117258,"117,258",sii,https://mopsov.twse.com.tw/mops/web/ajax_t163sb04
下游,邊緣運算_工業AI,6166,凌華,2023,2,income_statement,繼續營業單位本期淨利（淨損）,126191,"126,191",sii,https://mopsov.twse.com.tw/mops/web/ajax_t163sb04
下游,邊緣運算_工業AI,6166,凌華,2023,2,income_statement,停業單位損益,,--,sii,https://mopsov.twse.com.tw/mops/web/ajax_t163sb04
下游,邊緣運算_工業AI,6166,凌華,2023,2,income_statement,合併前非屬共同控制股權損益,,--,sii,https://mopsov.twse.com.tw/mops/web/ajax_t163sb04
下游,邊緣運算_工業AI,6166,凌華,2023,2,income_statement,本期淨利（淨損）,126191,"126,191",sii,https://mopsov.twse.com.tw/mops/web/ajax_t163sb04
下游,邊緣運算_工業AI,6166,凌華,2023,2,income_statement,其他綜合損益（淨額）,-19505,"-19,505",sii,https://mopsov.twse.com.tw/mops/web/ajax_t163sb04
下游,邊緣運算_工業AI,6166,凌華,2023,2,income_statement,合併前非屬共同控制股權綜合損益淨額,,--,sii,https://mopsov.twse.com.tw/mops/web/ajax_t163sb04
下游,邊緣運算_工業AI,6166,凌華,2023,2,income_statement,本期綜合損益總額,106686,"106,686",sii,https://mopsov.twse.com.tw/mops/web/ajax_t163sb04
下游,邊緣運算_工業AI,6166,凌華,2023,2,income_statement,淨利（淨損）歸屬於母公司業主,148137,"148,137",sii,https://mopsov.twse.com.tw/mops/web/ajax_t163sb04
下游,邊緣運算_工業AI,6166,凌華,2023,2,income_statement,淨利（淨損）歸屬於共同控制下前手權益,,--,sii,https://mopsov.twse.com.tw/mops/web/ajax_t163sb04
下游,邊緣運算_工業AI,6166,凌華,2023,2,income_statement,淨利（淨損）歸屬於非控制權益,-21946,"-21,946",sii,https://mopsov.twse.com.tw/mops/web/ajax_t163sb04
下游,邊緣運算_工業AI,6166,凌華,2023,2,income_statement,綜合損益總額歸屬於母公司業主,123479,"123,479",sii,https://mopsov.twse.com.tw/mops/web/ajax_t163sb04
下游,邊緣運算_工業AI,6166,凌華,2023,2,income_statement,綜合損益總額歸屬於共同控制下前手權益,,--,sii,https://mopsov.twse.com.tw/mops/web/ajax_t163sb04
下游,邊緣運算_工業AI,6166,凌華,2023,2,income_statement,綜合損益總額歸屬於非控制權益,-16793,"-16,793",sii,https://mopsov.twse.com.tw/mops/web/ajax_t163sb04
下游,邊緣運算_工業AI,6166,凌華,2023,2,income_statement,基本每股盈餘（元）,0.68,0.68,sii,https://mopsov.twse.com.tw/mops/web/ajax_t163sb04
下游,邊緣運算_工業AI,2395,研華,2023,2,balance_sheet,流動資產,43339884,"43,339,884",sii,https://mopsov.twse.com.tw/mops/web/ajax_t163sb05
下游,邊緣運算_工業AI,2395,研華,2023,2,balance_sheet,非流動資產,26918273,"26,918,273",sii,https://mopsov.twse.com.tw/mops/web/ajax_t163sb05
下游,邊緣運算_工業AI,2395,研華,2023,2,balance_sheet,資產總計,70258157,"70,258,157",sii,https://mopsov.twse.com.tw/mops/web/ajax_t163sb05
下游,邊緣運算_工業AI,2395,研華,2023,2,balance_sheet,流動負債,22565732,"22,565,732",sii,https://mopsov.twse.com.tw/mops/web/ajax_t163sb05
下游,邊緣運算_工業AI,2395,研華,2023,2,balance_sheet,非流動負債,4517165,"4,517,165",sii,https://mopsov.twse.com.tw/mops/web/ajax_t163sb05
下游,邊緣運算_工業AI,2395,研華,2023,2,balance_sheet,負債總計,27082897,"27,082,897",sii,https://mopsov.twse.com.tw/mops/web/ajax_t163sb05
下游,邊緣運算_工業AI,2395,研華,2023,2,balance_sheet,股本,8567316,"8,567,316",sii,https://mopsov.twse.com.tw/mops/web/ajax_t163sb05
下游,邊緣運算_工業AI,2395,研華,2023,2,balance_sheet,權益─具證券性質之虛擬通貨,,--,sii,https://mopsov.twse.com.tw/mops/web/ajax_t163sb05
下游,邊緣運算_工業AI,2395,研華,2023,2,balance_sheet,資本公積,9389912,"9,389,912",sii,https://mopsov.twse.com.tw/mops/web/ajax_t163sb05
下游,邊緣運算_工業AI,2395,研華,2023,2,balance_sheet,保留盈餘,24374280,"24,374,280",sii,https://mopsov.twse.com.tw/mops/web/ajax_t163sb05
下游,邊緣運算_工業AI,2395,研華,2023,2,balance_sheet,其他權益,374434,"374,434",sii,https://mopsov.twse.com.tw/mops/web/ajax_t163sb05
下游,邊緣運算_工業AI,2395,研華,2023,2,balance_sheet,庫藏股票,,--,sii,https://mopsov.twse.com.tw/mops/web/ajax_t163sb05
下游,邊緣運算_工業AI,2395,研華,2023,2,balance_sheet,歸屬於母公司業主之權益合計,42705942,"42,705,942",sii,https://mopsov.twse.com.tw/mops/web/ajax_t163sb05
下游,邊緣運算_工業AI,2395,研華,2023,2,balance_sheet,共同控制下前手權益,,--,sii,https://mopsov.twse.com.tw/mops/web/ajax_t163sb05
下游,邊緣運算_工業AI,2395,研華,2023,2,balance_sheet,合併前非屬共同控制股權,,--,sii,https://mopsov.twse.com.tw/mops/web/ajax_t163sb05
下游,邊緣運算_工業AI,2395,研華,2023,2,balance_sheet,非控制權益,469318,"469,318",sii,https://mopsov.twse.com.tw/mops/web/ajax_t163sb05
下游,邊緣運算_工業AI,2395,研華,2023,2,balance_sheet,權益總計,43175260,"43,175,260",sii,https://mopsov.twse.com.tw/mops/web/ajax_t163sb05
下游,邊緣運算_工業AI,2395,研華,2023,2,balance_sheet,待註銷股本股數（單位：股）,,--,sii,https://mopsov.twse.com.tw/mops/web/ajax_t163sb05
下游,邊緣運算_工業AI,2395,研華,2023,2,balance_sheet,預收股款（權益項下）之約當發行股數（單位：股）,446700,"446,700",sii,https://mopsov.twse.com.tw/mops/web/ajax_t163sb05
下游,邊緣運算_工業AI,2395,研華,2023,2,balance_sheet,母公司暨子公司所持有之母公司庫藏股股數（單位：股）,0,0,sii,https://mopsov.twse.com.tw/mops/web/ajax_t163sb05
下游,邊緣運算_工業AI,2395,研華,2023,2,balance_sheet,每股參考淨值,54.83,54.83,sii,https://mopsov.twse.com.tw/mops/web/ajax_t163sb05
下游,邊緣運算_工業AI,6166,凌華,2023,2,balance_sheet,流動資產,8056383,"8,056,383",sii,https://mopsov.twse.com.tw/mops/web/ajax_t163sb05
下游,邊緣運算_工業AI,6166,凌華,2023,2,balance_sheet,非流動資產,5519235,"5,519,235",sii,https://mopsov.twse.com.tw/mops/web/ajax_t163sb05
下游,邊緣運算_工業AI,6166,凌華,2023,2,balance_sheet,資產總計,13575618,"13,575,618",sii,https://mopsov.twse.com.tw/mops/web/ajax_t163sb05
下游,邊緣運算_工業AI,6166,凌華,2023,2,balance_sheet,流動負債,5039884,"5,039,884",sii,https://mopsov.twse.com.tw/mops/web/ajax_t163sb05
下游,邊緣運算_工業AI,6166,凌華,2023,2,balance_sheet,非流動負債,3298924,"3,298,924",sii,https://mopsov.twse.com.tw/mops/web/ajax_t163sb05
下游,邊緣運算_工業AI,6166,凌華,2023,2,balance_sheet,負債總計,8338808,"8,338,808",sii,https://mopsov.twse.com.tw/mops/web/ajax_t163sb05
下游,邊緣運算_工業AI,6166,凌華,2023,2,balance_sheet,股本,2174973,"2,174,973",sii,https://mopsov.twse.com.tw/mops/web/ajax_t163sb05
下游,邊緣運算_工業AI,6166,凌華,2023,2,balance_sheet,權益─具證券性質之虛擬通貨,,--,sii,https://mopsov.twse.com.tw/mops/web/ajax_t163sb05
下游,邊緣運算_工業AI,6166,凌華,2023,2,balance_sheet,資本公積,1266160,"1,266,160",sii,https://mopsov.twse.com.tw/mops/web/ajax_t163sb05
下游,邊緣運算_工業AI,6166,凌華,2023,2,balance_sheet,保留盈餘,1890930,"1,890,930",sii,https://mopsov.twse.com.tw/mops/web/ajax_t163sb05
下游,邊緣運算_工業AI,6166,凌華,2023,2,balance_sheet,其他權益,-171967,"-171,967",sii,https://mopsov.twse.com.tw/mops/web/ajax_t163sb05
下游,邊緣運算_工業AI,6166,凌華,2023,2,balance_sheet,庫藏股票,,--,sii,https://mopsov.twse.com.tw/mops/web/ajax_t163sb05
下游,邊緣運算_工業AI,6166,凌華,2023,2,balance_sheet,歸屬於母公司業主之權益合計,5160096,"5,160,096",sii,https://mopsov.twse.com.tw/mops/web/ajax_t163sb05
下游,邊緣運算_工業AI,6166,凌華,2023,2,balance_sheet,共同控制下前手權益,,--,sii,https://mopsov.twse.com.tw/mops/web/ajax_t163sb05
下游,邊緣運算_工業AI,6166,凌華,2023,2,balance_sheet,合併前非屬共同控制股權,,--,sii,https://mopsov.twse.com.tw/mops/web/ajax_t163sb05
下游,邊緣運算_工業AI,6166,凌華,2023,2,balance_sheet,非控制權益,76714,"76,714",sii,https://mopsov.twse.com.tw/mops/web/ajax_t163sb05
下游,邊緣運算_工業AI,6166,凌華,2023,2,balance_sheet,權益總計,5236810,"5,236,810",sii,https://mopsov.twse.com.tw/mops/web/ajax_t163sb05
下游,邊緣運算_工業AI,6166,凌華,2023,2,balance_sheet,待註銷股本股數（單位：股）,,--,sii,https://mopsov.twse.com.tw/mops/web/ajax_t163sb05
下游,邊緣運算_工業AI,6166,凌華,2023,2,balance_sheet,預收股款（權益項下）之約當發行股數（單位：股）,0,0,sii,https://mopsov.twse.com.tw/mops/web/ajax_t163sb05
下游,邊緣運算_工業AI,6166,凌華,2023,2,balance_sheet,母公司暨子公司所持有之母公司庫藏股股數（單位：股）,0,0,sii,https://mopsov.twse.com.tw/mops/web/ajax_t163sb05
下游,邊緣運算_工業AI,6166,凌華,2023,2,balance_sheet,每股參考淨值,23.72,23.72,sii,https://mopsov.twse.com.tw/mops/web/ajax_t163sb05
下游,邊緣運算_工業AI,2395,研華,2023,2,cash_flow,營業活動之淨現金流入（流出）,857552,"857,552",sii,https://mopsov.twse.com.tw/mops/web/ajax_t163sb20
下游,邊緣運算_工業AI,2395,研華,2023,2,cash_flow,投資活動之淨現金流入（流出）,-1211034,"-1,211,034",sii,https://mopsov.twse.com.tw/mops/web/ajax_t163sb20
下游,邊緣運算_工業AI,2395,研華,2023,2,cash_flow,籌資活動之淨現金流入（流出）,354,354,sii,https://mopsov.twse.com.tw/mops/web/ajax_t163sb20
下游,邊緣運算_工業AI,2395,研華,2023,2,cash_flow,匯率變動對現金及約當現金之影響,-77276,"-77,276",sii,https://mopsov.twse.com.tw/mops/web/ajax_t163sb20
下游,邊緣運算_工業AI,2395,研華,2023,2,cash_flow,本期現金及約當現金增加（減少）數,-430404,"-430,404",sii,https://mopsov.twse.com.tw/mops/web/ajax_t163sb20
下游,邊緣運算_工業AI,2395,研華,2023,2,cash_flow,期初現金及約當現金餘額,12029785,"12,029,785",sii,https://mopsov.twse.com.tw/mops/web/ajax_t163sb20
下游,邊緣運算_工業AI,2395,研華,2023,2,cash_flow,期末現金及約當現金餘額,11599381,"11,599,381",sii,https://mopsov.twse.com.tw/mops/web/ajax_t163sb20
下游,邊緣運算_工業AI,6166,凌華,2023,2,cash_flow,營業活動之淨現金流入（流出）,420911,"420,911",sii,https://mopsov.twse.com.tw/mops/web/ajax_t163sb20
下游,邊緣運算_工業AI,6166,凌華,2023,2,cash_flow,投資活動之淨現金流入（流出）,-169740,"-169,740",sii,https://mopsov.twse.com.tw/mops/web/ajax_t163sb20
下游,邊緣運算_工業AI,6166,凌華,2023,2,cash_flow,籌資活動之淨現金流入（流出）,-287266,"-287,266",sii,https://mopsov.twse.com.tw/mops/web/ajax_t163sb20
下游,邊緣運算_工業AI,6166,凌華,2023,2,cash_flow,匯率變動對現金及約當現金之影響,25951,"25,951",sii,https://mopsov.twse.com.tw/mops/web/ajax_t163sb20
下游,邊緣運算_工業AI,6166,凌華,2023,2,cash_flow,本期現金及約當現金增加（減少）數,-10144,"-10,144",sii,https://mopsov.twse.com.tw/mops/web/ajax_t163sb20
下游,邊緣運算_工業AI,6166,凌華,2023,2,cash_flow,期初現金及約當現金餘額,1992378,"1,992,378",sii,https://mopsov.twse.com.tw/mops/web/ajax_t163sb20
下游,邊緣運算_工業AI,6166,凌華,2023,2,cash_flow,期末現金及約當現金餘額,1982234,"1,982,234",sii,https://mopsov.twse.com.tw/mops/web/ajax_t163sb20
下游,邊緣運算_工業AI,2395,研華,2023,3,income_statement,營業收入,49430091,"49,430,091",sii,https://mopsov.twse.com.tw/mops/web/ajax_t163sb04
下游,邊緣運算_工業AI,2395,研華,2023,3,income_statement,營業成本,29488165,"29,488,165",sii,https://mopsov.twse.com.tw/mops/web/ajax_t163sb04
下游,邊緣運算_工業AI,2395,研華,2023,3,income_statement,原始認列生物資產及農產品之利益（損失）,,--,sii,https://mopsov.twse.com.tw/mops/web/ajax_t163sb04
下游,邊緣運算_工業AI,2395,研華,2023,3,income_statement,生物資產當期公允價值減出售成本之變動利益（損失）,,--,sii,https://mopsov.twse.com.tw/mops/web/ajax_t163sb04
下游,邊緣運算_工業AI,2395,研華,2023,3,income_statement,營業毛利（毛損）,19941926,"19,941,926",sii,https://mopsov.twse.com.tw/mops/web/ajax_t163sb04
下游,邊緣運算_工業AI,2395,研華,2023,3,income_statement,未實現銷貨（損）益,,--,sii,https://mopsov.twse.com.tw/mops/web/ajax_t163sb04
下游,邊緣運算_工業AI,2395,研華,2023,3,income_statement,已實現銷貨（損）益,,--,sii,https://mopsov.twse.com.tw/mops/web/ajax_t163sb04
下游,邊緣運算_工業AI,2395,研華,2023,3,income_statement,營業毛利（毛損）淨額,19941926,"19,941,926",sii,https://mopsov.twse.com.tw/mops/web/ajax_t163sb04
下游,邊緣運算_工業AI,2395,研華,2023,3,income_statement,營業費用,10504990,"10,504,990",sii,https://mopsov.twse.com.tw/mops/web/ajax_t163sb04
下游,邊緣運算_工業AI,2395,研華,2023,3,income_statement,其他收益及費損淨額,,--,sii,https://mopsov.twse.com.tw/mops/web/ajax_t163sb04
下游,邊緣運算_工業AI,2395,研華,2023,3,income_statement,營業利益（損失）,9436936,"9,436,936",sii,https://mopsov.twse.com.tw/mops/web/ajax_t163sb04
下游,邊緣運算_工業AI,2395,研華,2023,3,income_statement,營業外收入及支出,1100207,"1,100,207",sii,https://mopsov.twse.com.tw/mops/web/ajax_t163sb04
下游,邊緣運算_工業AI,2395,研華,2023,3,income_statement,稅前淨利（淨損）,10537143,"10,537,143",sii,https://mopsov.twse.com.tw/mops/web/ajax_t163sb04
下游,邊緣運算_工業AI,2395,研華,2023,3,income_statement,所得稅費用（利益）,2019376,"2,019,376",sii,https://mopsov.twse.com.tw/mops/web/ajax_t163sb04
下游,邊緣運算_工業AI,2395,研華,2023,3,income_statement,繼續營業單位本期淨利（淨損）,8517767,"8,517,767",sii,https://mopsov.twse.com.tw/mops/web/ajax_t163sb04
下游,邊緣運算_工業AI,2395,研華,2023,3,income_statement,停業單位損益,,--,sii,https://mopsov.twse.com.tw/mops/web/ajax_t163sb04
下游,邊緣運算_工業AI,2395,研華,2023,3,income_statement,合併前非屬共同控制股權損益,,--,sii,https://mopsov.twse.com.tw/mops/web/ajax_t163sb04
下游,邊緣運算_工業AI,2395,研華,2023,3,income_statement,本期淨利（淨損）,8517767,"8,517,767",sii,https://mopsov.twse.com.tw/mops/web/ajax_t163sb04
下游,邊緣運算_工業AI,2395,研華,2023,3,income_statement,其他綜合損益（淨額）,1243853,"1,243,853",sii,https://mopsov.twse.com.tw/mops/web/ajax_t163sb04
下游,邊緣運算_工業AI,2395,研華,2023,3,income_statement,合併前非屬共同控制股權綜合損益淨額,,--,sii,https://mopsov.twse.com.tw/mops/web/ajax_t163sb04
下游,邊緣運算_工業AI,2395,研華,2023,3,income_statement,本期綜合損益總額,9761620,"9,761,620",sii,https://mopsov.twse.com.tw/mops/web/ajax_t163sb04
下游,邊緣運算_工業AI,2395,研華,2023,3,income_statement,淨利（淨損）歸屬於母公司業主,8546706,"8,546,706",sii,https://mopsov.twse.com.tw/mops/web/ajax_t163sb04
下游,邊緣運算_工業AI,2395,研華,2023,3,income_statement,淨利（淨損）歸屬於共同控制下前手權益,,--,sii,https://mopsov.twse.com.tw/mops/web/ajax_t163sb04
下游,邊緣運算_工業AI,2395,研華,2023,3,income_statement,淨利（淨損）歸屬於非控制權益,-28939,"-28,939",sii,https://mopsov.twse.com.tw/mops/web/ajax_t163sb04
下游,邊緣運算_工業AI,2395,研華,2023,3,income_statement,綜合損益總額歸屬於母公司業主,9784495,"9,784,495",sii,https://mopsov.twse.com.tw/mops/web/ajax_t163sb04
下游,邊緣運算_工業AI,2395,研華,2023,3,income_statement,綜合損益總額歸屬於共同控制下前手權益,,--,sii,https://mopsov.twse.com.tw/mops/web/ajax_t163sb04
下游,邊緣運算_工業AI,2395,研華,2023,3,income_statement,綜合損益總額歸屬於非控制權益,-22875,"-22,875",sii,https://mopsov.twse.com.tw/mops/web/ajax_t163sb04
下游,邊緣運算_工業AI,2395,研華,2023,3,income_statement,基本每股盈餘（元）,9.98,9.98,sii,https://mopsov.twse.com.tw/mops/web/ajax_t163sb04
下游,邊緣運算_工業AI,6166,凌華,2023,3,income_statement,營業收入,8490842,"8,490,842",sii,https://mopsov.twse.com.tw/mops/web/ajax_t163sb04
下游,邊緣運算_工業AI,6166,凌華,2023,3,income_statement,營業成本,5336612,"5,336,612",sii,https://mopsov.twse.com.tw/mops/web/ajax_t163sb04
下游,邊緣運算_工業AI,6166,凌華,2023,3,income_statement,原始認列生物資產及農產品之利益（損失）,,--,sii,https://mopsov.twse.com.tw/mops/web/ajax_t163sb04
下游,邊緣運算_工業AI,6166,凌華,2023,3,income_statement,生物資產當期公允價值減出售成本之變動利益（損失）,,--,sii,https://mopsov.twse.com.tw/mops/web/ajax_t163sb04
下游,邊緣運算_工業AI,6166,凌華,2023,3,income_statement,營業毛利（毛損）,3154230,"3,154,230",sii,https://mopsov.twse.com.tw/mops/web/ajax_t163sb04
下游,邊緣運算_工業AI,6166,凌華,2023,3,income_statement,未實現銷貨（損）益,251,251,sii,https://mopsov.twse.com.tw/mops/web/ajax_t163sb04
下游,邊緣運算_工業AI,6166,凌華,2023,3,income_statement,已實現銷貨（損）益,,--,sii,https://mopsov.twse.com.tw/mops/web/ajax_t163sb04
下游,邊緣運算_工業AI,6166,凌華,2023,3,income_statement,營業毛利（毛損）淨額,3153979,"3,153,979",sii,https://mopsov.twse.com.tw/mops/web/ajax_t163sb04
下游,邊緣運算_工業AI,6166,凌華,2023,3,income_statement,營業費用,2866715,"2,866,715",sii,https://mopsov.twse.com.tw/mops/web/ajax_t163sb04
下游,邊緣運算_工業AI,6166,凌華,2023,3,income_statement,其他收益及費損淨額,,--,sii,https://mopsov.twse.com.tw/mops/web/ajax_t163sb04
下游,邊緣運算_工業AI,6166,凌華,2023,3,income_statement,營業利益（損失）,287264,"287,264",sii,https://mopsov.twse.com.tw/mops/web/ajax_t163sb04
下游,邊緣運算_工業AI,6166,凌華,2023,3,income_statement,營業外收入及支出,75091,"75,091",sii,https://mopsov.twse.com.tw/mops/web/ajax_t163sb04
下游,邊緣運算_工業AI,6166,凌華,2023,3,income_statement,稅前淨利（淨損）,362355,"362,355",sii,https://mopsov.twse.com.tw/mops/web/ajax_t163sb04
下游,邊緣運算_工業AI,6166,凌華,2023,3,income_statement,所得稅費用（利益）,139311,"139,311",sii,https://mopsov.twse.com.tw/mops/web/ajax_t163sb04
下游,邊緣運算_工業AI,6166,凌華,2023,3,income_statement,繼續營業單位本期淨利（淨損）,223044,"223,044",sii,https://mopsov.twse.com.tw/mops/web/ajax_t163sb04
下游,邊緣運算_工業AI,6166,凌華,2023,3,income_statement,停業單位損益,,--,sii,https://mopsov.twse.com.tw/mops/web/ajax_t163sb04
下游,邊緣運算_工業AI,6166,凌華,2023,3,income_statement,合併前非屬共同控制股權損益,,--,sii,https://mopsov.twse.com.tw/mops/web/ajax_t163sb04
下游,邊緣運算_工業AI,6166,凌華,2023,3,income_statement,本期淨利（淨損）,223044,"223,044",sii,https://mopsov.twse.com.tw/mops/web/ajax_t163sb04
下游,邊緣運算_工業AI,6166,凌華,2023,3,income_statement,其他綜合損益（淨額）,72184,"72,184",sii,https://mopsov.twse.com.tw/mops/web/ajax_t163sb04
下游,邊緣運算_工業AI,6166,凌華,2023,3,income_statement,合併前非屬共同控制股權綜合損益淨額,,--,sii,https://mopsov.twse.com.tw/mops/web/ajax_t163sb04
下游,邊緣運算_工業AI,6166,凌華,2023,3,income_statement,本期綜合損益總額,295228,"295,228",sii,https://mopsov.twse.com.tw/mops/web/ajax_t163sb04
下游,邊緣運算_工業AI,6166,凌華,2023,3,income_statement,淨利（淨損）歸屬於母公司業主,255273,"255,273",sii,https://mopsov.twse.com.tw/mops/web/ajax_t163sb04
下游,邊緣運算_工業AI,6166,凌華,2023,3,income_statement,淨利（淨損）歸屬於共同控制下前手權益,,--,sii,https://mopsov.twse.com.tw/mops/web/ajax_t163sb04
下游,邊緣運算_工業AI,6166,凌華,2023,3,income_statement,淨利（淨損）歸屬於非控制權益,-32229,"-32,229",sii,https://mopsov.twse.com.tw/mops/web/ajax_t163sb04
下游,邊緣運算_工業AI,6166,凌華,2023,3,income_statement,綜合損益總額歸屬於母公司業主,322464,"322,464",sii,https://mopsov.twse.com.tw/mops/web/ajax_t163sb04
下游,邊緣運算_工業AI,6166,凌華,2023,3,income_statement,綜合損益總額歸屬於共同控制下前手權益,,--,sii,https://mopsov.twse.com.tw/mops/web/ajax_t163sb04
下游,邊緣運算_工業AI,6166,凌華,2023,3,income_statement,綜合損益總額歸屬於非控制權益,-27236,"-27,236",sii,https://mopsov.twse.com.tw/mops/web/ajax_t163sb04
下游,邊緣運算_工業AI,6166,凌華,2023,3,income_statement,基本每股盈餘（元）,1.17,1.17,sii,https://mopsov.twse.com.tw/mops/web/ajax_t163sb04
下游,邊緣運算_工業AI,2395,研華,2023,3,balance_sheet,流動資產,39748188,"39,748,188",sii,https://mopsov.twse.com.tw/mops/web/ajax_t163sb05
下游,邊緣運算_工業AI,2395,研華,2023,3,balance_sheet,非流動資產,27207062,"27,207,062",sii,https://mopsov.twse.com.tw/mops/web/ajax_t163sb05
下游,邊緣運算_工業AI,2395,研華,2023,3,balance_sheet,資產總計,66955250,"66,955,250",sii,https://mopsov.twse.com.tw/mops/web/ajax_t163sb05
下游,邊緣運算_工業AI,2395,研華,2023,3,balance_sheet,流動負債,15984473,"15,984,473",sii,https://mopsov.twse.com.tw/mops/web/ajax_t163sb05
下游,邊緣運算_工業AI,2395,研華,2023,3,balance_sheet,非流動負債,4476097,"4,476,097",sii,https://mopsov.twse.com.tw/mops/web/ajax_t163sb05
下游,邊緣運算_工業AI,2395,研華,2023,3,balance_sheet,負債總計,20460570,"20,460,570",sii,https://mopsov.twse.com.tw/mops/web/ajax_t163sb05
下游,邊緣運算_工業AI,2395,研華,2023,3,balance_sheet,股本,8577794,"8,577,794",sii,https://mopsov.twse.com.tw/mops/web/ajax_t163sb05
下游,邊緣運算_工業AI,2395,研華,2023,3,balance_sheet,權益─具證券性質之虛擬通貨,,--,sii,https://mopsov.twse.com.tw/mops/web/ajax_t163sb05
下游,邊緣運算_工業AI,2395,研華,2023,3,balance_sheet,資本公積,9520327,"9,520,327",sii,https://mopsov.twse.com.tw/mops/web/ajax_t163sb05
下游,邊緣運算_工業AI,2395,研華,2023,3,balance_sheet,保留盈餘,26952204,"26,952,204",sii,https://mopsov.twse.com.tw/mops/web/ajax_t163sb05
下游,邊緣運算_工業AI,2395,研華,2023,3,balance_sheet,其他權益,1097072,"1,097,072",sii,https://mopsov.twse.com.tw/mops/web/ajax_t163sb05
下游,邊緣運算_工業AI,2395,研華,2023,3,balance_sheet,庫藏股票,,--,sii,https://mopsov.twse.com.tw/mops/web/ajax_t163sb05
下游,邊緣運算_工業AI,2395,研華,2023,3,balance_sheet,歸屬於母公司業主之權益合計,46147397,"46,147,397",sii,https://mopsov.twse.com.tw/mops/web/ajax_t163sb05
下游,邊緣運算_工業AI,2395,研華,2023,3,balance_sheet,共同控制下前手權益,,--,sii,https://mopsov.twse.com.tw/mops/web/ajax_t163sb05
下游,邊緣運算_工業AI,2395,研華,2023,3,balance_sheet,合併前非屬共同控制股權,,--,sii,https://mopsov.twse.com.tw/mops/web/ajax_t163sb05
下游,邊緣運算_工業AI,2395,研華,2023,3,balance_sheet,非控制權益,347283,"347,283",sii,https://mopsov.twse.com.tw/mops/web/ajax_t163sb05
下游,邊緣運算_工業AI,2395,研華,2023,3,balance_sheet,權益總計,46494680,"46,494,680",sii,https://mopsov.twse.com.tw/mops/web/ajax_t163sb05
下游,邊緣運算_工業AI,2395,研華,2023,3,balance_sheet,待註銷股本股數（單位：股）,,--,sii,https://mopsov.twse.com.tw/mops/web/ajax_t163sb05
下游,邊緣運算_工業AI,2395,研華,2023,3,balance_sheet,預收股款（權益項下）之約當發行股數（單位：股）,1047900,"1,047,900",sii,https://mopsov.twse.com.tw/mops/web/ajax_t163sb05
下游,邊緣運算_工業AI,2395,研華,2023,3,balance_sheet,母公司暨子公司所持有之母公司庫藏股股數（單位：股）,0,0,sii,https://mopsov.twse.com.tw/mops/web/ajax_t163sb05
下游,邊緣運算_工業AI,2395,研華,2023,3,balance_sheet,每股參考淨值,53.8,53.80,sii,https://mopsov.twse.com.tw/mops/web/ajax_t163sb05
下游,邊緣運算_工業AI,6166,凌華,2023,3,balance_sheet,流動資產,7768953,"7,768,953",sii,https://mopsov.twse.com.tw/mops/web/ajax_t163sb05
下游,邊緣運算_工業AI,6166,凌華,2023,3,balance_sheet,非流動資產,5533319,"5,533,319",sii,https://mopsov.twse.com.tw/mops/web/ajax_t163sb05
下游,邊緣運算_工業AI,6166,凌華,2023,3,balance_sheet,資產總計,13302272,"13,302,272",sii,https://mopsov.twse.com.tw/mops/web/ajax_t163sb05
下游,邊緣運算_工業AI,6166,凌華,2023,3,balance_sheet,流動負債,4646810,"4,646,810",sii,https://mopsov.twse.com.tw/mops/web/ajax_t163sb05
下游,邊緣運算_工業AI,6166,凌華,2023,3,balance_sheet,非流動負債,3200261,"3,200,261",sii,https://mopsov.twse.com.tw/mops/web/ajax_t163sb05
下游,邊緣運算_工業AI,6166,凌華,2023,3,balance_sheet,負債總計,7847071,"7,847,071",sii,https://mopsov.twse.com.tw/mops/web/ajax_t163sb05
下游,邊緣運算_工業AI,6166,凌華,2023,3,balance_sheet,股本,2174973,"2,174,973",sii,https://mopsov.twse.com.tw/mops/web/ajax_t163sb05
下游,邊緣運算_工業AI,6166,凌華,2023,3,balance_sheet,權益─具證券性質之虛擬通貨,,--,sii,https://mopsov.twse.com.tw/mops/web/ajax_t163sb05
下游,邊緣運算_工業AI,6166,凌華,2023,3,balance_sheet,資本公積,1296009,"1,296,009",sii,https://mopsov.twse.com.tw/mops/web/ajax_t163sb05
下游,邊緣運算_工業AI,6166,凌華,2023,3,balance_sheet,保留盈餘,1998066,"1,998,066",sii,https://mopsov.twse.com.tw/mops/web/ajax_t163sb05
下游,邊緣運算_工業AI,6166,凌華,2023,3,balance_sheet,其他權益,-80118,"-80,118",sii,https://mopsov.twse.com.tw/mops/web/ajax_t163sb05
下游,邊緣運算_工業AI,6166,凌華,2023,3,balance_sheet,庫藏股票,,--,sii,https://mopsov.twse.com.tw/mops/web/ajax_t163sb05
下游,邊緣運算_工業AI,6166,凌華,2023,3,balance_sheet,歸屬於母公司業主之權益合計,5388930,"5,388,930",sii,https://mopsov.twse.com.tw/mops/web/ajax_t163sb05
下游,邊緣運算_工業AI,6166,凌華,2023,3,balance_sheet,共同控制下前手權益,,--,sii,https://mopsov.twse.com.tw/mops/web/ajax_t163sb05
下游,邊緣運算_工業AI,6166,凌華,2023,3,balance_sheet,合併前非屬共同控制股權,,--,sii,https://mopsov.twse.com.tw/mops/web/ajax_t163sb05
下游,邊緣運算_工業AI,6166,凌華,2023,3,balance_sheet,非控制權益,66271,"66,271",sii,https://mopsov.twse.com.tw/mops/web/ajax_t163sb05
下游,邊緣運算_工業AI,6166,凌華,2023,3,balance_sheet,權益總計,5455201,"5,455,201",sii,https://mopsov.twse.com.tw/mops/web/ajax_t163sb05
下游,邊緣運算_工業AI,6166,凌華,2023,3,balance_sheet,待註銷股本股數（單位：股）,,--,sii,https://mopsov.twse.com.tw/mops/web/ajax_t163sb05
下游,邊緣運算_工業AI,6166,凌華,2023,3,balance_sheet,預收股款（權益項下）之約當發行股數（單位：股）,0,0,sii,https://mopsov.twse.com.tw/mops/web/ajax_t163sb05
下游,邊緣運算_工業AI,6166,凌華,2023,3,balance_sheet,母公司暨子公司所持有之母公司庫藏股股數（單位：股）,0,0,sii,https://mopsov.twse.com.tw/mops/web/ajax_t163sb05
下游,邊緣運算_工業AI,6166,凌華,2023,3,balance_sheet,每股參考淨值,24.78,24.78,sii,https://mopsov.twse.com.tw/mops/web/ajax_t163sb05
下游,邊緣運算_工業AI,2395,研華,2023,3,cash_flow,營業活動之淨現金流入（流出）,9247402,"9,247,402",sii,https://mopsov.twse.com.tw/mops/web/ajax_t163sb20
下游,邊緣運算_工業AI,2395,研華,2023,3,cash_flow,投資活動之淨現金流入（流出）,-1771153,"-1,771,153",sii,https://mopsov.twse.com.tw/mops/web/ajax_t163sb20
下游,邊緣運算_工業AI,2395,研華,2023,3,cash_flow,籌資活動之淨現金流入（流出）,-7931331,"-7,931,331",sii,https://mopsov.twse.com.tw/mops/web/ajax_t163sb20
下游,邊緣運算_工業AI,2395,研華,2023,3,cash_flow,匯率變動對現金及約當現金之影響,194410,"194,410",sii,https://mopsov.twse.com.tw/mops/web/ajax_t163sb20
下游,邊緣運算_工業AI,2395,研華,2023,3,cash_flow,本期現金及約當現金增加（減少）數,-260672,"-260,672",sii,https://mopsov.twse.com.tw/mops/web/ajax_t163sb20
下游,邊緣運算_工業AI,2395,研華,2023,3,cash_flow,期初現金及約當現金餘額,12029785,"12,029,785",sii,https://mopsov.twse.com.tw/mops/web/ajax_t163sb20
下游,邊緣運算_工業AI,2395,研華,2023,3,cash_flow,期末現金及約當現金餘額,11769113,"11,769,113",sii,https://mopsov.twse.com.tw/mops/web/ajax_t163sb20
下游,邊緣運算_工業AI,6166,凌華,2023,3,cash_flow,營業活動之淨現金流入（流出）,311042,"311,042",sii,https://mopsov.twse.com.tw/mops/web/ajax_t163sb20
下游,邊緣運算_工業AI,6166,凌華,2023,3,cash_flow,投資活動之淨現金流入（流出）,-181950,"-181,950",sii,https://mopsov.twse.com.tw/mops/web/ajax_t163sb20
下游,邊緣運算_工業AI,6166,凌華,2023,3,cash_flow,籌資活動之淨現金流入（流出）,-423103,"-423,103",sii,https://mopsov.twse.com.tw/mops/web/ajax_t163sb20
下游,邊緣運算_工業AI,6166,凌華,2023,3,cash_flow,匯率變動對現金及約當現金之影響,56202,"56,202",sii,https://mopsov.twse.com.tw/mops/web/ajax_t163sb20
下游,邊緣運算_工業AI,6166,凌華,2023,3,cash_flow,本期現金及約當現金增加（減少）數,-237809,"-237,809",sii,https://mopsov.twse.com.tw/mops/web/ajax_t163sb20
下游,邊緣運算_工業AI,6166,凌華,2023,3,cash_flow,期初現金及約當現金餘額,1992378,"1,992,378",sii,https://mopsov.twse.com.tw/mops/web/ajax_t163sb20
下游,邊緣運算_工業AI,6166,凌華,2023,3,cash_flow,期末現金及約當現金餘額,1754569,"1,754,569",sii,https://mopsov.twse.com.tw/mops/web/ajax_t163sb20
下游,邊緣運算_工業AI,2395,研華,2023,4,income_statement,營業收入,64567697,"64,567,697",sii,https://mopsov.twse.com.tw/mops/web/ajax_t163sb04
下游,邊緣運算_工業AI,2395,研華,2023,4,income_statement,營業成本,38405883,"38,405,883",sii,https://mopsov.twse.com.tw/mops/web/ajax_t163sb04
下游,邊緣運算_工業AI,2395,研華,2023,4,income_statement,原始認列生物資產及農產品之利益（損失）,,--,sii,https://mopsov.twse.com.tw/mops/web/ajax_t163sb04
下游,邊緣運算_工業AI,2395,研華,2023,4,income_statement,生物資產當期公允價值減出售成本之變動利益（損失）,,--,sii,https://mopsov.twse.com.tw/mops/web/ajax_t163sb04
下游,邊緣運算_工業AI,2395,研華,2023,4,income_statement,營業毛利（毛損）,26161814,"26,161,814",sii,https://mopsov.twse.com.tw/mops/web/ajax_t163sb04
下游,邊緣運算_工業AI,2395,研華,2023,4,income_statement,未實現銷貨（損）益,,--,sii,https://mopsov.twse.com.tw/mops/web/ajax_t163sb04
下游,邊緣運算_工業AI,2395,研華,2023,4,income_statement,已實現銷貨（損）益,,--,sii,https://mopsov.twse.com.tw/mops/web/ajax_t163sb04
下游,邊緣運算_工業AI,2395,研華,2023,4,income_statement,營業毛利（毛損）淨額,26161814,"26,161,814",sii,https://mopsov.twse.com.tw/mops/web/ajax_t163sb04
下游,邊緣運算_工業AI,2395,研華,2023,4,income_statement,營業費用,14033564,"14,033,564",sii,https://mopsov.twse.com.tw/mops/web/ajax_t163sb04
下游,邊緣運算_工業AI,2395,研華,2023,4,income_statement,其他收益及費損淨額,,--,sii,https://mopsov.twse.com.tw/mops/web/ajax_t163sb04
下游,邊緣運算_工業AI,2395,研華,2023,4,income_statement,營業利益（損失）,12128250,"12,128,250",sii,https://mopsov.twse.com.tw/mops/web/ajax_t163sb04
下游,邊緣運算_工業AI,2395,研華,2023,4,income_statement,營業外收入及支出,1138449,"1,138,449",sii,https://mopsov.twse.com.tw/mops/web/ajax_t163sb04
下游,邊緣運算_工業AI,2395,研華,2023,4,income_statement,稅前淨利（淨損）,13266699,"13,266,699",sii,https://mopsov.twse.com.tw/mops/web/ajax_t163sb04
下游,邊緣運算_工業AI,2395,研華,2023,4,income_statement,所得稅費用（利益）,2477366,"2,477,366",sii,https://mopsov.twse.com.tw/mops/web/ajax_t163sb04
下游,邊緣運算_工業AI,2395,研華,2023,4,income_statement,繼續營業單位本期淨利（淨損）,10789333,"10,789,333",sii,https://mopsov.twse.com.tw/mops/web/ajax_t163sb04
下游,邊緣運算_工業AI,2395,研華,2023,4,income_statement,停業單位損益,,--,sii,https://mopsov.twse.com.tw/mops/web/ajax_t163sb04
下游,邊緣運算_工業AI,2395,研華,2023,4,income_statement,合併前非屬共同控制股權損益,,--,sii,https://mopsov.twse.com.tw/mops/web/ajax_t163sb04
下游,邊緣運算_工業AI,2395,研華,2023,4,income_statement,本期淨利（淨損）,10789333,"10,789,333",sii,https://mopsov.twse.com.tw/mops/web/ajax_t163sb04
下游,邊緣運算_工業AI,2395,研華,2023,4,income_statement,其他綜合損益（淨額）,1053348,"1,053,348",sii,https://mopsov.twse.com.tw/mops/web/ajax_t163sb04
下游,邊緣運算_工業AI,2395,研華,2023,4,income_statement,合併前非屬共同控制股權綜合損益淨額,,--,sii,https://mopsov.twse.com.tw/mops/web/ajax_t163sb04
下游,邊緣運算_工業AI,2395,研華,2023,4,income_statement,本期綜合損益總額,11842681,"11,842,681",sii,https://mopsov.twse.com.tw/mops/web/ajax_t163sb04
下游,邊緣運算_工業AI,2395,研華,2023,4,income_statement,淨利（淨損）歸屬於母公司業主,10837530,"10,837,530",sii,https://mopsov.twse.com.tw/mops/web/ajax_t163sb04
下游,邊緣運算_工業AI,2395,研華,2023,4,income_statement,淨利（淨損）歸屬於共同控制下前手權益,,--,sii,https://mopsov.twse.com.tw/mops/web/ajax_t163sb04
下游,邊緣運算_工業AI,2395,研華,2023,4,income_statement,淨利（淨損）歸屬於非控制權益,-48197,"-48,197",sii,https://mopsov.twse.com.tw/mops/web/ajax_t163sb04
下游,邊緣運算_工業AI,2395,研華,2023,4,income_statement,綜合損益總額歸屬於母公司業主,11894582,"11,894,582",sii,https://mopsov.twse.com.tw/mops/web/ajax_t163sb04
下游,邊緣運算_工業AI,2395,研華,2023,4,income_statement,綜合損益總額歸屬於共同控制下前手權益,,--,sii,https://mopsov.twse.com.tw/mops/web/ajax_t163sb04
下游,邊緣運算_工業AI,2395,研華,2023,4,income_statement,綜合損益總額歸屬於非控制權益,-51901,"-51,901",sii,https://mopsov.twse.com.tw/mops/web/ajax_t163sb04
下游,邊緣運算_工業AI,2395,研華,2023,4,income_statement,基本每股盈餘（元）,12.65,12.65,sii,https://mopsov.twse.com.tw/mops/web/ajax_t163sb04
下游,邊緣運算_工業AI,6166,凌華,2023,4,income_statement,營業收入,11414519,"11,414,519",sii,https://mopsov.twse.com.tw/mops/web/ajax_t163sb04
下游,邊緣運算_工業AI,6166,凌華,2023,4,income_statement,營業成本,7235231,"7,235,231",sii,https://mopsov.twse.com.tw/mops/web/ajax_t163sb04
下游,邊緣運算_工業AI,6166,凌華,2023,4,income_statement,原始認列生物資產及農產品之利益（損失）,,--,sii,https://mopsov.twse.com.tw/mops/web/ajax_t163sb04
下游,邊緣運算_工業AI,6166,凌華,2023,4,income_statement,生物資產當期公允價值減出售成本之變動利益（損失）,,--,sii,https://mopsov.twse.com.tw/mops/web/ajax_t163sb04
下游,邊緣運算_工業AI,6166,凌華,2023,4,income_statement,營業毛利（毛損）,4179288,"4,179,288",sii,https://mopsov.twse.com.tw/mops/web/ajax_t163sb04
下游,邊緣運算_工業AI,6166,凌華,2023,4,income_statement,未實現銷貨（損）益,279,279,sii,https://mopsov.twse.com.tw/mops/web/ajax_t163sb04
下游,邊緣運算_工業AI,6166,凌華,2023,4,income_statement,已實現銷貨（損）益,,--,sii,https://mopsov.twse.com.tw/mops/web/ajax_t163sb04
下游,邊緣運算_工業AI,6166,凌華,2023,4,income_statement,營業毛利（毛損）淨額,4179009,"4,179,009",sii,https://mopsov.twse.com.tw/mops/web/ajax_t163sb04
下游,邊緣運算_工業AI,6166,凌華,2023,4,income_statement,營業費用,3855961,"3,855,961",sii,https://mopsov.twse.com.tw/mops/web/ajax_t163sb04
下游,邊緣運算_工業AI,6166,凌華,2023,4,income_statement,其他收益及費損淨額,,--,sii,https://mopsov.twse.com.tw/mops/web/ajax_t163sb04
下游,邊緣運算_工業AI,6166,凌華,2023,4,income_statement,營業利益（損失）,323048,"323,048",sii,https://mopsov.twse.com.tw/mops/web/ajax_t163sb04
下游,邊緣運算_工業AI,6166,凌華,2023,4,income_statement,營業外收入及支出,133593,"133,593",sii,https://mopsov.twse.com.tw/mops/web/ajax_t163sb04
下游,邊緣運算_工業AI,6166,凌華,2023,4,income_statement,稅前淨利（淨損）,456641,"456,641",sii,https://mopsov.twse.com.tw/mops/web/ajax_t163sb04
下游,邊緣運算_工業AI,6166,凌華,2023,4,income_statement,所得稅費用（利益）,162760,"162,760",sii,https://mopsov.twse.com.tw/mops/web/ajax_t163sb04
下游,邊緣運算_工業AI,6166,凌華,2023,4,income_statement,繼續營業單位本期淨利（淨損）,293881,"293,881",sii,https://mopsov.twse.com.tw/mops/web/ajax_t163sb04
下游,邊緣運算_工業AI,6166,凌華,2023,4,income_statement,停業單位損益,,--,sii,https://mopsov.twse.com.tw/mops/web/ajax_t163sb04
下游,邊緣運算_工業AI,6166,凌華,2023,4,income_statement,合併前非屬共同控制股權損益,,--,sii,https://mopsov.twse.com.tw/mops/web/ajax_t163sb04
下游,邊緣運算_工業AI,6166,凌華,2023,4,income_statement,本期淨利（淨損）,293881,"293,881",sii,https://mopsov.twse.com.tw/mops/web/ajax_t163sb04
下游,邊緣運算_工業AI,6166,凌華,2023,4,income_statement,其他綜合損益（淨額）,1353,"1,353",sii,https://mopsov.twse.com.tw/mops/web/ajax_t163sb04
下游,邊緣運算_工業AI,6166,凌華,2023,4,income_statement,合併前非屬共同控制股權綜合損益淨額,,--,sii,https://mopsov.twse.com.tw/mops/web/ajax_t163sb04
下游,邊緣運算_工業AI,6166,凌華,2023,4,income_statement,本期綜合損益總額,295234,"295,234",sii,https://mopsov.twse.com.tw/mops/web/ajax_t163sb04
下游,邊緣運算_工業AI,6166,凌華,2023,4,income_statement,淨利（淨損）歸屬於母公司業主,328797,"328,797",sii,https://mopsov.twse.com.tw/mops/web/ajax_t163sb04
下游,邊緣運算_工業AI,6166,凌華,2023,4,income_statement,淨利（淨損）歸屬於共同控制下前手權益,,--,sii,https://mopsov.twse.com.tw/mops/web/ajax_t163sb04
下游,邊緣運算_工業AI,6166,凌華,2023,4,income_statement,淨利（淨損）歸屬於非控制權益,-34916,"-34,916",sii,https://mopsov.twse.com.tw/mops/web/ajax_t163sb04
下游,邊緣運算_工業AI,6166,凌華,2023,4,income_statement,綜合損益總額歸屬於母公司業主,325063,"325,063",sii,https://mopsov.twse.com.tw/mops/web/ajax_t163sb04
下游,邊緣運算_工業AI,6166,凌華,2023,4,income_statement,綜合損益總額歸屬於共同控制下前手權益,,--,sii,https://mopsov.twse.com.tw/mops/web/ajax_t163sb04
下游,邊緣運算_工業AI,6166,凌華,2023,4,income_statement,綜合損益總額歸屬於非控制權益,-29829,"-29,829",sii,https://mopsov.twse.com.tw/mops/web/ajax_t163sb04
下游,邊緣運算_工業AI,6166,凌華,2023,4,income_statement,基本每股盈餘（元）,1.51,1.51,sii,https://mopsov.twse.com.tw/mops/web/ajax_t163sb04
下游,邊緣運算_工業AI,2395,研華,2023,4,balance_sheet,流動資產,41385737,"41,385,737",sii,https://mopsov.twse.com.tw/mops/web/ajax_t163sb05
下游,邊緣運算_工業AI,2395,研華,2023,4,balance_sheet,非流動資產,27670535,"27,670,535",sii,https://mopsov.twse.com.tw/mops/web/ajax_t163sb05
下游,邊緣運算_工業AI,2395,研華,2023,4,balance_sheet,資產總計,69056272,"69,056,272",sii,https://mopsov.twse.com.tw/mops/web/ajax_t163sb05
下游,邊緣運算_工業AI,2395,研華,2023,4,balance_sheet,流動負債,16026807,"16,026,807",sii,https://mopsov.twse.com.tw/mops/web/ajax_t163sb05
下游,邊緣運算_工業AI,2395,研華,2023,4,balance_sheet,非流動負債,4219887,"4,219,887",sii,https://mopsov.twse.com.tw/mops/web/ajax_t163sb05
下游,邊緣運算_工業AI,2395,研華,2023,4,balance_sheet,負債總計,20246694,"20,246,694",sii,https://mopsov.twse.com.tw/mops/web/ajax_t163sb05
下游,邊緣運算_工業AI,2395,研華,2023,4,balance_sheet,股本,8584494,"8,584,494",sii,https://mopsov.twse.com.tw/mops/web/ajax_t163sb05
下游,邊緣運算_工業AI,2395,研華,2023,4,balance_sheet,權益─具證券性質之虛擬通貨,,--,sii,https://mopsov.twse.com.tw/mops/web/ajax_t163sb05
下游,邊緣運算_工業AI,2395,研華,2023,4,balance_sheet,資本公積,9753806,"9,753,806",sii,https://mopsov.twse.com.tw/mops/web/ajax_t163sb05
下游,邊緣運算_工業AI,2395,研華,2023,4,balance_sheet,保留盈餘,29229547,"29,229,547",sii,https://mopsov.twse.com.tw/mops/web/ajax_t163sb05
下游,邊緣運算_工業AI,2395,研華,2023,4,balance_sheet,其他權益,893305,"893,305",sii,https://mopsov.twse.com.tw/mops/web/ajax_t163sb05
下游,邊緣運算_工業AI,2395,研華,2023,4,balance_sheet,庫藏股票,,--,sii,https://mopsov.twse.com.tw/mops/web/ajax_t163sb05
下游,邊緣運算_工業AI,2395,研華,2023,4,balance_sheet,歸屬於母公司業主之權益合計,48461152,"48,461,152",sii,https://mopsov.twse.com.tw/mops/web/ajax_t163sb05
下游,邊緣運算_工業AI,2395,研華,2023,4,balance_sheet,共同控制下前手權益,,--,sii,https://mopsov.twse.com.tw/mops/web/ajax_t163sb05
下游,邊緣運算_工業AI,2395,研華,2023,4,balance_sheet,合併前非屬共同控制股權,,--,sii,https://mopsov.twse.com.tw/mops/web/ajax_t163sb05
下游,邊緣運算_工業AI,2395,研華,2023,4,balance_sheet,非控制權益,348426,"348,426",sii,https://mopsov.twse.com.tw/mops/web/ajax_t163sb05
下游,邊緣運算_工業AI,2395,研華,2023,4,balance_sheet,權益總計,48809578,"48,809,578",sii,https://mopsov.twse.com.tw/mops/web/ajax_t163sb05
下游,邊緣運算_工業AI,2395,研華,2023,4,balance_sheet,待註銷股本股數（單位：股）,,--,sii,https://mopsov.twse.com.tw/mops/web/ajax_t163sb05
下游,邊緣運算_工業AI,2395,研華,2023,4,balance_sheet,預收股款（權益項下）之約當發行股數（單位：股）,669900,"669,900",sii,https://mopsov.twse.com.tw/mops/web/ajax_t163sb05
下游,邊緣運算_工業AI,2395,研華,2023,4,balance_sheet,母公司暨子公司所持有之母公司庫藏股股數（單位：股）,0,0,sii,https://mopsov.twse.com.tw/mops/web/ajax_t163sb05
下游,邊緣運算_工業AI,2395,研華,2023,4,balance_sheet,每股參考淨值,56.45,56.45,sii,https://mopsov.twse.com.tw/mops/web/ajax_t163sb05
下游,邊緣運算_工業AI,6166,凌華,2023,4,balance_sheet,流動資產,7590835,"7,590,835",sii,https://mopsov.twse.com.tw/mops/web/ajax_t163sb05
下游,邊緣運算_工業AI,6166,凌華,2023,4,balance_sheet,非流動資產,5474288,"5,474,288",sii,https://mopsov.twse.com.tw/mops/web/ajax_t163sb05
下游,邊緣運算_工業AI,6166,凌華,2023,4,balance_sheet,資產總計,13065123,"13,065,123",sii,https://mopsov.twse.com.tw/mops/web/ajax_t163sb05
下游,邊緣運算_工業AI,6166,凌華,2023,4,balance_sheet,流動負債,4509451,"4,509,451",sii,https://mopsov.twse.com.tw/mops/web/ajax_t163sb05
下游,邊緣運算_工業AI,6166,凌華,2023,4,balance_sheet,非流動負債,3097858,"3,097,858",sii,https://mopsov.twse.com.tw/mops/web/ajax_t163sb05
下游,邊緣運算_工業AI,6166,凌華,2023,4,balance_sheet,負債總計,7607309,"7,607,309",sii,https://mopsov.twse.com.tw/mops/web/ajax_t163sb05
下游,邊緣運算_工業AI,6166,凌華,2023,4,balance_sheet,股本,2174973,"2,174,973",sii,https://mopsov.twse.com.tw/mops/web/ajax_t163sb05
下游,邊緣運算_工業AI,6166,凌華,2023,4,balance_sheet,權益─具證券性質之虛擬通貨,,--,sii,https://mopsov.twse.com.tw/mops/web/ajax_t163sb05
下游,邊緣運算_工業AI,6166,凌華,2023,4,balance_sheet,資本公積,1298616,"1,298,616",sii,https://mopsov.twse.com.tw/mops/web/ajax_t163sb05
下游,邊緣運算_工業AI,6166,凌華,2023,4,balance_sheet,保留盈餘,2076700,"2,076,700",sii,https://mopsov.twse.com.tw/mops/web/ajax_t163sb05
下游,邊緣運算_工業AI,6166,凌華,2023,4,balance_sheet,其他權益,-156153,"-156,153",sii,https://mopsov.twse.com.tw/mops/web/ajax_t163sb05
下游,邊緣運算_工業AI,6166,凌華,2023,4,balance_sheet,庫藏股票,,--,sii,https://mopsov.twse.com.tw/mops/web/ajax_t163sb05
下游,邊緣運算_工業AI,6166,凌華,2023,4,balance_sheet,歸屬於母公司業主之權益合計,5394136,"5,394,136",sii,https://mopsov.twse.com.tw/mops/web/ajax_t163sb05
下游,邊緣運算_工業AI,6166,凌華,2023,4,balance_sheet,共同控制下前手權益,,--,sii,https://mopsov.twse.com.tw/mops/web/ajax_t163sb05
下游,邊緣運算_工業AI,6166,凌華,2023,4,balance_sheet,合併前非屬共同控制股權,,--,sii,https://mopsov.twse.com.tw/mops/web/ajax_t163sb05
下游,邊緣運算_工業AI,6166,凌華,2023,4,balance_sheet,非控制權益,63678,"63,678",sii,https://mopsov.twse.com.tw/mops/web/ajax_t163sb05
下游,邊緣運算_工業AI,6166,凌華,2023,4,balance_sheet,權益總計,5457814,"5,457,814",sii,https://mopsov.twse.com.tw/mops/web/ajax_t163sb05
下游,邊緣運算_工業AI,6166,凌華,2023,4,balance_sheet,待註銷股本股數（單位：股）,,--,sii,https://mopsov.twse.com.tw/mops/web/ajax_t163sb05
下游,邊緣運算_工業AI,6166,凌華,2023,4,balance_sheet,預收股款（權益項下）之約當發行股數（單位：股）,0,0,sii,https://mopsov.twse.com.tw/mops/web/ajax_t163sb05
下游,邊緣運算_工業AI,6166,凌華,2023,4,balance_sheet,母公司暨子公司所持有之母公司庫藏股股數（單位：股）,0,0,sii,https://mopsov.twse.com.tw/mops/web/ajax_t163sb05
下游,邊緣運算_工業AI,6166,凌華,2023,4,balance_sheet,每股參考淨值,24.8,24.80,sii,https://mopsov.twse.com.tw/mops/web/ajax_t163sb05
下游,邊緣運算_工業AI,2395,研華,2023,4,cash_flow,營業活動之淨現金流入（流出）,9664660,"9,664,660",sii,https://mopsov.twse.com.tw/mops/web/ajax_t163sb20
下游,邊緣運算_工業AI,2395,研華,2023,4,cash_flow,投資活動之淨現金流入（流出）,-2572746,"-2,572,746",sii,https://mopsov.twse.com.tw/mops/web/ajax_t163sb20
下游,邊緣運算_工業AI,2395,研華,2023,4,cash_flow,籌資活動之淨現金流入（流出）,-8064097,"-8,064,097",sii,https://mopsov.twse.com.tw/mops/web/ajax_t163sb20
下游,邊緣運算_工業AI,2395,研華,2023,4,cash_flow,匯率變動對現金及約當現金之影響,-46022,"-46,022",sii,https://mopsov.twse.com.tw/mops/web/ajax_t163sb20
下游,邊緣運算_工業AI,2395,研華,2023,4,cash_flow,本期現金及約當現金增加（減少）數,-1018205,"-1,018,205",sii,https://mopsov.twse.com.tw/mops/web/ajax_t163sb20
下游,邊緣運算_工業AI,2395,研華,2023,4,cash_flow,期初現金及約當現金餘額,12029785,"12,029,785",sii,https://mopsov.twse.com.tw/mops/web/ajax_t163sb20
下游,邊緣運算_工業AI,2395,研華,2023,4,cash_flow,期末現金及約當現金餘額,11011580,"11,011,580",sii,https://mopsov.twse.com.tw/mops/web/ajax_t163sb20
下游,邊緣運算_工業AI,6166,凌華,2023,4,cash_flow,營業活動之淨現金流入（流出）,571174,"571,174",sii,https://mopsov.twse.com.tw/mops/web/ajax_t163sb20
下游,邊緣運算_工業AI,6166,凌華,2023,4,cash_flow,投資活動之淨現金流入（流出）,-235361,"-235,361",sii,https://mopsov.twse.com.tw/mops/web/ajax_t163sb20
下游,邊緣運算_工業AI,6166,凌華,2023,4,cash_flow,籌資活動之淨現金流入（流出）,-506562,"-506,562",sii,https://mopsov.twse.com.tw/mops/web/ajax_t163sb20
下游,邊緣運算_工業AI,6166,凌華,2023,4,cash_flow,匯率變動對現金及約當現金之影響,20118,"20,118",sii,https://mopsov.twse.com.tw/mops/web/ajax_t163sb20
下游,邊緣運算_工業AI,6166,凌華,2023,4,cash_flow,本期現金及約當現金增加（減少）數,-150631,"-150,631",sii,https://mopsov.twse.com.tw/mops/web/ajax_t163sb20
下游,邊緣運算_工業AI,6166,凌華,2023,4,cash_flow,期初現金及約當現金餘額,1992378,"1,992,378",sii,https://mopsov.twse.com.tw/mops/web/ajax_t163sb20
下游,邊緣運算_工業AI,6166,凌華,2023,4,cash_flow,期末現金及約當現金餘額,1841747,"1,841,747",sii,https://mopsov.twse.com.tw/mops/web/ajax_t163sb20
下游,邊緣運算_工業AI,2395,研華,2024,1,income_statement,營業收入,13879270,"13,879,270",sii,https://mopsov.twse.com.tw/mops/web/ajax_t163sb04
下游,邊緣運算_工業AI,2395,研華,2024,1,income_statement,營業成本,8331592,"8,331,592",sii,https://mopsov.twse.com.tw/mops/web/ajax_t163sb04
下游,邊緣運算_工業AI,2395,研華,2024,1,income_statement,原始認列生物資產及農產品之利益（損失）,,--,sii,https://mopsov.twse.com.tw/mops/web/ajax_t163sb04
下游,邊緣運算_工業AI,2395,研華,2024,1,income_statement,生物資產當期公允價值減出售成本之變動利益（損失）,,--,sii,https://mopsov.twse.com.tw/mops/web/ajax_t163sb04
下游,邊緣運算_工業AI,2395,研華,2024,1,income_statement,營業毛利（毛損）,5547678,"5,547,678",sii,https://mopsov.twse.com.tw/mops/web/ajax_t163sb04
下游,邊緣運算_工業AI,2395,研華,2024,1,income_statement,未實現銷貨（損）益,,--,sii,https://mopsov.twse.com.tw/mops/web/ajax_t163sb04
下游,邊緣運算_工業AI,2395,研華,2024,1,income_statement,已實現銷貨（損）益,,--,sii,https://mopsov.twse.com.tw/mops/web/ajax_t163sb04
下游,邊緣運算_工業AI,2395,研華,2024,1,income_statement,營業毛利（毛損）淨額,5547678,"5,547,678",sii,https://mopsov.twse.com.tw/mops/web/ajax_t163sb04
下游,邊緣運算_工業AI,2395,研華,2024,1,income_statement,營業費用,3630209,"3,630,209",sii,https://mopsov.twse.com.tw/mops/web/ajax_t163sb04
下游,邊緣運算_工業AI,2395,研華,2024,1,income_statement,其他收益及費損淨額,,--,sii,https://mopsov.twse.com.tw/mops/web/ajax_t163sb04
下游,邊緣運算_工業AI,2395,研華,2024,1,income_statement,營業利益（損失）,1917469,"1,917,469",sii,https://mopsov.twse.com.tw/mops/web/ajax_t163sb04
下游,邊緣運算_工業AI,2395,研華,2024,1,income_statement,營業外收入及支出,479079,"479,079",sii,https://mopsov.twse.com.tw/mops/web/ajax_t163sb04
下游,邊緣運算_工業AI,2395,研華,2024,1,income_statement,稅前淨利（淨損）,2396548,"2,396,548",sii,https://mopsov.twse.com.tw/mops/web/ajax_t163sb04
下游,邊緣運算_工業AI,2395,研華,2024,1,income_statement,所得稅費用（利益）,427790,"427,790",sii,https://mopsov.twse.com.tw/mops/web/ajax_t163sb04
下游,邊緣運算_工業AI,2395,研華,2024,1,income_statement,繼續營業單位本期淨利（淨損）,1968758,"1,968,758",sii,https://mopsov.twse.com.tw/mops/web/ajax_t163sb04
下游,邊緣運算_工業AI,2395,研華,2024,1,income_statement,停業單位損益,,--,sii,https://mopsov.twse.com.tw/mops/web/ajax_t163sb04
下游,邊緣運算_工業AI,2395,研華,2024,1,income_statement,合併前非屬共同控制股權損益,,--,sii,https://mopsov.twse.com.tw/mops/web/ajax_t163sb04
下游,邊緣運算_工業AI,2395,研華,2024,1,income_statement,本期淨利（淨損）,1968758,"1,968,758",sii,https://mopsov.twse.com.tw/mops/web/ajax_t163sb04
下游,邊緣運算_工業AI,2395,研華,2024,1,income_statement,其他綜合損益（淨額）,63893,"63,893",sii,https://mopsov.twse.com.tw/mops/web/ajax_t163sb04
下游,邊緣運算_工業AI,2395,研華,2024,1,income_statement,合併前非屬共同控制股權綜合損益淨額,,--,sii,https://mopsov.twse.com.tw/mops/web/ajax_t163sb04
下游,邊緣運算_工業AI,2395,研華,2024,1,income_statement,本期綜合損益總額,2032651,"2,032,651",sii,https://mopsov.twse.com.tw/mops/web/ajax_t163sb04
下游,邊緣運算_工業AI,2395,研華,2024,1,income_statement,淨利（淨損）歸屬於母公司業主,1993057,"1,993,057",sii,https://mopsov.twse.com.tw/mops/web/ajax_t163sb04
下游,邊緣運算_工業AI,2395,研華,2024,1,income_statement,淨利（淨損）歸屬於共同控制下前手權益,,--,sii,https://mopsov.twse.com.tw/mops/web/ajax_t163sb04
下游,邊緣運算_工業AI,2395,研華,2024,1,income_statement,淨利（淨損）歸屬於非控制權益,-24299,"-24,299",sii,https://mopsov.twse.com.tw/mops/web/ajax_t163sb04
下游,邊緣運算_工業AI,2395,研華,2024,1,income_statement,綜合損益總額歸屬於母公司業主,2059055,"2,059,055",sii,https://mopsov.twse.com.tw/mops/web/ajax_t163sb04
下游,邊緣運算_工業AI,2395,研華,2024,1,income_statement,綜合損益總額歸屬於共同控制下前手權益,,--,sii,https://mopsov.twse.com.tw/mops/web/ajax_t163sb04
下游,邊緣運算_工業AI,2395,研華,2024,1,income_statement,綜合損益總額歸屬於非控制權益,-26404,"-26,404",sii,https://mopsov.twse.com.tw/mops/web/ajax_t163sb04
下游,邊緣運算_工業AI,2395,研華,2024,1,income_statement,基本每股盈餘（元）,2.32,2.32,sii,https://mopsov.twse.com.tw/mops/web/ajax_t163sb04
下游,邊緣運算_工業AI,6166,凌華,2024,1,income_statement,營業收入,2053728,"2,053,728",sii,https://mopsov.twse.com.tw/mops/web/ajax_t163sb04
下游,邊緣運算_工業AI,6166,凌華,2024,1,income_statement,營業成本,1265201,"1,265,201",sii,https://mopsov.twse.com.tw/mops/web/ajax_t163sb04
下游,邊緣運算_工業AI,6166,凌華,2024,1,income_statement,原始認列生物資產及農產品之利益（損失）,,--,sii,https://mopsov.twse.com.tw/mops/web/ajax_t163sb04
下游,邊緣運算_工業AI,6166,凌華,2024,1,income_statement,生物資產當期公允價值減出售成本之變動利益（損失）,,--,sii,https://mopsov.twse.com.tw/mops/web/ajax_t163sb04
下游,邊緣運算_工業AI,6166,凌華,2024,1,income_statement,營業毛利（毛損）,788527,"788,527",sii,https://mopsov.twse.com.tw/mops/web/ajax_t163sb04
下游,邊緣運算_工業AI,6166,凌華,2024,1,income_statement,未實現銷貨（損）益,1955,"1,955",sii,https://mopsov.twse.com.tw/mops/web/ajax_t163sb04
下游,邊緣運算_工業AI,6166,凌華,2024,1,income_statement,已實現銷貨（損）益,,--,sii,https://mopsov.twse.com.tw/mops/web/ajax_t163sb04
下游,邊緣運算_工業AI,6166,凌華,2024,1,income_statement,營業毛利（毛損）淨額,786572,"786,572",sii,https://mopsov.twse.com.tw/mops/web/ajax_t163sb04
下游,邊緣運算_工業AI,6166,凌華,2024,1,income_statement,營業費用,908307,"908,307",sii,https://mopsov.twse.com.tw/mops/web/ajax_t163sb04
下游,邊緣運算_工業AI,6166,凌華,2024,1,income_statement,其他收益及費損淨額,,--,sii,https://mopsov.twse.com.tw/mops/web/ajax_t163sb04
下游,邊緣運算_工業AI,6166,凌華,2024,1,income_statement,營業利益（損失）,-121735,"-121,735",sii,https://mopsov.twse.com.tw/mops/web/ajax_t163sb04
下游,邊緣運算_工業AI,6166,凌華,2024,1,income_statement,營業外收入及支出,869,869,sii,https://mopsov.twse.com.tw/mops/web/ajax_t163sb04
下游,邊緣運算_工業AI,6166,凌華,2024,1,income_statement,稅前淨利（淨損）,-120866,"-120,866",sii,https://mopsov.twse.com.tw/mops/web/ajax_t163sb04
下游,邊緣運算_工業AI,6166,凌華,2024,1,income_statement,所得稅費用（利益）,-31162,"-31,162",sii,https://mopsov.twse.com.tw/mops/web/ajax_t163sb04
下游,邊緣運算_工業AI,6166,凌華,2024,1,income_statement,繼續營業單位本期淨利（淨損）,-89704,"-89,704",sii,https://mopsov.twse.com.tw/mops/web/ajax_t163sb04
下游,邊緣運算_工業AI,6166,凌華,2024,1,income_statement,停業單位損益,,--,sii,https://mopsov.twse.com.tw/mops/web/ajax_t163sb04
下游,邊緣運算_工業AI,6166,凌華,2024,1,income_statement,合併前非屬共同控制股權損益,,--,sii,https://mopsov.twse.com.tw/mops/web/ajax_t163sb04
下游,邊緣運算_工業AI,6166,凌華,2024,1,income_statement,本期淨利（淨損）,-89704,"-89,704",sii,https://mopsov.twse.com.tw/mops/web/ajax_t163sb04
下游,邊緣運算_工業AI,6166,凌華,2024,1,income_statement,其他綜合損益（淨額）,91321,"91,321",sii,https://mopsov.twse.com.tw/mops/web/ajax_t163sb04
下游,邊緣運算_工業AI,6166,凌華,2024,1,income_statement,合併前非屬共同控制股權綜合損益淨額,,--,sii,https://mopsov.twse.com.tw/mops/web/ajax_t163sb04
下游,邊緣運算_工業AI,6166,凌華,2024,1,income_statement,本期綜合損益總額,1617,"1,617",sii,https://mopsov.twse.com.tw/mops/web/ajax_t163sb04
下游,邊緣運算_工業AI,6166,凌華,2024,1,income_statement,淨利（淨損）歸屬於母公司業主,-77107,"-77,107",sii,https://mopsov.twse.com.tw/mops/web/ajax_t163sb04
下游,邊緣運算_工業AI,6166,凌華,2024,1,income_statement,淨利（淨損）歸屬於共同控制下前手權益,,--,sii,https://mopsov.twse.com.tw/mops/web/ajax_t163sb04
下游,邊緣運算_工業AI,6166,凌華,2024,1,income_statement,淨利（淨損）歸屬於非控制權益,-12597,"-12,597",sii,https://mopsov.twse.com.tw/mops/web/ajax_t163sb04
下游,邊緣運算_工業AI,6166,凌華,2024,1,income_statement,綜合損益總額歸屬於母公司業主,12226,"12,226",sii,https://mopsov.twse.com.tw/mops/web/ajax_t163sb04
下游,邊緣運算_工業AI,6166,凌華,2024,1,income_statement,綜合損益總額歸屬於共同控制下前手權益,,--,sii,https://mopsov.twse.com.tw/mops/web/ajax_t163sb04
下游,邊緣運算_工業AI,6166,凌華,2024,1,income_statement,綜合損益總額歸屬於非控制權益,-10609,"-10,609",sii,https://mopsov.twse.com.tw/mops/web/ajax_t163sb04
下游,邊緣運算_工業AI,6166,凌華,2024,1,income_statement,基本每股盈餘（元）,-0.35,-0.35,sii,https://mopsov.twse.com.tw/mops/web/ajax_t163sb04
下游,邊緣運算_工業AI,2395,研華,2024,1,balance_sheet,流動資產,43056579,"43,056,579",sii,https://mopsov.twse.com.tw/mops/web/ajax_t163sb05
下游,邊緣運算_工業AI,2395,研華,2024,1,balance_sheet,非流動資產,27989321,"27,989,321",sii,https://mopsov.twse.com.tw/mops/web/ajax_t163sb05
下游,邊緣運算_工業AI,2395,研華,2024,1,balance_sheet,資產總計,71045900,"71,045,900",sii,https://mopsov.twse.com.tw/mops/web/ajax_t163sb05
下游,邊緣運算_工業AI,2395,研華,2024,1,balance_sheet,流動負債,23530660,"23,530,660",sii,https://mopsov.twse.com.tw/mops/web/ajax_t163sb05
下游,邊緣運算_工業AI,2395,研華,2024,1,balance_sheet,非流動負債,4260371,"4,260,371",sii,https://mopsov.twse.com.tw/mops/web/ajax_t163sb05
下游,邊緣運算_工業AI,2395,研華,2024,1,balance_sheet,負債總計,27791031,"27,791,031",sii,https://mopsov.twse.com.tw/mops/web/ajax_t163sb05
下游,邊緣運算_工業AI,2395,研華,2024,1,balance_sheet,股本,8604477,"8,604,477",sii,https://mopsov.twse.com.tw/mops/web/ajax_t163sb05
下游,邊緣運算_工業AI,2395,研華,2024,1,balance_sheet,權益─具證券性質之虛擬通貨,,--,sii,https://mopsov.twse.com.tw/mops/web/ajax_t163sb05
下游,邊緣運算_工業AI,2395,研華,2024,1,balance_sheet,資本公積,10252076,"10,252,076",sii,https://mopsov.twse.com.tw/mops/web/ajax_t163sb05
下游,邊緣運算_工業AI,2395,研華,2024,1,balance_sheet,保留盈餘,23069390,"23,069,390",sii,https://mopsov.twse.com.tw/mops/web/ajax_t163sb05
下游,邊緣運算_工業AI,2395,研華,2024,1,balance_sheet,其他權益,956394,"956,394",sii,https://mopsov.twse.com.tw/mops/web/ajax_t163sb05
下游,邊緣運算_工業AI,2395,研華,2024,1,balance_sheet,庫藏股票,,--,sii,https://mopsov.twse.com.tw/mops/web/ajax_t163sb05
下游,邊緣運算_工業AI,2395,研華,2024,1,balance_sheet,歸屬於母公司業主之權益合計,42882337,"42,882,337",sii,https://mopsov.twse.com.tw/mops/web/ajax_t163sb05
下游,邊緣運算_工業AI,2395,研華,2024,1,balance_sheet,共同控制下前手權益,,--,sii,https://mopsov.twse.com.tw/mops/web/ajax_t163sb05
下游,邊緣運算_工業AI,2395,研華,2024,1,balance_sheet,合併前非屬共同控制股權,,--,sii,https://mopsov.twse.com.tw/mops/web/ajax_t163sb05
下游,邊緣運算_工業AI,2395,研華,2024,1,balance_sheet,非控制權益,372532,"372,532",sii,https://mopsov.twse.com.tw/mops/web/ajax_t163sb05
下游,邊緣運算_工業AI,2395,研華,2024,1,balance_sheet,權益總計,43254869,"43,254,869",sii,https://mopsov.twse.com.tw/mops/web/ajax_t163sb05
下游,邊緣運算_工業AI,2395,研華,2024,1,balance_sheet,待註銷股本股數（單位：股）,,--,sii,https://mopsov.twse.com.tw/mops/web/ajax_t163sb05
下游,邊緣運算_工業AI,2395,研華,2024,1,balance_sheet,預收股款（權益項下）之約當發行股數（單位：股）,1998300,"1,998,300",sii,https://mopsov.twse.com.tw/mops/web/ajax_t163sb05
下游,邊緣運算_工業AI,2395,研華,2024,1,balance_sheet,母公司暨子公司所持有之母公司庫藏股股數（單位：股）,0,0,sii,https://mopsov.twse.com.tw/mops/web/ajax_t163sb05
下游,邊緣運算_工業AI,2395,研華,2024,1,balance_sheet,每股參考淨值,49.84,49.84,sii,https://mopsov.twse.com.tw/mops/web/ajax_t163sb05
下游,邊緣運算_工業AI,6166,凌華,2024,1,balance_sheet,流動資產,7088071,"7,088,071",sii,https://mopsov.twse.com.tw/mops/web/ajax_t163sb05
下游,邊緣運算_工業AI,6166,凌華,2024,1,balance_sheet,非流動資產,5513626,"5,513,626",sii,https://mopsov.twse.com.tw/mops/web/ajax_t163sb05
下游,邊緣運算_工業AI,6166,凌華,2024,1,balance_sheet,資產總計,12601697,"12,601,697",sii,https://mopsov.twse.com.tw/mops/web/ajax_t163sb05
下游,邊緣運算_工業AI,6166,凌華,2024,1,balance_sheet,流動負債,4425065,"4,425,065",sii,https://mopsov.twse.com.tw/mops/web/ajax_t163sb05
下游,邊緣運算_工業AI,6166,凌華,2024,1,balance_sheet,非流動負債,2932092,"2,932,092",sii,https://mopsov.twse.com.tw/mops/web/ajax_t163sb05
下游,邊緣運算_工業AI,6166,凌華,2024,1,balance_sheet,負債總計,7357157,"7,357,157",sii,https://mopsov.twse.com.tw/mops/web/ajax_t163sb05
下游,邊緣運算_工業AI,6166,凌華,2024,1,balance_sheet,股本,2174973,"2,174,973",sii,https://mopsov.twse.com.tw/mops/web/ajax_t163sb05
下游,邊緣運算_工業AI,6166,凌華,2024,1,balance_sheet,權益─具證券性質之虛擬通貨,,--,sii,https://mopsov.twse.com.tw/mops/web/ajax_t163sb05
下游,邊緣運算_工業AI,6166,凌華,2024,1,balance_sheet,資本公積,1301223,"1,301,223",sii,https://mopsov.twse.com.tw/mops/web/ajax_t163sb05
下游,邊緣運算_工業AI,6166,凌華,2024,1,balance_sheet,保留盈餘,1782095,"1,782,095",sii,https://mopsov.twse.com.tw/mops/web/ajax_t163sb05
下游,邊緣運算_工業AI,6166,凌華,2024,1,balance_sheet,其他權益,-66820,"-66,820",sii,https://mopsov.twse.com.tw/mops/web/ajax_t163sb05
下游,邊緣運算_工業AI,6166,凌華,2024,1,balance_sheet,庫藏股票,,--,sii,https://mopsov.twse.com.tw/mops/web/ajax_t163sb05
下游,邊緣運算_工業AI,6166,凌華,2024,1,balance_sheet,歸屬於母公司業主之權益合計,5191471,"5,191,471",sii,https://mopsov.twse.com.tw/mops/web/ajax_t163sb05
下游,邊緣運算_工業AI,6166,凌華,2024,1,balance_sheet,共同控制下前手權益,,--,sii,https://mopsov.twse.com.tw/mops/web/ajax_t163sb05
下游,邊緣運算_工業AI,6166,凌華,2024,1,balance_sheet,合併前非屬共同控制股權,,--,sii,https://mopsov.twse.com.tw/mops/web/ajax_t163sb05
下游,邊緣運算_工業AI,6166,凌華,2024,1,balance_sheet,非控制權益,53069,"53,069",sii,https://mopsov.twse.com.tw/mops/web/ajax_t163sb05
下游,邊緣運算_工業AI,6166,凌華,2024,1,balance_sheet,權益總計,5244540,"5,244,540",sii,https://mopsov.twse.com.tw/mops/web/ajax_t163sb05
下游,邊緣運算_工業AI,6166,凌華,2024,1,balance_sheet,待註銷股本股數（單位：股）,,--,sii,https://mopsov.twse.com.tw/mops/web/ajax_t163sb05
下游,邊緣運算_工業AI,6166,凌華,2024,1,balance_sheet,預收股款（權益項下）之約當發行股數（單位：股）,0,0,sii,https://mopsov.twse.com.tw/mops/web/ajax_t163sb05
下游,邊緣運算_工業AI,6166,凌華,2024,1,balance_sheet,母公司暨子公司所持有之母公司庫藏股股數（單位：股）,0,0,sii,https://mopsov.twse.com.tw/mops/web/ajax_t163sb05
下游,邊緣運算_工業AI,6166,凌華,2024,1,balance_sheet,每股參考淨值,23.87,23.87,sii,https://mopsov.twse.com.tw/mops/web/ajax_t163sb05
下游,邊緣運算_工業AI,2395,研華,2024,1,cash_flow,營業活動之淨現金流入（流出）,508615,"508,615",sii,https://mopsov.twse.com.tw/mops/web/ajax_t163sb20
下游,邊緣運算_工業AI,2395,研華,2024,1,cash_flow,投資活動之淨現金流入（流出）,890098,"890,098",sii,https://mopsov.twse.com.tw/mops/web/ajax_t163sb20
下游,邊緣運算_工業AI,2395,研華,2024,1,cash_flow,籌資活動之淨現金流入（流出）,169391,"169,391",sii,https://mopsov.twse.com.tw/mops/web/ajax_t163sb20
下游,邊緣運算_工業AI,2395,研華,2024,1,cash_flow,匯率變動對現金及約當現金之影響,226286,"226,286",sii,https://mopsov.twse.com.tw/mops/web/ajax_t163sb20
下游,邊緣運算_工業AI,2395,研華,2024,1,cash_flow,本期現金及約當現金增加（減少）數,1794390,"1,794,390",sii,https://mopsov.twse.com.tw/mops/web/ajax_t163sb20
下游,邊緣運算_工業AI,2395,研華,2024,1,cash_flow,期初現金及約當現金餘額,11011580,"11,011,580",sii,https://mopsov.twse.com.tw/mops/web/ajax_t163sb20
下游,邊緣運算_工業AI,2395,研華,2024,1,cash_flow,期末現金及約當現金餘額,12805970,"12,805,970",sii,https://mopsov.twse.com.tw/mops/web/ajax_t163sb20
下游,邊緣運算_工業AI,6166,凌華,2024,1,cash_flow,營業活動之淨現金流入（流出）,154050,"154,050",sii,https://mopsov.twse.com.tw/mops/web/ajax_t163sb20
下游,邊緣運算_工業AI,6166,凌華,2024,1,cash_flow,投資活動之淨現金流入（流出）,-47646,"-47,646",sii,https://mopsov.twse.com.tw/mops/web/ajax_t163sb20
下游,邊緣運算_工業AI,6166,凌華,2024,1,cash_flow,籌資活動之淨現金流入（流出）,-184277,"-184,277",sii,https://mopsov.twse.com.tw/mops/web/ajax_t163sb20
下游,邊緣運算_工業AI,6166,凌華,2024,1,cash_flow,匯率變動對現金及約當現金之影響,32777,"32,777",sii,https://mopsov.twse.com.tw/mops/web/ajax_t163sb20
下游,邊緣運算_工業AI,6166,凌華,2024,1,cash_flow,本期現金及約當現金增加（減少）數,-45096,"-45,096",sii,https://mopsov.twse.com.tw/mops/web/ajax_t163sb20
下游,邊緣運算_工業AI,6166,凌華,2024,1,cash_flow,期初現金及約當現金餘額,1841747,"1,841,747",sii,https://mopsov.twse.com.tw/mops/web/ajax_t163sb20
下游,邊緣運算_工業AI,6166,凌華,2024,1,cash_flow,期末現金及約當現金餘額,1796651,"1,796,651",sii,https://mopsov.twse.com.tw/mops/web/ajax_t163sb20
下游,邊緣運算_工業AI,2395,研華,2024,2,income_statement,營業收入,28523032,"28,523,032",sii,https://mopsov.twse.com.tw/mops/web/ajax_t163sb04
下游,邊緣運算_工業AI,2395,研華,2024,2,income_statement,營業成本,17044297,"17,044,297",sii,https://mopsov.twse.com.tw/mops/web/ajax_t163sb04
下游,邊緣運算_工業AI,2395,研華,2024,2,income_statement,原始認列生物資產及農產品之利益（損失）,,--,sii,https://mopsov.twse.com.tw/mops/web/ajax_t163sb04
下游,邊緣運算_工業AI,2395,研華,2024,2,income_statement,生物資產當期公允價值減出售成本之變動利益（損失）,,--,sii,https://mopsov.twse.com.tw/mops/web/ajax_t163sb04
下游,邊緣運算_工業AI,2395,研華,2024,2,income_statement,營業毛利（毛損）,11478735,"11,478,735",sii,https://mopsov.twse.com.tw/mops/web/ajax_t163sb04
下游,邊緣運算_工業AI,2395,研華,2024,2,income_statement,未實現銷貨（損）益,,--,sii,https://mopsov.twse.com.tw/mops/web/ajax_t163sb04
下游,邊緣運算_工業AI,2395,研華,2024,2,income_statement,已實現銷貨（損）益,,--,sii,https://mopsov.twse.com.tw/mops/web/ajax_t163sb04
下游,邊緣運算_工業AI,2395,研華,2024,2,income_statement,營業毛利（毛損）淨額,11478735,"11,478,735",sii,https://mopsov.twse.com.tw/mops/web/ajax_t163sb04
下游,邊緣運算_工業AI,2395,研華,2024,2,income_statement,營業費用,7395052,"7,395,052",sii,https://mopsov.twse.com.tw/mops/web/ajax_t163sb04
下游,邊緣運算_工業AI,2395,研華,2024,2,income_statement,其他收益及費損淨額,,--,sii,https://mopsov.twse.com.tw/mops/web/ajax_t163sb04
下游,邊緣運算_工業AI,2395,研華,2024,2,income_statement,營業利益（損失）,4083683,"4,083,683",sii,https://mopsov.twse.com.tw/mops/web/ajax_t163sb04
下游,邊緣運算_工業AI,2395,研華,2024,2,income_statement,營業外收入及支出,945668,"945,668",sii,https://mopsov.twse.com.tw/mops/web/ajax_t163sb04
下游,邊緣運算_工業AI,2395,研華,2024,2,income_statement,稅前淨利（淨損）,5029351,"5,029,351",sii,https://mopsov.twse.com.tw/mops/web/ajax_t163sb04
下游,邊緣運算_工業AI,2395,研華,2024,2,income_statement,所得稅費用（利益）,951231,"951,231",sii,https://mopsov.twse.com.tw/mops/web/ajax_t163sb04
下游,邊緣運算_工業AI,2395,研華,2024,2,income_statement,繼續營業單位本期淨利（淨損）,4078120,"4,078,120",sii,https://mopsov.twse.com.tw/mops/web/ajax_t163sb04
下游,邊緣運算_工業AI,2395,研華,2024,2,income_statement,停業單位損益,,--,sii,https://mopsov.twse.com.tw/mops/web/ajax_t163sb04
下游,邊緣運算_工業AI,2395,研華,2024,2,income_statement,合併前非屬共同控制股權損益,,--,sii,https://mopsov.twse.com.tw/mops/web/ajax_t163sb04
下游,邊緣運算_工業AI,2395,研華,2024,2,income_statement,本期淨利（淨損）,4078120,"4,078,120",sii,https://mopsov.twse.com.tw/mops/web/ajax_t163sb04
下游,邊緣運算_工業AI,2395,研華,2024,2,income_statement,其他綜合損益（淨額）,381029,"381,029",sii,https://mopsov.twse.com.tw/mops/web/ajax_t163sb04
下游,邊緣運算_工業AI,2395,研華,2024,2,income_statement,合併前非屬共同控制股權綜合損益淨額,,--,sii,https://mopsov.twse.com.tw/mops/web/ajax_t163sb04
下游,邊緣運算_工業AI,2395,研華,2024,2,income_statement,本期綜合損益總額,4459149,"4,459,149",sii,https://mopsov.twse.com.tw/mops/web/ajax_t163sb04
下游,邊緣運算_工業AI,2395,研華,2024,2,income_statement,淨利（淨損）歸屬於母公司業主,4106552,"4,106,552",sii,https://mopsov.twse.com.tw/mops/web/ajax_t163sb04
下游,邊緣運算_工業AI,2395,研華,2024,2,income_statement,淨利（淨損）歸屬於共同控制下前手權益,,--,sii,https://mopsov.twse.com.tw/mops/web/ajax_t163sb04
下游,邊緣運算_工業AI,2395,研華,2024,2,income_statement,淨利（淨損）歸屬於非控制權益,-28432,"-28,432",sii,https://mopsov.twse.com.tw/mops/web/ajax_t163sb04
下游,邊緣運算_工業AI,2395,研華,2024,2,income_statement,綜合損益總額歸屬於母公司業主,4498985,"4,498,985",sii,https://mopsov.twse.com.tw/mops/web/ajax_t163sb04
下游,邊緣運算_工業AI,2395,研華,2024,2,income_statement,綜合損益總額歸屬於共同控制下前手權益,,--,sii,https://mopsov.twse.com.tw/mops/web/ajax_t163sb04
下游,邊緣運算_工業AI,2395,研華,2024,2,income_statement,綜合損益總額歸屬於非控制權益,-39836,"-39,836",sii,https://mopsov.twse.com.tw/mops/web/ajax_t163sb04
下游,邊緣運算_工業AI,2395,研華,2024,2,income_statement,基本每股盈餘（元）,4.78,4.78,sii,https://mopsov.twse.com.tw/mops/web/ajax_t163sb04
下游,邊緣運算_工業AI,6166,凌華,2024,2,income_statement,營業收入,4575346,"4,575,346",sii,https://mopsov.twse.com.tw/mops/web/ajax_t163sb04
下游,邊緣運算_工業AI,6166,凌華,2024,2,income_statement,營業成本,2855189,"2,855,189",sii,https://mopsov.twse.com.tw/mops/web/ajax_t163sb04
下游,邊緣運算_工業AI,6166,凌華,2024,2,income_statement,原始認列生物資產及農產品之利益（損失）,,--,sii,https://mopsov.twse.com.tw/mops/web/ajax_t163sb04
下游,邊緣運算_工業AI,6166,凌華,2024,2,income_statement,生物資產當期公允價值減出售成本之變動利益（損失）,,--,sii,https://mopsov.twse.com.tw/mops/web/ajax_t163sb04
下游,邊緣運算_工業AI,6166,凌華,2024,2,income_statement,營業毛利（毛損）,1720157,"1,720,157",sii,https://mopsov.twse.com.tw/mops/web/ajax_t163sb04
下游,邊緣運算_工業AI,6166,凌華,2024,2,income_statement,未實現銷貨（損）益,1176,"1,176",sii,https://mopsov.twse.com.tw/mops/web/ajax_t163sb04
下游,邊緣運算_工業AI,6166,凌華,2024,2,income_statement,已實現銷貨（損）益,,--,sii,https://mopsov.twse.com.tw/mops/web/ajax_t163sb04
下游,邊緣運算_工業AI,6166,凌華,2024,2,income_statement,營業毛利（毛損）淨額,1718981,"1,718,981",sii,https://mopsov.twse.com.tw/mops/web/ajax_t163sb04
下游,邊緣運算_工業AI,6166,凌華,2024,2,income_statement,營業費用,1845087,"1,845,087",sii,https://mopsov.twse.com.tw/mops/web/ajax_t163sb04
下游,邊緣運算_工業AI,6166,凌華,2024,2,income_statement,其他收益及費損淨額,,--,sii,https://mopsov.twse.com.tw/mops/web/ajax_t163sb04
下游,邊緣運算_工業AI,6166,凌華,2024,2,income_statement,營業利益（損失）,-126106,"-126,106",sii,https://mopsov.twse.com.tw/mops/web/ajax_t163sb04
下游,邊緣運算_工業AI,6166,凌華,2024,2,income_statement,營業外收入及支出,-110574,"-110,574",sii,https://mopsov.twse.com.tw/mops/web/ajax_t163sb04
下游,邊緣運算_工業AI,6166,凌華,2024,2,income_statement,稅前淨利（淨損）,-236680,"-236,680",sii,https://mopsov.twse.com.tw/mops/web/ajax_t163sb04
下游,邊緣運算_工業AI,6166,凌華,2024,2,income_statement,所得稅費用（利益）,-45968,"-45,968",sii,https://mopsov.twse.com.tw/mops/web/ajax_t163sb04
下游,邊緣運算_工業AI,6166,凌華,2024,2,income_statement,繼續營業單位本期淨利（淨損）,-190712,"-190,712",sii,https://mopsov.twse.com.tw/mops/web/ajax_t163sb04
下游,邊緣運算_工業AI,6166,凌華,2024,2,income_statement,停業單位損益,,--,sii,https://mopsov.twse.com.tw/mops/web/ajax_t163sb04
下游,邊緣運算_工業AI,6166,凌華,2024,2,income_statement,合併前非屬共同控制股權損益,,--,sii,https://mopsov.twse.com.tw/mops/web/ajax_t163sb04
下游,邊緣運算_工業AI,6166,凌華,2024,2,income_statement,本期淨利（淨損）,-190712,"-190,712",sii,https://mopsov.twse.com.tw/mops/web/ajax_t163sb04
下游,邊緣運算_工業AI,6166,凌華,2024,2,income_statement,其他綜合損益（淨額）,114398,"114,398",sii,https://mopsov.twse.com.tw/mops/web/ajax_t163sb04
下游,邊緣運算_工業AI,6166,凌華,2024,2,income_statement,合併前非屬共同控制股權綜合損益淨額,,--,sii,https://mopsov.twse.com.tw/mops/web/ajax_t163sb04
下游,邊緣運算_工業AI,6166,凌華,2024,2,income_statement,本期綜合損益總額,-76314,"-76,314",sii,https://mopsov.twse.com.tw/mops/web/ajax_t163sb04
下游,邊緣運算_工業AI,6166,凌華,2024,2,income_statement,淨利（淨損）歸屬於母公司業主,-167126,"-167,126",sii,https://mopsov.twse.com.tw/mops/web/ajax_t163sb04
下游,邊緣運算_工業AI,6166,凌華,2024,2,income_statement,淨利（淨損）歸屬於共同控制下前手權益,,--,sii,https://mopsov.twse.com.tw/mops/web/ajax_t163sb04
下游,邊緣運算_工業AI,6166,凌華,2024,2,income_statement,淨利（淨損）歸屬於非控制權益,-23586,"-23,586",sii,https://mopsov.twse.com.tw/mops/web/ajax_t163sb04
下游,邊緣運算_工業AI,6166,凌華,2024,2,income_statement,綜合損益總額歸屬於母公司業主,-55702,"-55,702",sii,https://mopsov.twse.com.tw/mops/web/ajax_t163sb04
下游,邊緣運算_工業AI,6166,凌華,2024,2,income_statement,綜合損益總額歸屬於共同控制下前手權益,,--,sii,https://mopsov.twse.com.tw/mops/web/ajax_t163sb04
下游,邊緣運算_工業AI,6166,凌華,2024,2,income_statement,綜合損益總額歸屬於非控制權益,-20612,"-20,612",sii,https://mopsov.twse.com.tw/mops/web/ajax_t163sb04
下游,邊緣運算_工業AI,6166,凌華,2024,2,income_statement,基本每股盈餘（元）,-0.77,-0.77,sii,https://mopsov.twse.com.tw/mops/web/ajax_t163sb04
下游,邊緣運算_工業AI,2395,研華,2024,2,balance_sheet,流動資產,44660750,"44,660,750",sii,https://mopsov.twse.com.tw/mops/web/ajax_t163sb05
下游,邊緣運算_工業AI,2395,研華,2024,2,balance_sheet,非流動資產,27701590,"27,701,590",sii,https://mopsov.twse.com.tw/mops/web/ajax_t163sb05
下游,邊緣運算_工業AI,2395,研華,2024,2,balance_sheet,資產總計,72362340,"72,362,340",sii,https://mopsov.twse.com.tw/mops/web/ajax_t163sb05
下游,邊緣運算_工業AI,2395,研華,2024,2,balance_sheet,流動負債,22343606,"22,343,606",sii,https://mopsov.twse.com.tw/mops/web/ajax_t163sb05
下游,邊緣運算_工業AI,2395,研華,2024,2,balance_sheet,非流動負債,4030725,"4,030,725",sii,https://mopsov.twse.com.tw/mops/web/ajax_t163sb05
下游,邊緣運算_工業AI,2395,研華,2024,2,balance_sheet,負債總計,26374331,"26,374,331",sii,https://mopsov.twse.com.tw/mops/web/ajax_t163sb05
下游,邊緣運算_工業AI,2395,研華,2024,2,balance_sheet,股本,8631680,"8,631,680",sii,https://mopsov.twse.com.tw/mops/web/ajax_t163sb05
下游,邊緣運算_工業AI,2395,研華,2024,2,balance_sheet,權益─具證券性質之虛擬通貨,,--,sii,https://mopsov.twse.com.tw/mops/web/ajax_t163sb05
下游,邊緣運算_工業AI,2395,研華,2024,2,balance_sheet,資本公積,10772307,"10,772,307",sii,https://mopsov.twse.com.tw/mops/web/ajax_t163sb05
下游,邊緣運算_工業AI,2395,研華,2024,2,balance_sheet,保留盈餘,25265184,"25,265,184",sii,https://mopsov.twse.com.tw/mops/web/ajax_t163sb05
下游,邊緣運算_工業AI,2395,研華,2024,2,balance_sheet,其他權益,1198762,"1,198,762",sii,https://mopsov.twse.com.tw/mops/web/ajax_t163sb05
下游,邊緣運算_工業AI,2395,研華,2024,2,balance_sheet,庫藏股票,,--,sii,https://mopsov.twse.com.tw/mops/web/ajax_t163sb05
下游,邊緣運算_工業AI,2395,研華,2024,2,balance_sheet,歸屬於母公司業主之權益合計,45867933,"45,867,933",sii,https://mopsov.twse.com.tw/mops/web/ajax_t163sb05
下游,邊緣運算_工業AI,2395,研華,2024,2,balance_sheet,共同控制下前手權益,,--,sii,https://mopsov.twse.com.tw/mops/web/ajax_t163sb05
下游,邊緣運算_工業AI,2395,研華,2024,2,balance_sheet,合併前非屬共同控制股權,,--,sii,https://mopsov.twse.com.tw/mops/web/ajax_t163sb05
下游,邊緣運算_工業AI,2395,研華,2024,2,balance_sheet,非控制權益,120076,"120,076",sii,https://mopsov.twse.com.tw/mops/web/ajax_t163sb05
下游,邊緣運算_工業AI,2395,研華,2024,2,balance_sheet,權益總計,45988009,"45,988,009",sii,https://mopsov.twse.com.tw/mops/web/ajax_t163sb05
下游,邊緣運算_工業AI,2395,研華,2024,2,balance_sheet,待註銷股本股數（單位：股）,,--,sii,https://mopsov.twse.com.tw/mops/web/ajax_t163sb05
下游,邊緣運算_工業AI,2395,研華,2024,2,balance_sheet,預收股款（權益項下）之約當發行股數（單位：股）,2720400,"2,720,400",sii,https://mopsov.twse.com.tw/mops/web/ajax_t163sb05
下游,邊緣運算_工業AI,2395,研華,2024,2,balance_sheet,母公司暨子公司所持有之母公司庫藏股股數（單位：股）,0,0,sii,https://mopsov.twse.com.tw/mops/web/ajax_t163sb05
下游,邊緣運算_工業AI,2395,研華,2024,2,balance_sheet,每股參考淨值,53.14,53.14,sii,https://mopsov.twse.com.tw/mops/web/ajax_t163sb05
下游,邊緣運算_工業AI,6166,凌華,2024,2,balance_sheet,流動資產,6905038,"6,905,038",sii,https://mopsov.twse.com.tw/mops/web/ajax_t163sb05
下游,邊緣運算_工業AI,6166,凌華,2024,2,balance_sheet,非流動資產,5498292,"5,498,292",sii,https://mopsov.twse.com.tw/mops/web/ajax_t163sb05
下游,邊緣運算_工業AI,6166,凌華,2024,2,balance_sheet,資產總計,12403330,"12,403,330",sii,https://mopsov.twse.com.tw/mops/web/ajax_t163sb05
下游,邊緣運算_工業AI,6166,凌華,2024,2,balance_sheet,流動負債,4466943,"4,466,943",sii,https://mopsov.twse.com.tw/mops/web/ajax_t163sb05
下游,邊緣運算_工業AI,6166,凌華,2024,2,balance_sheet,非流動負債,2767171,"2,767,171",sii,https://mopsov.twse.com.tw/mops/web/ajax_t163sb05
下游,邊緣運算_工業AI,6166,凌華,2024,2,balance_sheet,負債總計,7234114,"7,234,114",sii,https://mopsov.twse.com.tw/mops/web/ajax_t163sb05
下游,邊緣運算_工業AI,6166,凌華,2024,2,balance_sheet,股本,2174973,"2,174,973",sii,https://mopsov.twse.com.tw/mops/web/ajax_t163sb05
下游,邊緣運算_工業AI,6166,凌華,2024,2,balance_sheet,權益─具證券性質之虛擬通貨,,--,sii,https://mopsov.twse.com.tw/mops/web/ajax_t163sb05
下游,邊緣運算_工業AI,6166,凌華,2024,2,balance_sheet,資本公積,1303830,"1,303,830",sii,https://mopsov.twse.com.tw/mops/web/ajax_t163sb05
下游,邊緣運算_工業AI,6166,凌華,2024,2,balance_sheet,保留盈餘,1692076,"1,692,076",sii,https://mopsov.twse.com.tw/mops/web/ajax_t163sb05
下游,邊緣運算_工業AI,6166,凌華,2024,2,balance_sheet,其他權益,-44729,"-44,729",sii,https://mopsov.twse.com.tw/mops/web/ajax_t163sb05
下游,邊緣運算_工業AI,6166,凌華,2024,2,balance_sheet,庫藏股票,,--,sii,https://mopsov.twse.com.tw/mops/web/ajax_t163sb05
下游,邊緣運算_工業AI,6166,凌華,2024,2,balance_sheet,歸屬於母公司業主之權益合計,5126150,"5,126,150",sii,https://mopsov.twse.com.tw/mops/web/ajax_t163sb05
下游,邊緣運算_工業AI,6166,凌華,2024,2,balance_sheet,共同控制下前手權益,,--,sii,https://mopsov.twse.com.tw/mops/web/ajax_t163sb05
下游,邊緣運算_工業AI,6166,凌華,2024,2,balance_sheet,合併前非屬共同控制股權,,--,sii,https://mopsov.twse.com.tw/mops/web/ajax_t163sb05
下游,邊緣運算_工業AI,6166,凌華,2024,2,balance_sheet,非控制權益,43066,"43,066",sii,https://mopsov.twse.com.tw/mops/web/ajax_t163sb05
下游,邊緣運算_工業AI,6166,凌華,2024,2,balance_sheet,權益總計,5169216,"5,169,216",sii,https://mopsov.twse.com.tw/mops/web/ajax_t163sb05
下游,邊緣運算_工業AI,6166,凌華,2024,2,balance_sheet,待註銷股本股數（單位：股）,,--,sii,https://mopsov.twse.com.tw/mops/web/ajax_t163sb05
下游,邊緣運算_工業AI,6166,凌華,2024,2,balance_sheet,預收股款（權益項下）之約當發行股數（單位：股）,0,0,sii,https://mopsov.twse.com.tw/mops/web/ajax_t163sb05
下游,邊緣運算_工業AI,6166,凌華,2024,2,balance_sheet,母公司暨子公司所持有之母公司庫藏股股數（單位：股）,0,0,sii,https://mopsov.twse.com.tw/mops/web/ajax_t163sb05
下游,邊緣運算_工業AI,6166,凌華,2024,2,balance_sheet,每股參考淨值,23.57,23.57,sii,https://mopsov.twse.com.tw/mops/web/ajax_t163sb05
下游,邊緣運算_工業AI,2395,研華,2024,2,cash_flow,營業活動之淨現金流入（流出）,1431439,"1,431,439",sii,https://mopsov.twse.com.tw/mops/web/ajax_t163sb20
下游,邊緣運算_工業AI,2395,研華,2024,2,cash_flow,投資活動之淨現金流入（流出）,634181,"634,181",sii,https://mopsov.twse.com.tw/mops/web/ajax_t163sb20
下游,邊緣運算_工業AI,2395,研華,2024,2,cash_flow,籌資活動之淨現金流入（流出）,535165,"535,165",sii,https://mopsov.twse.com.tw/mops/web/ajax_t163sb20
下游,邊緣運算_工業AI,2395,研華,2024,2,cash_flow,匯率變動對現金及約當現金之影響,278662,"278,662",sii,https://mopsov.twse.com.tw/mops/web/ajax_t163sb20
下游,邊緣運算_工業AI,2395,研華,2024,2,cash_flow,本期現金及約當現金增加（減少）數,2879447,"2,879,447",sii,https://mopsov.twse.com.tw/mops/web/ajax_t163sb20
下游,邊緣運算_工業AI,2395,研華,2024,2,cash_flow,期初現金及約當現金餘額,11011580,"11,011,580",sii,https://mopsov.twse.com.tw/mops/web/ajax_t163sb20
下游,邊緣運算_工業AI,2395,研華,2024,2,cash_flow,期末現金及約當現金餘額,13891027,"13,891,027",sii,https://mopsov.twse.com.tw/mops/web/ajax_t163sb20
下游,邊緣運算_工業AI,6166,凌華,2024,2,cash_flow,營業活動之淨現金流入（流出）,432355,"432,355",sii,https://mopsov.twse.com.tw/mops/web/ajax_t163sb20
下游,邊緣運算_工業AI,6166,凌華,2024,2,cash_flow,投資活動之淨現金流入（流出）,-101711,"-101,711",sii,https://mopsov.twse.com.tw/mops/web/ajax_t163sb20
下游,邊緣運算_工業AI,6166,凌華,2024,2,cash_flow,籌資活動之淨現金流入（流出）,-239904,"-239,904",sii,https://mopsov.twse.com.tw/mops/web/ajax_t163sb20
下游,邊緣運算_工業AI,6166,凌華,2024,2,cash_flow,匯率變動對現金及約當現金之影響,48483,"48,483",sii,https://mopsov.twse.com.tw/mops/web/ajax_t163sb20
下游,邊緣運算_工業AI,6166,凌華,2024,2,cash_flow,本期現金及約當現金增加（減少）數,139223,"139,223",sii,https://mopsov.twse.com.tw/mops/web/ajax_t163sb20
下游,邊緣運算_工業AI,6166,凌華,2024,2,cash_flow,期初現金及約當現金餘額,1841747,"1,841,747",sii,https://mopsov.twse.com.tw/mops/web/ajax_t163sb20
下游,邊緣運算_工業AI,6166,凌華,2024,2,cash_flow,期末現金及約當現金餘額,1980970,"1,980,970",sii,https://mopsov.twse.com.tw/mops/web/ajax_t163sb20
下游,邊緣運算_工業AI,2395,研華,2024,3,income_statement,營業收入,43472534,"43,472,534",sii,https://mopsov.twse.com.tw/mops/web/ajax_t163sb04
下游,邊緣運算_工業AI,2395,研華,2024,3,income_statement,營業成本,25820312,"25,820,312",sii,https://mopsov.twse.com.tw/mops/web/ajax_t163sb04
下游,邊緣運算_工業AI,2395,研華,2024,3,income_statement,原始認列生物資產及農產品之利益（損失）,,--,sii,https://mopsov.twse.com.tw/mops/web/ajax_t163sb04
下游,邊緣運算_工業AI,2395,研華,2024,3,income_statement,生物資產當期公允價值減出售成本之變動利益（損失）,,--,sii,https://mopsov.twse.com.tw/mops/web/ajax_t163sb04
下游,邊緣運算_工業AI,2395,研華,2024,3,income_statement,營業毛利（毛損）,17652222,"17,652,222",sii,https://mopsov.twse.com.tw/mops/web/ajax_t163sb04
下游,邊緣運算_工業AI,2395,研華,2024,3,income_statement,未實現銷貨（損）益,,--,sii,https://mopsov.twse.com.tw/mops/web/ajax_t163sb04
下游,邊緣運算_工業AI,2395,研華,2024,3,income_statement,已實現銷貨（損）益,,--,sii,https://mopsov.twse.com.tw/mops/web/ajax_t163sb04
下游,邊緣運算_工業AI,2395,研華,2024,3,income_statement,營業毛利（毛損）淨額,17652222,"17,652,222",sii,https://mopsov.twse.com.tw/mops/web/ajax_t163sb04
下游,邊緣運算_工業AI,2395,研華,2024,3,income_statement,營業費用,11116337,"11,116,337",sii,https://mopsov.twse.com.tw/mops/web/ajax_t163sb04
下游,邊緣運算_工業AI,2395,研華,2024,3,income_statement,其他收益及費損淨額,,--,sii,https://mopsov.twse.com.tw/mops/web/ajax_t163sb04
下游,邊緣運算_工業AI,2395,研華,2024,3,income_statement,營業利益（損失）,6535885,"6,535,885",sii,https://mopsov.twse.com.tw/mops/web/ajax_t163sb04
下游,邊緣運算_工業AI,2395,研華,2024,3,income_statement,營業外收入及支出,1236204,"1,236,204",sii,https://mopsov.twse.com.tw/mops/web/ajax_t163sb04
下游,邊緣運算_工業AI,2395,研華,2024,3,income_statement,稅前淨利（淨損）,7772089,"7,772,089",sii,https://mopsov.twse.com.tw/mops/web/ajax_t163sb04
下游,邊緣運算_工業AI,2395,研華,2024,3,income_statement,所得稅費用（利益）,1444179,"1,444,179",sii,https://mopsov.twse.com.tw/mops/web/ajax_t163sb04
下游,邊緣運算_工業AI,2395,研華,2024,3,income_statement,繼續營業單位本期淨利（淨損）,6327910,"6,327,910",sii,https://mopsov.twse.com.tw/mops/web/ajax_t163sb04
下游,邊緣運算_工業AI,2395,研華,2024,3,income_statement,停業單位損益,,--,sii,https://mopsov.twse.com.tw/mops/web/ajax_t163sb04
下游,邊緣運算_工業AI,2395,研華,2024,3,income_statement,合併前非屬共同控制股權損益,,--,sii,https://mopsov.twse.com.tw/mops/web/ajax_t163sb04
下游,邊緣運算_工業AI,2395,研華,2024,3,income_statement,本期淨利（淨損）,6327910,"6,327,910",sii,https://mopsov.twse.com.tw/mops/web/ajax_t163sb04
下游,邊緣運算_工業AI,2395,研華,2024,3,income_statement,其他綜合損益（淨額）,626763,"626,763",sii,https://mopsov.twse.com.tw/mops/web/ajax_t163sb04
下游,邊緣運算_工業AI,2395,研華,2024,3,income_statement,合併前非屬共同控制股權綜合損益淨額,,--,sii,https://mopsov.twse.com.tw/mops/web/ajax_t163sb04
下游,邊緣運算_工業AI,2395,研華,2024,3,income_statement,本期綜合損益總額,6954673,"6,954,673",sii,https://mopsov.twse.com.tw/mops/web/ajax_t163sb04
下游,邊緣運算_工業AI,2395,研華,2024,3,income_statement,淨利（淨損）歸屬於母公司業主,6364084,"6,364,084",sii,https://mopsov.twse.com.tw/mops/web/ajax_t163sb04
下游,邊緣運算_工業AI,2395,研華,2024,3,income_statement,淨利（淨損）歸屬於共同控制下前手權益,,--,sii,https://mopsov.twse.com.tw/mops/web/ajax_t163sb04
下游,邊緣運算_工業AI,2395,研華,2024,3,income_statement,淨利（淨損）歸屬於非控制權益,-36174,"-36,174",sii,https://mopsov.twse.com.tw/mops/web/ajax_t163sb04
下游,邊緣運算_工業AI,2395,研華,2024,3,income_statement,綜合損益總額歸屬於母公司業主,6997043,"6,997,043",sii,https://mopsov.twse.com.tw/mops/web/ajax_t163sb04
下游,邊緣運算_工業AI,2395,研華,2024,3,income_statement,綜合損益總額歸屬於共同控制下前手權益,,--,sii,https://mopsov.twse.com.tw/mops/web/ajax_t163sb04
下游,邊緣運算_工業AI,2395,研華,2024,3,income_statement,綜合損益總額歸屬於非控制權益,-42370,"-42,370",sii,https://mopsov.twse.com.tw/mops/web/ajax_t163sb04
下游,邊緣運算_工業AI,2395,研華,2024,3,income_statement,基本每股盈餘（元）,7.39,7.39,sii,https://mopsov.twse.com.tw/mops/web/ajax_t163sb04
下游,邊緣運算_工業AI,6166,凌華,2024,3,income_statement,營業收入,7008086,"7,008,086",sii,https://mopsov.twse.com.tw/mops/web/ajax_t163sb04
下游,邊緣運算_工業AI,6166,凌華,2024,3,income_statement,營業成本,4337969,"4,337,969",sii,https://mopsov.twse.com.tw/mops/web/ajax_t163sb04
下游,邊緣運算_工業AI,6166,凌華,2024,3,income_statement,原始認列生物資產及農產品之利益（損失）,,--,sii,https://mopsov.twse.com.tw/mops/web/ajax_t163sb04
下游,邊緣運算_工業AI,6166,凌華,2024,3,income_statement,生物資產當期公允價值減出售成本之變動利益（損失）,,--,sii,https://mopsov.twse.com.tw/mops/web/ajax_t163sb04
下游,邊緣運算_工業AI,6166,凌華,2024,3,income_statement,營業毛利（毛損）,2670117,"2,670,117",sii,https://mopsov.twse.com.tw/mops/web/ajax_t163sb04
下游,邊緣運算_工業AI,6166,凌華,2024,3,income_statement,未實現銷貨（損）益,955,955,sii,https://mopsov.twse.com.tw/mops/web/ajax_t163sb04
下游,邊緣運算_工業AI,6166,凌華,2024,3,income_statement,已實現銷貨（損）益,,--,sii,https://mopsov.twse.com.tw/mops/web/ajax_t163sb04
下游,邊緣運算_工業AI,6166,凌華,2024,3,income_statement,營業毛利（毛損）淨額,2669162,"2,669,162",sii,https://mopsov.twse.com.tw/mops/web/ajax_t163sb04
下游,邊緣運算_工業AI,6166,凌華,2024,3,income_statement,營業費用,2753281,"2,753,281",sii,https://mopsov.twse.com.tw/mops/web/ajax_t163sb04
下游,邊緣運算_工業AI,6166,凌華,2024,3,income_statement,其他收益及費損淨額,,--,sii,https://mopsov.twse.com.tw/mops/web/ajax_t163sb04
下游,邊緣運算_工業AI,6166,凌華,2024,3,income_statement,營業利益（損失）,-84119,"-84,119",sii,https://mopsov.twse.com.tw/mops/web/ajax_t163sb04
下游,邊緣運算_工業AI,6166,凌華,2024,3,income_statement,營業外收入及支出,-122158,"-122,158",sii,https://mopsov.twse.com.tw/mops/web/ajax_t163sb04
下游,邊緣運算_工業AI,6166,凌華,2024,3,income_statement,稅前淨利（淨損）,-206277,"-206,277",sii,https://mopsov.twse.com.tw/mops/web/ajax_t163sb04
下游,邊緣運算_工業AI,6166,凌華,2024,3,income_statement,所得稅費用（利益）,-45741,"-45,741",sii,https://mopsov.twse.com.tw/mops/web/ajax_t163sb04
下游,邊緣運算_工業AI,6166,凌華,2024,3,income_statement,繼續營業單位本期淨利（淨損）,-160536,"-160,536",sii,https://mopsov.twse.com.tw/mops/web/ajax_t163sb04
下游,邊緣運算_工業AI,6166,凌華,2024,3,income_statement,停業單位損益,,--,sii,https://mopsov.twse.com.tw/mops/web/ajax_t163sb04
下游,邊緣運算_工業AI,6166,凌華,2024,3,income_statement,合併前非屬共同控制股權損益,,--,sii,https://mopsov.twse.com.tw/mops/web/ajax_t163sb04
下游,邊緣運算_工業AI,6166,凌華,2024,3,income_statement,本期淨利（淨損）,-160536,"-160,536",sii,https://mopsov.twse.com.tw/mops/web/ajax_t163sb04
下游,邊緣運算_工業AI,6166,凌華,2024,3,income_statement,其他綜合損益（淨額）,88409,"88,409",sii,https://mopsov.twse.com.tw/mops/web/ajax_t163sb04
下游,邊緣運算_工業AI,6166,凌華,2024,3,income_statement,合併前非屬共同控制股權綜合損益淨額,,--,sii,https://mopsov.twse.com.tw/mops/web/ajax_t163sb04
下游,邊緣運算_工業AI,6166,凌華,2024,3,income_statement,本期綜合損益總額,-72127,"-72,127",sii,https://mopsov.twse.com.tw/mops/web/ajax_t163sb04
下游,邊緣運算_工業AI,6166,凌華,2024,3,income_statement,淨利（淨損）歸屬於母公司業主,-127554,"-127,554",sii,https://mopsov.twse.com.tw/mops/web/ajax_t163sb04
下游,邊緣運算_工業AI,6166,凌華,2024,3,income_statement,淨利（淨損）歸屬於共同控制下前手權益,,--,sii,https://mopsov.twse.com.tw/mops/web/ajax_t163sb04
下游,邊緣運算_工業AI,6166,凌華,2024,3,income_statement,淨利（淨損）歸屬於非控制權益,-32982,"-32,982",sii,https://mopsov.twse.com.tw/mops/web/ajax_t163sb04
下游,邊緣運算_工業AI,6166,凌華,2024,3,income_statement,綜合損益總額歸屬於母公司業主,-43911,"-43,911",sii,https://mopsov.twse.com.tw/mops/web/ajax_t163sb04
下游,邊緣運算_工業AI,6166,凌華,2024,3,income_statement,綜合損益總額歸屬於共同控制下前手權益,,--,sii,https://mopsov.twse.com.tw/mops/web/ajax_t163sb04
下游,邊緣運算_工業AI,6166,凌華,2024,3,income_statement,綜合損益總額歸屬於非控制權益,-28216,"-28,216",sii,https://mopsov.twse.com.tw/mops/web/ajax_t163sb04
下游,邊緣運算_工業AI,6166,凌華,2024,3,income_statement,基本每股盈餘（元）,-0.59,-0.59,sii,https://mopsov.twse.com.tw/mops/web/ajax_t163sb04
下游,邊緣運算_工業AI,2395,研華,2024,3,balance_sheet,流動資產,38104182,"38,104,182",sii,https://mopsov.twse.com.tw/mops/web/ajax_t163sb05
下游,邊緣運算_工業AI,2395,研華,2024,3,balance_sheet,非流動資產,28290549,"28,290,549",sii,https://mopsov.twse.com.tw/mops/web/ajax_t163sb05
下游,邊緣運算_工業AI,2395,研華,2024,3,balance_sheet,資產總計,66394731,"66,394,731",sii,https://mopsov.twse.com.tw/mops/web/ajax_t163sb05
下游,邊緣運算_工業AI,2395,研華,2024,3,balance_sheet,流動負債,13812084,"13,812,084",sii,https://mopsov.twse.com.tw/mops/web/ajax_t163sb05
下游,邊緣運算_工業AI,2395,研華,2024,3,balance_sheet,非流動負債,3958170,"3,958,170",sii,https://mopsov.twse.com.tw/mops/web/ajax_t163sb05
下游,邊緣運算_工業AI,2395,研華,2024,3,balance_sheet,負債總計,17770254,"17,770,254",sii,https://mopsov.twse.com.tw/mops/web/ajax_t163sb05
下游,邊緣運算_工業AI,2395,研華,2024,3,balance_sheet,股本,8634322,"8,634,322",sii,https://mopsov.twse.com.tw/mops/web/ajax_t163sb05
下游,邊緣運算_工業AI,2395,研華,2024,3,balance_sheet,權益─具證券性質之虛擬通貨,,--,sii,https://mopsov.twse.com.tw/mops/web/ajax_t163sb05
下游,邊緣運算_工業AI,2395,研華,2024,3,balance_sheet,資本公積,10928363,"10,928,363",sii,https://mopsov.twse.com.tw/mops/web/ajax_t163sb05
下游,邊緣運算_工業AI,2395,研華,2024,3,balance_sheet,保留盈餘,27499332,"27,499,332",sii,https://mopsov.twse.com.tw/mops/web/ajax_t163sb05
下游,邊緣運算_工業AI,2395,研華,2024,3,balance_sheet,其他權益,1439279,"1,439,279",sii,https://mopsov.twse.com.tw/mops/web/ajax_t163sb05
下游,邊緣運算_工業AI,2395,研華,2024,3,balance_sheet,庫藏股票,,--,sii,https://mopsov.twse.com.tw/mops/web/ajax_t163sb05
下游,邊緣運算_工業AI,2395,研華,2024,3,balance_sheet,歸屬於母公司業主之權益合計,48501296,"48,501,296",sii,https://mopsov.twse.com.tw/mops/web/ajax_t163sb05
下游,邊緣運算_工業AI,2395,研華,2024,3,balance_sheet,共同控制下前手權益,,--,sii,https://mopsov.twse.com.tw/mops/web/ajax_t163sb05
下游,邊緣運算_工業AI,2395,研華,2024,3,balance_sheet,合併前非屬共同控制股權,,--,sii,https://mopsov.twse.com.tw/mops/web/ajax_t163sb05
下游,邊緣運算_工業AI,2395,研華,2024,3,balance_sheet,非控制權益,123181,"123,181",sii,https://mopsov.twse.com.tw/mops/web/ajax_t163sb05
下游,邊緣運算_工業AI,2395,研華,2024,3,balance_sheet,權益總計,48624477,"48,624,477",sii,https://mopsov.twse.com.tw/mops/web/ajax_t163sb05
下游,邊緣運算_工業AI,2395,研華,2024,3,balance_sheet,待註銷股本股數（單位：股）,,--,sii,https://mopsov.twse.com.tw/mops/web/ajax_t163sb05
下游,邊緣運算_工業AI,2395,研華,2024,3,balance_sheet,預收股款（權益項下）之約當發行股數（單位：股）,264200,"264,200",sii,https://mopsov.twse.com.tw/mops/web/ajax_t163sb05
下游,邊緣運算_工業AI,2395,研華,2024,3,balance_sheet,母公司暨子公司所持有之母公司庫藏股股數（單位：股）,0,0,sii,https://mopsov.twse.com.tw/mops/web/ajax_t163sb05
下游,邊緣運算_工業AI,2395,研華,2024,3,balance_sheet,每股參考淨值,56.17,56.17,sii,https://mopsov.twse.com.tw/mops/web/ajax_t163sb05
下游,邊緣運算_工業AI,6166,凌華,2024,3,balance_sheet,流動資產,6747067,"6,747,067",sii,https://mopsov.twse.com.tw/mops/web/ajax_t163sb05
下游,邊緣運算_工業AI,6166,凌華,2024,3,balance_sheet,非流動資產,5394523,"5,394,523",sii,https://mopsov.twse.com.tw/mops/web/ajax_t163sb05
下游,邊緣運算_工業AI,6166,凌華,2024,3,balance_sheet,資產總計,12141590,"12,141,590",sii,https://mopsov.twse.com.tw/mops/web/ajax_t163sb05
下游,邊緣運算_工業AI,6166,凌華,2024,3,balance_sheet,流動負債,4380639,"4,380,639",sii,https://mopsov.twse.com.tw/mops/web/ajax_t163sb05
下游,邊緣運算_工業AI,6166,凌華,2024,3,balance_sheet,非流動負債,2603440,"2,603,440",sii,https://mopsov.twse.com.tw/mops/web/ajax_t163sb05
下游,邊緣運算_工業AI,6166,凌華,2024,3,balance_sheet,負債總計,6984079,"6,984,079",sii,https://mopsov.twse.com.tw/mops/web/ajax_t163sb05
下游,邊緣運算_工業AI,6166,凌華,2024,3,balance_sheet,股本,2174973,"2,174,973",sii,https://mopsov.twse.com.tw/mops/web/ajax_t163sb05
下游,邊緣運算_工業AI,6166,凌華,2024,3,balance_sheet,權益─具證券性質之虛擬通貨,,--,sii,https://mopsov.twse.com.tw/mops/web/ajax_t163sb05
下游,邊緣運算_工業AI,6166,凌華,2024,3,balance_sheet,資本公積,1287938,"1,287,938",sii,https://mopsov.twse.com.tw/mops/web/ajax_t163sb05
下游,邊緣運算_工業AI,6166,凌華,2024,3,balance_sheet,保留盈餘,1731648,"1,731,648",sii,https://mopsov.twse.com.tw/mops/web/ajax_t163sb05
下游,邊緣運算_工業AI,6166,凌華,2024,3,balance_sheet,其他權益,-72510,"-72,510",sii,https://mopsov.twse.com.tw/mops/web/ajax_t163sb05
下游,邊緣運算_工業AI,6166,凌華,2024,3,balance_sheet,庫藏股票,,--,sii,https://mopsov.twse.com.tw/mops/web/ajax_t163sb05
下游,邊緣運算_工業AI,6166,凌華,2024,3,balance_sheet,歸屬於母公司業主之權益合計,5122049,"5,122,049",sii,https://mopsov.twse.com.tw/mops/web/ajax_t163sb05
下游,邊緣運算_工業AI,6166,凌華,2024,3,balance_sheet,共同控制下前手權益,,--,sii,https://mopsov.twse.com.tw/mops/web/ajax_t163sb05
下游,邊緣運算_工業AI,6166,凌華,2024,3,balance_sheet,合併前非屬共同控制股權,,--,sii,https://mopsov.twse.com.tw/mops/web/ajax_t163sb05
下游,邊緣運算_工業AI,6166,凌華,2024,3,balance_sheet,非控制權益,35462,"35,462",sii,https://mopsov.twse.com.tw/mops/web/ajax_t163sb05
下游,邊緣運算_工業AI,6166,凌華,2024,3,balance_sheet,權益總計,5157511,"5,157,511",sii,https://mopsov.twse.com.tw/mops/web/ajax_t163sb05
下游,邊緣運算_工業AI,6166,凌華,2024,3,balance_sheet,待註銷股本股數（單位：股）,,--,sii,https://mopsov.twse.com.tw/mops/web/ajax_t163sb05
下游,邊緣運算_工業AI,6166,凌華,2024,3,balance_sheet,預收股款（權益項下）之約當發行股數（單位：股）,0,0,sii,https://mopsov.twse.com.tw/mops/web/ajax_t163sb05
下游,邊緣運算_工業AI,6166,凌華,2024,3,balance_sheet,母公司暨子公司所持有之母公司庫藏股股數（單位：股）,0,0,sii,https://mopsov.twse.com.tw/mops/web/ajax_t163sb05
下游,邊緣運算_工業AI,6166,凌華,2024,3,balance_sheet,每股參考淨值,23.55,23.55,sii,https://mopsov.twse.com.tw/mops/web/ajax_t163sb05
下游,邊緣運算_工業AI,2395,研華,2024,3,cash_flow,營業活動之淨現金流入（流出）,8698703,"8,698,703",sii,https://mopsov.twse.com.tw/mops/web/ajax_t163sb20
下游,邊緣運算_工業AI,2395,研華,2024,3,cash_flow,投資活動之淨現金流入（流出）,-80604,"-80,604",sii,https://mopsov.twse.com.tw/mops/web/ajax_t163sb20
下游,邊緣運算_工業AI,2395,研華,2024,3,cash_flow,籌資活動之淨現金流入（流出）,-7596692,"-7,596,692",sii,https://mopsov.twse.com.tw/mops/web/ajax_t163sb20
下游,邊緣運算_工業AI,2395,研華,2024,3,cash_flow,匯率變動對現金及約當現金之影響,321591,"321,591",sii,https://mopsov.twse.com.tw/mops/web/ajax_t163sb20
下游,邊緣運算_工業AI,2395,研華,2024,3,cash_flow,本期現金及約當現金增加（減少）數,1342998,"1,342,998",sii,https://mopsov.twse.com.tw/mops/web/ajax_t163sb20
下游,邊緣運算_工業AI,2395,研華,2024,3,cash_flow,期初現金及約當現金餘額,11011580,"11,011,580",sii,https://mopsov.twse.com.tw/mops/web/ajax_t163sb20
下游,邊緣運算_工業AI,2395,研華,2024,3,cash_flow,期末現金及約當現金餘額,12354578,"12,354,578",sii,https://mopsov.twse.com.tw/mops/web/ajax_t163sb20
下游,邊緣運算_工業AI,6166,凌華,2024,3,cash_flow,營業活動之淨現金流入（流出）,625031,"625,031",sii,https://mopsov.twse.com.tw/mops/web/ajax_t163sb20
下游,邊緣運算_工業AI,6166,凌華,2024,3,cash_flow,投資活動之淨現金流入（流出）,-187396,"-187,396",sii,https://mopsov.twse.com.tw/mops/web/ajax_t163sb20
下游,邊緣運算_工業AI,6166,凌華,2024,3,cash_flow,籌資活動之淨現金流入（流出）,-554169,"-554,169",sii,https://mopsov.twse.com.tw/mops/web/ajax_t163sb20
下游,邊緣運算_工業AI,6166,凌華,2024,3,cash_flow,匯率變動對現金及約當現金之影響,37329,"37,329",sii,https://mopsov.twse.com.tw/mops/web/ajax_t163sb20
下游,邊緣運算_工業AI,6166,凌華,2024,3,cash_flow,本期現金及約當現金增加（減少）數,-79205,"-79,205",sii,https://mopsov.twse.com.tw/mops/web/ajax_t163sb20
下游,邊緣運算_工業AI,6166,凌華,2024,3,cash_flow,期初現金及約當現金餘額,1841747,"1,841,747",sii,https://mopsov.twse.com.tw/mops/web/ajax_t163sb20
下游,邊緣運算_工業AI,6166,凌華,2024,3,cash_flow,期末現金及約當現金餘額,1762542,"1,762,542",sii,https://mopsov.twse.com.tw/mops/web/ajax_t163sb20
下游,邊緣運算_工業AI,2395,研華,2024,4,income_statement,營業收入,59786293,"59,786,293",sii,https://mopsov.twse.com.tw/mops/web/ajax_t163sb04
下游,邊緣運算_工業AI,2395,研華,2024,4,income_statement,營業成本,35410406,"35,410,406",sii,https://mopsov.twse.com.tw/mops/web/ajax_t163sb04
下游,邊緣運算_工業AI,2395,研華,2024,4,income_statement,原始認列生物資產及農產品之利益（損失）,,--,sii,https://mopsov.twse.com.tw/mops/web/ajax_t163sb04
下游,邊緣運算_工業AI,2395,研華,2024,4,income_statement,生物資產當期公允價值減出售成本之變動利益（損失）,,--,sii,https://mopsov.twse.com.tw/mops/web/ajax_t163sb04
下游,邊緣運算_工業AI,2395,研華,2024,4,income_statement,營業毛利（毛損）,24375887,"24,375,887",sii,https://mopsov.twse.com.tw/mops/web/ajax_t163sb04
下游,邊緣運算_工業AI,2395,研華,2024,4,income_statement,未實現銷貨（損）益,,--,sii,https://mopsov.twse.com.tw/mops/web/ajax_t163sb04
下游,邊緣運算_工業AI,2395,研華,2024,4,income_statement,已實現銷貨（損）益,,--,sii,https://mopsov.twse.com.tw/mops/web/ajax_t163sb04
下游,邊緣運算_工業AI,2395,研華,2024,4,income_statement,營業毛利（毛損）淨額,24375887,"24,375,887",sii,https://mopsov.twse.com.tw/mops/web/ajax_t163sb04
下游,邊緣運算_工業AI,2395,研華,2024,4,income_statement,營業費用,15326118,"15,326,118",sii,https://mopsov.twse.com.tw/mops/web/ajax_t163sb04
下游,邊緣運算_工業AI,2395,研華,2024,4,income_statement,其他收益及費損淨額,,--,sii,https://mopsov.twse.com.tw/mops/web/ajax_t163sb04
下游,邊緣運算_工業AI,2395,研華,2024,4,income_statement,營業利益（損失）,9049769,"9,049,769",sii,https://mopsov.twse.com.tw/mops/web/ajax_t163sb04
下游,邊緣運算_工業AI,2395,研華,2024,4,income_statement,營業外收入及支出,1924759,"1,924,759",sii,https://mopsov.twse.com.tw/mops/web/ajax_t163sb04
下游,邊緣運算_工業AI,2395,研華,2024,4,income_statement,稅前淨利（淨損）,10974528,"10,974,528",sii,https://mopsov.twse.com.tw/mops/web/ajax_t163sb04
下游,邊緣運算_工業AI,2395,研華,2024,4,income_statement,所得稅費用（利益）,2086310,"2,086,310",sii,https://mopsov.twse.com.tw/mops/web/ajax_t163sb04
下游,邊緣運算_工業AI,2395,研華,2024,4,income_statement,繼續營業單位本期淨利（淨損）,8888218,"8,888,218",sii,https://mopsov.twse.com.tw/mops/web/ajax_t163sb04
下游,邊緣運算_工業AI,2395,研華,2024,4,income_statement,停業單位損益,,--,sii,https://mopsov.twse.com.tw/mops/web/ajax_t163sb04
下游,邊緣運算_工業AI,2395,研華,2024,4,income_statement,合併前非屬共同控制股權損益,,--,sii,https://mopsov.twse.com.tw/mops/web/ajax_t163sb04
下游,邊緣運算_工業AI,2395,研華,2024,4,income_statement,本期淨利（淨損）,8888218,"8,888,218",sii,https://mopsov.twse.com.tw/mops/web/ajax_t163sb04
下游,邊緣運算_工業AI,2395,研華,2024,4,income_statement,其他綜合損益（淨額）,697714,"697,714",sii,https://mopsov.twse.com.tw/mops/web/ajax_t163sb04
下游,邊緣運算_工業AI,2395,研華,2024,4,income_statement,合併前非屬共同控制股權綜合損益淨額,,--,sii,https://mopsov.twse.com.tw/mops/web/ajax_t163sb04
下游,邊緣運算_工業AI,2395,研華,2024,4,income_statement,本期綜合損益總額,9585932,"9,585,932",sii,https://mopsov.twse.com.tw/mops/web/ajax_t163sb04
下游,邊緣運算_工業AI,2395,研華,2024,4,income_statement,淨利（淨損）歸屬於母公司業主,9005037,"9,005,037",sii,https://mopsov.twse.com.tw/mops/web/ajax_t163sb04
下游,邊緣運算_工業AI,2395,研華,2024,4,income_statement,淨利（淨損）歸屬於共同控制下前手權益,,--,sii,https://mopsov.twse.com.tw/mops/web/ajax_t163sb04
下游,邊緣運算_工業AI,2395,研華,2024,4,income_statement,淨利（淨損）歸屬於非控制權益,-116819,"-116,819",sii,https://mopsov.twse.com.tw/mops/web/ajax_t163sb04
下游,邊緣運算_工業AI,2395,研華,2024,4,income_statement,綜合損益總額歸屬於母公司業主,9718846,"9,718,846",sii,https://mopsov.twse.com.tw/mops/web/ajax_t163sb04
下游,邊緣運算_工業AI,2395,研華,2024,4,income_statement,綜合損益總額歸屬於共同控制下前手權益,,--,sii,https://mopsov.twse.com.tw/mops/web/ajax_t163sb04
下游,邊緣運算_工業AI,2395,研華,2024,4,income_statement,綜合損益總額歸屬於非控制權益,-132914,"-132,914",sii,https://mopsov.twse.com.tw/mops/web/ajax_t163sb04
下游,邊緣運算_工業AI,2395,研華,2024,4,income_statement,基本每股盈餘（元）,10.45,10.45,sii,https://mopsov.twse.com.tw/mops/web/ajax_t163sb04
下游,邊緣運算_工業AI,6166,凌華,2024,4,income_statement,營業收入,10078338,"10,078,338",sii,https://mopsov.twse.com.tw/mops/web/ajax_t163sb04
下游,邊緣運算_工業AI,6166,凌華,2024,4,income_statement,營業成本,6282611,"6,282,611",sii,https://mopsov.twse.com.tw/mops/web/ajax_t163sb04
下游,邊緣運算_工業AI,6166,凌華,2024,4,income_statement,原始認列生物資產及農產品之利益（損失）,,--,sii,https://mopsov.twse.com.tw/mops/web/ajax_t163sb04
下游,邊緣運算_工業AI,6166,凌華,2024,4,income_statement,生物資產當期公允價值減出售成本之變動利益（損失）,,--,sii,https://mopsov.twse.com.tw/mops/web/ajax_t163sb04
下游,邊緣運算_工業AI,6166,凌華,2024,4,income_statement,營業毛利（毛損）,3795727,"3,795,727",sii,https://mopsov.twse.com.tw/mops/web/ajax_t163sb04
下游,邊緣運算_工業AI,6166,凌華,2024,4,income_statement,未實現銷貨（損）益,763,763,sii,https://mopsov.twse.com.tw/mops/web/ajax_t163sb04
下游,邊緣運算_工業AI,6166,凌華,2024,4,income_statement,已實現銷貨（損）益,,--,sii,https://mopsov.twse.com.tw/mops/web/ajax_t163sb04
下游,邊緣運算_工業AI,6166,凌華,2024,4,income_statement,營業毛利（毛損）淨額,3794964,"3,794,964",sii,https://mopsov.twse.com.tw/mops/web/ajax_t163sb04
下游,邊緣運算_工業AI,6166,凌華,2024,4,income_statement,營業費用,3733281,"3,733,281",sii,https://mopsov.twse.com.tw/mops/web/ajax_t163sb04
下游,邊緣運算_工業AI,6166,凌華,2024,4,income_statement,其他收益及費損淨額,,--,sii,https://mopsov.twse.com.tw/mops/web/ajax_t163sb04
下游,邊緣運算_工業AI,6166,凌華,2024,4,income_statement,營業利益（損失）,61683,"61,683",sii,https://mopsov.twse.com.tw/mops/web/ajax_t163sb04
下游,邊緣運算_工業AI,6166,凌華,2024,4,income_statement,營業外收入及支出,-35873,"-35,873",sii,https://mopsov.twse.com.tw/mops/web/ajax_t163sb04
下游,邊緣運算_工業AI,6166,凌華,2024,4,income_statement,稅前淨利（淨損）,25810,"25,810",sii,https://mopsov.twse.com.tw/mops/web/ajax_t163sb04
下游,邊緣運算_工業AI,6166,凌華,2024,4,income_statement,所得稅費用（利益）,12295,"12,295",sii,https://mopsov.twse.com.tw/mops/web/ajax_t163sb04
下游,邊緣運算_工業AI,6166,凌華,2024,4,income_statement,繼續營業單位本期淨利（淨損）,13515,"13,515",sii,https://mopsov.twse.com.tw/mops/web/ajax_t163sb04
下游,邊緣運算_工業AI,6166,凌華,2024,4,income_statement,停業單位損益,,--,sii,https://mopsov.twse.com.tw/mops/web/ajax_t163sb04
下游,邊緣運算_工業AI,6166,凌華,2024,4,income_statement,合併前非屬共同控制股權損益,,--,sii,https://mopsov.twse.com.tw/mops/web/ajax_t163sb04
下游,邊緣運算_工業AI,6166,凌華,2024,4,income_statement,本期淨利（淨損）,13515,"13,515",sii,https://mopsov.twse.com.tw/mops/web/ajax_t163sb04
下游,邊緣運算_工業AI,6166,凌華,2024,4,income_statement,其他綜合損益（淨額）,162122,"162,122",sii,https://mopsov.twse.com.tw/mops/web/ajax_t163sb04
下游,邊緣運算_工業AI,6166,凌華,2024,4,income_statement,合併前非屬共同控制股權綜合損益淨額,,--,sii,https://mopsov.twse.com.tw/mops/web/ajax_t163sb04
下游,邊緣運算_工業AI,6166,凌華,2024,4,income_statement,本期綜合損益總額,175637,"175,637",sii,https://mopsov.twse.com.tw/mops/web/ajax_t163sb04
下游,邊緣運算_工業AI,6166,凌華,2024,4,income_statement,淨利（淨損）歸屬於母公司業主,50900,"50,900",sii,https://mopsov.twse.com.tw/mops/web/ajax_t163sb04
下游,邊緣運算_工業AI,6166,凌華,2024,4,income_statement,淨利（淨損）歸屬於共同控制下前手權益,,--,sii,https://mopsov.twse.com.tw/mops/web/ajax_t163sb04
下游,邊緣運算_工業AI,6166,凌華,2024,4,income_statement,淨利（淨損）歸屬於非控制權益,-37385,"-37,385",sii,https://mopsov.twse.com.tw/mops/web/ajax_t163sb04
下游,邊緣運算_工業AI,6166,凌華,2024,4,income_statement,綜合損益總額歸屬於母公司業主,209048,"209,048",sii,https://mopsov.twse.com.tw/mops/web/ajax_t163sb04
下游,邊緣運算_工業AI,6166,凌華,2024,4,income_statement,綜合損益總額歸屬於共同控制下前手權益,,--,sii,https://mopsov.twse.com.tw/mops/web/ajax_t163sb04
下游,邊緣運算_工業AI,6166,凌華,2024,4,income_statement,綜合損益總額歸屬於非控制權益,-33411,"-33,411",sii,https://mopsov.twse.com.tw/mops/web/ajax_t163sb04
下游,邊緣運算_工業AI,6166,凌華,2024,4,income_statement,基本每股盈餘（元）,0.23,0.23,sii,https://mopsov.twse.com.tw/mops/web/ajax_t163sb04
下游,邊緣運算_工業AI,2395,研華,2024,4,balance_sheet,流動資產,42199809,"42,199,809",sii,https://mopsov.twse.com.tw/mops/web/ajax_t163sb05
下游,邊緣運算_工業AI,2395,研華,2024,4,balance_sheet,非流動資產,29542141,"29,542,141",sii,https://mopsov.twse.com.tw/mops/web/ajax_t163sb05
下游,邊緣運算_工業AI,2395,研華,2024,4,balance_sheet,資產總計,71741950,"71,741,950",sii,https://mopsov.twse.com.tw/mops/web/ajax_t163sb05
下游,邊緣運算_工業AI,2395,研華,2024,4,balance_sheet,流動負債,15569474,"15,569,474",sii,https://mopsov.twse.com.tw/mops/web/ajax_t163sb05
下游,邊緣運算_工業AI,2395,研華,2024,4,balance_sheet,非流動負債,4375614,"4,375,614",sii,https://mopsov.twse.com.tw/mops/web/ajax_t163sb05
下游,邊緣運算_工業AI,2395,研華,2024,4,balance_sheet,負債總計,19945088,"19,945,088",sii,https://mopsov.twse.com.tw/mops/web/ajax_t163sb05
下游,邊緣運算_工業AI,2395,研華,2024,4,balance_sheet,股本,8635894,"8,635,894",sii,https://mopsov.twse.com.tw/mops/web/ajax_t163sb05
下游,邊緣運算_工業AI,2395,研華,2024,4,balance_sheet,權益─具證券性質之虛擬通貨,,--,sii,https://mopsov.twse.com.tw/mops/web/ajax_t163sb05
下游,邊緣運算_工業AI,2395,研華,2024,4,balance_sheet,資本公積,11156003,"11,156,003",sii,https://mopsov.twse.com.tw/mops/web/ajax_t163sb05
下游,邊緣運算_工業AI,2395,研華,2024,4,balance_sheet,保留盈餘,30125660,"30,125,660",sii,https://mopsov.twse.com.tw/mops/web/ajax_t163sb05
下游,邊緣運算_工業AI,2395,研華,2024,4,balance_sheet,其他權益,1510795,"1,510,795",sii,https://mopsov.twse.com.tw/mops/web/ajax_t163sb05
下游,邊緣運算_工業AI,2395,研華,2024,4,balance_sheet,庫藏股票,,--,sii,https://mopsov.twse.com.tw/mops/web/ajax_t163sb05
下游,邊緣運算_工業AI,2395,研華,2024,4,balance_sheet,歸屬於母公司業主之權益合計,51428352,"51,428,352",sii,https://mopsov.twse.com.tw/mops/web/ajax_t163sb05
下游,邊緣運算_工業AI,2395,研華,2024,4,balance_sheet,共同控制下前手權益,,--,sii,https://mopsov.twse.com.tw/mops/web/ajax_t163sb05
下游,邊緣運算_工業AI,2395,研華,2024,4,balance_sheet,合併前非屬共同控制股權,,--,sii,https://mopsov.twse.com.tw/mops/web/ajax_t163sb05
下游,邊緣運算_工業AI,2395,研華,2024,4,balance_sheet,非控制權益,368510,"368,510",sii,https://mopsov.twse.com.tw/mops/web/ajax_t163sb05
下游,邊緣運算_工業AI,2395,研華,2024,4,balance_sheet,權益總計,51796862,"51,796,862",sii,https://mopsov.twse.com.tw/mops/web/ajax_t163sb05
下游,邊緣運算_工業AI,2395,研華,2024,4,balance_sheet,待註銷股本股數（單位：股）,,--,sii,https://mopsov.twse.com.tw/mops/web/ajax_t163sb05
下游,邊緣運算_工業AI,2395,研華,2024,4,balance_sheet,預收股款（權益項下）之約當發行股數（單位：股）,157200,"157,200",sii,https://mopsov.twse.com.tw/mops/web/ajax_t163sb05
下游,邊緣運算_工業AI,2395,研華,2024,4,balance_sheet,母公司暨子公司所持有之母公司庫藏股股數（單位：股）,0,0,sii,https://mopsov.twse.com.tw/mops/web/ajax_t163sb05
下游,邊緣運算_工業AI,2395,研華,2024,4,balance_sheet,每股參考淨值,59.55,59.55,sii,https://mopsov.twse.com.tw/mops/web/ajax_t163sb05
下游,邊緣運算_工業AI,6166,凌華,2024,4,balance_sheet,流動資產,7234172,"7,234,172",sii,https://mopsov.twse.com.tw/mops/web/ajax_t163sb05
下游,邊緣運算_工業AI,6166,凌華,2024,4,balance_sheet,非流動資產,5413560,"5,413,560",sii,https://mopsov.twse.com.tw/mops/web/ajax_t163sb05
下游,邊緣運算_工業AI,6166,凌華,2024,4,balance_sheet,資產總計,12647732,"12,647,732",sii,https://mopsov.twse.com.tw/mops/web/ajax_t163sb05
下游,邊緣運算_工業AI,6166,凌華,2024,4,balance_sheet,流動負債,4515747,"4,515,747",sii,https://mopsov.twse.com.tw/mops/web/ajax_t163sb05
下游,邊緣運算_工業AI,6166,凌華,2024,4,balance_sheet,非流動負債,2724541,"2,724,541",sii,https://mopsov.twse.com.tw/mops/web/ajax_t163sb05
下游,邊緣運算_工業AI,6166,凌華,2024,4,balance_sheet,負債總計,7240288,"7,240,288",sii,https://mopsov.twse.com.tw/mops/web/ajax_t163sb05
下游,邊緣運算_工業AI,6166,凌華,2024,4,balance_sheet,股本,2174973,"2,174,973",sii,https://mopsov.twse.com.tw/mops/web/ajax_t163sb05
下游,邊緣運算_工業AI,6166,凌華,2024,4,balance_sheet,權益─具證券性質之虛擬通貨,,--,sii,https://mopsov.twse.com.tw/mops/web/ajax_t163sb05
下游,邊緣運算_工業AI,6166,凌華,2024,4,balance_sheet,資本公積,1290107,"1,290,107",sii,https://mopsov.twse.com.tw/mops/web/ajax_t163sb05
下游,邊緣運算_工業AI,6166,凌華,2024,4,balance_sheet,保留盈餘,1920905,"1,920,905",sii,https://mopsov.twse.com.tw/mops/web/ajax_t163sb05
下游,邊緣運算_工業AI,6166,凌華,2024,4,balance_sheet,其他權益,-8808,"-8,808",sii,https://mopsov.twse.com.tw/mops/web/ajax_t163sb05
下游,邊緣運算_工業AI,6166,凌華,2024,4,balance_sheet,庫藏股票,,--,sii,https://mopsov.twse.com.tw/mops/web/ajax_t163sb05
下游,邊緣運算_工業AI,6166,凌華,2024,4,balance_sheet,歸屬於母公司業主之權益合計,5377177,"5,377,177",sii,https://mopsov.twse.com.tw/mops/web/ajax_t163sb05
下游,邊緣運算_工業AI,6166,凌華,2024,4,balance_sheet,共同控制下前手權益,,--,sii,https://mopsov.twse.com.tw/mops/web/ajax_t163sb05
下游,邊緣運算_工業AI,6166,凌華,2024,4,balance_sheet,合併前非屬共同控制股權,,--,sii,https://mopsov.twse.com.tw/mops/web/ajax_t163sb05
下游,邊緣運算_工業AI,6166,凌華,2024,4,balance_sheet,非控制權益,30267,"30,267",sii,https://mopsov.twse.com.tw/mops/web/ajax_t163sb05
下游,邊緣運算_工業AI,6166,凌華,2024,4,balance_sheet,權益總計,5407444,"5,407,444",sii,https://mopsov.twse.com.tw/mops/web/ajax_t163sb05
下游,邊緣運算_工業AI,6166,凌華,2024,4,balance_sheet,待註銷股本股數（單位：股）,,--,sii,https://mopsov.twse.com.tw/mops/web/ajax_t163sb05
下游,邊緣運算_工業AI,6166,凌華,2024,4,balance_sheet,預收股款（權益項下）之約當發行股數（單位：股）,0,0,sii,https://mopsov.twse.com.tw/mops/web/ajax_t163sb05
下游,邊緣運算_工業AI,6166,凌華,2024,4,balance_sheet,母公司暨子公司所持有之母公司庫藏股股數（單位：股）,0,0,sii,https://mopsov.twse.com.tw/mops/web/ajax_t163sb05
下游,邊緣運算_工業AI,6166,凌華,2024,4,balance_sheet,每股參考淨值,24.72,24.72,sii,https://mopsov.twse.com.tw/mops/web/ajax_t163sb05
下游,邊緣運算_工業AI,2395,研華,2024,4,cash_flow,營業活動之淨現金流入（流出）,10510851,"10,510,851",sii,https://mopsov.twse.com.tw/mops/web/ajax_t163sb20
下游,邊緣運算_工業AI,2395,研華,2024,4,cash_flow,投資活動之淨現金流入（流出）,-469843,"-469,843",sii,https://mopsov.twse.com.tw/mops/web/ajax_t163sb20
下游,邊緣運算_工業AI,2395,研華,2024,4,cash_flow,籌資活動之淨現金流入（流出）,-7792187,"-7,792,187",sii,https://mopsov.twse.com.tw/mops/web/ajax_t163sb20
下游,邊緣運算_工業AI,2395,研華,2024,4,cash_flow,匯率變動對現金及約當現金之影響,356644,"356,644",sii,https://mopsov.twse.com.tw/mops/web/ajax_t163sb20
下游,邊緣運算_工業AI,2395,研華,2024,4,cash_flow,本期現金及約當現金增加（減少）數,2605465,"2,605,465",sii,https://mopsov.twse.com.tw/mops/web/ajax_t163sb20
下游,邊緣運算_工業AI,2395,研華,2024,4,cash_flow,期初現金及約當現金餘額,11011580,"11,011,580",sii,https://mopsov.twse.com.tw/mops/web/ajax_t163sb20
下游,邊緣運算_工業AI,2395,研華,2024,4,cash_flow,期末現金及約當現金餘額,13617045,"13,617,045",sii,https://mopsov.twse.com.tw/mops/web/ajax_t163sb20
下游,邊緣運算_工業AI,6166,凌華,2024,4,cash_flow,營業活動之淨現金流入（流出）,1168369,"1,168,369",sii,https://mopsov.twse.com.tw/mops/web/ajax_t163sb20
下游,邊緣運算_工業AI,6166,凌華,2024,4,cash_flow,投資活動之淨現金流入（流出）,-133600,"-133,600",sii,https://mopsov.twse.com.tw/mops/web/ajax_t163sb20
下游,邊緣運算_工業AI,6166,凌華,2024,4,cash_flow,籌資活動之淨現金流入（流出）,-880719,"-880,719",sii,https://mopsov.twse.com.tw/mops/web/ajax_t163sb20
下游,邊緣運算_工業AI,6166,凌華,2024,4,cash_flow,匯率變動對現金及約當現金之影響,59677,"59,677",sii,https://mopsov.twse.com.tw/mops/web/ajax_t163sb20
下游,邊緣運算_工業AI,6166,凌華,2024,4,cash_flow,本期現金及約當現金增加（減少）數,213727,"213,727",sii,https://mopsov.twse.com.tw/mops/web/ajax_t163sb20
下游,邊緣運算_工業AI,6166,凌華,2024,4,cash_flow,期初現金及約當現金餘額,1841747,"1,841,747",sii,https://mopsov.twse.com.tw/mops/web/ajax_t163sb20
下游,邊緣運算_工業AI,6166,凌華,2024,4,cash_flow,期末現金及約當現金餘額,2055474,"2,055,474",sii,https://mopsov.twse.com.tw/mops/web/ajax_t163sb20
下游,邊緣運算_工業AI,2395,研華,2025,1,income_statement,營業收入,17351246,"17,351,246",sii,https://mopsov.twse.com.tw/mops/web/ajax_t163sb04
下游,邊緣運算_工業AI,2395,研華,2025,1,income_statement,營業成本,10323326,"10,323,326",sii,https://mopsov.twse.com.tw/mops/web/ajax_t163sb04
下游,邊緣運算_工業AI,2395,研華,2025,1,income_statement,原始認列生物資產及農產品之利益（損失）,,--,sii,https://mopsov.twse.com.tw/mops/web/ajax_t163sb04
下游,邊緣運算_工業AI,2395,研華,2025,1,income_statement,生物資產當期公允價值減出售成本之變動利益（損失）,,--,sii,https://mopsov.twse.com.tw/mops/web/ajax_t163sb04
下游,邊緣運算_工業AI,2395,研華,2025,1,income_statement,營業毛利（毛損）,7027920,"7,027,920",sii,https://mopsov.twse.com.tw/mops/web/ajax_t163sb04
下游,邊緣運算_工業AI,2395,研華,2025,1,income_statement,未實現銷貨（損）益,,--,sii,https://mopsov.twse.com.tw/mops/web/ajax_t163sb04
下游,邊緣運算_工業AI,2395,研華,2025,1,income_statement,已實現銷貨（損）益,,--,sii,https://mopsov.twse.com.tw/mops/web/ajax_t163sb04
下游,邊緣運算_工業AI,2395,研華,2025,1,income_statement,營業毛利（毛損）淨額,7027920,"7,027,920",sii,https://mopsov.twse.com.tw/mops/web/ajax_t163sb04
下游,邊緣運算_工業AI,2395,研華,2025,1,income_statement,營業費用,4103664,"4,103,664",sii,https://mopsov.twse.com.tw/mops/web/ajax_t163sb04
下游,邊緣運算_工業AI,2395,研華,2025,1,income_statement,其他收益及費損淨額,,--,sii,https://mopsov.twse.com.tw/mops/web/ajax_t163sb04
下游,邊緣運算_工業AI,2395,研華,2025,1,income_statement,營業利益（損失）,2924256,"2,924,256",sii,https://mopsov.twse.com.tw/mops/web/ajax_t163sb04
下游,邊緣運算_工業AI,2395,研華,2025,1,income_statement,營業外收入及支出,315639,"315,639",sii,https://mopsov.twse.com.tw/mops/web/ajax_t163sb04
下游,邊緣運算_工業AI,2395,研華,2025,1,income_statement,稅前淨利（淨損）,3239895,"3,239,895",sii,https://mopsov.twse.com.tw/mops/web/ajax_t163sb04
下游,邊緣運算_工業AI,2395,研華,2025,1,income_statement,所得稅費用（利益）,548576,"548,576",sii,https://mopsov.twse.com.tw/mops/web/ajax_t163sb04
下游,邊緣運算_工業AI,2395,研華,2025,1,income_statement,繼續營業單位本期淨利（淨損）,2691319,"2,691,319",sii,https://mopsov.twse.com.tw/mops/web/ajax_t163sb04
下游,邊緣運算_工業AI,2395,研華,2025,1,income_statement,停業單位損益,,--,sii,https://mopsov.twse.com.tw/mops/web/ajax_t163sb04
下游,邊緣運算_工業AI,2395,研華,2025,1,income_statement,合併前非屬共同控制股權損益,,--,sii,https://mopsov.twse.com.tw/mops/web/ajax_t163sb04
下游,邊緣運算_工業AI,2395,研華,2025,1,income_statement,本期淨利（淨損）,2691319,"2,691,319",sii,https://mopsov.twse.com.tw/mops/web/ajax_t163sb04
下游,邊緣運算_工業AI,2395,研華,2025,1,income_statement,其他綜合損益（淨額）,456496,"456,496",sii,https://mopsov.twse.com.tw/mops/web/ajax_t163sb04
下游,邊緣運算_工業AI,2395,研華,2025,1,income_statement,合併前非屬共同控制股權綜合損益淨額,,--,sii,https://mopsov.twse.com.tw/mops/web/ajax_t163sb04
下游,邊緣運算_工業AI,2395,研華,2025,1,income_statement,本期綜合損益總額,3147815,"3,147,815",sii,https://mopsov.twse.com.tw/mops/web/ajax_t163sb04
下游,邊緣運算_工業AI,2395,研華,2025,1,income_statement,淨利（淨損）歸屬於母公司業主,2734000,"2,734,000",sii,https://mopsov.twse.com.tw/mops/web/ajax_t163sb04
下游,邊緣運算_工業AI,2395,研華,2025,1,income_statement,淨利（淨損）歸屬於共同控制下前手權益,,--,sii,https://mopsov.twse.com.tw/mops/web/ajax_t163sb04
下游,邊緣運算_工業AI,2395,研華,2025,1,income_statement,淨利（淨損）歸屬於非控制權益,-42681,"-42,681",sii,https://mopsov.twse.com.tw/mops/web/ajax_t163sb04
下游,邊緣運算_工業AI,2395,研華,2025,1,income_statement,綜合損益總額歸屬於母公司業主,3179444,"3,179,444",sii,https://mopsov.twse.com.tw/mops/web/ajax_t163sb04
下游,邊緣運算_工業AI,2395,研華,2025,1,income_statement,綜合損益總額歸屬於共同控制下前手權益,,--,sii,https://mopsov.twse.com.tw/mops/web/ajax_t163sb04
下游,邊緣運算_工業AI,2395,研華,2025,1,income_statement,綜合損益總額歸屬於非控制權益,-31629,"-31,629",sii,https://mopsov.twse.com.tw/mops/web/ajax_t163sb04
下游,邊緣運算_工業AI,2395,研華,2025,1,income_statement,基本每股盈餘（元）,3.17,3.17,sii,https://mopsov.twse.com.tw/mops/web/ajax_t163sb04
下游,邊緣運算_工業AI,6166,凌華,2025,1,income_statement,營業收入,2675187,"2,675,187",sii,https://mopsov.twse.com.tw/mops/web/ajax_t163sb04
下游,邊緣運算_工業AI,6166,凌華,2025,1,income_statement,營業成本,1752586,"1,752,586",sii,https://mopsov.twse.com.tw/mops/web/ajax_t163sb04
下游,邊緣運算_工業AI,6166,凌華,2025,1,income_statement,原始認列生物資產及農產品之利益（損失）,,--,sii,https://mopsov.twse.com.tw/mops/web/ajax_t163sb04
下游,邊緣運算_工業AI,6166,凌華,2025,1,income_statement,生物資產當期公允價值減出售成本之變動利益（損失）,,--,sii,https://mopsov.twse.com.tw/mops/web/ajax_t163sb04
下游,邊緣運算_工業AI,6166,凌華,2025,1,income_statement,營業毛利（毛損）,922601,"922,601",sii,https://mopsov.twse.com.tw/mops/web/ajax_t163sb04
下游,邊緣運算_工業AI,6166,凌華,2025,1,income_statement,未實現銷貨（損）益,0,0,sii,https://mopsov.twse.com.tw/mops/web/ajax_t163sb04
下游,邊緣運算_工業AI,6166,凌華,2025,1,income_statement,已實現銷貨（損）益,763,763,sii,https://mopsov.twse.com.tw/mops/web/ajax_t163sb04
下游,邊緣運算_工業AI,6166,凌華,2025,1,income_statement,營業毛利（毛損）淨額,923364,"923,364",sii,https://mopsov.twse.com.tw/mops/web/ajax_t163sb04
下游,邊緣運算_工業AI,6166,凌華,2025,1,income_statement,營業費用,893635,"893,635",sii,https://mopsov.twse.com.tw/mops/web/ajax_t163sb04
下游,邊緣運算_工業AI,6166,凌華,2025,1,income_statement,其他收益及費損淨額,,--,sii,https://mopsov.twse.com.tw/mops/web/ajax_t163sb04
下游,邊緣運算_工業AI,6166,凌華,2025,1,income_statement,營業利益（損失）,29729,"29,729",sii,https://mopsov.twse.com.tw/mops/web/ajax_t163sb04
下游,邊緣運算_工業AI,6166,凌華,2025,1,income_statement,營業外收入及支出,56285,"56,285",sii,https://mopsov.twse.com.tw/mops/web/ajax_t163sb04
下游,邊緣運算_工業AI,6166,凌華,2025,1,income_statement,稅前淨利（淨損）,86014,"86,014",sii,https://mopsov.twse.com.tw/mops/web/ajax_t163sb04
下游,邊緣運算_工業AI,6166,凌華,2025,1,income_statement,所得稅費用（利益）,25598,"25,598",sii,https://mopsov.twse.com.tw/mops/web/ajax_t163sb04
下游,邊緣運算_工業AI,6166,凌華,2025,1,income_statement,繼續營業單位本期淨利（淨損）,60416,"60,416",sii,https://mopsov.twse.com.tw/mops/web/ajax_t163sb04
下游,邊緣運算_工業AI,6166,凌華,2025,1,income_statement,停業單位損益,,--,sii,https://mopsov.twse.com.tw/mops/web/ajax_t163sb04
下游,邊緣運算_工業AI,6166,凌華,2025,1,income_statement,合併前非屬共同控制股權損益,,--,sii,https://mopsov.twse.com.tw/mops/web/ajax_t163sb04
下游,邊緣運算_工業AI,6166,凌華,2025,1,income_statement,本期淨利（淨損）,60416,"60,416",sii,https://mopsov.twse.com.tw/mops/web/ajax_t163sb04
下游,邊緣運算_工業AI,6166,凌華,2025,1,income_statement,其他綜合損益（淨額）,16697,"16,697",sii,https://mopsov.twse.com.tw/mops/web/ajax_t163sb04
下游,邊緣運算_工業AI,6166,凌華,2025,1,income_statement,合併前非屬共同控制股權綜合損益淨額,,--,sii,https://mopsov.twse.com.tw/mops/web/ajax_t163sb04
下游,邊緣運算_工業AI,6166,凌華,2025,1,income_statement,本期綜合損益總額,77113,"77,113",sii,https://mopsov.twse.com.tw/mops/web/ajax_t163sb04
下游,邊緣運算_工業AI,6166,凌華,2025,1,income_statement,淨利（淨損）歸屬於母公司業主,67797,"67,797",sii,https://mopsov.twse.com.tw/mops/web/ajax_t163sb04
下游,邊緣運算_工業AI,6166,凌華,2025,1,income_statement,淨利（淨損）歸屬於共同控制下前手權益,,--,sii,https://mopsov.twse.com.tw/mops/web/ajax_t163sb04
下游,邊緣運算_工業AI,6166,凌華,2025,1,income_statement,淨利（淨損）歸屬於非控制權益,-7381,"-7,381",sii,https://mopsov.twse.com.tw/mops/web/ajax_t163sb04
下游,邊緣運算_工業AI,6166,凌華,2025,1,income_statement,綜合損益總額歸屬於母公司業主,83571,"83,571",sii,https://mopsov.twse.com.tw/mops/web/ajax_t163sb04
下游,邊緣運算_工業AI,6166,凌華,2025,1,income_statement,綜合損益總額歸屬於共同控制下前手權益,,--,sii,https://mopsov.twse.com.tw/mops/web/ajax_t163sb04
下游,邊緣運算_工業AI,6166,凌華,2025,1,income_statement,綜合損益總額歸屬於非控制權益,-6458,"-6,458",sii,https://mopsov.twse.com.tw/mops/web/ajax_t163sb04
下游,邊緣運算_工業AI,6166,凌華,2025,1,income_statement,基本每股盈餘（元）,0.31,0.31,sii,https://mopsov.twse.com.tw/mops/web/ajax_t163sb04
下游,邊緣運算_工業AI,2395,研華,2025,1,balance_sheet,流動資產,43893999,"43,893,999",sii,https://mopsov.twse.com.tw/mops/web/ajax_t163sb05
下游,邊緣運算_工業AI,2395,研華,2025,1,balance_sheet,非流動資產,30489277,"30,489,277",sii,https://mopsov.twse.com.tw/mops/web/ajax_t163sb05
下游,邊緣運算_工業AI,2395,研華,2025,1,balance_sheet,資產總計,74383276,"74,383,276",sii,https://mopsov.twse.com.tw/mops/web/ajax_t163sb05
下游,邊緣運算_工業AI,2395,研華,2025,1,balance_sheet,流動負債,22333877,"22,333,877",sii,https://mopsov.twse.com.tw/mops/web/ajax_t163sb05
下游,邊緣運算_工業AI,2395,研華,2025,1,balance_sheet,非流動負債,4550576,"4,550,576",sii,https://mopsov.twse.com.tw/mops/web/ajax_t163sb05
下游,邊緣運算_工業AI,2395,研華,2025,1,balance_sheet,負債總計,26884453,"26,884,453",sii,https://mopsov.twse.com.tw/mops/web/ajax_t163sb05
下游,邊緣運算_工業AI,2395,研華,2025,1,balance_sheet,股本,8641671,"8,641,671",sii,https://mopsov.twse.com.tw/mops/web/ajax_t163sb05
下游,邊緣運算_工業AI,2395,研華,2025,1,balance_sheet,權益─具證券性質之虛擬通貨,,--,sii,https://mopsov.twse.com.tw/mops/web/ajax_t163sb05
下游,邊緣運算_工業AI,2395,研華,2025,1,balance_sheet,資本公積,11402424,"11,402,424",sii,https://mopsov.twse.com.tw/mops/web/ajax_t163sb05
下游,邊緣運算_工業AI,2395,研華,2025,1,balance_sheet,保留盈餘,25305445,"25,305,445",sii,https://mopsov.twse.com.tw/mops/web/ajax_t163sb05
下游,邊緣運算_工業AI,2395,研華,2025,1,balance_sheet,其他權益,1952147,"1,952,147",sii,https://mopsov.twse.com.tw/mops/web/ajax_t163sb05
下游,邊緣運算_工業AI,2395,研華,2025,1,balance_sheet,庫藏股票,,--,sii,https://mopsov.twse.com.tw/mops/web/ajax_t163sb05
下游,邊緣運算_工業AI,2395,研華,2025,1,balance_sheet,歸屬於母公司業主之權益合計,47301687,"47,301,687",sii,https://mopsov.twse.com.tw/mops/web/ajax_t163sb05
下游,邊緣運算_工業AI,2395,研華,2025,1,balance_sheet,共同控制下前手權益,,--,sii,https://mopsov.twse.com.tw/mops/web/ajax_t163sb05
下游,邊緣運算_工業AI,2395,研華,2025,1,balance_sheet,合併前非屬共同控制股權,,--,sii,https://mopsov.twse.com.tw/mops/web/ajax_t163sb05
下游,邊緣運算_工業AI,2395,研華,2025,1,balance_sheet,非控制權益,197136,"197,136",sii,https://mopsov.twse.com.tw/mops/web/ajax_t163sb05
下游,邊緣運算_工業AI,2395,研華,2025,1,balance_sheet,權益總計,47498823,"47,498,823",sii,https://mopsov.twse.com.tw/mops/web/ajax_t163sb05
下游,邊緣運算_工業AI,2395,研華,2025,1,balance_sheet,待註銷股本股數（單位：股）,,--,sii,https://mopsov.twse.com.tw/mops/web/ajax_t163sb05
下游,邊緣運算_工業AI,2395,研華,2025,1,balance_sheet,預收股款（權益項下）之約當發行股數（單位：股）,577700,"577,700",sii,https://mopsov.twse.com.tw/mops/web/ajax_t163sb05
下游,邊緣運算_工業AI,2395,研華,2025,1,balance_sheet,母公司暨子公司所持有之母公司庫藏股股數（單位：股）,0,0,sii,https://mopsov.twse.com.tw/mops/web/ajax_t163sb05
下游,邊緣運算_工業AI,2395,研華,2025,1,balance_sheet,每股參考淨值,54.74,54.74,sii,https://mopsov.twse.com.tw/mops/web/ajax_t163sb05
下游,邊緣運算_工業AI,6166,凌華,2025,1,balance_sheet,流動資產,7550543,"7,550,543",sii,https://mopsov.twse.com.tw/mops/web/ajax_t163sb05
下游,邊緣運算_工業AI,6166,凌華,2025,1,balance_sheet,非流動資產,5381510,"5,381,510",sii,https://mopsov.twse.com.tw/mops/web/ajax_t163sb05
下游,邊緣運算_工業AI,6166,凌華,2025,1,balance_sheet,資產總計,12932053,"12,932,053",sii,https://mopsov.twse.com.tw/mops/web/ajax_t163sb05
下游,邊緣運算_工業AI,6166,凌華,2025,1,balance_sheet,流動負債,5083496,"5,083,496",sii,https://mopsov.twse.com.tw/mops/web/ajax_t163sb05
下游,邊緣運算_工業AI,6166,凌華,2025,1,balance_sheet,非流動負債,2576120,"2,576,120",sii,https://mopsov.twse.com.tw/mops/web/ajax_t163sb05
下游,邊緣運算_工業AI,6166,凌華,2025,1,balance_sheet,負債總計,7659616,"7,659,616",sii,https://mopsov.twse.com.tw/mops/web/ajax_t163sb05
下游,邊緣運算_工業AI,6166,凌華,2025,1,balance_sheet,股本,2174973,"2,174,973",sii,https://mopsov.twse.com.tw/mops/web/ajax_t163sb05
下游,邊緣運算_工業AI,6166,凌華,2025,1,balance_sheet,權益─具證券性質之虛擬通貨,,--,sii,https://mopsov.twse.com.tw/mops/web/ajax_t163sb05
下游,邊緣運算_工業AI,6166,凌華,2025,1,balance_sheet,資本公積,1280864,"1,280,864",sii,https://mopsov.twse.com.tw/mops/web/ajax_t163sb05
下游,邊緣運算_工業AI,6166,凌華,2025,1,balance_sheet,保留盈餘,1785825,"1,785,825",sii,https://mopsov.twse.com.tw/mops/web/ajax_t163sb05
下游,邊緣運算_工業AI,6166,凌華,2025,1,balance_sheet,其他權益,6966,"6,966",sii,https://mopsov.twse.com.tw/mops/web/ajax_t163sb05
下游,邊緣運算_工業AI,6166,凌華,2025,1,balance_sheet,庫藏股票,,--,sii,https://mopsov.twse.com.tw/mops/web/ajax_t163sb05
下游,邊緣運算_工業AI,6166,凌華,2025,1,balance_sheet,歸屬於母公司業主之權益合計,5248628,"5,248,628",sii,https://mopsov.twse.com.tw/mops/web/ajax_t163sb05
下游,邊緣運算_工業AI,6166,凌華,2025,1,balance_sheet,共同控制下前手權益,,--,sii,https://mopsov.twse.com.tw/mops/web/ajax_t163sb05
下游,邊緣運算_工業AI,6166,凌華,2025,1,balance_sheet,合併前非屬共同控制股權,,--,sii,https://mopsov.twse.com.tw/mops/web/ajax_t163sb05
下游,邊緣運算_工業AI,6166,凌華,2025,1,balance_sheet,非控制權益,23809,"23,809",sii,https://mopsov.twse.com.tw/mops/web/ajax_t163sb05
下游,邊緣運算_工業AI,6166,凌華,2025,1,balance_sheet,權益總計,5272437,"5,272,437",sii,https://mopsov.twse.com.tw/mops/web/ajax_t163sb05
下游,邊緣運算_工業AI,6166,凌華,2025,1,balance_sheet,待註銷股本股數（單位：股）,,--,sii,https://mopsov.twse.com.tw/mops/web/ajax_t163sb05
下游,邊緣運算_工業AI,6166,凌華,2025,1,balance_sheet,預收股款（權益項下）之約當發行股數（單位：股）,0,0,sii,https://mopsov.twse.com.tw/mops/web/ajax_t163sb05
下游,邊緣運算_工業AI,6166,凌華,2025,1,balance_sheet,母公司暨子公司所持有之母公司庫藏股股數（單位：股）,0,0,sii,https://mopsov.twse.com.tw/mops/web/ajax_t163sb05
下游,邊緣運算_工業AI,6166,凌華,2025,1,balance_sheet,每股參考淨值,24.13,24.13,sii,https://mopsov.twse.com.tw/mops/web/ajax_t163sb05
下游,邊緣運算_工業AI,2395,研華,2025,1,cash_flow,營業活動之淨現金流入（流出）,2464339,"2,464,339",sii,https://mopsov.twse.com.tw/mops/web/ajax_t163sb20
下游,邊緣運算_工業AI,2395,研華,2025,1,cash_flow,投資活動之淨現金流入（流出）,-846391,"-846,391",sii,https://mopsov.twse.com.tw/mops/web/ajax_t163sb20
下游,邊緣運算_工業AI,2395,研華,2025,1,cash_flow,籌資活動之淨現金流入（流出）,-457991,"-457,991",sii,https://mopsov.twse.com.tw/mops/web/ajax_t163sb20
下游,邊緣運算_工業AI,2395,研華,2025,1,cash_flow,匯率變動對現金及約當現金之影響,494338,"494,338",sii,https://mopsov.twse.com.tw/mops/web/ajax_t163sb20
下游,邊緣運算_工業AI,2395,研華,2025,1,cash_flow,本期現金及約當現金增加（減少）數,1654295,"1,654,295",sii,https://mopsov.twse.com.tw/mops/web/ajax_t163sb20
下游,邊緣運算_工業AI,2395,研華,2025,1,cash_flow,期初現金及約當現金餘額,13617045,"13,617,045",sii,https://mopsov.twse.com.tw/mops/web/ajax_t163sb20
下游,邊緣運算_工業AI,2395,研華,2025,1,cash_flow,期末現金及約當現金餘額,15271340,"15,271,340",sii,https://mopsov.twse.com.tw/mops/web/ajax_t163sb20
下游,邊緣運算_工業AI,6166,凌華,2025,1,cash_flow,營業活動之淨現金流入（流出）,333338,"333,338",sii,https://mopsov.twse.com.tw/mops/web/ajax_t163sb20
下游,邊緣運算_工業AI,6166,凌華,2025,1,cash_flow,投資活動之淨現金流入（流出）,-26436,"-26,436",sii,https://mopsov.twse.com.tw/mops/web/ajax_t163sb20
下游,邊緣運算_工業AI,6166,凌華,2025,1,cash_flow,籌資活動之淨現金流入（流出）,10310,"10,310",sii,https://mopsov.twse.com.tw/mops/web/ajax_t163sb20
下游,邊緣運算_工業AI,6166,凌華,2025,1,cash_flow,匯率變動對現金及約當現金之影響,39069,"39,069",sii,https://mopsov.twse.com.tw/mops/web/ajax_t163sb20
下游,邊緣運算_工業AI,6166,凌華,2025,1,cash_flow,本期現金及約當現金增加（減少）數,356281,"356,281",sii,https://mopsov.twse.com.tw/mops/web/ajax_t163sb20
下游,邊緣運算_工業AI,6166,凌華,2025,1,cash_flow,期初現金及約當現金餘額,2055474,"2,055,474",sii,https://mopsov.twse.com.tw/mops/web/ajax_t163sb20
下游,邊緣運算_工業AI,6166,凌華,2025,1,cash_flow,期末現金及約當現金餘額,2411755,"2,411,755",sii,https://mopsov.twse.com.tw/mops/web/ajax_t163sb20
下游,邊緣運算_工業AI,2395,研華,2025,2,income_statement,營業收入,35187042,"35,187,042",sii,https://mopsov.twse.com.tw/mops/web/ajax_t163sb04
下游,邊緣運算_工業AI,2395,研華,2025,2,income_statement,營業成本,21026389,"21,026,389",sii,https://mopsov.twse.com.tw/mops/web/ajax_t163sb04
下游,邊緣運算_工業AI,2395,研華,2025,2,income_statement,原始認列生物資產及農產品之利益（損失）,,--,sii,https://mopsov.twse.com.tw/mops/web/ajax_t163sb04
下游,邊緣運算_工業AI,2395,研華,2025,2,income_statement,生物資產當期公允價值減出售成本之變動利益（損失）,,--,sii,https://mopsov.twse.com.tw/mops/web/ajax_t163sb04
下游,邊緣運算_工業AI,2395,研華,2025,2,income_statement,營業毛利（毛損）,14160653,"14,160,653",sii,https://mopsov.twse.com.tw/mops/web/ajax_t163sb04
下游,邊緣運算_工業AI,2395,研華,2025,2,income_statement,未實現銷貨（損）益,,--,sii,https://mopsov.twse.com.tw/mops/web/ajax_t163sb04
下游,邊緣運算_工業AI,2395,研華,2025,2,income_statement,已實現銷貨（損）益,,--,sii,https://mopsov.twse.com.tw/mops/web/ajax_t163sb04
下游,邊緣運算_工業AI,2395,研華,2025,2,income_statement,營業毛利（毛損）淨額,14160653,"14,160,653",sii,https://mopsov.twse.com.tw/mops/web/ajax_t163sb04
下游,邊緣運算_工業AI,2395,研華,2025,2,income_statement,營業費用,8113324,"8,113,324",sii,https://mopsov.twse.com.tw/mops/web/ajax_t163sb04
下游,邊緣運算_工業AI,2395,研華,2025,2,income_statement,其他收益及費損淨額,,--,sii,https://mopsov.twse.com.tw/mops/web/ajax_t163sb04
下游,邊緣運算_工業AI,2395,研華,2025,2,income_statement,營業利益（損失）,6047329,"6,047,329",sii,https://mopsov.twse.com.tw/mops/web/ajax_t163sb04
下游,邊緣運算_工業AI,2395,研華,2025,2,income_statement,營業外收入及支出,-314767,"-314,767",sii,https://mopsov.twse.com.tw/mops/web/ajax_t163sb04
下游,邊緣運算_工業AI,2395,研華,2025,2,income_statement,稅前淨利（淨損）,5732562,"5,732,562",sii,https://mopsov.twse.com.tw/mops/web/ajax_t163sb04
下游,邊緣運算_工業AI,2395,研華,2025,2,income_statement,所得稅費用（利益）,1071434,"1,071,434",sii,https://mopsov.twse.com.tw/mops/web/ajax_t163sb04
下游,邊緣運算_工業AI,2395,研華,2025,2,income_statement,繼續營業單位本期淨利（淨損）,4661128,"4,661,128",sii,https://mopsov.twse.com.tw/mops/web/ajax_t163sb04
下游,邊緣運算_工業AI,2395,研華,2025,2,income_statement,停業單位損益,,--,sii,https://mopsov.twse.com.tw/mops/web/ajax_t163sb04
下游,邊緣運算_工業AI,2395,研華,2025,2,income_statement,合併前非屬共同控制股權損益,,--,sii,https://mopsov.twse.com.tw/mops/web/ajax_t163sb04
下游,邊緣運算_工業AI,2395,研華,2025,2,income_statement,本期淨利（淨損）,4661128,"4,661,128",sii,https://mopsov.twse.com.tw/mops/web/ajax_t163sb04
下游,邊緣運算_工業AI,2395,研華,2025,2,income_statement,其他綜合損益（淨額）,-1203596,"-1,203,596",sii,https://mopsov.twse.com.tw/mops/web/ajax_t163sb04
下游,邊緣運算_工業AI,2395,研華,2025,2,income_statement,合併前非屬共同控制股權綜合損益淨額,,--,sii,https://mopsov.twse.com.tw/mops/web/ajax_t163sb04
下游,邊緣運算_工業AI,2395,研華,2025,2,income_statement,本期綜合損益總額,3457532,"3,457,532",sii,https://mopsov.twse.com.tw/mops/web/ajax_t163sb04
下游,邊緣運算_工業AI,2395,研華,2025,2,income_statement,淨利（淨損）歸屬於母公司業主,4722963,"4,722,963",sii,https://mopsov.twse.com.tw/mops/web/ajax_t163sb04
下游,邊緣運算_工業AI,2395,研華,2025,2,income_statement,淨利（淨損）歸屬於共同控制下前手權益,,--,sii,https://mopsov.twse.com.tw/mops/web/ajax_t163sb04
下游,邊緣運算_工業AI,2395,研華,2025,2,income_statement,淨利（淨損）歸屬於非控制權益,-61835,"-61,835",sii,https://mopsov.twse.com.tw/mops/web/ajax_t163sb04
下游,邊緣運算_工業AI,2395,研華,2025,2,income_statement,綜合損益總額歸屬於母公司業主,3518034,"3,518,034",sii,https://mopsov.twse.com.tw/mops/web/ajax_t163sb04
下游,邊緣運算_工業AI,2395,研華,2025,2,income_statement,綜合損益總額歸屬於共同控制下前手權益,,--,sii,https://mopsov.twse.com.tw/mops/web/ajax_t163sb04
下游,邊緣運算_工業AI,2395,研華,2025,2,income_statement,綜合損益總額歸屬於非控制權益,-60502,"-60,502",sii,https://mopsov.twse.com.tw/mops/web/ajax_t163sb04
下游,邊緣運算_工業AI,2395,研華,2025,2,income_statement,基本每股盈餘（元）,5.47,5.47,sii,https://mopsov.twse.com.tw/mops/web/ajax_t163sb04
下游,邊緣運算_工業AI,6166,凌華,2025,2,income_statement,營業收入,5601825,"5,601,825",sii,https://mopsov.twse.com.tw/mops/web/ajax_t163sb04
下游,邊緣運算_工業AI,6166,凌華,2025,2,income_statement,營業成本,3658296,"3,658,296",sii,https://mopsov.twse.com.tw/mops/web/ajax_t163sb04
下游,邊緣運算_工業AI,6166,凌華,2025,2,income_statement,原始認列生物資產及農產品之利益（損失）,,--,sii,https://mopsov.twse.com.tw/mops/web/ajax_t163sb04
下游,邊緣運算_工業AI,6166,凌華,2025,2,income_statement,生物資產當期公允價值減出售成本之變動利益（損失）,,--,sii,https://mopsov.twse.com.tw/mops/web/ajax_t163sb04
下游,邊緣運算_工業AI,6166,凌華,2025,2,income_statement,營業毛利（毛損）,1943529,"1,943,529",sii,https://mopsov.twse.com.tw/mops/web/ajax_t163sb04
下游,邊緣運算_工業AI,6166,凌華,2025,2,income_statement,未實現銷貨（損）益,0,0,sii,https://mopsov.twse.com.tw/mops/web/ajax_t163sb04
下游,邊緣運算_工業AI,6166,凌華,2025,2,income_statement,已實現銷貨（損）益,763,763,sii,https://mopsov.twse.com.tw/mops/web/ajax_t163sb04
下游,邊緣運算_工業AI,6166,凌華,2025,2,income_statement,營業毛利（毛損）淨額,1944292,"1,944,292",sii,https://mopsov.twse.com.tw/mops/web/ajax_t163sb04
下游,邊緣運算_工業AI,6166,凌華,2025,2,income_statement,營業費用,1755846,"1,755,846",sii,https://mopsov.twse.com.tw/mops/web/ajax_t163sb04
下游,邊緣運算_工業AI,6166,凌華,2025,2,income_statement,其他收益及費損淨額,,--,sii,https://mopsov.twse.com.tw/mops/web/ajax_t163sb04
下游,邊緣運算_工業AI,6166,凌華,2025,2,income_statement,營業利益（損失）,188446,"188,446",sii,https://mopsov.twse.com.tw/mops/web/ajax_t163sb04
下游,邊緣運算_工業AI,6166,凌華,2025,2,income_statement,營業外收入及支出,-115343,"-115,343",sii,https://mopsov.twse.com.tw/mops/web/ajax_t163sb04
下游,邊緣運算_工業AI,6166,凌華,2025,2,income_statement,稅前淨利（淨損）,73103,"73,103",sii,https://mopsov.twse.com.tw/mops/web/ajax_t163sb04
下游,邊緣運算_工業AI,6166,凌華,2025,2,income_statement,所得稅費用（利益）,32098,"32,098",sii,https://mopsov.twse.com.tw/mops/web/ajax_t163sb04
下游,邊緣運算_工業AI,6166,凌華,2025,2,income_statement,繼續營業單位本期淨利（淨損）,41005,"41,005",sii,https://mopsov.twse.com.tw/mops/web/ajax_t163sb04
下游,邊緣運算_工業AI,6166,凌華,2025,2,income_statement,停業單位損益,,--,sii,https://mopsov.twse.com.tw/mops/web/ajax_t163sb04
下游,邊緣運算_工業AI,6166,凌華,2025,2,income_statement,合併前非屬共同控制股權損益,,--,sii,https://mopsov.twse.com.tw/mops/web/ajax_t163sb04
下游,邊緣運算_工業AI,6166,凌華,2025,2,income_statement,本期淨利（淨損）,41005,"41,005",sii,https://mopsov.twse.com.tw/mops/web/ajax_t163sb04
下游,邊緣運算_工業AI,6166,凌華,2025,2,income_statement,其他綜合損益（淨額）,-272119,"-272,119",sii,https://mopsov.twse.com.tw/mops/web/ajax_t163sb04
下游,邊緣運算_工業AI,6166,凌華,2025,2,income_statement,合併前非屬共同控制股權綜合損益淨額,,--,sii,https://mopsov.twse.com.tw/mops/web/ajax_t163sb04
下游,邊緣運算_工業AI,6166,凌華,2025,2,income_statement,本期綜合損益總額,-231114,"-231,114",sii,https://mopsov.twse.com.tw/mops/web/ajax_t163sb04
下游,邊緣運算_工業AI,6166,凌華,2025,2,income_statement,淨利（淨損）歸屬於母公司業主,50967,"50,967",sii,https://mopsov.twse.com.tw/mops/web/ajax_t163sb04
下游,邊緣運算_工業AI,6166,凌華,2025,2,income_statement,淨利（淨損）歸屬於共同控制下前手權益,,--,sii,https://mopsov.twse.com.tw/mops/web/ajax_t163sb04
下游,邊緣運算_工業AI,6166,凌華,2025,2,income_statement,淨利（淨損）歸屬於非控制權益,-9962,"-9,962",sii,https://mopsov.twse.com.tw/mops/web/ajax_t163sb04
下游,邊緣運算_工業AI,6166,凌華,2025,2,income_statement,綜合損益總額歸屬於母公司業主,-220015,"-220,015",sii,https://mopsov.twse.com.tw/mops/web/ajax_t163sb04
下游,邊緣運算_工業AI,6166,凌華,2025,2,income_statement,綜合損益總額歸屬於共同控制下前手權益,,--,sii,https://mopsov.twse.com.tw/mops/web/ajax_t163sb04
下游,邊緣運算_工業AI,6166,凌華,2025,2,income_statement,綜合損益總額歸屬於非控制權益,-11099,"-11,099",sii,https://mopsov.twse.com.tw/mops/web/ajax_t163sb04
下游,邊緣運算_工業AI,6166,凌華,2025,2,income_statement,基本每股盈餘（元）,0.23,0.23,sii,https://mopsov.twse.com.tw/mops/web/ajax_t163sb04
下游,邊緣運算_工業AI,2395,研華,2025,2,balance_sheet,流動資產,43336389,"43,336,389",sii,https://mopsov.twse.com.tw/mops/web/ajax_t163sb05
下游,邊緣運算_工業AI,2395,研華,2025,2,balance_sheet,非流動資產,30914023,"30,914,023",sii,https://mopsov.twse.com.tw/mops/web/ajax_t163sb05
下游,邊緣運算_工業AI,2395,研華,2025,2,balance_sheet,資產總計,74250412,"74,250,412",sii,https://mopsov.twse.com.tw/mops/web/ajax_t163sb05
下游,邊緣運算_工業AI,2395,研華,2025,2,balance_sheet,流動負債,22149711,"22,149,711",sii,https://mopsov.twse.com.tw/mops/web/ajax_t163sb05
下游,邊緣運算_工業AI,2395,研華,2025,2,balance_sheet,非流動負債,4209250,"4,209,250",sii,https://mopsov.twse.com.tw/mops/web/ajax_t163sb05
下游,邊緣運算_工業AI,2395,研華,2025,2,balance_sheet,負債總計,26358961,"26,358,961",sii,https://mopsov.twse.com.tw/mops/web/ajax_t163sb05
下游,邊緣運算_工業AI,2395,研華,2025,2,balance_sheet,股本,8643744,"8,643,744",sii,https://mopsov.twse.com.tw/mops/web/ajax_t163sb05
下游,邊緣運算_工業AI,2395,研華,2025,2,balance_sheet,權益─具證券性質之虛擬通貨,,--,sii,https://mopsov.twse.com.tw/mops/web/ajax_t163sb05
下游,邊緣運算_工業AI,2395,研華,2025,2,balance_sheet,資本公積,11574847,"11,574,847",sii,https://mopsov.twse.com.tw/mops/web/ajax_t163sb05
下游,邊緣運算_工業AI,2395,研華,2025,2,balance_sheet,保留盈餘,27278448,"27,278,448",sii,https://mopsov.twse.com.tw/mops/web/ajax_t163sb05
下游,邊緣運算_工業AI,2395,研華,2025,2,balance_sheet,其他權益,252701,"252,701",sii,https://mopsov.twse.com.tw/mops/web/ajax_t163sb05
下游,邊緣運算_工業AI,2395,研華,2025,2,balance_sheet,庫藏股票,,--,sii,https://mopsov.twse.com.tw/mops/web/ajax_t163sb05
下游,邊緣運算_工業AI,2395,研華,2025,2,balance_sheet,歸屬於母公司業主之權益合計,47749740,"47,749,740",sii,https://mopsov.twse.com.tw/mops/web/ajax_t163sb05
下游,邊緣運算_工業AI,2395,研華,2025,2,balance_sheet,共同控制下前手權益,,--,sii,https://mopsov.twse.com.tw/mops/web/ajax_t163sb05
下游,邊緣運算_工業AI,2395,研華,2025,2,balance_sheet,合併前非屬共同控制股權,,--,sii,https://mopsov.twse.com.tw/mops/web/ajax_t163sb05
下游,邊緣運算_工業AI,2395,研華,2025,2,balance_sheet,非控制權益,141711,"141,711",sii,https://mopsov.twse.com.tw/mops/web/ajax_t163sb05
下游,邊緣運算_工業AI,2395,研華,2025,2,balance_sheet,權益總計,47891451,"47,891,451",sii,https://mopsov.twse.com.tw/mops/web/ajax_t163sb05
下游,邊緣運算_工業AI,2395,研華,2025,2,balance_sheet,待註銷股本股數（單位：股）,,--,sii,https://mopsov.twse.com.tw/mops/web/ajax_t163sb05
下游,邊緣運算_工業AI,2395,研華,2025,2,balance_sheet,預收股款（權益項下）之約當發行股數（單位：股）,207320,"207,320",sii,https://mopsov.twse.com.tw/mops/web/ajax_t163sb05
下游,邊緣運算_工業AI,2395,研華,2025,2,balance_sheet,母公司暨子公司所持有之母公司庫藏股股數（單位：股）,0,0,sii,https://mopsov.twse.com.tw/mops/web/ajax_t163sb05
下游,邊緣運算_工業AI,2395,研華,2025,2,balance_sheet,每股參考淨值,55.24,55.24,sii,https://mopsov.twse.com.tw/mops/web/ajax_t163sb05
下游,邊緣運算_工業AI,6166,凌華,2025,2,balance_sheet,流動資產,7081596,"7,081,596",sii,https://mopsov.twse.com.tw/mops/web/ajax_t163sb05
下游,邊緣運算_工業AI,6166,凌華,2025,2,balance_sheet,非流動資產,5253422,"5,253,422",sii,https://mopsov.twse.com.tw/mops/web/ajax_t163sb05
下游,邊緣運算_工業AI,6166,凌華,2025,2,balance_sheet,資產總計,12335018,"12,335,018",sii,https://mopsov.twse.com.tw/mops/web/ajax_t163sb05
下游,邊緣運算_工業AI,6166,凌華,2025,2,balance_sheet,流動負債,4955022,"4,955,022",sii,https://mopsov.twse.com.tw/mops/web/ajax_t163sb05
下游,邊緣運算_工業AI,6166,凌華,2025,2,balance_sheet,非流動負債,2406099,"2,406,099",sii,https://mopsov.twse.com.tw/mops/web/ajax_t163sb05
下游,邊緣運算_工業AI,6166,凌華,2025,2,balance_sheet,負債總計,7361121,"7,361,121",sii,https://mopsov.twse.com.tw/mops/web/ajax_t163sb05
下游,邊緣運算_工業AI,6166,凌華,2025,2,balance_sheet,股本,2174973,"2,174,973",sii,https://mopsov.twse.com.tw/mops/web/ajax_t163sb05
下游,邊緣運算_工業AI,6166,凌華,2025,2,balance_sheet,權益─具證券性質之虛擬通貨,,--,sii,https://mopsov.twse.com.tw/mops/web/ajax_t163sb05
下游,邊緣運算_工業AI,6166,凌華,2025,2,balance_sheet,資本公積,1290551,"1,290,551",sii,https://mopsov.twse.com.tw/mops/web/ajax_t163sb05
下游,邊緣運算_工業AI,6166,凌華,2025,2,balance_sheet,保留盈餘,1768995,"1,768,995",sii,https://mopsov.twse.com.tw/mops/web/ajax_t163sb05
下游,邊緣運算_工業AI,6166,凌華,2025,2,balance_sheet,其他權益,-279790,"-279,790",sii,https://mopsov.twse.com.tw/mops/web/ajax_t163sb05
下游,邊緣運算_工業AI,6166,凌華,2025,2,balance_sheet,庫藏股票,,--,sii,https://mopsov.twse.com.tw/mops/web/ajax_t163sb05
下游,邊緣運算_工業AI,6166,凌華,2025,2,balance_sheet,歸屬於母公司業主之權益合計,4954729,"4,954,729",sii,https://mopsov.twse.com.tw/mops/web/ajax_t163sb05
下游,邊緣運算_工業AI,6166,凌華,2025,2,balance_sheet,共同控制下前手權益,,--,sii,https://mopsov.twse.com.tw/mops/web/ajax_t163sb05
下游,邊緣運算_工業AI,6166,凌華,2025,2,balance_sheet,合併前非屬共同控制股權,,--,sii,https://mopsov.twse.com.tw/mops/web/ajax_t163sb05
下游,邊緣運算_工業AI,6166,凌華,2025,2,balance_sheet,非控制權益,19168,"19,168",sii,https://mopsov.twse.com.tw/mops/web/ajax_t163sb05
下游,邊緣運算_工業AI,6166,凌華,2025,2,balance_sheet,權益總計,4973897,"4,973,897",sii,https://mopsov.twse.com.tw/mops/web/ajax_t163sb05
下游,邊緣運算_工業AI,6166,凌華,2025,2,balance_sheet,待註銷股本股數（單位：股）,,--,sii,https://mopsov.twse.com.tw/mops/web/ajax_t163sb05
下游,邊緣運算_工業AI,6166,凌華,2025,2,balance_sheet,預收股款（權益項下）之約當發行股數（單位：股）,0,0,sii,https://mopsov.twse.com.tw/mops/web/ajax_t163sb05
下游,邊緣運算_工業AI,6166,凌華,2025,2,balance_sheet,母公司暨子公司所持有之母公司庫藏股股數（單位：股）,0,0,sii,https://mopsov.twse.com.tw/mops/web/ajax_t163sb05
下游,邊緣運算_工業AI,6166,凌華,2025,2,balance_sheet,每股參考淨值,22.78,22.78,sii,https://mopsov.twse.com.tw/mops/web/ajax_t163sb05
下游,邊緣運算_工業AI,2395,研華,2025,2,cash_flow,營業活動之淨現金流入（流出）,2954421,"2,954,421",sii,https://mopsov.twse.com.tw/mops/web/ajax_t163sb20
下游,邊緣運算_工業AI,2395,研華,2025,2,cash_flow,投資活動之淨現金流入（流出）,-2075834,"-2,075,834",sii,https://mopsov.twse.com.tw/mops/web/ajax_t163sb20
下游,邊緣運算_工業AI,2395,研華,2025,2,cash_flow,籌資活動之淨現金流入（流出）,-596542,"-596,542",sii,https://mopsov.twse.com.tw/mops/web/ajax_t163sb20
下游,邊緣運算_工業AI,2395,研華,2025,2,cash_flow,匯率變動對現金及約當現金之影響,-735502,"-735,502",sii,https://mopsov.twse.com.tw/mops/web/ajax_t163sb20
下游,邊緣運算_工業AI,2395,研華,2025,2,cash_flow,本期現金及約當現金增加（減少）數,-453457,"-453,457",sii,https://mopsov.twse.com.tw/mops/web/ajax_t163sb20
下游,邊緣運算_工業AI,2395,研華,2025,2,cash_flow,期初現金及約當現金餘額,13617045,"13,617,045",sii,https://mopsov.twse.com.tw/mops/web/ajax_t163sb20
下游,邊緣運算_工業AI,2395,研華,2025,2,cash_flow,期末現金及約當現金餘額,13163588,"13,163,588",sii,https://mopsov.twse.com.tw/mops/web/ajax_t163sb20
下游,邊緣運算_工業AI,6166,凌華,2025,2,cash_flow,營業活動之淨現金流入（流出）,-214734,"-214,734",sii,https://mopsov.twse.com.tw/mops/web/ajax_t163sb20
下游,邊緣運算_工業AI,6166,凌華,2025,2,cash_flow,投資活動之淨現金流入（流出）,-62499,"-62,499",sii,https://mopsov.twse.com.tw/mops/web/ajax_t163sb20
下游,邊緣運算_工業AI,6166,凌華,2025,2,cash_flow,籌資活動之淨現金流入（流出）,72589,"72,589",sii,https://mopsov.twse.com.tw/mops/web/ajax_t163sb20
下游,邊緣運算_工業AI,6166,凌華,2025,2,cash_flow,匯率變動對現金及約當現金之影響,-140830,"-140,830",sii,https://mopsov.twse.com.tw/mops/web/ajax_t163sb20
下游,邊緣運算_工業AI,6166,凌華,2025,2,cash_flow,本期現金及約當現金增加（減少）數,-345474,"-345,474",sii,https://mopsov.twse.com.tw/mops/web/ajax_t163sb20
下游,邊緣運算_工業AI,6166,凌華,2025,2,cash_flow,期初現金及約當現金餘額,2055474,"2,055,474",sii,https://mopsov.twse.com.tw/mops/web/ajax_t163sb20
下游,邊緣運算_工業AI,6166,凌華,2025,2,cash_flow,期末現金及約當現金餘額,1710000,"1,710,000",sii,https://mopsov.twse.com.tw/mops/web/ajax_t163sb20
下游,邊緣運算_工業AI,2395,研華,2025,3,income_statement,營業收入,52960953,"52,960,953",sii,https://mopsov.twse.com.tw/mops/web/ajax_t163sb04
下游,邊緣運算_工業AI,2395,研華,2025,3,income_statement,營業成本,31892396,"31,892,396",sii,https://mopsov.twse.com.tw/mops/web/ajax_t163sb04
下游,邊緣運算_工業AI,2395,研華,2025,3,income_statement,原始認列生物資產及農產品之利益（損失）,,--,sii,https://mopsov.twse.com.tw/mops/web/ajax_t163sb04
下游,邊緣運算_工業AI,2395,研華,2025,3,income_statement,生物資產當期公允價值減出售成本之變動利益（損失）,,--,sii,https://mopsov.twse.com.tw/mops/web/ajax_t163sb04
下游,邊緣運算_工業AI,2395,研華,2025,3,income_statement,營業毛利（毛損）,21068557,"21,068,557",sii,https://mopsov.twse.com.tw/mops/web/ajax_t163sb04
下游,邊緣運算_工業AI,2395,研華,2025,3,income_statement,未實現銷貨（損）益,,--,sii,https://mopsov.twse.com.tw/mops/web/ajax_t163sb04
下游,邊緣運算_工業AI,2395,研華,2025,3,income_statement,已實現銷貨（損）益,,--,sii,https://mopsov.twse.com.tw/mops/web/ajax_t163sb04
下游,邊緣運算_工業AI,2395,研華,2025,3,income_statement,營業毛利（毛損）淨額,21068557,"21,068,557",sii,https://mopsov.twse.com.tw/mops/web/ajax_t163sb04
下游,邊緣運算_工業AI,2395,研華,2025,3,income_statement,營業費用,12312771,"12,312,771",sii,https://mopsov.twse.com.tw/mops/web/ajax_t163sb04
下游,邊緣運算_工業AI,2395,研華,2025,3,income_statement,其他收益及費損淨額,,--,sii,https://mopsov.twse.com.tw/mops/web/ajax_t163sb04
下游,邊緣運算_工業AI,2395,研華,2025,3,income_statement,營業利益（損失）,8755786,"8,755,786",sii,https://mopsov.twse.com.tw/mops/web/ajax_t163sb04
下游,邊緣運算_工業AI,2395,研華,2025,3,income_statement,營業外收入及支出,253093,"253,093",sii,https://mopsov.twse.com.tw/mops/web/ajax_t163sb04
下游,邊緣運算_工業AI,2395,研華,2025,3,income_statement,稅前淨利（淨損）,9008879,"9,008,879",sii,https://mopsov.twse.com.tw/mops/web/ajax_t163sb04
下游,邊緣運算_工業AI,2395,研華,2025,3,income_statement,所得稅費用（利益）,1602016,"1,602,016",sii,https://mopsov.twse.com.tw/mops/web/ajax_t163sb04
下游,邊緣運算_工業AI,2395,研華,2025,3,income_statement,繼續營業單位本期淨利（淨損）,7406863,"7,406,863",sii,https://mopsov.twse.com.tw/mops/web/ajax_t163sb04
下游,邊緣運算_工業AI,2395,研華,2025,3,income_statement,停業單位損益,,--,sii,https://mopsov.twse.com.tw/mops/web/ajax_t163sb04
下游,邊緣運算_工業AI,2395,研華,2025,3,income_statement,合併前非屬共同控制股權損益,,--,sii,https://mopsov.twse.com.tw/mops/web/ajax_t163sb04
下游,邊緣運算_工業AI,2395,研華,2025,3,income_statement,本期淨利（淨損）,7406863,"7,406,863",sii,https://mopsov.twse.com.tw/mops/web/ajax_t163sb04
下游,邊緣運算_工業AI,2395,研華,2025,3,income_statement,其他綜合損益（淨額）,-610525,"-610,525",sii,https://mopsov.twse.com.tw/mops/web/ajax_t163sb04
下游,邊緣運算_工業AI,2395,研華,2025,3,income_statement,合併前非屬共同控制股權綜合損益淨額,,--,sii,https://mopsov.twse.com.tw/mops/web/ajax_t163sb04
下游,邊緣運算_工業AI,2395,研華,2025,3,income_statement,本期綜合損益總額,6796338,"6,796,338",sii,https://mopsov.twse.com.tw/mops/web/ajax_t163sb04
下游,邊緣運算_工業AI,2395,研華,2025,3,income_statement,淨利（淨損）歸屬於母公司業主,7489066,"7,489,066",sii,https://mopsov.twse.com.tw/mops/web/ajax_t163sb04
下游,邊緣運算_工業AI,2395,研華,2025,3,income_statement,淨利（淨損）歸屬於共同控制下前手權益,,--,sii,https://mopsov.twse.com.tw/mops/web/ajax_t163sb04
下游,邊緣運算_工業AI,2395,研華,2025,3,income_statement,淨利（淨損）歸屬於非控制權益,-82203,"-82,203",sii,https://mopsov.twse.com.tw/mops/web/ajax_t163sb04
下游,邊緣運算_工業AI,2395,研華,2025,3,income_statement,綜合損益總額歸屬於母公司業主,6871686,"6,871,686",sii,https://mopsov.twse.com.tw/mops/web/ajax_t163sb04
下游,邊緣運算_工業AI,2395,研華,2025,3,income_statement,綜合損益總額歸屬於共同控制下前手權益,,--,sii,https://mopsov.twse.com.tw/mops/web/ajax_t163sb04
下游,邊緣運算_工業AI,2395,研華,2025,3,income_statement,綜合損益總額歸屬於非控制權益,-75348,"-75,348",sii,https://mopsov.twse.com.tw/mops/web/ajax_t163sb04
下游,邊緣運算_工業AI,2395,研華,2025,3,income_statement,基本每股盈餘（元）,8.67,8.67,sii,https://mopsov.twse.com.tw/mops/web/ajax_t163sb04
下游,邊緣運算_工業AI,6166,凌華,2025,3,income_statement,營業收入,8684837,"8,684,837",sii,https://mopsov.twse.com.tw/mops/web/ajax_t163sb04
下游,邊緣運算_工業AI,6166,凌華,2025,3,income_statement,營業成本,5609688,"5,609,688",sii,https://mopsov.twse.com.tw/mops/web/ajax_t163sb04
下游,邊緣運算_工業AI,6166,凌華,2025,3,income_statement,原始認列生物資產及農產品之利益（損失）,,--,sii,https://mopsov.twse.com.tw/mops/web/ajax_t163sb04
下游,邊緣運算_工業AI,6166,凌華,2025,3,income_statement,生物資產當期公允價值減出售成本之變動利益（損失）,,--,sii,https://mopsov.twse.com.tw/mops/web/ajax_t163sb04
下游,邊緣運算_工業AI,6166,凌華,2025,3,income_statement,營業毛利（毛損）,3075149,"3,075,149",sii,https://mopsov.twse.com.tw/mops/web/ajax_t163sb04
下游,邊緣運算_工業AI,6166,凌華,2025,3,income_statement,未實現銷貨（損）益,0,0,sii,https://mopsov.twse.com.tw/mops/web/ajax_t163sb04
下游,邊緣運算_工業AI,6166,凌華,2025,3,income_statement,已實現銷貨（損）益,763,763,sii,https://mopsov.twse.com.tw/mops/web/ajax_t163sb04
下游,邊緣運算_工業AI,6166,凌華,2025,3,income_statement,營業毛利（毛損）淨額,3075912,"3,075,912",sii,https://mopsov.twse.com.tw/mops/web/ajax_t163sb04
下游,邊緣運算_工業AI,6166,凌華,2025,3,income_statement,營業費用,2621515,"2,621,515",sii,https://mopsov.twse.com.tw/mops/web/ajax_t163sb04
下游,邊緣運算_工業AI,6166,凌華,2025,3,income_statement,其他收益及費損淨額,,--,sii,https://mopsov.twse.com.tw/mops/web/ajax_t163sb04
下游,邊緣運算_工業AI,6166,凌華,2025,3,income_statement,營業利益（損失）,454397,"454,397",sii,https://mopsov.twse.com.tw/mops/web/ajax_t163sb04
下游,邊緣運算_工業AI,6166,凌華,2025,3,income_statement,營業外收入及支出,-41004,"-41,004",sii,https://mopsov.twse.com.tw/mops/web/ajax_t163sb04
下游,邊緣運算_工業AI,6166,凌華,2025,3,income_statement,稅前淨利（淨損）,413393,"413,393",sii,https://mopsov.twse.com.tw/mops/web/ajax_t163sb04
下游,邊緣運算_工業AI,6166,凌華,2025,3,income_statement,所得稅費用（利益）,92324,"92,324",sii,https://mopsov.twse.com.tw/mops/web/ajax_t163sb04
下游,邊緣運算_工業AI,6166,凌華,2025,3,income_statement,繼續營業單位本期淨利（淨損）,321069,"321,069",sii,https://mopsov.twse.com.tw/mops/web/ajax_t163sb04
下游,邊緣運算_工業AI,6166,凌華,2025,3,income_statement,停業單位損益,,--,sii,https://mopsov.twse.com.tw/mops/web/ajax_t163sb04
下游,邊緣運算_工業AI,6166,凌華,2025,3,income_statement,合併前非屬共同控制股權損益,,--,sii,https://mopsov.twse.com.tw/mops/web/ajax_t163sb04
下游,邊緣運算_工業AI,6166,凌華,2025,3,income_statement,本期淨利（淨損）,321069,"321,069",sii,https://mopsov.twse.com.tw/mops/web/ajax_t163sb04
下游,邊緣運算_工業AI,6166,凌華,2025,3,income_statement,其他綜合損益（淨額）,-198954,"-198,954",sii,https://mopsov.twse.com.tw/mops/web/ajax_t163sb04
下游,邊緣運算_工業AI,6166,凌華,2025,3,income_statement,合併前非屬共同控制股權綜合損益淨額,,--,sii,https://mopsov.twse.com.tw/mops/web/ajax_t163sb04
下游,邊緣運算_工業AI,6166,凌華,2025,3,income_statement,本期綜合損益總額,122115,"122,115",sii,https://mopsov.twse.com.tw/mops/web/ajax_t163sb04
下游,邊緣運算_工業AI,6166,凌華,2025,3,income_statement,淨利（淨損）歸屬於母公司業主,331290,"331,290",sii,https://mopsov.twse.com.tw/mops/web/ajax_t163sb04
下游,邊緣運算_工業AI,6166,凌華,2025,3,income_statement,淨利（淨損）歸屬於共同控制下前手權益,,--,sii,https://mopsov.twse.com.tw/mops/web/ajax_t163sb04
下游,邊緣運算_工業AI,6166,凌華,2025,3,income_statement,淨利（淨損）歸屬於非控制權益,-10221,"-10,221",sii,https://mopsov.twse.com.tw/mops/web/ajax_t163sb04
下游,邊緣運算_工業AI,6166,凌華,2025,3,income_statement,綜合損益總額歸屬於母公司業主,133580,"133,580",sii,https://mopsov.twse.com.tw/mops/web/ajax_t163sb04
下游,邊緣運算_工業AI,6166,凌華,2025,3,income_statement,綜合損益總額歸屬於共同控制下前手權益,,--,sii,https://mopsov.twse.com.tw/mops/web/ajax_t163sb04
下游,邊緣運算_工業AI,6166,凌華,2025,3,income_statement,綜合損益總額歸屬於非控制權益,-11465,"-11,465",sii,https://mopsov.twse.com.tw/mops/web/ajax_t163sb04
下游,邊緣運算_工業AI,6166,凌華,2025,3,income_statement,基本每股盈餘（元）,1.52,1.52,sii,https://mopsov.twse.com.tw/mops/web/ajax_t163sb04
下游,邊緣運算_工業AI,2395,研華,2025,3,balance_sheet,流動資產,37832280,"37,832,280",sii,https://mopsov.twse.com.tw/mops/web/ajax_t163sb05
下游,邊緣運算_工業AI,2395,研華,2025,3,balance_sheet,非流動資產,32220847,"32,220,847",sii,https://mopsov.twse.com.tw/mops/web/ajax_t163sb05
下游,邊緣運算_工業AI,2395,研華,2025,3,balance_sheet,資產總計,70053127,"70,053,127",sii,https://mopsov.twse.com.tw/mops/web/ajax_t163sb05
下游,邊緣運算_工業AI,2395,研華,2025,3,balance_sheet,流動負債,14481347,"14,481,347",sii,https://mopsov.twse.com.tw/mops/web/ajax_t163sb05
下游,邊緣運算_工業AI,2395,研華,2025,3,balance_sheet,非流動負債,4074708,"4,074,708",sii,https://mopsov.twse.com.tw/mops/web/ajax_t163sb05
下游,邊緣運算_工業AI,2395,研華,2025,3,balance_sheet,負債總計,18556055,"18,556,055",sii,https://mopsov.twse.com.tw/mops/web/ajax_t163sb05
下游,邊緣運算_工業AI,2395,研華,2025,3,balance_sheet,股本,8651897,"8,651,897",sii,https://mopsov.twse.com.tw/mops/web/ajax_t163sb05
下游,邊緣運算_工業AI,2395,研華,2025,3,balance_sheet,權益─具證券性質之虛擬通貨,,--,sii,https://mopsov.twse.com.tw/mops/web/ajax_t163sb05
下游,邊緣運算_工業AI,2395,研華,2025,3,balance_sheet,資本公積,11822350,"11,822,350",sii,https://mopsov.twse.com.tw/mops/web/ajax_t163sb05
下游,邊緣運算_工業AI,2395,研華,2025,3,balance_sheet,保留盈餘,30033322,"30,033,322",sii,https://mopsov.twse.com.tw/mops/web/ajax_t163sb05
下游,邊緣運算_工業AI,2395,研華,2025,3,balance_sheet,其他權益,844223,"844,223",sii,https://mopsov.twse.com.tw/mops/web/ajax_t163sb05
下游,邊緣運算_工業AI,2395,研華,2025,3,balance_sheet,庫藏股票,,--,sii,https://mopsov.twse.com.tw/mops/web/ajax_t163sb05
下游,邊緣運算_工業AI,2395,研華,2025,3,balance_sheet,歸屬於母公司業主之權益合計,51351792,"51,351,792",sii,https://mopsov.twse.com.tw/mops/web/ajax_t163sb05
下游,邊緣運算_工業AI,2395,研華,2025,3,balance_sheet,共同控制下前手權益,,--,sii,https://mopsov.twse.com.tw/mops/web/ajax_t163sb05
下游,邊緣運算_工業AI,2395,研華,2025,3,balance_sheet,合併前非屬共同控制股權,,--,sii,https://mopsov.twse.com.tw/mops/web/ajax_t163sb05
下游,邊緣運算_工業AI,2395,研華,2025,3,balance_sheet,非控制權益,145280,"145,280",sii,https://mopsov.twse.com.tw/mops/web/ajax_t163sb05
下游,邊緣運算_工業AI,2395,研華,2025,3,balance_sheet,權益總計,51497072,"51,497,072",sii,https://mopsov.twse.com.tw/mops/web/ajax_t163sb05
下游,邊緣運算_工業AI,2395,研華,2025,3,balance_sheet,待註銷股本股數（單位：股）,,--,sii,https://mopsov.twse.com.tw/mops/web/ajax_t163sb05
下游,邊緣運算_工業AI,2395,研華,2025,3,balance_sheet,預收股款（權益項下）之約當發行股數（單位：股）,815346,"815,346",sii,https://mopsov.twse.com.tw/mops/web/ajax_t163sb05
下游,邊緣運算_工業AI,2395,研華,2025,3,balance_sheet,母公司暨子公司所持有之母公司庫藏股股數（單位：股）,0,0,sii,https://mopsov.twse.com.tw/mops/web/ajax_t163sb05
下游,邊緣運算_工業AI,2395,研華,2025,3,balance_sheet,每股參考淨值,59.35,59.35,sii,https://mopsov.twse.com.tw/mops/web/ajax_t163sb05
下游,邊緣運算_工業AI,6166,凌華,2025,3,balance_sheet,流動資產,7721013,"7,721,013",sii,https://mopsov.twse.com.tw/mops/web/ajax_t163sb05
下游,邊緣運算_工業AI,6166,凌華,2025,3,balance_sheet,非流動資產,5218724,"5,218,724",sii,https://mopsov.twse.com.tw/mops/web/ajax_t163sb05
下游,邊緣運算_工業AI,6166,凌華,2025,3,balance_sheet,資產總計,12939737,"12,939,737",sii,https://mopsov.twse.com.tw/mops/web/ajax_t163sb05
下游,邊緣運算_工業AI,6166,凌華,2025,3,balance_sheet,流動負債,5138076,"5,138,076",sii,https://mopsov.twse.com.tw/mops/web/ajax_t163sb05
下游,邊緣運算_工業AI,6166,凌華,2025,3,balance_sheet,非流動負債,2460146,"2,460,146",sii,https://mopsov.twse.com.tw/mops/web/ajax_t163sb05
下游,邊緣運算_工業AI,6166,凌華,2025,3,balance_sheet,負債總計,7598222,"7,598,222",sii,https://mopsov.twse.com.tw/mops/web/ajax_t163sb05
下游,邊緣運算_工業AI,6166,凌華,2025,3,balance_sheet,股本,2175953,"2,175,953",sii,https://mopsov.twse.com.tw/mops/web/ajax_t163sb05
下游,邊緣運算_工業AI,6166,凌華,2025,3,balance_sheet,權益─具證券性質之虛擬通貨,,--,sii,https://mopsov.twse.com.tw/mops/web/ajax_t163sb05
下游,邊緣運算_工業AI,6166,凌華,2025,3,balance_sheet,資本公積,1303960,"1,303,960",sii,https://mopsov.twse.com.tw/mops/web/ajax_t163sb05
下游,邊緣運算_工業AI,6166,凌華,2025,3,balance_sheet,保留盈餘,2038955,"2,038,955",sii,https://mopsov.twse.com.tw/mops/web/ajax_t163sb05
下游,邊緣運算_工業AI,6166,凌華,2025,3,balance_sheet,其他權益,-196155,"-196,155",sii,https://mopsov.twse.com.tw/mops/web/ajax_t163sb05
下游,邊緣運算_工業AI,6166,凌華,2025,3,balance_sheet,庫藏股票,,--,sii,https://mopsov.twse.com.tw/mops/web/ajax_t163sb05
下游,邊緣運算_工業AI,6166,凌華,2025,3,balance_sheet,歸屬於母公司業主之權益合計,5322713,"5,322,713",sii,https://mopsov.twse.com.tw/mops/web/ajax_t163sb05
下游,邊緣運算_工業AI,6166,凌華,2025,3,balance_sheet,共同控制下前手權益,,--,sii,https://mopsov.twse.com.tw/mops/web/ajax_t163sb05
下游,邊緣運算_工業AI,6166,凌華,2025,3,balance_sheet,合併前非屬共同控制股權,,--,sii,https://mopsov.twse.com.tw/mops/web/ajax_t163sb05
下游,邊緣運算_工業AI,6166,凌華,2025,3,balance_sheet,非控制權益,18802,"18,802",sii,https://mopsov.twse.com.tw/mops/web/ajax_t163sb05
下游,邊緣運算_工業AI,6166,凌華,2025,3,balance_sheet,權益總計,5341515,"5,341,515",sii,https://mopsov.twse.com.tw/mops/web/ajax_t163sb05
下游,邊緣運算_工業AI,6166,凌華,2025,3,balance_sheet,待註銷股本股數（單位：股）,,--,sii,https://mopsov.twse.com.tw/mops/web/ajax_t163sb05
下游,邊緣運算_工業AI,6166,凌華,2025,3,balance_sheet,預收股款（權益項下）之約當發行股數（單位：股）,0,0,sii,https://mopsov.twse.com.tw/mops/web/ajax_t163sb05
下游,邊緣運算_工業AI,6166,凌華,2025,3,balance_sheet,母公司暨子公司所持有之母公司庫藏股股數（單位：股）,0,0,sii,https://mopsov.twse.com.tw/mops/web/ajax_t163sb05
下游,邊緣運算_工業AI,6166,凌華,2025,3,balance_sheet,每股參考淨值,24.46,24.46,sii,https://mopsov.twse.com.tw/mops/web/ajax_t163sb05
下游,邊緣運算_工業AI,2395,研華,2025,3,cash_flow,營業活動之淨現金流入（流出）,8999297,"8,999,297",sii,https://mopsov.twse.com.tw/mops/web/ajax_t163sb20
下游,邊緣運算_工業AI,2395,研華,2025,3,cash_flow,投資活動之淨現金流入（流出）,-3159528,"-3,159,528",sii,https://mopsov.twse.com.tw/mops/web/ajax_t163sb20
下游,邊緣運算_工業AI,2395,研華,2025,3,cash_flow,籌資活動之淨現金流入（流出）,-7846941,"-7,846,941",sii,https://mopsov.twse.com.tw/mops/web/ajax_t163sb20
下游,邊緣運算_工業AI,2395,研華,2025,3,cash_flow,匯率變動對現金及約當現金之影響,-484250,"-484,250",sii,https://mopsov.twse.com.tw/mops/web/ajax_t163sb20
下游,邊緣運算_工業AI,2395,研華,2025,3,cash_flow,本期現金及約當現金增加（減少）數,-2491422,"-2,491,422",sii,https://mopsov.twse.com.tw/mops/web/ajax_t163sb20
下游,邊緣運算_工業AI,2395,研華,2025,3,cash_flow,期初現金及約當現金餘額,13617045,"13,617,045",sii,https://mopsov.twse.com.tw/mops/web/ajax_t163sb20
下游,邊緣運算_工業AI,2395,研華,2025,3,cash_flow,期末現金及約當現金餘額,11125623,"11,125,623",sii,https://mopsov.twse.com.tw/mops/web/ajax_t163sb20
下游,邊緣運算_工業AI,6166,凌華,2025,3,cash_flow,營業活動之淨現金流入（流出）,192971,"192,971",sii,https://mopsov.twse.com.tw/mops/web/ajax_t163sb20
下游,邊緣運算_工業AI,6166,凌華,2025,3,cash_flow,投資活動之淨現金流入（流出）,-89905,"-89,905",sii,https://mopsov.twse.com.tw/mops/web/ajax_t163sb20
下游,邊緣運算_工業AI,6166,凌華,2025,3,cash_flow,籌資活動之淨現金流入（流出）,141754,"141,754",sii,https://mopsov.twse.com.tw/mops/web/ajax_t163sb20
下游,邊緣運算_工業AI,6166,凌華,2025,3,cash_flow,匯率變動對現金及約當現金之影響,-87139,"-87,139",sii,https://mopsov.twse.com.tw/mops/web/ajax_t163sb20
下游,邊緣運算_工業AI,6166,凌華,2025,3,cash_flow,本期現金及約當現金增加（減少）數,157681,"157,681",sii,https://mopsov.twse.com.tw/mops/web/ajax_t163sb20
下游,邊緣運算_工業AI,6166,凌華,2025,3,cash_flow,期初現金及約當現金餘額,2055474,"2,055,474",sii,https://mopsov.twse.com.tw/mops/web/ajax_t163sb20
下游,邊緣運算_工業AI,6166,凌華,2025,3,cash_flow,期末現金及約當現金餘額,2213155,"2,213,155",sii,https://mopsov.twse.com.tw/mops/web/ajax_t163sb20
下游,邊緣運算_工業AI,2395,研華,2025,4,income_statement,營業收入,70882362,"70,882,362",sii,https://mopsov.twse.com.tw/mops/web/ajax_t163sb04
下游,邊緣運算_工業AI,2395,研華,2025,4,income_statement,營業成本,42684758,"42,684,758",sii,https://mopsov.twse.com.tw/mops/web/ajax_t163sb04
下游,邊緣運算_工業AI,2395,研華,2025,4,income_statement,原始認列生物資產及農產品之利益（損失）,,--,sii,https://mopsov.twse.com.tw/mops/web/ajax_t163sb04
下游,邊緣運算_工業AI,2395,研華,2025,4,income_statement,生物資產當期公允價值減出售成本之變動利益（損失）,,--,sii,https://mopsov.twse.com.tw/mops/web/ajax_t163sb04
下游,邊緣運算_工業AI,2395,研華,2025,4,income_statement,營業毛利（毛損）,28197604,"28,197,604",sii,https://mopsov.twse.com.tw/mops/web/ajax_t163sb04
下游,邊緣運算_工業AI,2395,研華,2025,4,income_statement,未實現銷貨（損）益,,--,sii,https://mopsov.twse.com.tw/mops/web/ajax_t163sb04
下游,邊緣運算_工業AI,2395,研華,2025,4,income_statement,已實現銷貨（損）益,,--,sii,https://mopsov.twse.com.tw/mops/web/ajax_t163sb04
下游,邊緣運算_工業AI,2395,研華,2025,4,income_statement,營業毛利（毛損）淨額,28197604,"28,197,604",sii,https://mopsov.twse.com.tw/mops/web/ajax_t163sb04
下游,邊緣運算_工業AI,2395,研華,2025,4,income_statement,營業費用,16630630,"16,630,630",sii,https://mopsov.twse.com.tw/mops/web/ajax_t163sb04
下游,邊緣運算_工業AI,2395,研華,2025,4,income_statement,其他收益及費損淨額,,--,sii,https://mopsov.twse.com.tw/mops/web/ajax_t163sb04
下游,邊緣運算_工業AI,2395,研華,2025,4,income_statement,營業利益（損失）,11566974,"11,566,974",sii,https://mopsov.twse.com.tw/mops/web/ajax_t163sb04
下游,邊緣運算_工業AI,2395,研華,2025,4,income_statement,營業外收入及支出,1122638,"1,122,638",sii,https://mopsov.twse.com.tw/mops/web/ajax_t163sb04
下游,邊緣運算_工業AI,2395,研華,2025,4,income_statement,稅前淨利（淨損）,12689612,"12,689,612",sii,https://mopsov.twse.com.tw/mops/web/ajax_t163sb04
下游,邊緣運算_工業AI,2395,研華,2025,4,income_statement,所得稅費用（利益）,2189096,"2,189,096",sii,https://mopsov.twse.com.tw/mops/web/ajax_t163sb04
下游,邊緣運算_工業AI,2395,研華,2025,4,income_statement,繼續營業單位本期淨利（淨損）,10500516,"10,500,516",sii,https://mopsov.twse.com.tw/mops/web/ajax_t163sb04
下游,邊緣運算_工業AI,2395,研華,2025,4,income_statement,停業單位損益,,--,sii,https://mopsov.twse.com.tw/mops/web/ajax_t163sb04
下游,邊緣運算_工業AI,2395,研華,2025,4,income_statement,合併前非屬共同控制股權損益,,--,sii,https://mopsov.twse.com.tw/mops/web/ajax_t163sb04
下游,邊緣運算_工業AI,2395,研華,2025,4,income_statement,本期淨利（淨損）,10500516,"10,500,516",sii,https://mopsov.twse.com.tw/mops/web/ajax_t163sb04
下游,邊緣運算_工業AI,2395,研華,2025,4,income_statement,其他綜合損益（淨額）,-405323,"-405,323",sii,https://mopsov.twse.com.tw/mops/web/ajax_t163sb04
下游,邊緣運算_工業AI,2395,研華,2025,4,income_statement,合併前非屬共同控制股權綜合損益淨額,,--,sii,https://mopsov.twse.com.tw/mops/web/ajax_t163sb04
下游,邊緣運算_工業AI,2395,研華,2025,4,income_statement,本期綜合損益總額,10095193,"10,095,193",sii,https://mopsov.twse.com.tw/mops/web/ajax_t163sb04
下游,邊緣運算_工業AI,2395,研華,2025,4,income_statement,淨利（淨損）歸屬於母公司業主,10592508,"10,592,508",sii,https://mopsov.twse.com.tw/mops/web/ajax_t163sb04
下游,邊緣運算_工業AI,2395,研華,2025,4,income_statement,淨利（淨損）歸屬於共同控制下前手權益,,--,sii,https://mopsov.twse.com.tw/mops/web/ajax_t163sb04
下游,邊緣運算_工業AI,2395,研華,2025,4,income_statement,淨利（淨損）歸屬於非控制權益,-91992,"-91,992",sii,https://mopsov.twse.com.tw/mops/web/ajax_t163sb04
下游,邊緣運算_工業AI,2395,研華,2025,4,income_statement,綜合損益總額歸屬於母公司業主,10204275,"10,204,275",sii,https://mopsov.twse.com.tw/mops/web/ajax_t163sb04
下游,邊緣運算_工業AI,2395,研華,2025,4,income_statement,綜合損益總額歸屬於共同控制下前手權益,,--,sii,https://mopsov.twse.com.tw/mops/web/ajax_t163sb04
下游,邊緣運算_工業AI,2395,研華,2025,4,income_statement,綜合損益總額歸屬於非控制權益,-109082,"-109,082",sii,https://mopsov.twse.com.tw/mops/web/ajax_t163sb04
下游,邊緣運算_工業AI,2395,研華,2025,4,income_statement,基本每股盈餘（元）,12.25,12.25,sii,https://mopsov.twse.com.tw/mops/web/ajax_t163sb04
下游,邊緣運算_工業AI,6166,凌華,2025,4,income_statement,營業收入,11801217,"11,801,217",sii,https://mopsov.twse.com.tw/mops/web/ajax_t163sb04
下游,邊緣運算_工業AI,6166,凌華,2025,4,income_statement,營業成本,7583037,"7,583,037",sii,https://mopsov.twse.com.tw/mops/web/ajax_t163sb04
下游,邊緣運算_工業AI,6166,凌華,2025,4,income_statement,原始認列生物資產及農產品之利益（損失）,,--,sii,https://mopsov.twse.com.tw/mops/web/ajax_t163sb04
下游,邊緣運算_工業AI,6166,凌華,2025,4,income_statement,生物資產當期公允價值減出售成本之變動利益（損失）,,--,sii,https://mopsov.twse.com.tw/mops/web/ajax_t163sb04
下游,邊緣運算_工業AI,6166,凌華,2025,4,income_statement,營業毛利（毛損）,4218180,"4,218,180",sii,https://mopsov.twse.com.tw/mops/web/ajax_t163sb04
下游,邊緣運算_工業AI,6166,凌華,2025,4,income_statement,未實現銷貨（損）益,0,0,sii,https://mopsov.twse.com.tw/mops/web/ajax_t163sb04
下游,邊緣運算_工業AI,6166,凌華,2025,4,income_statement,已實現銷貨（損）益,763,763,sii,https://mopsov.twse.com.tw/mops/web/ajax_t163sb04
下游,邊緣運算_工業AI,6166,凌華,2025,4,income_statement,營業毛利（毛損）淨額,4218943,"4,218,943",sii,https://mopsov.twse.com.tw/mops/web/ajax_t163sb04
下游,邊緣運算_工業AI,6166,凌華,2025,4,income_statement,營業費用,3561180,"3,561,180",sii,https://mopsov.twse.com.tw/mops/web/ajax_t163sb04
下游,邊緣運算_工業AI,6166,凌華,2025,4,income_statement,其他收益及費損淨額,,--,sii,https://mopsov.twse.com.tw/mops/web/ajax_t163sb04
下游,邊緣運算_工業AI,6166,凌華,2025,4,income_statement,營業利益（損失）,657763,"657,763",sii,https://mopsov.twse.com.tw/mops/web/ajax_t163sb04
下游,邊緣運算_工業AI,6166,凌華,2025,4,income_statement,營業外收入及支出,-14623,"-14,623",sii,https://mopsov.twse.com.tw/mops/web/ajax_t163sb04
下游,邊緣運算_工業AI,6166,凌華,2025,4,income_statement,稅前淨利（淨損）,643140,"643,140",sii,https://mopsov.twse.com.tw/mops/web/ajax_t163sb04
下游,邊緣運算_工業AI,6166,凌華,2025,4,income_statement,所得稅費用（利益）,143709,"143,709",sii,https://mopsov.twse.com.tw/mops/web/ajax_t163sb04
下游,邊緣運算_工業AI,6166,凌華,2025,4,income_statement,繼續營業單位本期淨利（淨損）,499431,"499,431",sii,https://mopsov.twse.com.tw/mops/web/ajax_t163sb04
下游,邊緣運算_工業AI,6166,凌華,2025,4,income_statement,停業單位損益,,--,sii,https://mopsov.twse.com.tw/mops/web/ajax_t163sb04
下游,邊緣運算_工業AI,6166,凌華,2025,4,income_statement,合併前非屬共同控制股權損益,,--,sii,https://mopsov.twse.com.tw/mops/web/ajax_t163sb04
下游,邊緣運算_工業AI,6166,凌華,2025,4,income_statement,本期淨利（淨損）,499431,"499,431",sii,https://mopsov.twse.com.tw/mops/web/ajax_t163sb04
下游,邊緣運算_工業AI,6166,凌華,2025,4,income_statement,其他綜合損益（淨額）,-115867,"-115,867",sii,https://mopsov.twse.com.tw/mops/web/ajax_t163sb04
下游,邊緣運算_工業AI,6166,凌華,2025,4,income_statement,合併前非屬共同控制股權綜合損益淨額,,--,sii,https://mopsov.twse.com.tw/mops/web/ajax_t163sb04
下游,邊緣運算_工業AI,6166,凌華,2025,4,income_statement,本期綜合損益總額,383564,"383,564",sii,https://mopsov.twse.com.tw/mops/web/ajax_t163sb04
下游,邊緣運算_工業AI,6166,凌華,2025,4,income_statement,淨利（淨損）歸屬於母公司業主,511507,"511,507",sii,https://mopsov.twse.com.tw/mops/web/ajax_t163sb04
下游,邊緣運算_工業AI,6166,凌華,2025,4,income_statement,淨利（淨損）歸屬於共同控制下前手權益,,--,sii,https://mopsov.twse.com.tw/mops/web/ajax_t163sb04
下游,邊緣運算_工業AI,6166,凌華,2025,4,income_statement,淨利（淨損）歸屬於非控制權益,-12076,"-12,076",sii,https://mopsov.twse.com.tw/mops/web/ajax_t163sb04
下游,邊緣運算_工業AI,6166,凌華,2025,4,income_statement,綜合損益總額歸屬於母公司業主,396529,"396,529",sii,https://mopsov.twse.com.tw/mops/web/ajax_t163sb04
下游,邊緣運算_工業AI,6166,凌華,2025,4,income_statement,綜合損益總額歸屬於共同控制下前手權益,,--,sii,https://mopsov.twse.com.tw/mops/web/ajax_t163sb04
下游,邊緣運算_工業AI,6166,凌華,2025,4,income_statement,綜合損益總額歸屬於非控制權益,-12965,"-12,965",sii,https://mopsov.twse.com.tw/mops/web/ajax_t163sb04
下游,邊緣運算_工業AI,6166,凌華,2025,4,income_statement,基本每股盈餘（元）,2.35,2.35,sii,https://mopsov.twse.com.tw/mops/web/ajax_t163sb04
下游,邊緣運算_工業AI,2395,研華,2025,4,balance_sheet,流動資產,42495527,"42,495,527",sii,https://mopsov.twse.com.tw/mops/web/ajax_t163sb05
下游,邊緣運算_工業AI,2395,研華,2025,4,balance_sheet,非流動資產,33221997,"33,221,997",sii,https://mopsov.twse.com.tw/mops/web/ajax_t163sb05
下游,邊緣運算_工業AI,2395,研華,2025,4,balance_sheet,資產總計,75717524,"75,717,524",sii,https://mopsov.twse.com.tw/mops/web/ajax_t163sb05
下游,邊緣運算_工業AI,2395,研華,2025,4,balance_sheet,流動負債,16517343,"16,517,343",sii,https://mopsov.twse.com.tw/mops/web/ajax_t163sb05
下游,邊緣運算_工業AI,2395,研華,2025,4,balance_sheet,非流動負債,4150916,"4,150,916",sii,https://mopsov.twse.com.tw/mops/web/ajax_t163sb05
下游,邊緣運算_工業AI,2395,研華,2025,4,balance_sheet,負債總計,20668259,"20,668,259",sii,https://mopsov.twse.com.tw/mops/web/ajax_t163sb05
下游,邊緣運算_工業AI,2395,研華,2025,4,balance_sheet,股本,8658303,"8,658,303",sii,https://mopsov.twse.com.tw/mops/web/ajax_t163sb05
下游,邊緣運算_工業AI,2395,研華,2025,4,balance_sheet,權益─具證券性質之虛擬通貨,,--,sii,https://mopsov.twse.com.tw/mops/web/ajax_t163sb05
下游,邊緣運算_工業AI,2395,研華,2025,4,balance_sheet,資本公積,12057154,"12,057,154",sii,https://mopsov.twse.com.tw/mops/web/ajax_t163sb05
下游,邊緣運算_工業AI,2395,研華,2025,4,balance_sheet,保留盈餘,33162960,"33,162,960",sii,https://mopsov.twse.com.tw/mops/web/ajax_t163sb05
下游,邊緣運算_工業AI,2395,研華,2025,4,balance_sheet,其他權益,1069064,"1,069,064",sii,https://mopsov.twse.com.tw/mops/web/ajax_t163sb05
下游,邊緣運算_工業AI,2395,研華,2025,4,balance_sheet,庫藏股票,,--,sii,https://mopsov.twse.com.tw/mops/web/ajax_t163sb05
下游,邊緣運算_工業AI,2395,研華,2025,4,balance_sheet,歸屬於母公司業主之權益合計,54947481,"54,947,481",sii,https://mopsov.twse.com.tw/mops/web/ajax_t163sb05
下游,邊緣運算_工業AI,2395,研華,2025,4,balance_sheet,共同控制下前手權益,,--,sii,https://mopsov.twse.com.tw/mops/web/ajax_t163sb05
下游,邊緣運算_工業AI,2395,研華,2025,4,balance_sheet,合併前非屬共同控制股權,,--,sii,https://mopsov.twse.com.tw/mops/web/ajax_t163sb05
下游,邊緣運算_工業AI,2395,研華,2025,4,balance_sheet,非控制權益,101784,"101,784",sii,https://mopsov.twse.com.tw/mops/web/ajax_t163sb05
下游,邊緣運算_工業AI,2395,研華,2025,4,balance_sheet,權益總計,55049265,"55,049,265",sii,https://mopsov.twse.com.tw/mops/web/ajax_t163sb05
下游,邊緣運算_工業AI,2395,研華,2025,4,balance_sheet,待註銷股本股數（單位：股）,,--,sii,https://mopsov.twse.com.tw/mops/web/ajax_t163sb05
下游,邊緣運算_工業AI,2395,研華,2025,4,balance_sheet,預收股款（權益項下）之約當發行股數（單位：股）,640500,"640,500",sii,https://mopsov.twse.com.tw/mops/web/ajax_t163sb05
下游,邊緣運算_工業AI,2395,研華,2025,4,balance_sheet,母公司暨子公司所持有之母公司庫藏股股數（單位：股）,0,0,sii,https://mopsov.twse.com.tw/mops/web/ajax_t163sb05
下游,邊緣運算_工業AI,2395,研華,2025,4,balance_sheet,每股參考淨值,63.46,63.46,sii,https://mopsov.twse.com.tw/mops/web/ajax_t163sb05
下游,邊緣運算_工業AI,6166,凌華,2025,4,balance_sheet,流動資產,7648707,"7,648,707",sii,https://mopsov.twse.com.tw/mops/web/ajax_t163sb05
下游,邊緣運算_工業AI,6166,凌華,2025,4,balance_sheet,非流動資產,5189232,"5,189,232",sii,https://mopsov.twse.com.tw/mops/web/ajax_t163sb05
下游,邊緣運算_工業AI,6166,凌華,2025,4,balance_sheet,資產總計,12837939,"12,837,939",sii,https://mopsov.twse.com.tw/mops/web/ajax_t163sb05
下游,邊緣運算_工業AI,6166,凌華,2025,4,balance_sheet,流動負債,4828259,"4,828,259",sii,https://mopsov.twse.com.tw/mops/web/ajax_t163sb05
下游,邊緣運算_工業AI,6166,凌華,2025,4,balance_sheet,非流動負債,2387650,"2,387,650",sii,https://mopsov.twse.com.tw/mops/web/ajax_t163sb05
下游,邊緣運算_工業AI,6166,凌華,2025,4,balance_sheet,負債總計,7215909,"7,215,909",sii,https://mopsov.twse.com.tw/mops/web/ajax_t163sb05
下游,邊緣運算_工業AI,6166,凌華,2025,4,balance_sheet,股本,2177243,"2,177,243",sii,https://mopsov.twse.com.tw/mops/web/ajax_t163sb05
下游,邊緣運算_工業AI,6166,凌華,2025,4,balance_sheet,權益─具證券性質之虛擬通貨,,--,sii,https://mopsov.twse.com.tw/mops/web/ajax_t163sb05
下游,邊緣運算_工業AI,6166,凌華,2025,4,balance_sheet,資本公積,1321736,"1,321,736",sii,https://mopsov.twse.com.tw/mops/web/ajax_t163sb05
下游,邊緣運算_工業AI,6166,凌華,2025,4,balance_sheet,保留盈餘,2222254,"2,222,254",sii,https://mopsov.twse.com.tw/mops/web/ajax_t163sb05
下游,邊緣運算_工業AI,6166,凌華,2025,4,balance_sheet,其他權益,-116505,"-116,505",sii,https://mopsov.twse.com.tw/mops/web/ajax_t163sb05
下游,邊緣運算_工業AI,6166,凌華,2025,4,balance_sheet,庫藏股票,,--,sii,https://mopsov.twse.com.tw/mops/web/ajax_t163sb05
下游,邊緣運算_工業AI,6166,凌華,2025,4,balance_sheet,歸屬於母公司業主之權益合計,5604728,"5,604,728",sii,https://mopsov.twse.com.tw/mops/web/ajax_t163sb05
下游,邊緣運算_工業AI,6166,凌華,2025,4,balance_sheet,共同控制下前手權益,,--,sii,https://mopsov.twse.com.tw/mops/web/ajax_t163sb05
下游,邊緣運算_工業AI,6166,凌華,2025,4,balance_sheet,合併前非屬共同控制股權,,--,sii,https://mopsov.twse.com.tw/mops/web/ajax_t163sb05
下游,邊緣運算_工業AI,6166,凌華,2025,4,balance_sheet,非控制權益,17302,"17,302",sii,https://mopsov.twse.com.tw/mops/web/ajax_t163sb05
下游,邊緣運算_工業AI,6166,凌華,2025,4,balance_sheet,權益總計,5622030,"5,622,030",sii,https://mopsov.twse.com.tw/mops/web/ajax_t163sb05
下游,邊緣運算_工業AI,6166,凌華,2025,4,balance_sheet,待註銷股本股數（單位：股）,,--,sii,https://mopsov.twse.com.tw/mops/web/ajax_t163sb05
下游,邊緣運算_工業AI,6166,凌華,2025,4,balance_sheet,預收股款（權益項下）之約當發行股數（單位：股）,0,0,sii,https://mopsov.twse.com.tw/mops/web/ajax_t163sb05
下游,邊緣運算_工業AI,6166,凌華,2025,4,balance_sheet,母公司暨子公司所持有之母公司庫藏股股數（單位：股）,0,0,sii,https://mopsov.twse.com.tw/mops/web/ajax_t163sb05
下游,邊緣運算_工業AI,6166,凌華,2025,4,balance_sheet,每股參考淨值,25.74,25.74,sii,https://mopsov.twse.com.tw/mops/web/ajax_t163sb05
下游,邊緣運算_工業AI,2395,研華,2025,4,cash_flow,營業活動之淨現金流入（流出）,9902694,"9,902,694",sii,https://mopsov.twse.com.tw/mops/web/ajax_t163sb20
下游,邊緣運算_工業AI,2395,研華,2025,4,cash_flow,投資活動之淨現金流入（流出）,-4220521,"-4,220,521",sii,https://mopsov.twse.com.tw/mops/web/ajax_t163sb20
下游,邊緣運算_工業AI,2395,研華,2025,4,cash_flow,籌資活動之淨現金流入（流出）,-7845594,"-7,845,594",sii,https://mopsov.twse.com.tw/mops/web/ajax_t163sb20
下游,邊緣運算_工業AI,2395,研華,2025,4,cash_flow,匯率變動對現金及約當現金之影響,-136345,"-136,345",sii,https://mopsov.twse.com.tw/mops/web/ajax_t163sb20
下游,邊緣運算_工業AI,2395,研華,2025,4,cash_flow,本期現金及約當現金增加（減少）數,-2299766,"-2,299,766",sii,https://mopsov.twse.com.tw/mops/web/ajax_t163sb20
下游,邊緣運算_工業AI,2395,研華,2025,4,cash_flow,期初現金及約當現金餘額,13617045,"13,617,045",sii,https://mopsov.twse.com.tw/mops/web/ajax_t163sb20
下游,邊緣運算_工業AI,2395,研華,2025,4,cash_flow,期末現金及約當現金餘額,11317279,"11,317,279",sii,https://mopsov.twse.com.tw/mops/web/ajax_t163sb20
下游,邊緣運算_工業AI,6166,凌華,2025,4,cash_flow,營業活動之淨現金流入（流出）,746727,"746,727",sii,https://mopsov.twse.com.tw/mops/web/ajax_t163sb20
下游,邊緣運算_工業AI,6166,凌華,2025,4,cash_flow,投資活動之淨現金流入（流出）,-127045,"-127,045",sii,https://mopsov.twse.com.tw/mops/web/ajax_t163sb20
下游,邊緣運算_工業AI,6166,凌華,2025,4,cash_flow,籌資活動之淨現金流入（流出）,-214929,"-214,929",sii,https://mopsov.twse.com.tw/mops/web/ajax_t163sb20
下游,邊緣運算_工業AI,6166,凌華,2025,4,cash_flow,匯率變動對現金及約當現金之影響,-1600,"-1,600",sii,https://mopsov.twse.com.tw/mops/web/ajax_t163sb20
下游,邊緣運算_工業AI,6166,凌華,2025,4,cash_flow,本期現金及約當現金增加（減少）數,403153,"403,153",sii,https://mopsov.twse.com.tw/mops/web/ajax_t163sb20
下游,邊緣運算_工業AI,6166,凌華,2025,4,cash_flow,期初現金及約當現金餘額,2055474,"2,055,474",sii,https://mopsov.twse.com.tw/mops/web/ajax_t163sb20
下游,邊緣運算_工業AI,6166,凌華,2025,4,cash_flow,期末現金及約當現金餘額,2458627,"2,458,627",sii,https://mopsov.twse.com.tw/mops/web/ajax_t163sb20
下游,邊緣運算_工業AI,2395,研華,2026,1,income_statement,營業收入,20385264,"20,385,264",sii,https://mopsov.twse.com.tw/mops/web/ajax_t163sb04
下游,邊緣運算_工業AI,2395,研華,2026,1,income_statement,營業成本,12405441,"12,405,441",sii,https://mopsov.twse.com.tw/mops/web/ajax_t163sb04
下游,邊緣運算_工業AI,2395,研華,2026,1,income_statement,原始認列生物資產及農產品之利益（損失）,,--,sii,https://mopsov.twse.com.tw/mops/web/ajax_t163sb04
下游,邊緣運算_工業AI,2395,研華,2026,1,income_statement,生物資產當期公允價值減出售成本之變動利益（損失）,,--,sii,https://mopsov.twse.com.tw/mops/web/ajax_t163sb04
下游,邊緣運算_工業AI,2395,研華,2026,1,income_statement,營業毛利（毛損）,7979823,"7,979,823",sii,https://mopsov.twse.com.tw/mops/web/ajax_t163sb04
下游,邊緣運算_工業AI,2395,研華,2026,1,income_statement,未實現銷貨（損）益,,--,sii,https://mopsov.twse.com.tw/mops/web/ajax_t163sb04
下游,邊緣運算_工業AI,2395,研華,2026,1,income_statement,已實現銷貨（損）益,,--,sii,https://mopsov.twse.com.tw/mops/web/ajax_t163sb04
下游,邊緣運算_工業AI,2395,研華,2026,1,income_statement,營業毛利（毛損）淨額,7979823,"7,979,823",sii,https://mopsov.twse.com.tw/mops/web/ajax_t163sb04
下游,邊緣運算_工業AI,2395,研華,2026,1,income_statement,營業費用,4251337,"4,251,337",sii,https://mopsov.twse.com.tw/mops/web/ajax_t163sb04
下游,邊緣運算_工業AI,2395,研華,2026,1,income_statement,其他收益及費損淨額,,--,sii,https://mopsov.twse.com.tw/mops/web/ajax_t163sb04
下游,邊緣運算_工業AI,2395,研華,2026,1,income_statement,營業利益（損失）,3728486,"3,728,486",sii,https://mopsov.twse.com.tw/mops/web/ajax_t163sb04
下游,邊緣運算_工業AI,2395,研華,2026,1,income_statement,營業外收入及支出,339801,"339,801",sii,https://mopsov.twse.com.tw/mops/web/ajax_t163sb04
下游,邊緣運算_工業AI,2395,研華,2026,1,income_statement,稅前淨利（淨損）,4068287,"4,068,287",sii,https://mopsov.twse.com.tw/mops/web/ajax_t163sb04
下游,邊緣運算_工業AI,2395,研華,2026,1,income_statement,所得稅費用（利益）,750007,"750,007",sii,https://mopsov.twse.com.tw/mops/web/ajax_t163sb04
下游,邊緣運算_工業AI,2395,研華,2026,1,income_statement,繼續營業單位本期淨利（淨損）,3318280,"3,318,280",sii,https://mopsov.twse.com.tw/mops/web/ajax_t163sb04
下游,邊緣運算_工業AI,2395,研華,2026,1,income_statement,停業單位損益,,--,sii,https://mopsov.twse.com.tw/mops/web/ajax_t163sb04
下游,邊緣運算_工業AI,2395,研華,2026,1,income_statement,合併前非屬共同控制股權損益,,--,sii,https://mopsov.twse.com.tw/mops/web/ajax_t163sb04
下游,邊緣運算_工業AI,2395,研華,2026,1,income_statement,本期淨利（淨損）,3318280,"3,318,280",sii,https://mopsov.twse.com.tw/mops/web/ajax_t163sb04
下游,邊緣運算_工業AI,2395,研華,2026,1,income_statement,其他綜合損益（淨額）,584800,"584,800",sii,https://mopsov.twse.com.tw/mops/web/ajax_t163sb04
下游,邊緣運算_工業AI,2395,研華,2026,1,income_statement,合併前非屬共同控制股權綜合損益淨額,,--,sii,https://mopsov.twse.com.tw/mops/web/ajax_t163sb04
下游,邊緣運算_工業AI,2395,研華,2026,1,income_statement,本期綜合損益總額,3903080,"3,903,080",sii,https://mopsov.twse.com.tw/mops/web/ajax_t163sb04
下游,邊緣運算_工業AI,2395,研華,2026,1,income_statement,淨利（淨損）歸屬於母公司業主,3334165,"3,334,165",sii,https://mopsov.twse.com.tw/mops/web/ajax_t163sb04
下游,邊緣運算_工業AI,2395,研華,2026,1,income_statement,淨利（淨損）歸屬於共同控制下前手權益,,--,sii,https://mopsov.twse.com.tw/mops/web/ajax_t163sb04
下游,邊緣運算_工業AI,2395,研華,2026,1,income_statement,淨利（淨損）歸屬於非控制權益,-15885,"-15,885",sii,https://mopsov.twse.com.tw/mops/web/ajax_t163sb04
下游,邊緣運算_工業AI,2395,研華,2026,1,income_statement,綜合損益總額歸屬於母公司業主,3917938,"3,917,938",sii,https://mopsov.twse.com.tw/mops/web/ajax_t163sb04
下游,邊緣運算_工業AI,2395,研華,2026,1,income_statement,綜合損益總額歸屬於共同控制下前手權益,,--,sii,https://mopsov.twse.com.tw/mops/web/ajax_t163sb04
下游,邊緣運算_工業AI,2395,研華,2026,1,income_statement,綜合損益總額歸屬於非控制權益,-14858,"-14,858",sii,https://mopsov.twse.com.tw/mops/web/ajax_t163sb04
下游,邊緣運算_工業AI,2395,研華,2026,1,income_statement,基本每股盈餘（元）,3.85,3.85,sii,https://mopsov.twse.com.tw/mops/web/ajax_t163sb04
下游,邊緣運算_工業AI,6166,凌華,2026,1,income_statement,營業收入,3443841,"3,443,841",sii,https://mopsov.twse.com.tw/mops/web/ajax_t163sb04
下游,邊緣運算_工業AI,6166,凌華,2026,1,income_statement,營業成本,2150786,"2,150,786",sii,https://mopsov.twse.com.tw/mops/web/ajax_t163sb04
下游,邊緣運算_工業AI,6166,凌華,2026,1,income_statement,原始認列生物資產及農產品之利益（損失）,,--,sii,https://mopsov.twse.com.tw/mops/web/ajax_t163sb04
下游,邊緣運算_工業AI,6166,凌華,2026,1,income_statement,生物資產當期公允價值減出售成本之變動利益（損失）,,--,sii,https://mopsov.twse.com.tw/mops/web/ajax_t163sb04
下游,邊緣運算_工業AI,6166,凌華,2026,1,income_statement,營業毛利（毛損）,1293055,"1,293,055",sii,https://mopsov.twse.com.tw/mops/web/ajax_t163sb04
下游,邊緣運算_工業AI,6166,凌華,2026,1,income_statement,未實現銷貨（損）益,,--,sii,https://mopsov.twse.com.tw/mops/web/ajax_t163sb04
下游,邊緣運算_工業AI,6166,凌華,2026,1,income_statement,已實現銷貨（損）益,0,0,sii,https://mopsov.twse.com.tw/mops/web/ajax_t163sb04
下游,邊緣運算_工業AI,6166,凌華,2026,1,income_statement,營業毛利（毛損）淨額,1293055,"1,293,055",sii,https://mopsov.twse.com.tw/mops/web/ajax_t163sb04
下游,邊緣運算_工業AI,6166,凌華,2026,1,income_statement,營業費用,875655,"875,655",sii,https://mopsov.twse.com.tw/mops/web/ajax_t163sb04
下游,邊緣運算_工業AI,6166,凌華,2026,1,income_statement,其他收益及費損淨額,,--,sii,https://mopsov.twse.com.tw/mops/web/ajax_t163sb04
下游,邊緣運算_工業AI,6166,凌華,2026,1,income_statement,營業利益（損失）,417400,"417,400",sii,https://mopsov.twse.com.tw/mops/web/ajax_t163sb04
下游,邊緣運算_工業AI,6166,凌華,2026,1,income_statement,營業外收入及支出,22728,"22,728",sii,https://mopsov.twse.com.tw/mops/web/ajax_t163sb04
下游,邊緣運算_工業AI,6166,凌華,2026,1,income_statement,稅前淨利（淨損）,440128,"440,128",sii,https://mopsov.twse.com.tw/mops/web/ajax_t163sb04
下游,邊緣運算_工業AI,6166,凌華,2026,1,income_statement,所得稅費用（利益）,100613,"100,613",sii,https://mopsov.twse.com.tw/mops/web/ajax_t163sb04
下游,邊緣運算_工業AI,6166,凌華,2026,1,income_statement,繼續營業單位本期淨利（淨損）,339515,"339,515",sii,https://mopsov.twse.com.tw/mops/web/ajax_t163sb04
下游,邊緣運算_工業AI,6166,凌華,2026,1,income_statement,停業單位損益,,--,sii,https://mopsov.twse.com.tw/mops/web/ajax_t163sb04
下游,邊緣運算_工業AI,6166,凌華,2026,1,income_statement,合併前非屬共同控制股權損益,,--,sii,https://mopsov.twse.com.tw/mops/web/ajax_t163sb04
下游,邊緣運算_工業AI,6166,凌華,2026,1,income_statement,本期淨利（淨損）,339515,"339,515",sii,https://mopsov.twse.com.tw/mops/web/ajax_t163sb04
下游,邊緣運算_工業AI,6166,凌華,2026,1,income_statement,其他綜合損益（淨額）,86728,"86,728",sii,https://mopsov.twse.com.tw/mops/web/ajax_t163sb04
下游,邊緣運算_工業AI,6166,凌華,2026,1,income_statement,合併前非屬共同控制股權綜合損益淨額,,--,sii,https://mopsov.twse.com.tw/mops/web/ajax_t163sb04
下游,邊緣運算_工業AI,6166,凌華,2026,1,income_statement,本期綜合損益總額,426243,"426,243",sii,https://mopsov.twse.com.tw/mops/web/ajax_t163sb04
下游,邊緣運算_工業AI,6166,凌華,2026,1,income_statement,淨利（淨損）歸屬於母公司業主,342530,"342,530",sii,https://mopsov.twse.com.tw/mops/web/ajax_t163sb04
下游,邊緣運算_工業AI,6166,凌華,2026,1,income_statement,淨利（淨損）歸屬於共同控制下前手權益,,--,sii,https://mopsov.twse.com.tw/mops/web/ajax_t163sb04
下游,邊緣運算_工業AI,6166,凌華,2026,1,income_statement,淨利（淨損）歸屬於非控制權益,-3015,"-3,015",sii,https://mopsov.twse.com.tw/mops/web/ajax_t163sb04
下游,邊緣運算_工業AI,6166,凌華,2026,1,income_statement,綜合損益總額歸屬於母公司業主,429148,"429,148",sii,https://mopsov.twse.com.tw/mops/web/ajax_t163sb04
下游,邊緣運算_工業AI,6166,凌華,2026,1,income_statement,綜合損益總額歸屬於共同控制下前手權益,,--,sii,https://mopsov.twse.com.tw/mops/web/ajax_t163sb04
下游,邊緣運算_工業AI,6166,凌華,2026,1,income_statement,綜合損益總額歸屬於非控制權益,-2905,"-2,905",sii,https://mopsov.twse.com.tw/mops/web/ajax_t163sb04
下游,邊緣運算_工業AI,6166,凌華,2026,1,income_statement,基本每股盈餘（元）,1.57,1.57,sii,https://mopsov.twse.com.tw/mops/web/ajax_t163sb04
下游,邊緣運算_工業AI,2395,研華,2026,1,balance_sheet,流動資產,49300373,"49,300,373",sii,https://mopsov.twse.com.tw/mops/web/ajax_t163sb05
下游,邊緣運算_工業AI,2395,研華,2026,1,balance_sheet,非流動資產,34468764,"34,468,764",sii,https://mopsov.twse.com.tw/mops/web/ajax_t163sb05
下游,邊緣運算_工業AI,2395,研華,2026,1,balance_sheet,資產總計,83769137,"83,769,137",sii,https://mopsov.twse.com.tw/mops/web/ajax_t163sb05
下游,邊緣運算_工業AI,2395,研華,2026,1,balance_sheet,流動負債,29811036,"29,811,036",sii,https://mopsov.twse.com.tw/mops/web/ajax_t163sb05
下游,邊緣運算_工業AI,2395,研華,2026,1,balance_sheet,非流動負債,4233093,"4,233,093",sii,https://mopsov.twse.com.tw/mops/web/ajax_t163sb05
下游,邊緣運算_工業AI,2395,研華,2026,1,balance_sheet,負債總計,34044129,"34,044,129",sii,https://mopsov.twse.com.tw/mops/web/ajax_t163sb05
下游,邊緣運算_工業AI,2395,研華,2026,1,balance_sheet,股本,8682545,"8,682,545",sii,https://mopsov.twse.com.tw/mops/web/ajax_t163sb05
下游,邊緣運算_工業AI,2395,研華,2026,1,balance_sheet,權益─具證券性質之虛擬通貨,,--,sii,https://mopsov.twse.com.tw/mops/web/ajax_t163sb05
下游,邊緣運算_工業AI,2395,研華,2026,1,balance_sheet,資本公積,10744973,"10,744,973",sii,https://mopsov.twse.com.tw/mops/web/ajax_t163sb05
下游,邊緣運算_工業AI,2395,研華,2026,1,balance_sheet,保留盈餘,28546047,"28,546,047",sii,https://mopsov.twse.com.tw/mops/web/ajax_t163sb05
下游,邊緣運算_工業AI,2395,研華,2026,1,balance_sheet,其他權益,1639867,"1,639,867",sii,https://mopsov.twse.com.tw/mops/web/ajax_t163sb05
下游,邊緣運算_工業AI,2395,研華,2026,1,balance_sheet,庫藏股票,,--,sii,https://mopsov.twse.com.tw/mops/web/ajax_t163sb05
下游,邊緣運算_工業AI,2395,研華,2026,1,balance_sheet,歸屬於母公司業主之權益合計,49613432,"49,613,432",sii,https://mopsov.twse.com.tw/mops/web/ajax_t163sb05
下游,邊緣運算_工業AI,2395,研華,2026,1,balance_sheet,共同控制下前手權益,,--,sii,https://mopsov.twse.com.tw/mops/web/ajax_t163sb05
下游,邊緣運算_工業AI,2395,研華,2026,1,balance_sheet,合併前非屬共同控制股權,,--,sii,https://mopsov.twse.com.tw/mops/web/ajax_t163sb05
下游,邊緣運算_工業AI,2395,研華,2026,1,balance_sheet,非控制權益,111576,"111,576",sii,https://mopsov.twse.com.tw/mops/web/ajax_t163sb05
下游,邊緣運算_工業AI,2395,研華,2026,1,balance_sheet,權益總計,49725008,"49,725,008",sii,https://mopsov.twse.com.tw/mops/web/ajax_t163sb05
下游,邊緣運算_工業AI,2395,研華,2026,1,balance_sheet,待註銷股本股數（單位：股）,,--,sii,https://mopsov.twse.com.tw/mops/web/ajax_t163sb05
下游,邊緣運算_工業AI,2395,研華,2026,1,balance_sheet,預收股款（權益項下）之約當發行股數（單位：股）,2424242,"2,424,242",sii,https://mopsov.twse.com.tw/mops/web/ajax_t163sb05
下游,邊緣運算_工業AI,2395,研華,2026,1,balance_sheet,母公司暨子公司所持有之母公司庫藏股股數（單位：股）,0,0,sii,https://mopsov.twse.com.tw/mops/web/ajax_t163sb05
下游,邊緣運算_工業AI,2395,研華,2026,1,balance_sheet,每股參考淨值,57.14,57.14,sii,https://mopsov.twse.com.tw/mops/web/ajax_t163sb05
下游,邊緣運算_工業AI,6166,凌華,2026,1,balance_sheet,流動資產,9685113,"9,685,113",sii,https://mopsov.twse.com.tw/mops/web/ajax_t163sb05
下游,邊緣運算_工業AI,6166,凌華,2026,1,balance_sheet,非流動資產,5155300,"5,155,300",sii,https://mopsov.twse.com.tw/mops/web/ajax_t163sb05
下游,邊緣運算_工業AI,6166,凌華,2026,1,balance_sheet,資產總計,14840413,"14,840,413",sii,https://mopsov.twse.com.tw/mops/web/ajax_t163sb05
下游,邊緣運算_工業AI,6166,凌華,2026,1,balance_sheet,流動負債,6814747,"6,814,747",sii,https://mopsov.twse.com.tw/mops/web/ajax_t163sb05
下游,邊緣運算_工業AI,6166,凌華,2026,1,balance_sheet,非流動負債,2227031,"2,227,031",sii,https://mopsov.twse.com.tw/mops/web/ajax_t163sb05
下游,邊緣運算_工業AI,6166,凌華,2026,1,balance_sheet,負債總計,9041778,"9,041,778",sii,https://mopsov.twse.com.tw/mops/web/ajax_t163sb05
下游,邊緣運算_工業AI,6166,凌華,2026,1,balance_sheet,股本,2177713,"2,177,713",sii,https://mopsov.twse.com.tw/mops/web/ajax_t163sb05
下游,邊緣運算_工業AI,6166,凌華,2026,1,balance_sheet,權益─具證券性質之虛擬通貨,,--,sii,https://mopsov.twse.com.tw/mops/web/ajax_t163sb05
下游,邊緣運算_工業AI,6166,凌華,2026,1,balance_sheet,資本公積,1332742,"1,332,742",sii,https://mopsov.twse.com.tw/mops/web/ajax_t163sb05
下游,邊緣運算_工業AI,6166,凌華,2026,1,balance_sheet,保留盈餘,2326236,"2,326,236",sii,https://mopsov.twse.com.tw/mops/web/ajax_t163sb05
下游,邊緣運算_工業AI,6166,凌華,2026,1,balance_sheet,其他權益,-52453,"-52,453",sii,https://mopsov.twse.com.tw/mops/web/ajax_t163sb05
下游,邊緣運算_工業AI,6166,凌華,2026,1,balance_sheet,庫藏股票,,--,sii,https://mopsov.twse.com.tw/mops/web/ajax_t163sb05
下游,邊緣運算_工業AI,6166,凌華,2026,1,balance_sheet,歸屬於母公司業主之權益合計,5784238,"5,784,238",sii,https://mopsov.twse.com.tw/mops/web/ajax_t163sb05
下游,邊緣運算_工業AI,6166,凌華,2026,1,balance_sheet,共同控制下前手權益,,--,sii,https://mopsov.twse.com.tw/mops/web/ajax_t163sb05
下游,邊緣運算_工業AI,6166,凌華,2026,1,balance_sheet,合併前非屬共同控制股權,,--,sii,https://mopsov.twse.com.tw/mops/web/ajax_t163sb05
下游,邊緣運算_工業AI,6166,凌華,2026,1,balance_sheet,非控制權益,14397,"14,397",sii,https://mopsov.twse.com.tw/mops/web/ajax_t163sb05
下游,邊緣運算_工業AI,6166,凌華,2026,1,balance_sheet,權益總計,5798635,"5,798,635",sii,https://mopsov.twse.com.tw/mops/web/ajax_t163sb05
下游,邊緣運算_工業AI,6166,凌華,2026,1,balance_sheet,待註銷股本股數（單位：股）,,--,sii,https://mopsov.twse.com.tw/mops/web/ajax_t163sb05
下游,邊緣運算_工業AI,6166,凌華,2026,1,balance_sheet,預收股款（權益項下）之約當發行股數（單位：股）,0,0,sii,https://mopsov.twse.com.tw/mops/web/ajax_t163sb05
下游,邊緣運算_工業AI,6166,凌華,2026,1,balance_sheet,母公司暨子公司所持有之母公司庫藏股股數（單位：股）,0,0,sii,https://mopsov.twse.com.tw/mops/web/ajax_t163sb05
下游,邊緣運算_工業AI,6166,凌華,2026,1,balance_sheet,每股參考淨值,26.56,26.56,sii,https://mopsov.twse.com.tw/mops/web/ajax_t163sb05
下游,邊緣運算_工業AI,2395,研華,2026,1,cash_flow,營業活動之淨現金流入（流出）,1113278,"1,113,278",sii,https://mopsov.twse.com.tw/mops/web/ajax_t163sb20
下游,邊緣運算_工業AI,2395,研華,2026,1,cash_flow,投資活動之淨現金流入（流出）,-2890318,"-2,890,318",sii,https://mopsov.twse.com.tw/mops/web/ajax_t163sb20
下游,邊緣運算_工業AI,2395,研華,2026,1,cash_flow,籌資活動之淨現金流入（流出）,290906,"290,906",sii,https://mopsov.twse.com.tw/mops/web/ajax_t163sb20
下游,邊緣運算_工業AI,2395,研華,2026,1,cash_flow,匯率變動對現金及約當現金之影響,170813,"170,813",sii,https://mopsov.twse.com.tw/mops/web/ajax_t163sb20
下游,邊緣運算_工業AI,2395,研華,2026,1,cash_flow,本期現金及約當現金增加（減少）數,-1315321,"-1,315,321",sii,https://mopsov.twse.com.tw/mops/web/ajax_t163sb20
下游,邊緣運算_工業AI,2395,研華,2026,1,cash_flow,期初現金及約當現金餘額,11317279,"11,317,279",sii,https://mopsov.twse.com.tw/mops/web/ajax_t163sb20
下游,邊緣運算_工業AI,2395,研華,2026,1,cash_flow,期末現金及約當現金餘額,10001958,"10,001,958",sii,https://mopsov.twse.com.tw/mops/web/ajax_t163sb20
下游,邊緣運算_工業AI,6166,凌華,2026,1,cash_flow,營業活動之淨現金流入（流出）,92469,"92,469",sii,https://mopsov.twse.com.tw/mops/web/ajax_t163sb20
下游,邊緣運算_工業AI,6166,凌華,2026,1,cash_flow,投資活動之淨現金流入（流出）,-5343,"-5,343",sii,https://mopsov.twse.com.tw/mops/web/ajax_t163sb20
下游,邊緣運算_工業AI,6166,凌華,2026,1,cash_flow,籌資活動之淨現金流入（流出）,-201056,"-201,056",sii,https://mopsov.twse.com.tw/mops/web/ajax_t163sb20
下游,邊緣運算_工業AI,6166,凌華,2026,1,cash_flow,匯率變動對現金及約當現金之影響,26860,"26,860",sii,https://mopsov.twse.com.tw/mops/web/ajax_t163sb20
下游,邊緣運算_工業AI,6166,凌華,2026,1,cash_flow,本期現金及約當現金增加（減少）數,-87070,"-87,070",sii,https://mopsov.twse.com.tw/mops/web/ajax_t163sb20
下游,邊緣運算_工業AI,6166,凌華,2026,1,cash_flow,期初現金及約當現金餘額,2458627,"2,458,627",sii,https://mopsov.twse.com.tw/mops/web/ajax_t163sb20
下游,邊緣運算_工業AI,6166,凌華,2026,1,cash_flow,期末現金及約當現金餘額,2371557,"2,371,557",sii,https://mopsov.twse.com.tw/mops/web/ajax_t163sb20
下游,邊緣運算_工業AI,2395,研華,2026,2,income_statement,營業收入,46511554,"46,511,554",sii,https://mopsov.twse.com.tw/mops/web/ajax_t163sb04
下游,邊緣運算_工業AI,2395,研華,2026,2,income_statement,營業成本,28686490,"28,686,490",sii,https://mopsov.twse.com.tw/mops/web/ajax_t163sb04
下游,邊緣運算_工業AI,2395,研華,2026,2,income_statement,原始認列生物資產及農產品之利益（損失）,,--,sii,https://mopsov.twse.com.tw/mops/web/ajax_t163sb04
下游,邊緣運算_工業AI,2395,研華,2026,2,income_statement,生物資產當期公允價值減出售成本之變動利益（損失）,,--,sii,https://mopsov.twse.com.tw/mops/web/ajax_t163sb04
下游,邊緣運算_工業AI,2395,研華,2026,2,income_statement,營業毛利（毛損）,17825064,"17,825,064",sii,https://mopsov.twse.com.tw/mops/web/ajax_t163sb04
下游,邊緣運算_工業AI,2395,研華,2026,2,income_statement,未實現銷貨（損）益,,--,sii,https://mopsov.twse.com.tw/mops/web/ajax_t163sb04
下游,邊緣運算_工業AI,2395,研華,2026,2,income_statement,已實現銷貨（損）益,,--,sii,https://mopsov.twse.com.tw/mops/web/ajax_t163sb04
下游,邊緣運算_工業AI,2395,研華,2026,2,income_statement,營業毛利（毛損）淨額,17825064,"17,825,064",sii,https://mopsov.twse.com.tw/mops/web/ajax_t163sb04
下游,邊緣運算_工業AI,2395,研華,2026,2,income_statement,營業費用,8969289,"8,969,289",sii,https://mopsov.twse.com.tw/mops/web/ajax_t163sb04
下游,邊緣運算_工業AI,2395,研華,2026,2,income_statement,其他收益及費損淨額,,--,sii,https://mopsov.twse.com.tw/mops/web/ajax_t163sb04
下游,邊緣運算_工業AI,2395,研華,2026,2,income_statement,營業利益（損失）,8855775,"8,855,775",sii,https://mopsov.twse.com.tw/mops/web/ajax_t163sb04
下游,邊緣運算_工業AI,2395,研華,2026,2,income_statement,營業外收入及支出,802495,"802,495",sii,https://mopsov.twse.com.tw/mops/web/ajax_t163sb04
下游,邊緣運算_工業AI,2395,研華,2026,2,income_statement,稅前淨利（淨損）,9658270,"9,658,270",sii,https://mopsov.twse.com.tw/mops/web/ajax_t163sb04
下游,邊緣運算_工業AI,2395,研華,2026,2,income_statement,所得稅費用（利益）,1836780,"1,836,780",sii,https://mopsov.twse.com.tw/mops/web/ajax_t163sb04
下游,邊緣運算_工業AI,2395,研華,2026,2,income_statement,繼續營業單位本期淨利（淨損）,7821490,"7,821,490",sii,https://mopsov.twse.com.tw/mops/web/ajax_t163sb04
下游,邊緣運算_工業AI,2395,研華,2026,2,income_statement,停業單位損益,,--,sii,https://mopsov.twse.com.tw/mops/web/ajax_t163sb04
下游,邊緣運算_工業AI,2395,研華,2026,2,income_statement,合併前非屬共同控制股權損益,,--,sii,https://mopsov.twse.com.tw/mops/web/ajax_t163sb04
下游,邊緣運算_工業AI,2395,研華,2026,2,income_statement,本期淨利（淨損）,7821490,"7,821,490",sii,https://mopsov.twse.com.tw/mops/web/ajax_t163sb04
下游,邊緣運算_工業AI,2395,研華,2026,2,income_statement,其他綜合損益（淨額）,1572644,"1,572,644",sii,https://mopsov.twse.com.tw/mops/web/ajax_t163sb04
下游,邊緣運算_工業AI,2395,研華,2026,2,income_statement,合併前非屬共同控制股權綜合損益淨額,,--,sii,https://mopsov.twse.com.tw/mops/web/ajax_t163sb04
下游,邊緣運算_工業AI,2395,研華,2026,2,income_statement,本期綜合損益總額,9394134,"9,394,134",sii,https://mopsov.twse.com.tw/mops/web/ajax_t163sb04
下游,邊緣運算_工業AI,2395,研華,2026,2,income_statement,淨利（淨損）歸屬於母公司業主,7852037,"7,852,037",sii,https://mopsov.twse.com.tw/mops/web/ajax_t163sb04
下游,邊緣運算_工業AI,2395,研華,2026,2,income_statement,淨利（淨損）歸屬於共同控制下前手權益,,--,sii,https://mopsov.twse.com.tw/mops/web/ajax_t163sb04
下游,邊緣運算_工業AI,2395,研華,2026,2,income_statement,淨利（淨損）歸屬於非控制權益,-30547,"-30,547",sii,https://mopsov.twse.com.tw/mops/web/ajax_t163sb04
下游,邊緣運算_工業AI,2395,研華,2026,2,income_statement,綜合損益總額歸屬於母公司業主,9423507,"9,423,507",sii,https://mopsov.twse.com.tw/mops/web/ajax_t163sb04
下游,邊緣運算_工業AI,2395,研華,2026,2,income_statement,綜合損益總額歸屬於共同控制下前手權益,,--,sii,https://mopsov.twse.com.tw/mops/web/ajax_t163sb04
下游,邊緣運算_工業AI,2395,研華,2026,2,income_statement,綜合損益總額歸屬於非控制權益,-29373,"-29,373",sii,https://mopsov.twse.com.tw/mops/web/ajax_t163sb04
下游,邊緣運算_工業AI,2395,研華,2026,2,income_statement,基本每股盈餘（元）,9.05,9.05,sii,https://mopsov.twse.com.tw/mops/web/ajax_t163sb04
下游,邊緣運算_工業AI,6166,凌華,2026,2,income_statement,營業收入,7903289,"7,903,289",sii,https://mopsov.twse.com.tw/mops/web/ajax_t163sb04
下游,邊緣運算_工業AI,6166,凌華,2026,2,income_statement,營業成本,5172648,"5,172,648",sii,https://mopsov.twse.com.tw/mops/web/ajax_t163sb04
下游,邊緣運算_工業AI,6166,凌華,2026,2,income_statement,原始認列生物資產及農產品之利益（損失）,,--,sii,https://mopsov.twse.com.tw/mops/web/ajax_t163sb04
下游,邊緣運算_工業AI,6166,凌華,2026,2,income_statement,生物資產當期公允價值減出售成本之變動利益（損失）,,--,sii,https://mopsov.twse.com.tw/mops/web/ajax_t163sb04
下游,邊緣運算_工業AI,6166,凌華,2026,2,income_statement,營業毛利（毛損）,2730641,"2,730,641",sii,https://mopsov.twse.com.tw/mops/web/ajax_t163sb04
下游,邊緣運算_工業AI,6166,凌華,2026,2,income_statement,未實現銷貨（損）益,,--,sii,https://mopsov.twse.com.tw/mops/web/ajax_t163sb04
下游,邊緣運算_工業AI,6166,凌華,2026,2,income_statement,已實現銷貨（損）益,0,0,sii,https://mopsov.twse.com.tw/mops/web/ajax_t163sb04
下游,邊緣運算_工業AI,6166,凌華,2026,2,income_statement,營業毛利（毛損）淨額,2730641,"2,730,641",sii,https://mopsov.twse.com.tw/mops/web/ajax_t163sb04
下游,邊緣運算_工業AI,6166,凌華,2026,2,income_statement,營業費用,1831047,"1,831,047",sii,https://mopsov.twse.com.tw/mops/web/ajax_t163sb04
下游,邊緣運算_工業AI,6166,凌華,2026,2,income_statement,其他收益及費損淨額,,--,sii,https://mopsov.twse.com.tw/mops/web/ajax_t163sb04
下游,邊緣運算_工業AI,6166,凌華,2026,2,income_statement,營業利益（損失）,899594,"899,594",sii,https://mopsov.twse.com.tw/mops/web/ajax_t163sb04
下游,邊緣運算_工業AI,6166,凌華,2026,2,income_statement,營業外收入及支出,18444,"18,444",sii,https://mopsov.twse.com.tw/mops/web/ajax_t163sb04
下游,邊緣運算_工業AI,6166,凌華,2026,2,income_statement,稅前淨利（淨損）,918038,"918,038",sii,https://mopsov.twse.com.tw/mops/web/ajax_t163sb04
下游,邊緣運算_工業AI,6166,凌華,2026,2,income_statement,所得稅費用（利益）,251031,"251,031",sii,https://mopsov.twse.com.tw/mops/web/ajax_t163sb04
下游,邊緣運算_工業AI,6166,凌華,2026,2,income_statement,繼續營業單位本期淨利（淨損）,667007,"667,007",sii,https://mopsov.twse.com.tw/mops/web/ajax_t163sb04
下游,邊緣運算_工業AI,6166,凌華,2026,2,income_statement,停業單位損益,,--,sii,https://mopsov.twse.com.tw/mops/web/ajax_t163sb04
下游,邊緣運算_工業AI,6166,凌華,2026,2,income_statement,合併前非屬共同控制股權損益,,--,sii,https://mopsov.twse.com.tw/mops/web/ajax_t163sb04
下游,邊緣運算_工業AI,6166,凌華,2026,2,income_statement,本期淨利（淨損）,667007,"667,007",sii,https://mopsov.twse.com.tw/mops/web/ajax_t163sb04
下游,邊緣運算_工業AI,6166,凌華,2026,2,income_statement,其他綜合損益（淨額）,107347,"107,347",sii,https://mopsov.twse.com.tw/mops/web/ajax_t163sb04
下游,邊緣運算_工業AI,6166,凌華,2026,2,income_statement,合併前非屬共同控制股權綜合損益淨額,,--,sii,https://mopsov.twse.com.tw/mops/web/ajax_t163sb04
下游,邊緣運算_工業AI,6166,凌華,2026,2,income_statement,本期綜合損益總額,774354,"774,354",sii,https://mopsov.twse.com.tw/mops/web/ajax_t163sb04
下游,邊緣運算_工業AI,6166,凌華,2026,2,income_statement,淨利（淨損）歸屬於母公司業主,679887,"679,887",sii,https://mopsov.twse.com.tw/mops/web/ajax_t163sb04
下游,邊緣運算_工業AI,6166,凌華,2026,2,income_statement,淨利（淨損）歸屬於共同控制下前手權益,,--,sii,https://mopsov.twse.com.tw/mops/web/ajax_t163sb04
下游,邊緣運算_工業AI,6166,凌華,2026,2,income_statement,淨利（淨損）歸屬於非控制權益,-12880,"-12,880",sii,https://mopsov.twse.com.tw/mops/web/ajax_t163sb04
下游,邊緣運算_工業AI,6166,凌華,2026,2,income_statement,綜合損益總額歸屬於母公司業主,786989,"786,989",sii,https://mopsov.twse.com.tw/mops/web/ajax_t163sb04
下游,邊緣運算_工業AI,6166,凌華,2026,2,income_statement,綜合損益總額歸屬於共同控制下前手權益,,--,sii,https://mopsov.twse.com.tw/mops/web/ajax_t163sb04
下游,邊緣運算_工業AI,6166,凌華,2026,2,income_statement,綜合損益總額歸屬於非控制權益,-12635,"-12,635",sii,https://mopsov.twse.com.tw/mops/web/ajax_t163sb04
下游,邊緣運算_工業AI,6166,凌華,2026,2,income_statement,基本每股盈餘（元）,3.12,3.12,sii,https://mopsov.twse.com.tw/mops/web/ajax_t163sb04
下游,邊緣運算_工業AI,2395,研華,2026,2,balance_sheet,流動資產,57103277,"57,103,277",sii,https://mopsov.twse.com.tw/mops/web/ajax_t163sb05
下游,邊緣運算_工業AI,2395,研華,2026,2,balance_sheet,非流動資產,36100533,"36,100,533",sii,https://mopsov.twse.com.tw/mops/web/ajax_t163sb05
下游,邊緣運算_工業AI,2395,研華,2026,2,balance_sheet,資產總計,93203810,"93,203,810",sii,https://mopsov.twse.com.tw/mops/web/ajax_t163sb05
下游,邊緣運算_工業AI,2395,研華,2026,2,balance_sheet,流動負債,33371279,"33,371,279",sii,https://mopsov.twse.com.tw/mops/web/ajax_t163sb05
下游,邊緣運算_工業AI,2395,研華,2026,2,balance_sheet,非流動負債,4378282,"4,378,282",sii,https://mopsov.twse.com.tw/mops/web/ajax_t163sb05
下游,邊緣運算_工業AI,2395,研華,2026,2,balance_sheet,負債總計,37749561,"37,749,561",sii,https://mopsov.twse.com.tw/mops/web/ajax_t163sb05
下游,邊緣運算_工業AI,2395,研華,2026,2,balance_sheet,股本,8690460,"8,690,460",sii,https://mopsov.twse.com.tw/mops/web/ajax_t163sb05
下游,邊緣運算_工業AI,2395,研華,2026,2,balance_sheet,權益─具證券性質之虛擬通貨,,--,sii,https://mopsov.twse.com.tw/mops/web/ajax_t163sb05
下游,邊緣運算_工業AI,2395,研華,2026,2,balance_sheet,資本公積,10951815,"10,951,815",sii,https://mopsov.twse.com.tw/mops/web/ajax_t163sb05
下游,邊緣運算_工業AI,2395,研華,2026,2,balance_sheet,保留盈餘,33159968,"33,159,968",sii,https://mopsov.twse.com.tw/mops/web/ajax_t163sb05
下游,邊緣運算_工業AI,2395,研華,2026,2,balance_sheet,其他權益,2533035,"2,533,035",sii,https://mopsov.twse.com.tw/mops/web/ajax_t163sb05
下游,邊緣運算_工業AI,2395,研華,2026,2,balance_sheet,庫藏股票,,--,sii,https://mopsov.twse.com.tw/mops/web/ajax_t163sb05
下游,邊緣運算_工業AI,2395,研華,2026,2,balance_sheet,歸屬於母公司業主之權益合計,55335278,"55,335,278",sii,https://mopsov.twse.com.tw/mops/web/ajax_t163sb05
下游,邊緣運算_工業AI,2395,研華,2026,2,balance_sheet,共同控制下前手權益,,--,sii,https://mopsov.twse.com.tw/mops/web/ajax_t163sb05
下游,邊緣運算_工業AI,2395,研華,2026,2,balance_sheet,合併前非屬共同控制股權,,--,sii,https://mopsov.twse.com.tw/mops/web/ajax_t163sb05
下游,邊緣運算_工業AI,2395,研華,2026,2,balance_sheet,非控制權益,118971,"118,971",sii,https://mopsov.twse.com.tw/mops/web/ajax_t163sb05
下游,邊緣運算_工業AI,2395,研華,2026,2,balance_sheet,權益總計,55454249,"55,454,249",sii,https://mopsov.twse.com.tw/mops/web/ajax_t163sb05
下游,邊緣運算_工業AI,2395,研華,2026,2,balance_sheet,待註銷股本股數（單位：股）,,--,sii,https://mopsov.twse.com.tw/mops/web/ajax_t163sb05
下游,邊緣運算_工業AI,2395,研華,2026,2,balance_sheet,預收股款（權益項下）之約當發行股數（單位：股）,791521,"791,521",sii,https://mopsov.twse.com.tw/mops/web/ajax_t163sb05
下游,邊緣運算_工業AI,2395,研華,2026,2,balance_sheet,母公司暨子公司所持有之母公司庫藏股股數（單位：股）,0,0,sii,https://mopsov.twse.com.tw/mops/web/ajax_t163sb05
下游,邊緣運算_工業AI,2395,研華,2026,2,balance_sheet,每股參考淨值,63.67,63.67,sii,https://mopsov.twse.com.tw/mops/web/ajax_t163sb05
下游,邊緣運算_工業AI,6166,凌華,2026,2,balance_sheet,流動資產,11437096,"11,437,096",sii,https://mopsov.twse.com.tw/mops/web/ajax_t163sb05
下游,邊緣運算_工業AI,6166,凌華,2026,2,balance_sheet,非流動資產,5154853,"5,154,853",sii,https://mopsov.twse.com.tw/mops/web/ajax_t163sb05
下游,邊緣運算_工業AI,6166,凌華,2026,2,balance_sheet,資產總計,16591949,"16,591,949",sii,https://mopsov.twse.com.tw/mops/web/ajax_t163sb05
下游,邊緣運算_工業AI,6166,凌華,2026,2,balance_sheet,流動負債,8328013,"8,328,013",sii,https://mopsov.twse.com.tw/mops/web/ajax_t163sb05
下游,邊緣運算_工業AI,6166,凌華,2026,2,balance_sheet,非流動負債,2090771,"2,090,771",sii,https://mopsov.twse.com.tw/mops/web/ajax_t163sb05
下游,邊緣運算_工業AI,6166,凌華,2026,2,balance_sheet,負債總計,10418784,"10,418,784",sii,https://mopsov.twse.com.tw/mops/web/ajax_t163sb05
下游,邊緣運算_工業AI,6166,凌華,2026,2,balance_sheet,股本,2177793,"2,177,793",sii,https://mopsov.twse.com.tw/mops/web/ajax_t163sb05
下游,邊緣運算_工業AI,6166,凌華,2026,2,balance_sheet,權益─具證券性質之虛擬通貨,,--,sii,https://mopsov.twse.com.tw/mops/web/ajax_t163sb05
下游,邊緣運算_工業AI,6166,凌華,2026,2,balance_sheet,資本公積,1359081,"1,359,081",sii,https://mopsov.twse.com.tw/mops/web/ajax_t163sb05
下游,邊緣運算_工業AI,6166,凌華,2026,2,balance_sheet,保留盈餘,2663593,"2,663,593",sii,https://mopsov.twse.com.tw/mops/web/ajax_t163sb05
下游,邊緣運算_工業AI,6166,凌華,2026,2,balance_sheet,其他權益,-31969,"-31,969",sii,https://mopsov.twse.com.tw/mops/web/ajax_t163sb05
下游,邊緣運算_工業AI,6166,凌華,2026,2,balance_sheet,庫藏股票,,--,sii,https://mopsov.twse.com.tw/mops/web/ajax_t163sb05
下游,邊緣運算_工業AI,6166,凌華,2026,2,balance_sheet,歸屬於母公司業主之權益合計,6168498,"6,168,498",sii,https://mopsov.twse.com.tw/mops/web/ajax_t163sb05
下游,邊緣運算_工業AI,6166,凌華,2026,2,balance_sheet,共同控制下前手權益,,--,sii,https://mopsov.twse.com.tw/mops/web/ajax_t163sb05
下游,邊緣運算_工業AI,6166,凌華,2026,2,balance_sheet,合併前非屬共同控制股權,,--,sii,https://mopsov.twse.com.tw/mops/web/ajax_t163sb05
下游,邊緣運算_工業AI,6166,凌華,2026,2,balance_sheet,非控制權益,4667,"4,667",sii,https://mopsov.twse.com.tw/mops/web/ajax_t163sb05
下游,邊緣運算_工業AI,6166,凌華,2026,2,balance_sheet,權益總計,6173165,"6,173,165",sii,https://mopsov.twse.com.tw/mops/web/ajax_t163sb05
下游,邊緣運算_工業AI,6166,凌華,2026,2,balance_sheet,待註銷股本股數（單位：股）,,--,sii,https://mopsov.twse.com.tw/mops/web/ajax_t163sb05
下游,邊緣運算_工業AI,6166,凌華,2026,2,balance_sheet,預收股款（權益項下）之約當發行股數（單位：股）,0,0,sii,https://mopsov.twse.com.tw/mops/web/ajax_t163sb05
下游,邊緣運算_工業AI,6166,凌華,2026,2,balance_sheet,母公司暨子公司所持有之母公司庫藏股股數（單位：股）,0,0,sii,https://mopsov.twse.com.tw/mops/web/ajax_t163sb05
下游,邊緣運算_工業AI,6166,凌華,2026,2,balance_sheet,每股參考淨值,28.32,28.32,sii,https://mopsov.twse.com.tw/mops/web/ajax_t163sb05
下游,邊緣運算_工業AI,2395,研華,2026,2,cash_flow,營業活動之淨現金流入（流出）,2666312,"2,666,312",sii,https://mopsov.twse.com.tw/mops/web/ajax_t163sb20
下游,邊緣運算_工業AI,2395,研華,2026,2,cash_flow,投資活動之淨現金流入（流出）,-1662077,"-1,662,077",sii,https://mopsov.twse.com.tw/mops/web/ajax_t163sb20
下游,邊緣運算_工業AI,2395,研華,2026,2,cash_flow,籌資活動之淨現金流入（流出）,365444,"365,444",sii,https://mopsov.twse.com.tw/mops/web/ajax_t163sb20
下游,邊緣運算_工業AI,2395,研華,2026,2,cash_flow,匯率變動對現金及約當現金之影響,62220,"62,220",sii,https://mopsov.twse.com.tw/mops/web/ajax_t163sb20
下游,邊緣運算_工業AI,2395,研華,2026,2,cash_flow,本期現金及約當現金增加（減少）數,1431899,"1,431,899",sii,https://mopsov.twse.com.tw/mops/web/ajax_t163sb20
下游,邊緣運算_工業AI,2395,研華,2026,2,cash_flow,期初現金及約當現金餘額,11317279,"11,317,279",sii,https://mopsov.twse.com.tw/mops/web/ajax_t163sb20
下游,邊緣運算_工業AI,2395,研華,2026,2,cash_flow,期末現金及約當現金餘額,12749178,"12,749,178",sii,https://mopsov.twse.com.tw/mops/web/ajax_t163sb20
下游,邊緣運算_工業AI,6166,凌華,2026,2,cash_flow,營業活動之淨現金流入（流出）,163366,"163,366",sii,https://mopsov.twse.com.tw/mops/web/ajax_t163sb20
下游,邊緣運算_工業AI,6166,凌華,2026,2,cash_flow,投資活動之淨現金流入（流出）,-106603,"-106,603",sii,https://mopsov.twse.com.tw/mops/web/ajax_t163sb20
下游,邊緣運算_工業AI,6166,凌華,2026,2,cash_flow,籌資活動之淨現金流入（流出）,-183658,"-183,658",sii,https://mopsov.twse.com.tw/mops/web/ajax_t163sb20
下游,邊緣運算_工業AI,6166,凌華,2026,2,cash_flow,匯率變動對現金及約當現金之影響,18839,"18,839",sii,https://mopsov.twse.com.tw/mops/web/ajax_t163sb20
下游,邊緣運算_工業AI,6166,凌華,2026,2,cash_flow,本期現金及約當現金增加（減少）數,-108056,"-108,056",sii,https://mopsov.twse.com.tw/mops/web/ajax_t163sb20
下游,邊緣運算_工業AI,6166,凌華,2026,2,cash_flow,期初現金及約當現金餘額,2458627,"2,458,627",sii,https://mopsov.twse.com.tw/mops/web/ajax_t163sb20
下游,邊緣運算_工業AI,6166,凌華,2026,2,cash_flow,期末現金及約當現金餘額,2350571,"2,350,571",sii,https://mopsov.twse.com.tw/mops/web/ajax_t163sb20
