stage,category,stock_id,company_name,year,quarter,statement,account,value,raw_value,market,source_url
下游,高速網路交換器,2345,智邦,2013,1,income_statement,營業收入,4844827,"4,844,827",sii,https://mopsov.twse.com.tw/mops/web/ajax_t163sb04
下游,高速網路交換器,2345,智邦,2013,1,income_statement,營業成本,4060942,"4,060,942",sii,https://mopsov.twse.com.tw/mops/web/ajax_t163sb04
下游,高速網路交換器,2345,智邦,2013,1,income_statement,營業毛利（毛損）,783885,"783,885",sii,https://mopsov.twse.com.tw/mops/web/ajax_t163sb04
下游,高速網路交換器,2345,智邦,2013,1,income_statement,未實現銷貨（損）益,,--,sii,https://mopsov.twse.com.tw/mops/web/ajax_t163sb04
下游,高速網路交換器,2345,智邦,2013,1,income_statement,已實現銷貨（損）益,160,160,sii,https://mopsov.twse.com.tw/mops/web/ajax_t163sb04
下游,高速網路交換器,2345,智邦,2013,1,income_statement,營業毛利（毛損）淨額,784045,"784,045",sii,https://mopsov.twse.com.tw/mops/web/ajax_t163sb04
下游,高速網路交換器,2345,智邦,2013,1,income_statement,營業費用,763804,"763,804",sii,https://mopsov.twse.com.tw/mops/web/ajax_t163sb04
下游,高速網路交換器,2345,智邦,2013,1,income_statement,其他收益及費損淨額,,--,sii,https://mopsov.twse.com.tw/mops/web/ajax_t163sb04
下游,高速網路交換器,2345,智邦,2013,1,income_statement,營業利益（損失）,20241,"20,241",sii,https://mopsov.twse.com.tw/mops/web/ajax_t163sb04
下游,高速網路交換器,2345,智邦,2013,1,income_statement,營業外收入及支出,77090,"77,090",sii,https://mopsov.twse.com.tw/mops/web/ajax_t163sb04
下游,高速網路交換器,2345,智邦,2013,1,income_statement,稅前淨利（淨損）,97331,"97,331",sii,https://mopsov.twse.com.tw/mops/web/ajax_t163sb04
下游,高速網路交換器,2345,智邦,2013,1,income_statement,所得稅費用（利益）,28088,"28,088",sii,https://mopsov.twse.com.tw/mops/web/ajax_t163sb04
下游,高速網路交換器,2345,智邦,2013,1,income_statement,繼續營業單位本期淨利（淨損）,69243,"69,243",sii,https://mopsov.twse.com.tw/mops/web/ajax_t163sb04
下游,高速網路交換器,2345,智邦,2013,1,income_statement,停業單位損益,,--,sii,https://mopsov.twse.com.tw/mops/web/ajax_t163sb04
下游,高速網路交換器,2345,智邦,2013,1,income_statement,合併前非屬共同控制股權損益,,--,sii,https://mopsov.twse.com.tw/mops/web/ajax_t163sb04
下游,高速網路交換器,2345,智邦,2013,1,income_statement,本期淨利（淨損）,69243,"69,243",sii,https://mopsov.twse.com.tw/mops/web/ajax_t163sb04
下游,高速網路交換器,2345,智邦,2013,1,income_statement,其他綜合損益（淨額）,187267,"187,267",sii,https://mopsov.twse.com.tw/mops/web/ajax_t163sb04
下游,高速網路交換器,2345,智邦,2013,1,income_statement,合併前非屬共同控制股權綜合損益淨額,,--,sii,https://mopsov.twse.com.tw/mops/web/ajax_t163sb04
下游,高速網路交換器,2345,智邦,2013,1,income_statement,本期綜合損益總額,256510,"256,510",sii,https://mopsov.twse.com.tw/mops/web/ajax_t163sb04
下游,高速網路交換器,2345,智邦,2013,1,income_statement,淨利（淨損）歸屬於母公司業主,69454,"69,454",sii,https://mopsov.twse.com.tw/mops/web/ajax_t163sb04
下游,高速網路交換器,2345,智邦,2013,1,income_statement,淨利（淨損）歸屬於共同控制下前手權益,,--,sii,https://mopsov.twse.com.tw/mops/web/ajax_t163sb04
下游,高速網路交換器,2345,智邦,2013,1,income_statement,淨利（淨損）歸屬於非控制權益,-211,-211,sii,https://mopsov.twse.com.tw/mops/web/ajax_t163sb04
下游,高速網路交換器,2345,智邦,2013,1,income_statement,綜合損益總額歸屬於母公司業主,256538,"256,538",sii,https://mopsov.twse.com.tw/mops/web/ajax_t163sb04
下游,高速網路交換器,2345,智邦,2013,1,income_statement,綜合損益總額歸屬於共同控制下前手權益,,--,sii,https://mopsov.twse.com.tw/mops/web/ajax_t163sb04
下游,高速網路交換器,2345,智邦,2013,1,income_statement,綜合損益總額歸屬於非控制權益,-28,-28,sii,https://mopsov.twse.com.tw/mops/web/ajax_t163sb04
下游,高速網路交換器,2345,智邦,2013,1,income_statement,基本每股盈餘（元）,0.13,0.13,sii,https://mopsov.twse.com.tw/mops/web/ajax_t163sb04
下游,高速網路交換器,2345,智邦,2013,1,balance_sheet,流動資產,10443709,"10,443,709",sii,https://mopsov.twse.com.tw/mops/web/ajax_t163sb05
下游,高速網路交換器,2345,智邦,2013,1,balance_sheet,非流動資產,2698680,"2,698,680",sii,https://mopsov.twse.com.tw/mops/web/ajax_t163sb05
下游,高速網路交換器,2345,智邦,2013,1,balance_sheet,資產總額,13142389,"13,142,389",sii,https://mopsov.twse.com.tw/mops/web/ajax_t163sb05
下游,高速網路交換器,2345,智邦,2013,1,balance_sheet,流動負債,5425251,"5,425,251",sii,https://mopsov.twse.com.tw/mops/web/ajax_t163sb05
下游,高速網路交換器,2345,智邦,2013,1,balance_sheet,非流動負債,325306,"325,306",sii,https://mopsov.twse.com.tw/mops/web/ajax_t163sb05
下游,高速網路交換器,2345,智邦,2013,1,balance_sheet,負債總額,5750557,"5,750,557",sii,https://mopsov.twse.com.tw/mops/web/ajax_t163sb05
下游,高速網路交換器,2345,智邦,2013,1,balance_sheet,股本,5248074,"5,248,074",sii,https://mopsov.twse.com.tw/mops/web/ajax_t163sb05
下游,高速網路交換器,2345,智邦,2013,1,balance_sheet,資本公積,571482,"571,482",sii,https://mopsov.twse.com.tw/mops/web/ajax_t163sb05
下游,高速網路交換器,2345,智邦,2013,1,balance_sheet,保留盈餘,1458738,"1,458,738",sii,https://mopsov.twse.com.tw/mops/web/ajax_t163sb05
下游,高速網路交換器,2345,智邦,2013,1,balance_sheet,其他權益,155083,"155,083",sii,https://mopsov.twse.com.tw/mops/web/ajax_t163sb05
下游,高速網路交換器,2345,智邦,2013,1,balance_sheet,庫藏股票,-50999,"-50,999",sii,https://mopsov.twse.com.tw/mops/web/ajax_t163sb05
下游,高速網路交換器,2345,智邦,2013,1,balance_sheet,歸屬於母公司業主之權益合計,7382378,"7,382,378",sii,https://mopsov.twse.com.tw/mops/web/ajax_t163sb05
下游,高速網路交換器,2345,智邦,2013,1,balance_sheet,共同控制下前手權益,,--,sii,https://mopsov.twse.com.tw/mops/web/ajax_t163sb05
下游,高速網路交換器,2345,智邦,2013,1,balance_sheet,合併前非屬共同控制股權,,--,sii,https://mopsov.twse.com.tw/mops/web/ajax_t163sb05
下游,高速網路交換器,2345,智邦,2013,1,balance_sheet,非控制權益,9454,"9,454",sii,https://mopsov.twse.com.tw/mops/web/ajax_t163sb05
下游,高速網路交換器,2345,智邦,2013,1,balance_sheet,權益總額,7391832,"7,391,832",sii,https://mopsov.twse.com.tw/mops/web/ajax_t163sb05
下游,高速網路交換器,2345,智邦,2013,1,balance_sheet,預收股款（權益項下）之約當發行股數（單位：股）,0,0,sii,https://mopsov.twse.com.tw/mops/web/ajax_t163sb05
下游,高速網路交換器,2345,智邦,2013,1,balance_sheet,母公司暨子公司所持有之母公司庫藏股股數（單位：股）,2209867,"2,209,867",sii,https://mopsov.twse.com.tw/mops/web/ajax_t163sb05
下游,高速網路交換器,2345,智邦,2013,1,balance_sheet,每股參考淨值,14.13,14.13,sii,https://mopsov.twse.com.tw/mops/web/ajax_t163sb05
下游,高速網路交換器,2345,智邦,2013,1,cash_flow,營業活動之淨現金流入（流出）,-464013,"-464,013",sii,https://mopsov.twse.com.tw/mops/web/ajax_t163sb20
下游,高速網路交換器,2345,智邦,2013,1,cash_flow,投資活動之淨現金流入（流出）,26400,"26,400",sii,https://mopsov.twse.com.tw/mops/web/ajax_t163sb20
下游,高速網路交換器,2345,智邦,2013,1,cash_flow,籌資活動之淨現金流入（流出）,-44451,"-44,451",sii,https://mopsov.twse.com.tw/mops/web/ajax_t163sb20
下游,高速網路交換器,2345,智邦,2013,1,cash_flow,匯率變動對現金及約當現金之影響,99181,"99,181",sii,https://mopsov.twse.com.tw/mops/web/ajax_t163sb20
下游,高速網路交換器,2345,智邦,2013,1,cash_flow,本期現金及約當現金增加（減少）數,-382883,"-382,883",sii,https://mopsov.twse.com.tw/mops/web/ajax_t163sb20
下游,高速網路交換器,2345,智邦,2013,1,cash_flow,期初現金及約當現金餘額,3560093,"3,560,093",sii,https://mopsov.twse.com.tw/mops/web/ajax_t163sb20
下游,高速網路交換器,2345,智邦,2013,1,cash_flow,期末現金及約當現金餘額,3177210,"3,177,210",sii,https://mopsov.twse.com.tw/mops/web/ajax_t163sb20
下游,高速網路交換器,2345,智邦,2013,2,income_statement,營業收入,10979032,"10,979,032",sii,https://mopsov.twse.com.tw/mops/web/ajax_t163sb04
下游,高速網路交換器,2345,智邦,2013,2,income_statement,營業成本,9185857,"9,185,857",sii,https://mopsov.twse.com.tw/mops/web/ajax_t163sb04
下游,高速網路交換器,2345,智邦,2013,2,income_statement,營業毛利（毛損）,1793175,"1,793,175",sii,https://mopsov.twse.com.tw/mops/web/ajax_t163sb04
下游,高速網路交換器,2345,智邦,2013,2,income_statement,未實現銷貨（損）益,,--,sii,https://mopsov.twse.com.tw/mops/web/ajax_t163sb04
下游,高速網路交換器,2345,智邦,2013,2,income_statement,已實現銷貨（損）益,249,249,sii,https://mopsov.twse.com.tw/mops/web/ajax_t163sb04
下游,高速網路交換器,2345,智邦,2013,2,income_statement,營業毛利（毛損）淨額,1793424,"1,793,424",sii,https://mopsov.twse.com.tw/mops/web/ajax_t163sb04
下游,高速網路交換器,2345,智邦,2013,2,income_statement,營業費用,1607482,"1,607,482",sii,https://mopsov.twse.com.tw/mops/web/ajax_t163sb04
下游,高速網路交換器,2345,智邦,2013,2,income_statement,其他收益及費損淨額,,--,sii,https://mopsov.twse.com.tw/mops/web/ajax_t163sb04
下游,高速網路交換器,2345,智邦,2013,2,income_statement,營業利益（損失）,185942,"185,942",sii,https://mopsov.twse.com.tw/mops/web/ajax_t163sb04
下游,高速網路交換器,2345,智邦,2013,2,income_statement,營業外收入及支出,141620,"141,620",sii,https://mopsov.twse.com.tw/mops/web/ajax_t163sb04
下游,高速網路交換器,2345,智邦,2013,2,income_statement,稅前淨利（淨損）,327562,"327,562",sii,https://mopsov.twse.com.tw/mops/web/ajax_t163sb04
下游,高速網路交換器,2345,智邦,2013,2,income_statement,所得稅費用（利益）,63312,"63,312",sii,https://mopsov.twse.com.tw/mops/web/ajax_t163sb04
下游,高速網路交換器,2345,智邦,2013,2,income_statement,繼續營業單位本期淨利（淨損）,264250,"264,250",sii,https://mopsov.twse.com.tw/mops/web/ajax_t163sb04
下游,高速網路交換器,2345,智邦,2013,2,income_statement,停業單位損益,,--,sii,https://mopsov.twse.com.tw/mops/web/ajax_t163sb04
下游,高速網路交換器,2345,智邦,2013,2,income_statement,合併前非屬共同控制股權損益,,--,sii,https://mopsov.twse.com.tw/mops/web/ajax_t163sb04
下游,高速網路交換器,2345,智邦,2013,2,income_statement,本期淨利（淨損）,264250,"264,250",sii,https://mopsov.twse.com.tw/mops/web/ajax_t163sb04
下游,高速網路交換器,2345,智邦,2013,2,income_statement,其他綜合損益（淨額）,206636,"206,636",sii,https://mopsov.twse.com.tw/mops/web/ajax_t163sb04
下游,高速網路交換器,2345,智邦,2013,2,income_statement,合併前非屬共同控制股權綜合損益淨額,,--,sii,https://mopsov.twse.com.tw/mops/web/ajax_t163sb04
下游,高速網路交換器,2345,智邦,2013,2,income_statement,本期綜合損益總額,470886,"470,886",sii,https://mopsov.twse.com.tw/mops/web/ajax_t163sb04
下游,高速網路交換器,2345,智邦,2013,2,income_statement,淨利（淨損）歸屬於母公司業主,265173,"265,173",sii,https://mopsov.twse.com.tw/mops/web/ajax_t163sb04
下游,高速網路交換器,2345,智邦,2013,2,income_statement,淨利（淨損）歸屬於共同控制下前手權益,,--,sii,https://mopsov.twse.com.tw/mops/web/ajax_t163sb04
下游,高速網路交換器,2345,智邦,2013,2,income_statement,淨利（淨損）歸屬於非控制權益,-923,-923,sii,https://mopsov.twse.com.tw/mops/web/ajax_t163sb04
下游,高速網路交換器,2345,智邦,2013,2,income_statement,綜合損益總額歸屬於母公司業主,471668,"471,668",sii,https://mopsov.twse.com.tw/mops/web/ajax_t163sb04
下游,高速網路交換器,2345,智邦,2013,2,income_statement,綜合損益總額歸屬於共同控制下前手權益,,--,sii,https://mopsov.twse.com.tw/mops/web/ajax_t163sb04
下游,高速網路交換器,2345,智邦,2013,2,income_statement,綜合損益總額歸屬於非控制權益,-782,-782,sii,https://mopsov.twse.com.tw/mops/web/ajax_t163sb04
下游,高速網路交換器,2345,智邦,2013,2,income_statement,基本每股盈餘（元）,0.51,0.51,sii,https://mopsov.twse.com.tw/mops/web/ajax_t163sb04
下游,高速網路交換器,2345,智邦,2013,2,balance_sheet,流動資產,11032126,"11,032,126",sii,https://mopsov.twse.com.tw/mops/web/ajax_t163sb05
下游,高速網路交換器,2345,智邦,2013,2,balance_sheet,非流動資產,2728678,"2,728,678",sii,https://mopsov.twse.com.tw/mops/web/ajax_t163sb05
下游,高速網路交換器,2345,智邦,2013,2,balance_sheet,資產總額,13760804,"13,760,804",sii,https://mopsov.twse.com.tw/mops/web/ajax_t163sb05
下游,高速網路交換器,2345,智邦,2013,2,balance_sheet,流動負債,6591327,"6,591,327",sii,https://mopsov.twse.com.tw/mops/web/ajax_t163sb05
下游,高速網路交換器,2345,智邦,2013,2,balance_sheet,非流動負債,325705,"325,705",sii,https://mopsov.twse.com.tw/mops/web/ajax_t163sb05
下游,高速網路交換器,2345,智邦,2013,2,balance_sheet,負債總額,6917032,"6,917,032",sii,https://mopsov.twse.com.tw/mops/web/ajax_t163sb05
下游,高速網路交換器,2345,智邦,2013,2,balance_sheet,股本,5262904,"5,262,904",sii,https://mopsov.twse.com.tw/mops/web/ajax_t163sb05
下游,高速網路交換器,2345,智邦,2013,2,balance_sheet,資本公積,578667,"578,667",sii,https://mopsov.twse.com.tw/mops/web/ajax_t163sb05
下游,高速網路交換器,2345,智邦,2013,2,balance_sheet,保留盈餘,868398,"868,398",sii,https://mopsov.twse.com.tw/mops/web/ajax_t163sb05
下游,高速網路交換器,2345,智邦,2013,2,balance_sheet,其他權益,174493,"174,493",sii,https://mopsov.twse.com.tw/mops/web/ajax_t163sb05
下游,高速網路交換器,2345,智邦,2013,2,balance_sheet,庫藏股票,-50999,"-50,999",sii,https://mopsov.twse.com.tw/mops/web/ajax_t163sb05
下游,高速網路交換器,2345,智邦,2013,2,balance_sheet,歸屬於母公司業主之權益合計,6833463,"6,833,463",sii,https://mopsov.twse.com.tw/mops/web/ajax_t163sb05
下游,高速網路交換器,2345,智邦,2013,2,balance_sheet,共同控制下前手權益,,--,sii,https://mopsov.twse.com.tw/mops/web/ajax_t163sb05
下游,高速網路交換器,2345,智邦,2013,2,balance_sheet,合併前非屬共同控制股權,,--,sii,https://mopsov.twse.com.tw/mops/web/ajax_t163sb05
下游,高速網路交換器,2345,智邦,2013,2,balance_sheet,非控制權益,10309,"10,309",sii,https://mopsov.twse.com.tw/mops/web/ajax_t163sb05
下游,高速網路交換器,2345,智邦,2013,2,balance_sheet,權益總額,6843772,"6,843,772",sii,https://mopsov.twse.com.tw/mops/web/ajax_t163sb05
下游,高速網路交換器,2345,智邦,2013,2,balance_sheet,預收股款（權益項下）之約當發行股數（單位：股）,0,0,sii,https://mopsov.twse.com.tw/mops/web/ajax_t163sb05
下游,高速網路交換器,2345,智邦,2013,2,balance_sheet,母公司暨子公司所持有之母公司庫藏股股數（單位：股）,2209867,"2,209,867",sii,https://mopsov.twse.com.tw/mops/web/ajax_t163sb05
下游,高速網路交換器,2345,智邦,2013,2,balance_sheet,每股參考淨值,13.04,13.04,sii,https://mopsov.twse.com.tw/mops/web/ajax_t163sb05
下游,高速網路交換器,2345,智邦,2013,2,cash_flow,營業活動之淨現金流入（流出）,-330561,"-330,561",sii,https://mopsov.twse.com.tw/mops/web/ajax_t163sb20
下游,高速網路交換器,2345,智邦,2013,2,cash_flow,投資活動之淨現金流入（流出）,57581,"57,581",sii,https://mopsov.twse.com.tw/mops/web/ajax_t163sb20
下游,高速網路交換器,2345,智邦,2013,2,cash_flow,籌資活動之淨現金流入（流出）,-56130,"-56,130",sii,https://mopsov.twse.com.tw/mops/web/ajax_t163sb20
下游,高速網路交換器,2345,智邦,2013,2,cash_flow,匯率變動對現金及約當現金之影響,118728,"118,728",sii,https://mopsov.twse.com.tw/mops/web/ajax_t163sb20
下游,高速網路交換器,2345,智邦,2013,2,cash_flow,本期現金及約當現金增加（減少）數,-210382,"-210,382",sii,https://mopsov.twse.com.tw/mops/web/ajax_t163sb20
下游,高速網路交換器,2345,智邦,2013,2,cash_flow,期初現金及約當現金餘額,3560093,"3,560,093",sii,https://mopsov.twse.com.tw/mops/web/ajax_t163sb20
下游,高速網路交換器,2345,智邦,2013,2,cash_flow,期末現金及約當現金餘額,3349711,"3,349,711",sii,https://mopsov.twse.com.tw/mops/web/ajax_t163sb20
下游,高速網路交換器,2345,智邦,2013,3,income_statement,營業收入,16622006,"16,622,006",sii,https://mopsov.twse.com.tw/mops/web/ajax_t163sb04
下游,高速網路交換器,2345,智邦,2013,3,income_statement,營業成本,13955434,"13,955,434",sii,https://mopsov.twse.com.tw/mops/web/ajax_t163sb04
下游,高速網路交換器,2345,智邦,2013,3,income_statement,營業毛利（毛損）,2666572,"2,666,572",sii,https://mopsov.twse.com.tw/mops/web/ajax_t163sb04
下游,高速網路交換器,2345,智邦,2013,3,income_statement,未實現銷貨（損）益,,--,sii,https://mopsov.twse.com.tw/mops/web/ajax_t163sb04
下游,高速網路交換器,2345,智邦,2013,3,income_statement,已實現銷貨（損）益,0,0,sii,https://mopsov.twse.com.tw/mops/web/ajax_t163sb04
下游,高速網路交換器,2345,智邦,2013,3,income_statement,營業毛利（毛損）淨額,2666572,"2,666,572",sii,https://mopsov.twse.com.tw/mops/web/ajax_t163sb04
下游,高速網路交換器,2345,智邦,2013,3,income_statement,營業費用,2421649,"2,421,649",sii,https://mopsov.twse.com.tw/mops/web/ajax_t163sb04
下游,高速網路交換器,2345,智邦,2013,3,income_statement,其他收益及費損淨額,,--,sii,https://mopsov.twse.com.tw/mops/web/ajax_t163sb04
下游,高速網路交換器,2345,智邦,2013,3,income_statement,營業利益（損失）,244923,"244,923",sii,https://mopsov.twse.com.tw/mops/web/ajax_t163sb04
下游,高速網路交換器,2345,智邦,2013,3,income_statement,營業外收入及支出,251143,"251,143",sii,https://mopsov.twse.com.tw/mops/web/ajax_t163sb04
下游,高速網路交換器,2345,智邦,2013,3,income_statement,稅前淨利（淨損）,496066,"496,066",sii,https://mopsov.twse.com.tw/mops/web/ajax_t163sb04
下游,高速網路交換器,2345,智邦,2013,3,income_statement,所得稅費用（利益）,96397,"96,397",sii,https://mopsov.twse.com.tw/mops/web/ajax_t163sb04
下游,高速網路交換器,2345,智邦,2013,3,income_statement,繼續營業單位本期淨利（淨損）,399669,"399,669",sii,https://mopsov.twse.com.tw/mops/web/ajax_t163sb04
下游,高速網路交換器,2345,智邦,2013,3,income_statement,停業單位損益,,--,sii,https://mopsov.twse.com.tw/mops/web/ajax_t163sb04
下游,高速網路交換器,2345,智邦,2013,3,income_statement,合併前非屬共同控制股權損益,,--,sii,https://mopsov.twse.com.tw/mops/web/ajax_t163sb04
下游,高速網路交換器,2345,智邦,2013,3,income_statement,本期淨利（淨損）,399669,"399,669",sii,https://mopsov.twse.com.tw/mops/web/ajax_t163sb04
下游,高速網路交換器,2345,智邦,2013,3,income_statement,其他綜合損益（淨額）,53626,"53,626",sii,https://mopsov.twse.com.tw/mops/web/ajax_t163sb04
下游,高速網路交換器,2345,智邦,2013,3,income_statement,合併前非屬共同控制股權綜合損益淨額,,--,sii,https://mopsov.twse.com.tw/mops/web/ajax_t163sb04
下游,高速網路交換器,2345,智邦,2013,3,income_statement,本期綜合損益總額,453295,"453,295",sii,https://mopsov.twse.com.tw/mops/web/ajax_t163sb04
下游,高速網路交換器,2345,智邦,2013,3,income_statement,淨利（淨損）歸屬於母公司業主,400758,"400,758",sii,https://mopsov.twse.com.tw/mops/web/ajax_t163sb04
下游,高速網路交換器,2345,智邦,2013,3,income_statement,淨利（淨損）歸屬於共同控制下前手權益,,--,sii,https://mopsov.twse.com.tw/mops/web/ajax_t163sb04
下游,高速網路交換器,2345,智邦,2013,3,income_statement,淨利（淨損）歸屬於非控制權益,-1089,"-1,089",sii,https://mopsov.twse.com.tw/mops/web/ajax_t163sb04
下游,高速網路交換器,2345,智邦,2013,3,income_statement,綜合損益總額歸屬於母公司業主,454485,"454,485",sii,https://mopsov.twse.com.tw/mops/web/ajax_t163sb04
下游,高速網路交換器,2345,智邦,2013,3,income_statement,綜合損益總額歸屬於共同控制下前手權益,,--,sii,https://mopsov.twse.com.tw/mops/web/ajax_t163sb04
下游,高速網路交換器,2345,智邦,2013,3,income_statement,綜合損益總額歸屬於非控制權益,-1190,"-1,190",sii,https://mopsov.twse.com.tw/mops/web/ajax_t163sb04
下游,高速網路交換器,2345,智邦,2013,3,income_statement,基本每股盈餘（元）,0.77,0.77,sii,https://mopsov.twse.com.tw/mops/web/ajax_t163sb04
下游,高速網路交換器,2345,智邦,2013,3,balance_sheet,流動資產,9995044,"9,995,044",sii,https://mopsov.twse.com.tw/mops/web/ajax_t163sb05
下游,高速網路交換器,2345,智邦,2013,3,balance_sheet,非流動資產,2662962,"2,662,962",sii,https://mopsov.twse.com.tw/mops/web/ajax_t163sb05
下游,高速網路交換器,2345,智邦,2013,3,balance_sheet,資產總額,12658006,"12,658,006",sii,https://mopsov.twse.com.tw/mops/web/ajax_t163sb05
下游,高速網路交換器,2345,智邦,2013,3,balance_sheet,流動負債,5496403,"5,496,403",sii,https://mopsov.twse.com.tw/mops/web/ajax_t163sb05
下游,高速網路交換器,2345,智邦,2013,3,balance_sheet,非流動負債,297500,"297,500",sii,https://mopsov.twse.com.tw/mops/web/ajax_t163sb05
下游,高速網路交換器,2345,智邦,2013,3,balance_sheet,負債總額,5793903,"5,793,903",sii,https://mopsov.twse.com.tw/mops/web/ajax_t163sb05
下游,高速網路交換器,2345,智邦,2013,3,balance_sheet,股本,5292009,"5,292,009",sii,https://mopsov.twse.com.tw/mops/web/ajax_t163sb05
下游,高速網路交換器,2345,智邦,2013,3,balance_sheet,資本公積,586971,"586,971",sii,https://mopsov.twse.com.tw/mops/web/ajax_t163sb05
下游,高速網路交換器,2345,智邦,2013,3,balance_sheet,保留盈餘,1003983,"1,003,983",sii,https://mopsov.twse.com.tw/mops/web/ajax_t163sb05
下游,高速網路交換器,2345,智邦,2013,3,balance_sheet,其他權益,21726,"21,726",sii,https://mopsov.twse.com.tw/mops/web/ajax_t163sb05
下游,高速網路交換器,2345,智邦,2013,3,balance_sheet,庫藏股票,-50999,"-50,999",sii,https://mopsov.twse.com.tw/mops/web/ajax_t163sb05
下游,高速網路交換器,2345,智邦,2013,3,balance_sheet,歸屬於母公司業主之權益合計,6853690,"6,853,690",sii,https://mopsov.twse.com.tw/mops/web/ajax_t163sb05
下游,高速網路交換器,2345,智邦,2013,3,balance_sheet,共同控制下前手權益,,--,sii,https://mopsov.twse.com.tw/mops/web/ajax_t163sb05
下游,高速網路交換器,2345,智邦,2013,3,balance_sheet,合併前非屬共同控制股權,,--,sii,https://mopsov.twse.com.tw/mops/web/ajax_t163sb05
下游,高速網路交換器,2345,智邦,2013,3,balance_sheet,非控制權益,10413,"10,413",sii,https://mopsov.twse.com.tw/mops/web/ajax_t163sb05
下游,高速網路交換器,2345,智邦,2013,3,balance_sheet,權益總額,6864103,"6,864,103",sii,https://mopsov.twse.com.tw/mops/web/ajax_t163sb05
下游,高速網路交換器,2345,智邦,2013,3,balance_sheet,預收股款（權益項下）之約當發行股數（單位：股）,0,0,sii,https://mopsov.twse.com.tw/mops/web/ajax_t163sb05
下游,高速網路交換器,2345,智邦,2013,3,balance_sheet,母公司暨子公司所持有之母公司庫藏股股數（單位：股）,2209867,"2,209,867",sii,https://mopsov.twse.com.tw/mops/web/ajax_t163sb05
下游,高速網路交換器,2345,智邦,2013,3,balance_sheet,每股參考淨值,13.01,13.01,sii,https://mopsov.twse.com.tw/mops/web/ajax_t163sb05
下游,高速網路交換器,2345,智邦,2013,3,cash_flow,營業活動之淨現金流入（流出）,133409,"133,409",sii,https://mopsov.twse.com.tw/mops/web/ajax_t163sb20
下游,高速網路交換器,2345,智邦,2013,3,cash_flow,投資活動之淨現金流入（流出）,150689,"150,689",sii,https://mopsov.twse.com.tw/mops/web/ajax_t163sb20
下游,高速網路交換器,2345,智邦,2013,3,cash_flow,籌資活動之淨現金流入（流出）,-840518,"-840,518",sii,https://mopsov.twse.com.tw/mops/web/ajax_t163sb20
下游,高速網路交換器,2345,智邦,2013,3,cash_flow,匯率變動對現金及約當現金之影響,74787,"74,787",sii,https://mopsov.twse.com.tw/mops/web/ajax_t163sb20
下游,高速網路交換器,2345,智邦,2013,3,cash_flow,本期現金及約當現金增加（減少）數,-481633,"-481,633",sii,https://mopsov.twse.com.tw/mops/web/ajax_t163sb20
下游,高速網路交換器,2345,智邦,2013,3,cash_flow,期初現金及約當現金餘額,3560093,"3,560,093",sii,https://mopsov.twse.com.tw/mops/web/ajax_t163sb20
下游,高速網路交換器,2345,智邦,2013,3,cash_flow,期末現金及約當現金餘額,3078460,"3,078,460",sii,https://mopsov.twse.com.tw/mops/web/ajax_t163sb20
下游,高速網路交換器,2345,智邦,2013,4,income_statement,營業收入,22637987,"22,637,987",sii,https://mopsov.twse.com.tw/mops/web/ajax_t163sb04
下游,高速網路交換器,2345,智邦,2013,4,income_statement,營業成本,19016860,"19,016,860",sii,https://mopsov.twse.com.tw/mops/web/ajax_t163sb04
下游,高速網路交換器,2345,智邦,2013,4,income_statement,營業毛利（毛損）,3621127,"3,621,127",sii,https://mopsov.twse.com.tw/mops/web/ajax_t163sb04
下游,高速網路交換器,2345,智邦,2013,4,income_statement,未實現銷貨（損）益,,--,sii,https://mopsov.twse.com.tw/mops/web/ajax_t163sb04
下游,高速網路交換器,2345,智邦,2013,4,income_statement,已實現銷貨（損）益,364,364,sii,https://mopsov.twse.com.tw/mops/web/ajax_t163sb04
下游,高速網路交換器,2345,智邦,2013,4,income_statement,營業毛利（毛損）淨額,3621491,"3,621,491",sii,https://mopsov.twse.com.tw/mops/web/ajax_t163sb04
下游,高速網路交換器,2345,智邦,2013,4,income_statement,營業費用,3230938,"3,230,938",sii,https://mopsov.twse.com.tw/mops/web/ajax_t163sb04
下游,高速網路交換器,2345,智邦,2013,4,income_statement,其他收益及費損淨額,,--,sii,https://mopsov.twse.com.tw/mops/web/ajax_t163sb04
下游,高速網路交換器,2345,智邦,2013,4,income_statement,營業利益（損失）,390553,"390,553",sii,https://mopsov.twse.com.tw/mops/web/ajax_t163sb04
下游,高速網路交換器,2345,智邦,2013,4,income_statement,營業外收入及支出,304215,"304,215",sii,https://mopsov.twse.com.tw/mops/web/ajax_t163sb04
下游,高速網路交換器,2345,智邦,2013,4,income_statement,稅前淨利（淨損）,694768,"694,768",sii,https://mopsov.twse.com.tw/mops/web/ajax_t163sb04
下游,高速網路交換器,2345,智邦,2013,4,income_statement,所得稅費用（利益）,138399,"138,399",sii,https://mopsov.twse.com.tw/mops/web/ajax_t163sb04
下游,高速網路交換器,2345,智邦,2013,4,income_statement,繼續營業單位本期淨利（淨損）,556369,"556,369",sii,https://mopsov.twse.com.tw/mops/web/ajax_t163sb04
下游,高速網路交換器,2345,智邦,2013,4,income_statement,停業單位損益,,--,sii,https://mopsov.twse.com.tw/mops/web/ajax_t163sb04
下游,高速網路交換器,2345,智邦,2013,4,income_statement,合併前非屬共同控制股權損益,,--,sii,https://mopsov.twse.com.tw/mops/web/ajax_t163sb04
下游,高速網路交換器,2345,智邦,2013,4,income_statement,本期淨利（淨損）,556369,"556,369",sii,https://mopsov.twse.com.tw/mops/web/ajax_t163sb04
下游,高速網路交換器,2345,智邦,2013,4,income_statement,其他綜合損益（淨額）,102803,"102,803",sii,https://mopsov.twse.com.tw/mops/web/ajax_t163sb04
下游,高速網路交換器,2345,智邦,2013,4,income_statement,合併前非屬共同控制股權綜合損益淨額,,--,sii,https://mopsov.twse.com.tw/mops/web/ajax_t163sb04
下游,高速網路交換器,2345,智邦,2013,4,income_statement,本期綜合損益總額,659172,"659,172",sii,https://mopsov.twse.com.tw/mops/web/ajax_t163sb04
下游,高速網路交換器,2345,智邦,2013,4,income_statement,淨利（淨損）歸屬於母公司業主,558531,"558,531",sii,https://mopsov.twse.com.tw/mops/web/ajax_t163sb04
下游,高速網路交換器,2345,智邦,2013,4,income_statement,淨利（淨損）歸屬於共同控制下前手權益,,--,sii,https://mopsov.twse.com.tw/mops/web/ajax_t163sb04
下游,高速網路交換器,2345,智邦,2013,4,income_statement,淨利（淨損）歸屬於非控制權益,-2162,"-2,162",sii,https://mopsov.twse.com.tw/mops/web/ajax_t163sb04
下游,高速網路交換器,2345,智邦,2013,4,income_statement,綜合損益總額歸屬於母公司業主,661490,"661,490",sii,https://mopsov.twse.com.tw/mops/web/ajax_t163sb04
下游,高速網路交換器,2345,智邦,2013,4,income_statement,綜合損益總額歸屬於共同控制下前手權益,,--,sii,https://mopsov.twse.com.tw/mops/web/ajax_t163sb04
下游,高速網路交換器,2345,智邦,2013,4,income_statement,綜合損益總額歸屬於非控制權益,-2318,"-2,318",sii,https://mopsov.twse.com.tw/mops/web/ajax_t163sb04
下游,高速網路交換器,2345,智邦,2013,4,income_statement,基本每股盈餘（元）,1.06,1.06,sii,https://mopsov.twse.com.tw/mops/web/ajax_t163sb04
下游,高速網路交換器,2345,智邦,2013,4,balance_sheet,流動資產,11552669,"11,552,669",sii,https://mopsov.twse.com.tw/mops/web/ajax_t163sb05
下游,高速網路交換器,2345,智邦,2013,4,balance_sheet,非流動資產,1993326,"1,993,326",sii,https://mopsov.twse.com.tw/mops/web/ajax_t163sb05
下游,高速網路交換器,2345,智邦,2013,4,balance_sheet,資產總額,13545995,"13,545,995",sii,https://mopsov.twse.com.tw/mops/web/ajax_t163sb05
下游,高速網路交換器,2345,智邦,2013,4,balance_sheet,流動負債,6165982,"6,165,982",sii,https://mopsov.twse.com.tw/mops/web/ajax_t163sb05
下游,高速網路交換器,2345,智邦,2013,4,balance_sheet,非流動負債,291537,"291,537",sii,https://mopsov.twse.com.tw/mops/web/ajax_t163sb05
下游,高速網路交換器,2345,智邦,2013,4,balance_sheet,負債總額,6457519,"6,457,519",sii,https://mopsov.twse.com.tw/mops/web/ajax_t163sb05
下游,高速網路交換器,2345,智邦,2013,4,balance_sheet,股本,5300619,"5,300,619",sii,https://mopsov.twse.com.tw/mops/web/ajax_t163sb05
下游,高速網路交換器,2345,智邦,2013,4,balance_sheet,資本公積,591739,"591,739",sii,https://mopsov.twse.com.tw/mops/web/ajax_t163sb05
下游,高速網路交換器,2345,智邦,2013,4,balance_sheet,保留盈餘,1168202,"1,168,202",sii,https://mopsov.twse.com.tw/mops/web/ajax_t163sb05
下游,高速網路交換器,2345,智邦,2013,4,balance_sheet,其他權益,64511,"64,511",sii,https://mopsov.twse.com.tw/mops/web/ajax_t163sb05
下游,高速網路交換器,2345,智邦,2013,4,balance_sheet,庫藏股票,-50999,"-50,999",sii,https://mopsov.twse.com.tw/mops/web/ajax_t163sb05
下游,高速網路交換器,2345,智邦,2013,4,balance_sheet,歸屬於母公司業主之權益合計,7074072,"7,074,072",sii,https://mopsov.twse.com.tw/mops/web/ajax_t163sb05
下游,高速網路交換器,2345,智邦,2013,4,balance_sheet,共同控制下前手權益,,--,sii,https://mopsov.twse.com.tw/mops/web/ajax_t163sb05
下游,高速網路交換器,2345,智邦,2013,4,balance_sheet,合併前非屬共同控制股權,,--,sii,https://mopsov.twse.com.tw/mops/web/ajax_t163sb05
下游,高速網路交換器,2345,智邦,2013,4,balance_sheet,非控制權益,14404,"14,404",sii,https://mopsov.twse.com.tw/mops/web/ajax_t163sb05
下游,高速網路交換器,2345,智邦,2013,4,balance_sheet,權益總額,7088476,"7,088,476",sii,https://mopsov.twse.com.tw/mops/web/ajax_t163sb05
下游,高速網路交換器,2345,智邦,2013,4,balance_sheet,預收股款（權益項下）之約當發行股數（單位：股）,0,0,sii,https://mopsov.twse.com.tw/mops/web/ajax_t163sb05
下游,高速網路交換器,2345,智邦,2013,4,balance_sheet,母公司暨子公司所持有之母公司庫藏股股數（單位：股）,2209867,"2,209,867",sii,https://mopsov.twse.com.tw/mops/web/ajax_t163sb05
下游,高速網路交換器,2345,智邦,2013,4,balance_sheet,每股參考淨值,13.4,13.40,sii,https://mopsov.twse.com.tw/mops/web/ajax_t163sb05
下游,高速網路交換器,2345,智邦,2013,4,cash_flow,營業活動之淨現金流入（流出）,1295870,"1,295,870",sii,https://mopsov.twse.com.tw/mops/web/ajax_t163sb20
下游,高速網路交換器,2345,智邦,2013,4,cash_flow,投資活動之淨現金流入（流出）,104374,"104,374",sii,https://mopsov.twse.com.tw/mops/web/ajax_t163sb20
下游,高速網路交換器,2345,智邦,2013,4,cash_flow,籌資活動之淨現金流入（流出）,-819236,"-819,236",sii,https://mopsov.twse.com.tw/mops/web/ajax_t163sb20
下游,高速網路交換器,2345,智邦,2013,4,cash_flow,匯率變動對現金及約當現金之影響,130062,"130,062",sii,https://mopsov.twse.com.tw/mops/web/ajax_t163sb20
下游,高速網路交換器,2345,智邦,2013,4,cash_flow,本期現金及約當現金增加（減少）數,711070,"711,070",sii,https://mopsov.twse.com.tw/mops/web/ajax_t163sb20
下游,高速網路交換器,2345,智邦,2013,4,cash_flow,期初現金及約當現金餘額,3560093,"3,560,093",sii,https://mopsov.twse.com.tw/mops/web/ajax_t163sb20
下游,高速網路交換器,2345,智邦,2013,4,cash_flow,期末現金及約當現金餘額,4271163,"4,271,163",sii,https://mopsov.twse.com.tw/mops/web/ajax_t163sb20
下游,高速網路交換器,2345,智邦,2014,1,income_statement,營業收入,5251497,"5,251,497",sii,https://mopsov.twse.com.tw/mops/web/ajax_t163sb04
下游,高速網路交換器,2345,智邦,2014,1,income_statement,營業成本,4427717,"4,427,717",sii,https://mopsov.twse.com.tw/mops/web/ajax_t163sb04
下游,高速網路交換器,2345,智邦,2014,1,income_statement,營業毛利（毛損）,823780,"823,780",sii,https://mopsov.twse.com.tw/mops/web/ajax_t163sb04
下游,高速網路交換器,2345,智邦,2014,1,income_statement,未實現銷貨（損）益,,--,sii,https://mopsov.twse.com.tw/mops/web/ajax_t163sb04
下游,高速網路交換器,2345,智邦,2014,1,income_statement,已實現銷貨（損）益,-830,-830,sii,https://mopsov.twse.com.tw/mops/web/ajax_t163sb04
下游,高速網路交換器,2345,智邦,2014,1,income_statement,營業毛利（毛損）淨額,822950,"822,950",sii,https://mopsov.twse.com.tw/mops/web/ajax_t163sb04
下游,高速網路交換器,2345,智邦,2014,1,income_statement,營業費用,774768,"774,768",sii,https://mopsov.twse.com.tw/mops/web/ajax_t163sb04
下游,高速網路交換器,2345,智邦,2014,1,income_statement,其他收益及費損淨額,,--,sii,https://mopsov.twse.com.tw/mops/web/ajax_t163sb04
下游,高速網路交換器,2345,智邦,2014,1,income_statement,營業利益（損失）,48182,"48,182",sii,https://mopsov.twse.com.tw/mops/web/ajax_t163sb04
下游,高速網路交換器,2345,智邦,2014,1,income_statement,營業外收入及支出,151135,"151,135",sii,https://mopsov.twse.com.tw/mops/web/ajax_t163sb04
下游,高速網路交換器,2345,智邦,2014,1,income_statement,稅前淨利（淨損）,199317,"199,317",sii,https://mopsov.twse.com.tw/mops/web/ajax_t163sb04
下游,高速網路交換器,2345,智邦,2014,1,income_statement,所得稅費用（利益）,10314,"10,314",sii,https://mopsov.twse.com.tw/mops/web/ajax_t163sb04
下游,高速網路交換器,2345,智邦,2014,1,income_statement,繼續營業單位本期淨利（淨損）,189003,"189,003",sii,https://mopsov.twse.com.tw/mops/web/ajax_t163sb04
下游,高速網路交換器,2345,智邦,2014,1,income_statement,停業單位損益,,--,sii,https://mopsov.twse.com.tw/mops/web/ajax_t163sb04
下游,高速網路交換器,2345,智邦,2014,1,income_statement,合併前非屬共同控制股權損益,,--,sii,https://mopsov.twse.com.tw/mops/web/ajax_t163sb04
下游,高速網路交換器,2345,智邦,2014,1,income_statement,本期淨利（淨損）,189003,"189,003",sii,https://mopsov.twse.com.tw/mops/web/ajax_t163sb04
下游,高速網路交換器,2345,智邦,2014,1,income_statement,其他綜合損益（淨額）,60691,"60,691",sii,https://mopsov.twse.com.tw/mops/web/ajax_t163sb04
下游,高速網路交換器,2345,智邦,2014,1,income_statement,合併前非屬共同控制股權綜合損益淨額,,--,sii,https://mopsov.twse.com.tw/mops/web/ajax_t163sb04
下游,高速網路交換器,2345,智邦,2014,1,income_statement,本期綜合損益總額,249694,"249,694",sii,https://mopsov.twse.com.tw/mops/web/ajax_t163sb04
下游,高速網路交換器,2345,智邦,2014,1,income_statement,淨利（淨損）歸屬於母公司業主,189195,"189,195",sii,https://mopsov.twse.com.tw/mops/web/ajax_t163sb04
下游,高速網路交換器,2345,智邦,2014,1,income_statement,淨利（淨損）歸屬於共同控制下前手權益,,--,sii,https://mopsov.twse.com.tw/mops/web/ajax_t163sb04
下游,高速網路交換器,2345,智邦,2014,1,income_statement,淨利（淨損）歸屬於非控制權益,-192,-192,sii,https://mopsov.twse.com.tw/mops/web/ajax_t163sb04
下游,高速網路交換器,2345,智邦,2014,1,income_statement,綜合損益總額歸屬於母公司業主,249845,"249,845",sii,https://mopsov.twse.com.tw/mops/web/ajax_t163sb04
下游,高速網路交換器,2345,智邦,2014,1,income_statement,綜合損益總額歸屬於共同控制下前手權益,,--,sii,https://mopsov.twse.com.tw/mops/web/ajax_t163sb04
下游,高速網路交換器,2345,智邦,2014,1,income_statement,綜合損益總額歸屬於非控制權益,-151,-151,sii,https://mopsov.twse.com.tw/mops/web/ajax_t163sb04
下游,高速網路交換器,2345,智邦,2014,1,income_statement,基本每股盈餘（元）,0.36,0.36,sii,https://mopsov.twse.com.tw/mops/web/ajax_t163sb04
下游,高速網路交換器,2345,智邦,2014,1,balance_sheet,流動資產,11331543,"11,331,543",sii,https://mopsov.twse.com.tw/mops/web/ajax_t163sb05
下游,高速網路交換器,2345,智邦,2014,1,balance_sheet,非流動資產,1959155,"1,959,155",sii,https://mopsov.twse.com.tw/mops/web/ajax_t163sb05
下游,高速網路交換器,2345,智邦,2014,1,balance_sheet,資產總額,13290698,"13,290,698",sii,https://mopsov.twse.com.tw/mops/web/ajax_t163sb05
下游,高速網路交換器,2345,智邦,2014,1,balance_sheet,流動負債,5732888,"5,732,888",sii,https://mopsov.twse.com.tw/mops/web/ajax_t163sb05
下游,高速網路交換器,2345,智邦,2014,1,balance_sheet,非流動負債,207050,"207,050",sii,https://mopsov.twse.com.tw/mops/web/ajax_t163sb05
下游,高速網路交換器,2345,智邦,2014,1,balance_sheet,負債總額,5939938,"5,939,938",sii,https://mopsov.twse.com.tw/mops/web/ajax_t163sb05
下游,高速網路交換器,2345,智邦,2014,1,balance_sheet,股本,5310079,"5,310,079",sii,https://mopsov.twse.com.tw/mops/web/ajax_t163sb05
下游,高速網路交換器,2345,智邦,2014,1,balance_sheet,資本公積,593289,"593,289",sii,https://mopsov.twse.com.tw/mops/web/ajax_t163sb05
下游,高速網路交換器,2345,智邦,2014,1,balance_sheet,保留盈餘,1357397,"1,357,397",sii,https://mopsov.twse.com.tw/mops/web/ajax_t163sb05
下游,高速網路交換器,2345,智邦,2014,1,balance_sheet,其他權益,125161,"125,161",sii,https://mopsov.twse.com.tw/mops/web/ajax_t163sb05
下游,高速網路交換器,2345,智邦,2014,1,balance_sheet,庫藏股票,-50999,"-50,999",sii,https://mopsov.twse.com.tw/mops/web/ajax_t163sb05
下游,高速網路交換器,2345,智邦,2014,1,balance_sheet,歸屬於母公司業主之權益合計,7334927,"7,334,927",sii,https://mopsov.twse.com.tw/mops/web/ajax_t163sb05
下游,高速網路交換器,2345,智邦,2014,1,balance_sheet,共同控制下前手權益,,--,sii,https://mopsov.twse.com.tw/mops/web/ajax_t163sb05
下游,高速網路交換器,2345,智邦,2014,1,balance_sheet,合併前非屬共同控制股權,,--,sii,https://mopsov.twse.com.tw/mops/web/ajax_t163sb05
下游,高速網路交換器,2345,智邦,2014,1,balance_sheet,非控制權益,15833,"15,833",sii,https://mopsov.twse.com.tw/mops/web/ajax_t163sb05
下游,高速網路交換器,2345,智邦,2014,1,balance_sheet,權益總額,7350760,"7,350,760",sii,https://mopsov.twse.com.tw/mops/web/ajax_t163sb05
下游,高速網路交換器,2345,智邦,2014,1,balance_sheet,待註銷股本股數（單位：股）,0,0,sii,https://mopsov.twse.com.tw/mops/web/ajax_t163sb05
下游,高速網路交換器,2345,智邦,2014,1,balance_sheet,預收股款（權益項下）之約當發行股數（單位：股）,0,0,sii,https://mopsov.twse.com.tw/mops/web/ajax_t163sb05
下游,高速網路交換器,2345,智邦,2014,1,balance_sheet,母公司暨子公司所持有之母公司庫藏股股數（單位：股）,2209867,"2,209,867",sii,https://mopsov.twse.com.tw/mops/web/ajax_t163sb05
下游,高速網路交換器,2345,智邦,2014,1,balance_sheet,每股參考淨值,13.87,13.87,sii,https://mopsov.twse.com.tw/mops/web/ajax_t163sb05
下游,高速網路交換器,2345,智邦,2014,1,cash_flow,營業活動之淨現金流入（流出）,-213077,"-213,077",sii,https://mopsov.twse.com.tw/mops/web/ajax_t163sb20
下游,高速網路交換器,2345,智邦,2014,1,cash_flow,投資活動之淨現金流入（流出）,586375,"586,375",sii,https://mopsov.twse.com.tw/mops/web/ajax_t163sb20
下游,高速網路交換器,2345,智邦,2014,1,cash_flow,籌資活動之淨現金流入（流出）,-24125,"-24,125",sii,https://mopsov.twse.com.tw/mops/web/ajax_t163sb20
下游,高速網路交換器,2345,智邦,2014,1,cash_flow,匯率變動對現金及約當現金之影響,82536,"82,536",sii,https://mopsov.twse.com.tw/mops/web/ajax_t163sb20
下游,高速網路交換器,2345,智邦,2014,1,cash_flow,本期現金及約當現金增加（減少）數,431709,"431,709",sii,https://mopsov.twse.com.tw/mops/web/ajax_t163sb20
下游,高速網路交換器,2345,智邦,2014,1,cash_flow,期初現金及約當現金餘額,4271163,"4,271,163",sii,https://mopsov.twse.com.tw/mops/web/ajax_t163sb20
下游,高速網路交換器,2345,智邦,2014,1,cash_flow,期末現金及約當現金餘額,4702872,"4,702,872",sii,https://mopsov.twse.com.tw/mops/web/ajax_t163sb20
下游,高速網路交換器,2345,智邦,2014,2,income_statement,營業收入,11204731,"11,204,731",sii,https://mopsov.twse.com.tw/mops/web/ajax_t163sb04
下游,高速網路交換器,2345,智邦,2014,2,income_statement,營業成本,9401306,"9,401,306",sii,https://mopsov.twse.com.tw/mops/web/ajax_t163sb04
下游,高速網路交換器,2345,智邦,2014,2,income_statement,營業毛利（毛損）,1803425,"1,803,425",sii,https://mopsov.twse.com.tw/mops/web/ajax_t163sb04
下游,高速網路交換器,2345,智邦,2014,2,income_statement,未實現銷貨（損）益,,--,sii,https://mopsov.twse.com.tw/mops/web/ajax_t163sb04
下游,高速網路交換器,2345,智邦,2014,2,income_statement,已實現銷貨（損）益,-716,-716,sii,https://mopsov.twse.com.tw/mops/web/ajax_t163sb04
下游,高速網路交換器,2345,智邦,2014,2,income_statement,營業毛利（毛損）淨額,1802709,"1,802,709",sii,https://mopsov.twse.com.tw/mops/web/ajax_t163sb04
下游,高速網路交換器,2345,智邦,2014,2,income_statement,營業費用,1608050,"1,608,050",sii,https://mopsov.twse.com.tw/mops/web/ajax_t163sb04
下游,高速網路交換器,2345,智邦,2014,2,income_statement,其他收益及費損淨額,,--,sii,https://mopsov.twse.com.tw/mops/web/ajax_t163sb04
下游,高速網路交換器,2345,智邦,2014,2,income_statement,營業利益（損失）,194659,"194,659",sii,https://mopsov.twse.com.tw/mops/web/ajax_t163sb04
下游,高速網路交換器,2345,智邦,2014,2,income_statement,營業外收入及支出,153517,"153,517",sii,https://mopsov.twse.com.tw/mops/web/ajax_t163sb04
下游,高速網路交換器,2345,智邦,2014,2,income_statement,稅前淨利（淨損）,348176,"348,176",sii,https://mopsov.twse.com.tw/mops/web/ajax_t163sb04
下游,高速網路交換器,2345,智邦,2014,2,income_statement,所得稅費用（利益）,5228,"5,228",sii,https://mopsov.twse.com.tw/mops/web/ajax_t163sb04
下游,高速網路交換器,2345,智邦,2014,2,income_statement,繼續營業單位本期淨利（淨損）,342948,"342,948",sii,https://mopsov.twse.com.tw/mops/web/ajax_t163sb04
下游,高速網路交換器,2345,智邦,2014,2,income_statement,停業單位損益,,--,sii,https://mopsov.twse.com.tw/mops/web/ajax_t163sb04
下游,高速網路交換器,2345,智邦,2014,2,income_statement,合併前非屬共同控制股權損益,,--,sii,https://mopsov.twse.com.tw/mops/web/ajax_t163sb04
下游,高速網路交換器,2345,智邦,2014,2,income_statement,本期淨利（淨損）,342948,"342,948",sii,https://mopsov.twse.com.tw/mops/web/ajax_t163sb04
下游,高速網路交換器,2345,智邦,2014,2,income_statement,其他綜合損益（淨額）,-14148,"-14,148",sii,https://mopsov.twse.com.tw/mops/web/ajax_t163sb04
下游,高速網路交換器,2345,智邦,2014,2,income_statement,合併前非屬共同控制股權綜合損益淨額,,--,sii,https://mopsov.twse.com.tw/mops/web/ajax_t163sb04
下游,高速網路交換器,2345,智邦,2014,2,income_statement,本期綜合損益總額,328800,"328,800",sii,https://mopsov.twse.com.tw/mops/web/ajax_t163sb04
下游,高速網路交換器,2345,智邦,2014,2,income_statement,淨利（淨損）歸屬於母公司業主,343078,"343,078",sii,https://mopsov.twse.com.tw/mops/web/ajax_t163sb04
下游,高速網路交換器,2345,智邦,2014,2,income_statement,淨利（淨損）歸屬於共同控制下前手權益,,--,sii,https://mopsov.twse.com.tw/mops/web/ajax_t163sb04
下游,高速網路交換器,2345,智邦,2014,2,income_statement,淨利（淨損）歸屬於非控制權益,-130,-130,sii,https://mopsov.twse.com.tw/mops/web/ajax_t163sb04
下游,高速網路交換器,2345,智邦,2014,2,income_statement,綜合損益總額歸屬於母公司業主,328908,"328,908",sii,https://mopsov.twse.com.tw/mops/web/ajax_t163sb04
下游,高速網路交換器,2345,智邦,2014,2,income_statement,綜合損益總額歸屬於共同控制下前手權益,,--,sii,https://mopsov.twse.com.tw/mops/web/ajax_t163sb04
下游,高速網路交換器,2345,智邦,2014,2,income_statement,綜合損益總額歸屬於非控制權益,-108,-108,sii,https://mopsov.twse.com.tw/mops/web/ajax_t163sb04
下游,高速網路交換器,2345,智邦,2014,2,income_statement,基本每股盈餘（元）,0.65,0.65,sii,https://mopsov.twse.com.tw/mops/web/ajax_t163sb04
下游,高速網路交換器,2345,智邦,2014,2,balance_sheet,流動資產,11535236,"11,535,236",sii,https://mopsov.twse.com.tw/mops/web/ajax_t163sb05
下游,高速網路交換器,2345,智邦,2014,2,balance_sheet,非流動資產,1920794,"1,920,794",sii,https://mopsov.twse.com.tw/mops/web/ajax_t163sb05
下游,高速網路交換器,2345,智邦,2014,2,balance_sheet,資產總額,13456030,"13,456,030",sii,https://mopsov.twse.com.tw/mops/web/ajax_t163sb05
下游,高速網路交換器,2345,智邦,2014,2,balance_sheet,流動負債,6298534,"6,298,534",sii,https://mopsov.twse.com.tw/mops/web/ajax_t163sb05
下游,高速網路交換器,2345,智邦,2014,2,balance_sheet,非流動負債,202767,"202,767",sii,https://mopsov.twse.com.tw/mops/web/ajax_t163sb05
下游,高速網路交換器,2345,智邦,2014,2,balance_sheet,負債總額,6501301,"6,501,301",sii,https://mopsov.twse.com.tw/mops/web/ajax_t163sb05
下游,高速網路交換器,2345,智邦,2014,2,balance_sheet,股本,5318499,"5,318,499",sii,https://mopsov.twse.com.tw/mops/web/ajax_t163sb05
下游,高速網路交換器,2345,智邦,2014,2,balance_sheet,資本公積,594499,"594,499",sii,https://mopsov.twse.com.tw/mops/web/ajax_t163sb05
下游,高速網路交換器,2345,智邦,2014,2,balance_sheet,保留盈餘,1025875,"1,025,875",sii,https://mopsov.twse.com.tw/mops/web/ajax_t163sb05
下游,高速網路交換器,2345,智邦,2014,2,balance_sheet,其他權益,50341,"50,341",sii,https://mopsov.twse.com.tw/mops/web/ajax_t163sb05
下游,高速網路交換器,2345,智邦,2014,2,balance_sheet,庫藏股票,-50999,"-50,999",sii,https://mopsov.twse.com.tw/mops/web/ajax_t163sb05
下游,高速網路交換器,2345,智邦,2014,2,balance_sheet,歸屬於母公司業主之權益合計,6938215,"6,938,215",sii,https://mopsov.twse.com.tw/mops/web/ajax_t163sb05
下游,高速網路交換器,2345,智邦,2014,2,balance_sheet,共同控制下前手權益,,--,sii,https://mopsov.twse.com.tw/mops/web/ajax_t163sb05
下游,高速網路交換器,2345,智邦,2014,2,balance_sheet,合併前非屬共同控制股權,,--,sii,https://mopsov.twse.com.tw/mops/web/ajax_t163sb05
下游,高速網路交換器,2345,智邦,2014,2,balance_sheet,非控制權益,16514,"16,514",sii,https://mopsov.twse.com.tw/mops/web/ajax_t163sb05
下游,高速網路交換器,2345,智邦,2014,2,balance_sheet,權益總額,6954729,"6,954,729",sii,https://mopsov.twse.com.tw/mops/web/ajax_t163sb05
下游,高速網路交換器,2345,智邦,2014,2,balance_sheet,待註銷股本股數（單位：股）,0,0,sii,https://mopsov.twse.com.tw/mops/web/ajax_t163sb05
下游,高速網路交換器,2345,智邦,2014,2,balance_sheet,預收股款（權益項下）之約當發行股數（單位：股）,0,0,sii,https://mopsov.twse.com.tw/mops/web/ajax_t163sb05
下游,高速網路交換器,2345,智邦,2014,2,balance_sheet,母公司暨子公司所持有之母公司庫藏股股數（單位：股）,2209867,"2,209,867",sii,https://mopsov.twse.com.tw/mops/web/ajax_t163sb05
下游,高速網路交換器,2345,智邦,2014,2,balance_sheet,每股參考淨值,13.1,13.10,sii,https://mopsov.twse.com.tw/mops/web/ajax_t163sb05
下游,高速網路交換器,2345,智邦,2014,2,cash_flow,營業活動之淨現金流入（流出）,-181281,"-181,281",sii,https://mopsov.twse.com.tw/mops/web/ajax_t163sb20
下游,高速網路交換器,2345,智邦,2014,2,cash_flow,投資活動之淨現金流入（流出）,566035,"566,035",sii,https://mopsov.twse.com.tw/mops/web/ajax_t163sb20
下游,高速網路交換器,2345,智邦,2014,2,cash_flow,籌資活動之淨現金流入（流出）,-14918,"-14,918",sii,https://mopsov.twse.com.tw/mops/web/ajax_t163sb20
下游,高速網路交換器,2345,智邦,2014,2,cash_flow,匯率變動對現金及約當現金之影響,-29105,"-29,105",sii,https://mopsov.twse.com.tw/mops/web/ajax_t163sb20
下游,高速網路交換器,2345,智邦,2014,2,cash_flow,本期現金及約當現金增加（減少）數,340731,"340,731",sii,https://mopsov.twse.com.tw/mops/web/ajax_t163sb20
下游,高速網路交換器,2345,智邦,2014,2,cash_flow,期初現金及約當現金餘額,4271163,"4,271,163",sii,https://mopsov.twse.com.tw/mops/web/ajax_t163sb20
下游,高速網路交換器,2345,智邦,2014,2,cash_flow,期末現金及約當現金餘額,4611894,"4,611,894",sii,https://mopsov.twse.com.tw/mops/web/ajax_t163sb20
下游,高速網路交換器,2345,智邦,2014,3,income_statement,營業收入,16551863,"16,551,863",sii,https://mopsov.twse.com.tw/mops/web/ajax_t163sb04
下游,高速網路交換器,2345,智邦,2014,3,income_statement,營業成本,13898819,"13,898,819",sii,https://mopsov.twse.com.tw/mops/web/ajax_t163sb04
下游,高速網路交換器,2345,智邦,2014,3,income_statement,營業毛利（毛損）,2653044,"2,653,044",sii,https://mopsov.twse.com.tw/mops/web/ajax_t163sb04
下游,高速網路交換器,2345,智邦,2014,3,income_statement,未實現銷貨（損）益,,--,sii,https://mopsov.twse.com.tw/mops/web/ajax_t163sb04
下游,高速網路交換器,2345,智邦,2014,3,income_statement,已實現銷貨（損）益,-907,-907,sii,https://mopsov.twse.com.tw/mops/web/ajax_t163sb04
下游,高速網路交換器,2345,智邦,2014,3,income_statement,營業毛利（毛損）淨額,2652137,"2,652,137",sii,https://mopsov.twse.com.tw/mops/web/ajax_t163sb04
下游,高速網路交換器,2345,智邦,2014,3,income_statement,營業費用,2409623,"2,409,623",sii,https://mopsov.twse.com.tw/mops/web/ajax_t163sb04
下游,高速網路交換器,2345,智邦,2014,3,income_statement,其他收益及費損淨額,,--,sii,https://mopsov.twse.com.tw/mops/web/ajax_t163sb04
下游,高速網路交換器,2345,智邦,2014,3,income_statement,營業利益（損失）,242514,"242,514",sii,https://mopsov.twse.com.tw/mops/web/ajax_t163sb04
下游,高速網路交換器,2345,智邦,2014,3,income_statement,營業外收入及支出,174511,"174,511",sii,https://mopsov.twse.com.tw/mops/web/ajax_t163sb04
下游,高速網路交換器,2345,智邦,2014,3,income_statement,稅前淨利（淨損）,417025,"417,025",sii,https://mopsov.twse.com.tw/mops/web/ajax_t163sb04
下游,高速網路交換器,2345,智邦,2014,3,income_statement,所得稅費用（利益）,9391,"9,391",sii,https://mopsov.twse.com.tw/mops/web/ajax_t163sb04
下游,高速網路交換器,2345,智邦,2014,3,income_statement,繼續營業單位本期淨利（淨損）,407634,"407,634",sii,https://mopsov.twse.com.tw/mops/web/ajax_t163sb04
下游,高速網路交換器,2345,智邦,2014,3,income_statement,停業單位損益,,--,sii,https://mopsov.twse.com.tw/mops/web/ajax_t163sb04
下游,高速網路交換器,2345,智邦,2014,3,income_statement,合併前非屬共同控制股權損益,,--,sii,https://mopsov.twse.com.tw/mops/web/ajax_t163sb04
下游,高速網路交換器,2345,智邦,2014,3,income_statement,本期淨利（淨損）,407634,"407,634",sii,https://mopsov.twse.com.tw/mops/web/ajax_t163sb04
下游,高速網路交換器,2345,智邦,2014,3,income_statement,其他綜合損益（淨額）,52616,"52,616",sii,https://mopsov.twse.com.tw/mops/web/ajax_t163sb04
下游,高速網路交換器,2345,智邦,2014,3,income_statement,合併前非屬共同控制股權綜合損益淨額,,--,sii,https://mopsov.twse.com.tw/mops/web/ajax_t163sb04
下游,高速網路交換器,2345,智邦,2014,3,income_statement,本期綜合損益總額,460250,"460,250",sii,https://mopsov.twse.com.tw/mops/web/ajax_t163sb04
下游,高速網路交換器,2345,智邦,2014,3,income_statement,淨利（淨損）歸屬於母公司業主,407645,"407,645",sii,https://mopsov.twse.com.tw/mops/web/ajax_t163sb04
下游,高速網路交換器,2345,智邦,2014,3,income_statement,淨利（淨損）歸屬於共同控制下前手權益,,--,sii,https://mopsov.twse.com.tw/mops/web/ajax_t163sb04
下游,高速網路交換器,2345,智邦,2014,3,income_statement,淨利（淨損）歸屬於非控制權益,-11,-11,sii,https://mopsov.twse.com.tw/mops/web/ajax_t163sb04
下游,高速網路交換器,2345,智邦,2014,3,income_statement,綜合損益總額歸屬於母公司業主,460244,"460,244",sii,https://mopsov.twse.com.tw/mops/web/ajax_t163sb04
下游,高速網路交換器,2345,智邦,2014,3,income_statement,綜合損益總額歸屬於共同控制下前手權益,,--,sii,https://mopsov.twse.com.tw/mops/web/ajax_t163sb04
下游,高速網路交換器,2345,智邦,2014,3,income_statement,綜合損益總額歸屬於非控制權益,6,6,sii,https://mopsov.twse.com.tw/mops/web/ajax_t163sb04
下游,高速網路交換器,2345,智邦,2014,3,income_statement,基本每股盈餘（元）,0.77,0.77,sii,https://mopsov.twse.com.tw/mops/web/ajax_t163sb04
下游,高速網路交換器,2345,智邦,2014,3,balance_sheet,流動資產,11392831,"11,392,831",sii,https://mopsov.twse.com.tw/mops/web/ajax_t163sb05
下游,高速網路交換器,2345,智邦,2014,3,balance_sheet,非流動資產,1891944,"1,891,944",sii,https://mopsov.twse.com.tw/mops/web/ajax_t163sb05
下游,高速網路交換器,2345,智邦,2014,3,balance_sheet,資產總額,13284775,"13,284,775",sii,https://mopsov.twse.com.tw/mops/web/ajax_t163sb05
下游,高速網路交換器,2345,智邦,2014,3,balance_sheet,流動負債,6094748,"6,094,748",sii,https://mopsov.twse.com.tw/mops/web/ajax_t163sb05
下游,高速網路交換器,2345,智邦,2014,3,balance_sheet,非流動負債,86506,"86,506",sii,https://mopsov.twse.com.tw/mops/web/ajax_t163sb05
下游,高速網路交換器,2345,智邦,2014,3,balance_sheet,負債總額,6181254,"6,181,254",sii,https://mopsov.twse.com.tw/mops/web/ajax_t163sb05
下游,高速網路交換器,2345,智邦,2014,3,balance_sheet,股本,5333604,"5,333,604",sii,https://mopsov.twse.com.tw/mops/web/ajax_t163sb05
下游,高速網路交換器,2345,智邦,2014,3,balance_sheet,資本公積,601395,"601,395",sii,https://mopsov.twse.com.tw/mops/web/ajax_t163sb05
下游,高速網路交換器,2345,智邦,2014,3,balance_sheet,保留盈餘,1090442,"1,090,442",sii,https://mopsov.twse.com.tw/mops/web/ajax_t163sb05
下游,高速網路交換器,2345,智邦,2014,3,balance_sheet,其他權益,117110,"117,110",sii,https://mopsov.twse.com.tw/mops/web/ajax_t163sb05
下游,高速網路交換器,2345,智邦,2014,3,balance_sheet,庫藏股票,-50999,"-50,999",sii,https://mopsov.twse.com.tw/mops/web/ajax_t163sb05
下游,高速網路交換器,2345,智邦,2014,3,balance_sheet,歸屬於母公司業主之權益合計,7091552,"7,091,552",sii,https://mopsov.twse.com.tw/mops/web/ajax_t163sb05
下游,高速網路交換器,2345,智邦,2014,3,balance_sheet,共同控制下前手權益,,--,sii,https://mopsov.twse.com.tw/mops/web/ajax_t163sb05
下游,高速網路交換器,2345,智邦,2014,3,balance_sheet,合併前非屬共同控制股權,,--,sii,https://mopsov.twse.com.tw/mops/web/ajax_t163sb05
下游,高速網路交換器,2345,智邦,2014,3,balance_sheet,非控制權益,11969,"11,969",sii,https://mopsov.twse.com.tw/mops/web/ajax_t163sb05
下游,高速網路交換器,2345,智邦,2014,3,balance_sheet,權益總額,7103521,"7,103,521",sii,https://mopsov.twse.com.tw/mops/web/ajax_t163sb05
下游,高速網路交換器,2345,智邦,2014,3,balance_sheet,待註銷股本股數（單位：股）,0,0,sii,https://mopsov.twse.com.tw/mops/web/ajax_t163sb05
下游,高速網路交換器,2345,智邦,2014,3,balance_sheet,預收股款（權益項下）之約當發行股數（單位：股）,0,0,sii,https://mopsov.twse.com.tw/mops/web/ajax_t163sb05
下游,高速網路交換器,2345,智邦,2014,3,balance_sheet,母公司暨子公司所持有之母公司庫藏股股數（單位：股）,2209867,"2,209,867",sii,https://mopsov.twse.com.tw/mops/web/ajax_t163sb05
下游,高速網路交換器,2345,智邦,2014,3,balance_sheet,每股參考淨值,13.35,13.35,sii,https://mopsov.twse.com.tw/mops/web/ajax_t163sb05
下游,高速網路交換器,2345,智邦,2014,3,cash_flow,營業活動之淨現金流入（流出）,165878,"165,878",sii,https://mopsov.twse.com.tw/mops/web/ajax_t163sb20
下游,高速網路交換器,2345,智邦,2014,3,cash_flow,投資活動之淨現金流入（流出）,539937,"539,937",sii,https://mopsov.twse.com.tw/mops/web/ajax_t163sb20
下游,高速網路交換器,2345,智邦,2014,3,cash_flow,籌資活動之淨現金流入（流出）,-623989,"-623,989",sii,https://mopsov.twse.com.tw/mops/web/ajax_t163sb20
下游,高速網路交換器,2345,智邦,2014,3,cash_flow,匯率變動對現金及約當現金之影響,77453,"77,453",sii,https://mopsov.twse.com.tw/mops/web/ajax_t163sb20
下游,高速網路交換器,2345,智邦,2014,3,cash_flow,本期現金及約當現金增加（減少）數,159279,"159,279",sii,https://mopsov.twse.com.tw/mops/web/ajax_t163sb20
下游,高速網路交換器,2345,智邦,2014,3,cash_flow,期初現金及約當現金餘額,4271163,"4,271,163",sii,https://mopsov.twse.com.tw/mops/web/ajax_t163sb20
下游,高速網路交換器,2345,智邦,2014,3,cash_flow,期末現金及約當現金餘額,4430442,"4,430,442",sii,https://mopsov.twse.com.tw/mops/web/ajax_t163sb20
下游,高速網路交換器,2345,智邦,2014,4,income_statement,營業收入,22847900,"22,847,900",sii,https://mopsov.twse.com.tw/mops/web/ajax_t163sb04
下游,高速網路交換器,2345,智邦,2014,4,income_statement,營業成本,19362476,"19,362,476",sii,https://mopsov.twse.com.tw/mops/web/ajax_t163sb04
下游,高速網路交換器,2345,智邦,2014,4,income_statement,營業毛利（毛損）,3485424,"3,485,424",sii,https://mopsov.twse.com.tw/mops/web/ajax_t163sb04
下游,高速網路交換器,2345,智邦,2014,4,income_statement,未實現銷貨（損）益,,--,sii,https://mopsov.twse.com.tw/mops/web/ajax_t163sb04
下游,高速網路交換器,2345,智邦,2014,4,income_statement,已實現銷貨（損）益,283,283,sii,https://mopsov.twse.com.tw/mops/web/ajax_t163sb04
下游,高速網路交換器,2345,智邦,2014,4,income_statement,營業毛利（毛損）淨額,3485707,"3,485,707",sii,https://mopsov.twse.com.tw/mops/web/ajax_t163sb04
下游,高速網路交換器,2345,智邦,2014,4,income_statement,營業費用,3226856,"3,226,856",sii,https://mopsov.twse.com.tw/mops/web/ajax_t163sb04
下游,高速網路交換器,2345,智邦,2014,4,income_statement,其他收益及費損淨額,,--,sii,https://mopsov.twse.com.tw/mops/web/ajax_t163sb04
下游,高速網路交換器,2345,智邦,2014,4,income_statement,營業利益（損失）,258851,"258,851",sii,https://mopsov.twse.com.tw/mops/web/ajax_t163sb04
下游,高速網路交換器,2345,智邦,2014,4,income_statement,營業外收入及支出,445170,"445,170",sii,https://mopsov.twse.com.tw/mops/web/ajax_t163sb04
下游,高速網路交換器,2345,智邦,2014,4,income_statement,稅前淨利（淨損）,704021,"704,021",sii,https://mopsov.twse.com.tw/mops/web/ajax_t163sb04
下游,高速網路交換器,2345,智邦,2014,4,income_statement,所得稅費用（利益）,60785,"60,785",sii,https://mopsov.twse.com.tw/mops/web/ajax_t163sb04
下游,高速網路交換器,2345,智邦,2014,4,income_statement,繼續營業單位本期淨利（淨損）,643236,"643,236",sii,https://mopsov.twse.com.tw/mops/web/ajax_t163sb04
下游,高速網路交換器,2345,智邦,2014,4,income_statement,停業單位損益,,--,sii,https://mopsov.twse.com.tw/mops/web/ajax_t163sb04
下游,高速網路交換器,2345,智邦,2014,4,income_statement,合併前非屬共同控制股權損益,,--,sii,https://mopsov.twse.com.tw/mops/web/ajax_t163sb04
下游,高速網路交換器,2345,智邦,2014,4,income_statement,本期淨利（淨損）,643236,"643,236",sii,https://mopsov.twse.com.tw/mops/web/ajax_t163sb04
下游,高速網路交換器,2345,智邦,2014,4,income_statement,其他綜合損益（淨額）,260377,"260,377",sii,https://mopsov.twse.com.tw/mops/web/ajax_t163sb04
下游,高速網路交換器,2345,智邦,2014,4,income_statement,合併前非屬共同控制股權綜合損益淨額,,--,sii,https://mopsov.twse.com.tw/mops/web/ajax_t163sb04
下游,高速網路交換器,2345,智邦,2014,4,income_statement,本期綜合損益總額,903613,"903,613",sii,https://mopsov.twse.com.tw/mops/web/ajax_t163sb04
下游,高速網路交換器,2345,智邦,2014,4,income_statement,淨利（淨損）歸屬於母公司業主,643535,"643,535",sii,https://mopsov.twse.com.tw/mops/web/ajax_t163sb04
下游,高速網路交換器,2345,智邦,2014,4,income_statement,淨利（淨損）歸屬於共同控制下前手權益,,--,sii,https://mopsov.twse.com.tw/mops/web/ajax_t163sb04
下游,高速網路交換器,2345,智邦,2014,4,income_statement,淨利（淨損）歸屬於非控制權益,-299,-299,sii,https://mopsov.twse.com.tw/mops/web/ajax_t163sb04
下游,高速網路交換器,2345,智邦,2014,4,income_statement,綜合損益總額歸屬於母公司業主,903970,"903,970",sii,https://mopsov.twse.com.tw/mops/web/ajax_t163sb04
下游,高速網路交換器,2345,智邦,2014,4,income_statement,綜合損益總額歸屬於共同控制下前手權益,,--,sii,https://mopsov.twse.com.tw/mops/web/ajax_t163sb04
下游,高速網路交換器,2345,智邦,2014,4,income_statement,綜合損益總額歸屬於非控制權益,-357,-357,sii,https://mopsov.twse.com.tw/mops/web/ajax_t163sb04
下游,高速網路交換器,2345,智邦,2014,4,income_statement,基本每股盈餘（元）,1.21,1.21,sii,https://mopsov.twse.com.tw/mops/web/ajax_t163sb04
下游,高速網路交換器,2345,智邦,2014,4,balance_sheet,流動資產,12211443,"12,211,443",sii,https://mopsov.twse.com.tw/mops/web/ajax_t163sb05
下游,高速網路交換器,2345,智邦,2014,4,balance_sheet,非流動資產,1933954,"1,933,954",sii,https://mopsov.twse.com.tw/mops/web/ajax_t163sb05
下游,高速網路交換器,2345,智邦,2014,4,balance_sheet,資產總額,14145397,"14,145,397",sii,https://mopsov.twse.com.tw/mops/web/ajax_t163sb05
下游,高速網路交換器,2345,智邦,2014,4,balance_sheet,流動負債,6563224,"6,563,224",sii,https://mopsov.twse.com.tw/mops/web/ajax_t163sb05
下游,高速網路交換器,2345,智邦,2014,4,balance_sheet,非流動負債,22304,"22,304",sii,https://mopsov.twse.com.tw/mops/web/ajax_t163sb05
下游,高速網路交換器,2345,智邦,2014,4,balance_sheet,負債總額,6585528,"6,585,528",sii,https://mopsov.twse.com.tw/mops/web/ajax_t163sb05
下游,高速網路交換器,2345,智邦,2014,4,balance_sheet,股本,5340804,"5,340,804",sii,https://mopsov.twse.com.tw/mops/web/ajax_t163sb05
下游,高速網路交換器,2345,智邦,2014,4,balance_sheet,資本公積,611368,"611,368",sii,https://mopsov.twse.com.tw/mops/web/ajax_t163sb05
下游,高速網路交換器,2345,智邦,2014,4,balance_sheet,保留盈餘,1337928,"1,337,928",sii,https://mopsov.twse.com.tw/mops/web/ajax_t163sb05
下游,高速網路交換器,2345,智邦,2014,4,balance_sheet,其他權益,313350,"313,350",sii,https://mopsov.twse.com.tw/mops/web/ajax_t163sb05
下游,高速網路交換器,2345,智邦,2014,4,balance_sheet,庫藏股票,-50999,"-50,999",sii,https://mopsov.twse.com.tw/mops/web/ajax_t163sb05
下游,高速網路交換器,2345,智邦,2014,4,balance_sheet,歸屬於母公司業主之權益合計,7552451,"7,552,451",sii,https://mopsov.twse.com.tw/mops/web/ajax_t163sb05
下游,高速網路交換器,2345,智邦,2014,4,balance_sheet,共同控制下前手權益,,--,sii,https://mopsov.twse.com.tw/mops/web/ajax_t163sb05
下游,高速網路交換器,2345,智邦,2014,4,balance_sheet,合併前非屬共同控制股權,,--,sii,https://mopsov.twse.com.tw/mops/web/ajax_t163sb05
下游,高速網路交換器,2345,智邦,2014,4,balance_sheet,非控制權益,7418,"7,418",sii,https://mopsov.twse.com.tw/mops/web/ajax_t163sb05
下游,高速網路交換器,2345,智邦,2014,4,balance_sheet,權益總額,7559869,"7,559,869",sii,https://mopsov.twse.com.tw/mops/web/ajax_t163sb05
下游,高速網路交換器,2345,智邦,2014,4,balance_sheet,待註銷股本股數（單位：股）,0,0,sii,https://mopsov.twse.com.tw/mops/web/ajax_t163sb05
下游,高速網路交換器,2345,智邦,2014,4,balance_sheet,預收股款（權益項下）之約當發行股數（單位：股）,0,0,sii,https://mopsov.twse.com.tw/mops/web/ajax_t163sb05
下游,高速網路交換器,2345,智邦,2014,4,balance_sheet,母公司暨子公司所持有之母公司庫藏股股數（單位：股）,2209867,"2,209,867",sii,https://mopsov.twse.com.tw/mops/web/ajax_t163sb05
下游,高速網路交換器,2345,智邦,2014,4,balance_sheet,每股參考淨值,14.2,14.20,sii,https://mopsov.twse.com.tw/mops/web/ajax_t163sb05
下游,高速網路交換器,2345,智邦,2014,4,cash_flow,營業活動之淨現金流入（流出）,85217,"85,217",sii,https://mopsov.twse.com.tw/mops/web/ajax_t163sb20
下游,高速網路交換器,2345,智邦,2014,4,cash_flow,投資活動之淨現金流入（流出）,422093,"422,093",sii,https://mopsov.twse.com.tw/mops/web/ajax_t163sb20
下游,高速網路交換器,2345,智邦,2014,4,cash_flow,籌資活動之淨現金流入（流出）,-621773,"-621,773",sii,https://mopsov.twse.com.tw/mops/web/ajax_t163sb20
下游,高速網路交換器,2345,智邦,2014,4,cash_flow,匯率變動對現金及約當現金之影響,328359,"328,359",sii,https://mopsov.twse.com.tw/mops/web/ajax_t163sb20
下游,高速網路交換器,2345,智邦,2014,4,cash_flow,本期現金及約當現金增加（減少）數,213896,"213,896",sii,https://mopsov.twse.com.tw/mops/web/ajax_t163sb20
下游,高速網路交換器,2345,智邦,2014,4,cash_flow,期初現金及約當現金餘額,4271163,"4,271,163",sii,https://mopsov.twse.com.tw/mops/web/ajax_t163sb20
下游,高速網路交換器,2345,智邦,2014,4,cash_flow,期末現金及約當現金餘額,4485059,"4,485,059",sii,https://mopsov.twse.com.tw/mops/web/ajax_t163sb20
下游,高速網路交換器,2345,智邦,2015,1,income_statement,營業收入,4947159,"4,947,159",sii,https://mopsov.twse.com.tw/mops/web/ajax_t163sb04
下游,高速網路交換器,2345,智邦,2015,1,income_statement,營業成本,4107180,"4,107,180",sii,https://mopsov.twse.com.tw/mops/web/ajax_t163sb04
下游,高速網路交換器,2345,智邦,2015,1,income_statement,營業毛利（毛損）,839979,"839,979",sii,https://mopsov.twse.com.tw/mops/web/ajax_t163sb04
下游,高速網路交換器,2345,智邦,2015,1,income_statement,未實現銷貨（損）益,0,0,sii,https://mopsov.twse.com.tw/mops/web/ajax_t163sb04
下游,高速網路交換器,2345,智邦,2015,1,income_statement,已實現銷貨（損）益,,--,sii,https://mopsov.twse.com.tw/mops/web/ajax_t163sb04
下游,高速網路交換器,2345,智邦,2015,1,income_statement,營業毛利（毛損）淨額,839979,"839,979",sii,https://mopsov.twse.com.tw/mops/web/ajax_t163sb04
下游,高速網路交換器,2345,智邦,2015,1,income_statement,營業費用,695276,"695,276",sii,https://mopsov.twse.com.tw/mops/web/ajax_t163sb04
下游,高速網路交換器,2345,智邦,2015,1,income_statement,其他收益及費損淨額,,--,sii,https://mopsov.twse.com.tw/mops/web/ajax_t163sb04
下游,高速網路交換器,2345,智邦,2015,1,income_statement,營業利益（損失）,144703,"144,703",sii,https://mopsov.twse.com.tw/mops/web/ajax_t163sb04
下游,高速網路交換器,2345,智邦,2015,1,income_statement,營業外收入及支出,-25857,"-25,857",sii,https://mopsov.twse.com.tw/mops/web/ajax_t163sb04
下游,高速網路交換器,2345,智邦,2015,1,income_statement,稅前淨利（淨損）,118846,"118,846",sii,https://mopsov.twse.com.tw/mops/web/ajax_t163sb04
下游,高速網路交換器,2345,智邦,2015,1,income_statement,所得稅費用（利益）,9349,"9,349",sii,https://mopsov.twse.com.tw/mops/web/ajax_t163sb04
下游,高速網路交換器,2345,智邦,2015,1,income_statement,繼續營業單位本期淨利（淨損）,109497,"109,497",sii,https://mopsov.twse.com.tw/mops/web/ajax_t163sb04
下游,高速網路交換器,2345,智邦,2015,1,income_statement,停業單位損益,,--,sii,https://mopsov.twse.com.tw/mops/web/ajax_t163sb04
下游,高速網路交換器,2345,智邦,2015,1,income_statement,合併前非屬共同控制股權損益,,--,sii,https://mopsov.twse.com.tw/mops/web/ajax_t163sb04
下游,高速網路交換器,2345,智邦,2015,1,income_statement,本期淨利（淨損）,109497,"109,497",sii,https://mopsov.twse.com.tw/mops/web/ajax_t163sb04
下游,高速網路交換器,2345,智邦,2015,1,income_statement,其他綜合損益（淨額）,-53781,"-53,781",sii,https://mopsov.twse.com.tw/mops/web/ajax_t163sb04
下游,高速網路交換器,2345,智邦,2015,1,income_statement,合併前非屬共同控制股權綜合損益淨額,,--,sii,https://mopsov.twse.com.tw/mops/web/ajax_t163sb04
下游,高速網路交換器,2345,智邦,2015,1,income_statement,本期綜合損益總額,55716,"55,716",sii,https://mopsov.twse.com.tw/mops/web/ajax_t163sb04
下游,高速網路交換器,2345,智邦,2015,1,income_statement,淨利（淨損）歸屬於母公司業主,109575,"109,575",sii,https://mopsov.twse.com.tw/mops/web/ajax_t163sb04
下游,高速網路交換器,2345,智邦,2015,1,income_statement,淨利（淨損）歸屬於共同控制下前手權益,,--,sii,https://mopsov.twse.com.tw/mops/web/ajax_t163sb04
下游,高速網路交換器,2345,智邦,2015,1,income_statement,淨利（淨損）歸屬於非控制權益,-78,-78,sii,https://mopsov.twse.com.tw/mops/web/ajax_t163sb04
下游,高速網路交換器,2345,智邦,2015,1,income_statement,綜合損益總額歸屬於母公司業主,55851,"55,851",sii,https://mopsov.twse.com.tw/mops/web/ajax_t163sb04
下游,高速網路交換器,2345,智邦,2015,1,income_statement,綜合損益總額歸屬於共同控制下前手權益,,--,sii,https://mopsov.twse.com.tw/mops/web/ajax_t163sb04
下游,高速網路交換器,2345,智邦,2015,1,income_statement,綜合損益總額歸屬於非控制權益,-135,-135,sii,https://mopsov.twse.com.tw/mops/web/ajax_t163sb04
下游,高速網路交換器,2345,智邦,2015,1,income_statement,基本每股盈餘（元）,0.21,0.21,sii,https://mopsov.twse.com.tw/mops/web/ajax_t163sb04
下游,高速網路交換器,2345,智邦,2015,1,balance_sheet,流動資產,11325345,"11,325,345",sii,https://mopsov.twse.com.tw/mops/web/ajax_t163sb05
下游,高速網路交換器,2345,智邦,2015,1,balance_sheet,非流動資產,1835004,"1,835,004",sii,https://mopsov.twse.com.tw/mops/web/ajax_t163sb05
下游,高速網路交換器,2345,智邦,2015,1,balance_sheet,資產總計,13160349,"13,160,349",sii,https://mopsov.twse.com.tw/mops/web/ajax_t163sb05
下游,高速網路交換器,2345,智邦,2015,1,balance_sheet,流動負債,5511805,"5,511,805",sii,https://mopsov.twse.com.tw/mops/web/ajax_t163sb05
下游,高速網路交換器,2345,智邦,2015,1,balance_sheet,非流動負債,21326,"21,326",sii,https://mopsov.twse.com.tw/mops/web/ajax_t163sb05
下游,高速網路交換器,2345,智邦,2015,1,balance_sheet,負債總額,5533131,"5,533,131",sii,https://mopsov.twse.com.tw/mops/web/ajax_t163sb05
下游,高速網路交換器,2345,智邦,2015,1,balance_sheet,股本,5342879,"5,342,879",sii,https://mopsov.twse.com.tw/mops/web/ajax_t163sb05
下游,高速網路交換器,2345,智邦,2015,1,balance_sheet,資本公積,620926,"620,926",sii,https://mopsov.twse.com.tw/mops/web/ajax_t163sb05
下游,高速網路交換器,2345,智邦,2015,1,balance_sheet,保留盈餘,1447503,"1,447,503",sii,https://mopsov.twse.com.tw/mops/web/ajax_t163sb05
下游,高速網路交換器,2345,智邦,2015,1,balance_sheet,其他權益,259626,"259,626",sii,https://mopsov.twse.com.tw/mops/web/ajax_t163sb05
下游,高速網路交換器,2345,智邦,2015,1,balance_sheet,庫藏股票,-50999,"-50,999",sii,https://mopsov.twse.com.tw/mops/web/ajax_t163sb05
下游,高速網路交換器,2345,智邦,2015,1,balance_sheet,歸屬於母公司業主之權益合計,7619935,"7,619,935",sii,https://mopsov.twse.com.tw/mops/web/ajax_t163sb05
下游,高速網路交換器,2345,智邦,2015,1,balance_sheet,共同控制下前手權益,,--,sii,https://mopsov.twse.com.tw/mops/web/ajax_t163sb05
下游,高速網路交換器,2345,智邦,2015,1,balance_sheet,合併前非屬共同控制股權,,--,sii,https://mopsov.twse.com.tw/mops/web/ajax_t163sb05
下游,高速網路交換器,2345,智邦,2015,1,balance_sheet,非控制權益,7283,"7,283",sii,https://mopsov.twse.com.tw/mops/web/ajax_t163sb05
下游,高速網路交換器,2345,智邦,2015,1,balance_sheet,權益總額,7627218,"7,627,218",sii,https://mopsov.twse.com.tw/mops/web/ajax_t163sb05
下游,高速網路交換器,2345,智邦,2015,1,balance_sheet,待註銷股本股數（單位：股）,,--,sii,https://mopsov.twse.com.tw/mops/web/ajax_t163sb05
下游,高速網路交換器,2345,智邦,2015,1,balance_sheet,預收股款（權益項下）之約當發行股數（單位：股）,0,0,sii,https://mopsov.twse.com.tw/mops/web/ajax_t163sb05
下游,高速網路交換器,2345,智邦,2015,1,balance_sheet,母公司暨子公司所持有之母公司庫藏股股數（單位：股）,2209867,"2,209,867",sii,https://mopsov.twse.com.tw/mops/web/ajax_t163sb05
下游,高速網路交換器,2345,智邦,2015,1,balance_sheet,每股參考淨值,14.32,14.32,sii,https://mopsov.twse.com.tw/mops/web/ajax_t163sb05
下游,高速網路交換器,2345,智邦,2015,1,cash_flow,營業活動之淨現金流入（流出）,312229,"312,229",sii,https://mopsov.twse.com.tw/mops/web/ajax_t163sb20
下游,高速網路交換器,2345,智邦,2015,1,cash_flow,投資活動之淨現金流入（流出）,-143756,"-143,756",sii,https://mopsov.twse.com.tw/mops/web/ajax_t163sb20
下游,高速網路交換器,2345,智邦,2015,1,cash_flow,籌資活動之淨現金流入（流出）,-88812,"-88,812",sii,https://mopsov.twse.com.tw/mops/web/ajax_t163sb20
下游,高速網路交換器,2345,智邦,2015,1,cash_flow,匯率變動對現金及約當現金之影響,-74402,"-74,402",sii,https://mopsov.twse.com.tw/mops/web/ajax_t163sb20
下游,高速網路交換器,2345,智邦,2015,1,cash_flow,本期現金及約當現金增加（減少）數,5259,"5,259",sii,https://mopsov.twse.com.tw/mops/web/ajax_t163sb20
下游,高速網路交換器,2345,智邦,2015,1,cash_flow,期初現金及約當現金餘額,4485059,"4,485,059",sii,https://mopsov.twse.com.tw/mops/web/ajax_t163sb20
下游,高速網路交換器,2345,智邦,2015,1,cash_flow,期末現金及約當現金餘額,4490318,"4,490,318",sii,https://mopsov.twse.com.tw/mops/web/ajax_t163sb20
下游,高速網路交換器,2345,智邦,2015,2,income_statement,營業收入,11077760,"11,077,760",sii,https://mopsov.twse.com.tw/mops/web/ajax_t163sb04
下游,高速網路交換器,2345,智邦,2015,2,income_statement,營業成本,9189541,"9,189,541",sii,https://mopsov.twse.com.tw/mops/web/ajax_t163sb04
下游,高速網路交換器,2345,智邦,2015,2,income_statement,營業毛利（毛損）,1888219,"1,888,219",sii,https://mopsov.twse.com.tw/mops/web/ajax_t163sb04
下游,高速網路交換器,2345,智邦,2015,2,income_statement,未實現銷貨（損）益,,--,sii,https://mopsov.twse.com.tw/mops/web/ajax_t163sb04
下游,高速網路交換器,2345,智邦,2015,2,income_statement,已實現銷貨（損）益,0,0,sii,https://mopsov.twse.com.tw/mops/web/ajax_t163sb04
下游,高速網路交換器,2345,智邦,2015,2,income_statement,營業毛利（毛損）淨額,1888219,"1,888,219",sii,https://mopsov.twse.com.tw/mops/web/ajax_t163sb04
下游,高速網路交換器,2345,智邦,2015,2,income_statement,營業費用,1453806,"1,453,806",sii,https://mopsov.twse.com.tw/mops/web/ajax_t163sb04
下游,高速網路交換器,2345,智邦,2015,2,income_statement,其他收益及費損淨額,,--,sii,https://mopsov.twse.com.tw/mops/web/ajax_t163sb04
下游,高速網路交換器,2345,智邦,2015,2,income_statement,營業利益（損失）,434413,"434,413",sii,https://mopsov.twse.com.tw/mops/web/ajax_t163sb04
下游,高速網路交換器,2345,智邦,2015,2,income_statement,營業外收入及支出,-47769,"-47,769",sii,https://mopsov.twse.com.tw/mops/web/ajax_t163sb04
下游,高速網路交換器,2345,智邦,2015,2,income_statement,稅前淨利（淨損）,386644,"386,644",sii,https://mopsov.twse.com.tw/mops/web/ajax_t163sb04
下游,高速網路交換器,2345,智邦,2015,2,income_statement,所得稅費用（利益）,51828,"51,828",sii,https://mopsov.twse.com.tw/mops/web/ajax_t163sb04
下游,高速網路交換器,2345,智邦,2015,2,income_statement,繼續營業單位本期淨利（淨損）,334816,"334,816",sii,https://mopsov.twse.com.tw/mops/web/ajax_t163sb04
下游,高速網路交換器,2345,智邦,2015,2,income_statement,停業單位損益,,--,sii,https://mopsov.twse.com.tw/mops/web/ajax_t163sb04
下游,高速網路交換器,2345,智邦,2015,2,income_statement,合併前非屬共同控制股權損益,,--,sii,https://mopsov.twse.com.tw/mops/web/ajax_t163sb04
下游,高速網路交換器,2345,智邦,2015,2,income_statement,本期淨利（淨損）,334816,"334,816",sii,https://mopsov.twse.com.tw/mops/web/ajax_t163sb04
下游,高速網路交換器,2345,智邦,2015,2,income_statement,其他綜合損益（淨額）,-103527,"-103,527",sii,https://mopsov.twse.com.tw/mops/web/ajax_t163sb04
下游,高速網路交換器,2345,智邦,2015,2,income_statement,合併前非屬共同控制股權綜合損益淨額,,--,sii,https://mopsov.twse.com.tw/mops/web/ajax_t163sb04
下游,高速網路交換器,2345,智邦,2015,2,income_statement,本期綜合損益總額,231289,"231,289",sii,https://mopsov.twse.com.tw/mops/web/ajax_t163sb04
下游,高速網路交換器,2345,智邦,2015,2,income_statement,淨利（淨損）歸屬於母公司業主,334934,"334,934",sii,https://mopsov.twse.com.tw/mops/web/ajax_t163sb04
下游,高速網路交換器,2345,智邦,2015,2,income_statement,淨利（淨損）歸屬於共同控制下前手權益,,--,sii,https://mopsov.twse.com.tw/mops/web/ajax_t163sb04
下游,高速網路交換器,2345,智邦,2015,2,income_statement,淨利（淨損）歸屬於非控制權益,-118,-118,sii,https://mopsov.twse.com.tw/mops/web/ajax_t163sb04
下游,高速網路交換器,2345,智邦,2015,2,income_statement,綜合損益總額歸屬於母公司業主,231583,"231,583",sii,https://mopsov.twse.com.tw/mops/web/ajax_t163sb04
下游,高速網路交換器,2345,智邦,2015,2,income_statement,綜合損益總額歸屬於共同控制下前手權益,,--,sii,https://mopsov.twse.com.tw/mops/web/ajax_t163sb04
下游,高速網路交換器,2345,智邦,2015,2,income_statement,綜合損益總額歸屬於非控制權益,-294,-294,sii,https://mopsov.twse.com.tw/mops/web/ajax_t163sb04
下游,高速網路交換器,2345,智邦,2015,2,income_statement,基本每股盈餘（元）,0.63,0.63,sii,https://mopsov.twse.com.tw/mops/web/ajax_t163sb04
下游,高速網路交換器,2345,智邦,2015,2,balance_sheet,流動資產,12418683,"12,418,683",sii,https://mopsov.twse.com.tw/mops/web/ajax_t163sb05
下游,高速網路交換器,2345,智邦,2015,2,balance_sheet,非流動資產,1721387,"1,721,387",sii,https://mopsov.twse.com.tw/mops/web/ajax_t163sb05
下游,高速網路交換器,2345,智邦,2015,2,balance_sheet,資產總計,14140070,"14,140,070",sii,https://mopsov.twse.com.tw/mops/web/ajax_t163sb05
下游,高速網路交換器,2345,智邦,2015,2,balance_sheet,流動負債,6862059,"6,862,059",sii,https://mopsov.twse.com.tw/mops/web/ajax_t163sb05
下游,高速網路交換器,2345,智邦,2015,2,balance_sheet,非流動負債,19097,"19,097",sii,https://mopsov.twse.com.tw/mops/web/ajax_t163sb05
下游,高速網路交換器,2345,智邦,2015,2,balance_sheet,負債總額,6881156,"6,881,156",sii,https://mopsov.twse.com.tw/mops/web/ajax_t163sb05
下游,高速網路交換器,2345,智邦,2015,2,balance_sheet,股本,5349329,"5,349,329",sii,https://mopsov.twse.com.tw/mops/web/ajax_t163sb05
下游,高速網路交換器,2345,智邦,2015,2,balance_sheet,資本公積,645643,"645,643",sii,https://mopsov.twse.com.tw/mops/web/ajax_t163sb05
下游,高速網路交換器,2345,智邦,2015,2,balance_sheet,保留盈餘,1097726,"1,097,726",sii,https://mopsov.twse.com.tw/mops/web/ajax_t163sb05
下游,高速網路交換器,2345,智邦,2015,2,balance_sheet,其他權益,209999,"209,999",sii,https://mopsov.twse.com.tw/mops/web/ajax_t163sb05
下游,高速網路交換器,2345,智邦,2015,2,balance_sheet,庫藏股票,-50999,"-50,999",sii,https://mopsov.twse.com.tw/mops/web/ajax_t163sb05
下游,高速網路交換器,2345,智邦,2015,2,balance_sheet,歸屬於母公司業主之權益合計,7251698,"7,251,698",sii,https://mopsov.twse.com.tw/mops/web/ajax_t163sb05
下游,高速網路交換器,2345,智邦,2015,2,balance_sheet,共同控制下前手權益,,--,sii,https://mopsov.twse.com.tw/mops/web/ajax_t163sb05
下游,高速網路交換器,2345,智邦,2015,2,balance_sheet,合併前非屬共同控制股權,,--,sii,https://mopsov.twse.com.tw/mops/web/ajax_t163sb05
下游,高速網路交換器,2345,智邦,2015,2,balance_sheet,非控制權益,7216,"7,216",sii,https://mopsov.twse.com.tw/mops/web/ajax_t163sb05
下游,高速網路交換器,2345,智邦,2015,2,balance_sheet,權益總額,7258914,"7,258,914",sii,https://mopsov.twse.com.tw/mops/web/ajax_t163sb05
下游,高速網路交換器,2345,智邦,2015,2,balance_sheet,待註銷股本股數（單位：股）,,--,sii,https://mopsov.twse.com.tw/mops/web/ajax_t163sb05
下游,高速網路交換器,2345,智邦,2015,2,balance_sheet,預收股款（權益項下）之約當發行股數（單位：股）,0,0,sii,https://mopsov.twse.com.tw/mops/web/ajax_t163sb05
下游,高速網路交換器,2345,智邦,2015,2,balance_sheet,母公司暨子公司所持有之母公司庫藏股股數（單位：股）,2209867,"2,209,867",sii,https://mopsov.twse.com.tw/mops/web/ajax_t163sb05
下游,高速網路交換器,2345,智邦,2015,2,balance_sheet,每股參考淨值,13.61,13.61,sii,https://mopsov.twse.com.tw/mops/web/ajax_t163sb05
下游,高速網路交換器,2345,智邦,2015,2,cash_flow,營業活動之淨現金流入（流出）,1308581,"1,308,581",sii,https://mopsov.twse.com.tw/mops/web/ajax_t163sb20
下游,高速網路交換器,2345,智邦,2015,2,cash_flow,投資活動之淨現金流入（流出）,-200073,"-200,073",sii,https://mopsov.twse.com.tw/mops/web/ajax_t163sb20
下游,高速網路交換器,2345,智邦,2015,2,cash_flow,籌資活動之淨現金流入（流出）,-80384,"-80,384",sii,https://mopsov.twse.com.tw/mops/web/ajax_t163sb20
下游,高速網路交換器,2345,智邦,2015,2,cash_flow,匯率變動對現金及約當現金之影響,-150282,"-150,282",sii,https://mopsov.twse.com.tw/mops/web/ajax_t163sb20
下游,高速網路交換器,2345,智邦,2015,2,cash_flow,本期現金及約當現金增加（減少）數,877842,"877,842",sii,https://mopsov.twse.com.tw/mops/web/ajax_t163sb20
下游,高速網路交換器,2345,智邦,2015,2,cash_flow,期初現金及約當現金餘額,4485059,"4,485,059",sii,https://mopsov.twse.com.tw/mops/web/ajax_t163sb20
下游,高速網路交換器,2345,智邦,2015,2,cash_flow,期末現金及約當現金餘額,5362901,"5,362,901",sii,https://mopsov.twse.com.tw/mops/web/ajax_t163sb20
下游,高速網路交換器,2345,智邦,2015,3,income_statement,營業收入,17620410,"17,620,410",sii,https://mopsov.twse.com.tw/mops/web/ajax_t163sb04
下游,高速網路交換器,2345,智邦,2015,3,income_statement,營業成本,14414260,"14,414,260",sii,https://mopsov.twse.com.tw/mops/web/ajax_t163sb04
下游,高速網路交換器,2345,智邦,2015,3,income_statement,營業毛利（毛損）,3206150,"3,206,150",sii,https://mopsov.twse.com.tw/mops/web/ajax_t163sb04
下游,高速網路交換器,2345,智邦,2015,3,income_statement,未實現銷貨（損）益,,--,sii,https://mopsov.twse.com.tw/mops/web/ajax_t163sb04
下游,高速網路交換器,2345,智邦,2015,3,income_statement,已實現銷貨（損）益,0,0,sii,https://mopsov.twse.com.tw/mops/web/ajax_t163sb04
下游,高速網路交換器,2345,智邦,2015,3,income_statement,營業毛利（毛損）淨額,3206150,"3,206,150",sii,https://mopsov.twse.com.tw/mops/web/ajax_t163sb04
下游,高速網路交換器,2345,智邦,2015,3,income_statement,營業費用,2318537,"2,318,537",sii,https://mopsov.twse.com.tw/mops/web/ajax_t163sb04
下游,高速網路交換器,2345,智邦,2015,3,income_statement,其他收益及費損淨額,,--,sii,https://mopsov.twse.com.tw/mops/web/ajax_t163sb04
下游,高速網路交換器,2345,智邦,2015,3,income_statement,營業利益（損失）,887613,"887,613",sii,https://mopsov.twse.com.tw/mops/web/ajax_t163sb04
下游,高速網路交換器,2345,智邦,2015,3,income_statement,營業外收入及支出,23645,"23,645",sii,https://mopsov.twse.com.tw/mops/web/ajax_t163sb04
下游,高速網路交換器,2345,智邦,2015,3,income_statement,稅前淨利（淨損）,911258,"911,258",sii,https://mopsov.twse.com.tw/mops/web/ajax_t163sb04
下游,高速網路交換器,2345,智邦,2015,3,income_statement,所得稅費用（利益）,196458,"196,458",sii,https://mopsov.twse.com.tw/mops/web/ajax_t163sb04
下游,高速網路交換器,2345,智邦,2015,3,income_statement,繼續營業單位本期淨利（淨損）,714800,"714,800",sii,https://mopsov.twse.com.tw/mops/web/ajax_t163sb04
下游,高速網路交換器,2345,智邦,2015,3,income_statement,停業單位損益,,--,sii,https://mopsov.twse.com.tw/mops/web/ajax_t163sb04
下游,高速網路交換器,2345,智邦,2015,3,income_statement,合併前非屬共同控制股權損益,,--,sii,https://mopsov.twse.com.tw/mops/web/ajax_t163sb04
下游,高速網路交換器,2345,智邦,2015,3,income_statement,本期淨利（淨損）,714800,"714,800",sii,https://mopsov.twse.com.tw/mops/web/ajax_t163sb04
下游,高速網路交換器,2345,智邦,2015,3,income_statement,其他綜合損益（淨額）,61551,"61,551",sii,https://mopsov.twse.com.tw/mops/web/ajax_t163sb04
下游,高速網路交換器,2345,智邦,2015,3,income_statement,合併前非屬共同控制股權綜合損益淨額,,--,sii,https://mopsov.twse.com.tw/mops/web/ajax_t163sb04
下游,高速網路交換器,2345,智邦,2015,3,income_statement,本期綜合損益總額,776351,"776,351",sii,https://mopsov.twse.com.tw/mops/web/ajax_t163sb04
下游,高速網路交換器,2345,智邦,2015,3,income_statement,淨利（淨損）歸屬於母公司業主,714949,"714,949",sii,https://mopsov.twse.com.tw/mops/web/ajax_t163sb04
下游,高速網路交換器,2345,智邦,2015,3,income_statement,淨利（淨損）歸屬於共同控制下前手權益,,--,sii,https://mopsov.twse.com.tw/mops/web/ajax_t163sb04
下游,高速網路交換器,2345,智邦,2015,3,income_statement,淨利（淨損）歸屬於非控制權益,-149,-149,sii,https://mopsov.twse.com.tw/mops/web/ajax_t163sb04
下游,高速網路交換器,2345,智邦,2015,3,income_statement,綜合損益總額歸屬於母公司業主,776256,"776,256",sii,https://mopsov.twse.com.tw/mops/web/ajax_t163sb04
下游,高速網路交換器,2345,智邦,2015,3,income_statement,綜合損益總額歸屬於共同控制下前手權益,,--,sii,https://mopsov.twse.com.tw/mops/web/ajax_t163sb04
下游,高速網路交換器,2345,智邦,2015,3,income_statement,綜合損益總額歸屬於非控制權益,95,95,sii,https://mopsov.twse.com.tw/mops/web/ajax_t163sb04
下游,高速網路交換器,2345,智邦,2015,3,income_statement,基本每股盈餘（元）,1.34,1.34,sii,https://mopsov.twse.com.tw/mops/web/ajax_t163sb04
下游,高速網路交換器,2345,智邦,2015,3,balance_sheet,流動資產,13717825,"13,717,825",sii,https://mopsov.twse.com.tw/mops/web/ajax_t163sb05
下游,高速網路交換器,2345,智邦,2015,3,balance_sheet,非流動資產,1610369,"1,610,369",sii,https://mopsov.twse.com.tw/mops/web/ajax_t163sb05
下游,高速網路交換器,2345,智邦,2015,3,balance_sheet,資產總計,15328194,"15,328,194",sii,https://mopsov.twse.com.tw/mops/web/ajax_t163sb05
下游,高速網路交換器,2345,智邦,2015,3,balance_sheet,流動負債,7508627,"7,508,627",sii,https://mopsov.twse.com.tw/mops/web/ajax_t163sb05
下游,高速網路交換器,2345,智邦,2015,3,balance_sheet,非流動負債,18024,"18,024",sii,https://mopsov.twse.com.tw/mops/web/ajax_t163sb05
下游,高速網路交換器,2345,智邦,2015,3,balance_sheet,負債總額,7526651,"7,526,651",sii,https://mopsov.twse.com.tw/mops/web/ajax_t163sb05
下游,高速網路交換器,2345,智邦,2015,3,balance_sheet,股本,5349329,"5,349,329",sii,https://mopsov.twse.com.tw/mops/web/ajax_t163sb05
下游,高速網路交換器,2345,智邦,2015,3,balance_sheet,資本公積,643107,"643,107",sii,https://mopsov.twse.com.tw/mops/web/ajax_t163sb05
下游,高速網路交換器,2345,智邦,2015,3,balance_sheet,保留盈餘,1477741,"1,477,741",sii,https://mopsov.twse.com.tw/mops/web/ajax_t163sb05
下游,高速網路交換器,2345,智邦,2015,3,balance_sheet,其他權益,374657,"374,657",sii,https://mopsov.twse.com.tw/mops/web/ajax_t163sb05
下游,高速網路交換器,2345,智邦,2015,3,balance_sheet,庫藏股票,-50999,"-50,999",sii,https://mopsov.twse.com.tw/mops/web/ajax_t163sb05
下游,高速網路交換器,2345,智邦,2015,3,balance_sheet,歸屬於母公司業主之權益合計,7793835,"7,793,835",sii,https://mopsov.twse.com.tw/mops/web/ajax_t163sb05
下游,高速網路交換器,2345,智邦,2015,3,balance_sheet,共同控制下前手權益,,--,sii,https://mopsov.twse.com.tw/mops/web/ajax_t163sb05
下游,高速網路交換器,2345,智邦,2015,3,balance_sheet,合併前非屬共同控制股權,,--,sii,https://mopsov.twse.com.tw/mops/web/ajax_t163sb05
下游,高速網路交換器,2345,智邦,2015,3,balance_sheet,非控制權益,7708,"7,708",sii,https://mopsov.twse.com.tw/mops/web/ajax_t163sb05
下游,高速網路交換器,2345,智邦,2015,3,balance_sheet,權益總額,7801543,"7,801,543",sii,https://mopsov.twse.com.tw/mops/web/ajax_t163sb05
下游,高速網路交換器,2345,智邦,2015,3,balance_sheet,待註銷股本股數（單位：股）,,--,sii,https://mopsov.twse.com.tw/mops/web/ajax_t163sb05
下游,高速網路交換器,2345,智邦,2015,3,balance_sheet,預收股款（權益項下）之約當發行股數（單位：股）,0,0,sii,https://mopsov.twse.com.tw/mops/web/ajax_t163sb05
下游,高速網路交換器,2345,智邦,2015,3,balance_sheet,母公司暨子公司所持有之母公司庫藏股股數（單位：股）,2209867,"2,209,867",sii,https://mopsov.twse.com.tw/mops/web/ajax_t163sb05
下游,高速網路交換器,2345,智邦,2015,3,balance_sheet,每股參考淨值,14.63,14.63,sii,https://mopsov.twse.com.tw/mops/web/ajax_t163sb05
下游,高速網路交換器,2345,智邦,2015,3,cash_flow,營業活動之淨現金流入（流出）,2141986,"2,141,986",sii,https://mopsov.twse.com.tw/mops/web/ajax_t163sb20
下游,高速網路交換器,2345,智邦,2015,3,cash_flow,投資活動之淨現金流入（流出）,-309206,"-309,206",sii,https://mopsov.twse.com.tw/mops/web/ajax_t163sb20
下游,高速網路交換器,2345,智邦,2015,3,cash_flow,籌資活動之淨現金流入（流出）,-654017,"-654,017",sii,https://mopsov.twse.com.tw/mops/web/ajax_t163sb20
下游,高速網路交換器,2345,智邦,2015,3,cash_flow,匯率變動對現金及約當現金之影響,172546,"172,546",sii,https://mopsov.twse.com.tw/mops/web/ajax_t163sb20
下游,高速網路交換器,2345,智邦,2015,3,cash_flow,本期現金及約當現金增加（減少）數,1351309,"1,351,309",sii,https://mopsov.twse.com.tw/mops/web/ajax_t163sb20
下游,高速網路交換器,2345,智邦,2015,3,cash_flow,期初現金及約當現金餘額,4485059,"4,485,059",sii,https://mopsov.twse.com.tw/mops/web/ajax_t163sb20
下游,高速網路交換器,2345,智邦,2015,3,cash_flow,期末現金及約當現金餘額,5836368,"5,836,368",sii,https://mopsov.twse.com.tw/mops/web/ajax_t163sb20
下游,高速網路交換器,2345,智邦,2015,4,income_statement,營業收入,24738760,"24,738,760",sii,https://mopsov.twse.com.tw/mops/web/ajax_t163sb04
下游,高速網路交換器,2345,智邦,2015,4,income_statement,營業成本,20046789,"20,046,789",sii,https://mopsov.twse.com.tw/mops/web/ajax_t163sb04
下游,高速網路交換器,2345,智邦,2015,4,income_statement,營業毛利（毛損）,4691971,"4,691,971",sii,https://mopsov.twse.com.tw/mops/web/ajax_t163sb04
下游,高速網路交換器,2345,智邦,2015,4,income_statement,未實現銷貨（損）益,,--,sii,https://mopsov.twse.com.tw/mops/web/ajax_t163sb04
下游,高速網路交換器,2345,智邦,2015,4,income_statement,已實現銷貨（損）益,0,0,sii,https://mopsov.twse.com.tw/mops/web/ajax_t163sb04
下游,高速網路交換器,2345,智邦,2015,4,income_statement,營業毛利（毛損）淨額,4691971,"4,691,971",sii,https://mopsov.twse.com.tw/mops/web/ajax_t163sb04
下游,高速網路交換器,2345,智邦,2015,4,income_statement,營業費用,3210585,"3,210,585",sii,https://mopsov.twse.com.tw/mops/web/ajax_t163sb04
下游,高速網路交換器,2345,智邦,2015,4,income_statement,其他收益及費損淨額,,--,sii,https://mopsov.twse.com.tw/mops/web/ajax_t163sb04
下游,高速網路交換器,2345,智邦,2015,4,income_statement,營業利益（損失）,1481386,"1,481,386",sii,https://mopsov.twse.com.tw/mops/web/ajax_t163sb04
下游,高速網路交換器,2345,智邦,2015,4,income_statement,營業外收入及支出,1518,"1,518",sii,https://mopsov.twse.com.tw/mops/web/ajax_t163sb04
下游,高速網路交換器,2345,智邦,2015,4,income_statement,稅前淨利（淨損）,1482904,"1,482,904",sii,https://mopsov.twse.com.tw/mops/web/ajax_t163sb04
下游,高速網路交換器,2345,智邦,2015,4,income_statement,所得稅費用（利益）,316969,"316,969",sii,https://mopsov.twse.com.tw/mops/web/ajax_t163sb04
下游,高速網路交換器,2345,智邦,2015,4,income_statement,繼續營業單位本期淨利（淨損）,1165935,"1,165,935",sii,https://mopsov.twse.com.tw/mops/web/ajax_t163sb04
下游,高速網路交換器,2345,智邦,2015,4,income_statement,停業單位損益,,--,sii,https://mopsov.twse.com.tw/mops/web/ajax_t163sb04
下游,高速網路交換器,2345,智邦,2015,4,income_statement,合併前非屬共同控制股權損益,,--,sii,https://mopsov.twse.com.tw/mops/web/ajax_t163sb04
下游,高速網路交換器,2345,智邦,2015,4,income_statement,本期淨利（淨損）,1165935,"1,165,935",sii,https://mopsov.twse.com.tw/mops/web/ajax_t163sb04
下游,高速網路交換器,2345,智邦,2015,4,income_statement,其他綜合損益（淨額）,-43987,"-43,987",sii,https://mopsov.twse.com.tw/mops/web/ajax_t163sb04
下游,高速網路交換器,2345,智邦,2015,4,income_statement,合併前非屬共同控制股權綜合損益淨額,,--,sii,https://mopsov.twse.com.tw/mops/web/ajax_t163sb04
下游,高速網路交換器,2345,智邦,2015,4,income_statement,本期綜合損益總額,1121948,"1,121,948",sii,https://mopsov.twse.com.tw/mops/web/ajax_t163sb04
下游,高速網路交換器,2345,智邦,2015,4,income_statement,淨利（淨損）歸屬於母公司業主,1166341,"1,166,341",sii,https://mopsov.twse.com.tw/mops/web/ajax_t163sb04
下游,高速網路交換器,2345,智邦,2015,4,income_statement,淨利（淨損）歸屬於共同控制下前手權益,,--,sii,https://mopsov.twse.com.tw/mops/web/ajax_t163sb04
下游,高速網路交換器,2345,智邦,2015,4,income_statement,淨利（淨損）歸屬於非控制權益,-406,-406,sii,https://mopsov.twse.com.tw/mops/web/ajax_t163sb04
下游,高速網路交換器,2345,智邦,2015,4,income_statement,綜合損益總額歸屬於母公司業主,1122127,"1,122,127",sii,https://mopsov.twse.com.tw/mops/web/ajax_t163sb04
下游,高速網路交換器,2345,智邦,2015,4,income_statement,綜合損益總額歸屬於共同控制下前手權益,,--,sii,https://mopsov.twse.com.tw/mops/web/ajax_t163sb04
下游,高速網路交換器,2345,智邦,2015,4,income_statement,綜合損益總額歸屬於非控制權益,-179,-179,sii,https://mopsov.twse.com.tw/mops/web/ajax_t163sb04
下游,高速網路交換器,2345,智邦,2015,4,income_statement,基本每股盈餘（元）,2.19,2.19,sii,https://mopsov.twse.com.tw/mops/web/ajax_t163sb04
下游,高速網路交換器,2345,智邦,2015,4,balance_sheet,流動資產,13507434,"13,507,434",sii,https://mopsov.twse.com.tw/mops/web/ajax_t163sb05
下游,高速網路交換器,2345,智邦,2015,4,balance_sheet,非流動資產,1480103,"1,480,103",sii,https://mopsov.twse.com.tw/mops/web/ajax_t163sb05
下游,高速網路交換器,2345,智邦,2015,4,balance_sheet,資產總計,14987537,"14,987,537",sii,https://mopsov.twse.com.tw/mops/web/ajax_t163sb05
下游,高速網路交換器,2345,智邦,2015,4,balance_sheet,流動負債,6781857,"6,781,857",sii,https://mopsov.twse.com.tw/mops/web/ajax_t163sb05
下游,高速網路交換器,2345,智邦,2015,4,balance_sheet,非流動負債,26317,"26,317",sii,https://mopsov.twse.com.tw/mops/web/ajax_t163sb05
下游,高速網路交換器,2345,智邦,2015,4,balance_sheet,負債總額,6808174,"6,808,174",sii,https://mopsov.twse.com.tw/mops/web/ajax_t163sb05
下游,高速網路交換器,2345,智邦,2015,4,balance_sheet,股本,5369759,"5,369,759",sii,https://mopsov.twse.com.tw/mops/web/ajax_t163sb05
下游,高速網路交換器,2345,智邦,2015,4,balance_sheet,資本公積,654795,"654,795",sii,https://mopsov.twse.com.tw/mops/web/ajax_t163sb05
下游,高速網路交換器,2345,智邦,2015,4,balance_sheet,保留盈餘,1919162,"1,919,162",sii,https://mopsov.twse.com.tw/mops/web/ajax_t163sb05
下游,高速網路交換器,2345,智邦,2015,4,balance_sheet,其他權益,279107,"279,107",sii,https://mopsov.twse.com.tw/mops/web/ajax_t163sb05
下游,高速網路交換器,2345,智邦,2015,4,balance_sheet,庫藏股票,-50999,"-50,999",sii,https://mopsov.twse.com.tw/mops/web/ajax_t163sb05
下游,高速網路交換器,2345,智邦,2015,4,balance_sheet,歸屬於母公司業主之權益合計,8171824,"8,171,824",sii,https://mopsov.twse.com.tw/mops/web/ajax_t163sb05
下游,高速網路交換器,2345,智邦,2015,4,balance_sheet,共同控制下前手權益,,--,sii,https://mopsov.twse.com.tw/mops/web/ajax_t163sb05
下游,高速網路交換器,2345,智邦,2015,4,balance_sheet,合併前非屬共同控制股權,,--,sii,https://mopsov.twse.com.tw/mops/web/ajax_t163sb05
下游,高速網路交換器,2345,智邦,2015,4,balance_sheet,非控制權益,7539,"7,539",sii,https://mopsov.twse.com.tw/mops/web/ajax_t163sb05
下游,高速網路交換器,2345,智邦,2015,4,balance_sheet,權益總額,8179363,"8,179,363",sii,https://mopsov.twse.com.tw/mops/web/ajax_t163sb05
下游,高速網路交換器,2345,智邦,2015,4,balance_sheet,待註銷股本股數（單位：股）,,--,sii,https://mopsov.twse.com.tw/mops/web/ajax_t163sb05
下游,高速網路交換器,2345,智邦,2015,4,balance_sheet,預收股款（權益項下）之約當發行股數（單位：股）,0,0,sii,https://mopsov.twse.com.tw/mops/web/ajax_t163sb05
下游,高速網路交換器,2345,智邦,2015,4,balance_sheet,母公司暨子公司所持有之母公司庫藏股股數（單位：股）,2209867,"2,209,867",sii,https://mopsov.twse.com.tw/mops/web/ajax_t163sb05
下游,高速網路交換器,2345,智邦,2015,4,balance_sheet,每股參考淨值,15.28,15.28,sii,https://mopsov.twse.com.tw/mops/web/ajax_t163sb05
下游,高速網路交換器,2345,智邦,2015,4,cash_flow,營業活動之淨現金流入（流出）,1950546,"1,950,546",sii,https://mopsov.twse.com.tw/mops/web/ajax_t163sb20
下游,高速網路交換器,2345,智邦,2015,4,cash_flow,投資活動之淨現金流入（流出）,-527429,"-527,429",sii,https://mopsov.twse.com.tw/mops/web/ajax_t163sb20
下游,高速網路交換器,2345,智邦,2015,4,cash_flow,籌資活動之淨現金流入（流出）,-631283,"-631,283",sii,https://mopsov.twse.com.tw/mops/web/ajax_t163sb20
下游,高速網路交換器,2345,智邦,2015,4,cash_flow,匯率變動對現金及約當現金之影響,105635,"105,635",sii,https://mopsov.twse.com.tw/mops/web/ajax_t163sb20
下游,高速網路交換器,2345,智邦,2015,4,cash_flow,本期現金及約當現金增加（減少）數,897469,"897,469",sii,https://mopsov.twse.com.tw/mops/web/ajax_t163sb20
下游,高速網路交換器,2345,智邦,2015,4,cash_flow,期初現金及約當現金餘額,4485059,"4,485,059",sii,https://mopsov.twse.com.tw/mops/web/ajax_t163sb20
下游,高速網路交換器,2345,智邦,2015,4,cash_flow,期末現金及約當現金餘額,5382528,"5,382,528",sii,https://mopsov.twse.com.tw/mops/web/ajax_t163sb20
下游,高速網路交換器,2345,智邦,2016,1,income_statement,營業收入,5927809,"5,927,809",sii,https://mopsov.twse.com.tw/mops/web/ajax_t163sb04
下游,高速網路交換器,2345,智邦,2016,1,income_statement,營業成本,4554270,"4,554,270",sii,https://mopsov.twse.com.tw/mops/web/ajax_t163sb04
下游,高速網路交換器,2345,智邦,2016,1,income_statement,營業毛利（毛損）,1373539,"1,373,539",sii,https://mopsov.twse.com.tw/mops/web/ajax_t163sb04
下游,高速網路交換器,2345,智邦,2016,1,income_statement,未實現銷貨（損）益,,--,sii,https://mopsov.twse.com.tw/mops/web/ajax_t163sb04
下游,高速網路交換器,2345,智邦,2016,1,income_statement,已實現銷貨（損）益,,--,sii,https://mopsov.twse.com.tw/mops/web/ajax_t163sb04
下游,高速網路交換器,2345,智邦,2016,1,income_statement,營業毛利（毛損）淨額,1373539,"1,373,539",sii,https://mopsov.twse.com.tw/mops/web/ajax_t163sb04
下游,高速網路交換器,2345,智邦,2016,1,income_statement,營業費用,834224,"834,224",sii,https://mopsov.twse.com.tw/mops/web/ajax_t163sb04
下游,高速網路交換器,2345,智邦,2016,1,income_statement,其他收益及費損淨額,,--,sii,https://mopsov.twse.com.tw/mops/web/ajax_t163sb04
下游,高速網路交換器,2345,智邦,2016,1,income_statement,營業利益（損失）,539315,"539,315",sii,https://mopsov.twse.com.tw/mops/web/ajax_t163sb04
下游,高速網路交換器,2345,智邦,2016,1,income_statement,營業外收入及支出,-56458,"-56,458",sii,https://mopsov.twse.com.tw/mops/web/ajax_t163sb04
下游,高速網路交換器,2345,智邦,2016,1,income_statement,稅前淨利（淨損）,482857,"482,857",sii,https://mopsov.twse.com.tw/mops/web/ajax_t163sb04
下游,高速網路交換器,2345,智邦,2016,1,income_statement,所得稅費用（利益）,84741,"84,741",sii,https://mopsov.twse.com.tw/mops/web/ajax_t163sb04
下游,高速網路交換器,2345,智邦,2016,1,income_statement,繼續營業單位本期淨利（淨損）,398116,"398,116",sii,https://mopsov.twse.com.tw/mops/web/ajax_t163sb04
下游,高速網路交換器,2345,智邦,2016,1,income_statement,停業單位損益,,--,sii,https://mopsov.twse.com.tw/mops/web/ajax_t163sb04
下游,高速網路交換器,2345,智邦,2016,1,income_statement,合併前非屬共同控制股權損益,,--,sii,https://mopsov.twse.com.tw/mops/web/ajax_t163sb04
下游,高速網路交換器,2345,智邦,2016,1,income_statement,本期淨利（淨損）,398116,"398,116",sii,https://mopsov.twse.com.tw/mops/web/ajax_t163sb04
下游,高速網路交換器,2345,智邦,2016,1,income_statement,其他綜合損益（淨額）,-106971,"-106,971",sii,https://mopsov.twse.com.tw/mops/web/ajax_t163sb04
下游,高速網路交換器,2345,智邦,2016,1,income_statement,合併前非屬共同控制股權綜合損益淨額,,--,sii,https://mopsov.twse.com.tw/mops/web/ajax_t163sb04
下游,高速網路交換器,2345,智邦,2016,1,income_statement,本期綜合損益總額,291145,"291,145",sii,https://mopsov.twse.com.tw/mops/web/ajax_t163sb04
下游,高速網路交換器,2345,智邦,2016,1,income_statement,淨利（淨損）歸屬於母公司業主,398316,"398,316",sii,https://mopsov.twse.com.tw/mops/web/ajax_t163sb04
下游,高速網路交換器,2345,智邦,2016,1,income_statement,淨利（淨損）歸屬於共同控制下前手權益,,--,sii,https://mopsov.twse.com.tw/mops/web/ajax_t163sb04
下游,高速網路交換器,2345,智邦,2016,1,income_statement,淨利（淨損）歸屬於非控制權益,-200,-200,sii,https://mopsov.twse.com.tw/mops/web/ajax_t163sb04
下游,高速網路交換器,2345,智邦,2016,1,income_statement,綜合損益總額歸屬於母公司業主,291496,"291,496",sii,https://mopsov.twse.com.tw/mops/web/ajax_t163sb04
下游,高速網路交換器,2345,智邦,2016,1,income_statement,綜合損益總額歸屬於共同控制下前手權益,,--,sii,https://mopsov.twse.com.tw/mops/web/ajax_t163sb04
下游,高速網路交換器,2345,智邦,2016,1,income_statement,綜合損益總額歸屬於非控制權益,-351,-351,sii,https://mopsov.twse.com.tw/mops/web/ajax_t163sb04
下游,高速網路交換器,2345,智邦,2016,1,income_statement,基本每股盈餘（元）,0.74,0.74,sii,https://mopsov.twse.com.tw/mops/web/ajax_t163sb04
下游,高速網路交換器,2345,智邦,2016,1,balance_sheet,流動資產,13441558,"13,441,558",sii,https://mopsov.twse.com.tw/mops/web/ajax_t163sb05
下游,高速網路交換器,2345,智邦,2016,1,balance_sheet,非流動資產,1427862,"1,427,862",sii,https://mopsov.twse.com.tw/mops/web/ajax_t163sb05
下游,高速網路交換器,2345,智邦,2016,1,balance_sheet,資產總計,14869420,"14,869,420",sii,https://mopsov.twse.com.tw/mops/web/ajax_t163sb05
下游,高速網路交換器,2345,智邦,2016,1,balance_sheet,流動負債,6359221,"6,359,221",sii,https://mopsov.twse.com.tw/mops/web/ajax_t163sb05
下游,高速網路交換器,2345,智邦,2016,1,balance_sheet,非流動負債,24753,"24,753",sii,https://mopsov.twse.com.tw/mops/web/ajax_t163sb05
下游,高速網路交換器,2345,智邦,2016,1,balance_sheet,負債總額,6383974,"6,383,974",sii,https://mopsov.twse.com.tw/mops/web/ajax_t163sb05
下游,高速網路交換器,2345,智邦,2016,1,balance_sheet,股本,5377554,"5,377,554",sii,https://mopsov.twse.com.tw/mops/web/ajax_t163sb05
下游,高速網路交換器,2345,智邦,2016,1,balance_sheet,資本公積,661831,"661,831",sii,https://mopsov.twse.com.tw/mops/web/ajax_t163sb05
下游,高速網路交換器,2345,智邦,2016,1,balance_sheet,保留盈餘,2317478,"2,317,478",sii,https://mopsov.twse.com.tw/mops/web/ajax_t163sb05
下游,高速網路交換器,2345,智邦,2016,1,balance_sheet,其他權益,172287,"172,287",sii,https://mopsov.twse.com.tw/mops/web/ajax_t163sb05
下游,高速網路交換器,2345,智邦,2016,1,balance_sheet,庫藏股票,-50999,"-50,999",sii,https://mopsov.twse.com.tw/mops/web/ajax_t163sb05
下游,高速網路交換器,2345,智邦,2016,1,balance_sheet,歸屬於母公司業主之權益合計,8478151,"8,478,151",sii,https://mopsov.twse.com.tw/mops/web/ajax_t163sb05
下游,高速網路交換器,2345,智邦,2016,1,balance_sheet,共同控制下前手權益,,--,sii,https://mopsov.twse.com.tw/mops/web/ajax_t163sb05
下游,高速網路交換器,2345,智邦,2016,1,balance_sheet,合併前非屬共同控制股權,,--,sii,https://mopsov.twse.com.tw/mops/web/ajax_t163sb05
下游,高速網路交換器,2345,智邦,2016,1,balance_sheet,非控制權益,7295,"7,295",sii,https://mopsov.twse.com.tw/mops/web/ajax_t163sb05
下游,高速網路交換器,2345,智邦,2016,1,balance_sheet,權益總額,8485446,"8,485,446",sii,https://mopsov.twse.com.tw/mops/web/ajax_t163sb05
下游,高速網路交換器,2345,智邦,2016,1,balance_sheet,待註銷股本股數（單位：股）,,--,sii,https://mopsov.twse.com.tw/mops/web/ajax_t163sb05
下游,高速網路交換器,2345,智邦,2016,1,balance_sheet,預收股款（權益項下）之約當發行股數（單位：股）,0,0,sii,https://mopsov.twse.com.tw/mops/web/ajax_t163sb05
下游,高速網路交換器,2345,智邦,2016,1,balance_sheet,母公司暨子公司所持有之母公司庫藏股股數（單位：股）,2209867,"2,209,867",sii,https://mopsov.twse.com.tw/mops/web/ajax_t163sb05
下游,高速網路交換器,2345,智邦,2016,1,balance_sheet,每股參考淨值,15.83,15.83,sii,https://mopsov.twse.com.tw/mops/web/ajax_t163sb05
下游,高速網路交換器,2345,智邦,2016,1,cash_flow,營業活動之淨現金流入（流出）,-236327,"-236,327",sii,https://mopsov.twse.com.tw/mops/web/ajax_t163sb20
下游,高速網路交換器,2345,智邦,2016,1,cash_flow,投資活動之淨現金流入（流出）,-600293,"-600,293",sii,https://mopsov.twse.com.tw/mops/web/ajax_t163sb20
下游,高速網路交換器,2345,智邦,2016,1,cash_flow,籌資活動之淨現金流入（流出）,8394,"8,394",sii,https://mopsov.twse.com.tw/mops/web/ajax_t163sb20
下游,高速網路交換器,2345,智邦,2016,1,cash_flow,匯率變動對現金及約當現金之影響,-98926,"-98,926",sii,https://mopsov.twse.com.tw/mops/web/ajax_t163sb20
下游,高速網路交換器,2345,智邦,2016,1,cash_flow,本期現金及約當現金增加（減少）數,-927152,"-927,152",sii,https://mopsov.twse.com.tw/mops/web/ajax_t163sb20
下游,高速網路交換器,2345,智邦,2016,1,cash_flow,期初現金及約當現金餘額,5382528,"5,382,528",sii,https://mopsov.twse.com.tw/mops/web/ajax_t163sb20
下游,高速網路交換器,2345,智邦,2016,1,cash_flow,期末現金及約當現金餘額,4455376,"4,455,376",sii,https://mopsov.twse.com.tw/mops/web/ajax_t163sb20
下游,高速網路交換器,2345,智邦,2016,2,income_statement,營業收入,13348285,"13,348,285",sii,https://mopsov.twse.com.tw/mops/web/ajax_t163sb04
下游,高速網路交換器,2345,智邦,2016,2,income_statement,營業成本,10538561,"10,538,561",sii,https://mopsov.twse.com.tw/mops/web/ajax_t163sb04
下游,高速網路交換器,2345,智邦,2016,2,income_statement,營業毛利（毛損）,2809724,"2,809,724",sii,https://mopsov.twse.com.tw/mops/web/ajax_t163sb04
下游,高速網路交換器,2345,智邦,2016,2,income_statement,未實現銷貨（損）益,,--,sii,https://mopsov.twse.com.tw/mops/web/ajax_t163sb04
下游,高速網路交換器,2345,智邦,2016,2,income_statement,已實現銷貨（損）益,,--,sii,https://mopsov.twse.com.tw/mops/web/ajax_t163sb04
下游,高速網路交換器,2345,智邦,2016,2,income_statement,營業毛利（毛損）淨額,2809724,"2,809,724",sii,https://mopsov.twse.com.tw/mops/web/ajax_t163sb04
下游,高速網路交換器,2345,智邦,2016,2,income_statement,營業費用,1704475,"1,704,475",sii,https://mopsov.twse.com.tw/mops/web/ajax_t163sb04
下游,高速網路交換器,2345,智邦,2016,2,income_statement,其他收益及費損淨額,,--,sii,https://mopsov.twse.com.tw/mops/web/ajax_t163sb04
下游,高速網路交換器,2345,智邦,2016,2,income_statement,營業利益（損失）,1105249,"1,105,249",sii,https://mopsov.twse.com.tw/mops/web/ajax_t163sb04
下游,高速網路交換器,2345,智邦,2016,2,income_statement,營業外收入及支出,26273,"26,273",sii,https://mopsov.twse.com.tw/mops/web/ajax_t163sb04
下游,高速網路交換器,2345,智邦,2016,2,income_statement,稅前淨利（淨損）,1131522,"1,131,522",sii,https://mopsov.twse.com.tw/mops/web/ajax_t163sb04
下游,高速網路交換器,2345,智邦,2016,2,income_statement,所得稅費用（利益）,254872,"254,872",sii,https://mopsov.twse.com.tw/mops/web/ajax_t163sb04
下游,高速網路交換器,2345,智邦,2016,2,income_statement,繼續營業單位本期淨利（淨損）,876650,"876,650",sii,https://mopsov.twse.com.tw/mops/web/ajax_t163sb04
下游,高速網路交換器,2345,智邦,2016,2,income_statement,停業單位損益,,--,sii,https://mopsov.twse.com.tw/mops/web/ajax_t163sb04
下游,高速網路交換器,2345,智邦,2016,2,income_statement,合併前非屬共同控制股權損益,,--,sii,https://mopsov.twse.com.tw/mops/web/ajax_t163sb04
下游,高速網路交換器,2345,智邦,2016,2,income_statement,本期淨利（淨損）,876650,"876,650",sii,https://mopsov.twse.com.tw/mops/web/ajax_t163sb04
下游,高速網路交換器,2345,智邦,2016,2,income_statement,其他綜合損益（淨額）,-169751,"-169,751",sii,https://mopsov.twse.com.tw/mops/web/ajax_t163sb04
下游,高速網路交換器,2345,智邦,2016,2,income_statement,合併前非屬共同控制股權綜合損益淨額,,--,sii,https://mopsov.twse.com.tw/mops/web/ajax_t163sb04
下游,高速網路交換器,2345,智邦,2016,2,income_statement,本期綜合損益總額,706899,"706,899",sii,https://mopsov.twse.com.tw/mops/web/ajax_t163sb04
下游,高速網路交換器,2345,智邦,2016,2,income_statement,淨利（淨損）歸屬於母公司業主,876875,"876,875",sii,https://mopsov.twse.com.tw/mops/web/ajax_t163sb04
下游,高速網路交換器,2345,智邦,2016,2,income_statement,淨利（淨損）歸屬於共同控制下前手權益,,--,sii,https://mopsov.twse.com.tw/mops/web/ajax_t163sb04
下游,高速網路交換器,2345,智邦,2016,2,income_statement,淨利（淨損）歸屬於非控制權益,-225,-225,sii,https://mopsov.twse.com.tw/mops/web/ajax_t163sb04
下游,高速網路交換器,2345,智邦,2016,2,income_statement,綜合損益總額歸屬於母公司業主,707258,"707,258",sii,https://mopsov.twse.com.tw/mops/web/ajax_t163sb04
下游,高速網路交換器,2345,智邦,2016,2,income_statement,綜合損益總額歸屬於共同控制下前手權益,,--,sii,https://mopsov.twse.com.tw/mops/web/ajax_t163sb04
下游,高速網路交換器,2345,智邦,2016,2,income_statement,綜合損益總額歸屬於非控制權益,-359,-359,sii,https://mopsov.twse.com.tw/mops/web/ajax_t163sb04
下游,高速網路交換器,2345,智邦,2016,2,income_statement,基本每股盈餘（元）,1.64,1.64,sii,https://mopsov.twse.com.tw/mops/web/ajax_t163sb04
下游,高速網路交換器,2345,智邦,2016,2,balance_sheet,流動資產,13708532,"13,708,532",sii,https://mopsov.twse.com.tw/mops/web/ajax_t163sb05
下游,高速網路交換器,2345,智邦,2016,2,balance_sheet,非流動資產,1379227,"1,379,227",sii,https://mopsov.twse.com.tw/mops/web/ajax_t163sb05
下游,高速網路交換器,2345,智邦,2016,2,balance_sheet,資產總計,15087759,"15,087,759",sii,https://mopsov.twse.com.tw/mops/web/ajax_t163sb05
下游,高速網路交換器,2345,智邦,2016,2,balance_sheet,流動負債,7199763,"7,199,763",sii,https://mopsov.twse.com.tw/mops/web/ajax_t163sb05
下游,高速網路交換器,2345,智邦,2016,2,balance_sheet,非流動負債,29412,"29,412",sii,https://mopsov.twse.com.tw/mops/web/ajax_t163sb05
下游,高速網路交換器,2345,智邦,2016,2,balance_sheet,負債總額,7229175,"7,229,175",sii,https://mopsov.twse.com.tw/mops/web/ajax_t163sb05
下游,高速網路交換器,2345,智邦,2016,2,balance_sheet,股本,5381244,"5,381,244",sii,https://mopsov.twse.com.tw/mops/web/ajax_t163sb05
下游,高速網路交換器,2345,智邦,2016,2,balance_sheet,資本公積,672696,"672,696",sii,https://mopsov.twse.com.tw/mops/web/ajax_t163sb05
下游,高速網路交換器,2345,智邦,2016,2,balance_sheet,保留盈餘,1739663,"1,739,663",sii,https://mopsov.twse.com.tw/mops/web/ajax_t163sb05
下游,高速網路交換器,2345,智邦,2016,2,balance_sheet,其他權益,109490,"109,490",sii,https://mopsov.twse.com.tw/mops/web/ajax_t163sb05
下游,高速網路交換器,2345,智邦,2016,2,balance_sheet,庫藏股票,-50999,"-50,999",sii,https://mopsov.twse.com.tw/mops/web/ajax_t163sb05
下游,高速網路交換器,2345,智邦,2016,2,balance_sheet,歸屬於母公司業主之權益合計,7852094,"7,852,094",sii,https://mopsov.twse.com.tw/mops/web/ajax_t163sb05
下游,高速網路交換器,2345,智邦,2016,2,balance_sheet,共同控制下前手權益,,--,sii,https://mopsov.twse.com.tw/mops/web/ajax_t163sb05
下游,高速網路交換器,2345,智邦,2016,2,balance_sheet,合併前非屬共同控制股權,,--,sii,https://mopsov.twse.com.tw/mops/web/ajax_t163sb05
下游,高速網路交換器,2345,智邦,2016,2,balance_sheet,非控制權益,6490,"6,490",sii,https://mopsov.twse.com.tw/mops/web/ajax_t163sb05
下游,高速網路交換器,2345,智邦,2016,2,balance_sheet,權益總額,7858584,"7,858,584",sii,https://mopsov.twse.com.tw/mops/web/ajax_t163sb05
下游,高速網路交換器,2345,智邦,2016,2,balance_sheet,待註銷股本股數（單位：股）,,--,sii,https://mopsov.twse.com.tw/mops/web/ajax_t163sb05
下游,高速網路交換器,2345,智邦,2016,2,balance_sheet,預收股款（權益項下）之約當發行股數（單位：股）,0,0,sii,https://mopsov.twse.com.tw/mops/web/ajax_t163sb05
下游,高速網路交換器,2345,智邦,2016,2,balance_sheet,母公司暨子公司所持有之母公司庫藏股股數（單位：股）,2209867,"2,209,867",sii,https://mopsov.twse.com.tw/mops/web/ajax_t163sb05
下游,高速網路交換器,2345,智邦,2016,2,balance_sheet,每股參考淨值,14.65,14.65,sii,https://mopsov.twse.com.tw/mops/web/ajax_t163sb05
下游,高速網路交換器,2345,智邦,2016,2,cash_flow,營業活動之淨現金流入（流出）,210250,"210,250",sii,https://mopsov.twse.com.tw/mops/web/ajax_t163sb20
下游,高速網路交換器,2345,智邦,2016,2,cash_flow,投資活動之淨現金流入（流出）,-1100845,"-1,100,845",sii,https://mopsov.twse.com.tw/mops/web/ajax_t163sb20
下游,高速網路交換器,2345,智邦,2016,2,cash_flow,籌資活動之淨現金流入（流出）,12068,"12,068",sii,https://mopsov.twse.com.tw/mops/web/ajax_t163sb20
下游,高速網路交換器,2345,智邦,2016,2,cash_flow,匯率變動對現金及約當現金之影響,-156277,"-156,277",sii,https://mopsov.twse.com.tw/mops/web/ajax_t163sb20
下游,高速網路交換器,2345,智邦,2016,2,cash_flow,本期現金及約當現金增加（減少）數,-1034804,"-1,034,804",sii,https://mopsov.twse.com.tw/mops/web/ajax_t163sb20
下游,高速網路交換器,2345,智邦,2016,2,cash_flow,期初現金及約當現金餘額,5382528,"5,382,528",sii,https://mopsov.twse.com.tw/mops/web/ajax_t163sb20
下游,高速網路交換器,2345,智邦,2016,2,cash_flow,期末現金及約當現金餘額,4347724,"4,347,724",sii,https://mopsov.twse.com.tw/mops/web/ajax_t163sb20
下游,高速網路交換器,2345,智邦,2016,3,income_statement,營業收入,20939598,"20,939,598",sii,https://mopsov.twse.com.tw/mops/web/ajax_t163sb04
下游,高速網路交換器,2345,智邦,2016,3,income_statement,營業成本,16640974,"16,640,974",sii,https://mopsov.twse.com.tw/mops/web/ajax_t163sb04
下游,高速網路交換器,2345,智邦,2016,3,income_statement,營業毛利（毛損）,4298624,"4,298,624",sii,https://mopsov.twse.com.tw/mops/web/ajax_t163sb04
下游,高速網路交換器,2345,智邦,2016,3,income_statement,未實現銷貨（損）益,,--,sii,https://mopsov.twse.com.tw/mops/web/ajax_t163sb04
下游,高速網路交換器,2345,智邦,2016,3,income_statement,已實現銷貨（損）益,,--,sii,https://mopsov.twse.com.tw/mops/web/ajax_t163sb04
下游,高速網路交換器,2345,智邦,2016,3,income_statement,營業毛利（毛損）淨額,4298624,"4,298,624",sii,https://mopsov.twse.com.tw/mops/web/ajax_t163sb04
下游,高速網路交換器,2345,智邦,2016,3,income_statement,營業費用,2602427,"2,602,427",sii,https://mopsov.twse.com.tw/mops/web/ajax_t163sb04
下游,高速網路交換器,2345,智邦,2016,3,income_statement,其他收益及費損淨額,,--,sii,https://mopsov.twse.com.tw/mops/web/ajax_t163sb04
下游,高速網路交換器,2345,智邦,2016,3,income_statement,營業利益（損失）,1696197,"1,696,197",sii,https://mopsov.twse.com.tw/mops/web/ajax_t163sb04
下游,高速網路交換器,2345,智邦,2016,3,income_statement,營業外收入及支出,38141,"38,141",sii,https://mopsov.twse.com.tw/mops/web/ajax_t163sb04
下游,高速網路交換器,2345,智邦,2016,3,income_statement,稅前淨利（淨損）,1734338,"1,734,338",sii,https://mopsov.twse.com.tw/mops/web/ajax_t163sb04
下游,高速網路交換器,2345,智邦,2016,3,income_statement,所得稅費用（利益）,377349,"377,349",sii,https://mopsov.twse.com.tw/mops/web/ajax_t163sb04
下游,高速網路交換器,2345,智邦,2016,3,income_statement,繼續營業單位本期淨利（淨損）,1356989,"1,356,989",sii,https://mopsov.twse.com.tw/mops/web/ajax_t163sb04
下游,高速網路交換器,2345,智邦,2016,3,income_statement,停業單位損益,,--,sii,https://mopsov.twse.com.tw/mops/web/ajax_t163sb04
下游,高速網路交換器,2345,智邦,2016,3,income_statement,合併前非屬共同控制股權損益,,--,sii,https://mopsov.twse.com.tw/mops/web/ajax_t163sb04
下游,高速網路交換器,2345,智邦,2016,3,income_statement,本期淨利（淨損）,1356989,"1,356,989",sii,https://mopsov.twse.com.tw/mops/web/ajax_t163sb04
下游,高速網路交換器,2345,智邦,2016,3,income_statement,其他綜合損益（淨額）,-309185,"-309,185",sii,https://mopsov.twse.com.tw/mops/web/ajax_t163sb04
下游,高速網路交換器,2345,智邦,2016,3,income_statement,合併前非屬共同控制股權綜合損益淨額,,--,sii,https://mopsov.twse.com.tw/mops/web/ajax_t163sb04
下游,高速網路交換器,2345,智邦,2016,3,income_statement,本期綜合損益總額,1047804,"1,047,804",sii,https://mopsov.twse.com.tw/mops/web/ajax_t163sb04
下游,高速網路交換器,2345,智邦,2016,3,income_statement,淨利（淨損）歸屬於母公司業主,1357219,"1,357,219",sii,https://mopsov.twse.com.tw/mops/web/ajax_t163sb04
下游,高速網路交換器,2345,智邦,2016,3,income_statement,淨利（淨損）歸屬於共同控制下前手權益,,--,sii,https://mopsov.twse.com.tw/mops/web/ajax_t163sb04
下游,高速網路交換器,2345,智邦,2016,3,income_statement,淨利（淨損）歸屬於非控制權益,-230,-230,sii,https://mopsov.twse.com.tw/mops/web/ajax_t163sb04
下游,高速網路交換器,2345,智邦,2016,3,income_statement,綜合損益總額歸屬於母公司業主,1048356,"1,048,356",sii,https://mopsov.twse.com.tw/mops/web/ajax_t163sb04
下游,高速網路交換器,2345,智邦,2016,3,income_statement,綜合損益總額歸屬於共同控制下前手權益,,--,sii,https://mopsov.twse.com.tw/mops/web/ajax_t163sb04
下游,高速網路交換器,2345,智邦,2016,3,income_statement,綜合損益總額歸屬於非控制權益,-552,-552,sii,https://mopsov.twse.com.tw/mops/web/ajax_t163sb04
下游,高速網路交換器,2345,智邦,2016,3,income_statement,基本每股盈餘（元）,2.53,2.53,sii,https://mopsov.twse.com.tw/mops/web/ajax_t163sb04
下游,高速網路交換器,2345,智邦,2016,3,balance_sheet,流動資產,13787297,"13,787,297",sii,https://mopsov.twse.com.tw/mops/web/ajax_t163sb05
下游,高速網路交換器,2345,智邦,2016,3,balance_sheet,非流動資產,1356190,"1,356,190",sii,https://mopsov.twse.com.tw/mops/web/ajax_t163sb05
下游,高速網路交換器,2345,智邦,2016,3,balance_sheet,資產總計,15143487,"15,143,487",sii,https://mopsov.twse.com.tw/mops/web/ajax_t163sb05
下游,高速網路交換器,2345,智邦,2016,3,balance_sheet,流動負債,6823506,"6,823,506",sii,https://mopsov.twse.com.tw/mops/web/ajax_t163sb05
下游,高速網路交換器,2345,智邦,2016,3,balance_sheet,非流動負債,27393,"27,393",sii,https://mopsov.twse.com.tw/mops/web/ajax_t163sb05
下游,高速網路交換器,2345,智邦,2016,3,balance_sheet,負債總額,6850899,"6,850,899",sii,https://mopsov.twse.com.tw/mops/web/ajax_t163sb05
下游,高速網路交換器,2345,智邦,2016,3,balance_sheet,股本,5437079,"5,437,079",sii,https://mopsov.twse.com.tw/mops/web/ajax_t163sb05
下游,高速網路交換器,2345,智邦,2016,3,balance_sheet,資本公積,710282,"710,282",sii,https://mopsov.twse.com.tw/mops/web/ajax_t163sb05
下游,高速網路交換器,2345,智邦,2016,3,balance_sheet,保留盈餘,2220007,"2,220,007",sii,https://mopsov.twse.com.tw/mops/web/ajax_t163sb05
下游,高速網路交換器,2345,智邦,2016,3,balance_sheet,其他權益,-30078,"-30,078",sii,https://mopsov.twse.com.tw/mops/web/ajax_t163sb05
下游,高速網路交換器,2345,智邦,2016,3,balance_sheet,庫藏股票,-50999,"-50,999",sii,https://mopsov.twse.com.tw/mops/web/ajax_t163sb05
下游,高速網路交換器,2345,智邦,2016,3,balance_sheet,歸屬於母公司業主之權益合計,8286291,"8,286,291",sii,https://mopsov.twse.com.tw/mops/web/ajax_t163sb05
下游,高速網路交換器,2345,智邦,2016,3,balance_sheet,共同控制下前手權益,,--,sii,https://mopsov.twse.com.tw/mops/web/ajax_t163sb05
下游,高速網路交換器,2345,智邦,2016,3,balance_sheet,合併前非屬共同控制股權,,--,sii,https://mopsov.twse.com.tw/mops/web/ajax_t163sb05
下游,高速網路交換器,2345,智邦,2016,3,balance_sheet,非控制權益,6297,"6,297",sii,https://mopsov.twse.com.tw/mops/web/ajax_t163sb05
下游,高速網路交換器,2345,智邦,2016,3,balance_sheet,權益總額,8292588,"8,292,588",sii,https://mopsov.twse.com.tw/mops/web/ajax_t163sb05
下游,高速網路交換器,2345,智邦,2016,3,balance_sheet,待註銷股本股數（單位：股）,,--,sii,https://mopsov.twse.com.tw/mops/web/ajax_t163sb05
下游,高速網路交換器,2345,智邦,2016,3,balance_sheet,預收股款（權益項下）之約當發行股數（單位：股）,0,0,sii,https://mopsov.twse.com.tw/mops/web/ajax_t163sb05
下游,高速網路交換器,2345,智邦,2016,3,balance_sheet,母公司暨子公司所持有之母公司庫藏股股數（單位：股）,2209867,"2,209,867",sii,https://mopsov.twse.com.tw/mops/web/ajax_t163sb05
下游,高速網路交換器,2345,智邦,2016,3,balance_sheet,每股參考淨值,15.3,15.30,sii,https://mopsov.twse.com.tw/mops/web/ajax_t163sb05
下游,高速網路交換器,2345,智邦,2016,3,cash_flow,營業活動之淨現金流入（流出）,1939748,"1,939,748",sii,https://mopsov.twse.com.tw/mops/web/ajax_t163sb20
下游,高速網路交換器,2345,智邦,2016,3,cash_flow,投資活動之淨現金流入（流出）,-933215,"-933,215",sii,https://mopsov.twse.com.tw/mops/web/ajax_t163sb20
下游,高速網路交換器,2345,智邦,2016,3,cash_flow,籌資活動之淨現金流入（流出）,-953029,"-953,029",sii,https://mopsov.twse.com.tw/mops/web/ajax_t163sb20
下游,高速網路交換器,2345,智邦,2016,3,cash_flow,匯率變動對現金及約當現金之影響,-402088,"-402,088",sii,https://mopsov.twse.com.tw/mops/web/ajax_t163sb20
下游,高速網路交換器,2345,智邦,2016,3,cash_flow,本期現金及約當現金增加（減少）數,-348584,"-348,584",sii,https://mopsov.twse.com.tw/mops/web/ajax_t163sb20
下游,高速網路交換器,2345,智邦,2016,3,cash_flow,期初現金及約當現金餘額,5382528,"5,382,528",sii,https://mopsov.twse.com.tw/mops/web/ajax_t163sb20
下游,高速網路交換器,2345,智邦,2016,3,cash_flow,期末現金及約當現金餘額,5033944,"5,033,944",sii,https://mopsov.twse.com.tw/mops/web/ajax_t163sb20
下游,高速網路交換器,2345,智邦,2016,4,income_statement,營業收入,29368753,"29,368,753",sii,https://mopsov.twse.com.tw/mops/web/ajax_t163sb04
下游,高速網路交換器,2345,智邦,2016,4,income_statement,營業成本,23362750,"23,362,750",sii,https://mopsov.twse.com.tw/mops/web/ajax_t163sb04
下游,高速網路交換器,2345,智邦,2016,4,income_statement,營業毛利（毛損）,6006003,"6,006,003",sii,https://mopsov.twse.com.tw/mops/web/ajax_t163sb04
下游,高速網路交換器,2345,智邦,2016,4,income_statement,未實現銷貨（損）益,,--,sii,https://mopsov.twse.com.tw/mops/web/ajax_t163sb04
下游,高速網路交換器,2345,智邦,2016,4,income_statement,已實現銷貨（損）益,,--,sii,https://mopsov.twse.com.tw/mops/web/ajax_t163sb04
下游,高速網路交換器,2345,智邦,2016,4,income_statement,營業毛利（毛損）淨額,6006003,"6,006,003",sii,https://mopsov.twse.com.tw/mops/web/ajax_t163sb04
下游,高速網路交換器,2345,智邦,2016,4,income_statement,營業費用,3581432,"3,581,432",sii,https://mopsov.twse.com.tw/mops/web/ajax_t163sb04
下游,高速網路交換器,2345,智邦,2016,4,income_statement,其他收益及費損淨額,,--,sii,https://mopsov.twse.com.tw/mops/web/ajax_t163sb04
下游,高速網路交換器,2345,智邦,2016,4,income_statement,營業利益（損失）,2424571,"2,424,571",sii,https://mopsov.twse.com.tw/mops/web/ajax_t163sb04
下游,高速網路交換器,2345,智邦,2016,4,income_statement,營業外收入及支出,67403,"67,403",sii,https://mopsov.twse.com.tw/mops/web/ajax_t163sb04
下游,高速網路交換器,2345,智邦,2016,4,income_statement,稅前淨利（淨損）,2491974,"2,491,974",sii,https://mopsov.twse.com.tw/mops/web/ajax_t163sb04
下游,高速網路交換器,2345,智邦,2016,4,income_statement,所得稅費用（利益）,604475,"604,475",sii,https://mopsov.twse.com.tw/mops/web/ajax_t163sb04
下游,高速網路交換器,2345,智邦,2016,4,income_statement,繼續營業單位本期淨利（淨損）,1887499,"1,887,499",sii,https://mopsov.twse.com.tw/mops/web/ajax_t163sb04
下游,高速網路交換器,2345,智邦,2016,4,income_statement,停業單位損益,,--,sii,https://mopsov.twse.com.tw/mops/web/ajax_t163sb04
下游,高速網路交換器,2345,智邦,2016,4,income_statement,合併前非屬共同控制股權損益,,--,sii,https://mopsov.twse.com.tw/mops/web/ajax_t163sb04
下游,高速網路交換器,2345,智邦,2016,4,income_statement,本期淨利（淨損）,1887499,"1,887,499",sii,https://mopsov.twse.com.tw/mops/web/ajax_t163sb04
下游,高速網路交換器,2345,智邦,2016,4,income_statement,其他綜合損益（淨額）,-346649,"-346,649",sii,https://mopsov.twse.com.tw/mops/web/ajax_t163sb04
下游,高速網路交換器,2345,智邦,2016,4,income_statement,合併前非屬共同控制股權綜合損益淨額,,--,sii,https://mopsov.twse.com.tw/mops/web/ajax_t163sb04
下游,高速網路交換器,2345,智邦,2016,4,income_statement,本期綜合損益總額,1540850,"1,540,850",sii,https://mopsov.twse.com.tw/mops/web/ajax_t163sb04
下游,高速網路交換器,2345,智邦,2016,4,income_statement,淨利（淨損）歸屬於母公司業主,1887913,"1,887,913",sii,https://mopsov.twse.com.tw/mops/web/ajax_t163sb04
下游,高速網路交換器,2345,智邦,2016,4,income_statement,淨利（淨損）歸屬於共同控制下前手權益,,--,sii,https://mopsov.twse.com.tw/mops/web/ajax_t163sb04
下游,高速網路交換器,2345,智邦,2016,4,income_statement,淨利（淨損）歸屬於非控制權益,-414,-414,sii,https://mopsov.twse.com.tw/mops/web/ajax_t163sb04
下游,高速網路交換器,2345,智邦,2016,4,income_statement,綜合損益總額歸屬於母公司業主,1541402,"1,541,402",sii,https://mopsov.twse.com.tw/mops/web/ajax_t163sb04
下游,高速網路交換器,2345,智邦,2016,4,income_statement,綜合損益總額歸屬於共同控制下前手權益,,--,sii,https://mopsov.twse.com.tw/mops/web/ajax_t163sb04
下游,高速網路交換器,2345,智邦,2016,4,income_statement,綜合損益總額歸屬於非控制權益,-552,-552,sii,https://mopsov.twse.com.tw/mops/web/ajax_t163sb04
下游,高速網路交換器,2345,智邦,2016,4,income_statement,基本每股盈餘（元）,3.51,3.51,sii,https://mopsov.twse.com.tw/mops/web/ajax_t163sb04
下游,高速網路交換器,2345,智邦,2016,4,balance_sheet,流動資產,16185953,"16,185,953",sii,https://mopsov.twse.com.tw/mops/web/ajax_t163sb05
下游,高速網路交換器,2345,智邦,2016,4,balance_sheet,非流動資產,1317898,"1,317,898",sii,https://mopsov.twse.com.tw/mops/web/ajax_t163sb05
下游,高速網路交換器,2345,智邦,2016,4,balance_sheet,資產總計,17503851,"17,503,851",sii,https://mopsov.twse.com.tw/mops/web/ajax_t163sb05
下游,高速網路交換器,2345,智邦,2016,4,balance_sheet,流動負債,8638433,"8,638,433",sii,https://mopsov.twse.com.tw/mops/web/ajax_t163sb05
下游,高速網路交換器,2345,智邦,2016,4,balance_sheet,非流動負債,26684,"26,684",sii,https://mopsov.twse.com.tw/mops/web/ajax_t163sb05
下游,高速網路交換器,2345,智邦,2016,4,balance_sheet,負債總額,8665117,"8,665,117",sii,https://mopsov.twse.com.tw/mops/web/ajax_t163sb05
下游,高速網路交換器,2345,智邦,2016,4,balance_sheet,股本,5454429,"5,454,429",sii,https://mopsov.twse.com.tw/mops/web/ajax_t163sb05
下游,高速網路交換器,2345,智邦,2016,4,balance_sheet,資本公積,725710,"725,710",sii,https://mopsov.twse.com.tw/mops/web/ajax_t163sb05
下游,高速網路交換器,2345,智邦,2016,4,balance_sheet,保留盈餘,2745603,"2,745,603",sii,https://mopsov.twse.com.tw/mops/web/ajax_t163sb05
下游,高速網路交換器,2345,智邦,2016,4,balance_sheet,其他權益,-62306,"-62,306",sii,https://mopsov.twse.com.tw/mops/web/ajax_t163sb05
下游,高速網路交換器,2345,智邦,2016,4,balance_sheet,庫藏股票,-50999,"-50,999",sii,https://mopsov.twse.com.tw/mops/web/ajax_t163sb05
下游,高速網路交換器,2345,智邦,2016,4,balance_sheet,歸屬於母公司業主之權益合計,8812437,"8,812,437",sii,https://mopsov.twse.com.tw/mops/web/ajax_t163sb05
下游,高速網路交換器,2345,智邦,2016,4,balance_sheet,共同控制下前手權益,,--,sii,https://mopsov.twse.com.tw/mops/web/ajax_t163sb05
下游,高速網路交換器,2345,智邦,2016,4,balance_sheet,合併前非屬共同控制股權,,--,sii,https://mopsov.twse.com.tw/mops/web/ajax_t163sb05
下游,高速網路交換器,2345,智邦,2016,4,balance_sheet,非控制權益,26297,"26,297",sii,https://mopsov.twse.com.tw/mops/web/ajax_t163sb05
下游,高速網路交換器,2345,智邦,2016,4,balance_sheet,權益總額,8838734,"8,838,734",sii,https://mopsov.twse.com.tw/mops/web/ajax_t163sb05
下游,高速網路交換器,2345,智邦,2016,4,balance_sheet,待註銷股本股數（單位：股）,,--,sii,https://mopsov.twse.com.tw/mops/web/ajax_t163sb05
下游,高速網路交換器,2345,智邦,2016,4,balance_sheet,預收股款（權益項下）之約當發行股數（單位：股）,0,0,sii,https://mopsov.twse.com.tw/mops/web/ajax_t163sb05
下游,高速網路交換器,2345,智邦,2016,4,balance_sheet,母公司暨子公司所持有之母公司庫藏股股數（單位：股）,2209867,"2,209,867",sii,https://mopsov.twse.com.tw/mops/web/ajax_t163sb05
下游,高速網路交換器,2345,智邦,2016,4,balance_sheet,每股參考淨值,16.22,16.22,sii,https://mopsov.twse.com.tw/mops/web/ajax_t163sb05
下游,高速網路交換器,2345,智邦,2016,4,cash_flow,營業活動之淨現金流入（流出）,3650046,"3,650,046",sii,https://mopsov.twse.com.tw/mops/web/ajax_t163sb20
下游,高速網路交換器,2345,智邦,2016,4,cash_flow,投資活動之淨現金流入（流出）,-1294799,"-1,294,799",sii,https://mopsov.twse.com.tw/mops/web/ajax_t163sb20
下游,高速網路交換器,2345,智邦,2016,4,cash_flow,籌資活動之淨現金流入（流出）,-906741,"-906,741",sii,https://mopsov.twse.com.tw/mops/web/ajax_t163sb20
下游,高速網路交換器,2345,智邦,2016,4,cash_flow,匯率變動對現金及約當現金之影響,-309840,"-309,840",sii,https://mopsov.twse.com.tw/mops/web/ajax_t163sb20
下游,高速網路交換器,2345,智邦,2016,4,cash_flow,本期現金及約當現金增加（減少）數,1138666,"1,138,666",sii,https://mopsov.twse.com.tw/mops/web/ajax_t163sb20
下游,高速網路交換器,2345,智邦,2016,4,cash_flow,期初現金及約當現金餘額,5382528,"5,382,528",sii,https://mopsov.twse.com.tw/mops/web/ajax_t163sb20
下游,高速網路交換器,2345,智邦,2016,4,cash_flow,期末現金及約當現金餘額,6521194,"6,521,194",sii,https://mopsov.twse.com.tw/mops/web/ajax_t163sb20
下游,高速網路交換器,2345,智邦,2017,1,income_statement,營業收入,8562229,"8,562,229",sii,https://mopsov.twse.com.tw/mops/web/ajax_t163sb04
下游,高速網路交換器,2345,智邦,2017,1,income_statement,營業成本,6847482,"6,847,482",sii,https://mopsov.twse.com.tw/mops/web/ajax_t163sb04
下游,高速網路交換器,2345,智邦,2017,1,income_statement,原始認列生物資產及農產品之利益（損失）,,--,sii,https://mopsov.twse.com.tw/mops/web/ajax_t163sb04
下游,高速網路交換器,2345,智邦,2017,1,income_statement,生物資產當期公允價值減出售成本之變動利益（損失）,,--,sii,https://mopsov.twse.com.tw/mops/web/ajax_t163sb04
下游,高速網路交換器,2345,智邦,2017,1,income_statement,營業毛利（毛損）,1714747,"1,714,747",sii,https://mopsov.twse.com.tw/mops/web/ajax_t163sb04
下游,高速網路交換器,2345,智邦,2017,1,income_statement,未實現銷貨（損）益,,--,sii,https://mopsov.twse.com.tw/mops/web/ajax_t163sb04
下游,高速網路交換器,2345,智邦,2017,1,income_statement,已實現銷貨（損）益,,--,sii,https://mopsov.twse.com.tw/mops/web/ajax_t163sb04
下游,高速網路交換器,2345,智邦,2017,1,income_statement,營業毛利（毛損）淨額,1714747,"1,714,747",sii,https://mopsov.twse.com.tw/mops/web/ajax_t163sb04
下游,高速網路交換器,2345,智邦,2017,1,income_statement,營業費用,935981,"935,981",sii,https://mopsov.twse.com.tw/mops/web/ajax_t163sb04
下游,高速網路交換器,2345,智邦,2017,1,income_statement,其他收益及費損淨額,,--,sii,https://mopsov.twse.com.tw/mops/web/ajax_t163sb04
下游,高速網路交換器,2345,智邦,2017,1,income_statement,營業利益（損失）,778766,"778,766",sii,https://mopsov.twse.com.tw/mops/web/ajax_t163sb04
下游,高速網路交換器,2345,智邦,2017,1,income_statement,營業外收入及支出,63241,"63,241",sii,https://mopsov.twse.com.tw/mops/web/ajax_t163sb04
下游,高速網路交換器,2345,智邦,2017,1,income_statement,稅前淨利（淨損）,842007,"842,007",sii,https://mopsov.twse.com.tw/mops/web/ajax_t163sb04
下游,高速網路交換器,2345,智邦,2017,1,income_statement,所得稅費用（利益）,193844,"193,844",sii,https://mopsov.twse.com.tw/mops/web/ajax_t163sb04
下游,高速網路交換器,2345,智邦,2017,1,income_statement,繼續營業單位本期淨利（淨損）,648163,"648,163",sii,https://mopsov.twse.com.tw/mops/web/ajax_t163sb04
下游,高速網路交換器,2345,智邦,2017,1,income_statement,停業單位損益,,--,sii,https://mopsov.twse.com.tw/mops/web/ajax_t163sb04
下游,高速網路交換器,2345,智邦,2017,1,income_statement,合併前非屬共同控制股權損益,,--,sii,https://mopsov.twse.com.tw/mops/web/ajax_t163sb04
下游,高速網路交換器,2345,智邦,2017,1,income_statement,本期淨利（淨損）,648163,"648,163",sii,https://mopsov.twse.com.tw/mops/web/ajax_t163sb04
下游,高速網路交換器,2345,智邦,2017,1,income_statement,其他綜合損益（淨額）,-254226,"-254,226",sii,https://mopsov.twse.com.tw/mops/web/ajax_t163sb04
下游,高速網路交換器,2345,智邦,2017,1,income_statement,合併前非屬共同控制股權綜合損益淨額,,--,sii,https://mopsov.twse.com.tw/mops/web/ajax_t163sb04
下游,高速網路交換器,2345,智邦,2017,1,income_statement,本期綜合損益總額,393937,"393,937",sii,https://mopsov.twse.com.tw/mops/web/ajax_t163sb04
下游,高速網路交換器,2345,智邦,2017,1,income_statement,淨利（淨損）歸屬於母公司業主,648395,"648,395",sii,https://mopsov.twse.com.tw/mops/web/ajax_t163sb04
下游,高速網路交換器,2345,智邦,2017,1,income_statement,淨利（淨損）歸屬於共同控制下前手權益,,--,sii,https://mopsov.twse.com.tw/mops/web/ajax_t163sb04
下游,高速網路交換器,2345,智邦,2017,1,income_statement,淨利（淨損）歸屬於非控制權益,-232,-232,sii,https://mopsov.twse.com.tw/mops/web/ajax_t163sb04
下游,高速網路交換器,2345,智邦,2017,1,income_statement,綜合損益總額歸屬於母公司業主,394566,"394,566",sii,https://mopsov.twse.com.tw/mops/web/ajax_t163sb04
下游,高速網路交換器,2345,智邦,2017,1,income_statement,綜合損益總額歸屬於共同控制下前手權益,,--,sii,https://mopsov.twse.com.tw/mops/web/ajax_t163sb04
下游,高速網路交換器,2345,智邦,2017,1,income_statement,綜合損益總額歸屬於非控制權益,-629,-629,sii,https://mopsov.twse.com.tw/mops/web/ajax_t163sb04
下游,高速網路交換器,2345,智邦,2017,1,income_statement,基本每股盈餘（元）,1.19,1.19,sii,https://mopsov.twse.com.tw/mops/web/ajax_t163sb04
下游,高速網路交換器,2345,智邦,2017,1,balance_sheet,流動資產,16965509,"16,965,509",sii,https://mopsov.twse.com.tw/mops/web/ajax_t163sb05
下游,高速網路交換器,2345,智邦,2017,1,balance_sheet,非流動資產,1330106,"1,330,106",sii,https://mopsov.twse.com.tw/mops/web/ajax_t163sb05
下游,高速網路交換器,2345,智邦,2017,1,balance_sheet,資產總計,18295615,"18,295,615",sii,https://mopsov.twse.com.tw/mops/web/ajax_t163sb05
下游,高速網路交換器,2345,智邦,2017,1,balance_sheet,流動負債,9021530,"9,021,530",sii,https://mopsov.twse.com.tw/mops/web/ajax_t163sb05
下游,高速網路交換器,2345,智邦,2017,1,balance_sheet,非流動負債,25271,"25,271",sii,https://mopsov.twse.com.tw/mops/web/ajax_t163sb05
下游,高速網路交換器,2345,智邦,2017,1,balance_sheet,負債總額,9046801,"9,046,801",sii,https://mopsov.twse.com.tw/mops/web/ajax_t163sb05
下游,高速網路交換器,2345,智邦,2017,1,balance_sheet,股本,5465854,"5,465,854",sii,https://mopsov.twse.com.tw/mops/web/ajax_t163sb05
下游,高速網路交換器,2345,智邦,2017,1,balance_sheet,資本公積,730428,"730,428",sii,https://mopsov.twse.com.tw/mops/web/ajax_t163sb05
下游,高速網路交換器,2345,智邦,2017,1,balance_sheet,保留盈餘,3393998,"3,393,998",sii,https://mopsov.twse.com.tw/mops/web/ajax_t163sb05
下游,高速網路交換器,2345,智邦,2017,1,balance_sheet,其他權益,-316135,"-316,135",sii,https://mopsov.twse.com.tw/mops/web/ajax_t163sb05
下游,高速網路交換器,2345,智邦,2017,1,balance_sheet,庫藏股票,-50999,"-50,999",sii,https://mopsov.twse.com.tw/mops/web/ajax_t163sb05
下游,高速網路交換器,2345,智邦,2017,1,balance_sheet,歸屬於母公司業主之權益合計,9223146,"9,223,146",sii,https://mopsov.twse.com.tw/mops/web/ajax_t163sb05
下游,高速網路交換器,2345,智邦,2017,1,balance_sheet,共同控制下前手權益,,--,sii,https://mopsov.twse.com.tw/mops/web/ajax_t163sb05
下游,高速網路交換器,2345,智邦,2017,1,balance_sheet,合併前非屬共同控制股權,,--,sii,https://mopsov.twse.com.tw/mops/web/ajax_t163sb05
下游,高速網路交換器,2345,智邦,2017,1,balance_sheet,非控制權益,25668,"25,668",sii,https://mopsov.twse.com.tw/mops/web/ajax_t163sb05
下游,高速網路交換器,2345,智邦,2017,1,balance_sheet,權益總額,9248814,"9,248,814",sii,https://mopsov.twse.com.tw/mops/web/ajax_t163sb05
下游,高速網路交換器,2345,智邦,2017,1,balance_sheet,待註銷股本股數（單位：股）,,--,sii,https://mopsov.twse.com.tw/mops/web/ajax_t163sb05
下游,高速網路交換器,2345,智邦,2017,1,balance_sheet,預收股款（權益項下）之約當發行股數（單位：股）,0,0,sii,https://mopsov.twse.com.tw/mops/web/ajax_t163sb05
下游,高速網路交換器,2345,智邦,2017,1,balance_sheet,母公司暨子公司所持有之母公司庫藏股股數（單位：股）,2209867,"2,209,867",sii,https://mopsov.twse.com.tw/mops/web/ajax_t163sb05
下游,高速網路交換器,2345,智邦,2017,1,balance_sheet,每股參考淨值,16.94,16.94,sii,https://mopsov.twse.com.tw/mops/web/ajax_t163sb05
下游,高速網路交換器,2345,智邦,2017,1,cash_flow,營業活動之淨現金流入（流出）,-837675,"-837,675",sii,https://mopsov.twse.com.tw/mops/web/ajax_t163sb20
下游,高速網路交換器,2345,智邦,2017,1,cash_flow,投資活動之淨現金流入（流出）,-702091,"-702,091",sii,https://mopsov.twse.com.tw/mops/web/ajax_t163sb20
下游,高速網路交換器,2345,智邦,2017,1,cash_flow,籌資活動之淨現金流入（流出）,15585,"15,585",sii,https://mopsov.twse.com.tw/mops/web/ajax_t163sb20
下游,高速網路交換器,2345,智邦,2017,1,cash_flow,匯率變動對現金及約當現金之影響,-138388,"-138,388",sii,https://mopsov.twse.com.tw/mops/web/ajax_t163sb20
下游,高速網路交換器,2345,智邦,2017,1,cash_flow,本期現金及約當現金增加（減少）數,-1662569,"-1,662,569",sii,https://mopsov.twse.com.tw/mops/web/ajax_t163sb20
下游,高速網路交換器,2345,智邦,2017,1,cash_flow,期初現金及約當現金餘額,6521194,"6,521,194",sii,https://mopsov.twse.com.tw/mops/web/ajax_t163sb20
下游,高速網路交換器,2345,智邦,2017,1,cash_flow,期末現金及約當現金餘額,4858625,"4,858,625",sii,https://mopsov.twse.com.tw/mops/web/ajax_t163sb20
下游,高速網路交換器,2345,智邦,2017,2,income_statement,營業收入,17387306,"17,387,306",sii,https://mopsov.twse.com.tw/mops/web/ajax_t163sb04
下游,高速網路交換器,2345,智邦,2017,2,income_statement,營業成本,13883738,"13,883,738",sii,https://mopsov.twse.com.tw/mops/web/ajax_t163sb04
下游,高速網路交換器,2345,智邦,2017,2,income_statement,原始認列生物資產及農產品之利益（損失）,,--,sii,https://mopsov.twse.com.tw/mops/web/ajax_t163sb04
下游,高速網路交換器,2345,智邦,2017,2,income_statement,生物資產當期公允價值減出售成本之變動利益（損失）,,--,sii,https://mopsov.twse.com.tw/mops/web/ajax_t163sb04
下游,高速網路交換器,2345,智邦,2017,2,income_statement,營業毛利（毛損）,3503568,"3,503,568",sii,https://mopsov.twse.com.tw/mops/web/ajax_t163sb04
下游,高速網路交換器,2345,智邦,2017,2,income_statement,未實現銷貨（損）益,,--,sii,https://mopsov.twse.com.tw/mops/web/ajax_t163sb04
下游,高速網路交換器,2345,智邦,2017,2,income_statement,已實現銷貨（損）益,,--,sii,https://mopsov.twse.com.tw/mops/web/ajax_t163sb04
下游,高速網路交換器,2345,智邦,2017,2,income_statement,營業毛利（毛損）淨額,3503568,"3,503,568",sii,https://mopsov.twse.com.tw/mops/web/ajax_t163sb04
下游,高速網路交換器,2345,智邦,2017,2,income_statement,營業費用,1890429,"1,890,429",sii,https://mopsov.twse.com.tw/mops/web/ajax_t163sb04
下游,高速網路交換器,2345,智邦,2017,2,income_statement,其他收益及費損淨額,,--,sii,https://mopsov.twse.com.tw/mops/web/ajax_t163sb04
下游,高速網路交換器,2345,智邦,2017,2,income_statement,營業利益（損失）,1613139,"1,613,139",sii,https://mopsov.twse.com.tw/mops/web/ajax_t163sb04
下游,高速網路交換器,2345,智邦,2017,2,income_statement,營業外收入及支出,86699,"86,699",sii,https://mopsov.twse.com.tw/mops/web/ajax_t163sb04
下游,高速網路交換器,2345,智邦,2017,2,income_statement,稅前淨利（淨損）,1699838,"1,699,838",sii,https://mopsov.twse.com.tw/mops/web/ajax_t163sb04
下游,高速網路交換器,2345,智邦,2017,2,income_statement,所得稅費用（利益）,415991,"415,991",sii,https://mopsov.twse.com.tw/mops/web/ajax_t163sb04
下游,高速網路交換器,2345,智邦,2017,2,income_statement,繼續營業單位本期淨利（淨損）,1283847,"1,283,847",sii,https://mopsov.twse.com.tw/mops/web/ajax_t163sb04
下游,高速網路交換器,2345,智邦,2017,2,income_statement,停業單位損益,,--,sii,https://mopsov.twse.com.tw/mops/web/ajax_t163sb04
下游,高速網路交換器,2345,智邦,2017,2,income_statement,合併前非屬共同控制股權損益,,--,sii,https://mopsov.twse.com.tw/mops/web/ajax_t163sb04
下游,高速網路交換器,2345,智邦,2017,2,income_statement,本期淨利（淨損）,1283847,"1,283,847",sii,https://mopsov.twse.com.tw/mops/web/ajax_t163sb04
下游,高速網路交換器,2345,智邦,2017,2,income_statement,其他綜合損益（淨額）,-186542,"-186,542",sii,https://mopsov.twse.com.tw/mops/web/ajax_t163sb04
下游,高速網路交換器,2345,智邦,2017,2,income_statement,合併前非屬共同控制股權綜合損益淨額,,--,sii,https://mopsov.twse.com.tw/mops/web/ajax_t163sb04
下游,高速網路交換器,2345,智邦,2017,2,income_statement,本期綜合損益總額,1097305,"1,097,305",sii,https://mopsov.twse.com.tw/mops/web/ajax_t163sb04
下游,高速網路交換器,2345,智邦,2017,2,income_statement,淨利（淨損）歸屬於母公司業主,1284114,"1,284,114",sii,https://mopsov.twse.com.tw/mops/web/ajax_t163sb04
下游,高速網路交換器,2345,智邦,2017,2,income_statement,淨利（淨損）歸屬於共同控制下前手權益,,--,sii,https://mopsov.twse.com.tw/mops/web/ajax_t163sb04
下游,高速網路交換器,2345,智邦,2017,2,income_statement,淨利（淨損）歸屬於非控制權益,-267,-267,sii,https://mopsov.twse.com.tw/mops/web/ajax_t163sb04
下游,高速網路交換器,2345,智邦,2017,2,income_statement,綜合損益總額歸屬於母公司業主,1097951,"1,097,951",sii,https://mopsov.twse.com.tw/mops/web/ajax_t163sb04
下游,高速網路交換器,2345,智邦,2017,2,income_statement,綜合損益總額歸屬於共同控制下前手權益,,--,sii,https://mopsov.twse.com.tw/mops/web/ajax_t163sb04
下游,高速網路交換器,2345,智邦,2017,2,income_statement,綜合損益總額歸屬於非控制權益,-646,-646,sii,https://mopsov.twse.com.tw/mops/web/ajax_t163sb04
下游,高速網路交換器,2345,智邦,2017,2,income_statement,基本每股盈餘（元）,2.36,2.36,sii,https://mopsov.twse.com.tw/mops/web/ajax_t163sb04
下游,高速網路交換器,2345,智邦,2017,2,balance_sheet,流動資產,16433040,"16,433,040",sii,https://mopsov.twse.com.tw/mops/web/ajax_t163sb05
下游,高速網路交換器,2345,智邦,2017,2,balance_sheet,非流動資產,1375733,"1,375,733",sii,https://mopsov.twse.com.tw/mops/web/ajax_t163sb05
下游,高速網路交換器,2345,智邦,2017,2,balance_sheet,資產總計,17808773,"17,808,773",sii,https://mopsov.twse.com.tw/mops/web/ajax_t163sb05
下游,高速網路交換器,2345,智邦,2017,2,balance_sheet,流動負債,9531820,"9,531,820",sii,https://mopsov.twse.com.tw/mops/web/ajax_t163sb05
下游,高速網路交換器,2345,智邦,2017,2,balance_sheet,非流動負債,25049,"25,049",sii,https://mopsov.twse.com.tw/mops/web/ajax_t163sb05
下游,高速網路交換器,2345,智邦,2017,2,balance_sheet,負債總額,9556869,"9,556,869",sii,https://mopsov.twse.com.tw/mops/web/ajax_t163sb05
下游,高速網路交換器,2345,智邦,2017,2,balance_sheet,股本,5470089,"5,470,089",sii,https://mopsov.twse.com.tw/mops/web/ajax_t163sb05
下游,高速網路交換器,2345,智邦,2017,2,balance_sheet,資本公積,739871,"739,871",sii,https://mopsov.twse.com.tw/mops/web/ajax_t163sb05
下游,高速網路交換器,2345,智邦,2017,2,balance_sheet,保留盈餘,2335184,"2,335,184",sii,https://mopsov.twse.com.tw/mops/web/ajax_t163sb05
下游,高速網路交換器,2345,智邦,2017,2,balance_sheet,其他權益,-248469,"-248,469",sii,https://mopsov.twse.com.tw/mops/web/ajax_t163sb05
下游,高速網路交換器,2345,智邦,2017,2,balance_sheet,庫藏股票,-50999,"-50,999",sii,https://mopsov.twse.com.tw/mops/web/ajax_t163sb05
下游,高速網路交換器,2345,智邦,2017,2,balance_sheet,歸屬於母公司業主之權益合計,8245676,"8,245,676",sii,https://mopsov.twse.com.tw/mops/web/ajax_t163sb05
下游,高速網路交換器,2345,智邦,2017,2,balance_sheet,共同控制下前手權益,,--,sii,https://mopsov.twse.com.tw/mops/web/ajax_t163sb05
下游,高速網路交換器,2345,智邦,2017,2,balance_sheet,合併前非屬共同控制股權,,--,sii,https://mopsov.twse.com.tw/mops/web/ajax_t163sb05
下游,高速網路交換器,2345,智邦,2017,2,balance_sheet,非控制權益,6228,"6,228",sii,https://mopsov.twse.com.tw/mops/web/ajax_t163sb05
下游,高速網路交換器,2345,智邦,2017,2,balance_sheet,權益總額,8251904,"8,251,904",sii,https://mopsov.twse.com.tw/mops/web/ajax_t163sb05
下游,高速網路交換器,2345,智邦,2017,2,balance_sheet,待註銷股本股數（單位：股）,,--,sii,https://mopsov.twse.com.tw/mops/web/ajax_t163sb05
下游,高速網路交換器,2345,智邦,2017,2,balance_sheet,預收股款（權益項下）之約當發行股數（單位：股）,0,0,sii,https://mopsov.twse.com.tw/mops/web/ajax_t163sb05
下游,高速網路交換器,2345,智邦,2017,2,balance_sheet,母公司暨子公司所持有之母公司庫藏股股數（單位：股）,2209867,"2,209,867",sii,https://mopsov.twse.com.tw/mops/web/ajax_t163sb05
下游,高速網路交換器,2345,智邦,2017,2,balance_sheet,每股參考淨值,15.14,15.14,sii,https://mopsov.twse.com.tw/mops/web/ajax_t163sb05
下游,高速網路交換器,2345,智邦,2017,2,cash_flow,營業活動之淨現金流入（流出）,-1183433,"-1,183,433",sii,https://mopsov.twse.com.tw/mops/web/ajax_t163sb20
下游,高速網路交換器,2345,智邦,2017,2,cash_flow,投資活動之淨現金流入（流出）,-70142,"-70,142",sii,https://mopsov.twse.com.tw/mops/web/ajax_t163sb20
下游,高速網路交換器,2345,智邦,2017,2,cash_flow,籌資活動之淨現金流入（流出）,21861,"21,861",sii,https://mopsov.twse.com.tw/mops/web/ajax_t163sb20
下游,高速網路交換器,2345,智邦,2017,2,cash_flow,匯率變動對現金及約當現金之影響,-166404,"-166,404",sii,https://mopsov.twse.com.tw/mops/web/ajax_t163sb20
下游,高速網路交換器,2345,智邦,2017,2,cash_flow,本期現金及約當現金增加（減少）數,-1398118,"-1,398,118",sii,https://mopsov.twse.com.tw/mops/web/ajax_t163sb20
下游,高速網路交換器,2345,智邦,2017,2,cash_flow,期初現金及約當現金餘額,6521194,"6,521,194",sii,https://mopsov.twse.com.tw/mops/web/ajax_t163sb20
下游,高速網路交換器,2345,智邦,2017,2,cash_flow,期末現金及約當現金餘額,5123076,"5,123,076",sii,https://mopsov.twse.com.tw/mops/web/ajax_t163sb20
下游,高速網路交換器,2345,智邦,2017,3,income_statement,營業收入,26259436,"26,259,436",sii,https://mopsov.twse.com.tw/mops/web/ajax_t163sb04
下游,高速網路交換器,2345,智邦,2017,3,income_statement,營業成本,21048319,"21,048,319",sii,https://mopsov.twse.com.tw/mops/web/ajax_t163sb04
下游,高速網路交換器,2345,智邦,2017,3,income_statement,原始認列生物資產及農產品之利益（損失）,,--,sii,https://mopsov.twse.com.tw/mops/web/ajax_t163sb04
下游,高速網路交換器,2345,智邦,2017,3,income_statement,生物資產當期公允價值減出售成本之變動利益（損失）,,--,sii,https://mopsov.twse.com.tw/mops/web/ajax_t163sb04
下游,高速網路交換器,2345,智邦,2017,3,income_statement,營業毛利（毛損）,5211117,"5,211,117",sii,https://mopsov.twse.com.tw/mops/web/ajax_t163sb04
下游,高速網路交換器,2345,智邦,2017,3,income_statement,未實現銷貨（損）益,,--,sii,https://mopsov.twse.com.tw/mops/web/ajax_t163sb04
下游,高速網路交換器,2345,智邦,2017,3,income_statement,已實現銷貨（損）益,,--,sii,https://mopsov.twse.com.tw/mops/web/ajax_t163sb04
下游,高速網路交換器,2345,智邦,2017,3,income_statement,營業毛利（毛損）淨額,5211117,"5,211,117",sii,https://mopsov.twse.com.tw/mops/web/ajax_t163sb04
下游,高速網路交換器,2345,智邦,2017,3,income_statement,營業費用,2828046,"2,828,046",sii,https://mopsov.twse.com.tw/mops/web/ajax_t163sb04
下游,高速網路交換器,2345,智邦,2017,3,income_statement,其他收益及費損淨額,,--,sii,https://mopsov.twse.com.tw/mops/web/ajax_t163sb04
下游,高速網路交換器,2345,智邦,2017,3,income_statement,營業利益（損失）,2383071,"2,383,071",sii,https://mopsov.twse.com.tw/mops/web/ajax_t163sb04
下游,高速網路交換器,2345,智邦,2017,3,income_statement,營業外收入及支出,63616,"63,616",sii,https://mopsov.twse.com.tw/mops/web/ajax_t163sb04
下游,高速網路交換器,2345,智邦,2017,3,income_statement,稅前淨利（淨損）,2446687,"2,446,687",sii,https://mopsov.twse.com.tw/mops/web/ajax_t163sb04
下游,高速網路交換器,2345,智邦,2017,3,income_statement,所得稅費用（利益）,511535,"511,535",sii,https://mopsov.twse.com.tw/mops/web/ajax_t163sb04
下游,高速網路交換器,2345,智邦,2017,3,income_statement,繼續營業單位本期淨利（淨損）,1935152,"1,935,152",sii,https://mopsov.twse.com.tw/mops/web/ajax_t163sb04
下游,高速網路交換器,2345,智邦,2017,3,income_statement,停業單位損益,,--,sii,https://mopsov.twse.com.tw/mops/web/ajax_t163sb04
下游,高速網路交換器,2345,智邦,2017,3,income_statement,合併前非屬共同控制股權損益,,--,sii,https://mopsov.twse.com.tw/mops/web/ajax_t163sb04
下游,高速網路交換器,2345,智邦,2017,3,income_statement,本期淨利（淨損）,1935152,"1,935,152",sii,https://mopsov.twse.com.tw/mops/web/ajax_t163sb04
下游,高速網路交換器,2345,智邦,2017,3,income_statement,其他綜合損益（淨額）,-161661,"-161,661",sii,https://mopsov.twse.com.tw/mops/web/ajax_t163sb04
下游,高速網路交換器,2345,智邦,2017,3,income_statement,合併前非屬共同控制股權綜合損益淨額,,--,sii,https://mopsov.twse.com.tw/mops/web/ajax_t163sb04
下游,高速網路交換器,2345,智邦,2017,3,income_statement,本期綜合損益總額,1773491,"1,773,491",sii,https://mopsov.twse.com.tw/mops/web/ajax_t163sb04
下游,高速網路交換器,2345,智邦,2017,3,income_statement,淨利（淨損）歸屬於母公司業主,1937554,"1,937,554",sii,https://mopsov.twse.com.tw/mops/web/ajax_t163sb04
下游,高速網路交換器,2345,智邦,2017,3,income_statement,淨利（淨損）歸屬於共同控制下前手權益,,--,sii,https://mopsov.twse.com.tw/mops/web/ajax_t163sb04
下游,高速網路交換器,2345,智邦,2017,3,income_statement,淨利（淨損）歸屬於非控制權益,-2402,"-2,402",sii,https://mopsov.twse.com.tw/mops/web/ajax_t163sb04
下游,高速網路交換器,2345,智邦,2017,3,income_statement,綜合損益總額歸屬於母公司業主,1776305,"1,776,305",sii,https://mopsov.twse.com.tw/mops/web/ajax_t163sb04
下游,高速網路交換器,2345,智邦,2017,3,income_statement,綜合損益總額歸屬於共同控制下前手權益,,--,sii,https://mopsov.twse.com.tw/mops/web/ajax_t163sb04
下游,高速網路交換器,2345,智邦,2017,3,income_statement,綜合損益總額歸屬於非控制權益,-2814,"-2,814",sii,https://mopsov.twse.com.tw/mops/web/ajax_t163sb04
下游,高速網路交換器,2345,智邦,2017,3,income_statement,基本每股盈餘（元）,3.56,3.56,sii,https://mopsov.twse.com.tw/mops/web/ajax_t163sb04
下游,高速網路交換器,2345,智邦,2017,3,balance_sheet,流動資產,16352104,"16,352,104",sii,https://mopsov.twse.com.tw/mops/web/ajax_t163sb05
下游,高速網路交換器,2345,智邦,2017,3,balance_sheet,非流動資產,1367931,"1,367,931",sii,https://mopsov.twse.com.tw/mops/web/ajax_t163sb05
下游,高速網路交換器,2345,智邦,2017,3,balance_sheet,資產總計,17720035,"17,720,035",sii,https://mopsov.twse.com.tw/mops/web/ajax_t163sb05
下游,高速網路交換器,2345,智邦,2017,3,balance_sheet,流動負債,8673952,"8,673,952",sii,https://mopsov.twse.com.tw/mops/web/ajax_t163sb05
下游,高速網路交換器,2345,智邦,2017,3,balance_sheet,非流動負債,24787,"24,787",sii,https://mopsov.twse.com.tw/mops/web/ajax_t163sb05
下游,高速網路交換器,2345,智邦,2017,3,balance_sheet,負債總額,8698739,"8,698,739",sii,https://mopsov.twse.com.tw/mops/web/ajax_t163sb05
下游,高速網路交換器,2345,智邦,2017,3,balance_sheet,股本,5528709,"5,528,709",sii,https://mopsov.twse.com.tw/mops/web/ajax_t163sb05
下游,高速網路交換器,2345,智邦,2017,3,balance_sheet,資本公積,771563,"771,563",sii,https://mopsov.twse.com.tw/mops/web/ajax_t163sb05
下游,高速網路交換器,2345,智邦,2017,3,balance_sheet,保留盈餘,2988624,"2,988,624",sii,https://mopsov.twse.com.tw/mops/web/ajax_t163sb05
下游,高速網路交換器,2345,智邦,2017,3,balance_sheet,其他權益,-223555,"-223,555",sii,https://mopsov.twse.com.tw/mops/web/ajax_t163sb05
下游,高速網路交換器,2345,智邦,2017,3,balance_sheet,庫藏股票,-50999,"-50,999",sii,https://mopsov.twse.com.tw/mops/web/ajax_t163sb05
下游,高速網路交換器,2345,智邦,2017,3,balance_sheet,歸屬於母公司業主之權益合計,9014342,"9,014,342",sii,https://mopsov.twse.com.tw/mops/web/ajax_t163sb05
下游,高速網路交換器,2345,智邦,2017,3,balance_sheet,共同控制下前手權益,,--,sii,https://mopsov.twse.com.tw/mops/web/ajax_t163sb05
下游,高速網路交換器,2345,智邦,2017,3,balance_sheet,合併前非屬共同控制股權,,--,sii,https://mopsov.twse.com.tw/mops/web/ajax_t163sb05
下游,高速網路交換器,2345,智邦,2017,3,balance_sheet,非控制權益,6954,"6,954",sii,https://mopsov.twse.com.tw/mops/web/ajax_t163sb05
下游,高速網路交換器,2345,智邦,2017,3,balance_sheet,權益總額,9021296,"9,021,296",sii,https://mopsov.twse.com.tw/mops/web/ajax_t163sb05
下游,高速網路交換器,2345,智邦,2017,3,balance_sheet,待註銷股本股數（單位：股）,,--,sii,https://mopsov.twse.com.tw/mops/web/ajax_t163sb05
下游,高速網路交換器,2345,智邦,2017,3,balance_sheet,預收股款（權益項下）之約當發行股數（單位：股）,0,0,sii,https://mopsov.twse.com.tw/mops/web/ajax_t163sb05
下游,高速網路交換器,2345,智邦,2017,3,balance_sheet,母公司暨子公司所持有之母公司庫藏股股數（單位：股）,2209867,"2,209,867",sii,https://mopsov.twse.com.tw/mops/web/ajax_t163sb05
下游,高速網路交換器,2345,智邦,2017,3,balance_sheet,每股參考淨值,16.37,16.37,sii,https://mopsov.twse.com.tw/mops/web/ajax_t163sb05
下游,高速網路交換器,2345,智邦,2017,3,cash_flow,營業活動之淨現金流入（流出）,-1563753,"-1,563,753",sii,https://mopsov.twse.com.tw/mops/web/ajax_t163sb20
下游,高速網路交換器,2345,智邦,2017,3,cash_flow,投資活動之淨現金流入（流出）,648231,"648,231",sii,https://mopsov.twse.com.tw/mops/web/ajax_t163sb20
下游,高速網路交換器,2345,智邦,2017,3,cash_flow,籌資活動之淨現金流入（流出）,-1573003,"-1,573,003",sii,https://mopsov.twse.com.tw/mops/web/ajax_t163sb20
下游,高速網路交換器,2345,智邦,2017,3,cash_flow,匯率變動對現金及約當現金之影響,-38318,"-38,318",sii,https://mopsov.twse.com.tw/mops/web/ajax_t163sb20
下游,高速網路交換器,2345,智邦,2017,3,cash_flow,本期現金及約當現金增加（減少）數,-2526843,"-2,526,843",sii,https://mopsov.twse.com.tw/mops/web/ajax_t163sb20
下游,高速網路交換器,2345,智邦,2017,3,cash_flow,期初現金及約當現金餘額,6521194,"6,521,194",sii,https://mopsov.twse.com.tw/mops/web/ajax_t163sb20
下游,高速網路交換器,2345,智邦,2017,3,cash_flow,期末現金及約當現金餘額,3994351,"3,994,351",sii,https://mopsov.twse.com.tw/mops/web/ajax_t163sb20
下游,高速網路交換器,2345,智邦,2017,4,income_statement,營業收入,36446757,"36,446,757",sii,https://mopsov.twse.com.tw/mops/web/ajax_t163sb04
下游,高速網路交換器,2345,智邦,2017,4,income_statement,營業成本,29260722,"29,260,722",sii,https://mopsov.twse.com.tw/mops/web/ajax_t163sb04
下游,高速網路交換器,2345,智邦,2017,4,income_statement,原始認列生物資產及農產品之利益（損失）,,--,sii,https://mopsov.twse.com.tw/mops/web/ajax_t163sb04
下游,高速網路交換器,2345,智邦,2017,4,income_statement,生物資產當期公允價值減出售成本之變動利益（損失）,,--,sii,https://mopsov.twse.com.tw/mops/web/ajax_t163sb04
下游,高速網路交換器,2345,智邦,2017,4,income_statement,營業毛利（毛損）,7186035,"7,186,035",sii,https://mopsov.twse.com.tw/mops/web/ajax_t163sb04
下游,高速網路交換器,2345,智邦,2017,4,income_statement,未實現銷貨（損）益,,--,sii,https://mopsov.twse.com.tw/mops/web/ajax_t163sb04
下游,高速網路交換器,2345,智邦,2017,4,income_statement,已實現銷貨（損）益,,--,sii,https://mopsov.twse.com.tw/mops/web/ajax_t163sb04
下游,高速網路交換器,2345,智邦,2017,4,income_statement,營業毛利（毛損）淨額,7186035,"7,186,035",sii,https://mopsov.twse.com.tw/mops/web/ajax_t163sb04
下游,高速網路交換器,2345,智邦,2017,4,income_statement,營業費用,3931830,"3,931,830",sii,https://mopsov.twse.com.tw/mops/web/ajax_t163sb04
下游,高速網路交換器,2345,智邦,2017,4,income_statement,其他收益及費損淨額,,--,sii,https://mopsov.twse.com.tw/mops/web/ajax_t163sb04
下游,高速網路交換器,2345,智邦,2017,4,income_statement,營業利益（損失）,3254205,"3,254,205",sii,https://mopsov.twse.com.tw/mops/web/ajax_t163sb04
下游,高速網路交換器,2345,智邦,2017,4,income_statement,營業外收入及支出,-16127,"-16,127",sii,https://mopsov.twse.com.tw/mops/web/ajax_t163sb04
下游,高速網路交換器,2345,智邦,2017,4,income_statement,稅前淨利（淨損）,3238078,"3,238,078",sii,https://mopsov.twse.com.tw/mops/web/ajax_t163sb04
下游,高速網路交換器,2345,智邦,2017,4,income_statement,所得稅費用（利益）,683549,"683,549",sii,https://mopsov.twse.com.tw/mops/web/ajax_t163sb04
下游,高速網路交換器,2345,智邦,2017,4,income_statement,繼續營業單位本期淨利（淨損）,2554529,"2,554,529",sii,https://mopsov.twse.com.tw/mops/web/ajax_t163sb04
下游,高速網路交換器,2345,智邦,2017,4,income_statement,停業單位損益,,--,sii,https://mopsov.twse.com.tw/mops/web/ajax_t163sb04
下游,高速網路交換器,2345,智邦,2017,4,income_statement,合併前非屬共同控制股權損益,,--,sii,https://mopsov.twse.com.tw/mops/web/ajax_t163sb04
下游,高速網路交換器,2345,智邦,2017,4,income_statement,本期淨利（淨損）,2554529,"2,554,529",sii,https://mopsov.twse.com.tw/mops/web/ajax_t163sb04
下游,高速網路交換器,2345,智邦,2017,4,income_statement,其他綜合損益（淨額）,-177759,"-177,759",sii,https://mopsov.twse.com.tw/mops/web/ajax_t163sb04
下游,高速網路交換器,2345,智邦,2017,4,income_statement,合併前非屬共同控制股權綜合損益淨額,,--,sii,https://mopsov.twse.com.tw/mops/web/ajax_t163sb04
下游,高速網路交換器,2345,智邦,2017,4,income_statement,本期綜合損益總額,2376770,"2,376,770",sii,https://mopsov.twse.com.tw/mops/web/ajax_t163sb04
下游,高速網路交換器,2345,智邦,2017,4,income_statement,淨利（淨損）歸屬於母公司業主,2559307,"2,559,307",sii,https://mopsov.twse.com.tw/mops/web/ajax_t163sb04
下游,高速網路交換器,2345,智邦,2017,4,income_statement,淨利（淨損）歸屬於共同控制下前手權益,,--,sii,https://mopsov.twse.com.tw/mops/web/ajax_t163sb04
下游,高速網路交換器,2345,智邦,2017,4,income_statement,淨利（淨損）歸屬於非控制權益,-4778,"-4,778",sii,https://mopsov.twse.com.tw/mops/web/ajax_t163sb04
下游,高速網路交換器,2345,智邦,2017,4,income_statement,綜合損益總額歸屬於母公司業主,2382354,"2,382,354",sii,https://mopsov.twse.com.tw/mops/web/ajax_t163sb04
下游,高速網路交換器,2345,智邦,2017,4,income_statement,綜合損益總額歸屬於共同控制下前手權益,,--,sii,https://mopsov.twse.com.tw/mops/web/ajax_t163sb04
下游,高速網路交換器,2345,智邦,2017,4,income_statement,綜合損益總額歸屬於非控制權益,-5584,"-5,584",sii,https://mopsov.twse.com.tw/mops/web/ajax_t163sb04
下游,高速網路交換器,2345,智邦,2017,4,income_statement,基本每股盈餘（元）,4.68,4.68,sii,https://mopsov.twse.com.tw/mops/web/ajax_t163sb04
下游,高速網路交換器,2345,智邦,2017,4,balance_sheet,流動資產,17444289,"17,444,289",sii,https://mopsov.twse.com.tw/mops/web/ajax_t163sb05
下游,高速網路交換器,2345,智邦,2017,4,balance_sheet,非流動資產,1302729,"1,302,729",sii,https://mopsov.twse.com.tw/mops/web/ajax_t163sb05
下游,高速網路交換器,2345,智邦,2017,4,balance_sheet,資產總計,18747018,"18,747,018",sii,https://mopsov.twse.com.tw/mops/web/ajax_t163sb05
下游,高速網路交換器,2345,智邦,2017,4,balance_sheet,流動負債,9068148,"9,068,148",sii,https://mopsov.twse.com.tw/mops/web/ajax_t163sb05
下游,高速網路交換器,2345,智邦,2017,4,balance_sheet,非流動負債,30289,"30,289",sii,https://mopsov.twse.com.tw/mops/web/ajax_t163sb05
下游,高速網路交換器,2345,智邦,2017,4,balance_sheet,負債總額,9098437,"9,098,437",sii,https://mopsov.twse.com.tw/mops/web/ajax_t163sb05
下游,高速網路交換器,2345,智邦,2017,4,balance_sheet,股本,5544949,"5,544,949",sii,https://mopsov.twse.com.tw/mops/web/ajax_t163sb05
下游,高速網路交換器,2345,智邦,2017,4,balance_sheet,資本公積,776739,"776,739",sii,https://mopsov.twse.com.tw/mops/web/ajax_t163sb05
下游,高速網路交換器,2345,智邦,2017,4,balance_sheet,保留盈餘,3606245,"3,606,245",sii,https://mopsov.twse.com.tw/mops/web/ajax_t163sb05
下游,高速網路交換器,2345,智邦,2017,4,balance_sheet,其他權益,-235127,"-235,127",sii,https://mopsov.twse.com.tw/mops/web/ajax_t163sb05
下游,高速網路交換器,2345,智邦,2017,4,balance_sheet,庫藏股票,-50999,"-50,999",sii,https://mopsov.twse.com.tw/mops/web/ajax_t163sb05
下游,高速網路交換器,2345,智邦,2017,4,balance_sheet,歸屬於母公司業主之權益合計,9641807,"9,641,807",sii,https://mopsov.twse.com.tw/mops/web/ajax_t163sb05
下游,高速網路交換器,2345,智邦,2017,4,balance_sheet,共同控制下前手權益,,--,sii,https://mopsov.twse.com.tw/mops/web/ajax_t163sb05
下游,高速網路交換器,2345,智邦,2017,4,balance_sheet,合併前非屬共同控制股權,,--,sii,https://mopsov.twse.com.tw/mops/web/ajax_t163sb05
下游,高速網路交換器,2345,智邦,2017,4,balance_sheet,非控制權益,6774,"6,774",sii,https://mopsov.twse.com.tw/mops/web/ajax_t163sb05
下游,高速網路交換器,2345,智邦,2017,4,balance_sheet,權益總額,9648581,"9,648,581",sii,https://mopsov.twse.com.tw/mops/web/ajax_t163sb05
下游,高速網路交換器,2345,智邦,2017,4,balance_sheet,待註銷股本股數（單位：股）,,--,sii,https://mopsov.twse.com.tw/mops/web/ajax_t163sb05
下游,高速網路交換器,2345,智邦,2017,4,balance_sheet,預收股款（權益項下）之約當發行股數（單位：股）,0,0,sii,https://mopsov.twse.com.tw/mops/web/ajax_t163sb05
下游,高速網路交換器,2345,智邦,2017,4,balance_sheet,母公司暨子公司所持有之母公司庫藏股股數（單位：股）,2209867,"2,209,867",sii,https://mopsov.twse.com.tw/mops/web/ajax_t163sb05
下游,高速網路交換器,2345,智邦,2017,4,balance_sheet,每股參考淨值,17.46,17.46,sii,https://mopsov.twse.com.tw/mops/web/ajax_t163sb05
下游,高速網路交換器,2345,智邦,2017,4,cash_flow,營業活動之淨現金流入（流出）,-1068663,"-1,068,663",sii,https://mopsov.twse.com.tw/mops/web/ajax_t163sb20
下游,高速網路交換器,2345,智邦,2017,4,cash_flow,投資活動之淨現金流入（流出）,67116,"67,116",sii,https://mopsov.twse.com.tw/mops/web/ajax_t163sb20
下游,高速網路交換器,2345,智邦,2017,4,cash_flow,籌資活動之淨現金流入（流出）,-1550018,"-1,550,018",sii,https://mopsov.twse.com.tw/mops/web/ajax_t163sb20
下游,高速網路交換器,2345,智邦,2017,4,cash_flow,匯率變動對現金及約當現金之影響,-25525,"-25,525",sii,https://mopsov.twse.com.tw/mops/web/ajax_t163sb20
下游,高速網路交換器,2345,智邦,2017,4,cash_flow,本期現金及約當現金增加（減少）數,-2577090,"-2,577,090",sii,https://mopsov.twse.com.tw/mops/web/ajax_t163sb20
下游,高速網路交換器,2345,智邦,2017,4,cash_flow,期初現金及約當現金餘額,6521194,"6,521,194",sii,https://mopsov.twse.com.tw/mops/web/ajax_t163sb20
下游,高速網路交換器,2345,智邦,2017,4,cash_flow,期末現金及約當現金餘額,3944104,"3,944,104",sii,https://mopsov.twse.com.tw/mops/web/ajax_t163sb20
下游,高速網路交換器,2345,智邦,2018,1,income_statement,營業收入,9103656,"9,103,656",sii,https://mopsov.twse.com.tw/mops/web/ajax_t163sb04
下游,高速網路交換器,2345,智邦,2018,1,income_statement,營業成本,7500126,"7,500,126",sii,https://mopsov.twse.com.tw/mops/web/ajax_t163sb04
下游,高速網路交換器,2345,智邦,2018,1,income_statement,原始認列生物資產及農產品之利益（損失）,,--,sii,https://mopsov.twse.com.tw/mops/web/ajax_t163sb04
下游,高速網路交換器,2345,智邦,2018,1,income_statement,生物資產當期公允價值減出售成本之變動利益（損失）,,--,sii,https://mopsov.twse.com.tw/mops/web/ajax_t163sb04
下游,高速網路交換器,2345,智邦,2018,1,income_statement,營業毛利（毛損）,1603530,"1,603,530",sii,https://mopsov.twse.com.tw/mops/web/ajax_t163sb04
下游,高速網路交換器,2345,智邦,2018,1,income_statement,未實現銷貨（損）益,,--,sii,https://mopsov.twse.com.tw/mops/web/ajax_t163sb04
下游,高速網路交換器,2345,智邦,2018,1,income_statement,已實現銷貨（損）益,,--,sii,https://mopsov.twse.com.tw/mops/web/ajax_t163sb04
下游,高速網路交換器,2345,智邦,2018,1,income_statement,營業毛利（毛損）淨額,1603530,"1,603,530",sii,https://mopsov.twse.com.tw/mops/web/ajax_t163sb04
下游,高速網路交換器,2345,智邦,2018,1,income_statement,營業費用,936908,"936,908",sii,https://mopsov.twse.com.tw/mops/web/ajax_t163sb04
下游,高速網路交換器,2345,智邦,2018,1,income_statement,其他收益及費損淨額,,--,sii,https://mopsov.twse.com.tw/mops/web/ajax_t163sb04
下游,高速網路交換器,2345,智邦,2018,1,income_statement,營業利益（損失）,666622,"666,622",sii,https://mopsov.twse.com.tw/mops/web/ajax_t163sb04
下游,高速網路交換器,2345,智邦,2018,1,income_statement,營業外收入及支出,-82045,"-82,045",sii,https://mopsov.twse.com.tw/mops/web/ajax_t163sb04
下游,高速網路交換器,2345,智邦,2018,1,income_statement,稅前淨利（淨損）,584577,"584,577",sii,https://mopsov.twse.com.tw/mops/web/ajax_t163sb04
下游,高速網路交換器,2345,智邦,2018,1,income_statement,所得稅費用（利益）,62734,"62,734",sii,https://mopsov.twse.com.tw/mops/web/ajax_t163sb04
下游,高速網路交換器,2345,智邦,2018,1,income_statement,繼續營業單位本期淨利（淨損）,521843,"521,843",sii,https://mopsov.twse.com.tw/mops/web/ajax_t163sb04
下游,高速網路交換器,2345,智邦,2018,1,income_statement,停業單位損益,,--,sii,https://mopsov.twse.com.tw/mops/web/ajax_t163sb04
下游,高速網路交換器,2345,智邦,2018,1,income_statement,合併前非屬共同控制股權損益,,--,sii,https://mopsov.twse.com.tw/mops/web/ajax_t163sb04
下游,高速網路交換器,2345,智邦,2018,1,income_statement,本期淨利（淨損）,521843,"521,843",sii,https://mopsov.twse.com.tw/mops/web/ajax_t163sb04
下游,高速網路交換器,2345,智邦,2018,1,income_statement,其他綜合損益（淨額）,65114,"65,114",sii,https://mopsov.twse.com.tw/mops/web/ajax_t163sb04
下游,高速網路交換器,2345,智邦,2018,1,income_statement,合併前非屬共同控制股權綜合損益淨額,,--,sii,https://mopsov.twse.com.tw/mops/web/ajax_t163sb04
下游,高速網路交換器,2345,智邦,2018,1,income_statement,本期綜合損益總額,586957,"586,957",sii,https://mopsov.twse.com.tw/mops/web/ajax_t163sb04
下游,高速網路交換器,2345,智邦,2018,1,income_statement,淨利（淨損）歸屬於母公司業主,522042,"522,042",sii,https://mopsov.twse.com.tw/mops/web/ajax_t163sb04
下游,高速網路交換器,2345,智邦,2018,1,income_statement,淨利（淨損）歸屬於共同控制下前手權益,,--,sii,https://mopsov.twse.com.tw/mops/web/ajax_t163sb04
下游,高速網路交換器,2345,智邦,2018,1,income_statement,淨利（淨損）歸屬於非控制權益,-199,-199,sii,https://mopsov.twse.com.tw/mops/web/ajax_t163sb04
下游,高速網路交換器,2345,智邦,2018,1,income_statement,綜合損益總額歸屬於母公司業主,587285,"587,285",sii,https://mopsov.twse.com.tw/mops/web/ajax_t163sb04
下游,高速網路交換器,2345,智邦,2018,1,income_statement,綜合損益總額歸屬於共同控制下前手權益,,--,sii,https://mopsov.twse.com.tw/mops/web/ajax_t163sb04
下游,高速網路交換器,2345,智邦,2018,1,income_statement,綜合損益總額歸屬於非控制權益,-328,-328,sii,https://mopsov.twse.com.tw/mops/web/ajax_t163sb04
下游,高速網路交換器,2345,智邦,2018,1,income_statement,基本每股盈餘（元）,0.94,0.94,sii,https://mopsov.twse.com.tw/mops/web/ajax_t163sb04
下游,高速網路交換器,2345,智邦,2018,1,balance_sheet,流動資產,18851115,"18,851,115",sii,https://mopsov.twse.com.tw/mops/web/ajax_t163sb05
下游,高速網路交換器,2345,智邦,2018,1,balance_sheet,非流動資產,1335318,"1,335,318",sii,https://mopsov.twse.com.tw/mops/web/ajax_t163sb05
下游,高速網路交換器,2345,智邦,2018,1,balance_sheet,資產總計,20186433,"20,186,433",sii,https://mopsov.twse.com.tw/mops/web/ajax_t163sb05
下游,高速網路交換器,2345,智邦,2018,1,balance_sheet,流動負債,9894734,"9,894,734",sii,https://mopsov.twse.com.tw/mops/web/ajax_t163sb05
下游,高速網路交換器,2345,智邦,2018,1,balance_sheet,非流動負債,29943,"29,943",sii,https://mopsov.twse.com.tw/mops/web/ajax_t163sb05
下游,高速網路交換器,2345,智邦,2018,1,balance_sheet,負債總計,9924677,"9,924,677",sii,https://mopsov.twse.com.tw/mops/web/ajax_t163sb05
下游,高速網路交換器,2345,智邦,2018,1,balance_sheet,股本,5562579,"5,562,579",sii,https://mopsov.twse.com.tw/mops/web/ajax_t163sb05
下游,高速網路交換器,2345,智邦,2018,1,balance_sheet,資本公積,783084,"783,084",sii,https://mopsov.twse.com.tw/mops/web/ajax_t163sb05
下游,高速網路交換器,2345,智邦,2018,1,balance_sheet,保留盈餘,4130541,"4,130,541",sii,https://mopsov.twse.com.tw/mops/web/ajax_t163sb05
下游,高速網路交換器,2345,智邦,2018,1,balance_sheet,其他權益,-169895,"-169,895",sii,https://mopsov.twse.com.tw/mops/web/ajax_t163sb05
下游,高速網路交換器,2345,智邦,2018,1,balance_sheet,庫藏股票,-50999,"-50,999",sii,https://mopsov.twse.com.tw/mops/web/ajax_t163sb05
下游,高速網路交換器,2345,智邦,2018,1,balance_sheet,歸屬於母公司業主之權益合計,10255310,"10,255,310",sii,https://mopsov.twse.com.tw/mops/web/ajax_t163sb05
下游,高速網路交換器,2345,智邦,2018,1,balance_sheet,共同控制下前手權益,,--,sii,https://mopsov.twse.com.tw/mops/web/ajax_t163sb05
下游,高速網路交換器,2345,智邦,2018,1,balance_sheet,合併前非屬共同控制股權,,--,sii,https://mopsov.twse.com.tw/mops/web/ajax_t163sb05
下游,高速網路交換器,2345,智邦,2018,1,balance_sheet,非控制權益,6446,"6,446",sii,https://mopsov.twse.com.tw/mops/web/ajax_t163sb05
下游,高速網路交換器,2345,智邦,2018,1,balance_sheet,權益總計,10261756,"10,261,756",sii,https://mopsov.twse.com.tw/mops/web/ajax_t163sb05
下游,高速網路交換器,2345,智邦,2018,1,balance_sheet,待註銷股本股數（單位：股）,,--,sii,https://mopsov.twse.com.tw/mops/web/ajax_t163sb05
下游,高速網路交換器,2345,智邦,2018,1,balance_sheet,預收股款（權益項下）之約當發行股數（單位：股）,0,0,sii,https://mopsov.twse.com.tw/mops/web/ajax_t163sb05
下游,高速網路交換器,2345,智邦,2018,1,balance_sheet,母公司暨子公司所持有之母公司庫藏股股數（單位：股）,2209867,"2,209,867",sii,https://mopsov.twse.com.tw/mops/web/ajax_t163sb05
下游,高速網路交換器,2345,智邦,2018,1,balance_sheet,每股參考淨值,18.51,18.51,sii,https://mopsov.twse.com.tw/mops/web/ajax_t163sb05
下游,高速網路交換器,2345,智邦,2018,1,cash_flow,營業活動之淨現金流入（流出）,2126552,"2,126,552",sii,https://mopsov.twse.com.tw/mops/web/ajax_t163sb20
下游,高速網路交換器,2345,智邦,2018,1,cash_flow,投資活動之淨現金流入（流出）,-404684,"-404,684",sii,https://mopsov.twse.com.tw/mops/web/ajax_t163sb20
下游,高速網路交換器,2345,智邦,2018,1,cash_flow,籌資活動之淨現金流入（流出）,23975,"23,975",sii,https://mopsov.twse.com.tw/mops/web/ajax_t163sb20
下游,高速網路交換器,2345,智邦,2018,1,cash_flow,匯率變動對現金及約當現金之影響,-45360,"-45,360",sii,https://mopsov.twse.com.tw/mops/web/ajax_t163sb20
下游,高速網路交換器,2345,智邦,2018,1,cash_flow,本期現金及約當現金增加（減少）數,1700483,"1,700,483",sii,https://mopsov.twse.com.tw/mops/web/ajax_t163sb20
下游,高速網路交換器,2345,智邦,2018,1,cash_flow,期初現金及約當現金餘額,3944104,"3,944,104",sii,https://mopsov.twse.com.tw/mops/web/ajax_t163sb20
下游,高速網路交換器,2345,智邦,2018,1,cash_flow,期末現金及約當現金餘額,5644587,"5,644,587",sii,https://mopsov.twse.com.tw/mops/web/ajax_t163sb20
下游,高速網路交換器,2345,智邦,2018,2,income_statement,營業收入,18803395,"18,803,395",sii,https://mopsov.twse.com.tw/mops/web/ajax_t163sb04
下游,高速網路交換器,2345,智邦,2018,2,income_statement,營業成本,15386870,"15,386,870",sii,https://mopsov.twse.com.tw/mops/web/ajax_t163sb04
下游,高速網路交換器,2345,智邦,2018,2,income_statement,原始認列生物資產及農產品之利益（損失）,,--,sii,https://mopsov.twse.com.tw/mops/web/ajax_t163sb04
下游,高速網路交換器,2345,智邦,2018,2,income_statement,生物資產當期公允價值減出售成本之變動利益（損失）,,--,sii,https://mopsov.twse.com.tw/mops/web/ajax_t163sb04
下游,高速網路交換器,2345,智邦,2018,2,income_statement,營業毛利（毛損）,3416525,"3,416,525",sii,https://mopsov.twse.com.tw/mops/web/ajax_t163sb04
下游,高速網路交換器,2345,智邦,2018,2,income_statement,未實現銷貨（損）益,,--,sii,https://mopsov.twse.com.tw/mops/web/ajax_t163sb04
下游,高速網路交換器,2345,智邦,2018,2,income_statement,已實現銷貨（損）益,,--,sii,https://mopsov.twse.com.tw/mops/web/ajax_t163sb04
下游,高速網路交換器,2345,智邦,2018,2,income_statement,營業毛利（毛損）淨額,3416525,"3,416,525",sii,https://mopsov.twse.com.tw/mops/web/ajax_t163sb04
下游,高速網路交換器,2345,智邦,2018,2,income_statement,營業費用,2018842,"2,018,842",sii,https://mopsov.twse.com.tw/mops/web/ajax_t163sb04
下游,高速網路交換器,2345,智邦,2018,2,income_statement,其他收益及費損淨額,,--,sii,https://mopsov.twse.com.tw/mops/web/ajax_t163sb04
下游,高速網路交換器,2345,智邦,2018,2,income_statement,營業利益（損失）,1397683,"1,397,683",sii,https://mopsov.twse.com.tw/mops/web/ajax_t163sb04
下游,高速網路交換器,2345,智邦,2018,2,income_statement,營業外收入及支出,172860,"172,860",sii,https://mopsov.twse.com.tw/mops/web/ajax_t163sb04
下游,高速網路交換器,2345,智邦,2018,2,income_statement,稅前淨利（淨損）,1570543,"1,570,543",sii,https://mopsov.twse.com.tw/mops/web/ajax_t163sb04
下游,高速網路交換器,2345,智邦,2018,2,income_statement,所得稅費用（利益）,252155,"252,155",sii,https://mopsov.twse.com.tw/mops/web/ajax_t163sb04
下游,高速網路交換器,2345,智邦,2018,2,income_statement,繼續營業單位本期淨利（淨損）,1318388,"1,318,388",sii,https://mopsov.twse.com.tw/mops/web/ajax_t163sb04
下游,高速網路交換器,2345,智邦,2018,2,income_statement,停業單位損益,,--,sii,https://mopsov.twse.com.tw/mops/web/ajax_t163sb04
下游,高速網路交換器,2345,智邦,2018,2,income_statement,合併前非屬共同控制股權損益,,--,sii,https://mopsov.twse.com.tw/mops/web/ajax_t163sb04
下游,高速網路交換器,2345,智邦,2018,2,income_statement,本期淨利（淨損）,1318388,"1,318,388",sii,https://mopsov.twse.com.tw/mops/web/ajax_t163sb04
下游,高速網路交換器,2345,智邦,2018,2,income_statement,其他綜合損益（淨額）,58986,"58,986",sii,https://mopsov.twse.com.tw/mops/web/ajax_t163sb04
下游,高速網路交換器,2345,智邦,2018,2,income_statement,合併前非屬共同控制股權綜合損益淨額,,--,sii,https://mopsov.twse.com.tw/mops/web/ajax_t163sb04
下游,高速網路交換器,2345,智邦,2018,2,income_statement,本期綜合損益總額,1377374,"1,377,374",sii,https://mopsov.twse.com.tw/mops/web/ajax_t163sb04
下游,高速網路交換器,2345,智邦,2018,2,income_statement,淨利（淨損）歸屬於母公司業主,1318673,"1,318,673",sii,https://mopsov.twse.com.tw/mops/web/ajax_t163sb04
下游,高速網路交換器,2345,智邦,2018,2,income_statement,淨利（淨損）歸屬於共同控制下前手權益,,--,sii,https://mopsov.twse.com.tw/mops/web/ajax_t163sb04
下游,高速網路交換器,2345,智邦,2018,2,income_statement,淨利（淨損）歸屬於非控制權益,-285,-285,sii,https://mopsov.twse.com.tw/mops/web/ajax_t163sb04
下游,高速網路交換器,2345,智邦,2018,2,income_statement,綜合損益總額歸屬於母公司業主,1377521,"1,377,521",sii,https://mopsov.twse.com.tw/mops/web/ajax_t163sb04
下游,高速網路交換器,2345,智邦,2018,2,income_statement,綜合損益總額歸屬於共同控制下前手權益,,--,sii,https://mopsov.twse.com.tw/mops/web/ajax_t163sb04
下游,高速網路交換器,2345,智邦,2018,2,income_statement,綜合損益總額歸屬於非控制權益,-147,-147,sii,https://mopsov.twse.com.tw/mops/web/ajax_t163sb04
下游,高速網路交換器,2345,智邦,2018,2,income_statement,基本每股盈餘（元）,2.38,2.38,sii,https://mopsov.twse.com.tw/mops/web/ajax_t163sb04
下游,高速網路交換器,2345,智邦,2018,2,balance_sheet,流動資產,19403118,"19,403,118",sii,https://mopsov.twse.com.tw/mops/web/ajax_t163sb05
下游,高速網路交換器,2345,智邦,2018,2,balance_sheet,非流動資產,1339485,"1,339,485",sii,https://mopsov.twse.com.tw/mops/web/ajax_t163sb05
下游,高速網路交換器,2345,智邦,2018,2,balance_sheet,資產總計,20742603,"20,742,603",sii,https://mopsov.twse.com.tw/mops/web/ajax_t163sb05
下游,高速網路交換器,2345,智邦,2018,2,balance_sheet,流動負債,11945231,"11,945,231",sii,https://mopsov.twse.com.tw/mops/web/ajax_t163sb05
下游,高速網路交換器,2345,智邦,2018,2,balance_sheet,非流動負債,30458,"30,458",sii,https://mopsov.twse.com.tw/mops/web/ajax_t163sb05
下游,高速網路交換器,2345,智邦,2018,2,balance_sheet,負債總計,11975689,"11,975,689",sii,https://mopsov.twse.com.tw/mops/web/ajax_t163sb05
下游,高速網路交換器,2345,智邦,2018,2,balance_sheet,股本,5566634,"5,566,634",sii,https://mopsov.twse.com.tw/mops/web/ajax_t163sb05
下游,高速網路交換器,2345,智邦,2018,2,balance_sheet,資本公積,793427,"793,427",sii,https://mopsov.twse.com.tw/mops/web/ajax_t163sb05
下游,高速網路交換器,2345,智邦,2018,2,balance_sheet,保留盈餘,2627515,"2,627,515",sii,https://mopsov.twse.com.tw/mops/web/ajax_t163sb05
下游,高速網路交換器,2345,智邦,2018,2,balance_sheet,其他權益,-176290,"-176,290",sii,https://mopsov.twse.com.tw/mops/web/ajax_t163sb05
下游,高速網路交換器,2345,智邦,2018,2,balance_sheet,庫藏股票,-50999,"-50,999",sii,https://mopsov.twse.com.tw/mops/web/ajax_t163sb05
下游,高速網路交換器,2345,智邦,2018,2,balance_sheet,歸屬於母公司業主之權益合計,8760287,"8,760,287",sii,https://mopsov.twse.com.tw/mops/web/ajax_t163sb05
下游,高速網路交換器,2345,智邦,2018,2,balance_sheet,共同控制下前手權益,,--,sii,https://mopsov.twse.com.tw/mops/web/ajax_t163sb05
下游,高速網路交換器,2345,智邦,2018,2,balance_sheet,合併前非屬共同控制股權,,--,sii,https://mopsov.twse.com.tw/mops/web/ajax_t163sb05
下游,高速網路交換器,2345,智邦,2018,2,balance_sheet,非控制權益,6627,"6,627",sii,https://mopsov.twse.com.tw/mops/web/ajax_t163sb05
下游,高速網路交換器,2345,智邦,2018,2,balance_sheet,權益總計,8766914,"8,766,914",sii,https://mopsov.twse.com.tw/mops/web/ajax_t163sb05
下游,高速網路交換器,2345,智邦,2018,2,balance_sheet,待註銷股本股數（單位：股）,,--,sii,https://mopsov.twse.com.tw/mops/web/ajax_t163sb05
下游,高速網路交換器,2345,智邦,2018,2,balance_sheet,預收股款（權益項下）之約當發行股數（單位：股）,0,0,sii,https://mopsov.twse.com.tw/mops/web/ajax_t163sb05
下游,高速網路交換器,2345,智邦,2018,2,balance_sheet,母公司暨子公司所持有之母公司庫藏股股數（單位：股）,2209867,"2,209,867",sii,https://mopsov.twse.com.tw/mops/web/ajax_t163sb05
下游,高速網路交換器,2345,智邦,2018,2,balance_sheet,每股參考淨值,15.8,15.80,sii,https://mopsov.twse.com.tw/mops/web/ajax_t163sb05
下游,高速網路交換器,2345,智邦,2018,2,cash_flow,營業活動之淨現金流入（流出）,-62977,"-62,977",sii,https://mopsov.twse.com.tw/mops/web/ajax_t163sb20
下游,高速網路交換器,2345,智邦,2018,2,cash_flow,投資活動之淨現金流入（流出）,599385,"599,385",sii,https://mopsov.twse.com.tw/mops/web/ajax_t163sb20
下游,高速網路交換器,2345,智邦,2018,2,cash_flow,籌資活動之淨現金流入（流出）,29817,"29,817",sii,https://mopsov.twse.com.tw/mops/web/ajax_t163sb20
下游,高速網路交換器,2345,智邦,2018,2,cash_flow,匯率變動對現金及約當現金之影響,57410,"57,410",sii,https://mopsov.twse.com.tw/mops/web/ajax_t163sb20
下游,高速網路交換器,2345,智邦,2018,2,cash_flow,本期現金及約當現金增加（減少）數,623635,"623,635",sii,https://mopsov.twse.com.tw/mops/web/ajax_t163sb20
下游,高速網路交換器,2345,智邦,2018,2,cash_flow,期初現金及約當現金餘額,3944104,"3,944,104",sii,https://mopsov.twse.com.tw/mops/web/ajax_t163sb20
下游,高速網路交換器,2345,智邦,2018,2,cash_flow,期末現金及約當現金餘額,4567739,"4,567,739",sii,https://mopsov.twse.com.tw/mops/web/ajax_t163sb20
下游,高速網路交換器,2345,智邦,2018,3,income_statement,營業收入,30065305,"30,065,305",sii,https://mopsov.twse.com.tw/mops/web/ajax_t163sb04
下游,高速網路交換器,2345,智邦,2018,3,income_statement,營業成本,24411076,"24,411,076",sii,https://mopsov.twse.com.tw/mops/web/ajax_t163sb04
下游,高速網路交換器,2345,智邦,2018,3,income_statement,原始認列生物資產及農產品之利益（損失）,,--,sii,https://mopsov.twse.com.tw/mops/web/ajax_t163sb04
下游,高速網路交換器,2345,智邦,2018,3,income_statement,生物資產當期公允價值減出售成本之變動利益（損失）,,--,sii,https://mopsov.twse.com.tw/mops/web/ajax_t163sb04
下游,高速網路交換器,2345,智邦,2018,3,income_statement,營業毛利（毛損）,5654229,"5,654,229",sii,https://mopsov.twse.com.tw/mops/web/ajax_t163sb04
下游,高速網路交換器,2345,智邦,2018,3,income_statement,未實現銷貨（損）益,,--,sii,https://mopsov.twse.com.tw/mops/web/ajax_t163sb04
下游,高速網路交換器,2345,智邦,2018,3,income_statement,已實現銷貨（損）益,,--,sii,https://mopsov.twse.com.tw/mops/web/ajax_t163sb04
下游,高速網路交換器,2345,智邦,2018,3,income_statement,營業毛利（毛損）淨額,5654229,"5,654,229",sii,https://mopsov.twse.com.tw/mops/web/ajax_t163sb04
下游,高速網路交換器,2345,智邦,2018,3,income_statement,營業費用,3214561,"3,214,561",sii,https://mopsov.twse.com.tw/mops/web/ajax_t163sb04
下游,高速網路交換器,2345,智邦,2018,3,income_statement,其他收益及費損淨額,,--,sii,https://mopsov.twse.com.tw/mops/web/ajax_t163sb04
下游,高速網路交換器,2345,智邦,2018,3,income_statement,營業利益（損失）,2439668,"2,439,668",sii,https://mopsov.twse.com.tw/mops/web/ajax_t163sb04
下游,高速網路交換器,2345,智邦,2018,3,income_statement,營業外收入及支出,216002,"216,002",sii,https://mopsov.twse.com.tw/mops/web/ajax_t163sb04
下游,高速網路交換器,2345,智邦,2018,3,income_statement,稅前淨利（淨損）,2655670,"2,655,670",sii,https://mopsov.twse.com.tw/mops/web/ajax_t163sb04
下游,高速網路交換器,2345,智邦,2018,3,income_statement,所得稅費用（利益）,502736,"502,736",sii,https://mopsov.twse.com.tw/mops/web/ajax_t163sb04
下游,高速網路交換器,2345,智邦,2018,3,income_statement,繼續營業單位本期淨利（淨損）,2152934,"2,152,934",sii,https://mopsov.twse.com.tw/mops/web/ajax_t163sb04
下游,高速網路交換器,2345,智邦,2018,3,income_statement,停業單位損益,,--,sii,https://mopsov.twse.com.tw/mops/web/ajax_t163sb04
下游,高速網路交換器,2345,智邦,2018,3,income_statement,合併前非屬共同控制股權損益,,--,sii,https://mopsov.twse.com.tw/mops/web/ajax_t163sb04
下游,高速網路交換器,2345,智邦,2018,3,income_statement,本期淨利（淨損）,2152934,"2,152,934",sii,https://mopsov.twse.com.tw/mops/web/ajax_t163sb04
下游,高速網路交換器,2345,智邦,2018,3,income_statement,其他綜合損益（淨額）,-107189,"-107,189",sii,https://mopsov.twse.com.tw/mops/web/ajax_t163sb04
下游,高速網路交換器,2345,智邦,2018,3,income_statement,合併前非屬共同控制股權綜合損益淨額,,--,sii,https://mopsov.twse.com.tw/mops/web/ajax_t163sb04
下游,高速網路交換器,2345,智邦,2018,3,income_statement,本期綜合損益總額,2045745,"2,045,745",sii,https://mopsov.twse.com.tw/mops/web/ajax_t163sb04
下游,高速網路交換器,2345,智邦,2018,3,income_statement,淨利（淨損）歸屬於母公司業主,2153133,"2,153,133",sii,https://mopsov.twse.com.tw/mops/web/ajax_t163sb04
下游,高速網路交換器,2345,智邦,2018,3,income_statement,淨利（淨損）歸屬於共同控制下前手權益,,--,sii,https://mopsov.twse.com.tw/mops/web/ajax_t163sb04
下游,高速網路交換器,2345,智邦,2018,3,income_statement,淨利（淨損）歸屬於非控制權益,-199,-199,sii,https://mopsov.twse.com.tw/mops/web/ajax_t163sb04
下游,高速網路交換器,2345,智邦,2018,3,income_statement,綜合損益總額歸屬於母公司業主,2045794,"2,045,794",sii,https://mopsov.twse.com.tw/mops/web/ajax_t163sb04
下游,高速網路交換器,2345,智邦,2018,3,income_statement,綜合損益總額歸屬於共同控制下前手權益,,--,sii,https://mopsov.twse.com.tw/mops/web/ajax_t163sb04
下游,高速網路交換器,2345,智邦,2018,3,income_statement,綜合損益總額歸屬於非控制權益,-49,-49,sii,https://mopsov.twse.com.tw/mops/web/ajax_t163sb04
下游,高速網路交換器,2345,智邦,2018,3,income_statement,基本每股盈餘（元）,3.89,3.89,sii,https://mopsov.twse.com.tw/mops/web/ajax_t163sb04
下游,高速網路交換器,2345,智邦,2018,3,balance_sheet,流動資產,19234413,"19,234,413",sii,https://mopsov.twse.com.tw/mops/web/ajax_t163sb05
下游,高速網路交換器,2345,智邦,2018,3,balance_sheet,非流動資產,1411705,"1,411,705",sii,https://mopsov.twse.com.tw/mops/web/ajax_t163sb05
下游,高速網路交換器,2345,智邦,2018,3,balance_sheet,資產總計,20646118,"20,646,118",sii,https://mopsov.twse.com.tw/mops/web/ajax_t163sb05
下游,高速網路交換器,2345,智邦,2018,3,balance_sheet,流動負債,11171428,"11,171,428",sii,https://mopsov.twse.com.tw/mops/web/ajax_t163sb05
下游,高速網路交換器,2345,智邦,2018,3,balance_sheet,非流動負債,29977,"29,977",sii,https://mopsov.twse.com.tw/mops/web/ajax_t163sb05
下游,高速網路交換器,2345,智邦,2018,3,balance_sheet,負債總計,11201405,"11,201,405",sii,https://mopsov.twse.com.tw/mops/web/ajax_t163sb05
下游,高速網路交換器,2345,智邦,2018,3,balance_sheet,股本,5574839,"5,574,839",sii,https://mopsov.twse.com.tw/mops/web/ajax_t163sb05
下游,高速網路交換器,2345,智邦,2018,3,balance_sheet,資本公積,794650,"794,650",sii,https://mopsov.twse.com.tw/mops/web/ajax_t163sb05
下游,高速網路交換器,2345,智邦,2018,3,balance_sheet,保留盈餘,3461975,"3,461,975",sii,https://mopsov.twse.com.tw/mops/web/ajax_t163sb05
下游,高速網路交換器,2345,智邦,2018,3,balance_sheet,其他權益,-342477,"-342,477",sii,https://mopsov.twse.com.tw/mops/web/ajax_t163sb05
下游,高速網路交換器,2345,智邦,2018,3,balance_sheet,庫藏股票,-50999,"-50,999",sii,https://mopsov.twse.com.tw/mops/web/ajax_t163sb05
下游,高速網路交換器,2345,智邦,2018,3,balance_sheet,歸屬於母公司業主之權益合計,9437988,"9,437,988",sii,https://mopsov.twse.com.tw/mops/web/ajax_t163sb05
下游,高速網路交換器,2345,智邦,2018,3,balance_sheet,共同控制下前手權益,,--,sii,https://mopsov.twse.com.tw/mops/web/ajax_t163sb05
下游,高速網路交換器,2345,智邦,2018,3,balance_sheet,合併前非屬共同控制股權,,--,sii,https://mopsov.twse.com.tw/mops/web/ajax_t163sb05
下游,高速網路交換器,2345,智邦,2018,3,balance_sheet,非控制權益,6725,"6,725",sii,https://mopsov.twse.com.tw/mops/web/ajax_t163sb05
下游,高速網路交換器,2345,智邦,2018,3,balance_sheet,權益總計,9444713,"9,444,713",sii,https://mopsov.twse.com.tw/mops/web/ajax_t163sb05
下游,高速網路交換器,2345,智邦,2018,3,balance_sheet,待註銷股本股數（單位：股）,,--,sii,https://mopsov.twse.com.tw/mops/web/ajax_t163sb05
下游,高速網路交換器,2345,智邦,2018,3,balance_sheet,預收股款（權益項下）之約當發行股數（單位：股）,0,0,sii,https://mopsov.twse.com.tw/mops/web/ajax_t163sb05
下游,高速網路交換器,2345,智邦,2018,3,balance_sheet,母公司暨子公司所持有之母公司庫藏股股數（單位：股）,2209867,"2,209,867",sii,https://mopsov.twse.com.tw/mops/web/ajax_t163sb05
下游,高速網路交換器,2345,智邦,2018,3,balance_sheet,每股參考淨值,17.0,17.00,sii,https://mopsov.twse.com.tw/mops/web/ajax_t163sb05
下游,高速網路交換器,2345,智邦,2018,3,cash_flow,營業活動之淨現金流入（流出）,889105,"889,105",sii,https://mopsov.twse.com.tw/mops/web/ajax_t163sb20
下游,高速網路交換器,2345,智邦,2018,3,cash_flow,投資活動之淨現金流入（流出）,228273,"228,273",sii,https://mopsov.twse.com.tw/mops/web/ajax_t163sb20
下游,高速網路交換器,2345,智邦,2018,3,cash_flow,籌資活動之淨現金流入（流出）,-1751471,"-1,751,471",sii,https://mopsov.twse.com.tw/mops/web/ajax_t163sb20
下游,高速網路交換器,2345,智邦,2018,3,cash_flow,匯率變動對現金及約當現金之影響,66049,"66,049",sii,https://mopsov.twse.com.tw/mops/web/ajax_t163sb20
下游,高速網路交換器,2345,智邦,2018,3,cash_flow,本期現金及約當現金增加（減少）數,-568044,"-568,044",sii,https://mopsov.twse.com.tw/mops/web/ajax_t163sb20
下游,高速網路交換器,2345,智邦,2018,3,cash_flow,期初現金及約當現金餘額,3944104,"3,944,104",sii,https://mopsov.twse.com.tw/mops/web/ajax_t163sb20
下游,高速網路交換器,2345,智邦,2018,3,cash_flow,期末現金及約當現金餘額,3376060,"3,376,060",sii,https://mopsov.twse.com.tw/mops/web/ajax_t163sb20
下游,高速網路交換器,2345,智邦,2018,4,income_statement,營業收入,43092155,"43,092,155",sii,https://mopsov.twse.com.tw/mops/web/ajax_t163sb04
下游,高速網路交換器,2345,智邦,2018,4,income_statement,營業成本,35312058,"35,312,058",sii,https://mopsov.twse.com.tw/mops/web/ajax_t163sb04
下游,高速網路交換器,2345,智邦,2018,4,income_statement,原始認列生物資產及農產品之利益（損失）,,--,sii,https://mopsov.twse.com.tw/mops/web/ajax_t163sb04
下游,高速網路交換器,2345,智邦,2018,4,income_statement,生物資產當期公允價值減出售成本之變動利益（損失）,,--,sii,https://mopsov.twse.com.tw/mops/web/ajax_t163sb04
下游,高速網路交換器,2345,智邦,2018,4,income_statement,營業毛利（毛損）,7780097,"7,780,097",sii,https://mopsov.twse.com.tw/mops/web/ajax_t163sb04
下游,高速網路交換器,2345,智邦,2018,4,income_statement,未實現銷貨（損）益,,--,sii,https://mopsov.twse.com.tw/mops/web/ajax_t163sb04
下游,高速網路交換器,2345,智邦,2018,4,income_statement,已實現銷貨（損）益,,--,sii,https://mopsov.twse.com.tw/mops/web/ajax_t163sb04
下游,高速網路交換器,2345,智邦,2018,4,income_statement,營業毛利（毛損）淨額,7780097,"7,780,097",sii,https://mopsov.twse.com.tw/mops/web/ajax_t163sb04
下游,高速網路交換器,2345,智邦,2018,4,income_statement,營業費用,4307389,"4,307,389",sii,https://mopsov.twse.com.tw/mops/web/ajax_t163sb04
下游,高速網路交換器,2345,智邦,2018,4,income_statement,其他收益及費損淨額,,--,sii,https://mopsov.twse.com.tw/mops/web/ajax_t163sb04
下游,高速網路交換器,2345,智邦,2018,4,income_statement,營業利益（損失）,3472708,"3,472,708",sii,https://mopsov.twse.com.tw/mops/web/ajax_t163sb04
下游,高速網路交換器,2345,智邦,2018,4,income_statement,營業外收入及支出,225031,"225,031",sii,https://mopsov.twse.com.tw/mops/web/ajax_t163sb04
下游,高速網路交換器,2345,智邦,2018,4,income_statement,稅前淨利（淨損）,3697739,"3,697,739",sii,https://mopsov.twse.com.tw/mops/web/ajax_t163sb04
下游,高速網路交換器,2345,智邦,2018,4,income_statement,所得稅費用（利益）,745558,"745,558",sii,https://mopsov.twse.com.tw/mops/web/ajax_t163sb04
下游,高速網路交換器,2345,智邦,2018,4,income_statement,繼續營業單位本期淨利（淨損）,2952181,"2,952,181",sii,https://mopsov.twse.com.tw/mops/web/ajax_t163sb04
下游,高速網路交換器,2345,智邦,2018,4,income_statement,停業單位損益,,--,sii,https://mopsov.twse.com.tw/mops/web/ajax_t163sb04
下游,高速網路交換器,2345,智邦,2018,4,income_statement,合併前非屬共同控制股權損益,,--,sii,https://mopsov.twse.com.tw/mops/web/ajax_t163sb04
下游,高速網路交換器,2345,智邦,2018,4,income_statement,本期淨利（淨損）,2952181,"2,952,181",sii,https://mopsov.twse.com.tw/mops/web/ajax_t163sb04
下游,高速網路交換器,2345,智邦,2018,4,income_statement,其他綜合損益（淨額）,-74110,"-74,110",sii,https://mopsov.twse.com.tw/mops/web/ajax_t163sb04
下游,高速網路交換器,2345,智邦,2018,4,income_statement,合併前非屬共同控制股權綜合損益淨額,,--,sii,https://mopsov.twse.com.tw/mops/web/ajax_t163sb04
下游,高速網路交換器,2345,智邦,2018,4,income_statement,本期綜合損益總額,2878071,"2,878,071",sii,https://mopsov.twse.com.tw/mops/web/ajax_t163sb04
下游,高速網路交換器,2345,智邦,2018,4,income_statement,淨利（淨損）歸屬於母公司業主,2952449,"2,952,449",sii,https://mopsov.twse.com.tw/mops/web/ajax_t163sb04
下游,高速網路交換器,2345,智邦,2018,4,income_statement,淨利（淨損）歸屬於共同控制下前手權益,,--,sii,https://mopsov.twse.com.tw/mops/web/ajax_t163sb04
下游,高速網路交換器,2345,智邦,2018,4,income_statement,淨利（淨損）歸屬於非控制權益,-268,-268,sii,https://mopsov.twse.com.tw/mops/web/ajax_t163sb04
下游,高速網路交換器,2345,智邦,2018,4,income_statement,綜合損益總額歸屬於母公司業主,2878151,"2,878,151",sii,https://mopsov.twse.com.tw/mops/web/ajax_t163sb04
下游,高速網路交換器,2345,智邦,2018,4,income_statement,綜合損益總額歸屬於共同控制下前手權益,,--,sii,https://mopsov.twse.com.tw/mops/web/ajax_t163sb04
下游,高速網路交換器,2345,智邦,2018,4,income_statement,綜合損益總額歸屬於非控制權益,-80,-80,sii,https://mopsov.twse.com.tw/mops/web/ajax_t163sb04
下游,高速網路交換器,2345,智邦,2018,4,income_statement,基本每股盈餘（元）,5.33,5.33,sii,https://mopsov.twse.com.tw/mops/web/ajax_t163sb04
下游,高速網路交換器,2345,智邦,2018,4,balance_sheet,流動資產,20873566,"20,873,566",sii,https://mopsov.twse.com.tw/mops/web/ajax_t163sb05
下游,高速網路交換器,2345,智邦,2018,4,balance_sheet,非流動資產,1504761,"1,504,761",sii,https://mopsov.twse.com.tw/mops/web/ajax_t163sb05
下游,高速網路交換器,2345,智邦,2018,4,balance_sheet,資產總計,22378327,"22,378,327",sii,https://mopsov.twse.com.tw/mops/web/ajax_t163sb05
下游,高速網路交換器,2345,智邦,2018,4,balance_sheet,流動負債,12068256,"12,068,256",sii,https://mopsov.twse.com.tw/mops/web/ajax_t163sb05
下游,高速網路交換器,2345,智邦,2018,4,balance_sheet,非流動負債,31475,"31,475",sii,https://mopsov.twse.com.tw/mops/web/ajax_t163sb05
下游,高速網路交換器,2345,智邦,2018,4,balance_sheet,負債總計,12099731,"12,099,731",sii,https://mopsov.twse.com.tw/mops/web/ajax_t163sb05
下游,高速網路交換器,2345,智邦,2018,4,balance_sheet,股本,5575899,"5,575,899",sii,https://mopsov.twse.com.tw/mops/web/ajax_t163sb05
下游,高速網路交換器,2345,智邦,2018,4,balance_sheet,資本公積,795148,"795,148",sii,https://mopsov.twse.com.tw/mops/web/ajax_t163sb05
下游,高速網路交換器,2345,智邦,2018,4,balance_sheet,保留盈餘,4259345,"4,259,345",sii,https://mopsov.twse.com.tw/mops/web/ajax_t163sb05
下游,高速網路交換器,2345,智邦,2018,4,balance_sheet,其他權益,-307491,"-307,491",sii,https://mopsov.twse.com.tw/mops/web/ajax_t163sb05
下游,高速網路交換器,2345,智邦,2018,4,balance_sheet,庫藏股票,-50999,"-50,999",sii,https://mopsov.twse.com.tw/mops/web/ajax_t163sb05
下游,高速網路交換器,2345,智邦,2018,4,balance_sheet,歸屬於母公司業主之權益合計,10271902,"10,271,902",sii,https://mopsov.twse.com.tw/mops/web/ajax_t163sb05
下游,高速網路交換器,2345,智邦,2018,4,balance_sheet,共同控制下前手權益,,--,sii,https://mopsov.twse.com.tw/mops/web/ajax_t163sb05
下游,高速網路交換器,2345,智邦,2018,4,balance_sheet,合併前非屬共同控制股權,,--,sii,https://mopsov.twse.com.tw/mops/web/ajax_t163sb05
下游,高速網路交換器,2345,智邦,2018,4,balance_sheet,非控制權益,6694,"6,694",sii,https://mopsov.twse.com.tw/mops/web/ajax_t163sb05
下游,高速網路交換器,2345,智邦,2018,4,balance_sheet,權益總計,10278596,"10,278,596",sii,https://mopsov.twse.com.tw/mops/web/ajax_t163sb05
下游,高速網路交換器,2345,智邦,2018,4,balance_sheet,待註銷股本股數（單位：股）,,--,sii,https://mopsov.twse.com.tw/mops/web/ajax_t163sb05
下游,高速網路交換器,2345,智邦,2018,4,balance_sheet,預收股款（權益項下）之約當發行股數（單位：股）,0,0,sii,https://mopsov.twse.com.tw/mops/web/ajax_t163sb05
下游,高速網路交換器,2345,智邦,2018,4,balance_sheet,母公司暨子公司所持有之母公司庫藏股股數（單位：股）,2209867,"2,209,867",sii,https://mopsov.twse.com.tw/mops/web/ajax_t163sb05
下游,高速網路交換器,2345,智邦,2018,4,balance_sheet,每股參考淨值,18.5,18.50,sii,https://mopsov.twse.com.tw/mops/web/ajax_t163sb05
下游,高速網路交換器,2345,智邦,2018,4,cash_flow,營業活動之淨現金流入（流出）,2055260,"2,055,260",sii,https://mopsov.twse.com.tw/mops/web/ajax_t163sb20
下游,高速網路交換器,2345,智邦,2018,4,cash_flow,投資活動之淨現金流入（流出）,473693,"473,693",sii,https://mopsov.twse.com.tw/mops/web/ajax_t163sb20
下游,高速網路交換器,2345,智邦,2018,4,cash_flow,籌資活動之淨現金流入（流出）,-2250313,"-2,250,313",sii,https://mopsov.twse.com.tw/mops/web/ajax_t163sb20
下游,高速網路交換器,2345,智邦,2018,4,cash_flow,匯率變動對現金及約當現金之影響,73072,"73,072",sii,https://mopsov.twse.com.tw/mops/web/ajax_t163sb20
下游,高速網路交換器,2345,智邦,2018,4,cash_flow,本期現金及約當現金增加（減少）數,351712,"351,712",sii,https://mopsov.twse.com.tw/mops/web/ajax_t163sb20
下游,高速網路交換器,2345,智邦,2018,4,cash_flow,期初現金及約當現金餘額,3944104,"3,944,104",sii,https://mopsov.twse.com.tw/mops/web/ajax_t163sb20
下游,高速網路交換器,2345,智邦,2018,4,cash_flow,期末現金及約當現金餘額,4295816,"4,295,816",sii,https://mopsov.twse.com.tw/mops/web/ajax_t163sb20
下游,高速網路交換器,2345,智邦,2019,1,income_statement,營業收入,11168556,"11,168,556",sii,https://mopsov.twse.com.tw/mops/web/ajax_t163sb04
下游,高速網路交換器,2345,智邦,2019,1,income_statement,營業成本,9159108,"9,159,108",sii,https://mopsov.twse.com.tw/mops/web/ajax_t163sb04
下游,高速網路交換器,2345,智邦,2019,1,income_statement,原始認列生物資產及農產品之利益（損失）,,--,sii,https://mopsov.twse.com.tw/mops/web/ajax_t163sb04
下游,高速網路交換器,2345,智邦,2019,1,income_statement,生物資產當期公允價值減出售成本之變動利益（損失）,,--,sii,https://mopsov.twse.com.tw/mops/web/ajax_t163sb04
下游,高速網路交換器,2345,智邦,2019,1,income_statement,營業毛利（毛損）,2009448,"2,009,448",sii,https://mopsov.twse.com.tw/mops/web/ajax_t163sb04
下游,高速網路交換器,2345,智邦,2019,1,income_statement,未實現銷貨（損）益,,--,sii,https://mopsov.twse.com.tw/mops/web/ajax_t163sb04
下游,高速網路交換器,2345,智邦,2019,1,income_statement,已實現銷貨（損）益,,--,sii,https://mopsov.twse.com.tw/mops/web/ajax_t163sb04
下游,高速網路交換器,2345,智邦,2019,1,income_statement,營業毛利（毛損）淨額,2009448,"2,009,448",sii,https://mopsov.twse.com.tw/mops/web/ajax_t163sb04
下游,高速網路交換器,2345,智邦,2019,1,income_statement,營業費用,1051057,"1,051,057",sii,https://mopsov.twse.com.tw/mops/web/ajax_t163sb04
下游,高速網路交換器,2345,智邦,2019,1,income_statement,其他收益及費損淨額,,--,sii,https://mopsov.twse.com.tw/mops/web/ajax_t163sb04
下游,高速網路交換器,2345,智邦,2019,1,income_statement,營業利益（損失）,958391,"958,391",sii,https://mopsov.twse.com.tw/mops/web/ajax_t163sb04
下游,高速網路交換器,2345,智邦,2019,1,income_statement,營業外收入及支出,-112,-112,sii,https://mopsov.twse.com.tw/mops/web/ajax_t163sb04
下游,高速網路交換器,2345,智邦,2019,1,income_statement,稅前淨利（淨損）,958279,"958,279",sii,https://mopsov.twse.com.tw/mops/web/ajax_t163sb04
下游,高速網路交換器,2345,智邦,2019,1,income_statement,所得稅費用（利益）,199231,"199,231",sii,https://mopsov.twse.com.tw/mops/web/ajax_t163sb04
下游,高速網路交換器,2345,智邦,2019,1,income_statement,繼續營業單位本期淨利（淨損）,759048,"759,048",sii,https://mopsov.twse.com.tw/mops/web/ajax_t163sb04
下游,高速網路交換器,2345,智邦,2019,1,income_statement,停業單位損益,,--,sii,https://mopsov.twse.com.tw/mops/web/ajax_t163sb04
下游,高速網路交換器,2345,智邦,2019,1,income_statement,合併前非屬共同控制股權損益,,--,sii,https://mopsov.twse.com.tw/mops/web/ajax_t163sb04
下游,高速網路交換器,2345,智邦,2019,1,income_statement,本期淨利（淨損）,759048,"759,048",sii,https://mopsov.twse.com.tw/mops/web/ajax_t163sb04
下游,高速網路交換器,2345,智邦,2019,1,income_statement,其他綜合損益（淨額）,135528,"135,528",sii,https://mopsov.twse.com.tw/mops/web/ajax_t163sb04
下游,高速網路交換器,2345,智邦,2019,1,income_statement,合併前非屬共同控制股權綜合損益淨額,,--,sii,https://mopsov.twse.com.tw/mops/web/ajax_t163sb04
下游,高速網路交換器,2345,智邦,2019,1,income_statement,本期綜合損益總額,894576,"894,576",sii,https://mopsov.twse.com.tw/mops/web/ajax_t163sb04
下游,高速網路交換器,2345,智邦,2019,1,income_statement,淨利（淨損）歸屬於母公司業主,759190,"759,190",sii,https://mopsov.twse.com.tw/mops/web/ajax_t163sb04
下游,高速網路交換器,2345,智邦,2019,1,income_statement,淨利（淨損）歸屬於共同控制下前手權益,,--,sii,https://mopsov.twse.com.tw/mops/web/ajax_t163sb04
下游,高速網路交換器,2345,智邦,2019,1,income_statement,淨利（淨損）歸屬於非控制權益,-142,-142,sii,https://mopsov.twse.com.tw/mops/web/ajax_t163sb04
下游,高速網路交換器,2345,智邦,2019,1,income_statement,綜合損益總額歸屬於母公司業主,897823,"897,823",sii,https://mopsov.twse.com.tw/mops/web/ajax_t163sb04
下游,高速網路交換器,2345,智邦,2019,1,income_statement,綜合損益總額歸屬於共同控制下前手權益,,--,sii,https://mopsov.twse.com.tw/mops/web/ajax_t163sb04
下游,高速網路交換器,2345,智邦,2019,1,income_statement,綜合損益總額歸屬於非控制權益,-3247,"-3,247",sii,https://mopsov.twse.com.tw/mops/web/ajax_t163sb04
下游,高速網路交換器,2345,智邦,2019,1,income_statement,基本每股盈餘（元）,1.37,1.37,sii,https://mopsov.twse.com.tw/mops/web/ajax_t163sb04
下游,高速網路交換器,2345,智邦,2019,1,balance_sheet,流動資產,21102660,"21,102,660",sii,https://mopsov.twse.com.tw/mops/web/ajax_t163sb05
下游,高速網路交換器,2345,智邦,2019,1,balance_sheet,非流動資產,2056014,"2,056,014",sii,https://mopsov.twse.com.tw/mops/web/ajax_t163sb05
下游,高速網路交換器,2345,智邦,2019,1,balance_sheet,資產總計,23158674,"23,158,674",sii,https://mopsov.twse.com.tw/mops/web/ajax_t163sb05
下游,高速網路交換器,2345,智邦,2019,1,balance_sheet,流動負債,11605489,"11,605,489",sii,https://mopsov.twse.com.tw/mops/web/ajax_t163sb05
下游,高速網路交換器,2345,智邦,2019,1,balance_sheet,非流動負債,378594,"378,594",sii,https://mopsov.twse.com.tw/mops/web/ajax_t163sb05
下游,高速網路交換器,2345,智邦,2019,1,balance_sheet,負債總計,11984083,"11,984,083",sii,https://mopsov.twse.com.tw/mops/web/ajax_t163sb05
下游,高速網路交換器,2345,智邦,2019,1,balance_sheet,股本,5576864,"5,576,864",sii,https://mopsov.twse.com.tw/mops/web/ajax_t163sb05
下游,高速網路交換器,2345,智邦,2019,1,balance_sheet,資本公積,795602,"795,602",sii,https://mopsov.twse.com.tw/mops/web/ajax_t163sb05
下游,高速網路交換器,2345,智邦,2019,1,balance_sheet,保留盈餘,5042055,"5,042,055",sii,https://mopsov.twse.com.tw/mops/web/ajax_t163sb05
下游,高速網路交換器,2345,智邦,2019,1,balance_sheet,其他權益,-192378,"-192,378",sii,https://mopsov.twse.com.tw/mops/web/ajax_t163sb05
下游,高速網路交換器,2345,智邦,2019,1,balance_sheet,庫藏股票,-50999,"-50,999",sii,https://mopsov.twse.com.tw/mops/web/ajax_t163sb05
下游,高速網路交換器,2345,智邦,2019,1,balance_sheet,歸屬於母公司業主之權益合計,11171144,"11,171,144",sii,https://mopsov.twse.com.tw/mops/web/ajax_t163sb05
下游,高速網路交換器,2345,智邦,2019,1,balance_sheet,共同控制下前手權益,,--,sii,https://mopsov.twse.com.tw/mops/web/ajax_t163sb05
下游,高速網路交換器,2345,智邦,2019,1,balance_sheet,合併前非屬共同控制股權,,--,sii,https://mopsov.twse.com.tw/mops/web/ajax_t163sb05
下游,高速網路交換器,2345,智邦,2019,1,balance_sheet,非控制權益,3447,"3,447",sii,https://mopsov.twse.com.tw/mops/web/ajax_t163sb05
下游,高速網路交換器,2345,智邦,2019,1,balance_sheet,權益總計,11174591,"11,174,591",sii,https://mopsov.twse.com.tw/mops/web/ajax_t163sb05
下游,高速網路交換器,2345,智邦,2019,1,balance_sheet,待註銷股本股數（單位：股）,,--,sii,https://mopsov.twse.com.tw/mops/web/ajax_t163sb05
下游,高速網路交換器,2345,智邦,2019,1,balance_sheet,預收股款（權益項下）之約當發行股數（單位：股）,0,0,sii,https://mopsov.twse.com.tw/mops/web/ajax_t163sb05
下游,高速網路交換器,2345,智邦,2019,1,balance_sheet,母公司暨子公司所持有之母公司庫藏股股數（單位：股）,2209867,"2,209,867",sii,https://mopsov.twse.com.tw/mops/web/ajax_t163sb05
下游,高速網路交換器,2345,智邦,2019,1,balance_sheet,每股參考淨值,20.11,20.11,sii,https://mopsov.twse.com.tw/mops/web/ajax_t163sb05
下游,高速網路交換器,2345,智邦,2019,1,cash_flow,營業活動之淨現金流入（流出）,1077559,"1,077,559",sii,https://mopsov.twse.com.tw/mops/web/ajax_t163sb20
下游,高速網路交換器,2345,智邦,2019,1,cash_flow,投資活動之淨現金流入（流出）,-199313,"-199,313",sii,https://mopsov.twse.com.tw/mops/web/ajax_t163sb20
下游,高速網路交換器,2345,智邦,2019,1,cash_flow,籌資活動之淨現金流入（流出）,-30340,"-30,340",sii,https://mopsov.twse.com.tw/mops/web/ajax_t163sb20
下游,高速網路交換器,2345,智邦,2019,1,cash_flow,匯率變動對現金及約當現金之影響,10421,"10,421",sii,https://mopsov.twse.com.tw/mops/web/ajax_t163sb20
下游,高速網路交換器,2345,智邦,2019,1,cash_flow,本期現金及約當現金增加（減少）數,858327,"858,327",sii,https://mopsov.twse.com.tw/mops/web/ajax_t163sb20
下游,高速網路交換器,2345,智邦,2019,1,cash_flow,期初現金及約當現金餘額,4295816,"4,295,816",sii,https://mopsov.twse.com.tw/mops/web/ajax_t163sb20
下游,高速網路交換器,2345,智邦,2019,1,cash_flow,期末現金及約當現金餘額,5154143,"5,154,143",sii,https://mopsov.twse.com.tw/mops/web/ajax_t163sb20
下游,高速網路交換器,2345,智邦,2019,2,income_statement,營業收入,24927601,"24,927,601",sii,https://mopsov.twse.com.tw/mops/web/ajax_t163sb04
下游,高速網路交換器,2345,智邦,2019,2,income_statement,營業成本,20042899,"20,042,899",sii,https://mopsov.twse.com.tw/mops/web/ajax_t163sb04
下游,高速網路交換器,2345,智邦,2019,2,income_statement,原始認列生物資產及農產品之利益（損失）,,--,sii,https://mopsov.twse.com.tw/mops/web/ajax_t163sb04
下游,高速網路交換器,2345,智邦,2019,2,income_statement,生物資產當期公允價值減出售成本之變動利益（損失）,,--,sii,https://mopsov.twse.com.tw/mops/web/ajax_t163sb04
下游,高速網路交換器,2345,智邦,2019,2,income_statement,營業毛利（毛損）,4884702,"4,884,702",sii,https://mopsov.twse.com.tw/mops/web/ajax_t163sb04
下游,高速網路交換器,2345,智邦,2019,2,income_statement,未實現銷貨（損）益,,--,sii,https://mopsov.twse.com.tw/mops/web/ajax_t163sb04
下游,高速網路交換器,2345,智邦,2019,2,income_statement,已實現銷貨（損）益,,--,sii,https://mopsov.twse.com.tw/mops/web/ajax_t163sb04
下游,高速網路交換器,2345,智邦,2019,2,income_statement,營業毛利（毛損）淨額,4884702,"4,884,702",sii,https://mopsov.twse.com.tw/mops/web/ajax_t163sb04
下游,高速網路交換器,2345,智邦,2019,2,income_statement,營業費用,2302816,"2,302,816",sii,https://mopsov.twse.com.tw/mops/web/ajax_t163sb04
下游,高速網路交換器,2345,智邦,2019,2,income_statement,其他收益及費損淨額,,--,sii,https://mopsov.twse.com.tw/mops/web/ajax_t163sb04
下游,高速網路交換器,2345,智邦,2019,2,income_statement,營業利益（損失）,2581886,"2,581,886",sii,https://mopsov.twse.com.tw/mops/web/ajax_t163sb04
下游,高速網路交換器,2345,智邦,2019,2,income_statement,營業外收入及支出,98805,"98,805",sii,https://mopsov.twse.com.tw/mops/web/ajax_t163sb04
下游,高速網路交換器,2345,智邦,2019,2,income_statement,稅前淨利（淨損）,2680691,"2,680,691",sii,https://mopsov.twse.com.tw/mops/web/ajax_t163sb04
下游,高速網路交換器,2345,智邦,2019,2,income_statement,所得稅費用（利益）,540802,"540,802",sii,https://mopsov.twse.com.tw/mops/web/ajax_t163sb04
下游,高速網路交換器,2345,智邦,2019,2,income_statement,繼續營業單位本期淨利（淨損）,2139889,"2,139,889",sii,https://mopsov.twse.com.tw/mops/web/ajax_t163sb04
下游,高速網路交換器,2345,智邦,2019,2,income_statement,停業單位損益,,--,sii,https://mopsov.twse.com.tw/mops/web/ajax_t163sb04
下游,高速網路交換器,2345,智邦,2019,2,income_statement,合併前非屬共同控制股權損益,,--,sii,https://mopsov.twse.com.tw/mops/web/ajax_t163sb04
下游,高速網路交換器,2345,智邦,2019,2,income_statement,本期淨利（淨損）,2139889,"2,139,889",sii,https://mopsov.twse.com.tw/mops/web/ajax_t163sb04
下游,高速網路交換器,2345,智邦,2019,2,income_statement,其他綜合損益（淨額）,68074,"68,074",sii,https://mopsov.twse.com.tw/mops/web/ajax_t163sb04
下游,高速網路交換器,2345,智邦,2019,2,income_statement,合併前非屬共同控制股權綜合損益淨額,,--,sii,https://mopsov.twse.com.tw/mops/web/ajax_t163sb04
下游,高速網路交換器,2345,智邦,2019,2,income_statement,本期綜合損益總額,2207963,"2,207,963",sii,https://mopsov.twse.com.tw/mops/web/ajax_t163sb04
下游,高速網路交換器,2345,智邦,2019,2,income_statement,淨利（淨損）歸屬於母公司業主,2140098,"2,140,098",sii,https://mopsov.twse.com.tw/mops/web/ajax_t163sb04
下游,高速網路交換器,2345,智邦,2019,2,income_statement,淨利（淨損）歸屬於共同控制下前手權益,,--,sii,https://mopsov.twse.com.tw/mops/web/ajax_t163sb04
下游,高速網路交換器,2345,智邦,2019,2,income_statement,淨利（淨損）歸屬於非控制權益,-209,-209,sii,https://mopsov.twse.com.tw/mops/web/ajax_t163sb04
下游,高速網路交換器,2345,智邦,2019,2,income_statement,綜合損益總額歸屬於母公司業主,2211260,"2,211,260",sii,https://mopsov.twse.com.tw/mops/web/ajax_t163sb04
下游,高速網路交換器,2345,智邦,2019,2,income_statement,綜合損益總額歸屬於共同控制下前手權益,,--,sii,https://mopsov.twse.com.tw/mops/web/ajax_t163sb04
下游,高速網路交換器,2345,智邦,2019,2,income_statement,綜合損益總額歸屬於非控制權益,-3297,"-3,297",sii,https://mopsov.twse.com.tw/mops/web/ajax_t163sb04
下游,高速網路交換器,2345,智邦,2019,2,income_statement,基本每股盈餘（元）,3.85,3.85,sii,https://mopsov.twse.com.tw/mops/web/ajax_t163sb04
下游,高速網路交換器,2345,智邦,2019,2,balance_sheet,流動資產,23850022,"23,850,022",sii,https://mopsov.twse.com.tw/mops/web/ajax_t163sb05
下游,高速網路交換器,2345,智邦,2019,2,balance_sheet,非流動資產,2334830,"2,334,830",sii,https://mopsov.twse.com.tw/mops/web/ajax_t163sb05
下游,高速網路交換器,2345,智邦,2019,2,balance_sheet,資產總計,26184852,"26,184,852",sii,https://mopsov.twse.com.tw/mops/web/ajax_t163sb05
下游,高速網路交換器,2345,智邦,2019,2,balance_sheet,流動負債,15390955,"15,390,955",sii,https://mopsov.twse.com.tw/mops/web/ajax_t163sb05
下游,高速網路交換器,2345,智邦,2019,2,balance_sheet,非流動負債,524754,"524,754",sii,https://mopsov.twse.com.tw/mops/web/ajax_t163sb05
下游,高速網路交換器,2345,智邦,2019,2,balance_sheet,負債總計,15915709,"15,915,709",sii,https://mopsov.twse.com.tw/mops/web/ajax_t163sb05
下游,高速網路交換器,2345,智邦,2019,2,balance_sheet,股本,5578914,"5,578,914",sii,https://mopsov.twse.com.tw/mops/web/ajax_t163sb05
下游,高速網路交換器,2345,智邦,2019,2,balance_sheet,資本公積,805401,"805,401",sii,https://mopsov.twse.com.tw/mops/web/ajax_t163sb05
下游,高速網路交換器,2345,智邦,2019,2,balance_sheet,保留盈餘,4192279,"4,192,279",sii,https://mopsov.twse.com.tw/mops/web/ajax_t163sb05
下游,高速網路交換器,2345,智邦,2019,2,balance_sheet,其他權益,-259849,"-259,849",sii,https://mopsov.twse.com.tw/mops/web/ajax_t163sb05
下游,高速網路交換器,2345,智邦,2019,2,balance_sheet,庫藏股票,-50999,"-50,999",sii,https://mopsov.twse.com.tw/mops/web/ajax_t163sb05
下游,高速網路交換器,2345,智邦,2019,2,balance_sheet,歸屬於母公司業主之權益合計,10265746,"10,265,746",sii,https://mopsov.twse.com.tw/mops/web/ajax_t163sb05
下游,高速網路交換器,2345,智邦,2019,2,balance_sheet,共同控制下前手權益,,--,sii,https://mopsov.twse.com.tw/mops/web/ajax_t163sb05
下游,高速網路交換器,2345,智邦,2019,2,balance_sheet,合併前非屬共同控制股權,,--,sii,https://mopsov.twse.com.tw/mops/web/ajax_t163sb05
下游,高速網路交換器,2345,智邦,2019,2,balance_sheet,非控制權益,3397,"3,397",sii,https://mopsov.twse.com.tw/mops/web/ajax_t163sb05
下游,高速網路交換器,2345,智邦,2019,2,balance_sheet,權益總計,10269143,"10,269,143",sii,https://mopsov.twse.com.tw/mops/web/ajax_t163sb05
下游,高速網路交換器,2345,智邦,2019,2,balance_sheet,待註銷股本股數（單位：股）,,--,sii,https://mopsov.twse.com.tw/mops/web/ajax_t163sb05
下游,高速網路交換器,2345,智邦,2019,2,balance_sheet,預收股款（權益項下）之約當發行股數（單位：股）,0,0,sii,https://mopsov.twse.com.tw/mops/web/ajax_t163sb05
下游,高速網路交換器,2345,智邦,2019,2,balance_sheet,母公司暨子公司所持有之母公司庫藏股股數（單位：股）,2209867,"2,209,867",sii,https://mopsov.twse.com.tw/mops/web/ajax_t163sb05
下游,高速網路交換器,2345,智邦,2019,2,balance_sheet,每股參考淨值,18.47,18.47,sii,https://mopsov.twse.com.tw/mops/web/ajax_t163sb05
下游,高速網路交換器,2345,智邦,2019,2,cash_flow,營業活動之淨現金流入（流出）,2807978,"2,807,978",sii,https://mopsov.twse.com.tw/mops/web/ajax_t163sb20
下游,高速網路交換器,2345,智邦,2019,2,cash_flow,投資活動之淨現金流入（流出）,-762554,"-762,554",sii,https://mopsov.twse.com.tw/mops/web/ajax_t163sb20
下游,高速網路交換器,2345,智邦,2019,2,cash_flow,籌資活動之淨現金流入（流出）,36383,"36,383",sii,https://mopsov.twse.com.tw/mops/web/ajax_t163sb20
下游,高速網路交換器,2345,智邦,2019,2,cash_flow,匯率變動對現金及約當現金之影響,-17606,"-17,606",sii,https://mopsov.twse.com.tw/mops/web/ajax_t163sb20
下游,高速網路交換器,2345,智邦,2019,2,cash_flow,本期現金及約當現金增加（減少）數,2064201,"2,064,201",sii,https://mopsov.twse.com.tw/mops/web/ajax_t163sb20
下游,高速網路交換器,2345,智邦,2019,2,cash_flow,期初現金及約當現金餘額,4295816,"4,295,816",sii,https://mopsov.twse.com.tw/mops/web/ajax_t163sb20
下游,高速網路交換器,2345,智邦,2019,2,cash_flow,期末現金及約當現金餘額,6360017,"6,360,017",sii,https://mopsov.twse.com.tw/mops/web/ajax_t163sb20
下游,高速網路交換器,2345,智邦,2019,3,income_statement,營業收入,41368764,"41,368,764",sii,https://mopsov.twse.com.tw/mops/web/ajax_t163sb04
下游,高速網路交換器,2345,智邦,2019,3,income_statement,營業成本,33138298,"33,138,298",sii,https://mopsov.twse.com.tw/mops/web/ajax_t163sb04
下游,高速網路交換器,2345,智邦,2019,3,income_statement,原始認列生物資產及農產品之利益（損失）,,--,sii,https://mopsov.twse.com.tw/mops/web/ajax_t163sb04
下游,高速網路交換器,2345,智邦,2019,3,income_statement,生物資產當期公允價值減出售成本之變動利益（損失）,,--,sii,https://mopsov.twse.com.tw/mops/web/ajax_t163sb04
下游,高速網路交換器,2345,智邦,2019,3,income_statement,營業毛利（毛損）,8230466,"8,230,466",sii,https://mopsov.twse.com.tw/mops/web/ajax_t163sb04
下游,高速網路交換器,2345,智邦,2019,3,income_statement,未實現銷貨（損）益,,--,sii,https://mopsov.twse.com.tw/mops/web/ajax_t163sb04
下游,高速網路交換器,2345,智邦,2019,3,income_statement,已實現銷貨（損）益,,--,sii,https://mopsov.twse.com.tw/mops/web/ajax_t163sb04
下游,高速網路交換器,2345,智邦,2019,3,income_statement,營業毛利（毛損）淨額,8230466,"8,230,466",sii,https://mopsov.twse.com.tw/mops/web/ajax_t163sb04
下游,高速網路交換器,2345,智邦,2019,3,income_statement,營業費用,3635997,"3,635,997",sii,https://mopsov.twse.com.tw/mops/web/ajax_t163sb04
下游,高速網路交換器,2345,智邦,2019,3,income_statement,其他收益及費損淨額,,--,sii,https://mopsov.twse.com.tw/mops/web/ajax_t163sb04
下游,高速網路交換器,2345,智邦,2019,3,income_statement,營業利益（損失）,4594469,"4,594,469",sii,https://mopsov.twse.com.tw/mops/web/ajax_t163sb04
下游,高速網路交換器,2345,智邦,2019,3,income_statement,營業外收入及支出,211866,"211,866",sii,https://mopsov.twse.com.tw/mops/web/ajax_t163sb04
下游,高速網路交換器,2345,智邦,2019,3,income_statement,稅前淨利（淨損）,4806335,"4,806,335",sii,https://mopsov.twse.com.tw/mops/web/ajax_t163sb04
下游,高速網路交換器,2345,智邦,2019,3,income_statement,所得稅費用（利益）,935129,"935,129",sii,https://mopsov.twse.com.tw/mops/web/ajax_t163sb04
下游,高速網路交換器,2345,智邦,2019,3,income_statement,繼續營業單位本期淨利（淨損）,3871206,"3,871,206",sii,https://mopsov.twse.com.tw/mops/web/ajax_t163sb04
下游,高速網路交換器,2345,智邦,2019,3,income_statement,停業單位損益,,--,sii,https://mopsov.twse.com.tw/mops/web/ajax_t163sb04
下游,高速網路交換器,2345,智邦,2019,3,income_statement,合併前非屬共同控制股權損益,,--,sii,https://mopsov.twse.com.tw/mops/web/ajax_t163sb04
下游,高速網路交換器,2345,智邦,2019,3,income_statement,本期淨利（淨損）,3871206,"3,871,206",sii,https://mopsov.twse.com.tw/mops/web/ajax_t163sb04
下游,高速網路交換器,2345,智邦,2019,3,income_statement,其他綜合損益（淨額）,-96441,"-96,441",sii,https://mopsov.twse.com.tw/mops/web/ajax_t163sb04
下游,高速網路交換器,2345,智邦,2019,3,income_statement,合併前非屬共同控制股權綜合損益淨額,,--,sii,https://mopsov.twse.com.tw/mops/web/ajax_t163sb04
下游,高速網路交換器,2345,智邦,2019,3,income_statement,本期綜合損益總額,3774765,"3,774,765",sii,https://mopsov.twse.com.tw/mops/web/ajax_t163sb04
下游,高速網路交換器,2345,智邦,2019,3,income_statement,淨利（淨損）歸屬於母公司業主,3872088,"3,872,088",sii,https://mopsov.twse.com.tw/mops/web/ajax_t163sb04
下游,高速網路交換器,2345,智邦,2019,3,income_statement,淨利（淨損）歸屬於共同控制下前手權益,,--,sii,https://mopsov.twse.com.tw/mops/web/ajax_t163sb04
下游,高速網路交換器,2345,智邦,2019,3,income_statement,淨利（淨損）歸屬於非控制權益,-882,-882,sii,https://mopsov.twse.com.tw/mops/web/ajax_t163sb04
下游,高速網路交換器,2345,智邦,2019,3,income_statement,綜合損益總額歸屬於母公司業主,3778737,"3,778,737",sii,https://mopsov.twse.com.tw/mops/web/ajax_t163sb04
下游,高速網路交換器,2345,智邦,2019,3,income_statement,綜合損益總額歸屬於共同控制下前手權益,,--,sii,https://mopsov.twse.com.tw/mops/web/ajax_t163sb04
下游,高速網路交換器,2345,智邦,2019,3,income_statement,綜合損益總額歸屬於非控制權益,-3972,"-3,972",sii,https://mopsov.twse.com.tw/mops/web/ajax_t163sb04
下游,高速網路交換器,2345,智邦,2019,3,income_statement,基本每股盈餘（元）,6.97,6.97,sii,https://mopsov.twse.com.tw/mops/web/ajax_t163sb04
下游,高速網路交換器,2345,智邦,2019,3,balance_sheet,流動資產,24181107,"24,181,107",sii,https://mopsov.twse.com.tw/mops/web/ajax_t163sb05
下游,高速網路交換器,2345,智邦,2019,3,balance_sheet,非流動資產,2375665,"2,375,665",sii,https://mopsov.twse.com.tw/mops/web/ajax_t163sb05
下游,高速網路交換器,2345,智邦,2019,3,balance_sheet,資產總計,26556772,"26,556,772",sii,https://mopsov.twse.com.tw/mops/web/ajax_t163sb05
下游,高速網路交換器,2345,智邦,2019,3,balance_sheet,流動負債,13662242,"13,662,242",sii,https://mopsov.twse.com.tw/mops/web/ajax_t163sb05
下游,高速網路交換器,2345,智邦,2019,3,balance_sheet,非流動負債,1057744,"1,057,744",sii,https://mopsov.twse.com.tw/mops/web/ajax_t163sb05
下游,高速網路交換器,2345,智邦,2019,3,balance_sheet,負債總計,14719986,"14,719,986",sii,https://mopsov.twse.com.tw/mops/web/ajax_t163sb05
下游,高速網路交換器,2345,智邦,2019,3,balance_sheet,股本,5579704,"5,579,704",sii,https://mopsov.twse.com.tw/mops/web/ajax_t163sb05
下游,高速網路交換器,2345,智邦,2019,3,balance_sheet,資本公積,805452,"805,452",sii,https://mopsov.twse.com.tw/mops/web/ajax_t163sb05
下游,高速網路交換器,2345,智邦,2019,3,balance_sheet,保留盈餘,5924269,"5,924,269",sii,https://mopsov.twse.com.tw/mops/web/ajax_t163sb05
下游,高速網路交換器,2345,智邦,2019,3,balance_sheet,其他權益,-424362,"-424,362",sii,https://mopsov.twse.com.tw/mops/web/ajax_t163sb05
下游,高速網路交換器,2345,智邦,2019,3,balance_sheet,庫藏股票,-50999,"-50,999",sii,https://mopsov.twse.com.tw/mops/web/ajax_t163sb05
下游,高速網路交換器,2345,智邦,2019,3,balance_sheet,歸屬於母公司業主之權益合計,11834064,"11,834,064",sii,https://mopsov.twse.com.tw/mops/web/ajax_t163sb05
下游,高速網路交換器,2345,智邦,2019,3,balance_sheet,共同控制下前手權益,,--,sii,https://mopsov.twse.com.tw/mops/web/ajax_t163sb05
下游,高速網路交換器,2345,智邦,2019,3,balance_sheet,合併前非屬共同控制股權,,--,sii,https://mopsov.twse.com.tw/mops/web/ajax_t163sb05
下游,高速網路交換器,2345,智邦,2019,3,balance_sheet,非控制權益,2722,"2,722",sii,https://mopsov.twse.com.tw/mops/web/ajax_t163sb05
下游,高速網路交換器,2345,智邦,2019,3,balance_sheet,權益總計,11836786,"11,836,786",sii,https://mopsov.twse.com.tw/mops/web/ajax_t163sb05
下游,高速網路交換器,2345,智邦,2019,3,balance_sheet,待註銷股本股數（單位：股）,,--,sii,https://mopsov.twse.com.tw/mops/web/ajax_t163sb05
下游,高速網路交換器,2345,智邦,2019,3,balance_sheet,預收股款（權益項下）之約當發行股數（單位：股）,0,0,sii,https://mopsov.twse.com.tw/mops/web/ajax_t163sb05
下游,高速網路交換器,2345,智邦,2019,3,balance_sheet,母公司暨子公司所持有之母公司庫藏股股數（單位：股）,2209867,"2,209,867",sii,https://mopsov.twse.com.tw/mops/web/ajax_t163sb05
下游,高速網路交換器,2345,智邦,2019,3,balance_sheet,每股參考淨值,21.29,21.29,sii,https://mopsov.twse.com.tw/mops/web/ajax_t163sb05
下游,高速網路交換器,2345,智邦,2019,3,cash_flow,營業活動之淨現金流入（流出）,3523470,"3,523,470",sii,https://mopsov.twse.com.tw/mops/web/ajax_t163sb20
下游,高速網路交換器,2345,智邦,2019,3,cash_flow,投資活動之淨現金流入（流出）,-815300,"-815,300",sii,https://mopsov.twse.com.tw/mops/web/ajax_t163sb20
下游,高速網路交換器,2345,智邦,2019,3,cash_flow,籌資活動之淨現金流入（流出）,-1565070,"-1,565,070",sii,https://mopsov.twse.com.tw/mops/web/ajax_t163sb20
下游,高速網路交換器,2345,智邦,2019,3,cash_flow,匯率變動對現金及約當現金之影響,-137010,"-137,010",sii,https://mopsov.twse.com.tw/mops/web/ajax_t163sb20
下游,高速網路交換器,2345,智邦,2019,3,cash_flow,本期現金及約當現金增加（減少）數,1006090,"1,006,090",sii,https://mopsov.twse.com.tw/mops/web/ajax_t163sb20
下游,高速網路交換器,2345,智邦,2019,3,cash_flow,期初現金及約當現金餘額,4295816,"4,295,816",sii,https://mopsov.twse.com.tw/mops/web/ajax_t163sb20
下游,高速網路交換器,2345,智邦,2019,3,cash_flow,期末現金及約當現金餘額,5301906,"5,301,906",sii,https://mopsov.twse.com.tw/mops/web/ajax_t163sb20
下游,高速網路交換器,2345,智邦,2019,4,income_statement,營業收入,55401047,"55,401,047",sii,https://mopsov.twse.com.tw/mops/web/ajax_t163sb04
下游,高速網路交換器,2345,智邦,2019,4,income_statement,營業成本,44402285,"44,402,285",sii,https://mopsov.twse.com.tw/mops/web/ajax_t163sb04
下游,高速網路交換器,2345,智邦,2019,4,income_statement,原始認列生物資產及農產品之利益（損失）,,--,sii,https://mopsov.twse.com.tw/mops/web/ajax_t163sb04
下游,高速網路交換器,2345,智邦,2019,4,income_statement,生物資產當期公允價值減出售成本之變動利益（損失）,,--,sii,https://mopsov.twse.com.tw/mops/web/ajax_t163sb04
下游,高速網路交換器,2345,智邦,2019,4,income_statement,營業毛利（毛損）,10998762,"10,998,762",sii,https://mopsov.twse.com.tw/mops/web/ajax_t163sb04
下游,高速網路交換器,2345,智邦,2019,4,income_statement,未實現銷貨（損）益,,--,sii,https://mopsov.twse.com.tw/mops/web/ajax_t163sb04
下游,高速網路交換器,2345,智邦,2019,4,income_statement,已實現銷貨（損）益,,--,sii,https://mopsov.twse.com.tw/mops/web/ajax_t163sb04
下游,高速網路交換器,2345,智邦,2019,4,income_statement,營業毛利（毛損）淨額,10998762,"10,998,762",sii,https://mopsov.twse.com.tw/mops/web/ajax_t163sb04
下游,高速網路交換器,2345,智邦,2019,4,income_statement,營業費用,4958779,"4,958,779",sii,https://mopsov.twse.com.tw/mops/web/ajax_t163sb04
下游,高速網路交換器,2345,智邦,2019,4,income_statement,其他收益及費損淨額,,--,sii,https://mopsov.twse.com.tw/mops/web/ajax_t163sb04
下游,高速網路交換器,2345,智邦,2019,4,income_statement,營業利益（損失）,6039983,"6,039,983",sii,https://mopsov.twse.com.tw/mops/web/ajax_t163sb04
下游,高速網路交換器,2345,智邦,2019,4,income_statement,營業外收入及支出,89662,"89,662",sii,https://mopsov.twse.com.tw/mops/web/ajax_t163sb04
下游,高速網路交換器,2345,智邦,2019,4,income_statement,稅前淨利（淨損）,6129645,"6,129,645",sii,https://mopsov.twse.com.tw/mops/web/ajax_t163sb04
下游,高速網路交換器,2345,智邦,2019,4,income_statement,所得稅費用（利益）,1180073,"1,180,073",sii,https://mopsov.twse.com.tw/mops/web/ajax_t163sb04
下游,高速網路交換器,2345,智邦,2019,4,income_statement,繼續營業單位本期淨利（淨損）,4949572,"4,949,572",sii,https://mopsov.twse.com.tw/mops/web/ajax_t163sb04
下游,高速網路交換器,2345,智邦,2019,4,income_statement,停業單位損益,,--,sii,https://mopsov.twse.com.tw/mops/web/ajax_t163sb04
下游,高速網路交換器,2345,智邦,2019,4,income_statement,合併前非屬共同控制股權損益,,--,sii,https://mopsov.twse.com.tw/mops/web/ajax_t163sb04
下游,高速網路交換器,2345,智邦,2019,4,income_statement,本期淨利（淨損）,4949572,"4,949,572",sii,https://mopsov.twse.com.tw/mops/web/ajax_t163sb04
下游,高速網路交換器,2345,智邦,2019,4,income_statement,其他綜合損益（淨額）,-209689,"-209,689",sii,https://mopsov.twse.com.tw/mops/web/ajax_t163sb04
下游,高速網路交換器,2345,智邦,2019,4,income_statement,合併前非屬共同控制股權綜合損益淨額,,--,sii,https://mopsov.twse.com.tw/mops/web/ajax_t163sb04
下游,高速網路交換器,2345,智邦,2019,4,income_statement,本期綜合損益總額,4739883,"4,739,883",sii,https://mopsov.twse.com.tw/mops/web/ajax_t163sb04
下游,高速網路交換器,2345,智邦,2019,4,income_statement,淨利（淨損）歸屬於母公司業主,4950495,"4,950,495",sii,https://mopsov.twse.com.tw/mops/web/ajax_t163sb04
下游,高速網路交換器,2345,智邦,2019,4,income_statement,淨利（淨損）歸屬於共同控制下前手權益,,--,sii,https://mopsov.twse.com.tw/mops/web/ajax_t163sb04
下游,高速網路交換器,2345,智邦,2019,4,income_statement,淨利（淨損）歸屬於非控制權益,-923,-923,sii,https://mopsov.twse.com.tw/mops/web/ajax_t163sb04
下游,高速網路交換器,2345,智邦,2019,4,income_statement,綜合損益總額歸屬於母公司業主,4743987,"4,743,987",sii,https://mopsov.twse.com.tw/mops/web/ajax_t163sb04
下游,高速網路交換器,2345,智邦,2019,4,income_statement,綜合損益總額歸屬於共同控制下前手權益,,--,sii,https://mopsov.twse.com.tw/mops/web/ajax_t163sb04
下游,高速網路交換器,2345,智邦,2019,4,income_statement,綜合損益總額歸屬於非控制權益,-4104,"-4,104",sii,https://mopsov.twse.com.tw/mops/web/ajax_t163sb04
下游,高速網路交換器,2345,智邦,2019,4,income_statement,基本每股盈餘（元）,8.91,8.91,sii,https://mopsov.twse.com.tw/mops/web/ajax_t163sb04
下游,高速網路交換器,2345,智邦,2019,4,balance_sheet,流動資產,27048534,"27,048,534",sii,https://mopsov.twse.com.tw/mops/web/ajax_t163sb05
下游,高速網路交換器,2345,智邦,2019,4,balance_sheet,非流動資產,2472553,"2,472,553",sii,https://mopsov.twse.com.tw/mops/web/ajax_t163sb05
下游,高速網路交換器,2345,智邦,2019,4,balance_sheet,資產總計,29521087,"29,521,087",sii,https://mopsov.twse.com.tw/mops/web/ajax_t163sb05
下游,高速網路交換器,2345,智邦,2019,4,balance_sheet,流動負債,15237848,"15,237,848",sii,https://mopsov.twse.com.tw/mops/web/ajax_t163sb05
下游,高速網路交換器,2345,智邦,2019,4,balance_sheet,非流動負債,1480262,"1,480,262",sii,https://mopsov.twse.com.tw/mops/web/ajax_t163sb05
下游,高速網路交換器,2345,智邦,2019,4,balance_sheet,負債總計,16718110,"16,718,110",sii,https://mopsov.twse.com.tw/mops/web/ajax_t163sb05
下游,高速網路交換器,2345,智邦,2019,4,balance_sheet,股本,5580514,"5,580,514",sii,https://mopsov.twse.com.tw/mops/web/ajax_t163sb05
下游,高速網路交換器,2345,智邦,2019,4,balance_sheet,資本公積,805715,"805,715",sii,https://mopsov.twse.com.tw/mops/web/ajax_t163sb05
下游,高速網路交換器,2345,智邦,2019,4,balance_sheet,保留盈餘,7003401,"7,003,401",sii,https://mopsov.twse.com.tw/mops/web/ajax_t163sb05
下游,高速網路交換器,2345,智邦,2019,4,balance_sheet,其他權益,-538244,"-538,244",sii,https://mopsov.twse.com.tw/mops/web/ajax_t163sb05
下游,高速網路交換器,2345,智邦,2019,4,balance_sheet,庫藏股票,-50999,"-50,999",sii,https://mopsov.twse.com.tw/mops/web/ajax_t163sb05
下游,高速網路交換器,2345,智邦,2019,4,balance_sheet,歸屬於母公司業主之權益合計,12800387,"12,800,387",sii,https://mopsov.twse.com.tw/mops/web/ajax_t163sb05
下游,高速網路交換器,2345,智邦,2019,4,balance_sheet,共同控制下前手權益,,--,sii,https://mopsov.twse.com.tw/mops/web/ajax_t163sb05
下游,高速網路交換器,2345,智邦,2019,4,balance_sheet,合併前非屬共同控制股權,,--,sii,https://mopsov.twse.com.tw/mops/web/ajax_t163sb05
下游,高速網路交換器,2345,智邦,2019,4,balance_sheet,非控制權益,2590,"2,590",sii,https://mopsov.twse.com.tw/mops/web/ajax_t163sb05
下游,高速網路交換器,2345,智邦,2019,4,balance_sheet,權益總計,12802977,"12,802,977",sii,https://mopsov.twse.com.tw/mops/web/ajax_t163sb05
下游,高速網路交換器,2345,智邦,2019,4,balance_sheet,待註銷股本股數（單位：股）,,--,sii,https://mopsov.twse.com.tw/mops/web/ajax_t163sb05
下游,高速網路交換器,2345,智邦,2019,4,balance_sheet,預收股款（權益項下）之約當發行股數（單位：股）,0,0,sii,https://mopsov.twse.com.tw/mops/web/ajax_t163sb05
下游,高速網路交換器,2345,智邦,2019,4,balance_sheet,母公司暨子公司所持有之母公司庫藏股股數（單位：股）,2209867,"2,209,867",sii,https://mopsov.twse.com.tw/mops/web/ajax_t163sb05
下游,高速網路交換器,2345,智邦,2019,4,balance_sheet,每股參考淨值,23.03,23.03,sii,https://mopsov.twse.com.tw/mops/web/ajax_t163sb05
下游,高速網路交換器,2345,智邦,2019,4,cash_flow,營業活動之淨現金流入（流出）,8611237,"8,611,237",sii,https://mopsov.twse.com.tw/mops/web/ajax_t163sb20
下游,高速網路交換器,2345,智邦,2019,4,cash_flow,投資活動之淨現金流入（流出）,-5063185,"-5,063,185",sii,https://mopsov.twse.com.tw/mops/web/ajax_t163sb20
下游,高速網路交換器,2345,智邦,2019,4,cash_flow,籌資活動之淨現金流入（流出）,-1384060,"-1,384,060",sii,https://mopsov.twse.com.tw/mops/web/ajax_t163sb20
下游,高速網路交換器,2345,智邦,2019,4,cash_flow,匯率變動對現金及約當現金之影響,-237953,"-237,953",sii,https://mopsov.twse.com.tw/mops/web/ajax_t163sb20
下游,高速網路交換器,2345,智邦,2019,4,cash_flow,本期現金及約當現金增加（減少）數,1926039,"1,926,039",sii,https://mopsov.twse.com.tw/mops/web/ajax_t163sb20
下游,高速網路交換器,2345,智邦,2019,4,cash_flow,期初現金及約當現金餘額,4295816,"4,295,816",sii,https://mopsov.twse.com.tw/mops/web/ajax_t163sb20
下游,高速網路交換器,2345,智邦,2019,4,cash_flow,期末現金及約當現金餘額,6221855,"6,221,855",sii,https://mopsov.twse.com.tw/mops/web/ajax_t163sb20
下游,高速網路交換器,2345,智邦,2020,1,income_statement,營業收入,11724252,"11,724,252",sii,https://mopsov.twse.com.tw/mops/web/ajax_t163sb04
下游,高速網路交換器,2345,智邦,2020,1,income_statement,營業成本,9461667,"9,461,667",sii,https://mopsov.twse.com.tw/mops/web/ajax_t163sb04
下游,高速網路交換器,2345,智邦,2020,1,income_statement,原始認列生物資產及農產品之利益（損失）,,--,sii,https://mopsov.twse.com.tw/mops/web/ajax_t163sb04
下游,高速網路交換器,2345,智邦,2020,1,income_statement,生物資產當期公允價值減出售成本之變動利益（損失）,,--,sii,https://mopsov.twse.com.tw/mops/web/ajax_t163sb04
下游,高速網路交換器,2345,智邦,2020,1,income_statement,營業毛利（毛損）,2262585,"2,262,585",sii,https://mopsov.twse.com.tw/mops/web/ajax_t163sb04
下游,高速網路交換器,2345,智邦,2020,1,income_statement,未實現銷貨（損）益,,--,sii,https://mopsov.twse.com.tw/mops/web/ajax_t163sb04
下游,高速網路交換器,2345,智邦,2020,1,income_statement,已實現銷貨（損）益,,--,sii,https://mopsov.twse.com.tw/mops/web/ajax_t163sb04
下游,高速網路交換器,2345,智邦,2020,1,income_statement,營業毛利（毛損）淨額,2262585,"2,262,585",sii,https://mopsov.twse.com.tw/mops/web/ajax_t163sb04
下游,高速網路交換器,2345,智邦,2020,1,income_statement,營業費用,1146546,"1,146,546",sii,https://mopsov.twse.com.tw/mops/web/ajax_t163sb04
下游,高速網路交換器,2345,智邦,2020,1,income_statement,其他收益及費損淨額,,--,sii,https://mopsov.twse.com.tw/mops/web/ajax_t163sb04
下游,高速網路交換器,2345,智邦,2020,1,income_statement,營業利益（損失）,1116039,"1,116,039",sii,https://mopsov.twse.com.tw/mops/web/ajax_t163sb04
下游,高速網路交換器,2345,智邦,2020,1,income_statement,營業外收入及支出,175382,"175,382",sii,https://mopsov.twse.com.tw/mops/web/ajax_t163sb04
下游,高速網路交換器,2345,智邦,2020,1,income_statement,稅前淨利（淨損）,1291421,"1,291,421",sii,https://mopsov.twse.com.tw/mops/web/ajax_t163sb04
下游,高速網路交換器,2345,智邦,2020,1,income_statement,所得稅費用（利益）,259047,"259,047",sii,https://mopsov.twse.com.tw/mops/web/ajax_t163sb04
下游,高速網路交換器,2345,智邦,2020,1,income_statement,繼續營業單位本期淨利（淨損）,1032374,"1,032,374",sii,https://mopsov.twse.com.tw/mops/web/ajax_t163sb04
下游,高速網路交換器,2345,智邦,2020,1,income_statement,停業單位損益,,--,sii,https://mopsov.twse.com.tw/mops/web/ajax_t163sb04
下游,高速網路交換器,2345,智邦,2020,1,income_statement,合併前非屬共同控制股權損益,,--,sii,https://mopsov.twse.com.tw/mops/web/ajax_t163sb04
下游,高速網路交換器,2345,智邦,2020,1,income_statement,本期淨利（淨損）,1032374,"1,032,374",sii,https://mopsov.twse.com.tw/mops/web/ajax_t163sb04
下游,高速網路交換器,2345,智邦,2020,1,income_statement,其他綜合損益（淨額）,-69190,"-69,190",sii,https://mopsov.twse.com.tw/mops/web/ajax_t163sb04
下游,高速網路交換器,2345,智邦,2020,1,income_statement,合併前非屬共同控制股權綜合損益淨額,,--,sii,https://mopsov.twse.com.tw/mops/web/ajax_t163sb04
下游,高速網路交換器,2345,智邦,2020,1,income_statement,本期綜合損益總額,963184,"963,184",sii,https://mopsov.twse.com.tw/mops/web/ajax_t163sb04
下游,高速網路交換器,2345,智邦,2020,1,income_statement,淨利（淨損）歸屬於母公司業主,1032310,"1,032,310",sii,https://mopsov.twse.com.tw/mops/web/ajax_t163sb04
下游,高速網路交換器,2345,智邦,2020,1,income_statement,淨利（淨損）歸屬於共同控制下前手權益,,--,sii,https://mopsov.twse.com.tw/mops/web/ajax_t163sb04
下游,高速網路交換器,2345,智邦,2020,1,income_statement,淨利（淨損）歸屬於非控制權益,64,64,sii,https://mopsov.twse.com.tw/mops/web/ajax_t163sb04
下游,高速網路交換器,2345,智邦,2020,1,income_statement,綜合損益總額歸屬於母公司業主,963096,"963,096",sii,https://mopsov.twse.com.tw/mops/web/ajax_t163sb04
下游,高速網路交換器,2345,智邦,2020,1,income_statement,綜合損益總額歸屬於共同控制下前手權益,,--,sii,https://mopsov.twse.com.tw/mops/web/ajax_t163sb04
下游,高速網路交換器,2345,智邦,2020,1,income_statement,綜合損益總額歸屬於非控制權益,88,88,sii,https://mopsov.twse.com.tw/mops/web/ajax_t163sb04
下游,高速網路交換器,2345,智邦,2020,1,income_statement,基本每股盈餘（元）,1.86,1.86,sii,https://mopsov.twse.com.tw/mops/web/ajax_t163sb04
下游,高速網路交換器,2345,智邦,2020,1,balance_sheet,流動資產,27479258,"27,479,258",sii,https://mopsov.twse.com.tw/mops/web/ajax_t163sb05
下游,高速網路交換器,2345,智邦,2020,1,balance_sheet,非流動資產,2682039,"2,682,039",sii,https://mopsov.twse.com.tw/mops/web/ajax_t163sb05
下游,高速網路交換器,2345,智邦,2020,1,balance_sheet,資產總計,30161297,"30,161,297",sii,https://mopsov.twse.com.tw/mops/web/ajax_t163sb05
下游,高速網路交換器,2345,智邦,2020,1,balance_sheet,流動負債,14529837,"14,529,837",sii,https://mopsov.twse.com.tw/mops/web/ajax_t163sb05
下游,高速網路交換器,2345,智邦,2020,1,balance_sheet,非流動負債,1858710,"1,858,710",sii,https://mopsov.twse.com.tw/mops/web/ajax_t163sb05
下游,高速網路交換器,2345,智邦,2020,1,balance_sheet,負債總計,16388547,"16,388,547",sii,https://mopsov.twse.com.tw/mops/web/ajax_t163sb05
下游,高速網路交換器,2345,智邦,2020,1,balance_sheet,股本,5585154,"5,585,154",sii,https://mopsov.twse.com.tw/mops/web/ajax_t163sb05
下游,高速網路交換器,2345,智邦,2020,1,balance_sheet,資本公積,807664,"807,664",sii,https://mopsov.twse.com.tw/mops/web/ajax_t163sb05
下游,高速網路交換器,2345,智邦,2020,1,balance_sheet,保留盈餘,8035711,"8,035,711",sii,https://mopsov.twse.com.tw/mops/web/ajax_t163sb05
下游,高速網路交換器,2345,智邦,2020,1,balance_sheet,其他權益,-607458,"-607,458",sii,https://mopsov.twse.com.tw/mops/web/ajax_t163sb05
下游,高速網路交換器,2345,智邦,2020,1,balance_sheet,庫藏股票,-50999,"-50,999",sii,https://mopsov.twse.com.tw/mops/web/ajax_t163sb05
下游,高速網路交換器,2345,智邦,2020,1,balance_sheet,歸屬於母公司業主之權益合計,13770072,"13,770,072",sii,https://mopsov.twse.com.tw/mops/web/ajax_t163sb05
下游,高速網路交換器,2345,智邦,2020,1,balance_sheet,共同控制下前手權益,,--,sii,https://mopsov.twse.com.tw/mops/web/ajax_t163sb05
下游,高速網路交換器,2345,智邦,2020,1,balance_sheet,合併前非屬共同控制股權,,--,sii,https://mopsov.twse.com.tw/mops/web/ajax_t163sb05
下游,高速網路交換器,2345,智邦,2020,1,balance_sheet,非控制權益,2678,"2,678",sii,https://mopsov.twse.com.tw/mops/web/ajax_t163sb05
下游,高速網路交換器,2345,智邦,2020,1,balance_sheet,權益總計,13772750,"13,772,750",sii,https://mopsov.twse.com.tw/mops/web/ajax_t163sb05
下游,高速網路交換器,2345,智邦,2020,1,balance_sheet,待註銷股本股數（單位：股）,,--,sii,https://mopsov.twse.com.tw/mops/web/ajax_t163sb05
下游,高速網路交換器,2345,智邦,2020,1,balance_sheet,預收股款（權益項下）之約當發行股數（單位：股）,0,0,sii,https://mopsov.twse.com.tw/mops/web/ajax_t163sb05
下游,高速網路交換器,2345,智邦,2020,1,balance_sheet,母公司暨子公司所持有之母公司庫藏股股數（單位：股）,2209867,"2,209,867",sii,https://mopsov.twse.com.tw/mops/web/ajax_t163sb05
下游,高速網路交換器,2345,智邦,2020,1,balance_sheet,每股參考淨值,24.75,24.75,sii,https://mopsov.twse.com.tw/mops/web/ajax_t163sb05
下游,高速網路交換器,2345,智邦,2020,1,cash_flow,營業活動之淨現金流入（流出）,-207538,"-207,538",sii,https://mopsov.twse.com.tw/mops/web/ajax_t163sb20
下游,高速網路交換器,2345,智邦,2020,1,cash_flow,投資活動之淨現金流入（流出）,-1301427,"-1,301,427",sii,https://mopsov.twse.com.tw/mops/web/ajax_t163sb20
下游,高速網路交換器,2345,智邦,2020,1,cash_flow,籌資活動之淨現金流入（流出）,159754,"159,754",sii,https://mopsov.twse.com.tw/mops/web/ajax_t163sb20
下游,高速網路交換器,2345,智邦,2020,1,cash_flow,匯率變動對現金及約當現金之影響,104841,"104,841",sii,https://mopsov.twse.com.tw/mops/web/ajax_t163sb20
下游,高速網路交換器,2345,智邦,2020,1,cash_flow,本期現金及約當現金增加（減少）數,-1244370,"-1,244,370",sii,https://mopsov.twse.com.tw/mops/web/ajax_t163sb20
下游,高速網路交換器,2345,智邦,2020,1,cash_flow,期初現金及約當現金餘額,6221855,"6,221,855",sii,https://mopsov.twse.com.tw/mops/web/ajax_t163sb20
下游,高速網路交換器,2345,智邦,2020,1,cash_flow,期末現金及約當現金餘額,4977485,"4,977,485",sii,https://mopsov.twse.com.tw/mops/web/ajax_t163sb20
下游,高速網路交換器,2345,智邦,2020,2,income_statement,營業收入,24350430,"24,350,430",sii,https://mopsov.twse.com.tw/mops/web/ajax_t163sb04
下游,高速網路交換器,2345,智邦,2020,2,income_statement,營業成本,19462756,"19,462,756",sii,https://mopsov.twse.com.tw/mops/web/ajax_t163sb04
下游,高速網路交換器,2345,智邦,2020,2,income_statement,原始認列生物資產及農產品之利益（損失）,,--,sii,https://mopsov.twse.com.tw/mops/web/ajax_t163sb04
下游,高速網路交換器,2345,智邦,2020,2,income_statement,生物資產當期公允價值減出售成本之變動利益（損失）,,--,sii,https://mopsov.twse.com.tw/mops/web/ajax_t163sb04
下游,高速網路交換器,2345,智邦,2020,2,income_statement,營業毛利（毛損）,4887674,"4,887,674",sii,https://mopsov.twse.com.tw/mops/web/ajax_t163sb04
下游,高速網路交換器,2345,智邦,2020,2,income_statement,未實現銷貨（損）益,,--,sii,https://mopsov.twse.com.tw/mops/web/ajax_t163sb04
下游,高速網路交換器,2345,智邦,2020,2,income_statement,已實現銷貨（損）益,,--,sii,https://mopsov.twse.com.tw/mops/web/ajax_t163sb04
下游,高速網路交換器,2345,智邦,2020,2,income_statement,營業毛利（毛損）淨額,4887674,"4,887,674",sii,https://mopsov.twse.com.tw/mops/web/ajax_t163sb04
下游,高速網路交換器,2345,智邦,2020,2,income_statement,營業費用,2386107,"2,386,107",sii,https://mopsov.twse.com.tw/mops/web/ajax_t163sb04
下游,高速網路交換器,2345,智邦,2020,2,income_statement,其他收益及費損淨額,,--,sii,https://mopsov.twse.com.tw/mops/web/ajax_t163sb04
下游,高速網路交換器,2345,智邦,2020,2,income_statement,營業利益（損失）,2501567,"2,501,567",sii,https://mopsov.twse.com.tw/mops/web/ajax_t163sb04
下游,高速網路交換器,2345,智邦,2020,2,income_statement,營業外收入及支出,187181,"187,181",sii,https://mopsov.twse.com.tw/mops/web/ajax_t163sb04
下游,高速網路交換器,2345,智邦,2020,2,income_statement,稅前淨利（淨損）,2688748,"2,688,748",sii,https://mopsov.twse.com.tw/mops/web/ajax_t163sb04
下游,高速網路交換器,2345,智邦,2020,2,income_statement,所得稅費用（利益）,501218,"501,218",sii,https://mopsov.twse.com.tw/mops/web/ajax_t163sb04
下游,高速網路交換器,2345,智邦,2020,2,income_statement,繼續營業單位本期淨利（淨損）,2187530,"2,187,530",sii,https://mopsov.twse.com.tw/mops/web/ajax_t163sb04
下游,高速網路交換器,2345,智邦,2020,2,income_statement,停業單位損益,,--,sii,https://mopsov.twse.com.tw/mops/web/ajax_t163sb04
下游,高速網路交換器,2345,智邦,2020,2,income_statement,合併前非屬共同控制股權損益,,--,sii,https://mopsov.twse.com.tw/mops/web/ajax_t163sb04
下游,高速網路交換器,2345,智邦,2020,2,income_statement,本期淨利（淨損）,2187530,"2,187,530",sii,https://mopsov.twse.com.tw/mops/web/ajax_t163sb04
下游,高速網路交換器,2345,智邦,2020,2,income_statement,其他綜合損益（淨額）,-121442,"-121,442",sii,https://mopsov.twse.com.tw/mops/web/ajax_t163sb04
下游,高速網路交換器,2345,智邦,2020,2,income_statement,合併前非屬共同控制股權綜合損益淨額,,--,sii,https://mopsov.twse.com.tw/mops/web/ajax_t163sb04
下游,高速網路交換器,2345,智邦,2020,2,income_statement,本期綜合損益總額,2066088,"2,066,088",sii,https://mopsov.twse.com.tw/mops/web/ajax_t163sb04
下游,高速網路交換器,2345,智邦,2020,2,income_statement,淨利（淨損）歸屬於母公司業主,2187463,"2,187,463",sii,https://mopsov.twse.com.tw/mops/web/ajax_t163sb04
下游,高速網路交換器,2345,智邦,2020,2,income_statement,淨利（淨損）歸屬於共同控制下前手權益,,--,sii,https://mopsov.twse.com.tw/mops/web/ajax_t163sb04
下游,高速網路交換器,2345,智邦,2020,2,income_statement,淨利（淨損）歸屬於非控制權益,67,67,sii,https://mopsov.twse.com.tw/mops/web/ajax_t163sb04
下游,高速網路交換器,2345,智邦,2020,2,income_statement,綜合損益總額歸屬於母公司業主,2066054,"2,066,054",sii,https://mopsov.twse.com.tw/mops/web/ajax_t163sb04
下游,高速網路交換器,2345,智邦,2020,2,income_statement,綜合損益總額歸屬於共同控制下前手權益,,--,sii,https://mopsov.twse.com.tw/mops/web/ajax_t163sb04
下游,高速網路交換器,2345,智邦,2020,2,income_statement,綜合損益總額歸屬於非控制權益,34,34,sii,https://mopsov.twse.com.tw/mops/web/ajax_t163sb04
下游,高速網路交換器,2345,智邦,2020,2,income_statement,基本每股盈餘（元）,3.93,3.93,sii,https://mopsov.twse.com.tw/mops/web/ajax_t163sb04
下游,高速網路交換器,2345,智邦,2020,2,balance_sheet,流動資產,28189344,"28,189,344",sii,https://mopsov.twse.com.tw/mops/web/ajax_t163sb05
下游,高速網路交換器,2345,智邦,2020,2,balance_sheet,非流動資產,2743250,"2,743,250",sii,https://mopsov.twse.com.tw/mops/web/ajax_t163sb05
下游,高速網路交換器,2345,智邦,2020,2,balance_sheet,資產總計,30932594,"30,932,594",sii,https://mopsov.twse.com.tw/mops/web/ajax_t163sb05
下游,高速網路交換器,2345,智邦,2020,2,balance_sheet,流動負債,17655948,"17,655,948",sii,https://mopsov.twse.com.tw/mops/web/ajax_t163sb05
下游,高速網路交換器,2345,智邦,2020,2,balance_sheet,非流動負債,1838187,"1,838,187",sii,https://mopsov.twse.com.tw/mops/web/ajax_t163sb05
下游,高速網路交換器,2345,智邦,2020,2,balance_sheet,負債總計,19494135,"19,494,135",sii,https://mopsov.twse.com.tw/mops/web/ajax_t163sb05
下游,高速網路交換器,2345,智邦,2020,2,balance_sheet,股本,5593774,"5,593,774",sii,https://mopsov.twse.com.tw/mops/web/ajax_t163sb05
下游,高速網路交換器,2345,智邦,2020,2,balance_sheet,權益─具證券性質之虛擬通貨,,--,sii,https://mopsov.twse.com.tw/mops/web/ajax_t163sb05
下游,高速網路交換器,2345,智邦,2020,2,balance_sheet,資本公積,824583,"824,583",sii,https://mopsov.twse.com.tw/mops/web/ajax_t163sb05
下游,高速網路交換器,2345,智邦,2020,2,balance_sheet,保留盈餘,5728130,"5,728,130",sii,https://mopsov.twse.com.tw/mops/web/ajax_t163sb05
下游,高速網路交換器,2345,智邦,2020,2,balance_sheet,其他權益,-659653,"-659,653",sii,https://mopsov.twse.com.tw/mops/web/ajax_t163sb05
下游,高速網路交換器,2345,智邦,2020,2,balance_sheet,庫藏股票,-50999,"-50,999",sii,https://mopsov.twse.com.tw/mops/web/ajax_t163sb05
下游,高速網路交換器,2345,智邦,2020,2,balance_sheet,歸屬於母公司業主之權益合計,11435835,"11,435,835",sii,https://mopsov.twse.com.tw/mops/web/ajax_t163sb05
下游,高速網路交換器,2345,智邦,2020,2,balance_sheet,共同控制下前手權益,,--,sii,https://mopsov.twse.com.tw/mops/web/ajax_t163sb05
下游,高速網路交換器,2345,智邦,2020,2,balance_sheet,合併前非屬共同控制股權,,--,sii,https://mopsov.twse.com.tw/mops/web/ajax_t163sb05
下游,高速網路交換器,2345,智邦,2020,2,balance_sheet,非控制權益,2624,"2,624",sii,https://mopsov.twse.com.tw/mops/web/ajax_t163sb05
下游,高速網路交換器,2345,智邦,2020,2,balance_sheet,權益總計,11438459,"11,438,459",sii,https://mopsov.twse.com.tw/mops/web/ajax_t163sb05
下游,高速網路交換器,2345,智邦,2020,2,balance_sheet,待註銷股本股數（單位：股）,,--,sii,https://mopsov.twse.com.tw/mops/web/ajax_t163sb05
下游,高速網路交換器,2345,智邦,2020,2,balance_sheet,預收股款（權益項下）之約當發行股數（單位：股）,0,0,sii,https://mopsov.twse.com.tw/mops/web/ajax_t163sb05
下游,高速網路交換器,2345,智邦,2020,2,balance_sheet,母公司暨子公司所持有之母公司庫藏股股數（單位：股）,2209867,"2,209,867",sii,https://mopsov.twse.com.tw/mops/web/ajax_t163sb05
下游,高速網路交換器,2345,智邦,2020,2,balance_sheet,每股參考淨值,20.52,20.52,sii,https://mopsov.twse.com.tw/mops/web/ajax_t163sb05
下游,高速網路交換器,2345,智邦,2020,2,cash_flow,營業活動之淨現金流入（流出）,-985909,"-985,909",sii,https://mopsov.twse.com.tw/mops/web/ajax_t163sb20
下游,高速網路交換器,2345,智邦,2020,2,cash_flow,投資活動之淨現金流入（流出）,176929,"176,929",sii,https://mopsov.twse.com.tw/mops/web/ajax_t163sb20
下游,高速網路交換器,2345,智邦,2020,2,cash_flow,籌資活動之淨現金流入（流出）,159213,"159,213",sii,https://mopsov.twse.com.tw/mops/web/ajax_t163sb20
下游,高速網路交換器,2345,智邦,2020,2,cash_flow,匯率變動對現金及約當現金之影響,74486,"74,486",sii,https://mopsov.twse.com.tw/mops/web/ajax_t163sb20
下游,高速網路交換器,2345,智邦,2020,2,cash_flow,本期現金及約當現金增加（減少）數,-575281,"-575,281",sii,https://mopsov.twse.com.tw/mops/web/ajax_t163sb20
下游,高速網路交換器,2345,智邦,2020,2,cash_flow,期初現金及約當現金餘額,6221855,"6,221,855",sii,https://mopsov.twse.com.tw/mops/web/ajax_t163sb20
下游,高速網路交換器,2345,智邦,2020,2,cash_flow,期末現金及約當現金餘額,5646574,"5,646,574",sii,https://mopsov.twse.com.tw/mops/web/ajax_t163sb20
下游,高速網路交換器,2345,智邦,2020,3,income_statement,營業收入,38749094,"38,749,094",sii,https://mopsov.twse.com.tw/mops/web/ajax_t163sb04
下游,高速網路交換器,2345,智邦,2020,3,income_statement,營業成本,30463221,"30,463,221",sii,https://mopsov.twse.com.tw/mops/web/ajax_t163sb04
下游,高速網路交換器,2345,智邦,2020,3,income_statement,原始認列生物資產及農產品之利益（損失）,,--,sii,https://mopsov.twse.com.tw/mops/web/ajax_t163sb04
下游,高速網路交換器,2345,智邦,2020,3,income_statement,生物資產當期公允價值減出售成本之變動利益（損失）,,--,sii,https://mopsov.twse.com.tw/mops/web/ajax_t163sb04
下游,高速網路交換器,2345,智邦,2020,3,income_statement,營業毛利（毛損）,8285873,"8,285,873",sii,https://mopsov.twse.com.tw/mops/web/ajax_t163sb04
下游,高速網路交換器,2345,智邦,2020,3,income_statement,未實現銷貨（損）益,,--,sii,https://mopsov.twse.com.tw/mops/web/ajax_t163sb04
下游,高速網路交換器,2345,智邦,2020,3,income_statement,已實現銷貨（損）益,,--,sii,https://mopsov.twse.com.tw/mops/web/ajax_t163sb04
下游,高速網路交換器,2345,智邦,2020,3,income_statement,營業毛利（毛損）淨額,8285873,"8,285,873",sii,https://mopsov.twse.com.tw/mops/web/ajax_t163sb04
下游,高速網路交換器,2345,智邦,2020,3,income_statement,營業費用,3751380,"3,751,380",sii,https://mopsov.twse.com.tw/mops/web/ajax_t163sb04
下游,高速網路交換器,2345,智邦,2020,3,income_statement,其他收益及費損淨額,,--,sii,https://mopsov.twse.com.tw/mops/web/ajax_t163sb04
下游,高速網路交換器,2345,智邦,2020,3,income_statement,營業利益（損失）,4534493,"4,534,493",sii,https://mopsov.twse.com.tw/mops/web/ajax_t163sb04
下游,高速網路交換器,2345,智邦,2020,3,income_statement,營業外收入及支出,3165,"3,165",sii,https://mopsov.twse.com.tw/mops/web/ajax_t163sb04
下游,高速網路交換器,2345,智邦,2020,3,income_statement,稅前淨利（淨損）,4537658,"4,537,658",sii,https://mopsov.twse.com.tw/mops/web/ajax_t163sb04
下游,高速網路交換器,2345,智邦,2020,3,income_statement,所得稅費用（利益）,849963,"849,963",sii,https://mopsov.twse.com.tw/mops/web/ajax_t163sb04
下游,高速網路交換器,2345,智邦,2020,3,income_statement,繼續營業單位本期淨利（淨損）,3687695,"3,687,695",sii,https://mopsov.twse.com.tw/mops/web/ajax_t163sb04
下游,高速網路交換器,2345,智邦,2020,3,income_statement,停業單位損益,,--,sii,https://mopsov.twse.com.tw/mops/web/ajax_t163sb04
下游,高速網路交換器,2345,智邦,2020,3,income_statement,合併前非屬共同控制股權損益,,--,sii,https://mopsov.twse.com.tw/mops/web/ajax_t163sb04
下游,高速網路交換器,2345,智邦,2020,3,income_statement,本期淨利（淨損）,3687695,"3,687,695",sii,https://mopsov.twse.com.tw/mops/web/ajax_t163sb04
下游,高速網路交換器,2345,智邦,2020,3,income_statement,其他綜合損益（淨額）,-45473,"-45,473",sii,https://mopsov.twse.com.tw/mops/web/ajax_t163sb04
下游,高速網路交換器,2345,智邦,2020,3,income_statement,合併前非屬共同控制股權綜合損益淨額,,--,sii,https://mopsov.twse.com.tw/mops/web/ajax_t163sb04
下游,高速網路交換器,2345,智邦,2020,3,income_statement,本期綜合損益總額,3642222,"3,642,222",sii,https://mopsov.twse.com.tw/mops/web/ajax_t163sb04
下游,高速網路交換器,2345,智邦,2020,3,income_statement,淨利（淨損）歸屬於母公司業主,3687407,"3,687,407",sii,https://mopsov.twse.com.tw/mops/web/ajax_t163sb04
下游,高速網路交換器,2345,智邦,2020,3,income_statement,淨利（淨損）歸屬於共同控制下前手權益,,--,sii,https://mopsov.twse.com.tw/mops/web/ajax_t163sb04
下游,高速網路交換器,2345,智邦,2020,3,income_statement,淨利（淨損）歸屬於非控制權益,288,288,sii,https://mopsov.twse.com.tw/mops/web/ajax_t163sb04
下游,高速網路交換器,2345,智邦,2020,3,income_statement,綜合損益總額歸屬於母公司業主,3642018,"3,642,018",sii,https://mopsov.twse.com.tw/mops/web/ajax_t163sb04
下游,高速網路交換器,2345,智邦,2020,3,income_statement,綜合損益總額歸屬於共同控制下前手權益,,--,sii,https://mopsov.twse.com.tw/mops/web/ajax_t163sb04
下游,高速網路交換器,2345,智邦,2020,3,income_statement,綜合損益總額歸屬於非控制權益,204,204,sii,https://mopsov.twse.com.tw/mops/web/ajax_t163sb04
下游,高速網路交換器,2345,智邦,2020,3,income_statement,基本每股盈餘（元）,6.62,6.62,sii,https://mopsov.twse.com.tw/mops/web/ajax_t163sb04
下游,高速網路交換器,2345,智邦,2020,3,balance_sheet,流動資產,25927782,"25,927,782",sii,https://mopsov.twse.com.tw/mops/web/ajax_t163sb05
下游,高速網路交換器,2345,智邦,2020,3,balance_sheet,非流動資產,2766763,"2,766,763",sii,https://mopsov.twse.com.tw/mops/web/ajax_t163sb05
下游,高速網路交換器,2345,智邦,2020,3,balance_sheet,資產總計,28694545,"28,694,545",sii,https://mopsov.twse.com.tw/mops/web/ajax_t163sb05
下游,高速網路交換器,2345,智邦,2020,3,balance_sheet,流動負債,13791355,"13,791,355",sii,https://mopsov.twse.com.tw/mops/web/ajax_t163sb05
下游,高速網路交換器,2345,智邦,2020,3,balance_sheet,非流動負債,1887811,"1,887,811",sii,https://mopsov.twse.com.tw/mops/web/ajax_t163sb05
下游,高速網路交換器,2345,智邦,2020,3,balance_sheet,負債總計,15679166,"15,679,166",sii,https://mopsov.twse.com.tw/mops/web/ajax_t163sb05
下游,高速網路交換器,2345,智邦,2020,3,balance_sheet,股本,5594344,"5,594,344",sii,https://mopsov.twse.com.tw/mops/web/ajax_t163sb05
下游,高速網路交換器,2345,智邦,2020,3,balance_sheet,權益─具證券性質之虛擬通貨,,--,sii,https://mopsov.twse.com.tw/mops/web/ajax_t163sb05
下游,高速網路交換器,2345,智邦,2020,3,balance_sheet,資本公積,824799,"824,799",sii,https://mopsov.twse.com.tw/mops/web/ajax_t163sb05
下游,高速網路交換器,2345,智邦,2020,3,balance_sheet,保留盈餘,7228074,"7,228,074",sii,https://mopsov.twse.com.tw/mops/web/ajax_t163sb05
下游,高速網路交換器,2345,智邦,2020,3,balance_sheet,其他權益,-583633,"-583,633",sii,https://mopsov.twse.com.tw/mops/web/ajax_t163sb05
下游,高速網路交換器,2345,智邦,2020,3,balance_sheet,庫藏股票,-50999,"-50,999",sii,https://mopsov.twse.com.tw/mops/web/ajax_t163sb05
下游,高速網路交換器,2345,智邦,2020,3,balance_sheet,歸屬於母公司業主之權益合計,13012585,"13,012,585",sii,https://mopsov.twse.com.tw/mops/web/ajax_t163sb05
下游,高速網路交換器,2345,智邦,2020,3,balance_sheet,共同控制下前手權益,,--,sii,https://mopsov.twse.com.tw/mops/web/ajax_t163sb05
下游,高速網路交換器,2345,智邦,2020,3,balance_sheet,合併前非屬共同控制股權,,--,sii,https://mopsov.twse.com.tw/mops/web/ajax_t163sb05
下游,高速網路交換器,2345,智邦,2020,3,balance_sheet,非控制權益,2794,"2,794",sii,https://mopsov.twse.com.tw/mops/web/ajax_t163sb05
下游,高速網路交換器,2345,智邦,2020,3,balance_sheet,權益總計,13015379,"13,015,379",sii,https://mopsov.twse.com.tw/mops/web/ajax_t163sb05
下游,高速網路交換器,2345,智邦,2020,3,balance_sheet,待註銷股本股數（單位：股）,,--,sii,https://mopsov.twse.com.tw/mops/web/ajax_t163sb05
下游,高速網路交換器,2345,智邦,2020,3,balance_sheet,預收股款（權益項下）之約當發行股數（單位：股）,0,0,sii,https://mopsov.twse.com.tw/mops/web/ajax_t163sb05
下游,高速網路交換器,2345,智邦,2020,3,balance_sheet,母公司暨子公司所持有之母公司庫藏股股數（單位：股）,2209867,"2,209,867",sii,https://mopsov.twse.com.tw/mops/web/ajax_t163sb05
下游,高速網路交換器,2345,智邦,2020,3,balance_sheet,每股參考淨值,23.35,23.35,sii,https://mopsov.twse.com.tw/mops/web/ajax_t163sb05
下游,高速網路交換器,2345,智邦,2020,3,cash_flow,營業活動之淨現金流入（流出）,738300,"738,300",sii,https://mopsov.twse.com.tw/mops/web/ajax_t163sb20
下游,高速網路交換器,2345,智邦,2020,3,cash_flow,投資活動之淨現金流入（流出）,1720914,"1,720,914",sii,https://mopsov.twse.com.tw/mops/web/ajax_t163sb20
下游,高速網路交換器,2345,智邦,2020,3,cash_flow,籌資活動之淨現金流入（流出）,-2466753,"-2,466,753",sii,https://mopsov.twse.com.tw/mops/web/ajax_t163sb20
下游,高速網路交換器,2345,智邦,2020,3,cash_flow,匯率變動對現金及約當現金之影響,50769,"50,769",sii,https://mopsov.twse.com.tw/mops/web/ajax_t163sb20
下游,高速網路交換器,2345,智邦,2020,3,cash_flow,本期現金及約當現金增加（減少）數,43230,"43,230",sii,https://mopsov.twse.com.tw/mops/web/ajax_t163sb20
下游,高速網路交換器,2345,智邦,2020,3,cash_flow,期初現金及約當現金餘額,6221855,"6,221,855",sii,https://mopsov.twse.com.tw/mops/web/ajax_t163sb20
下游,高速網路交換器,2345,智邦,2020,3,cash_flow,期末現金及約當現金餘額,6265085,"6,265,085",sii,https://mopsov.twse.com.tw/mops/web/ajax_t163sb20
下游,高速網路交換器,2345,智邦,2020,4,income_statement,營業收入,54462872,"54,462,872",sii,https://mopsov.twse.com.tw/mops/web/ajax_t163sb04
下游,高速網路交換器,2345,智邦,2020,4,income_statement,營業成本,42908810,"42,908,810",sii,https://mopsov.twse.com.tw/mops/web/ajax_t163sb04
下游,高速網路交換器,2345,智邦,2020,4,income_statement,原始認列生物資產及農產品之利益（損失）,,--,sii,https://mopsov.twse.com.tw/mops/web/ajax_t163sb04
下游,高速網路交換器,2345,智邦,2020,4,income_statement,生物資產當期公允價值減出售成本之變動利益（損失）,,--,sii,https://mopsov.twse.com.tw/mops/web/ajax_t163sb04
下游,高速網路交換器,2345,智邦,2020,4,income_statement,營業毛利（毛損）,11554062,"11,554,062",sii,https://mopsov.twse.com.tw/mops/web/ajax_t163sb04
下游,高速網路交換器,2345,智邦,2020,4,income_statement,未實現銷貨（損）益,,--,sii,https://mopsov.twse.com.tw/mops/web/ajax_t163sb04
下游,高速網路交換器,2345,智邦,2020,4,income_statement,已實現銷貨（損）益,,--,sii,https://mopsov.twse.com.tw/mops/web/ajax_t163sb04
下游,高速網路交換器,2345,智邦,2020,4,income_statement,營業毛利（毛損）淨額,11554062,"11,554,062",sii,https://mopsov.twse.com.tw/mops/web/ajax_t163sb04
下游,高速網路交換器,2345,智邦,2020,4,income_statement,營業費用,5151399,"5,151,399",sii,https://mopsov.twse.com.tw/mops/web/ajax_t163sb04
下游,高速網路交換器,2345,智邦,2020,4,income_statement,其他收益及費損淨額,,--,sii,https://mopsov.twse.com.tw/mops/web/ajax_t163sb04
下游,高速網路交換器,2345,智邦,2020,4,income_statement,營業利益（損失）,6402663,"6,402,663",sii,https://mopsov.twse.com.tw/mops/web/ajax_t163sb04
下游,高速網路交換器,2345,智邦,2020,4,income_statement,營業外收入及支出,-189768,"-189,768",sii,https://mopsov.twse.com.tw/mops/web/ajax_t163sb04
下游,高速網路交換器,2345,智邦,2020,4,income_statement,稅前淨利（淨損）,6212895,"6,212,895",sii,https://mopsov.twse.com.tw/mops/web/ajax_t163sb04
下游,高速網路交換器,2345,智邦,2020,4,income_statement,所得稅費用（利益）,1164255,"1,164,255",sii,https://mopsov.twse.com.tw/mops/web/ajax_t163sb04
下游,高速網路交換器,2345,智邦,2020,4,income_statement,繼續營業單位本期淨利（淨損）,5048640,"5,048,640",sii,https://mopsov.twse.com.tw/mops/web/ajax_t163sb04
下游,高速網路交換器,2345,智邦,2020,4,income_statement,停業單位損益,,--,sii,https://mopsov.twse.com.tw/mops/web/ajax_t163sb04
下游,高速網路交換器,2345,智邦,2020,4,income_statement,合併前非屬共同控制股權損益,,--,sii,https://mopsov.twse.com.tw/mops/web/ajax_t163sb04
下游,高速網路交換器,2345,智邦,2020,4,income_statement,本期淨利（淨損）,5048640,"5,048,640",sii,https://mopsov.twse.com.tw/mops/web/ajax_t163sb04
下游,高速網路交換器,2345,智邦,2020,4,income_statement,其他綜合損益（淨額）,60972,"60,972",sii,https://mopsov.twse.com.tw/mops/web/ajax_t163sb04
下游,高速網路交換器,2345,智邦,2020,4,income_statement,合併前非屬共同控制股權綜合損益淨額,,--,sii,https://mopsov.twse.com.tw/mops/web/ajax_t163sb04
下游,高速網路交換器,2345,智邦,2020,4,income_statement,本期綜合損益總額,5109612,"5,109,612",sii,https://mopsov.twse.com.tw/mops/web/ajax_t163sb04
下游,高速網路交換器,2345,智邦,2020,4,income_statement,淨利（淨損）歸屬於母公司業主,5048353,"5,048,353",sii,https://mopsov.twse.com.tw/mops/web/ajax_t163sb04
下游,高速網路交換器,2345,智邦,2020,4,income_statement,淨利（淨損）歸屬於共同控制下前手權益,,--,sii,https://mopsov.twse.com.tw/mops/web/ajax_t163sb04
下游,高速網路交換器,2345,智邦,2020,4,income_statement,淨利（淨損）歸屬於非控制權益,287,287,sii,https://mopsov.twse.com.tw/mops/web/ajax_t163sb04
下游,高速網路交換器,2345,智邦,2020,4,income_statement,綜合損益總額歸屬於母公司業主,5109469,"5,109,469",sii,https://mopsov.twse.com.tw/mops/web/ajax_t163sb04
下游,高速網路交換器,2345,智邦,2020,4,income_statement,綜合損益總額歸屬於共同控制下前手權益,,--,sii,https://mopsov.twse.com.tw/mops/web/ajax_t163sb04
下游,高速網路交換器,2345,智邦,2020,4,income_statement,綜合損益總額歸屬於非控制權益,143,143,sii,https://mopsov.twse.com.tw/mops/web/ajax_t163sb04
下游,高速網路交換器,2345,智邦,2020,4,income_statement,基本每股盈餘（元）,9.07,9.07,sii,https://mopsov.twse.com.tw/mops/web/ajax_t163sb04
下游,高速網路交換器,2345,智邦,2020,4,balance_sheet,流動資產,28440301,"28,440,301",sii,https://mopsov.twse.com.tw/mops/web/ajax_t163sb05
下游,高速網路交換器,2345,智邦,2020,4,balance_sheet,非流動資產,2682668,"2,682,668",sii,https://mopsov.twse.com.tw/mops/web/ajax_t163sb05
下游,高速網路交換器,2345,智邦,2020,4,balance_sheet,資產總計,31122969,"31,122,969",sii,https://mopsov.twse.com.tw/mops/web/ajax_t163sb05
下游,高速網路交換器,2345,智邦,2020,4,balance_sheet,流動負債,14831457,"14,831,457",sii,https://mopsov.twse.com.tw/mops/web/ajax_t163sb05
下游,高速網路交換器,2345,智邦,2020,4,balance_sheet,非流動負債,1808439,"1,808,439",sii,https://mopsov.twse.com.tw/mops/web/ajax_t163sb05
下游,高速網路交換器,2345,智邦,2020,4,balance_sheet,負債總計,16639896,"16,639,896",sii,https://mopsov.twse.com.tw/mops/web/ajax_t163sb05
下游,高速網路交換器,2345,智邦,2020,4,balance_sheet,股本,5594564,"5,594,564",sii,https://mopsov.twse.com.tw/mops/web/ajax_t163sb05
下游,高速網路交換器,2345,智邦,2020,4,balance_sheet,權益─具證券性質之虛擬通貨,,--,sii,https://mopsov.twse.com.tw/mops/web/ajax_t163sb05
下游,高速網路交換器,2345,智邦,2020,4,balance_sheet,資本公積,824883,"824,883",sii,https://mopsov.twse.com.tw/mops/web/ajax_t163sb05
下游,高速網路交換器,2345,智邦,2020,4,balance_sheet,保留盈餘,8585113,"8,585,113",sii,https://mopsov.twse.com.tw/mops/web/ajax_t163sb05
下游,高速網路交換器,2345,智邦,2020,4,balance_sheet,其他權益,-473221,"-473,221",sii,https://mopsov.twse.com.tw/mops/web/ajax_t163sb05
下游,高速網路交換器,2345,智邦,2020,4,balance_sheet,庫藏股票,-50999,"-50,999",sii,https://mopsov.twse.com.tw/mops/web/ajax_t163sb05
下游,高速網路交換器,2345,智邦,2020,4,balance_sheet,歸屬於母公司業主之權益合計,14480340,"14,480,340",sii,https://mopsov.twse.com.tw/mops/web/ajax_t163sb05
下游,高速網路交換器,2345,智邦,2020,4,balance_sheet,共同控制下前手權益,,--,sii,https://mopsov.twse.com.tw/mops/web/ajax_t163sb05
下游,高速網路交換器,2345,智邦,2020,4,balance_sheet,合併前非屬共同控制股權,,--,sii,https://mopsov.twse.com.tw/mops/web/ajax_t163sb05
下游,高速網路交換器,2345,智邦,2020,4,balance_sheet,非控制權益,2733,"2,733",sii,https://mopsov.twse.com.tw/mops/web/ajax_t163sb05
下游,高速網路交換器,2345,智邦,2020,4,balance_sheet,權益總計,14483073,"14,483,073",sii,https://mopsov.twse.com.tw/mops/web/ajax_t163sb05
下游,高速網路交換器,2345,智邦,2020,4,balance_sheet,待註銷股本股數（單位：股）,,--,sii,https://mopsov.twse.com.tw/mops/web/ajax_t163sb05
下游,高速網路交換器,2345,智邦,2020,4,balance_sheet,預收股款（權益項下）之約當發行股數（單位：股）,0,0,sii,https://mopsov.twse.com.tw/mops/web/ajax_t163sb05
下游,高速網路交換器,2345,智邦,2020,4,balance_sheet,母公司暨子公司所持有之母公司庫藏股股數（單位：股）,2209867,"2,209,867",sii,https://mopsov.twse.com.tw/mops/web/ajax_t163sb05
下游,高速網路交換器,2345,智邦,2020,4,balance_sheet,每股參考淨值,25.99,25.99,sii,https://mopsov.twse.com.tw/mops/web/ajax_t163sb05
下游,高速網路交換器,2345,智邦,2020,4,cash_flow,營業活動之淨現金流入（流出）,3472405,"3,472,405",sii,https://mopsov.twse.com.tw/mops/web/ajax_t163sb20
下游,高速網路交換器,2345,智邦,2020,4,cash_flow,投資活動之淨現金流入（流出）,-1498322,"-1,498,322",sii,https://mopsov.twse.com.tw/mops/web/ajax_t163sb20
下游,高速網路交換器,2345,智邦,2020,4,cash_flow,籌資活動之淨現金流入（流出）,-3369801,"-3,369,801",sii,https://mopsov.twse.com.tw/mops/web/ajax_t163sb20
下游,高速網路交換器,2345,智邦,2020,4,cash_flow,匯率變動對現金及約當現金之影響,68372,"68,372",sii,https://mopsov.twse.com.tw/mops/web/ajax_t163sb20
下游,高速網路交換器,2345,智邦,2020,4,cash_flow,本期現金及約當現金增加（減少）數,-1327346,"-1,327,346",sii,https://mopsov.twse.com.tw/mops/web/ajax_t163sb20
下游,高速網路交換器,2345,智邦,2020,4,cash_flow,期初現金及約當現金餘額,6221855,"6,221,855",sii,https://mopsov.twse.com.tw/mops/web/ajax_t163sb20
下游,高速網路交換器,2345,智邦,2020,4,cash_flow,期末現金及約當現金餘額,4894509,"4,894,509",sii,https://mopsov.twse.com.tw/mops/web/ajax_t163sb20
下游,高速網路交換器,2345,智邦,2021,1,income_statement,營業收入,13198379,"13,198,379",sii,https://mopsov.twse.com.tw/mops/web/ajax_t163sb04
下游,高速網路交換器,2345,智邦,2021,1,income_statement,營業成本,10665320,"10,665,320",sii,https://mopsov.twse.com.tw/mops/web/ajax_t163sb04
下游,高速網路交換器,2345,智邦,2021,1,income_statement,原始認列生物資產及農產品之利益（損失）,,--,sii,https://mopsov.twse.com.tw/mops/web/ajax_t163sb04
下游,高速網路交換器,2345,智邦,2021,1,income_statement,生物資產當期公允價值減出售成本之變動利益（損失）,,--,sii,https://mopsov.twse.com.tw/mops/web/ajax_t163sb04
下游,高速網路交換器,2345,智邦,2021,1,income_statement,營業毛利（毛損）,2533059,"2,533,059",sii,https://mopsov.twse.com.tw/mops/web/ajax_t163sb04
下游,高速網路交換器,2345,智邦,2021,1,income_statement,未實現銷貨（損）益,,--,sii,https://mopsov.twse.com.tw/mops/web/ajax_t163sb04
下游,高速網路交換器,2345,智邦,2021,1,income_statement,已實現銷貨（損）益,,--,sii,https://mopsov.twse.com.tw/mops/web/ajax_t163sb04
下游,高速網路交換器,2345,智邦,2021,1,income_statement,營業毛利（毛損）淨額,2533059,"2,533,059",sii,https://mopsov.twse.com.tw/mops/web/ajax_t163sb04
下游,高速網路交換器,2345,智邦,2021,1,income_statement,營業費用,1331440,"1,331,440",sii,https://mopsov.twse.com.tw/mops/web/ajax_t163sb04
下游,高速網路交換器,2345,智邦,2021,1,income_statement,其他收益及費損淨額,,--,sii,https://mopsov.twse.com.tw/mops/web/ajax_t163sb04
下游,高速網路交換器,2345,智邦,2021,1,income_statement,營業利益（損失）,1201619,"1,201,619",sii,https://mopsov.twse.com.tw/mops/web/ajax_t163sb04
下游,高速網路交換器,2345,智邦,2021,1,income_statement,營業外收入及支出,171054,"171,054",sii,https://mopsov.twse.com.tw/mops/web/ajax_t163sb04
下游,高速網路交換器,2345,智邦,2021,1,income_statement,稅前淨利（淨損）,1372673,"1,372,673",sii,https://mopsov.twse.com.tw/mops/web/ajax_t163sb04
下游,高速網路交換器,2345,智邦,2021,1,income_statement,所得稅費用（利益）,249738,"249,738",sii,https://mopsov.twse.com.tw/mops/web/ajax_t163sb04
下游,高速網路交換器,2345,智邦,2021,1,income_statement,繼續營業單位本期淨利（淨損）,1122935,"1,122,935",sii,https://mopsov.twse.com.tw/mops/web/ajax_t163sb04
下游,高速網路交換器,2345,智邦,2021,1,income_statement,停業單位損益,,--,sii,https://mopsov.twse.com.tw/mops/web/ajax_t163sb04
下游,高速網路交換器,2345,智邦,2021,1,income_statement,合併前非屬共同控制股權損益,,--,sii,https://mopsov.twse.com.tw/mops/web/ajax_t163sb04
下游,高速網路交換器,2345,智邦,2021,1,income_statement,本期淨利（淨損）,1122935,"1,122,935",sii,https://mopsov.twse.com.tw/mops/web/ajax_t163sb04
下游,高速網路交換器,2345,智邦,2021,1,income_statement,其他綜合損益（淨額）,-14739,"-14,739",sii,https://mopsov.twse.com.tw/mops/web/ajax_t163sb04
下游,高速網路交換器,2345,智邦,2021,1,income_statement,合併前非屬共同控制股權綜合損益淨額,,--,sii,https://mopsov.twse.com.tw/mops/web/ajax_t163sb04
下游,高速網路交換器,2345,智邦,2021,1,income_statement,本期綜合損益總額,1108196,"1,108,196",sii,https://mopsov.twse.com.tw/mops/web/ajax_t163sb04
下游,高速網路交換器,2345,智邦,2021,1,income_statement,淨利（淨損）歸屬於母公司業主,1122936,"1,122,936",sii,https://mopsov.twse.com.tw/mops/web/ajax_t163sb04
下游,高速網路交換器,2345,智邦,2021,1,income_statement,淨利（淨損）歸屬於共同控制下前手權益,,--,sii,https://mopsov.twse.com.tw/mops/web/ajax_t163sb04
下游,高速網路交換器,2345,智邦,2021,1,income_statement,淨利（淨損）歸屬於非控制權益,-1,-1,sii,https://mopsov.twse.com.tw/mops/web/ajax_t163sb04
下游,高速網路交換器,2345,智邦,2021,1,income_statement,綜合損益總額歸屬於母公司業主,1108197,"1,108,197",sii,https://mopsov.twse.com.tw/mops/web/ajax_t163sb04
下游,高速網路交換器,2345,智邦,2021,1,income_statement,綜合損益總額歸屬於共同控制下前手權益,,--,sii,https://mopsov.twse.com.tw/mops/web/ajax_t163sb04
下游,高速網路交換器,2345,智邦,2021,1,income_statement,綜合損益總額歸屬於非控制權益,-1,-1,sii,https://mopsov.twse.com.tw/mops/web/ajax_t163sb04
下游,高速網路交換器,2345,智邦,2021,1,income_statement,基本每股盈餘（元）,2.02,2.02,sii,https://mopsov.twse.com.tw/mops/web/ajax_t163sb04
下游,高速網路交換器,2345,智邦,2021,1,balance_sheet,流動資產,31071467,"31,071,467",sii,https://mopsov.twse.com.tw/mops/web/ajax_t163sb05
下游,高速網路交換器,2345,智邦,2021,1,balance_sheet,非流動資產,2724488,"2,724,488",sii,https://mopsov.twse.com.tw/mops/web/ajax_t163sb05
下游,高速網路交換器,2345,智邦,2021,1,balance_sheet,資產總計,33795955,"33,795,955",sii,https://mopsov.twse.com.tw/mops/web/ajax_t163sb05
下游,高速網路交換器,2345,智邦,2021,1,balance_sheet,流動負債,16419184,"16,419,184",sii,https://mopsov.twse.com.tw/mops/web/ajax_t163sb05
下游,高速網路交換器,2345,智邦,2021,1,balance_sheet,非流動負債,1785349,"1,785,349",sii,https://mopsov.twse.com.tw/mops/web/ajax_t163sb05
下游,高速網路交換器,2345,智邦,2021,1,balance_sheet,負債總計,18204533,"18,204,533",sii,https://mopsov.twse.com.tw/mops/web/ajax_t163sb05
下游,高速網路交換器,2345,智邦,2021,1,balance_sheet,股本,5594674,"5,594,674",sii,https://mopsov.twse.com.tw/mops/web/ajax_t163sb05
下游,高速網路交換器,2345,智邦,2021,1,balance_sheet,權益─具證券性質之虛擬通貨,,--,sii,https://mopsov.twse.com.tw/mops/web/ajax_t163sb05
下游,高速網路交換器,2345,智邦,2021,1,balance_sheet,資本公積,827658,"827,658",sii,https://mopsov.twse.com.tw/mops/web/ajax_t163sb05
下游,高速網路交換器,2345,智邦,2021,1,balance_sheet,保留盈餘,9708049,"9,708,049",sii,https://mopsov.twse.com.tw/mops/web/ajax_t163sb05
下游,高速網路交換器,2345,智邦,2021,1,balance_sheet,其他權益,-487960,"-487,960",sii,https://mopsov.twse.com.tw/mops/web/ajax_t163sb05
下游,高速網路交換器,2345,智邦,2021,1,balance_sheet,庫藏股票,-50999,"-50,999",sii,https://mopsov.twse.com.tw/mops/web/ajax_t163sb05
下游,高速網路交換器,2345,智邦,2021,1,balance_sheet,歸屬於母公司業主之權益合計,15591422,"15,591,422",sii,https://mopsov.twse.com.tw/mops/web/ajax_t163sb05
下游,高速網路交換器,2345,智邦,2021,1,balance_sheet,共同控制下前手權益,,--,sii,https://mopsov.twse.com.tw/mops/web/ajax_t163sb05
下游,高速網路交換器,2345,智邦,2021,1,balance_sheet,合併前非屬共同控制股權,,--,sii,https://mopsov.twse.com.tw/mops/web/ajax_t163sb05
下游,高速網路交換器,2345,智邦,2021,1,balance_sheet,非控制權益,0,0,sii,https://mopsov.twse.com.tw/mops/web/ajax_t163sb05
下游,高速網路交換器,2345,智邦,2021,1,balance_sheet,權益總計,15591422,"15,591,422",sii,https://mopsov.twse.com.tw/mops/web/ajax_t163sb05
下游,高速網路交換器,2345,智邦,2021,1,balance_sheet,待註銷股本股數（單位：股）,,--,sii,https://mopsov.twse.com.tw/mops/web/ajax_t163sb05
下游,高速網路交換器,2345,智邦,2021,1,balance_sheet,預收股款（權益項下）之約當發行股數（單位：股）,0,0,sii,https://mopsov.twse.com.tw/mops/web/ajax_t163sb05
下游,高速網路交換器,2345,智邦,2021,1,balance_sheet,母公司暨子公司所持有之母公司庫藏股股數（單位：股）,2209867,"2,209,867",sii,https://mopsov.twse.com.tw/mops/web/ajax_t163sb05
下游,高速網路交換器,2345,智邦,2021,1,balance_sheet,每股參考淨值,27.98,27.98,sii,https://mopsov.twse.com.tw/mops/web/ajax_t163sb05
下游,高速網路交換器,2345,智邦,2021,1,cash_flow,營業活動之淨現金流入（流出）,1857606,"1,857,606",sii,https://mopsov.twse.com.tw/mops/web/ajax_t163sb20
下游,高速網路交換器,2345,智邦,2021,1,cash_flow,投資活動之淨現金流入（流出）,-1011782,"-1,011,782",sii,https://mopsov.twse.com.tw/mops/web/ajax_t163sb20
下游,高速網路交換器,2345,智邦,2021,1,cash_flow,籌資活動之淨現金流入（流出）,-51800,"-51,800",sii,https://mopsov.twse.com.tw/mops/web/ajax_t163sb20
下游,高速網路交換器,2345,智邦,2021,1,cash_flow,匯率變動對現金及約當現金之影響,45116,"45,116",sii,https://mopsov.twse.com.tw/mops/web/ajax_t163sb20
下游,高速網路交換器,2345,智邦,2021,1,cash_flow,本期現金及約當現金增加（減少）數,839140,"839,140",sii,https://mopsov.twse.com.tw/mops/web/ajax_t163sb20
下游,高速網路交換器,2345,智邦,2021,1,cash_flow,期初現金及約當現金餘額,4894509,"4,894,509",sii,https://mopsov.twse.com.tw/mops/web/ajax_t163sb20
下游,高速網路交換器,2345,智邦,2021,1,cash_flow,期末現金及約當現金餘額,5733649,"5,733,649",sii,https://mopsov.twse.com.tw/mops/web/ajax_t163sb20
下游,高速網路交換器,2345,智邦,2021,2,income_statement,營業收入,27251362,"27,251,362",sii,https://mopsov.twse.com.tw/mops/web/ajax_t163sb04
下游,高速網路交換器,2345,智邦,2021,2,income_statement,營業成本,22263803,"22,263,803",sii,https://mopsov.twse.com.tw/mops/web/ajax_t163sb04
下游,高速網路交換器,2345,智邦,2021,2,income_statement,原始認列生物資產及農產品之利益（損失）,,--,sii,https://mopsov.twse.com.tw/mops/web/ajax_t163sb04
下游,高速網路交換器,2345,智邦,2021,2,income_statement,生物資產當期公允價值減出售成本之變動利益（損失）,,--,sii,https://mopsov.twse.com.tw/mops/web/ajax_t163sb04
下游,高速網路交換器,2345,智邦,2021,2,income_statement,營業毛利（毛損）,4987559,"4,987,559",sii,https://mopsov.twse.com.tw/mops/web/ajax_t163sb04
下游,高速網路交換器,2345,智邦,2021,2,income_statement,未實現銷貨（損）益,,--,sii,https://mopsov.twse.com.tw/mops/web/ajax_t163sb04
下游,高速網路交換器,2345,智邦,2021,2,income_statement,已實現銷貨（損）益,,--,sii,https://mopsov.twse.com.tw/mops/web/ajax_t163sb04
下游,高速網路交換器,2345,智邦,2021,2,income_statement,營業毛利（毛損）淨額,4987559,"4,987,559",sii,https://mopsov.twse.com.tw/mops/web/ajax_t163sb04
下游,高速網路交換器,2345,智邦,2021,2,income_statement,營業費用,2671488,"2,671,488",sii,https://mopsov.twse.com.tw/mops/web/ajax_t163sb04
下游,高速網路交換器,2345,智邦,2021,2,income_statement,其他收益及費損淨額,,--,sii,https://mopsov.twse.com.tw/mops/web/ajax_t163sb04
下游,高速網路交換器,2345,智邦,2021,2,income_statement,營業利益（損失）,2316071,"2,316,071",sii,https://mopsov.twse.com.tw/mops/web/ajax_t163sb04
下游,高速網路交換器,2345,智邦,2021,2,income_statement,營業外收入及支出,195613,"195,613",sii,https://mopsov.twse.com.tw/mops/web/ajax_t163sb04
下游,高速網路交換器,2345,智邦,2021,2,income_statement,稅前淨利（淨損）,2511684,"2,511,684",sii,https://mopsov.twse.com.tw/mops/web/ajax_t163sb04
下游,高速網路交換器,2345,智邦,2021,2,income_statement,所得稅費用（利益）,428763,"428,763",sii,https://mopsov.twse.com.tw/mops/web/ajax_t163sb04
下游,高速網路交換器,2345,智邦,2021,2,income_statement,繼續營業單位本期淨利（淨損）,2082921,"2,082,921",sii,https://mopsov.twse.com.tw/mops/web/ajax_t163sb04
下游,高速網路交換器,2345,智邦,2021,2,income_statement,停業單位損益,,--,sii,https://mopsov.twse.com.tw/mops/web/ajax_t163sb04
下游,高速網路交換器,2345,智邦,2021,2,income_statement,合併前非屬共同控制股權損益,,--,sii,https://mopsov.twse.com.tw/mops/web/ajax_t163sb04
下游,高速網路交換器,2345,智邦,2021,2,income_statement,本期淨利（淨損）,2082921,"2,082,921",sii,https://mopsov.twse.com.tw/mops/web/ajax_t163sb04
下游,高速網路交換器,2345,智邦,2021,2,income_statement,其他綜合損益（淨額）,-52931,"-52,931",sii,https://mopsov.twse.com.tw/mops/web/ajax_t163sb04
下游,高速網路交換器,2345,智邦,2021,2,income_statement,合併前非屬共同控制股權綜合損益淨額,,--,sii,https://mopsov.twse.com.tw/mops/web/ajax_t163sb04
下游,高速網路交換器,2345,智邦,2021,2,income_statement,本期綜合損益總額,2029990,"2,029,990",sii,https://mopsov.twse.com.tw/mops/web/ajax_t163sb04
下游,高速網路交換器,2345,智邦,2021,2,income_statement,淨利（淨損）歸屬於母公司業主,2082922,"2,082,922",sii,https://mopsov.twse.com.tw/mops/web/ajax_t163sb04
下游,高速網路交換器,2345,智邦,2021,2,income_statement,淨利（淨損）歸屬於共同控制下前手權益,,--,sii,https://mopsov.twse.com.tw/mops/web/ajax_t163sb04
下游,高速網路交換器,2345,智邦,2021,2,income_statement,淨利（淨損）歸屬於非控制權益,-1,-1,sii,https://mopsov.twse.com.tw/mops/web/ajax_t163sb04
下游,高速網路交換器,2345,智邦,2021,2,income_statement,綜合損益總額歸屬於母公司業主,2029991,"2,029,991",sii,https://mopsov.twse.com.tw/mops/web/ajax_t163sb04
下游,高速網路交換器,2345,智邦,2021,2,income_statement,綜合損益總額歸屬於共同控制下前手權益,,--,sii,https://mopsov.twse.com.tw/mops/web/ajax_t163sb04
下游,高速網路交換器,2345,智邦,2021,2,income_statement,綜合損益總額歸屬於非控制權益,-1,-1,sii,https://mopsov.twse.com.tw/mops/web/ajax_t163sb04
下游,高速網路交換器,2345,智邦,2021,2,income_statement,基本每股盈餘（元）,3.74,3.74,sii,https://mopsov.twse.com.tw/mops/web/ajax_t163sb04
下游,高速網路交換器,2345,智邦,2021,2,balance_sheet,流動資產,32223215,"32,223,215",sii,https://mopsov.twse.com.tw/mops/web/ajax_t163sb05
下游,高速網路交換器,2345,智邦,2021,2,balance_sheet,非流動資產,2950121,"2,950,121",sii,https://mopsov.twse.com.tw/mops/web/ajax_t163sb05
下游,高速網路交換器,2345,智邦,2021,2,balance_sheet,資產總計,35173336,"35,173,336",sii,https://mopsov.twse.com.tw/mops/web/ajax_t163sb05
下游,高速網路交換器,2345,智邦,2021,2,balance_sheet,流動負債,20289078,"20,289,078",sii,https://mopsov.twse.com.tw/mops/web/ajax_t163sb05
下游,高速網路交換器,2345,智邦,2021,2,balance_sheet,非流動負債,1988096,"1,988,096",sii,https://mopsov.twse.com.tw/mops/web/ajax_t163sb05
下游,高速網路交換器,2345,智邦,2021,2,balance_sheet,負債總計,22277174,"22,277,174",sii,https://mopsov.twse.com.tw/mops/web/ajax_t163sb05
下游,高速網路交換器,2345,智邦,2021,2,balance_sheet,股本,5598384,"5,598,384",sii,https://mopsov.twse.com.tw/mops/web/ajax_t163sb05
下游,高速網路交換器,2345,智邦,2021,2,balance_sheet,權益─具證券性質之虛擬通貨,,--,sii,https://mopsov.twse.com.tw/mops/web/ajax_t163sb05
下游,高速網路交換器,2345,智邦,2021,2,balance_sheet,資本公積,843432,"843,432",sii,https://mopsov.twse.com.tw/mops/web/ajax_t163sb05
下游,高速網路交換器,2345,智邦,2021,2,balance_sheet,保留盈餘,7031497,"7,031,497",sii,https://mopsov.twse.com.tw/mops/web/ajax_t163sb05
下游,高速網路交換器,2345,智邦,2021,2,balance_sheet,其他權益,-526152,"-526,152",sii,https://mopsov.twse.com.tw/mops/web/ajax_t163sb05
下游,高速網路交換器,2345,智邦,2021,2,balance_sheet,庫藏股票,-50999,"-50,999",sii,https://mopsov.twse.com.tw/mops/web/ajax_t163sb05
下游,高速網路交換器,2345,智邦,2021,2,balance_sheet,歸屬於母公司業主之權益合計,12896162,"12,896,162",sii,https://mopsov.twse.com.tw/mops/web/ajax_t163sb05
下游,高速網路交換器,2345,智邦,2021,2,balance_sheet,共同控制下前手權益,,--,sii,https://mopsov.twse.com.tw/mops/web/ajax_t163sb05
下游,高速網路交換器,2345,智邦,2021,2,balance_sheet,合併前非屬共同控制股權,,--,sii,https://mopsov.twse.com.tw/mops/web/ajax_t163sb05
下游,高速網路交換器,2345,智邦,2021,2,balance_sheet,非控制權益,0,0,sii,https://mopsov.twse.com.tw/mops/web/ajax_t163sb05
下游,高速網路交換器,2345,智邦,2021,2,balance_sheet,權益總計,12896162,"12,896,162",sii,https://mopsov.twse.com.tw/mops/web/ajax_t163sb05
下游,高速網路交換器,2345,智邦,2021,2,balance_sheet,待註銷股本股數（單位：股）,,--,sii,https://mopsov.twse.com.tw/mops/web/ajax_t163sb05
下游,高速網路交換器,2345,智邦,2021,2,balance_sheet,預收股款（權益項下）之約當發行股數（單位：股）,0,0,sii,https://mopsov.twse.com.tw/mops/web/ajax_t163sb05
下游,高速網路交換器,2345,智邦,2021,2,balance_sheet,母公司暨子公司所持有之母公司庫藏股股數（單位：股）,2209867,"2,209,867",sii,https://mopsov.twse.com.tw/mops/web/ajax_t163sb05
下游,高速網路交換器,2345,智邦,2021,2,balance_sheet,每股參考淨值,23.13,23.13,sii,https://mopsov.twse.com.tw/mops/web/ajax_t163sb05
下游,高速網路交換器,2345,智邦,2021,2,cash_flow,營業活動之淨現金流入（流出）,1103724,"1,103,724",sii,https://mopsov.twse.com.tw/mops/web/ajax_t163sb20
下游,高速網路交換器,2345,智邦,2021,2,cash_flow,投資活動之淨現金流入（流出）,1810068,"1,810,068",sii,https://mopsov.twse.com.tw/mops/web/ajax_t163sb20
下游,高速網路交換器,2345,智邦,2021,2,cash_flow,籌資活動之淨現金流入（流出）,-205411,"-205,411",sii,https://mopsov.twse.com.tw/mops/web/ajax_t163sb20
下游,高速網路交換器,2345,智邦,2021,2,cash_flow,匯率變動對現金及約當現金之影響,32190,"32,190",sii,https://mopsov.twse.com.tw/mops/web/ajax_t163sb20
下游,高速網路交換器,2345,智邦,2021,2,cash_flow,本期現金及約當現金增加（減少）數,2740571,"2,740,571",sii,https://mopsov.twse.com.tw/mops/web/ajax_t163sb20
下游,高速網路交換器,2345,智邦,2021,2,cash_flow,期初現金及約當現金餘額,4894509,"4,894,509",sii,https://mopsov.twse.com.tw/mops/web/ajax_t163sb20
下游,高速網路交換器,2345,智邦,2021,2,cash_flow,期末現金及約當現金餘額,7635080,"7,635,080",sii,https://mopsov.twse.com.tw/mops/web/ajax_t163sb20
下游,高速網路交換器,2345,智邦,2021,3,income_statement,營業收入,42455414,"42,455,414",sii,https://mopsov.twse.com.tw/mops/web/ajax_t163sb04
下游,高速網路交換器,2345,智邦,2021,3,income_statement,營業成本,34618334,"34,618,334",sii,https://mopsov.twse.com.tw/mops/web/ajax_t163sb04
下游,高速網路交換器,2345,智邦,2021,3,income_statement,原始認列生物資產及農產品之利益（損失）,,--,sii,https://mopsov.twse.com.tw/mops/web/ajax_t163sb04
下游,高速網路交換器,2345,智邦,2021,3,income_statement,生物資產當期公允價值減出售成本之變動利益（損失）,,--,sii,https://mopsov.twse.com.tw/mops/web/ajax_t163sb04
下游,高速網路交換器,2345,智邦,2021,3,income_statement,營業毛利（毛損）,7837080,"7,837,080",sii,https://mopsov.twse.com.tw/mops/web/ajax_t163sb04
下游,高速網路交換器,2345,智邦,2021,3,income_statement,未實現銷貨（損）益,,--,sii,https://mopsov.twse.com.tw/mops/web/ajax_t163sb04
下游,高速網路交換器,2345,智邦,2021,3,income_statement,已實現銷貨（損）益,,--,sii,https://mopsov.twse.com.tw/mops/web/ajax_t163sb04
下游,高速網路交換器,2345,智邦,2021,3,income_statement,營業毛利（毛損）淨額,7837080,"7,837,080",sii,https://mopsov.twse.com.tw/mops/web/ajax_t163sb04
下游,高速網路交換器,2345,智邦,2021,3,income_statement,營業費用,4168174,"4,168,174",sii,https://mopsov.twse.com.tw/mops/web/ajax_t163sb04
下游,高速網路交換器,2345,智邦,2021,3,income_statement,其他收益及費損淨額,,--,sii,https://mopsov.twse.com.tw/mops/web/ajax_t163sb04
下游,高速網路交換器,2345,智邦,2021,3,income_statement,營業利益（損失）,3668906,"3,668,906",sii,https://mopsov.twse.com.tw/mops/web/ajax_t163sb04
下游,高速網路交換器,2345,智邦,2021,3,income_statement,營業外收入及支出,223443,"223,443",sii,https://mopsov.twse.com.tw/mops/web/ajax_t163sb04
下游,高速網路交換器,2345,智邦,2021,3,income_statement,稅前淨利（淨損）,3892349,"3,892,349",sii,https://mopsov.twse.com.tw/mops/web/ajax_t163sb04
下游,高速網路交換器,2345,智邦,2021,3,income_statement,所得稅費用（利益）,713795,"713,795",sii,https://mopsov.twse.com.tw/mops/web/ajax_t163sb04
下游,高速網路交換器,2345,智邦,2021,3,income_statement,繼續營業單位本期淨利（淨損）,3178554,"3,178,554",sii,https://mopsov.twse.com.tw/mops/web/ajax_t163sb04
下游,高速網路交換器,2345,智邦,2021,3,income_statement,停業單位損益,,--,sii,https://mopsov.twse.com.tw/mops/web/ajax_t163sb04
下游,高速網路交換器,2345,智邦,2021,3,income_statement,合併前非屬共同控制股權損益,,--,sii,https://mopsov.twse.com.tw/mops/web/ajax_t163sb04
下游,高速網路交換器,2345,智邦,2021,3,income_statement,本期淨利（淨損）,3178554,"3,178,554",sii,https://mopsov.twse.com.tw/mops/web/ajax_t163sb04
下游,高速網路交換器,2345,智邦,2021,3,income_statement,其他綜合損益（淨額）,-72978,"-72,978",sii,https://mopsov.twse.com.tw/mops/web/ajax_t163sb04
下游,高速網路交換器,2345,智邦,2021,3,income_statement,合併前非屬共同控制股權綜合損益淨額,,--,sii,https://mopsov.twse.com.tw/mops/web/ajax_t163sb04
下游,高速網路交換器,2345,智邦,2021,3,income_statement,本期綜合損益總額,3105576,"3,105,576",sii,https://mopsov.twse.com.tw/mops/web/ajax_t163sb04
下游,高速網路交換器,2345,智邦,2021,3,income_statement,淨利（淨損）歸屬於母公司業主,3178555,"3,178,555",sii,https://mopsov.twse.com.tw/mops/web/ajax_t163sb04
下游,高速網路交換器,2345,智邦,2021,3,income_statement,淨利（淨損）歸屬於共同控制下前手權益,,--,sii,https://mopsov.twse.com.tw/mops/web/ajax_t163sb04
下游,高速網路交換器,2345,智邦,2021,3,income_statement,淨利（淨損）歸屬於非控制權益,-1,-1,sii,https://mopsov.twse.com.tw/mops/web/ajax_t163sb04
下游,高速網路交換器,2345,智邦,2021,3,income_statement,綜合損益總額歸屬於母公司業主,3105577,"3,105,577",sii,https://mopsov.twse.com.tw/mops/web/ajax_t163sb04
下游,高速網路交換器,2345,智邦,2021,3,income_statement,綜合損益總額歸屬於共同控制下前手權益,,--,sii,https://mopsov.twse.com.tw/mops/web/ajax_t163sb04
下游,高速網路交換器,2345,智邦,2021,3,income_statement,綜合損益總額歸屬於非控制權益,-1,-1,sii,https://mopsov.twse.com.tw/mops/web/ajax_t163sb04
下游,高速網路交換器,2345,智邦,2021,3,income_statement,基本每股盈餘（元）,5.7,5.70,sii,https://mopsov.twse.com.tw/mops/web/ajax_t163sb04
下游,高速網路交換器,2345,智邦,2021,3,balance_sheet,流動資產,29207028,"29,207,028",sii,https://mopsov.twse.com.tw/mops/web/ajax_t163sb05
下游,高速網路交換器,2345,智邦,2021,3,balance_sheet,非流動資產,3065057,"3,065,057",sii,https://mopsov.twse.com.tw/mops/web/ajax_t163sb05
下游,高速網路交換器,2345,智邦,2021,3,balance_sheet,資產總計,32272085,"32,272,085",sii,https://mopsov.twse.com.tw/mops/web/ajax_t163sb05
下游,高速網路交換器,2345,智邦,2021,3,balance_sheet,流動負債,16354975,"16,354,975",sii,https://mopsov.twse.com.tw/mops/web/ajax_t163sb05
下游,高速網路交換器,2345,智邦,2021,3,balance_sheet,非流動負債,1945251,"1,945,251",sii,https://mopsov.twse.com.tw/mops/web/ajax_t163sb05
下游,高速網路交換器,2345,智邦,2021,3,balance_sheet,負債總計,18300226,"18,300,226",sii,https://mopsov.twse.com.tw/mops/web/ajax_t163sb05
下游,高速網路交換器,2345,智邦,2021,3,balance_sheet,股本,5598474,"5,598,474",sii,https://mopsov.twse.com.tw/mops/web/ajax_t163sb05
下游,高速網路交換器,2345,智邦,2021,3,balance_sheet,權益─具證券性質之虛擬通貨,,--,sii,https://mopsov.twse.com.tw/mops/web/ajax_t163sb05
下游,高速網路交換器,2345,智邦,2021,3,balance_sheet,資本公積,843453,"843,453",sii,https://mopsov.twse.com.tw/mops/web/ajax_t163sb05
下游,高速網路交換器,2345,智邦,2021,3,balance_sheet,保留盈餘,8130730,"8,130,730",sii,https://mopsov.twse.com.tw/mops/web/ajax_t163sb05
下游,高速網路交換器,2345,智邦,2021,3,balance_sheet,其他權益,-549799,"-549,799",sii,https://mopsov.twse.com.tw/mops/web/ajax_t163sb05
下游,高速網路交換器,2345,智邦,2021,3,balance_sheet,庫藏股票,-50999,"-50,999",sii,https://mopsov.twse.com.tw/mops/web/ajax_t163sb05
下游,高速網路交換器,2345,智邦,2021,3,balance_sheet,歸屬於母公司業主之權益合計,13971859,"13,971,859",sii,https://mopsov.twse.com.tw/mops/web/ajax_t163sb05
下游,高速網路交換器,2345,智邦,2021,3,balance_sheet,共同控制下前手權益,,--,sii,https://mopsov.twse.com.tw/mops/web/ajax_t163sb05
下游,高速網路交換器,2345,智邦,2021,3,balance_sheet,合併前非屬共同控制股權,,--,sii,https://mopsov.twse.com.tw/mops/web/ajax_t163sb05
下游,高速網路交換器,2345,智邦,2021,3,balance_sheet,非控制權益,0,0,sii,https://mopsov.twse.com.tw/mops/web/ajax_t163sb05
下游,高速網路交換器,2345,智邦,2021,3,balance_sheet,權益總計,13971859,"13,971,859",sii,https://mopsov.twse.com.tw/mops/web/ajax_t163sb05
下游,高速網路交換器,2345,智邦,2021,3,balance_sheet,待註銷股本股數（單位：股）,,--,sii,https://mopsov.twse.com.tw/mops/web/ajax_t163sb05
下游,高速網路交換器,2345,智邦,2021,3,balance_sheet,預收股款（權益項下）之約當發行股數（單位：股）,0,0,sii,https://mopsov.twse.com.tw/mops/web/ajax_t163sb05
下游,高速網路交換器,2345,智邦,2021,3,balance_sheet,母公司暨子公司所持有之母公司庫藏股股數（單位：股）,2209867,"2,209,867",sii,https://mopsov.twse.com.tw/mops/web/ajax_t163sb05
下游,高速網路交換器,2345,智邦,2021,3,balance_sheet,每股參考淨值,25.06,25.06,sii,https://mopsov.twse.com.tw/mops/web/ajax_t163sb05
下游,高速網路交換器,2345,智邦,2021,3,cash_flow,營業活動之淨現金流入（流出）,382460,"382,460",sii,https://mopsov.twse.com.tw/mops/web/ajax_t163sb20
下游,高速網路交換器,2345,智邦,2021,3,cash_flow,投資活動之淨現金流入（流出）,3736199,"3,736,199",sii,https://mopsov.twse.com.tw/mops/web/ajax_t163sb20
下游,高速網路交換器,2345,智邦,2021,3,cash_flow,籌資活動之淨現金流入（流出）,-3681509,"-3,681,509",sii,https://mopsov.twse.com.tw/mops/web/ajax_t163sb20
下游,高速網路交換器,2345,智邦,2021,3,cash_flow,匯率變動對現金及約當現金之影響,43079,"43,079",sii,https://mopsov.twse.com.tw/mops/web/ajax_t163sb20
下游,高速網路交換器,2345,智邦,2021,3,cash_flow,本期現金及約當現金增加（減少）數,480229,"480,229",sii,https://mopsov.twse.com.tw/mops/web/ajax_t163sb20
下游,高速網路交換器,2345,智邦,2021,3,cash_flow,期初現金及約當現金餘額,4894509,"4,894,509",sii,https://mopsov.twse.com.tw/mops/web/ajax_t163sb20
下游,高速網路交換器,2345,智邦,2021,3,cash_flow,期末現金及約當現金餘額,5374738,"5,374,738",sii,https://mopsov.twse.com.tw/mops/web/ajax_t163sb20
下游,高速網路交換器,2345,智邦,2021,4,income_statement,營業收入,59598681,"59,598,681",sii,https://mopsov.twse.com.tw/mops/web/ajax_t163sb04
下游,高速網路交換器,2345,智邦,2021,4,income_statement,營業成本,48254085,"48,254,085",sii,https://mopsov.twse.com.tw/mops/web/ajax_t163sb04
下游,高速網路交換器,2345,智邦,2021,4,income_statement,原始認列生物資產及農產品之利益（損失）,,--,sii,https://mopsov.twse.com.tw/mops/web/ajax_t163sb04
下游,高速網路交換器,2345,智邦,2021,4,income_statement,生物資產當期公允價值減出售成本之變動利益（損失）,,--,sii,https://mopsov.twse.com.tw/mops/web/ajax_t163sb04
下游,高速網路交換器,2345,智邦,2021,4,income_statement,營業毛利（毛損）,11344596,"11,344,596",sii,https://mopsov.twse.com.tw/mops/web/ajax_t163sb04
下游,高速網路交換器,2345,智邦,2021,4,income_statement,未實現銷貨（損）益,,--,sii,https://mopsov.twse.com.tw/mops/web/ajax_t163sb04
下游,高速網路交換器,2345,智邦,2021,4,income_statement,已實現銷貨（損）益,,--,sii,https://mopsov.twse.com.tw/mops/web/ajax_t163sb04
下游,高速網路交換器,2345,智邦,2021,4,income_statement,營業毛利（毛損）淨額,11344596,"11,344,596",sii,https://mopsov.twse.com.tw/mops/web/ajax_t163sb04
下游,高速網路交換器,2345,智邦,2021,4,income_statement,營業費用,5903870,"5,903,870",sii,https://mopsov.twse.com.tw/mops/web/ajax_t163sb04
下游,高速網路交換器,2345,智邦,2021,4,income_statement,其他收益及費損淨額,,--,sii,https://mopsov.twse.com.tw/mops/web/ajax_t163sb04
下游,高速網路交換器,2345,智邦,2021,4,income_statement,營業利益（損失）,5440726,"5,440,726",sii,https://mopsov.twse.com.tw/mops/web/ajax_t163sb04
下游,高速網路交換器,2345,智邦,2021,4,income_statement,營業外收入及支出,290425,"290,425",sii,https://mopsov.twse.com.tw/mops/web/ajax_t163sb04
下游,高速網路交換器,2345,智邦,2021,4,income_statement,稅前淨利（淨損）,5731151,"5,731,151",sii,https://mopsov.twse.com.tw/mops/web/ajax_t163sb04
下游,高速網路交換器,2345,智邦,2021,4,income_statement,所得稅費用（利益）,1026093,"1,026,093",sii,https://mopsov.twse.com.tw/mops/web/ajax_t163sb04
下游,高速網路交換器,2345,智邦,2021,4,income_statement,繼續營業單位本期淨利（淨損）,4705058,"4,705,058",sii,https://mopsov.twse.com.tw/mops/web/ajax_t163sb04
下游,高速網路交換器,2345,智邦,2021,4,income_statement,停業單位損益,,--,sii,https://mopsov.twse.com.tw/mops/web/ajax_t163sb04
下游,高速網路交換器,2345,智邦,2021,4,income_statement,合併前非屬共同控制股權損益,,--,sii,https://mopsov.twse.com.tw/mops/web/ajax_t163sb04
下游,高速網路交換器,2345,智邦,2021,4,income_statement,本期淨利（淨損）,4705058,"4,705,058",sii,https://mopsov.twse.com.tw/mops/web/ajax_t163sb04
下游,高速網路交換器,2345,智邦,2021,4,income_statement,其他綜合損益（淨額）,-19247,"-19,247",sii,https://mopsov.twse.com.tw/mops/web/ajax_t163sb04
下游,高速網路交換器,2345,智邦,2021,4,income_statement,合併前非屬共同控制股權綜合損益淨額,,--,sii,https://mopsov.twse.com.tw/mops/web/ajax_t163sb04
下游,高速網路交換器,2345,智邦,2021,4,income_statement,本期綜合損益總額,4685811,"4,685,811",sii,https://mopsov.twse.com.tw/mops/web/ajax_t163sb04
下游,高速網路交換器,2345,智邦,2021,4,income_statement,淨利（淨損）歸屬於母公司業主,4705059,"4,705,059",sii,https://mopsov.twse.com.tw/mops/web/ajax_t163sb04
下游,高速網路交換器,2345,智邦,2021,4,income_statement,淨利（淨損）歸屬於共同控制下前手權益,,--,sii,https://mopsov.twse.com.tw/mops/web/ajax_t163sb04
下游,高速網路交換器,2345,智邦,2021,4,income_statement,淨利（淨損）歸屬於非控制權益,-1,-1,sii,https://mopsov.twse.com.tw/mops/web/ajax_t163sb04
下游,高速網路交換器,2345,智邦,2021,4,income_statement,綜合損益總額歸屬於母公司業主,4685812,"4,685,812",sii,https://mopsov.twse.com.tw/mops/web/ajax_t163sb04
下游,高速網路交換器,2345,智邦,2021,4,income_statement,綜合損益總額歸屬於共同控制下前手權益,,--,sii,https://mopsov.twse.com.tw/mops/web/ajax_t163sb04
下游,高速網路交換器,2345,智邦,2021,4,income_statement,綜合損益總額歸屬於非控制權益,-1,-1,sii,https://mopsov.twse.com.tw/mops/web/ajax_t163sb04
下游,高速網路交換器,2345,智邦,2021,4,income_statement,基本每股盈餘（元）,8.44,8.44,sii,https://mopsov.twse.com.tw/mops/web/ajax_t163sb04
下游,高速網路交換器,2345,智邦,2021,4,balance_sheet,流動資產,31782233,"31,782,233",sii,https://mopsov.twse.com.tw/mops/web/ajax_t163sb05
下游,高速網路交換器,2345,智邦,2021,4,balance_sheet,非流動資產,3239136,"3,239,136",sii,https://mopsov.twse.com.tw/mops/web/ajax_t163sb05
下游,高速網路交換器,2345,智邦,2021,4,balance_sheet,資產總計,35021369,"35,021,369",sii,https://mopsov.twse.com.tw/mops/web/ajax_t163sb05
下游,高速網路交換器,2345,智邦,2021,4,balance_sheet,流動負債,17643456,"17,643,456",sii,https://mopsov.twse.com.tw/mops/web/ajax_t163sb05
下游,高速網路交換器,2345,智邦,2021,4,balance_sheet,非流動負債,1824962,"1,824,962",sii,https://mopsov.twse.com.tw/mops/web/ajax_t163sb05
下游,高速網路交換器,2345,智邦,2021,4,balance_sheet,負債總計,19468418,"19,468,418",sii,https://mopsov.twse.com.tw/mops/web/ajax_t163sb05
下游,高速網路交換器,2345,智邦,2021,4,balance_sheet,股本,5599204,"5,599,204",sii,https://mopsov.twse.com.tw/mops/web/ajax_t163sb05
下游,高速網路交換器,2345,智邦,2021,4,balance_sheet,權益─具證券性質之虛擬通貨,,--,sii,https://mopsov.twse.com.tw/mops/web/ajax_t163sb05
下游,高速網路交換器,2345,智邦,2021,4,balance_sheet,資本公積,843580,"843,580",sii,https://mopsov.twse.com.tw/mops/web/ajax_t163sb05
下游,高速網路交換器,2345,智邦,2021,4,balance_sheet,保留盈餘,9655707,"9,655,707",sii,https://mopsov.twse.com.tw/mops/web/ajax_t163sb05
下游,高速網路交換器,2345,智邦,2021,4,balance_sheet,其他權益,-494541,"-494,541",sii,https://mopsov.twse.com.tw/mops/web/ajax_t163sb05
下游,高速網路交換器,2345,智邦,2021,4,balance_sheet,庫藏股票,-50999,"-50,999",sii,https://mopsov.twse.com.tw/mops/web/ajax_t163sb05
下游,高速網路交換器,2345,智邦,2021,4,balance_sheet,歸屬於母公司業主之權益合計,15552951,"15,552,951",sii,https://mopsov.twse.com.tw/mops/web/ajax_t163sb05
下游,高速網路交換器,2345,智邦,2021,4,balance_sheet,共同控制下前手權益,,--,sii,https://mopsov.twse.com.tw/mops/web/ajax_t163sb05
下游,高速網路交換器,2345,智邦,2021,4,balance_sheet,合併前非屬共同控制股權,,--,sii,https://mopsov.twse.com.tw/mops/web/ajax_t163sb05
下游,高速網路交換器,2345,智邦,2021,4,balance_sheet,非控制權益,0,0,sii,https://mopsov.twse.com.tw/mops/web/ajax_t163sb05
下游,高速網路交換器,2345,智邦,2021,4,balance_sheet,權益總計,15552951,"15,552,951",sii,https://mopsov.twse.com.tw/mops/web/ajax_t163sb05
下游,高速網路交換器,2345,智邦,2021,4,balance_sheet,待註銷股本股數（單位：股）,,--,sii,https://mopsov.twse.com.tw/mops/web/ajax_t163sb05
下游,高速網路交換器,2345,智邦,2021,4,balance_sheet,預收股款（權益項下）之約當發行股數（單位：股）,0,0,sii,https://mopsov.twse.com.tw/mops/web/ajax_t163sb05
下游,高速網路交換器,2345,智邦,2021,4,balance_sheet,母公司暨子公司所持有之母公司庫藏股股數（單位：股）,2209867,"2,209,867",sii,https://mopsov.twse.com.tw/mops/web/ajax_t163sb05
下游,高速網路交換器,2345,智邦,2021,4,balance_sheet,每股參考淨值,27.89,27.89,sii,https://mopsov.twse.com.tw/mops/web/ajax_t163sb05
下游,高速網路交換器,2345,智邦,2021,4,cash_flow,營業活動之淨現金流入（流出）,1367997,"1,367,997",sii,https://mopsov.twse.com.tw/mops/web/ajax_t163sb20
下游,高速網路交換器,2345,智邦,2021,4,cash_flow,投資活動之淨現金流入（流出）,3899757,"3,899,757",sii,https://mopsov.twse.com.tw/mops/web/ajax_t163sb20
下游,高速網路交換器,2345,智邦,2021,4,cash_flow,籌資活動之淨現金流入（流出）,-3942568,"-3,942,568",sii,https://mopsov.twse.com.tw/mops/web/ajax_t163sb20
下游,高速網路交換器,2345,智邦,2021,4,cash_flow,匯率變動對現金及約當現金之影響,38049,"38,049",sii,https://mopsov.twse.com.tw/mops/web/ajax_t163sb20
下游,高速網路交換器,2345,智邦,2021,4,cash_flow,本期現金及約當現金增加（減少）數,1363235,"1,363,235",sii,https://mopsov.twse.com.tw/mops/web/ajax_t163sb20
下游,高速網路交換器,2345,智邦,2021,4,cash_flow,期初現金及約當現金餘額,4894509,"4,894,509",sii,https://mopsov.twse.com.tw/mops/web/ajax_t163sb20
下游,高速網路交換器,2345,智邦,2021,4,cash_flow,期末現金及約當現金餘額,6257744,"6,257,744",sii,https://mopsov.twse.com.tw/mops/web/ajax_t163sb20
下游,高速網路交換器,2345,智邦,2022,1,income_statement,營業收入,15729561,"15,729,561",sii,https://mopsov.twse.com.tw/mops/web/ajax_t163sb04
下游,高速網路交換器,2345,智邦,2022,1,income_statement,營業成本,12748815,"12,748,815",sii,https://mopsov.twse.com.tw/mops/web/ajax_t163sb04
下游,高速網路交換器,2345,智邦,2022,1,income_statement,原始認列生物資產及農產品之利益（損失）,,--,sii,https://mopsov.twse.com.tw/mops/web/ajax_t163sb04
下游,高速網路交換器,2345,智邦,2022,1,income_statement,生物資產當期公允價值減出售成本之變動利益（損失）,,--,sii,https://mopsov.twse.com.tw/mops/web/ajax_t163sb04
下游,高速網路交換器,2345,智邦,2022,1,income_statement,營業毛利（毛損）,2980746,"2,980,746",sii,https://mopsov.twse.com.tw/mops/web/ajax_t163sb04
下游,高速網路交換器,2345,智邦,2022,1,income_statement,未實現銷貨（損）益,,--,sii,https://mopsov.twse.com.tw/mops/web/ajax_t163sb04
下游,高速網路交換器,2345,智邦,2022,1,income_statement,已實現銷貨（損）益,,--,sii,https://mopsov.twse.com.tw/mops/web/ajax_t163sb04
下游,高速網路交換器,2345,智邦,2022,1,income_statement,營業毛利（毛損）淨額,2980746,"2,980,746",sii,https://mopsov.twse.com.tw/mops/web/ajax_t163sb04
下游,高速網路交換器,2345,智邦,2022,1,income_statement,營業費用,1471024,"1,471,024",sii,https://mopsov.twse.com.tw/mops/web/ajax_t163sb04
下游,高速網路交換器,2345,智邦,2022,1,income_statement,其他收益及費損淨額,,--,sii,https://mopsov.twse.com.tw/mops/web/ajax_t163sb04
下游,高速網路交換器,2345,智邦,2022,1,income_statement,營業利益（損失）,1509722,"1,509,722",sii,https://mopsov.twse.com.tw/mops/web/ajax_t163sb04
下游,高速網路交換器,2345,智邦,2022,1,income_statement,營業外收入及支出,81767,"81,767",sii,https://mopsov.twse.com.tw/mops/web/ajax_t163sb04
下游,高速網路交換器,2345,智邦,2022,1,income_statement,稅前淨利（淨損）,1591489,"1,591,489",sii,https://mopsov.twse.com.tw/mops/web/ajax_t163sb04
下游,高速網路交換器,2345,智邦,2022,1,income_statement,所得稅費用（利益）,304276,"304,276",sii,https://mopsov.twse.com.tw/mops/web/ajax_t163sb04
下游,高速網路交換器,2345,智邦,2022,1,income_statement,繼續營業單位本期淨利（淨損）,1287213,"1,287,213",sii,https://mopsov.twse.com.tw/mops/web/ajax_t163sb04
下游,高速網路交換器,2345,智邦,2022,1,income_statement,停業單位損益,,--,sii,https://mopsov.twse.com.tw/mops/web/ajax_t163sb04
下游,高速網路交換器,2345,智邦,2022,1,income_statement,合併前非屬共同控制股權損益,,--,sii,https://mopsov.twse.com.tw/mops/web/ajax_t163sb04
下游,高速網路交換器,2345,智邦,2022,1,income_statement,本期淨利（淨損）,1287213,"1,287,213",sii,https://mopsov.twse.com.tw/mops/web/ajax_t163sb04
下游,高速網路交換器,2345,智邦,2022,1,income_statement,其他綜合損益（淨額）,173280,"173,280",sii,https://mopsov.twse.com.tw/mops/web/ajax_t163sb04
下游,高速網路交換器,2345,智邦,2022,1,income_statement,合併前非屬共同控制股權綜合損益淨額,,--,sii,https://mopsov.twse.com.tw/mops/web/ajax_t163sb04
下游,高速網路交換器,2345,智邦,2022,1,income_statement,本期綜合損益總額,1460493,"1,460,493",sii,https://mopsov.twse.com.tw/mops/web/ajax_t163sb04
下游,高速網路交換器,2345,智邦,2022,1,income_statement,淨利（淨損）歸屬於母公司業主,1287213,"1,287,213",sii,https://mopsov.twse.com.tw/mops/web/ajax_t163sb04
下游,高速網路交換器,2345,智邦,2022,1,income_statement,淨利（淨損）歸屬於共同控制下前手權益,,--,sii,https://mopsov.twse.com.tw/mops/web/ajax_t163sb04
下游,高速網路交換器,2345,智邦,2022,1,income_statement,淨利（淨損）歸屬於非控制權益,0,0,sii,https://mopsov.twse.com.tw/mops/web/ajax_t163sb04
下游,高速網路交換器,2345,智邦,2022,1,income_statement,綜合損益總額歸屬於母公司業主,1460493,"1,460,493",sii,https://mopsov.twse.com.tw/mops/web/ajax_t163sb04
下游,高速網路交換器,2345,智邦,2022,1,income_statement,綜合損益總額歸屬於共同控制下前手權益,,--,sii,https://mopsov.twse.com.tw/mops/web/ajax_t163sb04
下游,高速網路交換器,2345,智邦,2022,1,income_statement,綜合損益總額歸屬於非控制權益,0,0,sii,https://mopsov.twse.com.tw/mops/web/ajax_t163sb04
下游,高速網路交換器,2345,智邦,2022,1,income_statement,基本每股盈餘（元）,2.31,2.31,sii,https://mopsov.twse.com.tw/mops/web/ajax_t163sb04
下游,高速網路交換器,2345,智邦,2022,1,balance_sheet,流動資產,32692885,"32,692,885",sii,https://mopsov.twse.com.tw/mops/web/ajax_t163sb05
下游,高速網路交換器,2345,智邦,2022,1,balance_sheet,非流動資產,3688108,"3,688,108",sii,https://mopsov.twse.com.tw/mops/web/ajax_t163sb05
下游,高速網路交換器,2345,智邦,2022,1,balance_sheet,資產總計,36380993,"36,380,993",sii,https://mopsov.twse.com.tw/mops/web/ajax_t163sb05
下游,高速網路交換器,2345,智邦,2022,1,balance_sheet,流動負債,17179875,"17,179,875",sii,https://mopsov.twse.com.tw/mops/web/ajax_t163sb05
下游,高速網路交換器,2345,智邦,2022,1,balance_sheet,非流動負債,2185946,"2,185,946",sii,https://mopsov.twse.com.tw/mops/web/ajax_t163sb05
下游,高速網路交換器,2345,智邦,2022,1,balance_sheet,負債總計,19365821,"19,365,821",sii,https://mopsov.twse.com.tw/mops/web/ajax_t163sb05
下游,高速網路交換器,2345,智邦,2022,1,balance_sheet,股本,5600484,"5,600,484",sii,https://mopsov.twse.com.tw/mops/web/ajax_t163sb05
下游,高速網路交換器,2345,智邦,2022,1,balance_sheet,權益─具證券性質之虛擬通貨,,--,sii,https://mopsov.twse.com.tw/mops/web/ajax_t163sb05
下游,高速網路交換器,2345,智邦,2022,1,balance_sheet,資本公積,844028,"844,028",sii,https://mopsov.twse.com.tw/mops/web/ajax_t163sb05
下游,高速網路交換器,2345,智邦,2022,1,balance_sheet,保留盈餘,10942920,"10,942,920",sii,https://mopsov.twse.com.tw/mops/web/ajax_t163sb05
下游,高速網路交換器,2345,智邦,2022,1,balance_sheet,其他權益,-321261,"-321,261",sii,https://mopsov.twse.com.tw/mops/web/ajax_t163sb05
下游,高速網路交換器,2345,智邦,2022,1,balance_sheet,庫藏股票,-50999,"-50,999",sii,https://mopsov.twse.com.tw/mops/web/ajax_t163sb05
下游,高速網路交換器,2345,智邦,2022,1,balance_sheet,歸屬於母公司業主之權益合計,17015172,"17,015,172",sii,https://mopsov.twse.com.tw/mops/web/ajax_t163sb05
下游,高速網路交換器,2345,智邦,2022,1,balance_sheet,共同控制下前手權益,,--,sii,https://mopsov.twse.com.tw/mops/web/ajax_t163sb05
下游,高速網路交換器,2345,智邦,2022,1,balance_sheet,合併前非屬共同控制股權,,--,sii,https://mopsov.twse.com.tw/mops/web/ajax_t163sb05
下游,高速網路交換器,2345,智邦,2022,1,balance_sheet,非控制權益,0,0,sii,https://mopsov.twse.com.tw/mops/web/ajax_t163sb05
下游,高速網路交換器,2345,智邦,2022,1,balance_sheet,權益總計,17015172,"17,015,172",sii,https://mopsov.twse.com.tw/mops/web/ajax_t163sb05
下游,高速網路交換器,2345,智邦,2022,1,balance_sheet,待註銷股本股數（單位：股）,,--,sii,https://mopsov.twse.com.tw/mops/web/ajax_t163sb05
下游,高速網路交換器,2345,智邦,2022,1,balance_sheet,預收股款（權益項下）之約當發行股數（單位：股）,0,0,sii,https://mopsov.twse.com.tw/mops/web/ajax_t163sb05
下游,高速網路交換器,2345,智邦,2022,1,balance_sheet,母公司暨子公司所持有之母公司庫藏股股數（單位：股）,2209867,"2,209,867",sii,https://mopsov.twse.com.tw/mops/web/ajax_t163sb05
下游,高速網路交換器,2345,智邦,2022,1,balance_sheet,每股參考淨值,30.5,30.50,sii,https://mopsov.twse.com.tw/mops/web/ajax_t163sb05
下游,高速網路交換器,2345,智邦,2022,1,cash_flow,營業活動之淨現金流入（流出）,-74551,"-74,551",sii,https://mopsov.twse.com.tw/mops/web/ajax_t163sb20
下游,高速網路交換器,2345,智邦,2022,1,cash_flow,投資活動之淨現金流入（流出）,525593,"525,593",sii,https://mopsov.twse.com.tw/mops/web/ajax_t163sb20
下游,高速網路交換器,2345,智邦,2022,1,cash_flow,籌資活動之淨現金流入（流出）,-54791,"-54,791",sii,https://mopsov.twse.com.tw/mops/web/ajax_t163sb20
下游,高速網路交換器,2345,智邦,2022,1,cash_flow,匯率變動對現金及約當現金之影響,15628,"15,628",sii,https://mopsov.twse.com.tw/mops/web/ajax_t163sb20
下游,高速網路交換器,2345,智邦,2022,1,cash_flow,本期現金及約當現金增加（減少）數,411879,"411,879",sii,https://mopsov.twse.com.tw/mops/web/ajax_t163sb20
下游,高速網路交換器,2345,智邦,2022,1,cash_flow,期初現金及約當現金餘額,6257744,"6,257,744",sii,https://mopsov.twse.com.tw/mops/web/ajax_t163sb20
下游,高速網路交換器,2345,智邦,2022,1,cash_flow,期末現金及約當現金餘額,6669623,"6,669,623",sii,https://mopsov.twse.com.tw/mops/web/ajax_t163sb20
下游,高速網路交換器,2345,智邦,2022,2,income_statement,營業收入,34425741,"34,425,741",sii,https://mopsov.twse.com.tw/mops/web/ajax_t163sb04
下游,高速網路交換器,2345,智邦,2022,2,income_statement,營業成本,27370814,"27,370,814",sii,https://mopsov.twse.com.tw/mops/web/ajax_t163sb04
下游,高速網路交換器,2345,智邦,2022,2,income_statement,原始認列生物資產及農產品之利益（損失）,,--,sii,https://mopsov.twse.com.tw/mops/web/ajax_t163sb04
下游,高速網路交換器,2345,智邦,2022,2,income_statement,生物資產當期公允價值減出售成本之變動利益（損失）,,--,sii,https://mopsov.twse.com.tw/mops/web/ajax_t163sb04
下游,高速網路交換器,2345,智邦,2022,2,income_statement,營業毛利（毛損）,7054927,"7,054,927",sii,https://mopsov.twse.com.tw/mops/web/ajax_t163sb04
下游,高速網路交換器,2345,智邦,2022,2,income_statement,未實現銷貨（損）益,,--,sii,https://mopsov.twse.com.tw/mops/web/ajax_t163sb04
下游,高速網路交換器,2345,智邦,2022,2,income_statement,已實現銷貨（損）益,,--,sii,https://mopsov.twse.com.tw/mops/web/ajax_t163sb04
下游,高速網路交換器,2345,智邦,2022,2,income_statement,營業毛利（毛損）淨額,7054927,"7,054,927",sii,https://mopsov.twse.com.tw/mops/web/ajax_t163sb04
下游,高速網路交換器,2345,智邦,2022,2,income_statement,營業費用,3097762,"3,097,762",sii,https://mopsov.twse.com.tw/mops/web/ajax_t163sb04
下游,高速網路交換器,2345,智邦,2022,2,income_statement,其他收益及費損淨額,,--,sii,https://mopsov.twse.com.tw/mops/web/ajax_t163sb04
下游,高速網路交換器,2345,智邦,2022,2,income_statement,營業利益（損失）,3957165,"3,957,165",sii,https://mopsov.twse.com.tw/mops/web/ajax_t163sb04
下游,高速網路交換器,2345,智邦,2022,2,income_statement,營業外收入及支出,266304,"266,304",sii,https://mopsov.twse.com.tw/mops/web/ajax_t163sb04
下游,高速網路交換器,2345,智邦,2022,2,income_statement,稅前淨利（淨損）,4223469,"4,223,469",sii,https://mopsov.twse.com.tw/mops/web/ajax_t163sb04
下游,高速網路交換器,2345,智邦,2022,2,income_statement,所得稅費用（利益）,863396,"863,396",sii,https://mopsov.twse.com.tw/mops/web/ajax_t163sb04
下游,高速網路交換器,2345,智邦,2022,2,income_statement,繼續營業單位本期淨利（淨損）,3360073,"3,360,073",sii,https://mopsov.twse.com.tw/mops/web/ajax_t163sb04
下游,高速網路交換器,2345,智邦,2022,2,income_statement,停業單位損益,,--,sii,https://mopsov.twse.com.tw/mops/web/ajax_t163sb04
下游,高速網路交換器,2345,智邦,2022,2,income_statement,合併前非屬共同控制股權損益,,--,sii,https://mopsov.twse.com.tw/mops/web/ajax_t163sb04
下游,高速網路交換器,2345,智邦,2022,2,income_statement,本期淨利（淨損）,3360073,"3,360,073",sii,https://mopsov.twse.com.tw/mops/web/ajax_t163sb04
下游,高速網路交換器,2345,智邦,2022,2,income_statement,其他綜合損益（淨額）,49686,"49,686",sii,https://mopsov.twse.com.tw/mops/web/ajax_t163sb04
下游,高速網路交換器,2345,智邦,2022,2,income_statement,合併前非屬共同控制股權綜合損益淨額,,--,sii,https://mopsov.twse.com.tw/mops/web/ajax_t163sb04
下游,高速網路交換器,2345,智邦,2022,2,income_statement,本期綜合損益總額,3409759,"3,409,759",sii,https://mopsov.twse.com.tw/mops/web/ajax_t163sb04
下游,高速網路交換器,2345,智邦,2022,2,income_statement,淨利（淨損）歸屬於母公司業主,3360073,"3,360,073",sii,https://mopsov.twse.com.tw/mops/web/ajax_t163sb04
下游,高速網路交換器,2345,智邦,2022,2,income_statement,淨利（淨損）歸屬於共同控制下前手權益,,--,sii,https://mopsov.twse.com.tw/mops/web/ajax_t163sb04
下游,高速網路交換器,2345,智邦,2022,2,income_statement,淨利（淨損）歸屬於非控制權益,0,0,sii,https://mopsov.twse.com.tw/mops/web/ajax_t163sb04
下游,高速網路交換器,2345,智邦,2022,2,income_statement,綜合損益總額歸屬於母公司業主,3409759,"3,409,759",sii,https://mopsov.twse.com.tw/mops/web/ajax_t163sb04
下游,高速網路交換器,2345,智邦,2022,2,income_statement,綜合損益總額歸屬於共同控制下前手權益,,--,sii,https://mopsov.twse.com.tw/mops/web/ajax_t163sb04
下游,高速網路交換器,2345,智邦,2022,2,income_statement,綜合損益總額歸屬於非控制權益,0,0,sii,https://mopsov.twse.com.tw/mops/web/ajax_t163sb04
下游,高速網路交換器,2345,智邦,2022,2,income_statement,基本每股盈餘（元）,6.02,6.02,sii,https://mopsov.twse.com.tw/mops/web/ajax_t163sb04
下游,高速網路交換器,2345,智邦,2022,2,balance_sheet,流動資產,34515829,"34,515,829",sii,https://mopsov.twse.com.tw/mops/web/ajax_t163sb05
下游,高速網路交換器,2345,智邦,2022,2,balance_sheet,非流動資產,3625647,"3,625,647",sii,https://mopsov.twse.com.tw/mops/web/ajax_t163sb05
下游,高速網路交換器,2345,智邦,2022,2,balance_sheet,資產總計,38141476,"38,141,476",sii,https://mopsov.twse.com.tw/mops/web/ajax_t163sb05
下游,高速網路交換器,2345,智邦,2022,2,balance_sheet,流動負債,20464393,"20,464,393",sii,https://mopsov.twse.com.tw/mops/web/ajax_t163sb05
下游,高速網路交換器,2345,智邦,2022,2,balance_sheet,非流動負債,2058965,"2,058,965",sii,https://mopsov.twse.com.tw/mops/web/ajax_t163sb05
下游,高速網路交換器,2345,智邦,2022,2,balance_sheet,負債總計,22523358,"22,523,358",sii,https://mopsov.twse.com.tw/mops/web/ajax_t163sb05
下游,高速網路交換器,2345,智邦,2022,2,balance_sheet,股本,5600484,"5,600,484",sii,https://mopsov.twse.com.tw/mops/web/ajax_t163sb05
下游,高速網路交換器,2345,智邦,2022,2,balance_sheet,權益─具證券性質之虛擬通貨,,--,sii,https://mopsov.twse.com.tw/mops/web/ajax_t163sb05
下游,高速網路交換器,2345,智邦,2022,2,balance_sheet,資本公積,857284,"857,284",sii,https://mopsov.twse.com.tw/mops/web/ajax_t163sb05
下游,高速網路交換器,2345,智邦,2022,2,balance_sheet,保留盈餘,9656204,"9,656,204",sii,https://mopsov.twse.com.tw/mops/web/ajax_t163sb05
下游,高速網路交換器,2345,智邦,2022,2,balance_sheet,其他權益,-444855,"-444,855",sii,https://mopsov.twse.com.tw/mops/web/ajax_t163sb05
下游,高速網路交換器,2345,智邦,2022,2,balance_sheet,庫藏股票,-50999,"-50,999",sii,https://mopsov.twse.com.tw/mops/web/ajax_t163sb05
下游,高速網路交換器,2345,智邦,2022,2,balance_sheet,歸屬於母公司業主之權益合計,15618118,"15,618,118",sii,https://mopsov.twse.com.tw/mops/web/ajax_t163sb05
下游,高速網路交換器,2345,智邦,2022,2,balance_sheet,共同控制下前手權益,,--,sii,https://mopsov.twse.com.tw/mops/web/ajax_t163sb05
下游,高速網路交換器,2345,智邦,2022,2,balance_sheet,合併前非屬共同控制股權,,--,sii,https://mopsov.twse.com.tw/mops/web/ajax_t163sb05
下游,高速網路交換器,2345,智邦,2022,2,balance_sheet,非控制權益,0,0,sii,https://mopsov.twse.com.tw/mops/web/ajax_t163sb05
下游,高速網路交換器,2345,智邦,2022,2,balance_sheet,權益總計,15618118,"15,618,118",sii,https://mopsov.twse.com.tw/mops/web/ajax_t163sb05
下游,高速網路交換器,2345,智邦,2022,2,balance_sheet,待註銷股本股數（單位：股）,,--,sii,https://mopsov.twse.com.tw/mops/web/ajax_t163sb05
下游,高速網路交換器,2345,智邦,2022,2,balance_sheet,預收股款（權益項下）之約當發行股數（單位：股）,0,0,sii,https://mopsov.twse.com.tw/mops/web/ajax_t163sb05
下游,高速網路交換器,2345,智邦,2022,2,balance_sheet,母公司暨子公司所持有之母公司庫藏股股數（單位：股）,2209867,"2,209,867",sii,https://mopsov.twse.com.tw/mops/web/ajax_t163sb05
下游,高速網路交換器,2345,智邦,2022,2,balance_sheet,每股參考淨值,28.0,28.00,sii,https://mopsov.twse.com.tw/mops/web/ajax_t163sb05
下游,高速網路交換器,2345,智邦,2022,2,cash_flow,營業活動之淨現金流入（流出）,150386,"150,386",sii,https://mopsov.twse.com.tw/mops/web/ajax_t163sb20
下游,高速網路交換器,2345,智邦,2022,2,cash_flow,投資活動之淨現金流入（流出）,509511,"509,511",sii,https://mopsov.twse.com.tw/mops/web/ajax_t163sb20
下游,高速網路交換器,2345,智邦,2022,2,cash_flow,籌資活動之淨現金流入（流出）,-140341,"-140,341",sii,https://mopsov.twse.com.tw/mops/web/ajax_t163sb20
下游,高速網路交換器,2345,智邦,2022,2,cash_flow,匯率變動對現金及約當現金之影響,118340,"118,340",sii,https://mopsov.twse.com.tw/mops/web/ajax_t163sb20
下游,高速網路交換器,2345,智邦,2022,2,cash_flow,本期現金及約當現金增加（減少）數,637896,"637,896",sii,https://mopsov.twse.com.tw/mops/web/ajax_t163sb20
下游,高速網路交換器,2345,智邦,2022,2,cash_flow,期初現金及約當現金餘額,6257744,"6,257,744",sii,https://mopsov.twse.com.tw/mops/web/ajax_t163sb20
下游,高速網路交換器,2345,智邦,2022,2,cash_flow,期末現金及約當現金餘額,6895640,"6,895,640",sii,https://mopsov.twse.com.tw/mops/web/ajax_t163sb20
下游,高速網路交換器,2345,智邦,2022,3,income_statement,營業收入,55007074,"55,007,074",sii,https://mopsov.twse.com.tw/mops/web/ajax_t163sb04
下游,高速網路交換器,2345,智邦,2022,3,income_statement,營業成本,43419102,"43,419,102",sii,https://mopsov.twse.com.tw/mops/web/ajax_t163sb04
下游,高速網路交換器,2345,智邦,2022,3,income_statement,原始認列生物資產及農產品之利益（損失）,,--,sii,https://mopsov.twse.com.tw/mops/web/ajax_t163sb04
下游,高速網路交換器,2345,智邦,2022,3,income_statement,生物資產當期公允價值減出售成本之變動利益（損失）,,--,sii,https://mopsov.twse.com.tw/mops/web/ajax_t163sb04
下游,高速網路交換器,2345,智邦,2022,3,income_statement,營業毛利（毛損）,11587972,"11,587,972",sii,https://mopsov.twse.com.tw/mops/web/ajax_t163sb04
下游,高速網路交換器,2345,智邦,2022,3,income_statement,未實現銷貨（損）益,,--,sii,https://mopsov.twse.com.tw/mops/web/ajax_t163sb04
下游,高速網路交換器,2345,智邦,2022,3,income_statement,已實現銷貨（損）益,,--,sii,https://mopsov.twse.com.tw/mops/web/ajax_t163sb04
下游,高速網路交換器,2345,智邦,2022,3,income_statement,營業毛利（毛損）淨額,11587972,"11,587,972",sii,https://mopsov.twse.com.tw/mops/web/ajax_t163sb04
下游,高速網路交換器,2345,智邦,2022,3,income_statement,營業費用,5010153,"5,010,153",sii,https://mopsov.twse.com.tw/mops/web/ajax_t163sb04
下游,高速網路交換器,2345,智邦,2022,3,income_statement,其他收益及費損淨額,,--,sii,https://mopsov.twse.com.tw/mops/web/ajax_t163sb04
下游,高速網路交換器,2345,智邦,2022,3,income_statement,營業利益（損失）,6577819,"6,577,819",sii,https://mopsov.twse.com.tw/mops/web/ajax_t163sb04
下游,高速網路交換器,2345,智邦,2022,3,income_statement,營業外收入及支出,918738,"918,738",sii,https://mopsov.twse.com.tw/mops/web/ajax_t163sb04
下游,高速網路交換器,2345,智邦,2022,3,income_statement,稅前淨利（淨損）,7496557,"7,496,557",sii,https://mopsov.twse.com.tw/mops/web/ajax_t163sb04
下游,高速網路交換器,2345,智邦,2022,3,income_statement,所得稅費用（利益）,1675274,"1,675,274",sii,https://mopsov.twse.com.tw/mops/web/ajax_t163sb04
下游,高速網路交換器,2345,智邦,2022,3,income_statement,繼續營業單位本期淨利（淨損）,5821283,"5,821,283",sii,https://mopsov.twse.com.tw/mops/web/ajax_t163sb04
下游,高速網路交換器,2345,智邦,2022,3,income_statement,停業單位損益,,--,sii,https://mopsov.twse.com.tw/mops/web/ajax_t163sb04
下游,高速網路交換器,2345,智邦,2022,3,income_statement,合併前非屬共同控制股權損益,,--,sii,https://mopsov.twse.com.tw/mops/web/ajax_t163sb04
下游,高速網路交換器,2345,智邦,2022,3,income_statement,本期淨利（淨損）,5821283,"5,821,283",sii,https://mopsov.twse.com.tw/mops/web/ajax_t163sb04
下游,高速網路交換器,2345,智邦,2022,3,income_statement,其他綜合損益（淨額）,126685,"126,685",sii,https://mopsov.twse.com.tw/mops/web/ajax_t163sb04
下游,高速網路交換器,2345,智邦,2022,3,income_statement,合併前非屬共同控制股權綜合損益淨額,,--,sii,https://mopsov.twse.com.tw/mops/web/ajax_t163sb04
下游,高速網路交換器,2345,智邦,2022,3,income_statement,本期綜合損益總額,5947968,"5,947,968",sii,https://mopsov.twse.com.tw/mops/web/ajax_t163sb04
下游,高速網路交換器,2345,智邦,2022,3,income_statement,淨利（淨損）歸屬於母公司業主,5821283,"5,821,283",sii,https://mopsov.twse.com.tw/mops/web/ajax_t163sb04
下游,高速網路交換器,2345,智邦,2022,3,income_statement,淨利（淨損）歸屬於共同控制下前手權益,,--,sii,https://mopsov.twse.com.tw/mops/web/ajax_t163sb04
下游,高速網路交換器,2345,智邦,2022,3,income_statement,淨利（淨損）歸屬於非控制權益,0,0,sii,https://mopsov.twse.com.tw/mops/web/ajax_t163sb04
下游,高速網路交換器,2345,智邦,2022,3,income_statement,綜合損益總額歸屬於母公司業主,5947968,"5,947,968",sii,https://mopsov.twse.com.tw/mops/web/ajax_t163sb04
下游,高速網路交換器,2345,智邦,2022,3,income_statement,綜合損益總額歸屬於共同控制下前手權益,,--,sii,https://mopsov.twse.com.tw/mops/web/ajax_t163sb04
下游,高速網路交換器,2345,智邦,2022,3,income_statement,綜合損益總額歸屬於非控制權益,0,0,sii,https://mopsov.twse.com.tw/mops/web/ajax_t163sb04
下游,高速網路交換器,2345,智邦,2022,3,income_statement,基本每股盈餘（元）,10.44,10.44,sii,https://mopsov.twse.com.tw/mops/web/ajax_t163sb04
下游,高速網路交換器,2345,智邦,2022,3,balance_sheet,流動資產,38731115,"38,731,115",sii,https://mopsov.twse.com.tw/mops/web/ajax_t163sb05
下游,高速網路交換器,2345,智邦,2022,3,balance_sheet,非流動資產,3533129,"3,533,129",sii,https://mopsov.twse.com.tw/mops/web/ajax_t163sb05
下游,高速網路交換器,2345,智邦,2022,3,balance_sheet,資產總計,42264244,"42,264,244",sii,https://mopsov.twse.com.tw/mops/web/ajax_t163sb05
下游,高速網路交換器,2345,智邦,2022,3,balance_sheet,流動負債,19397875,"19,397,875",sii,https://mopsov.twse.com.tw/mops/web/ajax_t163sb05
下游,高速網路交換器,2345,智邦,2022,3,balance_sheet,非流動負債,4709911,"4,709,911",sii,https://mopsov.twse.com.tw/mops/web/ajax_t163sb05
下游,高速網路交換器,2345,智邦,2022,3,balance_sheet,負債總計,24107786,"24,107,786",sii,https://mopsov.twse.com.tw/mops/web/ajax_t163sb05
下游,高速網路交換器,2345,智邦,2022,3,balance_sheet,股本,5600584,"5,600,584",sii,https://mopsov.twse.com.tw/mops/web/ajax_t163sb05
下游,高速網路交換器,2345,智邦,2022,3,balance_sheet,權益─具證券性質之虛擬通貨,,--,sii,https://mopsov.twse.com.tw/mops/web/ajax_t163sb05
下游,高速網路交換器,2345,智邦,2022,3,balance_sheet,資本公積,857315,"857,315",sii,https://mopsov.twse.com.tw/mops/web/ajax_t163sb05
下游,高速網路交換器,2345,智邦,2022,3,balance_sheet,保留盈餘,12117414,"12,117,414",sii,https://mopsov.twse.com.tw/mops/web/ajax_t163sb05
下游,高速網路交換器,2345,智邦,2022,3,balance_sheet,其他權益,-367856,"-367,856",sii,https://mopsov.twse.com.tw/mops/web/ajax_t163sb05
下游,高速網路交換器,2345,智邦,2022,3,balance_sheet,庫藏股票,-50999,"-50,999",sii,https://mopsov.twse.com.tw/mops/web/ajax_t163sb05
下游,高速網路交換器,2345,智邦,2022,3,balance_sheet,歸屬於母公司業主之權益合計,18156458,"18,156,458",sii,https://mopsov.twse.com.tw/mops/web/ajax_t163sb05
下游,高速網路交換器,2345,智邦,2022,3,balance_sheet,共同控制下前手權益,,--,sii,https://mopsov.twse.com.tw/mops/web/ajax_t163sb05
下游,高速網路交換器,2345,智邦,2022,3,balance_sheet,合併前非屬共同控制股權,,--,sii,https://mopsov.twse.com.tw/mops/web/ajax_t163sb05
下游,高速網路交換器,2345,智邦,2022,3,balance_sheet,非控制權益,0,0,sii,https://mopsov.twse.com.tw/mops/web/ajax_t163sb05
下游,高速網路交換器,2345,智邦,2022,3,balance_sheet,權益總計,18156458,"18,156,458",sii,https://mopsov.twse.com.tw/mops/web/ajax_t163sb05
下游,高速網路交換器,2345,智邦,2022,3,balance_sheet,待註銷股本股數（單位：股）,,--,sii,https://mopsov.twse.com.tw/mops/web/ajax_t163sb05
下游,高速網路交換器,2345,智邦,2022,3,balance_sheet,預收股款（權益項下）之約當發行股數（單位：股）,0,0,sii,https://mopsov.twse.com.tw/mops/web/ajax_t163sb05
下游,高速網路交換器,2345,智邦,2022,3,balance_sheet,母公司暨子公司所持有之母公司庫藏股股數（單位：股）,2209867,"2,209,867",sii,https://mopsov.twse.com.tw/mops/web/ajax_t163sb05
下游,高速網路交換器,2345,智邦,2022,3,balance_sheet,每股參考淨值,32.55,32.55,sii,https://mopsov.twse.com.tw/mops/web/ajax_t163sb05
下游,高速網路交換器,2345,智邦,2022,3,cash_flow,營業活動之淨現金流入（流出）,7390606,"7,390,606",sii,https://mopsov.twse.com.tw/mops/web/ajax_t163sb20
下游,高速網路交換器,2345,智邦,2022,3,cash_flow,投資活動之淨現金流入（流出）,373576,"373,576",sii,https://mopsov.twse.com.tw/mops/web/ajax_t163sb20
下游,高速網路交換器,2345,智邦,2022,3,cash_flow,籌資活動之淨現金流入（流出）,-771131,"-771,131",sii,https://mopsov.twse.com.tw/mops/web/ajax_t163sb20
下游,高速網路交換器,2345,智邦,2022,3,cash_flow,匯率變動對現金及約當現金之影響,326916,"326,916",sii,https://mopsov.twse.com.tw/mops/web/ajax_t163sb20
下游,高速網路交換器,2345,智邦,2022,3,cash_flow,本期現金及約當現金增加（減少）數,7319967,"7,319,967",sii,https://mopsov.twse.com.tw/mops/web/ajax_t163sb20
下游,高速網路交換器,2345,智邦,2022,3,cash_flow,期初現金及約當現金餘額,6257744,"6,257,744",sii,https://mopsov.twse.com.tw/mops/web/ajax_t163sb20
下游,高速網路交換器,2345,智邦,2022,3,cash_flow,期末現金及約當現金餘額,13577711,"13,577,711",sii,https://mopsov.twse.com.tw/mops/web/ajax_t163sb20
下游,高速網路交換器,2345,智邦,2022,4,income_statement,營業收入,77205223,"77,205,223",sii,https://mopsov.twse.com.tw/mops/web/ajax_t163sb04
下游,高速網路交換器,2345,智邦,2022,4,income_statement,營業成本,60686961,"60,686,961",sii,https://mopsov.twse.com.tw/mops/web/ajax_t163sb04
下游,高速網路交換器,2345,智邦,2022,4,income_statement,原始認列生物資產及農產品之利益（損失）,,--,sii,https://mopsov.twse.com.tw/mops/web/ajax_t163sb04
下游,高速網路交換器,2345,智邦,2022,4,income_statement,生物資產當期公允價值減出售成本之變動利益（損失）,,--,sii,https://mopsov.twse.com.tw/mops/web/ajax_t163sb04
下游,高速網路交換器,2345,智邦,2022,4,income_statement,營業毛利（毛損）,16518262,"16,518,262",sii,https://mopsov.twse.com.tw/mops/web/ajax_t163sb04
下游,高速網路交換器,2345,智邦,2022,4,income_statement,未實現銷貨（損）益,,--,sii,https://mopsov.twse.com.tw/mops/web/ajax_t163sb04
下游,高速網路交換器,2345,智邦,2022,4,income_statement,已實現銷貨（損）益,,--,sii,https://mopsov.twse.com.tw/mops/web/ajax_t163sb04
下游,高速網路交換器,2345,智邦,2022,4,income_statement,營業毛利（毛損）淨額,16518262,"16,518,262",sii,https://mopsov.twse.com.tw/mops/web/ajax_t163sb04
下游,高速網路交換器,2345,智邦,2022,4,income_statement,營業費用,6885654,"6,885,654",sii,https://mopsov.twse.com.tw/mops/web/ajax_t163sb04
下游,高速網路交換器,2345,智邦,2022,4,income_statement,其他收益及費損淨額,,--,sii,https://mopsov.twse.com.tw/mops/web/ajax_t163sb04
下游,高速網路交換器,2345,智邦,2022,4,income_statement,營業利益（損失）,9632608,"9,632,608",sii,https://mopsov.twse.com.tw/mops/web/ajax_t163sb04
下游,高速網路交換器,2345,智邦,2022,4,income_statement,營業外收入及支出,643315,"643,315",sii,https://mopsov.twse.com.tw/mops/web/ajax_t163sb04
下游,高速網路交換器,2345,智邦,2022,4,income_statement,稅前淨利（淨損）,10275923,"10,275,923",sii,https://mopsov.twse.com.tw/mops/web/ajax_t163sb04
下游,高速網路交換器,2345,智邦,2022,4,income_statement,所得稅費用（利益）,2110111,"2,110,111",sii,https://mopsov.twse.com.tw/mops/web/ajax_t163sb04
下游,高速網路交換器,2345,智邦,2022,4,income_statement,繼續營業單位本期淨利（淨損）,8165812,"8,165,812",sii,https://mopsov.twse.com.tw/mops/web/ajax_t163sb04
下游,高速網路交換器,2345,智邦,2022,4,income_statement,停業單位損益,,--,sii,https://mopsov.twse.com.tw/mops/web/ajax_t163sb04
下游,高速網路交換器,2345,智邦,2022,4,income_statement,合併前非屬共同控制股權損益,,--,sii,https://mopsov.twse.com.tw/mops/web/ajax_t163sb04
下游,高速網路交換器,2345,智邦,2022,4,income_statement,本期淨利（淨損）,8165812,"8,165,812",sii,https://mopsov.twse.com.tw/mops/web/ajax_t163sb04
下游,高速網路交換器,2345,智邦,2022,4,income_statement,其他綜合損益（淨額）,52791,"52,791",sii,https://mopsov.twse.com.tw/mops/web/ajax_t163sb04
下游,高速網路交換器,2345,智邦,2022,4,income_statement,合併前非屬共同控制股權綜合損益淨額,,--,sii,https://mopsov.twse.com.tw/mops/web/ajax_t163sb04
下游,高速網路交換器,2345,智邦,2022,4,income_statement,本期綜合損益總額,8218603,"8,218,603",sii,https://mopsov.twse.com.tw/mops/web/ajax_t163sb04
下游,高速網路交換器,2345,智邦,2022,4,income_statement,淨利（淨損）歸屬於母公司業主,8165812,"8,165,812",sii,https://mopsov.twse.com.tw/mops/web/ajax_t163sb04
下游,高速網路交換器,2345,智邦,2022,4,income_statement,淨利（淨損）歸屬於共同控制下前手權益,,--,sii,https://mopsov.twse.com.tw/mops/web/ajax_t163sb04
下游,高速網路交換器,2345,智邦,2022,4,income_statement,淨利（淨損）歸屬於非控制權益,0,0,sii,https://mopsov.twse.com.tw/mops/web/ajax_t163sb04
下游,高速網路交換器,2345,智邦,2022,4,income_statement,綜合損益總額歸屬於母公司業主,8218603,"8,218,603",sii,https://mopsov.twse.com.tw/mops/web/ajax_t163sb04
下游,高速網路交換器,2345,智邦,2022,4,income_statement,綜合損益總額歸屬於共同控制下前手權益,,--,sii,https://mopsov.twse.com.tw/mops/web/ajax_t163sb04
下游,高速網路交換器,2345,智邦,2022,4,income_statement,綜合損益總額歸屬於非控制權益,0,0,sii,https://mopsov.twse.com.tw/mops/web/ajax_t163sb04
下游,高速網路交換器,2345,智邦,2022,4,income_statement,基本每股盈餘（元）,14.64,14.64,sii,https://mopsov.twse.com.tw/mops/web/ajax_t163sb04
下游,高速網路交換器,2345,智邦,2022,4,balance_sheet,流動資產,41882761,"41,882,761",sii,https://mopsov.twse.com.tw/mops/web/ajax_t163sb05
下游,高速網路交換器,2345,智邦,2022,4,balance_sheet,非流動資產,4178048,"4,178,048",sii,https://mopsov.twse.com.tw/mops/web/ajax_t163sb05
下游,高速網路交換器,2345,智邦,2022,4,balance_sheet,資產總計,46060809,"46,060,809",sii,https://mopsov.twse.com.tw/mops/web/ajax_t163sb05
下游,高速網路交換器,2345,智邦,2022,4,balance_sheet,流動負債,21567677,"21,567,677",sii,https://mopsov.twse.com.tw/mops/web/ajax_t163sb05
下游,高速網路交換器,2345,智邦,2022,4,balance_sheet,非流動負債,4064971,"4,064,971",sii,https://mopsov.twse.com.tw/mops/web/ajax_t163sb05
下游,高速網路交換器,2345,智邦,2022,4,balance_sheet,負債總計,25632648,"25,632,648",sii,https://mopsov.twse.com.tw/mops/web/ajax_t163sb05
下游,高速網路交換器,2345,智邦,2022,4,balance_sheet,股本,5601399,"5,601,399",sii,https://mopsov.twse.com.tw/mops/web/ajax_t163sb05
下游,高速網路交換器,2345,智邦,2022,4,balance_sheet,權益─具證券性質之虛擬通貨,,--,sii,https://mopsov.twse.com.tw/mops/web/ajax_t163sb05
下游,高速網路交換器,2345,智邦,2022,4,balance_sheet,資本公積,857568,"857,568",sii,https://mopsov.twse.com.tw/mops/web/ajax_t163sb05
下游,高速網路交換器,2345,智邦,2022,4,balance_sheet,保留盈餘,14482209,"14,482,209",sii,https://mopsov.twse.com.tw/mops/web/ajax_t163sb05
下游,高速網路交換器,2345,智邦,2022,4,balance_sheet,其他權益,-462016,"-462,016",sii,https://mopsov.twse.com.tw/mops/web/ajax_t163sb05
下游,高速網路交換器,2345,智邦,2022,4,balance_sheet,庫藏股票,-50999,"-50,999",sii,https://mopsov.twse.com.tw/mops/web/ajax_t163sb05
下游,高速網路交換器,2345,智邦,2022,4,balance_sheet,歸屬於母公司業主之權益合計,20428161,"20,428,161",sii,https://mopsov.twse.com.tw/mops/web/ajax_t163sb05
下游,高速網路交換器,2345,智邦,2022,4,balance_sheet,共同控制下前手權益,,--,sii,https://mopsov.twse.com.tw/mops/web/ajax_t163sb05
下游,高速網路交換器,2345,智邦,2022,4,balance_sheet,合併前非屬共同控制股權,,--,sii,https://mopsov.twse.com.tw/mops/web/ajax_t163sb05
下游,高速網路交換器,2345,智邦,2022,4,balance_sheet,非控制權益,0,0,sii,https://mopsov.twse.com.tw/mops/web/ajax_t163sb05
下游,高速網路交換器,2345,智邦,2022,4,balance_sheet,權益總計,20428161,"20,428,161",sii,https://mopsov.twse.com.tw/mops/web/ajax_t163sb05
下游,高速網路交換器,2345,智邦,2022,4,balance_sheet,待註銷股本股數（單位：股）,,--,sii,https://mopsov.twse.com.tw/mops/web/ajax_t163sb05
下游,高速網路交換器,2345,智邦,2022,4,balance_sheet,預收股款（權益項下）之約當發行股數（單位：股）,0,0,sii,https://mopsov.twse.com.tw/mops/web/ajax_t163sb05
下游,高速網路交換器,2345,智邦,2022,4,balance_sheet,母公司暨子公司所持有之母公司庫藏股股數（單位：股）,2209867,"2,209,867",sii,https://mopsov.twse.com.tw/mops/web/ajax_t163sb05
下游,高速網路交換器,2345,智邦,2022,4,balance_sheet,每股參考淨值,36.61,36.61,sii,https://mopsov.twse.com.tw/mops/web/ajax_t163sb05
下游,高速網路交換器,2345,智邦,2022,4,cash_flow,營業活動之淨現金流入（流出）,9723362,"9,723,362",sii,https://mopsov.twse.com.tw/mops/web/ajax_t163sb20
下游,高速網路交換器,2345,智邦,2022,4,cash_flow,投資活動之淨現金流入（流出）,-6104491,"-6,104,491",sii,https://mopsov.twse.com.tw/mops/web/ajax_t163sb20
下游,高速網路交換器,2345,智邦,2022,4,cash_flow,籌資活動之淨現金流入（流出）,-1282429,"-1,282,429",sii,https://mopsov.twse.com.tw/mops/web/ajax_t163sb20
下游,高速網路交換器,2345,智邦,2022,4,cash_flow,匯率變動對現金及約當現金之影響,101186,"101,186",sii,https://mopsov.twse.com.tw/mops/web/ajax_t163sb20
下游,高速網路交換器,2345,智邦,2022,4,cash_flow,本期現金及約當現金增加（減少）數,2437628,"2,437,628",sii,https://mopsov.twse.com.tw/mops/web/ajax_t163sb20
下游,高速網路交換器,2345,智邦,2022,4,cash_flow,期初現金及約當現金餘額,6257744,"6,257,744",sii,https://mopsov.twse.com.tw/mops/web/ajax_t163sb20
下游,高速網路交換器,2345,智邦,2022,4,cash_flow,期末現金及約當現金餘額,8695372,"8,695,372",sii,https://mopsov.twse.com.tw/mops/web/ajax_t163sb20
下游,高速網路交換器,2345,智邦,2023,1,income_statement,營業收入,19685588,"19,685,588",sii,https://mopsov.twse.com.tw/mops/web/ajax_t163sb04
下游,高速網路交換器,2345,智邦,2023,1,income_statement,營業成本,15374346,"15,374,346",sii,https://mopsov.twse.com.tw/mops/web/ajax_t163sb04
下游,高速網路交換器,2345,智邦,2023,1,income_statement,原始認列生物資產及農產品之利益（損失）,,--,sii,https://mopsov.twse.com.tw/mops/web/ajax_t163sb04
下游,高速網路交換器,2345,智邦,2023,1,income_statement,生物資產當期公允價值減出售成本之變動利益（損失）,,--,sii,https://mopsov.twse.com.tw/mops/web/ajax_t163sb04
下游,高速網路交換器,2345,智邦,2023,1,income_statement,營業毛利（毛損）,4311242,"4,311,242",sii,https://mopsov.twse.com.tw/mops/web/ajax_t163sb04
下游,高速網路交換器,2345,智邦,2023,1,income_statement,未實現銷貨（損）益,,--,sii,https://mopsov.twse.com.tw/mops/web/ajax_t163sb04
下游,高速網路交換器,2345,智邦,2023,1,income_statement,已實現銷貨（損）益,,--,sii,https://mopsov.twse.com.tw/mops/web/ajax_t163sb04
下游,高速網路交換器,2345,智邦,2023,1,income_statement,營業毛利（毛損）淨額,4311242,"4,311,242",sii,https://mopsov.twse.com.tw/mops/web/ajax_t163sb04
下游,高速網路交換器,2345,智邦,2023,1,income_statement,營業費用,1725047,"1,725,047",sii,https://mopsov.twse.com.tw/mops/web/ajax_t163sb04
下游,高速網路交換器,2345,智邦,2023,1,income_statement,其他收益及費損淨額,,--,sii,https://mopsov.twse.com.tw/mops/web/ajax_t163sb04
下游,高速網路交換器,2345,智邦,2023,1,income_statement,營業利益（損失）,2586195,"2,586,195",sii,https://mopsov.twse.com.tw/mops/web/ajax_t163sb04
下游,高速網路交換器,2345,智邦,2023,1,income_statement,營業外收入及支出,-46956,"-46,956",sii,https://mopsov.twse.com.tw/mops/web/ajax_t163sb04
下游,高速網路交換器,2345,智邦,2023,1,income_statement,稅前淨利（淨損）,2539239,"2,539,239",sii,https://mopsov.twse.com.tw/mops/web/ajax_t163sb04
下游,高速網路交換器,2345,智邦,2023,1,income_statement,所得稅費用（利益）,502074,"502,074",sii,https://mopsov.twse.com.tw/mops/web/ajax_t163sb04
下游,高速網路交換器,2345,智邦,2023,1,income_statement,繼續營業單位本期淨利（淨損）,2037165,"2,037,165",sii,https://mopsov.twse.com.tw/mops/web/ajax_t163sb04
下游,高速網路交換器,2345,智邦,2023,1,income_statement,停業單位損益,,--,sii,https://mopsov.twse.com.tw/mops/web/ajax_t163sb04
下游,高速網路交換器,2345,智邦,2023,1,income_statement,合併前非屬共同控制股權損益,,--,sii,https://mopsov.twse.com.tw/mops/web/ajax_t163sb04
下游,高速網路交換器,2345,智邦,2023,1,income_statement,本期淨利（淨損）,2037165,"2,037,165",sii,https://mopsov.twse.com.tw/mops/web/ajax_t163sb04
下游,高速網路交換器,2345,智邦,2023,1,income_statement,其他綜合損益（淨額）,69302,"69,302",sii,https://mopsov.twse.com.tw/mops/web/ajax_t163sb04
下游,高速網路交換器,2345,智邦,2023,1,income_statement,合併前非屬共同控制股權綜合損益淨額,,--,sii,https://mopsov.twse.com.tw/mops/web/ajax_t163sb04
下游,高速網路交換器,2345,智邦,2023,1,income_statement,本期綜合損益總額,2106467,"2,106,467",sii,https://mopsov.twse.com.tw/mops/web/ajax_t163sb04
下游,高速網路交換器,2345,智邦,2023,1,income_statement,淨利（淨損）歸屬於母公司業主,2037165,"2,037,165",sii,https://mopsov.twse.com.tw/mops/web/ajax_t163sb04
下游,高速網路交換器,2345,智邦,2023,1,income_statement,淨利（淨損）歸屬於共同控制下前手權益,,--,sii,https://mopsov.twse.com.tw/mops/web/ajax_t163sb04
下游,高速網路交換器,2345,智邦,2023,1,income_statement,淨利（淨損）歸屬於非控制權益,0,0,sii,https://mopsov.twse.com.tw/mops/web/ajax_t163sb04
下游,高速網路交換器,2345,智邦,2023,1,income_statement,綜合損益總額歸屬於母公司業主,2106467,"2,106,467",sii,https://mopsov.twse.com.tw/mops/web/ajax_t163sb04
下游,高速網路交換器,2345,智邦,2023,1,income_statement,綜合損益總額歸屬於共同控制下前手權益,,--,sii,https://mopsov.twse.com.tw/mops/web/ajax_t163sb04
下游,高速網路交換器,2345,智邦,2023,1,income_statement,綜合損益總額歸屬於非控制權益,0,0,sii,https://mopsov.twse.com.tw/mops/web/ajax_t163sb04
下游,高速網路交換器,2345,智邦,2023,1,income_statement,基本每股盈餘（元）,3.65,3.65,sii,https://mopsov.twse.com.tw/mops/web/ajax_t163sb04
下游,高速網路交換器,2345,智邦,2023,1,balance_sheet,流動資產,41778044,"41,778,044",sii,https://mopsov.twse.com.tw/mops/web/ajax_t163sb05
下游,高速網路交換器,2345,智邦,2023,1,balance_sheet,非流動資產,4219849,"4,219,849",sii,https://mopsov.twse.com.tw/mops/web/ajax_t163sb05
下游,高速網路交換器,2345,智邦,2023,1,balance_sheet,資產總計,45997893,"45,997,893",sii,https://mopsov.twse.com.tw/mops/web/ajax_t163sb05
下游,高速網路交換器,2345,智邦,2023,1,balance_sheet,流動負債,21273990,"21,273,990",sii,https://mopsov.twse.com.tw/mops/web/ajax_t163sb05
下游,高速網路交換器,2345,智邦,2023,1,balance_sheet,非流動負債,2189026,"2,189,026",sii,https://mopsov.twse.com.tw/mops/web/ajax_t163sb05
下游,高速網路交換器,2345,智邦,2023,1,balance_sheet,負債總計,23463016,"23,463,016",sii,https://mopsov.twse.com.tw/mops/web/ajax_t163sb05
下游,高速網路交換器,2345,智邦,2023,1,balance_sheet,股本,5601589,"5,601,589",sii,https://mopsov.twse.com.tw/mops/web/ajax_t163sb05
下游,高速網路交換器,2345,智邦,2023,1,balance_sheet,權益─具證券性質之虛擬通貨,,--,sii,https://mopsov.twse.com.tw/mops/web/ajax_t163sb05
下游,高速網路交換器,2345,智邦,2023,1,balance_sheet,資本公積,857627,"857,627",sii,https://mopsov.twse.com.tw/mops/web/ajax_t163sb05
下游,高速網路交換器,2345,智邦,2023,1,balance_sheet,保留盈餘,16520208,"16,520,208",sii,https://mopsov.twse.com.tw/mops/web/ajax_t163sb05
下游,高速網路交換器,2345,智邦,2023,1,balance_sheet,其他權益,-393548,"-393,548",sii,https://mopsov.twse.com.tw/mops/web/ajax_t163sb05
下游,高速網路交換器,2345,智邦,2023,1,balance_sheet,庫藏股票,-50999,"-50,999",sii,https://mopsov.twse.com.tw/mops/web/ajax_t163sb05
下游,高速網路交換器,2345,智邦,2023,1,balance_sheet,歸屬於母公司業主之權益合計,22534877,"22,534,877",sii,https://mopsov.twse.com.tw/mops/web/ajax_t163sb05
下游,高速網路交換器,2345,智邦,2023,1,balance_sheet,共同控制下前手權益,,--,sii,https://mopsov.twse.com.tw/mops/web/ajax_t163sb05
下游,高速網路交換器,2345,智邦,2023,1,balance_sheet,合併前非屬共同控制股權,,--,sii,https://mopsov.twse.com.tw/mops/web/ajax_t163sb05
下游,高速網路交換器,2345,智邦,2023,1,balance_sheet,非控制權益,0,0,sii,https://mopsov.twse.com.tw/mops/web/ajax_t163sb05
下游,高速網路交換器,2345,智邦,2023,1,balance_sheet,權益總計,22534877,"22,534,877",sii,https://mopsov.twse.com.tw/mops/web/ajax_t163sb05
下游,高速網路交換器,2345,智邦,2023,1,balance_sheet,待註銷股本股數（單位：股）,,--,sii,https://mopsov.twse.com.tw/mops/web/ajax_t163sb05
下游,高速網路交換器,2345,智邦,2023,1,balance_sheet,預收股款（權益項下）之約當發行股數（單位：股）,0,0,sii,https://mopsov.twse.com.tw/mops/web/ajax_t163sb05
下游,高速網路交換器,2345,智邦,2023,1,balance_sheet,母公司暨子公司所持有之母公司庫藏股股數（單位：股）,2209867,"2,209,867",sii,https://mopsov.twse.com.tw/mops/web/ajax_t163sb05
下游,高速網路交換器,2345,智邦,2023,1,balance_sheet,每股參考淨值,40.39,40.39,sii,https://mopsov.twse.com.tw/mops/web/ajax_t163sb05
下游,高速網路交換器,2345,智邦,2023,1,cash_flow,營業活動之淨現金流入（流出）,3925428,"3,925,428",sii,https://mopsov.twse.com.tw/mops/web/ajax_t163sb20
下游,高速網路交換器,2345,智邦,2023,1,cash_flow,投資活動之淨現金流入（流出）,213442,"213,442",sii,https://mopsov.twse.com.tw/mops/web/ajax_t163sb20
下游,高速網路交換器,2345,智邦,2023,1,cash_flow,籌資活動之淨現金流入（流出）,-2503588,"-2,503,588",sii,https://mopsov.twse.com.tw/mops/web/ajax_t163sb20
下游,高速網路交換器,2345,智邦,2023,1,cash_flow,匯率變動對現金及約當現金之影響,6505,"6,505",sii,https://mopsov.twse.com.tw/mops/web/ajax_t163sb20
下游,高速網路交換器,2345,智邦,2023,1,cash_flow,本期現金及約當現金增加（減少）數,1641787,"1,641,787",sii,https://mopsov.twse.com.tw/mops/web/ajax_t163sb20
下游,高速網路交換器,2345,智邦,2023,1,cash_flow,期初現金及約當現金餘額,8695372,"8,695,372",sii,https://mopsov.twse.com.tw/mops/web/ajax_t163sb20
下游,高速網路交換器,2345,智邦,2023,1,cash_flow,期末現金及約當現金餘額,10337159,"10,337,159",sii,https://mopsov.twse.com.tw/mops/web/ajax_t163sb20
下游,高速網路交換器,2345,智邦,2023,2,income_statement,營業收入,39805355,"39,805,355",sii,https://mopsov.twse.com.tw/mops/web/ajax_t163sb04
下游,高速網路交換器,2345,智邦,2023,2,income_statement,營業成本,30997233,"30,997,233",sii,https://mopsov.twse.com.tw/mops/web/ajax_t163sb04
下游,高速網路交換器,2345,智邦,2023,2,income_statement,原始認列生物資產及農產品之利益（損失）,,--,sii,https://mopsov.twse.com.tw/mops/web/ajax_t163sb04
下游,高速網路交換器,2345,智邦,2023,2,income_statement,生物資產當期公允價值減出售成本之變動利益（損失）,,--,sii,https://mopsov.twse.com.tw/mops/web/ajax_t163sb04
下游,高速網路交換器,2345,智邦,2023,2,income_statement,營業毛利（毛損）,8808122,"8,808,122",sii,https://mopsov.twse.com.tw/mops/web/ajax_t163sb04
下游,高速網路交換器,2345,智邦,2023,2,income_statement,未實現銷貨（損）益,,--,sii,https://mopsov.twse.com.tw/mops/web/ajax_t163sb04
下游,高速網路交換器,2345,智邦,2023,2,income_statement,已實現銷貨（損）益,,--,sii,https://mopsov.twse.com.tw/mops/web/ajax_t163sb04
下游,高速網路交換器,2345,智邦,2023,2,income_statement,營業毛利（毛損）淨額,8808122,"8,808,122",sii,https://mopsov.twse.com.tw/mops/web/ajax_t163sb04
下游,高速網路交換器,2345,智邦,2023,2,income_statement,營業費用,3620710,"3,620,710",sii,https://mopsov.twse.com.tw/mops/web/ajax_t163sb04
下游,高速網路交換器,2345,智邦,2023,2,income_statement,其他收益及費損淨額,,--,sii,https://mopsov.twse.com.tw/mops/web/ajax_t163sb04
下游,高速網路交換器,2345,智邦,2023,2,income_statement,營業利益（損失）,5187412,"5,187,412",sii,https://mopsov.twse.com.tw/mops/web/ajax_t163sb04
下游,高速網路交換器,2345,智邦,2023,2,income_statement,營業外收入及支出,423568,"423,568",sii,https://mopsov.twse.com.tw/mops/web/ajax_t163sb04
下游,高速網路交換器,2345,智邦,2023,2,income_statement,稅前淨利（淨損）,5610980,"5,610,980",sii,https://mopsov.twse.com.tw/mops/web/ajax_t163sb04
下游,高速網路交換器,2345,智邦,2023,2,income_statement,所得稅費用（利益）,1328919,"1,328,919",sii,https://mopsov.twse.com.tw/mops/web/ajax_t163sb04
下游,高速網路交換器,2345,智邦,2023,2,income_statement,繼續營業單位本期淨利（淨損）,4282061,"4,282,061",sii,https://mopsov.twse.com.tw/mops/web/ajax_t163sb04
下游,高速網路交換器,2345,智邦,2023,2,income_statement,停業單位損益,,--,sii,https://mopsov.twse.com.tw/mops/web/ajax_t163sb04
下游,高速網路交換器,2345,智邦,2023,2,income_statement,合併前非屬共同控制股權損益,,--,sii,https://mopsov.twse.com.tw/mops/web/ajax_t163sb04
下游,高速網路交換器,2345,智邦,2023,2,income_statement,本期淨利（淨損）,4282061,"4,282,061",sii,https://mopsov.twse.com.tw/mops/web/ajax_t163sb04
下游,高速網路交換器,2345,智邦,2023,2,income_statement,其他綜合損益（淨額）,-18501,"-18,501",sii,https://mopsov.twse.com.tw/mops/web/ajax_t163sb04
下游,高速網路交換器,2345,智邦,2023,2,income_statement,合併前非屬共同控制股權綜合損益淨額,,--,sii,https://mopsov.twse.com.tw/mops/web/ajax_t163sb04
下游,高速網路交換器,2345,智邦,2023,2,income_statement,本期綜合損益總額,4263560,"4,263,560",sii,https://mopsov.twse.com.tw/mops/web/ajax_t163sb04
下游,高速網路交換器,2345,智邦,2023,2,income_statement,淨利（淨損）歸屬於母公司業主,4282061,"4,282,061",sii,https://mopsov.twse.com.tw/mops/web/ajax_t163sb04
下游,高速網路交換器,2345,智邦,2023,2,income_statement,淨利（淨損）歸屬於共同控制下前手權益,,--,sii,https://mopsov.twse.com.tw/mops/web/ajax_t163sb04
下游,高速網路交換器,2345,智邦,2023,2,income_statement,淨利（淨損）歸屬於非控制權益,0,0,sii,https://mopsov.twse.com.tw/mops/web/ajax_t163sb04
下游,高速網路交換器,2345,智邦,2023,2,income_statement,綜合損益總額歸屬於母公司業主,4263560,"4,263,560",sii,https://mopsov.twse.com.tw/mops/web/ajax_t163sb04
下游,高速網路交換器,2345,智邦,2023,2,income_statement,綜合損益總額歸屬於共同控制下前手權益,,--,sii,https://mopsov.twse.com.tw/mops/web/ajax_t163sb04
下游,高速網路交換器,2345,智邦,2023,2,income_statement,綜合損益總額歸屬於非控制權益,0,0,sii,https://mopsov.twse.com.tw/mops/web/ajax_t163sb04
下游,高速網路交換器,2345,智邦,2023,2,income_statement,基本每股盈餘（元）,7.67,7.67,sii,https://mopsov.twse.com.tw/mops/web/ajax_t163sb04
下游,高速網路交換器,2345,智邦,2023,2,balance_sheet,流動資產,43528481,"43,528,481",sii,https://mopsov.twse.com.tw/mops/web/ajax_t163sb05
下游,高速網路交換器,2345,智邦,2023,2,balance_sheet,非流動資產,4686339,"4,686,339",sii,https://mopsov.twse.com.tw/mops/web/ajax_t163sb05
下游,高速網路交換器,2345,智邦,2023,2,balance_sheet,資產總計,48214820,"48,214,820",sii,https://mopsov.twse.com.tw/mops/web/ajax_t163sb05
下游,高速網路交換器,2345,智邦,2023,2,balance_sheet,流動負債,25532703,"25,532,703",sii,https://mopsov.twse.com.tw/mops/web/ajax_t163sb05
下游,高速網路交換器,2345,智邦,2023,2,balance_sheet,非流動負債,2174690,"2,174,690",sii,https://mopsov.twse.com.tw/mops/web/ajax_t163sb05
下游,高速網路交換器,2345,智邦,2023,2,balance_sheet,負債總計,27707393,"27,707,393",sii,https://mopsov.twse.com.tw/mops/web/ajax_t163sb05
下游,高速網路交換器,2345,智邦,2023,2,balance_sheet,股本,5601589,"5,601,589",sii,https://mopsov.twse.com.tw/mops/web/ajax_t163sb05
下游,高速網路交換器,2345,智邦,2023,2,balance_sheet,權益─具證券性質之虛擬通貨,,--,sii,https://mopsov.twse.com.tw/mops/web/ajax_t163sb05
下游,高速網路交換器,2345,智邦,2023,2,balance_sheet,資本公積,874201,"874,201",sii,https://mopsov.twse.com.tw/mops/web/ajax_t163sb05
下游,高速網路交換器,2345,智邦,2023,2,balance_sheet,保留盈餘,14572699,"14,572,699",sii,https://mopsov.twse.com.tw/mops/web/ajax_t163sb05
下游,高速網路交換器,2345,智邦,2023,2,balance_sheet,其他權益,-490063,"-490,063",sii,https://mopsov.twse.com.tw/mops/web/ajax_t163sb05
下游,高速網路交換器,2345,智邦,2023,2,balance_sheet,庫藏股票,-50999,"-50,999",sii,https://mopsov.twse.com.tw/mops/web/ajax_t163sb05
下游,高速網路交換器,2345,智邦,2023,2,balance_sheet,歸屬於母公司業主之權益合計,20507427,"20,507,427",sii,https://mopsov.twse.com.tw/mops/web/ajax_t163sb05
下游,高速網路交換器,2345,智邦,2023,2,balance_sheet,共同控制下前手權益,,--,sii,https://mopsov.twse.com.tw/mops/web/ajax_t163sb05
下游,高速網路交換器,2345,智邦,2023,2,balance_sheet,合併前非屬共同控制股權,,--,sii,https://mopsov.twse.com.tw/mops/web/ajax_t163sb05
下游,高速網路交換器,2345,智邦,2023,2,balance_sheet,非控制權益,0,0,sii,https://mopsov.twse.com.tw/mops/web/ajax_t163sb05
下游,高速網路交換器,2345,智邦,2023,2,balance_sheet,權益總計,20507427,"20,507,427",sii,https://mopsov.twse.com.tw/mops/web/ajax_t163sb05
下游,高速網路交換器,2345,智邦,2023,2,balance_sheet,待註銷股本股數（單位：股）,,--,sii,https://mopsov.twse.com.tw/mops/web/ajax_t163sb05
下游,高速網路交換器,2345,智邦,2023,2,balance_sheet,預收股款（權益項下）之約當發行股數（單位：股）,0,0,sii,https://mopsov.twse.com.tw/mops/web/ajax_t163sb05
下游,高速網路交換器,2345,智邦,2023,2,balance_sheet,母公司暨子公司所持有之母公司庫藏股股數（單位：股）,2209867,"2,209,867",sii,https://mopsov.twse.com.tw/mops/web/ajax_t163sb05
下游,高速網路交換器,2345,智邦,2023,2,balance_sheet,每股參考淨值,36.76,36.76,sii,https://mopsov.twse.com.tw/mops/web/ajax_t163sb05
下游,高速網路交換器,2345,智邦,2023,2,cash_flow,營業活動之淨現金流入（流出）,5844028,"5,844,028",sii,https://mopsov.twse.com.tw/mops/web/ajax_t163sb20
下游,高速網路交換器,2345,智邦,2023,2,cash_flow,投資活動之淨現金流入（流出）,-392992,"-392,992",sii,https://mopsov.twse.com.tw/mops/web/ajax_t163sb20
下游,高速網路交換器,2345,智邦,2023,2,cash_flow,籌資活動之淨現金流入（流出）,-2636180,"-2,636,180",sii,https://mopsov.twse.com.tw/mops/web/ajax_t163sb20
下游,高速網路交換器,2345,智邦,2023,2,cash_flow,匯率變動對現金及約當現金之影響,-41131,"-41,131",sii,https://mopsov.twse.com.tw/mops/web/ajax_t163sb20
下游,高速網路交換器,2345,智邦,2023,2,cash_flow,本期現金及約當現金增加（減少）數,2773725,"2,773,725",sii,https://mopsov.twse.com.tw/mops/web/ajax_t163sb20
下游,高速網路交換器,2345,智邦,2023,2,cash_flow,期初現金及約當現金餘額,8695372,"8,695,372",sii,https://mopsov.twse.com.tw/mops/web/ajax_t163sb20
下游,高速網路交換器,2345,智邦,2023,2,cash_flow,期末現金及約當現金餘額,11469097,"11,469,097",sii,https://mopsov.twse.com.tw/mops/web/ajax_t163sb20
下游,高速網路交換器,2345,智邦,2023,3,income_statement,營業收入,62232085,"62,232,085",sii,https://mopsov.twse.com.tw/mops/web/ajax_t163sb04
下游,高速網路交換器,2345,智邦,2023,3,income_statement,營業成本,48259740,"48,259,740",sii,https://mopsov.twse.com.tw/mops/web/ajax_t163sb04
下游,高速網路交換器,2345,智邦,2023,3,income_statement,原始認列生物資產及農產品之利益（損失）,,--,sii,https://mopsov.twse.com.tw/mops/web/ajax_t163sb04
下游,高速網路交換器,2345,智邦,2023,3,income_statement,生物資產當期公允價值減出售成本之變動利益（損失）,,--,sii,https://mopsov.twse.com.tw/mops/web/ajax_t163sb04
下游,高速網路交換器,2345,智邦,2023,3,income_statement,營業毛利（毛損）,13972345,"13,972,345",sii,https://mopsov.twse.com.tw/mops/web/ajax_t163sb04
下游,高速網路交換器,2345,智邦,2023,3,income_statement,未實現銷貨（損）益,,--,sii,https://mopsov.twse.com.tw/mops/web/ajax_t163sb04
下游,高速網路交換器,2345,智邦,2023,3,income_statement,已實現銷貨（損）益,,--,sii,https://mopsov.twse.com.tw/mops/web/ajax_t163sb04
下游,高速網路交換器,2345,智邦,2023,3,income_statement,營業毛利（毛損）淨額,13972345,"13,972,345",sii,https://mopsov.twse.com.tw/mops/web/ajax_t163sb04
下游,高速網路交換器,2345,智邦,2023,3,income_statement,營業費用,5704157,"5,704,157",sii,https://mopsov.twse.com.tw/mops/web/ajax_t163sb04
下游,高速網路交換器,2345,智邦,2023,3,income_statement,其他收益及費損淨額,,--,sii,https://mopsov.twse.com.tw/mops/web/ajax_t163sb04
下游,高速網路交換器,2345,智邦,2023,3,income_statement,營業利益（損失）,8268188,"8,268,188",sii,https://mopsov.twse.com.tw/mops/web/ajax_t163sb04
下游,高速網路交換器,2345,智邦,2023,3,income_statement,營業外收入及支出,730005,"730,005",sii,https://mopsov.twse.com.tw/mops/web/ajax_t163sb04
下游,高速網路交換器,2345,智邦,2023,3,income_statement,稅前淨利（淨損）,8998193,"8,998,193",sii,https://mopsov.twse.com.tw/mops/web/ajax_t163sb04
下游,高速網路交換器,2345,智邦,2023,3,income_statement,所得稅費用（利益）,2330324,"2,330,324",sii,https://mopsov.twse.com.tw/mops/web/ajax_t163sb04
下游,高速網路交換器,2345,智邦,2023,3,income_statement,繼續營業單位本期淨利（淨損）,6667869,"6,667,869",sii,https://mopsov.twse.com.tw/mops/web/ajax_t163sb04
下游,高速網路交換器,2345,智邦,2023,3,income_statement,停業單位損益,,--,sii,https://mopsov.twse.com.tw/mops/web/ajax_t163sb04
下游,高速網路交換器,2345,智邦,2023,3,income_statement,合併前非屬共同控制股權損益,,--,sii,https://mopsov.twse.com.tw/mops/web/ajax_t163sb04
下游,高速網路交換器,2345,智邦,2023,3,income_statement,本期淨利（淨損）,6667869,"6,667,869",sii,https://mopsov.twse.com.tw/mops/web/ajax_t163sb04
下游,高速網路交換器,2345,智邦,2023,3,income_statement,其他綜合損益（淨額）,225829,"225,829",sii,https://mopsov.twse.com.tw/mops/web/ajax_t163sb04
下游,高速網路交換器,2345,智邦,2023,3,income_statement,合併前非屬共同控制股權綜合損益淨額,,--,sii,https://mopsov.twse.com.tw/mops/web/ajax_t163sb04
下游,高速網路交換器,2345,智邦,2023,3,income_statement,本期綜合損益總額,6893698,"6,893,698",sii,https://mopsov.twse.com.tw/mops/web/ajax_t163sb04
下游,高速網路交換器,2345,智邦,2023,3,income_statement,淨利（淨損）歸屬於母公司業主,6667869,"6,667,869",sii,https://mopsov.twse.com.tw/mops/web/ajax_t163sb04
下游,高速網路交換器,2345,智邦,2023,3,income_statement,淨利（淨損）歸屬於共同控制下前手權益,,--,sii,https://mopsov.twse.com.tw/mops/web/ajax_t163sb04
下游,高速網路交換器,2345,智邦,2023,3,income_statement,淨利（淨損）歸屬於非控制權益,,--,sii,https://mopsov.twse.com.tw/mops/web/ajax_t163sb04
下游,高速網路交換器,2345,智邦,2023,3,income_statement,綜合損益總額歸屬於母公司業主,6893698,"6,893,698",sii,https://mopsov.twse.com.tw/mops/web/ajax_t163sb04
下游,高速網路交換器,2345,智邦,2023,3,income_statement,綜合損益總額歸屬於共同控制下前手權益,,--,sii,https://mopsov.twse.com.tw/mops/web/ajax_t163sb04
下游,高速網路交換器,2345,智邦,2023,3,income_statement,綜合損益總額歸屬於非控制權益,,--,sii,https://mopsov.twse.com.tw/mops/web/ajax_t163sb04
下游,高速網路交換器,2345,智邦,2023,3,income_statement,基本每股盈餘（元）,11.95,11.95,sii,https://mopsov.twse.com.tw/mops/web/ajax_t163sb04
下游,高速網路交換器,2345,智邦,2023,3,balance_sheet,流動資產,45190516,"45,190,516",sii,https://mopsov.twse.com.tw/mops/web/ajax_t163sb05
下游,高速網路交換器,2345,智邦,2023,3,balance_sheet,非流動資產,5648485,"5,648,485",sii,https://mopsov.twse.com.tw/mops/web/ajax_t163sb05
下游,高速網路交換器,2345,智邦,2023,3,balance_sheet,資產總計,50839001,"50,839,001",sii,https://mopsov.twse.com.tw/mops/web/ajax_t163sb05
下游,高速網路交換器,2345,智邦,2023,3,balance_sheet,流動負債,25261039,"25,261,039",sii,https://mopsov.twse.com.tw/mops/web/ajax_t163sb05
下游,高速網路交換器,2345,智邦,2023,3,balance_sheet,非流動負債,2440397,"2,440,397",sii,https://mopsov.twse.com.tw/mops/web/ajax_t163sb05
下游,高速網路交換器,2345,智邦,2023,3,balance_sheet,負債總計,27701436,"27,701,436",sii,https://mopsov.twse.com.tw/mops/web/ajax_t163sb05
下游,高速網路交換器,2345,智邦,2023,3,balance_sheet,股本,5601589,"5,601,589",sii,https://mopsov.twse.com.tw/mops/web/ajax_t163sb05
下游,高速網路交換器,2345,智邦,2023,3,balance_sheet,權益─具證券性質之虛擬通貨,,--,sii,https://mopsov.twse.com.tw/mops/web/ajax_t163sb05
下游,高速網路交換器,2345,智邦,2023,3,balance_sheet,資本公積,874201,"874,201",sii,https://mopsov.twse.com.tw/mops/web/ajax_t163sb05
下游,高速網路交換器,2345,智邦,2023,3,balance_sheet,保留盈餘,16958507,"16,958,507",sii,https://mopsov.twse.com.tw/mops/web/ajax_t163sb05
下游,高速網路交換器,2345,智邦,2023,3,balance_sheet,其他權益,-245733,"-245,733",sii,https://mopsov.twse.com.tw/mops/web/ajax_t163sb05
下游,高速網路交換器,2345,智邦,2023,3,balance_sheet,庫藏股票,-50999,"-50,999",sii,https://mopsov.twse.com.tw/mops/web/ajax_t163sb05
下游,高速網路交換器,2345,智邦,2023,3,balance_sheet,歸屬於母公司業主之權益合計,23137565,"23,137,565",sii,https://mopsov.twse.com.tw/mops/web/ajax_t163sb05
下游,高速網路交換器,2345,智邦,2023,3,balance_sheet,共同控制下前手權益,,--,sii,https://mopsov.twse.com.tw/mops/web/ajax_t163sb05
下游,高速網路交換器,2345,智邦,2023,3,balance_sheet,合併前非屬共同控制股權,,--,sii,https://mopsov.twse.com.tw/mops/web/ajax_t163sb05
下游,高速網路交換器,2345,智邦,2023,3,balance_sheet,非控制權益,,--,sii,https://mopsov.twse.com.tw/mops/web/ajax_t163sb05
下游,高速網路交換器,2345,智邦,2023,3,balance_sheet,權益總計,23137565,"23,137,565",sii,https://mopsov.twse.com.tw/mops/web/ajax_t163sb05
下游,高速網路交換器,2345,智邦,2023,3,balance_sheet,待註銷股本股數（單位：股）,,--,sii,https://mopsov.twse.com.tw/mops/web/ajax_t163sb05
下游,高速網路交換器,2345,智邦,2023,3,balance_sheet,預收股款（權益項下）之約當發行股數（單位：股）,0,0,sii,https://mopsov.twse.com.tw/mops/web/ajax_t163sb05
下游,高速網路交換器,2345,智邦,2023,3,balance_sheet,母公司暨子公司所持有之母公司庫藏股股數（單位：股）,2209867,"2,209,867",sii,https://mopsov.twse.com.tw/mops/web/ajax_t163sb05
下游,高速網路交換器,2345,智邦,2023,3,balance_sheet,每股參考淨值,41.47,41.47,sii,https://mopsov.twse.com.tw/mops/web/ajax_t163sb05
下游,高速網路交換器,2345,智邦,2023,3,cash_flow,營業活動之淨現金流入（流出）,10345948,"10,345,948",sii,https://mopsov.twse.com.tw/mops/web/ajax_t163sb20
下游,高速網路交換器,2345,智邦,2023,3,cash_flow,投資活動之淨現金流入（流出）,-1176468,"-1,176,468",sii,https://mopsov.twse.com.tw/mops/web/ajax_t163sb20
下游,高速網路交換器,2345,智邦,2023,3,cash_flow,籌資活動之淨現金流入（流出）,-6804136,"-6,804,136",sii,https://mopsov.twse.com.tw/mops/web/ajax_t163sb20
下游,高速網路交換器,2345,智邦,2023,3,cash_flow,匯率變動對現金及約當現金之影響,254750,"254,750",sii,https://mopsov.twse.com.tw/mops/web/ajax_t163sb20
下游,高速網路交換器,2345,智邦,2023,3,cash_flow,本期現金及約當現金增加（減少）數,2620094,"2,620,094",sii,https://mopsov.twse.com.tw/mops/web/ajax_t163sb20
下游,高速網路交換器,2345,智邦,2023,3,cash_flow,期初現金及約當現金餘額,8695372,"8,695,372",sii,https://mopsov.twse.com.tw/mops/web/ajax_t163sb20
下游,高速網路交換器,2345,智邦,2023,3,cash_flow,期末現金及約當現金餘額,11315466,"11,315,466",sii,https://mopsov.twse.com.tw/mops/web/ajax_t163sb20
下游,高速網路交換器,2345,智邦,2023,4,income_statement,營業收入,84188426,"84,188,426",sii,https://mopsov.twse.com.tw/mops/web/ajax_t163sb04
下游,高速網路交換器,2345,智邦,2023,4,income_statement,營業成本,64925625,"64,925,625",sii,https://mopsov.twse.com.tw/mops/web/ajax_t163sb04
下游,高速網路交換器,2345,智邦,2023,4,income_statement,原始認列生物資產及農產品之利益（損失）,,--,sii,https://mopsov.twse.com.tw/mops/web/ajax_t163sb04
下游,高速網路交換器,2345,智邦,2023,4,income_statement,生物資產當期公允價值減出售成本之變動利益（損失）,,--,sii,https://mopsov.twse.com.tw/mops/web/ajax_t163sb04
下游,高速網路交換器,2345,智邦,2023,4,income_statement,營業毛利（毛損）,19262801,"19,262,801",sii,https://mopsov.twse.com.tw/mops/web/ajax_t163sb04
下游,高速網路交換器,2345,智邦,2023,4,income_statement,未實現銷貨（損）益,,--,sii,https://mopsov.twse.com.tw/mops/web/ajax_t163sb04
下游,高速網路交換器,2345,智邦,2023,4,income_statement,已實現銷貨（損）益,,--,sii,https://mopsov.twse.com.tw/mops/web/ajax_t163sb04
下游,高速網路交換器,2345,智邦,2023,4,income_statement,營業毛利（毛損）淨額,19262801,"19,262,801",sii,https://mopsov.twse.com.tw/mops/web/ajax_t163sb04
下游,高速網路交換器,2345,智邦,2023,4,income_statement,營業費用,7761704,"7,761,704",sii,https://mopsov.twse.com.tw/mops/web/ajax_t163sb04
下游,高速網路交換器,2345,智邦,2023,4,income_statement,其他收益及費損淨額,,--,sii,https://mopsov.twse.com.tw/mops/web/ajax_t163sb04
下游,高速網路交換器,2345,智邦,2023,4,income_statement,營業利益（損失）,11501097,"11,501,097",sii,https://mopsov.twse.com.tw/mops/web/ajax_t163sb04
下游,高速網路交換器,2345,智邦,2023,4,income_statement,營業外收入及支出,231364,"231,364",sii,https://mopsov.twse.com.tw/mops/web/ajax_t163sb04
下游,高速網路交換器,2345,智邦,2023,4,income_statement,稅前淨利（淨損）,11732461,"11,732,461",sii,https://mopsov.twse.com.tw/mops/web/ajax_t163sb04
下游,高速網路交換器,2345,智邦,2023,4,income_statement,所得稅費用（利益）,2812296,"2,812,296",sii,https://mopsov.twse.com.tw/mops/web/ajax_t163sb04
下游,高速網路交換器,2345,智邦,2023,4,income_statement,繼續營業單位本期淨利（淨損）,8920165,"8,920,165",sii,https://mopsov.twse.com.tw/mops/web/ajax_t163sb04
下游,高速網路交換器,2345,智邦,2023,4,income_statement,停業單位損益,,--,sii,https://mopsov.twse.com.tw/mops/web/ajax_t163sb04
下游,高速網路交換器,2345,智邦,2023,4,income_statement,合併前非屬共同控制股權損益,,--,sii,https://mopsov.twse.com.tw/mops/web/ajax_t163sb04
下游,高速網路交換器,2345,智邦,2023,4,income_statement,本期淨利（淨損）,8920165,"8,920,165",sii,https://mopsov.twse.com.tw/mops/web/ajax_t163sb04
下游,高速網路交換器,2345,智邦,2023,4,income_statement,其他綜合損益（淨額）,21229,"21,229",sii,https://mopsov.twse.com.tw/mops/web/ajax_t163sb04
下游,高速網路交換器,2345,智邦,2023,4,income_statement,合併前非屬共同控制股權綜合損益淨額,,--,sii,https://mopsov.twse.com.tw/mops/web/ajax_t163sb04
下游,高速網路交換器,2345,智邦,2023,4,income_statement,本期綜合損益總額,8941394,"8,941,394",sii,https://mopsov.twse.com.tw/mops/web/ajax_t163sb04
下游,高速網路交換器,2345,智邦,2023,4,income_statement,淨利（淨損）歸屬於母公司業主,8920165,"8,920,165",sii,https://mopsov.twse.com.tw/mops/web/ajax_t163sb04
下游,高速網路交換器,2345,智邦,2023,4,income_statement,淨利（淨損）歸屬於共同控制下前手權益,,--,sii,https://mopsov.twse.com.tw/mops/web/ajax_t163sb04
下游,高速網路交換器,2345,智邦,2023,4,income_statement,淨利（淨損）歸屬於非控制權益,0,0,sii,https://mopsov.twse.com.tw/mops/web/ajax_t163sb04
下游,高速網路交換器,2345,智邦,2023,4,income_statement,綜合損益總額歸屬於母公司業主,8941394,"8,941,394",sii,https://mopsov.twse.com.tw/mops/web/ajax_t163sb04
下游,高速網路交換器,2345,智邦,2023,4,income_statement,綜合損益總額歸屬於共同控制下前手權益,,--,sii,https://mopsov.twse.com.tw/mops/web/ajax_t163sb04
下游,高速網路交換器,2345,智邦,2023,4,income_statement,綜合損益總額歸屬於非控制權益,0,0,sii,https://mopsov.twse.com.tw/mops/web/ajax_t163sb04
下游,高速網路交換器,2345,智邦,2023,4,income_statement,基本每股盈餘（元）,15.99,15.99,sii,https://mopsov.twse.com.tw/mops/web/ajax_t163sb04
下游,高速網路交換器,2345,智邦,2023,4,balance_sheet,流動資產,49991316,"49,991,316",sii,https://mopsov.twse.com.tw/mops/web/ajax_t163sb05
下游,高速網路交換器,2345,智邦,2023,4,balance_sheet,非流動資產,6584273,"6,584,273",sii,https://mopsov.twse.com.tw/mops/web/ajax_t163sb05
下游,高速網路交換器,2345,智邦,2023,4,balance_sheet,資產總計,56575589,"56,575,589",sii,https://mopsov.twse.com.tw/mops/web/ajax_t163sb05
下游,高速網路交換器,2345,智邦,2023,4,balance_sheet,流動負債,29079532,"29,079,532",sii,https://mopsov.twse.com.tw/mops/web/ajax_t163sb05
下游,高速網路交換器,2345,智邦,2023,4,balance_sheet,非流動負債,2308268,"2,308,268",sii,https://mopsov.twse.com.tw/mops/web/ajax_t163sb05
下游,高速網路交換器,2345,智邦,2023,4,balance_sheet,負債總計,31387800,"31,387,800",sii,https://mopsov.twse.com.tw/mops/web/ajax_t163sb05
下游,高速網路交換器,2345,智邦,2023,4,balance_sheet,股本,5603564,"5,603,564",sii,https://mopsov.twse.com.tw/mops/web/ajax_t163sb05
下游,高速網路交換器,2345,智邦,2023,4,balance_sheet,權益─具證券性質之虛擬通貨,,--,sii,https://mopsov.twse.com.tw/mops/web/ajax_t163sb05
下游,高速網路交換器,2345,智邦,2023,4,balance_sheet,資本公積,874754,"874,754",sii,https://mopsov.twse.com.tw/mops/web/ajax_t163sb05
下游,高速網路交換器,2345,智邦,2023,4,balance_sheet,保留盈餘,19198744,"19,198,744",sii,https://mopsov.twse.com.tw/mops/web/ajax_t163sb05
下游,高速網路交換器,2345,智邦,2023,4,balance_sheet,其他權益,-438274,"-438,274",sii,https://mopsov.twse.com.tw/mops/web/ajax_t163sb05
下游,高速網路交換器,2345,智邦,2023,4,balance_sheet,庫藏股票,-50999,"-50,999",sii,https://mopsov.twse.com.tw/mops/web/ajax_t163sb05
下游,高速網路交換器,2345,智邦,2023,4,balance_sheet,歸屬於母公司業主之權益合計,25187789,"25,187,789",sii,https://mopsov.twse.com.tw/mops/web/ajax_t163sb05
下游,高速網路交換器,2345,智邦,2023,4,balance_sheet,共同控制下前手權益,,--,sii,https://mopsov.twse.com.tw/mops/web/ajax_t163sb05
下游,高速網路交換器,2345,智邦,2023,4,balance_sheet,合併前非屬共同控制股權,,--,sii,https://mopsov.twse.com.tw/mops/web/ajax_t163sb05
下游,高速網路交換器,2345,智邦,2023,4,balance_sheet,非控制權益,0,0,sii,https://mopsov.twse.com.tw/mops/web/ajax_t163sb05
下游,高速網路交換器,2345,智邦,2023,4,balance_sheet,權益總計,25187789,"25,187,789",sii,https://mopsov.twse.com.tw/mops/web/ajax_t163sb05
下游,高速網路交換器,2345,智邦,2023,4,balance_sheet,待註銷股本股數（單位：股）,,--,sii,https://mopsov.twse.com.tw/mops/web/ajax_t163sb05
下游,高速網路交換器,2345,智邦,2023,4,balance_sheet,預收股款（權益項下）之約當發行股數（單位：股）,0,0,sii,https://mopsov.twse.com.tw/mops/web/ajax_t163sb05
下游,高速網路交換器,2345,智邦,2023,4,balance_sheet,母公司暨子公司所持有之母公司庫藏股股數（單位：股）,2209867,"2,209,867",sii,https://mopsov.twse.com.tw/mops/web/ajax_t163sb05
下游,高速網路交換器,2345,智邦,2023,4,balance_sheet,每股參考淨值,45.13,45.13,sii,https://mopsov.twse.com.tw/mops/web/ajax_t163sb05
下游,高速網路交換器,2345,智邦,2023,4,cash_flow,營業活動之淨現金流入（流出）,18371245,"18,371,245",sii,https://mopsov.twse.com.tw/mops/web/ajax_t163sb20
下游,高速網路交換器,2345,智邦,2023,4,cash_flow,投資活動之淨現金流入（流出）,-5665942,"-5,665,942",sii,https://mopsov.twse.com.tw/mops/web/ajax_t163sb20
下游,高速網路交換器,2345,智邦,2023,4,cash_flow,籌資活動之淨現金流入（流出）,-7055552,"-7,055,552",sii,https://mopsov.twse.com.tw/mops/web/ajax_t163sb20
下游,高速網路交換器,2345,智邦,2023,4,cash_flow,匯率變動對現金及約當現金之影響,-274702,"-274,702",sii,https://mopsov.twse.com.tw/mops/web/ajax_t163sb20
下游,高速網路交換器,2345,智邦,2023,4,cash_flow,本期現金及約當現金增加（減少）數,5375049,"5,375,049",sii,https://mopsov.twse.com.tw/mops/web/ajax_t163sb20
下游,高速網路交換器,2345,智邦,2023,4,cash_flow,期初現金及約當現金餘額,8695372,"8,695,372",sii,https://mopsov.twse.com.tw/mops/web/ajax_t163sb20
下游,高速網路交換器,2345,智邦,2023,4,cash_flow,期末現金及約當現金餘額,14070421,"14,070,421",sii,https://mopsov.twse.com.tw/mops/web/ajax_t163sb20
下游,高速網路交換器,2345,智邦,2024,1,income_statement,營業收入,18847712,"18,847,712",sii,https://mopsov.twse.com.tw/mops/web/ajax_t163sb04
下游,高速網路交換器,2345,智邦,2024,1,income_statement,營業成本,14914836,"14,914,836",sii,https://mopsov.twse.com.tw/mops/web/ajax_t163sb04
下游,高速網路交換器,2345,智邦,2024,1,income_statement,原始認列生物資產及農產品之利益（損失）,,--,sii,https://mopsov.twse.com.tw/mops/web/ajax_t163sb04
下游,高速網路交換器,2345,智邦,2024,1,income_statement,生物資產當期公允價值減出售成本之變動利益（損失）,,--,sii,https://mopsov.twse.com.tw/mops/web/ajax_t163sb04
下游,高速網路交換器,2345,智邦,2024,1,income_statement,營業毛利（毛損）,3932876,"3,932,876",sii,https://mopsov.twse.com.tw/mops/web/ajax_t163sb04
下游,高速網路交換器,2345,智邦,2024,1,income_statement,未實現銷貨（損）益,,--,sii,https://mopsov.twse.com.tw/mops/web/ajax_t163sb04
下游,高速網路交換器,2345,智邦,2024,1,income_statement,已實現銷貨（損）益,,--,sii,https://mopsov.twse.com.tw/mops/web/ajax_t163sb04
下游,高速網路交換器,2345,智邦,2024,1,income_statement,營業毛利（毛損）淨額,3932876,"3,932,876",sii,https://mopsov.twse.com.tw/mops/web/ajax_t163sb04
下游,高速網路交換器,2345,智邦,2024,1,income_statement,營業費用,2011652,"2,011,652",sii,https://mopsov.twse.com.tw/mops/web/ajax_t163sb04
下游,高速網路交換器,2345,智邦,2024,1,income_statement,其他收益及費損淨額,,--,sii,https://mopsov.twse.com.tw/mops/web/ajax_t163sb04
下游,高速網路交換器,2345,智邦,2024,1,income_statement,營業利益（損失）,1921224,"1,921,224",sii,https://mopsov.twse.com.tw/mops/web/ajax_t163sb04
下游,高速網路交換器,2345,智邦,2024,1,income_statement,營業外收入及支出,869410,"869,410",sii,https://mopsov.twse.com.tw/mops/web/ajax_t163sb04
下游,高速網路交換器,2345,智邦,2024,1,income_statement,稅前淨利（淨損）,2790634,"2,790,634",sii,https://mopsov.twse.com.tw/mops/web/ajax_t163sb04
下游,高速網路交換器,2345,智邦,2024,1,income_statement,所得稅費用（利益）,547100,"547,100",sii,https://mopsov.twse.com.tw/mops/web/ajax_t163sb04
下游,高速網路交換器,2345,智邦,2024,1,income_statement,繼續營業單位本期淨利（淨損）,2243534,"2,243,534",sii,https://mopsov.twse.com.tw/mops/web/ajax_t163sb04
下游,高速網路交換器,2345,智邦,2024,1,income_statement,停業單位損益,,--,sii,https://mopsov.twse.com.tw/mops/web/ajax_t163sb04
下游,高速網路交換器,2345,智邦,2024,1,income_statement,合併前非屬共同控制股權損益,,--,sii,https://mopsov.twse.com.tw/mops/web/ajax_t163sb04
下游,高速網路交換器,2345,智邦,2024,1,income_statement,本期淨利（淨損）,2243534,"2,243,534",sii,https://mopsov.twse.com.tw/mops/web/ajax_t163sb04
下游,高速網路交換器,2345,智邦,2024,1,income_statement,其他綜合損益（淨額）,2880345,"2,880,345",sii,https://mopsov.twse.com.tw/mops/web/ajax_t163sb04
下游,高速網路交換器,2345,智邦,2024,1,income_statement,合併前非屬共同控制股權綜合損益淨額,,--,sii,https://mopsov.twse.com.tw/mops/web/ajax_t163sb04
下游,高速網路交換器,2345,智邦,2024,1,income_statement,本期綜合損益總額,5123879,"5,123,879",sii,https://mopsov.twse.com.tw/mops/web/ajax_t163sb04
下游,高速網路交換器,2345,智邦,2024,1,income_statement,淨利（淨損）歸屬於母公司業主,2243534,"2,243,534",sii,https://mopsov.twse.com.tw/mops/web/ajax_t163sb04
下游,高速網路交換器,2345,智邦,2024,1,income_statement,淨利（淨損）歸屬於共同控制下前手權益,,--,sii,https://mopsov.twse.com.tw/mops/web/ajax_t163sb04
下游,高速網路交換器,2345,智邦,2024,1,income_statement,淨利（淨損）歸屬於非控制權益,,--,sii,https://mopsov.twse.com.tw/mops/web/ajax_t163sb04
下游,高速網路交換器,2345,智邦,2024,1,income_statement,綜合損益總額歸屬於母公司業主,5123879,"5,123,879",sii,https://mopsov.twse.com.tw/mops/web/ajax_t163sb04
下游,高速網路交換器,2345,智邦,2024,1,income_statement,綜合損益總額歸屬於共同控制下前手權益,,--,sii,https://mopsov.twse.com.tw/mops/web/ajax_t163sb04
下游,高速網路交換器,2345,智邦,2024,1,income_statement,綜合損益總額歸屬於非控制權益,,--,sii,https://mopsov.twse.com.tw/mops/web/ajax_t163sb04
下游,高速網路交換器,2345,智邦,2024,1,income_statement,基本每股盈餘（元）,4.02,4.02,sii,https://mopsov.twse.com.tw/mops/web/ajax_t163sb04
下游,高速網路交換器,2345,智邦,2024,1,balance_sheet,流動資產,54536233,"54,536,233",sii,https://mopsov.twse.com.tw/mops/web/ajax_t163sb05
下游,高速網路交換器,2345,智邦,2024,1,balance_sheet,非流動資產,10468843,"10,468,843",sii,https://mopsov.twse.com.tw/mops/web/ajax_t163sb05
下游,高速網路交換器,2345,智邦,2024,1,balance_sheet,資產總計,65005076,"65,005,076",sii,https://mopsov.twse.com.tw/mops/web/ajax_t163sb05
下游,高速網路交換器,2345,智邦,2024,1,balance_sheet,流動負債,31774401,"31,774,401",sii,https://mopsov.twse.com.tw/mops/web/ajax_t163sb05
下游,高速網路交換器,2345,智邦,2024,1,balance_sheet,非流動負債,2918060,"2,918,060",sii,https://mopsov.twse.com.tw/mops/web/ajax_t163sb05
下游,高速網路交換器,2345,智邦,2024,1,balance_sheet,負債總計,34692461,"34,692,461",sii,https://mopsov.twse.com.tw/mops/web/ajax_t163sb05
下游,高速網路交換器,2345,智邦,2024,1,balance_sheet,股本,5604304,"5,604,304",sii,https://mopsov.twse.com.tw/mops/web/ajax_t163sb05
下游,高速網路交換器,2345,智邦,2024,1,balance_sheet,權益─具證券性質之虛擬通貨,,--,sii,https://mopsov.twse.com.tw/mops/web/ajax_t163sb05
下游,高速網路交換器,2345,智邦,2024,1,balance_sheet,資本公積,874961,"874,961",sii,https://mopsov.twse.com.tw/mops/web/ajax_t163sb05
下游,高速網路交換器,2345,智邦,2024,1,balance_sheet,保留盈餘,21448643,"21,448,643",sii,https://mopsov.twse.com.tw/mops/web/ajax_t163sb05
下游,高速網路交換器,2345,智邦,2024,1,balance_sheet,其他權益,2435706,"2,435,706",sii,https://mopsov.twse.com.tw/mops/web/ajax_t163sb05
下游,高速網路交換器,2345,智邦,2024,1,balance_sheet,庫藏股票,-50999,"-50,999",sii,https://mopsov.twse.com.tw/mops/web/ajax_t163sb05
下游,高速網路交換器,2345,智邦,2024,1,balance_sheet,歸屬於母公司業主之權益合計,30312615,"30,312,615",sii,https://mopsov.twse.com.tw/mops/web/ajax_t163sb05
下游,高速網路交換器,2345,智邦,2024,1,balance_sheet,共同控制下前手權益,,--,sii,https://mopsov.twse.com.tw/mops/web/ajax_t163sb05
下游,高速網路交換器,2345,智邦,2024,1,balance_sheet,合併前非屬共同控制股權,,--,sii,https://mopsov.twse.com.tw/mops/web/ajax_t163sb05
下游,高速網路交換器,2345,智邦,2024,1,balance_sheet,非控制權益,,--,sii,https://mopsov.twse.com.tw/mops/web/ajax_t163sb05
下游,高速網路交換器,2345,智邦,2024,1,balance_sheet,權益總計,30312615,"30,312,615",sii,https://mopsov.twse.com.tw/mops/web/ajax_t163sb05
下游,高速網路交換器,2345,智邦,2024,1,balance_sheet,待註銷股本股數（單位：股）,,--,sii,https://mopsov.twse.com.tw/mops/web/ajax_t163sb05
下游,高速網路交換器,2345,智邦,2024,1,balance_sheet,預收股款（權益項下）之約當發行股數（單位：股）,0,0,sii,https://mopsov.twse.com.tw/mops/web/ajax_t163sb05
下游,高速網路交換器,2345,智邦,2024,1,balance_sheet,母公司暨子公司所持有之母公司庫藏股股數（單位：股）,2209867,"2,209,867",sii,https://mopsov.twse.com.tw/mops/web/ajax_t163sb05
下游,高速網路交換器,2345,智邦,2024,1,balance_sheet,每股參考淨值,54.3,54.30,sii,https://mopsov.twse.com.tw/mops/web/ajax_t163sb05
下游,高速網路交換器,2345,智邦,2024,1,cash_flow,營業活動之淨現金流入（流出）,2309829,"2,309,829",sii,https://mopsov.twse.com.tw/mops/web/ajax_t163sb20
下游,高速網路交換器,2345,智邦,2024,1,cash_flow,投資活動之淨現金流入（流出）,-3090489,"-3,090,489",sii,https://mopsov.twse.com.tw/mops/web/ajax_t163sb20
下游,高速網路交換器,2345,智邦,2024,1,cash_flow,籌資活動之淨現金流入（流出）,-155663,"-155,663",sii,https://mopsov.twse.com.tw/mops/web/ajax_t163sb20
下游,高速網路交換器,2345,智邦,2024,1,cash_flow,匯率變動對現金及約當現金之影響,601860,"601,860",sii,https://mopsov.twse.com.tw/mops/web/ajax_t163sb20
下游,高速網路交換器,2345,智邦,2024,1,cash_flow,本期現金及約當現金增加（減少）數,-334463,"-334,463",sii,https://mopsov.twse.com.tw/mops/web/ajax_t163sb20
下游,高速網路交換器,2345,智邦,2024,1,cash_flow,期初現金及約當現金餘額,14070421,"14,070,421",sii,https://mopsov.twse.com.tw/mops/web/ajax_t163sb20
下游,高速網路交換器,2345,智邦,2024,1,cash_flow,期末現金及約當現金餘額,13735958,"13,735,958",sii,https://mopsov.twse.com.tw/mops/web/ajax_t163sb20
下游,高速網路交換器,2345,智邦,2024,2,income_statement,營業收入,43260102,"43,260,102",sii,https://mopsov.twse.com.tw/mops/web/ajax_t163sb04
下游,高速網路交換器,2345,智邦,2024,2,income_statement,營業成本,34142420,"34,142,420",sii,https://mopsov.twse.com.tw/mops/web/ajax_t163sb04
下游,高速網路交換器,2345,智邦,2024,2,income_statement,原始認列生物資產及農產品之利益（損失）,,--,sii,https://mopsov.twse.com.tw/mops/web/ajax_t163sb04
下游,高速網路交換器,2345,智邦,2024,2,income_statement,生物資產當期公允價值減出售成本之變動利益（損失）,,--,sii,https://mopsov.twse.com.tw/mops/web/ajax_t163sb04
下游,高速網路交換器,2345,智邦,2024,2,income_statement,營業毛利（毛損）,9117682,"9,117,682",sii,https://mopsov.twse.com.tw/mops/web/ajax_t163sb04
下游,高速網路交換器,2345,智邦,2024,2,income_statement,未實現銷貨（損）益,,--,sii,https://mopsov.twse.com.tw/mops/web/ajax_t163sb04
下游,高速網路交換器,2345,智邦,2024,2,income_statement,已實現銷貨（損）益,,--,sii,https://mopsov.twse.com.tw/mops/web/ajax_t163sb04
下游,高速網路交換器,2345,智邦,2024,2,income_statement,營業毛利（毛損）淨額,9117682,"9,117,682",sii,https://mopsov.twse.com.tw/mops/web/ajax_t163sb04
下游,高速網路交換器,2345,智邦,2024,2,income_statement,營業費用,4148529,"4,148,529",sii,https://mopsov.twse.com.tw/mops/web/ajax_t163sb04
下游,高速網路交換器,2345,智邦,2024,2,income_statement,其他收益及費損淨額,,--,sii,https://mopsov.twse.com.tw/mops/web/ajax_t163sb04
下游,高速網路交換器,2345,智邦,2024,2,income_statement,營業利益（損失）,4969153,"4,969,153",sii,https://mopsov.twse.com.tw/mops/web/ajax_t163sb04
下游,高速網路交換器,2345,智邦,2024,2,income_statement,營業外收入及支出,1196902,"1,196,902",sii,https://mopsov.twse.com.tw/mops/web/ajax_t163sb04
下游,高速網路交換器,2345,智邦,2024,2,income_statement,稅前淨利（淨損）,6166055,"6,166,055",sii,https://mopsov.twse.com.tw/mops/web/ajax_t163sb04
下游,高速網路交換器,2345,智邦,2024,2,income_statement,所得稅費用（利益）,1341363,"1,341,363",sii,https://mopsov.twse.com.tw/mops/web/ajax_t163sb04
下游,高速網路交換器,2345,智邦,2024,2,income_statement,繼續營業單位本期淨利（淨損）,4824692,"4,824,692",sii,https://mopsov.twse.com.tw/mops/web/ajax_t163sb04
下游,高速網路交換器,2345,智邦,2024,2,income_statement,停業單位損益,,--,sii,https://mopsov.twse.com.tw/mops/web/ajax_t163sb04
下游,高速網路交換器,2345,智邦,2024,2,income_statement,合併前非屬共同控制股權損益,,--,sii,https://mopsov.twse.com.tw/mops/web/ajax_t163sb04
下游,高速網路交換器,2345,智邦,2024,2,income_statement,本期淨利（淨損）,4824692,"4,824,692",sii,https://mopsov.twse.com.tw/mops/web/ajax_t163sb04
下游,高速網路交換器,2345,智邦,2024,2,income_statement,其他綜合損益（淨額）,2429416,"2,429,416",sii,https://mopsov.twse.com.tw/mops/web/ajax_t163sb04
下游,高速網路交換器,2345,智邦,2024,2,income_statement,合併前非屬共同控制股權綜合損益淨額,,--,sii,https://mopsov.twse.com.tw/mops/web/ajax_t163sb04
下游,高速網路交換器,2345,智邦,2024,2,income_statement,本期綜合損益總額,7254108,"7,254,108",sii,https://mopsov.twse.com.tw/mops/web/ajax_t163sb04
下游,高速網路交換器,2345,智邦,2024,2,income_statement,淨利（淨損）歸屬於母公司業主,4824692,"4,824,692",sii,https://mopsov.twse.com.tw/mops/web/ajax_t163sb04
下游,高速網路交換器,2345,智邦,2024,2,income_statement,淨利（淨損）歸屬於共同控制下前手權益,,--,sii,https://mopsov.twse.com.tw/mops/web/ajax_t163sb04
下游,高速網路交換器,2345,智邦,2024,2,income_statement,淨利（淨損）歸屬於非控制權益,,--,sii,https://mopsov.twse.com.tw/mops/web/ajax_t163sb04
下游,高速網路交換器,2345,智邦,2024,2,income_statement,綜合損益總額歸屬於母公司業主,7254108,"7,254,108",sii,https://mopsov.twse.com.tw/mops/web/ajax_t163sb04
下游,高速網路交換器,2345,智邦,2024,2,income_statement,綜合損益總額歸屬於共同控制下前手權益,,--,sii,https://mopsov.twse.com.tw/mops/web/ajax_t163sb04
下游,高速網路交換器,2345,智邦,2024,2,income_statement,綜合損益總額歸屬於非控制權益,,--,sii,https://mopsov.twse.com.tw/mops/web/ajax_t163sb04
下游,高速網路交換器,2345,智邦,2024,2,income_statement,基本每股盈餘（元）,8.64,8.64,sii,https://mopsov.twse.com.tw/mops/web/ajax_t163sb04
下游,高速網路交換器,2345,智邦,2024,2,balance_sheet,流動資產,56141715,"56,141,715",sii,https://mopsov.twse.com.tw/mops/web/ajax_t163sb05
下游,高速網路交換器,2345,智邦,2024,2,balance_sheet,非流動資產,11478193,"11,478,193",sii,https://mopsov.twse.com.tw/mops/web/ajax_t163sb05
下游,高速網路交換器,2345,智邦,2024,2,balance_sheet,資產總計,67619908,"67,619,908",sii,https://mopsov.twse.com.tw/mops/web/ajax_t163sb05
下游,高速網路交換器,2345,智邦,2024,2,balance_sheet,流動負債,38221278,"38,221,278",sii,https://mopsov.twse.com.tw/mops/web/ajax_t163sb05
下游,高速網路交換器,2345,智邦,2024,2,balance_sheet,非流動負債,2535635,"2,535,635",sii,https://mopsov.twse.com.tw/mops/web/ajax_t163sb05
下游,高速網路交換器,2345,智邦,2024,2,balance_sheet,負債總計,40756913,"40,756,913",sii,https://mopsov.twse.com.tw/mops/web/ajax_t163sb05
下游,高速網路交換器,2345,智邦,2024,2,balance_sheet,股本,5605784,"5,605,784",sii,https://mopsov.twse.com.tw/mops/web/ajax_t163sb05
下游,高速網路交換器,2345,智邦,2024,2,balance_sheet,權益─具證券性質之虛擬通貨,,--,sii,https://mopsov.twse.com.tw/mops/web/ajax_t163sb05
下游,高速網路交換器,2345,智邦,2024,2,balance_sheet,資本公積,897466,"897,466",sii,https://mopsov.twse.com.tw/mops/web/ajax_t163sb05
下游,高速網路交換器,2345,智邦,2024,2,balance_sheet,保留盈餘,18425967,"18,425,967",sii,https://mopsov.twse.com.tw/mops/web/ajax_t163sb05
下游,高速網路交換器,2345,智邦,2024,2,balance_sheet,其他權益,1984777,"1,984,777",sii,https://mopsov.twse.com.tw/mops/web/ajax_t163sb05
下游,高速網路交換器,2345,智邦,2024,2,balance_sheet,庫藏股票,-50999,"-50,999",sii,https://mopsov.twse.com.tw/mops/web/ajax_t163sb05
下游,高速網路交換器,2345,智邦,2024,2,balance_sheet,歸屬於母公司業主之權益合計,26862995,"26,862,995",sii,https://mopsov.twse.com.tw/mops/web/ajax_t163sb05
下游,高速網路交換器,2345,智邦,2024,2,balance_sheet,共同控制下前手權益,,--,sii,https://mopsov.twse.com.tw/mops/web/ajax_t163sb05
下游,高速網路交換器,2345,智邦,2024,2,balance_sheet,合併前非屬共同控制股權,,--,sii,https://mopsov.twse.com.tw/mops/web/ajax_t163sb05
下游,高速網路交換器,2345,智邦,2024,2,balance_sheet,非控制權益,,--,sii,https://mopsov.twse.com.tw/mops/web/ajax_t163sb05
下游,高速網路交換器,2345,智邦,2024,2,balance_sheet,權益總計,26862995,"26,862,995",sii,https://mopsov.twse.com.tw/mops/web/ajax_t163sb05
下游,高速網路交換器,2345,智邦,2024,2,balance_sheet,待註銷股本股數（單位：股）,,--,sii,https://mopsov.twse.com.tw/mops/web/ajax_t163sb05
下游,高速網路交換器,2345,智邦,2024,2,balance_sheet,預收股款（權益項下）之約當發行股數（單位：股）,0,0,sii,https://mopsov.twse.com.tw/mops/web/ajax_t163sb05
下游,高速網路交換器,2345,智邦,2024,2,balance_sheet,母公司暨子公司所持有之母公司庫藏股股數（單位：股）,2209867,"2,209,867",sii,https://mopsov.twse.com.tw/mops/web/ajax_t163sb05
下游,高速網路交換器,2345,智邦,2024,2,balance_sheet,每股參考淨值,48.11,48.11,sii,https://mopsov.twse.com.tw/mops/web/ajax_t163sb05
下游,高速網路交換器,2345,智邦,2024,2,cash_flow,營業活動之淨現金流入（流出）,1663917,"1,663,917",sii,https://mopsov.twse.com.tw/mops/web/ajax_t163sb20
下游,高速網路交換器,2345,智邦,2024,2,cash_flow,投資活動之淨現金流入（流出）,-2550790,"-2,550,790",sii,https://mopsov.twse.com.tw/mops/web/ajax_t163sb20
下游,高速網路交換器,2345,智邦,2024,2,cash_flow,籌資活動之淨現金流入（流出）,-283036,"-283,036",sii,https://mopsov.twse.com.tw/mops/web/ajax_t163sb20
下游,高速網路交換器,2345,智邦,2024,2,cash_flow,匯率變動對現金及約當現金之影響,606468,"606,468",sii,https://mopsov.twse.com.tw/mops/web/ajax_t163sb20
下游,高速網路交換器,2345,智邦,2024,2,cash_flow,本期現金及約當現金增加（減少）數,-563441,"-563,441",sii,https://mopsov.twse.com.tw/mops/web/ajax_t163sb20
下游,高速網路交換器,2345,智邦,2024,2,cash_flow,期初現金及約當現金餘額,14070421,"14,070,421",sii,https://mopsov.twse.com.tw/mops/web/ajax_t163sb20
下游,高速網路交換器,2345,智邦,2024,2,cash_flow,期末現金及約當現金餘額,13506980,"13,506,980",sii,https://mopsov.twse.com.tw/mops/web/ajax_t163sb20
下游,高速網路交換器,2345,智邦,2024,3,income_statement,營業收入,71452841,"71,452,841",sii,https://mopsov.twse.com.tw/mops/web/ajax_t163sb04
下游,高速網路交換器,2345,智邦,2024,3,income_statement,營業成本,56726429,"56,726,429",sii,https://mopsov.twse.com.tw/mops/web/ajax_t163sb04
下游,高速網路交換器,2345,智邦,2024,3,income_statement,原始認列生物資產及農產品之利益（損失）,,--,sii,https://mopsov.twse.com.tw/mops/web/ajax_t163sb04
下游,高速網路交換器,2345,智邦,2024,3,income_statement,生物資產當期公允價值減出售成本之變動利益（損失）,,--,sii,https://mopsov.twse.com.tw/mops/web/ajax_t163sb04
下游,高速網路交換器,2345,智邦,2024,3,income_statement,營業毛利（毛損）,14726412,"14,726,412",sii,https://mopsov.twse.com.tw/mops/web/ajax_t163sb04
下游,高速網路交換器,2345,智邦,2024,3,income_statement,未實現銷貨（損）益,,--,sii,https://mopsov.twse.com.tw/mops/web/ajax_t163sb04
下游,高速網路交換器,2345,智邦,2024,3,income_statement,已實現銷貨（損）益,,--,sii,https://mopsov.twse.com.tw/mops/web/ajax_t163sb04
下游,高速網路交換器,2345,智邦,2024,3,income_statement,營業毛利（毛損）淨額,14726412,"14,726,412",sii,https://mopsov.twse.com.tw/mops/web/ajax_t163sb04
下游,高速網路交換器,2345,智邦,2024,3,income_statement,營業費用,6293954,"6,293,954",sii,https://mopsov.twse.com.tw/mops/web/ajax_t163sb04
下游,高速網路交換器,2345,智邦,2024,3,income_statement,其他收益及費損淨額,,--,sii,https://mopsov.twse.com.tw/mops/web/ajax_t163sb04
下游,高速網路交換器,2345,智邦,2024,3,income_statement,營業利益（損失）,8432458,"8,432,458",sii,https://mopsov.twse.com.tw/mops/web/ajax_t163sb04
下游,高速網路交換器,2345,智邦,2024,3,income_statement,營業外收入及支出,1042324,"1,042,324",sii,https://mopsov.twse.com.tw/mops/web/ajax_t163sb04
下游,高速網路交換器,2345,智邦,2024,3,income_statement,稅前淨利（淨損）,9474782,"9,474,782",sii,https://mopsov.twse.com.tw/mops/web/ajax_t163sb04
下游,高速網路交換器,2345,智邦,2024,3,income_statement,所得稅費用（利益）,2000015,"2,000,015",sii,https://mopsov.twse.com.tw/mops/web/ajax_t163sb04
下游,高速網路交換器,2345,智邦,2024,3,income_statement,繼續營業單位本期淨利（淨損）,7474767,"7,474,767",sii,https://mopsov.twse.com.tw/mops/web/ajax_t163sb04
下游,高速網路交換器,2345,智邦,2024,3,income_statement,停業單位損益,,--,sii,https://mopsov.twse.com.tw/mops/web/ajax_t163sb04
下游,高速網路交換器,2345,智邦,2024,3,income_statement,合併前非屬共同控制股權損益,,--,sii,https://mopsov.twse.com.tw/mops/web/ajax_t163sb04
下游,高速網路交換器,2345,智邦,2024,3,income_statement,本期淨利（淨損）,7474767,"7,474,767",sii,https://mopsov.twse.com.tw/mops/web/ajax_t163sb04
下游,高速網路交換器,2345,智邦,2024,3,income_statement,其他綜合損益（淨額）,2042940,"2,042,940",sii,https://mopsov.twse.com.tw/mops/web/ajax_t163sb04
下游,高速網路交換器,2345,智邦,2024,3,income_statement,合併前非屬共同控制股權綜合損益淨額,,--,sii,https://mopsov.twse.com.tw/mops/web/ajax_t163sb04
下游,高速網路交換器,2345,智邦,2024,3,income_statement,本期綜合損益總額,9517707,"9,517,707",sii,https://mopsov.twse.com.tw/mops/web/ajax_t163sb04
下游,高速網路交換器,2345,智邦,2024,3,income_statement,淨利（淨損）歸屬於母公司業主,7474767,"7,474,767",sii,https://mopsov.twse.com.tw/mops/web/ajax_t163sb04
下游,高速網路交換器,2345,智邦,2024,3,income_statement,淨利（淨損）歸屬於共同控制下前手權益,,--,sii,https://mopsov.twse.com.tw/mops/web/ajax_t163sb04
下游,高速網路交換器,2345,智邦,2024,3,income_statement,淨利（淨損）歸屬於非控制權益,,--,sii,https://mopsov.twse.com.tw/mops/web/ajax_t163sb04
下游,高速網路交換器,2345,智邦,2024,3,income_statement,綜合損益總額歸屬於母公司業主,9517707,"9,517,707",sii,https://mopsov.twse.com.tw/mops/web/ajax_t163sb04
下游,高速網路交換器,2345,智邦,2024,3,income_statement,綜合損益總額歸屬於共同控制下前手權益,,--,sii,https://mopsov.twse.com.tw/mops/web/ajax_t163sb04
下游,高速網路交換器,2345,智邦,2024,3,income_statement,綜合損益總額歸屬於非控制權益,,--,sii,https://mopsov.twse.com.tw/mops/web/ajax_t163sb04
下游,高速網路交換器,2345,智邦,2024,3,income_statement,基本每股盈餘（元）,13.39,13.39,sii,https://mopsov.twse.com.tw/mops/web/ajax_t163sb04
下游,高速網路交換器,2345,智邦,2024,3,balance_sheet,流動資產,57124948,"57,124,948",sii,https://mopsov.twse.com.tw/mops/web/ajax_t163sb05
下游,高速網路交換器,2345,智邦,2024,3,balance_sheet,非流動資產,12212301,"12,212,301",sii,https://mopsov.twse.com.tw/mops/web/ajax_t163sb05
下游,高速網路交換器,2345,智邦,2024,3,balance_sheet,資產總計,69337249,"69,337,249",sii,https://mopsov.twse.com.tw/mops/web/ajax_t163sb05
下游,高速網路交換器,2345,智邦,2024,3,balance_sheet,流動負債,37379943,"37,379,943",sii,https://mopsov.twse.com.tw/mops/web/ajax_t163sb05
下游,高速網路交換器,2345,智邦,2024,3,balance_sheet,非流動負債,2823906,"2,823,906",sii,https://mopsov.twse.com.tw/mops/web/ajax_t163sb05
下游,高速網路交換器,2345,智邦,2024,3,balance_sheet,負債總計,40203849,"40,203,849",sii,https://mopsov.twse.com.tw/mops/web/ajax_t163sb05
下游,高速網路交換器,2345,智邦,2024,3,balance_sheet,股本,5611179,"5,611,179",sii,https://mopsov.twse.com.tw/mops/web/ajax_t163sb05
下游,高速網路交換器,2345,智邦,2024,3,balance_sheet,權益─具證券性質之虛擬通貨,,--,sii,https://mopsov.twse.com.tw/mops/web/ajax_t163sb05
下游,高速網路交換器,2345,智邦,2024,3,balance_sheet,資本公積,898877,"898,877",sii,https://mopsov.twse.com.tw/mops/web/ajax_t163sb05
下游,高速網路交換器,2345,智邦,2024,3,balance_sheet,保留盈餘,21076042,"21,076,042",sii,https://mopsov.twse.com.tw/mops/web/ajax_t163sb05
下游,高速網路交換器,2345,智邦,2024,3,balance_sheet,其他權益,1598301,"1,598,301",sii,https://mopsov.twse.com.tw/mops/web/ajax_t163sb05
下游,高速網路交換器,2345,智邦,2024,3,balance_sheet,庫藏股票,-50999,"-50,999",sii,https://mopsov.twse.com.tw/mops/web/ajax_t163sb05
下游,高速網路交換器,2345,智邦,2024,3,balance_sheet,歸屬於母公司業主之權益合計,29133400,"29,133,400",sii,https://mopsov.twse.com.tw/mops/web/ajax_t163sb05
下游,高速網路交換器,2345,智邦,2024,3,balance_sheet,共同控制下前手權益,,--,sii,https://mopsov.twse.com.tw/mops/web/ajax_t163sb05
下游,高速網路交換器,2345,智邦,2024,3,balance_sheet,合併前非屬共同控制股權,,--,sii,https://mopsov.twse.com.tw/mops/web/ajax_t163sb05
下游,高速網路交換器,2345,智邦,2024,3,balance_sheet,非控制權益,,--,sii,https://mopsov.twse.com.tw/mops/web/ajax_t163sb05
下游,高速網路交換器,2345,智邦,2024,3,balance_sheet,權益總計,29133400,"29,133,400",sii,https://mopsov.twse.com.tw/mops/web/ajax_t163sb05
下游,高速網路交換器,2345,智邦,2024,3,balance_sheet,待註銷股本股數（單位：股）,,--,sii,https://mopsov.twse.com.tw/mops/web/ajax_t163sb05
下游,高速網路交換器,2345,智邦,2024,3,balance_sheet,預收股款（權益項下）之約當發行股數（單位：股）,0,0,sii,https://mopsov.twse.com.tw/mops/web/ajax_t163sb05
下游,高速網路交換器,2345,智邦,2024,3,balance_sheet,母公司暨子公司所持有之母公司庫藏股股數（單位：股）,2209867,"2,209,867",sii,https://mopsov.twse.com.tw/mops/web/ajax_t163sb05
下游,高速網路交換器,2345,智邦,2024,3,balance_sheet,每股參考淨值,52.13,52.13,sii,https://mopsov.twse.com.tw/mops/web/ajax_t163sb05
下游,高速網路交換器,2345,智邦,2024,3,cash_flow,營業活動之淨現金流入（流出）,6659597,"6,659,597",sii,https://mopsov.twse.com.tw/mops/web/ajax_t163sb20
下游,高速網路交換器,2345,智邦,2024,3,cash_flow,投資活動之淨現金流入（流出）,-1522680,"-1,522,680",sii,https://mopsov.twse.com.tw/mops/web/ajax_t163sb20
下游,高速網路交換器,2345,智邦,2024,3,cash_flow,籌資活動之淨現金流入（流出）,-6043639,"-6,043,639",sii,https://mopsov.twse.com.tw/mops/web/ajax_t163sb20
下游,高速網路交換器,2345,智邦,2024,3,cash_flow,匯率變動對現金及約當現金之影響,361452,"361,452",sii,https://mopsov.twse.com.tw/mops/web/ajax_t163sb20
下游,高速網路交換器,2345,智邦,2024,3,cash_flow,本期現金及約當現金增加（減少）數,-545270,"-545,270",sii,https://mopsov.twse.com.tw/mops/web/ajax_t163sb20
下游,高速網路交換器,2345,智邦,2024,3,cash_flow,期初現金及約當現金餘額,14070421,"14,070,421",sii,https://mopsov.twse.com.tw/mops/web/ajax_t163sb20
下游,高速網路交換器,2345,智邦,2024,3,cash_flow,期末現金及約當現金餘額,13525151,"13,525,151",sii,https://mopsov.twse.com.tw/mops/web/ajax_t163sb20
下游,高速網路交換器,2345,智邦,2024,4,income_statement,營業收入,110424744,"110,424,744",sii,https://mopsov.twse.com.tw/mops/web/ajax_t163sb04
下游,高速網路交換器,2345,智邦,2024,4,income_statement,營業成本,87633643,"87,633,643",sii,https://mopsov.twse.com.tw/mops/web/ajax_t163sb04
下游,高速網路交換器,2345,智邦,2024,4,income_statement,原始認列生物資產及農產品之利益（損失）,,--,sii,https://mopsov.twse.com.tw/mops/web/ajax_t163sb04
下游,高速網路交換器,2345,智邦,2024,4,income_statement,生物資產當期公允價值減出售成本之變動利益（損失）,,--,sii,https://mopsov.twse.com.tw/mops/web/ajax_t163sb04
下游,高速網路交換器,2345,智邦,2024,4,income_statement,營業毛利（毛損）,22791101,"22,791,101",sii,https://mopsov.twse.com.tw/mops/web/ajax_t163sb04
下游,高速網路交換器,2345,智邦,2024,4,income_statement,未實現銷貨（損）益,13395,"13,395",sii,https://mopsov.twse.com.tw/mops/web/ajax_t163sb04
下游,高速網路交換器,2345,智邦,2024,4,income_statement,已實現銷貨（損）益,,--,sii,https://mopsov.twse.com.tw/mops/web/ajax_t163sb04
下游,高速網路交換器,2345,智邦,2024,4,income_statement,營業毛利（毛損）淨額,22777706,"22,777,706",sii,https://mopsov.twse.com.tw/mops/web/ajax_t163sb04
下游,高速網路交換器,2345,智邦,2024,4,income_statement,營業費用,9176229,"9,176,229",sii,https://mopsov.twse.com.tw/mops/web/ajax_t163sb04
下游,高速網路交換器,2345,智邦,2024,4,income_statement,其他收益及費損淨額,,--,sii,https://mopsov.twse.com.tw/mops/web/ajax_t163sb04
下游,高速網路交換器,2345,智邦,2024,4,income_statement,營業利益（損失）,13601477,"13,601,477",sii,https://mopsov.twse.com.tw/mops/web/ajax_t163sb04
下游,高速網路交換器,2345,智邦,2024,4,income_statement,營業外收入及支出,1532310,"1,532,310",sii,https://mopsov.twse.com.tw/mops/web/ajax_t163sb04
下游,高速網路交換器,2345,智邦,2024,4,income_statement,稅前淨利（淨損）,15133787,"15,133,787",sii,https://mopsov.twse.com.tw/mops/web/ajax_t163sb04
下游,高速網路交換器,2345,智邦,2024,4,income_statement,所得稅費用（利益）,3135041,"3,135,041",sii,https://mopsov.twse.com.tw/mops/web/ajax_t163sb04
下游,高速網路交換器,2345,智邦,2024,4,income_statement,繼續營業單位本期淨利（淨損）,11998746,"11,998,746",sii,https://mopsov.twse.com.tw/mops/web/ajax_t163sb04
下游,高速網路交換器,2345,智邦,2024,4,income_statement,停業單位損益,,--,sii,https://mopsov.twse.com.tw/mops/web/ajax_t163sb04
下游,高速網路交換器,2345,智邦,2024,4,income_statement,合併前非屬共同控制股權損益,,--,sii,https://mopsov.twse.com.tw/mops/web/ajax_t163sb04
下游,高速網路交換器,2345,智邦,2024,4,income_statement,本期淨利（淨損）,11998746,"11,998,746",sii,https://mopsov.twse.com.tw/mops/web/ajax_t163sb04
下游,高速網路交換器,2345,智邦,2024,4,income_statement,其他綜合損益（淨額）,4711211,"4,711,211",sii,https://mopsov.twse.com.tw/mops/web/ajax_t163sb04
下游,高速網路交換器,2345,智邦,2024,4,income_statement,合併前非屬共同控制股權綜合損益淨額,,--,sii,https://mopsov.twse.com.tw/mops/web/ajax_t163sb04
下游,高速網路交換器,2345,智邦,2024,4,income_statement,本期綜合損益總額,16709957,"16,709,957",sii,https://mopsov.twse.com.tw/mops/web/ajax_t163sb04
下游,高速網路交換器,2345,智邦,2024,4,income_statement,淨利（淨損）歸屬於母公司業主,11999671,"11,999,671",sii,https://mopsov.twse.com.tw/mops/web/ajax_t163sb04
下游,高速網路交換器,2345,智邦,2024,4,income_statement,淨利（淨損）歸屬於共同控制下前手權益,,--,sii,https://mopsov.twse.com.tw/mops/web/ajax_t163sb04
下游,高速網路交換器,2345,智邦,2024,4,income_statement,淨利（淨損）歸屬於非控制權益,-925,-925,sii,https://mopsov.twse.com.tw/mops/web/ajax_t163sb04
下游,高速網路交換器,2345,智邦,2024,4,income_statement,綜合損益總額歸屬於母公司業主,16710867,"16,710,867",sii,https://mopsov.twse.com.tw/mops/web/ajax_t163sb04
下游,高速網路交換器,2345,智邦,2024,4,income_statement,綜合損益總額歸屬於共同控制下前手權益,,--,sii,https://mopsov.twse.com.tw/mops/web/ajax_t163sb04
下游,高速網路交換器,2345,智邦,2024,4,income_statement,綜合損益總額歸屬於非控制權益,-910,-910,sii,https://mopsov.twse.com.tw/mops/web/ajax_t163sb04
下游,高速網路交換器,2345,智邦,2024,4,income_statement,基本每股盈餘（元）,21.49,21.49,sii,https://mopsov.twse.com.tw/mops/web/ajax_t163sb04
下游,高速網路交換器,2345,智邦,2024,4,balance_sheet,流動資產,70639495,"70,639,495",sii,https://mopsov.twse.com.tw/mops/web/ajax_t163sb05
下游,高速網路交換器,2345,智邦,2024,4,balance_sheet,非流動資產,15680738,"15,680,738",sii,https://mopsov.twse.com.tw/mops/web/ajax_t163sb05
下游,高速網路交換器,2345,智邦,2024,4,balance_sheet,資產總計,86320233,"86,320,233",sii,https://mopsov.twse.com.tw/mops/web/ajax_t163sb05
下游,高速網路交換器,2345,智邦,2024,4,balance_sheet,流動負債,46919790,"46,919,790",sii,https://mopsov.twse.com.tw/mops/web/ajax_t163sb05
下游,高速網路交換器,2345,智邦,2024,4,balance_sheet,非流動負債,3111774,"3,111,774",sii,https://mopsov.twse.com.tw/mops/web/ajax_t163sb05
下游,高速網路交換器,2345,智邦,2024,4,balance_sheet,負債總計,50031564,"50,031,564",sii,https://mopsov.twse.com.tw/mops/web/ajax_t163sb05
下游,高速網路交換器,2345,智邦,2024,4,balance_sheet,股本,5611179,"5,611,179",sii,https://mopsov.twse.com.tw/mops/web/ajax_t163sb05
下游,高速網路交換器,2345,智邦,2024,4,balance_sheet,權益─具證券性質之虛擬通貨,,--,sii,https://mopsov.twse.com.tw/mops/web/ajax_t163sb05
下游,高速網路交換器,2345,智邦,2024,4,balance_sheet,資本公積,898877,"898,877",sii,https://mopsov.twse.com.tw/mops/web/ajax_t163sb05
下游,高速網路交換器,2345,智邦,2024,4,balance_sheet,保留盈餘,26971350,"26,971,350",sii,https://mopsov.twse.com.tw/mops/web/ajax_t163sb05
下游,高速網路交換器,2345,智邦,2024,4,balance_sheet,其他權益,2896153,"2,896,153",sii,https://mopsov.twse.com.tw/mops/web/ajax_t163sb05
下游,高速網路交換器,2345,智邦,2024,4,balance_sheet,庫藏股票,-50999,"-50,999",sii,https://mopsov.twse.com.tw/mops/web/ajax_t163sb05
下游,高速網路交換器,2345,智邦,2024,4,balance_sheet,歸屬於母公司業主之權益合計,36326560,"36,326,560",sii,https://mopsov.twse.com.tw/mops/web/ajax_t163sb05
下游,高速網路交換器,2345,智邦,2024,4,balance_sheet,共同控制下前手權益,,--,sii,https://mopsov.twse.com.tw/mops/web/ajax_t163sb05
下游,高速網路交換器,2345,智邦,2024,4,balance_sheet,合併前非屬共同控制股權,,--,sii,https://mopsov.twse.com.tw/mops/web/ajax_t163sb05
下游,高速網路交換器,2345,智邦,2024,4,balance_sheet,非控制權益,-37891,"-37,891",sii,https://mopsov.twse.com.tw/mops/web/ajax_t163sb05
下游,高速網路交換器,2345,智邦,2024,4,balance_sheet,權益總計,36288669,"36,288,669",sii,https://mopsov.twse.com.tw/mops/web/ajax_t163sb05
下游,高速網路交換器,2345,智邦,2024,4,balance_sheet,待註銷股本股數（單位：股）,,--,sii,https://mopsov.twse.com.tw/mops/web/ajax_t163sb05
下游,高速網路交換器,2345,智邦,2024,4,balance_sheet,預收股款（權益項下）之約當發行股數（單位：股）,0,0,sii,https://mopsov.twse.com.tw/mops/web/ajax_t163sb05
下游,高速網路交換器,2345,智邦,2024,4,balance_sheet,母公司暨子公司所持有之母公司庫藏股股數（單位：股）,2209867,"2,209,867",sii,https://mopsov.twse.com.tw/mops/web/ajax_t163sb05
下游,高速網路交換器,2345,智邦,2024,4,balance_sheet,每股參考淨值,65.0,65.00,sii,https://mopsov.twse.com.tw/mops/web/ajax_t163sb05
下游,高速網路交換器,2345,智邦,2024,4,cash_flow,營業活動之淨現金流入（流出）,9942227,"9,942,227",sii,https://mopsov.twse.com.tw/mops/web/ajax_t163sb20
下游,高速網路交換器,2345,智邦,2024,4,cash_flow,投資活動之淨現金流入（流出）,261649,"261,649",sii,https://mopsov.twse.com.tw/mops/web/ajax_t163sb20
下游,高速網路交換器,2345,智邦,2024,4,cash_flow,籌資活動之淨現金流入（流出）,-6215149,"-6,215,149",sii,https://mopsov.twse.com.tw/mops/web/ajax_t163sb20
下游,高速網路交換器,2345,智邦,2024,4,cash_flow,匯率變動對現金及約當現金之影響,634742,"634,742",sii,https://mopsov.twse.com.tw/mops/web/ajax_t163sb20
下游,高速網路交換器,2345,智邦,2024,4,cash_flow,本期現金及約當現金增加（減少）數,4623469,"4,623,469",sii,https://mopsov.twse.com.tw/mops/web/ajax_t163sb20
下游,高速網路交換器,2345,智邦,2024,4,cash_flow,期初現金及約當現金餘額,14070421,"14,070,421",sii,https://mopsov.twse.com.tw/mops/web/ajax_t163sb20
下游,高速網路交換器,2345,智邦,2024,4,cash_flow,期末現金及約當現金餘額,18693890,"18,693,890",sii,https://mopsov.twse.com.tw/mops/web/ajax_t163sb20
下游,高速網路交換器,2345,智邦,2025,1,income_statement,營業收入,42750561,"42,750,561",sii,https://mopsov.twse.com.tw/mops/web/ajax_t163sb04
下游,高速網路交換器,2345,智邦,2025,1,income_statement,營業成本,34103112,"34,103,112",sii,https://mopsov.twse.com.tw/mops/web/ajax_t163sb04
下游,高速網路交換器,2345,智邦,2025,1,income_statement,原始認列生物資產及農產品之利益（損失）,,--,sii,https://mopsov.twse.com.tw/mops/web/ajax_t163sb04
下游,高速網路交換器,2345,智邦,2025,1,income_statement,生物資產當期公允價值減出售成本之變動利益（損失）,,--,sii,https://mopsov.twse.com.tw/mops/web/ajax_t163sb04
下游,高速網路交換器,2345,智邦,2025,1,income_statement,營業毛利（毛損）,8647449,"8,647,449",sii,https://mopsov.twse.com.tw/mops/web/ajax_t163sb04
下游,高速網路交換器,2345,智邦,2025,1,income_statement,未實現銷貨（損）益,43922,"43,922",sii,https://mopsov.twse.com.tw/mops/web/ajax_t163sb04
下游,高速網路交換器,2345,智邦,2025,1,income_statement,已實現銷貨（損）益,,--,sii,https://mopsov.twse.com.tw/mops/web/ajax_t163sb04
下游,高速網路交換器,2345,智邦,2025,1,income_statement,營業毛利（毛損）淨額,8603527,"8,603,527",sii,https://mopsov.twse.com.tw/mops/web/ajax_t163sb04
下游,高速網路交換器,2345,智邦,2025,1,income_statement,營業費用,2698140,"2,698,140",sii,https://mopsov.twse.com.tw/mops/web/ajax_t163sb04
下游,高速網路交換器,2345,智邦,2025,1,income_statement,其他收益及費損淨額,,--,sii,https://mopsov.twse.com.tw/mops/web/ajax_t163sb04
下游,高速網路交換器,2345,智邦,2025,1,income_statement,營業利益（損失）,5905387,"5,905,387",sii,https://mopsov.twse.com.tw/mops/web/ajax_t163sb04
下游,高速網路交換器,2345,智邦,2025,1,income_statement,營業外收入及支出,376487,"376,487",sii,https://mopsov.twse.com.tw/mops/web/ajax_t163sb04
下游,高速網路交換器,2345,智邦,2025,1,income_statement,稅前淨利（淨損）,6281874,"6,281,874",sii,https://mopsov.twse.com.tw/mops/web/ajax_t163sb04
下游,高速網路交換器,2345,智邦,2025,1,income_statement,所得稅費用（利益）,1160445,"1,160,445",sii,https://mopsov.twse.com.tw/mops/web/ajax_t163sb04
下游,高速網路交換器,2345,智邦,2025,1,income_statement,繼續營業單位本期淨利（淨損）,5121429,"5,121,429",sii,https://mopsov.twse.com.tw/mops/web/ajax_t163sb04
下游,高速網路交換器,2345,智邦,2025,1,income_statement,停業單位損益,,--,sii,https://mopsov.twse.com.tw/mops/web/ajax_t163sb04
下游,高速網路交換器,2345,智邦,2025,1,income_statement,合併前非屬共同控制股權損益,,--,sii,https://mopsov.twse.com.tw/mops/web/ajax_t163sb04
下游,高速網路交換器,2345,智邦,2025,1,income_statement,本期淨利（淨損）,5121429,"5,121,429",sii,https://mopsov.twse.com.tw/mops/web/ajax_t163sb04
下游,高速網路交換器,2345,智邦,2025,1,income_statement,其他綜合損益（淨額）,-1643414,"-1,643,414",sii,https://mopsov.twse.com.tw/mops/web/ajax_t163sb04
下游,高速網路交換器,2345,智邦,2025,1,income_statement,合併前非屬共同控制股權綜合損益淨額,,--,sii,https://mopsov.twse.com.tw/mops/web/ajax_t163sb04
下游,高速網路交換器,2345,智邦,2025,1,income_statement,本期綜合損益總額,3478015,"3,478,015",sii,https://mopsov.twse.com.tw/mops/web/ajax_t163sb04
下游,高速網路交換器,2345,智邦,2025,1,income_statement,淨利（淨損）歸屬於母公司業主,5127365,"5,127,365",sii,https://mopsov.twse.com.tw/mops/web/ajax_t163sb04
下游,高速網路交換器,2345,智邦,2025,1,income_statement,淨利（淨損）歸屬於共同控制下前手權益,,--,sii,https://mopsov.twse.com.tw/mops/web/ajax_t163sb04
下游,高速網路交換器,2345,智邦,2025,1,income_statement,淨利（淨損）歸屬於非控制權益,-5936,"-5,936",sii,https://mopsov.twse.com.tw/mops/web/ajax_t163sb04
下游,高速網路交換器,2345,智邦,2025,1,income_statement,綜合損益總額歸屬於母公司業主,3485401,"3,485,401",sii,https://mopsov.twse.com.tw/mops/web/ajax_t163sb04
下游,高速網路交換器,2345,智邦,2025,1,income_statement,綜合損益總額歸屬於共同控制下前手權益,,--,sii,https://mopsov.twse.com.tw/mops/web/ajax_t163sb04
下游,高速網路交換器,2345,智邦,2025,1,income_statement,綜合損益總額歸屬於非控制權益,-7386,"-7,386",sii,https://mopsov.twse.com.tw/mops/web/ajax_t163sb04
下游,高速網路交換器,2345,智邦,2025,1,income_statement,基本每股盈餘（元）,9.17,9.17,sii,https://mopsov.twse.com.tw/mops/web/ajax_t163sb04
下游,高速網路交換器,2345,智邦,2025,1,balance_sheet,流動資產,84135488,"84,135,488",sii,https://mopsov.twse.com.tw/mops/web/ajax_t163sb05
下游,高速網路交換器,2345,智邦,2025,1,balance_sheet,非流動資產,13986598,"13,986,598",sii,https://mopsov.twse.com.tw/mops/web/ajax_t163sb05
下游,高速網路交換器,2345,智邦,2025,1,balance_sheet,資產總計,98122086,"98,122,086",sii,https://mopsov.twse.com.tw/mops/web/ajax_t163sb05
下游,高速網路交換器,2345,智邦,2025,1,balance_sheet,流動負債,55812002,"55,812,002",sii,https://mopsov.twse.com.tw/mops/web/ajax_t163sb05
下游,高速網路交換器,2345,智邦,2025,1,balance_sheet,非流動負債,2543400,"2,543,400",sii,https://mopsov.twse.com.tw/mops/web/ajax_t163sb05
下游,高速網路交換器,2345,智邦,2025,1,balance_sheet,負債總計,58355402,"58,355,402",sii,https://mopsov.twse.com.tw/mops/web/ajax_t163sb05
下游,高速網路交換器,2345,智邦,2025,1,balance_sheet,股本,5611179,"5,611,179",sii,https://mopsov.twse.com.tw/mops/web/ajax_t163sb05
下游,高速網路交換器,2345,智邦,2025,1,balance_sheet,權益─具證券性質之虛擬通貨,,--,sii,https://mopsov.twse.com.tw/mops/web/ajax_t163sb05
下游,高速網路交換器,2345,智邦,2025,1,balance_sheet,資本公積,890764,"890,764",sii,https://mopsov.twse.com.tw/mops/web/ajax_t163sb05
下游,高速網路交換器,2345,智邦,2025,1,balance_sheet,保留盈餘,32036926,"32,036,926",sii,https://mopsov.twse.com.tw/mops/web/ajax_t163sb05
下游,高速網路交換器,2345,智邦,2025,1,balance_sheet,其他權益,1254189,"1,254,189",sii,https://mopsov.twse.com.tw/mops/web/ajax_t163sb05
下游,高速網路交換器,2345,智邦,2025,1,balance_sheet,庫藏股票,-50999,"-50,999",sii,https://mopsov.twse.com.tw/mops/web/ajax_t163sb05
下游,高速網路交換器,2345,智邦,2025,1,balance_sheet,歸屬於母公司業主之權益合計,39742059,"39,742,059",sii,https://mopsov.twse.com.tw/mops/web/ajax_t163sb05
下游,高速網路交換器,2345,智邦,2025,1,balance_sheet,共同控制下前手權益,,--,sii,https://mopsov.twse.com.tw/mops/web/ajax_t163sb05
下游,高速網路交換器,2345,智邦,2025,1,balance_sheet,合併前非屬共同控制股權,,--,sii,https://mopsov.twse.com.tw/mops/web/ajax_t163sb05
下游,高速網路交換器,2345,智邦,2025,1,balance_sheet,非控制權益,24625,"24,625",sii,https://mopsov.twse.com.tw/mops/web/ajax_t163sb05
下游,高速網路交換器,2345,智邦,2025,1,balance_sheet,權益總計,39766684,"39,766,684",sii,https://mopsov.twse.com.tw/mops/web/ajax_t163sb05
下游,高速網路交換器,2345,智邦,2025,1,balance_sheet,待註銷股本股數（單位：股）,,--,sii,https://mopsov.twse.com.tw/mops/web/ajax_t163sb05
下游,高速網路交換器,2345,智邦,2025,1,balance_sheet,預收股款（權益項下）之約當發行股數（單位：股）,0,0,sii,https://mopsov.twse.com.tw/mops/web/ajax_t163sb05
下游,高速網路交換器,2345,智邦,2025,1,balance_sheet,母公司暨子公司所持有之母公司庫藏股股數（單位：股）,2209867,"2,209,867",sii,https://mopsov.twse.com.tw/mops/web/ajax_t163sb05
下游,高速網路交換器,2345,智邦,2025,1,balance_sheet,每股參考淨值,71.11,71.11,sii,https://mopsov.twse.com.tw/mops/web/ajax_t163sb05
下游,高速網路交換器,2345,智邦,2025,1,cash_flow,營業活動之淨現金流入（流出）,4077598,"4,077,598",sii,https://mopsov.twse.com.tw/mops/web/ajax_t163sb20
下游,高速網路交換器,2345,智邦,2025,1,cash_flow,投資活動之淨現金流入（流出）,1116498,"1,116,498",sii,https://mopsov.twse.com.tw/mops/web/ajax_t163sb20
下游,高速網路交換器,2345,智邦,2025,1,cash_flow,籌資活動之淨現金流入（流出）,55141,"55,141",sii,https://mopsov.twse.com.tw/mops/web/ajax_t163sb20
下游,高速網路交換器,2345,智邦,2025,1,cash_flow,匯率變動對現金及約當現金之影響,109382,"109,382",sii,https://mopsov.twse.com.tw/mops/web/ajax_t163sb20
下游,高速網路交換器,2345,智邦,2025,1,cash_flow,本期現金及約當現金增加（減少）數,5358619,"5,358,619",sii,https://mopsov.twse.com.tw/mops/web/ajax_t163sb20
下游,高速網路交換器,2345,智邦,2025,1,cash_flow,期初現金及約當現金餘額,18693890,"18,693,890",sii,https://mopsov.twse.com.tw/mops/web/ajax_t163sb20
下游,高速網路交換器,2345,智邦,2025,1,cash_flow,期末現金及約當現金餘額,24052509,"24,052,509",sii,https://mopsov.twse.com.tw/mops/web/ajax_t163sb20
下游,高速網路交換器,2345,智邦,2025,2,income_statement,營業收入,103355359,"103,355,359",sii,https://mopsov.twse.com.tw/mops/web/ajax_t163sb04
下游,高速網路交換器,2345,智邦,2025,2,income_statement,營業成本,83843968,"83,843,968",sii,https://mopsov.twse.com.tw/mops/web/ajax_t163sb04
下游,高速網路交換器,2345,智邦,2025,2,income_statement,原始認列生物資產及農產品之利益（損失）,,--,sii,https://mopsov.twse.com.tw/mops/web/ajax_t163sb04
下游,高速網路交換器,2345,智邦,2025,2,income_statement,生物資產當期公允價值減出售成本之變動利益（損失）,,--,sii,https://mopsov.twse.com.tw/mops/web/ajax_t163sb04
下游,高速網路交換器,2345,智邦,2025,2,income_statement,營業毛利（毛損）,19511391,"19,511,391",sii,https://mopsov.twse.com.tw/mops/web/ajax_t163sb04
下游,高速網路交換器,2345,智邦,2025,2,income_statement,未實現銷貨（損）益,52945,"52,945",sii,https://mopsov.twse.com.tw/mops/web/ajax_t163sb04
下游,高速網路交換器,2345,智邦,2025,2,income_statement,已實現銷貨（損）益,,--,sii,https://mopsov.twse.com.tw/mops/web/ajax_t163sb04
下游,高速網路交換器,2345,智邦,2025,2,income_statement,營業毛利（毛損）淨額,19458446,"19,458,446",sii,https://mopsov.twse.com.tw/mops/web/ajax_t163sb04
下游,高速網路交換器,2345,智邦,2025,2,income_statement,營業費用,5436742,"5,436,742",sii,https://mopsov.twse.com.tw/mops/web/ajax_t163sb04
下游,高速網路交換器,2345,智邦,2025,2,income_statement,其他收益及費損淨額,,--,sii,https://mopsov.twse.com.tw/mops/web/ajax_t163sb04
下游,高速網路交換器,2345,智邦,2025,2,income_statement,營業利益（損失）,14021704,"14,021,704",sii,https://mopsov.twse.com.tw/mops/web/ajax_t163sb04
下游,高速網路交換器,2345,智邦,2025,2,income_statement,營業外收入及支出,-1126713,"-1,126,713",sii,https://mopsov.twse.com.tw/mops/web/ajax_t163sb04
下游,高速網路交換器,2345,智邦,2025,2,income_statement,稅前淨利（淨損）,12894991,"12,894,991",sii,https://mopsov.twse.com.tw/mops/web/ajax_t163sb04
下游,高速網路交換器,2345,智邦,2025,2,income_statement,所得稅費用（利益）,2756482,"2,756,482",sii,https://mopsov.twse.com.tw/mops/web/ajax_t163sb04
下游,高速網路交換器,2345,智邦,2025,2,income_statement,繼續營業單位本期淨利（淨損）,10138509,"10,138,509",sii,https://mopsov.twse.com.tw/mops/web/ajax_t163sb04
下游,高速網路交換器,2345,智邦,2025,2,income_statement,停業單位損益,,--,sii,https://mopsov.twse.com.tw/mops/web/ajax_t163sb04
下游,高速網路交換器,2345,智邦,2025,2,income_statement,合併前非屬共同控制股權損益,,--,sii,https://mopsov.twse.com.tw/mops/web/ajax_t163sb04
下游,高速網路交換器,2345,智邦,2025,2,income_statement,本期淨利（淨損）,10138509,"10,138,509",sii,https://mopsov.twse.com.tw/mops/web/ajax_t163sb04
下游,高速網路交換器,2345,智邦,2025,2,income_statement,其他綜合損益（淨額）,-1138361,"-1,138,361",sii,https://mopsov.twse.com.tw/mops/web/ajax_t163sb04
下游,高速網路交換器,2345,智邦,2025,2,income_statement,合併前非屬共同控制股權綜合損益淨額,,--,sii,https://mopsov.twse.com.tw/mops/web/ajax_t163sb04
下游,高速網路交換器,2345,智邦,2025,2,income_statement,本期綜合損益總額,9000148,"9,000,148",sii,https://mopsov.twse.com.tw/mops/web/ajax_t163sb04
下游,高速網路交換器,2345,智邦,2025,2,income_statement,淨利（淨損）歸屬於母公司業主,10159118,"10,159,118",sii,https://mopsov.twse.com.tw/mops/web/ajax_t163sb04
下游,高速網路交換器,2345,智邦,2025,2,income_statement,淨利（淨損）歸屬於共同控制下前手權益,,--,sii,https://mopsov.twse.com.tw/mops/web/ajax_t163sb04
下游,高速網路交換器,2345,智邦,2025,2,income_statement,淨利（淨損）歸屬於非控制權益,-20609,"-20,609",sii,https://mopsov.twse.com.tw/mops/web/ajax_t163sb04
下游,高速網路交換器,2345,智邦,2025,2,income_statement,綜合損益總額歸屬於母公司業主,9023072,"9,023,072",sii,https://mopsov.twse.com.tw/mops/web/ajax_t163sb04
下游,高速網路交換器,2345,智邦,2025,2,income_statement,綜合損益總額歸屬於共同控制下前手權益,,--,sii,https://mopsov.twse.com.tw/mops/web/ajax_t163sb04
下游,高速網路交換器,2345,智邦,2025,2,income_statement,綜合損益總額歸屬於非控制權益,-22924,"-22,924",sii,https://mopsov.twse.com.tw/mops/web/ajax_t163sb04
下游,高速網路交換器,2345,智邦,2025,2,income_statement,基本每股盈餘（元）,18.18,18.18,sii,https://mopsov.twse.com.tw/mops/web/ajax_t163sb04
下游,高速網路交換器,2345,智邦,2025,2,balance_sheet,流動資產,96677222,"96,677,222",sii,https://mopsov.twse.com.tw/mops/web/ajax_t163sb05
下游,高速網路交換器,2345,智邦,2025,2,balance_sheet,非流動資產,16394022,"16,394,022",sii,https://mopsov.twse.com.tw/mops/web/ajax_t163sb05
下游,高速網路交換器,2345,智邦,2025,2,balance_sheet,資產總計,113071244,"113,071,244",sii,https://mopsov.twse.com.tw/mops/web/ajax_t163sb05
下游,高速網路交換器,2345,智邦,2025,2,balance_sheet,流動負債,70804303,"70,804,303",sii,https://mopsov.twse.com.tw/mops/web/ajax_t163sb05
下游,高速網路交換器,2345,智邦,2025,2,balance_sheet,非流動負債,2979846,"2,979,846",sii,https://mopsov.twse.com.tw/mops/web/ajax_t163sb05
下游,高速網路交換器,2345,智邦,2025,2,balance_sheet,負債總計,73784149,"73,784,149",sii,https://mopsov.twse.com.tw/mops/web/ajax_t163sb05
下游,高速網路交換器,2345,智邦,2025,2,balance_sheet,股本,5611179,"5,611,179",sii,https://mopsov.twse.com.tw/mops/web/ajax_t163sb05
下游,高速網路交換器,2345,智邦,2025,2,balance_sheet,權益─具證券性質之虛擬通貨,,--,sii,https://mopsov.twse.com.tw/mops/web/ajax_t163sb05
下游,高速網路交換器,2345,智邦,2025,2,balance_sheet,資本公積,915072,"915,072",sii,https://mopsov.twse.com.tw/mops/web/ajax_t163sb05
下游,高速網路交換器,2345,智邦,2025,2,balance_sheet,保留盈餘,30940892,"30,940,892",sii,https://mopsov.twse.com.tw/mops/web/ajax_t163sb05
下游,高速網路交換器,2345,智邦,2025,2,balance_sheet,其他權益,1760107,"1,760,107",sii,https://mopsov.twse.com.tw/mops/web/ajax_t163sb05
下游,高速網路交換器,2345,智邦,2025,2,balance_sheet,庫藏股票,-50999,"-50,999",sii,https://mopsov.twse.com.tw/mops/web/ajax_t163sb05
下游,高速網路交換器,2345,智邦,2025,2,balance_sheet,歸屬於母公司業主之權益合計,39176251,"39,176,251",sii,https://mopsov.twse.com.tw/mops/web/ajax_t163sb05
下游,高速網路交換器,2345,智邦,2025,2,balance_sheet,共同控制下前手權益,,--,sii,https://mopsov.twse.com.tw/mops/web/ajax_t163sb05
下游,高速網路交換器,2345,智邦,2025,2,balance_sheet,合併前非屬共同控制股權,,--,sii,https://mopsov.twse.com.tw/mops/web/ajax_t163sb05
下游,高速網路交換器,2345,智邦,2025,2,balance_sheet,非控制權益,110844,"110,844",sii,https://mopsov.twse.com.tw/mops/web/ajax_t163sb05
下游,高速網路交換器,2345,智邦,2025,2,balance_sheet,權益總計,39287095,"39,287,095",sii,https://mopsov.twse.com.tw/mops/web/ajax_t163sb05
下游,高速網路交換器,2345,智邦,2025,2,balance_sheet,待註銷股本股數（單位：股）,,--,sii,https://mopsov.twse.com.tw/mops/web/ajax_t163sb05
下游,高速網路交換器,2345,智邦,2025,2,balance_sheet,預收股款（權益項下）之約當發行股數（單位：股）,0,0,sii,https://mopsov.twse.com.tw/mops/web/ajax_t163sb05
下游,高速網路交換器,2345,智邦,2025,2,balance_sheet,母公司暨子公司所持有之母公司庫藏股股數（單位：股）,2209867,"2,209,867",sii,https://mopsov.twse.com.tw/mops/web/ajax_t163sb05
下游,高速網路交換器,2345,智邦,2025,2,balance_sheet,每股參考淨值,70.09,70.09,sii,https://mopsov.twse.com.tw/mops/web/ajax_t163sb05
下游,高速網路交換器,2345,智邦,2025,2,cash_flow,營業活動之淨現金流入（流出）,6308447,"6,308,447",sii,https://mopsov.twse.com.tw/mops/web/ajax_t163sb20
下游,高速網路交換器,2345,智邦,2025,2,cash_flow,投資活動之淨現金流入（流出）,828837,"828,837",sii,https://mopsov.twse.com.tw/mops/web/ajax_t163sb20
下游,高速網路交換器,2345,智邦,2025,2,cash_flow,籌資活動之淨現金流入（流出）,-358875,"-358,875",sii,https://mopsov.twse.com.tw/mops/web/ajax_t163sb20
下游,高速網路交換器,2345,智邦,2025,2,cash_flow,匯率變動對現金及約當現金之影響,-312831,"-312,831",sii,https://mopsov.twse.com.tw/mops/web/ajax_t163sb20
下游,高速網路交換器,2345,智邦,2025,2,cash_flow,本期現金及約當現金增加（減少）數,6465578,"6,465,578",sii,https://mopsov.twse.com.tw/mops/web/ajax_t163sb20
下游,高速網路交換器,2345,智邦,2025,2,cash_flow,期初現金及約當現金餘額,18693890,"18,693,890",sii,https://mopsov.twse.com.tw/mops/web/ajax_t163sb20
下游,高速網路交換器,2345,智邦,2025,2,cash_flow,期末現金及約當現金餘額,25159468,"25,159,468",sii,https://mopsov.twse.com.tw/mops/web/ajax_t163sb20
下游,高速網路交換器,2345,智邦,2025,3,income_statement,營業收入,176301922,"176,301,922",sii,https://mopsov.twse.com.tw/mops/web/ajax_t163sb04
下游,高速網路交換器,2345,智邦,2025,3,income_statement,營業成本,144272226,"144,272,226",sii,https://mopsov.twse.com.tw/mops/web/ajax_t163sb04
下游,高速網路交換器,2345,智邦,2025,3,income_statement,原始認列生物資產及農產品之利益（損失）,,--,sii,https://mopsov.twse.com.tw/mops/web/ajax_t163sb04
下游,高速網路交換器,2345,智邦,2025,3,income_statement,生物資產當期公允價值減出售成本之變動利益（損失）,,--,sii,https://mopsov.twse.com.tw/mops/web/ajax_t163sb04
下游,高速網路交換器,2345,智邦,2025,3,income_statement,營業毛利（毛損）,32029696,"32,029,696",sii,https://mopsov.twse.com.tw/mops/web/ajax_t163sb04
下游,高速網路交換器,2345,智邦,2025,3,income_statement,未實現銷貨（損）益,52945,"52,945",sii,https://mopsov.twse.com.tw/mops/web/ajax_t163sb04
下游,高速網路交換器,2345,智邦,2025,3,income_statement,已實現銷貨（損）益,,--,sii,https://mopsov.twse.com.tw/mops/web/ajax_t163sb04
下游,高速網路交換器,2345,智邦,2025,3,income_statement,營業毛利（毛損）淨額,31976751,"31,976,751",sii,https://mopsov.twse.com.tw/mops/web/ajax_t163sb04
下游,高速網路交換器,2345,智邦,2025,3,income_statement,營業費用,8954337,"8,954,337",sii,https://mopsov.twse.com.tw/mops/web/ajax_t163sb04
下游,高速網路交換器,2345,智邦,2025,3,income_statement,其他收益及費損淨額,,--,sii,https://mopsov.twse.com.tw/mops/web/ajax_t163sb04
下游,高速網路交換器,2345,智邦,2025,3,income_statement,營業利益（損失）,23022414,"23,022,414",sii,https://mopsov.twse.com.tw/mops/web/ajax_t163sb04
下游,高速網路交換器,2345,智邦,2025,3,income_statement,營業外收入及支出,-419697,"-419,697",sii,https://mopsov.twse.com.tw/mops/web/ajax_t163sb04
下游,高速網路交換器,2345,智邦,2025,3,income_statement,稅前淨利（淨損）,22602717,"22,602,717",sii,https://mopsov.twse.com.tw/mops/web/ajax_t163sb04
下游,高速網路交換器,2345,智邦,2025,3,income_statement,所得稅費用（利益）,4644684,"4,644,684",sii,https://mopsov.twse.com.tw/mops/web/ajax_t163sb04
下游,高速網路交換器,2345,智邦,2025,3,income_statement,繼續營業單位本期淨利（淨損）,17958033,"17,958,033",sii,https://mopsov.twse.com.tw/mops/web/ajax_t163sb04
下游,高速網路交換器,2345,智邦,2025,3,income_statement,停業單位損益,,--,sii,https://mopsov.twse.com.tw/mops/web/ajax_t163sb04
下游,高速網路交換器,2345,智邦,2025,3,income_statement,合併前非屬共同控制股權損益,,--,sii,https://mopsov.twse.com.tw/mops/web/ajax_t163sb04
下游,高速網路交換器,2345,智邦,2025,3,income_statement,本期淨利（淨損）,17958033,"17,958,033",sii,https://mopsov.twse.com.tw/mops/web/ajax_t163sb04
下游,高速網路交換器,2345,智邦,2025,3,income_statement,其他綜合損益（淨額）,1449923,"1,449,923",sii,https://mopsov.twse.com.tw/mops/web/ajax_t163sb04
下游,高速網路交換器,2345,智邦,2025,3,income_statement,合併前非屬共同控制股權綜合損益淨額,,--,sii,https://mopsov.twse.com.tw/mops/web/ajax_t163sb04
下游,高速網路交換器,2345,智邦,2025,3,income_statement,本期綜合損益總額,19407956,"19,407,956",sii,https://mopsov.twse.com.tw/mops/web/ajax_t163sb04
下游,高速網路交換器,2345,智邦,2025,3,income_statement,淨利（淨損）歸屬於母公司業主,17985718,"17,985,718",sii,https://mopsov.twse.com.tw/mops/web/ajax_t163sb04
下游,高速網路交換器,2345,智邦,2025,3,income_statement,淨利（淨損）歸屬於共同控制下前手權益,,--,sii,https://mopsov.twse.com.tw/mops/web/ajax_t163sb04
下游,高速網路交換器,2345,智邦,2025,3,income_statement,淨利（淨損）歸屬於非控制權益,-27685,"-27,685",sii,https://mopsov.twse.com.tw/mops/web/ajax_t163sb04
下游,高速網路交換器,2345,智邦,2025,3,income_statement,綜合損益總額歸屬於母公司業主,19437959,"19,437,959",sii,https://mopsov.twse.com.tw/mops/web/ajax_t163sb04
下游,高速網路交換器,2345,智邦,2025,3,income_statement,綜合損益總額歸屬於共同控制下前手權益,,--,sii,https://mopsov.twse.com.tw/mops/web/ajax_t163sb04
下游,高速網路交換器,2345,智邦,2025,3,income_statement,綜合損益總額歸屬於非控制權益,-30003,"-30,003",sii,https://mopsov.twse.com.tw/mops/web/ajax_t163sb04
下游,高速網路交換器,2345,智邦,2025,3,income_statement,基本每股盈餘（元）,32.18,32.18,sii,https://mopsov.twse.com.tw/mops/web/ajax_t163sb04
下游,高速網路交換器,2345,智邦,2025,3,balance_sheet,流動資產,116330118,"116,330,118",sii,https://mopsov.twse.com.tw/mops/web/ajax_t163sb05
下游,高速網路交換器,2345,智邦,2025,3,balance_sheet,非流動資產,21457922,"21,457,922",sii,https://mopsov.twse.com.tw/mops/web/ajax_t163sb05
下游,高速網路交換器,2345,智邦,2025,3,balance_sheet,資產總計,137788040,"137,788,040",sii,https://mopsov.twse.com.tw/mops/web/ajax_t163sb05
下游,高速網路交換器,2345,智邦,2025,3,balance_sheet,流動負債,84472714,"84,472,714",sii,https://mopsov.twse.com.tw/mops/web/ajax_t163sb05
下游,高速網路交換器,2345,智邦,2025,3,balance_sheet,非流動負債,3620423,"3,620,423",sii,https://mopsov.twse.com.tw/mops/web/ajax_t163sb05
下游,高速網路交換器,2345,智邦,2025,3,balance_sheet,負債總計,88093137,"88,093,137",sii,https://mopsov.twse.com.tw/mops/web/ajax_t163sb05
下游,高速網路交換器,2345,智邦,2025,3,balance_sheet,股本,5611179,"5,611,179",sii,https://mopsov.twse.com.tw/mops/web/ajax_t163sb05
下游,高速網路交換器,2345,智邦,2025,3,balance_sheet,權益─具證券性質之虛擬通貨,,--,sii,https://mopsov.twse.com.tw/mops/web/ajax_t163sb05
下游,高速網路交換器,2345,智邦,2025,3,balance_sheet,資本公積,915072,"915,072",sii,https://mopsov.twse.com.tw/mops/web/ajax_t163sb05
下游,高速網路交換器,2345,智邦,2025,3,balance_sheet,保留盈餘,38767492,"38,767,492",sii,https://mopsov.twse.com.tw/mops/web/ajax_t163sb05
下游,高速網路交換器,2345,智邦,2025,3,balance_sheet,其他權益,4348394,"4,348,394",sii,https://mopsov.twse.com.tw/mops/web/ajax_t163sb05
下游,高速網路交換器,2345,智邦,2025,3,balance_sheet,庫藏股票,-50999,"-50,999",sii,https://mopsov.twse.com.tw/mops/web/ajax_t163sb05
下游,高速網路交換器,2345,智邦,2025,3,balance_sheet,歸屬於母公司業主之權益合計,49591138,"49,591,138",sii,https://mopsov.twse.com.tw/mops/web/ajax_t163sb05
下游,高速網路交換器,2345,智邦,2025,3,balance_sheet,共同控制下前手權益,,--,sii,https://mopsov.twse.com.tw/mops/web/ajax_t163sb05
下游,高速網路交換器,2345,智邦,2025,3,balance_sheet,合併前非屬共同控制股權,,--,sii,https://mopsov.twse.com.tw/mops/web/ajax_t163sb05
下游,高速網路交換器,2345,智邦,2025,3,balance_sheet,非控制權益,103765,"103,765",sii,https://mopsov.twse.com.tw/mops/web/ajax_t163sb05
下游,高速網路交換器,2345,智邦,2025,3,balance_sheet,權益總計,49694903,"49,694,903",sii,https://mopsov.twse.com.tw/mops/web/ajax_t163sb05
下游,高速網路交換器,2345,智邦,2025,3,balance_sheet,待註銷股本股數（單位：股）,,--,sii,https://mopsov.twse.com.tw/mops/web/ajax_t163sb05
下游,高速網路交換器,2345,智邦,2025,3,balance_sheet,預收股款（權益項下）之約當發行股數（單位：股）,0,0,sii,https://mopsov.twse.com.tw/mops/web/ajax_t163sb05
下游,高速網路交換器,2345,智邦,2025,3,balance_sheet,母公司暨子公司所持有之母公司庫藏股股數（單位：股）,2209867,"2,209,867",sii,https://mopsov.twse.com.tw/mops/web/ajax_t163sb05
下游,高速網路交換器,2345,智邦,2025,3,balance_sheet,每股參考淨值,88.73,88.73,sii,https://mopsov.twse.com.tw/mops/web/ajax_t163sb05
下游,高速網路交換器,2345,智邦,2025,3,cash_flow,營業活動之淨現金流入（流出）,24763738,"24,763,738",sii,https://mopsov.twse.com.tw/mops/web/ajax_t163sb20
下游,高速網路交換器,2345,智邦,2025,3,cash_flow,投資活動之淨現金流入（流出）,-10005325,"-10,005,325",sii,https://mopsov.twse.com.tw/mops/web/ajax_t163sb20
下游,高速網路交換器,2345,智邦,2025,3,cash_flow,籌資活動之淨現金流入（流出）,-6424286,"-6,424,286",sii,https://mopsov.twse.com.tw/mops/web/ajax_t163sb20
下游,高速網路交換器,2345,智邦,2025,3,cash_flow,匯率變動對現金及約當現金之影響,273427,"273,427",sii,https://mopsov.twse.com.tw/mops/web/ajax_t163sb20
下游,高速網路交換器,2345,智邦,2025,3,cash_flow,本期現金及約當現金增加（減少）數,8607554,"8,607,554",sii,https://mopsov.twse.com.tw/mops/web/ajax_t163sb20
下游,高速網路交換器,2345,智邦,2025,3,cash_flow,期初現金及約當現金餘額,18693890,"18,693,890",sii,https://mopsov.twse.com.tw/mops/web/ajax_t163sb20
下游,高速網路交換器,2345,智邦,2025,3,cash_flow,期末現金及約當現金餘額,27301444,"27,301,444",sii,https://mopsov.twse.com.tw/mops/web/ajax_t163sb20
下游,高速網路交換器,2345,智邦,2025,4,income_statement,營業收入,248319703,"248,319,703",sii,https://mopsov.twse.com.tw/mops/web/ajax_t163sb04
下游,高速網路交換器,2345,智邦,2025,4,income_statement,營業成本,203400845,"203,400,845",sii,https://mopsov.twse.com.tw/mops/web/ajax_t163sb04
下游,高速網路交換器,2345,智邦,2025,4,income_statement,原始認列生物資產及農產品之利益（損失）,,--,sii,https://mopsov.twse.com.tw/mops/web/ajax_t163sb04
下游,高速網路交換器,2345,智邦,2025,4,income_statement,生物資產當期公允價值減出售成本之變動利益（損失）,,--,sii,https://mopsov.twse.com.tw/mops/web/ajax_t163sb04
下游,高速網路交換器,2345,智邦,2025,4,income_statement,營業毛利（毛損）,44918858,"44,918,858",sii,https://mopsov.twse.com.tw/mops/web/ajax_t163sb04
下游,高速網路交換器,2345,智邦,2025,4,income_statement,未實現銷貨（損）益,32394,"32,394",sii,https://mopsov.twse.com.tw/mops/web/ajax_t163sb04
下游,高速網路交換器,2345,智邦,2025,4,income_statement,已實現銷貨（損）益,,--,sii,https://mopsov.twse.com.tw/mops/web/ajax_t163sb04
下游,高速網路交換器,2345,智邦,2025,4,income_statement,營業毛利（毛損）淨額,44886464,"44,886,464",sii,https://mopsov.twse.com.tw/mops/web/ajax_t163sb04
下游,高速網路交換器,2345,智邦,2025,4,income_statement,營業費用,12751820,"12,751,820",sii,https://mopsov.twse.com.tw/mops/web/ajax_t163sb04
下游,高速網路交換器,2345,智邦,2025,4,income_statement,其他收益及費損淨額,,--,sii,https://mopsov.twse.com.tw/mops/web/ajax_t163sb04
下游,高速網路交換器,2345,智邦,2025,4,income_statement,營業利益（損失）,32134644,"32,134,644",sii,https://mopsov.twse.com.tw/mops/web/ajax_t163sb04
下游,高速網路交換器,2345,智邦,2025,4,income_statement,營業外收入及支出,782214,"782,214",sii,https://mopsov.twse.com.tw/mops/web/ajax_t163sb04
下游,高速網路交換器,2345,智邦,2025,4,income_statement,稅前淨利（淨損）,32916858,"32,916,858",sii,https://mopsov.twse.com.tw/mops/web/ajax_t163sb04
下游,高速網路交換器,2345,智邦,2025,4,income_statement,所得稅費用（利益）,6610914,"6,610,914",sii,https://mopsov.twse.com.tw/mops/web/ajax_t163sb04
下游,高速網路交換器,2345,智邦,2025,4,income_statement,繼續營業單位本期淨利（淨損）,26305944,"26,305,944",sii,https://mopsov.twse.com.tw/mops/web/ajax_t163sb04
下游,高速網路交換器,2345,智邦,2025,4,income_statement,停業單位損益,,--,sii,https://mopsov.twse.com.tw/mops/web/ajax_t163sb04
下游,高速網路交換器,2345,智邦,2025,4,income_statement,合併前非屬共同控制股權損益,,--,sii,https://mopsov.twse.com.tw/mops/web/ajax_t163sb04
下游,高速網路交換器,2345,智邦,2025,4,income_statement,本期淨利（淨損）,26305944,"26,305,944",sii,https://mopsov.twse.com.tw/mops/web/ajax_t163sb04
下游,高速網路交換器,2345,智邦,2025,4,income_statement,其他綜合損益（淨額）,1042292,"1,042,292",sii,https://mopsov.twse.com.tw/mops/web/ajax_t163sb04
下游,高速網路交換器,2345,智邦,2025,4,income_statement,合併前非屬共同控制股權綜合損益淨額,,--,sii,https://mopsov.twse.com.tw/mops/web/ajax_t163sb04
下游,高速網路交換器,2345,智邦,2025,4,income_statement,本期綜合損益總額,27348236,"27,348,236",sii,https://mopsov.twse.com.tw/mops/web/ajax_t163sb04
下游,高速網路交換器,2345,智邦,2025,4,income_statement,淨利（淨損）歸屬於母公司業主,26341712,"26,341,712",sii,https://mopsov.twse.com.tw/mops/web/ajax_t163sb04
下游,高速網路交換器,2345,智邦,2025,4,income_statement,淨利（淨損）歸屬於共同控制下前手權益,,--,sii,https://mopsov.twse.com.tw/mops/web/ajax_t163sb04
下游,高速網路交換器,2345,智邦,2025,4,income_statement,淨利（淨損）歸屬於非控制權益,-35768,"-35,768",sii,https://mopsov.twse.com.tw/mops/web/ajax_t163sb04
下游,高速網路交換器,2345,智邦,2025,4,income_statement,綜合損益總額歸屬於母公司業主,27386351,"27,386,351",sii,https://mopsov.twse.com.tw/mops/web/ajax_t163sb04
下游,高速網路交換器,2345,智邦,2025,4,income_statement,綜合損益總額歸屬於共同控制下前手權益,,--,sii,https://mopsov.twse.com.tw/mops/web/ajax_t163sb04
下游,高速網路交換器,2345,智邦,2025,4,income_statement,綜合損益總額歸屬於非控制權益,-38115,"-38,115",sii,https://mopsov.twse.com.tw/mops/web/ajax_t163sb04
下游,高速網路交換器,2345,智邦,2025,4,income_statement,基本每股盈餘（元）,47.13,47.13,sii,https://mopsov.twse.com.tw/mops/web/ajax_t163sb04
下游,高速網路交換器,2345,智邦,2025,4,balance_sheet,流動資產,121067470,"121,067,470",sii,https://mopsov.twse.com.tw/mops/web/ajax_t163sb05
下游,高速網路交換器,2345,智邦,2025,4,balance_sheet,非流動資產,22163609,"22,163,609",sii,https://mopsov.twse.com.tw/mops/web/ajax_t163sb05
下游,高速網路交換器,2345,智邦,2025,4,balance_sheet,資產總計,143231079,"143,231,079",sii,https://mopsov.twse.com.tw/mops/web/ajax_t163sb05
下游,高速網路交換器,2345,智邦,2025,4,balance_sheet,流動負債,82183538,"82,183,538",sii,https://mopsov.twse.com.tw/mops/web/ajax_t163sb05
下游,高速網路交換器,2345,智邦,2025,4,balance_sheet,非流動負債,3412358,"3,412,358",sii,https://mopsov.twse.com.tw/mops/web/ajax_t163sb05
下游,高速網路交換器,2345,智邦,2025,4,balance_sheet,負債總計,85595896,"85,595,896",sii,https://mopsov.twse.com.tw/mops/web/ajax_t163sb05
下游,高速網路交換器,2345,智邦,2025,4,balance_sheet,股本,5611179,"5,611,179",sii,https://mopsov.twse.com.tw/mops/web/ajax_t163sb05
下游,高速網路交換器,2345,智邦,2025,4,balance_sheet,權益─具證券性質之虛擬通貨,,--,sii,https://mopsov.twse.com.tw/mops/web/ajax_t163sb05
下游,高速網路交換器,2345,智邦,2025,4,balance_sheet,資本公積,915072,"915,072",sii,https://mopsov.twse.com.tw/mops/web/ajax_t163sb05
下游,高速網路交換器,2345,智邦,2025,4,balance_sheet,保留盈餘,47196377,"47,196,377",sii,https://mopsov.twse.com.tw/mops/web/ajax_t163sb05
下游,高速網路交換器,2345,智邦,2025,4,balance_sheet,其他權益,3867901,"3,867,901",sii,https://mopsov.twse.com.tw/mops/web/ajax_t163sb05
下游,高速網路交換器,2345,智邦,2025,4,balance_sheet,庫藏股票,-50999,"-50,999",sii,https://mopsov.twse.com.tw/mops/web/ajax_t163sb05
下游,高速網路交換器,2345,智邦,2025,4,balance_sheet,歸屬於母公司業主之權益合計,57539530,"57,539,530",sii,https://mopsov.twse.com.tw/mops/web/ajax_t163sb05
下游,高速網路交換器,2345,智邦,2025,4,balance_sheet,共同控制下前手權益,,--,sii,https://mopsov.twse.com.tw/mops/web/ajax_t163sb05
下游,高速網路交換器,2345,智邦,2025,4,balance_sheet,合併前非屬共同控制股權,,--,sii,https://mopsov.twse.com.tw/mops/web/ajax_t163sb05
下游,高速網路交換器,2345,智邦,2025,4,balance_sheet,非控制權益,95653,"95,653",sii,https://mopsov.twse.com.tw/mops/web/ajax_t163sb05
下游,高速網路交換器,2345,智邦,2025,4,balance_sheet,權益總計,57635183,"57,635,183",sii,https://mopsov.twse.com.tw/mops/web/ajax_t163sb05
下游,高速網路交換器,2345,智邦,2025,4,balance_sheet,待註銷股本股數（單位：股）,,--,sii,https://mopsov.twse.com.tw/mops/web/ajax_t163sb05
下游,高速網路交換器,2345,智邦,2025,4,balance_sheet,預收股款（權益項下）之約當發行股數（單位：股）,0,0,sii,https://mopsov.twse.com.tw/mops/web/ajax_t163sb05
下游,高速網路交換器,2345,智邦,2025,4,balance_sheet,母公司暨子公司所持有之母公司庫藏股股數（單位：股）,2209867,"2,209,867",sii,https://mopsov.twse.com.tw/mops/web/ajax_t163sb05
下游,高速網路交換器,2345,智邦,2025,4,balance_sheet,每股參考淨值,102.95,102.95,sii,https://mopsov.twse.com.tw/mops/web/ajax_t163sb05
下游,高速網路交換器,2345,智邦,2025,4,cash_flow,營業活動之淨現金流入（流出）,34852264,"34,852,264",sii,https://mopsov.twse.com.tw/mops/web/ajax_t163sb20
下游,高速網路交換器,2345,智邦,2025,4,cash_flow,投資活動之淨現金流入（流出）,-19148507,"-19,148,507",sii,https://mopsov.twse.com.tw/mops/web/ajax_t163sb20
下游,高速網路交換器,2345,智邦,2025,4,cash_flow,籌資活動之淨現金流入（流出）,-6662620,"-6,662,620",sii,https://mopsov.twse.com.tw/mops/web/ajax_t163sb20
下游,高速網路交換器,2345,智邦,2025,4,cash_flow,匯率變動對現金及約當現金之影響,155549,"155,549",sii,https://mopsov.twse.com.tw/mops/web/ajax_t163sb20
下游,高速網路交換器,2345,智邦,2025,4,cash_flow,本期現金及約當現金增加（減少）數,9196686,"9,196,686",sii,https://mopsov.twse.com.tw/mops/web/ajax_t163sb20
下游,高速網路交換器,2345,智邦,2025,4,cash_flow,期初現金及約當現金餘額,18693890,"18,693,890",sii,https://mopsov.twse.com.tw/mops/web/ajax_t163sb20
下游,高速網路交換器,2345,智邦,2025,4,cash_flow,期末現金及約當現金餘額,27890576,"27,890,576",sii,https://mopsov.twse.com.tw/mops/web/ajax_t163sb20
下游,高速網路交換器,2345,智邦,2026,1,income_statement,營業收入,70120741,"70,120,741",sii,https://mopsov.twse.com.tw/mops/web/ajax_t163sb04
下游,高速網路交換器,2345,智邦,2026,1,income_statement,營業成本,56411936,"56,411,936",sii,https://mopsov.twse.com.tw/mops/web/ajax_t163sb04
下游,高速網路交換器,2345,智邦,2026,1,income_statement,原始認列生物資產及農產品之利益（損失）,,--,sii,https://mopsov.twse.com.tw/mops/web/ajax_t163sb04
下游,高速網路交換器,2345,智邦,2026,1,income_statement,生物資產當期公允價值減出售成本之變動利益（損失）,,--,sii,https://mopsov.twse.com.tw/mops/web/ajax_t163sb04
下游,高速網路交換器,2345,智邦,2026,1,income_statement,營業毛利（毛損）,13708805,"13,708,805",sii,https://mopsov.twse.com.tw/mops/web/ajax_t163sb04
下游,高速網路交換器,2345,智邦,2026,1,income_statement,未實現銷貨（損）益,7930,"7,930",sii,https://mopsov.twse.com.tw/mops/web/ajax_t163sb04
下游,高速網路交換器,2345,智邦,2026,1,income_statement,已實現銷貨（損）益,,--,sii,https://mopsov.twse.com.tw/mops/web/ajax_t163sb04
下游,高速網路交換器,2345,智邦,2026,1,income_statement,營業毛利（毛損）淨額,13700875,"13,700,875",sii,https://mopsov.twse.com.tw/mops/web/ajax_t163sb04
下游,高速網路交換器,2345,智邦,2026,1,income_statement,營業費用,3652188,"3,652,188",sii,https://mopsov.twse.com.tw/mops/web/ajax_t163sb04
下游,高速網路交換器,2345,智邦,2026,1,income_statement,其他收益及費損淨額,,--,sii,https://mopsov.twse.com.tw/mops/web/ajax_t163sb04
下游,高速網路交換器,2345,智邦,2026,1,income_statement,營業利益（損失）,10048687,"10,048,687",sii,https://mopsov.twse.com.tw/mops/web/ajax_t163sb04
下游,高速網路交換器,2345,智邦,2026,1,income_statement,營業外收入及支出,313016,"313,016",sii,https://mopsov.twse.com.tw/mops/web/ajax_t163sb04
下游,高速網路交換器,2345,智邦,2026,1,income_statement,稅前淨利（淨損）,10361703,"10,361,703",sii,https://mopsov.twse.com.tw/mops/web/ajax_t163sb04
下游,高速網路交換器,2345,智邦,2026,1,income_statement,所得稅費用（利益）,2028594,"2,028,594",sii,https://mopsov.twse.com.tw/mops/web/ajax_t163sb04
下游,高速網路交換器,2345,智邦,2026,1,income_statement,繼續營業單位本期淨利（淨損）,8333109,"8,333,109",sii,https://mopsov.twse.com.tw/mops/web/ajax_t163sb04
下游,高速網路交換器,2345,智邦,2026,1,income_statement,停業單位損益,,--,sii,https://mopsov.twse.com.tw/mops/web/ajax_t163sb04
下游,高速網路交換器,2345,智邦,2026,1,income_statement,合併前非屬共同控制股權損益,,--,sii,https://mopsov.twse.com.tw/mops/web/ajax_t163sb04
下游,高速網路交換器,2345,智邦,2026,1,income_statement,本期淨利（淨損）,8333109,"8,333,109",sii,https://mopsov.twse.com.tw/mops/web/ajax_t163sb04
下游,高速網路交換器,2345,智邦,2026,1,income_statement,其他綜合損益（淨額）,-563758,"-563,758",sii,https://mopsov.twse.com.tw/mops/web/ajax_t163sb04
下游,高速網路交換器,2345,智邦,2026,1,income_statement,合併前非屬共同控制股權綜合損益淨額,,--,sii,https://mopsov.twse.com.tw/mops/web/ajax_t163sb04
下游,高速網路交換器,2345,智邦,2026,1,income_statement,本期綜合損益總額,7769351,"7,769,351",sii,https://mopsov.twse.com.tw/mops/web/ajax_t163sb04
下游,高速網路交換器,2345,智邦,2026,1,income_statement,淨利（淨損）歸屬於母公司業主,8341044,"8,341,044",sii,https://mopsov.twse.com.tw/mops/web/ajax_t163sb04
下游,高速網路交換器,2345,智邦,2026,1,income_statement,淨利（淨損）歸屬於共同控制下前手權益,,--,sii,https://mopsov.twse.com.tw/mops/web/ajax_t163sb04
下游,高速網路交換器,2345,智邦,2026,1,income_statement,淨利（淨損）歸屬於非控制權益,-7935,"-7,935",sii,https://mopsov.twse.com.tw/mops/web/ajax_t163sb04
下游,高速網路交換器,2345,智邦,2026,1,income_statement,綜合損益總額歸屬於母公司業主,7777509,"7,777,509",sii,https://mopsov.twse.com.tw/mops/web/ajax_t163sb04
下游,高速網路交換器,2345,智邦,2026,1,income_statement,綜合損益總額歸屬於共同控制下前手權益,,--,sii,https://mopsov.twse.com.tw/mops/web/ajax_t163sb04
下游,高速網路交換器,2345,智邦,2026,1,income_statement,綜合損益總額歸屬於非控制權益,-8158,"-8,158",sii,https://mopsov.twse.com.tw/mops/web/ajax_t163sb04
下游,高速網路交換器,2345,智邦,2026,1,income_statement,基本每股盈餘（元）,14.92,14.92,sii,https://mopsov.twse.com.tw/mops/web/ajax_t163sb04
下游,高速網路交換器,2345,智邦,2026,1,balance_sheet,流動資產,143785613,"143,785,613",sii,https://mopsov.twse.com.tw/mops/web/ajax_t163sb05
下游,高速網路交換器,2345,智邦,2026,1,balance_sheet,非流動資產,20697906,"20,697,906",sii,https://mopsov.twse.com.tw/mops/web/ajax_t163sb05
下游,高速網路交換器,2345,智邦,2026,1,balance_sheet,資產總計,164483519,"164,483,519",sii,https://mopsov.twse.com.tw/mops/web/ajax_t163sb05
下游,高速網路交換器,2345,智邦,2026,1,balance_sheet,流動負債,93448561,"93,448,561",sii,https://mopsov.twse.com.tw/mops/web/ajax_t163sb05
下游,高速網路交換器,2345,智邦,2026,1,balance_sheet,非流動負債,5630424,"5,630,424",sii,https://mopsov.twse.com.tw/mops/web/ajax_t163sb05
下游,高速網路交換器,2345,智邦,2026,1,balance_sheet,負債總計,99078985,"99,078,985",sii,https://mopsov.twse.com.tw/mops/web/ajax_t163sb05
下游,高速網路交換器,2345,智邦,2026,1,balance_sheet,股本,5611179,"5,611,179",sii,https://mopsov.twse.com.tw/mops/web/ajax_t163sb05
下游,高速網路交換器,2345,智邦,2026,1,balance_sheet,權益─具證券性質之虛擬通貨,,--,sii,https://mopsov.twse.com.tw/mops/web/ajax_t163sb05
下游,高速網路交換器,2345,智邦,2026,1,balance_sheet,資本公積,915072,"915,072",sii,https://mopsov.twse.com.tw/mops/web/ajax_t163sb05
下游,高速網路交換器,2345,智邦,2026,1,balance_sheet,保留盈餘,57234780,"57,234,780",sii,https://mopsov.twse.com.tw/mops/web/ajax_t163sb05
下游,高速網路交換器,2345,智邦,2026,1,balance_sheet,其他權益,1607007,"1,607,007",sii,https://mopsov.twse.com.tw/mops/web/ajax_t163sb05
下游,高速網路交換器,2345,智邦,2026,1,balance_sheet,庫藏股票,-50999,"-50,999",sii,https://mopsov.twse.com.tw/mops/web/ajax_t163sb05
下游,高速網路交換器,2345,智邦,2026,1,balance_sheet,歸屬於母公司業主之權益合計,65317039,"65,317,039",sii,https://mopsov.twse.com.tw/mops/web/ajax_t163sb05
下游,高速網路交換器,2345,智邦,2026,1,balance_sheet,共同控制下前手權益,,--,sii,https://mopsov.twse.com.tw/mops/web/ajax_t163sb05
下游,高速網路交換器,2345,智邦,2026,1,balance_sheet,合併前非屬共同控制股權,,--,sii,https://mopsov.twse.com.tw/mops/web/ajax_t163sb05
下游,高速網路交換器,2345,智邦,2026,1,balance_sheet,非控制權益,87495,"87,495",sii,https://mopsov.twse.com.tw/mops/web/ajax_t163sb05
下游,高速網路交換器,2345,智邦,2026,1,balance_sheet,權益總計,65404534,"65,404,534",sii,https://mopsov.twse.com.tw/mops/web/ajax_t163sb05
下游,高速網路交換器,2345,智邦,2026,1,balance_sheet,待註銷股本股數（單位：股）,,--,sii,https://mopsov.twse.com.tw/mops/web/ajax_t163sb05
下游,高速網路交換器,2345,智邦,2026,1,balance_sheet,預收股款（權益項下）之約當發行股數（單位：股）,0,0,sii,https://mopsov.twse.com.tw/mops/web/ajax_t163sb05
下游,高速網路交換器,2345,智邦,2026,1,balance_sheet,母公司暨子公司所持有之母公司庫藏股股數（單位：股）,2209867,"2,209,867",sii,https://mopsov.twse.com.tw/mops/web/ajax_t163sb05
下游,高速網路交換器,2345,智邦,2026,1,balance_sheet,每股參考淨值,116.87,116.87,sii,https://mopsov.twse.com.tw/mops/web/ajax_t163sb05
下游,高速網路交換器,2345,智邦,2026,1,cash_flow,營業活動之淨現金流入（流出）,-3658466,"-3,658,466",sii,https://mopsov.twse.com.tw/mops/web/ajax_t163sb20
下游,高速網路交換器,2345,智邦,2026,1,cash_flow,投資活動之淨現金流入（流出）,-2055863,"-2,055,863",sii,https://mopsov.twse.com.tw/mops/web/ajax_t163sb20
下游,高速網路交換器,2345,智邦,2026,1,cash_flow,籌資活動之淨現金流入（流出）,2824144,"2,824,144",sii,https://mopsov.twse.com.tw/mops/web/ajax_t163sb20
下游,高速網路交換器,2345,智邦,2026,1,cash_flow,匯率變動對現金及約當現金之影響,97078,"97,078",sii,https://mopsov.twse.com.tw/mops/web/ajax_t163sb20
下游,高速網路交換器,2345,智邦,2026,1,cash_flow,本期現金及約當現金增加（減少）數,-2793107,"-2,793,107",sii,https://mopsov.twse.com.tw/mops/web/ajax_t163sb20
下游,高速網路交換器,2345,智邦,2026,1,cash_flow,期初現金及約當現金餘額,27890576,"27,890,576",sii,https://mopsov.twse.com.tw/mops/web/ajax_t163sb20
下游,高速網路交換器,2345,智邦,2026,1,cash_flow,期末現金及約當現金餘額,25097469,"25,097,469",sii,https://mopsov.twse.com.tw/mops/web/ajax_t163sb20
下游,高速網路交換器,2345,智邦,2026,2,income_statement,營業收入,165658435,"165,658,435",sii,https://mopsov.twse.com.tw/mops/web/ajax_t163sb04
下游,高速網路交換器,2345,智邦,2026,2,income_statement,營業成本,133132194,"133,132,194",sii,https://mopsov.twse.com.tw/mops/web/ajax_t163sb04
下游,高速網路交換器,2345,智邦,2026,2,income_statement,原始認列生物資產及農產品之利益（損失）,,--,sii,https://mopsov.twse.com.tw/mops/web/ajax_t163sb04
下游,高速網路交換器,2345,智邦,2026,2,income_statement,生物資產當期公允價值減出售成本之變動利益（損失）,,--,sii,https://mopsov.twse.com.tw/mops/web/ajax_t163sb04
下游,高速網路交換器,2345,智邦,2026,2,income_statement,營業毛利（毛損）,32526241,"32,526,241",sii,https://mopsov.twse.com.tw/mops/web/ajax_t163sb04
下游,高速網路交換器,2345,智邦,2026,2,income_statement,未實現銷貨（損）益,2608,"2,608",sii,https://mopsov.twse.com.tw/mops/web/ajax_t163sb04
下游,高速網路交換器,2345,智邦,2026,2,income_statement,已實現銷貨（損）益,,--,sii,https://mopsov.twse.com.tw/mops/web/ajax_t163sb04
下游,高速網路交換器,2345,智邦,2026,2,income_statement,營業毛利（毛損）淨額,32523633,"32,523,633",sii,https://mopsov.twse.com.tw/mops/web/ajax_t163sb04
下游,高速網路交換器,2345,智邦,2026,2,income_statement,營業費用,8143626,"8,143,626",sii,https://mopsov.twse.com.tw/mops/web/ajax_t163sb04
下游,高速網路交換器,2345,智邦,2026,2,income_statement,其他收益及費損淨額,,--,sii,https://mopsov.twse.com.tw/mops/web/ajax_t163sb04
下游,高速網路交換器,2345,智邦,2026,2,income_statement,營業利益（損失）,24380007,"24,380,007",sii,https://mopsov.twse.com.tw/mops/web/ajax_t163sb04
下游,高速網路交換器,2345,智邦,2026,2,income_statement,營業外收入及支出,550063,"550,063",sii,https://mopsov.twse.com.tw/mops/web/ajax_t163sb04
下游,高速網路交換器,2345,智邦,2026,2,income_statement,稅前淨利（淨損）,24930070,"24,930,070",sii,https://mopsov.twse.com.tw/mops/web/ajax_t163sb04
下游,高速網路交換器,2345,智邦,2026,2,income_statement,所得稅費用（利益）,5549864,"5,549,864",sii,https://mopsov.twse.com.tw/mops/web/ajax_t163sb04
下游,高速網路交換器,2345,智邦,2026,2,income_statement,繼續營業單位本期淨利（淨損）,19380206,"19,380,206",sii,https://mopsov.twse.com.tw/mops/web/ajax_t163sb04
下游,高速網路交換器,2345,智邦,2026,2,income_statement,停業單位損益,,--,sii,https://mopsov.twse.com.tw/mops/web/ajax_t163sb04
下游,高速網路交換器,2345,智邦,2026,2,income_statement,合併前非屬共同控制股權損益,,--,sii,https://mopsov.twse.com.tw/mops/web/ajax_t163sb04
下游,高速網路交換器,2345,智邦,2026,2,income_statement,本期淨利（淨損）,19380206,"19,380,206",sii,https://mopsov.twse.com.tw/mops/web/ajax_t163sb04
下游,高速網路交換器,2345,智邦,2026,2,income_statement,其他綜合損益（淨額）,491110,"491,110",sii,https://mopsov.twse.com.tw/mops/web/ajax_t163sb04
下游,高速網路交換器,2345,智邦,2026,2,income_statement,合併前非屬共同控制股權綜合損益淨額,,--,sii,https://mopsov.twse.com.tw/mops/web/ajax_t163sb04
下游,高速網路交換器,2345,智邦,2026,2,income_statement,本期綜合損益總額,19871316,"19,871,316",sii,https://mopsov.twse.com.tw/mops/web/ajax_t163sb04
下游,高速網路交換器,2345,智邦,2026,2,income_statement,淨利（淨損）歸屬於母公司業主,19394289,"19,394,289",sii,https://mopsov.twse.com.tw/mops/web/ajax_t163sb04
下游,高速網路交換器,2345,智邦,2026,2,income_statement,淨利（淨損）歸屬於共同控制下前手權益,,--,sii,https://mopsov.twse.com.tw/mops/web/ajax_t163sb04
下游,高速網路交換器,2345,智邦,2026,2,income_statement,淨利（淨損）歸屬於非控制權益,-14083,"-14,083",sii,https://mopsov.twse.com.tw/mops/web/ajax_t163sb04
下游,高速網路交換器,2345,智邦,2026,2,income_statement,綜合損益總額歸屬於母公司業主,19885960,"19,885,960",sii,https://mopsov.twse.com.tw/mops/web/ajax_t163sb04
下游,高速網路交換器,2345,智邦,2026,2,income_statement,綜合損益總額歸屬於共同控制下前手權益,,--,sii,https://mopsov.twse.com.tw/mops/web/ajax_t163sb04
下游,高速網路交換器,2345,智邦,2026,2,income_statement,綜合損益總額歸屬於非控制權益,-14644,"-14,644",sii,https://mopsov.twse.com.tw/mops/web/ajax_t163sb04
下游,高速網路交換器,2345,智邦,2026,2,income_statement,基本每股盈餘（元）,34.7,34.70,sii,https://mopsov.twse.com.tw/mops/web/ajax_t163sb04
下游,高速網路交換器,2345,智邦,2026,2,balance_sheet,流動資產,178203985,"178,203,985",sii,https://mopsov.twse.com.tw/mops/web/ajax_t163sb05
下游,高速網路交換器,2345,智邦,2026,2,balance_sheet,非流動資產,21136824,"21,136,824",sii,https://mopsov.twse.com.tw/mops/web/ajax_t163sb05
下游,高速網路交換器,2345,智邦,2026,2,balance_sheet,資產總計,199340809,"199,340,809",sii,https://mopsov.twse.com.tw/mops/web/ajax_t163sb05
下游,高速網路交換器,2345,智邦,2026,2,balance_sheet,流動負債,125103174,"125,103,174",sii,https://mopsov.twse.com.tw/mops/web/ajax_t163sb05
下游,高速網路交換器,2345,智邦,2026,2,balance_sheet,非流動負債,5114756,"5,114,756",sii,https://mopsov.twse.com.tw/mops/web/ajax_t163sb05
下游,高速網路交換器,2345,智邦,2026,2,balance_sheet,負債總計,130217930,"130,217,930",sii,https://mopsov.twse.com.tw/mops/web/ajax_t163sb05
下游,高速網路交換器,2345,智邦,2026,2,balance_sheet,股本,5611179,"5,611,179",sii,https://mopsov.twse.com.tw/mops/web/ajax_t163sb05
下游,高速網路交換器,2345,智邦,2026,2,balance_sheet,權益─具證券性質之虛擬通貨,,--,sii,https://mopsov.twse.com.tw/mops/web/ajax_t163sb05
下游,高速網路交換器,2345,智邦,2026,2,balance_sheet,資本公積,948220,"948,220",sii,https://mopsov.twse.com.tw/mops/web/ajax_t163sb05
下游,高速網路交換器,2345,智邦,2026,2,balance_sheet,保留盈餘,62443627,"62,443,627",sii,https://mopsov.twse.com.tw/mops/web/ajax_t163sb05
下游,高速網路交換器,2345,智邦,2026,2,balance_sheet,其他權益,86055,"86,055",sii,https://mopsov.twse.com.tw/mops/web/ajax_t163sb05
下游,高速網路交換器,2345,智邦,2026,2,balance_sheet,庫藏股票,-50999,"-50,999",sii,https://mopsov.twse.com.tw/mops/web/ajax_t163sb05
下游,高速網路交換器,2345,智邦,2026,2,balance_sheet,歸屬於母公司業主之權益合計,69038082,"69,038,082",sii,https://mopsov.twse.com.tw/mops/web/ajax_t163sb05
下游,高速網路交換器,2345,智邦,2026,2,balance_sheet,共同控制下前手權益,,--,sii,https://mopsov.twse.com.tw/mops/web/ajax_t163sb05
下游,高速網路交換器,2345,智邦,2026,2,balance_sheet,合併前非屬共同控制股權,,--,sii,https://mopsov.twse.com.tw/mops/web/ajax_t163sb05
下游,高速網路交換器,2345,智邦,2026,2,balance_sheet,非控制權益,84797,"84,797",sii,https://mopsov.twse.com.tw/mops/web/ajax_t163sb05
下游,高速網路交換器,2345,智邦,2026,2,balance_sheet,權益總計,69122879,"69,122,879",sii,https://mopsov.twse.com.tw/mops/web/ajax_t163sb05
下游,高速網路交換器,2345,智邦,2026,2,balance_sheet,待註銷股本股數（單位：股）,,--,sii,https://mopsov.twse.com.tw/mops/web/ajax_t163sb05
下游,高速網路交換器,2345,智邦,2026,2,balance_sheet,預收股款（權益項下）之約當發行股數（單位：股）,0,0,sii,https://mopsov.twse.com.tw/mops/web/ajax_t163sb05
下游,高速網路交換器,2345,智邦,2026,2,balance_sheet,母公司暨子公司所持有之母公司庫藏股股數（單位：股）,2209867,"2,209,867",sii,https://mopsov.twse.com.tw/mops/web/ajax_t163sb05
下游,高速網路交換器,2345,智邦,2026,2,balance_sheet,每股參考淨值,123.52,123.52,sii,https://mopsov.twse.com.tw/mops/web/ajax_t163sb05
下游,高速網路交換器,2345,智邦,2026,2,cash_flow,營業活動之淨現金流入（流出）,-15452605,"-15,452,605",sii,https://mopsov.twse.com.tw/mops/web/ajax_t163sb20
下游,高速網路交換器,2345,智邦,2026,2,cash_flow,投資活動之淨現金流入（流出）,9807095,"9,807,095",sii,https://mopsov.twse.com.tw/mops/web/ajax_t163sb20
下游,高速網路交換器,2345,智邦,2026,2,cash_flow,籌資活動之淨現金流入（流出）,5389930,"5,389,930",sii,https://mopsov.twse.com.tw/mops/web/ajax_t163sb20
下游,高速網路交換器,2345,智邦,2026,2,cash_flow,匯率變動對現金及約當現金之影響,42104,"42,104",sii,https://mopsov.twse.com.tw/mops/web/ajax_t163sb20
下游,高速網路交換器,2345,智邦,2026,2,cash_flow,本期現金及約當現金增加（減少）數,-213476,"-213,476",sii,https://mopsov.twse.com.tw/mops/web/ajax_t163sb20
下游,高速網路交換器,2345,智邦,2026,2,cash_flow,期初現金及約當現金餘額,27890576,"27,890,576",sii,https://mopsov.twse.com.tw/mops/web/ajax_t163sb20
下游,高速網路交換器,2345,智邦,2026,2,cash_flow,期末現金及約當現金餘額,27677100,"27,677,100",sii,https://mopsov.twse.com.tw/mops/web/ajax_t163sb20
