stage,category,stock_id,company_name,year,quarter,statement,account,value,raw_value,market,source_url
中游,電源供應系統,2301,光寶科,2013,1,income_statement,營業收入,46768494,"46,768,494",sii,https://mopsov.twse.com.tw/mops/web/ajax_t163sb04
中游,電源供應系統,2301,光寶科,2013,1,income_statement,營業成本,39885439,"39,885,439",sii,https://mopsov.twse.com.tw/mops/web/ajax_t163sb04
中游,電源供應系統,2301,光寶科,2013,1,income_statement,營業毛利（毛損）,6883055,"6,883,055",sii,https://mopsov.twse.com.tw/mops/web/ajax_t163sb04
中游,電源供應系統,2301,光寶科,2013,1,income_statement,未實現銷貨（損）益,,--,sii,https://mopsov.twse.com.tw/mops/web/ajax_t163sb04
中游,電源供應系統,2301,光寶科,2013,1,income_statement,已實現銷貨（損）益,,--,sii,https://mopsov.twse.com.tw/mops/web/ajax_t163sb04
中游,電源供應系統,2301,光寶科,2013,1,income_statement,營業毛利（毛損）淨額,6883055,"6,883,055",sii,https://mopsov.twse.com.tw/mops/web/ajax_t163sb04
中游,電源供應系統,2301,光寶科,2013,1,income_statement,營業費用,4915350,"4,915,350",sii,https://mopsov.twse.com.tw/mops/web/ajax_t163sb04
中游,電源供應系統,2301,光寶科,2013,1,income_statement,其他收益及費損淨額,,--,sii,https://mopsov.twse.com.tw/mops/web/ajax_t163sb04
中游,電源供應系統,2301,光寶科,2013,1,income_statement,營業利益（損失）,1967705,"1,967,705",sii,https://mopsov.twse.com.tw/mops/web/ajax_t163sb04
中游,電源供應系統,2301,光寶科,2013,1,income_statement,營業外收入及支出,333915,"333,915",sii,https://mopsov.twse.com.tw/mops/web/ajax_t163sb04
中游,電源供應系統,2301,光寶科,2013,1,income_statement,稅前淨利（淨損）,2301620,"2,301,620",sii,https://mopsov.twse.com.tw/mops/web/ajax_t163sb04
中游,電源供應系統,2301,光寶科,2013,1,income_statement,所得稅費用（利益）,510713,"510,713",sii,https://mopsov.twse.com.tw/mops/web/ajax_t163sb04
中游,電源供應系統,2301,光寶科,2013,1,income_statement,繼續營業單位本期淨利（淨損）,1790907,"1,790,907",sii,https://mopsov.twse.com.tw/mops/web/ajax_t163sb04
中游,電源供應系統,2301,光寶科,2013,1,income_statement,停業單位損益,,--,sii,https://mopsov.twse.com.tw/mops/web/ajax_t163sb04
中游,電源供應系統,2301,光寶科,2013,1,income_statement,合併前非屬共同控制股權損益,,--,sii,https://mopsov.twse.com.tw/mops/web/ajax_t163sb04
中游,電源供應系統,2301,光寶科,2013,1,income_statement,本期淨利（淨損）,1790907,"1,790,907",sii,https://mopsov.twse.com.tw/mops/web/ajax_t163sb04
中游,電源供應系統,2301,光寶科,2013,1,income_statement,其他綜合損益（淨額）,1824766,"1,824,766",sii,https://mopsov.twse.com.tw/mops/web/ajax_t163sb04
中游,電源供應系統,2301,光寶科,2013,1,income_statement,合併前非屬共同控制股權綜合損益淨額,,--,sii,https://mopsov.twse.com.tw/mops/web/ajax_t163sb04
中游,電源供應系統,2301,光寶科,2013,1,income_statement,本期綜合損益總額,3615673,"3,615,673",sii,https://mopsov.twse.com.tw/mops/web/ajax_t163sb04
中游,電源供應系統,2301,光寶科,2013,1,income_statement,淨利（淨損）歸屬於母公司業主,1576661,"1,576,661",sii,https://mopsov.twse.com.tw/mops/web/ajax_t163sb04
中游,電源供應系統,2301,光寶科,2013,1,income_statement,淨利（淨損）歸屬於共同控制下前手權益,,--,sii,https://mopsov.twse.com.tw/mops/web/ajax_t163sb04
中游,電源供應系統,2301,光寶科,2013,1,income_statement,淨利（淨損）歸屬於非控制權益,214246,"214,246",sii,https://mopsov.twse.com.tw/mops/web/ajax_t163sb04
中游,電源供應系統,2301,光寶科,2013,1,income_statement,綜合損益總額歸屬於母公司業主,3102919,"3,102,919",sii,https://mopsov.twse.com.tw/mops/web/ajax_t163sb04
中游,電源供應系統,2301,光寶科,2013,1,income_statement,綜合損益總額歸屬於共同控制下前手權益,,--,sii,https://mopsov.twse.com.tw/mops/web/ajax_t163sb04
中游,電源供應系統,2301,光寶科,2013,1,income_statement,綜合損益總額歸屬於非控制權益,512754,"512,754",sii,https://mopsov.twse.com.tw/mops/web/ajax_t163sb04
中游,電源供應系統,2301,光寶科,2013,1,income_statement,基本每股盈餘（元）,0.7,0.70,sii,https://mopsov.twse.com.tw/mops/web/ajax_t163sb04
中游,電源供應系統,2308,台達電,2013,1,income_statement,營業收入,38830600,"38,830,600",sii,https://mopsov.twse.com.tw/mops/web/ajax_t163sb04
中游,電源供應系統,2308,台達電,2013,1,income_statement,營業成本,28886523,"28,886,523",sii,https://mopsov.twse.com.tw/mops/web/ajax_t163sb04
中游,電源供應系統,2308,台達電,2013,1,income_statement,營業毛利（毛損）,9944077,"9,944,077",sii,https://mopsov.twse.com.tw/mops/web/ajax_t163sb04
中游,電源供應系統,2308,台達電,2013,1,income_statement,未實現銷貨（損）益,,--,sii,https://mopsov.twse.com.tw/mops/web/ajax_t163sb04
中游,電源供應系統,2308,台達電,2013,1,income_statement,已實現銷貨（損）益,,--,sii,https://mopsov.twse.com.tw/mops/web/ajax_t163sb04
中游,電源供應系統,2308,台達電,2013,1,income_statement,營業毛利（毛損）淨額,9944077,"9,944,077",sii,https://mopsov.twse.com.tw/mops/web/ajax_t163sb04
中游,電源供應系統,2308,台達電,2013,1,income_statement,營業費用,5704054,"5,704,054",sii,https://mopsov.twse.com.tw/mops/web/ajax_t163sb04
中游,電源供應系統,2308,台達電,2013,1,income_statement,其他收益及費損淨額,,--,sii,https://mopsov.twse.com.tw/mops/web/ajax_t163sb04
中游,電源供應系統,2308,台達電,2013,1,income_statement,營業利益（損失）,4240023,"4,240,023",sii,https://mopsov.twse.com.tw/mops/web/ajax_t163sb04
中游,電源供應系統,2308,台達電,2013,1,income_statement,營業外收入及支出,720301,"720,301",sii,https://mopsov.twse.com.tw/mops/web/ajax_t163sb04
中游,電源供應系統,2308,台達電,2013,1,income_statement,稅前淨利（淨損）,4960324,"4,960,324",sii,https://mopsov.twse.com.tw/mops/web/ajax_t163sb04
中游,電源供應系統,2308,台達電,2013,1,income_statement,所得稅費用（利益）,840348,"840,348",sii,https://mopsov.twse.com.tw/mops/web/ajax_t163sb04
中游,電源供應系統,2308,台達電,2013,1,income_statement,繼續營業單位本期淨利（淨損）,4119976,"4,119,976",sii,https://mopsov.twse.com.tw/mops/web/ajax_t163sb04
中游,電源供應系統,2308,台達電,2013,1,income_statement,停業單位損益,53980,"53,980",sii,https://mopsov.twse.com.tw/mops/web/ajax_t163sb04
中游,電源供應系統,2308,台達電,2013,1,income_statement,合併前非屬共同控制股權損益,,--,sii,https://mopsov.twse.com.tw/mops/web/ajax_t163sb04
中游,電源供應系統,2308,台達電,2013,1,income_statement,本期淨利（淨損）,4173956,"4,173,956",sii,https://mopsov.twse.com.tw/mops/web/ajax_t163sb04
中游,電源供應系統,2308,台達電,2013,1,income_statement,其他綜合損益（淨額）,2469193,"2,469,193",sii,https://mopsov.twse.com.tw/mops/web/ajax_t163sb04
中游,電源供應系統,2308,台達電,2013,1,income_statement,合併前非屬共同控制股權綜合損益淨額,,--,sii,https://mopsov.twse.com.tw/mops/web/ajax_t163sb04
中游,電源供應系統,2308,台達電,2013,1,income_statement,本期綜合損益總額,6643149,"6,643,149",sii,https://mopsov.twse.com.tw/mops/web/ajax_t163sb04
中游,電源供應系統,2308,台達電,2013,1,income_statement,淨利（淨損）歸屬於母公司業主,4188751,"4,188,751",sii,https://mopsov.twse.com.tw/mops/web/ajax_t163sb04
中游,電源供應系統,2308,台達電,2013,1,income_statement,淨利（淨損）歸屬於共同控制下前手權益,,--,sii,https://mopsov.twse.com.tw/mops/web/ajax_t163sb04
中游,電源供應系統,2308,台達電,2013,1,income_statement,淨利（淨損）歸屬於非控制權益,-14795,"-14,795",sii,https://mopsov.twse.com.tw/mops/web/ajax_t163sb04
中游,電源供應系統,2308,台達電,2013,1,income_statement,綜合損益總額歸屬於母公司業主,6338766,"6,338,766",sii,https://mopsov.twse.com.tw/mops/web/ajax_t163sb04
中游,電源供應系統,2308,台達電,2013,1,income_statement,綜合損益總額歸屬於共同控制下前手權益,,--,sii,https://mopsov.twse.com.tw/mops/web/ajax_t163sb04
中游,電源供應系統,2308,台達電,2013,1,income_statement,綜合損益總額歸屬於非控制權益,304383,"304,383",sii,https://mopsov.twse.com.tw/mops/web/ajax_t163sb04
中游,電源供應系統,2308,台達電,2013,1,income_statement,基本每股盈餘（元）,1.73,1.73,sii,https://mopsov.twse.com.tw/mops/web/ajax_t163sb04
中游,電源供應系統,2301,光寶科,2013,1,balance_sheet,流動資產,131313331,"131,313,331",sii,https://mopsov.twse.com.tw/mops/web/ajax_t163sb05
中游,電源供應系統,2301,光寶科,2013,1,balance_sheet,非流動資產,64218301,"64,218,301",sii,https://mopsov.twse.com.tw/mops/web/ajax_t163sb05
中游,電源供應系統,2301,光寶科,2013,1,balance_sheet,資產總額,195531632,"195,531,632",sii,https://mopsov.twse.com.tw/mops/web/ajax_t163sb05
中游,電源供應系統,2301,光寶科,2013,1,balance_sheet,流動負債,87188997,"87,188,997",sii,https://mopsov.twse.com.tw/mops/web/ajax_t163sb05
中游,電源供應系統,2301,光寶科,2013,1,balance_sheet,非流動負債,30416905,"30,416,905",sii,https://mopsov.twse.com.tw/mops/web/ajax_t163sb05
中游,電源供應系統,2301,光寶科,2013,1,balance_sheet,負債總額,117605902,"117,605,902",sii,https://mopsov.twse.com.tw/mops/web/ajax_t163sb05
中游,電源供應系統,2301,光寶科,2013,1,balance_sheet,股本,23029887,"23,029,887",sii,https://mopsov.twse.com.tw/mops/web/ajax_t163sb05
中游,電源供應系統,2301,光寶科,2013,1,balance_sheet,資本公積,26781815,"26,781,815",sii,https://mopsov.twse.com.tw/mops/web/ajax_t163sb05
中游,電源供應系統,2301,光寶科,2013,1,balance_sheet,保留盈餘,20063986,"20,063,986",sii,https://mopsov.twse.com.tw/mops/web/ajax_t163sb05
中游,電源供應系統,2301,光寶科,2013,1,balance_sheet,其他權益,1106422,"1,106,422",sii,https://mopsov.twse.com.tw/mops/web/ajax_t163sb05
中游,電源供應系統,2301,光寶科,2013,1,balance_sheet,庫藏股票,-1334660,"-1,334,660",sii,https://mopsov.twse.com.tw/mops/web/ajax_t163sb05
中游,電源供應系統,2301,光寶科,2013,1,balance_sheet,歸屬於母公司業主之權益合計,69647450,"69,647,450",sii,https://mopsov.twse.com.tw/mops/web/ajax_t163sb05
中游,電源供應系統,2301,光寶科,2013,1,balance_sheet,共同控制下前手權益,,--,sii,https://mopsov.twse.com.tw/mops/web/ajax_t163sb05
中游,電源供應系統,2301,光寶科,2013,1,balance_sheet,合併前非屬共同控制股權,,--,sii,https://mopsov.twse.com.tw/mops/web/ajax_t163sb05
中游,電源供應系統,2301,光寶科,2013,1,balance_sheet,非控制權益,8278280,"8,278,280",sii,https://mopsov.twse.com.tw/mops/web/ajax_t163sb05
中游,電源供應系統,2301,光寶科,2013,1,balance_sheet,權益總額,77925730,"77,925,730",sii,https://mopsov.twse.com.tw/mops/web/ajax_t163sb05
中游,電源供應系統,2301,光寶科,2013,1,balance_sheet,預收股款（權益項下）之約當發行股數（單位：股）,6989250,"6,989,250",sii,https://mopsov.twse.com.tw/mops/web/ajax_t163sb05
中游,電源供應系統,2301,光寶科,2013,1,balance_sheet,母公司暨子公司所持有之母公司庫藏股股數（單位：股）,27978772,"27,978,772",sii,https://mopsov.twse.com.tw/mops/web/ajax_t163sb05
中游,電源供應系統,2301,光寶科,2013,1,balance_sheet,每股參考淨值,30.61,30.61,sii,https://mopsov.twse.com.tw/mops/web/ajax_t163sb05
中游,電源供應系統,2308,台達電,2013,1,balance_sheet,流動資產,124172136,"124,172,136",sii,https://mopsov.twse.com.tw/mops/web/ajax_t163sb05
中游,電源供應系統,2308,台達電,2013,1,balance_sheet,非流動資產,64004288,"64,004,288",sii,https://mopsov.twse.com.tw/mops/web/ajax_t163sb05
中游,電源供應系統,2308,台達電,2013,1,balance_sheet,資產總額,188176424,"188,176,424",sii,https://mopsov.twse.com.tw/mops/web/ajax_t163sb05
中游,電源供應系統,2308,台達電,2013,1,balance_sheet,流動負債,62231636,"62,231,636",sii,https://mopsov.twse.com.tw/mops/web/ajax_t163sb05
中游,電源供應系統,2308,台達電,2013,1,balance_sheet,非流動負債,20228126,"20,228,126",sii,https://mopsov.twse.com.tw/mops/web/ajax_t163sb05
中游,電源供應系統,2308,台達電,2013,1,balance_sheet,負債總額,82459762,"82,459,762",sii,https://mopsov.twse.com.tw/mops/web/ajax_t163sb05
中游,電源供應系統,2308,台達電,2013,1,balance_sheet,股本,24260162,"24,260,162",sii,https://mopsov.twse.com.tw/mops/web/ajax_t163sb05
中游,電源供應系統,2308,台達電,2013,1,balance_sheet,資本公積,25098834,"25,098,834",sii,https://mopsov.twse.com.tw/mops/web/ajax_t163sb05
中游,電源供應系統,2308,台達電,2013,1,balance_sheet,保留盈餘,42317220,"42,317,220",sii,https://mopsov.twse.com.tw/mops/web/ajax_t163sb05
中游,電源供應系統,2308,台達電,2013,1,balance_sheet,其他權益,-2633260,"-2,633,260",sii,https://mopsov.twse.com.tw/mops/web/ajax_t163sb05
中游,電源供應系統,2308,台達電,2013,1,balance_sheet,庫藏股票,,--,sii,https://mopsov.twse.com.tw/mops/web/ajax_t163sb05
中游,電源供應系統,2308,台達電,2013,1,balance_sheet,歸屬於母公司業主之權益合計,89042956,"89,042,956",sii,https://mopsov.twse.com.tw/mops/web/ajax_t163sb05
中游,電源供應系統,2308,台達電,2013,1,balance_sheet,共同控制下前手權益,,--,sii,https://mopsov.twse.com.tw/mops/web/ajax_t163sb05
中游,電源供應系統,2308,台達電,2013,1,balance_sheet,合併前非屬共同控制股權,,--,sii,https://mopsov.twse.com.tw/mops/web/ajax_t163sb05
中游,電源供應系統,2308,台達電,2013,1,balance_sheet,非控制權益,16673706,"16,673,706",sii,https://mopsov.twse.com.tw/mops/web/ajax_t163sb05
中游,電源供應系統,2308,台達電,2013,1,balance_sheet,權益總額,105716662,"105,716,662",sii,https://mopsov.twse.com.tw/mops/web/ajax_t163sb05
中游,電源供應系統,2308,台達電,2013,1,balance_sheet,預收股款（權益項下）之約當發行股數（單位：股）,0,0,sii,https://mopsov.twse.com.tw/mops/web/ajax_t163sb05
中游,電源供應系統,2308,台達電,2013,1,balance_sheet,母公司暨子公司所持有之母公司庫藏股股數（單位：股）,0,0,sii,https://mopsov.twse.com.tw/mops/web/ajax_t163sb05
中游,電源供應系統,2308,台達電,2013,1,balance_sheet,每股參考淨值,36.7,36.70,sii,https://mopsov.twse.com.tw/mops/web/ajax_t163sb05
中游,電源供應系統,2301,光寶科,2013,1,cash_flow,營業活動之淨現金流入（流出）,2277857,"2,277,857",sii,https://mopsov.twse.com.tw/mops/web/ajax_t163sb20
中游,電源供應系統,2301,光寶科,2013,1,cash_flow,投資活動之淨現金流入（流出）,1929448,"1,929,448",sii,https://mopsov.twse.com.tw/mops/web/ajax_t163sb20
中游,電源供應系統,2301,光寶科,2013,1,cash_flow,籌資活動之淨現金流入（流出）,-1274155,"-1,274,155",sii,https://mopsov.twse.com.tw/mops/web/ajax_t163sb20
中游,電源供應系統,2301,光寶科,2013,1,cash_flow,匯率變動對現金及約當現金之影響,240407,"240,407",sii,https://mopsov.twse.com.tw/mops/web/ajax_t163sb20
中游,電源供應系統,2301,光寶科,2013,1,cash_flow,本期現金及約當現金增加（減少）數,3173557,"3,173,557",sii,https://mopsov.twse.com.tw/mops/web/ajax_t163sb20
中游,電源供應系統,2301,光寶科,2013,1,cash_flow,期初現金及約當現金餘額,51224870,"51,224,870",sii,https://mopsov.twse.com.tw/mops/web/ajax_t163sb20
中游,電源供應系統,2301,光寶科,2013,1,cash_flow,期末現金及約當現金餘額,54398427,"54,398,427",sii,https://mopsov.twse.com.tw/mops/web/ajax_t163sb20
中游,電源供應系統,2308,台達電,2013,1,cash_flow,營業活動之淨現金流入（流出）,5923837,"5,923,837",sii,https://mopsov.twse.com.tw/mops/web/ajax_t163sb20
中游,電源供應系統,2308,台達電,2013,1,cash_flow,投資活動之淨現金流入（流出）,-1985955,"-1,985,955",sii,https://mopsov.twse.com.tw/mops/web/ajax_t163sb20
中游,電源供應系統,2308,台達電,2013,1,cash_flow,籌資活動之淨現金流入（流出）,-2453903,"-2,453,903",sii,https://mopsov.twse.com.tw/mops/web/ajax_t163sb20
中游,電源供應系統,2308,台達電,2013,1,cash_flow,匯率變動對現金及約當現金之影響,2716041,"2,716,041",sii,https://mopsov.twse.com.tw/mops/web/ajax_t163sb20
中游,電源供應系統,2308,台達電,2013,1,cash_flow,本期現金及約當現金增加（減少）數,4200020,"4,200,020",sii,https://mopsov.twse.com.tw/mops/web/ajax_t163sb20
中游,電源供應系統,2308,台達電,2013,1,cash_flow,期初現金及約當現金餘額,51096128,"51,096,128",sii,https://mopsov.twse.com.tw/mops/web/ajax_t163sb20
中游,電源供應系統,2308,台達電,2013,1,cash_flow,期末現金及約當現金餘額,55296148,"55,296,148",sii,https://mopsov.twse.com.tw/mops/web/ajax_t163sb20
中游,電源供應系統,2301,光寶科,2013,2,income_statement,營業收入,96777679,"96,777,679",sii,https://mopsov.twse.com.tw/mops/web/ajax_t163sb04
中游,電源供應系統,2301,光寶科,2013,2,income_statement,營業成本,82484009,"82,484,009",sii,https://mopsov.twse.com.tw/mops/web/ajax_t163sb04
中游,電源供應系統,2301,光寶科,2013,2,income_statement,營業毛利（毛損）,14293670,"14,293,670",sii,https://mopsov.twse.com.tw/mops/web/ajax_t163sb04
中游,電源供應系統,2301,光寶科,2013,2,income_statement,未實現銷貨（損）益,,--,sii,https://mopsov.twse.com.tw/mops/web/ajax_t163sb04
中游,電源供應系統,2301,光寶科,2013,2,income_statement,已實現銷貨（損）益,,--,sii,https://mopsov.twse.com.tw/mops/web/ajax_t163sb04
中游,電源供應系統,2301,光寶科,2013,2,income_statement,營業毛利（毛損）淨額,14293670,"14,293,670",sii,https://mopsov.twse.com.tw/mops/web/ajax_t163sb04
中游,電源供應系統,2301,光寶科,2013,2,income_statement,營業費用,9913777,"9,913,777",sii,https://mopsov.twse.com.tw/mops/web/ajax_t163sb04
中游,電源供應系統,2301,光寶科,2013,2,income_statement,其他收益及費損淨額,,--,sii,https://mopsov.twse.com.tw/mops/web/ajax_t163sb04
中游,電源供應系統,2301,光寶科,2013,2,income_statement,營業利益（損失）,4379893,"4,379,893",sii,https://mopsov.twse.com.tw/mops/web/ajax_t163sb04
中游,電源供應系統,2301,光寶科,2013,2,income_statement,營業外收入及支出,814202,"814,202",sii,https://mopsov.twse.com.tw/mops/web/ajax_t163sb04
中游,電源供應系統,2301,光寶科,2013,2,income_statement,稅前淨利（淨損）,5194095,"5,194,095",sii,https://mopsov.twse.com.tw/mops/web/ajax_t163sb04
中游,電源供應系統,2301,光寶科,2013,2,income_statement,所得稅費用（利益）,1076818,"1,076,818",sii,https://mopsov.twse.com.tw/mops/web/ajax_t163sb04
中游,電源供應系統,2301,光寶科,2013,2,income_statement,繼續營業單位本期淨利（淨損）,4117277,"4,117,277",sii,https://mopsov.twse.com.tw/mops/web/ajax_t163sb04
中游,電源供應系統,2301,光寶科,2013,2,income_statement,停業單位損益,,--,sii,https://mopsov.twse.com.tw/mops/web/ajax_t163sb04
中游,電源供應系統,2301,光寶科,2013,2,income_statement,合併前非屬共同控制股權損益,,--,sii,https://mopsov.twse.com.tw/mops/web/ajax_t163sb04
中游,電源供應系統,2301,光寶科,2013,2,income_statement,本期淨利（淨損）,4117277,"4,117,277",sii,https://mopsov.twse.com.tw/mops/web/ajax_t163sb04
中游,電源供應系統,2301,光寶科,2013,2,income_statement,其他綜合損益（淨額）,2422454,"2,422,454",sii,https://mopsov.twse.com.tw/mops/web/ajax_t163sb04
中游,電源供應系統,2301,光寶科,2013,2,income_statement,合併前非屬共同控制股權綜合損益淨額,,--,sii,https://mopsov.twse.com.tw/mops/web/ajax_t163sb04
中游,電源供應系統,2301,光寶科,2013,2,income_statement,本期綜合損益總額,6539731,"6,539,731",sii,https://mopsov.twse.com.tw/mops/web/ajax_t163sb04
中游,電源供應系統,2301,光寶科,2013,2,income_statement,淨利（淨損）歸屬於母公司業主,3816327,"3,816,327",sii,https://mopsov.twse.com.tw/mops/web/ajax_t163sb04
中游,電源供應系統,2301,光寶科,2013,2,income_statement,淨利（淨損）歸屬於共同控制下前手權益,,--,sii,https://mopsov.twse.com.tw/mops/web/ajax_t163sb04
中游,電源供應系統,2301,光寶科,2013,2,income_statement,淨利（淨損）歸屬於非控制權益,300950,"300,950",sii,https://mopsov.twse.com.tw/mops/web/ajax_t163sb04
中游,電源供應系統,2301,光寶科,2013,2,income_statement,綜合損益總額歸屬於母公司業主,6403962,"6,403,962",sii,https://mopsov.twse.com.tw/mops/web/ajax_t163sb04
中游,電源供應系統,2301,光寶科,2013,2,income_statement,綜合損益總額歸屬於共同控制下前手權益,,--,sii,https://mopsov.twse.com.tw/mops/web/ajax_t163sb04
中游,電源供應系統,2301,光寶科,2013,2,income_statement,綜合損益總額歸屬於非控制權益,135769,"135,769",sii,https://mopsov.twse.com.tw/mops/web/ajax_t163sb04
中游,電源供應系統,2301,光寶科,2013,2,income_statement,基本每股盈餘（元）,1.67,1.67,sii,https://mopsov.twse.com.tw/mops/web/ajax_t163sb04
中游,電源供應系統,2308,台達電,2013,2,income_statement,營業收入,82274697,"82,274,697",sii,https://mopsov.twse.com.tw/mops/web/ajax_t163sb04
中游,電源供應系統,2308,台達電,2013,2,income_statement,營業成本,61381591,"61,381,591",sii,https://mopsov.twse.com.tw/mops/web/ajax_t163sb04
中游,電源供應系統,2308,台達電,2013,2,income_statement,營業毛利（毛損）,20893106,"20,893,106",sii,https://mopsov.twse.com.tw/mops/web/ajax_t163sb04
中游,電源供應系統,2308,台達電,2013,2,income_statement,未實現銷貨（損）益,,--,sii,https://mopsov.twse.com.tw/mops/web/ajax_t163sb04
中游,電源供應系統,2308,台達電,2013,2,income_statement,已實現銷貨（損）益,,--,sii,https://mopsov.twse.com.tw/mops/web/ajax_t163sb04
中游,電源供應系統,2308,台達電,2013,2,income_statement,營業毛利（毛損）淨額,20893106,"20,893,106",sii,https://mopsov.twse.com.tw/mops/web/ajax_t163sb04
中游,電源供應系統,2308,台達電,2013,2,income_statement,營業費用,12031641,"12,031,641",sii,https://mopsov.twse.com.tw/mops/web/ajax_t163sb04
中游,電源供應系統,2308,台達電,2013,2,income_statement,其他收益及費損淨額,,--,sii,https://mopsov.twse.com.tw/mops/web/ajax_t163sb04
中游,電源供應系統,2308,台達電,2013,2,income_statement,營業利益（損失）,8861465,"8,861,465",sii,https://mopsov.twse.com.tw/mops/web/ajax_t163sb04
中游,電源供應系統,2308,台達電,2013,2,income_statement,營業外收入及支出,1336006,"1,336,006",sii,https://mopsov.twse.com.tw/mops/web/ajax_t163sb04
中游,電源供應系統,2308,台達電,2013,2,income_statement,稅前淨利（淨損）,10197471,"10,197,471",sii,https://mopsov.twse.com.tw/mops/web/ajax_t163sb04
中游,電源供應系統,2308,台達電,2013,2,income_statement,所得稅費用（利益）,1410284,"1,410,284",sii,https://mopsov.twse.com.tw/mops/web/ajax_t163sb04
中游,電源供應系統,2308,台達電,2013,2,income_statement,繼續營業單位本期淨利（淨損）,8787187,"8,787,187",sii,https://mopsov.twse.com.tw/mops/web/ajax_t163sb04
中游,電源供應系統,2308,台達電,2013,2,income_statement,停業單位損益,119628,"119,628",sii,https://mopsov.twse.com.tw/mops/web/ajax_t163sb04
中游,電源供應系統,2308,台達電,2013,2,income_statement,合併前非屬共同控制股權損益,,--,sii,https://mopsov.twse.com.tw/mops/web/ajax_t163sb04
中游,電源供應系統,2308,台達電,2013,2,income_statement,本期淨利（淨損）,8906815,"8,906,815",sii,https://mopsov.twse.com.tw/mops/web/ajax_t163sb04
中游,電源供應系統,2308,台達電,2013,2,income_statement,其他綜合損益（淨額）,2987241,"2,987,241",sii,https://mopsov.twse.com.tw/mops/web/ajax_t163sb04
中游,電源供應系統,2308,台達電,2013,2,income_statement,合併前非屬共同控制股權綜合損益淨額,,--,sii,https://mopsov.twse.com.tw/mops/web/ajax_t163sb04
中游,電源供應系統,2308,台達電,2013,2,income_statement,本期綜合損益總額,11894056,"11,894,056",sii,https://mopsov.twse.com.tw/mops/web/ajax_t163sb04
中游,電源供應系統,2308,台達電,2013,2,income_statement,淨利（淨損）歸屬於母公司業主,8517395,"8,517,395",sii,https://mopsov.twse.com.tw/mops/web/ajax_t163sb04
中游,電源供應系統,2308,台達電,2013,2,income_statement,淨利（淨損）歸屬於共同控制下前手權益,,--,sii,https://mopsov.twse.com.tw/mops/web/ajax_t163sb04
中游,電源供應系統,2308,台達電,2013,2,income_statement,淨利（淨損）歸屬於非控制權益,389420,"389,420",sii,https://mopsov.twse.com.tw/mops/web/ajax_t163sb04
中游,電源供應系統,2308,台達電,2013,2,income_statement,綜合損益總額歸屬於母公司業主,11044743,"11,044,743",sii,https://mopsov.twse.com.tw/mops/web/ajax_t163sb04
中游,電源供應系統,2308,台達電,2013,2,income_statement,綜合損益總額歸屬於共同控制下前手權益,,--,sii,https://mopsov.twse.com.tw/mops/web/ajax_t163sb04
中游,電源供應系統,2308,台達電,2013,2,income_statement,綜合損益總額歸屬於非控制權益,849313,"849,313",sii,https://mopsov.twse.com.tw/mops/web/ajax_t163sb04
中游,電源供應系統,2308,台達電,2013,2,income_statement,基本每股盈餘（元）,3.51,3.51,sii,https://mopsov.twse.com.tw/mops/web/ajax_t163sb04
中游,電源供應系統,2301,光寶科,2013,2,balance_sheet,流動資產,138087008,"138,087,008",sii,https://mopsov.twse.com.tw/mops/web/ajax_t163sb05
中游,電源供應系統,2301,光寶科,2013,2,balance_sheet,非流動資產,64639169,"64,639,169",sii,https://mopsov.twse.com.tw/mops/web/ajax_t163sb05
中游,電源供應系統,2301,光寶科,2013,2,balance_sheet,資產總額,202726177,"202,726,177",sii,https://mopsov.twse.com.tw/mops/web/ajax_t163sb05
中游,電源供應系統,2301,光寶科,2013,2,balance_sheet,流動負債,98412744,"98,412,744",sii,https://mopsov.twse.com.tw/mops/web/ajax_t163sb05
中游,電源供應系統,2301,光寶科,2013,2,balance_sheet,非流動負債,29096322,"29,096,322",sii,https://mopsov.twse.com.tw/mops/web/ajax_t163sb05
中游,電源供應系統,2301,光寶科,2013,2,balance_sheet,負債總額,127509066,"127,509,066",sii,https://mopsov.twse.com.tw/mops/web/ajax_t163sb05
中游,電源供應系統,2301,光寶科,2013,2,balance_sheet,股本,23206878,"23,206,878",sii,https://mopsov.twse.com.tw/mops/web/ajax_t163sb05
中游,電源供應系統,2301,光寶科,2013,2,balance_sheet,資本公積,27045436,"27,045,436",sii,https://mopsov.twse.com.tw/mops/web/ajax_t163sb05
中游,電源供應系統,2301,光寶科,2013,2,balance_sheet,保留盈餘,16704500,"16,704,500",sii,https://mopsov.twse.com.tw/mops/web/ajax_t163sb05
中游,電源供應系統,2301,光寶科,2013,2,balance_sheet,其他權益,2167799,"2,167,799",sii,https://mopsov.twse.com.tw/mops/web/ajax_t163sb05
中游,電源供應系統,2301,光寶科,2013,2,balance_sheet,庫藏股票,-1334660,"-1,334,660",sii,https://mopsov.twse.com.tw/mops/web/ajax_t163sb05
中游,電源供應系統,2301,光寶科,2013,2,balance_sheet,歸屬於母公司業主之權益合計,67789953,"67,789,953",sii,https://mopsov.twse.com.tw/mops/web/ajax_t163sb05
中游,電源供應系統,2301,光寶科,2013,2,balance_sheet,共同控制下前手權益,,--,sii,https://mopsov.twse.com.tw/mops/web/ajax_t163sb05
中游,電源供應系統,2301,光寶科,2013,2,balance_sheet,合併前非屬共同控制股權,,--,sii,https://mopsov.twse.com.tw/mops/web/ajax_t163sb05
中游,電源供應系統,2301,光寶科,2013,2,balance_sheet,非控制權益,7427158,"7,427,158",sii,https://mopsov.twse.com.tw/mops/web/ajax_t163sb05
中游,電源供應系統,2301,光寶科,2013,2,balance_sheet,權益總額,75217111,"75,217,111",sii,https://mopsov.twse.com.tw/mops/web/ajax_t163sb05
中游,電源供應系統,2301,光寶科,2013,2,balance_sheet,預收股款（權益項下）之約當發行股數（單位：股）,2540250,"2,540,250",sii,https://mopsov.twse.com.tw/mops/web/ajax_t163sb05
中游,電源供應系統,2301,光寶科,2013,2,balance_sheet,母公司暨子公司所持有之母公司庫藏股股數（單位：股）,27978772,"27,978,772",sii,https://mopsov.twse.com.tw/mops/web/ajax_t163sb05
中游,電源供應系統,2301,光寶科,2013,2,balance_sheet,每股參考淨值,29.76,29.76,sii,https://mopsov.twse.com.tw/mops/web/ajax_t163sb05
中游,電源供應系統,2308,台達電,2013,2,balance_sheet,流動資產,113992219,"113,992,219",sii,https://mopsov.twse.com.tw/mops/web/ajax_t163sb05
中游,電源供應系統,2308,台達電,2013,2,balance_sheet,非流動資產,66796301,"66,796,301",sii,https://mopsov.twse.com.tw/mops/web/ajax_t163sb05
中游,電源供應系統,2308,台達電,2013,2,balance_sheet,資產總額,180788520,"180,788,520",sii,https://mopsov.twse.com.tw/mops/web/ajax_t163sb05
中游,電源供應系統,2308,台達電,2013,2,balance_sheet,流動負債,69478870,"69,478,870",sii,https://mopsov.twse.com.tw/mops/web/ajax_t163sb05
中游,電源供應系統,2308,台達電,2013,2,balance_sheet,非流動負債,16762013,"16,762,013",sii,https://mopsov.twse.com.tw/mops/web/ajax_t163sb05
中游,電源供應系統,2308,台達電,2013,2,balance_sheet,負債總額,86240883,"86,240,883",sii,https://mopsov.twse.com.tw/mops/web/ajax_t163sb05
中游,電源供應系統,2308,台達電,2013,2,balance_sheet,股本,24273645,"24,273,645",sii,https://mopsov.twse.com.tw/mops/web/ajax_t163sb05
中游,電源供應系統,2308,台達電,2013,2,balance_sheet,資本公積,25218162,"25,218,162",sii,https://mopsov.twse.com.tw/mops/web/ajax_t163sb05
中游,電源供應系統,2308,台達電,2013,2,balance_sheet,保留盈餘,33802641,"33,802,641",sii,https://mopsov.twse.com.tw/mops/web/ajax_t163sb05
中游,電源供應系統,2308,台達電,2013,2,balance_sheet,其他權益,-2280967,"-2,280,967",sii,https://mopsov.twse.com.tw/mops/web/ajax_t163sb05
中游,電源供應系統,2308,台達電,2013,2,balance_sheet,庫藏股票,,--,sii,https://mopsov.twse.com.tw/mops/web/ajax_t163sb05
中游,電源供應系統,2308,台達電,2013,2,balance_sheet,歸屬於母公司業主之權益合計,81013481,"81,013,481",sii,https://mopsov.twse.com.tw/mops/web/ajax_t163sb05
中游,電源供應系統,2308,台達電,2013,2,balance_sheet,共同控制下前手權益,,--,sii,https://mopsov.twse.com.tw/mops/web/ajax_t163sb05
中游,電源供應系統,2308,台達電,2013,2,balance_sheet,合併前非屬共同控制股權,,--,sii,https://mopsov.twse.com.tw/mops/web/ajax_t163sb05
中游,電源供應系統,2308,台達電,2013,2,balance_sheet,非控制權益,13534156,"13,534,156",sii,https://mopsov.twse.com.tw/mops/web/ajax_t163sb05
中游,電源供應系統,2308,台達電,2013,2,balance_sheet,權益總額,94547637,"94,547,637",sii,https://mopsov.twse.com.tw/mops/web/ajax_t163sb05
中游,電源供應系統,2308,台達電,2013,2,balance_sheet,預收股款（權益項下）之約當發行股數（單位：股）,0,0,sii,https://mopsov.twse.com.tw/mops/web/ajax_t163sb05
中游,電源供應系統,2308,台達電,2013,2,balance_sheet,母公司暨子公司所持有之母公司庫藏股股數（單位：股）,0,0,sii,https://mopsov.twse.com.tw/mops/web/ajax_t163sb05
中游,電源供應系統,2308,台達電,2013,2,balance_sheet,每股參考淨值,33.38,33.38,sii,https://mopsov.twse.com.tw/mops/web/ajax_t163sb05
中游,電源供應系統,2301,光寶科,2013,2,cash_flow,營業活動之淨現金流入（流出）,6099797,"6,099,797",sii,https://mopsov.twse.com.tw/mops/web/ajax_t163sb20
中游,電源供應系統,2301,光寶科,2013,2,cash_flow,投資活動之淨現金流入（流出）,446691,"446,691",sii,https://mopsov.twse.com.tw/mops/web/ajax_t163sb20
中游,電源供應系統,2301,光寶科,2013,2,cash_flow,籌資活動之淨現金流入（流出）,-552708,"-552,708",sii,https://mopsov.twse.com.tw/mops/web/ajax_t163sb20
中游,電源供應系統,2301,光寶科,2013,2,cash_flow,匯率變動對現金及約當現金之影響,674422,"674,422",sii,https://mopsov.twse.com.tw/mops/web/ajax_t163sb20
中游,電源供應系統,2301,光寶科,2013,2,cash_flow,本期現金及約當現金增加（減少）數,6668202,"6,668,202",sii,https://mopsov.twse.com.tw/mops/web/ajax_t163sb20
中游,電源供應系統,2301,光寶科,2013,2,cash_flow,期初現金及約當現金餘額,51224870,"51,224,870",sii,https://mopsov.twse.com.tw/mops/web/ajax_t163sb20
中游,電源供應系統,2301,光寶科,2013,2,cash_flow,期末現金及約當現金餘額,57893072,"57,893,072",sii,https://mopsov.twse.com.tw/mops/web/ajax_t163sb20
中游,電源供應系統,2308,台達電,2013,2,cash_flow,營業活動之淨現金流入（流出）,14243851,"14,243,851",sii,https://mopsov.twse.com.tw/mops/web/ajax_t163sb20
中游,電源供應系統,2308,台達電,2013,2,cash_flow,投資活動之淨現金流入（流出）,-5715694,"-5,715,694",sii,https://mopsov.twse.com.tw/mops/web/ajax_t163sb20
中游,電源供應系統,2308,台達電,2013,2,cash_flow,籌資活動之淨現金流入（流出）,-10837786,"-10,837,786",sii,https://mopsov.twse.com.tw/mops/web/ajax_t163sb20
中游,電源供應系統,2308,台達電,2013,2,cash_flow,匯率變動對現金及約當現金之影響,5157242,"5,157,242",sii,https://mopsov.twse.com.tw/mops/web/ajax_t163sb20
中游,電源供應系統,2308,台達電,2013,2,cash_flow,本期現金及約當現金增加（減少）數,2847613,"2,847,613",sii,https://mopsov.twse.com.tw/mops/web/ajax_t163sb20
中游,電源供應系統,2308,台達電,2013,2,cash_flow,期初現金及約當現金餘額,51096128,"51,096,128",sii,https://mopsov.twse.com.tw/mops/web/ajax_t163sb20
中游,電源供應系統,2308,台達電,2013,2,cash_flow,期末現金及約當現金餘額,53943741,"53,943,741",sii,https://mopsov.twse.com.tw/mops/web/ajax_t163sb20
中游,電源供應系統,2301,光寶科,2013,3,income_statement,營業收入,153855191,"153,855,191",sii,https://mopsov.twse.com.tw/mops/web/ajax_t163sb04
中游,電源供應系統,2301,光寶科,2013,3,income_statement,營業成本,131225579,"131,225,579",sii,https://mopsov.twse.com.tw/mops/web/ajax_t163sb04
中游,電源供應系統,2301,光寶科,2013,3,income_statement,營業毛利（毛損）,22629612,"22,629,612",sii,https://mopsov.twse.com.tw/mops/web/ajax_t163sb04
中游,電源供應系統,2301,光寶科,2013,3,income_statement,未實現銷貨（損）益,,--,sii,https://mopsov.twse.com.tw/mops/web/ajax_t163sb04
中游,電源供應系統,2301,光寶科,2013,3,income_statement,已實現銷貨（損）益,,--,sii,https://mopsov.twse.com.tw/mops/web/ajax_t163sb04
中游,電源供應系統,2301,光寶科,2013,3,income_statement,營業毛利（毛損）淨額,22629612,"22,629,612",sii,https://mopsov.twse.com.tw/mops/web/ajax_t163sb04
中游,電源供應系統,2301,光寶科,2013,3,income_statement,營業費用,15204661,"15,204,661",sii,https://mopsov.twse.com.tw/mops/web/ajax_t163sb04
中游,電源供應系統,2301,光寶科,2013,3,income_statement,其他收益及費損淨額,,--,sii,https://mopsov.twse.com.tw/mops/web/ajax_t163sb04
中游,電源供應系統,2301,光寶科,2013,3,income_statement,營業利益（損失）,7424951,"7,424,951",sii,https://mopsov.twse.com.tw/mops/web/ajax_t163sb04
中游,電源供應系統,2301,光寶科,2013,3,income_statement,營業外收入及支出,804939,"804,939",sii,https://mopsov.twse.com.tw/mops/web/ajax_t163sb04
中游,電源供應系統,2301,光寶科,2013,3,income_statement,稅前淨利（淨損）,8229890,"8,229,890",sii,https://mopsov.twse.com.tw/mops/web/ajax_t163sb04
中游,電源供應系統,2301,光寶科,2013,3,income_statement,所得稅費用（利益）,1796503,"1,796,503",sii,https://mopsov.twse.com.tw/mops/web/ajax_t163sb04
中游,電源供應系統,2301,光寶科,2013,3,income_statement,繼續營業單位本期淨利（淨損）,6433387,"6,433,387",sii,https://mopsov.twse.com.tw/mops/web/ajax_t163sb04
中游,電源供應系統,2301,光寶科,2013,3,income_statement,停業單位損益,,--,sii,https://mopsov.twse.com.tw/mops/web/ajax_t163sb04
中游,電源供應系統,2301,光寶科,2013,3,income_statement,合併前非屬共同控制股權損益,,--,sii,https://mopsov.twse.com.tw/mops/web/ajax_t163sb04
中游,電源供應系統,2301,光寶科,2013,3,income_statement,本期淨利（淨損）,6433387,"6,433,387",sii,https://mopsov.twse.com.tw/mops/web/ajax_t163sb04
中游,電源供應系統,2301,光寶科,2013,3,income_statement,其他綜合損益（淨額）,2233975,"2,233,975",sii,https://mopsov.twse.com.tw/mops/web/ajax_t163sb04
中游,電源供應系統,2301,光寶科,2013,3,income_statement,合併前非屬共同控制股權綜合損益淨額,,--,sii,https://mopsov.twse.com.tw/mops/web/ajax_t163sb04
中游,電源供應系統,2301,光寶科,2013,3,income_statement,本期綜合損益總額,8667362,"8,667,362",sii,https://mopsov.twse.com.tw/mops/web/ajax_t163sb04
中游,電源供應系統,2301,光寶科,2013,3,income_statement,淨利（淨損）歸屬於母公司業主,6235935,"6,235,935",sii,https://mopsov.twse.com.tw/mops/web/ajax_t163sb04
中游,電源供應系統,2301,光寶科,2013,3,income_statement,淨利（淨損）歸屬於共同控制下前手權益,,--,sii,https://mopsov.twse.com.tw/mops/web/ajax_t163sb04
中游,電源供應系統,2301,光寶科,2013,3,income_statement,淨利（淨損）歸屬於非控制權益,197452,"197,452",sii,https://mopsov.twse.com.tw/mops/web/ajax_t163sb04
中游,電源供應系統,2301,光寶科,2013,3,income_statement,綜合損益總額歸屬於母公司業主,8191070,"8,191,070",sii,https://mopsov.twse.com.tw/mops/web/ajax_t163sb04
中游,電源供應系統,2301,光寶科,2013,3,income_statement,綜合損益總額歸屬於共同控制下前手權益,,--,sii,https://mopsov.twse.com.tw/mops/web/ajax_t163sb04
中游,電源供應系統,2301,光寶科,2013,3,income_statement,綜合損益總額歸屬於非控制權益,476292,"476,292",sii,https://mopsov.twse.com.tw/mops/web/ajax_t163sb04
中游,電源供應系統,2301,光寶科,2013,3,income_statement,基本每股盈餘（元）,2.73,2.73,sii,https://mopsov.twse.com.tw/mops/web/ajax_t163sb04
中游,電源供應系統,2308,台達電,2013,3,income_statement,營業收入,128415166,"128,415,166",sii,https://mopsov.twse.com.tw/mops/web/ajax_t163sb04
中游,電源供應系統,2308,台達電,2013,3,income_statement,營業成本,96058736,"96,058,736",sii,https://mopsov.twse.com.tw/mops/web/ajax_t163sb04
中游,電源供應系統,2308,台達電,2013,3,income_statement,營業毛利（毛損）,32356430,"32,356,430",sii,https://mopsov.twse.com.tw/mops/web/ajax_t163sb04
中游,電源供應系統,2308,台達電,2013,3,income_statement,未實現銷貨（損）益,,--,sii,https://mopsov.twse.com.tw/mops/web/ajax_t163sb04
中游,電源供應系統,2308,台達電,2013,3,income_statement,已實現銷貨（損）益,,--,sii,https://mopsov.twse.com.tw/mops/web/ajax_t163sb04
中游,電源供應系統,2308,台達電,2013,3,income_statement,營業毛利（毛損）淨額,32356430,"32,356,430",sii,https://mopsov.twse.com.tw/mops/web/ajax_t163sb04
中游,電源供應系統,2308,台達電,2013,3,income_statement,營業費用,18575001,"18,575,001",sii,https://mopsov.twse.com.tw/mops/web/ajax_t163sb04
中游,電源供應系統,2308,台達電,2013,3,income_statement,其他收益及費損淨額,,--,sii,https://mopsov.twse.com.tw/mops/web/ajax_t163sb04
中游,電源供應系統,2308,台達電,2013,3,income_statement,營業利益（損失）,13781429,"13,781,429",sii,https://mopsov.twse.com.tw/mops/web/ajax_t163sb04
中游,電源供應系統,2308,台達電,2013,3,income_statement,營業外收入及支出,2272571,"2,272,571",sii,https://mopsov.twse.com.tw/mops/web/ajax_t163sb04
中游,電源供應系統,2308,台達電,2013,3,income_statement,稅前淨利（淨損）,16054000,"16,054,000",sii,https://mopsov.twse.com.tw/mops/web/ajax_t163sb04
中游,電源供應系統,2308,台達電,2013,3,income_statement,所得稅費用（利益）,2392803,"2,392,803",sii,https://mopsov.twse.com.tw/mops/web/ajax_t163sb04
中游,電源供應系統,2308,台達電,2013,3,income_statement,繼續營業單位本期淨利（淨損）,13661197,"13,661,197",sii,https://mopsov.twse.com.tw/mops/web/ajax_t163sb04
中游,電源供應系統,2308,台達電,2013,3,income_statement,停業單位損益,119628,"119,628",sii,https://mopsov.twse.com.tw/mops/web/ajax_t163sb04
中游,電源供應系統,2308,台達電,2013,3,income_statement,合併前非屬共同控制股權損益,,--,sii,https://mopsov.twse.com.tw/mops/web/ajax_t163sb04
中游,電源供應系統,2308,台達電,2013,3,income_statement,本期淨利（淨損）,13780825,"13,780,825",sii,https://mopsov.twse.com.tw/mops/web/ajax_t163sb04
中游,電源供應系統,2308,台達電,2013,3,income_statement,其他綜合損益（淨額）,2750192,"2,750,192",sii,https://mopsov.twse.com.tw/mops/web/ajax_t163sb04
中游,電源供應系統,2308,台達電,2013,3,income_statement,合併前非屬共同控制股權綜合損益淨額,,--,sii,https://mopsov.twse.com.tw/mops/web/ajax_t163sb04
中游,電源供應系統,2308,台達電,2013,3,income_statement,本期綜合損益總額,16531017,"16,531,017",sii,https://mopsov.twse.com.tw/mops/web/ajax_t163sb04
中游,電源供應系統,2308,台達電,2013,3,income_statement,淨利（淨損）歸屬於母公司業主,13045009,"13,045,009",sii,https://mopsov.twse.com.tw/mops/web/ajax_t163sb04
中游,電源供應系統,2308,台達電,2013,3,income_statement,淨利（淨損）歸屬於共同控制下前手權益,,--,sii,https://mopsov.twse.com.tw/mops/web/ajax_t163sb04
中游,電源供應系統,2308,台達電,2013,3,income_statement,淨利（淨損）歸屬於非控制權益,735816,"735,816",sii,https://mopsov.twse.com.tw/mops/web/ajax_t163sb04
中游,電源供應系統,2308,台達電,2013,3,income_statement,綜合損益總額歸屬於母公司業主,15353847,"15,353,847",sii,https://mopsov.twse.com.tw/mops/web/ajax_t163sb04
中游,電源供應系統,2308,台達電,2013,3,income_statement,綜合損益總額歸屬於共同控制下前手權益,,--,sii,https://mopsov.twse.com.tw/mops/web/ajax_t163sb04
中游,電源供應系統,2308,台達電,2013,3,income_statement,綜合損益總額歸屬於非控制權益,1177170,"1,177,170",sii,https://mopsov.twse.com.tw/mops/web/ajax_t163sb04
中游,電源供應系統,2308,台達電,2013,3,income_statement,基本每股盈餘（元）,5.38,5.38,sii,https://mopsov.twse.com.tw/mops/web/ajax_t163sb04
中游,電源供應系統,2301,光寶科,2013,3,balance_sheet,流動資產,142027813,"142,027,813",sii,https://mopsov.twse.com.tw/mops/web/ajax_t163sb05
中游,電源供應系統,2301,光寶科,2013,3,balance_sheet,非流動資產,63632379,"63,632,379",sii,https://mopsov.twse.com.tw/mops/web/ajax_t163sb05
中游,電源供應系統,2301,光寶科,2013,3,balance_sheet,資產總額,205660192,"205,660,192",sii,https://mopsov.twse.com.tw/mops/web/ajax_t163sb05
中游,電源供應系統,2301,光寶科,2013,3,balance_sheet,流動負債,101576789,"101,576,789",sii,https://mopsov.twse.com.tw/mops/web/ajax_t163sb05
中游,電源供應系統,2301,光寶科,2013,3,balance_sheet,非流動負債,28247006,"28,247,006",sii,https://mopsov.twse.com.tw/mops/web/ajax_t163sb05
中游,電源供應系統,2301,光寶科,2013,3,balance_sheet,負債總額,129823795,"129,823,795",sii,https://mopsov.twse.com.tw/mops/web/ajax_t163sb05
中游,電源供應系統,2301,光寶科,2013,3,balance_sheet,股本,23246552,"23,246,552",sii,https://mopsov.twse.com.tw/mops/web/ajax_t163sb05
中游,電源供應系統,2301,光寶科,2013,3,balance_sheet,資本公積,27140090,"27,140,090",sii,https://mopsov.twse.com.tw/mops/web/ajax_t163sb05
中游,電源供應系統,2301,光寶科,2013,3,balance_sheet,保留盈餘,18816431,"18,816,431",sii,https://mopsov.twse.com.tw/mops/web/ajax_t163sb05
中游,電源供應系統,2301,光寶科,2013,3,balance_sheet,其他權益,1535301,"1,535,301",sii,https://mopsov.twse.com.tw/mops/web/ajax_t163sb05
中游,電源供應系統,2301,光寶科,2013,3,balance_sheet,庫藏股票,-1334660,"-1,334,660",sii,https://mopsov.twse.com.tw/mops/web/ajax_t163sb05
中游,電源供應系統,2301,光寶科,2013,3,balance_sheet,歸屬於母公司業主之權益合計,69403714,"69,403,714",sii,https://mopsov.twse.com.tw/mops/web/ajax_t163sb05
中游,電源供應系統,2301,光寶科,2013,3,balance_sheet,共同控制下前手權益,,--,sii,https://mopsov.twse.com.tw/mops/web/ajax_t163sb05
中游,電源供應系統,2301,光寶科,2013,3,balance_sheet,合併前非屬共同控制股權,,--,sii,https://mopsov.twse.com.tw/mops/web/ajax_t163sb05
中游,電源供應系統,2301,光寶科,2013,3,balance_sheet,非控制權益,6432683,"6,432,683",sii,https://mopsov.twse.com.tw/mops/web/ajax_t163sb05
中游,電源供應系統,2301,光寶科,2013,3,balance_sheet,權益總額,75836397,"75,836,397",sii,https://mopsov.twse.com.tw/mops/web/ajax_t163sb05
中游,電源供應系統,2301,光寶科,2013,3,balance_sheet,預收股款（權益項下）之約當發行股數（單位：股）,3967500,"3,967,500",sii,https://mopsov.twse.com.tw/mops/web/ajax_t163sb05
中游,電源供應系統,2301,光寶科,2013,3,balance_sheet,母公司暨子公司所持有之母公司庫藏股股數（單位：股）,28079381,"28,079,381",sii,https://mopsov.twse.com.tw/mops/web/ajax_t163sb05
中游,電源供應系統,2301,光寶科,2013,3,balance_sheet,每股參考淨值,30.22,30.22,sii,https://mopsov.twse.com.tw/mops/web/ajax_t163sb05
中游,電源供應系統,2308,台達電,2013,3,balance_sheet,流動資產,119367757,"119,367,757",sii,https://mopsov.twse.com.tw/mops/web/ajax_t163sb05
中游,電源供應系統,2308,台達電,2013,3,balance_sheet,非流動資產,67572229,"67,572,229",sii,https://mopsov.twse.com.tw/mops/web/ajax_t163sb05
中游,電源供應系統,2308,台達電,2013,3,balance_sheet,資產總額,186939986,"186,939,986",sii,https://mopsov.twse.com.tw/mops/web/ajax_t163sb05
中游,電源供應系統,2308,台達電,2013,3,balance_sheet,流動負債,56267836,"56,267,836",sii,https://mopsov.twse.com.tw/mops/web/ajax_t163sb05
中游,電源供應系統,2308,台達電,2013,3,balance_sheet,非流動負債,31407382,"31,407,382",sii,https://mopsov.twse.com.tw/mops/web/ajax_t163sb05
中游,電源供應系統,2308,台達電,2013,3,balance_sheet,負債總額,87675218,"87,675,218",sii,https://mopsov.twse.com.tw/mops/web/ajax_t163sb05
中游,電源供應系統,2308,台達電,2013,3,balance_sheet,股本,24303894,"24,303,894",sii,https://mopsov.twse.com.tw/mops/web/ajax_t163sb05
中游,電源供應系統,2308,台達電,2013,3,balance_sheet,資本公積,25387502,"25,387,502",sii,https://mopsov.twse.com.tw/mops/web/ajax_t163sb05
中游,電源供應系統,2308,台達電,2013,3,balance_sheet,保留盈餘,38330276,"38,330,276",sii,https://mopsov.twse.com.tw/mops/web/ajax_t163sb05
中游,電源供應系統,2308,台達電,2013,3,balance_sheet,其他權益,-2499478,"-2,499,478",sii,https://mopsov.twse.com.tw/mops/web/ajax_t163sb05
中游,電源供應系統,2308,台達電,2013,3,balance_sheet,庫藏股票,,--,sii,https://mopsov.twse.com.tw/mops/web/ajax_t163sb05
中游,電源供應系統,2308,台達電,2013,3,balance_sheet,歸屬於母公司業主之權益合計,85522194,"85,522,194",sii,https://mopsov.twse.com.tw/mops/web/ajax_t163sb05
中游,電源供應系統,2308,台達電,2013,3,balance_sheet,共同控制下前手權益,,--,sii,https://mopsov.twse.com.tw/mops/web/ajax_t163sb05
中游,電源供應系統,2308,台達電,2013,3,balance_sheet,合併前非屬共同控制股權,,--,sii,https://mopsov.twse.com.tw/mops/web/ajax_t163sb05
中游,電源供應系統,2308,台達電,2013,3,balance_sheet,非控制權益,13742574,"13,742,574",sii,https://mopsov.twse.com.tw/mops/web/ajax_t163sb05
中游,電源供應系統,2308,台達電,2013,3,balance_sheet,權益總額,99264768,"99,264,768",sii,https://mopsov.twse.com.tw/mops/web/ajax_t163sb05
中游,電源供應系統,2308,台達電,2013,3,balance_sheet,預收股款（權益項下）之約當發行股數（單位：股）,0,0,sii,https://mopsov.twse.com.tw/mops/web/ajax_t163sb05
中游,電源供應系統,2308,台達電,2013,3,balance_sheet,母公司暨子公司所持有之母公司庫藏股股數（單位：股）,0,0,sii,https://mopsov.twse.com.tw/mops/web/ajax_t163sb05
中游,電源供應系統,2308,台達電,2013,3,balance_sheet,每股參考淨值,35.19,35.19,sii,https://mopsov.twse.com.tw/mops/web/ajax_t163sb05
中游,電源供應系統,2301,光寶科,2013,3,cash_flow,營業活動之淨現金流入（流出）,7525717,"7,525,717",sii,https://mopsov.twse.com.tw/mops/web/ajax_t163sb20
中游,電源供應系統,2301,光寶科,2013,3,cash_flow,投資活動之淨現金流入（流出）,5491191,"5,491,191",sii,https://mopsov.twse.com.tw/mops/web/ajax_t163sb20
中游,電源供應系統,2301,光寶科,2013,3,cash_flow,籌資活動之淨現金流入（流出）,-6111655,"-6,111,655",sii,https://mopsov.twse.com.tw/mops/web/ajax_t163sb20
中游,電源供應系統,2301,光寶科,2013,3,cash_flow,匯率變動對現金及約當現金之影響,983322,"983,322",sii,https://mopsov.twse.com.tw/mops/web/ajax_t163sb20
中游,電源供應系統,2301,光寶科,2013,3,cash_flow,本期現金及約當現金增加（減少）數,7888575,"7,888,575",sii,https://mopsov.twse.com.tw/mops/web/ajax_t163sb20
中游,電源供應系統,2301,光寶科,2013,3,cash_flow,期初現金及約當現金餘額,51224870,"51,224,870",sii,https://mopsov.twse.com.tw/mops/web/ajax_t163sb20
中游,電源供應系統,2301,光寶科,2013,3,cash_flow,期末現金及約當現金餘額,59113445,"59,113,445",sii,https://mopsov.twse.com.tw/mops/web/ajax_t163sb20
中游,電源供應系統,2308,台達電,2013,3,cash_flow,營業活動之淨現金流入（流出）,16931102,"16,931,102",sii,https://mopsov.twse.com.tw/mops/web/ajax_t163sb20
中游,電源供應系統,2308,台達電,2013,3,cash_flow,投資活動之淨現金流入（流出）,-6737965,"-6,737,965",sii,https://mopsov.twse.com.tw/mops/web/ajax_t163sb20
中游,電源供應系統,2308,台達電,2013,3,cash_flow,籌資活動之淨現金流入（流出）,-9066954,"-9,066,954",sii,https://mopsov.twse.com.tw/mops/web/ajax_t163sb20
中游,電源供應系統,2308,台達電,2013,3,cash_flow,匯率變動對現金及約當現金之影響,2749233,"2,749,233",sii,https://mopsov.twse.com.tw/mops/web/ajax_t163sb20
中游,電源供應系統,2308,台達電,2013,3,cash_flow,本期現金及約當現金增加（減少）數,3875416,"3,875,416",sii,https://mopsov.twse.com.tw/mops/web/ajax_t163sb20
中游,電源供應系統,2308,台達電,2013,3,cash_flow,期初現金及約當現金餘額,51096128,"51,096,128",sii,https://mopsov.twse.com.tw/mops/web/ajax_t163sb20
中游,電源供應系統,2308,台達電,2013,3,cash_flow,期末現金及約當現金餘額,54971544,"54,971,544",sii,https://mopsov.twse.com.tw/mops/web/ajax_t163sb20
中游,電源供應系統,2301,光寶科,2013,4,income_statement,營業收入,213214297,"213,214,297",sii,https://mopsov.twse.com.tw/mops/web/ajax_t163sb04
中游,電源供應系統,2301,光寶科,2013,4,income_statement,營業成本,182713703,"182,713,703",sii,https://mopsov.twse.com.tw/mops/web/ajax_t163sb04
中游,電源供應系統,2301,光寶科,2013,4,income_statement,營業毛利（毛損）,30500594,"30,500,594",sii,https://mopsov.twse.com.tw/mops/web/ajax_t163sb04
中游,電源供應系統,2301,光寶科,2013,4,income_statement,未實現銷貨（損）益,,--,sii,https://mopsov.twse.com.tw/mops/web/ajax_t163sb04
中游,電源供應系統,2301,光寶科,2013,4,income_statement,已實現銷貨（損）益,,--,sii,https://mopsov.twse.com.tw/mops/web/ajax_t163sb04
中游,電源供應系統,2301,光寶科,2013,4,income_statement,營業毛利（毛損）淨額,30500594,"30,500,594",sii,https://mopsov.twse.com.tw/mops/web/ajax_t163sb04
中游,電源供應系統,2301,光寶科,2013,4,income_statement,營業費用,20458304,"20,458,304",sii,https://mopsov.twse.com.tw/mops/web/ajax_t163sb04
中游,電源供應系統,2301,光寶科,2013,4,income_statement,其他收益及費損淨額,,--,sii,https://mopsov.twse.com.tw/mops/web/ajax_t163sb04
中游,電源供應系統,2301,光寶科,2013,4,income_statement,營業利益（損失）,10042290,"10,042,290",sii,https://mopsov.twse.com.tw/mops/web/ajax_t163sb04
中游,電源供應系統,2301,光寶科,2013,4,income_statement,營業外收入及支出,1477489,"1,477,489",sii,https://mopsov.twse.com.tw/mops/web/ajax_t163sb04
中游,電源供應系統,2301,光寶科,2013,4,income_statement,稅前淨利（淨損）,11519779,"11,519,779",sii,https://mopsov.twse.com.tw/mops/web/ajax_t163sb04
中游,電源供應系統,2301,光寶科,2013,4,income_statement,所得稅費用（利益）,2629288,"2,629,288",sii,https://mopsov.twse.com.tw/mops/web/ajax_t163sb04
中游,電源供應系統,2301,光寶科,2013,4,income_statement,繼續營業單位本期淨利（淨損）,8890491,"8,890,491",sii,https://mopsov.twse.com.tw/mops/web/ajax_t163sb04
中游,電源供應系統,2301,光寶科,2013,4,income_statement,停業單位損益,,--,sii,https://mopsov.twse.com.tw/mops/web/ajax_t163sb04
中游,電源供應系統,2301,光寶科,2013,4,income_statement,合併前非屬共同控制股權損益,,--,sii,https://mopsov.twse.com.tw/mops/web/ajax_t163sb04
中游,電源供應系統,2301,光寶科,2013,4,income_statement,本期淨利（淨損）,8890491,"8,890,491",sii,https://mopsov.twse.com.tw/mops/web/ajax_t163sb04
中游,電源供應系統,2301,光寶科,2013,4,income_statement,其他綜合損益（淨額）,3141023,"3,141,023",sii,https://mopsov.twse.com.tw/mops/web/ajax_t163sb04
中游,電源供應系統,2301,光寶科,2013,4,income_statement,合併前非屬共同控制股權綜合損益淨額,,--,sii,https://mopsov.twse.com.tw/mops/web/ajax_t163sb04
中游,電源供應系統,2301,光寶科,2013,4,income_statement,本期綜合損益總額,12031514,"12,031,514",sii,https://mopsov.twse.com.tw/mops/web/ajax_t163sb04
中游,電源供應系統,2301,光寶科,2013,4,income_statement,淨利（淨損）歸屬於母公司業主,8754848,"8,754,848",sii,https://mopsov.twse.com.tw/mops/web/ajax_t163sb04
中游,電源供應系統,2301,光寶科,2013,4,income_statement,淨利（淨損）歸屬於共同控制下前手權益,,--,sii,https://mopsov.twse.com.tw/mops/web/ajax_t163sb04
中游,電源供應系統,2301,光寶科,2013,4,income_statement,淨利（淨損）歸屬於非控制權益,135643,"135,643",sii,https://mopsov.twse.com.tw/mops/web/ajax_t163sb04
中游,電源供應系統,2301,光寶科,2013,4,income_statement,綜合損益總額歸屬於母公司業主,11608664,"11,608,664",sii,https://mopsov.twse.com.tw/mops/web/ajax_t163sb04
中游,電源供應系統,2301,光寶科,2013,4,income_statement,綜合損益總額歸屬於共同控制下前手權益,,--,sii,https://mopsov.twse.com.tw/mops/web/ajax_t163sb04
中游,電源供應系統,2301,光寶科,2013,4,income_statement,綜合損益總額歸屬於非控制權益,422850,"422,850",sii,https://mopsov.twse.com.tw/mops/web/ajax_t163sb04
中游,電源供應系統,2301,光寶科,2013,4,income_statement,基本每股盈餘（元）,3.83,3.83,sii,https://mopsov.twse.com.tw/mops/web/ajax_t163sb04
中游,電源供應系統,2308,台達電,2013,4,income_statement,營業收入,177053122,"177,053,122",sii,https://mopsov.twse.com.tw/mops/web/ajax_t163sb04
中游,電源供應系統,2308,台達電,2013,4,income_statement,營業成本,132033192,"132,033,192",sii,https://mopsov.twse.com.tw/mops/web/ajax_t163sb04
中游,電源供應系統,2308,台達電,2013,4,income_statement,營業毛利（毛損）,45019930,"45,019,930",sii,https://mopsov.twse.com.tw/mops/web/ajax_t163sb04
中游,電源供應系統,2308,台達電,2013,4,income_statement,未實現銷貨（損）益,,--,sii,https://mopsov.twse.com.tw/mops/web/ajax_t163sb04
中游,電源供應系統,2308,台達電,2013,4,income_statement,已實現銷貨（損）益,,--,sii,https://mopsov.twse.com.tw/mops/web/ajax_t163sb04
中游,電源供應系統,2308,台達電,2013,4,income_statement,營業毛利（毛損）淨額,45019930,"45,019,930",sii,https://mopsov.twse.com.tw/mops/web/ajax_t163sb04
中游,電源供應系統,2308,台達電,2013,4,income_statement,營業費用,25511548,"25,511,548",sii,https://mopsov.twse.com.tw/mops/web/ajax_t163sb04
中游,電源供應系統,2308,台達電,2013,4,income_statement,其他收益及費損淨額,,--,sii,https://mopsov.twse.com.tw/mops/web/ajax_t163sb04
中游,電源供應系統,2308,台達電,2013,4,income_statement,營業利益（損失）,19508382,"19,508,382",sii,https://mopsov.twse.com.tw/mops/web/ajax_t163sb04
中游,電源供應系統,2308,台達電,2013,4,income_statement,營業外收入及支出,2988172,"2,988,172",sii,https://mopsov.twse.com.tw/mops/web/ajax_t163sb04
中游,電源供應系統,2308,台達電,2013,4,income_statement,稅前淨利（淨損）,22496554,"22,496,554",sii,https://mopsov.twse.com.tw/mops/web/ajax_t163sb04
中游,電源供應系統,2308,台達電,2013,4,income_statement,所得稅費用（利益）,3581786,"3,581,786",sii,https://mopsov.twse.com.tw/mops/web/ajax_t163sb04
中游,電源供應系統,2308,台達電,2013,4,income_statement,繼續營業單位本期淨利（淨損）,18914768,"18,914,768",sii,https://mopsov.twse.com.tw/mops/web/ajax_t163sb04
中游,電源供應系統,2308,台達電,2013,4,income_statement,停業單位損益,119628,"119,628",sii,https://mopsov.twse.com.tw/mops/web/ajax_t163sb04
中游,電源供應系統,2308,台達電,2013,4,income_statement,合併前非屬共同控制股權損益,,--,sii,https://mopsov.twse.com.tw/mops/web/ajax_t163sb04
中游,電源供應系統,2308,台達電,2013,4,income_statement,本期淨利（淨損）,19034396,"19,034,396",sii,https://mopsov.twse.com.tw/mops/web/ajax_t163sb04
中游,電源供應系統,2308,台達電,2013,4,income_statement,其他綜合損益（淨額）,5848924,"5,848,924",sii,https://mopsov.twse.com.tw/mops/web/ajax_t163sb04
中游,電源供應系統,2308,台達電,2013,4,income_statement,合併前非屬共同控制股權綜合損益淨額,,--,sii,https://mopsov.twse.com.tw/mops/web/ajax_t163sb04
中游,電源供應系統,2308,台達電,2013,4,income_statement,本期綜合損益總額,24883320,"24,883,320",sii,https://mopsov.twse.com.tw/mops/web/ajax_t163sb04
中游,電源供應系統,2308,台達電,2013,4,income_statement,淨利（淨損）歸屬於母公司業主,17776202,"17,776,202",sii,https://mopsov.twse.com.tw/mops/web/ajax_t163sb04
中游,電源供應系統,2308,台達電,2013,4,income_statement,淨利（淨損）歸屬於共同控制下前手權益,,--,sii,https://mopsov.twse.com.tw/mops/web/ajax_t163sb04
中游,電源供應系統,2308,台達電,2013,4,income_statement,淨利（淨損）歸屬於非控制權益,1258194,"1,258,194",sii,https://mopsov.twse.com.tw/mops/web/ajax_t163sb04
中游,電源供應系統,2308,台達電,2013,4,income_statement,綜合損益總額歸屬於母公司業主,23004286,"23,004,286",sii,https://mopsov.twse.com.tw/mops/web/ajax_t163sb04
中游,電源供應系統,2308,台達電,2013,4,income_statement,綜合損益總額歸屬於共同控制下前手權益,,--,sii,https://mopsov.twse.com.tw/mops/web/ajax_t163sb04
中游,電源供應系統,2308,台達電,2013,4,income_statement,綜合損益總額歸屬於非控制權益,1879034,"1,879,034",sii,https://mopsov.twse.com.tw/mops/web/ajax_t163sb04
中游,電源供應系統,2308,台達電,2013,4,income_statement,基本每股盈餘（元）,7.32,7.32,sii,https://mopsov.twse.com.tw/mops/web/ajax_t163sb04
中游,電源供應系統,2301,光寶科,2013,4,balance_sheet,流動資產,150430691,"150,430,691",sii,https://mopsov.twse.com.tw/mops/web/ajax_t163sb05
中游,電源供應系統,2301,光寶科,2013,4,balance_sheet,非流動資產,61930795,"61,930,795",sii,https://mopsov.twse.com.tw/mops/web/ajax_t163sb05
中游,電源供應系統,2301,光寶科,2013,4,balance_sheet,資產總額,212361486,"212,361,486",sii,https://mopsov.twse.com.tw/mops/web/ajax_t163sb05
中游,電源供應系統,2301,光寶科,2013,4,balance_sheet,流動負債,111356983,"111,356,983",sii,https://mopsov.twse.com.tw/mops/web/ajax_t163sb05
中游,電源供應系統,2301,光寶科,2013,4,balance_sheet,非流動負債,21767348,"21,767,348",sii,https://mopsov.twse.com.tw/mops/web/ajax_t163sb05
中游,電源供應系統,2301,光寶科,2013,4,balance_sheet,負債總額,133124331,"133,124,331",sii,https://mopsov.twse.com.tw/mops/web/ajax_t163sb05
中游,電源供應系統,2301,光寶科,2013,4,balance_sheet,股本,23276257,"23,276,257",sii,https://mopsov.twse.com.tw/mops/web/ajax_t163sb05
中游,電源供應系統,2301,光寶科,2013,4,balance_sheet,資本公積,27212019,"27,212,019",sii,https://mopsov.twse.com.tw/mops/web/ajax_t163sb05
中游,電源供應系統,2301,光寶科,2013,4,balance_sheet,保留盈餘,21463386,"21,463,386",sii,https://mopsov.twse.com.tw/mops/web/ajax_t163sb05
中游,電源供應系統,2301,光寶科,2013,4,balance_sheet,其他權益,2419302,"2,419,302",sii,https://mopsov.twse.com.tw/mops/web/ajax_t163sb05
中游,電源供應系統,2301,光寶科,2013,4,balance_sheet,庫藏股票,-1334660,"-1,334,660",sii,https://mopsov.twse.com.tw/mops/web/ajax_t163sb05
中游,電源供應系統,2301,光寶科,2013,4,balance_sheet,歸屬於母公司業主之權益合計,73036304,"73,036,304",sii,https://mopsov.twse.com.tw/mops/web/ajax_t163sb05
中游,電源供應系統,2301,光寶科,2013,4,balance_sheet,共同控制下前手權益,,--,sii,https://mopsov.twse.com.tw/mops/web/ajax_t163sb05
中游,電源供應系統,2301,光寶科,2013,4,balance_sheet,合併前非屬共同控制股權,,--,sii,https://mopsov.twse.com.tw/mops/web/ajax_t163sb05
中游,電源供應系統,2301,光寶科,2013,4,balance_sheet,非控制權益,6200851,"6,200,851",sii,https://mopsov.twse.com.tw/mops/web/ajax_t163sb05
中游,電源供應系統,2301,光寶科,2013,4,balance_sheet,權益總額,79237155,"79,237,155",sii,https://mopsov.twse.com.tw/mops/web/ajax_t163sb05
中游,電源供應系統,2301,光寶科,2013,4,balance_sheet,預收股款（權益項下）之約當發行股數（單位：股）,2970500,"2,970,500",sii,https://mopsov.twse.com.tw/mops/web/ajax_t163sb05
中游,電源供應系統,2301,光寶科,2013,4,balance_sheet,母公司暨子公司所持有之母公司庫藏股股數（單位：股）,28118091,"28,118,091",sii,https://mopsov.twse.com.tw/mops/web/ajax_t163sb05
中游,電源供應系統,2301,光寶科,2013,4,balance_sheet,每股參考淨值,31.76,31.76,sii,https://mopsov.twse.com.tw/mops/web/ajax_t163sb05
中游,電源供應系統,2308,台達電,2013,4,balance_sheet,流動資產,126503101,"126,503,101",sii,https://mopsov.twse.com.tw/mops/web/ajax_t163sb05
中游,電源供應系統,2308,台達電,2013,4,balance_sheet,非流動資產,70825713,"70,825,713",sii,https://mopsov.twse.com.tw/mops/web/ajax_t163sb05
中游,電源供應系統,2308,台達電,2013,4,balance_sheet,資產總額,197328814,"197,328,814",sii,https://mopsov.twse.com.tw/mops/web/ajax_t163sb05
中游,電源供應系統,2308,台達電,2013,4,balance_sheet,流動負債,59367812,"59,367,812",sii,https://mopsov.twse.com.tw/mops/web/ajax_t163sb05
中游,電源供應系統,2308,台達電,2013,4,balance_sheet,非流動負債,30075372,"30,075,372",sii,https://mopsov.twse.com.tw/mops/web/ajax_t163sb05
中游,電源供應系統,2308,台達電,2013,4,balance_sheet,負債總額,89443184,"89,443,184",sii,https://mopsov.twse.com.tw/mops/web/ajax_t163sb05
中游,電源供應系統,2308,台達電,2013,4,balance_sheet,股本,24375433,"24,375,433",sii,https://mopsov.twse.com.tw/mops/web/ajax_t163sb05
中游,電源供應系統,2308,台達電,2013,4,balance_sheet,資本公積,25790922,"25,790,922",sii,https://mopsov.twse.com.tw/mops/web/ajax_t163sb05
中游,電源供應系統,2308,台達電,2013,4,balance_sheet,保留盈餘,43061469,"43,061,469",sii,https://mopsov.twse.com.tw/mops/web/ajax_t163sb05
中游,電源供應系統,2308,台達電,2013,4,balance_sheet,其他權益,419768,"419,768",sii,https://mopsov.twse.com.tw/mops/web/ajax_t163sb05
中游,電源供應系統,2308,台達電,2013,4,balance_sheet,庫藏股票,,--,sii,https://mopsov.twse.com.tw/mops/web/ajax_t163sb05
中游,電源供應系統,2308,台達電,2013,4,balance_sheet,歸屬於母公司業主之權益合計,93647592,"93,647,592",sii,https://mopsov.twse.com.tw/mops/web/ajax_t163sb05
中游,電源供應系統,2308,台達電,2013,4,balance_sheet,共同控制下前手權益,,--,sii,https://mopsov.twse.com.tw/mops/web/ajax_t163sb05
中游,電源供應系統,2308,台達電,2013,4,balance_sheet,合併前非屬共同控制股權,,--,sii,https://mopsov.twse.com.tw/mops/web/ajax_t163sb05
中游,電源供應系統,2308,台達電,2013,4,balance_sheet,非控制權益,14238038,"14,238,038",sii,https://mopsov.twse.com.tw/mops/web/ajax_t163sb05
中游,電源供應系統,2308,台達電,2013,4,balance_sheet,權益總額,107885630,"107,885,630",sii,https://mopsov.twse.com.tw/mops/web/ajax_t163sb05
中游,電源供應系統,2308,台達電,2013,4,balance_sheet,預收股款（權益項下）之約當發行股數（單位：股）,0,0,sii,https://mopsov.twse.com.tw/mops/web/ajax_t163sb05
中游,電源供應系統,2308,台達電,2013,4,balance_sheet,母公司暨子公司所持有之母公司庫藏股股數（單位：股）,0,0,sii,https://mopsov.twse.com.tw/mops/web/ajax_t163sb05
中游,電源供應系統,2308,台達電,2013,4,balance_sheet,每股參考淨值,38.42,38.42,sii,https://mopsov.twse.com.tw/mops/web/ajax_t163sb05
中游,電源供應系統,2301,光寶科,2013,4,cash_flow,營業活動之淨現金流入（流出）,20688338,"20,688,338",sii,https://mopsov.twse.com.tw/mops/web/ajax_t163sb20
中游,電源供應系統,2301,光寶科,2013,4,cash_flow,投資活動之淨現金流入（流出）,4305530,"4,305,530",sii,https://mopsov.twse.com.tw/mops/web/ajax_t163sb20
中游,電源供應系統,2301,光寶科,2013,4,cash_flow,籌資活動之淨現金流入（流出）,-10842205,"-10,842,205",sii,https://mopsov.twse.com.tw/mops/web/ajax_t163sb20
中游,電源供應系統,2301,光寶科,2013,4,cash_flow,匯率變動對現金及約當現金之影響,554636,"554,636",sii,https://mopsov.twse.com.tw/mops/web/ajax_t163sb20
中游,電源供應系統,2301,光寶科,2013,4,cash_flow,本期現金及約當現金增加（減少）數,14706299,"14,706,299",sii,https://mopsov.twse.com.tw/mops/web/ajax_t163sb20
中游,電源供應系統,2301,光寶科,2013,4,cash_flow,期初現金及約當現金餘額,51224870,"51,224,870",sii,https://mopsov.twse.com.tw/mops/web/ajax_t163sb20
中游,電源供應系統,2301,光寶科,2013,4,cash_flow,期末現金及約當現金餘額,65931169,"65,931,169",sii,https://mopsov.twse.com.tw/mops/web/ajax_t163sb20
中游,電源供應系統,2308,台達電,2013,4,cash_flow,營業活動之淨現金流入（流出）,25422270,"25,422,270",sii,https://mopsov.twse.com.tw/mops/web/ajax_t163sb20
中游,電源供應系統,2308,台達電,2013,4,cash_flow,投資活動之淨現金流入（流出）,-9067286,"-9,067,286",sii,https://mopsov.twse.com.tw/mops/web/ajax_t163sb20
中游,電源供應系統,2308,台達電,2013,4,cash_flow,籌資活動之淨現金流入（流出）,-11197251,"-11,197,251",sii,https://mopsov.twse.com.tw/mops/web/ajax_t163sb20
中游,電源供應系統,2308,台達電,2013,4,cash_flow,匯率變動對現金及約當現金之影響,2770009,"2,770,009",sii,https://mopsov.twse.com.tw/mops/web/ajax_t163sb20
中游,電源供應系統,2308,台達電,2013,4,cash_flow,本期現金及約當現金增加（減少）數,7927742,"7,927,742",sii,https://mopsov.twse.com.tw/mops/web/ajax_t163sb20
中游,電源供應系統,2308,台達電,2013,4,cash_flow,期初現金及約當現金餘額,51096128,"51,096,128",sii,https://mopsov.twse.com.tw/mops/web/ajax_t163sb20
中游,電源供應系統,2308,台達電,2013,4,cash_flow,期末現金及約當現金餘額,59023870,"59,023,870",sii,https://mopsov.twse.com.tw/mops/web/ajax_t163sb20
中游,電源供應系統,2301,光寶科,2014,1,income_statement,營業收入,51741914,"51,741,914",sii,https://mopsov.twse.com.tw/mops/web/ajax_t163sb04
中游,電源供應系統,2301,光寶科,2014,1,income_statement,營業成本,45320423,"45,320,423",sii,https://mopsov.twse.com.tw/mops/web/ajax_t163sb04
中游,電源供應系統,2301,光寶科,2014,1,income_statement,營業毛利（毛損）,6421491,"6,421,491",sii,https://mopsov.twse.com.tw/mops/web/ajax_t163sb04
中游,電源供應系統,2301,光寶科,2014,1,income_statement,未實現銷貨（損）益,,--,sii,https://mopsov.twse.com.tw/mops/web/ajax_t163sb04
中游,電源供應系統,2301,光寶科,2014,1,income_statement,已實現銷貨（損）益,,--,sii,https://mopsov.twse.com.tw/mops/web/ajax_t163sb04
中游,電源供應系統,2301,光寶科,2014,1,income_statement,營業毛利（毛損）淨額,6421491,"6,421,491",sii,https://mopsov.twse.com.tw/mops/web/ajax_t163sb04
中游,電源供應系統,2301,光寶科,2014,1,income_statement,營業費用,5022297,"5,022,297",sii,https://mopsov.twse.com.tw/mops/web/ajax_t163sb04
中游,電源供應系統,2301,光寶科,2014,1,income_statement,其他收益及費損淨額,,--,sii,https://mopsov.twse.com.tw/mops/web/ajax_t163sb04
中游,電源供應系統,2301,光寶科,2014,1,income_statement,營業利益（損失）,1399194,"1,399,194",sii,https://mopsov.twse.com.tw/mops/web/ajax_t163sb04
中游,電源供應系統,2301,光寶科,2014,1,income_statement,營業外收入及支出,421035,"421,035",sii,https://mopsov.twse.com.tw/mops/web/ajax_t163sb04
中游,電源供應系統,2301,光寶科,2014,1,income_statement,稅前淨利（淨損）,1820229,"1,820,229",sii,https://mopsov.twse.com.tw/mops/web/ajax_t163sb04
中游,電源供應系統,2301,光寶科,2014,1,income_statement,所得稅費用（利益）,391637,"391,637",sii,https://mopsov.twse.com.tw/mops/web/ajax_t163sb04
中游,電源供應系統,2301,光寶科,2014,1,income_statement,繼續營業單位本期淨利（淨損）,1428592,"1,428,592",sii,https://mopsov.twse.com.tw/mops/web/ajax_t163sb04
中游,電源供應系統,2301,光寶科,2014,1,income_statement,停業單位損益,,--,sii,https://mopsov.twse.com.tw/mops/web/ajax_t163sb04
中游,電源供應系統,2301,光寶科,2014,1,income_statement,合併前非屬共同控制股權損益,,--,sii,https://mopsov.twse.com.tw/mops/web/ajax_t163sb04
中游,電源供應系統,2301,光寶科,2014,1,income_statement,本期淨利（淨損）,1428592,"1,428,592",sii,https://mopsov.twse.com.tw/mops/web/ajax_t163sb04
中游,電源供應系統,2301,光寶科,2014,1,income_statement,其他綜合損益（淨額）,247062,"247,062",sii,https://mopsov.twse.com.tw/mops/web/ajax_t163sb04
中游,電源供應系統,2301,光寶科,2014,1,income_statement,合併前非屬共同控制股權綜合損益淨額,,--,sii,https://mopsov.twse.com.tw/mops/web/ajax_t163sb04
中游,電源供應系統,2301,光寶科,2014,1,income_statement,本期綜合損益總額,1675654,"1,675,654",sii,https://mopsov.twse.com.tw/mops/web/ajax_t163sb04
中游,電源供應系統,2301,光寶科,2014,1,income_statement,淨利（淨損）歸屬於母公司業主,1427781,"1,427,781",sii,https://mopsov.twse.com.tw/mops/web/ajax_t163sb04
中游,電源供應系統,2301,光寶科,2014,1,income_statement,淨利（淨損）歸屬於共同控制下前手權益,,--,sii,https://mopsov.twse.com.tw/mops/web/ajax_t163sb04
中游,電源供應系統,2301,光寶科,2014,1,income_statement,淨利（淨損）歸屬於非控制權益,811,811,sii,https://mopsov.twse.com.tw/mops/web/ajax_t163sb04
中游,電源供應系統,2301,光寶科,2014,1,income_statement,綜合損益總額歸屬於母公司業主,1679687,"1,679,687",sii,https://mopsov.twse.com.tw/mops/web/ajax_t163sb04
中游,電源供應系統,2301,光寶科,2014,1,income_statement,綜合損益總額歸屬於共同控制下前手權益,,--,sii,https://mopsov.twse.com.tw/mops/web/ajax_t163sb04
中游,電源供應系統,2301,光寶科,2014,1,income_statement,綜合損益總額歸屬於非控制權益,-4033,"-4,033",sii,https://mopsov.twse.com.tw/mops/web/ajax_t163sb04
中游,電源供應系統,2301,光寶科,2014,1,income_statement,基本每股盈餘（元）,0.62,0.62,sii,https://mopsov.twse.com.tw/mops/web/ajax_t163sb04
中游,電源供應系統,2308,台達電,2014,1,income_statement,營業收入,43035596,"43,035,596",sii,https://mopsov.twse.com.tw/mops/web/ajax_t163sb04
中游,電源供應系統,2308,台達電,2014,1,income_statement,營業成本,31598212,"31,598,212",sii,https://mopsov.twse.com.tw/mops/web/ajax_t163sb04
中游,電源供應系統,2308,台達電,2014,1,income_statement,營業毛利（毛損）,11437384,"11,437,384",sii,https://mopsov.twse.com.tw/mops/web/ajax_t163sb04
中游,電源供應系統,2308,台達電,2014,1,income_statement,未實現銷貨（損）益,,--,sii,https://mopsov.twse.com.tw/mops/web/ajax_t163sb04
中游,電源供應系統,2308,台達電,2014,1,income_statement,已實現銷貨（損）益,,--,sii,https://mopsov.twse.com.tw/mops/web/ajax_t163sb04
中游,電源供應系統,2308,台達電,2014,1,income_statement,營業毛利（毛損）淨額,11437384,"11,437,384",sii,https://mopsov.twse.com.tw/mops/web/ajax_t163sb04
中游,電源供應系統,2308,台達電,2014,1,income_statement,營業費用,6332306,"6,332,306",sii,https://mopsov.twse.com.tw/mops/web/ajax_t163sb04
中游,電源供應系統,2308,台達電,2014,1,income_statement,其他收益及費損淨額,,--,sii,https://mopsov.twse.com.tw/mops/web/ajax_t163sb04
中游,電源供應系統,2308,台達電,2014,1,income_statement,營業利益（損失）,5105078,"5,105,078",sii,https://mopsov.twse.com.tw/mops/web/ajax_t163sb04
中游,電源供應系統,2308,台達電,2014,1,income_statement,營業外收入及支出,806048,"806,048",sii,https://mopsov.twse.com.tw/mops/web/ajax_t163sb04
中游,電源供應系統,2308,台達電,2014,1,income_statement,稅前淨利（淨損）,5911126,"5,911,126",sii,https://mopsov.twse.com.tw/mops/web/ajax_t163sb04
中游,電源供應系統,2308,台達電,2014,1,income_statement,所得稅費用（利益）,986791,"986,791",sii,https://mopsov.twse.com.tw/mops/web/ajax_t163sb04
中游,電源供應系統,2308,台達電,2014,1,income_statement,繼續營業單位本期淨利（淨損）,4924335,"4,924,335",sii,https://mopsov.twse.com.tw/mops/web/ajax_t163sb04
中游,電源供應系統,2308,台達電,2014,1,income_statement,停業單位損益,0,0,sii,https://mopsov.twse.com.tw/mops/web/ajax_t163sb04
中游,電源供應系統,2308,台達電,2014,1,income_statement,合併前非屬共同控制股權損益,,--,sii,https://mopsov.twse.com.tw/mops/web/ajax_t163sb04
中游,電源供應系統,2308,台達電,2014,1,income_statement,本期淨利（淨損）,4924335,"4,924,335",sii,https://mopsov.twse.com.tw/mops/web/ajax_t163sb04
中游,電源供應系統,2308,台達電,2014,1,income_statement,其他綜合損益（淨額）,-45459,"-45,459",sii,https://mopsov.twse.com.tw/mops/web/ajax_t163sb04
中游,電源供應系統,2308,台達電,2014,1,income_statement,合併前非屬共同控制股權綜合損益淨額,,--,sii,https://mopsov.twse.com.tw/mops/web/ajax_t163sb04
中游,電源供應系統,2308,台達電,2014,1,income_statement,本期綜合損益總額,4878876,"4,878,876",sii,https://mopsov.twse.com.tw/mops/web/ajax_t163sb04
中游,電源供應系統,2308,台達電,2014,1,income_statement,淨利（淨損）歸屬於母公司業主,4568818,"4,568,818",sii,https://mopsov.twse.com.tw/mops/web/ajax_t163sb04
中游,電源供應系統,2308,台達電,2014,1,income_statement,淨利（淨損）歸屬於共同控制下前手權益,,--,sii,https://mopsov.twse.com.tw/mops/web/ajax_t163sb04
中游,電源供應系統,2308,台達電,2014,1,income_statement,淨利（淨損）歸屬於非控制權益,355517,"355,517",sii,https://mopsov.twse.com.tw/mops/web/ajax_t163sb04
中游,電源供應系統,2308,台達電,2014,1,income_statement,綜合損益總額歸屬於母公司業主,4822004,"4,822,004",sii,https://mopsov.twse.com.tw/mops/web/ajax_t163sb04
中游,電源供應系統,2308,台達電,2014,1,income_statement,綜合損益總額歸屬於共同控制下前手權益,,--,sii,https://mopsov.twse.com.tw/mops/web/ajax_t163sb04
中游,電源供應系統,2308,台達電,2014,1,income_statement,綜合損益總額歸屬於非控制權益,56872,"56,872",sii,https://mopsov.twse.com.tw/mops/web/ajax_t163sb04
中游,電源供應系統,2308,台達電,2014,1,income_statement,基本每股盈餘（元）,1.87,1.87,sii,https://mopsov.twse.com.tw/mops/web/ajax_t163sb04
中游,電源供應系統,2301,光寶科,2014,1,balance_sheet,流動資產,142502197,"142,502,197",sii,https://mopsov.twse.com.tw/mops/web/ajax_t163sb05
中游,電源供應系統,2301,光寶科,2014,1,balance_sheet,非流動資產,61803405,"61,803,405",sii,https://mopsov.twse.com.tw/mops/web/ajax_t163sb05
中游,電源供應系統,2301,光寶科,2014,1,balance_sheet,資產總額,204305602,"204,305,602",sii,https://mopsov.twse.com.tw/mops/web/ajax_t163sb05
中游,電源供應系統,2301,光寶科,2014,1,balance_sheet,流動負債,106568244,"106,568,244",sii,https://mopsov.twse.com.tw/mops/web/ajax_t163sb05
中游,電源供應系統,2301,光寶科,2014,1,balance_sheet,非流動負債,17463667,"17,463,667",sii,https://mopsov.twse.com.tw/mops/web/ajax_t163sb05
中游,電源供應系統,2301,光寶科,2014,1,balance_sheet,負債總額,124031911,"124,031,911",sii,https://mopsov.twse.com.tw/mops/web/ajax_t163sb05
中游,電源供應系統,2301,光寶科,2014,1,balance_sheet,股本,23276257,"23,276,257",sii,https://mopsov.twse.com.tw/mops/web/ajax_t163sb05
中游,電源供應系統,2301,光寶科,2014,1,balance_sheet,資本公積,27350468,"27,350,468",sii,https://mopsov.twse.com.tw/mops/web/ajax_t163sb05
中游,電源供應系統,2301,光寶科,2014,1,balance_sheet,保留盈餘,22891167,"22,891,167",sii,https://mopsov.twse.com.tw/mops/web/ajax_t163sb05
中游,電源供應系統,2301,光寶科,2014,1,balance_sheet,其他權益,2656419,"2,656,419",sii,https://mopsov.twse.com.tw/mops/web/ajax_t163sb05
中游,電源供應系統,2301,光寶科,2014,1,balance_sheet,庫藏股票,-1334660,"-1,334,660",sii,https://mopsov.twse.com.tw/mops/web/ajax_t163sb05
中游,電源供應系統,2301,光寶科,2014,1,balance_sheet,歸屬於母公司業主之權益合計,74839651,"74,839,651",sii,https://mopsov.twse.com.tw/mops/web/ajax_t163sb05
中游,電源供應系統,2301,光寶科,2014,1,balance_sheet,共同控制下前手權益,,--,sii,https://mopsov.twse.com.tw/mops/web/ajax_t163sb05
中游,電源供應系統,2301,光寶科,2014,1,balance_sheet,合併前非屬共同控制股權,,--,sii,https://mopsov.twse.com.tw/mops/web/ajax_t163sb05
中游,電源供應系統,2301,光寶科,2014,1,balance_sheet,非控制權益,5434040,"5,434,040",sii,https://mopsov.twse.com.tw/mops/web/ajax_t163sb05
中游,電源供應系統,2301,光寶科,2014,1,balance_sheet,權益總額,80273691,"80,273,691",sii,https://mopsov.twse.com.tw/mops/web/ajax_t163sb05
中游,電源供應系統,2301,光寶科,2014,1,balance_sheet,待註銷股本股數（單位：股）,0,0,sii,https://mopsov.twse.com.tw/mops/web/ajax_t163sb05
中游,電源供應系統,2301,光寶科,2014,1,balance_sheet,預收股款（權益項下）之約當發行股數（單位：股）,0,0,sii,https://mopsov.twse.com.tw/mops/web/ajax_t163sb05
中游,電源供應系統,2301,光寶科,2014,1,balance_sheet,母公司暨子公司所持有之母公司庫藏股股數（單位：股）,28118091,"28,118,091",sii,https://mopsov.twse.com.tw/mops/web/ajax_t163sb05
中游,電源供應系統,2301,光寶科,2014,1,balance_sheet,每股參考淨值,32.55,32.55,sii,https://mopsov.twse.com.tw/mops/web/ajax_t163sb05
中游,電源供應系統,2308,台達電,2014,1,balance_sheet,流動資產,123734508,"123,734,508",sii,https://mopsov.twse.com.tw/mops/web/ajax_t163sb05
中游,電源供應系統,2308,台達電,2014,1,balance_sheet,非流動資產,69272277,"69,272,277",sii,https://mopsov.twse.com.tw/mops/web/ajax_t163sb05
中游,電源供應系統,2308,台達電,2014,1,balance_sheet,資產總額,193006785,"193,006,785",sii,https://mopsov.twse.com.tw/mops/web/ajax_t163sb05
中游,電源供應系統,2308,台達電,2014,1,balance_sheet,流動負債,62531229,"62,531,229",sii,https://mopsov.twse.com.tw/mops/web/ajax_t163sb05
中游,電源供應系統,2308,台達電,2014,1,balance_sheet,非流動負債,17386341,"17,386,341",sii,https://mopsov.twse.com.tw/mops/web/ajax_t163sb05
中游,電源供應系統,2308,台達電,2014,1,balance_sheet,負債總額,79917570,"79,917,570",sii,https://mopsov.twse.com.tw/mops/web/ajax_t163sb05
中游,電源供應系統,2308,台達電,2014,1,balance_sheet,股本,24375433,"24,375,433",sii,https://mopsov.twse.com.tw/mops/web/ajax_t163sb05
中游,電源供應系統,2308,台達電,2014,1,balance_sheet,資本公積,25790713,"25,790,713",sii,https://mopsov.twse.com.tw/mops/web/ajax_t163sb05
中游,電源供應系統,2308,台達電,2014,1,balance_sheet,保留盈餘,47630287,"47,630,287",sii,https://mopsov.twse.com.tw/mops/web/ajax_t163sb05
中游,電源供應系統,2308,台達電,2014,1,balance_sheet,其他權益,672945,"672,945",sii,https://mopsov.twse.com.tw/mops/web/ajax_t163sb05
中游,電源供應系統,2308,台達電,2014,1,balance_sheet,庫藏股票,,--,sii,https://mopsov.twse.com.tw/mops/web/ajax_t163sb05
中游,電源供應系統,2308,台達電,2014,1,balance_sheet,歸屬於母公司業主之權益合計,98469378,"98,469,378",sii,https://mopsov.twse.com.tw/mops/web/ajax_t163sb05
中游,電源供應系統,2308,台達電,2014,1,balance_sheet,共同控制下前手權益,,--,sii,https://mopsov.twse.com.tw/mops/web/ajax_t163sb05
中游,電源供應系統,2308,台達電,2014,1,balance_sheet,合併前非屬共同控制股權,,--,sii,https://mopsov.twse.com.tw/mops/web/ajax_t163sb05
中游,電源供應系統,2308,台達電,2014,1,balance_sheet,非控制權益,14619837,"14,619,837",sii,https://mopsov.twse.com.tw/mops/web/ajax_t163sb05
中游,電源供應系統,2308,台達電,2014,1,balance_sheet,權益總額,113089215,"113,089,215",sii,https://mopsov.twse.com.tw/mops/web/ajax_t163sb05
中游,電源供應系統,2308,台達電,2014,1,balance_sheet,待註銷股本股數（單位：股）,0,0,sii,https://mopsov.twse.com.tw/mops/web/ajax_t163sb05
中游,電源供應系統,2308,台達電,2014,1,balance_sheet,預收股款（權益項下）之約當發行股數（單位：股）,0,0,sii,https://mopsov.twse.com.tw/mops/web/ajax_t163sb05
中游,電源供應系統,2308,台達電,2014,1,balance_sheet,母公司暨子公司所持有之母公司庫藏股股數（單位：股）,0,0,sii,https://mopsov.twse.com.tw/mops/web/ajax_t163sb05
中游,電源供應系統,2308,台達電,2014,1,balance_sheet,每股參考淨值,40.4,40.40,sii,https://mopsov.twse.com.tw/mops/web/ajax_t163sb05
中游,電源供應系統,2301,光寶科,2014,1,cash_flow,營業活動之淨現金流入（流出）,408987,"408,987",sii,https://mopsov.twse.com.tw/mops/web/ajax_t163sb20
中游,電源供應系統,2301,光寶科,2014,1,cash_flow,投資活動之淨現金流入（流出）,-2469397,"-2,469,397",sii,https://mopsov.twse.com.tw/mops/web/ajax_t163sb20
中游,電源供應系統,2301,光寶科,2014,1,cash_flow,籌資活動之淨現金流入（流出）,-2771086,"-2,771,086",sii,https://mopsov.twse.com.tw/mops/web/ajax_t163sb20
中游,電源供應系統,2301,光寶科,2014,1,cash_flow,匯率變動對現金及約當現金之影響,89011,"89,011",sii,https://mopsov.twse.com.tw/mops/web/ajax_t163sb20
中游,電源供應系統,2301,光寶科,2014,1,cash_flow,本期現金及約當現金增加（減少）數,-4742485,"-4,742,485",sii,https://mopsov.twse.com.tw/mops/web/ajax_t163sb20
中游,電源供應系統,2301,光寶科,2014,1,cash_flow,期初現金及約當現金餘額,65931169,"65,931,169",sii,https://mopsov.twse.com.tw/mops/web/ajax_t163sb20
中游,電源供應系統,2301,光寶科,2014,1,cash_flow,期末現金及約當現金餘額,61188684,"61,188,684",sii,https://mopsov.twse.com.tw/mops/web/ajax_t163sb20
中游,電源供應系統,2308,台達電,2014,1,cash_flow,營業活動之淨現金流入（流出）,6649078,"6,649,078",sii,https://mopsov.twse.com.tw/mops/web/ajax_t163sb20
中游,電源供應系統,2308,台達電,2014,1,cash_flow,投資活動之淨現金流入（流出）,-1069099,"-1,069,099",sii,https://mopsov.twse.com.tw/mops/web/ajax_t163sb20
中游,電源供應系統,2308,台達電,2014,1,cash_flow,籌資活動之淨現金流入（流出）,-6603521,"-6,603,521",sii,https://mopsov.twse.com.tw/mops/web/ajax_t163sb20
中游,電源供應系統,2308,台達電,2014,1,cash_flow,匯率變動對現金及約當現金之影響,817513,"817,513",sii,https://mopsov.twse.com.tw/mops/web/ajax_t163sb20
中游,電源供應系統,2308,台達電,2014,1,cash_flow,本期現金及約當現金增加（減少）數,-206029,"-206,029",sii,https://mopsov.twse.com.tw/mops/web/ajax_t163sb20
中游,電源供應系統,2308,台達電,2014,1,cash_flow,期初現金及約當現金餘額,59023870,"59,023,870",sii,https://mopsov.twse.com.tw/mops/web/ajax_t163sb20
中游,電源供應系統,2308,台達電,2014,1,cash_flow,期末現金及約當現金餘額,58817841,"58,817,841",sii,https://mopsov.twse.com.tw/mops/web/ajax_t163sb20
中游,電源供應系統,2301,光寶科,2014,2,income_statement,營業收入,109976281,"109,976,281",sii,https://mopsov.twse.com.tw/mops/web/ajax_t163sb04
中游,電源供應系統,2301,光寶科,2014,2,income_statement,營業成本,95686891,"95,686,891",sii,https://mopsov.twse.com.tw/mops/web/ajax_t163sb04
中游,電源供應系統,2301,光寶科,2014,2,income_statement,營業毛利（毛損）,14289390,"14,289,390",sii,https://mopsov.twse.com.tw/mops/web/ajax_t163sb04
中游,電源供應系統,2301,光寶科,2014,2,income_statement,未實現銷貨（損）益,,--,sii,https://mopsov.twse.com.tw/mops/web/ajax_t163sb04
中游,電源供應系統,2301,光寶科,2014,2,income_statement,已實現銷貨（損）益,,--,sii,https://mopsov.twse.com.tw/mops/web/ajax_t163sb04
中游,電源供應系統,2301,光寶科,2014,2,income_statement,營業毛利（毛損）淨額,14289390,"14,289,390",sii,https://mopsov.twse.com.tw/mops/web/ajax_t163sb04
中游,電源供應系統,2301,光寶科,2014,2,income_statement,營業費用,10524245,"10,524,245",sii,https://mopsov.twse.com.tw/mops/web/ajax_t163sb04
中游,電源供應系統,2301,光寶科,2014,2,income_statement,其他收益及費損淨額,,--,sii,https://mopsov.twse.com.tw/mops/web/ajax_t163sb04
中游,電源供應系統,2301,光寶科,2014,2,income_statement,營業利益（損失）,3765145,"3,765,145",sii,https://mopsov.twse.com.tw/mops/web/ajax_t163sb04
中游,電源供應系統,2301,光寶科,2014,2,income_statement,營業外收入及支出,634025,"634,025",sii,https://mopsov.twse.com.tw/mops/web/ajax_t163sb04
中游,電源供應系統,2301,光寶科,2014,2,income_statement,稅前淨利（淨損）,4399170,"4,399,170",sii,https://mopsov.twse.com.tw/mops/web/ajax_t163sb04
中游,電源供應系統,2301,光寶科,2014,2,income_statement,所得稅費用（利益）,952212,"952,212",sii,https://mopsov.twse.com.tw/mops/web/ajax_t163sb04
中游,電源供應系統,2301,光寶科,2014,2,income_statement,繼續營業單位本期淨利（淨損）,3446958,"3,446,958",sii,https://mopsov.twse.com.tw/mops/web/ajax_t163sb04
中游,電源供應系統,2301,光寶科,2014,2,income_statement,停業單位損益,,--,sii,https://mopsov.twse.com.tw/mops/web/ajax_t163sb04
中游,電源供應系統,2301,光寶科,2014,2,income_statement,合併前非屬共同控制股權損益,,--,sii,https://mopsov.twse.com.tw/mops/web/ajax_t163sb04
中游,電源供應系統,2301,光寶科,2014,2,income_statement,本期淨利（淨損）,3446958,"3,446,958",sii,https://mopsov.twse.com.tw/mops/web/ajax_t163sb04
中游,電源供應系統,2301,光寶科,2014,2,income_statement,其他綜合損益（淨額）,-797003,"-797,003",sii,https://mopsov.twse.com.tw/mops/web/ajax_t163sb04
中游,電源供應系統,2301,光寶科,2014,2,income_statement,合併前非屬共同控制股權綜合損益淨額,,--,sii,https://mopsov.twse.com.tw/mops/web/ajax_t163sb04
中游,電源供應系統,2301,光寶科,2014,2,income_statement,本期綜合損益總額,2649955,"2,649,955",sii,https://mopsov.twse.com.tw/mops/web/ajax_t163sb04
中游,電源供應系統,2301,光寶科,2014,2,income_statement,淨利（淨損）歸屬於母公司業主,3459059,"3,459,059",sii,https://mopsov.twse.com.tw/mops/web/ajax_t163sb04
中游,電源供應系統,2301,光寶科,2014,2,income_statement,淨利（淨損）歸屬於共同控制下前手權益,,--,sii,https://mopsov.twse.com.tw/mops/web/ajax_t163sb04
中游,電源供應系統,2301,光寶科,2014,2,income_statement,淨利（淨損）歸屬於非控制權益,-12101,"-12,101",sii,https://mopsov.twse.com.tw/mops/web/ajax_t163sb04
中游,電源供應系統,2301,光寶科,2014,2,income_statement,綜合損益總額歸屬於母公司業主,2884075,"2,884,075",sii,https://mopsov.twse.com.tw/mops/web/ajax_t163sb04
中游,電源供應系統,2301,光寶科,2014,2,income_statement,綜合損益總額歸屬於共同控制下前手權益,,--,sii,https://mopsov.twse.com.tw/mops/web/ajax_t163sb04
中游,電源供應系統,2301,光寶科,2014,2,income_statement,綜合損益總額歸屬於非控制權益,-234120,"-234,120",sii,https://mopsov.twse.com.tw/mops/web/ajax_t163sb04
中游,電源供應系統,2301,光寶科,2014,2,income_statement,基本每股盈餘（元）,1.5,1.50,sii,https://mopsov.twse.com.tw/mops/web/ajax_t163sb04
中游,電源供應系統,2308,台達電,2014,2,income_statement,營業收入,90651884,"90,651,884",sii,https://mopsov.twse.com.tw/mops/web/ajax_t163sb04
中游,電源供應系統,2308,台達電,2014,2,income_statement,營業成本,66151640,"66,151,640",sii,https://mopsov.twse.com.tw/mops/web/ajax_t163sb04
中游,電源供應系統,2308,台達電,2014,2,income_statement,營業毛利（毛損）,24500244,"24,500,244",sii,https://mopsov.twse.com.tw/mops/web/ajax_t163sb04
中游,電源供應系統,2308,台達電,2014,2,income_statement,未實現銷貨（損）益,,--,sii,https://mopsov.twse.com.tw/mops/web/ajax_t163sb04
中游,電源供應系統,2308,台達電,2014,2,income_statement,已實現銷貨（損）益,,--,sii,https://mopsov.twse.com.tw/mops/web/ajax_t163sb04
中游,電源供應系統,2308,台達電,2014,2,income_statement,營業毛利（毛損）淨額,24500244,"24,500,244",sii,https://mopsov.twse.com.tw/mops/web/ajax_t163sb04
中游,電源供應系統,2308,台達電,2014,2,income_statement,營業費用,13412659,"13,412,659",sii,https://mopsov.twse.com.tw/mops/web/ajax_t163sb04
中游,電源供應系統,2308,台達電,2014,2,income_statement,其他收益及費損淨額,,--,sii,https://mopsov.twse.com.tw/mops/web/ajax_t163sb04
中游,電源供應系統,2308,台達電,2014,2,income_statement,營業利益（損失）,11087585,"11,087,585",sii,https://mopsov.twse.com.tw/mops/web/ajax_t163sb04
中游,電源供應系統,2308,台達電,2014,2,income_statement,營業外收入及支出,1798340,"1,798,340",sii,https://mopsov.twse.com.tw/mops/web/ajax_t163sb04
中游,電源供應系統,2308,台達電,2014,2,income_statement,稅前淨利（淨損）,12885925,"12,885,925",sii,https://mopsov.twse.com.tw/mops/web/ajax_t163sb04
中游,電源供應系統,2308,台達電,2014,2,income_statement,所得稅費用（利益）,2204832,"2,204,832",sii,https://mopsov.twse.com.tw/mops/web/ajax_t163sb04
中游,電源供應系統,2308,台達電,2014,2,income_statement,繼續營業單位本期淨利（淨損）,10681093,"10,681,093",sii,https://mopsov.twse.com.tw/mops/web/ajax_t163sb04
中游,電源供應系統,2308,台達電,2014,2,income_statement,停業單位損益,0,0,sii,https://mopsov.twse.com.tw/mops/web/ajax_t163sb04
中游,電源供應系統,2308,台達電,2014,2,income_statement,合併前非屬共同控制股權損益,,--,sii,https://mopsov.twse.com.tw/mops/web/ajax_t163sb04
中游,電源供應系統,2308,台達電,2014,2,income_statement,本期淨利（淨損）,10681093,"10,681,093",sii,https://mopsov.twse.com.tw/mops/web/ajax_t163sb04
中游,電源供應系統,2308,台達電,2014,2,income_statement,其他綜合損益（淨額）,-1430798,"-1,430,798",sii,https://mopsov.twse.com.tw/mops/web/ajax_t163sb04
中游,電源供應系統,2308,台達電,2014,2,income_statement,合併前非屬共同控制股權綜合損益淨額,,--,sii,https://mopsov.twse.com.tw/mops/web/ajax_t163sb04
中游,電源供應系統,2308,台達電,2014,2,income_statement,本期綜合損益總額,9250295,"9,250,295",sii,https://mopsov.twse.com.tw/mops/web/ajax_t163sb04
中游,電源供應系統,2308,台達電,2014,2,income_statement,淨利（淨損）歸屬於母公司業主,9832846,"9,832,846",sii,https://mopsov.twse.com.tw/mops/web/ajax_t163sb04
中游,電源供應系統,2308,台達電,2014,2,income_statement,淨利（淨損）歸屬於共同控制下前手權益,,--,sii,https://mopsov.twse.com.tw/mops/web/ajax_t163sb04
中游,電源供應系統,2308,台達電,2014,2,income_statement,淨利（淨損）歸屬於非控制權益,848247,"848,247",sii,https://mopsov.twse.com.tw/mops/web/ajax_t163sb04
中游,電源供應系統,2308,台達電,2014,2,income_statement,綜合損益總額歸屬於母公司業主,8742686,"8,742,686",sii,https://mopsov.twse.com.tw/mops/web/ajax_t163sb04
中游,電源供應系統,2308,台達電,2014,2,income_statement,綜合損益總額歸屬於共同控制下前手權益,,--,sii,https://mopsov.twse.com.tw/mops/web/ajax_t163sb04
中游,電源供應系統,2308,台達電,2014,2,income_statement,綜合損益總額歸屬於非控制權益,507609,"507,609",sii,https://mopsov.twse.com.tw/mops/web/ajax_t163sb04
中游,電源供應系統,2308,台達電,2014,2,income_statement,基本每股盈餘（元）,4.03,4.03,sii,https://mopsov.twse.com.tw/mops/web/ajax_t163sb04
中游,電源供應系統,2301,光寶科,2014,2,balance_sheet,流動資產,142570909,"142,570,909",sii,https://mopsov.twse.com.tw/mops/web/ajax_t163sb05
中游,電源供應系統,2301,光寶科,2014,2,balance_sheet,非流動資產,62090528,"62,090,528",sii,https://mopsov.twse.com.tw/mops/web/ajax_t163sb05
中游,電源供應系統,2301,光寶科,2014,2,balance_sheet,資產總額,204661437,"204,661,437",sii,https://mopsov.twse.com.tw/mops/web/ajax_t163sb05
中游,電源供應系統,2301,光寶科,2014,2,balance_sheet,流動負債,113583454,"113,583,454",sii,https://mopsov.twse.com.tw/mops/web/ajax_t163sb05
中游,電源供應系統,2301,光寶科,2014,2,balance_sheet,非流動負債,16821598,"16,821,598",sii,https://mopsov.twse.com.tw/mops/web/ajax_t163sb05
中游,電源供應系統,2301,光寶科,2014,2,balance_sheet,負債總額,130405052,"130,405,052",sii,https://mopsov.twse.com.tw/mops/web/ajax_t163sb05
中游,電源供應系統,2301,光寶科,2014,2,balance_sheet,股本,23416737,"23,416,737",sii,https://mopsov.twse.com.tw/mops/web/ajax_t163sb05
中游,電源供應系統,2301,光寶科,2014,2,balance_sheet,資本公積,27547680,"27,547,680",sii,https://mopsov.twse.com.tw/mops/web/ajax_t163sb05
中游,電源供應系統,2301,光寶科,2014,2,balance_sheet,保留盈餘,17954716,"17,954,716",sii,https://mopsov.twse.com.tw/mops/web/ajax_t163sb05
中游,電源供應系統,2301,光寶科,2014,2,balance_sheet,其他權益,1829529,"1,829,529",sii,https://mopsov.twse.com.tw/mops/web/ajax_t163sb05
中游,電源供應系統,2301,光寶科,2014,2,balance_sheet,庫藏股票,-1248722,"-1,248,722",sii,https://mopsov.twse.com.tw/mops/web/ajax_t163sb05
中游,電源供應系統,2301,光寶科,2014,2,balance_sheet,歸屬於母公司業主之權益合計,69499940,"69,499,940",sii,https://mopsov.twse.com.tw/mops/web/ajax_t163sb05
中游,電源供應系統,2301,光寶科,2014,2,balance_sheet,共同控制下前手權益,,--,sii,https://mopsov.twse.com.tw/mops/web/ajax_t163sb05
中游,電源供應系統,2301,光寶科,2014,2,balance_sheet,合併前非屬共同控制股權,,--,sii,https://mopsov.twse.com.tw/mops/web/ajax_t163sb05
中游,電源供應系統,2301,光寶科,2014,2,balance_sheet,非控制權益,4756445,"4,756,445",sii,https://mopsov.twse.com.tw/mops/web/ajax_t163sb05
中游,電源供應系統,2301,光寶科,2014,2,balance_sheet,權益總額,74256385,"74,256,385",sii,https://mopsov.twse.com.tw/mops/web/ajax_t163sb05
中游,電源供應系統,2301,光寶科,2014,2,balance_sheet,待註銷股本股數（單位：股）,0,0,sii,https://mopsov.twse.com.tw/mops/web/ajax_t163sb05
中游,電源供應系統,2301,光寶科,2014,2,balance_sheet,預收股款（權益項下）之約當發行股數（單位：股）,0,0,sii,https://mopsov.twse.com.tw/mops/web/ajax_t163sb05
中游,電源供應系統,2301,光寶科,2014,2,balance_sheet,母公司暨子公司所持有之母公司庫藏股股數（單位：股）,26443075,"26,443,075",sii,https://mopsov.twse.com.tw/mops/web/ajax_t163sb05
中游,電源供應系統,2301,光寶科,2014,2,balance_sheet,每股參考淨值,30.22,30.22,sii,https://mopsov.twse.com.tw/mops/web/ajax_t163sb05
中游,電源供應系統,2308,台達電,2014,2,balance_sheet,流動資產,127453090,"127,453,090",sii,https://mopsov.twse.com.tw/mops/web/ajax_t163sb05
中游,電源供應系統,2308,台達電,2014,2,balance_sheet,非流動資產,68739104,"68,739,104",sii,https://mopsov.twse.com.tw/mops/web/ajax_t163sb05
中游,電源供應系統,2308,台達電,2014,2,balance_sheet,資產總額,196192194,"196,192,194",sii,https://mopsov.twse.com.tw/mops/web/ajax_t163sb05
中游,電源供應系統,2308,台達電,2014,2,balance_sheet,流動負債,75158662,"75,158,662",sii,https://mopsov.twse.com.tw/mops/web/ajax_t163sb05
中游,電源供應系統,2308,台達電,2014,2,balance_sheet,非流動負債,18697857,"18,697,857",sii,https://mopsov.twse.com.tw/mops/web/ajax_t163sb05
中游,電源供應系統,2308,台達電,2014,2,balance_sheet,負債總額,93856519,"93,856,519",sii,https://mopsov.twse.com.tw/mops/web/ajax_t163sb05
中游,電源供應系統,2308,台達電,2014,2,balance_sheet,股本,24375433,"24,375,433",sii,https://mopsov.twse.com.tw/mops/web/ajax_t163sb05
中游,電源供應系統,2308,台達電,2014,2,balance_sheet,資本公積,25822215,"25,822,215",sii,https://mopsov.twse.com.tw/mops/web/ajax_t163sb05
中游,電源供應系統,2308,台達電,2014,2,balance_sheet,保留盈餘,38756564,"38,756,564",sii,https://mopsov.twse.com.tw/mops/web/ajax_t163sb05
中游,電源供應系統,2308,台達電,2014,2,balance_sheet,其他權益,-670401,"-670,401",sii,https://mopsov.twse.com.tw/mops/web/ajax_t163sb05
中游,電源供應系統,2308,台達電,2014,2,balance_sheet,庫藏股票,,--,sii,https://mopsov.twse.com.tw/mops/web/ajax_t163sb05
中游,電源供應系統,2308,台達電,2014,2,balance_sheet,歸屬於母公司業主之權益合計,88283811,"88,283,811",sii,https://mopsov.twse.com.tw/mops/web/ajax_t163sb05
中游,電源供應系統,2308,台達電,2014,2,balance_sheet,共同控制下前手權益,,--,sii,https://mopsov.twse.com.tw/mops/web/ajax_t163sb05
中游,電源供應系統,2308,台達電,2014,2,balance_sheet,合併前非屬共同控制股權,,--,sii,https://mopsov.twse.com.tw/mops/web/ajax_t163sb05
中游,電源供應系統,2308,台達電,2014,2,balance_sheet,非控制權益,14051864,"14,051,864",sii,https://mopsov.twse.com.tw/mops/web/ajax_t163sb05
中游,電源供應系統,2308,台達電,2014,2,balance_sheet,權益總額,102335675,"102,335,675",sii,https://mopsov.twse.com.tw/mops/web/ajax_t163sb05
中游,電源供應系統,2308,台達電,2014,2,balance_sheet,待註銷股本股數（單位：股）,0,0,sii,https://mopsov.twse.com.tw/mops/web/ajax_t163sb05
中游,電源供應系統,2308,台達電,2014,2,balance_sheet,預收股款（權益項下）之約當發行股數（單位：股）,0,0,sii,https://mopsov.twse.com.tw/mops/web/ajax_t163sb05
中游,電源供應系統,2308,台達電,2014,2,balance_sheet,母公司暨子公司所持有之母公司庫藏股股數（單位：股）,0,0,sii,https://mopsov.twse.com.tw/mops/web/ajax_t163sb05
中游,電源供應系統,2308,台達電,2014,2,balance_sheet,每股參考淨值,36.22,36.22,sii,https://mopsov.twse.com.tw/mops/web/ajax_t163sb05
中游,電源供應系統,2301,光寶科,2014,2,cash_flow,營業活動之淨現金流入（流出）,-1832749,"-1,832,749",sii,https://mopsov.twse.com.tw/mops/web/ajax_t163sb20
中游,電源供應系統,2301,光寶科,2014,2,cash_flow,投資活動之淨現金流入（流出）,-4988962,"-4,988,962",sii,https://mopsov.twse.com.tw/mops/web/ajax_t163sb20
中游,電源供應系統,2301,光寶科,2014,2,cash_flow,籌資活動之淨現金流入（流出）,-3482023,"-3,482,023",sii,https://mopsov.twse.com.tw/mops/web/ajax_t163sb20
中游,電源供應系統,2301,光寶科,2014,2,cash_flow,匯率變動對現金及約當現金之影響,-136765,"-136,765",sii,https://mopsov.twse.com.tw/mops/web/ajax_t163sb20
中游,電源供應系統,2301,光寶科,2014,2,cash_flow,本期現金及約當現金增加（減少）數,-10440499,"-10,440,499",sii,https://mopsov.twse.com.tw/mops/web/ajax_t163sb20
中游,電源供應系統,2301,光寶科,2014,2,cash_flow,期初現金及約當現金餘額,65931169,"65,931,169",sii,https://mopsov.twse.com.tw/mops/web/ajax_t163sb20
中游,電源供應系統,2301,光寶科,2014,2,cash_flow,期末現金及約當現金餘額,55490670,"55,490,670",sii,https://mopsov.twse.com.tw/mops/web/ajax_t163sb20
中游,電源供應系統,2308,台達電,2014,2,cash_flow,營業活動之淨現金流入（流出）,15343378,"15,343,378",sii,https://mopsov.twse.com.tw/mops/web/ajax_t163sb20
中游,電源供應系統,2308,台達電,2014,2,cash_flow,投資活動之淨現金流入（流出）,-2210695,"-2,210,695",sii,https://mopsov.twse.com.tw/mops/web/ajax_t163sb20
中游,電源供應系統,2308,台達電,2014,2,cash_flow,籌資活動之淨現金流入（流出）,-11079943,"-11,079,943",sii,https://mopsov.twse.com.tw/mops/web/ajax_t163sb20
中游,電源供應系統,2308,台達電,2014,2,cash_flow,匯率變動對現金及約當現金之影響,-572118,"-572,118",sii,https://mopsov.twse.com.tw/mops/web/ajax_t163sb20
中游,電源供應系統,2308,台達電,2014,2,cash_flow,本期現金及約當現金增加（減少）數,1480622,"1,480,622",sii,https://mopsov.twse.com.tw/mops/web/ajax_t163sb20
中游,電源供應系統,2308,台達電,2014,2,cash_flow,期初現金及約當現金餘額,59023870,"59,023,870",sii,https://mopsov.twse.com.tw/mops/web/ajax_t163sb20
中游,電源供應系統,2308,台達電,2014,2,cash_flow,期末現金及約當現金餘額,60504492,"60,504,492",sii,https://mopsov.twse.com.tw/mops/web/ajax_t163sb20
中游,電源供應系統,2301,光寶科,2014,3,income_statement,營業收入,170583995,"170,583,995",sii,https://mopsov.twse.com.tw/mops/web/ajax_t163sb04
中游,電源供應系統,2301,光寶科,2014,3,income_statement,營業成本,148857488,"148,857,488",sii,https://mopsov.twse.com.tw/mops/web/ajax_t163sb04
中游,電源供應系統,2301,光寶科,2014,3,income_statement,營業毛利（毛損）,21726507,"21,726,507",sii,https://mopsov.twse.com.tw/mops/web/ajax_t163sb04
中游,電源供應系統,2301,光寶科,2014,3,income_statement,未實現銷貨（損）益,,--,sii,https://mopsov.twse.com.tw/mops/web/ajax_t163sb04
中游,電源供應系統,2301,光寶科,2014,3,income_statement,已實現銷貨（損）益,,--,sii,https://mopsov.twse.com.tw/mops/web/ajax_t163sb04
中游,電源供應系統,2301,光寶科,2014,3,income_statement,營業毛利（毛損）淨額,21726507,"21,726,507",sii,https://mopsov.twse.com.tw/mops/web/ajax_t163sb04
中游,電源供應系統,2301,光寶科,2014,3,income_statement,營業費用,16064845,"16,064,845",sii,https://mopsov.twse.com.tw/mops/web/ajax_t163sb04
中游,電源供應系統,2301,光寶科,2014,3,income_statement,其他收益及費損淨額,,--,sii,https://mopsov.twse.com.tw/mops/web/ajax_t163sb04
中游,電源供應系統,2301,光寶科,2014,3,income_statement,營業利益（損失）,5661662,"5,661,662",sii,https://mopsov.twse.com.tw/mops/web/ajax_t163sb04
中游,電源供應系統,2301,光寶科,2014,3,income_statement,營業外收入及支出,56786,"56,786",sii,https://mopsov.twse.com.tw/mops/web/ajax_t163sb04
中游,電源供應系統,2301,光寶科,2014,3,income_statement,稅前淨利（淨損）,5718448,"5,718,448",sii,https://mopsov.twse.com.tw/mops/web/ajax_t163sb04
中游,電源供應系統,2301,光寶科,2014,3,income_statement,所得稅費用（利益）,1523257,"1,523,257",sii,https://mopsov.twse.com.tw/mops/web/ajax_t163sb04
中游,電源供應系統,2301,光寶科,2014,3,income_statement,繼續營業單位本期淨利（淨損）,4195191,"4,195,191",sii,https://mopsov.twse.com.tw/mops/web/ajax_t163sb04
中游,電源供應系統,2301,光寶科,2014,3,income_statement,停業單位損益,,--,sii,https://mopsov.twse.com.tw/mops/web/ajax_t163sb04
中游,電源供應系統,2301,光寶科,2014,3,income_statement,合併前非屬共同控制股權損益,,--,sii,https://mopsov.twse.com.tw/mops/web/ajax_t163sb04
中游,電源供應系統,2301,光寶科,2014,3,income_statement,本期淨利（淨損）,4195191,"4,195,191",sii,https://mopsov.twse.com.tw/mops/web/ajax_t163sb04
中游,電源供應系統,2301,光寶科,2014,3,income_statement,其他綜合損益（淨額）,169097,"169,097",sii,https://mopsov.twse.com.tw/mops/web/ajax_t163sb04
中游,電源供應系統,2301,光寶科,2014,3,income_statement,合併前非屬共同控制股權綜合損益淨額,,--,sii,https://mopsov.twse.com.tw/mops/web/ajax_t163sb04
中游,電源供應系統,2301,光寶科,2014,3,income_statement,本期綜合損益總額,4364288,"4,364,288",sii,https://mopsov.twse.com.tw/mops/web/ajax_t163sb04
中游,電源供應系統,2301,光寶科,2014,3,income_statement,淨利（淨損）歸屬於母公司業主,5008974,"5,008,974",sii,https://mopsov.twse.com.tw/mops/web/ajax_t163sb04
中游,電源供應系統,2301,光寶科,2014,3,income_statement,淨利（淨損）歸屬於共同控制下前手權益,,--,sii,https://mopsov.twse.com.tw/mops/web/ajax_t163sb04
中游,電源供應系統,2301,光寶科,2014,3,income_statement,淨利（淨損）歸屬於非控制權益,-813783,"-813,783",sii,https://mopsov.twse.com.tw/mops/web/ajax_t163sb04
中游,電源供應系統,2301,光寶科,2014,3,income_statement,綜合損益總額歸屬於母公司業主,5154290,"5,154,290",sii,https://mopsov.twse.com.tw/mops/web/ajax_t163sb04
中游,電源供應系統,2301,光寶科,2014,3,income_statement,綜合損益總額歸屬於共同控制下前手權益,,--,sii,https://mopsov.twse.com.tw/mops/web/ajax_t163sb04
中游,電源供應系統,2301,光寶科,2014,3,income_statement,綜合損益總額歸屬於非控制權益,-790002,"-790,002",sii,https://mopsov.twse.com.tw/mops/web/ajax_t163sb04
中游,電源供應系統,2301,光寶科,2014,3,income_statement,基本每股盈餘（元）,2.17,2.17,sii,https://mopsov.twse.com.tw/mops/web/ajax_t163sb04
中游,電源供應系統,2308,台達電,2014,3,income_statement,營業收入,141106779,"141,106,779",sii,https://mopsov.twse.com.tw/mops/web/ajax_t163sb04
中游,電源供應系統,2308,台達電,2014,3,income_statement,營業成本,102840779,"102,840,779",sii,https://mopsov.twse.com.tw/mops/web/ajax_t163sb04
中游,電源供應系統,2308,台達電,2014,3,income_statement,營業毛利（毛損）,38266000,"38,266,000",sii,https://mopsov.twse.com.tw/mops/web/ajax_t163sb04
中游,電源供應系統,2308,台達電,2014,3,income_statement,未實現銷貨（損）益,,--,sii,https://mopsov.twse.com.tw/mops/web/ajax_t163sb04
中游,電源供應系統,2308,台達電,2014,3,income_statement,已實現銷貨（損）益,,--,sii,https://mopsov.twse.com.tw/mops/web/ajax_t163sb04
中游,電源供應系統,2308,台達電,2014,3,income_statement,營業毛利（毛損）淨額,38266000,"38,266,000",sii,https://mopsov.twse.com.tw/mops/web/ajax_t163sb04
中游,電源供應系統,2308,台達電,2014,3,income_statement,營業費用,20922898,"20,922,898",sii,https://mopsov.twse.com.tw/mops/web/ajax_t163sb04
中游,電源供應系統,2308,台達電,2014,3,income_statement,其他收益及費損淨額,,--,sii,https://mopsov.twse.com.tw/mops/web/ajax_t163sb04
中游,電源供應系統,2308,台達電,2014,3,income_statement,營業利益（損失）,17343102,"17,343,102",sii,https://mopsov.twse.com.tw/mops/web/ajax_t163sb04
中游,電源供應系統,2308,台達電,2014,3,income_statement,營業外收入及支出,2891126,"2,891,126",sii,https://mopsov.twse.com.tw/mops/web/ajax_t163sb04
中游,電源供應系統,2308,台達電,2014,3,income_statement,稅前淨利（淨損）,20234228,"20,234,228",sii,https://mopsov.twse.com.tw/mops/web/ajax_t163sb04
中游,電源供應系統,2308,台達電,2014,3,income_statement,所得稅費用（利益）,3324973,"3,324,973",sii,https://mopsov.twse.com.tw/mops/web/ajax_t163sb04
中游,電源供應系統,2308,台達電,2014,3,income_statement,繼續營業單位本期淨利（淨損）,16909255,"16,909,255",sii,https://mopsov.twse.com.tw/mops/web/ajax_t163sb04
中游,電源供應系統,2308,台達電,2014,3,income_statement,停業單位損益,0,0,sii,https://mopsov.twse.com.tw/mops/web/ajax_t163sb04
中游,電源供應系統,2308,台達電,2014,3,income_statement,合併前非屬共同控制股權損益,,--,sii,https://mopsov.twse.com.tw/mops/web/ajax_t163sb04
中游,電源供應系統,2308,台達電,2014,3,income_statement,本期淨利（淨損）,16909255,"16,909,255",sii,https://mopsov.twse.com.tw/mops/web/ajax_t163sb04
中游,電源供應系統,2308,台達電,2014,3,income_statement,其他綜合損益（淨額）,-102165,"-102,165",sii,https://mopsov.twse.com.tw/mops/web/ajax_t163sb04
中游,電源供應系統,2308,台達電,2014,3,income_statement,合併前非屬共同控制股權綜合損益淨額,,--,sii,https://mopsov.twse.com.tw/mops/web/ajax_t163sb04
中游,電源供應系統,2308,台達電,2014,3,income_statement,本期綜合損益總額,16807090,"16,807,090",sii,https://mopsov.twse.com.tw/mops/web/ajax_t163sb04
中游,電源供應系統,2308,台達電,2014,3,income_statement,淨利（淨損）歸屬於母公司業主,15669487,"15,669,487",sii,https://mopsov.twse.com.tw/mops/web/ajax_t163sb04
中游,電源供應系統,2308,台達電,2014,3,income_statement,淨利（淨損）歸屬於共同控制下前手權益,,--,sii,https://mopsov.twse.com.tw/mops/web/ajax_t163sb04
中游,電源供應系統,2308,台達電,2014,3,income_statement,淨利（淨損）歸屬於非控制權益,1239768,"1,239,768",sii,https://mopsov.twse.com.tw/mops/web/ajax_t163sb04
中游,電源供應系統,2308,台達電,2014,3,income_statement,綜合損益總額歸屬於母公司業主,15704271,"15,704,271",sii,https://mopsov.twse.com.tw/mops/web/ajax_t163sb04
中游,電源供應系統,2308,台達電,2014,3,income_statement,綜合損益總額歸屬於共同控制下前手權益,,--,sii,https://mopsov.twse.com.tw/mops/web/ajax_t163sb04
中游,電源供應系統,2308,台達電,2014,3,income_statement,綜合損益總額歸屬於非控制權益,1102819,"1,102,819",sii,https://mopsov.twse.com.tw/mops/web/ajax_t163sb04
中游,電源供應系統,2308,台達電,2014,3,income_statement,基本每股盈餘（元）,6.43,6.43,sii,https://mopsov.twse.com.tw/mops/web/ajax_t163sb04
中游,電源供應系統,2301,光寶科,2014,3,balance_sheet,流動資產,150040754,"150,040,754",sii,https://mopsov.twse.com.tw/mops/web/ajax_t163sb05
中游,電源供應系統,2301,光寶科,2014,3,balance_sheet,非流動資產,61311594,"61,311,594",sii,https://mopsov.twse.com.tw/mops/web/ajax_t163sb05
中游,電源供應系統,2301,光寶科,2014,3,balance_sheet,資產總額,211352348,"211,352,348",sii,https://mopsov.twse.com.tw/mops/web/ajax_t163sb05
中游,電源供應系統,2301,光寶科,2014,3,balance_sheet,流動負債,118535714,"118,535,714",sii,https://mopsov.twse.com.tw/mops/web/ajax_t163sb05
中游,電源供應系統,2301,光寶科,2014,3,balance_sheet,非流動負債,16936660,"16,936,660",sii,https://mopsov.twse.com.tw/mops/web/ajax_t163sb05
中游,電源供應系統,2301,光寶科,2014,3,balance_sheet,負債總額,135472374,"135,472,374",sii,https://mopsov.twse.com.tw/mops/web/ajax_t163sb05
中游,電源供應系統,2301,光寶科,2014,3,balance_sheet,股本,23416737,"23,416,737",sii,https://mopsov.twse.com.tw/mops/web/ajax_t163sb05
中游,電源供應系統,2301,光寶科,2014,3,balance_sheet,資本公積,27584307,"27,584,307",sii,https://mopsov.twse.com.tw/mops/web/ajax_t163sb05
中游,電源供應系統,2301,光寶科,2014,3,balance_sheet,保留盈餘,19504631,"19,504,631",sii,https://mopsov.twse.com.tw/mops/web/ajax_t163sb05
中游,電源供應系統,2301,光寶科,2014,3,balance_sheet,其他權益,2549829,"2,549,829",sii,https://mopsov.twse.com.tw/mops/web/ajax_t163sb05
中游,電源供應系統,2301,光寶科,2014,3,balance_sheet,庫藏股票,-1248722,"-1,248,722",sii,https://mopsov.twse.com.tw/mops/web/ajax_t163sb05
中游,電源供應系統,2301,光寶科,2014,3,balance_sheet,歸屬於母公司業主之權益合計,71806782,"71,806,782",sii,https://mopsov.twse.com.tw/mops/web/ajax_t163sb05
中游,電源供應系統,2301,光寶科,2014,3,balance_sheet,共同控制下前手權益,,--,sii,https://mopsov.twse.com.tw/mops/web/ajax_t163sb05
中游,電源供應系統,2301,光寶科,2014,3,balance_sheet,合併前非屬共同控制股權,,--,sii,https://mopsov.twse.com.tw/mops/web/ajax_t163sb05
中游,電源供應系統,2301,光寶科,2014,3,balance_sheet,非控制權益,4073192,"4,073,192",sii,https://mopsov.twse.com.tw/mops/web/ajax_t163sb05
中游,電源供應系統,2301,光寶科,2014,3,balance_sheet,權益總額,75879974,"75,879,974",sii,https://mopsov.twse.com.tw/mops/web/ajax_t163sb05
中游,電源供應系統,2301,光寶科,2014,3,balance_sheet,待註銷股本股數（單位：股）,0,0,sii,https://mopsov.twse.com.tw/mops/web/ajax_t163sb05
中游,電源供應系統,2301,光寶科,2014,3,balance_sheet,預收股款（權益項下）之約當發行股數（單位：股）,0,0,sii,https://mopsov.twse.com.tw/mops/web/ajax_t163sb05
中游,電源供應系統,2301,光寶科,2014,3,balance_sheet,母公司暨子公司所持有之母公司庫藏股股數（單位：股）,26536282,"26,536,282",sii,https://mopsov.twse.com.tw/mops/web/ajax_t163sb05
中游,電源供應系統,2301,光寶科,2014,3,balance_sheet,每股參考淨值,31.02,31.02,sii,https://mopsov.twse.com.tw/mops/web/ajax_t163sb05
中游,電源供應系統,2308,台達電,2014,3,balance_sheet,流動資產,136139536,"136,139,536",sii,https://mopsov.twse.com.tw/mops/web/ajax_t163sb05
中游,電源供應系統,2308,台達電,2014,3,balance_sheet,非流動資產,70346788,"70,346,788",sii,https://mopsov.twse.com.tw/mops/web/ajax_t163sb05
中游,電源供應系統,2308,台達電,2014,3,balance_sheet,資產總額,206486324,"206,486,324",sii,https://mopsov.twse.com.tw/mops/web/ajax_t163sb05
中游,電源供應系統,2308,台達電,2014,3,balance_sheet,流動負債,65206928,"65,206,928",sii,https://mopsov.twse.com.tw/mops/web/ajax_t163sb05
中游,電源供應系統,2308,台達電,2014,3,balance_sheet,非流動負債,33221890,"33,221,890",sii,https://mopsov.twse.com.tw/mops/web/ajax_t163sb05
中游,電源供應系統,2308,台達電,2014,3,balance_sheet,負債總額,98428818,"98,428,818",sii,https://mopsov.twse.com.tw/mops/web/ajax_t163sb05
中游,電源供應系統,2308,台達電,2014,3,balance_sheet,股本,24375433,"24,375,433",sii,https://mopsov.twse.com.tw/mops/web/ajax_t163sb05
中游,電源供應系統,2308,台達電,2014,3,balance_sheet,資本公積,25839068,"25,839,068",sii,https://mopsov.twse.com.tw/mops/web/ajax_t163sb05
中游,電源供應系統,2308,台達電,2014,3,balance_sheet,保留盈餘,44593217,"44,593,217",sii,https://mopsov.twse.com.tw/mops/web/ajax_t163sb05
中游,電源供應系統,2308,台達電,2014,3,balance_sheet,其他權益,454543,"454,543",sii,https://mopsov.twse.com.tw/mops/web/ajax_t163sb05
中游,電源供應系統,2308,台達電,2014,3,balance_sheet,庫藏股票,,--,sii,https://mopsov.twse.com.tw/mops/web/ajax_t163sb05
中游,電源供應系統,2308,台達電,2014,3,balance_sheet,歸屬於母公司業主之權益合計,95262261,"95,262,261",sii,https://mopsov.twse.com.tw/mops/web/ajax_t163sb05
中游,電源供應系統,2308,台達電,2014,3,balance_sheet,共同控制下前手權益,,--,sii,https://mopsov.twse.com.tw/mops/web/ajax_t163sb05
中游,電源供應系統,2308,台達電,2014,3,balance_sheet,合併前非屬共同控制股權,,--,sii,https://mopsov.twse.com.tw/mops/web/ajax_t163sb05
中游,電源供應系統,2308,台達電,2014,3,balance_sheet,非控制權益,12795245,"12,795,245",sii,https://mopsov.twse.com.tw/mops/web/ajax_t163sb05
中游,電源供應系統,2308,台達電,2014,3,balance_sheet,權益總額,108057506,"108,057,506",sii,https://mopsov.twse.com.tw/mops/web/ajax_t163sb05
中游,電源供應系統,2308,台達電,2014,3,balance_sheet,待註銷股本股數（單位：股）,0,0,sii,https://mopsov.twse.com.tw/mops/web/ajax_t163sb05
中游,電源供應系統,2308,台達電,2014,3,balance_sheet,預收股款（權益項下）之約當發行股數（單位：股）,0,0,sii,https://mopsov.twse.com.tw/mops/web/ajax_t163sb05
中游,電源供應系統,2308,台達電,2014,3,balance_sheet,母公司暨子公司所持有之母公司庫藏股股數（單位：股）,0,0,sii,https://mopsov.twse.com.tw/mops/web/ajax_t163sb05
中游,電源供應系統,2308,台達電,2014,3,balance_sheet,每股參考淨值,39.08,39.08,sii,https://mopsov.twse.com.tw/mops/web/ajax_t163sb05
中游,電源供應系統,2301,光寶科,2014,3,cash_flow,營業活動之淨現金流入（流出）,5884311,"5,884,311",sii,https://mopsov.twse.com.tw/mops/web/ajax_t163sb20
中游,電源供應系統,2301,光寶科,2014,3,cash_flow,投資活動之淨現金流入（流出）,-7532211,"-7,532,211",sii,https://mopsov.twse.com.tw/mops/web/ajax_t163sb20
中游,電源供應系統,2301,光寶科,2014,3,cash_flow,籌資活動之淨現金流入（流出）,-4426409,"-4,426,409",sii,https://mopsov.twse.com.tw/mops/web/ajax_t163sb20
中游,電源供應系統,2301,光寶科,2014,3,cash_flow,匯率變動對現金及約當現金之影響,623758,"623,758",sii,https://mopsov.twse.com.tw/mops/web/ajax_t163sb20
中游,電源供應系統,2301,光寶科,2014,3,cash_flow,本期現金及約當現金增加（減少）數,-5450551,"-5,450,551",sii,https://mopsov.twse.com.tw/mops/web/ajax_t163sb20
中游,電源供應系統,2301,光寶科,2014,3,cash_flow,期初現金及約當現金餘額,65931169,"65,931,169",sii,https://mopsov.twse.com.tw/mops/web/ajax_t163sb20
中游,電源供應系統,2301,光寶科,2014,3,cash_flow,期末現金及約當現金餘額,60480618,"60,480,618",sii,https://mopsov.twse.com.tw/mops/web/ajax_t163sb20
中游,電源供應系統,2308,台達電,2014,3,cash_flow,營業活動之淨現金流入（流出）,19264710,"19,264,710",sii,https://mopsov.twse.com.tw/mops/web/ajax_t163sb20
中游,電源供應系統,2308,台達電,2014,3,cash_flow,投資活動之淨現金流入（流出）,-6481626,"-6,481,626",sii,https://mopsov.twse.com.tw/mops/web/ajax_t163sb20
中游,電源供應系統,2308,台達電,2014,3,cash_flow,籌資活動之淨現金流入（流出）,-11155652,"-11,155,652",sii,https://mopsov.twse.com.tw/mops/web/ajax_t163sb20
中游,電源供應系統,2308,台達電,2014,3,cash_flow,匯率變動對現金及約當現金之影響,2165340,"2,165,340",sii,https://mopsov.twse.com.tw/mops/web/ajax_t163sb20
中游,電源供應系統,2308,台達電,2014,3,cash_flow,本期現金及約當現金增加（減少）數,3792772,"3,792,772",sii,https://mopsov.twse.com.tw/mops/web/ajax_t163sb20
中游,電源供應系統,2308,台達電,2014,3,cash_flow,期初現金及約當現金餘額,59023870,"59,023,870",sii,https://mopsov.twse.com.tw/mops/web/ajax_t163sb20
中游,電源供應系統,2308,台達電,2014,3,cash_flow,期末現金及約當現金餘額,62816642,"62,816,642",sii,https://mopsov.twse.com.tw/mops/web/ajax_t163sb20
中游,電源供應系統,2301,光寶科,2014,4,income_statement,營業收入,230631974,"230,631,974",sii,https://mopsov.twse.com.tw/mops/web/ajax_t163sb04
中游,電源供應系統,2301,光寶科,2014,4,income_statement,營業成本,202383002,"202,383,002",sii,https://mopsov.twse.com.tw/mops/web/ajax_t163sb04
中游,電源供應系統,2301,光寶科,2014,4,income_statement,營業毛利（毛損）,28248972,"28,248,972",sii,https://mopsov.twse.com.tw/mops/web/ajax_t163sb04
中游,電源供應系統,2301,光寶科,2014,4,income_statement,未實現銷貨（損）益,,--,sii,https://mopsov.twse.com.tw/mops/web/ajax_t163sb04
中游,電源供應系統,2301,光寶科,2014,4,income_statement,已實現銷貨（損）益,,--,sii,https://mopsov.twse.com.tw/mops/web/ajax_t163sb04
中游,電源供應系統,2301,光寶科,2014,4,income_statement,營業毛利（毛損）淨額,28248972,"28,248,972",sii,https://mopsov.twse.com.tw/mops/web/ajax_t163sb04
中游,電源供應系統,2301,光寶科,2014,4,income_statement,營業費用,21119771,"21,119,771",sii,https://mopsov.twse.com.tw/mops/web/ajax_t163sb04
中游,電源供應系統,2301,光寶科,2014,4,income_statement,其他收益及費損淨額,,--,sii,https://mopsov.twse.com.tw/mops/web/ajax_t163sb04
中游,電源供應系統,2301,光寶科,2014,4,income_statement,營業利益（損失）,7129201,"7,129,201",sii,https://mopsov.twse.com.tw/mops/web/ajax_t163sb04
中游,電源供應系統,2301,光寶科,2014,4,income_statement,營業外收入及支出,621789,"621,789",sii,https://mopsov.twse.com.tw/mops/web/ajax_t163sb04
中游,電源供應系統,2301,光寶科,2014,4,income_statement,稅前淨利（淨損）,7750990,"7,750,990",sii,https://mopsov.twse.com.tw/mops/web/ajax_t163sb04
中游,電源供應系統,2301,光寶科,2014,4,income_statement,所得稅費用（利益）,2071417,"2,071,417",sii,https://mopsov.twse.com.tw/mops/web/ajax_t163sb04
中游,電源供應系統,2301,光寶科,2014,4,income_statement,繼續營業單位本期淨利（淨損）,5679573,"5,679,573",sii,https://mopsov.twse.com.tw/mops/web/ajax_t163sb04
中游,電源供應系統,2301,光寶科,2014,4,income_statement,停業單位損益,,--,sii,https://mopsov.twse.com.tw/mops/web/ajax_t163sb04
中游,電源供應系統,2301,光寶科,2014,4,income_statement,合併前非屬共同控制股權損益,,--,sii,https://mopsov.twse.com.tw/mops/web/ajax_t163sb04
中游,電源供應系統,2301,光寶科,2014,4,income_statement,本期淨利（淨損）,5679573,"5,679,573",sii,https://mopsov.twse.com.tw/mops/web/ajax_t163sb04
中游,電源供應系統,2301,光寶科,2014,4,income_statement,其他綜合損益（淨額）,1952918,"1,952,918",sii,https://mopsov.twse.com.tw/mops/web/ajax_t163sb04
中游,電源供應系統,2301,光寶科,2014,4,income_statement,合併前非屬共同控制股權綜合損益淨額,,--,sii,https://mopsov.twse.com.tw/mops/web/ajax_t163sb04
中游,電源供應系統,2301,光寶科,2014,4,income_statement,本期綜合損益總額,7632491,"7,632,491",sii,https://mopsov.twse.com.tw/mops/web/ajax_t163sb04
中游,電源供應系統,2301,光寶科,2014,4,income_statement,淨利（淨損）歸屬於母公司業主,6461659,"6,461,659",sii,https://mopsov.twse.com.tw/mops/web/ajax_t163sb04
中游,電源供應系統,2301,光寶科,2014,4,income_statement,淨利（淨損）歸屬於共同控制下前手權益,,--,sii,https://mopsov.twse.com.tw/mops/web/ajax_t163sb04
中游,電源供應系統,2301,光寶科,2014,4,income_statement,淨利（淨損）歸屬於非控制權益,-782086,"-782,086",sii,https://mopsov.twse.com.tw/mops/web/ajax_t163sb04
中游,電源供應系統,2301,光寶科,2014,4,income_statement,綜合損益總額歸屬於母公司業主,8307615,"8,307,615",sii,https://mopsov.twse.com.tw/mops/web/ajax_t163sb04
中游,電源供應系統,2301,光寶科,2014,4,income_statement,綜合損益總額歸屬於共同控制下前手權益,,--,sii,https://mopsov.twse.com.tw/mops/web/ajax_t163sb04
中游,電源供應系統,2301,光寶科,2014,4,income_statement,綜合損益總額歸屬於非控制權益,-675124,"-675,124",sii,https://mopsov.twse.com.tw/mops/web/ajax_t163sb04
中游,電源供應系統,2301,光寶科,2014,4,income_statement,基本每股盈餘（元）,2.8,2.80,sii,https://mopsov.twse.com.tw/mops/web/ajax_t163sb04
中游,電源供應系統,2308,台達電,2014,4,income_statement,營業收入,190635120,"190,635,120",sii,https://mopsov.twse.com.tw/mops/web/ajax_t163sb04
中游,電源供應系統,2308,台達電,2014,4,income_statement,營業成本,139140582,"139,140,582",sii,https://mopsov.twse.com.tw/mops/web/ajax_t163sb04
中游,電源供應系統,2308,台達電,2014,4,income_statement,營業毛利（毛損）,51494538,"51,494,538",sii,https://mopsov.twse.com.tw/mops/web/ajax_t163sb04
中游,電源供應系統,2308,台達電,2014,4,income_statement,未實現銷貨（損）益,,--,sii,https://mopsov.twse.com.tw/mops/web/ajax_t163sb04
中游,電源供應系統,2308,台達電,2014,4,income_statement,已實現銷貨（損）益,,--,sii,https://mopsov.twse.com.tw/mops/web/ajax_t163sb04
中游,電源供應系統,2308,台達電,2014,4,income_statement,營業毛利（毛損）淨額,51494538,"51,494,538",sii,https://mopsov.twse.com.tw/mops/web/ajax_t163sb04
中游,電源供應系統,2308,台達電,2014,4,income_statement,營業費用,28677650,"28,677,650",sii,https://mopsov.twse.com.tw/mops/web/ajax_t163sb04
中游,電源供應系統,2308,台達電,2014,4,income_statement,其他收益及費損淨額,,--,sii,https://mopsov.twse.com.tw/mops/web/ajax_t163sb04
中游,電源供應系統,2308,台達電,2014,4,income_statement,營業利益（損失）,22816888,"22,816,888",sii,https://mopsov.twse.com.tw/mops/web/ajax_t163sb04
中游,電源供應系統,2308,台達電,2014,4,income_statement,營業外收入及支出,3697969,"3,697,969",sii,https://mopsov.twse.com.tw/mops/web/ajax_t163sb04
中游,電源供應系統,2308,台達電,2014,4,income_statement,稅前淨利（淨損）,26514857,"26,514,857",sii,https://mopsov.twse.com.tw/mops/web/ajax_t163sb04
中游,電源供應系統,2308,台達電,2014,4,income_statement,所得稅費用（利益）,4201486,"4,201,486",sii,https://mopsov.twse.com.tw/mops/web/ajax_t163sb04
中游,電源供應系統,2308,台達電,2014,4,income_statement,繼續營業單位本期淨利（淨損）,22313371,"22,313,371",sii,https://mopsov.twse.com.tw/mops/web/ajax_t163sb04
中游,電源供應系統,2308,台達電,2014,4,income_statement,停業單位損益,0,0,sii,https://mopsov.twse.com.tw/mops/web/ajax_t163sb04
中游,電源供應系統,2308,台達電,2014,4,income_statement,合併前非屬共同控制股權損益,,--,sii,https://mopsov.twse.com.tw/mops/web/ajax_t163sb04
中游,電源供應系統,2308,台達電,2014,4,income_statement,本期淨利（淨損）,22313371,"22,313,371",sii,https://mopsov.twse.com.tw/mops/web/ajax_t163sb04
中游,電源供應系統,2308,台達電,2014,4,income_statement,其他綜合損益（淨額）,2502322,"2,502,322",sii,https://mopsov.twse.com.tw/mops/web/ajax_t163sb04
中游,電源供應系統,2308,台達電,2014,4,income_statement,合併前非屬共同控制股權綜合損益淨額,,--,sii,https://mopsov.twse.com.tw/mops/web/ajax_t163sb04
中游,電源供應系統,2308,台達電,2014,4,income_statement,本期綜合損益總額,24815693,"24,815,693",sii,https://mopsov.twse.com.tw/mops/web/ajax_t163sb04
中游,電源供應系統,2308,台達電,2014,4,income_statement,淨利（淨損）歸屬於母公司業主,20698900,"20,698,900",sii,https://mopsov.twse.com.tw/mops/web/ajax_t163sb04
中游,電源供應系統,2308,台達電,2014,4,income_statement,淨利（淨損）歸屬於共同控制下前手權益,,--,sii,https://mopsov.twse.com.tw/mops/web/ajax_t163sb04
中游,電源供應系統,2308,台達電,2014,4,income_statement,淨利（淨損）歸屬於非控制權益,1614471,"1,614,471",sii,https://mopsov.twse.com.tw/mops/web/ajax_t163sb04
中游,電源供應系統,2308,台達電,2014,4,income_statement,綜合損益總額歸屬於母公司業主,23343226,"23,343,226",sii,https://mopsov.twse.com.tw/mops/web/ajax_t163sb04
中游,電源供應系統,2308,台達電,2014,4,income_statement,綜合損益總額歸屬於共同控制下前手權益,,--,sii,https://mopsov.twse.com.tw/mops/web/ajax_t163sb04
中游,電源供應系統,2308,台達電,2014,4,income_statement,綜合損益總額歸屬於非控制權益,1472467,"1,472,467",sii,https://mopsov.twse.com.tw/mops/web/ajax_t163sb04
中游,電源供應系統,2308,台達電,2014,4,income_statement,基本每股盈餘（元）,8.49,8.49,sii,https://mopsov.twse.com.tw/mops/web/ajax_t163sb04
中游,電源供應系統,2301,光寶科,2014,4,balance_sheet,流動資產,153720896,"153,720,896",sii,https://mopsov.twse.com.tw/mops/web/ajax_t163sb05
中游,電源供應系統,2301,光寶科,2014,4,balance_sheet,非流動資產,62815139,"62,815,139",sii,https://mopsov.twse.com.tw/mops/web/ajax_t163sb05
中游,電源供應系統,2301,光寶科,2014,4,balance_sheet,資產總額,216536035,"216,536,035",sii,https://mopsov.twse.com.tw/mops/web/ajax_t163sb05
中游,電源供應系統,2301,光寶科,2014,4,balance_sheet,流動負債,120288626,"120,288,626",sii,https://mopsov.twse.com.tw/mops/web/ajax_t163sb05
中游,電源供應系統,2301,光寶科,2014,4,balance_sheet,非流動負債,17085418,"17,085,418",sii,https://mopsov.twse.com.tw/mops/web/ajax_t163sb05
中游,電源供應系統,2301,光寶科,2014,4,balance_sheet,負債總額,137374044,"137,374,044",sii,https://mopsov.twse.com.tw/mops/web/ajax_t163sb05
中游,電源供應系統,2301,光寶科,2014,4,balance_sheet,股本,23416737,"23,416,737",sii,https://mopsov.twse.com.tw/mops/web/ajax_t163sb05
中游,電源供應系統,2301,光寶科,2014,4,balance_sheet,資本公積,27594927,"27,594,927",sii,https://mopsov.twse.com.tw/mops/web/ajax_t163sb05
中游,電源供應系統,2301,光寶科,2014,4,balance_sheet,保留盈餘,20955605,"20,955,605",sii,https://mopsov.twse.com.tw/mops/web/ajax_t163sb05
中游,電源供應系統,2301,光寶科,2014,4,balance_sheet,其他權益,4252180,"4,252,180",sii,https://mopsov.twse.com.tw/mops/web/ajax_t163sb05
中游,電源供應系統,2301,光寶科,2014,4,balance_sheet,庫藏股票,-1248722,"-1,248,722",sii,https://mopsov.twse.com.tw/mops/web/ajax_t163sb05
中游,電源供應系統,2301,光寶科,2014,4,balance_sheet,歸屬於母公司業主之權益合計,74970727,"74,970,727",sii,https://mopsov.twse.com.tw/mops/web/ajax_t163sb05
中游,電源供應系統,2301,光寶科,2014,4,balance_sheet,共同控制下前手權益,,--,sii,https://mopsov.twse.com.tw/mops/web/ajax_t163sb05
中游,電源供應系統,2301,光寶科,2014,4,balance_sheet,合併前非屬共同控制股權,,--,sii,https://mopsov.twse.com.tw/mops/web/ajax_t163sb05
中游,電源供應系統,2301,光寶科,2014,4,balance_sheet,非控制權益,4191264,"4,191,264",sii,https://mopsov.twse.com.tw/mops/web/ajax_t163sb05
中游,電源供應系統,2301,光寶科,2014,4,balance_sheet,權益總額,79161991,"79,161,991",sii,https://mopsov.twse.com.tw/mops/web/ajax_t163sb05
中游,電源供應系統,2301,光寶科,2014,4,balance_sheet,待註銷股本股數（單位：股）,0,0,sii,https://mopsov.twse.com.tw/mops/web/ajax_t163sb05
中游,電源供應系統,2301,光寶科,2014,4,balance_sheet,預收股款（權益項下）之約當發行股數（單位：股）,0,0,sii,https://mopsov.twse.com.tw/mops/web/ajax_t163sb05
中游,電源供應系統,2301,光寶科,2014,4,balance_sheet,母公司暨子公司所持有之母公司庫藏股股數（單位：股）,26575362,"26,575,362",sii,https://mopsov.twse.com.tw/mops/web/ajax_t163sb05
中游,電源供應系統,2301,光寶科,2014,4,balance_sheet,每股參考淨值,32.38,32.38,sii,https://mopsov.twse.com.tw/mops/web/ajax_t163sb05
中游,電源供應系統,2308,台達電,2014,4,balance_sheet,流動資產,147832156,"147,832,156",sii,https://mopsov.twse.com.tw/mops/web/ajax_t163sb05
中游,電源供應系統,2308,台達電,2014,4,balance_sheet,非流動資產,72620266,"72,620,266",sii,https://mopsov.twse.com.tw/mops/web/ajax_t163sb05
中游,電源供應系統,2308,台達電,2014,4,balance_sheet,資產總額,220452422,"220,452,422",sii,https://mopsov.twse.com.tw/mops/web/ajax_t163sb05
中游,電源供應系統,2308,台達電,2014,4,balance_sheet,流動負債,64624362,"64,624,362",sii,https://mopsov.twse.com.tw/mops/web/ajax_t163sb05
中游,電源供應系統,2308,台達電,2014,4,balance_sheet,非流動負債,40188983,"40,188,983",sii,https://mopsov.twse.com.tw/mops/web/ajax_t163sb05
中游,電源供應系統,2308,台達電,2014,4,balance_sheet,負債總額,104813345,"104,813,345",sii,https://mopsov.twse.com.tw/mops/web/ajax_t163sb05
中游,電源供應系統,2308,台達電,2014,4,balance_sheet,股本,24375433,"24,375,433",sii,https://mopsov.twse.com.tw/mops/web/ajax_t163sb05
中游,電源供應系統,2308,台達電,2014,4,balance_sheet,資本公積,25822764,"25,822,764",sii,https://mopsov.twse.com.tw/mops/web/ajax_t163sb05
中游,電源供應系統,2308,台達電,2014,4,balance_sheet,保留盈餘,49622630,"49,622,630",sii,https://mopsov.twse.com.tw/mops/web/ajax_t163sb05
中游,電源供應系統,2308,台達電,2014,4,balance_sheet,其他權益,3064085,"3,064,085",sii,https://mopsov.twse.com.tw/mops/web/ajax_t163sb05
中游,電源供應系統,2308,台達電,2014,4,balance_sheet,庫藏股票,,--,sii,https://mopsov.twse.com.tw/mops/web/ajax_t163sb05
中游,電源供應系統,2308,台達電,2014,4,balance_sheet,歸屬於母公司業主之權益合計,102884912,"102,884,912",sii,https://mopsov.twse.com.tw/mops/web/ajax_t163sb05
中游,電源供應系統,2308,台達電,2014,4,balance_sheet,共同控制下前手權益,,--,sii,https://mopsov.twse.com.tw/mops/web/ajax_t163sb05
中游,電源供應系統,2308,台達電,2014,4,balance_sheet,合併前非屬共同控制股權,,--,sii,https://mopsov.twse.com.tw/mops/web/ajax_t163sb05
中游,電源供應系統,2308,台達電,2014,4,balance_sheet,非控制權益,12754165,"12,754,165",sii,https://mopsov.twse.com.tw/mops/web/ajax_t163sb05
中游,電源供應系統,2308,台達電,2014,4,balance_sheet,權益總額,115639077,"115,639,077",sii,https://mopsov.twse.com.tw/mops/web/ajax_t163sb05
中游,電源供應系統,2308,台達電,2014,4,balance_sheet,待註銷股本股數（單位：股）,0,0,sii,https://mopsov.twse.com.tw/mops/web/ajax_t163sb05
中游,電源供應系統,2308,台達電,2014,4,balance_sheet,預收股款（權益項下）之約當發行股數（單位：股）,0,0,sii,https://mopsov.twse.com.tw/mops/web/ajax_t163sb05
中游,電源供應系統,2308,台達電,2014,4,balance_sheet,母公司暨子公司所持有之母公司庫藏股股數（單位：股）,0,0,sii,https://mopsov.twse.com.tw/mops/web/ajax_t163sb05
中游,電源供應系統,2308,台達電,2014,4,balance_sheet,每股參考淨值,42.21,42.21,sii,https://mopsov.twse.com.tw/mops/web/ajax_t163sb05
中游,電源供應系統,2301,光寶科,2014,4,cash_flow,營業活動之淨現金流入（流出）,14131417,"14,131,417",sii,https://mopsov.twse.com.tw/mops/web/ajax_t163sb20
中游,電源供應系統,2301,光寶科,2014,4,cash_flow,投資活動之淨現金流入（流出）,-9020163,"-9,020,163",sii,https://mopsov.twse.com.tw/mops/web/ajax_t163sb20
中游,電源供應系統,2301,光寶科,2014,4,cash_flow,籌資活動之淨現金流入（流出）,-6123307,"-6,123,307",sii,https://mopsov.twse.com.tw/mops/web/ajax_t163sb20
中游,電源供應系統,2301,光寶科,2014,4,cash_flow,匯率變動對現金及約當現金之影響,1439189,"1,439,189",sii,https://mopsov.twse.com.tw/mops/web/ajax_t163sb20
中游,電源供應系統,2301,光寶科,2014,4,cash_flow,本期現金及約當現金增加（減少）數,427136,"427,136",sii,https://mopsov.twse.com.tw/mops/web/ajax_t163sb20
中游,電源供應系統,2301,光寶科,2014,4,cash_flow,期初現金及約當現金餘額,66056220,"66,056,220",sii,https://mopsov.twse.com.tw/mops/web/ajax_t163sb20
中游,電源供應系統,2301,光寶科,2014,4,cash_flow,期末現金及約當現金餘額,66483356,"66,483,356",sii,https://mopsov.twse.com.tw/mops/web/ajax_t163sb20
中游,電源供應系統,2308,台達電,2014,4,cash_flow,營業活動之淨現金流入（流出）,27835238,"27,835,238",sii,https://mopsov.twse.com.tw/mops/web/ajax_t163sb20
中游,電源供應系統,2308,台達電,2014,4,cash_flow,投資活動之淨現金流入（流出）,-9410618,"-9,410,618",sii,https://mopsov.twse.com.tw/mops/web/ajax_t163sb20
中游,電源供應系統,2308,台達電,2014,4,cash_flow,籌資活動之淨現金流入（流出）,-7457700,"-7,457,700",sii,https://mopsov.twse.com.tw/mops/web/ajax_t163sb20
中游,電源供應系統,2308,台達電,2014,4,cash_flow,匯率變動對現金及約當現金之影響,3469028,"3,469,028",sii,https://mopsov.twse.com.tw/mops/web/ajax_t163sb20
中游,電源供應系統,2308,台達電,2014,4,cash_flow,本期現金及約當現金增加（減少）數,14435948,"14,435,948",sii,https://mopsov.twse.com.tw/mops/web/ajax_t163sb20
中游,電源供應系統,2308,台達電,2014,4,cash_flow,期初現金及約當現金餘額,59023870,"59,023,870",sii,https://mopsov.twse.com.tw/mops/web/ajax_t163sb20
中游,電源供應系統,2308,台達電,2014,4,cash_flow,期末現金及約當現金餘額,73459818,"73,459,818",sii,https://mopsov.twse.com.tw/mops/web/ajax_t163sb20
中游,電源供應系統,2301,光寶科,2015,1,income_statement,營業收入,51540402,"51,540,402",sii,https://mopsov.twse.com.tw/mops/web/ajax_t163sb04
中游,電源供應系統,2301,光寶科,2015,1,income_statement,營業成本,45078755,"45,078,755",sii,https://mopsov.twse.com.tw/mops/web/ajax_t163sb04
中游,電源供應系統,2301,光寶科,2015,1,income_statement,營業毛利（毛損）,6461647,"6,461,647",sii,https://mopsov.twse.com.tw/mops/web/ajax_t163sb04
中游,電源供應系統,2301,光寶科,2015,1,income_statement,未實現銷貨（損）益,,--,sii,https://mopsov.twse.com.tw/mops/web/ajax_t163sb04
中游,電源供應系統,2301,光寶科,2015,1,income_statement,已實現銷貨（損）益,,--,sii,https://mopsov.twse.com.tw/mops/web/ajax_t163sb04
中游,電源供應系統,2301,光寶科,2015,1,income_statement,營業毛利（毛損）淨額,6461647,"6,461,647",sii,https://mopsov.twse.com.tw/mops/web/ajax_t163sb04
中游,電源供應系統,2301,光寶科,2015,1,income_statement,營業費用,4752421,"4,752,421",sii,https://mopsov.twse.com.tw/mops/web/ajax_t163sb04
中游,電源供應系統,2301,光寶科,2015,1,income_statement,其他收益及費損淨額,,--,sii,https://mopsov.twse.com.tw/mops/web/ajax_t163sb04
中游,電源供應系統,2301,光寶科,2015,1,income_statement,營業利益（損失）,1709226,"1,709,226",sii,https://mopsov.twse.com.tw/mops/web/ajax_t163sb04
中游,電源供應系統,2301,光寶科,2015,1,income_statement,營業外收入及支出,398082,"398,082",sii,https://mopsov.twse.com.tw/mops/web/ajax_t163sb04
中游,電源供應系統,2301,光寶科,2015,1,income_statement,稅前淨利（淨損）,2107308,"2,107,308",sii,https://mopsov.twse.com.tw/mops/web/ajax_t163sb04
中游,電源供應系統,2301,光寶科,2015,1,income_statement,所得稅費用（利益）,414526,"414,526",sii,https://mopsov.twse.com.tw/mops/web/ajax_t163sb04
中游,電源供應系統,2301,光寶科,2015,1,income_statement,繼續營業單位本期淨利（淨損）,1692782,"1,692,782",sii,https://mopsov.twse.com.tw/mops/web/ajax_t163sb04
中游,電源供應系統,2301,光寶科,2015,1,income_statement,停業單位損益,,--,sii,https://mopsov.twse.com.tw/mops/web/ajax_t163sb04
中游,電源供應系統,2301,光寶科,2015,1,income_statement,合併前非屬共同控制股權損益,,--,sii,https://mopsov.twse.com.tw/mops/web/ajax_t163sb04
中游,電源供應系統,2301,光寶科,2015,1,income_statement,本期淨利（淨損）,1692782,"1,692,782",sii,https://mopsov.twse.com.tw/mops/web/ajax_t163sb04
中游,電源供應系統,2301,光寶科,2015,1,income_statement,其他綜合損益（淨額）,-1103044,"-1,103,044",sii,https://mopsov.twse.com.tw/mops/web/ajax_t163sb04
中游,電源供應系統,2301,光寶科,2015,1,income_statement,合併前非屬共同控制股權綜合損益淨額,,--,sii,https://mopsov.twse.com.tw/mops/web/ajax_t163sb04
中游,電源供應系統,2301,光寶科,2015,1,income_statement,本期綜合損益總額,589738,"589,738",sii,https://mopsov.twse.com.tw/mops/web/ajax_t163sb04
中游,電源供應系統,2301,光寶科,2015,1,income_statement,淨利（淨損）歸屬於母公司業主,1645748,"1,645,748",sii,https://mopsov.twse.com.tw/mops/web/ajax_t163sb04
中游,電源供應系統,2301,光寶科,2015,1,income_statement,淨利（淨損）歸屬於共同控制下前手權益,,--,sii,https://mopsov.twse.com.tw/mops/web/ajax_t163sb04
中游,電源供應系統,2301,光寶科,2015,1,income_statement,淨利（淨損）歸屬於非控制權益,47034,"47,034",sii,https://mopsov.twse.com.tw/mops/web/ajax_t163sb04
中游,電源供應系統,2301,光寶科,2015,1,income_statement,綜合損益總額歸屬於母公司業主,651335,"651,335",sii,https://mopsov.twse.com.tw/mops/web/ajax_t163sb04
中游,電源供應系統,2301,光寶科,2015,1,income_statement,綜合損益總額歸屬於共同控制下前手權益,,--,sii,https://mopsov.twse.com.tw/mops/web/ajax_t163sb04
中游,電源供應系統,2301,光寶科,2015,1,income_statement,綜合損益總額歸屬於非控制權益,-61597,"-61,597",sii,https://mopsov.twse.com.tw/mops/web/ajax_t163sb04
中游,電源供應系統,2301,光寶科,2015,1,income_statement,基本每股盈餘（元）,0.71,0.71,sii,https://mopsov.twse.com.tw/mops/web/ajax_t163sb04
中游,電源供應系統,2308,台達電,2015,1,income_statement,營業收入,43202985,"43,202,985",sii,https://mopsov.twse.com.tw/mops/web/ajax_t163sb04
中游,電源供應系統,2308,台達電,2015,1,income_statement,營業成本,31970747,"31,970,747",sii,https://mopsov.twse.com.tw/mops/web/ajax_t163sb04
中游,電源供應系統,2308,台達電,2015,1,income_statement,營業毛利（毛損）,11232238,"11,232,238",sii,https://mopsov.twse.com.tw/mops/web/ajax_t163sb04
中游,電源供應系統,2308,台達電,2015,1,income_statement,未實現銷貨（損）益,,--,sii,https://mopsov.twse.com.tw/mops/web/ajax_t163sb04
中游,電源供應系統,2308,台達電,2015,1,income_statement,已實現銷貨（損）益,,--,sii,https://mopsov.twse.com.tw/mops/web/ajax_t163sb04
中游,電源供應系統,2308,台達電,2015,1,income_statement,營業毛利（毛損）淨額,11232238,"11,232,238",sii,https://mopsov.twse.com.tw/mops/web/ajax_t163sb04
中游,電源供應系統,2308,台達電,2015,1,income_statement,營業費用,6962876,"6,962,876",sii,https://mopsov.twse.com.tw/mops/web/ajax_t163sb04
中游,電源供應系統,2308,台達電,2015,1,income_statement,其他收益及費損淨額,,--,sii,https://mopsov.twse.com.tw/mops/web/ajax_t163sb04
中游,電源供應系統,2308,台達電,2015,1,income_statement,營業利益（損失）,4269362,"4,269,362",sii,https://mopsov.twse.com.tw/mops/web/ajax_t163sb04
中游,電源供應系統,2308,台達電,2015,1,income_statement,營業外收入及支出,813775,"813,775",sii,https://mopsov.twse.com.tw/mops/web/ajax_t163sb04
中游,電源供應系統,2308,台達電,2015,1,income_statement,稅前淨利（淨損）,5083137,"5,083,137",sii,https://mopsov.twse.com.tw/mops/web/ajax_t163sb04
中游,電源供應系統,2308,台達電,2015,1,income_statement,所得稅費用（利益）,824970,"824,970",sii,https://mopsov.twse.com.tw/mops/web/ajax_t163sb04
中游,電源供應系統,2308,台達電,2015,1,income_statement,繼續營業單位本期淨利（淨損）,4258167,"4,258,167",sii,https://mopsov.twse.com.tw/mops/web/ajax_t163sb04
中游,電源供應系統,2308,台達電,2015,1,income_statement,停業單位損益,,--,sii,https://mopsov.twse.com.tw/mops/web/ajax_t163sb04
中游,電源供應系統,2308,台達電,2015,1,income_statement,合併前非屬共同控制股權損益,,--,sii,https://mopsov.twse.com.tw/mops/web/ajax_t163sb04
中游,電源供應系統,2308,台達電,2015,1,income_statement,本期淨利（淨損）,4258167,"4,258,167",sii,https://mopsov.twse.com.tw/mops/web/ajax_t163sb04
中游,電源供應系統,2308,台達電,2015,1,income_statement,其他綜合損益（淨額）,-1266493,"-1,266,493",sii,https://mopsov.twse.com.tw/mops/web/ajax_t163sb04
中游,電源供應系統,2308,台達電,2015,1,income_statement,合併前非屬共同控制股權綜合損益淨額,,--,sii,https://mopsov.twse.com.tw/mops/web/ajax_t163sb04
中游,電源供應系統,2308,台達電,2015,1,income_statement,本期綜合損益總額,2991674,"2,991,674",sii,https://mopsov.twse.com.tw/mops/web/ajax_t163sb04
中游,電源供應系統,2308,台達電,2015,1,income_statement,淨利（淨損）歸屬於母公司業主,3865704,"3,865,704",sii,https://mopsov.twse.com.tw/mops/web/ajax_t163sb04
中游,電源供應系統,2308,台達電,2015,1,income_statement,淨利（淨損）歸屬於共同控制下前手權益,,--,sii,https://mopsov.twse.com.tw/mops/web/ajax_t163sb04
中游,電源供應系統,2308,台達電,2015,1,income_statement,淨利（淨損）歸屬於非控制權益,392463,"392,463",sii,https://mopsov.twse.com.tw/mops/web/ajax_t163sb04
中游,電源供應系統,2308,台達電,2015,1,income_statement,綜合損益總額歸屬於母公司業主,2649712,"2,649,712",sii,https://mopsov.twse.com.tw/mops/web/ajax_t163sb04
中游,電源供應系統,2308,台達電,2015,1,income_statement,綜合損益總額歸屬於共同控制下前手權益,,--,sii,https://mopsov.twse.com.tw/mops/web/ajax_t163sb04
中游,電源供應系統,2308,台達電,2015,1,income_statement,綜合損益總額歸屬於非控制權益,341962,"341,962",sii,https://mopsov.twse.com.tw/mops/web/ajax_t163sb04
中游,電源供應系統,2308,台達電,2015,1,income_statement,基本每股盈餘（元）,1.59,1.59,sii,https://mopsov.twse.com.tw/mops/web/ajax_t163sb04
中游,電源供應系統,2301,光寶科,2015,1,balance_sheet,流動資產,138643871,"138,643,871",sii,https://mopsov.twse.com.tw/mops/web/ajax_t163sb05
中游,電源供應系統,2301,光寶科,2015,1,balance_sheet,非流動資產,61108010,"61,108,010",sii,https://mopsov.twse.com.tw/mops/web/ajax_t163sb05
中游,電源供應系統,2301,光寶科,2015,1,balance_sheet,資產總計,199751881,"199,751,881",sii,https://mopsov.twse.com.tw/mops/web/ajax_t163sb05
中游,電源供應系統,2301,光寶科,2015,1,balance_sheet,流動負債,100650936,"100,650,936",sii,https://mopsov.twse.com.tw/mops/web/ajax_t163sb05
中游,電源供應系統,2301,光寶科,2015,1,balance_sheet,非流動負債,19327675,"19,327,675",sii,https://mopsov.twse.com.tw/mops/web/ajax_t163sb05
中游,電源供應系統,2301,光寶科,2015,1,balance_sheet,負債總額,119978611,"119,978,611",sii,https://mopsov.twse.com.tw/mops/web/ajax_t163sb05
中游,電源供應系統,2301,光寶科,2015,1,balance_sheet,股本,23416737,"23,416,737",sii,https://mopsov.twse.com.tw/mops/web/ajax_t163sb05
中游,電源供應系統,2301,光寶科,2015,1,balance_sheet,資本公積,27609962,"27,609,962",sii,https://mopsov.twse.com.tw/mops/web/ajax_t163sb05
中游,電源供應系統,2301,光寶科,2015,1,balance_sheet,保留盈餘,22604834,"22,604,834",sii,https://mopsov.twse.com.tw/mops/web/ajax_t163sb05
中游,電源供應系統,2301,光寶科,2015,1,balance_sheet,其他權益,3257767,"3,257,767",sii,https://mopsov.twse.com.tw/mops/web/ajax_t163sb05
中游,電源供應系統,2301,光寶科,2015,1,balance_sheet,庫藏股票,-1248722,"-1,248,722",sii,https://mopsov.twse.com.tw/mops/web/ajax_t163sb05
中游,電源供應系統,2301,光寶科,2015,1,balance_sheet,歸屬於母公司業主之權益合計,75640578,"75,640,578",sii,https://mopsov.twse.com.tw/mops/web/ajax_t163sb05
中游,電源供應系統,2301,光寶科,2015,1,balance_sheet,共同控制下前手權益,0,0,sii,https://mopsov.twse.com.tw/mops/web/ajax_t163sb05
中游,電源供應系統,2301,光寶科,2015,1,balance_sheet,合併前非屬共同控制股權,,--,sii,https://mopsov.twse.com.tw/mops/web/ajax_t163sb05
中游,電源供應系統,2301,光寶科,2015,1,balance_sheet,非控制權益,4132692,"4,132,692",sii,https://mopsov.twse.com.tw/mops/web/ajax_t163sb05
中游,電源供應系統,2301,光寶科,2015,1,balance_sheet,權益總額,79773270,"79,773,270",sii,https://mopsov.twse.com.tw/mops/web/ajax_t163sb05
中游,電源供應系統,2301,光寶科,2015,1,balance_sheet,待註銷股本股數（單位：股）,,--,sii,https://mopsov.twse.com.tw/mops/web/ajax_t163sb05
中游,電源供應系統,2301,光寶科,2015,1,balance_sheet,預收股款（權益項下）之約當發行股數（單位：股）,0,0,sii,https://mopsov.twse.com.tw/mops/web/ajax_t163sb05
中游,電源供應系統,2301,光寶科,2015,1,balance_sheet,母公司暨子公司所持有之母公司庫藏股股數（單位：股）,26575362,"26,575,362",sii,https://mopsov.twse.com.tw/mops/web/ajax_t163sb05
中游,電源供應系統,2301,光寶科,2015,1,balance_sheet,每股參考淨值,32.67,32.67,sii,https://mopsov.twse.com.tw/mops/web/ajax_t163sb05
中游,電源供應系統,2308,台達電,2015,1,balance_sheet,流動資產,143677957,"143,677,957",sii,https://mopsov.twse.com.tw/mops/web/ajax_t163sb05
中游,電源供應系統,2308,台達電,2015,1,balance_sheet,非流動資產,71642989,"71,642,989",sii,https://mopsov.twse.com.tw/mops/web/ajax_t163sb05
中游,電源供應系統,2308,台達電,2015,1,balance_sheet,資產總計,215320946,"215,320,946",sii,https://mopsov.twse.com.tw/mops/web/ajax_t163sb05
中游,電源供應系統,2308,台達電,2015,1,balance_sheet,流動負債,65493980,"65,493,980",sii,https://mopsov.twse.com.tw/mops/web/ajax_t163sb05
中游,電源供應系統,2308,台達電,2015,1,balance_sheet,非流動負債,34117258,"34,117,258",sii,https://mopsov.twse.com.tw/mops/web/ajax_t163sb05
中游,電源供應系統,2308,台達電,2015,1,balance_sheet,負債總額,99611238,"99,611,238",sii,https://mopsov.twse.com.tw/mops/web/ajax_t163sb05
中游,電源供應系統,2308,台達電,2015,1,balance_sheet,股本,24375433,"24,375,433",sii,https://mopsov.twse.com.tw/mops/web/ajax_t163sb05
中游,電源供應系統,2308,台達電,2015,1,balance_sheet,資本公積,25823327,"25,823,327",sii,https://mopsov.twse.com.tw/mops/web/ajax_t163sb05
中游,電源供應系統,2308,台達電,2015,1,balance_sheet,保留盈餘,53524819,"53,524,819",sii,https://mopsov.twse.com.tw/mops/web/ajax_t163sb05
中游,電源供應系統,2308,台達電,2015,1,balance_sheet,其他權益,1848093,"1,848,093",sii,https://mopsov.twse.com.tw/mops/web/ajax_t163sb05
中游,電源供應系統,2308,台達電,2015,1,balance_sheet,庫藏股票,,--,sii,https://mopsov.twse.com.tw/mops/web/ajax_t163sb05
中游,電源供應系統,2308,台達電,2015,1,balance_sheet,歸屬於母公司業主之權益合計,105571672,"105,571,672",sii,https://mopsov.twse.com.tw/mops/web/ajax_t163sb05
中游,電源供應系統,2308,台達電,2015,1,balance_sheet,共同控制下前手權益,,--,sii,https://mopsov.twse.com.tw/mops/web/ajax_t163sb05
中游,電源供應系統,2308,台達電,2015,1,balance_sheet,合併前非屬共同控制股權,,--,sii,https://mopsov.twse.com.tw/mops/web/ajax_t163sb05
中游,電源供應系統,2308,台達電,2015,1,balance_sheet,非控制權益,10138036,"10,138,036",sii,https://mopsov.twse.com.tw/mops/web/ajax_t163sb05
中游,電源供應系統,2308,台達電,2015,1,balance_sheet,權益總額,115709708,"115,709,708",sii,https://mopsov.twse.com.tw/mops/web/ajax_t163sb05
中游,電源供應系統,2308,台達電,2015,1,balance_sheet,待註銷股本股數（單位：股）,0,0,sii,https://mopsov.twse.com.tw/mops/web/ajax_t163sb05
中游,電源供應系統,2308,台達電,2015,1,balance_sheet,預收股款（權益項下）之約當發行股數（單位：股）,0,0,sii,https://mopsov.twse.com.tw/mops/web/ajax_t163sb05
中游,電源供應系統,2308,台達電,2015,1,balance_sheet,母公司暨子公司所持有之母公司庫藏股股數（單位：股）,0,0,sii,https://mopsov.twse.com.tw/mops/web/ajax_t163sb05
中游,電源供應系統,2308,台達電,2015,1,balance_sheet,每股參考淨值,43.31,43.31,sii,https://mopsov.twse.com.tw/mops/web/ajax_t163sb05
中游,電源供應系統,2301,光寶科,2015,1,cash_flow,營業活動之淨現金流入（流出）,-106940,"-106,940",sii,https://mopsov.twse.com.tw/mops/web/ajax_t163sb20
中游,電源供應系統,2301,光寶科,2015,1,cash_flow,投資活動之淨現金流入（流出）,-1090924,"-1,090,924",sii,https://mopsov.twse.com.tw/mops/web/ajax_t163sb20
中游,電源供應系統,2301,光寶科,2015,1,cash_flow,籌資活動之淨現金流入（流出）,-6292755,"-6,292,755",sii,https://mopsov.twse.com.tw/mops/web/ajax_t163sb20
中游,電源供應系統,2301,光寶科,2015,1,cash_flow,匯率變動對現金及約當現金之影響,-291682,"-291,682",sii,https://mopsov.twse.com.tw/mops/web/ajax_t163sb20
中游,電源供應系統,2301,光寶科,2015,1,cash_flow,本期現金及約當現金增加（減少）數,-7782301,"-7,782,301",sii,https://mopsov.twse.com.tw/mops/web/ajax_t163sb20
中游,電源供應系統,2301,光寶科,2015,1,cash_flow,期初現金及約當現金餘額,66483356,"66,483,356",sii,https://mopsov.twse.com.tw/mops/web/ajax_t163sb20
中游,電源供應系統,2301,光寶科,2015,1,cash_flow,期末現金及約當現金餘額,58701055,"58,701,055",sii,https://mopsov.twse.com.tw/mops/web/ajax_t163sb20
中游,電源供應系統,2308,台達電,2015,1,cash_flow,營業活動之淨現金流入（流出）,5405691,"5,405,691",sii,https://mopsov.twse.com.tw/mops/web/ajax_t163sb20
中游,電源供應系統,2308,台達電,2015,1,cash_flow,投資活動之淨現金流入（流出）,-1751536,"-1,751,536",sii,https://mopsov.twse.com.tw/mops/web/ajax_t163sb20
中游,電源供應系統,2308,台達電,2015,1,cash_flow,籌資活動之淨現金流入（流出）,-2659578,"-2,659,578",sii,https://mopsov.twse.com.tw/mops/web/ajax_t163sb20
中游,電源供應系統,2308,台達電,2015,1,cash_flow,匯率變動對現金及約當現金之影響,-1138654,"-1,138,654",sii,https://mopsov.twse.com.tw/mops/web/ajax_t163sb20
中游,電源供應系統,2308,台達電,2015,1,cash_flow,本期現金及約當現金增加（減少）數,-144077,"-144,077",sii,https://mopsov.twse.com.tw/mops/web/ajax_t163sb20
中游,電源供應系統,2308,台達電,2015,1,cash_flow,期初現金及約當現金餘額,73459818,"73,459,818",sii,https://mopsov.twse.com.tw/mops/web/ajax_t163sb20
中游,電源供應系統,2308,台達電,2015,1,cash_flow,期末現金及約當現金餘額,73315741,"73,315,741",sii,https://mopsov.twse.com.tw/mops/web/ajax_t163sb20
中游,電源供應系統,2301,光寶科,2015,2,income_statement,營業收入,103186891,"103,186,891",sii,https://mopsov.twse.com.tw/mops/web/ajax_t163sb04
中游,電源供應系統,2301,光寶科,2015,2,income_statement,營業成本,90262239,"90,262,239",sii,https://mopsov.twse.com.tw/mops/web/ajax_t163sb04
中游,電源供應系統,2301,光寶科,2015,2,income_statement,營業毛利（毛損）,12924652,"12,924,652",sii,https://mopsov.twse.com.tw/mops/web/ajax_t163sb04
中游,電源供應系統,2301,光寶科,2015,2,income_statement,未實現銷貨（損）益,,--,sii,https://mopsov.twse.com.tw/mops/web/ajax_t163sb04
中游,電源供應系統,2301,光寶科,2015,2,income_statement,已實現銷貨（損）益,,--,sii,https://mopsov.twse.com.tw/mops/web/ajax_t163sb04
中游,電源供應系統,2301,光寶科,2015,2,income_statement,營業毛利（毛損）淨額,12924652,"12,924,652",sii,https://mopsov.twse.com.tw/mops/web/ajax_t163sb04
中游,電源供應系統,2301,光寶科,2015,2,income_statement,營業費用,9620015,"9,620,015",sii,https://mopsov.twse.com.tw/mops/web/ajax_t163sb04
中游,電源供應系統,2301,光寶科,2015,2,income_statement,其他收益及費損淨額,,--,sii,https://mopsov.twse.com.tw/mops/web/ajax_t163sb04
中游,電源供應系統,2301,光寶科,2015,2,income_statement,營業利益（損失）,3304637,"3,304,637",sii,https://mopsov.twse.com.tw/mops/web/ajax_t163sb04
中游,電源供應系統,2301,光寶科,2015,2,income_statement,營業外收入及支出,708190,"708,190",sii,https://mopsov.twse.com.tw/mops/web/ajax_t163sb04
中游,電源供應系統,2301,光寶科,2015,2,income_statement,稅前淨利（淨損）,4012827,"4,012,827",sii,https://mopsov.twse.com.tw/mops/web/ajax_t163sb04
中游,電源供應系統,2301,光寶科,2015,2,income_statement,所得稅費用（利益）,831726,"831,726",sii,https://mopsov.twse.com.tw/mops/web/ajax_t163sb04
中游,電源供應系統,2301,光寶科,2015,2,income_statement,繼續營業單位本期淨利（淨損）,3181101,"3,181,101",sii,https://mopsov.twse.com.tw/mops/web/ajax_t163sb04
中游,電源供應系統,2301,光寶科,2015,2,income_statement,停業單位損益,,--,sii,https://mopsov.twse.com.tw/mops/web/ajax_t163sb04
中游,電源供應系統,2301,光寶科,2015,2,income_statement,合併前非屬共同控制股權損益,,--,sii,https://mopsov.twse.com.tw/mops/web/ajax_t163sb04
中游,電源供應系統,2301,光寶科,2015,2,income_statement,本期淨利（淨損）,3181101,"3,181,101",sii,https://mopsov.twse.com.tw/mops/web/ajax_t163sb04
中游,電源供應系統,2301,光寶科,2015,2,income_statement,其他綜合損益（淨額）,-2077863,"-2,077,863",sii,https://mopsov.twse.com.tw/mops/web/ajax_t163sb04
中游,電源供應系統,2301,光寶科,2015,2,income_statement,合併前非屬共同控制股權綜合損益淨額,,--,sii,https://mopsov.twse.com.tw/mops/web/ajax_t163sb04
中游,電源供應系統,2301,光寶科,2015,2,income_statement,本期綜合損益總額,1103238,"1,103,238",sii,https://mopsov.twse.com.tw/mops/web/ajax_t163sb04
中游,電源供應系統,2301,光寶科,2015,2,income_statement,淨利（淨損）歸屬於母公司業主,3076271,"3,076,271",sii,https://mopsov.twse.com.tw/mops/web/ajax_t163sb04
中游,電源供應系統,2301,光寶科,2015,2,income_statement,淨利（淨損）歸屬於共同控制下前手權益,,--,sii,https://mopsov.twse.com.tw/mops/web/ajax_t163sb04
中游,電源供應系統,2301,光寶科,2015,2,income_statement,淨利（淨損）歸屬於非控制權益,104830,"104,830",sii,https://mopsov.twse.com.tw/mops/web/ajax_t163sb04
中游,電源供應系統,2301,光寶科,2015,2,income_statement,綜合損益總額歸屬於母公司業主,1136905,"1,136,905",sii,https://mopsov.twse.com.tw/mops/web/ajax_t163sb04
中游,電源供應系統,2301,光寶科,2015,2,income_statement,綜合損益總額歸屬於共同控制下前手權益,,--,sii,https://mopsov.twse.com.tw/mops/web/ajax_t163sb04
中游,電源供應系統,2301,光寶科,2015,2,income_statement,綜合損益總額歸屬於非控制權益,-33667,"-33,667",sii,https://mopsov.twse.com.tw/mops/web/ajax_t163sb04
中游,電源供應系統,2301,光寶科,2015,2,income_statement,基本每股盈餘（元）,1.33,1.33,sii,https://mopsov.twse.com.tw/mops/web/ajax_t163sb04
中游,電源供應系統,2308,台達電,2015,2,income_statement,營業收入,91935272,"91,935,272",sii,https://mopsov.twse.com.tw/mops/web/ajax_t163sb04
中游,電源供應系統,2308,台達電,2015,2,income_statement,營業成本,67548589,"67,548,589",sii,https://mopsov.twse.com.tw/mops/web/ajax_t163sb04
中游,電源供應系統,2308,台達電,2015,2,income_statement,營業毛利（毛損）,24386683,"24,386,683",sii,https://mopsov.twse.com.tw/mops/web/ajax_t163sb04
中游,電源供應系統,2308,台達電,2015,2,income_statement,未實現銷貨（損）益,,--,sii,https://mopsov.twse.com.tw/mops/web/ajax_t163sb04
中游,電源供應系統,2308,台達電,2015,2,income_statement,已實現銷貨（損）益,,--,sii,https://mopsov.twse.com.tw/mops/web/ajax_t163sb04
中游,電源供應系統,2308,台達電,2015,2,income_statement,營業毛利（毛損）淨額,24386683,"24,386,683",sii,https://mopsov.twse.com.tw/mops/web/ajax_t163sb04
中游,電源供應系統,2308,台達電,2015,2,income_statement,營業費用,15373973,"15,373,973",sii,https://mopsov.twse.com.tw/mops/web/ajax_t163sb04
中游,電源供應系統,2308,台達電,2015,2,income_statement,其他收益及費損淨額,,--,sii,https://mopsov.twse.com.tw/mops/web/ajax_t163sb04
中游,電源供應系統,2308,台達電,2015,2,income_statement,營業利益（損失）,9012710,"9,012,710",sii,https://mopsov.twse.com.tw/mops/web/ajax_t163sb04
中游,電源供應系統,2308,台達電,2015,2,income_statement,營業外收入及支出,1576813,"1,576,813",sii,https://mopsov.twse.com.tw/mops/web/ajax_t163sb04
中游,電源供應系統,2308,台達電,2015,2,income_statement,稅前淨利（淨損）,10589523,"10,589,523",sii,https://mopsov.twse.com.tw/mops/web/ajax_t163sb04
中游,電源供應系統,2308,台達電,2015,2,income_statement,所得稅費用（利益）,2117948,"2,117,948",sii,https://mopsov.twse.com.tw/mops/web/ajax_t163sb04
中游,電源供應系統,2308,台達電,2015,2,income_statement,繼續營業單位本期淨利（淨損）,8471575,"8,471,575",sii,https://mopsov.twse.com.tw/mops/web/ajax_t163sb04
中游,電源供應系統,2308,台達電,2015,2,income_statement,停業單位損益,0,0,sii,https://mopsov.twse.com.tw/mops/web/ajax_t163sb04
中游,電源供應系統,2308,台達電,2015,2,income_statement,合併前非屬共同控制股權損益,,--,sii,https://mopsov.twse.com.tw/mops/web/ajax_t163sb04
中游,電源供應系統,2308,台達電,2015,2,income_statement,本期淨利（淨損）,8471575,"8,471,575",sii,https://mopsov.twse.com.tw/mops/web/ajax_t163sb04
中游,電源供應系統,2308,台達電,2015,2,income_statement,其他綜合損益（淨額）,-3196630,"-3,196,630",sii,https://mopsov.twse.com.tw/mops/web/ajax_t163sb04
中游,電源供應系統,2308,台達電,2015,2,income_statement,合併前非屬共同控制股權綜合損益淨額,,--,sii,https://mopsov.twse.com.tw/mops/web/ajax_t163sb04
中游,電源供應系統,2308,台達電,2015,2,income_statement,本期綜合損益總額,5274945,"5,274,945",sii,https://mopsov.twse.com.tw/mops/web/ajax_t163sb04
中游,電源供應系統,2308,台達電,2015,2,income_statement,淨利（淨損）歸屬於母公司業主,7660320,"7,660,320",sii,https://mopsov.twse.com.tw/mops/web/ajax_t163sb04
中游,電源供應系統,2308,台達電,2015,2,income_statement,淨利（淨損）歸屬於共同控制下前手權益,,--,sii,https://mopsov.twse.com.tw/mops/web/ajax_t163sb04
中游,電源供應系統,2308,台達電,2015,2,income_statement,淨利（淨損）歸屬於非控制權益,811255,"811,255",sii,https://mopsov.twse.com.tw/mops/web/ajax_t163sb04
中游,電源供應系統,2308,台達電,2015,2,income_statement,綜合損益總額歸屬於母公司業主,4581993,"4,581,993",sii,https://mopsov.twse.com.tw/mops/web/ajax_t163sb04
中游,電源供應系統,2308,台達電,2015,2,income_statement,綜合損益總額歸屬於共同控制下前手權益,,--,sii,https://mopsov.twse.com.tw/mops/web/ajax_t163sb04
中游,電源供應系統,2308,台達電,2015,2,income_statement,綜合損益總額歸屬於非控制權益,692952,"692,952",sii,https://mopsov.twse.com.tw/mops/web/ajax_t163sb04
中游,電源供應系統,2308,台達電,2015,2,income_statement,基本每股盈餘（元）,3.14,3.14,sii,https://mopsov.twse.com.tw/mops/web/ajax_t163sb04
中游,電源供應系統,2301,光寶科,2015,2,balance_sheet,流動資產,136454145,"136,454,145",sii,https://mopsov.twse.com.tw/mops/web/ajax_t163sb05
中游,電源供應系統,2301,光寶科,2015,2,balance_sheet,非流動資產,61068308,"61,068,308",sii,https://mopsov.twse.com.tw/mops/web/ajax_t163sb05
中游,電源供應系統,2301,光寶科,2015,2,balance_sheet,資產總計,197522453,"197,522,453",sii,https://mopsov.twse.com.tw/mops/web/ajax_t163sb05
中游,電源供應系統,2301,光寶科,2015,2,balance_sheet,流動負債,103308889,"103,308,889",sii,https://mopsov.twse.com.tw/mops/web/ajax_t163sb05
中游,電源供應系統,2301,光寶科,2015,2,balance_sheet,非流動負債,18777416,"18,777,416",sii,https://mopsov.twse.com.tw/mops/web/ajax_t163sb05
中游,電源供應系統,2301,光寶科,2015,2,balance_sheet,負債總額,122086305,"122,086,305",sii,https://mopsov.twse.com.tw/mops/web/ajax_t163sb05
中游,電源供應系統,2301,光寶科,2015,2,balance_sheet,股本,23577153,"23,577,153",sii,https://mopsov.twse.com.tw/mops/web/ajax_t163sb05
中游,電源供應系統,2301,光寶科,2015,2,balance_sheet,資本公積,27763270,"27,763,270",sii,https://mopsov.twse.com.tw/mops/web/ajax_t163sb05
中游,電源供應系統,2301,光寶科,2015,2,balance_sheet,保留盈餘,19305176,"19,305,176",sii,https://mopsov.twse.com.tw/mops/web/ajax_t163sb05
中游,電源供應系統,2301,光寶科,2015,2,balance_sheet,其他權益,2312814,"2,312,814",sii,https://mopsov.twse.com.tw/mops/web/ajax_t163sb05
中游,電源供應系統,2301,光寶科,2015,2,balance_sheet,庫藏股票,-1248722,"-1,248,722",sii,https://mopsov.twse.com.tw/mops/web/ajax_t163sb05
中游,電源供應系統,2301,光寶科,2015,2,balance_sheet,歸屬於母公司業主之權益合計,71709691,"71,709,691",sii,https://mopsov.twse.com.tw/mops/web/ajax_t163sb05
中游,電源供應系統,2301,光寶科,2015,2,balance_sheet,共同控制下前手權益,0,0,sii,https://mopsov.twse.com.tw/mops/web/ajax_t163sb05
中游,電源供應系統,2301,光寶科,2015,2,balance_sheet,合併前非屬共同控制股權,,--,sii,https://mopsov.twse.com.tw/mops/web/ajax_t163sb05
中游,電源供應系統,2301,光寶科,2015,2,balance_sheet,非控制權益,3726457,"3,726,457",sii,https://mopsov.twse.com.tw/mops/web/ajax_t163sb05
中游,電源供應系統,2301,光寶科,2015,2,balance_sheet,權益總額,75436148,"75,436,148",sii,https://mopsov.twse.com.tw/mops/web/ajax_t163sb05
中游,電源供應系統,2301,光寶科,2015,2,balance_sheet,待註銷股本股數（單位：股）,,--,sii,https://mopsov.twse.com.tw/mops/web/ajax_t163sb05
中游,電源供應系統,2301,光寶科,2015,2,balance_sheet,預收股款（權益項下）之約當發行股數（單位：股）,0,0,sii,https://mopsov.twse.com.tw/mops/web/ajax_t163sb05
中游,電源供應系統,2301,光寶科,2015,2,balance_sheet,母公司暨子公司所持有之母公司庫藏股股數（單位：股）,26575362,"26,575,362",sii,https://mopsov.twse.com.tw/mops/web/ajax_t163sb05
中游,電源供應系統,2301,光寶科,2015,2,balance_sheet,每股參考淨值,30.97,30.97,sii,https://mopsov.twse.com.tw/mops/web/ajax_t163sb05
中游,電源供應系統,2308,台達電,2015,2,balance_sheet,流動資產,137417372,"137,417,372",sii,https://mopsov.twse.com.tw/mops/web/ajax_t163sb05
中游,電源供應系統,2308,台達電,2015,2,balance_sheet,非流動資產,86880695,"86,880,695",sii,https://mopsov.twse.com.tw/mops/web/ajax_t163sb05
中游,電源供應系統,2308,台達電,2015,2,balance_sheet,資產總計,224298067,"224,298,067",sii,https://mopsov.twse.com.tw/mops/web/ajax_t163sb05
中游,電源供應系統,2308,台達電,2015,2,balance_sheet,流動負債,87672341,"87,672,341",sii,https://mopsov.twse.com.tw/mops/web/ajax_t163sb05
中游,電源供應系統,2308,台達電,2015,2,balance_sheet,非流動負債,35499645,"35,499,645",sii,https://mopsov.twse.com.tw/mops/web/ajax_t163sb05
中游,電源供應系統,2308,台達電,2015,2,balance_sheet,負債總額,123171986,"123,171,986",sii,https://mopsov.twse.com.tw/mops/web/ajax_t163sb05
中游,電源供應系統,2308,台達電,2015,2,balance_sheet,股本,24375433,"24,375,433",sii,https://mopsov.twse.com.tw/mops/web/ajax_t163sb05
中游,電源供應系統,2308,台達電,2015,2,balance_sheet,資本公積,25823327,"25,823,327",sii,https://mopsov.twse.com.tw/mops/web/ajax_t163sb05
中游,電源供應系統,2308,台達電,2015,2,balance_sheet,保留盈餘,40978981,"40,978,981",sii,https://mopsov.twse.com.tw/mops/web/ajax_t163sb05
中游,電源供應系統,2308,台達電,2015,2,balance_sheet,其他權益,-5328,"-5,328",sii,https://mopsov.twse.com.tw/mops/web/ajax_t163sb05
中游,電源供應系統,2308,台達電,2015,2,balance_sheet,庫藏股票,,--,sii,https://mopsov.twse.com.tw/mops/web/ajax_t163sb05
中游,電源供應系統,2308,台達電,2015,2,balance_sheet,歸屬於母公司業主之權益合計,91172413,"91,172,413",sii,https://mopsov.twse.com.tw/mops/web/ajax_t163sb05
中游,電源供應系統,2308,台達電,2015,2,balance_sheet,共同控制下前手權益,,--,sii,https://mopsov.twse.com.tw/mops/web/ajax_t163sb05
中游,電源供應系統,2308,台達電,2015,2,balance_sheet,合併前非屬共同控制股權,,--,sii,https://mopsov.twse.com.tw/mops/web/ajax_t163sb05
中游,電源供應系統,2308,台達電,2015,2,balance_sheet,非控制權益,9953668,"9,953,668",sii,https://mopsov.twse.com.tw/mops/web/ajax_t163sb05
中游,電源供應系統,2308,台達電,2015,2,balance_sheet,權益總額,101126081,"101,126,081",sii,https://mopsov.twse.com.tw/mops/web/ajax_t163sb05
中游,電源供應系統,2308,台達電,2015,2,balance_sheet,待註銷股本股數（單位：股）,0,0,sii,https://mopsov.twse.com.tw/mops/web/ajax_t163sb05
中游,電源供應系統,2308,台達電,2015,2,balance_sheet,預收股款（權益項下）之約當發行股數（單位：股）,0,0,sii,https://mopsov.twse.com.tw/mops/web/ajax_t163sb05
中游,電源供應系統,2308,台達電,2015,2,balance_sheet,母公司暨子公司所持有之母公司庫藏股股數（單位：股）,0,0,sii,https://mopsov.twse.com.tw/mops/web/ajax_t163sb05
中游,電源供應系統,2308,台達電,2015,2,balance_sheet,每股參考淨值,37.4,37.40,sii,https://mopsov.twse.com.tw/mops/web/ajax_t163sb05
中游,電源供應系統,2301,光寶科,2015,2,cash_flow,營業活動之淨現金流入（流出）,2053539,"2,053,539",sii,https://mopsov.twse.com.tw/mops/web/ajax_t163sb20
中游,電源供應系統,2301,光寶科,2015,2,cash_flow,投資活動之淨現金流入（流出）,-3389125,"-3,389,125",sii,https://mopsov.twse.com.tw/mops/web/ajax_t163sb20
中游,電源供應系統,2301,光寶科,2015,2,cash_flow,籌資活動之淨現金流入（流出）,-7525439,"-7,525,439",sii,https://mopsov.twse.com.tw/mops/web/ajax_t163sb20
中游,電源供應系統,2301,光寶科,2015,2,cash_flow,匯率變動對現金及約當現金之影響,-889512,"-889,512",sii,https://mopsov.twse.com.tw/mops/web/ajax_t163sb20
中游,電源供應系統,2301,光寶科,2015,2,cash_flow,本期現金及約當現金增加（減少）數,-9750537,"-9,750,537",sii,https://mopsov.twse.com.tw/mops/web/ajax_t163sb20
中游,電源供應系統,2301,光寶科,2015,2,cash_flow,期初現金及約當現金餘額,66483356,"66,483,356",sii,https://mopsov.twse.com.tw/mops/web/ajax_t163sb20
中游,電源供應系統,2301,光寶科,2015,2,cash_flow,期末現金及約當現金餘額,56732819,"56,732,819",sii,https://mopsov.twse.com.tw/mops/web/ajax_t163sb20
中游,電源供應系統,2308,台達電,2015,2,cash_flow,營業活動之淨現金流入（流出）,14419126,"14,419,126",sii,https://mopsov.twse.com.tw/mops/web/ajax_t163sb20
中游,電源供應系統,2308,台達電,2015,2,cash_flow,投資活動之淨現金流入（流出）,-18252305,"-18,252,305",sii,https://mopsov.twse.com.tw/mops/web/ajax_t163sb20
中游,電源供應系統,2308,台達電,2015,2,cash_flow,籌資活動之淨現金流入（流出）,-6274731,"-6,274,731",sii,https://mopsov.twse.com.tw/mops/web/ajax_t163sb20
中游,電源供應系統,2308,台達電,2015,2,cash_flow,匯率變動對現金及約當現金之影響,-3093031,"-3,093,031",sii,https://mopsov.twse.com.tw/mops/web/ajax_t163sb20
中游,電源供應系統,2308,台達電,2015,2,cash_flow,本期現金及約當現金增加（減少）數,-13200941,"-13,200,941",sii,https://mopsov.twse.com.tw/mops/web/ajax_t163sb20
中游,電源供應系統,2308,台達電,2015,2,cash_flow,期初現金及約當現金餘額,73459818,"73,459,818",sii,https://mopsov.twse.com.tw/mops/web/ajax_t163sb20
中游,電源供應系統,2308,台達電,2015,2,cash_flow,期末現金及約當現金餘額,60258877,"60,258,877",sii,https://mopsov.twse.com.tw/mops/web/ajax_t163sb20
中游,電源供應系統,2301,光寶科,2015,3,income_statement,營業收入,159183371,"159,183,371",sii,https://mopsov.twse.com.tw/mops/web/ajax_t163sb04
中游,電源供應系統,2301,光寶科,2015,3,income_statement,營業成本,139036066,"139,036,066",sii,https://mopsov.twse.com.tw/mops/web/ajax_t163sb04
中游,電源供應系統,2301,光寶科,2015,3,income_statement,營業毛利（毛損）,20147305,"20,147,305",sii,https://mopsov.twse.com.tw/mops/web/ajax_t163sb04
中游,電源供應系統,2301,光寶科,2015,3,income_statement,未實現銷貨（損）益,,--,sii,https://mopsov.twse.com.tw/mops/web/ajax_t163sb04
中游,電源供應系統,2301,光寶科,2015,3,income_statement,已實現銷貨（損）益,,--,sii,https://mopsov.twse.com.tw/mops/web/ajax_t163sb04
中游,電源供應系統,2301,光寶科,2015,3,income_statement,營業毛利（毛損）淨額,20147305,"20,147,305",sii,https://mopsov.twse.com.tw/mops/web/ajax_t163sb04
中游,電源供應系統,2301,光寶科,2015,3,income_statement,營業費用,14411178,"14,411,178",sii,https://mopsov.twse.com.tw/mops/web/ajax_t163sb04
中游,電源供應系統,2301,光寶科,2015,3,income_statement,其他收益及費損淨額,,--,sii,https://mopsov.twse.com.tw/mops/web/ajax_t163sb04
中游,電源供應系統,2301,光寶科,2015,3,income_statement,營業利益（損失）,5736127,"5,736,127",sii,https://mopsov.twse.com.tw/mops/web/ajax_t163sb04
中游,電源供應系統,2301,光寶科,2015,3,income_statement,營業外收入及支出,814195,"814,195",sii,https://mopsov.twse.com.tw/mops/web/ajax_t163sb04
中游,電源供應系統,2301,光寶科,2015,3,income_statement,稅前淨利（淨損）,6550322,"6,550,322",sii,https://mopsov.twse.com.tw/mops/web/ajax_t163sb04
中游,電源供應系統,2301,光寶科,2015,3,income_statement,所得稅費用（利益）,1707397,"1,707,397",sii,https://mopsov.twse.com.tw/mops/web/ajax_t163sb04
中游,電源供應系統,2301,光寶科,2015,3,income_statement,繼續營業單位本期淨利（淨損）,4842925,"4,842,925",sii,https://mopsov.twse.com.tw/mops/web/ajax_t163sb04
中游,電源供應系統,2301,光寶科,2015,3,income_statement,停業單位損益,,--,sii,https://mopsov.twse.com.tw/mops/web/ajax_t163sb04
中游,電源供應系統,2301,光寶科,2015,3,income_statement,合併前非屬共同控制股權損益,,--,sii,https://mopsov.twse.com.tw/mops/web/ajax_t163sb04
中游,電源供應系統,2301,光寶科,2015,3,income_statement,本期淨利（淨損）,4842925,"4,842,925",sii,https://mopsov.twse.com.tw/mops/web/ajax_t163sb04
中游,電源供應系統,2301,光寶科,2015,3,income_statement,其他綜合損益（淨額）,306583,"306,583",sii,https://mopsov.twse.com.tw/mops/web/ajax_t163sb04
中游,電源供應系統,2301,光寶科,2015,3,income_statement,合併前非屬共同控制股權綜合損益淨額,,--,sii,https://mopsov.twse.com.tw/mops/web/ajax_t163sb04
中游,電源供應系統,2301,光寶科,2015,3,income_statement,本期綜合損益總額,5149508,"5,149,508",sii,https://mopsov.twse.com.tw/mops/web/ajax_t163sb04
中游,電源供應系統,2301,光寶科,2015,3,income_statement,淨利（淨損）歸屬於母公司業主,4714824,"4,714,824",sii,https://mopsov.twse.com.tw/mops/web/ajax_t163sb04
中游,電源供應系統,2301,光寶科,2015,3,income_statement,淨利（淨損）歸屬於共同控制下前手權益,,--,sii,https://mopsov.twse.com.tw/mops/web/ajax_t163sb04
中游,電源供應系統,2301,光寶科,2015,3,income_statement,淨利（淨損）歸屬於非控制權益,128101,"128,101",sii,https://mopsov.twse.com.tw/mops/web/ajax_t163sb04
中游,電源供應系統,2301,光寶科,2015,3,income_statement,綜合損益總額歸屬於母公司業主,5019131,"5,019,131",sii,https://mopsov.twse.com.tw/mops/web/ajax_t163sb04
中游,電源供應系統,2301,光寶科,2015,3,income_statement,綜合損益總額歸屬於共同控制下前手權益,,--,sii,https://mopsov.twse.com.tw/mops/web/ajax_t163sb04
中游,電源供應系統,2301,光寶科,2015,3,income_statement,綜合損益總額歸屬於非控制權益,130377,"130,377",sii,https://mopsov.twse.com.tw/mops/web/ajax_t163sb04
中游,電源供應系統,2301,光寶科,2015,3,income_statement,基本每股盈餘（元）,2.03,2.03,sii,https://mopsov.twse.com.tw/mops/web/ajax_t163sb04
中游,電源供應系統,2308,台達電,2015,3,income_statement,營業收入,147843416,"147,843,416",sii,https://mopsov.twse.com.tw/mops/web/ajax_t163sb04
中游,電源供應系統,2308,台達電,2015,3,income_statement,營業成本,107703717,"107,703,717",sii,https://mopsov.twse.com.tw/mops/web/ajax_t163sb04
中游,電源供應系統,2308,台達電,2015,3,income_statement,營業毛利（毛損）,40139699,"40,139,699",sii,https://mopsov.twse.com.tw/mops/web/ajax_t163sb04
中游,電源供應系統,2308,台達電,2015,3,income_statement,未實現銷貨（損）益,,--,sii,https://mopsov.twse.com.tw/mops/web/ajax_t163sb04
中游,電源供應系統,2308,台達電,2015,3,income_statement,已實現銷貨（損）益,,--,sii,https://mopsov.twse.com.tw/mops/web/ajax_t163sb04
中游,電源供應系統,2308,台達電,2015,3,income_statement,營業毛利（毛損）淨額,40139699,"40,139,699",sii,https://mopsov.twse.com.tw/mops/web/ajax_t163sb04
中游,電源供應系統,2308,台達電,2015,3,income_statement,營業費用,24981596,"24,981,596",sii,https://mopsov.twse.com.tw/mops/web/ajax_t163sb04
中游,電源供應系統,2308,台達電,2015,3,income_statement,其他收益及費損淨額,,--,sii,https://mopsov.twse.com.tw/mops/web/ajax_t163sb04
中游,電源供應系統,2308,台達電,2015,3,income_statement,營業利益（損失）,15158103,"15,158,103",sii,https://mopsov.twse.com.tw/mops/web/ajax_t163sb04
中游,電源供應系統,2308,台達電,2015,3,income_statement,營業外收入及支出,3047302,"3,047,302",sii,https://mopsov.twse.com.tw/mops/web/ajax_t163sb04
中游,電源供應系統,2308,台達電,2015,3,income_statement,稅前淨利（淨損）,18205405,"18,205,405",sii,https://mopsov.twse.com.tw/mops/web/ajax_t163sb04
中游,電源供應系統,2308,台達電,2015,3,income_statement,所得稅費用（利益）,3606301,"3,606,301",sii,https://mopsov.twse.com.tw/mops/web/ajax_t163sb04
中游,電源供應系統,2308,台達電,2015,3,income_statement,繼續營業單位本期淨利（淨損）,14599104,"14,599,104",sii,https://mopsov.twse.com.tw/mops/web/ajax_t163sb04
中游,電源供應系統,2308,台達電,2015,3,income_statement,停業單位損益,,--,sii,https://mopsov.twse.com.tw/mops/web/ajax_t163sb04
中游,電源供應系統,2308,台達電,2015,3,income_statement,合併前非屬共同控制股權損益,,--,sii,https://mopsov.twse.com.tw/mops/web/ajax_t163sb04
中游,電源供應系統,2308,台達電,2015,3,income_statement,本期淨利（淨損）,14599104,"14,599,104",sii,https://mopsov.twse.com.tw/mops/web/ajax_t163sb04
中游,電源供應系統,2308,台達電,2015,3,income_statement,其他綜合損益（淨額）,746688,"746,688",sii,https://mopsov.twse.com.tw/mops/web/ajax_t163sb04
中游,電源供應系統,2308,台達電,2015,3,income_statement,合併前非屬共同控制股權綜合損益淨額,,--,sii,https://mopsov.twse.com.tw/mops/web/ajax_t163sb04
中游,電源供應系統,2308,台達電,2015,3,income_statement,本期綜合損益總額,15345792,"15,345,792",sii,https://mopsov.twse.com.tw/mops/web/ajax_t163sb04
中游,電源供應系統,2308,台達電,2015,3,income_statement,淨利（淨損）歸屬於母公司業主,13556372,"13,556,372",sii,https://mopsov.twse.com.tw/mops/web/ajax_t163sb04
中游,電源供應系統,2308,台達電,2015,3,income_statement,淨利（淨損）歸屬於共同控制下前手權益,,--,sii,https://mopsov.twse.com.tw/mops/web/ajax_t163sb04
中游,電源供應系統,2308,台達電,2015,3,income_statement,淨利（淨損）歸屬於非控制權益,1042732,"1,042,732",sii,https://mopsov.twse.com.tw/mops/web/ajax_t163sb04
中游,電源供應系統,2308,台達電,2015,3,income_statement,綜合損益總額歸屬於母公司業主,14471765,"14,471,765",sii,https://mopsov.twse.com.tw/mops/web/ajax_t163sb04
中游,電源供應系統,2308,台達電,2015,3,income_statement,綜合損益總額歸屬於共同控制下前手權益,,--,sii,https://mopsov.twse.com.tw/mops/web/ajax_t163sb04
中游,電源供應系統,2308,台達電,2015,3,income_statement,綜合損益總額歸屬於非控制權益,874027,"874,027",sii,https://mopsov.twse.com.tw/mops/web/ajax_t163sb04
中游,電源供應系統,2308,台達電,2015,3,income_statement,基本每股盈餘（元）,5.56,5.56,sii,https://mopsov.twse.com.tw/mops/web/ajax_t163sb04
中游,電源供應系統,2301,光寶科,2015,3,balance_sheet,流動資產,150713210,"150,713,210",sii,https://mopsov.twse.com.tw/mops/web/ajax_t163sb05
中游,電源供應系統,2301,光寶科,2015,3,balance_sheet,非流動資產,61953905,"61,953,905",sii,https://mopsov.twse.com.tw/mops/web/ajax_t163sb05
中游,電源供應系統,2301,光寶科,2015,3,balance_sheet,資產總計,212667115,"212,667,115",sii,https://mopsov.twse.com.tw/mops/web/ajax_t163sb05
中游,電源供應系統,2301,光寶科,2015,3,balance_sheet,流動負債,114117289,"114,117,289",sii,https://mopsov.twse.com.tw/mops/web/ajax_t163sb05
中游,電源供應系統,2301,光寶科,2015,3,balance_sheet,非流動負債,19861362,"19,861,362",sii,https://mopsov.twse.com.tw/mops/web/ajax_t163sb05
中游,電源供應系統,2301,光寶科,2015,3,balance_sheet,負債總額,133978651,"133,978,651",sii,https://mopsov.twse.com.tw/mops/web/ajax_t163sb05
中游,電源供應系統,2301,光寶科,2015,3,balance_sheet,股本,23577153,"23,577,153",sii,https://mopsov.twse.com.tw/mops/web/ajax_t163sb05
中游,電源供應系統,2301,光寶科,2015,3,balance_sheet,資本公積,27777986,"27,777,986",sii,https://mopsov.twse.com.tw/mops/web/ajax_t163sb05
中游,電源供應系統,2301,光寶科,2015,3,balance_sheet,保留盈餘,20943729,"20,943,729",sii,https://mopsov.twse.com.tw/mops/web/ajax_t163sb05
中游,電源供應系統,2301,光寶科,2015,3,balance_sheet,其他權益,4556487,"4,556,487",sii,https://mopsov.twse.com.tw/mops/web/ajax_t163sb05
中游,電源供應系統,2301,光寶科,2015,3,balance_sheet,庫藏股票,-1955401,"-1,955,401",sii,https://mopsov.twse.com.tw/mops/web/ajax_t163sb05
中游,電源供應系統,2301,光寶科,2015,3,balance_sheet,歸屬於母公司業主之權益合計,74899954,"74,899,954",sii,https://mopsov.twse.com.tw/mops/web/ajax_t163sb05
中游,電源供應系統,2301,光寶科,2015,3,balance_sheet,共同控制下前手權益,,--,sii,https://mopsov.twse.com.tw/mops/web/ajax_t163sb05
中游,電源供應系統,2301,光寶科,2015,3,balance_sheet,合併前非屬共同控制股權,,--,sii,https://mopsov.twse.com.tw/mops/web/ajax_t163sb05
中游,電源供應系統,2301,光寶科,2015,3,balance_sheet,非控制權益,3788510,"3,788,510",sii,https://mopsov.twse.com.tw/mops/web/ajax_t163sb05
中游,電源供應系統,2301,光寶科,2015,3,balance_sheet,權益總額,78688464,"78,688,464",sii,https://mopsov.twse.com.tw/mops/web/ajax_t163sb05
中游,電源供應系統,2301,光寶科,2015,3,balance_sheet,待註銷股本股數（單位：股）,,--,sii,https://mopsov.twse.com.tw/mops/web/ajax_t163sb05
中游,電源供應系統,2301,光寶科,2015,3,balance_sheet,預收股款（權益項下）之約當發行股數（單位：股）,0,0,sii,https://mopsov.twse.com.tw/mops/web/ajax_t163sb05
中游,電源供應系統,2301,光寶科,2015,3,balance_sheet,母公司暨子公司所持有之母公司庫藏股股數（單位：股）,49455968,"49,455,968",sii,https://mopsov.twse.com.tw/mops/web/ajax_t163sb05
中游,電源供應系統,2301,光寶科,2015,3,balance_sheet,每股參考淨值,32.45,32.45,sii,https://mopsov.twse.com.tw/mops/web/ajax_t163sb05
中游,電源供應系統,2308,台達電,2015,3,balance_sheet,流動資產,136811098,"136,811,098",sii,https://mopsov.twse.com.tw/mops/web/ajax_t163sb05
中游,電源供應系統,2308,台達電,2015,3,balance_sheet,非流動資產,92775162,"92,775,162",sii,https://mopsov.twse.com.tw/mops/web/ajax_t163sb05
中游,電源供應系統,2308,台達電,2015,3,balance_sheet,資產總計,229586260,"229,586,260",sii,https://mopsov.twse.com.tw/mops/web/ajax_t163sb05
中游,電源供應系統,2308,台達電,2015,3,balance_sheet,流動負債,80950385,"80,950,385",sii,https://mopsov.twse.com.tw/mops/web/ajax_t163sb05
中游,電源供應系統,2308,台達電,2015,3,balance_sheet,非流動負債,48147285,"48,147,285",sii,https://mopsov.twse.com.tw/mops/web/ajax_t163sb05
中游,電源供應系統,2308,台達電,2015,3,balance_sheet,負債總額,129097670,"129,097,670",sii,https://mopsov.twse.com.tw/mops/web/ajax_t163sb05
中游,電源供應系統,2308,台達電,2015,3,balance_sheet,股本,24375433,"24,375,433",sii,https://mopsov.twse.com.tw/mops/web/ajax_t163sb05
中游,電源供應系統,2308,台達電,2015,3,balance_sheet,資本公積,25823361,"25,823,361",sii,https://mopsov.twse.com.tw/mops/web/ajax_t163sb05
中游,電源供應系統,2308,台達電,2015,3,balance_sheet,保留盈餘,41282665,"41,282,665",sii,https://mopsov.twse.com.tw/mops/web/ajax_t163sb05
中游,電源供應系統,2308,台達電,2015,3,balance_sheet,其他權益,3997306,"3,997,306",sii,https://mopsov.twse.com.tw/mops/web/ajax_t163sb05
中游,電源供應系統,2308,台達電,2015,3,balance_sheet,庫藏股票,,--,sii,https://mopsov.twse.com.tw/mops/web/ajax_t163sb05
中游,電源供應系統,2308,台達電,2015,3,balance_sheet,歸屬於母公司業主之權益合計,95478765,"95,478,765",sii,https://mopsov.twse.com.tw/mops/web/ajax_t163sb05
中游,電源供應系統,2308,台達電,2015,3,balance_sheet,共同控制下前手權益,,--,sii,https://mopsov.twse.com.tw/mops/web/ajax_t163sb05
中游,電源供應系統,2308,台達電,2015,3,balance_sheet,合併前非屬共同控制股權,,--,sii,https://mopsov.twse.com.tw/mops/web/ajax_t163sb05
中游,電源供應系統,2308,台達電,2015,3,balance_sheet,非控制權益,5009825,"5,009,825",sii,https://mopsov.twse.com.tw/mops/web/ajax_t163sb05
中游,電源供應系統,2308,台達電,2015,3,balance_sheet,權益總額,100488590,"100,488,590",sii,https://mopsov.twse.com.tw/mops/web/ajax_t163sb05
中游,電源供應系統,2308,台達電,2015,3,balance_sheet,待註銷股本股數（單位：股）,0,0,sii,https://mopsov.twse.com.tw/mops/web/ajax_t163sb05
中游,電源供應系統,2308,台達電,2015,3,balance_sheet,預收股款（權益項下）之約當發行股數（單位：股）,0,0,sii,https://mopsov.twse.com.tw/mops/web/ajax_t163sb05
中游,電源供應系統,2308,台達電,2015,3,balance_sheet,母公司暨子公司所持有之母公司庫藏股股數（單位：股）,0,0,sii,https://mopsov.twse.com.tw/mops/web/ajax_t163sb05
中游,電源供應系統,2308,台達電,2015,3,balance_sheet,每股參考淨值,39.17,39.17,sii,https://mopsov.twse.com.tw/mops/web/ajax_t163sb05
中游,電源供應系統,2301,光寶科,2015,3,cash_flow,營業活動之淨現金流入（流出）,7372999,"7,372,999",sii,https://mopsov.twse.com.tw/mops/web/ajax_t163sb20
中游,電源供應系統,2301,光寶科,2015,3,cash_flow,投資活動之淨現金流入（流出）,-4497729,"-4,497,729",sii,https://mopsov.twse.com.tw/mops/web/ajax_t163sb20
中游,電源供應系統,2301,光寶科,2015,3,cash_flow,籌資活動之淨現金流入（流出）,-8226145,"-8,226,145",sii,https://mopsov.twse.com.tw/mops/web/ajax_t163sb20
中游,電源供應系統,2301,光寶科,2015,3,cash_flow,匯率變動對現金及約當現金之影響,614081,"614,081",sii,https://mopsov.twse.com.tw/mops/web/ajax_t163sb20
中游,電源供應系統,2301,光寶科,2015,3,cash_flow,本期現金及約當現金增加（減少）數,-4736794,"-4,736,794",sii,https://mopsov.twse.com.tw/mops/web/ajax_t163sb20
中游,電源供應系統,2301,光寶科,2015,3,cash_flow,期初現金及約當現金餘額,66483356,"66,483,356",sii,https://mopsov.twse.com.tw/mops/web/ajax_t163sb20
中游,電源供應系統,2301,光寶科,2015,3,cash_flow,期末現金及約當現金餘額,61746562,"61,746,562",sii,https://mopsov.twse.com.tw/mops/web/ajax_t163sb20
中游,電源供應系統,2308,台達電,2015,3,cash_flow,營業活動之淨現金流入（流出）,15886107,"15,886,107",sii,https://mopsov.twse.com.tw/mops/web/ajax_t163sb20
中游,電源供應系統,2308,台達電,2015,3,cash_flow,投資活動之淨現金流入（流出）,-19895673,"-19,895,673",sii,https://mopsov.twse.com.tw/mops/web/ajax_t163sb20
中游,電源供應系統,2308,台達電,2015,3,cash_flow,籌資活動之淨現金流入（流出）,-19292982,"-19,292,982",sii,https://mopsov.twse.com.tw/mops/web/ajax_t163sb20
中游,電源供應系統,2308,台達電,2015,3,cash_flow,匯率變動對現金及約當現金之影響,600849,"600,849",sii,https://mopsov.twse.com.tw/mops/web/ajax_t163sb20
中游,電源供應系統,2308,台達電,2015,3,cash_flow,本期現金及約當現金增加（減少）數,-22701699,"-22,701,699",sii,https://mopsov.twse.com.tw/mops/web/ajax_t163sb20
中游,電源供應系統,2308,台達電,2015,3,cash_flow,期初現金及約當現金餘額,73459818,"73,459,818",sii,https://mopsov.twse.com.tw/mops/web/ajax_t163sb20
中游,電源供應系統,2308,台達電,2015,3,cash_flow,期末現金及約當現金餘額,50758119,"50,758,119",sii,https://mopsov.twse.com.tw/mops/web/ajax_t163sb20
中游,電源供應系統,2301,光寶科,2015,4,income_statement,營業收入,216928734,"216,928,734",sii,https://mopsov.twse.com.tw/mops/web/ajax_t163sb04
中游,電源供應系統,2301,光寶科,2015,4,income_statement,營業成本,188787517,"188,787,517",sii,https://mopsov.twse.com.tw/mops/web/ajax_t163sb04
中游,電源供應系統,2301,光寶科,2015,4,income_statement,營業毛利（毛損）,28141217,"28,141,217",sii,https://mopsov.twse.com.tw/mops/web/ajax_t163sb04
中游,電源供應系統,2301,光寶科,2015,4,income_statement,未實現銷貨（損）益,,--,sii,https://mopsov.twse.com.tw/mops/web/ajax_t163sb04
中游,電源供應系統,2301,光寶科,2015,4,income_statement,已實現銷貨（損）益,,--,sii,https://mopsov.twse.com.tw/mops/web/ajax_t163sb04
中游,電源供應系統,2301,光寶科,2015,4,income_statement,營業毛利（毛損）淨額,28141217,"28,141,217",sii,https://mopsov.twse.com.tw/mops/web/ajax_t163sb04
中游,電源供應系統,2301,光寶科,2015,4,income_statement,營業費用,19488394,"19,488,394",sii,https://mopsov.twse.com.tw/mops/web/ajax_t163sb04
中游,電源供應系統,2301,光寶科,2015,4,income_statement,其他收益及費損淨額,,--,sii,https://mopsov.twse.com.tw/mops/web/ajax_t163sb04
中游,電源供應系統,2301,光寶科,2015,4,income_statement,營業利益（損失）,8652823,"8,652,823",sii,https://mopsov.twse.com.tw/mops/web/ajax_t163sb04
中游,電源供應系統,2301,光寶科,2015,4,income_statement,營業外收入及支出,1353818,"1,353,818",sii,https://mopsov.twse.com.tw/mops/web/ajax_t163sb04
中游,電源供應系統,2301,光寶科,2015,4,income_statement,稅前淨利（淨損）,10006641,"10,006,641",sii,https://mopsov.twse.com.tw/mops/web/ajax_t163sb04
中游,電源供應系統,2301,光寶科,2015,4,income_statement,所得稅費用（利益）,2693809,"2,693,809",sii,https://mopsov.twse.com.tw/mops/web/ajax_t163sb04
中游,電源供應系統,2301,光寶科,2015,4,income_statement,繼續營業單位本期淨利（淨損）,7312832,"7,312,832",sii,https://mopsov.twse.com.tw/mops/web/ajax_t163sb04
中游,電源供應系統,2301,光寶科,2015,4,income_statement,停業單位損益,,--,sii,https://mopsov.twse.com.tw/mops/web/ajax_t163sb04
中游,電源供應系統,2301,光寶科,2015,4,income_statement,合併前非屬共同控制股權損益,,--,sii,https://mopsov.twse.com.tw/mops/web/ajax_t163sb04
中游,電源供應系統,2301,光寶科,2015,4,income_statement,本期淨利（淨損）,7312832,"7,312,832",sii,https://mopsov.twse.com.tw/mops/web/ajax_t163sb04
中游,電源供應系統,2301,光寶科,2015,4,income_statement,其他綜合損益（淨額）,-1195235,"-1,195,235",sii,https://mopsov.twse.com.tw/mops/web/ajax_t163sb04
中游,電源供應系統,2301,光寶科,2015,4,income_statement,合併前非屬共同控制股權綜合損益淨額,,--,sii,https://mopsov.twse.com.tw/mops/web/ajax_t163sb04
中游,電源供應系統,2301,光寶科,2015,4,income_statement,本期綜合損益總額,6117597,"6,117,597",sii,https://mopsov.twse.com.tw/mops/web/ajax_t163sb04
中游,電源供應系統,2301,光寶科,2015,4,income_statement,淨利（淨損）歸屬於母公司業主,7222899,"7,222,899",sii,https://mopsov.twse.com.tw/mops/web/ajax_t163sb04
中游,電源供應系統,2301,光寶科,2015,4,income_statement,淨利（淨損）歸屬於共同控制下前手權益,,--,sii,https://mopsov.twse.com.tw/mops/web/ajax_t163sb04
中游,電源供應系統,2301,光寶科,2015,4,income_statement,淨利（淨損）歸屬於非控制權益,89933,"89,933",sii,https://mopsov.twse.com.tw/mops/web/ajax_t163sb04
中游,電源供應系統,2301,光寶科,2015,4,income_statement,綜合損益總額歸屬於母公司業主,6080431,"6,080,431",sii,https://mopsov.twse.com.tw/mops/web/ajax_t163sb04
中游,電源供應系統,2301,光寶科,2015,4,income_statement,綜合損益總額歸屬於共同控制下前手權益,,--,sii,https://mopsov.twse.com.tw/mops/web/ajax_t163sb04
中游,電源供應系統,2301,光寶科,2015,4,income_statement,綜合損益總額歸屬於非控制權益,37166,"37,166",sii,https://mopsov.twse.com.tw/mops/web/ajax_t163sb04
中游,電源供應系統,2301,光寶科,2015,4,income_statement,基本每股盈餘（元）,3.11,3.11,sii,https://mopsov.twse.com.tw/mops/web/ajax_t163sb04
中游,電源供應系統,2308,台達電,2015,4,income_statement,營業收入,203451661,"203,451,661",sii,https://mopsov.twse.com.tw/mops/web/ajax_t163sb04
中游,電源供應系統,2308,台達電,2015,4,income_statement,營業成本,148082996,"148,082,996",sii,https://mopsov.twse.com.tw/mops/web/ajax_t163sb04
中游,電源供應系統,2308,台達電,2015,4,income_statement,營業毛利（毛損）,55368665,"55,368,665",sii,https://mopsov.twse.com.tw/mops/web/ajax_t163sb04
中游,電源供應系統,2308,台達電,2015,4,income_statement,未實現銷貨（損）益,,--,sii,https://mopsov.twse.com.tw/mops/web/ajax_t163sb04
中游,電源供應系統,2308,台達電,2015,4,income_statement,已實現銷貨（損）益,,--,sii,https://mopsov.twse.com.tw/mops/web/ajax_t163sb04
中游,電源供應系統,2308,台達電,2015,4,income_statement,營業毛利（毛損）淨額,55368665,"55,368,665",sii,https://mopsov.twse.com.tw/mops/web/ajax_t163sb04
中游,電源供應系統,2308,台達電,2015,4,income_statement,營業費用,34869751,"34,869,751",sii,https://mopsov.twse.com.tw/mops/web/ajax_t163sb04
中游,電源供應系統,2308,台達電,2015,4,income_statement,其他收益及費損淨額,,--,sii,https://mopsov.twse.com.tw/mops/web/ajax_t163sb04
中游,電源供應系統,2308,台達電,2015,4,income_statement,營業利益（損失）,20498914,"20,498,914",sii,https://mopsov.twse.com.tw/mops/web/ajax_t163sb04
中游,電源供應系統,2308,台達電,2015,4,income_statement,營業外收入及支出,4275882,"4,275,882",sii,https://mopsov.twse.com.tw/mops/web/ajax_t163sb04
中游,電源供應系統,2308,台達電,2015,4,income_statement,稅前淨利（淨損）,24774796,"24,774,796",sii,https://mopsov.twse.com.tw/mops/web/ajax_t163sb04
中游,電源供應系統,2308,台達電,2015,4,income_statement,所得稅費用（利益）,4892422,"4,892,422",sii,https://mopsov.twse.com.tw/mops/web/ajax_t163sb04
中游,電源供應系統,2308,台達電,2015,4,income_statement,繼續營業單位本期淨利（淨損）,19882374,"19,882,374",sii,https://mopsov.twse.com.tw/mops/web/ajax_t163sb04
中游,電源供應系統,2308,台達電,2015,4,income_statement,停業單位損益,,--,sii,https://mopsov.twse.com.tw/mops/web/ajax_t163sb04
中游,電源供應系統,2308,台達電,2015,4,income_statement,合併前非屬共同控制股權損益,,--,sii,https://mopsov.twse.com.tw/mops/web/ajax_t163sb04
中游,電源供應系統,2308,台達電,2015,4,income_statement,本期淨利（淨損）,19882374,"19,882,374",sii,https://mopsov.twse.com.tw/mops/web/ajax_t163sb04
中游,電源供應系統,2308,台達電,2015,4,income_statement,其他綜合損益（淨額）,566477,"566,477",sii,https://mopsov.twse.com.tw/mops/web/ajax_t163sb04
中游,電源供應系統,2308,台達電,2015,4,income_statement,合併前非屬共同控制股權綜合損益淨額,,--,sii,https://mopsov.twse.com.tw/mops/web/ajax_t163sb04
中游,電源供應系統,2308,台達電,2015,4,income_statement,本期綜合損益總額,20448851,"20,448,851",sii,https://mopsov.twse.com.tw/mops/web/ajax_t163sb04
中游,電源供應系統,2308,台達電,2015,4,income_statement,淨利（淨損）歸屬於母公司業主,18714623,"18,714,623",sii,https://mopsov.twse.com.tw/mops/web/ajax_t163sb04
中游,電源供應系統,2308,台達電,2015,4,income_statement,淨利（淨損）歸屬於共同控制下前手權益,,--,sii,https://mopsov.twse.com.tw/mops/web/ajax_t163sb04
中游,電源供應系統,2308,台達電,2015,4,income_statement,淨利（淨損）歸屬於非控制權益,1167751,"1,167,751",sii,https://mopsov.twse.com.tw/mops/web/ajax_t163sb04
中游,電源供應系統,2308,台達電,2015,4,income_statement,綜合損益總額歸屬於母公司業主,19248822,"19,248,822",sii,https://mopsov.twse.com.tw/mops/web/ajax_t163sb04
中游,電源供應系統,2308,台達電,2015,4,income_statement,綜合損益總額歸屬於共同控制下前手權益,,--,sii,https://mopsov.twse.com.tw/mops/web/ajax_t163sb04
中游,電源供應系統,2308,台達電,2015,4,income_statement,綜合損益總額歸屬於非控制權益,1200029,"1,200,029",sii,https://mopsov.twse.com.tw/mops/web/ajax_t163sb04
中游,電源供應系統,2308,台達電,2015,4,income_statement,基本每股盈餘（元）,7.67,7.67,sii,https://mopsov.twse.com.tw/mops/web/ajax_t163sb04
中游,電源供應系統,2301,光寶科,2015,4,balance_sheet,流動資產,150568075,"150,568,075",sii,https://mopsov.twse.com.tw/mops/web/ajax_t163sb05
中游,電源供應系統,2301,光寶科,2015,4,balance_sheet,非流動資產,59085788,"59,085,788",sii,https://mopsov.twse.com.tw/mops/web/ajax_t163sb05
中游,電源供應系統,2301,光寶科,2015,4,balance_sheet,資產總計,209653863,"209,653,863",sii,https://mopsov.twse.com.tw/mops/web/ajax_t163sb05
中游,電源供應系統,2301,光寶科,2015,4,balance_sheet,流動負債,109830689,"109,830,689",sii,https://mopsov.twse.com.tw/mops/web/ajax_t163sb05
中游,電源供應系統,2301,光寶科,2015,4,balance_sheet,非流動負債,20139581,"20,139,581",sii,https://mopsov.twse.com.tw/mops/web/ajax_t163sb05
中游,電源供應系統,2301,光寶科,2015,4,balance_sheet,負債總額,129970270,"129,970,270",sii,https://mopsov.twse.com.tw/mops/web/ajax_t163sb05
中游,電源供應系統,2301,光寶科,2015,4,balance_sheet,股本,23349283,"23,349,283",sii,https://mopsov.twse.com.tw/mops/web/ajax_t163sb05
中游,電源供應系統,2301,光寶科,2015,4,balance_sheet,資本公積,27326434,"27,326,434",sii,https://mopsov.twse.com.tw/mops/web/ajax_t163sb05
中游,電源供應系統,2301,光寶科,2015,4,balance_sheet,保留盈餘,23366328,"23,366,328",sii,https://mopsov.twse.com.tw/mops/web/ajax_t163sb05
中游,電源供應系統,2301,光寶科,2015,4,balance_sheet,其他權益,3195188,"3,195,188",sii,https://mopsov.twse.com.tw/mops/web/ajax_t163sb05
中游,電源供應系統,2301,光寶科,2015,4,balance_sheet,庫藏股票,-1248722,"-1,248,722",sii,https://mopsov.twse.com.tw/mops/web/ajax_t163sb05
中游,電源供應系統,2301,光寶科,2015,4,balance_sheet,歸屬於母公司業主之權益合計,75988511,"75,988,511",sii,https://mopsov.twse.com.tw/mops/web/ajax_t163sb05
中游,電源供應系統,2301,光寶科,2015,4,balance_sheet,共同控制下前手權益,,--,sii,https://mopsov.twse.com.tw/mops/web/ajax_t163sb05
中游,電源供應系統,2301,光寶科,2015,4,balance_sheet,合併前非屬共同控制股權,,--,sii,https://mopsov.twse.com.tw/mops/web/ajax_t163sb05
中游,電源供應系統,2301,光寶科,2015,4,balance_sheet,非控制權益,3695082,"3,695,082",sii,https://mopsov.twse.com.tw/mops/web/ajax_t163sb05
中游,電源供應系統,2301,光寶科,2015,4,balance_sheet,權益總額,79683593,"79,683,593",sii,https://mopsov.twse.com.tw/mops/web/ajax_t163sb05
中游,電源供應系統,2301,光寶科,2015,4,balance_sheet,待註銷股本股數（單位：股）,,--,sii,https://mopsov.twse.com.tw/mops/web/ajax_t163sb05
中游,電源供應系統,2301,光寶科,2015,4,balance_sheet,預收股款（權益項下）之約當發行股數（單位：股）,0,0,sii,https://mopsov.twse.com.tw/mops/web/ajax_t163sb05
中游,電源供應系統,2301,光寶科,2015,4,balance_sheet,母公司暨子公司所持有之母公司庫藏股股數（單位：股）,26708228,"26,708,228",sii,https://mopsov.twse.com.tw/mops/web/ajax_t163sb05
中游,電源供應系統,2301,光寶科,2015,4,balance_sheet,每股參考淨值,32.92,32.92,sii,https://mopsov.twse.com.tw/mops/web/ajax_t163sb05
中游,電源供應系統,2308,台達電,2015,4,balance_sheet,流動資產,132153481,"132,153,481",sii,https://mopsov.twse.com.tw/mops/web/ajax_t163sb05
中游,電源供應系統,2308,台達電,2015,4,balance_sheet,非流動資產,94122455,"94,122,455",sii,https://mopsov.twse.com.tw/mops/web/ajax_t163sb05
中游,電源供應系統,2308,台達電,2015,4,balance_sheet,資產總計,226275936,"226,275,936",sii,https://mopsov.twse.com.tw/mops/web/ajax_t163sb05
中游,電源供應系統,2308,台達電,2015,4,balance_sheet,流動負債,76352296,"76,352,296",sii,https://mopsov.twse.com.tw/mops/web/ajax_t163sb05
中游,電源供應系統,2308,台達電,2015,4,balance_sheet,非流動負債,20370831,"20,370,831",sii,https://mopsov.twse.com.tw/mops/web/ajax_t163sb05
中游,電源供應系統,2308,台達電,2015,4,balance_sheet,負債總額,96723127,"96,723,127",sii,https://mopsov.twse.com.tw/mops/web/ajax_t163sb05
中游,電源供應系統,2308,台達電,2015,4,balance_sheet,股本,25975433,"25,975,433",sii,https://mopsov.twse.com.tw/mops/web/ajax_t163sb05
中游,電源供應系統,2308,台達電,2015,4,balance_sheet,資本公積,48344161,"48,344,161",sii,https://mopsov.twse.com.tw/mops/web/ajax_t163sb05
中游,電源供應系統,2308,台達電,2015,4,balance_sheet,保留盈餘,46131086,"46,131,086",sii,https://mopsov.twse.com.tw/mops/web/ajax_t163sb05
中游,電源供應系統,2308,台達電,2015,4,balance_sheet,其他權益,3919507,"3,919,507",sii,https://mopsov.twse.com.tw/mops/web/ajax_t163sb05
中游,電源供應系統,2308,台達電,2015,4,balance_sheet,庫藏股票,,--,sii,https://mopsov.twse.com.tw/mops/web/ajax_t163sb05
中游,電源供應系統,2308,台達電,2015,4,balance_sheet,歸屬於母公司業主之權益合計,124370187,"124,370,187",sii,https://mopsov.twse.com.tw/mops/web/ajax_t163sb05
中游,電源供應系統,2308,台達電,2015,4,balance_sheet,共同控制下前手權益,,--,sii,https://mopsov.twse.com.tw/mops/web/ajax_t163sb05
中游,電源供應系統,2308,台達電,2015,4,balance_sheet,合併前非屬共同控制股權,,--,sii,https://mopsov.twse.com.tw/mops/web/ajax_t163sb05
中游,電源供應系統,2308,台達電,2015,4,balance_sheet,非控制權益,5182622,"5,182,622",sii,https://mopsov.twse.com.tw/mops/web/ajax_t163sb05
中游,電源供應系統,2308,台達電,2015,4,balance_sheet,權益總額,129552809,"129,552,809",sii,https://mopsov.twse.com.tw/mops/web/ajax_t163sb05
中游,電源供應系統,2308,台達電,2015,4,balance_sheet,待註銷股本股數（單位：股）,0,0,sii,https://mopsov.twse.com.tw/mops/web/ajax_t163sb05
中游,電源供應系統,2308,台達電,2015,4,balance_sheet,預收股款（權益項下）之約當發行股數（單位：股）,0,0,sii,https://mopsov.twse.com.tw/mops/web/ajax_t163sb05
中游,電源供應系統,2308,台達電,2015,4,balance_sheet,母公司暨子公司所持有之母公司庫藏股股數（單位：股）,0,0,sii,https://mopsov.twse.com.tw/mops/web/ajax_t163sb05
中游,電源供應系統,2308,台達電,2015,4,balance_sheet,每股參考淨值,47.88,47.88,sii,https://mopsov.twse.com.tw/mops/web/ajax_t163sb05
中游,電源供應系統,2301,光寶科,2015,4,cash_flow,營業活動之淨現金流入（流出）,15552262,"15,552,262",sii,https://mopsov.twse.com.tw/mops/web/ajax_t163sb20
中游,電源供應系統,2301,光寶科,2015,4,cash_flow,投資活動之淨現金流入（流出）,-4576340,"-4,576,340",sii,https://mopsov.twse.com.tw/mops/web/ajax_t163sb20
中游,電源供應系統,2301,光寶科,2015,4,cash_flow,籌資活動之淨現金流入（流出）,-11801135,"-11,801,135",sii,https://mopsov.twse.com.tw/mops/web/ajax_t163sb20
中游,電源供應系統,2301,光寶科,2015,4,cash_flow,匯率變動對現金及約當現金之影響,-156336,"-156,336",sii,https://mopsov.twse.com.tw/mops/web/ajax_t163sb20
中游,電源供應系統,2301,光寶科,2015,4,cash_flow,本期現金及約當現金增加（減少）數,-981549,"-981,549",sii,https://mopsov.twse.com.tw/mops/web/ajax_t163sb20
中游,電源供應系統,2301,光寶科,2015,4,cash_flow,期初現金及約當現金餘額,66483356,"66,483,356",sii,https://mopsov.twse.com.tw/mops/web/ajax_t163sb20
中游,電源供應系統,2301,光寶科,2015,4,cash_flow,期末現金及約當現金餘額,65501807,"65,501,807",sii,https://mopsov.twse.com.tw/mops/web/ajax_t163sb20
中游,電源供應系統,2308,台達電,2015,4,cash_flow,營業活動之淨現金流入（流出）,31059105,"31,059,105",sii,https://mopsov.twse.com.tw/mops/web/ajax_t163sb20
中游,電源供應系統,2308,台達電,2015,4,cash_flow,投資活動之淨現金流入（流出）,-23585057,"-23,585,057",sii,https://mopsov.twse.com.tw/mops/web/ajax_t163sb20
中游,電源供應系統,2308,台達電,2015,4,cash_flow,籌資活動之淨現金流入（流出）,-30651734,"-30,651,734",sii,https://mopsov.twse.com.tw/mops/web/ajax_t163sb20
中游,電源供應系統,2308,台達電,2015,4,cash_flow,匯率變動對現金及約當現金之影響,970321,"970,321",sii,https://mopsov.twse.com.tw/mops/web/ajax_t163sb20
中游,電源供應系統,2308,台達電,2015,4,cash_flow,本期現金及約當現金增加（減少）數,-22207365,"-22,207,365",sii,https://mopsov.twse.com.tw/mops/web/ajax_t163sb20
中游,電源供應系統,2308,台達電,2015,4,cash_flow,期初現金及約當現金餘額,73459818,"73,459,818",sii,https://mopsov.twse.com.tw/mops/web/ajax_t163sb20
中游,電源供應系統,2308,台達電,2015,4,cash_flow,期末現金及約當現金餘額,51252453,"51,252,453",sii,https://mopsov.twse.com.tw/mops/web/ajax_t163sb20
中游,電源供應系統,2301,光寶科,2016,1,income_statement,營業收入,49842055,"49,842,055",sii,https://mopsov.twse.com.tw/mops/web/ajax_t163sb04
中游,電源供應系統,2301,光寶科,2016,1,income_statement,營業成本,43250498,"43,250,498",sii,https://mopsov.twse.com.tw/mops/web/ajax_t163sb04
中游,電源供應系統,2301,光寶科,2016,1,income_statement,營業毛利（毛損）,6591557,"6,591,557",sii,https://mopsov.twse.com.tw/mops/web/ajax_t163sb04
中游,電源供應系統,2301,光寶科,2016,1,income_statement,未實現銷貨（損）益,,--,sii,https://mopsov.twse.com.tw/mops/web/ajax_t163sb04
中游,電源供應系統,2301,光寶科,2016,1,income_statement,已實現銷貨（損）益,,--,sii,https://mopsov.twse.com.tw/mops/web/ajax_t163sb04
中游,電源供應系統,2301,光寶科,2016,1,income_statement,營業毛利（毛損）淨額,6591557,"6,591,557",sii,https://mopsov.twse.com.tw/mops/web/ajax_t163sb04
中游,電源供應系統,2301,光寶科,2016,1,income_statement,營業費用,4554492,"4,554,492",sii,https://mopsov.twse.com.tw/mops/web/ajax_t163sb04
中游,電源供應系統,2301,光寶科,2016,1,income_statement,其他收益及費損淨額,,--,sii,https://mopsov.twse.com.tw/mops/web/ajax_t163sb04
中游,電源供應系統,2301,光寶科,2016,1,income_statement,營業利益（損失）,2037065,"2,037,065",sii,https://mopsov.twse.com.tw/mops/web/ajax_t163sb04
中游,電源供應系統,2301,光寶科,2016,1,income_statement,營業外收入及支出,191766,"191,766",sii,https://mopsov.twse.com.tw/mops/web/ajax_t163sb04
中游,電源供應系統,2301,光寶科,2016,1,income_statement,稅前淨利（淨損）,2228831,"2,228,831",sii,https://mopsov.twse.com.tw/mops/web/ajax_t163sb04
中游,電源供應系統,2301,光寶科,2016,1,income_statement,所得稅費用（利益）,567450,"567,450",sii,https://mopsov.twse.com.tw/mops/web/ajax_t163sb04
中游,電源供應系統,2301,光寶科,2016,1,income_statement,繼續營業單位本期淨利（淨損）,1661381,"1,661,381",sii,https://mopsov.twse.com.tw/mops/web/ajax_t163sb04
中游,電源供應系統,2301,光寶科,2016,1,income_statement,停業單位損益,,--,sii,https://mopsov.twse.com.tw/mops/web/ajax_t163sb04
中游,電源供應系統,2301,光寶科,2016,1,income_statement,合併前非屬共同控制股權損益,,--,sii,https://mopsov.twse.com.tw/mops/web/ajax_t163sb04
中游,電源供應系統,2301,光寶科,2016,1,income_statement,本期淨利（淨損）,1661381,"1,661,381",sii,https://mopsov.twse.com.tw/mops/web/ajax_t163sb04
中游,電源供應系統,2301,光寶科,2016,1,income_statement,其他綜合損益（淨額）,-901074,"-901,074",sii,https://mopsov.twse.com.tw/mops/web/ajax_t163sb04
中游,電源供應系統,2301,光寶科,2016,1,income_statement,合併前非屬共同控制股權綜合損益淨額,,--,sii,https://mopsov.twse.com.tw/mops/web/ajax_t163sb04
中游,電源供應系統,2301,光寶科,2016,1,income_statement,本期綜合損益總額,760307,"760,307",sii,https://mopsov.twse.com.tw/mops/web/ajax_t163sb04
中游,電源供應系統,2301,光寶科,2016,1,income_statement,淨利（淨損）歸屬於母公司業主,1707943,"1,707,943",sii,https://mopsov.twse.com.tw/mops/web/ajax_t163sb04
中游,電源供應系統,2301,光寶科,2016,1,income_statement,淨利（淨損）歸屬於共同控制下前手權益,,--,sii,https://mopsov.twse.com.tw/mops/web/ajax_t163sb04
中游,電源供應系統,2301,光寶科,2016,1,income_statement,淨利（淨損）歸屬於非控制權益,-46562,"-46,562",sii,https://mopsov.twse.com.tw/mops/web/ajax_t163sb04
中游,電源供應系統,2301,光寶科,2016,1,income_statement,綜合損益總額歸屬於母公司業主,815212,"815,212",sii,https://mopsov.twse.com.tw/mops/web/ajax_t163sb04
中游,電源供應系統,2301,光寶科,2016,1,income_statement,綜合損益總額歸屬於共同控制下前手權益,,--,sii,https://mopsov.twse.com.tw/mops/web/ajax_t163sb04
中游,電源供應系統,2301,光寶科,2016,1,income_statement,綜合損益總額歸屬於非控制權益,-54905,"-54,905",sii,https://mopsov.twse.com.tw/mops/web/ajax_t163sb04
中游,電源供應系統,2301,光寶科,2016,1,income_statement,基本每股盈餘（元）,0.74,0.74,sii,https://mopsov.twse.com.tw/mops/web/ajax_t163sb04
中游,電源供應系統,2308,台達電,2016,1,income_statement,營業收入,47607216,"47,607,216",sii,https://mopsov.twse.com.tw/mops/web/ajax_t163sb04
中游,電源供應系統,2308,台達電,2016,1,income_statement,營業成本,34780621,"34,780,621",sii,https://mopsov.twse.com.tw/mops/web/ajax_t163sb04
中游,電源供應系統,2308,台達電,2016,1,income_statement,營業毛利（毛損）,12826595,"12,826,595",sii,https://mopsov.twse.com.tw/mops/web/ajax_t163sb04
中游,電源供應系統,2308,台達電,2016,1,income_statement,未實現銷貨（損）益,,--,sii,https://mopsov.twse.com.tw/mops/web/ajax_t163sb04
中游,電源供應系統,2308,台達電,2016,1,income_statement,已實現銷貨（損）益,,--,sii,https://mopsov.twse.com.tw/mops/web/ajax_t163sb04
中游,電源供應系統,2308,台達電,2016,1,income_statement,營業毛利（毛損）淨額,12826595,"12,826,595",sii,https://mopsov.twse.com.tw/mops/web/ajax_t163sb04
中游,電源供應系統,2308,台達電,2016,1,income_statement,營業費用,8957474,"8,957,474",sii,https://mopsov.twse.com.tw/mops/web/ajax_t163sb04
中游,電源供應系統,2308,台達電,2016,1,income_statement,其他收益及費損淨額,,--,sii,https://mopsov.twse.com.tw/mops/web/ajax_t163sb04
中游,電源供應系統,2308,台達電,2016,1,income_statement,營業利益（損失）,3869121,"3,869,121",sii,https://mopsov.twse.com.tw/mops/web/ajax_t163sb04
中游,電源供應系統,2308,台達電,2016,1,income_statement,營業外收入及支出,1366153,"1,366,153",sii,https://mopsov.twse.com.tw/mops/web/ajax_t163sb04
中游,電源供應系統,2308,台達電,2016,1,income_statement,稅前淨利（淨損）,5235274,"5,235,274",sii,https://mopsov.twse.com.tw/mops/web/ajax_t163sb04
中游,電源供應系統,2308,台達電,2016,1,income_statement,所得稅費用（利益）,1188959,"1,188,959",sii,https://mopsov.twse.com.tw/mops/web/ajax_t163sb04
中游,電源供應系統,2308,台達電,2016,1,income_statement,繼續營業單位本期淨利（淨損）,4046315,"4,046,315",sii,https://mopsov.twse.com.tw/mops/web/ajax_t163sb04
中游,電源供應系統,2308,台達電,2016,1,income_statement,停業單位損益,,--,sii,https://mopsov.twse.com.tw/mops/web/ajax_t163sb04
中游,電源供應系統,2308,台達電,2016,1,income_statement,合併前非屬共同控制股權損益,,--,sii,https://mopsov.twse.com.tw/mops/web/ajax_t163sb04
中游,電源供應系統,2308,台達電,2016,1,income_statement,本期淨利（淨損）,4046315,"4,046,315",sii,https://mopsov.twse.com.tw/mops/web/ajax_t163sb04
中游,電源供應系統,2308,台達電,2016,1,income_statement,其他綜合損益（淨額）,-2461231,"-2,461,231",sii,https://mopsov.twse.com.tw/mops/web/ajax_t163sb04
中游,電源供應系統,2308,台達電,2016,1,income_statement,合併前非屬共同控制股權綜合損益淨額,,--,sii,https://mopsov.twse.com.tw/mops/web/ajax_t163sb04
中游,電源供應系統,2308,台達電,2016,1,income_statement,本期綜合損益總額,1585084,"1,585,084",sii,https://mopsov.twse.com.tw/mops/web/ajax_t163sb04
中游,電源供應系統,2308,台達電,2016,1,income_statement,淨利（淨損）歸屬於母公司業主,3886768,"3,886,768",sii,https://mopsov.twse.com.tw/mops/web/ajax_t163sb04
中游,電源供應系統,2308,台達電,2016,1,income_statement,淨利（淨損）歸屬於共同控制下前手權益,,--,sii,https://mopsov.twse.com.tw/mops/web/ajax_t163sb04
中游,電源供應系統,2308,台達電,2016,1,income_statement,淨利（淨損）歸屬於非控制權益,159547,"159,547",sii,https://mopsov.twse.com.tw/mops/web/ajax_t163sb04
中游,電源供應系統,2308,台達電,2016,1,income_statement,綜合損益總額歸屬於母公司業主,1491336,"1,491,336",sii,https://mopsov.twse.com.tw/mops/web/ajax_t163sb04
中游,電源供應系統,2308,台達電,2016,1,income_statement,綜合損益總額歸屬於共同控制下前手權益,,--,sii,https://mopsov.twse.com.tw/mops/web/ajax_t163sb04
中游,電源供應系統,2308,台達電,2016,1,income_statement,綜合損益總額歸屬於非控制權益,93748,"93,748",sii,https://mopsov.twse.com.tw/mops/web/ajax_t163sb04
中游,電源供應系統,2308,台達電,2016,1,income_statement,基本每股盈餘（元）,1.5,1.50,sii,https://mopsov.twse.com.tw/mops/web/ajax_t163sb04
中游,電源供應系統,2301,光寶科,2016,1,balance_sheet,流動資產,140040732,"140,040,732",sii,https://mopsov.twse.com.tw/mops/web/ajax_t163sb05
中游,電源供應系統,2301,光寶科,2016,1,balance_sheet,非流動資產,57165920,"57,165,920",sii,https://mopsov.twse.com.tw/mops/web/ajax_t163sb05
中游,電源供應系統,2301,光寶科,2016,1,balance_sheet,資產總計,197206652,"197,206,652",sii,https://mopsov.twse.com.tw/mops/web/ajax_t163sb05
中游,電源供應系統,2301,光寶科,2016,1,balance_sheet,流動負債,99216844,"99,216,844",sii,https://mopsov.twse.com.tw/mops/web/ajax_t163sb05
中游,電源供應系統,2301,光寶科,2016,1,balance_sheet,非流動負債,17557012,"17,557,012",sii,https://mopsov.twse.com.tw/mops/web/ajax_t163sb05
中游,電源供應系統,2301,光寶科,2016,1,balance_sheet,負債總額,116773856,"116,773,856",sii,https://mopsov.twse.com.tw/mops/web/ajax_t163sb05
中游,電源供應系統,2301,光寶科,2016,1,balance_sheet,股本,23349283,"23,349,283",sii,https://mopsov.twse.com.tw/mops/web/ajax_t163sb05
中游,電源供應系統,2301,光寶科,2016,1,balance_sheet,資本公積,27319878,"27,319,878",sii,https://mopsov.twse.com.tw/mops/web/ajax_t163sb05
中游,電源供應系統,2301,光寶科,2016,1,balance_sheet,保留盈餘,25074271,"25,074,271",sii,https://mopsov.twse.com.tw/mops/web/ajax_t163sb05
中游,電源供應系統,2301,光寶科,2016,1,balance_sheet,其他權益,2302457,"2,302,457",sii,https://mopsov.twse.com.tw/mops/web/ajax_t163sb05
中游,電源供應系統,2301,光寶科,2016,1,balance_sheet,庫藏股票,-1248722,"-1,248,722",sii,https://mopsov.twse.com.tw/mops/web/ajax_t163sb05
中游,電源供應系統,2301,光寶科,2016,1,balance_sheet,歸屬於母公司業主之權益合計,76797167,"76,797,167",sii,https://mopsov.twse.com.tw/mops/web/ajax_t163sb05
中游,電源供應系統,2301,光寶科,2016,1,balance_sheet,共同控制下前手權益,,--,sii,https://mopsov.twse.com.tw/mops/web/ajax_t163sb05
中游,電源供應系統,2301,光寶科,2016,1,balance_sheet,合併前非屬共同控制股權,,--,sii,https://mopsov.twse.com.tw/mops/web/ajax_t163sb05
中游,電源供應系統,2301,光寶科,2016,1,balance_sheet,非控制權益,3635629,"3,635,629",sii,https://mopsov.twse.com.tw/mops/web/ajax_t163sb05
中游,電源供應系統,2301,光寶科,2016,1,balance_sheet,權益總額,80432796,"80,432,796",sii,https://mopsov.twse.com.tw/mops/web/ajax_t163sb05
中游,電源供應系統,2301,光寶科,2016,1,balance_sheet,待註銷股本股數（單位：股）,,--,sii,https://mopsov.twse.com.tw/mops/web/ajax_t163sb05
中游,電源供應系統,2301,光寶科,2016,1,balance_sheet,預收股款（權益項下）之約當發行股數（單位：股）,0,0,sii,https://mopsov.twse.com.tw/mops/web/ajax_t163sb05
中游,電源供應系統,2301,光寶科,2016,1,balance_sheet,母公司暨子公司所持有之母公司庫藏股股數（單位：股）,26708228,"26,708,228",sii,https://mopsov.twse.com.tw/mops/web/ajax_t163sb05
中游,電源供應系統,2301,光寶科,2016,1,balance_sheet,每股參考淨值,33.27,33.27,sii,https://mopsov.twse.com.tw/mops/web/ajax_t163sb05
中游,電源供應系統,2308,台達電,2016,1,balance_sheet,流動資產,129907558,"129,907,558",sii,https://mopsov.twse.com.tw/mops/web/ajax_t163sb05
中游,電源供應系統,2308,台達電,2016,1,balance_sheet,非流動資產,91991037,"91,991,037",sii,https://mopsov.twse.com.tw/mops/web/ajax_t163sb05
中游,電源供應系統,2308,台達電,2016,1,balance_sheet,資產總計,221898595,"221,898,595",sii,https://mopsov.twse.com.tw/mops/web/ajax_t163sb05
中游,電源供應系統,2308,台達電,2016,1,balance_sheet,流動負債,69333665,"69,333,665",sii,https://mopsov.twse.com.tw/mops/web/ajax_t163sb05
中游,電源供應系統,2308,台達電,2016,1,balance_sheet,非流動負債,21361021,"21,361,021",sii,https://mopsov.twse.com.tw/mops/web/ajax_t163sb05
中游,電源供應系統,2308,台達電,2016,1,balance_sheet,負債總額,90694686,"90,694,686",sii,https://mopsov.twse.com.tw/mops/web/ajax_t163sb05
中游,電源供應系統,2308,台達電,2016,1,balance_sheet,股本,25975433,"25,975,433",sii,https://mopsov.twse.com.tw/mops/web/ajax_t163sb05
中游,電源供應系統,2308,台達電,2016,1,balance_sheet,資本公積,48331520,"48,331,520",sii,https://mopsov.twse.com.tw/mops/web/ajax_t163sb05
中游,電源供應系統,2308,台達電,2016,1,balance_sheet,保留盈餘,50017742,"50,017,742",sii,https://mopsov.twse.com.tw/mops/web/ajax_t163sb05
中游,電源供應系統,2308,台達電,2016,1,balance_sheet,其他權益,1524187,"1,524,187",sii,https://mopsov.twse.com.tw/mops/web/ajax_t163sb05
中游,電源供應系統,2308,台達電,2016,1,balance_sheet,庫藏股票,,--,sii,https://mopsov.twse.com.tw/mops/web/ajax_t163sb05
中游,電源供應系統,2308,台達電,2016,1,balance_sheet,歸屬於母公司業主之權益合計,125848882,"125,848,882",sii,https://mopsov.twse.com.tw/mops/web/ajax_t163sb05
中游,電源供應系統,2308,台達電,2016,1,balance_sheet,共同控制下前手權益,,--,sii,https://mopsov.twse.com.tw/mops/web/ajax_t163sb05
中游,電源供應系統,2308,台達電,2016,1,balance_sheet,合併前非屬共同控制股權,,--,sii,https://mopsov.twse.com.tw/mops/web/ajax_t163sb05
中游,電源供應系統,2308,台達電,2016,1,balance_sheet,非控制權益,5355027,"5,355,027",sii,https://mopsov.twse.com.tw/mops/web/ajax_t163sb05
中游,電源供應系統,2308,台達電,2016,1,balance_sheet,權益總額,131203909,"131,203,909",sii,https://mopsov.twse.com.tw/mops/web/ajax_t163sb05
中游,電源供應系統,2308,台達電,2016,1,balance_sheet,待註銷股本股數（單位：股）,0,0,sii,https://mopsov.twse.com.tw/mops/web/ajax_t163sb05
中游,電源供應系統,2308,台達電,2016,1,balance_sheet,預收股款（權益項下）之約當發行股數（單位：股）,0,0,sii,https://mopsov.twse.com.tw/mops/web/ajax_t163sb05
中游,電源供應系統,2308,台達電,2016,1,balance_sheet,母公司暨子公司所持有之母公司庫藏股股數（單位：股）,0,0,sii,https://mopsov.twse.com.tw/mops/web/ajax_t163sb05
中游,電源供應系統,2308,台達電,2016,1,balance_sheet,每股參考淨值,48.45,48.45,sii,https://mopsov.twse.com.tw/mops/web/ajax_t163sb05
中游,電源供應系統,2301,光寶科,2016,1,cash_flow,營業活動之淨現金流入（流出）,1900065,"1,900,065",sii,https://mopsov.twse.com.tw/mops/web/ajax_t163sb20
中游,電源供應系統,2301,光寶科,2016,1,cash_flow,投資活動之淨現金流入（流出）,-1104574,"-1,104,574",sii,https://mopsov.twse.com.tw/mops/web/ajax_t163sb20
中游,電源供應系統,2301,光寶科,2016,1,cash_flow,籌資活動之淨現金流入（流出）,-3056313,"-3,056,313",sii,https://mopsov.twse.com.tw/mops/web/ajax_t163sb20
中游,電源供應系統,2301,光寶科,2016,1,cash_flow,匯率變動對現金及約當現金之影響,-763722,"-763,722",sii,https://mopsov.twse.com.tw/mops/web/ajax_t163sb20
中游,電源供應系統,2301,光寶科,2016,1,cash_flow,本期現金及約當現金增加（減少）數,-3024544,"-3,024,544",sii,https://mopsov.twse.com.tw/mops/web/ajax_t163sb20
中游,電源供應系統,2301,光寶科,2016,1,cash_flow,期初現金及約當現金餘額,65501807,"65,501,807",sii,https://mopsov.twse.com.tw/mops/web/ajax_t163sb20
中游,電源供應系統,2301,光寶科,2016,1,cash_flow,期末現金及約當現金餘額,62477263,"62,477,263",sii,https://mopsov.twse.com.tw/mops/web/ajax_t163sb20
中游,電源供應系統,2308,台達電,2016,1,cash_flow,營業活動之淨現金流入（流出）,5119482,"5,119,482",sii,https://mopsov.twse.com.tw/mops/web/ajax_t163sb20
中游,電源供應系統,2308,台達電,2016,1,cash_flow,投資活動之淨現金流入（流出）,-1783901,"-1,783,901",sii,https://mopsov.twse.com.tw/mops/web/ajax_t163sb20
中游,電源供應系統,2308,台達電,2016,1,cash_flow,籌資活動之淨現金流入（流出）,2828266,"2,828,266",sii,https://mopsov.twse.com.tw/mops/web/ajax_t163sb20
中游,電源供應系統,2308,台達電,2016,1,cash_flow,匯率變動對現金及約當現金之影響,-1205389,"-1,205,389",sii,https://mopsov.twse.com.tw/mops/web/ajax_t163sb20
中游,電源供應系統,2308,台達電,2016,1,cash_flow,本期現金及約當現金增加（減少）數,4958458,"4,958,458",sii,https://mopsov.twse.com.tw/mops/web/ajax_t163sb20
中游,電源供應系統,2308,台達電,2016,1,cash_flow,期初現金及約當現金餘額,51252453,"51,252,453",sii,https://mopsov.twse.com.tw/mops/web/ajax_t163sb20
中游,電源供應系統,2308,台達電,2016,1,cash_flow,期末現金及約當現金餘額,56210911,"56,210,911",sii,https://mopsov.twse.com.tw/mops/web/ajax_t163sb20
中游,電源供應系統,2301,光寶科,2016,2,income_statement,營業收入,103631478,"103,631,478",sii,https://mopsov.twse.com.tw/mops/web/ajax_t163sb04
中游,電源供應系統,2301,光寶科,2016,2,income_statement,營業成本,90217646,"90,217,646",sii,https://mopsov.twse.com.tw/mops/web/ajax_t163sb04
中游,電源供應系統,2301,光寶科,2016,2,income_statement,營業毛利（毛損）,13413832,"13,413,832",sii,https://mopsov.twse.com.tw/mops/web/ajax_t163sb04
中游,電源供應系統,2301,光寶科,2016,2,income_statement,未實現銷貨（損）益,,--,sii,https://mopsov.twse.com.tw/mops/web/ajax_t163sb04
中游,電源供應系統,2301,光寶科,2016,2,income_statement,已實現銷貨（損）益,,--,sii,https://mopsov.twse.com.tw/mops/web/ajax_t163sb04
中游,電源供應系統,2301,光寶科,2016,2,income_statement,營業毛利（毛損）淨額,13413832,"13,413,832",sii,https://mopsov.twse.com.tw/mops/web/ajax_t163sb04
中游,電源供應系統,2301,光寶科,2016,2,income_statement,營業費用,8996457,"8,996,457",sii,https://mopsov.twse.com.tw/mops/web/ajax_t163sb04
中游,電源供應系統,2301,光寶科,2016,2,income_statement,其他收益及費損淨額,,--,sii,https://mopsov.twse.com.tw/mops/web/ajax_t163sb04
中游,電源供應系統,2301,光寶科,2016,2,income_statement,營業利益（損失）,4417375,"4,417,375",sii,https://mopsov.twse.com.tw/mops/web/ajax_t163sb04
中游,電源供應系統,2301,光寶科,2016,2,income_statement,營業外收入及支出,361256,"361,256",sii,https://mopsov.twse.com.tw/mops/web/ajax_t163sb04
中游,電源供應系統,2301,光寶科,2016,2,income_statement,稅前淨利（淨損）,4778631,"4,778,631",sii,https://mopsov.twse.com.tw/mops/web/ajax_t163sb04
中游,電源供應系統,2301,光寶科,2016,2,income_statement,所得稅費用（利益）,1161630,"1,161,630",sii,https://mopsov.twse.com.tw/mops/web/ajax_t163sb04
中游,電源供應系統,2301,光寶科,2016,2,income_statement,繼續營業單位本期淨利（淨損）,3617001,"3,617,001",sii,https://mopsov.twse.com.tw/mops/web/ajax_t163sb04
中游,電源供應系統,2301,光寶科,2016,2,income_statement,停業單位損益,,--,sii,https://mopsov.twse.com.tw/mops/web/ajax_t163sb04
中游,電源供應系統,2301,光寶科,2016,2,income_statement,合併前非屬共同控制股權損益,,--,sii,https://mopsov.twse.com.tw/mops/web/ajax_t163sb04
中游,電源供應系統,2301,光寶科,2016,2,income_statement,本期淨利（淨損）,3617001,"3,617,001",sii,https://mopsov.twse.com.tw/mops/web/ajax_t163sb04
中游,電源供應系統,2301,光寶科,2016,2,income_statement,其他綜合損益（淨額）,-2102201,"-2,102,201",sii,https://mopsov.twse.com.tw/mops/web/ajax_t163sb04
中游,電源供應系統,2301,光寶科,2016,2,income_statement,合併前非屬共同控制股權綜合損益淨額,,--,sii,https://mopsov.twse.com.tw/mops/web/ajax_t163sb04
中游,電源供應系統,2301,光寶科,2016,2,income_statement,本期綜合損益總額,1514800,"1,514,800",sii,https://mopsov.twse.com.tw/mops/web/ajax_t163sb04
中游,電源供應系統,2301,光寶科,2016,2,income_statement,淨利（淨損）歸屬於母公司業主,3650004,"3,650,004",sii,https://mopsov.twse.com.tw/mops/web/ajax_t163sb04
中游,電源供應系統,2301,光寶科,2016,2,income_statement,淨利（淨損）歸屬於共同控制下前手權益,,--,sii,https://mopsov.twse.com.tw/mops/web/ajax_t163sb04
中游,電源供應系統,2301,光寶科,2016,2,income_statement,淨利（淨損）歸屬於非控制權益,-33003,"-33,003",sii,https://mopsov.twse.com.tw/mops/web/ajax_t163sb04
中游,電源供應系統,2301,光寶科,2016,2,income_statement,綜合損益總額歸屬於母公司業主,1586863,"1,586,863",sii,https://mopsov.twse.com.tw/mops/web/ajax_t163sb04
中游,電源供應系統,2301,光寶科,2016,2,income_statement,綜合損益總額歸屬於共同控制下前手權益,,--,sii,https://mopsov.twse.com.tw/mops/web/ajax_t163sb04
中游,電源供應系統,2301,光寶科,2016,2,income_statement,綜合損益總額歸屬於非控制權益,-72063,"-72,063",sii,https://mopsov.twse.com.tw/mops/web/ajax_t163sb04
中游,電源供應系統,2301,光寶科,2016,2,income_statement,基本每股盈餘（元）,1.58,1.58,sii,https://mopsov.twse.com.tw/mops/web/ajax_t163sb04
中游,電源供應系統,2308,台達電,2016,2,income_statement,營業收入,100273263,"100,273,263",sii,https://mopsov.twse.com.tw/mops/web/ajax_t163sb04
中游,電源供應系統,2308,台達電,2016,2,income_statement,營業成本,72673342,"72,673,342",sii,https://mopsov.twse.com.tw/mops/web/ajax_t163sb04
中游,電源供應系統,2308,台達電,2016,2,income_statement,營業毛利（毛損）,27599921,"27,599,921",sii,https://mopsov.twse.com.tw/mops/web/ajax_t163sb04
中游,電源供應系統,2308,台達電,2016,2,income_statement,未實現銷貨（損）益,,--,sii,https://mopsov.twse.com.tw/mops/web/ajax_t163sb04
中游,電源供應系統,2308,台達電,2016,2,income_statement,已實現銷貨（損）益,,--,sii,https://mopsov.twse.com.tw/mops/web/ajax_t163sb04
中游,電源供應系統,2308,台達電,2016,2,income_statement,營業毛利（毛損）淨額,27599921,"27,599,921",sii,https://mopsov.twse.com.tw/mops/web/ajax_t163sb04
中游,電源供應系統,2308,台達電,2016,2,income_statement,營業費用,18527433,"18,527,433",sii,https://mopsov.twse.com.tw/mops/web/ajax_t163sb04
中游,電源供應系統,2308,台達電,2016,2,income_statement,其他收益及費損淨額,,--,sii,https://mopsov.twse.com.tw/mops/web/ajax_t163sb04
中游,電源供應系統,2308,台達電,2016,2,income_statement,營業利益（損失）,9072488,"9,072,488",sii,https://mopsov.twse.com.tw/mops/web/ajax_t163sb04
中游,電源供應系統,2308,台達電,2016,2,income_statement,營業外收入及支出,2004244,"2,004,244",sii,https://mopsov.twse.com.tw/mops/web/ajax_t163sb04
中游,電源供應系統,2308,台達電,2016,2,income_statement,稅前淨利（淨損）,11076732,"11,076,732",sii,https://mopsov.twse.com.tw/mops/web/ajax_t163sb04
中游,電源供應系統,2308,台達電,2016,2,income_statement,所得稅費用（利益）,2664035,"2,664,035",sii,https://mopsov.twse.com.tw/mops/web/ajax_t163sb04
中游,電源供應系統,2308,台達電,2016,2,income_statement,繼續營業單位本期淨利（淨損）,8412697,"8,412,697",sii,https://mopsov.twse.com.tw/mops/web/ajax_t163sb04
中游,電源供應系統,2308,台達電,2016,2,income_statement,停業單位損益,,--,sii,https://mopsov.twse.com.tw/mops/web/ajax_t163sb04
中游,電源供應系統,2308,台達電,2016,2,income_statement,合併前非屬共同控制股權損益,,--,sii,https://mopsov.twse.com.tw/mops/web/ajax_t163sb04
中游,電源供應系統,2308,台達電,2016,2,income_statement,本期淨利（淨損）,8412697,"8,412,697",sii,https://mopsov.twse.com.tw/mops/web/ajax_t163sb04
中游,電源供應系統,2308,台達電,2016,2,income_statement,其他綜合損益（淨額）,-3805918,"-3,805,918",sii,https://mopsov.twse.com.tw/mops/web/ajax_t163sb04
中游,電源供應系統,2308,台達電,2016,2,income_statement,合併前非屬共同控制股權綜合損益淨額,,--,sii,https://mopsov.twse.com.tw/mops/web/ajax_t163sb04
中游,電源供應系統,2308,台達電,2016,2,income_statement,本期綜合損益總額,4606779,"4,606,779",sii,https://mopsov.twse.com.tw/mops/web/ajax_t163sb04
中游,電源供應系統,2308,台達電,2016,2,income_statement,淨利（淨損）歸屬於母公司業主,8179935,"8,179,935",sii,https://mopsov.twse.com.tw/mops/web/ajax_t163sb04
中游,電源供應系統,2308,台達電,2016,2,income_statement,淨利（淨損）歸屬於共同控制下前手權益,,--,sii,https://mopsov.twse.com.tw/mops/web/ajax_t163sb04
中游,電源供應系統,2308,台達電,2016,2,income_statement,淨利（淨損）歸屬於非控制權益,232762,"232,762",sii,https://mopsov.twse.com.tw/mops/web/ajax_t163sb04
中游,電源供應系統,2308,台達電,2016,2,income_statement,綜合損益總額歸屬於母公司業主,4495930,"4,495,930",sii,https://mopsov.twse.com.tw/mops/web/ajax_t163sb04
中游,電源供應系統,2308,台達電,2016,2,income_statement,綜合損益總額歸屬於共同控制下前手權益,,--,sii,https://mopsov.twse.com.tw/mops/web/ajax_t163sb04
中游,電源供應系統,2308,台達電,2016,2,income_statement,綜合損益總額歸屬於非控制權益,110849,"110,849",sii,https://mopsov.twse.com.tw/mops/web/ajax_t163sb04
中游,電源供應系統,2308,台達電,2016,2,income_statement,基本每股盈餘（元）,3.15,3.15,sii,https://mopsov.twse.com.tw/mops/web/ajax_t163sb04
中游,電源供應系統,2301,光寶科,2016,2,balance_sheet,流動資產,146766947,"146,766,947",sii,https://mopsov.twse.com.tw/mops/web/ajax_t163sb05
中游,電源供應系統,2301,光寶科,2016,2,balance_sheet,非流動資產,55452532,"55,452,532",sii,https://mopsov.twse.com.tw/mops/web/ajax_t163sb05
中游,電源供應系統,2301,光寶科,2016,2,balance_sheet,資產總計,202219479,"202,219,479",sii,https://mopsov.twse.com.tw/mops/web/ajax_t163sb05
中游,電源供應系統,2301,光寶科,2016,2,balance_sheet,流動負債,108641976,"108,641,976",sii,https://mopsov.twse.com.tw/mops/web/ajax_t163sb05
中游,電源供應系統,2301,光寶科,2016,2,balance_sheet,非流動負債,17364321,"17,364,321",sii,https://mopsov.twse.com.tw/mops/web/ajax_t163sb05
中游,電源供應系統,2301,光寶科,2016,2,balance_sheet,負債總額,126006297,"126,006,297",sii,https://mopsov.twse.com.tw/mops/web/ajax_t163sb05
中游,電源供應系統,2301,光寶科,2016,2,balance_sheet,股本,23508670,"23,508,670",sii,https://mopsov.twse.com.tw/mops/web/ajax_t163sb05
中游,電源供應系統,2301,光寶科,2016,2,balance_sheet,資本公積,27502243,"27,502,243",sii,https://mopsov.twse.com.tw/mops/web/ajax_t163sb05
中游,電源供應系統,2301,光寶科,2016,2,balance_sheet,保留盈餘,21786093,"21,786,093",sii,https://mopsov.twse.com.tw/mops/web/ajax_t163sb05
中游,電源供應系統,2301,光寶科,2016,2,balance_sheet,其他權益,1128727,"1,128,727",sii,https://mopsov.twse.com.tw/mops/web/ajax_t163sb05
中游,電源供應系統,2301,光寶科,2016,2,balance_sheet,庫藏股票,-1248722,"-1,248,722",sii,https://mopsov.twse.com.tw/mops/web/ajax_t163sb05
中游,電源供應系統,2301,光寶科,2016,2,balance_sheet,歸屬於母公司業主之權益合計,72677011,"72,677,011",sii,https://mopsov.twse.com.tw/mops/web/ajax_t163sb05
中游,電源供應系統,2301,光寶科,2016,2,balance_sheet,共同控制下前手權益,,--,sii,https://mopsov.twse.com.tw/mops/web/ajax_t163sb05
中游,電源供應系統,2301,光寶科,2016,2,balance_sheet,合併前非屬共同控制股權,,--,sii,https://mopsov.twse.com.tw/mops/web/ajax_t163sb05
中游,電源供應系統,2301,光寶科,2016,2,balance_sheet,非控制權益,3536171,"3,536,171",sii,https://mopsov.twse.com.tw/mops/web/ajax_t163sb05
中游,電源供應系統,2301,光寶科,2016,2,balance_sheet,權益總額,76213182,"76,213,182",sii,https://mopsov.twse.com.tw/mops/web/ajax_t163sb05
中游,電源供應系統,2301,光寶科,2016,2,balance_sheet,待註銷股本股數（單位：股）,,--,sii,https://mopsov.twse.com.tw/mops/web/ajax_t163sb05
中游,電源供應系統,2301,光寶科,2016,2,balance_sheet,預收股款（權益項下）之約當發行股數（單位：股）,0,0,sii,https://mopsov.twse.com.tw/mops/web/ajax_t163sb05
中游,電源供應系統,2301,光寶科,2016,2,balance_sheet,母公司暨子公司所持有之母公司庫藏股股數（單位：股）,26708228,"26,708,228",sii,https://mopsov.twse.com.tw/mops/web/ajax_t163sb05
中游,電源供應系統,2301,光寶科,2016,2,balance_sheet,每股參考淨值,31.49,31.49,sii,https://mopsov.twse.com.tw/mops/web/ajax_t163sb05
中游,電源供應系統,2308,台達電,2016,2,balance_sheet,流動資產,142457947,"142,457,947",sii,https://mopsov.twse.com.tw/mops/web/ajax_t163sb05
中游,電源供應系統,2308,台達電,2016,2,balance_sheet,非流動資產,92478123,"92,478,123",sii,https://mopsov.twse.com.tw/mops/web/ajax_t163sb05
中游,電源供應系統,2308,台達電,2016,2,balance_sheet,資產總計,234936070,"234,936,070",sii,https://mopsov.twse.com.tw/mops/web/ajax_t163sb05
中游,電源供應系統,2308,台達電,2016,2,balance_sheet,流動負債,92183334,"92,183,334",sii,https://mopsov.twse.com.tw/mops/web/ajax_t163sb05
中游,電源供應系統,2308,台達電,2016,2,balance_sheet,非流動負債,21229511,"21,229,511",sii,https://mopsov.twse.com.tw/mops/web/ajax_t163sb05
中游,電源供應系統,2308,台達電,2016,2,balance_sheet,負債總額,113412845,"113,412,845",sii,https://mopsov.twse.com.tw/mops/web/ajax_t163sb05
中游,電源供應系統,2308,台達電,2016,2,balance_sheet,股本,25975433,"25,975,433",sii,https://mopsov.twse.com.tw/mops/web/ajax_t163sb05
中游,電源供應系統,2308,台達電,2016,2,balance_sheet,資本公積,48331755,"48,331,755",sii,https://mopsov.twse.com.tw/mops/web/ajax_t163sb05
中游,電源供應系統,2308,台達電,2016,2,balance_sheet,保留盈餘,41307008,"41,307,008",sii,https://mopsov.twse.com.tw/mops/web/ajax_t163sb05
中游,電源供應系統,2308,台達電,2016,2,balance_sheet,其他權益,251798,"251,798",sii,https://mopsov.twse.com.tw/mops/web/ajax_t163sb05
中游,電源供應系統,2308,台達電,2016,2,balance_sheet,庫藏股票,,--,sii,https://mopsov.twse.com.tw/mops/web/ajax_t163sb05
中游,電源供應系統,2308,台達電,2016,2,balance_sheet,歸屬於母公司業主之權益合計,115865994,"115,865,994",sii,https://mopsov.twse.com.tw/mops/web/ajax_t163sb05
中游,電源供應系統,2308,台達電,2016,2,balance_sheet,共同控制下前手權益,,--,sii,https://mopsov.twse.com.tw/mops/web/ajax_t163sb05
中游,電源供應系統,2308,台達電,2016,2,balance_sheet,合併前非屬共同控制股權,,--,sii,https://mopsov.twse.com.tw/mops/web/ajax_t163sb05
中游,電源供應系統,2308,台達電,2016,2,balance_sheet,非控制權益,5657231,"5,657,231",sii,https://mopsov.twse.com.tw/mops/web/ajax_t163sb05
中游,電源供應系統,2308,台達電,2016,2,balance_sheet,權益總額,121523225,"121,523,225",sii,https://mopsov.twse.com.tw/mops/web/ajax_t163sb05
中游,電源供應系統,2308,台達電,2016,2,balance_sheet,待註銷股本股數（單位：股）,0,0,sii,https://mopsov.twse.com.tw/mops/web/ajax_t163sb05
中游,電源供應系統,2308,台達電,2016,2,balance_sheet,預收股款（權益項下）之約當發行股數（單位：股）,0,0,sii,https://mopsov.twse.com.tw/mops/web/ajax_t163sb05
中游,電源供應系統,2308,台達電,2016,2,balance_sheet,母公司暨子公司所持有之母公司庫藏股股數（單位：股）,0,0,sii,https://mopsov.twse.com.tw/mops/web/ajax_t163sb05
中游,電源供應系統,2308,台達電,2016,2,balance_sheet,每股參考淨值,44.61,44.61,sii,https://mopsov.twse.com.tw/mops/web/ajax_t163sb05
中游,電源供應系統,2301,光寶科,2016,2,cash_flow,營業活動之淨現金流入（流出）,2282447,"2,282,447",sii,https://mopsov.twse.com.tw/mops/web/ajax_t163sb20
中游,電源供應系統,2301,光寶科,2016,2,cash_flow,投資活動之淨現金流入（流出）,-2244267,"-2,244,267",sii,https://mopsov.twse.com.tw/mops/web/ajax_t163sb20
中游,電源供應系統,2301,光寶科,2016,2,cash_flow,籌資活動之淨現金流入（流出）,-1205160,"-1,205,160",sii,https://mopsov.twse.com.tw/mops/web/ajax_t163sb20
中游,電源供應系統,2301,光寶科,2016,2,cash_flow,匯率變動對現金及約當現金之影響,-1564041,"-1,564,041",sii,https://mopsov.twse.com.tw/mops/web/ajax_t163sb20
中游,電源供應系統,2301,光寶科,2016,2,cash_flow,本期現金及約當現金增加（減少）數,-2731021,"-2,731,021",sii,https://mopsov.twse.com.tw/mops/web/ajax_t163sb20
中游,電源供應系統,2301,光寶科,2016,2,cash_flow,期初現金及約當現金餘額,65501807,"65,501,807",sii,https://mopsov.twse.com.tw/mops/web/ajax_t163sb20
中游,電源供應系統,2301,光寶科,2016,2,cash_flow,期末現金及約當現金餘額,62770786,"62,770,786",sii,https://mopsov.twse.com.tw/mops/web/ajax_t163sb20
中游,電源供應系統,2308,台達電,2016,2,cash_flow,營業活動之淨現金流入（流出）,13779328,"13,779,328",sii,https://mopsov.twse.com.tw/mops/web/ajax_t163sb20
中游,電源供應系統,2308,台達電,2016,2,cash_flow,投資活動之淨現金流入（流出）,-5931086,"-5,931,086",sii,https://mopsov.twse.com.tw/mops/web/ajax_t163sb20
中游,電源供應系統,2308,台達電,2016,2,cash_flow,籌資活動之淨現金流入（流出）,6671357,"6,671,357",sii,https://mopsov.twse.com.tw/mops/web/ajax_t163sb20
中游,電源供應系統,2308,台達電,2016,2,cash_flow,匯率變動對現金及約當現金之影響,-1843025,"-1,843,025",sii,https://mopsov.twse.com.tw/mops/web/ajax_t163sb20
中游,電源供應系統,2308,台達電,2016,2,cash_flow,本期現金及約當現金增加（減少）數,12676574,"12,676,574",sii,https://mopsov.twse.com.tw/mops/web/ajax_t163sb20
中游,電源供應系統,2308,台達電,2016,2,cash_flow,期初現金及約當現金餘額,51252453,"51,252,453",sii,https://mopsov.twse.com.tw/mops/web/ajax_t163sb20
中游,電源供應系統,2308,台達電,2016,2,cash_flow,期末現金及約當現金餘額,63929027,"63,929,027",sii,https://mopsov.twse.com.tw/mops/web/ajax_t163sb20
中游,電源供應系統,2301,光寶科,2016,3,income_statement,營業收入,166309032,"166,309,032",sii,https://mopsov.twse.com.tw/mops/web/ajax_t163sb04
中游,電源供應系統,2301,光寶科,2016,3,income_statement,營業成本,143750963,"143,750,963",sii,https://mopsov.twse.com.tw/mops/web/ajax_t163sb04
中游,電源供應系統,2301,光寶科,2016,3,income_statement,營業毛利（毛損）,22558069,"22,558,069",sii,https://mopsov.twse.com.tw/mops/web/ajax_t163sb04
中游,電源供應系統,2301,光寶科,2016,3,income_statement,未實現銷貨（損）益,,--,sii,https://mopsov.twse.com.tw/mops/web/ajax_t163sb04
中游,電源供應系統,2301,光寶科,2016,3,income_statement,已實現銷貨（損）益,,--,sii,https://mopsov.twse.com.tw/mops/web/ajax_t163sb04
中游,電源供應系統,2301,光寶科,2016,3,income_statement,營業毛利（毛損）淨額,22558069,"22,558,069",sii,https://mopsov.twse.com.tw/mops/web/ajax_t163sb04
中游,電源供應系統,2301,光寶科,2016,3,income_statement,營業費用,14168329,"14,168,329",sii,https://mopsov.twse.com.tw/mops/web/ajax_t163sb04
中游,電源供應系統,2301,光寶科,2016,3,income_statement,其他收益及費損淨額,,--,sii,https://mopsov.twse.com.tw/mops/web/ajax_t163sb04
中游,電源供應系統,2301,光寶科,2016,3,income_statement,營業利益（損失）,8389740,"8,389,740",sii,https://mopsov.twse.com.tw/mops/web/ajax_t163sb04
中游,電源供應系統,2301,光寶科,2016,3,income_statement,營業外收入及支出,538377,"538,377",sii,https://mopsov.twse.com.tw/mops/web/ajax_t163sb04
中游,電源供應系統,2301,光寶科,2016,3,income_statement,稅前淨利（淨損）,8928117,"8,928,117",sii,https://mopsov.twse.com.tw/mops/web/ajax_t163sb04
中游,電源供應系統,2301,光寶科,2016,3,income_statement,所得稅費用（利益）,2132467,"2,132,467",sii,https://mopsov.twse.com.tw/mops/web/ajax_t163sb04
中游,電源供應系統,2301,光寶科,2016,3,income_statement,繼續營業單位本期淨利（淨損）,6795650,"6,795,650",sii,https://mopsov.twse.com.tw/mops/web/ajax_t163sb04
中游,電源供應系統,2301,光寶科,2016,3,income_statement,停業單位損益,,--,sii,https://mopsov.twse.com.tw/mops/web/ajax_t163sb04
中游,電源供應系統,2301,光寶科,2016,3,income_statement,合併前非屬共同控制股權損益,,--,sii,https://mopsov.twse.com.tw/mops/web/ajax_t163sb04
中游,電源供應系統,2301,光寶科,2016,3,income_statement,本期淨利（淨損）,6795650,"6,795,650",sii,https://mopsov.twse.com.tw/mops/web/ajax_t163sb04
中游,電源供應系統,2301,光寶科,2016,3,income_statement,其他綜合損益（淨額）,-4060427,"-4,060,427",sii,https://mopsov.twse.com.tw/mops/web/ajax_t163sb04
中游,電源供應系統,2301,光寶科,2016,3,income_statement,合併前非屬共同控制股權綜合損益淨額,,--,sii,https://mopsov.twse.com.tw/mops/web/ajax_t163sb04
中游,電源供應系統,2301,光寶科,2016,3,income_statement,本期綜合損益總額,2735223,"2,735,223",sii,https://mopsov.twse.com.tw/mops/web/ajax_t163sb04
中游,電源供應系統,2301,光寶科,2016,3,income_statement,淨利（淨損）歸屬於母公司業主,6824897,"6,824,897",sii,https://mopsov.twse.com.tw/mops/web/ajax_t163sb04
中游,電源供應系統,2301,光寶科,2016,3,income_statement,淨利（淨損）歸屬於共同控制下前手權益,,--,sii,https://mopsov.twse.com.tw/mops/web/ajax_t163sb04
中游,電源供應系統,2301,光寶科,2016,3,income_statement,淨利（淨損）歸屬於非控制權益,-29247,"-29,247",sii,https://mopsov.twse.com.tw/mops/web/ajax_t163sb04
中游,電源供應系統,2301,光寶科,2016,3,income_statement,綜合損益總額歸屬於母公司業主,2878407,"2,878,407",sii,https://mopsov.twse.com.tw/mops/web/ajax_t163sb04
中游,電源供應系統,2301,光寶科,2016,3,income_statement,綜合損益總額歸屬於共同控制下前手權益,,--,sii,https://mopsov.twse.com.tw/mops/web/ajax_t163sb04
中游,電源供應系統,2301,光寶科,2016,3,income_statement,綜合損益總額歸屬於非控制權益,-143184,"-143,184",sii,https://mopsov.twse.com.tw/mops/web/ajax_t163sb04
中游,電源供應系統,2301,光寶科,2016,3,income_statement,基本每股盈餘（元）,2.94,2.94,sii,https://mopsov.twse.com.tw/mops/web/ajax_t163sb04
中游,電源供應系統,2308,台達電,2016,3,income_statement,營業收入,157341283,"157,341,283",sii,https://mopsov.twse.com.tw/mops/web/ajax_t163sb04
中游,電源供應系統,2308,台達電,2016,3,income_statement,營業成本,113389017,"113,389,017",sii,https://mopsov.twse.com.tw/mops/web/ajax_t163sb04
中游,電源供應系統,2308,台達電,2016,3,income_statement,營業毛利（毛損）,43952266,"43,952,266",sii,https://mopsov.twse.com.tw/mops/web/ajax_t163sb04
中游,電源供應系統,2308,台達電,2016,3,income_statement,未實現銷貨（損）益,,--,sii,https://mopsov.twse.com.tw/mops/web/ajax_t163sb04
中游,電源供應系統,2308,台達電,2016,3,income_statement,已實現銷貨（損）益,,--,sii,https://mopsov.twse.com.tw/mops/web/ajax_t163sb04
中游,電源供應系統,2308,台達電,2016,3,income_statement,營業毛利（毛損）淨額,43952266,"43,952,266",sii,https://mopsov.twse.com.tw/mops/web/ajax_t163sb04
中游,電源供應系統,2308,台達電,2016,3,income_statement,營業費用,28501313,"28,501,313",sii,https://mopsov.twse.com.tw/mops/web/ajax_t163sb04
中游,電源供應系統,2308,台達電,2016,3,income_statement,其他收益及費損淨額,,--,sii,https://mopsov.twse.com.tw/mops/web/ajax_t163sb04
中游,電源供應系統,2308,台達電,2016,3,income_statement,營業利益（損失）,15450953,"15,450,953",sii,https://mopsov.twse.com.tw/mops/web/ajax_t163sb04
中游,電源供應系統,2308,台達電,2016,3,income_statement,營業外收入及支出,2780113,"2,780,113",sii,https://mopsov.twse.com.tw/mops/web/ajax_t163sb04
中游,電源供應系統,2308,台達電,2016,3,income_statement,稅前淨利（淨損）,18231066,"18,231,066",sii,https://mopsov.twse.com.tw/mops/web/ajax_t163sb04
中游,電源供應系統,2308,台達電,2016,3,income_statement,所得稅費用（利益）,4041008,"4,041,008",sii,https://mopsov.twse.com.tw/mops/web/ajax_t163sb04
中游,電源供應系統,2308,台達電,2016,3,income_statement,繼續營業單位本期淨利（淨損）,14190058,"14,190,058",sii,https://mopsov.twse.com.tw/mops/web/ajax_t163sb04
中游,電源供應系統,2308,台達電,2016,3,income_statement,停業單位損益,,--,sii,https://mopsov.twse.com.tw/mops/web/ajax_t163sb04
中游,電源供應系統,2308,台達電,2016,3,income_statement,合併前非屬共同控制股權損益,,--,sii,https://mopsov.twse.com.tw/mops/web/ajax_t163sb04
中游,電源供應系統,2308,台達電,2016,3,income_statement,本期淨利（淨損）,14190058,"14,190,058",sii,https://mopsov.twse.com.tw/mops/web/ajax_t163sb04
中游,電源供應系統,2308,台達電,2016,3,income_statement,其他綜合損益（淨額）,-7303950,"-7,303,950",sii,https://mopsov.twse.com.tw/mops/web/ajax_t163sb04
中游,電源供應系統,2308,台達電,2016,3,income_statement,合併前非屬共同控制股權綜合損益淨額,,--,sii,https://mopsov.twse.com.tw/mops/web/ajax_t163sb04
中游,電源供應系統,2308,台達電,2016,3,income_statement,本期綜合損益總額,6886108,"6,886,108",sii,https://mopsov.twse.com.tw/mops/web/ajax_t163sb04
中游,電源供應系統,2308,台達電,2016,3,income_statement,淨利（淨損）歸屬於母公司業主,13846153,"13,846,153",sii,https://mopsov.twse.com.tw/mops/web/ajax_t163sb04
中游,電源供應系統,2308,台達電,2016,3,income_statement,淨利（淨損）歸屬於共同控制下前手權益,,--,sii,https://mopsov.twse.com.tw/mops/web/ajax_t163sb04
中游,電源供應系統,2308,台達電,2016,3,income_statement,淨利（淨損）歸屬於非控制權益,343905,"343,905",sii,https://mopsov.twse.com.tw/mops/web/ajax_t163sb04
中游,電源供應系統,2308,台達電,2016,3,income_statement,綜合損益總額歸屬於母公司業主,6786894,"6,786,894",sii,https://mopsov.twse.com.tw/mops/web/ajax_t163sb04
中游,電源供應系統,2308,台達電,2016,3,income_statement,綜合損益總額歸屬於共同控制下前手權益,,--,sii,https://mopsov.twse.com.tw/mops/web/ajax_t163sb04
中游,電源供應系統,2308,台達電,2016,3,income_statement,綜合損益總額歸屬於非控制權益,99214,"99,214",sii,https://mopsov.twse.com.tw/mops/web/ajax_t163sb04
中游,電源供應系統,2308,台達電,2016,3,income_statement,基本每股盈餘（元）,5.33,5.33,sii,https://mopsov.twse.com.tw/mops/web/ajax_t163sb04
中游,電源供應系統,2301,光寶科,2016,3,balance_sheet,流動資產,159138689,"159,138,689",sii,https://mopsov.twse.com.tw/mops/web/ajax_t163sb05
中游,電源供應系統,2301,光寶科,2016,3,balance_sheet,非流動資產,53879774,"53,879,774",sii,https://mopsov.twse.com.tw/mops/web/ajax_t163sb05
中游,電源供應系統,2301,光寶科,2016,3,balance_sheet,資產總計,213018463,"213,018,463",sii,https://mopsov.twse.com.tw/mops/web/ajax_t163sb05
中游,電源供應系統,2301,光寶科,2016,3,balance_sheet,流動負債,119278668,"119,278,668",sii,https://mopsov.twse.com.tw/mops/web/ajax_t163sb05
中游,電源供應系統,2301,光寶科,2016,3,balance_sheet,非流動負債,16307595,"16,307,595",sii,https://mopsov.twse.com.tw/mops/web/ajax_t163sb05
中游,電源供應系統,2301,光寶科,2016,3,balance_sheet,負債總額,135586263,"135,586,263",sii,https://mopsov.twse.com.tw/mops/web/ajax_t163sb05
中游,電源供應系統,2301,光寶科,2016,3,balance_sheet,股本,23508670,"23,508,670",sii,https://mopsov.twse.com.tw/mops/web/ajax_t163sb05
中游,電源供應系統,2301,光寶科,2016,3,balance_sheet,資本公積,27500838,"27,500,838",sii,https://mopsov.twse.com.tw/mops/web/ajax_t163sb05
中游,電源供應系統,2301,光寶科,2016,3,balance_sheet,保留盈餘,24960986,"24,960,986",sii,https://mopsov.twse.com.tw/mops/web/ajax_t163sb05
中游,電源供應系統,2301,光寶科,2016,3,balance_sheet,其他權益,-754622,"-754,622",sii,https://mopsov.twse.com.tw/mops/web/ajax_t163sb05
中游,電源供應系統,2301,光寶科,2016,3,balance_sheet,庫藏股票,-1248722,"-1,248,722",sii,https://mopsov.twse.com.tw/mops/web/ajax_t163sb05
中游,電源供應系統,2301,光寶科,2016,3,balance_sheet,歸屬於母公司業主之權益合計,73967150,"73,967,150",sii,https://mopsov.twse.com.tw/mops/web/ajax_t163sb05
中游,電源供應系統,2301,光寶科,2016,3,balance_sheet,共同控制下前手權益,,--,sii,https://mopsov.twse.com.tw/mops/web/ajax_t163sb05
中游,電源供應系統,2301,光寶科,2016,3,balance_sheet,合併前非屬共同控制股權,,--,sii,https://mopsov.twse.com.tw/mops/web/ajax_t163sb05
中游,電源供應系統,2301,光寶科,2016,3,balance_sheet,非控制權益,3465050,"3,465,050",sii,https://mopsov.twse.com.tw/mops/web/ajax_t163sb05
中游,電源供應系統,2301,光寶科,2016,3,balance_sheet,權益總額,77432200,"77,432,200",sii,https://mopsov.twse.com.tw/mops/web/ajax_t163sb05
中游,電源供應系統,2301,光寶科,2016,3,balance_sheet,待註銷股本股數（單位：股）,,--,sii,https://mopsov.twse.com.tw/mops/web/ajax_t163sb05
中游,電源供應系統,2301,光寶科,2016,3,balance_sheet,預收股款（權益項下）之約當發行股數（單位：股）,0,0,sii,https://mopsov.twse.com.tw/mops/web/ajax_t163sb05
中游,電源供應系統,2301,光寶科,2016,3,balance_sheet,母公司暨子公司所持有之母公司庫藏股股數（單位：股）,26802130,"26,802,130",sii,https://mopsov.twse.com.tw/mops/web/ajax_t163sb05
中游,電源供應系統,2301,光寶科,2016,3,balance_sheet,每股參考淨值,31.83,31.83,sii,https://mopsov.twse.com.tw/mops/web/ajax_t163sb05
中游,電源供應系統,2308,台達電,2016,3,balance_sheet,流動資產,136488804,"136,488,804",sii,https://mopsov.twse.com.tw/mops/web/ajax_t163sb05
中游,電源供應系統,2308,台達電,2016,3,balance_sheet,非流動資產,95357895,"95,357,895",sii,https://mopsov.twse.com.tw/mops/web/ajax_t163sb05
中游,電源供應系統,2308,台達電,2016,3,balance_sheet,資產總計,231846699,"231,846,699",sii,https://mopsov.twse.com.tw/mops/web/ajax_t163sb05
中游,電源供應系統,2308,台達電,2016,3,balance_sheet,流動負債,74792662,"74,792,662",sii,https://mopsov.twse.com.tw/mops/web/ajax_t163sb05
中游,電源供應系統,2308,台達電,2016,3,balance_sheet,非流動負債,33237042,"33,237,042",sii,https://mopsov.twse.com.tw/mops/web/ajax_t163sb05
中游,電源供應系統,2308,台達電,2016,3,balance_sheet,負債總額,108029704,"108,029,704",sii,https://mopsov.twse.com.tw/mops/web/ajax_t163sb05
中游,電源供應系統,2308,台達電,2016,3,balance_sheet,股本,25975433,"25,975,433",sii,https://mopsov.twse.com.tw/mops/web/ajax_t163sb05
中游,電源供應系統,2308,台達電,2016,3,balance_sheet,資本公積,48331890,"48,331,890",sii,https://mopsov.twse.com.tw/mops/web/ajax_t163sb05
中游,電源供應系統,2308,台達電,2016,3,balance_sheet,保留盈餘,46973088,"46,973,088",sii,https://mopsov.twse.com.tw/mops/web/ajax_t163sb05
中游,電源供應系統,2308,台達電,2016,3,balance_sheet,其他權益,-3123318,"-3,123,318",sii,https://mopsov.twse.com.tw/mops/web/ajax_t163sb05
中游,電源供應系統,2308,台達電,2016,3,balance_sheet,庫藏股票,,--,sii,https://mopsov.twse.com.tw/mops/web/ajax_t163sb05
中游,電源供應系統,2308,台達電,2016,3,balance_sheet,歸屬於母公司業主之權益合計,118157093,"118,157,093",sii,https://mopsov.twse.com.tw/mops/web/ajax_t163sb05
中游,電源供應系統,2308,台達電,2016,3,balance_sheet,共同控制下前手權益,,--,sii,https://mopsov.twse.com.tw/mops/web/ajax_t163sb05
中游,電源供應系統,2308,台達電,2016,3,balance_sheet,合併前非屬共同控制股權,,--,sii,https://mopsov.twse.com.tw/mops/web/ajax_t163sb05
中游,電源供應系統,2308,台達電,2016,3,balance_sheet,非控制權益,5659902,"5,659,902",sii,https://mopsov.twse.com.tw/mops/web/ajax_t163sb05
中游,電源供應系統,2308,台達電,2016,3,balance_sheet,權益總額,123816995,"123,816,995",sii,https://mopsov.twse.com.tw/mops/web/ajax_t163sb05
中游,電源供應系統,2308,台達電,2016,3,balance_sheet,待註銷股本股數（單位：股）,0,0,sii,https://mopsov.twse.com.tw/mops/web/ajax_t163sb05
中游,電源供應系統,2308,台達電,2016,3,balance_sheet,預收股款（權益項下）之約當發行股數（單位：股）,0,0,sii,https://mopsov.twse.com.tw/mops/web/ajax_t163sb05
中游,電源供應系統,2308,台達電,2016,3,balance_sheet,母公司暨子公司所持有之母公司庫藏股股數（單位：股）,0,0,sii,https://mopsov.twse.com.tw/mops/web/ajax_t163sb05
中游,電源供應系統,2308,台達電,2016,3,balance_sheet,每股參考淨值,45.49,45.49,sii,https://mopsov.twse.com.tw/mops/web/ajax_t163sb05
中游,電源供應系統,2301,光寶科,2016,3,cash_flow,營業活動之淨現金流入（流出）,8920057,"8,920,057",sii,https://mopsov.twse.com.tw/mops/web/ajax_t163sb20
中游,電源供應系統,2301,光寶科,2016,3,cash_flow,投資活動之淨現金流入（流出）,-3054240,"-3,054,240",sii,https://mopsov.twse.com.tw/mops/web/ajax_t163sb20
中游,電源供應系統,2301,光寶科,2016,3,cash_flow,籌資活動之淨現金流入（流出）,368147,"368,147",sii,https://mopsov.twse.com.tw/mops/web/ajax_t163sb20
中游,電源供應系統,2301,光寶科,2016,3,cash_flow,匯率變動對現金及約當現金之影響,-2167617,"-2,167,617",sii,https://mopsov.twse.com.tw/mops/web/ajax_t163sb20
中游,電源供應系統,2301,光寶科,2016,3,cash_flow,本期現金及約當現金增加（減少）數,4066347,"4,066,347",sii,https://mopsov.twse.com.tw/mops/web/ajax_t163sb20
中游,電源供應系統,2301,光寶科,2016,3,cash_flow,期初現金及約當現金餘額,65501807,"65,501,807",sii,https://mopsov.twse.com.tw/mops/web/ajax_t163sb20
中游,電源供應系統,2301,光寶科,2016,3,cash_flow,期末現金及約當現金餘額,69568154,"69,568,154",sii,https://mopsov.twse.com.tw/mops/web/ajax_t163sb20
中游,電源供應系統,2308,台達電,2016,3,cash_flow,營業活動之淨現金流入（流出）,20152159,"20,152,159",sii,https://mopsov.twse.com.tw/mops/web/ajax_t163sb20
中游,電源供應系統,2308,台達電,2016,3,cash_flow,投資活動之淨現金流入（流出）,-13491721,"-13,491,721",sii,https://mopsov.twse.com.tw/mops/web/ajax_t163sb20
中游,電源供應系統,2308,台達電,2016,3,cash_flow,籌資活動之淨現金流入（流出）,450764,"450,764",sii,https://mopsov.twse.com.tw/mops/web/ajax_t163sb20
中游,電源供應系統,2308,台達電,2016,3,cash_flow,匯率變動對現金及約當現金之影響,-3852202,"-3,852,202",sii,https://mopsov.twse.com.tw/mops/web/ajax_t163sb20
中游,電源供應系統,2308,台達電,2016,3,cash_flow,本期現金及約當現金增加（減少）數,3259000,"3,259,000",sii,https://mopsov.twse.com.tw/mops/web/ajax_t163sb20
中游,電源供應系統,2308,台達電,2016,3,cash_flow,期初現金及約當現金餘額,51252453,"51,252,453",sii,https://mopsov.twse.com.tw/mops/web/ajax_t163sb20
中游,電源供應系統,2308,台達電,2016,3,cash_flow,期末現金及約當現金餘額,54511453,"54,511,453",sii,https://mopsov.twse.com.tw/mops/web/ajax_t163sb20
中游,電源供應系統,2301,光寶科,2016,4,income_statement,營業收入,229571758,"229,571,758",sii,https://mopsov.twse.com.tw/mops/web/ajax_t163sb04
中游,電源供應系統,2301,光寶科,2016,4,income_statement,營業成本,198313490,"198,313,490",sii,https://mopsov.twse.com.tw/mops/web/ajax_t163sb04
中游,電源供應系統,2301,光寶科,2016,4,income_statement,營業毛利（毛損）,31258268,"31,258,268",sii,https://mopsov.twse.com.tw/mops/web/ajax_t163sb04
中游,電源供應系統,2301,光寶科,2016,4,income_statement,未實現銷貨（損）益,,--,sii,https://mopsov.twse.com.tw/mops/web/ajax_t163sb04
中游,電源供應系統,2301,光寶科,2016,4,income_statement,已實現銷貨（損）益,,--,sii,https://mopsov.twse.com.tw/mops/web/ajax_t163sb04
中游,電源供應系統,2301,光寶科,2016,4,income_statement,營業毛利（毛損）淨額,31258268,"31,258,268",sii,https://mopsov.twse.com.tw/mops/web/ajax_t163sb04
中游,電源供應系統,2301,光寶科,2016,4,income_statement,營業費用,18549008,"18,549,008",sii,https://mopsov.twse.com.tw/mops/web/ajax_t163sb04
中游,電源供應系統,2301,光寶科,2016,4,income_statement,其他收益及費損淨額,,--,sii,https://mopsov.twse.com.tw/mops/web/ajax_t163sb04
中游,電源供應系統,2301,光寶科,2016,4,income_statement,營業利益（損失）,12709260,"12,709,260",sii,https://mopsov.twse.com.tw/mops/web/ajax_t163sb04
中游,電源供應系統,2301,光寶科,2016,4,income_statement,營業外收入及支出,-66233,"-66,233",sii,https://mopsov.twse.com.tw/mops/web/ajax_t163sb04
中游,電源供應系統,2301,光寶科,2016,4,income_statement,稅前淨利（淨損）,12643027,"12,643,027",sii,https://mopsov.twse.com.tw/mops/web/ajax_t163sb04
中游,電源供應系統,2301,光寶科,2016,4,income_statement,所得稅費用（利益）,3270463,"3,270,463",sii,https://mopsov.twse.com.tw/mops/web/ajax_t163sb04
中游,電源供應系統,2301,光寶科,2016,4,income_statement,繼續營業單位本期淨利（淨損）,9372564,"9,372,564",sii,https://mopsov.twse.com.tw/mops/web/ajax_t163sb04
中游,電源供應系統,2301,光寶科,2016,4,income_statement,停業單位損益,,--,sii,https://mopsov.twse.com.tw/mops/web/ajax_t163sb04
中游,電源供應系統,2301,光寶科,2016,4,income_statement,合併前非屬共同控制股權損益,,--,sii,https://mopsov.twse.com.tw/mops/web/ajax_t163sb04
中游,電源供應系統,2301,光寶科,2016,4,income_statement,本期淨利（淨損）,9372564,"9,372,564",sii,https://mopsov.twse.com.tw/mops/web/ajax_t163sb04
中游,電源供應系統,2301,光寶科,2016,4,income_statement,其他綜合損益（淨額）,-4785986,"-4,785,986",sii,https://mopsov.twse.com.tw/mops/web/ajax_t163sb04
中游,電源供應系統,2301,光寶科,2016,4,income_statement,合併前非屬共同控制股權綜合損益淨額,,--,sii,https://mopsov.twse.com.tw/mops/web/ajax_t163sb04
中游,電源供應系統,2301,光寶科,2016,4,income_statement,本期綜合損益總額,4586578,"4,586,578",sii,https://mopsov.twse.com.tw/mops/web/ajax_t163sb04
中游,電源供應系統,2301,光寶科,2016,4,income_statement,淨利（淨損）歸屬於母公司業主,9416351,"9,416,351",sii,https://mopsov.twse.com.tw/mops/web/ajax_t163sb04
中游,電源供應系統,2301,光寶科,2016,4,income_statement,淨利（淨損）歸屬於共同控制下前手權益,,--,sii,https://mopsov.twse.com.tw/mops/web/ajax_t163sb04
中游,電源供應系統,2301,光寶科,2016,4,income_statement,淨利（淨損）歸屬於非控制權益,-43787,"-43,787",sii,https://mopsov.twse.com.tw/mops/web/ajax_t163sb04
中游,電源供應系統,2301,光寶科,2016,4,income_statement,綜合損益總額歸屬於母公司業主,4845911,"4,845,911",sii,https://mopsov.twse.com.tw/mops/web/ajax_t163sb04
中游,電源供應系統,2301,光寶科,2016,4,income_statement,綜合損益總額歸屬於共同控制下前手權益,,--,sii,https://mopsov.twse.com.tw/mops/web/ajax_t163sb04
中游,電源供應系統,2301,光寶科,2016,4,income_statement,綜合損益總額歸屬於非控制權益,-259333,"-259,333",sii,https://mopsov.twse.com.tw/mops/web/ajax_t163sb04
中游,電源供應系統,2301,光寶科,2016,4,income_statement,基本每股盈餘（元）,4.05,4.05,sii,https://mopsov.twse.com.tw/mops/web/ajax_t163sb04
中游,電源供應系統,2308,台達電,2016,4,income_statement,營業收入,214355571,"214,355,571",sii,https://mopsov.twse.com.tw/mops/web/ajax_t163sb04
中游,電源供應系統,2308,台達電,2016,4,income_statement,營業成本,154861840,"154,861,840",sii,https://mopsov.twse.com.tw/mops/web/ajax_t163sb04
中游,電源供應系統,2308,台達電,2016,4,income_statement,營業毛利（毛損）,59493731,"59,493,731",sii,https://mopsov.twse.com.tw/mops/web/ajax_t163sb04
中游,電源供應系統,2308,台達電,2016,4,income_statement,未實現銷貨（損）益,,--,sii,https://mopsov.twse.com.tw/mops/web/ajax_t163sb04
中游,電源供應系統,2308,台達電,2016,4,income_statement,已實現銷貨（損）益,,--,sii,https://mopsov.twse.com.tw/mops/web/ajax_t163sb04
中游,電源供應系統,2308,台達電,2016,4,income_statement,營業毛利（毛損）淨額,59493731,"59,493,731",sii,https://mopsov.twse.com.tw/mops/web/ajax_t163sb04
中游,電源供應系統,2308,台達電,2016,4,income_statement,營業費用,38668060,"38,668,060",sii,https://mopsov.twse.com.tw/mops/web/ajax_t163sb04
中游,電源供應系統,2308,台達電,2016,4,income_statement,其他收益及費損淨額,,--,sii,https://mopsov.twse.com.tw/mops/web/ajax_t163sb04
中游,電源供應系統,2308,台達電,2016,4,income_statement,營業利益（損失）,20825671,"20,825,671",sii,https://mopsov.twse.com.tw/mops/web/ajax_t163sb04
中游,電源供應系統,2308,台達電,2016,4,income_statement,營業外收入及支出,3964290,"3,964,290",sii,https://mopsov.twse.com.tw/mops/web/ajax_t163sb04
中游,電源供應系統,2308,台達電,2016,4,income_statement,稅前淨利（淨損）,24789961,"24,789,961",sii,https://mopsov.twse.com.tw/mops/web/ajax_t163sb04
中游,電源供應系統,2308,台達電,2016,4,income_statement,所得稅費用（利益）,5529979,"5,529,979",sii,https://mopsov.twse.com.tw/mops/web/ajax_t163sb04
中游,電源供應系統,2308,台達電,2016,4,income_statement,繼續營業單位本期淨利（淨損）,19259982,"19,259,982",sii,https://mopsov.twse.com.tw/mops/web/ajax_t163sb04
中游,電源供應系統,2308,台達電,2016,4,income_statement,停業單位損益,,--,sii,https://mopsov.twse.com.tw/mops/web/ajax_t163sb04
中游,電源供應系統,2308,台達電,2016,4,income_statement,合併前非屬共同控制股權損益,,--,sii,https://mopsov.twse.com.tw/mops/web/ajax_t163sb04
中游,電源供應系統,2308,台達電,2016,4,income_statement,本期淨利（淨損）,19259982,"19,259,982",sii,https://mopsov.twse.com.tw/mops/web/ajax_t163sb04
中游,電源供應系統,2308,台達電,2016,4,income_statement,其他綜合損益（淨額）,-6407491,"-6,407,491",sii,https://mopsov.twse.com.tw/mops/web/ajax_t163sb04
中游,電源供應系統,2308,台達電,2016,4,income_statement,合併前非屬共同控制股權綜合損益淨額,,--,sii,https://mopsov.twse.com.tw/mops/web/ajax_t163sb04
中游,電源供應系統,2308,台達電,2016,4,income_statement,本期綜合損益總額,12852491,"12,852,491",sii,https://mopsov.twse.com.tw/mops/web/ajax_t163sb04
中游,電源供應系統,2308,台達電,2016,4,income_statement,淨利（淨損）歸屬於母公司業主,18797799,"18,797,799",sii,https://mopsov.twse.com.tw/mops/web/ajax_t163sb04
中游,電源供應系統,2308,台達電,2016,4,income_statement,淨利（淨損）歸屬於共同控制下前手權益,,--,sii,https://mopsov.twse.com.tw/mops/web/ajax_t163sb04
中游,電源供應系統,2308,台達電,2016,4,income_statement,淨利（淨損）歸屬於非控制權益,462183,"462,183",sii,https://mopsov.twse.com.tw/mops/web/ajax_t163sb04
中游,電源供應系統,2308,台達電,2016,4,income_statement,綜合損益總額歸屬於母公司業主,12633666,"12,633,666",sii,https://mopsov.twse.com.tw/mops/web/ajax_t163sb04
中游,電源供應系統,2308,台達電,2016,4,income_statement,綜合損益總額歸屬於共同控制下前手權益,,--,sii,https://mopsov.twse.com.tw/mops/web/ajax_t163sb04
中游,電源供應系統,2308,台達電,2016,4,income_statement,綜合損益總額歸屬於非控制權益,218825,"218,825",sii,https://mopsov.twse.com.tw/mops/web/ajax_t163sb04
中游,電源供應系統,2308,台達電,2016,4,income_statement,基本每股盈餘（元）,7.24,7.24,sii,https://mopsov.twse.com.tw/mops/web/ajax_t163sb04
中游,電源供應系統,2301,光寶科,2016,4,balance_sheet,流動資產,157924039,"157,924,039",sii,https://mopsov.twse.com.tw/mops/web/ajax_t163sb05
中游,電源供應系統,2301,光寶科,2016,4,balance_sheet,非流動資產,52932749,"52,932,749",sii,https://mopsov.twse.com.tw/mops/web/ajax_t163sb05
中游,電源供應系統,2301,光寶科,2016,4,balance_sheet,資產總計,210856788,"210,856,788",sii,https://mopsov.twse.com.tw/mops/web/ajax_t163sb05
中游,電源供應系統,2301,光寶科,2016,4,balance_sheet,流動負債,116321118,"116,321,118",sii,https://mopsov.twse.com.tw/mops/web/ajax_t163sb05
中游,電源供應系統,2301,光寶科,2016,4,balance_sheet,非流動負債,15255234,"15,255,234",sii,https://mopsov.twse.com.tw/mops/web/ajax_t163sb05
中游,電源供應系統,2301,光寶科,2016,4,balance_sheet,負債總額,131576352,"131,576,352",sii,https://mopsov.twse.com.tw/mops/web/ajax_t163sb05
中游,電源供應系統,2301,光寶科,2016,4,balance_sheet,股本,23508670,"23,508,670",sii,https://mopsov.twse.com.tw/mops/web/ajax_t163sb05
中游,電源供應系統,2301,光寶科,2016,4,balance_sheet,資本公積,27497719,"27,497,719",sii,https://mopsov.twse.com.tw/mops/web/ajax_t163sb05
中游,電源供應系統,2301,光寶科,2016,4,balance_sheet,保留盈餘,27496140,"27,496,140",sii,https://mopsov.twse.com.tw/mops/web/ajax_t163sb05
中游,電源供應系統,2301,光寶科,2016,4,balance_sheet,其他權益,-1322272,"-1,322,272",sii,https://mopsov.twse.com.tw/mops/web/ajax_t163sb05
中游,電源供應系統,2301,光寶科,2016,4,balance_sheet,庫藏股票,-1248722,"-1,248,722",sii,https://mopsov.twse.com.tw/mops/web/ajax_t163sb05
中游,電源供應系統,2301,光寶科,2016,4,balance_sheet,歸屬於母公司業主之權益合計,75931535,"75,931,535",sii,https://mopsov.twse.com.tw/mops/web/ajax_t163sb05
中游,電源供應系統,2301,光寶科,2016,4,balance_sheet,共同控制下前手權益,,--,sii,https://mopsov.twse.com.tw/mops/web/ajax_t163sb05
中游,電源供應系統,2301,光寶科,2016,4,balance_sheet,合併前非屬共同控制股權,,--,sii,https://mopsov.twse.com.tw/mops/web/ajax_t163sb05
中游,電源供應系統,2301,光寶科,2016,4,balance_sheet,非控制權益,3348901,"3,348,901",sii,https://mopsov.twse.com.tw/mops/web/ajax_t163sb05
中游,電源供應系統,2301,光寶科,2016,4,balance_sheet,權益總額,79280436,"79,280,436",sii,https://mopsov.twse.com.tw/mops/web/ajax_t163sb05
中游,電源供應系統,2301,光寶科,2016,4,balance_sheet,待註銷股本股數（單位：股）,,--,sii,https://mopsov.twse.com.tw/mops/web/ajax_t163sb05
中游,電源供應系統,2301,光寶科,2016,4,balance_sheet,預收股款（權益項下）之約當發行股數（單位：股）,0,0,sii,https://mopsov.twse.com.tw/mops/web/ajax_t163sb05
中游,電源供應系統,2301,光寶科,2016,4,balance_sheet,母公司暨子公司所持有之母公司庫藏股股數（單位：股）,26841500,"26,841,500",sii,https://mopsov.twse.com.tw/mops/web/ajax_t163sb05
中游,電源供應系統,2301,光寶科,2016,4,balance_sheet,每股參考淨值,32.67,32.67,sii,https://mopsov.twse.com.tw/mops/web/ajax_t163sb05
中游,電源供應系統,2308,台達電,2016,4,balance_sheet,流動資產,138401698,"138,401,698",sii,https://mopsov.twse.com.tw/mops/web/ajax_t163sb05
中游,電源供應系統,2308,台達電,2016,4,balance_sheet,非流動資產,96712972,"96,712,972",sii,https://mopsov.twse.com.tw/mops/web/ajax_t163sb05
中游,電源供應系統,2308,台達電,2016,4,balance_sheet,資產總計,235114670,"235,114,670",sii,https://mopsov.twse.com.tw/mops/web/ajax_t163sb05
中游,電源供應系統,2308,台達電,2016,4,balance_sheet,流動負債,81263637,"81,263,637",sii,https://mopsov.twse.com.tw/mops/web/ajax_t163sb05
中游,電源供應系統,2308,台達電,2016,4,balance_sheet,非流動負債,24842167,"24,842,167",sii,https://mopsov.twse.com.tw/mops/web/ajax_t163sb05
中游,電源供應系統,2308,台達電,2016,4,balance_sheet,負債總額,106105804,"106,105,804",sii,https://mopsov.twse.com.tw/mops/web/ajax_t163sb05
中游,電源供應系統,2308,台達電,2016,4,balance_sheet,股本,25975433,"25,975,433",sii,https://mopsov.twse.com.tw/mops/web/ajax_t163sb05
中游,電源供應系統,2308,台達電,2016,4,balance_sheet,資本公積,48442451,"48,442,451",sii,https://mopsov.twse.com.tw/mops/web/ajax_t163sb05
中游,電源供應系統,2308,台達電,2016,4,balance_sheet,保留盈餘,51936736,"51,936,736",sii,https://mopsov.twse.com.tw/mops/web/ajax_t163sb05
中游,電源供應系統,2308,台達電,2016,4,balance_sheet,其他權益,-2240194,"-2,240,194",sii,https://mopsov.twse.com.tw/mops/web/ajax_t163sb05
中游,電源供應系統,2308,台達電,2016,4,balance_sheet,庫藏股票,,--,sii,https://mopsov.twse.com.tw/mops/web/ajax_t163sb05
中游,電源供應系統,2308,台達電,2016,4,balance_sheet,歸屬於母公司業主之權益合計,124114426,"124,114,426",sii,https://mopsov.twse.com.tw/mops/web/ajax_t163sb05
中游,電源供應系統,2308,台達電,2016,4,balance_sheet,共同控制下前手權益,,--,sii,https://mopsov.twse.com.tw/mops/web/ajax_t163sb05
中游,電源供應系統,2308,台達電,2016,4,balance_sheet,合併前非屬共同控制股權,,--,sii,https://mopsov.twse.com.tw/mops/web/ajax_t163sb05
中游,電源供應系統,2308,台達電,2016,4,balance_sheet,非控制權益,4894440,"4,894,440",sii,https://mopsov.twse.com.tw/mops/web/ajax_t163sb05
中游,電源供應系統,2308,台達電,2016,4,balance_sheet,權益總額,129008866,"129,008,866",sii,https://mopsov.twse.com.tw/mops/web/ajax_t163sb05
中游,電源供應系統,2308,台達電,2016,4,balance_sheet,待註銷股本股數（單位：股）,0,0,sii,https://mopsov.twse.com.tw/mops/web/ajax_t163sb05
中游,電源供應系統,2308,台達電,2016,4,balance_sheet,預收股款（權益項下）之約當發行股數（單位：股）,0,0,sii,https://mopsov.twse.com.tw/mops/web/ajax_t163sb05
中游,電源供應系統,2308,台達電,2016,4,balance_sheet,母公司暨子公司所持有之母公司庫藏股股數（單位：股）,0,0,sii,https://mopsov.twse.com.tw/mops/web/ajax_t163sb05
中游,電源供應系統,2308,台達電,2016,4,balance_sheet,每股參考淨值,47.78,47.78,sii,https://mopsov.twse.com.tw/mops/web/ajax_t163sb05
中游,電源供應系統,2301,光寶科,2016,4,cash_flow,營業活動之淨現金流入（流出）,14512514,"14,512,514",sii,https://mopsov.twse.com.tw/mops/web/ajax_t163sb20
中游,電源供應系統,2301,光寶科,2016,4,cash_flow,投資活動之淨現金流入（流出）,-4086683,"-4,086,683",sii,https://mopsov.twse.com.tw/mops/web/ajax_t163sb20
中游,電源供應系統,2301,光寶科,2016,4,cash_flow,籌資活動之淨現金流入（流出）,-9299345,"-9,299,345",sii,https://mopsov.twse.com.tw/mops/web/ajax_t163sb20
中游,電源供應系統,2301,光寶科,2016,4,cash_flow,匯率變動對現金及約當現金之影響,-1419802,"-1,419,802",sii,https://mopsov.twse.com.tw/mops/web/ajax_t163sb20
中游,電源供應系統,2301,光寶科,2016,4,cash_flow,本期現金及約當現金增加（減少）數,-293316,"-293,316",sii,https://mopsov.twse.com.tw/mops/web/ajax_t163sb20
中游,電源供應系統,2301,光寶科,2016,4,cash_flow,期初現金及約當現金餘額,65501807,"65,501,807",sii,https://mopsov.twse.com.tw/mops/web/ajax_t163sb20
中游,電源供應系統,2301,光寶科,2016,4,cash_flow,期末現金及約當現金餘額,65208491,"65,208,491",sii,https://mopsov.twse.com.tw/mops/web/ajax_t163sb20
中游,電源供應系統,2308,台達電,2016,4,cash_flow,營業活動之淨現金流入（流出）,30899849,"30,899,849",sii,https://mopsov.twse.com.tw/mops/web/ajax_t163sb20
中游,電源供應系統,2308,台達電,2016,4,cash_flow,投資活動之淨現金流入（流出）,-15349817,"-15,349,817",sii,https://mopsov.twse.com.tw/mops/web/ajax_t163sb20
中游,電源供應系統,2308,台達電,2016,4,cash_flow,籌資活動之淨現金流入（流出）,-8203906,"-8,203,906",sii,https://mopsov.twse.com.tw/mops/web/ajax_t163sb20
中游,電源供應系統,2308,台達電,2016,4,cash_flow,匯率變動對現金及約當現金之影響,-3025835,"-3,025,835",sii,https://mopsov.twse.com.tw/mops/web/ajax_t163sb20
中游,電源供應系統,2308,台達電,2016,4,cash_flow,本期現金及約當現金增加（減少）數,4320291,"4,320,291",sii,https://mopsov.twse.com.tw/mops/web/ajax_t163sb20
中游,電源供應系統,2308,台達電,2016,4,cash_flow,期初現金及約當現金餘額,51252453,"51,252,453",sii,https://mopsov.twse.com.tw/mops/web/ajax_t163sb20
中游,電源供應系統,2308,台達電,2016,4,cash_flow,期末現金及約當現金餘額,55572744,"55,572,744",sii,https://mopsov.twse.com.tw/mops/web/ajax_t163sb20
中游,電源供應系統,2301,光寶科,2017,1,income_statement,營業收入,51351700,"51,351,700",sii,https://mopsov.twse.com.tw/mops/web/ajax_t163sb04
中游,電源供應系統,2301,光寶科,2017,1,income_statement,營業成本,44659368,"44,659,368",sii,https://mopsov.twse.com.tw/mops/web/ajax_t163sb04
中游,電源供應系統,2301,光寶科,2017,1,income_statement,原始認列生物資產及農產品之利益（損失）,,--,sii,https://mopsov.twse.com.tw/mops/web/ajax_t163sb04
中游,電源供應系統,2301,光寶科,2017,1,income_statement,生物資產當期公允價值減出售成本之變動利益（損失）,,--,sii,https://mopsov.twse.com.tw/mops/web/ajax_t163sb04
中游,電源供應系統,2301,光寶科,2017,1,income_statement,營業毛利（毛損）,6692332,"6,692,332",sii,https://mopsov.twse.com.tw/mops/web/ajax_t163sb04
中游,電源供應系統,2301,光寶科,2017,1,income_statement,未實現銷貨（損）益,,--,sii,https://mopsov.twse.com.tw/mops/web/ajax_t163sb04
中游,電源供應系統,2301,光寶科,2017,1,income_statement,已實現銷貨（損）益,,--,sii,https://mopsov.twse.com.tw/mops/web/ajax_t163sb04
中游,電源供應系統,2301,光寶科,2017,1,income_statement,營業毛利（毛損）淨額,6692332,"6,692,332",sii,https://mopsov.twse.com.tw/mops/web/ajax_t163sb04
中游,電源供應系統,2301,光寶科,2017,1,income_statement,營業費用,4639165,"4,639,165",sii,https://mopsov.twse.com.tw/mops/web/ajax_t163sb04
中游,電源供應系統,2301,光寶科,2017,1,income_statement,其他收益及費損淨額,,--,sii,https://mopsov.twse.com.tw/mops/web/ajax_t163sb04
中游,電源供應系統,2301,光寶科,2017,1,income_statement,營業利益（損失）,2053167,"2,053,167",sii,https://mopsov.twse.com.tw/mops/web/ajax_t163sb04
中游,電源供應系統,2301,光寶科,2017,1,income_statement,營業外收入及支出,419581,"419,581",sii,https://mopsov.twse.com.tw/mops/web/ajax_t163sb04
中游,電源供應系統,2301,光寶科,2017,1,income_statement,稅前淨利（淨損）,2472748,"2,472,748",sii,https://mopsov.twse.com.tw/mops/web/ajax_t163sb04
中游,電源供應系統,2301,光寶科,2017,1,income_statement,所得稅費用（利益）,625189,"625,189",sii,https://mopsov.twse.com.tw/mops/web/ajax_t163sb04
中游,電源供應系統,2301,光寶科,2017,1,income_statement,繼續營業單位本期淨利（淨損）,1847559,"1,847,559",sii,https://mopsov.twse.com.tw/mops/web/ajax_t163sb04
中游,電源供應系統,2301,光寶科,2017,1,income_statement,停業單位損益,,--,sii,https://mopsov.twse.com.tw/mops/web/ajax_t163sb04
中游,電源供應系統,2301,光寶科,2017,1,income_statement,合併前非屬共同控制股權損益,,--,sii,https://mopsov.twse.com.tw/mops/web/ajax_t163sb04
中游,電源供應系統,2301,光寶科,2017,1,income_statement,本期淨利（淨損）,1847559,"1,847,559",sii,https://mopsov.twse.com.tw/mops/web/ajax_t163sb04
中游,電源供應系統,2301,光寶科,2017,1,income_statement,其他綜合損益（淨額）,-3176993,"-3,176,993",sii,https://mopsov.twse.com.tw/mops/web/ajax_t163sb04
中游,電源供應系統,2301,光寶科,2017,1,income_statement,合併前非屬共同控制股權綜合損益淨額,,--,sii,https://mopsov.twse.com.tw/mops/web/ajax_t163sb04
中游,電源供應系統,2301,光寶科,2017,1,income_statement,本期綜合損益總額,-1329434,"-1,329,434",sii,https://mopsov.twse.com.tw/mops/web/ajax_t163sb04
中游,電源供應系統,2301,光寶科,2017,1,income_statement,淨利（淨損）歸屬於母公司業主,1982353,"1,982,353",sii,https://mopsov.twse.com.tw/mops/web/ajax_t163sb04
中游,電源供應系統,2301,光寶科,2017,1,income_statement,淨利（淨損）歸屬於共同控制下前手權益,,--,sii,https://mopsov.twse.com.tw/mops/web/ajax_t163sb04
中游,電源供應系統,2301,光寶科,2017,1,income_statement,淨利（淨損）歸屬於非控制權益,-134794,"-134,794",sii,https://mopsov.twse.com.tw/mops/web/ajax_t163sb04
中游,電源供應系統,2301,光寶科,2017,1,income_statement,綜合損益總額歸屬於母公司業主,-1037038,"-1,037,038",sii,https://mopsov.twse.com.tw/mops/web/ajax_t163sb04
中游,電源供應系統,2301,光寶科,2017,1,income_statement,綜合損益總額歸屬於共同控制下前手權益,,--,sii,https://mopsov.twse.com.tw/mops/web/ajax_t163sb04
中游,電源供應系統,2301,光寶科,2017,1,income_statement,綜合損益總額歸屬於非控制權益,-292396,"-292,396",sii,https://mopsov.twse.com.tw/mops/web/ajax_t163sb04
中游,電源供應系統,2301,光寶科,2017,1,income_statement,基本每股盈餘（元）,0.85,0.85,sii,https://mopsov.twse.com.tw/mops/web/ajax_t163sb04
中游,電源供應系統,2308,台達電,2017,1,income_statement,營業收入,48924659,"48,924,659",sii,https://mopsov.twse.com.tw/mops/web/ajax_t163sb04
中游,電源供應系統,2308,台達電,2017,1,income_statement,營業成本,35615905,"35,615,905",sii,https://mopsov.twse.com.tw/mops/web/ajax_t163sb04
中游,電源供應系統,2308,台達電,2017,1,income_statement,原始認列生物資產及農產品之利益（損失）,,--,sii,https://mopsov.twse.com.tw/mops/web/ajax_t163sb04
中游,電源供應系統,2308,台達電,2017,1,income_statement,生物資產當期公允價值減出售成本之變動利益（損失）,,--,sii,https://mopsov.twse.com.tw/mops/web/ajax_t163sb04
中游,電源供應系統,2308,台達電,2017,1,income_statement,營業毛利（毛損）,13308754,"13,308,754",sii,https://mopsov.twse.com.tw/mops/web/ajax_t163sb04
中游,電源供應系統,2308,台達電,2017,1,income_statement,未實現銷貨（損）益,,--,sii,https://mopsov.twse.com.tw/mops/web/ajax_t163sb04
中游,電源供應系統,2308,台達電,2017,1,income_statement,已實現銷貨（損）益,,--,sii,https://mopsov.twse.com.tw/mops/web/ajax_t163sb04
中游,電源供應系統,2308,台達電,2017,1,income_statement,營業毛利（毛損）淨額,13308754,"13,308,754",sii,https://mopsov.twse.com.tw/mops/web/ajax_t163sb04
中游,電源供應系統,2308,台達電,2017,1,income_statement,營業費用,9341442,"9,341,442",sii,https://mopsov.twse.com.tw/mops/web/ajax_t163sb04
中游,電源供應系統,2308,台達電,2017,1,income_statement,其他收益及費損淨額,,--,sii,https://mopsov.twse.com.tw/mops/web/ajax_t163sb04
中游,電源供應系統,2308,台達電,2017,1,income_statement,營業利益（損失）,3967312,"3,967,312",sii,https://mopsov.twse.com.tw/mops/web/ajax_t163sb04
中游,電源供應系統,2308,台達電,2017,1,income_statement,營業外收入及支出,999415,"999,415",sii,https://mopsov.twse.com.tw/mops/web/ajax_t163sb04
中游,電源供應系統,2308,台達電,2017,1,income_statement,稅前淨利（淨損）,4966727,"4,966,727",sii,https://mopsov.twse.com.tw/mops/web/ajax_t163sb04
中游,電源供應系統,2308,台達電,2017,1,income_statement,所得稅費用（利益）,993041,"993,041",sii,https://mopsov.twse.com.tw/mops/web/ajax_t163sb04
中游,電源供應系統,2308,台達電,2017,1,income_statement,繼續營業單位本期淨利（淨損）,3973686,"3,973,686",sii,https://mopsov.twse.com.tw/mops/web/ajax_t163sb04
中游,電源供應系統,2308,台達電,2017,1,income_statement,停業單位損益,,--,sii,https://mopsov.twse.com.tw/mops/web/ajax_t163sb04
中游,電源供應系統,2308,台達電,2017,1,income_statement,合併前非屬共同控制股權損益,,--,sii,https://mopsov.twse.com.tw/mops/web/ajax_t163sb04
中游,電源供應系統,2308,台達電,2017,1,income_statement,本期淨利（淨損）,3973686,"3,973,686",sii,https://mopsov.twse.com.tw/mops/web/ajax_t163sb04
中游,電源供應系統,2308,台達電,2017,1,income_statement,其他綜合損益（淨額）,-5446755,"-5,446,755",sii,https://mopsov.twse.com.tw/mops/web/ajax_t163sb04
中游,電源供應系統,2308,台達電,2017,1,income_statement,合併前非屬共同控制股權綜合損益淨額,,--,sii,https://mopsov.twse.com.tw/mops/web/ajax_t163sb04
中游,電源供應系統,2308,台達電,2017,1,income_statement,本期綜合損益總額,-1473069,"-1,473,069",sii,https://mopsov.twse.com.tw/mops/web/ajax_t163sb04
中游,電源供應系統,2308,台達電,2017,1,income_statement,淨利（淨損）歸屬於母公司業主,3919106,"3,919,106",sii,https://mopsov.twse.com.tw/mops/web/ajax_t163sb04
中游,電源供應系統,2308,台達電,2017,1,income_statement,淨利（淨損）歸屬於共同控制下前手權益,,--,sii,https://mopsov.twse.com.tw/mops/web/ajax_t163sb04
中游,電源供應系統,2308,台達電,2017,1,income_statement,淨利（淨損）歸屬於非控制權益,54580,"54,580",sii,https://mopsov.twse.com.tw/mops/web/ajax_t163sb04
中游,電源供應系統,2308,台達電,2017,1,income_statement,綜合損益總額歸屬於母公司業主,-1325770,"-1,325,770",sii,https://mopsov.twse.com.tw/mops/web/ajax_t163sb04
中游,電源供應系統,2308,台達電,2017,1,income_statement,綜合損益總額歸屬於共同控制下前手權益,,--,sii,https://mopsov.twse.com.tw/mops/web/ajax_t163sb04
中游,電源供應系統,2308,台達電,2017,1,income_statement,綜合損益總額歸屬於非控制權益,-147299,"-147,299",sii,https://mopsov.twse.com.tw/mops/web/ajax_t163sb04
中游,電源供應系統,2308,台達電,2017,1,income_statement,基本每股盈餘（元）,1.51,1.51,sii,https://mopsov.twse.com.tw/mops/web/ajax_t163sb04
中游,電源供應系統,2301,光寶科,2017,1,balance_sheet,流動資產,143459772,"143,459,772",sii,https://mopsov.twse.com.tw/mops/web/ajax_t163sb05
中游,電源供應系統,2301,光寶科,2017,1,balance_sheet,非流動資產,51416045,"51,416,045",sii,https://mopsov.twse.com.tw/mops/web/ajax_t163sb05
中游,電源供應系統,2301,光寶科,2017,1,balance_sheet,資產總計,194875817,"194,875,817",sii,https://mopsov.twse.com.tw/mops/web/ajax_t163sb05
中游,電源供應系統,2301,光寶科,2017,1,balance_sheet,流動負債,106924657,"106,924,657",sii,https://mopsov.twse.com.tw/mops/web/ajax_t163sb05
中游,電源供應系統,2301,光寶科,2017,1,balance_sheet,非流動負債,10006270,"10,006,270",sii,https://mopsov.twse.com.tw/mops/web/ajax_t163sb05
中游,電源供應系統,2301,光寶科,2017,1,balance_sheet,負債總額,116930927,"116,930,927",sii,https://mopsov.twse.com.tw/mops/web/ajax_t163sb05
中游,電源供應系統,2301,光寶科,2017,1,balance_sheet,股本,23508670,"23,508,670",sii,https://mopsov.twse.com.tw/mops/web/ajax_t163sb05
中游,電源供應系統,2301,光寶科,2017,1,balance_sheet,資本公積,27494481,"27,494,481",sii,https://mopsov.twse.com.tw/mops/web/ajax_t163sb05
中游,電源供應系統,2301,光寶科,2017,1,balance_sheet,保留盈餘,29478493,"29,478,493",sii,https://mopsov.twse.com.tw/mops/web/ajax_t163sb05
中游,電源供應系統,2301,光寶科,2017,1,balance_sheet,其他權益,-4341663,"-4,341,663",sii,https://mopsov.twse.com.tw/mops/web/ajax_t163sb05
中游,電源供應系統,2301,光寶科,2017,1,balance_sheet,庫藏股票,-1248722,"-1,248,722",sii,https://mopsov.twse.com.tw/mops/web/ajax_t163sb05
中游,電源供應系統,2301,光寶科,2017,1,balance_sheet,歸屬於母公司業主之權益合計,74891259,"74,891,259",sii,https://mopsov.twse.com.tw/mops/web/ajax_t163sb05
中游,電源供應系統,2301,光寶科,2017,1,balance_sheet,共同控制下前手權益,,--,sii,https://mopsov.twse.com.tw/mops/web/ajax_t163sb05
中游,電源供應系統,2301,光寶科,2017,1,balance_sheet,合併前非屬共同控制股權,,--,sii,https://mopsov.twse.com.tw/mops/web/ajax_t163sb05
中游,電源供應系統,2301,光寶科,2017,1,balance_sheet,非控制權益,3053631,"3,053,631",sii,https://mopsov.twse.com.tw/mops/web/ajax_t163sb05
中游,電源供應系統,2301,光寶科,2017,1,balance_sheet,權益總額,77944890,"77,944,890",sii,https://mopsov.twse.com.tw/mops/web/ajax_t163sb05
中游,電源供應系統,2301,光寶科,2017,1,balance_sheet,待註銷股本股數（單位：股）,,--,sii,https://mopsov.twse.com.tw/mops/web/ajax_t163sb05
中游,電源供應系統,2301,光寶科,2017,1,balance_sheet,預收股款（權益項下）之約當發行股數（單位：股）,0,0,sii,https://mopsov.twse.com.tw/mops/web/ajax_t163sb05
中游,電源供應系統,2301,光寶科,2017,1,balance_sheet,母公司暨子公司所持有之母公司庫藏股股數（單位：股）,26841500,"26,841,500",sii,https://mopsov.twse.com.tw/mops/web/ajax_t163sb05
中游,電源供應系統,2301,光寶科,2017,1,balance_sheet,每股參考淨值,32.22,32.22,sii,https://mopsov.twse.com.tw/mops/web/ajax_t163sb05
中游,電源供應系統,2308,台達電,2017,1,balance_sheet,流動資產,130985804,"130,985,804",sii,https://mopsov.twse.com.tw/mops/web/ajax_t163sb05
中游,電源供應系統,2308,台達電,2017,1,balance_sheet,非流動資產,92560323,"92,560,323",sii,https://mopsov.twse.com.tw/mops/web/ajax_t163sb05
中游,電源供應系統,2308,台達電,2017,1,balance_sheet,資產總計,223546127,"223,546,127",sii,https://mopsov.twse.com.tw/mops/web/ajax_t163sb05
中游,電源供應系統,2308,台達電,2017,1,balance_sheet,流動負債,70440565,"70,440,565",sii,https://mopsov.twse.com.tw/mops/web/ajax_t163sb05
中游,電源供應系統,2308,台達電,2017,1,balance_sheet,非流動負債,25723652,"25,723,652",sii,https://mopsov.twse.com.tw/mops/web/ajax_t163sb05
中游,電源供應系統,2308,台達電,2017,1,balance_sheet,負債總額,96164217,"96,164,217",sii,https://mopsov.twse.com.tw/mops/web/ajax_t163sb05
中游,電源供應系統,2308,台達電,2017,1,balance_sheet,股本,25975433,"25,975,433",sii,https://mopsov.twse.com.tw/mops/web/ajax_t163sb05
中游,電源供應系統,2308,台達電,2017,1,balance_sheet,資本公積,48447179,"48,447,179",sii,https://mopsov.twse.com.tw/mops/web/ajax_t163sb05
中游,電源供應系統,2308,台達電,2017,1,balance_sheet,保留盈餘,55858186,"55,858,186",sii,https://mopsov.twse.com.tw/mops/web/ajax_t163sb05
中游,電源供應系統,2308,台達電,2017,1,balance_sheet,其他權益,-7487414,"-7,487,414",sii,https://mopsov.twse.com.tw/mops/web/ajax_t163sb05
中游,電源供應系統,2308,台達電,2017,1,balance_sheet,庫藏股票,,--,sii,https://mopsov.twse.com.tw/mops/web/ajax_t163sb05
中游,電源供應系統,2308,台達電,2017,1,balance_sheet,歸屬於母公司業主之權益合計,122793384,"122,793,384",sii,https://mopsov.twse.com.tw/mops/web/ajax_t163sb05
中游,電源供應系統,2308,台達電,2017,1,balance_sheet,共同控制下前手權益,,--,sii,https://mopsov.twse.com.tw/mops/web/ajax_t163sb05
中游,電源供應系統,2308,台達電,2017,1,balance_sheet,合併前非屬共同控制股權,,--,sii,https://mopsov.twse.com.tw/mops/web/ajax_t163sb05
中游,電源供應系統,2308,台達電,2017,1,balance_sheet,非控制權益,4588526,"4,588,526",sii,https://mopsov.twse.com.tw/mops/web/ajax_t163sb05
中游,電源供應系統,2308,台達電,2017,1,balance_sheet,權益總額,127381910,"127,381,910",sii,https://mopsov.twse.com.tw/mops/web/ajax_t163sb05
中游,電源供應系統,2308,台達電,2017,1,balance_sheet,待註銷股本股數（單位：股）,0,0,sii,https://mopsov.twse.com.tw/mops/web/ajax_t163sb05
中游,電源供應系統,2308,台達電,2017,1,balance_sheet,預收股款（權益項下）之約當發行股數（單位：股）,0,0,sii,https://mopsov.twse.com.tw/mops/web/ajax_t163sb05
中游,電源供應系統,2308,台達電,2017,1,balance_sheet,母公司暨子公司所持有之母公司庫藏股股數（單位：股）,0,0,sii,https://mopsov.twse.com.tw/mops/web/ajax_t163sb05
中游,電源供應系統,2308,台達電,2017,1,balance_sheet,每股參考淨值,47.27,47.27,sii,https://mopsov.twse.com.tw/mops/web/ajax_t163sb05
中游,電源供應系統,2301,光寶科,2017,1,cash_flow,營業活動之淨現金流入（流出）,4055536,"4,055,536",sii,https://mopsov.twse.com.tw/mops/web/ajax_t163sb20
中游,電源供應系統,2301,光寶科,2017,1,cash_flow,投資活動之淨現金流入（流出）,-1332692,"-1,332,692",sii,https://mopsov.twse.com.tw/mops/web/ajax_t163sb20
中游,電源供應系統,2301,光寶科,2017,1,cash_flow,籌資活動之淨現金流入（流出）,-1652484,"-1,652,484",sii,https://mopsov.twse.com.tw/mops/web/ajax_t163sb20
中游,電源供應系統,2301,光寶科,2017,1,cash_flow,匯率變動對現金及約當現金之影響,-2148103,"-2,148,103",sii,https://mopsov.twse.com.tw/mops/web/ajax_t163sb20
中游,電源供應系統,2301,光寶科,2017,1,cash_flow,本期現金及約當現金增加（減少）數,-1077743,"-1,077,743",sii,https://mopsov.twse.com.tw/mops/web/ajax_t163sb20
中游,電源供應系統,2301,光寶科,2017,1,cash_flow,期初現金及約當現金餘額,65208491,"65,208,491",sii,https://mopsov.twse.com.tw/mops/web/ajax_t163sb20
中游,電源供應系統,2301,光寶科,2017,1,cash_flow,期末現金及約當現金餘額,64130748,"64,130,748",sii,https://mopsov.twse.com.tw/mops/web/ajax_t163sb20
中游,電源供應系統,2308,台達電,2017,1,cash_flow,營業活動之淨現金流入（流出）,7141068,"7,141,068",sii,https://mopsov.twse.com.tw/mops/web/ajax_t163sb20
中游,電源供應系統,2308,台達電,2017,1,cash_flow,投資活動之淨現金流入（流出）,-2767064,"-2,767,064",sii,https://mopsov.twse.com.tw/mops/web/ajax_t163sb20
中游,電源供應系統,2308,台達電,2017,1,cash_flow,籌資活動之淨現金流入（流出）,-2314916,"-2,314,916",sii,https://mopsov.twse.com.tw/mops/web/ajax_t163sb20
中游,電源供應系統,2308,台達電,2017,1,cash_flow,匯率變動對現金及約當現金之影響,-3595386,"-3,595,386",sii,https://mopsov.twse.com.tw/mops/web/ajax_t163sb20
中游,電源供應系統,2308,台達電,2017,1,cash_flow,本期現金及約當現金增加（減少）數,-1536298,"-1,536,298",sii,https://mopsov.twse.com.tw/mops/web/ajax_t163sb20
中游,電源供應系統,2308,台達電,2017,1,cash_flow,期初現金及約當現金餘額,55572744,"55,572,744",sii,https://mopsov.twse.com.tw/mops/web/ajax_t163sb20
中游,電源供應系統,2308,台達電,2017,1,cash_flow,期末現金及約當現金餘額,54036446,"54,036,446",sii,https://mopsov.twse.com.tw/mops/web/ajax_t163sb20
中游,電源供應系統,2301,光寶科,2017,2,income_statement,營業收入,104412598,"104,412,598",sii,https://mopsov.twse.com.tw/mops/web/ajax_t163sb04
中游,電源供應系統,2301,光寶科,2017,2,income_statement,營業成本,90758725,"90,758,725",sii,https://mopsov.twse.com.tw/mops/web/ajax_t163sb04
中游,電源供應系統,2301,光寶科,2017,2,income_statement,原始認列生物資產及農產品之利益（損失）,,--,sii,https://mopsov.twse.com.tw/mops/web/ajax_t163sb04
中游,電源供應系統,2301,光寶科,2017,2,income_statement,生物資產當期公允價值減出售成本之變動利益（損失）,,--,sii,https://mopsov.twse.com.tw/mops/web/ajax_t163sb04
中游,電源供應系統,2301,光寶科,2017,2,income_statement,營業毛利（毛損）,13653873,"13,653,873",sii,https://mopsov.twse.com.tw/mops/web/ajax_t163sb04
中游,電源供應系統,2301,光寶科,2017,2,income_statement,未實現銷貨（損）益,,--,sii,https://mopsov.twse.com.tw/mops/web/ajax_t163sb04
中游,電源供應系統,2301,光寶科,2017,2,income_statement,已實現銷貨（損）益,,--,sii,https://mopsov.twse.com.tw/mops/web/ajax_t163sb04
中游,電源供應系統,2301,光寶科,2017,2,income_statement,營業毛利（毛損）淨額,13653873,"13,653,873",sii,https://mopsov.twse.com.tw/mops/web/ajax_t163sb04
中游,電源供應系統,2301,光寶科,2017,2,income_statement,營業費用,9380513,"9,380,513",sii,https://mopsov.twse.com.tw/mops/web/ajax_t163sb04
中游,電源供應系統,2301,光寶科,2017,2,income_statement,其他收益及費損淨額,,--,sii,https://mopsov.twse.com.tw/mops/web/ajax_t163sb04
中游,電源供應系統,2301,光寶科,2017,2,income_statement,營業利益（損失）,4273360,"4,273,360",sii,https://mopsov.twse.com.tw/mops/web/ajax_t163sb04
中游,電源供應系統,2301,光寶科,2017,2,income_statement,營業外收入及支出,727031,"727,031",sii,https://mopsov.twse.com.tw/mops/web/ajax_t163sb04
中游,電源供應系統,2301,光寶科,2017,2,income_statement,稅前淨利（淨損）,5000391,"5,000,391",sii,https://mopsov.twse.com.tw/mops/web/ajax_t163sb04
中游,電源供應系統,2301,光寶科,2017,2,income_statement,所得稅費用（利益）,1264400,"1,264,400",sii,https://mopsov.twse.com.tw/mops/web/ajax_t163sb04
中游,電源供應系統,2301,光寶科,2017,2,income_statement,繼續營業單位本期淨利（淨損）,3735991,"3,735,991",sii,https://mopsov.twse.com.tw/mops/web/ajax_t163sb04
中游,電源供應系統,2301,光寶科,2017,2,income_statement,停業單位損益,,--,sii,https://mopsov.twse.com.tw/mops/web/ajax_t163sb04
中游,電源供應系統,2301,光寶科,2017,2,income_statement,合併前非屬共同控制股權損益,,--,sii,https://mopsov.twse.com.tw/mops/web/ajax_t163sb04
中游,電源供應系統,2301,光寶科,2017,2,income_statement,本期淨利（淨損）,3735991,"3,735,991",sii,https://mopsov.twse.com.tw/mops/web/ajax_t163sb04
中游,電源供應系統,2301,光寶科,2017,2,income_statement,其他綜合損益（淨額）,-2119951,"-2,119,951",sii,https://mopsov.twse.com.tw/mops/web/ajax_t163sb04
中游,電源供應系統,2301,光寶科,2017,2,income_statement,合併前非屬共同控制股權綜合損益淨額,,--,sii,https://mopsov.twse.com.tw/mops/web/ajax_t163sb04
中游,電源供應系統,2301,光寶科,2017,2,income_statement,本期綜合損益總額,1616040,"1,616,040",sii,https://mopsov.twse.com.tw/mops/web/ajax_t163sb04
中游,電源供應系統,2301,光寶科,2017,2,income_statement,淨利（淨損）歸屬於母公司業主,3749598,"3,749,598",sii,https://mopsov.twse.com.tw/mops/web/ajax_t163sb04
中游,電源供應系統,2301,光寶科,2017,2,income_statement,淨利（淨損）歸屬於共同控制下前手權益,,--,sii,https://mopsov.twse.com.tw/mops/web/ajax_t163sb04
中游,電源供應系統,2301,光寶科,2017,2,income_statement,淨利（淨損）歸屬於非控制權益,-13607,"-13,607",sii,https://mopsov.twse.com.tw/mops/web/ajax_t163sb04
中游,電源供應系統,2301,光寶科,2017,2,income_statement,綜合損益總額歸屬於母公司業主,1717037,"1,717,037",sii,https://mopsov.twse.com.tw/mops/web/ajax_t163sb04
中游,電源供應系統,2301,光寶科,2017,2,income_statement,綜合損益總額歸屬於共同控制下前手權益,,--,sii,https://mopsov.twse.com.tw/mops/web/ajax_t163sb04
中游,電源供應系統,2301,光寶科,2017,2,income_statement,綜合損益總額歸屬於非控制權益,-100997,"-100,997",sii,https://mopsov.twse.com.tw/mops/web/ajax_t163sb04
中游,電源供應系統,2301,光寶科,2017,2,income_statement,基本每股盈餘（元）,1.61,1.61,sii,https://mopsov.twse.com.tw/mops/web/ajax_t163sb04
中游,電源供應系統,2308,台達電,2017,2,income_statement,營業收入,102397989,"102,397,989",sii,https://mopsov.twse.com.tw/mops/web/ajax_t163sb04
中游,電源供應系統,2308,台達電,2017,2,income_statement,營業成本,74399648,"74,399,648",sii,https://mopsov.twse.com.tw/mops/web/ajax_t163sb04
中游,電源供應系統,2308,台達電,2017,2,income_statement,原始認列生物資產及農產品之利益（損失）,,--,sii,https://mopsov.twse.com.tw/mops/web/ajax_t163sb04
中游,電源供應系統,2308,台達電,2017,2,income_statement,生物資產當期公允價值減出售成本之變動利益（損失）,,--,sii,https://mopsov.twse.com.tw/mops/web/ajax_t163sb04
中游,電源供應系統,2308,台達電,2017,2,income_statement,營業毛利（毛損）,27998341,"27,998,341",sii,https://mopsov.twse.com.tw/mops/web/ajax_t163sb04
中游,電源供應系統,2308,台達電,2017,2,income_statement,未實現銷貨（損）益,,--,sii,https://mopsov.twse.com.tw/mops/web/ajax_t163sb04
中游,電源供應系統,2308,台達電,2017,2,income_statement,已實現銷貨（損）益,,--,sii,https://mopsov.twse.com.tw/mops/web/ajax_t163sb04
中游,電源供應系統,2308,台達電,2017,2,income_statement,營業毛利（毛損）淨額,27998341,"27,998,341",sii,https://mopsov.twse.com.tw/mops/web/ajax_t163sb04
中游,電源供應系統,2308,台達電,2017,2,income_statement,營業費用,19470659,"19,470,659",sii,https://mopsov.twse.com.tw/mops/web/ajax_t163sb04
中游,電源供應系統,2308,台達電,2017,2,income_statement,其他收益及費損淨額,,--,sii,https://mopsov.twse.com.tw/mops/web/ajax_t163sb04
中游,電源供應系統,2308,台達電,2017,2,income_statement,營業利益（損失）,8527682,"8,527,682",sii,https://mopsov.twse.com.tw/mops/web/ajax_t163sb04
中游,電源供應系統,2308,台達電,2017,2,income_statement,營業外收入及支出,1880035,"1,880,035",sii,https://mopsov.twse.com.tw/mops/web/ajax_t163sb04
中游,電源供應系統,2308,台達電,2017,2,income_statement,稅前淨利（淨損）,10407717,"10,407,717",sii,https://mopsov.twse.com.tw/mops/web/ajax_t163sb04
中游,電源供應系統,2308,台達電,2017,2,income_statement,所得稅費用（利益）,2131181,"2,131,181",sii,https://mopsov.twse.com.tw/mops/web/ajax_t163sb04
中游,電源供應系統,2308,台達電,2017,2,income_statement,繼續營業單位本期淨利（淨損）,8276536,"8,276,536",sii,https://mopsov.twse.com.tw/mops/web/ajax_t163sb04
中游,電源供應系統,2308,台達電,2017,2,income_statement,停業單位損益,,--,sii,https://mopsov.twse.com.tw/mops/web/ajax_t163sb04
中游,電源供應系統,2308,台達電,2017,2,income_statement,合併前非屬共同控制股權損益,,--,sii,https://mopsov.twse.com.tw/mops/web/ajax_t163sb04
中游,電源供應系統,2308,台達電,2017,2,income_statement,本期淨利（淨損）,8276536,"8,276,536",sii,https://mopsov.twse.com.tw/mops/web/ajax_t163sb04
中游,電源供應系統,2308,台達電,2017,2,income_statement,其他綜合損益（淨額）,-4776837,"-4,776,837",sii,https://mopsov.twse.com.tw/mops/web/ajax_t163sb04
中游,電源供應系統,2308,台達電,2017,2,income_statement,合併前非屬共同控制股權綜合損益淨額,,--,sii,https://mopsov.twse.com.tw/mops/web/ajax_t163sb04
中游,電源供應系統,2308,台達電,2017,2,income_statement,本期綜合損益總額,3499699,"3,499,699",sii,https://mopsov.twse.com.tw/mops/web/ajax_t163sb04
中游,電源供應系統,2308,台達電,2017,2,income_statement,淨利（淨損）歸屬於母公司業主,8151631,"8,151,631",sii,https://mopsov.twse.com.tw/mops/web/ajax_t163sb04
中游,電源供應系統,2308,台達電,2017,2,income_statement,淨利（淨損）歸屬於共同控制下前手權益,,--,sii,https://mopsov.twse.com.tw/mops/web/ajax_t163sb04
中游,電源供應系統,2308,台達電,2017,2,income_statement,淨利（淨損）歸屬於非控制權益,124905,"124,905",sii,https://mopsov.twse.com.tw/mops/web/ajax_t163sb04
中游,電源供應系統,2308,台達電,2017,2,income_statement,綜合損益總額歸屬於母公司業主,3760745,"3,760,745",sii,https://mopsov.twse.com.tw/mops/web/ajax_t163sb04
中游,電源供應系統,2308,台達電,2017,2,income_statement,綜合損益總額歸屬於共同控制下前手權益,,--,sii,https://mopsov.twse.com.tw/mops/web/ajax_t163sb04
中游,電源供應系統,2308,台達電,2017,2,income_statement,綜合損益總額歸屬於非控制權益,-261046,"-261,046",sii,https://mopsov.twse.com.tw/mops/web/ajax_t163sb04
中游,電源供應系統,2308,台達電,2017,2,income_statement,基本每股盈餘（元）,3.14,3.14,sii,https://mopsov.twse.com.tw/mops/web/ajax_t163sb04
中游,電源供應系統,2301,光寶科,2017,2,balance_sheet,流動資產,148314545,"148,314,545",sii,https://mopsov.twse.com.tw/mops/web/ajax_t163sb05
中游,電源供應系統,2301,光寶科,2017,2,balance_sheet,非流動資產,51316510,"51,316,510",sii,https://mopsov.twse.com.tw/mops/web/ajax_t163sb05
中游,電源供應系統,2301,光寶科,2017,2,balance_sheet,資產總計,199631055,"199,631,055",sii,https://mopsov.twse.com.tw/mops/web/ajax_t163sb05
中游,電源供應系統,2301,光寶科,2017,2,balance_sheet,流動負債,115327913,"115,327,913",sii,https://mopsov.twse.com.tw/mops/web/ajax_t163sb05
中游,電源供應系統,2301,光寶科,2017,2,balance_sheet,非流動負債,10220164,"10,220,164",sii,https://mopsov.twse.com.tw/mops/web/ajax_t163sb05
中游,電源供應系統,2301,光寶科,2017,2,balance_sheet,負債總額,125548077,"125,548,077",sii,https://mopsov.twse.com.tw/mops/web/ajax_t163sb05
中游,電源供應系統,2301,光寶科,2017,2,balance_sheet,股本,23508670,"23,508,670",sii,https://mopsov.twse.com.tw/mops/web/ajax_t163sb05
中游,電源供應系統,2301,光寶科,2017,2,balance_sheet,資本公積,27578763,"27,578,763",sii,https://mopsov.twse.com.tw/mops/web/ajax_t163sb05
中游,電源供應系統,2301,光寶科,2017,2,balance_sheet,保留盈餘,24381206,"24,381,206",sii,https://mopsov.twse.com.tw/mops/web/ajax_t163sb05
中游,電源供應系統,2301,光寶科,2017,2,balance_sheet,其他權益,-3354833,"-3,354,833",sii,https://mopsov.twse.com.tw/mops/web/ajax_t163sb05
中游,電源供應系統,2301,光寶科,2017,2,balance_sheet,庫藏股票,-1248722,"-1,248,722",sii,https://mopsov.twse.com.tw/mops/web/ajax_t163sb05
中游,電源供應系統,2301,光寶科,2017,2,balance_sheet,歸屬於母公司業主之權益合計,70865084,"70,865,084",sii,https://mopsov.twse.com.tw/mops/web/ajax_t163sb05
中游,電源供應系統,2301,光寶科,2017,2,balance_sheet,共同控制下前手權益,,--,sii,https://mopsov.twse.com.tw/mops/web/ajax_t163sb05
中游,電源供應系統,2301,光寶科,2017,2,balance_sheet,合併前非屬共同控制股權,,--,sii,https://mopsov.twse.com.tw/mops/web/ajax_t163sb05
中游,電源供應系統,2301,光寶科,2017,2,balance_sheet,非控制權益,3217894,"3,217,894",sii,https://mopsov.twse.com.tw/mops/web/ajax_t163sb05
中游,電源供應系統,2301,光寶科,2017,2,balance_sheet,權益總額,74082978,"74,082,978",sii,https://mopsov.twse.com.tw/mops/web/ajax_t163sb05
中游,電源供應系統,2301,光寶科,2017,2,balance_sheet,待註銷股本股數（單位：股）,,--,sii,https://mopsov.twse.com.tw/mops/web/ajax_t163sb05
中游,電源供應系統,2301,光寶科,2017,2,balance_sheet,預收股款（權益項下）之約當發行股數（單位：股）,0,0,sii,https://mopsov.twse.com.tw/mops/web/ajax_t163sb05
中游,電源供應系統,2301,光寶科,2017,2,balance_sheet,母公司暨子公司所持有之母公司庫藏股股數（單位：股）,26841500,"26,841,500",sii,https://mopsov.twse.com.tw/mops/web/ajax_t163sb05
中游,電源供應系統,2301,光寶科,2017,2,balance_sheet,每股參考淨值,30.49,30.49,sii,https://mopsov.twse.com.tw/mops/web/ajax_t163sb05
中游,電源供應系統,2308,台達電,2017,2,balance_sheet,流動資產,140859435,"140,859,435",sii,https://mopsov.twse.com.tw/mops/web/ajax_t163sb05
中游,電源供應系統,2308,台達電,2017,2,balance_sheet,非流動資產,96802510,"96,802,510",sii,https://mopsov.twse.com.tw/mops/web/ajax_t163sb05
中游,電源供應系統,2308,台達電,2017,2,balance_sheet,資產總計,237661945,"237,661,945",sii,https://mopsov.twse.com.tw/mops/web/ajax_t163sb05
中游,電源供應系統,2308,台達電,2017,2,balance_sheet,流動負債,92904512,"92,904,512",sii,https://mopsov.twse.com.tw/mops/web/ajax_t163sb05
中游,電源供應系統,2308,台達電,2017,2,balance_sheet,非流動負債,24801340,"24,801,340",sii,https://mopsov.twse.com.tw/mops/web/ajax_t163sb05
中游,電源供應系統,2308,台達電,2017,2,balance_sheet,負債總額,117705852,"117,705,852",sii,https://mopsov.twse.com.tw/mops/web/ajax_t163sb05
中游,電源供應系統,2308,台達電,2017,2,balance_sheet,股本,25975433,"25,975,433",sii,https://mopsov.twse.com.tw/mops/web/ajax_t163sb05
中游,電源供應系統,2308,台達電,2017,2,balance_sheet,資本公積,48502557,"48,502,557",sii,https://mopsov.twse.com.tw/mops/web/ajax_t163sb05
中游,電源供應系統,2308,台達電,2017,2,balance_sheet,保留盈餘,47137037,"47,137,037",sii,https://mopsov.twse.com.tw/mops/web/ajax_t163sb05
中游,電源供應系統,2308,台達電,2017,2,balance_sheet,其他權益,-6667467,"-6,667,467",sii,https://mopsov.twse.com.tw/mops/web/ajax_t163sb05
中游,電源供應系統,2308,台達電,2017,2,balance_sheet,庫藏股票,,--,sii,https://mopsov.twse.com.tw/mops/web/ajax_t163sb05
中游,電源供應系統,2308,台達電,2017,2,balance_sheet,歸屬於母公司業主之權益合計,114947560,"114,947,560",sii,https://mopsov.twse.com.tw/mops/web/ajax_t163sb05
中游,電源供應系統,2308,台達電,2017,2,balance_sheet,共同控制下前手權益,,--,sii,https://mopsov.twse.com.tw/mops/web/ajax_t163sb05
中游,電源供應系統,2308,台達電,2017,2,balance_sheet,合併前非屬共同控制股權,,--,sii,https://mopsov.twse.com.tw/mops/web/ajax_t163sb05
中游,電源供應系統,2308,台達電,2017,2,balance_sheet,非控制權益,5008533,"5,008,533",sii,https://mopsov.twse.com.tw/mops/web/ajax_t163sb05
中游,電源供應系統,2308,台達電,2017,2,balance_sheet,權益總額,119956093,"119,956,093",sii,https://mopsov.twse.com.tw/mops/web/ajax_t163sb05
中游,電源供應系統,2308,台達電,2017,2,balance_sheet,待註銷股本股數（單位：股）,0,0,sii,https://mopsov.twse.com.tw/mops/web/ajax_t163sb05
中游,電源供應系統,2308,台達電,2017,2,balance_sheet,預收股款（權益項下）之約當發行股數（單位：股）,0,0,sii,https://mopsov.twse.com.tw/mops/web/ajax_t163sb05
中游,電源供應系統,2308,台達電,2017,2,balance_sheet,母公司暨子公司所持有之母公司庫藏股股數（單位：股）,0,0,sii,https://mopsov.twse.com.tw/mops/web/ajax_t163sb05
中游,電源供應系統,2308,台達電,2017,2,balance_sheet,每股參考淨值,44.25,44.25,sii,https://mopsov.twse.com.tw/mops/web/ajax_t163sb05
中游,電源供應系統,2301,光寶科,2017,2,cash_flow,營業活動之淨現金流入（流出）,4831736,"4,831,736",sii,https://mopsov.twse.com.tw/mops/web/ajax_t163sb20
中游,電源供應系統,2301,光寶科,2017,2,cash_flow,投資活動之淨現金流入（流出）,-2273931,"-2,273,931",sii,https://mopsov.twse.com.tw/mops/web/ajax_t163sb20
中游,電源供應系統,2301,光寶科,2017,2,cash_flow,籌資活動之淨現金流入（流出）,-2078098,"-2,078,098",sii,https://mopsov.twse.com.tw/mops/web/ajax_t163sb20
中游,電源供應系統,2301,光寶科,2017,2,cash_flow,匯率變動對現金及約當現金之影響,-2853720,"-2,853,720",sii,https://mopsov.twse.com.tw/mops/web/ajax_t163sb20
中游,電源供應系統,2301,光寶科,2017,2,cash_flow,本期現金及約當現金增加（減少）數,-2374013,"-2,374,013",sii,https://mopsov.twse.com.tw/mops/web/ajax_t163sb20
中游,電源供應系統,2301,光寶科,2017,2,cash_flow,期初現金及約當現金餘額,65208491,"65,208,491",sii,https://mopsov.twse.com.tw/mops/web/ajax_t163sb20
中游,電源供應系統,2301,光寶科,2017,2,cash_flow,期末現金及約當現金餘額,62834478,"62,834,478",sii,https://mopsov.twse.com.tw/mops/web/ajax_t163sb20
中游,電源供應系統,2308,台達電,2017,2,cash_flow,營業活動之淨現金流入（流出）,16727208,"16,727,208",sii,https://mopsov.twse.com.tw/mops/web/ajax_t163sb20
中游,電源供應系統,2308,台達電,2017,2,cash_flow,投資活動之淨現金流入（流出）,-6417055,"-6,417,055",sii,https://mopsov.twse.com.tw/mops/web/ajax_t163sb20
中游,電源供應系統,2308,台達電,2017,2,cash_flow,籌資活動之淨現金流入（流出）,-2647018,"-2,647,018",sii,https://mopsov.twse.com.tw/mops/web/ajax_t163sb20
中游,電源供應系統,2308,台達電,2017,2,cash_flow,匯率變動對現金及約當現金之影響,-3013131,"-3,013,131",sii,https://mopsov.twse.com.tw/mops/web/ajax_t163sb20
中游,電源供應系統,2308,台達電,2017,2,cash_flow,本期現金及約當現金增加（減少）數,4650004,"4,650,004",sii,https://mopsov.twse.com.tw/mops/web/ajax_t163sb20
中游,電源供應系統,2308,台達電,2017,2,cash_flow,期初現金及約當現金餘額,55572744,"55,572,744",sii,https://mopsov.twse.com.tw/mops/web/ajax_t163sb20
中游,電源供應系統,2308,台達電,2017,2,cash_flow,期末現金及約當現金餘額,60222748,"60,222,748",sii,https://mopsov.twse.com.tw/mops/web/ajax_t163sb20
中游,電源供應系統,2301,光寶科,2017,3,income_statement,營業收入,160404490,"160,404,490",sii,https://mopsov.twse.com.tw/mops/web/ajax_t163sb04
中游,電源供應系統,2301,光寶科,2017,3,income_statement,營業成本,139885666,"139,885,666",sii,https://mopsov.twse.com.tw/mops/web/ajax_t163sb04
中游,電源供應系統,2301,光寶科,2017,3,income_statement,原始認列生物資產及農產品之利益（損失）,,--,sii,https://mopsov.twse.com.tw/mops/web/ajax_t163sb04
中游,電源供應系統,2301,光寶科,2017,3,income_statement,生物資產當期公允價值減出售成本之變動利益（損失）,,--,sii,https://mopsov.twse.com.tw/mops/web/ajax_t163sb04
中游,電源供應系統,2301,光寶科,2017,3,income_statement,營業毛利（毛損）,20518824,"20,518,824",sii,https://mopsov.twse.com.tw/mops/web/ajax_t163sb04
中游,電源供應系統,2301,光寶科,2017,3,income_statement,未實現銷貨（損）益,,--,sii,https://mopsov.twse.com.tw/mops/web/ajax_t163sb04
中游,電源供應系統,2301,光寶科,2017,3,income_statement,已實現銷貨（損）益,,--,sii,https://mopsov.twse.com.tw/mops/web/ajax_t163sb04
中游,電源供應系統,2301,光寶科,2017,3,income_statement,營業毛利（毛損）淨額,20518824,"20,518,824",sii,https://mopsov.twse.com.tw/mops/web/ajax_t163sb04
中游,電源供應系統,2301,光寶科,2017,3,income_statement,營業費用,14451226,"14,451,226",sii,https://mopsov.twse.com.tw/mops/web/ajax_t163sb04
中游,電源供應系統,2301,光寶科,2017,3,income_statement,其他收益及費損淨額,,--,sii,https://mopsov.twse.com.tw/mops/web/ajax_t163sb04
中游,電源供應系統,2301,光寶科,2017,3,income_statement,營業利益（損失）,6067598,"6,067,598",sii,https://mopsov.twse.com.tw/mops/web/ajax_t163sb04
中游,電源供應系統,2301,光寶科,2017,3,income_statement,營業外收入及支出,-5778908,"-5,778,908",sii,https://mopsov.twse.com.tw/mops/web/ajax_t163sb04
中游,電源供應系統,2301,光寶科,2017,3,income_statement,稅前淨利（淨損）,288690,"288,690",sii,https://mopsov.twse.com.tw/mops/web/ajax_t163sb04
中游,電源供應系統,2301,光寶科,2017,3,income_statement,所得稅費用（利益）,-48405,"-48,405",sii,https://mopsov.twse.com.tw/mops/web/ajax_t163sb04
中游,電源供應系統,2301,光寶科,2017,3,income_statement,繼續營業單位本期淨利（淨損）,337095,"337,095",sii,https://mopsov.twse.com.tw/mops/web/ajax_t163sb04
中游,電源供應系統,2301,光寶科,2017,3,income_statement,停業單位損益,,--,sii,https://mopsov.twse.com.tw/mops/web/ajax_t163sb04
中游,電源供應系統,2301,光寶科,2017,3,income_statement,合併前非屬共同控制股權損益,,--,sii,https://mopsov.twse.com.tw/mops/web/ajax_t163sb04
中游,電源供應系統,2301,光寶科,2017,3,income_statement,本期淨利（淨損）,337095,"337,095",sii,https://mopsov.twse.com.tw/mops/web/ajax_t163sb04
中游,電源供應系統,2301,光寶科,2017,3,income_statement,其他綜合損益（淨額）,-1295429,"-1,295,429",sii,https://mopsov.twse.com.tw/mops/web/ajax_t163sb04
中游,電源供應系統,2301,光寶科,2017,3,income_statement,合併前非屬共同控制股權綜合損益淨額,,--,sii,https://mopsov.twse.com.tw/mops/web/ajax_t163sb04
中游,電源供應系統,2301,光寶科,2017,3,income_statement,本期綜合損益總額,-958334,"-958,334",sii,https://mopsov.twse.com.tw/mops/web/ajax_t163sb04
中游,電源供應系統,2301,光寶科,2017,3,income_statement,淨利（淨損）歸屬於母公司業主,331062,"331,062",sii,https://mopsov.twse.com.tw/mops/web/ajax_t163sb04
中游,電源供應系統,2301,光寶科,2017,3,income_statement,淨利（淨損）歸屬於共同控制下前手權益,,--,sii,https://mopsov.twse.com.tw/mops/web/ajax_t163sb04
中游,電源供應系統,2301,光寶科,2017,3,income_statement,淨利（淨損）歸屬於非控制權益,6033,"6,033",sii,https://mopsov.twse.com.tw/mops/web/ajax_t163sb04
中游,電源供應系統,2301,光寶科,2017,3,income_statement,綜合損益總額歸屬於母公司業主,-916034,"-916,034",sii,https://mopsov.twse.com.tw/mops/web/ajax_t163sb04
中游,電源供應系統,2301,光寶科,2017,3,income_statement,綜合損益總額歸屬於共同控制下前手權益,,--,sii,https://mopsov.twse.com.tw/mops/web/ajax_t163sb04
中游,電源供應系統,2301,光寶科,2017,3,income_statement,綜合損益總額歸屬於非控制權益,-42300,"-42,300",sii,https://mopsov.twse.com.tw/mops/web/ajax_t163sb04
中游,電源供應系統,2301,光寶科,2017,3,income_statement,基本每股盈餘（元）,0.14,0.14,sii,https://mopsov.twse.com.tw/mops/web/ajax_t163sb04
中游,電源供應系統,2308,台達電,2017,3,income_statement,營業收入,162220465,"162,220,465",sii,https://mopsov.twse.com.tw/mops/web/ajax_t163sb04
中游,電源供應系統,2308,台達電,2017,3,income_statement,營業成本,118023786,"118,023,786",sii,https://mopsov.twse.com.tw/mops/web/ajax_t163sb04
中游,電源供應系統,2308,台達電,2017,3,income_statement,原始認列生物資產及農產品之利益（損失）,,--,sii,https://mopsov.twse.com.tw/mops/web/ajax_t163sb04
中游,電源供應系統,2308,台達電,2017,3,income_statement,生物資產當期公允價值減出售成本之變動利益（損失）,,--,sii,https://mopsov.twse.com.tw/mops/web/ajax_t163sb04
中游,電源供應系統,2308,台達電,2017,3,income_statement,營業毛利（毛損）,44196679,"44,196,679",sii,https://mopsov.twse.com.tw/mops/web/ajax_t163sb04
中游,電源供應系統,2308,台達電,2017,3,income_statement,未實現銷貨（損）益,,--,sii,https://mopsov.twse.com.tw/mops/web/ajax_t163sb04
中游,電源供應系統,2308,台達電,2017,3,income_statement,已實現銷貨（損）益,,--,sii,https://mopsov.twse.com.tw/mops/web/ajax_t163sb04
中游,電源供應系統,2308,台達電,2017,3,income_statement,營業毛利（毛損）淨額,44196679,"44,196,679",sii,https://mopsov.twse.com.tw/mops/web/ajax_t163sb04
中游,電源供應系統,2308,台達電,2017,3,income_statement,營業費用,30210474,"30,210,474",sii,https://mopsov.twse.com.tw/mops/web/ajax_t163sb04
中游,電源供應系統,2308,台達電,2017,3,income_statement,其他收益及費損淨額,,--,sii,https://mopsov.twse.com.tw/mops/web/ajax_t163sb04
中游,電源供應系統,2308,台達電,2017,3,income_statement,營業利益（損失）,13986205,"13,986,205",sii,https://mopsov.twse.com.tw/mops/web/ajax_t163sb04
中游,電源供應系統,2308,台達電,2017,3,income_statement,營業外收入及支出,3385134,"3,385,134",sii,https://mopsov.twse.com.tw/mops/web/ajax_t163sb04
中游,電源供應系統,2308,台達電,2017,3,income_statement,稅前淨利（淨損）,17371339,"17,371,339",sii,https://mopsov.twse.com.tw/mops/web/ajax_t163sb04
中游,電源供應系統,2308,台達電,2017,3,income_statement,所得稅費用（利益）,3519995,"3,519,995",sii,https://mopsov.twse.com.tw/mops/web/ajax_t163sb04
中游,電源供應系統,2308,台達電,2017,3,income_statement,繼續營業單位本期淨利（淨損）,13851344,"13,851,344",sii,https://mopsov.twse.com.tw/mops/web/ajax_t163sb04
中游,電源供應系統,2308,台達電,2017,3,income_statement,停業單位損益,,--,sii,https://mopsov.twse.com.tw/mops/web/ajax_t163sb04
中游,電源供應系統,2308,台達電,2017,3,income_statement,合併前非屬共同控制股權損益,,--,sii,https://mopsov.twse.com.tw/mops/web/ajax_t163sb04
中游,電源供應系統,2308,台達電,2017,3,income_statement,本期淨利（淨損）,13851344,"13,851,344",sii,https://mopsov.twse.com.tw/mops/web/ajax_t163sb04
中游,電源供應系統,2308,台達電,2017,3,income_statement,其他綜合損益（淨額）,-4245696,"-4,245,696",sii,https://mopsov.twse.com.tw/mops/web/ajax_t163sb04
中游,電源供應系統,2308,台達電,2017,3,income_statement,合併前非屬共同控制股權綜合損益淨額,,--,sii,https://mopsov.twse.com.tw/mops/web/ajax_t163sb04
中游,電源供應系統,2308,台達電,2017,3,income_statement,本期綜合損益總額,9605648,"9,605,648",sii,https://mopsov.twse.com.tw/mops/web/ajax_t163sb04
中游,電源供應系統,2308,台達電,2017,3,income_statement,淨利（淨損）歸屬於母公司業主,13617732,"13,617,732",sii,https://mopsov.twse.com.tw/mops/web/ajax_t163sb04
中游,電源供應系統,2308,台達電,2017,3,income_statement,淨利（淨損）歸屬於共同控制下前手權益,,--,sii,https://mopsov.twse.com.tw/mops/web/ajax_t163sb04
中游,電源供應系統,2308,台達電,2017,3,income_statement,淨利（淨損）歸屬於非控制權益,233612,"233,612",sii,https://mopsov.twse.com.tw/mops/web/ajax_t163sb04
中游,電源供應系統,2308,台達電,2017,3,income_statement,綜合損益總額歸屬於母公司業主,9846733,"9,846,733",sii,https://mopsov.twse.com.tw/mops/web/ajax_t163sb04
中游,電源供應系統,2308,台達電,2017,3,income_statement,綜合損益總額歸屬於共同控制下前手權益,,--,sii,https://mopsov.twse.com.tw/mops/web/ajax_t163sb04
中游,電源供應系統,2308,台達電,2017,3,income_statement,綜合損益總額歸屬於非控制權益,-241085,"-241,085",sii,https://mopsov.twse.com.tw/mops/web/ajax_t163sb04
中游,電源供應系統,2308,台達電,2017,3,income_statement,基本每股盈餘（元）,5.24,5.24,sii,https://mopsov.twse.com.tw/mops/web/ajax_t163sb04
中游,電源供應系統,2301,光寶科,2017,3,balance_sheet,流動資產,154136454,"154,136,454",sii,https://mopsov.twse.com.tw/mops/web/ajax_t163sb05
中游,電源供應系統,2301,光寶科,2017,3,balance_sheet,非流動資產,45209505,"45,209,505",sii,https://mopsov.twse.com.tw/mops/web/ajax_t163sb05
中游,電源供應系統,2301,光寶科,2017,3,balance_sheet,資產總計,199345959,"199,345,959",sii,https://mopsov.twse.com.tw/mops/web/ajax_t163sb05
中游,電源供應系統,2301,光寶科,2017,3,balance_sheet,流動負債,119093108,"119,093,108",sii,https://mopsov.twse.com.tw/mops/web/ajax_t163sb05
中游,電源供應系統,2301,光寶科,2017,3,balance_sheet,非流動負債,8760141,"8,760,141",sii,https://mopsov.twse.com.tw/mops/web/ajax_t163sb05
中游,電源供應系統,2301,光寶科,2017,3,balance_sheet,負債總額,127853249,"127,853,249",sii,https://mopsov.twse.com.tw/mops/web/ajax_t163sb05
中游,電源供應系統,2301,光寶科,2017,3,balance_sheet,股本,23508670,"23,508,670",sii,https://mopsov.twse.com.tw/mops/web/ajax_t163sb05
中游,電源供應系統,2301,光寶科,2017,3,balance_sheet,資本公積,27577935,"27,577,935",sii,https://mopsov.twse.com.tw/mops/web/ajax_t163sb05
中游,電源供應系統,2301,光寶科,2017,3,balance_sheet,保留盈餘,20962670,"20,962,670",sii,https://mopsov.twse.com.tw/mops/web/ajax_t163sb05
中游,電源供應系統,2301,光寶科,2017,3,balance_sheet,其他權益,-2569367,"-2,569,367",sii,https://mopsov.twse.com.tw/mops/web/ajax_t163sb05
中游,電源供應系統,2301,光寶科,2017,3,balance_sheet,庫藏股票,-1248722,"-1,248,722",sii,https://mopsov.twse.com.tw/mops/web/ajax_t163sb05
中游,電源供應系統,2301,光寶科,2017,3,balance_sheet,歸屬於母公司業主之權益合計,68231186,"68,231,186",sii,https://mopsov.twse.com.tw/mops/web/ajax_t163sb05
中游,電源供應系統,2301,光寶科,2017,3,balance_sheet,共同控制下前手權益,,--,sii,https://mopsov.twse.com.tw/mops/web/ajax_t163sb05
中游,電源供應系統,2301,光寶科,2017,3,balance_sheet,合併前非屬共同控制股權,,--,sii,https://mopsov.twse.com.tw/mops/web/ajax_t163sb05
中游,電源供應系統,2301,光寶科,2017,3,balance_sheet,非控制權益,3261524,"3,261,524",sii,https://mopsov.twse.com.tw/mops/web/ajax_t163sb05
中游,電源供應系統,2301,光寶科,2017,3,balance_sheet,權益總額,71492710,"71,492,710",sii,https://mopsov.twse.com.tw/mops/web/ajax_t163sb05
中游,電源供應系統,2301,光寶科,2017,3,balance_sheet,待註銷股本股數（單位：股）,,--,sii,https://mopsov.twse.com.tw/mops/web/ajax_t163sb05
中游,電源供應系統,2301,光寶科,2017,3,balance_sheet,預收股款（權益項下）之約當發行股數（單位：股）,0,0,sii,https://mopsov.twse.com.tw/mops/web/ajax_t163sb05
中游,電源供應系統,2301,光寶科,2017,3,balance_sheet,母公司暨子公司所持有之母公司庫藏股股數（單位：股）,26841500,"26,841,500",sii,https://mopsov.twse.com.tw/mops/web/ajax_t163sb05
中游,電源供應系統,2301,光寶科,2017,3,balance_sheet,每股參考淨值,29.36,29.36,sii,https://mopsov.twse.com.tw/mops/web/ajax_t163sb05
中游,電源供應系統,2308,台達電,2017,3,balance_sheet,流動資產,157002139,"157,002,139",sii,https://mopsov.twse.com.tw/mops/web/ajax_t163sb05
中游,電源供應系統,2308,台達電,2017,3,balance_sheet,非流動資產,101261167,"101,261,167",sii,https://mopsov.twse.com.tw/mops/web/ajax_t163sb05
中游,電源供應系統,2308,台達電,2017,3,balance_sheet,資產總計,258263306,"258,263,306",sii,https://mopsov.twse.com.tw/mops/web/ajax_t163sb05
中游,電源供應系統,2308,台達電,2017,3,balance_sheet,流動負債,89586913,"89,586,913",sii,https://mopsov.twse.com.tw/mops/web/ajax_t163sb05
中游,電源供應系統,2308,台達電,2017,3,balance_sheet,非流動負債,42670006,"42,670,006",sii,https://mopsov.twse.com.tw/mops/web/ajax_t163sb05
中游,電源供應系統,2308,台達電,2017,3,balance_sheet,負債總額,132256919,"132,256,919",sii,https://mopsov.twse.com.tw/mops/web/ajax_t163sb05
中游,電源供應系統,2308,台達電,2017,3,balance_sheet,股本,25975433,"25,975,433",sii,https://mopsov.twse.com.tw/mops/web/ajax_t163sb05
中游,電源供應系統,2308,台達電,2017,3,balance_sheet,資本公積,48446902,"48,446,902",sii,https://mopsov.twse.com.tw/mops/web/ajax_t163sb05
中游,電源供應系統,2308,台達電,2017,3,balance_sheet,保留盈餘,52607271,"52,607,271",sii,https://mopsov.twse.com.tw/mops/web/ajax_t163sb05
中游,電源供應系統,2308,台達電,2017,3,balance_sheet,其他權益,-6051713,"-6,051,713",sii,https://mopsov.twse.com.tw/mops/web/ajax_t163sb05
中游,電源供應系統,2308,台達電,2017,3,balance_sheet,庫藏股票,,--,sii,https://mopsov.twse.com.tw/mops/web/ajax_t163sb05
中游,電源供應系統,2308,台達電,2017,3,balance_sheet,歸屬於母公司業主之權益合計,120977893,"120,977,893",sii,https://mopsov.twse.com.tw/mops/web/ajax_t163sb05
中游,電源供應系統,2308,台達電,2017,3,balance_sheet,共同控制下前手權益,,--,sii,https://mopsov.twse.com.tw/mops/web/ajax_t163sb05
中游,電源供應系統,2308,台達電,2017,3,balance_sheet,合併前非屬共同控制股權,,--,sii,https://mopsov.twse.com.tw/mops/web/ajax_t163sb05
中游,電源供應系統,2308,台達電,2017,3,balance_sheet,非控制權益,5028494,"5,028,494",sii,https://mopsov.twse.com.tw/mops/web/ajax_t163sb05
中游,電源供應系統,2308,台達電,2017,3,balance_sheet,權益總額,126006387,"126,006,387",sii,https://mopsov.twse.com.tw/mops/web/ajax_t163sb05
中游,電源供應系統,2308,台達電,2017,3,balance_sheet,待註銷股本股數（單位：股）,0,0,sii,https://mopsov.twse.com.tw/mops/web/ajax_t163sb05
中游,電源供應系統,2308,台達電,2017,3,balance_sheet,預收股款（權益項下）之約當發行股數（單位：股）,0,0,sii,https://mopsov.twse.com.tw/mops/web/ajax_t163sb05
中游,電源供應系統,2308,台達電,2017,3,balance_sheet,母公司暨子公司所持有之母公司庫藏股股數（單位：股）,0,0,sii,https://mopsov.twse.com.tw/mops/web/ajax_t163sb05
中游,電源供應系統,2308,台達電,2017,3,balance_sheet,每股參考淨值,46.57,46.57,sii,https://mopsov.twse.com.tw/mops/web/ajax_t163sb05
中游,電源供應系統,2301,光寶科,2017,3,cash_flow,營業活動之淨現金流入（流出）,7584718,"7,584,718",sii,https://mopsov.twse.com.tw/mops/web/ajax_t163sb20
中游,電源供應系統,2301,光寶科,2017,3,cash_flow,投資活動之淨現金流入（流出）,-3304510,"-3,304,510",sii,https://mopsov.twse.com.tw/mops/web/ajax_t163sb20
中游,電源供應系統,2301,光寶科,2017,3,cash_flow,籌資活動之淨現金流入（流出）,-581369,"-581,369",sii,https://mopsov.twse.com.tw/mops/web/ajax_t163sb20
中游,電源供應系統,2301,光寶科,2017,3,cash_flow,匯率變動對現金及約當現金之影響,-2588106,"-2,588,106",sii,https://mopsov.twse.com.tw/mops/web/ajax_t163sb20
中游,電源供應系統,2301,光寶科,2017,3,cash_flow,本期現金及約當現金增加（減少）數,1110733,"1,110,733",sii,https://mopsov.twse.com.tw/mops/web/ajax_t163sb20
中游,電源供應系統,2301,光寶科,2017,3,cash_flow,期初現金及約當現金餘額,65208491,"65,208,491",sii,https://mopsov.twse.com.tw/mops/web/ajax_t163sb20
中游,電源供應系統,2301,光寶科,2017,3,cash_flow,期末現金及約當現金餘額,66319224,"66,319,224",sii,https://mopsov.twse.com.tw/mops/web/ajax_t163sb20
中游,電源供應系統,2308,台達電,2017,3,cash_flow,營業活動之淨現金流入（流出）,17400864,"17,400,864",sii,https://mopsov.twse.com.tw/mops/web/ajax_t163sb20
中游,電源供應系統,2308,台達電,2017,3,cash_flow,投資活動之淨現金流入（流出）,-13509258,"-13,509,258",sii,https://mopsov.twse.com.tw/mops/web/ajax_t163sb20
中游,電源供應系統,2308,台達電,2017,3,cash_flow,籌資活動之淨現金流入（流出）,12345651,"12,345,651",sii,https://mopsov.twse.com.tw/mops/web/ajax_t163sb20
中游,電源供應系統,2308,台達電,2017,3,cash_flow,匯率變動對現金及約當現金之影響,-2751650,"-2,751,650",sii,https://mopsov.twse.com.tw/mops/web/ajax_t163sb20
中游,電源供應系統,2308,台達電,2017,3,cash_flow,本期現金及約當現金增加（減少）數,13485607,"13,485,607",sii,https://mopsov.twse.com.tw/mops/web/ajax_t163sb20
中游,電源供應系統,2308,台達電,2017,3,cash_flow,期初現金及約當現金餘額,55572744,"55,572,744",sii,https://mopsov.twse.com.tw/mops/web/ajax_t163sb20
中游,電源供應系統,2308,台達電,2017,3,cash_flow,期末現金及約當現金餘額,69058351,"69,058,351",sii,https://mopsov.twse.com.tw/mops/web/ajax_t163sb20
中游,電源供應系統,2301,光寶科,2017,4,income_statement,營業收入,214564322,"214,564,322",sii,https://mopsov.twse.com.tw/mops/web/ajax_t163sb04
中游,電源供應系統,2301,光寶科,2017,4,income_statement,營業成本,186854505,"186,854,505",sii,https://mopsov.twse.com.tw/mops/web/ajax_t163sb04
中游,電源供應系統,2301,光寶科,2017,4,income_statement,原始認列生物資產及農產品之利益（損失）,,--,sii,https://mopsov.twse.com.tw/mops/web/ajax_t163sb04
中游,電源供應系統,2301,光寶科,2017,4,income_statement,生物資產當期公允價值減出售成本之變動利益（損失）,,--,sii,https://mopsov.twse.com.tw/mops/web/ajax_t163sb04
中游,電源供應系統,2301,光寶科,2017,4,income_statement,營業毛利（毛損）,27709817,"27,709,817",sii,https://mopsov.twse.com.tw/mops/web/ajax_t163sb04
中游,電源供應系統,2301,光寶科,2017,4,income_statement,未實現銷貨（損）益,,--,sii,https://mopsov.twse.com.tw/mops/web/ajax_t163sb04
中游,電源供應系統,2301,光寶科,2017,4,income_statement,已實現銷貨（損）益,,--,sii,https://mopsov.twse.com.tw/mops/web/ajax_t163sb04
中游,電源供應系統,2301,光寶科,2017,4,income_statement,營業毛利（毛損）淨額,27709817,"27,709,817",sii,https://mopsov.twse.com.tw/mops/web/ajax_t163sb04
中游,電源供應系統,2301,光寶科,2017,4,income_statement,營業費用,19365853,"19,365,853",sii,https://mopsov.twse.com.tw/mops/web/ajax_t163sb04
中游,電源供應系統,2301,光寶科,2017,4,income_statement,其他收益及費損淨額,,--,sii,https://mopsov.twse.com.tw/mops/web/ajax_t163sb04
中游,電源供應系統,2301,光寶科,2017,4,income_statement,營業利益（損失）,8343964,"8,343,964",sii,https://mopsov.twse.com.tw/mops/web/ajax_t163sb04
中游,電源供應系統,2301,光寶科,2017,4,income_statement,營業外收入及支出,-4972370,"-4,972,370",sii,https://mopsov.twse.com.tw/mops/web/ajax_t163sb04
中游,電源供應系統,2301,光寶科,2017,4,income_statement,稅前淨利（淨損）,3371594,"3,371,594",sii,https://mopsov.twse.com.tw/mops/web/ajax_t163sb04
中游,電源供應系統,2301,光寶科,2017,4,income_statement,所得稅費用（利益）,740463,"740,463",sii,https://mopsov.twse.com.tw/mops/web/ajax_t163sb04
中游,電源供應系統,2301,光寶科,2017,4,income_statement,繼續營業單位本期淨利（淨損）,2631131,"2,631,131",sii,https://mopsov.twse.com.tw/mops/web/ajax_t163sb04
中游,電源供應系統,2301,光寶科,2017,4,income_statement,停業單位損益,,--,sii,https://mopsov.twse.com.tw/mops/web/ajax_t163sb04
中游,電源供應系統,2301,光寶科,2017,4,income_statement,合併前非屬共同控制股權損益,,--,sii,https://mopsov.twse.com.tw/mops/web/ajax_t163sb04
中游,電源供應系統,2301,光寶科,2017,4,income_statement,本期淨利（淨損）,2631131,"2,631,131",sii,https://mopsov.twse.com.tw/mops/web/ajax_t163sb04
中游,電源供應系統,2301,光寶科,2017,4,income_statement,其他綜合損益（淨額）,-1312761,"-1,312,761",sii,https://mopsov.twse.com.tw/mops/web/ajax_t163sb04
中游,電源供應系統,2301,光寶科,2017,4,income_statement,合併前非屬共同控制股權綜合損益淨額,,--,sii,https://mopsov.twse.com.tw/mops/web/ajax_t163sb04
中游,電源供應系統,2301,光寶科,2017,4,income_statement,本期綜合損益總額,1318370,"1,318,370",sii,https://mopsov.twse.com.tw/mops/web/ajax_t163sb04
中游,電源供應系統,2301,光寶科,2017,4,income_statement,淨利（淨損）歸屬於母公司業主,2629334,"2,629,334",sii,https://mopsov.twse.com.tw/mops/web/ajax_t163sb04
中游,電源供應系統,2301,光寶科,2017,4,income_statement,淨利（淨損）歸屬於共同控制下前手權益,,--,sii,https://mopsov.twse.com.tw/mops/web/ajax_t163sb04
中游,電源供應系統,2301,光寶科,2017,4,income_statement,淨利（淨損）歸屬於非控制權益,1797,"1,797",sii,https://mopsov.twse.com.tw/mops/web/ajax_t163sb04
中游,電源供應系統,2301,光寶科,2017,4,income_statement,綜合損益總額歸屬於母公司業主,1366244,"1,366,244",sii,https://mopsov.twse.com.tw/mops/web/ajax_t163sb04
中游,電源供應系統,2301,光寶科,2017,4,income_statement,綜合損益總額歸屬於共同控制下前手權益,,--,sii,https://mopsov.twse.com.tw/mops/web/ajax_t163sb04
中游,電源供應系統,2301,光寶科,2017,4,income_statement,綜合損益總額歸屬於非控制權益,-47874,"-47,874",sii,https://mopsov.twse.com.tw/mops/web/ajax_t163sb04
中游,電源供應系統,2301,光寶科,2017,4,income_statement,基本每股盈餘（元）,1.13,1.13,sii,https://mopsov.twse.com.tw/mops/web/ajax_t163sb04
中游,電源供應系統,2308,台達電,2017,4,income_statement,營業收入,223577514,"223,577,514",sii,https://mopsov.twse.com.tw/mops/web/ajax_t163sb04
中游,電源供應系統,2308,台達電,2017,4,income_statement,營業成本,162809240,"162,809,240",sii,https://mopsov.twse.com.tw/mops/web/ajax_t163sb04
中游,電源供應系統,2308,台達電,2017,4,income_statement,原始認列生物資產及農產品之利益（損失）,,--,sii,https://mopsov.twse.com.tw/mops/web/ajax_t163sb04
中游,電源供應系統,2308,台達電,2017,4,income_statement,生物資產當期公允價值減出售成本之變動利益（損失）,,--,sii,https://mopsov.twse.com.tw/mops/web/ajax_t163sb04
中游,電源供應系統,2308,台達電,2017,4,income_statement,營業毛利（毛損）,60768274,"60,768,274",sii,https://mopsov.twse.com.tw/mops/web/ajax_t163sb04
中游,電源供應系統,2308,台達電,2017,4,income_statement,未實現銷貨（損）益,,--,sii,https://mopsov.twse.com.tw/mops/web/ajax_t163sb04
中游,電源供應系統,2308,台達電,2017,4,income_statement,已實現銷貨（損）益,,--,sii,https://mopsov.twse.com.tw/mops/web/ajax_t163sb04
中游,電源供應系統,2308,台達電,2017,4,income_statement,營業毛利（毛損）淨額,60768274,"60,768,274",sii,https://mopsov.twse.com.tw/mops/web/ajax_t163sb04
中游,電源供應系統,2308,台達電,2017,4,income_statement,營業費用,40994486,"40,994,486",sii,https://mopsov.twse.com.tw/mops/web/ajax_t163sb04
中游,電源供應系統,2308,台達電,2017,4,income_statement,其他收益及費損淨額,,--,sii,https://mopsov.twse.com.tw/mops/web/ajax_t163sb04
中游,電源供應系統,2308,台達電,2017,4,income_statement,營業利益（損失）,19773788,"19,773,788",sii,https://mopsov.twse.com.tw/mops/web/ajax_t163sb04
中游,電源供應系統,2308,台達電,2017,4,income_statement,營業外收入及支出,4024492,"4,024,492",sii,https://mopsov.twse.com.tw/mops/web/ajax_t163sb04
中游,電源供應系統,2308,台達電,2017,4,income_statement,稅前淨利（淨損）,23798280,"23,798,280",sii,https://mopsov.twse.com.tw/mops/web/ajax_t163sb04
中游,電源供應系統,2308,台達電,2017,4,income_statement,所得稅費用（利益）,5041328,"5,041,328",sii,https://mopsov.twse.com.tw/mops/web/ajax_t163sb04
中游,電源供應系統,2308,台達電,2017,4,income_statement,繼續營業單位本期淨利（淨損）,18756952,"18,756,952",sii,https://mopsov.twse.com.tw/mops/web/ajax_t163sb04
中游,電源供應系統,2308,台達電,2017,4,income_statement,停業單位損益,,--,sii,https://mopsov.twse.com.tw/mops/web/ajax_t163sb04
中游,電源供應系統,2308,台達電,2017,4,income_statement,合併前非屬共同控制股權損益,,--,sii,https://mopsov.twse.com.tw/mops/web/ajax_t163sb04
中游,電源供應系統,2308,台達電,2017,4,income_statement,本期淨利（淨損）,18756952,"18,756,952",sii,https://mopsov.twse.com.tw/mops/web/ajax_t163sb04
中游,電源供應系統,2308,台達電,2017,4,income_statement,其他綜合損益（淨額）,-5155742,"-5,155,742",sii,https://mopsov.twse.com.tw/mops/web/ajax_t163sb04
中游,電源供應系統,2308,台達電,2017,4,income_statement,合併前非屬共同控制股權綜合損益淨額,,--,sii,https://mopsov.twse.com.tw/mops/web/ajax_t163sb04
中游,電源供應系統,2308,台達電,2017,4,income_statement,本期綜合損益總額,13601210,"13,601,210",sii,https://mopsov.twse.com.tw/mops/web/ajax_t163sb04
中游,電源供應系統,2308,台達電,2017,4,income_statement,淨利（淨損）歸屬於母公司業主,18380552,"18,380,552",sii,https://mopsov.twse.com.tw/mops/web/ajax_t163sb04
中游,電源供應系統,2308,台達電,2017,4,income_statement,淨利（淨損）歸屬於共同控制下前手權益,,--,sii,https://mopsov.twse.com.tw/mops/web/ajax_t163sb04
中游,電源供應系統,2308,台達電,2017,4,income_statement,淨利（淨損）歸屬於非控制權益,376400,"376,400",sii,https://mopsov.twse.com.tw/mops/web/ajax_t163sb04
中游,電源供應系統,2308,台達電,2017,4,income_statement,綜合損益總額歸屬於母公司業主,13430608,"13,430,608",sii,https://mopsov.twse.com.tw/mops/web/ajax_t163sb04
中游,電源供應系統,2308,台達電,2017,4,income_statement,綜合損益總額歸屬於共同控制下前手權益,,--,sii,https://mopsov.twse.com.tw/mops/web/ajax_t163sb04
中游,電源供應系統,2308,台達電,2017,4,income_statement,綜合損益總額歸屬於非控制權益,170602,"170,602",sii,https://mopsov.twse.com.tw/mops/web/ajax_t163sb04
中游,電源供應系統,2308,台達電,2017,4,income_statement,基本每股盈餘（元）,7.08,7.08,sii,https://mopsov.twse.com.tw/mops/web/ajax_t163sb04
中游,電源供應系統,2301,光寶科,2017,4,balance_sheet,流動資產,145063307,"145,063,307",sii,https://mopsov.twse.com.tw/mops/web/ajax_t163sb05
中游,電源供應系統,2301,光寶科,2017,4,balance_sheet,非流動資產,44932450,"44,932,450",sii,https://mopsov.twse.com.tw/mops/web/ajax_t163sb05
中游,電源供應系統,2301,光寶科,2017,4,balance_sheet,資產總計,189995757,"189,995,757",sii,https://mopsov.twse.com.tw/mops/web/ajax_t163sb05
中游,電源供應系統,2301,光寶科,2017,4,balance_sheet,流動負債,114596707,"114,596,707",sii,https://mopsov.twse.com.tw/mops/web/ajax_t163sb05
中游,電源供應系統,2301,光寶科,2017,4,balance_sheet,非流動負債,1631621,"1,631,621",sii,https://mopsov.twse.com.tw/mops/web/ajax_t163sb05
中游,電源供應系統,2301,光寶科,2017,4,balance_sheet,負債總額,116228328,"116,228,328",sii,https://mopsov.twse.com.tw/mops/web/ajax_t163sb05
中游,電源供應系統,2301,光寶科,2017,4,balance_sheet,股本,23508670,"23,508,670",sii,https://mopsov.twse.com.tw/mops/web/ajax_t163sb05
中游,電源供應系統,2301,光寶科,2017,4,balance_sheet,資本公積,27575950,"27,575,950",sii,https://mopsov.twse.com.tw/mops/web/ajax_t163sb05
中游,電源供應系統,2301,光寶科,2017,4,balance_sheet,保留盈餘,23219598,"23,219,598",sii,https://mopsov.twse.com.tw/mops/web/ajax_t163sb05
中游,電源供應系統,2301,光寶科,2017,4,balance_sheet,其他權益,-2544018,"-2,544,018",sii,https://mopsov.twse.com.tw/mops/web/ajax_t163sb05
中游,電源供應系統,2301,光寶科,2017,4,balance_sheet,庫藏股票,-1248722,"-1,248,722",sii,https://mopsov.twse.com.tw/mops/web/ajax_t163sb05
中游,電源供應系統,2301,光寶科,2017,4,balance_sheet,歸屬於母公司業主之權益合計,70511478,"70,511,478",sii,https://mopsov.twse.com.tw/mops/web/ajax_t163sb05
中游,電源供應系統,2301,光寶科,2017,4,balance_sheet,共同控制下前手權益,,--,sii,https://mopsov.twse.com.tw/mops/web/ajax_t163sb05
中游,電源供應系統,2301,光寶科,2017,4,balance_sheet,合併前非屬共同控制股權,,--,sii,https://mopsov.twse.com.tw/mops/web/ajax_t163sb05
中游,電源供應系統,2301,光寶科,2017,4,balance_sheet,非控制權益,3255951,"3,255,951",sii,https://mopsov.twse.com.tw/mops/web/ajax_t163sb05
中游,電源供應系統,2301,光寶科,2017,4,balance_sheet,權益總額,73767429,"73,767,429",sii,https://mopsov.twse.com.tw/mops/web/ajax_t163sb05
中游,電源供應系統,2301,光寶科,2017,4,balance_sheet,待註銷股本股數（單位：股）,,--,sii,https://mopsov.twse.com.tw/mops/web/ajax_t163sb05
中游,電源供應系統,2301,光寶科,2017,4,balance_sheet,預收股款（權益項下）之約當發行股數（單位：股）,0,0,sii,https://mopsov.twse.com.tw/mops/web/ajax_t163sb05
中游,電源供應系統,2301,光寶科,2017,4,balance_sheet,母公司暨子公司所持有之母公司庫藏股股數（單位：股）,26841500,"26,841,500",sii,https://mopsov.twse.com.tw/mops/web/ajax_t163sb05
中游,電源供應系統,2301,光寶科,2017,4,balance_sheet,每股參考淨值,30.34,30.34,sii,https://mopsov.twse.com.tw/mops/web/ajax_t163sb05
中游,電源供應系統,2308,台達電,2017,4,balance_sheet,流動資產,147703878,"147,703,878",sii,https://mopsov.twse.com.tw/mops/web/ajax_t163sb05
中游,電源供應系統,2308,台達電,2017,4,balance_sheet,非流動資產,102834681,"102,834,681",sii,https://mopsov.twse.com.tw/mops/web/ajax_t163sb05
中游,電源供應系統,2308,台達電,2017,4,balance_sheet,資產總計,250538559,"250,538,559",sii,https://mopsov.twse.com.tw/mops/web/ajax_t163sb05
中游,電源供應系統,2308,台達電,2017,4,balance_sheet,流動負債,89221147,"89,221,147",sii,https://mopsov.twse.com.tw/mops/web/ajax_t163sb05
中游,電源供應系統,2308,台達電,2017,4,balance_sheet,非流動負債,27543938,"27,543,938",sii,https://mopsov.twse.com.tw/mops/web/ajax_t163sb05
中游,電源供應系統,2308,台達電,2017,4,balance_sheet,負債總額,116765085,"116,765,085",sii,https://mopsov.twse.com.tw/mops/web/ajax_t163sb05
中游,電源供應系統,2308,台達電,2017,4,balance_sheet,股本,25975433,"25,975,433",sii,https://mopsov.twse.com.tw/mops/web/ajax_t163sb05
中游,電源供應系統,2308,台達電,2017,4,balance_sheet,資本公積,48446318,"48,446,318",sii,https://mopsov.twse.com.tw/mops/web/ajax_t163sb05
中游,電源供應系統,2308,台達電,2017,4,balance_sheet,保留盈餘,57223361,"57,223,361",sii,https://mopsov.twse.com.tw/mops/web/ajax_t163sb05
中游,電源供應系統,2308,台達電,2017,4,balance_sheet,其他權益,-7088143,"-7,088,143",sii,https://mopsov.twse.com.tw/mops/web/ajax_t163sb05
中游,電源供應系統,2308,台達電,2017,4,balance_sheet,庫藏股票,,--,sii,https://mopsov.twse.com.tw/mops/web/ajax_t163sb05
中游,電源供應系統,2308,台達電,2017,4,balance_sheet,歸屬於母公司業主之權益合計,124556969,"124,556,969",sii,https://mopsov.twse.com.tw/mops/web/ajax_t163sb05
中游,電源供應系統,2308,台達電,2017,4,balance_sheet,共同控制下前手權益,,--,sii,https://mopsov.twse.com.tw/mops/web/ajax_t163sb05
中游,電源供應系統,2308,台達電,2017,4,balance_sheet,合併前非屬共同控制股權,,--,sii,https://mopsov.twse.com.tw/mops/web/ajax_t163sb05
中游,電源供應系統,2308,台達電,2017,4,balance_sheet,非控制權益,9216505,"9,216,505",sii,https://mopsov.twse.com.tw/mops/web/ajax_t163sb05
中游,電源供應系統,2308,台達電,2017,4,balance_sheet,權益總額,133773474,"133,773,474",sii,https://mopsov.twse.com.tw/mops/web/ajax_t163sb05
中游,電源供應系統,2308,台達電,2017,4,balance_sheet,待註銷股本股數（單位：股）,0,0,sii,https://mopsov.twse.com.tw/mops/web/ajax_t163sb05
中游,電源供應系統,2308,台達電,2017,4,balance_sheet,預收股款（權益項下）之約當發行股數（單位：股）,0,0,sii,https://mopsov.twse.com.tw/mops/web/ajax_t163sb05
中游,電源供應系統,2308,台達電,2017,4,balance_sheet,母公司暨子公司所持有之母公司庫藏股股數（單位：股）,0,0,sii,https://mopsov.twse.com.tw/mops/web/ajax_t163sb05
中游,電源供應系統,2308,台達電,2017,4,balance_sheet,每股參考淨值,47.95,47.95,sii,https://mopsov.twse.com.tw/mops/web/ajax_t163sb05
中游,電源供應系統,2301,光寶科,2017,4,cash_flow,營業活動之淨現金流入（流出）,11153180,"11,153,180",sii,https://mopsov.twse.com.tw/mops/web/ajax_t163sb20
中游,電源供應系統,2301,光寶科,2017,4,cash_flow,投資活動之淨現金流入（流出）,-5251166,"-5,251,166",sii,https://mopsov.twse.com.tw/mops/web/ajax_t163sb20
中游,電源供應系統,2301,光寶科,2017,4,cash_flow,籌資活動之淨現金流入（流出）,-10310102,"-10,310,102",sii,https://mopsov.twse.com.tw/mops/web/ajax_t163sb20
中游,電源供應系統,2301,光寶科,2017,4,cash_flow,匯率變動對現金及約當現金之影響,-3016543,"-3,016,543",sii,https://mopsov.twse.com.tw/mops/web/ajax_t163sb20
中游,電源供應系統,2301,光寶科,2017,4,cash_flow,本期現金及約當現金增加（減少）數,-7424631,"-7,424,631",sii,https://mopsov.twse.com.tw/mops/web/ajax_t163sb20
中游,電源供應系統,2301,光寶科,2017,4,cash_flow,期初現金及約當現金餘額,65208491,"65,208,491",sii,https://mopsov.twse.com.tw/mops/web/ajax_t163sb20
中游,電源供應系統,2301,光寶科,2017,4,cash_flow,期末現金及約當現金餘額,57783860,"57,783,860",sii,https://mopsov.twse.com.tw/mops/web/ajax_t163sb20
中游,電源供應系統,2308,台達電,2017,4,cash_flow,營業活動之淨現金流入（流出）,26969290,"26,969,290",sii,https://mopsov.twse.com.tw/mops/web/ajax_t163sb20
中游,電源供應系統,2308,台達電,2017,4,cash_flow,投資活動之淨現金流入（流出）,-15327154,"-15,327,154",sii,https://mopsov.twse.com.tw/mops/web/ajax_t163sb20
中游,電源供應系統,2308,台達電,2017,4,cash_flow,籌資活動之淨現金流入（流出）,-6231294,"-6,231,294",sii,https://mopsov.twse.com.tw/mops/web/ajax_t163sb20
中游,電源供應系統,2308,台達電,2017,4,cash_flow,匯率變動對現金及約當現金之影響,-3616969,"-3,616,969",sii,https://mopsov.twse.com.tw/mops/web/ajax_t163sb20
中游,電源供應系統,2308,台達電,2017,4,cash_flow,本期現金及約當現金增加（減少）數,1793873,"1,793,873",sii,https://mopsov.twse.com.tw/mops/web/ajax_t163sb20
中游,電源供應系統,2308,台達電,2017,4,cash_flow,期初現金及約當現金餘額,55572744,"55,572,744",sii,https://mopsov.twse.com.tw/mops/web/ajax_t163sb20
中游,電源供應系統,2308,台達電,2017,4,cash_flow,期末現金及約當現金餘額,57366617,"57,366,617",sii,https://mopsov.twse.com.tw/mops/web/ajax_t163sb20
中游,電源供應系統,2301,光寶科,2018,1,income_statement,營業收入,48533652,"48,533,652",sii,https://mopsov.twse.com.tw/mops/web/ajax_t163sb04
中游,電源供應系統,2301,光寶科,2018,1,income_statement,營業成本,43131741,"43,131,741",sii,https://mopsov.twse.com.tw/mops/web/ajax_t163sb04
中游,電源供應系統,2301,光寶科,2018,1,income_statement,原始認列生物資產及農產品之利益（損失）,,--,sii,https://mopsov.twse.com.tw/mops/web/ajax_t163sb04
中游,電源供應系統,2301,光寶科,2018,1,income_statement,生物資產當期公允價值減出售成本之變動利益（損失）,,--,sii,https://mopsov.twse.com.tw/mops/web/ajax_t163sb04
中游,電源供應系統,2301,光寶科,2018,1,income_statement,營業毛利（毛損）,5401911,"5,401,911",sii,https://mopsov.twse.com.tw/mops/web/ajax_t163sb04
中游,電源供應系統,2301,光寶科,2018,1,income_statement,未實現銷貨（損）益,,--,sii,https://mopsov.twse.com.tw/mops/web/ajax_t163sb04
中游,電源供應系統,2301,光寶科,2018,1,income_statement,已實現銷貨（損）益,,--,sii,https://mopsov.twse.com.tw/mops/web/ajax_t163sb04
中游,電源供應系統,2301,光寶科,2018,1,income_statement,營業毛利（毛損）淨額,5401911,"5,401,911",sii,https://mopsov.twse.com.tw/mops/web/ajax_t163sb04
中游,電源供應系統,2301,光寶科,2018,1,income_statement,營業費用,4615438,"4,615,438",sii,https://mopsov.twse.com.tw/mops/web/ajax_t163sb04
中游,電源供應系統,2301,光寶科,2018,1,income_statement,其他收益及費損淨額,,--,sii,https://mopsov.twse.com.tw/mops/web/ajax_t163sb04
中游,電源供應系統,2301,光寶科,2018,1,income_statement,營業利益（損失）,786473,"786,473",sii,https://mopsov.twse.com.tw/mops/web/ajax_t163sb04
中游,電源供應系統,2301,光寶科,2018,1,income_statement,營業外收入及支出,651262,"651,262",sii,https://mopsov.twse.com.tw/mops/web/ajax_t163sb04
中游,電源供應系統,2301,光寶科,2018,1,income_statement,稅前淨利（淨損）,1437735,"1,437,735",sii,https://mopsov.twse.com.tw/mops/web/ajax_t163sb04
中游,電源供應系統,2301,光寶科,2018,1,income_statement,所得稅費用（利益）,392067,"392,067",sii,https://mopsov.twse.com.tw/mops/web/ajax_t163sb04
中游,電源供應系統,2301,光寶科,2018,1,income_statement,繼續營業單位本期淨利（淨損）,1045668,"1,045,668",sii,https://mopsov.twse.com.tw/mops/web/ajax_t163sb04
中游,電源供應系統,2301,光寶科,2018,1,income_statement,停業單位損益,,--,sii,https://mopsov.twse.com.tw/mops/web/ajax_t163sb04
中游,電源供應系統,2301,光寶科,2018,1,income_statement,合併前非屬共同控制股權損益,,--,sii,https://mopsov.twse.com.tw/mops/web/ajax_t163sb04
中游,電源供應系統,2301,光寶科,2018,1,income_statement,本期淨利（淨損）,1045668,"1,045,668",sii,https://mopsov.twse.com.tw/mops/web/ajax_t163sb04
中游,電源供應系統,2301,光寶科,2018,1,income_statement,其他綜合損益（淨額）,709776,"709,776",sii,https://mopsov.twse.com.tw/mops/web/ajax_t163sb04
中游,電源供應系統,2301,光寶科,2018,1,income_statement,合併前非屬共同控制股權綜合損益淨額,,--,sii,https://mopsov.twse.com.tw/mops/web/ajax_t163sb04
中游,電源供應系統,2301,光寶科,2018,1,income_statement,本期綜合損益總額,1755444,"1,755,444",sii,https://mopsov.twse.com.tw/mops/web/ajax_t163sb04
中游,電源供應系統,2301,光寶科,2018,1,income_statement,淨利（淨損）歸屬於母公司業主,1041233,"1,041,233",sii,https://mopsov.twse.com.tw/mops/web/ajax_t163sb04
中游,電源供應系統,2301,光寶科,2018,1,income_statement,淨利（淨損）歸屬於共同控制下前手權益,,--,sii,https://mopsov.twse.com.tw/mops/web/ajax_t163sb04
中游,電源供應系統,2301,光寶科,2018,1,income_statement,淨利（淨損）歸屬於非控制權益,4435,"4,435",sii,https://mopsov.twse.com.tw/mops/web/ajax_t163sb04
中游,電源供應系統,2301,光寶科,2018,1,income_statement,綜合損益總額歸屬於母公司業主,1717345,"1,717,345",sii,https://mopsov.twse.com.tw/mops/web/ajax_t163sb04
中游,電源供應系統,2301,光寶科,2018,1,income_statement,綜合損益總額歸屬於共同控制下前手權益,,--,sii,https://mopsov.twse.com.tw/mops/web/ajax_t163sb04
中游,電源供應系統,2301,光寶科,2018,1,income_statement,綜合損益總額歸屬於非控制權益,38099,"38,099",sii,https://mopsov.twse.com.tw/mops/web/ajax_t163sb04
中游,電源供應系統,2301,光寶科,2018,1,income_statement,基本每股盈餘（元）,0.45,0.45,sii,https://mopsov.twse.com.tw/mops/web/ajax_t163sb04
中游,電源供應系統,2308,台達電,2018,1,income_statement,營業收入,50870024,"50,870,024",sii,https://mopsov.twse.com.tw/mops/web/ajax_t163sb04
中游,電源供應系統,2308,台達電,2018,1,income_statement,營業成本,37856207,"37,856,207",sii,https://mopsov.twse.com.tw/mops/web/ajax_t163sb04
中游,電源供應系統,2308,台達電,2018,1,income_statement,原始認列生物資產及農產品之利益（損失）,,--,sii,https://mopsov.twse.com.tw/mops/web/ajax_t163sb04
中游,電源供應系統,2308,台達電,2018,1,income_statement,生物資產當期公允價值減出售成本之變動利益（損失）,,--,sii,https://mopsov.twse.com.tw/mops/web/ajax_t163sb04
中游,電源供應系統,2308,台達電,2018,1,income_statement,營業毛利（毛損）,13013817,"13,013,817",sii,https://mopsov.twse.com.tw/mops/web/ajax_t163sb04
中游,電源供應系統,2308,台達電,2018,1,income_statement,未實現銷貨（損）益,,--,sii,https://mopsov.twse.com.tw/mops/web/ajax_t163sb04
中游,電源供應系統,2308,台達電,2018,1,income_statement,已實現銷貨（損）益,,--,sii,https://mopsov.twse.com.tw/mops/web/ajax_t163sb04
中游,電源供應系統,2308,台達電,2018,1,income_statement,營業毛利（毛損）淨額,13013817,"13,013,817",sii,https://mopsov.twse.com.tw/mops/web/ajax_t163sb04
中游,電源供應系統,2308,台達電,2018,1,income_statement,營業費用,10243146,"10,243,146",sii,https://mopsov.twse.com.tw/mops/web/ajax_t163sb04
中游,電源供應系統,2308,台達電,2018,1,income_statement,其他收益及費損淨額,,--,sii,https://mopsov.twse.com.tw/mops/web/ajax_t163sb04
中游,電源供應系統,2308,台達電,2018,1,income_statement,營業利益（損失）,2770671,"2,770,671",sii,https://mopsov.twse.com.tw/mops/web/ajax_t163sb04
中游,電源供應系統,2308,台達電,2018,1,income_statement,營業外收入及支出,970897,"970,897",sii,https://mopsov.twse.com.tw/mops/web/ajax_t163sb04
中游,電源供應系統,2308,台達電,2018,1,income_statement,稅前淨利（淨損）,3741568,"3,741,568",sii,https://mopsov.twse.com.tw/mops/web/ajax_t163sb04
中游,電源供應系統,2308,台達電,2018,1,income_statement,所得稅費用（利益）,862446,"862,446",sii,https://mopsov.twse.com.tw/mops/web/ajax_t163sb04
中游,電源供應系統,2308,台達電,2018,1,income_statement,繼續營業單位本期淨利（淨損）,2879122,"2,879,122",sii,https://mopsov.twse.com.tw/mops/web/ajax_t163sb04
中游,電源供應系統,2308,台達電,2018,1,income_statement,停業單位損益,,--,sii,https://mopsov.twse.com.tw/mops/web/ajax_t163sb04
中游,電源供應系統,2308,台達電,2018,1,income_statement,合併前非屬共同控制股權損益,,--,sii,https://mopsov.twse.com.tw/mops/web/ajax_t163sb04
中游,電源供應系統,2308,台達電,2018,1,income_statement,本期淨利（淨損）,2879122,"2,879,122",sii,https://mopsov.twse.com.tw/mops/web/ajax_t163sb04
中游,電源供應系統,2308,台達電,2018,1,income_statement,其他綜合損益（淨額）,-497435,"-497,435",sii,https://mopsov.twse.com.tw/mops/web/ajax_t163sb04
中游,電源供應系統,2308,台達電,2018,1,income_statement,合併前非屬共同控制股權綜合損益淨額,,--,sii,https://mopsov.twse.com.tw/mops/web/ajax_t163sb04
中游,電源供應系統,2308,台達電,2018,1,income_statement,本期綜合損益總額,2381687,"2,381,687",sii,https://mopsov.twse.com.tw/mops/web/ajax_t163sb04
中游,電源供應系統,2308,台達電,2018,1,income_statement,淨利（淨損）歸屬於母公司業主,2781058,"2,781,058",sii,https://mopsov.twse.com.tw/mops/web/ajax_t163sb04
中游,電源供應系統,2308,台達電,2018,1,income_statement,淨利（淨損）歸屬於共同控制下前手權益,,--,sii,https://mopsov.twse.com.tw/mops/web/ajax_t163sb04
中游,電源供應系統,2308,台達電,2018,1,income_statement,淨利（淨損）歸屬於非控制權益,98064,"98,064",sii,https://mopsov.twse.com.tw/mops/web/ajax_t163sb04
中游,電源供應系統,2308,台達電,2018,1,income_statement,綜合損益總額歸屬於母公司業主,1924012,"1,924,012",sii,https://mopsov.twse.com.tw/mops/web/ajax_t163sb04
中游,電源供應系統,2308,台達電,2018,1,income_statement,綜合損益總額歸屬於共同控制下前手權益,,--,sii,https://mopsov.twse.com.tw/mops/web/ajax_t163sb04
中游,電源供應系統,2308,台達電,2018,1,income_statement,綜合損益總額歸屬於非控制權益,457675,"457,675",sii,https://mopsov.twse.com.tw/mops/web/ajax_t163sb04
中游,電源供應系統,2308,台達電,2018,1,income_statement,基本每股盈餘（元）,1.07,1.07,sii,https://mopsov.twse.com.tw/mops/web/ajax_t163sb04
中游,電源供應系統,2301,光寶科,2018,1,balance_sheet,流動資產,145902247,"145,902,247",sii,https://mopsov.twse.com.tw/mops/web/ajax_t163sb05
中游,電源供應系統,2301,光寶科,2018,1,balance_sheet,非流動資產,45290332,"45,290,332",sii,https://mopsov.twse.com.tw/mops/web/ajax_t163sb05
中游,電源供應系統,2301,光寶科,2018,1,balance_sheet,資產總計,191192579,"191,192,579",sii,https://mopsov.twse.com.tw/mops/web/ajax_t163sb05
中游,電源供應系統,2301,光寶科,2018,1,balance_sheet,流動負債,113788305,"113,788,305",sii,https://mopsov.twse.com.tw/mops/web/ajax_t163sb05
中游,電源供應系統,2301,光寶科,2018,1,balance_sheet,非流動負債,1896600,"1,896,600",sii,https://mopsov.twse.com.tw/mops/web/ajax_t163sb05
中游,電源供應系統,2301,光寶科,2018,1,balance_sheet,負債總計,115684905,"115,684,905",sii,https://mopsov.twse.com.tw/mops/web/ajax_t163sb05
中游,電源供應系統,2301,光寶科,2018,1,balance_sheet,股本,23508670,"23,508,670",sii,https://mopsov.twse.com.tw/mops/web/ajax_t163sb05
中游,電源供應系統,2301,光寶科,2018,1,balance_sheet,資本公積,27569030,"27,569,030",sii,https://mopsov.twse.com.tw/mops/web/ajax_t163sb05
中游,電源供應系統,2301,光寶科,2018,1,balance_sheet,保留盈餘,24544342,"24,544,342",sii,https://mopsov.twse.com.tw/mops/web/ajax_t163sb05
中游,電源供應系統,2301,光寶科,2018,1,balance_sheet,其他權益,-2151417,"-2,151,417",sii,https://mopsov.twse.com.tw/mops/web/ajax_t163sb05
中游,電源供應系統,2301,光寶科,2018,1,balance_sheet,庫藏股票,-1248722,"-1,248,722",sii,https://mopsov.twse.com.tw/mops/web/ajax_t163sb05
中游,電源供應系統,2301,光寶科,2018,1,balance_sheet,歸屬於母公司業主之權益合計,72221903,"72,221,903",sii,https://mopsov.twse.com.tw/mops/web/ajax_t163sb05
中游,電源供應系統,2301,光寶科,2018,1,balance_sheet,共同控制下前手權益,,--,sii,https://mopsov.twse.com.tw/mops/web/ajax_t163sb05
中游,電源供應系統,2301,光寶科,2018,1,balance_sheet,合併前非屬共同控制股權,,--,sii,https://mopsov.twse.com.tw/mops/web/ajax_t163sb05
中游,電源供應系統,2301,光寶科,2018,1,balance_sheet,非控制權益,3285771,"3,285,771",sii,https://mopsov.twse.com.tw/mops/web/ajax_t163sb05
中游,電源供應系統,2301,光寶科,2018,1,balance_sheet,權益總計,75507674,"75,507,674",sii,https://mopsov.twse.com.tw/mops/web/ajax_t163sb05
中游,電源供應系統,2301,光寶科,2018,1,balance_sheet,待註銷股本股數（單位：股）,,--,sii,https://mopsov.twse.com.tw/mops/web/ajax_t163sb05
中游,電源供應系統,2301,光寶科,2018,1,balance_sheet,預收股款（權益項下）之約當發行股數（單位：股）,0,0,sii,https://mopsov.twse.com.tw/mops/web/ajax_t163sb05
中游,電源供應系統,2301,光寶科,2018,1,balance_sheet,母公司暨子公司所持有之母公司庫藏股股數（單位：股）,26841500,"26,841,500",sii,https://mopsov.twse.com.tw/mops/web/ajax_t163sb05
中游,電源供應系統,2301,光寶科,2018,1,balance_sheet,每股參考淨值,31.08,31.08,sii,https://mopsov.twse.com.tw/mops/web/ajax_t163sb05
中游,電源供應系統,2308,台達電,2018,1,balance_sheet,流動資產,139163480,"139,163,480",sii,https://mopsov.twse.com.tw/mops/web/ajax_t163sb05
中游,電源供應系統,2308,台達電,2018,1,balance_sheet,非流動資產,102762706,"102,762,706",sii,https://mopsov.twse.com.tw/mops/web/ajax_t163sb05
中游,電源供應系統,2308,台達電,2018,1,balance_sheet,資產總計,241926186,"241,926,186",sii,https://mopsov.twse.com.tw/mops/web/ajax_t163sb05
中游,電源供應系統,2308,台達電,2018,1,balance_sheet,流動負債,79770161,"79,770,161",sii,https://mopsov.twse.com.tw/mops/web/ajax_t163sb05
中游,電源供應系統,2308,台達電,2018,1,balance_sheet,非流動負債,26074867,"26,074,867",sii,https://mopsov.twse.com.tw/mops/web/ajax_t163sb05
中游,電源供應系統,2308,台達電,2018,1,balance_sheet,負債總計,105845028,"105,845,028",sii,https://mopsov.twse.com.tw/mops/web/ajax_t163sb05
中游,電源供應系統,2308,台達電,2018,1,balance_sheet,股本,25975433,"25,975,433",sii,https://mopsov.twse.com.tw/mops/web/ajax_t163sb05
中游,電源供應系統,2308,台達電,2018,1,balance_sheet,資本公積,48382345,"48,382,345",sii,https://mopsov.twse.com.tw/mops/web/ajax_t163sb05
中游,電源供應系統,2308,台達電,2018,1,balance_sheet,保留盈餘,61137451,"61,137,451",sii,https://mopsov.twse.com.tw/mops/web/ajax_t163sb05
中游,電源供應系統,2308,台達電,2018,1,balance_sheet,其他權益,-9078460,"-9,078,460",sii,https://mopsov.twse.com.tw/mops/web/ajax_t163sb05
中游,電源供應系統,2308,台達電,2018,1,balance_sheet,庫藏股票,,--,sii,https://mopsov.twse.com.tw/mops/web/ajax_t163sb05
中游,電源供應系統,2308,台達電,2018,1,balance_sheet,歸屬於母公司業主之權益合計,126416769,"126,416,769",sii,https://mopsov.twse.com.tw/mops/web/ajax_t163sb05
中游,電源供應系統,2308,台達電,2018,1,balance_sheet,共同控制下前手權益,,--,sii,https://mopsov.twse.com.tw/mops/web/ajax_t163sb05
中游,電源供應系統,2308,台達電,2018,1,balance_sheet,合併前非屬共同控制股權,,--,sii,https://mopsov.twse.com.tw/mops/web/ajax_t163sb05
中游,電源供應系統,2308,台達電,2018,1,balance_sheet,非控制權益,9664389,"9,664,389",sii,https://mopsov.twse.com.tw/mops/web/ajax_t163sb05
中游,電源供應系統,2308,台達電,2018,1,balance_sheet,權益總計,136081158,"136,081,158",sii,https://mopsov.twse.com.tw/mops/web/ajax_t163sb05
中游,電源供應系統,2308,台達電,2018,1,balance_sheet,待註銷股本股數（單位：股）,0,0,sii,https://mopsov.twse.com.tw/mops/web/ajax_t163sb05
中游,電源供應系統,2308,台達電,2018,1,balance_sheet,預收股款（權益項下）之約當發行股數（單位：股）,0,0,sii,https://mopsov.twse.com.tw/mops/web/ajax_t163sb05
中游,電源供應系統,2308,台達電,2018,1,balance_sheet,母公司暨子公司所持有之母公司庫藏股股數（單位：股）,0,0,sii,https://mopsov.twse.com.tw/mops/web/ajax_t163sb05
中游,電源供應系統,2308,台達電,2018,1,balance_sheet,每股參考淨值,48.67,48.67,sii,https://mopsov.twse.com.tw/mops/web/ajax_t163sb05
中游,電源供應系統,2301,光寶科,2018,1,cash_flow,營業活動之淨現金流入（流出）,815569,"815,569",sii,https://mopsov.twse.com.tw/mops/web/ajax_t163sb20
中游,電源供應系統,2301,光寶科,2018,1,cash_flow,投資活動之淨現金流入（流出）,-1461533,"-1,461,533",sii,https://mopsov.twse.com.tw/mops/web/ajax_t163sb20
中游,電源供應系統,2301,光寶科,2018,1,cash_flow,籌資活動之淨現金流入（流出）,4444732,"4,444,732",sii,https://mopsov.twse.com.tw/mops/web/ajax_t163sb20
中游,電源供應系統,2301,光寶科,2018,1,cash_flow,匯率變動對現金及約當現金之影響,-176338,"-176,338",sii,https://mopsov.twse.com.tw/mops/web/ajax_t163sb20
中游,電源供應系統,2301,光寶科,2018,1,cash_flow,本期現金及約當現金增加（減少）數,3622430,"3,622,430",sii,https://mopsov.twse.com.tw/mops/web/ajax_t163sb20
中游,電源供應系統,2301,光寶科,2018,1,cash_flow,期初現金及約當現金餘額,57783860,"57,783,860",sii,https://mopsov.twse.com.tw/mops/web/ajax_t163sb20
中游,電源供應系統,2301,光寶科,2018,1,cash_flow,期末現金及約當現金餘額,61406290,"61,406,290",sii,https://mopsov.twse.com.tw/mops/web/ajax_t163sb20
中游,電源供應系統,2308,台達電,2018,1,cash_flow,營業活動之淨現金流入（流出）,3603532,"3,603,532",sii,https://mopsov.twse.com.tw/mops/web/ajax_t163sb20
中游,電源供應系統,2308,台達電,2018,1,cash_flow,投資活動之淨現金流入（流出）,-1731646,"-1,731,646",sii,https://mopsov.twse.com.tw/mops/web/ajax_t163sb20
中游,電源供應系統,2308,台達電,2018,1,cash_flow,籌資活動之淨現金流入（流出）,-3188437,"-3,188,437",sii,https://mopsov.twse.com.tw/mops/web/ajax_t163sb20
中游,電源供應系統,2308,台達電,2018,1,cash_flow,匯率變動對現金及約當現金之影響,40407,"40,407",sii,https://mopsov.twse.com.tw/mops/web/ajax_t163sb20
中游,電源供應系統,2308,台達電,2018,1,cash_flow,本期現金及約當現金增加（減少）數,-1276144,"-1,276,144",sii,https://mopsov.twse.com.tw/mops/web/ajax_t163sb20
中游,電源供應系統,2308,台達電,2018,1,cash_flow,期初現金及約當現金餘額,57366617,"57,366,617",sii,https://mopsov.twse.com.tw/mops/web/ajax_t163sb20
中游,電源供應系統,2308,台達電,2018,1,cash_flow,期末現金及約當現金餘額,56090473,"56,090,473",sii,https://mopsov.twse.com.tw/mops/web/ajax_t163sb20
中游,電源供應系統,2301,光寶科,2018,2,income_statement,營業收入,103242672,"103,242,672",sii,https://mopsov.twse.com.tw/mops/web/ajax_t163sb04
中游,電源供應系統,2301,光寶科,2018,2,income_statement,營業成本,91327490,"91,327,490",sii,https://mopsov.twse.com.tw/mops/web/ajax_t163sb04
中游,電源供應系統,2301,光寶科,2018,2,income_statement,原始認列生物資產及農產品之利益（損失）,,--,sii,https://mopsov.twse.com.tw/mops/web/ajax_t163sb04
中游,電源供應系統,2301,光寶科,2018,2,income_statement,生物資產當期公允價值減出售成本之變動利益（損失）,,--,sii,https://mopsov.twse.com.tw/mops/web/ajax_t163sb04
中游,電源供應系統,2301,光寶科,2018,2,income_statement,營業毛利（毛損）,11915182,"11,915,182",sii,https://mopsov.twse.com.tw/mops/web/ajax_t163sb04
中游,電源供應系統,2301,光寶科,2018,2,income_statement,未實現銷貨（損）益,,--,sii,https://mopsov.twse.com.tw/mops/web/ajax_t163sb04
中游,電源供應系統,2301,光寶科,2018,2,income_statement,已實現銷貨（損）益,,--,sii,https://mopsov.twse.com.tw/mops/web/ajax_t163sb04
中游,電源供應系統,2301,光寶科,2018,2,income_statement,營業毛利（毛損）淨額,11915182,"11,915,182",sii,https://mopsov.twse.com.tw/mops/web/ajax_t163sb04
中游,電源供應系統,2301,光寶科,2018,2,income_statement,營業費用,9618411,"9,618,411",sii,https://mopsov.twse.com.tw/mops/web/ajax_t163sb04
中游,電源供應系統,2301,光寶科,2018,2,income_statement,其他收益及費損淨額,,--,sii,https://mopsov.twse.com.tw/mops/web/ajax_t163sb04
中游,電源供應系統,2301,光寶科,2018,2,income_statement,營業利益（損失）,2296771,"2,296,771",sii,https://mopsov.twse.com.tw/mops/web/ajax_t163sb04
中游,電源供應系統,2301,光寶科,2018,2,income_statement,營業外收入及支出,1499853,"1,499,853",sii,https://mopsov.twse.com.tw/mops/web/ajax_t163sb04
中游,電源供應系統,2301,光寶科,2018,2,income_statement,稅前淨利（淨損）,3796624,"3,796,624",sii,https://mopsov.twse.com.tw/mops/web/ajax_t163sb04
中游,電源供應系統,2301,光寶科,2018,2,income_statement,所得稅費用（利益）,1029089,"1,029,089",sii,https://mopsov.twse.com.tw/mops/web/ajax_t163sb04
中游,電源供應系統,2301,光寶科,2018,2,income_statement,繼續營業單位本期淨利（淨損）,2767535,"2,767,535",sii,https://mopsov.twse.com.tw/mops/web/ajax_t163sb04
中游,電源供應系統,2301,光寶科,2018,2,income_statement,停業單位損益,,--,sii,https://mopsov.twse.com.tw/mops/web/ajax_t163sb04
中游,電源供應系統,2301,光寶科,2018,2,income_statement,合併前非屬共同控制股權損益,,--,sii,https://mopsov.twse.com.tw/mops/web/ajax_t163sb04
中游,電源供應系統,2301,光寶科,2018,2,income_statement,本期淨利（淨損）,2767535,"2,767,535",sii,https://mopsov.twse.com.tw/mops/web/ajax_t163sb04
中游,電源供應系統,2301,光寶科,2018,2,income_statement,其他綜合損益（淨額）,451586,"451,586",sii,https://mopsov.twse.com.tw/mops/web/ajax_t163sb04
中游,電源供應系統,2301,光寶科,2018,2,income_statement,合併前非屬共同控制股權綜合損益淨額,,--,sii,https://mopsov.twse.com.tw/mops/web/ajax_t163sb04
中游,電源供應系統,2301,光寶科,2018,2,income_statement,本期綜合損益總額,3219121,"3,219,121",sii,https://mopsov.twse.com.tw/mops/web/ajax_t163sb04
中游,電源供應系統,2301,光寶科,2018,2,income_statement,淨利（淨損）歸屬於母公司業主,2796695,"2,796,695",sii,https://mopsov.twse.com.tw/mops/web/ajax_t163sb04
中游,電源供應系統,2301,光寶科,2018,2,income_statement,淨利（淨損）歸屬於共同控制下前手權益,,--,sii,https://mopsov.twse.com.tw/mops/web/ajax_t163sb04
中游,電源供應系統,2301,光寶科,2018,2,income_statement,淨利（淨損）歸屬於非控制權益,-29160,"-29,160",sii,https://mopsov.twse.com.tw/mops/web/ajax_t163sb04
中游,電源供應系統,2301,光寶科,2018,2,income_statement,綜合損益總額歸屬於母公司業主,3206391,"3,206,391",sii,https://mopsov.twse.com.tw/mops/web/ajax_t163sb04
中游,電源供應系統,2301,光寶科,2018,2,income_statement,綜合損益總額歸屬於共同控制下前手權益,,--,sii,https://mopsov.twse.com.tw/mops/web/ajax_t163sb04
中游,電源供應系統,2301,光寶科,2018,2,income_statement,綜合損益總額歸屬於非控制權益,12730,"12,730",sii,https://mopsov.twse.com.tw/mops/web/ajax_t163sb04
中游,電源供應系統,2301,光寶科,2018,2,income_statement,基本每股盈餘（元）,1.2,1.20,sii,https://mopsov.twse.com.tw/mops/web/ajax_t163sb04
中游,電源供應系統,2308,台達電,2018,2,income_statement,營業收入,108767131,"108,767,131",sii,https://mopsov.twse.com.tw/mops/web/ajax_t163sb04
中游,電源供應系統,2308,台達電,2018,2,income_statement,營業成本,81248971,"81,248,971",sii,https://mopsov.twse.com.tw/mops/web/ajax_t163sb04
中游,電源供應系統,2308,台達電,2018,2,income_statement,原始認列生物資產及農產品之利益（損失）,,--,sii,https://mopsov.twse.com.tw/mops/web/ajax_t163sb04
中游,電源供應系統,2308,台達電,2018,2,income_statement,生物資產當期公允價值減出售成本之變動利益（損失）,,--,sii,https://mopsov.twse.com.tw/mops/web/ajax_t163sb04
中游,電源供應系統,2308,台達電,2018,2,income_statement,營業毛利（毛損）,27518160,"27,518,160",sii,https://mopsov.twse.com.tw/mops/web/ajax_t163sb04
中游,電源供應系統,2308,台達電,2018,2,income_statement,未實現銷貨（損）益,,--,sii,https://mopsov.twse.com.tw/mops/web/ajax_t163sb04
中游,電源供應系統,2308,台達電,2018,2,income_statement,已實現銷貨（損）益,,--,sii,https://mopsov.twse.com.tw/mops/web/ajax_t163sb04
中游,電源供應系統,2308,台達電,2018,2,income_statement,營業毛利（毛損）淨額,27518160,"27,518,160",sii,https://mopsov.twse.com.tw/mops/web/ajax_t163sb04
中游,電源供應系統,2308,台達電,2018,2,income_statement,營業費用,21242061,"21,242,061",sii,https://mopsov.twse.com.tw/mops/web/ajax_t163sb04
中游,電源供應系統,2308,台達電,2018,2,income_statement,其他收益及費損淨額,,--,sii,https://mopsov.twse.com.tw/mops/web/ajax_t163sb04
中游,電源供應系統,2308,台達電,2018,2,income_statement,營業利益（損失）,6276099,"6,276,099",sii,https://mopsov.twse.com.tw/mops/web/ajax_t163sb04
中游,電源供應系統,2308,台達電,2018,2,income_statement,營業外收入及支出,1874786,"1,874,786",sii,https://mopsov.twse.com.tw/mops/web/ajax_t163sb04
中游,電源供應系統,2308,台達電,2018,2,income_statement,稅前淨利（淨損）,8150885,"8,150,885",sii,https://mopsov.twse.com.tw/mops/web/ajax_t163sb04
中游,電源供應系統,2308,台達電,2018,2,income_statement,所得稅費用（利益）,1855967,"1,855,967",sii,https://mopsov.twse.com.tw/mops/web/ajax_t163sb04
中游,電源供應系統,2308,台達電,2018,2,income_statement,繼續營業單位本期淨利（淨損）,6294918,"6,294,918",sii,https://mopsov.twse.com.tw/mops/web/ajax_t163sb04
中游,電源供應系統,2308,台達電,2018,2,income_statement,停業單位損益,,--,sii,https://mopsov.twse.com.tw/mops/web/ajax_t163sb04
中游,電源供應系統,2308,台達電,2018,2,income_statement,合併前非屬共同控制股權損益,,--,sii,https://mopsov.twse.com.tw/mops/web/ajax_t163sb04
中游,電源供應系統,2308,台達電,2018,2,income_statement,本期淨利（淨損）,6294918,"6,294,918",sii,https://mopsov.twse.com.tw/mops/web/ajax_t163sb04
中游,電源供應系統,2308,台達電,2018,2,income_statement,其他綜合損益（淨額）,1657081,"1,657,081",sii,https://mopsov.twse.com.tw/mops/web/ajax_t163sb04
中游,電源供應系統,2308,台達電,2018,2,income_statement,合併前非屬共同控制股權綜合損益淨額,,--,sii,https://mopsov.twse.com.tw/mops/web/ajax_t163sb04
中游,電源供應系統,2308,台達電,2018,2,income_statement,本期綜合損益總額,7951999,"7,951,999",sii,https://mopsov.twse.com.tw/mops/web/ajax_t163sb04
中游,電源供應系統,2308,台達電,2018,2,income_statement,淨利（淨損）歸屬於母公司業主,6058266,"6,058,266",sii,https://mopsov.twse.com.tw/mops/web/ajax_t163sb04
中游,電源供應系統,2308,台達電,2018,2,income_statement,淨利（淨損）歸屬於共同控制下前手權益,,--,sii,https://mopsov.twse.com.tw/mops/web/ajax_t163sb04
中游,電源供應系統,2308,台達電,2018,2,income_statement,淨利（淨損）歸屬於非控制權益,236652,"236,652",sii,https://mopsov.twse.com.tw/mops/web/ajax_t163sb04
中游,電源供應系統,2308,台達電,2018,2,income_statement,綜合損益總額歸屬於母公司業主,6659145,"6,659,145",sii,https://mopsov.twse.com.tw/mops/web/ajax_t163sb04
中游,電源供應系統,2308,台達電,2018,2,income_statement,綜合損益總額歸屬於共同控制下前手權益,,--,sii,https://mopsov.twse.com.tw/mops/web/ajax_t163sb04
中游,電源供應系統,2308,台達電,2018,2,income_statement,綜合損益總額歸屬於非控制權益,1292854,"1,292,854",sii,https://mopsov.twse.com.tw/mops/web/ajax_t163sb04
中游,電源供應系統,2308,台達電,2018,2,income_statement,基本每股盈餘（元）,2.33,2.33,sii,https://mopsov.twse.com.tw/mops/web/ajax_t163sb04
中游,電源供應系統,2301,光寶科,2018,2,balance_sheet,流動資產,162658799,"162,658,799",sii,https://mopsov.twse.com.tw/mops/web/ajax_t163sb05
中游,電源供應系統,2301,光寶科,2018,2,balance_sheet,非流動資產,40055737,"40,055,737",sii,https://mopsov.twse.com.tw/mops/web/ajax_t163sb05
中游,電源供應系統,2301,光寶科,2018,2,balance_sheet,資產總計,202714536,"202,714,536",sii,https://mopsov.twse.com.tw/mops/web/ajax_t163sb05
中游,電源供應系統,2301,光寶科,2018,2,balance_sheet,流動負債,130754127,"130,754,127",sii,https://mopsov.twse.com.tw/mops/web/ajax_t163sb05
中游,電源供應系統,2301,光寶科,2018,2,balance_sheet,非流動負債,1787241,"1,787,241",sii,https://mopsov.twse.com.tw/mops/web/ajax_t163sb05
中游,電源供應系統,2301,光寶科,2018,2,balance_sheet,負債總計,132541368,"132,541,368",sii,https://mopsov.twse.com.tw/mops/web/ajax_t163sb05
中游,電源供應系統,2301,光寶科,2018,2,balance_sheet,股本,23508670,"23,508,670",sii,https://mopsov.twse.com.tw/mops/web/ajax_t163sb05
中游,電源供應系統,2301,光寶科,2018,2,balance_sheet,資本公積,21757404,"21,757,404",sii,https://mopsov.twse.com.tw/mops/web/ajax_t163sb05
中游,電源供應系統,2301,光寶科,2018,2,balance_sheet,保留盈餘,25335949,"25,335,949",sii,https://mopsov.twse.com.tw/mops/web/ajax_t163sb05
中游,電源供應系統,2301,光寶科,2018,2,balance_sheet,其他權益,-2417833,"-2,417,833",sii,https://mopsov.twse.com.tw/mops/web/ajax_t163sb05
中游,電源供應系統,2301,光寶科,2018,2,balance_sheet,庫藏股票,-1248722,"-1,248,722",sii,https://mopsov.twse.com.tw/mops/web/ajax_t163sb05
中游,電源供應系統,2301,光寶科,2018,2,balance_sheet,歸屬於母公司業主之權益合計,66935468,"66,935,468",sii,https://mopsov.twse.com.tw/mops/web/ajax_t163sb05
中游,電源供應系統,2301,光寶科,2018,2,balance_sheet,共同控制下前手權益,,--,sii,https://mopsov.twse.com.tw/mops/web/ajax_t163sb05
中游,電源供應系統,2301,光寶科,2018,2,balance_sheet,合併前非屬共同控制股權,,--,sii,https://mopsov.twse.com.tw/mops/web/ajax_t163sb05
中游,電源供應系統,2301,光寶科,2018,2,balance_sheet,非控制權益,3237700,"3,237,700",sii,https://mopsov.twse.com.tw/mops/web/ajax_t163sb05
中游,電源供應系統,2301,光寶科,2018,2,balance_sheet,權益總計,70173168,"70,173,168",sii,https://mopsov.twse.com.tw/mops/web/ajax_t163sb05
中游,電源供應系統,2301,光寶科,2018,2,balance_sheet,待註銷股本股數（單位：股）,,--,sii,https://mopsov.twse.com.tw/mops/web/ajax_t163sb05
中游,電源供應系統,2301,光寶科,2018,2,balance_sheet,預收股款（權益項下）之約當發行股數（單位：股）,0,0,sii,https://mopsov.twse.com.tw/mops/web/ajax_t163sb05
中游,電源供應系統,2301,光寶科,2018,2,balance_sheet,母公司暨子公司所持有之母公司庫藏股股數（單位：股）,26841500,"26,841,500",sii,https://mopsov.twse.com.tw/mops/web/ajax_t163sb05
中游,電源供應系統,2301,光寶科,2018,2,balance_sheet,每股參考淨值,28.8,28.80,sii,https://mopsov.twse.com.tw/mops/web/ajax_t163sb05
中游,電源供應系統,2308,台達電,2018,2,balance_sheet,流動資產,147741371,"147,741,371",sii,https://mopsov.twse.com.tw/mops/web/ajax_t163sb05
中游,電源供應系統,2308,台達電,2018,2,balance_sheet,非流動資產,104513767,"104,513,767",sii,https://mopsov.twse.com.tw/mops/web/ajax_t163sb05
中游,電源供應系統,2308,台達電,2018,2,balance_sheet,資產總計,252255138,"252,255,138",sii,https://mopsov.twse.com.tw/mops/web/ajax_t163sb05
中游,電源供應系統,2308,台達電,2018,2,balance_sheet,流動負債,94027843,"94,027,843",sii,https://mopsov.twse.com.tw/mops/web/ajax_t163sb05
中游,電源供應系統,2308,台達電,2018,2,balance_sheet,非流動負債,29578218,"29,578,218",sii,https://mopsov.twse.com.tw/mops/web/ajax_t163sb05
中游,電源供應系統,2308,台達電,2018,2,balance_sheet,負債總計,123606061,"123,606,061",sii,https://mopsov.twse.com.tw/mops/web/ajax_t163sb05
中游,電源供應系統,2308,台達電,2018,2,balance_sheet,股本,25975433,"25,975,433",sii,https://mopsov.twse.com.tw/mops/web/ajax_t163sb05
中游,電源供應系統,2308,台達電,2018,2,balance_sheet,資本公積,48367430,"48,367,430",sii,https://mopsov.twse.com.tw/mops/web/ajax_t163sb05
中游,電源供應系統,2308,台達電,2018,2,balance_sheet,保留盈餘,51432112,"51,432,112",sii,https://mopsov.twse.com.tw/mops/web/ajax_t163sb05
中游,電源供應系統,2308,台達電,2018,2,balance_sheet,其他權益,-7625466,"-7,625,466",sii,https://mopsov.twse.com.tw/mops/web/ajax_t163sb05
中游,電源供應系統,2308,台達電,2018,2,balance_sheet,庫藏股票,,--,sii,https://mopsov.twse.com.tw/mops/web/ajax_t163sb05
中游,電源供應系統,2308,台達電,2018,2,balance_sheet,歸屬於母公司業主之權益合計,118149509,"118,149,509",sii,https://mopsov.twse.com.tw/mops/web/ajax_t163sb05
中游,電源供應系統,2308,台達電,2018,2,balance_sheet,共同控制下前手權益,,--,sii,https://mopsov.twse.com.tw/mops/web/ajax_t163sb05
中游,電源供應系統,2308,台達電,2018,2,balance_sheet,合併前非屬共同控制股權,,--,sii,https://mopsov.twse.com.tw/mops/web/ajax_t163sb05
中游,電源供應系統,2308,台達電,2018,2,balance_sheet,非控制權益,10499568,"10,499,568",sii,https://mopsov.twse.com.tw/mops/web/ajax_t163sb05
中游,電源供應系統,2308,台達電,2018,2,balance_sheet,權益總計,128649077,"128,649,077",sii,https://mopsov.twse.com.tw/mops/web/ajax_t163sb05
中游,電源供應系統,2308,台達電,2018,2,balance_sheet,待註銷股本股數（單位：股）,,--,sii,https://mopsov.twse.com.tw/mops/web/ajax_t163sb05
中游,電源供應系統,2308,台達電,2018,2,balance_sheet,預收股款（權益項下）之約當發行股數（單位：股）,0,0,sii,https://mopsov.twse.com.tw/mops/web/ajax_t163sb05
中游,電源供應系統,2308,台達電,2018,2,balance_sheet,母公司暨子公司所持有之母公司庫藏股股數（單位：股）,0,0,sii,https://mopsov.twse.com.tw/mops/web/ajax_t163sb05
中游,電源供應系統,2308,台達電,2018,2,balance_sheet,每股參考淨值,45.49,45.49,sii,https://mopsov.twse.com.tw/mops/web/ajax_t163sb05
中游,電源供應系統,2301,光寶科,2018,2,cash_flow,營業活動之淨現金流入（流出）,-563355,"-563,355",sii,https://mopsov.twse.com.tw/mops/web/ajax_t163sb20
中游,電源供應系統,2301,光寶科,2018,2,cash_flow,投資活動之淨現金流入（流出）,-274575,"-274,575",sii,https://mopsov.twse.com.tw/mops/web/ajax_t163sb20
中游,電源供應系統,2301,光寶科,2018,2,cash_flow,籌資活動之淨現金流入（流出）,74360,"74,360",sii,https://mopsov.twse.com.tw/mops/web/ajax_t163sb20
中游,電源供應系統,2301,光寶科,2018,2,cash_flow,匯率變動對現金及約當現金之影響,582589,"582,589",sii,https://mopsov.twse.com.tw/mops/web/ajax_t163sb20
中游,電源供應系統,2301,光寶科,2018,2,cash_flow,本期現金及約當現金增加（減少）數,-180981,"-180,981",sii,https://mopsov.twse.com.tw/mops/web/ajax_t163sb20
中游,電源供應系統,2301,光寶科,2018,2,cash_flow,期初現金及約當現金餘額,57783860,"57,783,860",sii,https://mopsov.twse.com.tw/mops/web/ajax_t163sb20
中游,電源供應系統,2301,光寶科,2018,2,cash_flow,期末現金及約當現金餘額,57602879,"57,602,879",sii,https://mopsov.twse.com.tw/mops/web/ajax_t163sb20
中游,電源供應系統,2308,台達電,2018,2,cash_flow,營業活動之淨現金流入（流出）,6099278,"6,099,278",sii,https://mopsov.twse.com.tw/mops/web/ajax_t163sb20
中游,電源供應系統,2308,台達電,2018,2,cash_flow,投資活動之淨現金流入（流出）,-5346539,"-5,346,539",sii,https://mopsov.twse.com.tw/mops/web/ajax_t163sb20
中游,電源供應系統,2308,台達電,2018,2,cash_flow,籌資活動之淨現金流入（流出）,-1656297,"-1,656,297",sii,https://mopsov.twse.com.tw/mops/web/ajax_t163sb20
中游,電源供應系統,2308,台達電,2018,2,cash_flow,匯率變動對現金及約當現金之影響,1055719,"1,055,719",sii,https://mopsov.twse.com.tw/mops/web/ajax_t163sb20
中游,電源供應系統,2308,台達電,2018,2,cash_flow,本期現金及約當現金增加（減少）數,152161,"152,161",sii,https://mopsov.twse.com.tw/mops/web/ajax_t163sb20
中游,電源供應系統,2308,台達電,2018,2,cash_flow,期初現金及約當現金餘額,57366617,"57,366,617",sii,https://mopsov.twse.com.tw/mops/web/ajax_t163sb20
中游,電源供應系統,2308,台達電,2018,2,cash_flow,期末現金及約當現金餘額,57518778,"57,518,778",sii,https://mopsov.twse.com.tw/mops/web/ajax_t163sb20
中游,電源供應系統,2301,光寶科,2018,3,income_statement,營業收入,156639644,"156,639,644",sii,https://mopsov.twse.com.tw/mops/web/ajax_t163sb04
中游,電源供應系統,2301,光寶科,2018,3,income_statement,營業成本,136304081,"136,304,081",sii,https://mopsov.twse.com.tw/mops/web/ajax_t163sb04
中游,電源供應系統,2301,光寶科,2018,3,income_statement,原始認列生物資產及農產品之利益（損失）,,--,sii,https://mopsov.twse.com.tw/mops/web/ajax_t163sb04
中游,電源供應系統,2301,光寶科,2018,3,income_statement,生物資產當期公允價值減出售成本之變動利益（損失）,,--,sii,https://mopsov.twse.com.tw/mops/web/ajax_t163sb04
中游,電源供應系統,2301,光寶科,2018,3,income_statement,營業毛利（毛損）,20335563,"20,335,563",sii,https://mopsov.twse.com.tw/mops/web/ajax_t163sb04
中游,電源供應系統,2301,光寶科,2018,3,income_statement,未實現銷貨（損）益,,--,sii,https://mopsov.twse.com.tw/mops/web/ajax_t163sb04
中游,電源供應系統,2301,光寶科,2018,3,income_statement,已實現銷貨（損）益,,--,sii,https://mopsov.twse.com.tw/mops/web/ajax_t163sb04
中游,電源供應系統,2301,光寶科,2018,3,income_statement,營業毛利（毛損）淨額,20335563,"20,335,563",sii,https://mopsov.twse.com.tw/mops/web/ajax_t163sb04
中游,電源供應系統,2301,光寶科,2018,3,income_statement,營業費用,14712408,"14,712,408",sii,https://mopsov.twse.com.tw/mops/web/ajax_t163sb04
中游,電源供應系統,2301,光寶科,2018,3,income_statement,其他收益及費損淨額,,--,sii,https://mopsov.twse.com.tw/mops/web/ajax_t163sb04
中游,電源供應系統,2301,光寶科,2018,3,income_statement,營業利益（損失）,5623155,"5,623,155",sii,https://mopsov.twse.com.tw/mops/web/ajax_t163sb04
中游,電源供應系統,2301,光寶科,2018,3,income_statement,營業外收入及支出,2202090,"2,202,090",sii,https://mopsov.twse.com.tw/mops/web/ajax_t163sb04
中游,電源供應系統,2301,光寶科,2018,3,income_statement,稅前淨利（淨損）,7825245,"7,825,245",sii,https://mopsov.twse.com.tw/mops/web/ajax_t163sb04
中游,電源供應系統,2301,光寶科,2018,3,income_statement,所得稅費用（利益）,2380173,"2,380,173",sii,https://mopsov.twse.com.tw/mops/web/ajax_t163sb04
中游,電源供應系統,2301,光寶科,2018,3,income_statement,繼續營業單位本期淨利（淨損）,5445072,"5,445,072",sii,https://mopsov.twse.com.tw/mops/web/ajax_t163sb04
中游,電源供應系統,2301,光寶科,2018,3,income_statement,停業單位損益,,--,sii,https://mopsov.twse.com.tw/mops/web/ajax_t163sb04
中游,電源供應系統,2301,光寶科,2018,3,income_statement,合併前非屬共同控制股權損益,,--,sii,https://mopsov.twse.com.tw/mops/web/ajax_t163sb04
中游,電源供應系統,2301,光寶科,2018,3,income_statement,本期淨利（淨損）,5445072,"5,445,072",sii,https://mopsov.twse.com.tw/mops/web/ajax_t163sb04
中游,電源供應系統,2301,光寶科,2018,3,income_statement,其他綜合損益（淨額）,-1208681,"-1,208,681",sii,https://mopsov.twse.com.tw/mops/web/ajax_t163sb04
中游,電源供應系統,2301,光寶科,2018,3,income_statement,合併前非屬共同控制股權綜合損益淨額,,--,sii,https://mopsov.twse.com.tw/mops/web/ajax_t163sb04
中游,電源供應系統,2301,光寶科,2018,3,income_statement,本期綜合損益總額,4236391,"4,236,391",sii,https://mopsov.twse.com.tw/mops/web/ajax_t163sb04
中游,電源供應系統,2301,光寶科,2018,3,income_statement,淨利（淨損）歸屬於母公司業主,5435550,"5,435,550",sii,https://mopsov.twse.com.tw/mops/web/ajax_t163sb04
中游,電源供應系統,2301,光寶科,2018,3,income_statement,淨利（淨損）歸屬於共同控制下前手權益,,--,sii,https://mopsov.twse.com.tw/mops/web/ajax_t163sb04
中游,電源供應系統,2301,光寶科,2018,3,income_statement,淨利（淨損）歸屬於非控制權益,9522,"9,522",sii,https://mopsov.twse.com.tw/mops/web/ajax_t163sb04
中游,電源供應系統,2301,光寶科,2018,3,income_statement,綜合損益總額歸屬於母公司業主,4260926,"4,260,926",sii,https://mopsov.twse.com.tw/mops/web/ajax_t163sb04
中游,電源供應系統,2301,光寶科,2018,3,income_statement,綜合損益總額歸屬於共同控制下前手權益,,--,sii,https://mopsov.twse.com.tw/mops/web/ajax_t163sb04
中游,電源供應系統,2301,光寶科,2018,3,income_statement,綜合損益總額歸屬於非控制權益,-24535,"-24,535",sii,https://mopsov.twse.com.tw/mops/web/ajax_t163sb04
中游,電源供應系統,2301,光寶科,2018,3,income_statement,基本每股盈餘（元）,2.34,2.34,sii,https://mopsov.twse.com.tw/mops/web/ajax_t163sb04
中游,電源供應系統,2308,台達電,2018,3,income_statement,營業收入,172383931,"172,383,931",sii,https://mopsov.twse.com.tw/mops/web/ajax_t163sb04
中游,電源供應系統,2308,台達電,2018,3,income_statement,營業成本,127091865,"127,091,865",sii,https://mopsov.twse.com.tw/mops/web/ajax_t163sb04
中游,電源供應系統,2308,台達電,2018,3,income_statement,原始認列生物資產及農產品之利益（損失）,,--,sii,https://mopsov.twse.com.tw/mops/web/ajax_t163sb04
中游,電源供應系統,2308,台達電,2018,3,income_statement,生物資產當期公允價值減出售成本之變動利益（損失）,,--,sii,https://mopsov.twse.com.tw/mops/web/ajax_t163sb04
中游,電源供應系統,2308,台達電,2018,3,income_statement,營業毛利（毛損）,45292066,"45,292,066",sii,https://mopsov.twse.com.tw/mops/web/ajax_t163sb04
中游,電源供應系統,2308,台達電,2018,3,income_statement,未實現銷貨（損）益,,--,sii,https://mopsov.twse.com.tw/mops/web/ajax_t163sb04
中游,電源供應系統,2308,台達電,2018,3,income_statement,已實現銷貨（損）益,,--,sii,https://mopsov.twse.com.tw/mops/web/ajax_t163sb04
中游,電源供應系統,2308,台達電,2018,3,income_statement,營業毛利（毛損）淨額,45292066,"45,292,066",sii,https://mopsov.twse.com.tw/mops/web/ajax_t163sb04
中游,電源供應系統,2308,台達電,2018,3,income_statement,營業費用,33046390,"33,046,390",sii,https://mopsov.twse.com.tw/mops/web/ajax_t163sb04
中游,電源供應系統,2308,台達電,2018,3,income_statement,其他收益及費損淨額,,--,sii,https://mopsov.twse.com.tw/mops/web/ajax_t163sb04
中游,電源供應系統,2308,台達電,2018,3,income_statement,營業利益（損失）,12245676,"12,245,676",sii,https://mopsov.twse.com.tw/mops/web/ajax_t163sb04
中游,電源供應系統,2308,台達電,2018,3,income_statement,營業外收入及支出,3260541,"3,260,541",sii,https://mopsov.twse.com.tw/mops/web/ajax_t163sb04
中游,電源供應系統,2308,台達電,2018,3,income_statement,稅前淨利（淨損）,15506217,"15,506,217",sii,https://mopsov.twse.com.tw/mops/web/ajax_t163sb04
中游,電源供應系統,2308,台達電,2018,3,income_statement,所得稅費用（利益）,2980662,"2,980,662",sii,https://mopsov.twse.com.tw/mops/web/ajax_t163sb04
中游,電源供應系統,2308,台達電,2018,3,income_statement,繼續營業單位本期淨利（淨損）,12525555,"12,525,555",sii,https://mopsov.twse.com.tw/mops/web/ajax_t163sb04
中游,電源供應系統,2308,台達電,2018,3,income_statement,停業單位損益,,--,sii,https://mopsov.twse.com.tw/mops/web/ajax_t163sb04
中游,電源供應系統,2308,台達電,2018,3,income_statement,合併前非屬共同控制股權損益,,--,sii,https://mopsov.twse.com.tw/mops/web/ajax_t163sb04
中游,電源供應系統,2308,台達電,2018,3,income_statement,本期淨利（淨損）,12525555,"12,525,555",sii,https://mopsov.twse.com.tw/mops/web/ajax_t163sb04
中游,電源供應系統,2308,台達電,2018,3,income_statement,其他綜合損益（淨額）,377997,"377,997",sii,https://mopsov.twse.com.tw/mops/web/ajax_t163sb04
中游,電源供應系統,2308,台達電,2018,3,income_statement,合併前非屬共同控制股權綜合損益淨額,,--,sii,https://mopsov.twse.com.tw/mops/web/ajax_t163sb04
中游,電源供應系統,2308,台達電,2018,3,income_statement,本期綜合損益總額,12903552,"12,903,552",sii,https://mopsov.twse.com.tw/mops/web/ajax_t163sb04
中游,電源供應系統,2308,台達電,2018,3,income_statement,淨利（淨損）歸屬於母公司業主,12148576,"12,148,576",sii,https://mopsov.twse.com.tw/mops/web/ajax_t163sb04
中游,電源供應系統,2308,台達電,2018,3,income_statement,淨利（淨損）歸屬於共同控制下前手權益,,--,sii,https://mopsov.twse.com.tw/mops/web/ajax_t163sb04
中游,電源供應系統,2308,台達電,2018,3,income_statement,淨利（淨損）歸屬於非控制權益,376979,"376,979",sii,https://mopsov.twse.com.tw/mops/web/ajax_t163sb04
中游,電源供應系統,2308,台達電,2018,3,income_statement,綜合損益總額歸屬於母公司業主,12015304,"12,015,304",sii,https://mopsov.twse.com.tw/mops/web/ajax_t163sb04
中游,電源供應系統,2308,台達電,2018,3,income_statement,綜合損益總額歸屬於共同控制下前手權益,,--,sii,https://mopsov.twse.com.tw/mops/web/ajax_t163sb04
中游,電源供應系統,2308,台達電,2018,3,income_statement,綜合損益總額歸屬於非控制權益,888248,"888,248",sii,https://mopsov.twse.com.tw/mops/web/ajax_t163sb04
中游,電源供應系統,2308,台達電,2018,3,income_statement,基本每股盈餘（元）,4.68,4.68,sii,https://mopsov.twse.com.tw/mops/web/ajax_t163sb04
中游,電源供應系統,2301,光寶科,2018,3,balance_sheet,流動資產,168865486,"168,865,486",sii,https://mopsov.twse.com.tw/mops/web/ajax_t163sb05
中游,電源供應系統,2301,光寶科,2018,3,balance_sheet,非流動資產,39899711,"39,899,711",sii,https://mopsov.twse.com.tw/mops/web/ajax_t163sb05
中游,電源供應系統,2301,光寶科,2018,3,balance_sheet,資產總計,208765197,"208,765,197",sii,https://mopsov.twse.com.tw/mops/web/ajax_t163sb05
中游,電源供應系統,2301,光寶科,2018,3,balance_sheet,流動負債,135673565,"135,673,565",sii,https://mopsov.twse.com.tw/mops/web/ajax_t163sb05
中游,電源供應系統,2301,光寶科,2018,3,balance_sheet,非流動負債,1791699,"1,791,699",sii,https://mopsov.twse.com.tw/mops/web/ajax_t163sb05
中游,電源供應系統,2301,光寶科,2018,3,balance_sheet,負債總計,137465264,"137,465,264",sii,https://mopsov.twse.com.tw/mops/web/ajax_t163sb05
中游,電源供應系統,2301,光寶科,2018,3,balance_sheet,股本,23508670,"23,508,670",sii,https://mopsov.twse.com.tw/mops/web/ajax_t163sb05
中游,電源供應系統,2301,光寶科,2018,3,balance_sheet,資本公積,21752984,"21,752,984",sii,https://mopsov.twse.com.tw/mops/web/ajax_t163sb05
中游,電源供應系統,2301,光寶科,2018,3,balance_sheet,保留盈餘,28014525,"28,014,525",sii,https://mopsov.twse.com.tw/mops/web/ajax_t163sb05
中游,電源供應系統,2301,光寶科,2018,3,balance_sheet,其他權益,-4041874,"-4,041,874",sii,https://mopsov.twse.com.tw/mops/web/ajax_t163sb05
中游,電源供應系統,2301,光寶科,2018,3,balance_sheet,庫藏股票,-1248722,"-1,248,722",sii,https://mopsov.twse.com.tw/mops/web/ajax_t163sb05
中游,電源供應系統,2301,光寶科,2018,3,balance_sheet,歸屬於母公司業主之權益合計,67985583,"67,985,583",sii,https://mopsov.twse.com.tw/mops/web/ajax_t163sb05
中游,電源供應系統,2301,光寶科,2018,3,balance_sheet,共同控制下前手權益,,--,sii,https://mopsov.twse.com.tw/mops/web/ajax_t163sb05
中游,電源供應系統,2301,光寶科,2018,3,balance_sheet,合併前非屬共同控制股權,,--,sii,https://mopsov.twse.com.tw/mops/web/ajax_t163sb05
中游,電源供應系統,2301,光寶科,2018,3,balance_sheet,非控制權益,3314350,"3,314,350",sii,https://mopsov.twse.com.tw/mops/web/ajax_t163sb05
中游,電源供應系統,2301,光寶科,2018,3,balance_sheet,權益總計,71299933,"71,299,933",sii,https://mopsov.twse.com.tw/mops/web/ajax_t163sb05
中游,電源供應系統,2301,光寶科,2018,3,balance_sheet,待註銷股本股數（單位：股）,,--,sii,https://mopsov.twse.com.tw/mops/web/ajax_t163sb05
中游,電源供應系統,2301,光寶科,2018,3,balance_sheet,預收股款（權益項下）之約當發行股數（單位：股）,0,0,sii,https://mopsov.twse.com.tw/mops/web/ajax_t163sb05
中游,電源供應系統,2301,光寶科,2018,3,balance_sheet,母公司暨子公司所持有之母公司庫藏股股數（單位：股）,26841500,"26,841,500",sii,https://mopsov.twse.com.tw/mops/web/ajax_t163sb05
中游,電源供應系統,2301,光寶科,2018,3,balance_sheet,每股參考淨值,29.25,29.25,sii,https://mopsov.twse.com.tw/mops/web/ajax_t163sb05
中游,電源供應系統,2308,台達電,2018,3,balance_sheet,流動資產,151667698,"151,667,698",sii,https://mopsov.twse.com.tw/mops/web/ajax_t163sb05
中游,電源供應系統,2308,台達電,2018,3,balance_sheet,非流動資產,104208188,"104,208,188",sii,https://mopsov.twse.com.tw/mops/web/ajax_t163sb05
中游,電源供應系統,2308,台達電,2018,3,balance_sheet,資產總計,255875886,"255,875,886",sii,https://mopsov.twse.com.tw/mops/web/ajax_t163sb05
中游,電源供應系統,2308,台達電,2018,3,balance_sheet,流動負債,83167970,"83,167,970",sii,https://mopsov.twse.com.tw/mops/web/ajax_t163sb05
中游,電源供應系統,2308,台達電,2018,3,balance_sheet,非流動負債,39524737,"39,524,737",sii,https://mopsov.twse.com.tw/mops/web/ajax_t163sb05
中游,電源供應系統,2308,台達電,2018,3,balance_sheet,負債總計,122692707,"122,692,707",sii,https://mopsov.twse.com.tw/mops/web/ajax_t163sb05
中游,電源供應系統,2308,台達電,2018,3,balance_sheet,股本,25975433,"25,975,433",sii,https://mopsov.twse.com.tw/mops/web/ajax_t163sb05
中游,電源供應系統,2308,台達電,2018,3,balance_sheet,資本公積,48408297,"48,408,297",sii,https://mopsov.twse.com.tw/mops/web/ajax_t163sb05
中游,電源供應系統,2308,台達電,2018,3,balance_sheet,保留盈餘,57467774,"57,467,774",sii,https://mopsov.twse.com.tw/mops/web/ajax_t163sb05
中游,電源供應系統,2308,台達電,2018,3,balance_sheet,其他權益,-8367649,"-8,367,649",sii,https://mopsov.twse.com.tw/mops/web/ajax_t163sb05
中游,電源供應系統,2308,台達電,2018,3,balance_sheet,庫藏股票,,--,sii,https://mopsov.twse.com.tw/mops/web/ajax_t163sb05
中游,電源供應系統,2308,台達電,2018,3,balance_sheet,歸屬於母公司業主之權益合計,123483855,"123,483,855",sii,https://mopsov.twse.com.tw/mops/web/ajax_t163sb05
中游,電源供應系統,2308,台達電,2018,3,balance_sheet,共同控制下前手權益,,--,sii,https://mopsov.twse.com.tw/mops/web/ajax_t163sb05
中游,電源供應系統,2308,台達電,2018,3,balance_sheet,合併前非屬共同控制股權,,--,sii,https://mopsov.twse.com.tw/mops/web/ajax_t163sb05
中游,電源供應系統,2308,台達電,2018,3,balance_sheet,非控制權益,9699324,"9,699,324",sii,https://mopsov.twse.com.tw/mops/web/ajax_t163sb05
中游,電源供應系統,2308,台達電,2018,3,balance_sheet,權益總計,133183179,"133,183,179",sii,https://mopsov.twse.com.tw/mops/web/ajax_t163sb05
中游,電源供應系統,2308,台達電,2018,3,balance_sheet,待註銷股本股數（單位：股）,0,0,sii,https://mopsov.twse.com.tw/mops/web/ajax_t163sb05
中游,電源供應系統,2308,台達電,2018,3,balance_sheet,預收股款（權益項下）之約當發行股數（單位：股）,0,0,sii,https://mopsov.twse.com.tw/mops/web/ajax_t163sb05
中游,電源供應系統,2308,台達電,2018,3,balance_sheet,母公司暨子公司所持有之母公司庫藏股股數（單位：股）,0,0,sii,https://mopsov.twse.com.tw/mops/web/ajax_t163sb05
中游,電源供應系統,2308,台達電,2018,3,balance_sheet,每股參考淨值,47.54,47.54,sii,https://mopsov.twse.com.tw/mops/web/ajax_t163sb05
中游,電源供應系統,2301,光寶科,2018,3,cash_flow,營業活動之淨現金流入（流出）,9620545,"9,620,545",sii,https://mopsov.twse.com.tw/mops/web/ajax_t163sb20
中游,電源供應系統,2301,光寶科,2018,3,cash_flow,投資活動之淨現金流入（流出）,-835326,"-835,326",sii,https://mopsov.twse.com.tw/mops/web/ajax_t163sb20
中游,電源供應系統,2301,光寶科,2018,3,cash_flow,籌資活動之淨現金流入（流出）,-1106486,"-1,106,486",sii,https://mopsov.twse.com.tw/mops/web/ajax_t163sb20
中游,電源供應系統,2301,光寶科,2018,3,cash_flow,匯率變動對現金及約當現金之影響,-1310345,"-1,310,345",sii,https://mopsov.twse.com.tw/mops/web/ajax_t163sb20
中游,電源供應系統,2301,光寶科,2018,3,cash_flow,本期現金及約當現金增加（減少）數,6368388,"6,368,388",sii,https://mopsov.twse.com.tw/mops/web/ajax_t163sb20
中游,電源供應系統,2301,光寶科,2018,3,cash_flow,期初現金及約當現金餘額,57783860,"57,783,860",sii,https://mopsov.twse.com.tw/mops/web/ajax_t163sb20
中游,電源供應系統,2301,光寶科,2018,3,cash_flow,期末現金及約當現金餘額,64152248,"64,152,248",sii,https://mopsov.twse.com.tw/mops/web/ajax_t163sb20
中游,電源供應系統,2308,台達電,2018,3,cash_flow,營業活動之淨現金流入（流出）,13306581,"13,306,581",sii,https://mopsov.twse.com.tw/mops/web/ajax_t163sb20
中游,電源供應系統,2308,台達電,2018,3,cash_flow,投資活動之淨現金流入（流出）,-8554722,"-8,554,722",sii,https://mopsov.twse.com.tw/mops/web/ajax_t163sb20
中游,電源供應系統,2308,台達電,2018,3,cash_flow,籌資活動之淨現金流入（流出）,-3907098,"-3,907,098",sii,https://mopsov.twse.com.tw/mops/web/ajax_t163sb20
中游,電源供應系統,2308,台達電,2018,3,cash_flow,匯率變動對現金及約當現金之影響,455583,"455,583",sii,https://mopsov.twse.com.tw/mops/web/ajax_t163sb20
中游,電源供應系統,2308,台達電,2018,3,cash_flow,本期現金及約當現金增加（減少）數,1300344,"1,300,344",sii,https://mopsov.twse.com.tw/mops/web/ajax_t163sb20
中游,電源供應系統,2308,台達電,2018,3,cash_flow,期初現金及約當現金餘額,57366617,"57,366,617",sii,https://mopsov.twse.com.tw/mops/web/ajax_t163sb20
中游,電源供應系統,2308,台達電,2018,3,cash_flow,期末現金及約當現金餘額,58666961,"58,666,961",sii,https://mopsov.twse.com.tw/mops/web/ajax_t163sb20
中游,電源供應系統,2301,光寶科,2018,4,income_statement,營業收入,207109088,"207,109,088",sii,https://mopsov.twse.com.tw/mops/web/ajax_t163sb04
中游,電源供應系統,2301,光寶科,2018,4,income_statement,營業成本,180006839,"180,006,839",sii,https://mopsov.twse.com.tw/mops/web/ajax_t163sb04
中游,電源供應系統,2301,光寶科,2018,4,income_statement,原始認列生物資產及農產品之利益（損失）,,--,sii,https://mopsov.twse.com.tw/mops/web/ajax_t163sb04
中游,電源供應系統,2301,光寶科,2018,4,income_statement,生物資產當期公允價值減出售成本之變動利益（損失）,,--,sii,https://mopsov.twse.com.tw/mops/web/ajax_t163sb04
中游,電源供應系統,2301,光寶科,2018,4,income_statement,營業毛利（毛損）,27102249,"27,102,249",sii,https://mopsov.twse.com.tw/mops/web/ajax_t163sb04
中游,電源供應系統,2301,光寶科,2018,4,income_statement,未實現銷貨（損）益,,--,sii,https://mopsov.twse.com.tw/mops/web/ajax_t163sb04
中游,電源供應系統,2301,光寶科,2018,4,income_statement,已實現銷貨（損）益,,--,sii,https://mopsov.twse.com.tw/mops/web/ajax_t163sb04
中游,電源供應系統,2301,光寶科,2018,4,income_statement,營業毛利（毛損）淨額,27102249,"27,102,249",sii,https://mopsov.twse.com.tw/mops/web/ajax_t163sb04
中游,電源供應系統,2301,光寶科,2018,4,income_statement,營業費用,19616436,"19,616,436",sii,https://mopsov.twse.com.tw/mops/web/ajax_t163sb04
中游,電源供應系統,2301,光寶科,2018,4,income_statement,其他收益及費損淨額,,--,sii,https://mopsov.twse.com.tw/mops/web/ajax_t163sb04
中游,電源供應系統,2301,光寶科,2018,4,income_statement,營業利益（損失）,7485813,"7,485,813",sii,https://mopsov.twse.com.tw/mops/web/ajax_t163sb04
中游,電源供應系統,2301,光寶科,2018,4,income_statement,營業外收入及支出,3298308,"3,298,308",sii,https://mopsov.twse.com.tw/mops/web/ajax_t163sb04
中游,電源供應系統,2301,光寶科,2018,4,income_statement,稅前淨利（淨損）,10784121,"10,784,121",sii,https://mopsov.twse.com.tw/mops/web/ajax_t163sb04
中游,電源供應系統,2301,光寶科,2018,4,income_statement,所得稅費用（利益）,2817037,"2,817,037",sii,https://mopsov.twse.com.tw/mops/web/ajax_t163sb04
中游,電源供應系統,2301,光寶科,2018,4,income_statement,繼續營業單位本期淨利（淨損）,7967084,"7,967,084",sii,https://mopsov.twse.com.tw/mops/web/ajax_t163sb04
中游,電源供應系統,2301,光寶科,2018,4,income_statement,停業單位損益,,--,sii,https://mopsov.twse.com.tw/mops/web/ajax_t163sb04
中游,電源供應系統,2301,光寶科,2018,4,income_statement,合併前非屬共同控制股權損益,,--,sii,https://mopsov.twse.com.tw/mops/web/ajax_t163sb04
中游,電源供應系統,2301,光寶科,2018,4,income_statement,本期淨利（淨損）,7967084,"7,967,084",sii,https://mopsov.twse.com.tw/mops/web/ajax_t163sb04
中游,電源供應系統,2301,光寶科,2018,4,income_statement,其他綜合損益（淨額）,-348578,"-348,578",sii,https://mopsov.twse.com.tw/mops/web/ajax_t163sb04
中游,電源供應系統,2301,光寶科,2018,4,income_statement,合併前非屬共同控制股權綜合損益淨額,,--,sii,https://mopsov.twse.com.tw/mops/web/ajax_t163sb04
中游,電源供應系統,2301,光寶科,2018,4,income_statement,本期綜合損益總額,7618506,"7,618,506",sii,https://mopsov.twse.com.tw/mops/web/ajax_t163sb04
中游,電源供應系統,2301,光寶科,2018,4,income_statement,淨利（淨損）歸屬於母公司業主,7956838,"7,956,838",sii,https://mopsov.twse.com.tw/mops/web/ajax_t163sb04
中游,電源供應系統,2301,光寶科,2018,4,income_statement,淨利（淨損）歸屬於共同控制下前手權益,,--,sii,https://mopsov.twse.com.tw/mops/web/ajax_t163sb04
中游,電源供應系統,2301,光寶科,2018,4,income_statement,淨利（淨損）歸屬於非控制權益,10246,"10,246",sii,https://mopsov.twse.com.tw/mops/web/ajax_t163sb04
中游,電源供應系統,2301,光寶科,2018,4,income_statement,綜合損益總額歸屬於母公司業主,7602588,"7,602,588",sii,https://mopsov.twse.com.tw/mops/web/ajax_t163sb04
中游,電源供應系統,2301,光寶科,2018,4,income_statement,綜合損益總額歸屬於共同控制下前手權益,,--,sii,https://mopsov.twse.com.tw/mops/web/ajax_t163sb04
中游,電源供應系統,2301,光寶科,2018,4,income_statement,綜合損益總額歸屬於非控制權益,15918,"15,918",sii,https://mopsov.twse.com.tw/mops/web/ajax_t163sb04
中游,電源供應系統,2301,光寶科,2018,4,income_statement,基本每股盈餘（元）,3.42,3.42,sii,https://mopsov.twse.com.tw/mops/web/ajax_t163sb04
中游,電源供應系統,2308,台達電,2018,4,income_statement,營業收入,237017809,"237,017,809",sii,https://mopsov.twse.com.tw/mops/web/ajax_t163sb04
中游,電源供應系統,2308,台達電,2018,4,income_statement,營業成本,173463422,"173,463,422",sii,https://mopsov.twse.com.tw/mops/web/ajax_t163sb04
中游,電源供應系統,2308,台達電,2018,4,income_statement,原始認列生物資產及農產品之利益（損失）,,--,sii,https://mopsov.twse.com.tw/mops/web/ajax_t163sb04
中游,電源供應系統,2308,台達電,2018,4,income_statement,生物資產當期公允價值減出售成本之變動利益（損失）,,--,sii,https://mopsov.twse.com.tw/mops/web/ajax_t163sb04
中游,電源供應系統,2308,台達電,2018,4,income_statement,營業毛利（毛損）,63554387,"63,554,387",sii,https://mopsov.twse.com.tw/mops/web/ajax_t163sb04
中游,電源供應系統,2308,台達電,2018,4,income_statement,未實現銷貨（損）益,,--,sii,https://mopsov.twse.com.tw/mops/web/ajax_t163sb04
中游,電源供應系統,2308,台達電,2018,4,income_statement,已實現銷貨（損）益,,--,sii,https://mopsov.twse.com.tw/mops/web/ajax_t163sb04
中游,電源供應系統,2308,台達電,2018,4,income_statement,營業毛利（毛損）淨額,63554387,"63,554,387",sii,https://mopsov.twse.com.tw/mops/web/ajax_t163sb04
中游,電源供應系統,2308,台達電,2018,4,income_statement,營業費用,45387664,"45,387,664",sii,https://mopsov.twse.com.tw/mops/web/ajax_t163sb04
中游,電源供應系統,2308,台達電,2018,4,income_statement,其他收益及費損淨額,,--,sii,https://mopsov.twse.com.tw/mops/web/ajax_t163sb04
中游,電源供應系統,2308,台達電,2018,4,income_statement,營業利益（損失）,18166723,"18,166,723",sii,https://mopsov.twse.com.tw/mops/web/ajax_t163sb04
中游,電源供應系統,2308,台達電,2018,4,income_statement,營業外收入及支出,4634305,"4,634,305",sii,https://mopsov.twse.com.tw/mops/web/ajax_t163sb04
中游,電源供應系統,2308,台達電,2018,4,income_statement,稅前淨利（淨損）,22801028,"22,801,028",sii,https://mopsov.twse.com.tw/mops/web/ajax_t163sb04
中游,電源供應系統,2308,台達電,2018,4,income_statement,所得稅費用（利益）,4152444,"4,152,444",sii,https://mopsov.twse.com.tw/mops/web/ajax_t163sb04
中游,電源供應系統,2308,台達電,2018,4,income_statement,繼續營業單位本期淨利（淨損）,18648584,"18,648,584",sii,https://mopsov.twse.com.tw/mops/web/ajax_t163sb04
中游,電源供應系統,2308,台達電,2018,4,income_statement,停業單位損益,,--,sii,https://mopsov.twse.com.tw/mops/web/ajax_t163sb04
中游,電源供應系統,2308,台達電,2018,4,income_statement,合併前非屬共同控制股權損益,,--,sii,https://mopsov.twse.com.tw/mops/web/ajax_t163sb04
中游,電源供應系統,2308,台達電,2018,4,income_statement,本期淨利（淨損）,18648584,"18,648,584",sii,https://mopsov.twse.com.tw/mops/web/ajax_t163sb04
中游,電源供應系統,2308,台達電,2018,4,income_statement,其他綜合損益（淨額）,602036,"602,036",sii,https://mopsov.twse.com.tw/mops/web/ajax_t163sb04
中游,電源供應系統,2308,台達電,2018,4,income_statement,合併前非屬共同控制股權綜合損益淨額,,--,sii,https://mopsov.twse.com.tw/mops/web/ajax_t163sb04
中游,電源供應系統,2308,台達電,2018,4,income_statement,本期綜合損益總額,19250620,"19,250,620",sii,https://mopsov.twse.com.tw/mops/web/ajax_t163sb04
中游,電源供應系統,2308,台達電,2018,4,income_statement,淨利（淨損）歸屬於母公司業主,18193093,"18,193,093",sii,https://mopsov.twse.com.tw/mops/web/ajax_t163sb04
中游,電源供應系統,2308,台達電,2018,4,income_statement,淨利（淨損）歸屬於共同控制下前手權益,,--,sii,https://mopsov.twse.com.tw/mops/web/ajax_t163sb04
中游,電源供應系統,2308,台達電,2018,4,income_statement,淨利（淨損）歸屬於非控制權益,455491,"455,491",sii,https://mopsov.twse.com.tw/mops/web/ajax_t163sb04
中游,電源供應系統,2308,台達電,2018,4,income_statement,綜合損益總額歸屬於母公司業主,18813838,"18,813,838",sii,https://mopsov.twse.com.tw/mops/web/ajax_t163sb04
中游,電源供應系統,2308,台達電,2018,4,income_statement,綜合損益總額歸屬於共同控制下前手權益,,--,sii,https://mopsov.twse.com.tw/mops/web/ajax_t163sb04
中游,電源供應系統,2308,台達電,2018,4,income_statement,綜合損益總額歸屬於非控制權益,436782,"436,782",sii,https://mopsov.twse.com.tw/mops/web/ajax_t163sb04
中游,電源供應系統,2308,台達電,2018,4,income_statement,基本每股盈餘（元）,7.0,7.00,sii,https://mopsov.twse.com.tw/mops/web/ajax_t163sb04
中游,電源供應系統,2301,光寶科,2018,4,balance_sheet,流動資產,157984918,"157,984,918",sii,https://mopsov.twse.com.tw/mops/web/ajax_t163sb05
中游,電源供應系統,2301,光寶科,2018,4,balance_sheet,非流動資產,39151151,"39,151,151",sii,https://mopsov.twse.com.tw/mops/web/ajax_t163sb05
中游,電源供應系統,2301,光寶科,2018,4,balance_sheet,資產總計,197136069,"197,136,069",sii,https://mopsov.twse.com.tw/mops/web/ajax_t163sb05
中游,電源供應系統,2301,光寶科,2018,4,balance_sheet,流動負債,120612081,"120,612,081",sii,https://mopsov.twse.com.tw/mops/web/ajax_t163sb05
中游,電源供應系統,2301,光寶科,2018,4,balance_sheet,非流動負債,1845587,"1,845,587",sii,https://mopsov.twse.com.tw/mops/web/ajax_t163sb05
中游,電源供應系統,2301,光寶科,2018,4,balance_sheet,負債總計,122457668,"122,457,668",sii,https://mopsov.twse.com.tw/mops/web/ajax_t163sb05
中游,電源供應系統,2301,光寶科,2018,4,balance_sheet,股本,23508670,"23,508,670",sii,https://mopsov.twse.com.tw/mops/web/ajax_t163sb05
中游,電源供應系統,2301,光寶科,2018,4,balance_sheet,資本公積,21745417,"21,745,417",sii,https://mopsov.twse.com.tw/mops/web/ajax_t163sb05
中游,電源供應系統,2301,光寶科,2018,4,balance_sheet,保留盈餘,30545001,"30,545,001",sii,https://mopsov.twse.com.tw/mops/web/ajax_t163sb05
中游,電源供應系統,2301,光寶科,2018,4,balance_sheet,其他權益,-3226610,"-3,226,610",sii,https://mopsov.twse.com.tw/mops/web/ajax_t163sb05
中游,電源供應系統,2301,光寶科,2018,4,balance_sheet,庫藏股票,-1248722,"-1,248,722",sii,https://mopsov.twse.com.tw/mops/web/ajax_t163sb05
中游,電源供應系統,2301,光寶科,2018,4,balance_sheet,歸屬於母公司業主之權益合計,71323756,"71,323,756",sii,https://mopsov.twse.com.tw/mops/web/ajax_t163sb05
中游,電源供應系統,2301,光寶科,2018,4,balance_sheet,共同控制下前手權益,,--,sii,https://mopsov.twse.com.tw/mops/web/ajax_t163sb05
中游,電源供應系統,2301,光寶科,2018,4,balance_sheet,合併前非屬共同控制股權,,--,sii,https://mopsov.twse.com.tw/mops/web/ajax_t163sb05
中游,電源供應系統,2301,光寶科,2018,4,balance_sheet,非控制權益,3354645,"3,354,645",sii,https://mopsov.twse.com.tw/mops/web/ajax_t163sb05
中游,電源供應系統,2301,光寶科,2018,4,balance_sheet,權益總計,74678401,"74,678,401",sii,https://mopsov.twse.com.tw/mops/web/ajax_t163sb05
中游,電源供應系統,2301,光寶科,2018,4,balance_sheet,待註銷股本股數（單位：股）,,--,sii,https://mopsov.twse.com.tw/mops/web/ajax_t163sb05
中游,電源供應系統,2301,光寶科,2018,4,balance_sheet,預收股款（權益項下）之約當發行股數（單位：股）,0,0,sii,https://mopsov.twse.com.tw/mops/web/ajax_t163sb05
中游,電源供應系統,2301,光寶科,2018,4,balance_sheet,母公司暨子公司所持有之母公司庫藏股股數（單位：股）,26841500,"26,841,500",sii,https://mopsov.twse.com.tw/mops/web/ajax_t163sb05
中游,電源供應系統,2301,光寶科,2018,4,balance_sheet,每股參考淨值,30.69,30.69,sii,https://mopsov.twse.com.tw/mops/web/ajax_t163sb05
中游,電源供應系統,2308,台達電,2018,4,balance_sheet,流動資產,157305906,"157,305,906",sii,https://mopsov.twse.com.tw/mops/web/ajax_t163sb05
中游,電源供應系統,2308,台達電,2018,4,balance_sheet,非流動資產,104629518,"104,629,518",sii,https://mopsov.twse.com.tw/mops/web/ajax_t163sb05
中游,電源供應系統,2308,台達電,2018,4,balance_sheet,資產總計,261935424,"261,935,424",sii,https://mopsov.twse.com.tw/mops/web/ajax_t163sb05
中游,電源供應系統,2308,台達電,2018,4,balance_sheet,流動負債,80628980,"80,628,980",sii,https://mopsov.twse.com.tw/mops/web/ajax_t163sb05
中游,電源供應系統,2308,台達電,2018,4,balance_sheet,非流動負債,41845536,"41,845,536",sii,https://mopsov.twse.com.tw/mops/web/ajax_t163sb05
中游,電源供應系統,2308,台達電,2018,4,balance_sheet,負債總計,122474516,"122,474,516",sii,https://mopsov.twse.com.tw/mops/web/ajax_t163sb05
中游,電源供應系統,2308,台達電,2018,4,balance_sheet,股本,25975433,"25,975,433",sii,https://mopsov.twse.com.tw/mops/web/ajax_t163sb05
中游,電源供應系統,2308,台達電,2018,4,balance_sheet,資本公積,48397067,"48,397,067",sii,https://mopsov.twse.com.tw/mops/web/ajax_t163sb05
中游,電源供應系統,2308,台達電,2018,4,balance_sheet,保留盈餘,63459691,"63,459,691",sii,https://mopsov.twse.com.tw/mops/web/ajax_t163sb05
中游,電源供應系統,2308,台達電,2018,4,balance_sheet,其他權益,-7561032,"-7,561,032",sii,https://mopsov.twse.com.tw/mops/web/ajax_t163sb05
中游,電源供應系統,2308,台達電,2018,4,balance_sheet,庫藏股票,,--,sii,https://mopsov.twse.com.tw/mops/web/ajax_t163sb05
中游,電源供應系統,2308,台達電,2018,4,balance_sheet,歸屬於母公司業主之權益合計,130271159,"130,271,159",sii,https://mopsov.twse.com.tw/mops/web/ajax_t163sb05
中游,電源供應系統,2308,台達電,2018,4,balance_sheet,共同控制下前手權益,,--,sii,https://mopsov.twse.com.tw/mops/web/ajax_t163sb05
中游,電源供應系統,2308,台達電,2018,4,balance_sheet,合併前非屬共同控制股權,,--,sii,https://mopsov.twse.com.tw/mops/web/ajax_t163sb05
中游,電源供應系統,2308,台達電,2018,4,balance_sheet,非控制權益,9189749,"9,189,749",sii,https://mopsov.twse.com.tw/mops/web/ajax_t163sb05
中游,電源供應系統,2308,台達電,2018,4,balance_sheet,權益總計,139460908,"139,460,908",sii,https://mopsov.twse.com.tw/mops/web/ajax_t163sb05
中游,電源供應系統,2308,台達電,2018,4,balance_sheet,待註銷股本股數（單位：股）,0,0,sii,https://mopsov.twse.com.tw/mops/web/ajax_t163sb05
中游,電源供應系統,2308,台達電,2018,4,balance_sheet,預收股款（權益項下）之約當發行股數（單位：股）,0,0,sii,https://mopsov.twse.com.tw/mops/web/ajax_t163sb05
中游,電源供應系統,2308,台達電,2018,4,balance_sheet,母公司暨子公司所持有之母公司庫藏股股數（單位：股）,0,0,sii,https://mopsov.twse.com.tw/mops/web/ajax_t163sb05
中游,電源供應系統,2308,台達電,2018,4,balance_sheet,每股參考淨值,50.15,50.15,sii,https://mopsov.twse.com.tw/mops/web/ajax_t163sb05
中游,電源供應系統,2301,光寶科,2018,4,cash_flow,營業活動之淨現金流入（流出）,13483544,"13,483,544",sii,https://mopsov.twse.com.tw/mops/web/ajax_t163sb20
中游,電源供應系統,2301,光寶科,2018,4,cash_flow,投資活動之淨現金流入（流出）,-134470,"-134,470",sii,https://mopsov.twse.com.tw/mops/web/ajax_t163sb20
中游,電源供應系統,2301,光寶科,2018,4,cash_flow,籌資活動之淨現金流入（流出）,-7313460,"-7,313,460",sii,https://mopsov.twse.com.tw/mops/web/ajax_t163sb20
中游,電源供應系統,2301,光寶科,2018,4,cash_flow,匯率變動對現金及約當現金之影響,-534173,"-534,173",sii,https://mopsov.twse.com.tw/mops/web/ajax_t163sb20
中游,電源供應系統,2301,光寶科,2018,4,cash_flow,本期現金及約當現金增加（減少）數,5501441,"5,501,441",sii,https://mopsov.twse.com.tw/mops/web/ajax_t163sb20
中游,電源供應系統,2301,光寶科,2018,4,cash_flow,期初現金及約當現金餘額,57783860,"57,783,860",sii,https://mopsov.twse.com.tw/mops/web/ajax_t163sb20
中游,電源供應系統,2301,光寶科,2018,4,cash_flow,期末現金及約當現金餘額,63285301,"63,285,301",sii,https://mopsov.twse.com.tw/mops/web/ajax_t163sb20
中游,電源供應系統,2308,台達電,2018,4,cash_flow,營業活動之淨現金流入（流出）,23671710,"23,671,710",sii,https://mopsov.twse.com.tw/mops/web/ajax_t163sb20
中游,電源供應系統,2308,台達電,2018,4,cash_flow,投資活動之淨現金流入（流出）,-11675934,"-11,675,934",sii,https://mopsov.twse.com.tw/mops/web/ajax_t163sb20
中游,電源供應系統,2308,台達電,2018,4,cash_flow,籌資活動之淨現金流入（流出）,-10516903,"-10,516,903",sii,https://mopsov.twse.com.tw/mops/web/ajax_t163sb20
中游,電源供應系統,2308,台達電,2018,4,cash_flow,匯率變動對現金及約當現金之影響,773207,"773,207",sii,https://mopsov.twse.com.tw/mops/web/ajax_t163sb20
中游,電源供應系統,2308,台達電,2018,4,cash_flow,本期現金及約當現金增加（減少）數,2252080,"2,252,080",sii,https://mopsov.twse.com.tw/mops/web/ajax_t163sb20
中游,電源供應系統,2308,台達電,2018,4,cash_flow,期初現金及約當現金餘額,57366617,"57,366,617",sii,https://mopsov.twse.com.tw/mops/web/ajax_t163sb20
中游,電源供應系統,2308,台達電,2018,4,cash_flow,期末現金及約當現金餘額,59618697,"59,618,697",sii,https://mopsov.twse.com.tw/mops/web/ajax_t163sb20
中游,電源供應系統,2301,光寶科,2019,1,income_statement,營業收入,41172944,"41,172,944",sii,https://mopsov.twse.com.tw/mops/web/ajax_t163sb04
中游,電源供應系統,2301,光寶科,2019,1,income_statement,營業成本,35766500,"35,766,500",sii,https://mopsov.twse.com.tw/mops/web/ajax_t163sb04
中游,電源供應系統,2301,光寶科,2019,1,income_statement,原始認列生物資產及農產品之利益（損失）,,--,sii,https://mopsov.twse.com.tw/mops/web/ajax_t163sb04
中游,電源供應系統,2301,光寶科,2019,1,income_statement,生物資產當期公允價值減出售成本之變動利益（損失）,,--,sii,https://mopsov.twse.com.tw/mops/web/ajax_t163sb04
中游,電源供應系統,2301,光寶科,2019,1,income_statement,營業毛利（毛損）,5406444,"5,406,444",sii,https://mopsov.twse.com.tw/mops/web/ajax_t163sb04
中游,電源供應系統,2301,光寶科,2019,1,income_statement,未實現銷貨（損）益,,--,sii,https://mopsov.twse.com.tw/mops/web/ajax_t163sb04
中游,電源供應系統,2301,光寶科,2019,1,income_statement,已實現銷貨（損）益,,--,sii,https://mopsov.twse.com.tw/mops/web/ajax_t163sb04
中游,電源供應系統,2301,光寶科,2019,1,income_statement,營業毛利（毛損）淨額,5406444,"5,406,444",sii,https://mopsov.twse.com.tw/mops/web/ajax_t163sb04
中游,電源供應系統,2301,光寶科,2019,1,income_statement,營業費用,4251773,"4,251,773",sii,https://mopsov.twse.com.tw/mops/web/ajax_t163sb04
中游,電源供應系統,2301,光寶科,2019,1,income_statement,其他收益及費損淨額,,--,sii,https://mopsov.twse.com.tw/mops/web/ajax_t163sb04
中游,電源供應系統,2301,光寶科,2019,1,income_statement,營業利益（損失）,1154671,"1,154,671",sii,https://mopsov.twse.com.tw/mops/web/ajax_t163sb04
中游,電源供應系統,2301,光寶科,2019,1,income_statement,營業外收入及支出,782141,"782,141",sii,https://mopsov.twse.com.tw/mops/web/ajax_t163sb04
中游,電源供應系統,2301,光寶科,2019,1,income_statement,稅前淨利（淨損）,1936812,"1,936,812",sii,https://mopsov.twse.com.tw/mops/web/ajax_t163sb04
中游,電源供應系統,2301,光寶科,2019,1,income_statement,所得稅費用（利益）,464691,"464,691",sii,https://mopsov.twse.com.tw/mops/web/ajax_t163sb04
中游,電源供應系統,2301,光寶科,2019,1,income_statement,繼續營業單位本期淨利（淨損）,1472121,"1,472,121",sii,https://mopsov.twse.com.tw/mops/web/ajax_t163sb04
中游,電源供應系統,2301,光寶科,2019,1,income_statement,停業單位損益,,--,sii,https://mopsov.twse.com.tw/mops/web/ajax_t163sb04
中游,電源供應系統,2301,光寶科,2019,1,income_statement,合併前非屬共同控制股權損益,,--,sii,https://mopsov.twse.com.tw/mops/web/ajax_t163sb04
中游,電源供應系統,2301,光寶科,2019,1,income_statement,本期淨利（淨損）,1472121,"1,472,121",sii,https://mopsov.twse.com.tw/mops/web/ajax_t163sb04
中游,電源供應系統,2301,光寶科,2019,1,income_statement,其他綜合損益（淨額）,1335077,"1,335,077",sii,https://mopsov.twse.com.tw/mops/web/ajax_t163sb04
中游,電源供應系統,2301,光寶科,2019,1,income_statement,合併前非屬共同控制股權綜合損益淨額,,--,sii,https://mopsov.twse.com.tw/mops/web/ajax_t163sb04
中游,電源供應系統,2301,光寶科,2019,1,income_statement,本期綜合損益總額,2807198,"2,807,198",sii,https://mopsov.twse.com.tw/mops/web/ajax_t163sb04
中游,電源供應系統,2301,光寶科,2019,1,income_statement,淨利（淨損）歸屬於母公司業主,1464846,"1,464,846",sii,https://mopsov.twse.com.tw/mops/web/ajax_t163sb04
中游,電源供應系統,2301,光寶科,2019,1,income_statement,淨利（淨損）歸屬於共同控制下前手權益,,--,sii,https://mopsov.twse.com.tw/mops/web/ajax_t163sb04
中游,電源供應系統,2301,光寶科,2019,1,income_statement,淨利（淨損）歸屬於非控制權益,7275,"7,275",sii,https://mopsov.twse.com.tw/mops/web/ajax_t163sb04
中游,電源供應系統,2301,光寶科,2019,1,income_statement,綜合損益總額歸屬於母公司業主,2769879,"2,769,879",sii,https://mopsov.twse.com.tw/mops/web/ajax_t163sb04
中游,電源供應系統,2301,光寶科,2019,1,income_statement,綜合損益總額歸屬於共同控制下前手權益,,--,sii,https://mopsov.twse.com.tw/mops/web/ajax_t163sb04
中游,電源供應系統,2301,光寶科,2019,1,income_statement,綜合損益總額歸屬於非控制權益,37319,"37,319",sii,https://mopsov.twse.com.tw/mops/web/ajax_t163sb04
中游,電源供應系統,2301,光寶科,2019,1,income_statement,基本每股盈餘（元）,0.63,0.63,sii,https://mopsov.twse.com.tw/mops/web/ajax_t163sb04
中游,電源供應系統,2308,台達電,2019,1,income_statement,營業收入,54102227,"54,102,227",sii,https://mopsov.twse.com.tw/mops/web/ajax_t163sb04
中游,電源供應系統,2308,台達電,2019,1,income_statement,營業成本,39854674,"39,854,674",sii,https://mopsov.twse.com.tw/mops/web/ajax_t163sb04
中游,電源供應系統,2308,台達電,2019,1,income_statement,原始認列生物資產及農產品之利益（損失）,,--,sii,https://mopsov.twse.com.tw/mops/web/ajax_t163sb04
中游,電源供應系統,2308,台達電,2019,1,income_statement,生物資產當期公允價值減出售成本之變動利益（損失）,,--,sii,https://mopsov.twse.com.tw/mops/web/ajax_t163sb04
中游,電源供應系統,2308,台達電,2019,1,income_statement,營業毛利（毛損）,14247553,"14,247,553",sii,https://mopsov.twse.com.tw/mops/web/ajax_t163sb04
中游,電源供應系統,2308,台達電,2019,1,income_statement,未實現銷貨（損）益,,--,sii,https://mopsov.twse.com.tw/mops/web/ajax_t163sb04
中游,電源供應系統,2308,台達電,2019,1,income_statement,已實現銷貨（損）益,,--,sii,https://mopsov.twse.com.tw/mops/web/ajax_t163sb04
中游,電源供應系統,2308,台達電,2019,1,income_statement,營業毛利（毛損）淨額,14247553,"14,247,553",sii,https://mopsov.twse.com.tw/mops/web/ajax_t163sb04
中游,電源供應系統,2308,台達電,2019,1,income_statement,營業費用,11109021,"11,109,021",sii,https://mopsov.twse.com.tw/mops/web/ajax_t163sb04
中游,電源供應系統,2308,台達電,2019,1,income_statement,其他收益及費損淨額,,--,sii,https://mopsov.twse.com.tw/mops/web/ajax_t163sb04
中游,電源供應系統,2308,台達電,2019,1,income_statement,營業利益（損失）,3138532,"3,138,532",sii,https://mopsov.twse.com.tw/mops/web/ajax_t163sb04
中游,電源供應系統,2308,台達電,2019,1,income_statement,營業外收入及支出,809387,"809,387",sii,https://mopsov.twse.com.tw/mops/web/ajax_t163sb04
中游,電源供應系統,2308,台達電,2019,1,income_statement,稅前淨利（淨損）,3947919,"3,947,919",sii,https://mopsov.twse.com.tw/mops/web/ajax_t163sb04
中游,電源供應系統,2308,台達電,2019,1,income_statement,所得稅費用（利益）,488758,"488,758",sii,https://mopsov.twse.com.tw/mops/web/ajax_t163sb04
中游,電源供應系統,2308,台達電,2019,1,income_statement,繼續營業單位本期淨利（淨損）,3459161,"3,459,161",sii,https://mopsov.twse.com.tw/mops/web/ajax_t163sb04
中游,電源供應系統,2308,台達電,2019,1,income_statement,停業單位損益,,--,sii,https://mopsov.twse.com.tw/mops/web/ajax_t163sb04
中游,電源供應系統,2308,台達電,2019,1,income_statement,合併前非屬共同控制股權損益,,--,sii,https://mopsov.twse.com.tw/mops/web/ajax_t163sb04
中游,電源供應系統,2308,台達電,2019,1,income_statement,本期淨利（淨損）,3459161,"3,459,161",sii,https://mopsov.twse.com.tw/mops/web/ajax_t163sb04
中游,電源供應系統,2308,台達電,2019,1,income_statement,其他綜合損益（淨額）,1787555,"1,787,555",sii,https://mopsov.twse.com.tw/mops/web/ajax_t163sb04
中游,電源供應系統,2308,台達電,2019,1,income_statement,合併前非屬共同控制股權綜合損益淨額,,--,sii,https://mopsov.twse.com.tw/mops/web/ajax_t163sb04
中游,電源供應系統,2308,台達電,2019,1,income_statement,本期綜合損益總額,5246716,"5,246,716",sii,https://mopsov.twse.com.tw/mops/web/ajax_t163sb04
中游,電源供應系統,2308,台達電,2019,1,income_statement,淨利（淨損）歸屬於母公司業主,3372420,"3,372,420",sii,https://mopsov.twse.com.tw/mops/web/ajax_t163sb04
中游,電源供應系統,2308,台達電,2019,1,income_statement,淨利（淨損）歸屬於共同控制下前手權益,,--,sii,https://mopsov.twse.com.tw/mops/web/ajax_t163sb04
中游,電源供應系統,2308,台達電,2019,1,income_statement,淨利（淨損）歸屬於非控制權益,86741,"86,741",sii,https://mopsov.twse.com.tw/mops/web/ajax_t163sb04
中游,電源供應系統,2308,台達電,2019,1,income_statement,綜合損益總額歸屬於母公司業主,4649537,"4,649,537",sii,https://mopsov.twse.com.tw/mops/web/ajax_t163sb04
中游,電源供應系統,2308,台達電,2019,1,income_statement,綜合損益總額歸屬於共同控制下前手權益,,--,sii,https://mopsov.twse.com.tw/mops/web/ajax_t163sb04
中游,電源供應系統,2308,台達電,2019,1,income_statement,綜合損益總額歸屬於非控制權益,597179,"597,179",sii,https://mopsov.twse.com.tw/mops/web/ajax_t163sb04
中游,電源供應系統,2308,台達電,2019,1,income_statement,基本每股盈餘（元）,1.3,1.30,sii,https://mopsov.twse.com.tw/mops/web/ajax_t163sb04
中游,電源供應系統,2301,光寶科,2019,1,balance_sheet,流動資產,141237662,"141,237,662",sii,https://mopsov.twse.com.tw/mops/web/ajax_t163sb05
中游,電源供應系統,2301,光寶科,2019,1,balance_sheet,非流動資產,41071034,"41,071,034",sii,https://mopsov.twse.com.tw/mops/web/ajax_t163sb05
中游,電源供應系統,2301,光寶科,2019,1,balance_sheet,資產總計,182308696,"182,308,696",sii,https://mopsov.twse.com.tw/mops/web/ajax_t163sb05
中游,電源供應系統,2301,光寶科,2019,1,balance_sheet,流動負債,102128077,"102,128,077",sii,https://mopsov.twse.com.tw/mops/web/ajax_t163sb05
中游,電源供應系統,2301,光寶科,2019,1,balance_sheet,非流動負債,2719786,"2,719,786",sii,https://mopsov.twse.com.tw/mops/web/ajax_t163sb05
中游,電源供應系統,2301,光寶科,2019,1,balance_sheet,負債總計,104847863,"104,847,863",sii,https://mopsov.twse.com.tw/mops/web/ajax_t163sb05
中游,電源供應系統,2301,光寶科,2019,1,balance_sheet,股本,23508670,"23,508,670",sii,https://mopsov.twse.com.tw/mops/web/ajax_t163sb05
中游,電源供應系統,2301,光寶科,2019,1,balance_sheet,資本公積,21745095,"21,745,095",sii,https://mopsov.twse.com.tw/mops/web/ajax_t163sb05
中游,電源供應系統,2301,光寶科,2019,1,balance_sheet,保留盈餘,31999117,"31,999,117",sii,https://mopsov.twse.com.tw/mops/web/ajax_t163sb05
中游,電源供應系統,2301,光寶科,2019,1,balance_sheet,其他權益,-1921577,"-1,921,577",sii,https://mopsov.twse.com.tw/mops/web/ajax_t163sb05
中游,電源供應系統,2301,光寶科,2019,1,balance_sheet,庫藏股票,-1248722,"-1,248,722",sii,https://mopsov.twse.com.tw/mops/web/ajax_t163sb05
中游,電源供應系統,2301,光寶科,2019,1,balance_sheet,歸屬於母公司業主之權益合計,74082583,"74,082,583",sii,https://mopsov.twse.com.tw/mops/web/ajax_t163sb05
中游,電源供應系統,2301,光寶科,2019,1,balance_sheet,共同控制下前手權益,,--,sii,https://mopsov.twse.com.tw/mops/web/ajax_t163sb05
中游,電源供應系統,2301,光寶科,2019,1,balance_sheet,合併前非屬共同控制股權,,--,sii,https://mopsov.twse.com.tw/mops/web/ajax_t163sb05
中游,電源供應系統,2301,光寶科,2019,1,balance_sheet,非控制權益,3378250,"3,378,250",sii,https://mopsov.twse.com.tw/mops/web/ajax_t163sb05
中游,電源供應系統,2301,光寶科,2019,1,balance_sheet,權益總計,77460833,"77,460,833",sii,https://mopsov.twse.com.tw/mops/web/ajax_t163sb05
中游,電源供應系統,2301,光寶科,2019,1,balance_sheet,待註銷股本股數（單位：股）,,--,sii,https://mopsov.twse.com.tw/mops/web/ajax_t163sb05
中游,電源供應系統,2301,光寶科,2019,1,balance_sheet,預收股款（權益項下）之約當發行股數（單位：股）,0,0,sii,https://mopsov.twse.com.tw/mops/web/ajax_t163sb05
中游,電源供應系統,2301,光寶科,2019,1,balance_sheet,母公司暨子公司所持有之母公司庫藏股股數（單位：股）,26841500,"26,841,500",sii,https://mopsov.twse.com.tw/mops/web/ajax_t163sb05
中游,電源供應系統,2301,光寶科,2019,1,balance_sheet,每股參考淨值,31.88,31.88,sii,https://mopsov.twse.com.tw/mops/web/ajax_t163sb05
中游,電源供應系統,2308,台達電,2019,1,balance_sheet,流動資產,157832920,"157,832,920",sii,https://mopsov.twse.com.tw/mops/web/ajax_t163sb05
中游,電源供應系統,2308,台達電,2019,1,balance_sheet,非流動資產,107493821,"107,493,821",sii,https://mopsov.twse.com.tw/mops/web/ajax_t163sb05
中游,電源供應系統,2308,台達電,2019,1,balance_sheet,資產總計,265326741,"265,326,741",sii,https://mopsov.twse.com.tw/mops/web/ajax_t163sb05
中游,電源供應系統,2308,台達電,2019,1,balance_sheet,流動負債,74707556,"74,707,556",sii,https://mopsov.twse.com.tw/mops/web/ajax_t163sb05
中游,電源供應系統,2308,台達電,2019,1,balance_sheet,非流動負債,45909915,"45,909,915",sii,https://mopsov.twse.com.tw/mops/web/ajax_t163sb05
中游,電源供應系統,2308,台達電,2019,1,balance_sheet,負債總計,120617471,"120,617,471",sii,https://mopsov.twse.com.tw/mops/web/ajax_t163sb05
中游,電源供應系統,2308,台達電,2019,1,balance_sheet,股本,25975433,"25,975,433",sii,https://mopsov.twse.com.tw/mops/web/ajax_t163sb05
中游,電源供應系統,2308,台達電,2019,1,balance_sheet,資本公積,48396770,"48,396,770",sii,https://mopsov.twse.com.tw/mops/web/ajax_t163sb05
中游,電源供應系統,2308,台達電,2019,1,balance_sheet,保留盈餘,66725478,"66,725,478",sii,https://mopsov.twse.com.tw/mops/web/ajax_t163sb05
中游,電源供應系統,2308,台達電,2019,1,balance_sheet,其他權益,-6175339,"-6,175,339",sii,https://mopsov.twse.com.tw/mops/web/ajax_t163sb05
中游,電源供應系統,2308,台達電,2019,1,balance_sheet,庫藏股票,,--,sii,https://mopsov.twse.com.tw/mops/web/ajax_t163sb05
中游,電源供應系統,2308,台達電,2019,1,balance_sheet,歸屬於母公司業主之權益合計,134922342,"134,922,342",sii,https://mopsov.twse.com.tw/mops/web/ajax_t163sb05
中游,電源供應系統,2308,台達電,2019,1,balance_sheet,共同控制下前手權益,,--,sii,https://mopsov.twse.com.tw/mops/web/ajax_t163sb05
中游,電源供應系統,2308,台達電,2019,1,balance_sheet,合併前非屬共同控制股權,,--,sii,https://mopsov.twse.com.tw/mops/web/ajax_t163sb05
中游,電源供應系統,2308,台達電,2019,1,balance_sheet,非控制權益,9786928,"9,786,928",sii,https://mopsov.twse.com.tw/mops/web/ajax_t163sb05
中游,電源供應系統,2308,台達電,2019,1,balance_sheet,權益總計,144709270,"144,709,270",sii,https://mopsov.twse.com.tw/mops/web/ajax_t163sb05
中游,電源供應系統,2308,台達電,2019,1,balance_sheet,待註銷股本股數（單位：股）,,--,sii,https://mopsov.twse.com.tw/mops/web/ajax_t163sb05
中游,電源供應系統,2308,台達電,2019,1,balance_sheet,預收股款（權益項下）之約當發行股數（單位：股）,0,0,sii,https://mopsov.twse.com.tw/mops/web/ajax_t163sb05
中游,電源供應系統,2308,台達電,2019,1,balance_sheet,母公司暨子公司所持有之母公司庫藏股股數（單位：股）,0,0,sii,https://mopsov.twse.com.tw/mops/web/ajax_t163sb05
中游,電源供應系統,2308,台達電,2019,1,balance_sheet,每股參考淨值,51.94,51.94,sii,https://mopsov.twse.com.tw/mops/web/ajax_t163sb05
中游,電源供應系統,2301,光寶科,2019,1,cash_flow,營業活動之淨現金流入（流出）,5046944,"5,046,944",sii,https://mopsov.twse.com.tw/mops/web/ajax_t163sb20
中游,電源供應系統,2301,光寶科,2019,1,cash_flow,投資活動之淨現金流入（流出）,-1222705,"-1,222,705",sii,https://mopsov.twse.com.tw/mops/web/ajax_t163sb20
中游,電源供應系統,2301,光寶科,2019,1,cash_flow,籌資活動之淨現金流入（流出）,-5478493,"-5,478,493",sii,https://mopsov.twse.com.tw/mops/web/ajax_t163sb20
中游,電源供應系統,2301,光寶科,2019,1,cash_flow,匯率變動對現金及約當現金之影響,809802,"809,802",sii,https://mopsov.twse.com.tw/mops/web/ajax_t163sb20
中游,電源供應系統,2301,光寶科,2019,1,cash_flow,本期現金及約當現金增加（減少）數,-844452,"-844,452",sii,https://mopsov.twse.com.tw/mops/web/ajax_t163sb20
中游,電源供應系統,2301,光寶科,2019,1,cash_flow,期初現金及約當現金餘額,63285301,"63,285,301",sii,https://mopsov.twse.com.tw/mops/web/ajax_t163sb20
中游,電源供應系統,2301,光寶科,2019,1,cash_flow,期末現金及約當現金餘額,62440849,"62,440,849",sii,https://mopsov.twse.com.tw/mops/web/ajax_t163sb20
中游,電源供應系統,2308,台達電,2019,1,cash_flow,營業活動之淨現金流入（流出）,6401995,"6,401,995",sii,https://mopsov.twse.com.tw/mops/web/ajax_t163sb20
中游,電源供應系統,2308,台達電,2019,1,cash_flow,投資活動之淨現金流入（流出）,-1798649,"-1,798,649",sii,https://mopsov.twse.com.tw/mops/web/ajax_t163sb20
中游,電源供應系統,2308,台達電,2019,1,cash_flow,籌資活動之淨現金流入（流出）,3869565,"3,869,565",sii,https://mopsov.twse.com.tw/mops/web/ajax_t163sb20
中游,電源供應系統,2308,台達電,2019,1,cash_flow,匯率變動對現金及約當現金之影響,424613,"424,613",sii,https://mopsov.twse.com.tw/mops/web/ajax_t163sb20
中游,電源供應系統,2308,台達電,2019,1,cash_flow,本期現金及約當現金增加（減少）數,8897524,"8,897,524",sii,https://mopsov.twse.com.tw/mops/web/ajax_t163sb20
中游,電源供應系統,2308,台達電,2019,1,cash_flow,期初現金及約當現金餘額,59618697,"59,618,697",sii,https://mopsov.twse.com.tw/mops/web/ajax_t163sb20
中游,電源供應系統,2308,台達電,2019,1,cash_flow,期末現金及約當現金餘額,68516221,"68,516,221",sii,https://mopsov.twse.com.tw/mops/web/ajax_t163sb20
中游,電源供應系統,2301,光寶科,2019,2,income_statement,營業收入,85641237,"85,641,237",sii,https://mopsov.twse.com.tw/mops/web/ajax_t163sb04
中游,電源供應系統,2301,光寶科,2019,2,income_statement,營業成本,73235208,"73,235,208",sii,https://mopsov.twse.com.tw/mops/web/ajax_t163sb04
中游,電源供應系統,2301,光寶科,2019,2,income_statement,原始認列生物資產及農產品之利益（損失）,,--,sii,https://mopsov.twse.com.tw/mops/web/ajax_t163sb04
中游,電源供應系統,2301,光寶科,2019,2,income_statement,生物資產當期公允價值減出售成本之變動利益（損失）,,--,sii,https://mopsov.twse.com.tw/mops/web/ajax_t163sb04
中游,電源供應系統,2301,光寶科,2019,2,income_statement,營業毛利（毛損）,12406029,"12,406,029",sii,https://mopsov.twse.com.tw/mops/web/ajax_t163sb04
中游,電源供應系統,2301,光寶科,2019,2,income_statement,未實現銷貨（損）益,,--,sii,https://mopsov.twse.com.tw/mops/web/ajax_t163sb04
中游,電源供應系統,2301,光寶科,2019,2,income_statement,已實現銷貨（損）益,,--,sii,https://mopsov.twse.com.tw/mops/web/ajax_t163sb04
中游,電源供應系統,2301,光寶科,2019,2,income_statement,營業毛利（毛損）淨額,12406029,"12,406,029",sii,https://mopsov.twse.com.tw/mops/web/ajax_t163sb04
中游,電源供應系統,2301,光寶科,2019,2,income_statement,營業費用,8878794,"8,878,794",sii,https://mopsov.twse.com.tw/mops/web/ajax_t163sb04
中游,電源供應系統,2301,光寶科,2019,2,income_statement,其他收益及費損淨額,,--,sii,https://mopsov.twse.com.tw/mops/web/ajax_t163sb04
中游,電源供應系統,2301,光寶科,2019,2,income_statement,營業利益（損失）,3527235,"3,527,235",sii,https://mopsov.twse.com.tw/mops/web/ajax_t163sb04
中游,電源供應系統,2301,光寶科,2019,2,income_statement,營業外收入及支出,1546319,"1,546,319",sii,https://mopsov.twse.com.tw/mops/web/ajax_t163sb04
中游,電源供應系統,2301,光寶科,2019,2,income_statement,稅前淨利（淨損）,5073554,"5,073,554",sii,https://mopsov.twse.com.tw/mops/web/ajax_t163sb04
中游,電源供應系統,2301,光寶科,2019,2,income_statement,所得稅費用（利益）,1218919,"1,218,919",sii,https://mopsov.twse.com.tw/mops/web/ajax_t163sb04
中游,電源供應系統,2301,光寶科,2019,2,income_statement,繼續營業單位本期淨利（淨損）,3854635,"3,854,635",sii,https://mopsov.twse.com.tw/mops/web/ajax_t163sb04
中游,電源供應系統,2301,光寶科,2019,2,income_statement,停業單位損益,,--,sii,https://mopsov.twse.com.tw/mops/web/ajax_t163sb04
中游,電源供應系統,2301,光寶科,2019,2,income_statement,合併前非屬共同控制股權損益,,--,sii,https://mopsov.twse.com.tw/mops/web/ajax_t163sb04
中游,電源供應系統,2301,光寶科,2019,2,income_statement,本期淨利（淨損）,3854635,"3,854,635",sii,https://mopsov.twse.com.tw/mops/web/ajax_t163sb04
中游,電源供應系統,2301,光寶科,2019,2,income_statement,其他綜合損益（淨額）,924245,"924,245",sii,https://mopsov.twse.com.tw/mops/web/ajax_t163sb04
中游,電源供應系統,2301,光寶科,2019,2,income_statement,合併前非屬共同控制股權綜合損益淨額,,--,sii,https://mopsov.twse.com.tw/mops/web/ajax_t163sb04
中游,電源供應系統,2301,光寶科,2019,2,income_statement,本期綜合損益總額,4778880,"4,778,880",sii,https://mopsov.twse.com.tw/mops/web/ajax_t163sb04
中游,電源供應系統,2301,光寶科,2019,2,income_statement,淨利（淨損）歸屬於母公司業主,3859136,"3,859,136",sii,https://mopsov.twse.com.tw/mops/web/ajax_t163sb04
中游,電源供應系統,2301,光寶科,2019,2,income_statement,淨利（淨損）歸屬於共同控制下前手權益,,--,sii,https://mopsov.twse.com.tw/mops/web/ajax_t163sb04
中游,電源供應系統,2301,光寶科,2019,2,income_statement,淨利（淨損）歸屬於非控制權益,-4501,"-4,501",sii,https://mopsov.twse.com.tw/mops/web/ajax_t163sb04
中游,電源供應系統,2301,光寶科,2019,2,income_statement,綜合損益總額歸屬於母公司業主,4732834,"4,732,834",sii,https://mopsov.twse.com.tw/mops/web/ajax_t163sb04
中游,電源供應系統,2301,光寶科,2019,2,income_statement,綜合損益總額歸屬於共同控制下前手權益,,--,sii,https://mopsov.twse.com.tw/mops/web/ajax_t163sb04
中游,電源供應系統,2301,光寶科,2019,2,income_statement,綜合損益總額歸屬於非控制權益,46046,"46,046",sii,https://mopsov.twse.com.tw/mops/web/ajax_t163sb04
中游,電源供應系統,2301,光寶科,2019,2,income_statement,基本每股盈餘（元）,1.66,1.66,sii,https://mopsov.twse.com.tw/mops/web/ajax_t163sb04
中游,電源供應系統,2308,台達電,2019,2,income_statement,營業收入,127476328,"127,476,328",sii,https://mopsov.twse.com.tw/mops/web/ajax_t163sb04
中游,電源供應系統,2308,台達電,2019,2,income_statement,營業成本,93422811,"93,422,811",sii,https://mopsov.twse.com.tw/mops/web/ajax_t163sb04
中游,電源供應系統,2308,台達電,2019,2,income_statement,原始認列生物資產及農產品之利益（損失）,,--,sii,https://mopsov.twse.com.tw/mops/web/ajax_t163sb04
中游,電源供應系統,2308,台達電,2019,2,income_statement,生物資產當期公允價值減出售成本之變動利益（損失）,,--,sii,https://mopsov.twse.com.tw/mops/web/ajax_t163sb04
中游,電源供應系統,2308,台達電,2019,2,income_statement,營業毛利（毛損）,34053517,"34,053,517",sii,https://mopsov.twse.com.tw/mops/web/ajax_t163sb04
中游,電源供應系統,2308,台達電,2019,2,income_statement,未實現銷貨（損）益,,--,sii,https://mopsov.twse.com.tw/mops/web/ajax_t163sb04
中游,電源供應系統,2308,台達電,2019,2,income_statement,已實現銷貨（損）益,,--,sii,https://mopsov.twse.com.tw/mops/web/ajax_t163sb04
中游,電源供應系統,2308,台達電,2019,2,income_statement,營業毛利（毛損）淨額,34053517,"34,053,517",sii,https://mopsov.twse.com.tw/mops/web/ajax_t163sb04
中游,電源供應系統,2308,台達電,2019,2,income_statement,營業費用,25545837,"25,545,837",sii,https://mopsov.twse.com.tw/mops/web/ajax_t163sb04
中游,電源供應系統,2308,台達電,2019,2,income_statement,其他收益及費損淨額,,--,sii,https://mopsov.twse.com.tw/mops/web/ajax_t163sb04
中游,電源供應系統,2308,台達電,2019,2,income_statement,營業利益（損失）,8507680,"8,507,680",sii,https://mopsov.twse.com.tw/mops/web/ajax_t163sb04
中游,電源供應系統,2308,台達電,2019,2,income_statement,營業外收入及支出,7881850,"7,881,850",sii,https://mopsov.twse.com.tw/mops/web/ajax_t163sb04
中游,電源供應系統,2308,台達電,2019,2,income_statement,稅前淨利（淨損）,16389530,"16,389,530",sii,https://mopsov.twse.com.tw/mops/web/ajax_t163sb04
中游,電源供應系統,2308,台達電,2019,2,income_statement,所得稅費用（利益）,2913839,"2,913,839",sii,https://mopsov.twse.com.tw/mops/web/ajax_t163sb04
中游,電源供應系統,2308,台達電,2019,2,income_statement,繼續營業單位本期淨利（淨損）,13475691,"13,475,691",sii,https://mopsov.twse.com.tw/mops/web/ajax_t163sb04
中游,電源供應系統,2308,台達電,2019,2,income_statement,停業單位損益,,--,sii,https://mopsov.twse.com.tw/mops/web/ajax_t163sb04
中游,電源供應系統,2308,台達電,2019,2,income_statement,合併前非屬共同控制股權損益,,--,sii,https://mopsov.twse.com.tw/mops/web/ajax_t163sb04
中游,電源供應系統,2308,台達電,2019,2,income_statement,本期淨利（淨損）,13475691,"13,475,691",sii,https://mopsov.twse.com.tw/mops/web/ajax_t163sb04
中游,電源供應系統,2308,台達電,2019,2,income_statement,其他綜合損益（淨額）,6845979,"6,845,979",sii,https://mopsov.twse.com.tw/mops/web/ajax_t163sb04
中游,電源供應系統,2308,台達電,2019,2,income_statement,合併前非屬共同控制股權綜合損益淨額,,--,sii,https://mopsov.twse.com.tw/mops/web/ajax_t163sb04
中游,電源供應系統,2308,台達電,2019,2,income_statement,本期綜合損益總額,20321670,"20,321,670",sii,https://mopsov.twse.com.tw/mops/web/ajax_t163sb04
中游,電源供應系統,2308,台達電,2019,2,income_statement,淨利（淨損）歸屬於母公司業主,12902085,"12,902,085",sii,https://mopsov.twse.com.tw/mops/web/ajax_t163sb04
中游,電源供應系統,2308,台達電,2019,2,income_statement,淨利（淨損）歸屬於共同控制下前手權益,,--,sii,https://mopsov.twse.com.tw/mops/web/ajax_t163sb04
中游,電源供應系統,2308,台達電,2019,2,income_statement,淨利（淨損）歸屬於非控制權益,573606,"573,606",sii,https://mopsov.twse.com.tw/mops/web/ajax_t163sb04
中游,電源供應系統,2308,台達電,2019,2,income_statement,綜合損益總額歸屬於母公司業主,17710554,"17,710,554",sii,https://mopsov.twse.com.tw/mops/web/ajax_t163sb04
中游,電源供應系統,2308,台達電,2019,2,income_statement,綜合損益總額歸屬於共同控制下前手權益,,--,sii,https://mopsov.twse.com.tw/mops/web/ajax_t163sb04
中游,電源供應系統,2308,台達電,2019,2,income_statement,綜合損益總額歸屬於非控制權益,2611116,"2,611,116",sii,https://mopsov.twse.com.tw/mops/web/ajax_t163sb04
中游,電源供應系統,2308,台達電,2019,2,income_statement,基本每股盈餘（元）,4.97,4.97,sii,https://mopsov.twse.com.tw/mops/web/ajax_t163sb04
中游,電源供應系統,2301,光寶科,2019,2,balance_sheet,流動資產,148175051,"148,175,051",sii,https://mopsov.twse.com.tw/mops/web/ajax_t163sb05
中游,電源供應系統,2301,光寶科,2019,2,balance_sheet,非流動資產,42029320,"42,029,320",sii,https://mopsov.twse.com.tw/mops/web/ajax_t163sb05
中游,電源供應系統,2301,光寶科,2019,2,balance_sheet,資產總計,190204371,"190,204,371",sii,https://mopsov.twse.com.tw/mops/web/ajax_t163sb05
中游,電源供應系統,2301,光寶科,2019,2,balance_sheet,流動負債,114977083,"114,977,083",sii,https://mopsov.twse.com.tw/mops/web/ajax_t163sb05
中游,電源供應系統,2301,光寶科,2019,2,balance_sheet,非流動負債,2613813,"2,613,813",sii,https://mopsov.twse.com.tw/mops/web/ajax_t163sb05
中游,電源供應系統,2301,光寶科,2019,2,balance_sheet,負債總計,117590896,"117,590,896",sii,https://mopsov.twse.com.tw/mops/web/ajax_t163sb05
中游,電源供應系統,2301,光寶科,2019,2,balance_sheet,股本,23508670,"23,508,670",sii,https://mopsov.twse.com.tw/mops/web/ajax_t163sb05
中游,電源供應系統,2301,光寶科,2019,2,balance_sheet,資本公積,21819141,"21,819,141",sii,https://mopsov.twse.com.tw/mops/web/ajax_t163sb05
中游,電源供應系統,2301,光寶科,2019,2,balance_sheet,保留盈餘,27559205,"27,559,205",sii,https://mopsov.twse.com.tw/mops/web/ajax_t163sb05
中游,電源供應系統,2301,光寶科,2019,2,balance_sheet,其他權益,-2383242,"-2,383,242",sii,https://mopsov.twse.com.tw/mops/web/ajax_t163sb05
中游,電源供應系統,2301,光寶科,2019,2,balance_sheet,庫藏股票,-1248722,"-1,248,722",sii,https://mopsov.twse.com.tw/mops/web/ajax_t163sb05
中游,電源供應系統,2301,光寶科,2019,2,balance_sheet,歸屬於母公司業主之權益合計,69255052,"69,255,052",sii,https://mopsov.twse.com.tw/mops/web/ajax_t163sb05
中游,電源供應系統,2301,光寶科,2019,2,balance_sheet,共同控制下前手權益,,--,sii,https://mopsov.twse.com.tw/mops/web/ajax_t163sb05
中游,電源供應系統,2301,光寶科,2019,2,balance_sheet,合併前非屬共同控制股權,,--,sii,https://mopsov.twse.com.tw/mops/web/ajax_t163sb05
中游,電源供應系統,2301,光寶科,2019,2,balance_sheet,非控制權益,3358423,"3,358,423",sii,https://mopsov.twse.com.tw/mops/web/ajax_t163sb05
中游,電源供應系統,2301,光寶科,2019,2,balance_sheet,權益總計,72613475,"72,613,475",sii,https://mopsov.twse.com.tw/mops/web/ajax_t163sb05
中游,電源供應系統,2301,光寶科,2019,2,balance_sheet,待註銷股本股數（單位：股）,,--,sii,https://mopsov.twse.com.tw/mops/web/ajax_t163sb05
中游,電源供應系統,2301,光寶科,2019,2,balance_sheet,預收股款（權益項下）之約當發行股數（單位：股）,0,0,sii,https://mopsov.twse.com.tw/mops/web/ajax_t163sb05
中游,電源供應系統,2301,光寶科,2019,2,balance_sheet,母公司暨子公司所持有之母公司庫藏股股數（單位：股）,26841500,"26,841,500",sii,https://mopsov.twse.com.tw/mops/web/ajax_t163sb05
中游,電源供應系統,2301,光寶科,2019,2,balance_sheet,每股參考淨值,29.8,29.80,sii,https://mopsov.twse.com.tw/mops/web/ajax_t163sb05
中游,電源供應系統,2308,台達電,2019,2,balance_sheet,流動資產,159231424,"159,231,424",sii,https://mopsov.twse.com.tw/mops/web/ajax_t163sb05
中游,電源供應系統,2308,台達電,2019,2,balance_sheet,非流動資產,167880733,"167,880,733",sii,https://mopsov.twse.com.tw/mops/web/ajax_t163sb05
中游,電源供應系統,2308,台達電,2019,2,balance_sheet,資產總計,327112157,"327,112,157",sii,https://mopsov.twse.com.tw/mops/web/ajax_t163sb05
中游,電源供應系統,2308,台達電,2019,2,balance_sheet,流動負債,98004827,"98,004,827",sii,https://mopsov.twse.com.tw/mops/web/ajax_t163sb05
中游,電源供應系統,2308,台達電,2019,2,balance_sheet,非流動負債,54359419,"54,359,419",sii,https://mopsov.twse.com.tw/mops/web/ajax_t163sb05
中游,電源供應系統,2308,台達電,2019,2,balance_sheet,負債總計,152364246,"152,364,246",sii,https://mopsov.twse.com.tw/mops/web/ajax_t163sb05
中游,電源供應系統,2308,台達電,2019,2,balance_sheet,股本,25975433,"25,975,433",sii,https://mopsov.twse.com.tw/mops/web/ajax_t163sb05
中游,電源供應系統,2308,台達電,2019,2,balance_sheet,資本公積,48403230,"48,403,230",sii,https://mopsov.twse.com.tw/mops/web/ajax_t163sb05
中游,電源供應系統,2308,台達電,2019,2,balance_sheet,保留盈餘,63055685,"63,055,685",sii,https://mopsov.twse.com.tw/mops/web/ajax_t163sb05
中游,電源供應系統,2308,台達電,2019,2,balance_sheet,其他權益,-2432246,"-2,432,246",sii,https://mopsov.twse.com.tw/mops/web/ajax_t163sb05
中游,電源供應系統,2308,台達電,2019,2,balance_sheet,庫藏股票,,--,sii,https://mopsov.twse.com.tw/mops/web/ajax_t163sb05
中游,電源供應系統,2308,台達電,2019,2,balance_sheet,歸屬於母公司業主之權益合計,135002102,"135,002,102",sii,https://mopsov.twse.com.tw/mops/web/ajax_t163sb05
中游,電源供應系統,2308,台達電,2019,2,balance_sheet,共同控制下前手權益,,--,sii,https://mopsov.twse.com.tw/mops/web/ajax_t163sb05
中游,電源供應系統,2308,台達電,2019,2,balance_sheet,合併前非屬共同控制股權,,--,sii,https://mopsov.twse.com.tw/mops/web/ajax_t163sb05
中游,電源供應系統,2308,台達電,2019,2,balance_sheet,非控制權益,39745809,"39,745,809",sii,https://mopsov.twse.com.tw/mops/web/ajax_t163sb05
中游,電源供應系統,2308,台達電,2019,2,balance_sheet,權益總計,174747911,"174,747,911",sii,https://mopsov.twse.com.tw/mops/web/ajax_t163sb05
中游,電源供應系統,2308,台達電,2019,2,balance_sheet,待註銷股本股數（單位：股）,,--,sii,https://mopsov.twse.com.tw/mops/web/ajax_t163sb05
中游,電源供應系統,2308,台達電,2019,2,balance_sheet,預收股款（權益項下）之約當發行股數（單位：股）,0,0,sii,https://mopsov.twse.com.tw/mops/web/ajax_t163sb05
中游,電源供應系統,2308,台達電,2019,2,balance_sheet,母公司暨子公司所持有之母公司庫藏股股數（單位：股）,0,0,sii,https://mopsov.twse.com.tw/mops/web/ajax_t163sb05
中游,電源供應系統,2308,台達電,2019,2,balance_sheet,每股參考淨值,51.97,51.97,sii,https://mopsov.twse.com.tw/mops/web/ajax_t163sb05
中游,電源供應系統,2301,光寶科,2019,2,cash_flow,營業活動之淨現金流入（流出）,5302867,"5,302,867",sii,https://mopsov.twse.com.tw/mops/web/ajax_t163sb20
中游,電源供應系統,2301,光寶科,2019,2,cash_flow,投資活動之淨現金流入（流出）,-2417239,"-2,417,239",sii,https://mopsov.twse.com.tw/mops/web/ajax_t163sb20
中游,電源供應系統,2301,光寶科,2019,2,cash_flow,籌資活動之淨現金流入（流出）,-1412208,"-1,412,208",sii,https://mopsov.twse.com.tw/mops/web/ajax_t163sb20
中游,電源供應系統,2301,光寶科,2019,2,cash_flow,匯率變動對現金及約當現金之影響,1037283,"1,037,283",sii,https://mopsov.twse.com.tw/mops/web/ajax_t163sb20
中游,電源供應系統,2301,光寶科,2019,2,cash_flow,本期現金及約當現金增加（減少）數,2510703,"2,510,703",sii,https://mopsov.twse.com.tw/mops/web/ajax_t163sb20
中游,電源供應系統,2301,光寶科,2019,2,cash_flow,期初現金及約當現金餘額,63285301,"63,285,301",sii,https://mopsov.twse.com.tw/mops/web/ajax_t163sb20
中游,電源供應系統,2301,光寶科,2019,2,cash_flow,期末現金及約當現金餘額,65796004,"65,796,004",sii,https://mopsov.twse.com.tw/mops/web/ajax_t163sb20
中游,電源供應系統,2308,台達電,2019,2,cash_flow,營業活動之淨現金流入（流出）,12656073,"12,656,073",sii,https://mopsov.twse.com.tw/mops/web/ajax_t163sb20
中游,電源供應系統,2308,台達電,2019,2,cash_flow,投資活動之淨現金流入（流出）,-32295239,"-32,295,239",sii,https://mopsov.twse.com.tw/mops/web/ajax_t163sb20
中游,電源供應系統,2308,台達電,2019,2,cash_flow,籌資活動之淨現金流入（流出）,2762557,"2,762,557",sii,https://mopsov.twse.com.tw/mops/web/ajax_t163sb20
中游,電源供應系統,2308,台達電,2019,2,cash_flow,匯率變動對現金及約當現金之影響,1459050,"1,459,050",sii,https://mopsov.twse.com.tw/mops/web/ajax_t163sb20
中游,電源供應系統,2308,台達電,2019,2,cash_flow,本期現金及約當現金增加（減少）數,-15417559,"-15,417,559",sii,https://mopsov.twse.com.tw/mops/web/ajax_t163sb20
中游,電源供應系統,2308,台達電,2019,2,cash_flow,期初現金及約當現金餘額,59618697,"59,618,697",sii,https://mopsov.twse.com.tw/mops/web/ajax_t163sb20
中游,電源供應系統,2308,台達電,2019,2,cash_flow,期末現金及約當現金餘額,44201138,"44,201,138",sii,https://mopsov.twse.com.tw/mops/web/ajax_t163sb20
中游,電源供應系統,2301,光寶科,2019,3,income_statement,營業收入,133799199,"133,799,199",sii,https://mopsov.twse.com.tw/mops/web/ajax_t163sb04
中游,電源供應系統,2301,光寶科,2019,3,income_statement,營業成本,113602773,"113,602,773",sii,https://mopsov.twse.com.tw/mops/web/ajax_t163sb04
中游,電源供應系統,2301,光寶科,2019,3,income_statement,原始認列生物資產及農產品之利益（損失）,,--,sii,https://mopsov.twse.com.tw/mops/web/ajax_t163sb04
中游,電源供應系統,2301,光寶科,2019,3,income_statement,生物資產當期公允價值減出售成本之變動利益（損失）,,--,sii,https://mopsov.twse.com.tw/mops/web/ajax_t163sb04
中游,電源供應系統,2301,光寶科,2019,3,income_statement,營業毛利（毛損）,20196426,"20,196,426",sii,https://mopsov.twse.com.tw/mops/web/ajax_t163sb04
中游,電源供應系統,2301,光寶科,2019,3,income_statement,未實現銷貨（損）益,,--,sii,https://mopsov.twse.com.tw/mops/web/ajax_t163sb04
中游,電源供應系統,2301,光寶科,2019,3,income_statement,已實現銷貨（損）益,,--,sii,https://mopsov.twse.com.tw/mops/web/ajax_t163sb04
中游,電源供應系統,2301,光寶科,2019,3,income_statement,營業毛利（毛損）淨額,20196426,"20,196,426",sii,https://mopsov.twse.com.tw/mops/web/ajax_t163sb04
中游,電源供應系統,2301,光寶科,2019,3,income_statement,營業費用,13421734,"13,421,734",sii,https://mopsov.twse.com.tw/mops/web/ajax_t163sb04
中游,電源供應系統,2301,光寶科,2019,3,income_statement,其他收益及費損淨額,,--,sii,https://mopsov.twse.com.tw/mops/web/ajax_t163sb04
中游,電源供應系統,2301,光寶科,2019,3,income_statement,營業利益（損失）,6774692,"6,774,692",sii,https://mopsov.twse.com.tw/mops/web/ajax_t163sb04
中游,電源供應系統,2301,光寶科,2019,3,income_statement,營業外收入及支出,2412110,"2,412,110",sii,https://mopsov.twse.com.tw/mops/web/ajax_t163sb04
中游,電源供應系統,2301,光寶科,2019,3,income_statement,稅前淨利（淨損）,9186802,"9,186,802",sii,https://mopsov.twse.com.tw/mops/web/ajax_t163sb04
中游,電源供應系統,2301,光寶科,2019,3,income_statement,所得稅費用（利益）,2206169,"2,206,169",sii,https://mopsov.twse.com.tw/mops/web/ajax_t163sb04
中游,電源供應系統,2301,光寶科,2019,3,income_statement,繼續營業單位本期淨利（淨損）,6980633,"6,980,633",sii,https://mopsov.twse.com.tw/mops/web/ajax_t163sb04
中游,電源供應系統,2301,光寶科,2019,3,income_statement,停業單位損益,,--,sii,https://mopsov.twse.com.tw/mops/web/ajax_t163sb04
中游,電源供應系統,2301,光寶科,2019,3,income_statement,合併前非屬共同控制股權損益,,--,sii,https://mopsov.twse.com.tw/mops/web/ajax_t163sb04
中游,電源供應系統,2301,光寶科,2019,3,income_statement,本期淨利（淨損）,6980633,"6,980,633",sii,https://mopsov.twse.com.tw/mops/web/ajax_t163sb04
中游,電源供應系統,2301,光寶科,2019,3,income_statement,其他綜合損益（淨額）,-901419,"-901,419",sii,https://mopsov.twse.com.tw/mops/web/ajax_t163sb04
中游,電源供應系統,2301,光寶科,2019,3,income_statement,合併前非屬共同控制股權綜合損益淨額,,--,sii,https://mopsov.twse.com.tw/mops/web/ajax_t163sb04
中游,電源供應系統,2301,光寶科,2019,3,income_statement,本期綜合損益總額,6079214,"6,079,214",sii,https://mopsov.twse.com.tw/mops/web/ajax_t163sb04
中游,電源供應系統,2301,光寶科,2019,3,income_statement,淨利（淨損）歸屬於母公司業主,6967895,"6,967,895",sii,https://mopsov.twse.com.tw/mops/web/ajax_t163sb04
中游,電源供應系統,2301,光寶科,2019,3,income_statement,淨利（淨損）歸屬於共同控制下前手權益,,--,sii,https://mopsov.twse.com.tw/mops/web/ajax_t163sb04
中游,電源供應系統,2301,光寶科,2019,3,income_statement,淨利（淨損）歸屬於非控制權益,12738,"12,738",sii,https://mopsov.twse.com.tw/mops/web/ajax_t163sb04
中游,電源供應系統,2301,光寶科,2019,3,income_statement,綜合損益總額歸屬於母公司業主,6057239,"6,057,239",sii,https://mopsov.twse.com.tw/mops/web/ajax_t163sb04
中游,電源供應系統,2301,光寶科,2019,3,income_statement,綜合損益總額歸屬於共同控制下前手權益,,--,sii,https://mopsov.twse.com.tw/mops/web/ajax_t163sb04
中游,電源供應系統,2301,光寶科,2019,3,income_statement,綜合損益總額歸屬於非控制權益,21975,"21,975",sii,https://mopsov.twse.com.tw/mops/web/ajax_t163sb04
中游,電源供應系統,2301,光寶科,2019,3,income_statement,基本每股盈餘（元）,3.0,3.00,sii,https://mopsov.twse.com.tw/mops/web/ajax_t163sb04
中游,電源供應系統,2308,台達電,2019,3,income_statement,營業收入,199938137,"199,938,137",sii,https://mopsov.twse.com.tw/mops/web/ajax_t163sb04
中游,電源供應系統,2308,台達電,2019,3,income_statement,營業成本,145446789,"145,446,789",sii,https://mopsov.twse.com.tw/mops/web/ajax_t163sb04
中游,電源供應系統,2308,台達電,2019,3,income_statement,原始認列生物資產及農產品之利益（損失）,,--,sii,https://mopsov.twse.com.tw/mops/web/ajax_t163sb04
中游,電源供應系統,2308,台達電,2019,3,income_statement,生物資產當期公允價值減出售成本之變動利益（損失）,,--,sii,https://mopsov.twse.com.tw/mops/web/ajax_t163sb04
中游,電源供應系統,2308,台達電,2019,3,income_statement,營業毛利（毛損）,54491348,"54,491,348",sii,https://mopsov.twse.com.tw/mops/web/ajax_t163sb04
中游,電源供應系統,2308,台達電,2019,3,income_statement,未實現銷貨（損）益,,--,sii,https://mopsov.twse.com.tw/mops/web/ajax_t163sb04
中游,電源供應系統,2308,台達電,2019,3,income_statement,已實現銷貨（損）益,,--,sii,https://mopsov.twse.com.tw/mops/web/ajax_t163sb04
中游,電源供應系統,2308,台達電,2019,3,income_statement,營業毛利（毛損）淨額,54491348,"54,491,348",sii,https://mopsov.twse.com.tw/mops/web/ajax_t163sb04
中游,電源供應系統,2308,台達電,2019,3,income_statement,營業費用,40463284,"40,463,284",sii,https://mopsov.twse.com.tw/mops/web/ajax_t163sb04
中游,電源供應系統,2308,台達電,2019,3,income_statement,其他收益及費損淨額,,--,sii,https://mopsov.twse.com.tw/mops/web/ajax_t163sb04
中游,電源供應系統,2308,台達電,2019,3,income_statement,營業利益（損失）,14028064,"14,028,064",sii,https://mopsov.twse.com.tw/mops/web/ajax_t163sb04
中游,電源供應系統,2308,台達電,2019,3,income_statement,營業外收入及支出,8866268,"8,866,268",sii,https://mopsov.twse.com.tw/mops/web/ajax_t163sb04
中游,電源供應系統,2308,台達電,2019,3,income_statement,稅前淨利（淨損）,22894332,"22,894,332",sii,https://mopsov.twse.com.tw/mops/web/ajax_t163sb04
中游,電源供應系統,2308,台達電,2019,3,income_statement,所得稅費用（利益）,4075786,"4,075,786",sii,https://mopsov.twse.com.tw/mops/web/ajax_t163sb04
中游,電源供應系統,2308,台達電,2019,3,income_statement,繼續營業單位本期淨利（淨損）,18818546,"18,818,546",sii,https://mopsov.twse.com.tw/mops/web/ajax_t163sb04
中游,電源供應系統,2308,台達電,2019,3,income_statement,停業單位損益,,--,sii,https://mopsov.twse.com.tw/mops/web/ajax_t163sb04
中游,電源供應系統,2308,台達電,2019,3,income_statement,合併前非屬共同控制股權損益,,--,sii,https://mopsov.twse.com.tw/mops/web/ajax_t163sb04
中游,電源供應系統,2308,台達電,2019,3,income_statement,本期淨利（淨損）,18818546,"18,818,546",sii,https://mopsov.twse.com.tw/mops/web/ajax_t163sb04
中游,電源供應系統,2308,台達電,2019,3,income_statement,其他綜合損益（淨額）,4464662,"4,464,662",sii,https://mopsov.twse.com.tw/mops/web/ajax_t163sb04
中游,電源供應系統,2308,台達電,2019,3,income_statement,合併前非屬共同控制股權綜合損益淨額,,--,sii,https://mopsov.twse.com.tw/mops/web/ajax_t163sb04
中游,電源供應系統,2308,台達電,2019,3,income_statement,本期綜合損益總額,23283208,"23,283,208",sii,https://mopsov.twse.com.tw/mops/web/ajax_t163sb04
中游,電源供應系統,2308,台達電,2019,3,income_statement,淨利（淨損）歸屬於母公司業主,18031687,"18,031,687",sii,https://mopsov.twse.com.tw/mops/web/ajax_t163sb04
中游,電源供應系統,2308,台達電,2019,3,income_statement,淨利（淨損）歸屬於共同控制下前手權益,,--,sii,https://mopsov.twse.com.tw/mops/web/ajax_t163sb04
中游,電源供應系統,2308,台達電,2019,3,income_statement,淨利（淨損）歸屬於非控制權益,786859,"786,859",sii,https://mopsov.twse.com.tw/mops/web/ajax_t163sb04
中游,電源供應系統,2308,台達電,2019,3,income_statement,綜合損益總額歸屬於母公司業主,20732556,"20,732,556",sii,https://mopsov.twse.com.tw/mops/web/ajax_t163sb04
中游,電源供應系統,2308,台達電,2019,3,income_statement,綜合損益總額歸屬於共同控制下前手權益,,--,sii,https://mopsov.twse.com.tw/mops/web/ajax_t163sb04
中游,電源供應系統,2308,台達電,2019,3,income_statement,綜合損益總額歸屬於非控制權益,2550652,"2,550,652",sii,https://mopsov.twse.com.tw/mops/web/ajax_t163sb04
中游,電源供應系統,2308,台達電,2019,3,income_statement,基本每股盈餘（元）,6.94,6.94,sii,https://mopsov.twse.com.tw/mops/web/ajax_t163sb04
中游,電源供應系統,2301,光寶科,2019,3,balance_sheet,流動資產,149814305,"149,814,305",sii,https://mopsov.twse.com.tw/mops/web/ajax_t163sb05
中游,電源供應系統,2301,光寶科,2019,3,balance_sheet,非流動資產,41317122,"41,317,122",sii,https://mopsov.twse.com.tw/mops/web/ajax_t163sb05
中游,電源供應系統,2301,光寶科,2019,3,balance_sheet,資產總計,191131427,"191,131,427",sii,https://mopsov.twse.com.tw/mops/web/ajax_t163sb05
中游,電源供應系統,2301,光寶科,2019,3,balance_sheet,流動負債,115763227,"115,763,227",sii,https://mopsov.twse.com.tw/mops/web/ajax_t163sb05
中游,電源供應系統,2301,光寶科,2019,3,balance_sheet,非流動負債,2576986,"2,576,986",sii,https://mopsov.twse.com.tw/mops/web/ajax_t163sb05
中游,電源供應系統,2301,光寶科,2019,3,balance_sheet,負債總計,118340213,"118,340,213",sii,https://mopsov.twse.com.tw/mops/web/ajax_t163sb05
中游,電源供應系統,2301,光寶科,2019,3,balance_sheet,股本,23508670,"23,508,670",sii,https://mopsov.twse.com.tw/mops/web/ajax_t163sb05
中游,電源供應系統,2301,光寶科,2019,3,balance_sheet,資本公積,21820206,"21,820,206",sii,https://mopsov.twse.com.tw/mops/web/ajax_t163sb05
中游,電源供應系統,2301,光寶科,2019,3,balance_sheet,保留盈餘,30733436,"30,733,436",sii,https://mopsov.twse.com.tw/mops/web/ajax_t163sb05
中游,電源供應系統,2301,光寶科,2019,3,balance_sheet,其他權益,-4245684,"-4,245,684",sii,https://mopsov.twse.com.tw/mops/web/ajax_t163sb05
中游,電源供應系統,2301,光寶科,2019,3,balance_sheet,庫藏股票,-1248722,"-1,248,722",sii,https://mopsov.twse.com.tw/mops/web/ajax_t163sb05
中游,電源供應系統,2301,光寶科,2019,3,balance_sheet,歸屬於母公司業主之權益合計,70567906,"70,567,906",sii,https://mopsov.twse.com.tw/mops/web/ajax_t163sb05
中游,電源供應系統,2301,光寶科,2019,3,balance_sheet,共同控制下前手權益,,--,sii,https://mopsov.twse.com.tw/mops/web/ajax_t163sb05
中游,電源供應系統,2301,光寶科,2019,3,balance_sheet,合併前非屬共同控制股權,,--,sii,https://mopsov.twse.com.tw/mops/web/ajax_t163sb05
中游,電源供應系統,2301,光寶科,2019,3,balance_sheet,非控制權益,2223308,"2,223,308",sii,https://mopsov.twse.com.tw/mops/web/ajax_t163sb05
中游,電源供應系統,2301,光寶科,2019,3,balance_sheet,權益總計,72791214,"72,791,214",sii,https://mopsov.twse.com.tw/mops/web/ajax_t163sb05
中游,電源供應系統,2301,光寶科,2019,3,balance_sheet,待註銷股本股數（單位：股）,,--,sii,https://mopsov.twse.com.tw/mops/web/ajax_t163sb05
中游,電源供應系統,2301,光寶科,2019,3,balance_sheet,預收股款（權益項下）之約當發行股數（單位：股）,0,0,sii,https://mopsov.twse.com.tw/mops/web/ajax_t163sb05
中游,電源供應系統,2301,光寶科,2019,3,balance_sheet,母公司暨子公司所持有之母公司庫藏股股數（單位：股）,26841500,"26,841,500",sii,https://mopsov.twse.com.tw/mops/web/ajax_t163sb05
中游,電源供應系統,2301,光寶科,2019,3,balance_sheet,每股參考淨值,30.36,30.36,sii,https://mopsov.twse.com.tw/mops/web/ajax_t163sb05
中游,電源供應系統,2308,台達電,2019,3,balance_sheet,流動資產,155345236,"155,345,236",sii,https://mopsov.twse.com.tw/mops/web/ajax_t163sb05
中游,電源供應系統,2308,台達電,2019,3,balance_sheet,非流動資產,166498558,"166,498,558",sii,https://mopsov.twse.com.tw/mops/web/ajax_t163sb05
中游,電源供應系統,2308,台達電,2019,3,balance_sheet,資產總計,321843794,"321,843,794",sii,https://mopsov.twse.com.tw/mops/web/ajax_t163sb05
中游,電源供應系統,2308,台達電,2019,3,balance_sheet,流動負債,84042762,"84,042,762",sii,https://mopsov.twse.com.tw/mops/web/ajax_t163sb05
中游,電源供應系統,2308,台達電,2019,3,balance_sheet,非流動負債,60205075,"60,205,075",sii,https://mopsov.twse.com.tw/mops/web/ajax_t163sb05
中游,電源供應系統,2308,台達電,2019,3,balance_sheet,負債總計,144247837,"144,247,837",sii,https://mopsov.twse.com.tw/mops/web/ajax_t163sb05
中游,電源供應系統,2308,台達電,2019,3,balance_sheet,股本,25975433,"25,975,433",sii,https://mopsov.twse.com.tw/mops/web/ajax_t163sb05
中游,電源供應系統,2308,台達電,2019,3,balance_sheet,資本公積,48415598,"48,415,598",sii,https://mopsov.twse.com.tw/mops/web/ajax_t163sb05
中游,電源供應系統,2308,台達電,2019,3,balance_sheet,保留盈餘,68032017,"68,032,017",sii,https://mopsov.twse.com.tw/mops/web/ajax_t163sb05
中游,電源供應系統,2308,台達電,2019,3,balance_sheet,其他權益,-4386576,"-4,386,576",sii,https://mopsov.twse.com.tw/mops/web/ajax_t163sb05
中游,電源供應系統,2308,台達電,2019,3,balance_sheet,庫藏股票,,--,sii,https://mopsov.twse.com.tw/mops/web/ajax_t163sb05
中游,電源供應系統,2308,台達電,2019,3,balance_sheet,歸屬於母公司業主之權益合計,138036472,"138,036,472",sii,https://mopsov.twse.com.tw/mops/web/ajax_t163sb05
中游,電源供應系統,2308,台達電,2019,3,balance_sheet,共同控制下前手權益,,--,sii,https://mopsov.twse.com.tw/mops/web/ajax_t163sb05
中游,電源供應系統,2308,台達電,2019,3,balance_sheet,合併前非屬共同控制股權,,--,sii,https://mopsov.twse.com.tw/mops/web/ajax_t163sb05
中游,電源供應系統,2308,台達電,2019,3,balance_sheet,非控制權益,39559485,"39,559,485",sii,https://mopsov.twse.com.tw/mops/web/ajax_t163sb05
中游,電源供應系統,2308,台達電,2019,3,balance_sheet,權益總計,177595957,"177,595,957",sii,https://mopsov.twse.com.tw/mops/web/ajax_t163sb05
中游,電源供應系統,2308,台達電,2019,3,balance_sheet,待註銷股本股數（單位：股）,,--,sii,https://mopsov.twse.com.tw/mops/web/ajax_t163sb05
中游,電源供應系統,2308,台達電,2019,3,balance_sheet,預收股款（權益項下）之約當發行股數（單位：股）,0,0,sii,https://mopsov.twse.com.tw/mops/web/ajax_t163sb05
中游,電源供應系統,2308,台達電,2019,3,balance_sheet,母公司暨子公司所持有之母公司庫藏股股數（單位：股）,0,0,sii,https://mopsov.twse.com.tw/mops/web/ajax_t163sb05
中游,電源供應系統,2308,台達電,2019,3,balance_sheet,每股參考淨值,53.14,53.14,sii,https://mopsov.twse.com.tw/mops/web/ajax_t163sb05
中游,電源供應系統,2301,光寶科,2019,3,cash_flow,營業活動之淨現金流入（流出）,12415214,"12,415,214",sii,https://mopsov.twse.com.tw/mops/web/ajax_t163sb20
中游,電源供應系統,2301,光寶科,2019,3,cash_flow,投資活動之淨現金流入（流出）,-2696212,"-2,696,212",sii,https://mopsov.twse.com.tw/mops/web/ajax_t163sb20
中游,電源供應系統,2301,光寶科,2019,3,cash_flow,籌資活動之淨現金流入（流出）,-7407789,"-7,407,789",sii,https://mopsov.twse.com.tw/mops/web/ajax_t163sb20
中游,電源供應系統,2301,光寶科,2019,3,cash_flow,匯率變動對現金及約當現金之影響,-1107838,"-1,107,838",sii,https://mopsov.twse.com.tw/mops/web/ajax_t163sb20
中游,電源供應系統,2301,光寶科,2019,3,cash_flow,本期現金及約當現金增加（減少）數,1203375,"1,203,375",sii,https://mopsov.twse.com.tw/mops/web/ajax_t163sb20
中游,電源供應系統,2301,光寶科,2019,3,cash_flow,期初現金及約當現金餘額,63285301,"63,285,301",sii,https://mopsov.twse.com.tw/mops/web/ajax_t163sb20
中游,電源供應系統,2301,光寶科,2019,3,cash_flow,期末現金及約當現金餘額,64488676,"64,488,676",sii,https://mopsov.twse.com.tw/mops/web/ajax_t163sb20
中游,電源供應系統,2308,台達電,2019,3,cash_flow,營業活動之淨現金流入（流出）,23537345,"23,537,345",sii,https://mopsov.twse.com.tw/mops/web/ajax_t163sb20
中游,電源供應系統,2308,台達電,2019,3,cash_flow,投資活動之淨現金流入（流出）,-36281516,"-36,281,516",sii,https://mopsov.twse.com.tw/mops/web/ajax_t163sb20
中游,電源供應系統,2308,台達電,2019,3,cash_flow,籌資活動之淨現金流入（流出）,-1924477,"-1,924,477",sii,https://mopsov.twse.com.tw/mops/web/ajax_t163sb20
中游,電源供應系統,2308,台達電,2019,3,cash_flow,匯率變動對現金及約當現金之影響,389115,"389,115",sii,https://mopsov.twse.com.tw/mops/web/ajax_t163sb20
中游,電源供應系統,2308,台達電,2019,3,cash_flow,本期現金及約當現金增加（減少）數,-14279533,"-14,279,533",sii,https://mopsov.twse.com.tw/mops/web/ajax_t163sb20
中游,電源供應系統,2308,台達電,2019,3,cash_flow,期初現金及約當現金餘額,59618697,"59,618,697",sii,https://mopsov.twse.com.tw/mops/web/ajax_t163sb20
中游,電源供應系統,2308,台達電,2019,3,cash_flow,期末現金及約當現金餘額,45339164,"45,339,164",sii,https://mopsov.twse.com.tw/mops/web/ajax_t163sb20
中游,電源供應系統,2301,光寶科,2019,4,income_statement,營業收入,177954166,"177,954,166",sii,https://mopsov.twse.com.tw/mops/web/ajax_t163sb04
中游,電源供應系統,2301,光寶科,2019,4,income_statement,營業成本,150616502,"150,616,502",sii,https://mopsov.twse.com.tw/mops/web/ajax_t163sb04
中游,電源供應系統,2301,光寶科,2019,4,income_statement,原始認列生物資產及農產品之利益（損失）,,--,sii,https://mopsov.twse.com.tw/mops/web/ajax_t163sb04
中游,電源供應系統,2301,光寶科,2019,4,income_statement,生物資產當期公允價值減出售成本之變動利益（損失）,,--,sii,https://mopsov.twse.com.tw/mops/web/ajax_t163sb04
中游,電源供應系統,2301,光寶科,2019,4,income_statement,營業毛利（毛損）,27337664,"27,337,664",sii,https://mopsov.twse.com.tw/mops/web/ajax_t163sb04
中游,電源供應系統,2301,光寶科,2019,4,income_statement,未實現銷貨（損）益,,--,sii,https://mopsov.twse.com.tw/mops/web/ajax_t163sb04
中游,電源供應系統,2301,光寶科,2019,4,income_statement,已實現銷貨（損）益,,--,sii,https://mopsov.twse.com.tw/mops/web/ajax_t163sb04
中游,電源供應系統,2301,光寶科,2019,4,income_statement,營業毛利（毛損）淨額,27337664,"27,337,664",sii,https://mopsov.twse.com.tw/mops/web/ajax_t163sb04
中游,電源供應系統,2301,光寶科,2019,4,income_statement,營業費用,17992442,"17,992,442",sii,https://mopsov.twse.com.tw/mops/web/ajax_t163sb04
中游,電源供應系統,2301,光寶科,2019,4,income_statement,其他收益及費損淨額,,--,sii,https://mopsov.twse.com.tw/mops/web/ajax_t163sb04
中游,電源供應系統,2301,光寶科,2019,4,income_statement,營業利益（損失）,9345222,"9,345,222",sii,https://mopsov.twse.com.tw/mops/web/ajax_t163sb04
中游,電源供應系統,2301,光寶科,2019,4,income_statement,營業外收入及支出,3018616,"3,018,616",sii,https://mopsov.twse.com.tw/mops/web/ajax_t163sb04
中游,電源供應系統,2301,光寶科,2019,4,income_statement,稅前淨利（淨損）,12363838,"12,363,838",sii,https://mopsov.twse.com.tw/mops/web/ajax_t163sb04
中游,電源供應系統,2301,光寶科,2019,4,income_statement,所得稅費用（利益）,2958321,"2,958,321",sii,https://mopsov.twse.com.tw/mops/web/ajax_t163sb04
中游,電源供應系統,2301,光寶科,2019,4,income_statement,繼續營業單位本期淨利（淨損）,9405517,"9,405,517",sii,https://mopsov.twse.com.tw/mops/web/ajax_t163sb04
中游,電源供應系統,2301,光寶科,2019,4,income_statement,停業單位損益,,--,sii,https://mopsov.twse.com.tw/mops/web/ajax_t163sb04
中游,電源供應系統,2301,光寶科,2019,4,income_statement,合併前非屬共同控制股權損益,,--,sii,https://mopsov.twse.com.tw/mops/web/ajax_t163sb04
中游,電源供應系統,2301,光寶科,2019,4,income_statement,本期淨利（淨損）,9405517,"9,405,517",sii,https://mopsov.twse.com.tw/mops/web/ajax_t163sb04
中游,電源供應系統,2301,光寶科,2019,4,income_statement,其他綜合損益（淨額）,-1432532,"-1,432,532",sii,https://mopsov.twse.com.tw/mops/web/ajax_t163sb04
中游,電源供應系統,2301,光寶科,2019,4,income_statement,合併前非屬共同控制股權綜合損益淨額,,--,sii,https://mopsov.twse.com.tw/mops/web/ajax_t163sb04
中游,電源供應系統,2301,光寶科,2019,4,income_statement,本期綜合損益總額,7972985,"7,972,985",sii,https://mopsov.twse.com.tw/mops/web/ajax_t163sb04
中游,電源供應系統,2301,光寶科,2019,4,income_statement,淨利（淨損）歸屬於母公司業主,9374899,"9,374,899",sii,https://mopsov.twse.com.tw/mops/web/ajax_t163sb04
中游,電源供應系統,2301,光寶科,2019,4,income_statement,淨利（淨損）歸屬於共同控制下前手權益,,--,sii,https://mopsov.twse.com.tw/mops/web/ajax_t163sb04
中游,電源供應系統,2301,光寶科,2019,4,income_statement,淨利（淨損）歸屬於非控制權益,30618,"30,618",sii,https://mopsov.twse.com.tw/mops/web/ajax_t163sb04
中游,電源供應系統,2301,光寶科,2019,4,income_statement,綜合損益總額歸屬於母公司業主,7973221,"7,973,221",sii,https://mopsov.twse.com.tw/mops/web/ajax_t163sb04
中游,電源供應系統,2301,光寶科,2019,4,income_statement,綜合損益總額歸屬於共同控制下前手權益,,--,sii,https://mopsov.twse.com.tw/mops/web/ajax_t163sb04
中游,電源供應系統,2301,光寶科,2019,4,income_statement,綜合損益總額歸屬於非控制權益,-236,-236,sii,https://mopsov.twse.com.tw/mops/web/ajax_t163sb04
中游,電源供應系統,2301,光寶科,2019,4,income_statement,基本每股盈餘（元）,4.03,4.03,sii,https://mopsov.twse.com.tw/mops/web/ajax_t163sb04
中游,電源供應系統,2308,台達電,2019,4,income_statement,營業收入,268131397,"268,131,397",sii,https://mopsov.twse.com.tw/mops/web/ajax_t163sb04
中游,電源供應系統,2308,台達電,2019,4,income_statement,營業成本,193635252,"193,635,252",sii,https://mopsov.twse.com.tw/mops/web/ajax_t163sb04
中游,電源供應系統,2308,台達電,2019,4,income_statement,原始認列生物資產及農產品之利益（損失）,,--,sii,https://mopsov.twse.com.tw/mops/web/ajax_t163sb04
中游,電源供應系統,2308,台達電,2019,4,income_statement,生物資產當期公允價值減出售成本之變動利益（損失）,,--,sii,https://mopsov.twse.com.tw/mops/web/ajax_t163sb04
中游,電源供應系統,2308,台達電,2019,4,income_statement,營業毛利（毛損）,74496145,"74,496,145",sii,https://mopsov.twse.com.tw/mops/web/ajax_t163sb04
中游,電源供應系統,2308,台達電,2019,4,income_statement,未實現銷貨（損）益,,--,sii,https://mopsov.twse.com.tw/mops/web/ajax_t163sb04
中游,電源供應系統,2308,台達電,2019,4,income_statement,已實現銷貨（損）益,,--,sii,https://mopsov.twse.com.tw/mops/web/ajax_t163sb04
中游,電源供應系統,2308,台達電,2019,4,income_statement,營業毛利（毛損）淨額,74496145,"74,496,145",sii,https://mopsov.twse.com.tw/mops/web/ajax_t163sb04
中游,電源供應系統,2308,台達電,2019,4,income_statement,營業費用,55087355,"55,087,355",sii,https://mopsov.twse.com.tw/mops/web/ajax_t163sb04
中游,電源供應系統,2308,台達電,2019,4,income_statement,其他收益及費損淨額,,--,sii,https://mopsov.twse.com.tw/mops/web/ajax_t163sb04
中游,電源供應系統,2308,台達電,2019,4,income_statement,營業利益（損失）,19408790,"19,408,790",sii,https://mopsov.twse.com.tw/mops/web/ajax_t163sb04
中游,電源供應系統,2308,台達電,2019,4,income_statement,營業外收入及支出,9745619,"9,745,619",sii,https://mopsov.twse.com.tw/mops/web/ajax_t163sb04
中游,電源供應系統,2308,台達電,2019,4,income_statement,稅前淨利（淨損）,29154409,"29,154,409",sii,https://mopsov.twse.com.tw/mops/web/ajax_t163sb04
中游,電源供應系統,2308,台達電,2019,4,income_statement,所得稅費用（利益）,5226653,"5,226,653",sii,https://mopsov.twse.com.tw/mops/web/ajax_t163sb04
中游,電源供應系統,2308,台達電,2019,4,income_statement,繼續營業單位本期淨利（淨損）,23927756,"23,927,756",sii,https://mopsov.twse.com.tw/mops/web/ajax_t163sb04
中游,電源供應系統,2308,台達電,2019,4,income_statement,停業單位損益,,--,sii,https://mopsov.twse.com.tw/mops/web/ajax_t163sb04
中游,電源供應系統,2308,台達電,2019,4,income_statement,合併前非屬共同控制股權損益,,--,sii,https://mopsov.twse.com.tw/mops/web/ajax_t163sb04
中游,電源供應系統,2308,台達電,2019,4,income_statement,本期淨利（淨損）,23927756,"23,927,756",sii,https://mopsov.twse.com.tw/mops/web/ajax_t163sb04
中游,電源供應系統,2308,台達電,2019,4,income_statement,其他綜合損益（淨額）,-62017,"-62,017",sii,https://mopsov.twse.com.tw/mops/web/ajax_t163sb04
中游,電源供應系統,2308,台達電,2019,4,income_statement,合併前非屬共同控制股權綜合損益淨額,,--,sii,https://mopsov.twse.com.tw/mops/web/ajax_t163sb04
中游,電源供應系統,2308,台達電,2019,4,income_statement,本期綜合損益總額,23865739,"23,865,739",sii,https://mopsov.twse.com.tw/mops/web/ajax_t163sb04
中游,電源供應系統,2308,台達電,2019,4,income_statement,淨利（淨損）歸屬於母公司業主,23117797,"23,117,797",sii,https://mopsov.twse.com.tw/mops/web/ajax_t163sb04
中游,電源供應系統,2308,台達電,2019,4,income_statement,淨利（淨損）歸屬於共同控制下前手權益,,--,sii,https://mopsov.twse.com.tw/mops/web/ajax_t163sb04
中游,電源供應系統,2308,台達電,2019,4,income_statement,淨利（淨損）歸屬於非控制權益,809959,"809,959",sii,https://mopsov.twse.com.tw/mops/web/ajax_t163sb04
中游,電源供應系統,2308,台達電,2019,4,income_statement,綜合損益總額歸屬於母公司業主,22165228,"22,165,228",sii,https://mopsov.twse.com.tw/mops/web/ajax_t163sb04
中游,電源供應系統,2308,台達電,2019,4,income_statement,綜合損益總額歸屬於共同控制下前手權益,,--,sii,https://mopsov.twse.com.tw/mops/web/ajax_t163sb04
中游,電源供應系統,2308,台達電,2019,4,income_statement,綜合損益總額歸屬於非控制權益,1700511,"1,700,511",sii,https://mopsov.twse.com.tw/mops/web/ajax_t163sb04
中游,電源供應系統,2308,台達電,2019,4,income_statement,基本每股盈餘（元）,8.9,8.90,sii,https://mopsov.twse.com.tw/mops/web/ajax_t163sb04
中游,電源供應系統,2301,光寶科,2019,4,balance_sheet,流動資產,146852680,"146,852,680",sii,https://mopsov.twse.com.tw/mops/web/ajax_t163sb05
中游,電源供應系統,2301,光寶科,2019,4,balance_sheet,非流動資產,39779823,"39,779,823",sii,https://mopsov.twse.com.tw/mops/web/ajax_t163sb05
中游,電源供應系統,2301,光寶科,2019,4,balance_sheet,資產總計,186632503,"186,632,503",sii,https://mopsov.twse.com.tw/mops/web/ajax_t163sb05
中游,電源供應系統,2301,光寶科,2019,4,balance_sheet,流動負債,109397843,"109,397,843",sii,https://mopsov.twse.com.tw/mops/web/ajax_t163sb05
中游,電源供應系統,2301,光寶科,2019,4,balance_sheet,非流動負債,2593270,"2,593,270",sii,https://mopsov.twse.com.tw/mops/web/ajax_t163sb05
中游,電源供應系統,2301,光寶科,2019,4,balance_sheet,負債總計,111991113,"111,991,113",sii,https://mopsov.twse.com.tw/mops/web/ajax_t163sb05
中游,電源供應系統,2301,光寶科,2019,4,balance_sheet,股本,23508670,"23,508,670",sii,https://mopsov.twse.com.tw/mops/web/ajax_t163sb05
中游,電源供應系統,2301,光寶科,2019,4,balance_sheet,資本公積,21819350,"21,819,350",sii,https://mopsov.twse.com.tw/mops/web/ajax_t163sb05
中游,電源供應系統,2301,光寶科,2019,4,balance_sheet,保留盈餘,33120165,"33,120,165",sii,https://mopsov.twse.com.tw/mops/web/ajax_t163sb05
中游,電源供應系統,2301,光寶科,2019,4,balance_sheet,其他權益,-4717096,"-4,717,096",sii,https://mopsov.twse.com.tw/mops/web/ajax_t163sb05
中游,電源供應系統,2301,光寶科,2019,4,balance_sheet,庫藏股票,-1271314,"-1,271,314",sii,https://mopsov.twse.com.tw/mops/web/ajax_t163sb05
中游,電源供應系統,2301,光寶科,2019,4,balance_sheet,歸屬於母公司業主之權益合計,72459775,"72,459,775",sii,https://mopsov.twse.com.tw/mops/web/ajax_t163sb05
中游,電源供應系統,2301,光寶科,2019,4,balance_sheet,共同控制下前手權益,0,0,sii,https://mopsov.twse.com.tw/mops/web/ajax_t163sb05
中游,電源供應系統,2301,光寶科,2019,4,balance_sheet,合併前非屬共同控制股權,,--,sii,https://mopsov.twse.com.tw/mops/web/ajax_t163sb05
中游,電源供應系統,2301,光寶科,2019,4,balance_sheet,非控制權益,2181615,"2,181,615",sii,https://mopsov.twse.com.tw/mops/web/ajax_t163sb05
中游,電源供應系統,2301,光寶科,2019,4,balance_sheet,權益總計,74641390,"74,641,390",sii,https://mopsov.twse.com.tw/mops/web/ajax_t163sb05
中游,電源供應系統,2301,光寶科,2019,4,balance_sheet,待註銷股本股數（單位：股）,0,0,sii,https://mopsov.twse.com.tw/mops/web/ajax_t163sb05
中游,電源供應系統,2301,光寶科,2019,4,balance_sheet,預收股款（權益項下）之約當發行股數（單位：股）,0,0,sii,https://mopsov.twse.com.tw/mops/web/ajax_t163sb05
中游,電源供應系統,2301,光寶科,2019,4,balance_sheet,母公司暨子公司所持有之母公司庫藏股股數（單位：股）,27303500,"27,303,500",sii,https://mopsov.twse.com.tw/mops/web/ajax_t163sb05
中游,電源供應系統,2301,光寶科,2019,4,balance_sheet,每股參考淨值,31.18,31.18,sii,https://mopsov.twse.com.tw/mops/web/ajax_t163sb05
中游,電源供應系統,2308,台達電,2019,4,balance_sheet,流動資產,147558191,"147,558,191",sii,https://mopsov.twse.com.tw/mops/web/ajax_t163sb05
中游,電源供應系統,2308,台達電,2019,4,balance_sheet,非流動資產,163479099,"163,479,099",sii,https://mopsov.twse.com.tw/mops/web/ajax_t163sb05
中游,電源供應系統,2308,台達電,2019,4,balance_sheet,資產總計,311037290,"311,037,290",sii,https://mopsov.twse.com.tw/mops/web/ajax_t163sb05
中游,電源供應系統,2308,台達電,2019,4,balance_sheet,流動負債,85726160,"85,726,160",sii,https://mopsov.twse.com.tw/mops/web/ajax_t163sb05
中游,電源供應系統,2308,台達電,2019,4,balance_sheet,非流動負債,50956688,"50,956,688",sii,https://mopsov.twse.com.tw/mops/web/ajax_t163sb05
中游,電源供應系統,2308,台達電,2019,4,balance_sheet,負債總計,136682848,"136,682,848",sii,https://mopsov.twse.com.tw/mops/web/ajax_t163sb05
中游,電源供應系統,2308,台達電,2019,4,balance_sheet,股本,25975433,"25,975,433",sii,https://mopsov.twse.com.tw/mops/web/ajax_t163sb05
中游,電源供應系統,2308,台達電,2019,4,balance_sheet,資本公積,49103331,"49,103,331",sii,https://mopsov.twse.com.tw/mops/web/ajax_t163sb05
中游,電源供應系統,2308,台達電,2019,4,balance_sheet,保留盈餘,72700147,"72,700,147",sii,https://mopsov.twse.com.tw/mops/web/ajax_t163sb05
中游,電源供應系統,2308,台達電,2019,4,balance_sheet,其他權益,-7622034,"-7,622,034",sii,https://mopsov.twse.com.tw/mops/web/ajax_t163sb05
中游,電源供應系統,2308,台達電,2019,4,balance_sheet,庫藏股票,,--,sii,https://mopsov.twse.com.tw/mops/web/ajax_t163sb05
中游,電源供應系統,2308,台達電,2019,4,balance_sheet,歸屬於母公司業主之權益合計,140156877,"140,156,877",sii,https://mopsov.twse.com.tw/mops/web/ajax_t163sb05
中游,電源供應系統,2308,台達電,2019,4,balance_sheet,共同控制下前手權益,,--,sii,https://mopsov.twse.com.tw/mops/web/ajax_t163sb05
中游,電源供應系統,2308,台達電,2019,4,balance_sheet,合併前非屬共同控制股權,,--,sii,https://mopsov.twse.com.tw/mops/web/ajax_t163sb05
中游,電源供應系統,2308,台達電,2019,4,balance_sheet,非控制權益,34197565,"34,197,565",sii,https://mopsov.twse.com.tw/mops/web/ajax_t163sb05
中游,電源供應系統,2308,台達電,2019,4,balance_sheet,權益總計,174354442,"174,354,442",sii,https://mopsov.twse.com.tw/mops/web/ajax_t163sb05
中游,電源供應系統,2308,台達電,2019,4,balance_sheet,待註銷股本股數（單位：股）,,--,sii,https://mopsov.twse.com.tw/mops/web/ajax_t163sb05
中游,電源供應系統,2308,台達電,2019,4,balance_sheet,預收股款（權益項下）之約當發行股數（單位：股）,0,0,sii,https://mopsov.twse.com.tw/mops/web/ajax_t163sb05
中游,電源供應系統,2308,台達電,2019,4,balance_sheet,母公司暨子公司所持有之母公司庫藏股股數（單位：股）,0,0,sii,https://mopsov.twse.com.tw/mops/web/ajax_t163sb05
中游,電源供應系統,2308,台達電,2019,4,balance_sheet,每股參考淨值,53.96,53.96,sii,https://mopsov.twse.com.tw/mops/web/ajax_t163sb05
中游,電源供應系統,2301,光寶科,2019,4,cash_flow,營業活動之淨現金流入（流出）,19761747,"19,761,747",sii,https://mopsov.twse.com.tw/mops/web/ajax_t163sb20
中游,電源供應系統,2301,光寶科,2019,4,cash_flow,投資活動之淨現金流入（流出）,-3837988,"-3,837,988",sii,https://mopsov.twse.com.tw/mops/web/ajax_t163sb20
中游,電源供應系統,2301,光寶科,2019,4,cash_flow,籌資活動之淨現金流入（流出）,-7623818,"-7,623,818",sii,https://mopsov.twse.com.tw/mops/web/ajax_t163sb20
中游,電源供應系統,2301,光寶科,2019,4,cash_flow,匯率變動對現金及約當現金之影響,-1808492,"-1,808,492",sii,https://mopsov.twse.com.tw/mops/web/ajax_t163sb20
中游,電源供應系統,2301,光寶科,2019,4,cash_flow,本期現金及約當現金增加（減少）數,6491449,"6,491,449",sii,https://mopsov.twse.com.tw/mops/web/ajax_t163sb20
中游,電源供應系統,2301,光寶科,2019,4,cash_flow,期初現金及約當現金餘額,63285301,"63,285,301",sii,https://mopsov.twse.com.tw/mops/web/ajax_t163sb20
中游,電源供應系統,2301,光寶科,2019,4,cash_flow,期末現金及約當現金餘額,69776750,"69,776,750",sii,https://mopsov.twse.com.tw/mops/web/ajax_t163sb20
中游,電源供應系統,2308,台達電,2019,4,cash_flow,營業活動之淨現金流入（流出）,41910768,"41,910,768",sii,https://mopsov.twse.com.tw/mops/web/ajax_t163sb20
中游,電源供應系統,2308,台達電,2019,4,cash_flow,投資活動之淨現金流入（流出）,-40527918,"-40,527,918",sii,https://mopsov.twse.com.tw/mops/web/ajax_t163sb20
中游,電源供應系統,2308,台達電,2019,4,cash_flow,籌資活動之淨現金流入（流出）,-16445717,"-16,445,717",sii,https://mopsov.twse.com.tw/mops/web/ajax_t163sb20
中游,電源供應系統,2308,台達電,2019,4,cash_flow,匯率變動對現金及約當現金之影響,-595829,"-595,829",sii,https://mopsov.twse.com.tw/mops/web/ajax_t163sb20
中游,電源供應系統,2308,台達電,2019,4,cash_flow,本期現金及約當現金增加（減少）數,-15658696,"-15,658,696",sii,https://mopsov.twse.com.tw/mops/web/ajax_t163sb20
中游,電源供應系統,2308,台達電,2019,4,cash_flow,期初現金及約當現金餘額,59618697,"59,618,697",sii,https://mopsov.twse.com.tw/mops/web/ajax_t163sb20
中游,電源供應系統,2308,台達電,2019,4,cash_flow,期末現金及約當現金餘額,43960001,"43,960,001",sii,https://mopsov.twse.com.tw/mops/web/ajax_t163sb20
中游,電源供應系統,2301,光寶科,2020,1,income_statement,營業收入,32575702,"32,575,702",sii,https://mopsov.twse.com.tw/mops/web/ajax_t163sb04
中游,電源供應系統,2301,光寶科,2020,1,income_statement,營業成本,27858716,"27,858,716",sii,https://mopsov.twse.com.tw/mops/web/ajax_t163sb04
中游,電源供應系統,2301,光寶科,2020,1,income_statement,原始認列生物資產及農產品之利益（損失）,,--,sii,https://mopsov.twse.com.tw/mops/web/ajax_t163sb04
中游,電源供應系統,2301,光寶科,2020,1,income_statement,生物資產當期公允價值減出售成本之變動利益（損失）,,--,sii,https://mopsov.twse.com.tw/mops/web/ajax_t163sb04
中游,電源供應系統,2301,光寶科,2020,1,income_statement,營業毛利（毛損）,4716986,"4,716,986",sii,https://mopsov.twse.com.tw/mops/web/ajax_t163sb04
中游,電源供應系統,2301,光寶科,2020,1,income_statement,未實現銷貨（損）益,,--,sii,https://mopsov.twse.com.tw/mops/web/ajax_t163sb04
中游,電源供應系統,2301,光寶科,2020,1,income_statement,已實現銷貨（損）益,,--,sii,https://mopsov.twse.com.tw/mops/web/ajax_t163sb04
中游,電源供應系統,2301,光寶科,2020,1,income_statement,營業毛利（毛損）淨額,4716986,"4,716,986",sii,https://mopsov.twse.com.tw/mops/web/ajax_t163sb04
中游,電源供應系統,2301,光寶科,2020,1,income_statement,營業費用,3964541,"3,964,541",sii,https://mopsov.twse.com.tw/mops/web/ajax_t163sb04
中游,電源供應系統,2301,光寶科,2020,1,income_statement,其他收益及費損淨額,,--,sii,https://mopsov.twse.com.tw/mops/web/ajax_t163sb04
中游,電源供應系統,2301,光寶科,2020,1,income_statement,營業利益（損失）,752445,"752,445",sii,https://mopsov.twse.com.tw/mops/web/ajax_t163sb04
中游,電源供應系統,2301,光寶科,2020,1,income_statement,營業外收入及支出,960174,"960,174",sii,https://mopsov.twse.com.tw/mops/web/ajax_t163sb04
中游,電源供應系統,2301,光寶科,2020,1,income_statement,稅前淨利（淨損）,1712619,"1,712,619",sii,https://mopsov.twse.com.tw/mops/web/ajax_t163sb04
中游,電源供應系統,2301,光寶科,2020,1,income_statement,所得稅費用（利益）,393929,"393,929",sii,https://mopsov.twse.com.tw/mops/web/ajax_t163sb04
中游,電源供應系統,2301,光寶科,2020,1,income_statement,繼續營業單位本期淨利（淨損）,1318690,"1,318,690",sii,https://mopsov.twse.com.tw/mops/web/ajax_t163sb04
中游,電源供應系統,2301,光寶科,2020,1,income_statement,停業單位損益,,--,sii,https://mopsov.twse.com.tw/mops/web/ajax_t163sb04
中游,電源供應系統,2301,光寶科,2020,1,income_statement,合併前非屬共同控制股權損益,,--,sii,https://mopsov.twse.com.tw/mops/web/ajax_t163sb04
中游,電源供應系統,2301,光寶科,2020,1,income_statement,本期淨利（淨損）,1318690,"1,318,690",sii,https://mopsov.twse.com.tw/mops/web/ajax_t163sb04
中游,電源供應系統,2301,光寶科,2020,1,income_statement,其他綜合損益（淨額）,-646646,"-646,646",sii,https://mopsov.twse.com.tw/mops/web/ajax_t163sb04
中游,電源供應系統,2301,光寶科,2020,1,income_statement,合併前非屬共同控制股權綜合損益淨額,,--,sii,https://mopsov.twse.com.tw/mops/web/ajax_t163sb04
中游,電源供應系統,2301,光寶科,2020,1,income_statement,本期綜合損益總額,672044,"672,044",sii,https://mopsov.twse.com.tw/mops/web/ajax_t163sb04
中游,電源供應系統,2301,光寶科,2020,1,income_statement,淨利（淨損）歸屬於母公司業主,1572498,"1,572,498",sii,https://mopsov.twse.com.tw/mops/web/ajax_t163sb04
中游,電源供應系統,2301,光寶科,2020,1,income_statement,淨利（淨損）歸屬於共同控制下前手權益,,--,sii,https://mopsov.twse.com.tw/mops/web/ajax_t163sb04
中游,電源供應系統,2301,光寶科,2020,1,income_statement,淨利（淨損）歸屬於非控制權益,-253808,"-253,808",sii,https://mopsov.twse.com.tw/mops/web/ajax_t163sb04
中游,電源供應系統,2301,光寶科,2020,1,income_statement,綜合損益總額歸屬於母公司業主,939286,"939,286",sii,https://mopsov.twse.com.tw/mops/web/ajax_t163sb04
中游,電源供應系統,2301,光寶科,2020,1,income_statement,綜合損益總額歸屬於共同控制下前手權益,,--,sii,https://mopsov.twse.com.tw/mops/web/ajax_t163sb04
中游,電源供應系統,2301,光寶科,2020,1,income_statement,綜合損益總額歸屬於非控制權益,-267242,"-267,242",sii,https://mopsov.twse.com.tw/mops/web/ajax_t163sb04
中游,電源供應系統,2301,光寶科,2020,1,income_statement,基本每股盈餘（元）,0.68,0.68,sii,https://mopsov.twse.com.tw/mops/web/ajax_t163sb04
中游,電源供應系統,2308,台達電,2020,1,income_statement,營業收入,55678341,"55,678,341",sii,https://mopsov.twse.com.tw/mops/web/ajax_t163sb04
中游,電源供應系統,2308,台達電,2020,1,income_statement,營業成本,40934614,"40,934,614",sii,https://mopsov.twse.com.tw/mops/web/ajax_t163sb04
中游,電源供應系統,2308,台達電,2020,1,income_statement,原始認列生物資產及農產品之利益（損失）,,--,sii,https://mopsov.twse.com.tw/mops/web/ajax_t163sb04
中游,電源供應系統,2308,台達電,2020,1,income_statement,生物資產當期公允價值減出售成本之變動利益（損失）,,--,sii,https://mopsov.twse.com.tw/mops/web/ajax_t163sb04
中游,電源供應系統,2308,台達電,2020,1,income_statement,營業毛利（毛損）,14743727,"14,743,727",sii,https://mopsov.twse.com.tw/mops/web/ajax_t163sb04
中游,電源供應系統,2308,台達電,2020,1,income_statement,未實現銷貨（損）益,,--,sii,https://mopsov.twse.com.tw/mops/web/ajax_t163sb04
中游,電源供應系統,2308,台達電,2020,1,income_statement,已實現銷貨（損）益,,--,sii,https://mopsov.twse.com.tw/mops/web/ajax_t163sb04
中游,電源供應系統,2308,台達電,2020,1,income_statement,營業毛利（毛損）淨額,14743727,"14,743,727",sii,https://mopsov.twse.com.tw/mops/web/ajax_t163sb04
中游,電源供應系統,2308,台達電,2020,1,income_statement,營業費用,12764237,"12,764,237",sii,https://mopsov.twse.com.tw/mops/web/ajax_t163sb04
中游,電源供應系統,2308,台達電,2020,1,income_statement,其他收益及費損淨額,,--,sii,https://mopsov.twse.com.tw/mops/web/ajax_t163sb04
中游,電源供應系統,2308,台達電,2020,1,income_statement,營業利益（損失）,1979490,"1,979,490",sii,https://mopsov.twse.com.tw/mops/web/ajax_t163sb04
中游,電源供應系統,2308,台達電,2020,1,income_statement,營業外收入及支出,857026,"857,026",sii,https://mopsov.twse.com.tw/mops/web/ajax_t163sb04
中游,電源供應系統,2308,台達電,2020,1,income_statement,稅前淨利（淨損）,2836516,"2,836,516",sii,https://mopsov.twse.com.tw/mops/web/ajax_t163sb04
中游,電源供應系統,2308,台達電,2020,1,income_statement,所得稅費用（利益）,608447,"608,447",sii,https://mopsov.twse.com.tw/mops/web/ajax_t163sb04
中游,電源供應系統,2308,台達電,2020,1,income_statement,繼續營業單位本期淨利（淨損）,2228069,"2,228,069",sii,https://mopsov.twse.com.tw/mops/web/ajax_t163sb04
中游,電源供應系統,2308,台達電,2020,1,income_statement,停業單位損益,,--,sii,https://mopsov.twse.com.tw/mops/web/ajax_t163sb04
中游,電源供應系統,2308,台達電,2020,1,income_statement,合併前非屬共同控制股權損益,,--,sii,https://mopsov.twse.com.tw/mops/web/ajax_t163sb04
中游,電源供應系統,2308,台達電,2020,1,income_statement,本期淨利（淨損）,2228069,"2,228,069",sii,https://mopsov.twse.com.tw/mops/web/ajax_t163sb04
中游,電源供應系統,2308,台達電,2020,1,income_statement,其他綜合損益（淨額）,-3832621,"-3,832,621",sii,https://mopsov.twse.com.tw/mops/web/ajax_t163sb04
中游,電源供應系統,2308,台達電,2020,1,income_statement,合併前非屬共同控制股權綜合損益淨額,,--,sii,https://mopsov.twse.com.tw/mops/web/ajax_t163sb04
中游,電源供應系統,2308,台達電,2020,1,income_statement,本期綜合損益總額,-1604552,"-1,604,552",sii,https://mopsov.twse.com.tw/mops/web/ajax_t163sb04
中游,電源供應系統,2308,台達電,2020,1,income_statement,淨利（淨損）歸屬於母公司業主,2067299,"2,067,299",sii,https://mopsov.twse.com.tw/mops/web/ajax_t163sb04
中游,電源供應系統,2308,台達電,2020,1,income_statement,淨利（淨損）歸屬於共同控制下前手權益,,--,sii,https://mopsov.twse.com.tw/mops/web/ajax_t163sb04
中游,電源供應系統,2308,台達電,2020,1,income_statement,淨利（淨損）歸屬於非控制權益,160770,"160,770",sii,https://mopsov.twse.com.tw/mops/web/ajax_t163sb04
中游,電源供應系統,2308,台達電,2020,1,income_statement,綜合損益總額歸屬於母公司業主,-770179,"-770,179",sii,https://mopsov.twse.com.tw/mops/web/ajax_t163sb04
中游,電源供應系統,2308,台達電,2020,1,income_statement,綜合損益總額歸屬於共同控制下前手權益,,--,sii,https://mopsov.twse.com.tw/mops/web/ajax_t163sb04
中游,電源供應系統,2308,台達電,2020,1,income_statement,綜合損益總額歸屬於非控制權益,-834373,"-834,373",sii,https://mopsov.twse.com.tw/mops/web/ajax_t163sb04
中游,電源供應系統,2308,台達電,2020,1,income_statement,基本每股盈餘（元）,0.8,0.80,sii,https://mopsov.twse.com.tw/mops/web/ajax_t163sb04
中游,電源供應系統,2301,光寶科,2020,1,balance_sheet,流動資產,135928062,"135,928,062",sii,https://mopsov.twse.com.tw/mops/web/ajax_t163sb05
中游,電源供應系統,2301,光寶科,2020,1,balance_sheet,非流動資產,39196122,"39,196,122",sii,https://mopsov.twse.com.tw/mops/web/ajax_t163sb05
中游,電源供應系統,2301,光寶科,2020,1,balance_sheet,資產總計,175124184,"175,124,184",sii,https://mopsov.twse.com.tw/mops/web/ajax_t163sb05
中游,電源供應系統,2301,光寶科,2020,1,balance_sheet,流動負債,105007284,"105,007,284",sii,https://mopsov.twse.com.tw/mops/web/ajax_t163sb05
中游,電源供應系統,2301,光寶科,2020,1,balance_sheet,非流動負債,2341063,"2,341,063",sii,https://mopsov.twse.com.tw/mops/web/ajax_t163sb05
中游,電源供應系統,2301,光寶科,2020,1,balance_sheet,負債總計,107348347,"107,348,347",sii,https://mopsov.twse.com.tw/mops/web/ajax_t163sb05
中游,電源供應系統,2301,光寶科,2020,1,balance_sheet,股本,23508670,"23,508,670",sii,https://mopsov.twse.com.tw/mops/web/ajax_t163sb05
中游,電源供應系統,2301,光寶科,2020,1,balance_sheet,資本公積,21803690,"21,803,690",sii,https://mopsov.twse.com.tw/mops/web/ajax_t163sb05
中游,電源供應系統,2301,光寶科,2020,1,balance_sheet,保留盈餘,27175281,"27,175,281",sii,https://mopsov.twse.com.tw/mops/web/ajax_t163sb05
中游,電源供應系統,2301,光寶科,2020,1,balance_sheet,其他權益,-5354222,"-5,354,222",sii,https://mopsov.twse.com.tw/mops/web/ajax_t163sb05
中游,電源供應系統,2301,光寶科,2020,1,balance_sheet,庫藏股票,-1271314,"-1,271,314",sii,https://mopsov.twse.com.tw/mops/web/ajax_t163sb05
中游,電源供應系統,2301,光寶科,2020,1,balance_sheet,歸屬於母公司業主之權益合計,65862105,"65,862,105",sii,https://mopsov.twse.com.tw/mops/web/ajax_t163sb05
中游,電源供應系統,2301,光寶科,2020,1,balance_sheet,共同控制下前手權益,,--,sii,https://mopsov.twse.com.tw/mops/web/ajax_t163sb05
中游,電源供應系統,2301,光寶科,2020,1,balance_sheet,合併前非屬共同控制股權,,--,sii,https://mopsov.twse.com.tw/mops/web/ajax_t163sb05
中游,電源供應系統,2301,光寶科,2020,1,balance_sheet,非控制權益,1913732,"1,913,732",sii,https://mopsov.twse.com.tw/mops/web/ajax_t163sb05
中游,電源供應系統,2301,光寶科,2020,1,balance_sheet,權益總計,67775837,"67,775,837",sii,https://mopsov.twse.com.tw/mops/web/ajax_t163sb05
中游,電源供應系統,2301,光寶科,2020,1,balance_sheet,待註銷股本股數（單位：股）,,--,sii,https://mopsov.twse.com.tw/mops/web/ajax_t163sb05
中游,電源供應系統,2301,光寶科,2020,1,balance_sheet,預收股款（權益項下）之約當發行股數（單位：股）,0,0,sii,https://mopsov.twse.com.tw/mops/web/ajax_t163sb05
中游,電源供應系統,2301,光寶科,2020,1,balance_sheet,母公司暨子公司所持有之母公司庫藏股股數（單位：股）,27303500,"27,303,500",sii,https://mopsov.twse.com.tw/mops/web/ajax_t163sb05
中游,電源供應系統,2301,光寶科,2020,1,balance_sheet,每股參考淨值,28.35,28.35,sii,https://mopsov.twse.com.tw/mops/web/ajax_t163sb05
中游,電源供應系統,2308,台達電,2020,1,balance_sheet,流動資產,142704730,"142,704,730",sii,https://mopsov.twse.com.tw/mops/web/ajax_t163sb05
中游,電源供應系統,2308,台達電,2020,1,balance_sheet,非流動資產,163049152,"163,049,152",sii,https://mopsov.twse.com.tw/mops/web/ajax_t163sb05
中游,電源供應系統,2308,台達電,2020,1,balance_sheet,資產總計,305753882,"305,753,882",sii,https://mopsov.twse.com.tw/mops/web/ajax_t163sb05
中游,電源供應系統,2308,台達電,2020,1,balance_sheet,流動負債,81491820,"81,491,820",sii,https://mopsov.twse.com.tw/mops/web/ajax_t163sb05
中游,電源供應系統,2308,台達電,2020,1,balance_sheet,非流動負債,51951689,"51,951,689",sii,https://mopsov.twse.com.tw/mops/web/ajax_t163sb05
中游,電源供應系統,2308,台達電,2020,1,balance_sheet,負債總計,133443509,"133,443,509",sii,https://mopsov.twse.com.tw/mops/web/ajax_t163sb05
中游,電源供應系統,2308,台達電,2020,1,balance_sheet,股本,25975433,"25,975,433",sii,https://mopsov.twse.com.tw/mops/web/ajax_t163sb05
中游,電源供應系統,2308,台達電,2020,1,balance_sheet,資本公積,49431190,"49,431,190",sii,https://mopsov.twse.com.tw/mops/web/ajax_t163sb05
中游,電源供應系統,2308,台達電,2020,1,balance_sheet,保留盈餘,74264865,"74,264,865",sii,https://mopsov.twse.com.tw/mops/web/ajax_t163sb05
中游,電源供應系統,2308,台達電,2020,1,balance_sheet,其他權益,-9956931,"-9,956,931",sii,https://mopsov.twse.com.tw/mops/web/ajax_t163sb05
中游,電源供應系統,2308,台達電,2020,1,balance_sheet,庫藏股票,,--,sii,https://mopsov.twse.com.tw/mops/web/ajax_t163sb05
中游,電源供應系統,2308,台達電,2020,1,balance_sheet,歸屬於母公司業主之權益合計,139714557,"139,714,557",sii,https://mopsov.twse.com.tw/mops/web/ajax_t163sb05
中游,電源供應系統,2308,台達電,2020,1,balance_sheet,共同控制下前手權益,,--,sii,https://mopsov.twse.com.tw/mops/web/ajax_t163sb05
中游,電源供應系統,2308,台達電,2020,1,balance_sheet,合併前非屬共同控制股權,,--,sii,https://mopsov.twse.com.tw/mops/web/ajax_t163sb05
中游,電源供應系統,2308,台達電,2020,1,balance_sheet,非控制權益,32595816,"32,595,816",sii,https://mopsov.twse.com.tw/mops/web/ajax_t163sb05
中游,電源供應系統,2308,台達電,2020,1,balance_sheet,權益總計,172310373,"172,310,373",sii,https://mopsov.twse.com.tw/mops/web/ajax_t163sb05
中游,電源供應系統,2308,台達電,2020,1,balance_sheet,待註銷股本股數（單位：股）,,--,sii,https://mopsov.twse.com.tw/mops/web/ajax_t163sb05
中游,電源供應系統,2308,台達電,2020,1,balance_sheet,預收股款（權益項下）之約當發行股數（單位：股）,0,0,sii,https://mopsov.twse.com.tw/mops/web/ajax_t163sb05
中游,電源供應系統,2308,台達電,2020,1,balance_sheet,母公司暨子公司所持有之母公司庫藏股股數（單位：股）,0,0,sii,https://mopsov.twse.com.tw/mops/web/ajax_t163sb05
中游,電源供應系統,2308,台達電,2020,1,balance_sheet,每股參考淨值,53.79,53.79,sii,https://mopsov.twse.com.tw/mops/web/ajax_t163sb05
中游,電源供應系統,2301,光寶科,2020,1,cash_flow,營業活動之淨現金流入（流出）,4629589,"4,629,589",sii,https://mopsov.twse.com.tw/mops/web/ajax_t163sb20
中游,電源供應系統,2301,光寶科,2020,1,cash_flow,投資活動之淨現金流入（流出）,-751577,"-751,577",sii,https://mopsov.twse.com.tw/mops/web/ajax_t163sb20
中游,電源供應系統,2301,光寶科,2020,1,cash_flow,籌資活動之淨現金流入（流出）,1403626,"1,403,626",sii,https://mopsov.twse.com.tw/mops/web/ajax_t163sb20
中游,電源供應系統,2301,光寶科,2020,1,cash_flow,匯率變動對現金及約當現金之影響,-524834,"-524,834",sii,https://mopsov.twse.com.tw/mops/web/ajax_t163sb20
中游,電源供應系統,2301,光寶科,2020,1,cash_flow,本期現金及約當現金增加（減少）數,4756804,"4,756,804",sii,https://mopsov.twse.com.tw/mops/web/ajax_t163sb20
中游,電源供應系統,2301,光寶科,2020,1,cash_flow,期初現金及約當現金餘額,69776750,"69,776,750",sii,https://mopsov.twse.com.tw/mops/web/ajax_t163sb20
中游,電源供應系統,2301,光寶科,2020,1,cash_flow,期末現金及約當現金餘額,74533554,"74,533,554",sii,https://mopsov.twse.com.tw/mops/web/ajax_t163sb20
中游,電源供應系統,2308,台達電,2020,1,cash_flow,營業活動之淨現金流入（流出）,8944433,"8,944,433",sii,https://mopsov.twse.com.tw/mops/web/ajax_t163sb20
中游,電源供應系統,2308,台達電,2020,1,cash_flow,投資活動之淨現金流入（流出）,-4350982,"-4,350,982",sii,https://mopsov.twse.com.tw/mops/web/ajax_t163sb20
中游,電源供應系統,2308,台達電,2020,1,cash_flow,籌資活動之淨現金流入（流出）,3392770,"3,392,770",sii,https://mopsov.twse.com.tw/mops/web/ajax_t163sb20
中游,電源供應系統,2308,台達電,2020,1,cash_flow,匯率變動對現金及約當現金之影響,-2355379,"-2,355,379",sii,https://mopsov.twse.com.tw/mops/web/ajax_t163sb20
中游,電源供應系統,2308,台達電,2020,1,cash_flow,本期現金及約當現金增加（減少）數,5630842,"5,630,842",sii,https://mopsov.twse.com.tw/mops/web/ajax_t163sb20
中游,電源供應系統,2308,台達電,2020,1,cash_flow,期初現金及約當現金餘額,43960001,"43,960,001",sii,https://mopsov.twse.com.tw/mops/web/ajax_t163sb20
中游,電源供應系統,2308,台達電,2020,1,cash_flow,期末現金及約當現金餘額,49590843,"49,590,843",sii,https://mopsov.twse.com.tw/mops/web/ajax_t163sb20
中游,電源供應系統,2301,光寶科,2020,2,income_statement,營業收入,74372006,"74,372,006",sii,https://mopsov.twse.com.tw/mops/web/ajax_t163sb04
中游,電源供應系統,2301,光寶科,2020,2,income_statement,營業成本,61541140,"61,541,140",sii,https://mopsov.twse.com.tw/mops/web/ajax_t163sb04
中游,電源供應系統,2301,光寶科,2020,2,income_statement,原始認列生物資產及農產品之利益（損失）,,--,sii,https://mopsov.twse.com.tw/mops/web/ajax_t163sb04
中游,電源供應系統,2301,光寶科,2020,2,income_statement,生物資產當期公允價值減出售成本之變動利益（損失）,,--,sii,https://mopsov.twse.com.tw/mops/web/ajax_t163sb04
中游,電源供應系統,2301,光寶科,2020,2,income_statement,營業毛利（毛損）,12830866,"12,830,866",sii,https://mopsov.twse.com.tw/mops/web/ajax_t163sb04
中游,電源供應系統,2301,光寶科,2020,2,income_statement,未實現銷貨（損）益,,--,sii,https://mopsov.twse.com.tw/mops/web/ajax_t163sb04
中游,電源供應系統,2301,光寶科,2020,2,income_statement,已實現銷貨（損）益,,--,sii,https://mopsov.twse.com.tw/mops/web/ajax_t163sb04
中游,電源供應系統,2301,光寶科,2020,2,income_statement,營業毛利（毛損）淨額,12830866,"12,830,866",sii,https://mopsov.twse.com.tw/mops/web/ajax_t163sb04
中游,電源供應系統,2301,光寶科,2020,2,income_statement,營業費用,8431987,"8,431,987",sii,https://mopsov.twse.com.tw/mops/web/ajax_t163sb04
中游,電源供應系統,2301,光寶科,2020,2,income_statement,其他收益及費損淨額,,--,sii,https://mopsov.twse.com.tw/mops/web/ajax_t163sb04
中游,電源供應系統,2301,光寶科,2020,2,income_statement,營業利益（損失）,4398879,"4,398,879",sii,https://mopsov.twse.com.tw/mops/web/ajax_t163sb04
中游,電源供應系統,2301,光寶科,2020,2,income_statement,營業外收入及支出,1794582,"1,794,582",sii,https://mopsov.twse.com.tw/mops/web/ajax_t163sb04
中游,電源供應系統,2301,光寶科,2020,2,income_statement,稅前淨利（淨損）,6193461,"6,193,461",sii,https://mopsov.twse.com.tw/mops/web/ajax_t163sb04
中游,電源供應系統,2301,光寶科,2020,2,income_statement,所得稅費用（利益）,1424193,"1,424,193",sii,https://mopsov.twse.com.tw/mops/web/ajax_t163sb04
中游,電源供應系統,2301,光寶科,2020,2,income_statement,繼續營業單位本期淨利（淨損）,4769268,"4,769,268",sii,https://mopsov.twse.com.tw/mops/web/ajax_t163sb04
中游,電源供應系統,2301,光寶科,2020,2,income_statement,停業單位損益,,--,sii,https://mopsov.twse.com.tw/mops/web/ajax_t163sb04
中游,電源供應系統,2301,光寶科,2020,2,income_statement,合併前非屬共同控制股權損益,,--,sii,https://mopsov.twse.com.tw/mops/web/ajax_t163sb04
中游,電源供應系統,2301,光寶科,2020,2,income_statement,本期淨利（淨損）,4769268,"4,769,268",sii,https://mopsov.twse.com.tw/mops/web/ajax_t163sb04
中游,電源供應系統,2301,光寶科,2020,2,income_statement,其他綜合損益（淨額）,-1617160,"-1,617,160",sii,https://mopsov.twse.com.tw/mops/web/ajax_t163sb04
中游,電源供應系統,2301,光寶科,2020,2,income_statement,合併前非屬共同控制股權綜合損益淨額,,--,sii,https://mopsov.twse.com.tw/mops/web/ajax_t163sb04
中游,電源供應系統,2301,光寶科,2020,2,income_statement,本期綜合損益總額,3152108,"3,152,108",sii,https://mopsov.twse.com.tw/mops/web/ajax_t163sb04
中游,電源供應系統,2301,光寶科,2020,2,income_statement,淨利（淨損）歸屬於母公司業主,5017349,"5,017,349",sii,https://mopsov.twse.com.tw/mops/web/ajax_t163sb04
中游,電源供應系統,2301,光寶科,2020,2,income_statement,淨利（淨損）歸屬於共同控制下前手權益,,--,sii,https://mopsov.twse.com.tw/mops/web/ajax_t163sb04
中游,電源供應系統,2301,光寶科,2020,2,income_statement,淨利（淨損）歸屬於非控制權益,-248081,"-248,081",sii,https://mopsov.twse.com.tw/mops/web/ajax_t163sb04
中游,電源供應系統,2301,光寶科,2020,2,income_statement,綜合損益總額歸屬於母公司業主,3447358,"3,447,358",sii,https://mopsov.twse.com.tw/mops/web/ajax_t163sb04
中游,電源供應系統,2301,光寶科,2020,2,income_statement,綜合損益總額歸屬於共同控制下前手權益,,--,sii,https://mopsov.twse.com.tw/mops/web/ajax_t163sb04
中游,電源供應系統,2301,光寶科,2020,2,income_statement,綜合損益總額歸屬於非控制權益,-295250,"-295,250",sii,https://mopsov.twse.com.tw/mops/web/ajax_t163sb04
中游,電源供應系統,2301,光寶科,2020,2,income_statement,基本每股盈餘（元）,2.16,2.16,sii,https://mopsov.twse.com.tw/mops/web/ajax_t163sb04
中游,電源供應系統,2308,台達電,2020,2,income_statement,營業收入,126372792,"126,372,792",sii,https://mopsov.twse.com.tw/mops/web/ajax_t163sb04
中游,電源供應系統,2308,台達電,2020,2,income_statement,營業成本,88394757,"88,394,757",sii,https://mopsov.twse.com.tw/mops/web/ajax_t163sb04
中游,電源供應系統,2308,台達電,2020,2,income_statement,原始認列生物資產及農產品之利益（損失）,,--,sii,https://mopsov.twse.com.tw/mops/web/ajax_t163sb04
中游,電源供應系統,2308,台達電,2020,2,income_statement,生物資產當期公允價值減出售成本之變動利益（損失）,,--,sii,https://mopsov.twse.com.tw/mops/web/ajax_t163sb04
中游,電源供應系統,2308,台達電,2020,2,income_statement,營業毛利（毛損）,37978035,"37,978,035",sii,https://mopsov.twse.com.tw/mops/web/ajax_t163sb04
中游,電源供應系統,2308,台達電,2020,2,income_statement,未實現銷貨（損）益,,--,sii,https://mopsov.twse.com.tw/mops/web/ajax_t163sb04
中游,電源供應系統,2308,台達電,2020,2,income_statement,已實現銷貨（損）益,,--,sii,https://mopsov.twse.com.tw/mops/web/ajax_t163sb04
中游,電源供應系統,2308,台達電,2020,2,income_statement,營業毛利（毛損）淨額,37978035,"37,978,035",sii,https://mopsov.twse.com.tw/mops/web/ajax_t163sb04
中游,電源供應系統,2308,台達電,2020,2,income_statement,營業費用,26733141,"26,733,141",sii,https://mopsov.twse.com.tw/mops/web/ajax_t163sb04
中游,電源供應系統,2308,台達電,2020,2,income_statement,其他收益及費損淨額,,--,sii,https://mopsov.twse.com.tw/mops/web/ajax_t163sb04
中游,電源供應系統,2308,台達電,2020,2,income_statement,營業利益（損失）,11244894,"11,244,894",sii,https://mopsov.twse.com.tw/mops/web/ajax_t163sb04
中游,電源供應系統,2308,台達電,2020,2,income_statement,營業外收入及支出,1785842,"1,785,842",sii,https://mopsov.twse.com.tw/mops/web/ajax_t163sb04
中游,電源供應系統,2308,台達電,2020,2,income_statement,稅前淨利（淨損）,13030736,"13,030,736",sii,https://mopsov.twse.com.tw/mops/web/ajax_t163sb04
中游,電源供應系統,2308,台達電,2020,2,income_statement,所得稅費用（利益）,2681406,"2,681,406",sii,https://mopsov.twse.com.tw/mops/web/ajax_t163sb04
中游,電源供應系統,2308,台達電,2020,2,income_statement,繼續營業單位本期淨利（淨損）,10349330,"10,349,330",sii,https://mopsov.twse.com.tw/mops/web/ajax_t163sb04
中游,電源供應系統,2308,台達電,2020,2,income_statement,停業單位損益,,--,sii,https://mopsov.twse.com.tw/mops/web/ajax_t163sb04
中游,電源供應系統,2308,台達電,2020,2,income_statement,合併前非屬共同控制股權損益,,--,sii,https://mopsov.twse.com.tw/mops/web/ajax_t163sb04
中游,電源供應系統,2308,台達電,2020,2,income_statement,本期淨利（淨損）,10349330,"10,349,330",sii,https://mopsov.twse.com.tw/mops/web/ajax_t163sb04
中游,電源供應系統,2308,台達電,2020,2,income_statement,其他綜合損益（淨額）,-5350764,"-5,350,764",sii,https://mopsov.twse.com.tw/mops/web/ajax_t163sb04
中游,電源供應系統,2308,台達電,2020,2,income_statement,合併前非屬共同控制股權綜合損益淨額,,--,sii,https://mopsov.twse.com.tw/mops/web/ajax_t163sb04
中游,電源供應系統,2308,台達電,2020,2,income_statement,本期綜合損益總額,4998566,"4,998,566",sii,https://mopsov.twse.com.tw/mops/web/ajax_t163sb04
中游,電源供應系統,2308,台達電,2020,2,income_statement,淨利（淨損）歸屬於母公司業主,9664753,"9,664,753",sii,https://mopsov.twse.com.tw/mops/web/ajax_t163sb04
中游,電源供應系統,2308,台達電,2020,2,income_statement,淨利（淨損）歸屬於共同控制下前手權益,,--,sii,https://mopsov.twse.com.tw/mops/web/ajax_t163sb04
中游,電源供應系統,2308,台達電,2020,2,income_statement,淨利（淨損）歸屬於非控制權益,684577,"684,577",sii,https://mopsov.twse.com.tw/mops/web/ajax_t163sb04
中游,電源供應系統,2308,台達電,2020,2,income_statement,綜合損益總額歸屬於母公司業主,5550153,"5,550,153",sii,https://mopsov.twse.com.tw/mops/web/ajax_t163sb04
中游,電源供應系統,2308,台達電,2020,2,income_statement,綜合損益總額歸屬於共同控制下前手權益,,--,sii,https://mopsov.twse.com.tw/mops/web/ajax_t163sb04
中游,電源供應系統,2308,台達電,2020,2,income_statement,綜合損益總額歸屬於非控制權益,-551587,"-551,587",sii,https://mopsov.twse.com.tw/mops/web/ajax_t163sb04
中游,電源供應系統,2308,台達電,2020,2,income_statement,基本每股盈餘（元）,3.72,3.72,sii,https://mopsov.twse.com.tw/mops/web/ajax_t163sb04
中游,電源供應系統,2301,光寶科,2020,2,balance_sheet,流動資產,139831355,"139,831,355",sii,https://mopsov.twse.com.tw/mops/web/ajax_t163sb05
中游,電源供應系統,2301,光寶科,2020,2,balance_sheet,非流動資產,39064022,"39,064,022",sii,https://mopsov.twse.com.tw/mops/web/ajax_t163sb05
中游,電源供應系統,2301,光寶科,2020,2,balance_sheet,資產總計,178895377,"178,895,377",sii,https://mopsov.twse.com.tw/mops/web/ajax_t163sb05
中游,電源供應系統,2301,光寶科,2020,2,balance_sheet,流動負債,105855022,"105,855,022",sii,https://mopsov.twse.com.tw/mops/web/ajax_t163sb05
中游,電源供應系統,2301,光寶科,2020,2,balance_sheet,非流動負債,2439496,"2,439,496",sii,https://mopsov.twse.com.tw/mops/web/ajax_t163sb05
中游,電源供應系統,2301,光寶科,2020,2,balance_sheet,負債總計,108294518,"108,294,518",sii,https://mopsov.twse.com.tw/mops/web/ajax_t163sb05
中游,電源供應系統,2301,光寶科,2020,2,balance_sheet,股本,23508670,"23,508,670",sii,https://mopsov.twse.com.tw/mops/web/ajax_t163sb05
中游,電源供應系統,2301,光寶科,2020,2,balance_sheet,權益─具證券性質之虛擬通貨,,--,sii,https://mopsov.twse.com.tw/mops/web/ajax_t163sb05
中游,電源供應系統,2301,光寶科,2020,2,balance_sheet,資本公積,21868232,"21,868,232",sii,https://mopsov.twse.com.tw/mops/web/ajax_t163sb05
中游,電源供應系統,2301,光寶科,2020,2,balance_sheet,保留盈餘,30579362,"30,579,362",sii,https://mopsov.twse.com.tw/mops/web/ajax_t163sb05
中游,電源供應系統,2301,光寶科,2020,2,balance_sheet,其他權益,-6258205,"-6,258,205",sii,https://mopsov.twse.com.tw/mops/web/ajax_t163sb05
中游,電源供應系統,2301,光寶科,2020,2,balance_sheet,庫藏股票,-1271314,"-1,271,314",sii,https://mopsov.twse.com.tw/mops/web/ajax_t163sb05
中游,電源供應系統,2301,光寶科,2020,2,balance_sheet,歸屬於母公司業主之權益合計,68426745,"68,426,745",sii,https://mopsov.twse.com.tw/mops/web/ajax_t163sb05
中游,電源供應系統,2301,光寶科,2020,2,balance_sheet,共同控制下前手權益,,--,sii,https://mopsov.twse.com.tw/mops/web/ajax_t163sb05
中游,電源供應系統,2301,光寶科,2020,2,balance_sheet,合併前非屬共同控制股權,,--,sii,https://mopsov.twse.com.tw/mops/web/ajax_t163sb05
中游,電源供應系統,2301,光寶科,2020,2,balance_sheet,非控制權益,2174114,"2,174,114",sii,https://mopsov.twse.com.tw/mops/web/ajax_t163sb05
中游,電源供應系統,2301,光寶科,2020,2,balance_sheet,權益總計,70600859,"70,600,859",sii,https://mopsov.twse.com.tw/mops/web/ajax_t163sb05
中游,電源供應系統,2301,光寶科,2020,2,balance_sheet,待註銷股本股數（單位：股）,,--,sii,https://mopsov.twse.com.tw/mops/web/ajax_t163sb05
中游,電源供應系統,2301,光寶科,2020,2,balance_sheet,預收股款（權益項下）之約當發行股數（單位：股）,0,0,sii,https://mopsov.twse.com.tw/mops/web/ajax_t163sb05
中游,電源供應系統,2301,光寶科,2020,2,balance_sheet,母公司暨子公司所持有之母公司庫藏股股數（單位：股）,27303500,"27,303,500",sii,https://mopsov.twse.com.tw/mops/web/ajax_t163sb05
中游,電源供應系統,2301,光寶科,2020,2,balance_sheet,每股參考淨值,29.45,29.45,sii,https://mopsov.twse.com.tw/mops/web/ajax_t163sb05
中游,電源供應系統,2308,台達電,2020,2,balance_sheet,流動資產,158125432,"158,125,432",sii,https://mopsov.twse.com.tw/mops/web/ajax_t163sb05
中游,電源供應系統,2308,台達電,2020,2,balance_sheet,非流動資產,162121375,"162,121,375",sii,https://mopsov.twse.com.tw/mops/web/ajax_t163sb05
中游,電源供應系統,2308,台達電,2020,2,balance_sheet,資產總計,320246807,"320,246,807",sii,https://mopsov.twse.com.tw/mops/web/ajax_t163sb05
中游,電源供應系統,2308,台達電,2020,2,balance_sheet,流動負債,99996163,"99,996,163",sii,https://mopsov.twse.com.tw/mops/web/ajax_t163sb05
中游,電源供應系統,2308,台達電,2020,2,balance_sheet,非流動負債,54431552,"54,431,552",sii,https://mopsov.twse.com.tw/mops/web/ajax_t163sb05
中游,電源供應系統,2308,台達電,2020,2,balance_sheet,負債總計,154427715,"154,427,715",sii,https://mopsov.twse.com.tw/mops/web/ajax_t163sb05
中游,電源供應系統,2308,台達電,2020,2,balance_sheet,股本,25975433,"25,975,433",sii,https://mopsov.twse.com.tw/mops/web/ajax_t163sb05
中游,電源供應系統,2308,台達電,2020,2,balance_sheet,權益─具證券性質之虛擬通貨,,--,sii,https://mopsov.twse.com.tw/mops/web/ajax_t163sb05
中游,電源供應系統,2308,台達電,2020,2,balance_sheet,資本公積,49432580,"49,432,580",sii,https://mopsov.twse.com.tw/mops/web/ajax_t163sb05
中游,電源供應系統,2308,台達電,2020,2,balance_sheet,保留盈餘,67886315,"67,886,315",sii,https://mopsov.twse.com.tw/mops/web/ajax_t163sb05
中游,電源供應系統,2308,台達電,2020,2,balance_sheet,其他權益,-10245766,"-10,245,766",sii,https://mopsov.twse.com.tw/mops/web/ajax_t163sb05
中游,電源供應系統,2308,台達電,2020,2,balance_sheet,庫藏股票,,--,sii,https://mopsov.twse.com.tw/mops/web/ajax_t163sb05
中游,電源供應系統,2308,台達電,2020,2,balance_sheet,歸屬於母公司業主之權益合計,133048562,"133,048,562",sii,https://mopsov.twse.com.tw/mops/web/ajax_t163sb05
中游,電源供應系統,2308,台達電,2020,2,balance_sheet,共同控制下前手權益,,--,sii,https://mopsov.twse.com.tw/mops/web/ajax_t163sb05
中游,電源供應系統,2308,台達電,2020,2,balance_sheet,合併前非屬共同控制股權,,--,sii,https://mopsov.twse.com.tw/mops/web/ajax_t163sb05
中游,電源供應系統,2308,台達電,2020,2,balance_sheet,非控制權益,32770530,"32,770,530",sii,https://mopsov.twse.com.tw/mops/web/ajax_t163sb05
中游,電源供應系統,2308,台達電,2020,2,balance_sheet,權益總計,165819092,"165,819,092",sii,https://mopsov.twse.com.tw/mops/web/ajax_t163sb05
中游,電源供應系統,2308,台達電,2020,2,balance_sheet,待註銷股本股數（單位：股）,0,0,sii,https://mopsov.twse.com.tw/mops/web/ajax_t163sb05
中游,電源供應系統,2308,台達電,2020,2,balance_sheet,預收股款（權益項下）之約當發行股數（單位：股）,0,0,sii,https://mopsov.twse.com.tw/mops/web/ajax_t163sb05
中游,電源供應系統,2308,台達電,2020,2,balance_sheet,母公司暨子公司所持有之母公司庫藏股股數（單位：股）,0,0,sii,https://mopsov.twse.com.tw/mops/web/ajax_t163sb05
中游,電源供應系統,2308,台達電,2020,2,balance_sheet,每股參考淨值,51.22,51.22,sii,https://mopsov.twse.com.tw/mops/web/ajax_t163sb05
中游,電源供應系統,2301,光寶科,2020,2,cash_flow,營業活動之淨現金流入（流出）,2666922,"2,666,922",sii,https://mopsov.twse.com.tw/mops/web/ajax_t163sb20
中游,電源供應系統,2301,光寶科,2020,2,cash_flow,投資活動之淨現金流入（流出）,-1694080,"-1,694,080",sii,https://mopsov.twse.com.tw/mops/web/ajax_t163sb20
中游,電源供應系統,2301,光寶科,2020,2,cash_flow,籌資活動之淨現金流入（流出）,24190,"24,190",sii,https://mopsov.twse.com.tw/mops/web/ajax_t163sb20
中游,電源供應系統,2301,光寶科,2020,2,cash_flow,匯率變動對現金及約當現金之影響,-2100561,"-2,100,561",sii,https://mopsov.twse.com.tw/mops/web/ajax_t163sb20
中游,電源供應系統,2301,光寶科,2020,2,cash_flow,本期現金及約當現金增加（減少）數,-1103529,"-1,103,529",sii,https://mopsov.twse.com.tw/mops/web/ajax_t163sb20
中游,電源供應系統,2301,光寶科,2020,2,cash_flow,期初現金及約當現金餘額,69776750,"69,776,750",sii,https://mopsov.twse.com.tw/mops/web/ajax_t163sb20
中游,電源供應系統,2301,光寶科,2020,2,cash_flow,期末現金及約當現金餘額,68673221,"68,673,221",sii,https://mopsov.twse.com.tw/mops/web/ajax_t163sb20
中游,電源供應系統,2308,台達電,2020,2,cash_flow,營業活動之淨現金流入（流出）,18430115,"18,430,115",sii,https://mopsov.twse.com.tw/mops/web/ajax_t163sb20
中游,電源供應系統,2308,台達電,2020,2,cash_flow,投資活動之淨現金流入（流出）,-9340520,"-9,340,520",sii,https://mopsov.twse.com.tw/mops/web/ajax_t163sb20
中游,電源供應系統,2308,台達電,2020,2,cash_flow,籌資活動之淨現金流入（流出）,-1058478,"-1,058,478",sii,https://mopsov.twse.com.tw/mops/web/ajax_t163sb20
中游,電源供應系統,2308,台達電,2020,2,cash_flow,匯率變動對現金及約當現金之影響,-2701134,"-2,701,134",sii,https://mopsov.twse.com.tw/mops/web/ajax_t163sb20
中游,電源供應系統,2308,台達電,2020,2,cash_flow,本期現金及約當現金增加（減少）數,5329983,"5,329,983",sii,https://mopsov.twse.com.tw/mops/web/ajax_t163sb20
中游,電源供應系統,2308,台達電,2020,2,cash_flow,期初現金及約當現金餘額,43960001,"43,960,001",sii,https://mopsov.twse.com.tw/mops/web/ajax_t163sb20
中游,電源供應系統,2308,台達電,2020,2,cash_flow,期末現金及約當現金餘額,49289984,"49,289,984",sii,https://mopsov.twse.com.tw/mops/web/ajax_t163sb20
中游,電源供應系統,2301,光寶科,2020,3,income_statement,營業收入,115697866,"115,697,866",sii,https://mopsov.twse.com.tw/mops/web/ajax_t163sb04
中游,電源供應系統,2301,光寶科,2020,3,income_statement,營業成本,95023476,"95,023,476",sii,https://mopsov.twse.com.tw/mops/web/ajax_t163sb04
中游,電源供應系統,2301,光寶科,2020,3,income_statement,原始認列生物資產及農產品之利益（損失）,,--,sii,https://mopsov.twse.com.tw/mops/web/ajax_t163sb04
中游,電源供應系統,2301,光寶科,2020,3,income_statement,生物資產當期公允價值減出售成本之變動利益（損失）,,--,sii,https://mopsov.twse.com.tw/mops/web/ajax_t163sb04
中游,電源供應系統,2301,光寶科,2020,3,income_statement,營業毛利（毛損）,20674390,"20,674,390",sii,https://mopsov.twse.com.tw/mops/web/ajax_t163sb04
中游,電源供應系統,2301,光寶科,2020,3,income_statement,未實現銷貨（損）益,,--,sii,https://mopsov.twse.com.tw/mops/web/ajax_t163sb04
中游,電源供應系統,2301,光寶科,2020,3,income_statement,已實現銷貨（損）益,,--,sii,https://mopsov.twse.com.tw/mops/web/ajax_t163sb04
中游,電源供應系統,2301,光寶科,2020,3,income_statement,營業毛利（毛損）淨額,20674390,"20,674,390",sii,https://mopsov.twse.com.tw/mops/web/ajax_t163sb04
中游,電源供應系統,2301,光寶科,2020,3,income_statement,營業費用,12288188,"12,288,188",sii,https://mopsov.twse.com.tw/mops/web/ajax_t163sb04
中游,電源供應系統,2301,光寶科,2020,3,income_statement,其他收益及費損淨額,,--,sii,https://mopsov.twse.com.tw/mops/web/ajax_t163sb04
中游,電源供應系統,2301,光寶科,2020,3,income_statement,營業利益（損失）,8386202,"8,386,202",sii,https://mopsov.twse.com.tw/mops/web/ajax_t163sb04
中游,電源供應系統,2301,光寶科,2020,3,income_statement,營業外收入及支出,1719920,"1,719,920",sii,https://mopsov.twse.com.tw/mops/web/ajax_t163sb04
中游,電源供應系統,2301,光寶科,2020,3,income_statement,稅前淨利（淨損）,10106122,"10,106,122",sii,https://mopsov.twse.com.tw/mops/web/ajax_t163sb04
中游,電源供應系統,2301,光寶科,2020,3,income_statement,所得稅費用（利益）,2324032,"2,324,032",sii,https://mopsov.twse.com.tw/mops/web/ajax_t163sb04
中游,電源供應系統,2301,光寶科,2020,3,income_statement,繼續營業單位本期淨利（淨損）,7782090,"7,782,090",sii,https://mopsov.twse.com.tw/mops/web/ajax_t163sb04
中游,電源供應系統,2301,光寶科,2020,3,income_statement,停業單位損益,,--,sii,https://mopsov.twse.com.tw/mops/web/ajax_t163sb04
中游,電源供應系統,2301,光寶科,2020,3,income_statement,合併前非屬共同控制股權損益,,--,sii,https://mopsov.twse.com.tw/mops/web/ajax_t163sb04
中游,電源供應系統,2301,光寶科,2020,3,income_statement,本期淨利（淨損）,7782090,"7,782,090",sii,https://mopsov.twse.com.tw/mops/web/ajax_t163sb04
中游,電源供應系統,2301,光寶科,2020,3,income_statement,其他綜合損益（淨額）,-1470656,"-1,470,656",sii,https://mopsov.twse.com.tw/mops/web/ajax_t163sb04
中游,電源供應系統,2301,光寶科,2020,3,income_statement,合併前非屬共同控制股權綜合損益淨額,,--,sii,https://mopsov.twse.com.tw/mops/web/ajax_t163sb04
中游,電源供應系統,2301,光寶科,2020,3,income_statement,本期綜合損益總額,6311434,"6,311,434",sii,https://mopsov.twse.com.tw/mops/web/ajax_t163sb04
中游,電源供應系統,2301,光寶科,2020,3,income_statement,淨利（淨損）歸屬於母公司業主,8008448,"8,008,448",sii,https://mopsov.twse.com.tw/mops/web/ajax_t163sb04
中游,電源供應系統,2301,光寶科,2020,3,income_statement,淨利（淨損）歸屬於共同控制下前手權益,,--,sii,https://mopsov.twse.com.tw/mops/web/ajax_t163sb04
中游,電源供應系統,2301,光寶科,2020,3,income_statement,淨利（淨損）歸屬於非控制權益,-226358,"-226,358",sii,https://mopsov.twse.com.tw/mops/web/ajax_t163sb04
中游,電源供應系統,2301,光寶科,2020,3,income_statement,綜合損益總額歸屬於母公司業主,6579820,"6,579,820",sii,https://mopsov.twse.com.tw/mops/web/ajax_t163sb04
中游,電源供應系統,2301,光寶科,2020,3,income_statement,綜合損益總額歸屬於共同控制下前手權益,,--,sii,https://mopsov.twse.com.tw/mops/web/ajax_t163sb04
中游,電源供應系統,2301,光寶科,2020,3,income_statement,綜合損益總額歸屬於非控制權益,-268386,"-268,386",sii,https://mopsov.twse.com.tw/mops/web/ajax_t163sb04
中游,電源供應系統,2301,光寶科,2020,3,income_statement,基本每股盈餘（元）,3.45,3.45,sii,https://mopsov.twse.com.tw/mops/web/ajax_t163sb04
中游,電源供應系統,2308,台達電,2020,3,income_statement,營業收入,204052473,"204,052,473",sii,https://mopsov.twse.com.tw/mops/web/ajax_t163sb04
中游,電源供應系統,2308,台達電,2020,3,income_statement,營業成本,141259704,"141,259,704",sii,https://mopsov.twse.com.tw/mops/web/ajax_t163sb04
中游,電源供應系統,2308,台達電,2020,3,income_statement,原始認列生物資產及農產品之利益（損失）,,--,sii,https://mopsov.twse.com.tw/mops/web/ajax_t163sb04
中游,電源供應系統,2308,台達電,2020,3,income_statement,生物資產當期公允價值減出售成本之變動利益（損失）,,--,sii,https://mopsov.twse.com.tw/mops/web/ajax_t163sb04
中游,電源供應系統,2308,台達電,2020,3,income_statement,營業毛利（毛損）,62792769,"62,792,769",sii,https://mopsov.twse.com.tw/mops/web/ajax_t163sb04
中游,電源供應系統,2308,台達電,2020,3,income_statement,未實現銷貨（損）益,,--,sii,https://mopsov.twse.com.tw/mops/web/ajax_t163sb04
中游,電源供應系統,2308,台達電,2020,3,income_statement,已實現銷貨（損）益,,--,sii,https://mopsov.twse.com.tw/mops/web/ajax_t163sb04
中游,電源供應系統,2308,台達電,2020,3,income_statement,營業毛利（毛損）淨額,62792769,"62,792,769",sii,https://mopsov.twse.com.tw/mops/web/ajax_t163sb04
中游,電源供應系統,2308,台達電,2020,3,income_statement,營業費用,41100319,"41,100,319",sii,https://mopsov.twse.com.tw/mops/web/ajax_t163sb04
中游,電源供應系統,2308,台達電,2020,3,income_statement,其他收益及費損淨額,,--,sii,https://mopsov.twse.com.tw/mops/web/ajax_t163sb04
中游,電源供應系統,2308,台達電,2020,3,income_statement,營業利益（損失）,21692450,"21,692,450",sii,https://mopsov.twse.com.tw/mops/web/ajax_t163sb04
中游,電源供應系統,2308,台達電,2020,3,income_statement,營業外收入及支出,2698787,"2,698,787",sii,https://mopsov.twse.com.tw/mops/web/ajax_t163sb04
中游,電源供應系統,2308,台達電,2020,3,income_statement,稅前淨利（淨損）,24391237,"24,391,237",sii,https://mopsov.twse.com.tw/mops/web/ajax_t163sb04
中游,電源供應系統,2308,台達電,2020,3,income_statement,所得稅費用（利益）,4927822,"4,927,822",sii,https://mopsov.twse.com.tw/mops/web/ajax_t163sb04
中游,電源供應系統,2308,台達電,2020,3,income_statement,繼續營業單位本期淨利（淨損）,19463415,"19,463,415",sii,https://mopsov.twse.com.tw/mops/web/ajax_t163sb04
中游,電源供應系統,2308,台達電,2020,3,income_statement,停業單位損益,,--,sii,https://mopsov.twse.com.tw/mops/web/ajax_t163sb04
中游,電源供應系統,2308,台達電,2020,3,income_statement,合併前非屬共同控制股權損益,,--,sii,https://mopsov.twse.com.tw/mops/web/ajax_t163sb04
中游,電源供應系統,2308,台達電,2020,3,income_statement,本期淨利（淨損）,19463415,"19,463,415",sii,https://mopsov.twse.com.tw/mops/web/ajax_t163sb04
中游,電源供應系統,2308,台達電,2020,3,income_statement,其他綜合損益（淨額）,-6843344,"-6,843,344",sii,https://mopsov.twse.com.tw/mops/web/ajax_t163sb04
中游,電源供應系統,2308,台達電,2020,3,income_statement,合併前非屬共同控制股權綜合損益淨額,,--,sii,https://mopsov.twse.com.tw/mops/web/ajax_t163sb04
中游,電源供應系統,2308,台達電,2020,3,income_statement,本期綜合損益總額,12620071,"12,620,071",sii,https://mopsov.twse.com.tw/mops/web/ajax_t163sb04
中游,電源供應系統,2308,台達電,2020,3,income_statement,淨利（淨損）歸屬於母公司業主,18054383,"18,054,383",sii,https://mopsov.twse.com.tw/mops/web/ajax_t163sb04
中游,電源供應系統,2308,台達電,2020,3,income_statement,淨利（淨損）歸屬於共同控制下前手權益,,--,sii,https://mopsov.twse.com.tw/mops/web/ajax_t163sb04
中游,電源供應系統,2308,台達電,2020,3,income_statement,淨利（淨損）歸屬於非控制權益,1409032,"1,409,032",sii,https://mopsov.twse.com.tw/mops/web/ajax_t163sb04
中游,電源供應系統,2308,台達電,2020,3,income_statement,綜合損益總額歸屬於母公司業主,13144663,"13,144,663",sii,https://mopsov.twse.com.tw/mops/web/ajax_t163sb04
中游,電源供應系統,2308,台達電,2020,3,income_statement,綜合損益總額歸屬於共同控制下前手權益,,--,sii,https://mopsov.twse.com.tw/mops/web/ajax_t163sb04
中游,電源供應系統,2308,台達電,2020,3,income_statement,綜合損益總額歸屬於非控制權益,-524592,"-524,592",sii,https://mopsov.twse.com.tw/mops/web/ajax_t163sb04
中游,電源供應系統,2308,台達電,2020,3,income_statement,基本每股盈餘（元）,6.95,6.95,sii,https://mopsov.twse.com.tw/mops/web/ajax_t163sb04
中游,電源供應系統,2301,光寶科,2020,3,balance_sheet,流動資產,140746662,"140,746,662",sii,https://mopsov.twse.com.tw/mops/web/ajax_t163sb05
中游,電源供應系統,2301,光寶科,2020,3,balance_sheet,非流動資產,35928127,"35,928,127",sii,https://mopsov.twse.com.tw/mops/web/ajax_t163sb05
中游,電源供應系統,2301,光寶科,2020,3,balance_sheet,資產總計,176674789,"176,674,789",sii,https://mopsov.twse.com.tw/mops/web/ajax_t163sb05
中游,電源供應系統,2301,光寶科,2020,3,balance_sheet,流動負債,100350821,"100,350,821",sii,https://mopsov.twse.com.tw/mops/web/ajax_t163sb05
中游,電源供應系統,2301,光寶科,2020,3,balance_sheet,非流動負債,2534475,"2,534,475",sii,https://mopsov.twse.com.tw/mops/web/ajax_t163sb05
中游,電源供應系統,2301,光寶科,2020,3,balance_sheet,負債總計,102885296,"102,885,296",sii,https://mopsov.twse.com.tw/mops/web/ajax_t163sb05
中游,電源供應系統,2301,光寶科,2020,3,balance_sheet,股本,23508670,"23,508,670",sii,https://mopsov.twse.com.tw/mops/web/ajax_t163sb05
中游,電源供應系統,2301,光寶科,2020,3,balance_sheet,權益─具證券性質之虛擬通貨,,--,sii,https://mopsov.twse.com.tw/mops/web/ajax_t163sb05
中游,電源供應系統,2301,光寶科,2020,3,balance_sheet,資本公積,21585834,"21,585,834",sii,https://mopsov.twse.com.tw/mops/web/ajax_t163sb05
中游,電源供應系統,2301,光寶科,2020,3,balance_sheet,保留盈餘,33564128,"33,564,128",sii,https://mopsov.twse.com.tw/mops/web/ajax_t163sb05
中游,電源供應系統,2301,光寶科,2020,3,balance_sheet,其他權益,-5805970,"-5,805,970",sii,https://mopsov.twse.com.tw/mops/web/ajax_t163sb05
中游,電源供應系統,2301,光寶科,2020,3,balance_sheet,庫藏股票,-1271314,"-1,271,314",sii,https://mopsov.twse.com.tw/mops/web/ajax_t163sb05
中游,電源供應系統,2301,光寶科,2020,3,balance_sheet,歸屬於母公司業主之權益合計,71581348,"71,581,348",sii,https://mopsov.twse.com.tw/mops/web/ajax_t163sb05
中游,電源供應系統,2301,光寶科,2020,3,balance_sheet,共同控制下前手權益,,--,sii,https://mopsov.twse.com.tw/mops/web/ajax_t163sb05
中游,電源供應系統,2301,光寶科,2020,3,balance_sheet,合併前非屬共同控制股權,,--,sii,https://mopsov.twse.com.tw/mops/web/ajax_t163sb05
中游,電源供應系統,2301,光寶科,2020,3,balance_sheet,非控制權益,2208145,"2,208,145",sii,https://mopsov.twse.com.tw/mops/web/ajax_t163sb05
中游,電源供應系統,2301,光寶科,2020,3,balance_sheet,權益總計,73789493,"73,789,493",sii,https://mopsov.twse.com.tw/mops/web/ajax_t163sb05
中游,電源供應系統,2301,光寶科,2020,3,balance_sheet,待註銷股本股數（單位：股）,,--,sii,https://mopsov.twse.com.tw/mops/web/ajax_t163sb05
中游,電源供應系統,2301,光寶科,2020,3,balance_sheet,預收股款（權益項下）之約當發行股數（單位：股）,0,0,sii,https://mopsov.twse.com.tw/mops/web/ajax_t163sb05
中游,電源供應系統,2301,光寶科,2020,3,balance_sheet,母公司暨子公司所持有之母公司庫藏股股數（單位：股）,27303500,"27,303,500",sii,https://mopsov.twse.com.tw/mops/web/ajax_t163sb05
中游,電源供應系統,2301,光寶科,2020,3,balance_sheet,每股參考淨值,30.81,30.81,sii,https://mopsov.twse.com.tw/mops/web/ajax_t163sb05
中游,電源供應系統,2308,台達電,2020,3,balance_sheet,流動資產,167107305,"167,107,305",sii,https://mopsov.twse.com.tw/mops/web/ajax_t163sb05
中游,電源供應系統,2308,台達電,2020,3,balance_sheet,非流動資產,161148018,"161,148,018",sii,https://mopsov.twse.com.tw/mops/web/ajax_t163sb05
中游,電源供應系統,2308,台達電,2020,3,balance_sheet,資產總計,328255323,"328,255,323",sii,https://mopsov.twse.com.tw/mops/web/ajax_t163sb05
中游,電源供應系統,2308,台達電,2020,3,balance_sheet,流動負債,87052741,"87,052,741",sii,https://mopsov.twse.com.tw/mops/web/ajax_t163sb05
中游,電源供應系統,2308,台達電,2020,3,balance_sheet,非流動負債,68164941,"68,164,941",sii,https://mopsov.twse.com.tw/mops/web/ajax_t163sb05
中游,電源供應系統,2308,台達電,2020,3,balance_sheet,負債總計,155217682,"155,217,682",sii,https://mopsov.twse.com.tw/mops/web/ajax_t163sb05
中游,電源供應系統,2308,台達電,2020,3,balance_sheet,股本,25975433,"25,975,433",sii,https://mopsov.twse.com.tw/mops/web/ajax_t163sb05
中游,電源供應系統,2308,台達電,2020,3,balance_sheet,權益─具證券性質之虛擬通貨,,--,sii,https://mopsov.twse.com.tw/mops/web/ajax_t163sb05
中游,電源供應系統,2308,台達電,2020,3,balance_sheet,資本公積,49376527,"49,376,527",sii,https://mopsov.twse.com.tw/mops/web/ajax_t163sb05
中游,電源供應系統,2308,台達電,2020,3,balance_sheet,保留盈餘,75957931,"75,957,931",sii,https://mopsov.twse.com.tw/mops/web/ajax_t163sb05
中游,電源供應系統,2308,台達電,2020,3,balance_sheet,其他權益,-10781833,"-10,781,833",sii,https://mopsov.twse.com.tw/mops/web/ajax_t163sb05
中游,電源供應系統,2308,台達電,2020,3,balance_sheet,庫藏股票,,--,sii,https://mopsov.twse.com.tw/mops/web/ajax_t163sb05
中游,電源供應系統,2308,台達電,2020,3,balance_sheet,歸屬於母公司業主之權益合計,140528058,"140,528,058",sii,https://mopsov.twse.com.tw/mops/web/ajax_t163sb05
中游,電源供應系統,2308,台達電,2020,3,balance_sheet,共同控制下前手權益,,--,sii,https://mopsov.twse.com.tw/mops/web/ajax_t163sb05
中游,電源供應系統,2308,台達電,2020,3,balance_sheet,合併前非屬共同控制股權,,--,sii,https://mopsov.twse.com.tw/mops/web/ajax_t163sb05
中游,電源供應系統,2308,台達電,2020,3,balance_sheet,非控制權益,32509583,"32,509,583",sii,https://mopsov.twse.com.tw/mops/web/ajax_t163sb05
中游,電源供應系統,2308,台達電,2020,3,balance_sheet,權益總計,173037641,"173,037,641",sii,https://mopsov.twse.com.tw/mops/web/ajax_t163sb05
中游,電源供應系統,2308,台達電,2020,3,balance_sheet,待註銷股本股數（單位：股）,0,0,sii,https://mopsov.twse.com.tw/mops/web/ajax_t163sb05
中游,電源供應系統,2308,台達電,2020,3,balance_sheet,預收股款（權益項下）之約當發行股數（單位：股）,0,0,sii,https://mopsov.twse.com.tw/mops/web/ajax_t163sb05
中游,電源供應系統,2308,台達電,2020,3,balance_sheet,母公司暨子公司所持有之母公司庫藏股股數（單位：股）,0,0,sii,https://mopsov.twse.com.tw/mops/web/ajax_t163sb05
中游,電源供應系統,2308,台達電,2020,3,balance_sheet,每股參考淨值,54.1,54.10,sii,https://mopsov.twse.com.tw/mops/web/ajax_t163sb05
中游,電源供應系統,2301,光寶科,2020,3,cash_flow,營業活動之淨現金流入（流出）,11076221,"11,076,221",sii,https://mopsov.twse.com.tw/mops/web/ajax_t163sb20
中游,電源供應系統,2301,光寶科,2020,3,cash_flow,投資活動之淨現金流入（流出）,1150985,"1,150,985",sii,https://mopsov.twse.com.tw/mops/web/ajax_t163sb20
中游,電源供應系統,2301,光寶科,2020,3,cash_flow,籌資活動之淨現金流入（流出）,-11234175,"-11,234,175",sii,https://mopsov.twse.com.tw/mops/web/ajax_t163sb20
中游,電源供應系統,2301,光寶科,2020,3,cash_flow,匯率變動對現金及約當現金之影響,-2140719,"-2,140,719",sii,https://mopsov.twse.com.tw/mops/web/ajax_t163sb20
中游,電源供應系統,2301,光寶科,2020,3,cash_flow,本期現金及約當現金增加（減少）數,-1147688,"-1,147,688",sii,https://mopsov.twse.com.tw/mops/web/ajax_t163sb20
中游,電源供應系統,2301,光寶科,2020,3,cash_flow,期初現金及約當現金餘額,69776750,"69,776,750",sii,https://mopsov.twse.com.tw/mops/web/ajax_t163sb20
中游,電源供應系統,2301,光寶科,2020,3,cash_flow,期末現金及約當現金餘額,68629062,"68,629,062",sii,https://mopsov.twse.com.tw/mops/web/ajax_t163sb20
中游,電源供應系統,2308,台達電,2020,3,cash_flow,營業活動之淨現金流入（流出）,27185327,"27,185,327",sii,https://mopsov.twse.com.tw/mops/web/ajax_t163sb20
中游,電源供應系統,2308,台達電,2020,3,cash_flow,投資活動之淨現金流入（流出）,-13581840,"-13,581,840",sii,https://mopsov.twse.com.tw/mops/web/ajax_t163sb20
中游,電源供應系統,2308,台達電,2020,3,cash_flow,籌資活動之淨現金流入（流出）,-2594590,"-2,594,590",sii,https://mopsov.twse.com.tw/mops/web/ajax_t163sb20
中游,電源供應系統,2308,台達電,2020,3,cash_flow,匯率變動對現金及約當現金之影響,-3212106,"-3,212,106",sii,https://mopsov.twse.com.tw/mops/web/ajax_t163sb20
中游,電源供應系統,2308,台達電,2020,3,cash_flow,本期現金及約當現金增加（減少）數,7796791,"7,796,791",sii,https://mopsov.twse.com.tw/mops/web/ajax_t163sb20
中游,電源供應系統,2308,台達電,2020,3,cash_flow,期初現金及約當現金餘額,43960001,"43,960,001",sii,https://mopsov.twse.com.tw/mops/web/ajax_t163sb20
中游,電源供應系統,2308,台達電,2020,3,cash_flow,期末現金及約當現金餘額,51756792,"51,756,792",sii,https://mopsov.twse.com.tw/mops/web/ajax_t163sb20
中游,電源供應系統,2301,光寶科,2020,4,income_statement,營業收入,157133623,"157,133,623",sii,https://mopsov.twse.com.tw/mops/web/ajax_t163sb04
中游,電源供應系統,2301,光寶科,2020,4,income_statement,營業成本,129749924,"129,749,924",sii,https://mopsov.twse.com.tw/mops/web/ajax_t163sb04
中游,電源供應系統,2301,光寶科,2020,4,income_statement,原始認列生物資產及農產品之利益（損失）,,--,sii,https://mopsov.twse.com.tw/mops/web/ajax_t163sb04
中游,電源供應系統,2301,光寶科,2020,4,income_statement,生物資產當期公允價值減出售成本之變動利益（損失）,,--,sii,https://mopsov.twse.com.tw/mops/web/ajax_t163sb04
中游,電源供應系統,2301,光寶科,2020,4,income_statement,營業毛利（毛損）,27383699,"27,383,699",sii,https://mopsov.twse.com.tw/mops/web/ajax_t163sb04
中游,電源供應系統,2301,光寶科,2020,4,income_statement,未實現銷貨（損）益,,--,sii,https://mopsov.twse.com.tw/mops/web/ajax_t163sb04
中游,電源供應系統,2301,光寶科,2020,4,income_statement,已實現銷貨（損）益,,--,sii,https://mopsov.twse.com.tw/mops/web/ajax_t163sb04
中游,電源供應系統,2301,光寶科,2020,4,income_statement,營業毛利（毛損）淨額,27383699,"27,383,699",sii,https://mopsov.twse.com.tw/mops/web/ajax_t163sb04
中游,電源供應系統,2301,光寶科,2020,4,income_statement,營業費用,17177505,"17,177,505",sii,https://mopsov.twse.com.tw/mops/web/ajax_t163sb04
中游,電源供應系統,2301,光寶科,2020,4,income_statement,其他收益及費損淨額,,--,sii,https://mopsov.twse.com.tw/mops/web/ajax_t163sb04
中游,電源供應系統,2301,光寶科,2020,4,income_statement,營業利益（損失）,10206194,"10,206,194",sii,https://mopsov.twse.com.tw/mops/web/ajax_t163sb04
中游,電源供應系統,2301,光寶科,2020,4,income_statement,營業外收入及支出,2395727,"2,395,727",sii,https://mopsov.twse.com.tw/mops/web/ajax_t163sb04
中游,電源供應系統,2301,光寶科,2020,4,income_statement,稅前淨利（淨損）,12601921,"12,601,921",sii,https://mopsov.twse.com.tw/mops/web/ajax_t163sb04
中游,電源供應系統,2301,光寶科,2020,4,income_statement,所得稅費用（利益）,2772717,"2,772,717",sii,https://mopsov.twse.com.tw/mops/web/ajax_t163sb04
中游,電源供應系統,2301,光寶科,2020,4,income_statement,繼續營業單位本期淨利（淨損）,9829204,"9,829,204",sii,https://mopsov.twse.com.tw/mops/web/ajax_t163sb04
中游,電源供應系統,2301,光寶科,2020,4,income_statement,停業單位損益,,--,sii,https://mopsov.twse.com.tw/mops/web/ajax_t163sb04
中游,電源供應系統,2301,光寶科,2020,4,income_statement,合併前非屬共同控制股權損益,,--,sii,https://mopsov.twse.com.tw/mops/web/ajax_t163sb04
中游,電源供應系統,2301,光寶科,2020,4,income_statement,本期淨利（淨損）,9829204,"9,829,204",sii,https://mopsov.twse.com.tw/mops/web/ajax_t163sb04
中游,電源供應系統,2301,光寶科,2020,4,income_statement,其他綜合損益（淨額）,-1386601,"-1,386,601",sii,https://mopsov.twse.com.tw/mops/web/ajax_t163sb04
中游,電源供應系統,2301,光寶科,2020,4,income_statement,合併前非屬共同控制股權綜合損益淨額,,--,sii,https://mopsov.twse.com.tw/mops/web/ajax_t163sb04
中游,電源供應系統,2301,光寶科,2020,4,income_statement,本期綜合損益總額,8442603,"8,442,603",sii,https://mopsov.twse.com.tw/mops/web/ajax_t163sb04
中游,電源供應系統,2301,光寶科,2020,4,income_statement,淨利（淨損）歸屬於母公司業主,10016038,"10,016,038",sii,https://mopsov.twse.com.tw/mops/web/ajax_t163sb04
中游,電源供應系統,2301,光寶科,2020,4,income_statement,淨利（淨損）歸屬於共同控制下前手權益,,--,sii,https://mopsov.twse.com.tw/mops/web/ajax_t163sb04
中游,電源供應系統,2301,光寶科,2020,4,income_statement,淨利（淨損）歸屬於非控制權益,-186834,"-186,834",sii,https://mopsov.twse.com.tw/mops/web/ajax_t163sb04
中游,電源供應系統,2301,光寶科,2020,4,income_statement,綜合損益總額歸屬於母公司業主,8668264,"8,668,264",sii,https://mopsov.twse.com.tw/mops/web/ajax_t163sb04
中游,電源供應系統,2301,光寶科,2020,4,income_statement,綜合損益總額歸屬於共同控制下前手權益,,--,sii,https://mopsov.twse.com.tw/mops/web/ajax_t163sb04
中游,電源供應系統,2301,光寶科,2020,4,income_statement,綜合損益總額歸屬於非控制權益,-225661,"-225,661",sii,https://mopsov.twse.com.tw/mops/web/ajax_t163sb04
中游,電源供應系統,2301,光寶科,2020,4,income_statement,基本每股盈餘（元）,4.31,4.31,sii,https://mopsov.twse.com.tw/mops/web/ajax_t163sb04
中游,電源供應系統,2308,台達電,2020,4,income_statement,營業收入,282605493,"282,605,493",sii,https://mopsov.twse.com.tw/mops/web/ajax_t163sb04
中游,電源供應系統,2308,台達電,2020,4,income_statement,營業成本,195393115,"195,393,115",sii,https://mopsov.twse.com.tw/mops/web/ajax_t163sb04
中游,電源供應系統,2308,台達電,2020,4,income_statement,原始認列生物資產及農產品之利益（損失）,,--,sii,https://mopsov.twse.com.tw/mops/web/ajax_t163sb04
中游,電源供應系統,2308,台達電,2020,4,income_statement,生物資產當期公允價值減出售成本之變動利益（損失）,,--,sii,https://mopsov.twse.com.tw/mops/web/ajax_t163sb04
中游,電源供應系統,2308,台達電,2020,4,income_statement,營業毛利（毛損）,87212378,"87,212,378",sii,https://mopsov.twse.com.tw/mops/web/ajax_t163sb04
中游,電源供應系統,2308,台達電,2020,4,income_statement,未實現銷貨（損）益,,--,sii,https://mopsov.twse.com.tw/mops/web/ajax_t163sb04
中游,電源供應系統,2308,台達電,2020,4,income_statement,已實現銷貨（損）益,,--,sii,https://mopsov.twse.com.tw/mops/web/ajax_t163sb04
中游,電源供應系統,2308,台達電,2020,4,income_statement,營業毛利（毛損）淨額,87212378,"87,212,378",sii,https://mopsov.twse.com.tw/mops/web/ajax_t163sb04
中游,電源供應系統,2308,台達電,2020,4,income_statement,營業費用,55786574,"55,786,574",sii,https://mopsov.twse.com.tw/mops/web/ajax_t163sb04
中游,電源供應系統,2308,台達電,2020,4,income_statement,其他收益及費損淨額,,--,sii,https://mopsov.twse.com.tw/mops/web/ajax_t163sb04
中游,電源供應系統,2308,台達電,2020,4,income_statement,營業利益（損失）,31425804,"31,425,804",sii,https://mopsov.twse.com.tw/mops/web/ajax_t163sb04
中游,電源供應系統,2308,台達電,2020,4,income_statement,營業外收入及支出,2849479,"2,849,479",sii,https://mopsov.twse.com.tw/mops/web/ajax_t163sb04
中游,電源供應系統,2308,台達電,2020,4,income_statement,稅前淨利（淨損）,34275283,"34,275,283",sii,https://mopsov.twse.com.tw/mops/web/ajax_t163sb04
中游,電源供應系統,2308,台達電,2020,4,income_statement,所得稅費用（利益）,6890944,"6,890,944",sii,https://mopsov.twse.com.tw/mops/web/ajax_t163sb04
中游,電源供應系統,2308,台達電,2020,4,income_statement,繼續營業單位本期淨利（淨損）,27384339,"27,384,339",sii,https://mopsov.twse.com.tw/mops/web/ajax_t163sb04
中游,電源供應系統,2308,台達電,2020,4,income_statement,停業單位損益,,--,sii,https://mopsov.twse.com.tw/mops/web/ajax_t163sb04
中游,電源供應系統,2308,台達電,2020,4,income_statement,合併前非屬共同控制股權損益,,--,sii,https://mopsov.twse.com.tw/mops/web/ajax_t163sb04
中游,電源供應系統,2308,台達電,2020,4,income_statement,本期淨利（淨損）,27384339,"27,384,339",sii,https://mopsov.twse.com.tw/mops/web/ajax_t163sb04
中游,電源供應系統,2308,台達電,2020,4,income_statement,其他綜合損益（淨額）,-8950039,"-8,950,039",sii,https://mopsov.twse.com.tw/mops/web/ajax_t163sb04
中游,電源供應系統,2308,台達電,2020,4,income_statement,合併前非屬共同控制股權綜合損益淨額,,--,sii,https://mopsov.twse.com.tw/mops/web/ajax_t163sb04
中游,電源供應系統,2308,台達電,2020,4,income_statement,本期綜合損益總額,18434300,"18,434,300",sii,https://mopsov.twse.com.tw/mops/web/ajax_t163sb04
中游,電源供應系統,2308,台達電,2020,4,income_statement,淨利（淨損）歸屬於母公司業主,25485231,"25,485,231",sii,https://mopsov.twse.com.tw/mops/web/ajax_t163sb04
中游,電源供應系統,2308,台達電,2020,4,income_statement,淨利（淨損）歸屬於共同控制下前手權益,,--,sii,https://mopsov.twse.com.tw/mops/web/ajax_t163sb04
中游,電源供應系統,2308,台達電,2020,4,income_statement,淨利（淨損）歸屬於非控制權益,1899108,"1,899,108",sii,https://mopsov.twse.com.tw/mops/web/ajax_t163sb04
中游,電源供應系統,2308,台達電,2020,4,income_statement,綜合損益總額歸屬於母公司業主,18689957,"18,689,957",sii,https://mopsov.twse.com.tw/mops/web/ajax_t163sb04
中游,電源供應系統,2308,台達電,2020,4,income_statement,綜合損益總額歸屬於共同控制下前手權益,,--,sii,https://mopsov.twse.com.tw/mops/web/ajax_t163sb04
中游,電源供應系統,2308,台達電,2020,4,income_statement,綜合損益總額歸屬於非控制權益,-255657,"-255,657",sii,https://mopsov.twse.com.tw/mops/web/ajax_t163sb04
中游,電源供應系統,2308,台達電,2020,4,income_statement,基本每股盈餘（元）,9.81,9.81,sii,https://mopsov.twse.com.tw/mops/web/ajax_t163sb04
中游,電源供應系統,2301,光寶科,2020,4,balance_sheet,流動資產,140583805,"140,583,805",sii,https://mopsov.twse.com.tw/mops/web/ajax_t163sb05
中游,電源供應系統,2301,光寶科,2020,4,balance_sheet,非流動資產,35483432,"35,483,432",sii,https://mopsov.twse.com.tw/mops/web/ajax_t163sb05
中游,電源供應系統,2301,光寶科,2020,4,balance_sheet,資產總計,176067237,"176,067,237",sii,https://mopsov.twse.com.tw/mops/web/ajax_t163sb05
中游,電源供應系統,2301,光寶科,2020,4,balance_sheet,流動負債,99599336,"99,599,336",sii,https://mopsov.twse.com.tw/mops/web/ajax_t163sb05
中游,電源供應系統,2301,光寶科,2020,4,balance_sheet,非流動負債,2326387,"2,326,387",sii,https://mopsov.twse.com.tw/mops/web/ajax_t163sb05
中游,電源供應系統,2301,光寶科,2020,4,balance_sheet,負債總計,101925723,"101,925,723",sii,https://mopsov.twse.com.tw/mops/web/ajax_t163sb05
中游,電源供應系統,2301,光寶科,2020,4,balance_sheet,股本,23508670,"23,508,670",sii,https://mopsov.twse.com.tw/mops/web/ajax_t163sb05
中游,電源供應系統,2301,光寶科,2020,4,balance_sheet,權益─具證券性質之虛擬通貨,,--,sii,https://mopsov.twse.com.tw/mops/web/ajax_t163sb05
中游,電源供應系統,2301,光寶科,2020,4,balance_sheet,資本公積,21613574,"21,613,574",sii,https://mopsov.twse.com.tw/mops/web/ajax_t163sb05
中游,電源供應系統,2301,光寶科,2020,4,balance_sheet,保留盈餘,35547654,"35,547,654",sii,https://mopsov.twse.com.tw/mops/web/ajax_t163sb05
中游,電源供應系統,2301,光寶科,2020,4,balance_sheet,其他權益,-5808909,"-5,808,909",sii,https://mopsov.twse.com.tw/mops/web/ajax_t163sb05
中游,電源供應系統,2301,光寶科,2020,4,balance_sheet,庫藏股票,-1271314,"-1,271,314",sii,https://mopsov.twse.com.tw/mops/web/ajax_t163sb05
中游,電源供應系統,2301,光寶科,2020,4,balance_sheet,歸屬於母公司業主之權益合計,73589675,"73,589,675",sii,https://mopsov.twse.com.tw/mops/web/ajax_t163sb05
中游,電源供應系統,2301,光寶科,2020,4,balance_sheet,共同控制下前手權益,,--,sii,https://mopsov.twse.com.tw/mops/web/ajax_t163sb05
中游,電源供應系統,2301,光寶科,2020,4,balance_sheet,合併前非屬共同控制股權,,--,sii,https://mopsov.twse.com.tw/mops/web/ajax_t163sb05
中游,電源供應系統,2301,光寶科,2020,4,balance_sheet,非控制權益,551839,"551,839",sii,https://mopsov.twse.com.tw/mops/web/ajax_t163sb05
中游,電源供應系統,2301,光寶科,2020,4,balance_sheet,權益總計,74141514,"74,141,514",sii,https://mopsov.twse.com.tw/mops/web/ajax_t163sb05
中游,電源供應系統,2301,光寶科,2020,4,balance_sheet,待註銷股本股數（單位：股）,,--,sii,https://mopsov.twse.com.tw/mops/web/ajax_t163sb05
中游,電源供應系統,2301,光寶科,2020,4,balance_sheet,預收股款（權益項下）之約當發行股數（單位：股）,0,0,sii,https://mopsov.twse.com.tw/mops/web/ajax_t163sb05
中游,電源供應系統,2301,光寶科,2020,4,balance_sheet,母公司暨子公司所持有之母公司庫藏股股數（單位：股）,27303500,"27,303,500",sii,https://mopsov.twse.com.tw/mops/web/ajax_t163sb05
中游,電源供應系統,2301,光寶科,2020,4,balance_sheet,每股參考淨值,31.67,31.67,sii,https://mopsov.twse.com.tw/mops/web/ajax_t163sb05
中游,電源供應系統,2308,台達電,2020,4,balance_sheet,流動資產,174886855,"174,886,855",sii,https://mopsov.twse.com.tw/mops/web/ajax_t163sb05
中游,電源供應系統,2308,台達電,2020,4,balance_sheet,非流動資產,161529360,"161,529,360",sii,https://mopsov.twse.com.tw/mops/web/ajax_t163sb05
中游,電源供應系統,2308,台達電,2020,4,balance_sheet,資產總計,336416215,"336,416,215",sii,https://mopsov.twse.com.tw/mops/web/ajax_t163sb05
中游,電源供應系統,2308,台達電,2020,4,balance_sheet,流動負債,94023501,"94,023,501",sii,https://mopsov.twse.com.tw/mops/web/ajax_t163sb05
中游,電源供應系統,2308,台達電,2020,4,balance_sheet,非流動負債,63803073,"63,803,073",sii,https://mopsov.twse.com.tw/mops/web/ajax_t163sb05
中游,電源供應系統,2308,台達電,2020,4,balance_sheet,負債總計,157826574,"157,826,574",sii,https://mopsov.twse.com.tw/mops/web/ajax_t163sb05
中游,電源供應系統,2308,台達電,2020,4,balance_sheet,股本,25975433,"25,975,433",sii,https://mopsov.twse.com.tw/mops/web/ajax_t163sb05
中游,電源供應系統,2308,台達電,2020,4,balance_sheet,權益─具證券性質之虛擬通貨,,--,sii,https://mopsov.twse.com.tw/mops/web/ajax_t163sb05
中游,電源供應系統,2308,台達電,2020,4,balance_sheet,資本公積,49202505,"49,202,505",sii,https://mopsov.twse.com.tw/mops/web/ajax_t163sb05
中游,電源供應系統,2308,台達電,2020,4,balance_sheet,保留盈餘,83264608,"83,264,608",sii,https://mopsov.twse.com.tw/mops/web/ajax_t163sb05
中游,電源供應系統,2308,台達電,2020,4,balance_sheet,其他權益,-12543208,"-12,543,208",sii,https://mopsov.twse.com.tw/mops/web/ajax_t163sb05
中游,電源供應系統,2308,台達電,2020,4,balance_sheet,庫藏股票,,--,sii,https://mopsov.twse.com.tw/mops/web/ajax_t163sb05
中游,電源供應系統,2308,台達電,2020,4,balance_sheet,歸屬於母公司業主之權益合計,145899338,"145,899,338",sii,https://mopsov.twse.com.tw/mops/web/ajax_t163sb05
中游,電源供應系統,2308,台達電,2020,4,balance_sheet,共同控制下前手權益,,--,sii,https://mopsov.twse.com.tw/mops/web/ajax_t163sb05
中游,電源供應系統,2308,台達電,2020,4,balance_sheet,合併前非屬共同控制股權,,--,sii,https://mopsov.twse.com.tw/mops/web/ajax_t163sb05
中游,電源供應系統,2308,台達電,2020,4,balance_sheet,非控制權益,32690303,"32,690,303",sii,https://mopsov.twse.com.tw/mops/web/ajax_t163sb05
中游,電源供應系統,2308,台達電,2020,4,balance_sheet,權益總計,178589641,"178,589,641",sii,https://mopsov.twse.com.tw/mops/web/ajax_t163sb05
中游,電源供應系統,2308,台達電,2020,4,balance_sheet,待註銷股本股數（單位：股）,,--,sii,https://mopsov.twse.com.tw/mops/web/ajax_t163sb05
中游,電源供應系統,2308,台達電,2020,4,balance_sheet,預收股款（權益項下）之約當發行股數（單位：股）,0,0,sii,https://mopsov.twse.com.tw/mops/web/ajax_t163sb05
中游,電源供應系統,2308,台達電,2020,4,balance_sheet,母公司暨子公司所持有之母公司庫藏股股數（單位：股）,0,0,sii,https://mopsov.twse.com.tw/mops/web/ajax_t163sb05
中游,電源供應系統,2308,台達電,2020,4,balance_sheet,每股參考淨值,56.17,56.17,sii,https://mopsov.twse.com.tw/mops/web/ajax_t163sb05
中游,電源供應系統,2301,光寶科,2020,4,cash_flow,營業活動之淨現金流入（流出）,17563333,"17,563,333",sii,https://mopsov.twse.com.tw/mops/web/ajax_t163sb20
中游,電源供應系統,2301,光寶科,2020,4,cash_flow,投資活動之淨現金流入（流出）,583330,"583,330",sii,https://mopsov.twse.com.tw/mops/web/ajax_t163sb20
中游,電源供應系統,2301,光寶科,2020,4,cash_flow,籌資活動之淨現金流入（流出）,-12689722,"-12,689,722",sii,https://mopsov.twse.com.tw/mops/web/ajax_t163sb20
中游,電源供應系統,2301,光寶科,2020,4,cash_flow,匯率變動對現金及約當現金之影響,-1587961,"-1,587,961",sii,https://mopsov.twse.com.tw/mops/web/ajax_t163sb20
中游,電源供應系統,2301,光寶科,2020,4,cash_flow,本期現金及約當現金增加（減少）數,3868980,"3,868,980",sii,https://mopsov.twse.com.tw/mops/web/ajax_t163sb20
中游,電源供應系統,2301,光寶科,2020,4,cash_flow,期初現金及約當現金餘額,67639056,"67,639,056",sii,https://mopsov.twse.com.tw/mops/web/ajax_t163sb20
中游,電源供應系統,2301,光寶科,2020,4,cash_flow,期末現金及約當現金餘額,71508036,"71,508,036",sii,https://mopsov.twse.com.tw/mops/web/ajax_t163sb20
中游,電源供應系統,2308,台達電,2020,4,cash_flow,營業活動之淨現金流入（流出）,46850052,"46,850,052",sii,https://mopsov.twse.com.tw/mops/web/ajax_t163sb20
中游,電源供應系統,2308,台達電,2020,4,cash_flow,投資活動之淨現金流入（流出）,-19104772,"-19,104,772",sii,https://mopsov.twse.com.tw/mops/web/ajax_t163sb20
中游,電源供應系統,2308,台達電,2020,4,cash_flow,籌資活動之淨現金流入（流出）,-8825630,"-8,825,630",sii,https://mopsov.twse.com.tw/mops/web/ajax_t163sb20
中游,電源供應系統,2308,台達電,2020,4,cash_flow,匯率變動對現金及約當現金之影響,-4167666,"-4,167,666",sii,https://mopsov.twse.com.tw/mops/web/ajax_t163sb20
中游,電源供應系統,2308,台達電,2020,4,cash_flow,本期現金及約當現金增加（減少）數,14751984,"14,751,984",sii,https://mopsov.twse.com.tw/mops/web/ajax_t163sb20
中游,電源供應系統,2308,台達電,2020,4,cash_flow,期初現金及約當現金餘額,43960001,"43,960,001",sii,https://mopsov.twse.com.tw/mops/web/ajax_t163sb20
中游,電源供應系統,2308,台達電,2020,4,cash_flow,期末現金及約當現金餘額,58711985,"58,711,985",sii,https://mopsov.twse.com.tw/mops/web/ajax_t163sb20
中游,電源供應系統,2301,光寶科,2021,1,income_statement,營業收入,37718016,"37,718,016",sii,https://mopsov.twse.com.tw/mops/web/ajax_t163sb04
中游,電源供應系統,2301,光寶科,2021,1,income_statement,營業成本,31000331,"31,000,331",sii,https://mopsov.twse.com.tw/mops/web/ajax_t163sb04
中游,電源供應系統,2301,光寶科,2021,1,income_statement,原始認列生物資產及農產品之利益（損失）,,--,sii,https://mopsov.twse.com.tw/mops/web/ajax_t163sb04
中游,電源供應系統,2301,光寶科,2021,1,income_statement,生物資產當期公允價值減出售成本之變動利益（損失）,,--,sii,https://mopsov.twse.com.tw/mops/web/ajax_t163sb04
中游,電源供應系統,2301,光寶科,2021,1,income_statement,營業毛利（毛損）,6717685,"6,717,685",sii,https://mopsov.twse.com.tw/mops/web/ajax_t163sb04
中游,電源供應系統,2301,光寶科,2021,1,income_statement,未實現銷貨（損）益,,--,sii,https://mopsov.twse.com.tw/mops/web/ajax_t163sb04
中游,電源供應系統,2301,光寶科,2021,1,income_statement,已實現銷貨（損）益,,--,sii,https://mopsov.twse.com.tw/mops/web/ajax_t163sb04
中游,電源供應系統,2301,光寶科,2021,1,income_statement,營業毛利（毛損）淨額,6717685,"6,717,685",sii,https://mopsov.twse.com.tw/mops/web/ajax_t163sb04
中游,電源供應系統,2301,光寶科,2021,1,income_statement,營業費用,4611087,"4,611,087",sii,https://mopsov.twse.com.tw/mops/web/ajax_t163sb04
中游,電源供應系統,2301,光寶科,2021,1,income_statement,其他收益及費損淨額,,--,sii,https://mopsov.twse.com.tw/mops/web/ajax_t163sb04
中游,電源供應系統,2301,光寶科,2021,1,income_statement,營業利益（損失）,2106598,"2,106,598",sii,https://mopsov.twse.com.tw/mops/web/ajax_t163sb04
中游,電源供應系統,2301,光寶科,2021,1,income_statement,營業外收入及支出,3380717,"3,380,717",sii,https://mopsov.twse.com.tw/mops/web/ajax_t163sb04
中游,電源供應系統,2301,光寶科,2021,1,income_statement,稅前淨利（淨損）,5487315,"5,487,315",sii,https://mopsov.twse.com.tw/mops/web/ajax_t163sb04
中游,電源供應系統,2301,光寶科,2021,1,income_statement,所得稅費用（利益）,1212118,"1,212,118",sii,https://mopsov.twse.com.tw/mops/web/ajax_t163sb04
中游,電源供應系統,2301,光寶科,2021,1,income_statement,繼續營業單位本期淨利（淨損）,4275197,"4,275,197",sii,https://mopsov.twse.com.tw/mops/web/ajax_t163sb04
中游,電源供應系統,2301,光寶科,2021,1,income_statement,停業單位損益,,--,sii,https://mopsov.twse.com.tw/mops/web/ajax_t163sb04
中游,電源供應系統,2301,光寶科,2021,1,income_statement,合併前非屬共同控制股權損益,,--,sii,https://mopsov.twse.com.tw/mops/web/ajax_t163sb04
中游,電源供應系統,2301,光寶科,2021,1,income_statement,本期淨利（淨損）,4275197,"4,275,197",sii,https://mopsov.twse.com.tw/mops/web/ajax_t163sb04
中游,電源供應系統,2301,光寶科,2021,1,income_statement,其他綜合損益（淨額）,723867,"723,867",sii,https://mopsov.twse.com.tw/mops/web/ajax_t163sb04
中游,電源供應系統,2301,光寶科,2021,1,income_statement,合併前非屬共同控制股權綜合損益淨額,,--,sii,https://mopsov.twse.com.tw/mops/web/ajax_t163sb04
中游,電源供應系統,2301,光寶科,2021,1,income_statement,本期綜合損益總額,4999064,"4,999,064",sii,https://mopsov.twse.com.tw/mops/web/ajax_t163sb04
中游,電源供應系統,2301,光寶科,2021,1,income_statement,淨利（淨損）歸屬於母公司業主,4263410,"4,263,410",sii,https://mopsov.twse.com.tw/mops/web/ajax_t163sb04
中游,電源供應系統,2301,光寶科,2021,1,income_statement,淨利（淨損）歸屬於共同控制下前手權益,,--,sii,https://mopsov.twse.com.tw/mops/web/ajax_t163sb04
中游,電源供應系統,2301,光寶科,2021,1,income_statement,淨利（淨損）歸屬於非控制權益,11787,"11,787",sii,https://mopsov.twse.com.tw/mops/web/ajax_t163sb04
中游,電源供應系統,2301,光寶科,2021,1,income_statement,綜合損益總額歸屬於母公司業主,4996646,"4,996,646",sii,https://mopsov.twse.com.tw/mops/web/ajax_t163sb04
中游,電源供應系統,2301,光寶科,2021,1,income_statement,綜合損益總額歸屬於共同控制下前手權益,,--,sii,https://mopsov.twse.com.tw/mops/web/ajax_t163sb04
中游,電源供應系統,2301,光寶科,2021,1,income_statement,綜合損益總額歸屬於非控制權益,2418,"2,418",sii,https://mopsov.twse.com.tw/mops/web/ajax_t163sb04
中游,電源供應系統,2301,光寶科,2021,1,income_statement,基本每股盈餘（元）,1.83,1.83,sii,https://mopsov.twse.com.tw/mops/web/ajax_t163sb04
中游,電源供應系統,2308,台達電,2021,1,income_statement,營業收入,72485283,"72,485,283",sii,https://mopsov.twse.com.tw/mops/web/ajax_t163sb04
中游,電源供應系統,2308,台達電,2021,1,income_statement,營業成本,50878062,"50,878,062",sii,https://mopsov.twse.com.tw/mops/web/ajax_t163sb04
中游,電源供應系統,2308,台達電,2021,1,income_statement,原始認列生物資產及農產品之利益（損失）,,--,sii,https://mopsov.twse.com.tw/mops/web/ajax_t163sb04
中游,電源供應系統,2308,台達電,2021,1,income_statement,生物資產當期公允價值減出售成本之變動利益（損失）,,--,sii,https://mopsov.twse.com.tw/mops/web/ajax_t163sb04
中游,電源供應系統,2308,台達電,2021,1,income_statement,營業毛利（毛損）,21607221,"21,607,221",sii,https://mopsov.twse.com.tw/mops/web/ajax_t163sb04
中游,電源供應系統,2308,台達電,2021,1,income_statement,未實現銷貨（損）益,,--,sii,https://mopsov.twse.com.tw/mops/web/ajax_t163sb04
中游,電源供應系統,2308,台達電,2021,1,income_statement,已實現銷貨（損）益,,--,sii,https://mopsov.twse.com.tw/mops/web/ajax_t163sb04
中游,電源供應系統,2308,台達電,2021,1,income_statement,營業毛利（毛損）淨額,21607221,"21,607,221",sii,https://mopsov.twse.com.tw/mops/web/ajax_t163sb04
中游,電源供應系統,2308,台達電,2021,1,income_statement,營業費用,14105997,"14,105,997",sii,https://mopsov.twse.com.tw/mops/web/ajax_t163sb04
中游,電源供應系統,2308,台達電,2021,1,income_statement,其他收益及費損淨額,,--,sii,https://mopsov.twse.com.tw/mops/web/ajax_t163sb04
中游,電源供應系統,2308,台達電,2021,1,income_statement,營業利益（損失）,7501224,"7,501,224",sii,https://mopsov.twse.com.tw/mops/web/ajax_t163sb04
中游,電源供應系統,2308,台達電,2021,1,income_statement,營業外收入及支出,1313023,"1,313,023",sii,https://mopsov.twse.com.tw/mops/web/ajax_t163sb04
中游,電源供應系統,2308,台達電,2021,1,income_statement,稅前淨利（淨損）,8814247,"8,814,247",sii,https://mopsov.twse.com.tw/mops/web/ajax_t163sb04
中游,電源供應系統,2308,台達電,2021,1,income_statement,所得稅費用（利益）,1770952,"1,770,952",sii,https://mopsov.twse.com.tw/mops/web/ajax_t163sb04
中游,電源供應系統,2308,台達電,2021,1,income_statement,繼續營業單位本期淨利（淨損）,7043295,"7,043,295",sii,https://mopsov.twse.com.tw/mops/web/ajax_t163sb04
中游,電源供應系統,2308,台達電,2021,1,income_statement,停業單位損益,,--,sii,https://mopsov.twse.com.tw/mops/web/ajax_t163sb04
中游,電源供應系統,2308,台達電,2021,1,income_statement,合併前非屬共同控制股權損益,,--,sii,https://mopsov.twse.com.tw/mops/web/ajax_t163sb04
中游,電源供應系統,2308,台達電,2021,1,income_statement,本期淨利（淨損）,7043295,"7,043,295",sii,https://mopsov.twse.com.tw/mops/web/ajax_t163sb04
中游,電源供應系統,2308,台達電,2021,1,income_statement,其他綜合損益（淨額）,1621759,"1,621,759",sii,https://mopsov.twse.com.tw/mops/web/ajax_t163sb04
中游,電源供應系統,2308,台達電,2021,1,income_statement,合併前非屬共同控制股權綜合損益淨額,,--,sii,https://mopsov.twse.com.tw/mops/web/ajax_t163sb04
中游,電源供應系統,2308,台達電,2021,1,income_statement,本期綜合損益總額,8665054,"8,665,054",sii,https://mopsov.twse.com.tw/mops/web/ajax_t163sb04
中游,電源供應系統,2308,台達電,2021,1,income_statement,淨利（淨損）歸屬於母公司業主,6580300,"6,580,300",sii,https://mopsov.twse.com.tw/mops/web/ajax_t163sb04
中游,電源供應系統,2308,台達電,2021,1,income_statement,淨利（淨損）歸屬於共同控制下前手權益,,--,sii,https://mopsov.twse.com.tw/mops/web/ajax_t163sb04
中游,電源供應系統,2308,台達電,2021,1,income_statement,淨利（淨損）歸屬於非控制權益,462995,"462,995",sii,https://mopsov.twse.com.tw/mops/web/ajax_t163sb04
中游,電源供應系統,2308,台達電,2021,1,income_statement,綜合損益總額歸屬於母公司業主,8060480,"8,060,480",sii,https://mopsov.twse.com.tw/mops/web/ajax_t163sb04
中游,電源供應系統,2308,台達電,2021,1,income_statement,綜合損益總額歸屬於共同控制下前手權益,,--,sii,https://mopsov.twse.com.tw/mops/web/ajax_t163sb04
中游,電源供應系統,2308,台達電,2021,1,income_statement,綜合損益總額歸屬於非控制權益,604574,"604,574",sii,https://mopsov.twse.com.tw/mops/web/ajax_t163sb04
中游,電源供應系統,2308,台達電,2021,1,income_statement,基本每股盈餘（元）,2.53,2.53,sii,https://mopsov.twse.com.tw/mops/web/ajax_t163sb04
中游,電源供應系統,2301,光寶科,2021,1,balance_sheet,流動資產,137685795,"137,685,795",sii,https://mopsov.twse.com.tw/mops/web/ajax_t163sb05
中游,電源供應系統,2301,光寶科,2021,1,balance_sheet,非流動資產,37605323,"37,605,323",sii,https://mopsov.twse.com.tw/mops/web/ajax_t163sb05
中游,電源供應系統,2301,光寶科,2021,1,balance_sheet,資產總計,175291118,"175,291,118",sii,https://mopsov.twse.com.tw/mops/web/ajax_t163sb05
中游,電源供應系統,2301,光寶科,2021,1,balance_sheet,流動負債,101932850,"101,932,850",sii,https://mopsov.twse.com.tw/mops/web/ajax_t163sb05
中游,電源供應系統,2301,光寶科,2021,1,balance_sheet,非流動負債,2210986,"2,210,986",sii,https://mopsov.twse.com.tw/mops/web/ajax_t163sb05
中游,電源供應系統,2301,光寶科,2021,1,balance_sheet,負債總計,104143836,"104,143,836",sii,https://mopsov.twse.com.tw/mops/web/ajax_t163sb05
中游,電源供應系統,2301,光寶科,2021,1,balance_sheet,股本,23508670,"23,508,670",sii,https://mopsov.twse.com.tw/mops/web/ajax_t163sb05
中游,電源供應系統,2301,光寶科,2021,1,balance_sheet,權益─具證券性質之虛擬通貨,,--,sii,https://mopsov.twse.com.tw/mops/web/ajax_t163sb05
中游,電源供應系統,2301,光寶科,2021,1,balance_sheet,資本公積,21613574,"21,613,574",sii,https://mopsov.twse.com.tw/mops/web/ajax_t163sb05
中游,電源供應系統,2301,光寶科,2021,1,balance_sheet,保留盈餘,31816792,"31,816,792",sii,https://mopsov.twse.com.tw/mops/web/ajax_t163sb05
中游,電源供應系統,2301,光寶科,2021,1,balance_sheet,其他權益,-5075673,"-5,075,673",sii,https://mopsov.twse.com.tw/mops/web/ajax_t163sb05
中游,電源供應系統,2301,光寶科,2021,1,balance_sheet,庫藏股票,-1271314,"-1,271,314",sii,https://mopsov.twse.com.tw/mops/web/ajax_t163sb05
中游,電源供應系統,2301,光寶科,2021,1,balance_sheet,歸屬於母公司業主之權益合計,70592049,"70,592,049",sii,https://mopsov.twse.com.tw/mops/web/ajax_t163sb05
中游,電源供應系統,2301,光寶科,2021,1,balance_sheet,共同控制下前手權益,,--,sii,https://mopsov.twse.com.tw/mops/web/ajax_t163sb05
中游,電源供應系統,2301,光寶科,2021,1,balance_sheet,合併前非屬共同控制股權,,--,sii,https://mopsov.twse.com.tw/mops/web/ajax_t163sb05
中游,電源供應系統,2301,光寶科,2021,1,balance_sheet,非控制權益,555233,"555,233",sii,https://mopsov.twse.com.tw/mops/web/ajax_t163sb05
中游,電源供應系統,2301,光寶科,2021,1,balance_sheet,權益總計,71147282,"71,147,282",sii,https://mopsov.twse.com.tw/mops/web/ajax_t163sb05
中游,電源供應系統,2301,光寶科,2021,1,balance_sheet,待註銷股本股數（單位：股）,,--,sii,https://mopsov.twse.com.tw/mops/web/ajax_t163sb05
中游,電源供應系統,2301,光寶科,2021,1,balance_sheet,預收股款（權益項下）之約當發行股數（單位：股）,0,0,sii,https://mopsov.twse.com.tw/mops/web/ajax_t163sb05
中游,電源供應系統,2301,光寶科,2021,1,balance_sheet,母公司暨子公司所持有之母公司庫藏股股數（單位：股）,27303500,"27,303,500",sii,https://mopsov.twse.com.tw/mops/web/ajax_t163sb05
中游,電源供應系統,2301,光寶科,2021,1,balance_sheet,每股參考淨值,30.38,30.38,sii,https://mopsov.twse.com.tw/mops/web/ajax_t163sb05
中游,電源供應系統,2308,台達電,2021,1,balance_sheet,流動資產,178758772,"178,758,772",sii,https://mopsov.twse.com.tw/mops/web/ajax_t163sb05
中游,電源供應系統,2308,台達電,2021,1,balance_sheet,非流動資產,165041999,"165,041,999",sii,https://mopsov.twse.com.tw/mops/web/ajax_t163sb05
中游,電源供應系統,2308,台達電,2021,1,balance_sheet,資產總計,343800771,"343,800,771",sii,https://mopsov.twse.com.tw/mops/web/ajax_t163sb05
中游,電源供應系統,2308,台達電,2021,1,balance_sheet,流動負債,96745017,"96,745,017",sii,https://mopsov.twse.com.tw/mops/web/ajax_t163sb05
中游,電源供應系統,2308,台達電,2021,1,balance_sheet,非流動負債,61320856,"61,320,856",sii,https://mopsov.twse.com.tw/mops/web/ajax_t163sb05
中游,電源供應系統,2308,台達電,2021,1,balance_sheet,負債總計,158065873,"158,065,873",sii,https://mopsov.twse.com.tw/mops/web/ajax_t163sb05
中游,電源供應系統,2308,台達電,2021,1,balance_sheet,股本,25975433,"25,975,433",sii,https://mopsov.twse.com.tw/mops/web/ajax_t163sb05
中游,電源供應系統,2308,台達電,2021,1,balance_sheet,權益─具證券性質之虛擬通貨,,--,sii,https://mopsov.twse.com.tw/mops/web/ajax_t163sb05
中游,電源供應系統,2308,台達電,2021,1,balance_sheet,資本公積,49046774,"49,046,774",sii,https://mopsov.twse.com.tw/mops/web/ajax_t163sb05
中游,電源供應系統,2308,台達電,2021,1,balance_sheet,保留盈餘,89894200,"89,894,200",sii,https://mopsov.twse.com.tw/mops/web/ajax_t163sb05
中游,電源供應系統,2308,台達電,2021,1,balance_sheet,其他權益,-11112320,"-11,112,320",sii,https://mopsov.twse.com.tw/mops/web/ajax_t163sb05
中游,電源供應系統,2308,台達電,2021,1,balance_sheet,庫藏股票,,--,sii,https://mopsov.twse.com.tw/mops/web/ajax_t163sb05
中游,電源供應系統,2308,台達電,2021,1,balance_sheet,歸屬於母公司業主之權益合計,153804087,"153,804,087",sii,https://mopsov.twse.com.tw/mops/web/ajax_t163sb05
中游,電源供應系統,2308,台達電,2021,1,balance_sheet,共同控制下前手權益,,--,sii,https://mopsov.twse.com.tw/mops/web/ajax_t163sb05
中游,電源供應系統,2308,台達電,2021,1,balance_sheet,合併前非屬共同控制股權,,--,sii,https://mopsov.twse.com.tw/mops/web/ajax_t163sb05
中游,電源供應系統,2308,台達電,2021,1,balance_sheet,非控制權益,31930811,"31,930,811",sii,https://mopsov.twse.com.tw/mops/web/ajax_t163sb05
中游,電源供應系統,2308,台達電,2021,1,balance_sheet,權益總計,185734898,"185,734,898",sii,https://mopsov.twse.com.tw/mops/web/ajax_t163sb05
中游,電源供應系統,2308,台達電,2021,1,balance_sheet,待註銷股本股數（單位：股）,,--,sii,https://mopsov.twse.com.tw/mops/web/ajax_t163sb05
中游,電源供應系統,2308,台達電,2021,1,balance_sheet,預收股款（權益項下）之約當發行股數（單位：股）,0,0,sii,https://mopsov.twse.com.tw/mops/web/ajax_t163sb05
中游,電源供應系統,2308,台達電,2021,1,balance_sheet,母公司暨子公司所持有之母公司庫藏股股數（單位：股）,0,0,sii,https://mopsov.twse.com.tw/mops/web/ajax_t163sb05
中游,電源供應系統,2308,台達電,2021,1,balance_sheet,每股參考淨值,59.21,59.21,sii,https://mopsov.twse.com.tw/mops/web/ajax_t163sb05
中游,電源供應系統,2301,光寶科,2021,1,cash_flow,營業活動之淨現金流入（流出）,6648519,"6,648,519",sii,https://mopsov.twse.com.tw/mops/web/ajax_t163sb20
中游,電源供應系統,2301,光寶科,2021,1,cash_flow,投資活動之淨現金流入（流出）,-792660,"-792,660",sii,https://mopsov.twse.com.tw/mops/web/ajax_t163sb20
中游,電源供應系統,2301,光寶科,2021,1,cash_flow,籌資活動之淨現金流入（流出）,-6604235,"-6,604,235",sii,https://mopsov.twse.com.tw/mops/web/ajax_t163sb20
中游,電源供應系統,2301,光寶科,2021,1,cash_flow,匯率變動對現金及約當現金之影響,540147,"540,147",sii,https://mopsov.twse.com.tw/mops/web/ajax_t163sb20
中游,電源供應系統,2301,光寶科,2021,1,cash_flow,本期現金及約當現金增加（減少）數,-208229,"-208,229",sii,https://mopsov.twse.com.tw/mops/web/ajax_t163sb20
中游,電源供應系統,2301,光寶科,2021,1,cash_flow,期初現金及約當現金餘額,71508036,"71,508,036",sii,https://mopsov.twse.com.tw/mops/web/ajax_t163sb20
中游,電源供應系統,2301,光寶科,2021,1,cash_flow,期末現金及約當現金餘額,71299807,"71,299,807",sii,https://mopsov.twse.com.tw/mops/web/ajax_t163sb20
中游,電源供應系統,2308,台達電,2021,1,cash_flow,營業活動之淨現金流入（流出）,11256215,"11,256,215",sii,https://mopsov.twse.com.tw/mops/web/ajax_t163sb20
中游,電源供應系統,2308,台達電,2021,1,cash_flow,投資活動之淨現金流入（流出）,-6315166,"-6,315,166",sii,https://mopsov.twse.com.tw/mops/web/ajax_t163sb20
中游,電源供應系統,2308,台達電,2021,1,cash_flow,籌資活動之淨現金流入（流出）,-3330081,"-3,330,081",sii,https://mopsov.twse.com.tw/mops/web/ajax_t163sb20
中游,電源供應系統,2308,台達電,2021,1,cash_flow,匯率變動對現金及約當現金之影響,535142,"535,142",sii,https://mopsov.twse.com.tw/mops/web/ajax_t163sb20
中游,電源供應系統,2308,台達電,2021,1,cash_flow,本期現金及約當現金增加（減少）數,2146110,"2,146,110",sii,https://mopsov.twse.com.tw/mops/web/ajax_t163sb20
中游,電源供應系統,2308,台達電,2021,1,cash_flow,期初現金及約當現金餘額,58711985,"58,711,985",sii,https://mopsov.twse.com.tw/mops/web/ajax_t163sb20
中游,電源供應系統,2308,台達電,2021,1,cash_flow,期末現金及約當現金餘額,60858095,"60,858,095",sii,https://mopsov.twse.com.tw/mops/web/ajax_t163sb20
中游,電源供應系統,2301,光寶科,2021,2,income_statement,營業收入,78395367,"78,395,367",sii,https://mopsov.twse.com.tw/mops/web/ajax_t163sb04
中游,電源供應系統,2301,光寶科,2021,2,income_statement,營業成本,63683947,"63,683,947",sii,https://mopsov.twse.com.tw/mops/web/ajax_t163sb04
中游,電源供應系統,2301,光寶科,2021,2,income_statement,原始認列生物資產及農產品之利益（損失）,,--,sii,https://mopsov.twse.com.tw/mops/web/ajax_t163sb04
中游,電源供應系統,2301,光寶科,2021,2,income_statement,生物資產當期公允價值減出售成本之變動利益（損失）,,--,sii,https://mopsov.twse.com.tw/mops/web/ajax_t163sb04
中游,電源供應系統,2301,光寶科,2021,2,income_statement,營業毛利（毛損）,14711420,"14,711,420",sii,https://mopsov.twse.com.tw/mops/web/ajax_t163sb04
中游,電源供應系統,2301,光寶科,2021,2,income_statement,未實現銷貨（損）益,,--,sii,https://mopsov.twse.com.tw/mops/web/ajax_t163sb04
中游,電源供應系統,2301,光寶科,2021,2,income_statement,已實現銷貨（損）益,,--,sii,https://mopsov.twse.com.tw/mops/web/ajax_t163sb04
中游,電源供應系統,2301,光寶科,2021,2,income_statement,營業毛利（毛損）淨額,14711420,"14,711,420",sii,https://mopsov.twse.com.tw/mops/web/ajax_t163sb04
中游,電源供應系統,2301,光寶科,2021,2,income_statement,營業費用,8803817,"8,803,817",sii,https://mopsov.twse.com.tw/mops/web/ajax_t163sb04
中游,電源供應系統,2301,光寶科,2021,2,income_statement,其他收益及費損淨額,,--,sii,https://mopsov.twse.com.tw/mops/web/ajax_t163sb04
中游,電源供應系統,2301,光寶科,2021,2,income_statement,營業利益（損失）,5907603,"5,907,603",sii,https://mopsov.twse.com.tw/mops/web/ajax_t163sb04
中游,電源供應系統,2301,光寶科,2021,2,income_statement,營業外收入及支出,4694872,"4,694,872",sii,https://mopsov.twse.com.tw/mops/web/ajax_t163sb04
中游,電源供應系統,2301,光寶科,2021,2,income_statement,稅前淨利（淨損）,10602475,"10,602,475",sii,https://mopsov.twse.com.tw/mops/web/ajax_t163sb04
中游,電源供應系統,2301,光寶科,2021,2,income_statement,所得稅費用（利益）,2278831,"2,278,831",sii,https://mopsov.twse.com.tw/mops/web/ajax_t163sb04
中游,電源供應系統,2301,光寶科,2021,2,income_statement,繼續營業單位本期淨利（淨損）,8323644,"8,323,644",sii,https://mopsov.twse.com.tw/mops/web/ajax_t163sb04
中游,電源供應系統,2301,光寶科,2021,2,income_statement,停業單位損益,,--,sii,https://mopsov.twse.com.tw/mops/web/ajax_t163sb04
中游,電源供應系統,2301,光寶科,2021,2,income_statement,合併前非屬共同控制股權損益,,--,sii,https://mopsov.twse.com.tw/mops/web/ajax_t163sb04
中游,電源供應系統,2301,光寶科,2021,2,income_statement,本期淨利（淨損）,8323644,"8,323,644",sii,https://mopsov.twse.com.tw/mops/web/ajax_t163sb04
中游,電源供應系統,2301,光寶科,2021,2,income_statement,其他綜合損益（淨額）,-214719,"-214,719",sii,https://mopsov.twse.com.tw/mops/web/ajax_t163sb04
中游,電源供應系統,2301,光寶科,2021,2,income_statement,合併前非屬共同控制股權綜合損益淨額,,--,sii,https://mopsov.twse.com.tw/mops/web/ajax_t163sb04
中游,電源供應系統,2301,光寶科,2021,2,income_statement,本期綜合損益總額,8108925,"8,108,925",sii,https://mopsov.twse.com.tw/mops/web/ajax_t163sb04
中游,電源供應系統,2301,光寶科,2021,2,income_statement,淨利（淨損）歸屬於母公司業主,8297803,"8,297,803",sii,https://mopsov.twse.com.tw/mops/web/ajax_t163sb04
中游,電源供應系統,2301,光寶科,2021,2,income_statement,淨利（淨損）歸屬於共同控制下前手權益,,--,sii,https://mopsov.twse.com.tw/mops/web/ajax_t163sb04
中游,電源供應系統,2301,光寶科,2021,2,income_statement,淨利（淨損）歸屬於非控制權益,25841,"25,841",sii,https://mopsov.twse.com.tw/mops/web/ajax_t163sb04
中游,電源供應系統,2301,光寶科,2021,2,income_statement,綜合損益總額歸屬於母公司業主,8105250,"8,105,250",sii,https://mopsov.twse.com.tw/mops/web/ajax_t163sb04
中游,電源供應系統,2301,光寶科,2021,2,income_statement,綜合損益總額歸屬於共同控制下前手權益,,--,sii,https://mopsov.twse.com.tw/mops/web/ajax_t163sb04
中游,電源供應系統,2301,光寶科,2021,2,income_statement,綜合損益總額歸屬於非控制權益,3675,"3,675",sii,https://mopsov.twse.com.tw/mops/web/ajax_t163sb04
中游,電源供應系統,2301,光寶科,2021,2,income_statement,基本每股盈餘（元）,3.57,3.57,sii,https://mopsov.twse.com.tw/mops/web/ajax_t163sb04
中游,電源供應系統,2308,台達電,2021,2,income_statement,營業收入,151255167,"151,255,167",sii,https://mopsov.twse.com.tw/mops/web/ajax_t163sb04
中游,電源供應系統,2308,台達電,2021,2,income_statement,營業成本,105968081,"105,968,081",sii,https://mopsov.twse.com.tw/mops/web/ajax_t163sb04
中游,電源供應系統,2308,台達電,2021,2,income_statement,原始認列生物資產及農產品之利益（損失）,,--,sii,https://mopsov.twse.com.tw/mops/web/ajax_t163sb04
中游,電源供應系統,2308,台達電,2021,2,income_statement,生物資產當期公允價值減出售成本之變動利益（損失）,,--,sii,https://mopsov.twse.com.tw/mops/web/ajax_t163sb04
中游,電源供應系統,2308,台達電,2021,2,income_statement,營業毛利（毛損）,45287086,"45,287,086",sii,https://mopsov.twse.com.tw/mops/web/ajax_t163sb04
中游,電源供應系統,2308,台達電,2021,2,income_statement,未實現銷貨（損）益,,--,sii,https://mopsov.twse.com.tw/mops/web/ajax_t163sb04
中游,電源供應系統,2308,台達電,2021,2,income_statement,已實現銷貨（損）益,,--,sii,https://mopsov.twse.com.tw/mops/web/ajax_t163sb04
中游,電源供應系統,2308,台達電,2021,2,income_statement,營業毛利（毛損）淨額,45287086,"45,287,086",sii,https://mopsov.twse.com.tw/mops/web/ajax_t163sb04
中游,電源供應系統,2308,台達電,2021,2,income_statement,營業費用,29005427,"29,005,427",sii,https://mopsov.twse.com.tw/mops/web/ajax_t163sb04
中游,電源供應系統,2308,台達電,2021,2,income_statement,其他收益及費損淨額,,--,sii,https://mopsov.twse.com.tw/mops/web/ajax_t163sb04
中游,電源供應系統,2308,台達電,2021,2,income_statement,營業利益（損失）,16281659,"16,281,659",sii,https://mopsov.twse.com.tw/mops/web/ajax_t163sb04
中游,電源供應系統,2308,台達電,2021,2,income_statement,營業外收入及支出,2613560,"2,613,560",sii,https://mopsov.twse.com.tw/mops/web/ajax_t163sb04
中游,電源供應系統,2308,台達電,2021,2,income_statement,稅前淨利（淨損）,18895219,"18,895,219",sii,https://mopsov.twse.com.tw/mops/web/ajax_t163sb04
中游,電源供應系統,2308,台達電,2021,2,income_statement,所得稅費用（利益）,3788447,"3,788,447",sii,https://mopsov.twse.com.tw/mops/web/ajax_t163sb04
中游,電源供應系統,2308,台達電,2021,2,income_statement,繼續營業單位本期淨利（淨損）,15106772,"15,106,772",sii,https://mopsov.twse.com.tw/mops/web/ajax_t163sb04
中游,電源供應系統,2308,台達電,2021,2,income_statement,停業單位損益,,--,sii,https://mopsov.twse.com.tw/mops/web/ajax_t163sb04
中游,電源供應系統,2308,台達電,2021,2,income_statement,合併前非屬共同控制股權損益,,--,sii,https://mopsov.twse.com.tw/mops/web/ajax_t163sb04
中游,電源供應系統,2308,台達電,2021,2,income_statement,本期淨利（淨損）,15106772,"15,106,772",sii,https://mopsov.twse.com.tw/mops/web/ajax_t163sb04
中游,電源供應系統,2308,台達電,2021,2,income_statement,其他綜合損益（淨額）,-2542758,"-2,542,758",sii,https://mopsov.twse.com.tw/mops/web/ajax_t163sb04
中游,電源供應系統,2308,台達電,2021,2,income_statement,合併前非屬共同控制股權綜合損益淨額,,--,sii,https://mopsov.twse.com.tw/mops/web/ajax_t163sb04
中游,電源供應系統,2308,台達電,2021,2,income_statement,本期綜合損益總額,12564014,"12,564,014",sii,https://mopsov.twse.com.tw/mops/web/ajax_t163sb04
中游,電源供應系統,2308,台達電,2021,2,income_statement,淨利（淨損）歸屬於母公司業主,14169883,"14,169,883",sii,https://mopsov.twse.com.tw/mops/web/ajax_t163sb04
中游,電源供應系統,2308,台達電,2021,2,income_statement,淨利（淨損）歸屬於共同控制下前手權益,,--,sii,https://mopsov.twse.com.tw/mops/web/ajax_t163sb04
中游,電源供應系統,2308,台達電,2021,2,income_statement,淨利（淨損）歸屬於非控制權益,936889,"936,889",sii,https://mopsov.twse.com.tw/mops/web/ajax_t163sb04
中游,電源供應系統,2308,台達電,2021,2,income_statement,綜合損益總額歸屬於母公司業主,12451312,"12,451,312",sii,https://mopsov.twse.com.tw/mops/web/ajax_t163sb04
中游,電源供應系統,2308,台達電,2021,2,income_statement,綜合損益總額歸屬於共同控制下前手權益,,--,sii,https://mopsov.twse.com.tw/mops/web/ajax_t163sb04
中游,電源供應系統,2308,台達電,2021,2,income_statement,綜合損益總額歸屬於非控制權益,112702,"112,702",sii,https://mopsov.twse.com.tw/mops/web/ajax_t163sb04
中游,電源供應系統,2308,台達電,2021,2,income_statement,基本每股盈餘（元）,5.46,5.46,sii,https://mopsov.twse.com.tw/mops/web/ajax_t163sb04
中游,電源供應系統,2301,光寶科,2021,2,balance_sheet,流動資產,138491867,"138,491,867",sii,https://mopsov.twse.com.tw/mops/web/ajax_t163sb05
中游,電源供應系統,2301,光寶科,2021,2,balance_sheet,非流動資產,36657325,"36,657,325",sii,https://mopsov.twse.com.tw/mops/web/ajax_t163sb05
中游,電源供應系統,2301,光寶科,2021,2,balance_sheet,資產總計,175149192,"175,149,192",sii,https://mopsov.twse.com.tw/mops/web/ajax_t163sb05
中游,電源供應系統,2301,光寶科,2021,2,balance_sheet,流動負債,98641255,"98,641,255",sii,https://mopsov.twse.com.tw/mops/web/ajax_t163sb05
中游,電源供應系統,2301,光寶科,2021,2,balance_sheet,非流動負債,2217190,"2,217,190",sii,https://mopsov.twse.com.tw/mops/web/ajax_t163sb05
中游,電源供應系統,2301,光寶科,2021,2,balance_sheet,負債總計,100858445,"100,858,445",sii,https://mopsov.twse.com.tw/mops/web/ajax_t163sb05
中游,電源供應系統,2301,光寶科,2021,2,balance_sheet,股本,23508670,"23,508,670",sii,https://mopsov.twse.com.tw/mops/web/ajax_t163sb05
中游,電源供應系統,2301,光寶科,2021,2,balance_sheet,權益─具證券性質之虛擬通貨,,--,sii,https://mopsov.twse.com.tw/mops/web/ajax_t163sb05
中游,電源供應系統,2301,光寶科,2021,2,balance_sheet,資本公積,21613574,"21,613,574",sii,https://mopsov.twse.com.tw/mops/web/ajax_t163sb05
中游,電源供應系統,2301,光寶科,2021,2,balance_sheet,保留盈餘,35848745,"35,848,745",sii,https://mopsov.twse.com.tw/mops/web/ajax_t163sb05
中游,電源供應系統,2301,光寶科,2021,2,balance_sheet,其他權益,-5940218,"-5,940,218",sii,https://mopsov.twse.com.tw/mops/web/ajax_t163sb05
中游,電源供應系統,2301,光寶科,2021,2,balance_sheet,庫藏股票,-1271314,"-1,271,314",sii,https://mopsov.twse.com.tw/mops/web/ajax_t163sb05
中游,電源供應系統,2301,光寶科,2021,2,balance_sheet,歸屬於母公司業主之權益合計,73759457,"73,759,457",sii,https://mopsov.twse.com.tw/mops/web/ajax_t163sb05
中游,電源供應系統,2301,光寶科,2021,2,balance_sheet,共同控制下前手權益,,--,sii,https://mopsov.twse.com.tw/mops/web/ajax_t163sb05
中游,電源供應系統,2301,光寶科,2021,2,balance_sheet,合併前非屬共同控制股權,,--,sii,https://mopsov.twse.com.tw/mops/web/ajax_t163sb05
中游,電源供應系統,2301,光寶科,2021,2,balance_sheet,非控制權益,531290,"531,290",sii,https://mopsov.twse.com.tw/mops/web/ajax_t163sb05
中游,電源供應系統,2301,光寶科,2021,2,balance_sheet,權益總計,74290747,"74,290,747",sii,https://mopsov.twse.com.tw/mops/web/ajax_t163sb05
中游,電源供應系統,2301,光寶科,2021,2,balance_sheet,待註銷股本股數（單位：股）,,--,sii,https://mopsov.twse.com.tw/mops/web/ajax_t163sb05
中游,電源供應系統,2301,光寶科,2021,2,balance_sheet,預收股款（權益項下）之約當發行股數（單位：股）,0,0,sii,https://mopsov.twse.com.tw/mops/web/ajax_t163sb05
中游,電源供應系統,2301,光寶科,2021,2,balance_sheet,母公司暨子公司所持有之母公司庫藏股股數（單位：股）,27303500,"27,303,500",sii,https://mopsov.twse.com.tw/mops/web/ajax_t163sb05
中游,電源供應系統,2301,光寶科,2021,2,balance_sheet,每股參考淨值,31.74,31.74,sii,https://mopsov.twse.com.tw/mops/web/ajax_t163sb05
中游,電源供應系統,2308,台達電,2021,2,balance_sheet,流動資產,187455410,"187,455,410",sii,https://mopsov.twse.com.tw/mops/web/ajax_t163sb05
中游,電源供應系統,2308,台達電,2021,2,balance_sheet,非流動資產,163463724,"163,463,724",sii,https://mopsov.twse.com.tw/mops/web/ajax_t163sb05
中游,電源供應系統,2308,台達電,2021,2,balance_sheet,資產總計,350919134,"350,919,134",sii,https://mopsov.twse.com.tw/mops/web/ajax_t163sb05
中游,電源供應系統,2308,台達電,2021,2,balance_sheet,流動負債,113891351,"113,891,351",sii,https://mopsov.twse.com.tw/mops/web/ajax_t163sb05
中游,電源供應系統,2308,台達電,2021,2,balance_sheet,非流動負債,61795356,"61,795,356",sii,https://mopsov.twse.com.tw/mops/web/ajax_t163sb05
中游,電源供應系統,2308,台達電,2021,2,balance_sheet,負債總計,175686707,"175,686,707",sii,https://mopsov.twse.com.tw/mops/web/ajax_t163sb05
中游,電源供應系統,2308,台達電,2021,2,balance_sheet,股本,25975433,"25,975,433",sii,https://mopsov.twse.com.tw/mops/web/ajax_t163sb05
中游,電源供應系統,2308,台達電,2021,2,balance_sheet,權益─具證券性質之虛擬通貨,,--,sii,https://mopsov.twse.com.tw/mops/web/ajax_t163sb05
中游,電源供應系統,2308,台達電,2021,2,balance_sheet,資本公積,49096130,"49,096,130",sii,https://mopsov.twse.com.tw/mops/web/ajax_t163sb05
中游,電源供應系統,2308,台達電,2021,2,balance_sheet,保留盈餘,83212092,"83,212,092",sii,https://mopsov.twse.com.tw/mops/web/ajax_t163sb05
中游,電源供應系統,2308,台達電,2021,2,balance_sheet,其他權益,-14325868,"-14,325,868",sii,https://mopsov.twse.com.tw/mops/web/ajax_t163sb05
中游,電源供應系統,2308,台達電,2021,2,balance_sheet,庫藏股票,,--,sii,https://mopsov.twse.com.tw/mops/web/ajax_t163sb05
中游,電源供應系統,2308,台達電,2021,2,balance_sheet,歸屬於母公司業主之權益合計,143957787,"143,957,787",sii,https://mopsov.twse.com.tw/mops/web/ajax_t163sb05
中游,電源供應系統,2308,台達電,2021,2,balance_sheet,共同控制下前手權益,,--,sii,https://mopsov.twse.com.tw/mops/web/ajax_t163sb05
中游,電源供應系統,2308,台達電,2021,2,balance_sheet,合併前非屬共同控制股權,,--,sii,https://mopsov.twse.com.tw/mops/web/ajax_t163sb05
中游,電源供應系統,2308,台達電,2021,2,balance_sheet,非控制權益,31274640,"31,274,640",sii,https://mopsov.twse.com.tw/mops/web/ajax_t163sb05
中游,電源供應系統,2308,台達電,2021,2,balance_sheet,權益總計,175232427,"175,232,427",sii,https://mopsov.twse.com.tw/mops/web/ajax_t163sb05
中游,電源供應系統,2308,台達電,2021,2,balance_sheet,待註銷股本股數（單位：股）,,--,sii,https://mopsov.twse.com.tw/mops/web/ajax_t163sb05
中游,電源供應系統,2308,台達電,2021,2,balance_sheet,預收股款（權益項下）之約當發行股數（單位：股）,0,0,sii,https://mopsov.twse.com.tw/mops/web/ajax_t163sb05
中游,電源供應系統,2308,台達電,2021,2,balance_sheet,母公司暨子公司所持有之母公司庫藏股股數（單位：股）,0,0,sii,https://mopsov.twse.com.tw/mops/web/ajax_t163sb05
中游,電源供應系統,2308,台達電,2021,2,balance_sheet,每股參考淨值,55.42,55.42,sii,https://mopsov.twse.com.tw/mops/web/ajax_t163sb05
中游,電源供應系統,2301,光寶科,2021,2,cash_flow,營業活動之淨現金流入（流出）,4237581,"4,237,581",sii,https://mopsov.twse.com.tw/mops/web/ajax_t163sb20
中游,電源供應系統,2301,光寶科,2021,2,cash_flow,投資活動之淨現金流入（流出）,-1503490,"-1,503,490",sii,https://mopsov.twse.com.tw/mops/web/ajax_t163sb20
中游,電源供應系統,2301,光寶科,2021,2,cash_flow,籌資活動之淨現金流入（流出）,-8407641,"-8,407,641",sii,https://mopsov.twse.com.tw/mops/web/ajax_t163sb20
中游,電源供應系統,2301,光寶科,2021,2,cash_flow,匯率變動對現金及約當現金之影響,-222641,"-222,641",sii,https://mopsov.twse.com.tw/mops/web/ajax_t163sb20
中游,電源供應系統,2301,光寶科,2021,2,cash_flow,本期現金及約當現金增加（減少）數,-5896191,"-5,896,191",sii,https://mopsov.twse.com.tw/mops/web/ajax_t163sb20
中游,電源供應系統,2301,光寶科,2021,2,cash_flow,期初現金及約當現金餘額,71508036,"71,508,036",sii,https://mopsov.twse.com.tw/mops/web/ajax_t163sb20
中游,電源供應系統,2301,光寶科,2021,2,cash_flow,期末現金及約當現金餘額,65611845,"65,611,845",sii,https://mopsov.twse.com.tw/mops/web/ajax_t163sb20
中游,電源供應系統,2308,台達電,2021,2,cash_flow,營業活動之淨現金流入（流出）,17146271,"17,146,271",sii,https://mopsov.twse.com.tw/mops/web/ajax_t163sb20
中游,電源供應系統,2308,台達電,2021,2,cash_flow,投資活動之淨現金流入（流出）,-12512135,"-12,512,135",sii,https://mopsov.twse.com.tw/mops/web/ajax_t163sb20
中游,電源供應系統,2308,台達電,2021,2,cash_flow,籌資活動之淨現金流入（流出）,-4565227,"-4,565,227",sii,https://mopsov.twse.com.tw/mops/web/ajax_t163sb20
中游,電源供應系統,2308,台達電,2021,2,cash_flow,匯率變動對現金及約當現金之影響,-1297785,"-1,297,785",sii,https://mopsov.twse.com.tw/mops/web/ajax_t163sb20
中游,電源供應系統,2308,台達電,2021,2,cash_flow,本期現金及約當現金增加（減少）數,-1228876,"-1,228,876",sii,https://mopsov.twse.com.tw/mops/web/ajax_t163sb20
中游,電源供應系統,2308,台達電,2021,2,cash_flow,期初現金及約當現金餘額,58711985,"58,711,985",sii,https://mopsov.twse.com.tw/mops/web/ajax_t163sb20
中游,電源供應系統,2308,台達電,2021,2,cash_flow,期末現金及約當現金餘額,57483109,"57,483,109",sii,https://mopsov.twse.com.tw/mops/web/ajax_t163sb20
中游,電源供應系統,2301,光寶科,2021,3,income_statement,營業收入,120258964,"120,258,964",sii,https://mopsov.twse.com.tw/mops/web/ajax_t163sb04
中游,電源供應系統,2301,光寶科,2021,3,income_statement,營業成本,97463849,"97,463,849",sii,https://mopsov.twse.com.tw/mops/web/ajax_t163sb04
中游,電源供應系統,2301,光寶科,2021,3,income_statement,原始認列生物資產及農產品之利益（損失）,,--,sii,https://mopsov.twse.com.tw/mops/web/ajax_t163sb04
中游,電源供應系統,2301,光寶科,2021,3,income_statement,生物資產當期公允價值減出售成本之變動利益（損失）,,--,sii,https://mopsov.twse.com.tw/mops/web/ajax_t163sb04
中游,電源供應系統,2301,光寶科,2021,3,income_statement,營業毛利（毛損）,22795115,"22,795,115",sii,https://mopsov.twse.com.tw/mops/web/ajax_t163sb04
中游,電源供應系統,2301,光寶科,2021,3,income_statement,未實現銷貨（損）益,,--,sii,https://mopsov.twse.com.tw/mops/web/ajax_t163sb04
中游,電源供應系統,2301,光寶科,2021,3,income_statement,已實現銷貨（損）益,,--,sii,https://mopsov.twse.com.tw/mops/web/ajax_t163sb04
中游,電源供應系統,2301,光寶科,2021,3,income_statement,營業毛利（毛損）淨額,22795115,"22,795,115",sii,https://mopsov.twse.com.tw/mops/web/ajax_t163sb04
中游,電源供應系統,2301,光寶科,2021,3,income_statement,營業費用,13365958,"13,365,958",sii,https://mopsov.twse.com.tw/mops/web/ajax_t163sb04
中游,電源供應系統,2301,光寶科,2021,3,income_statement,其他收益及費損淨額,,--,sii,https://mopsov.twse.com.tw/mops/web/ajax_t163sb04
中游,電源供應系統,2301,光寶科,2021,3,income_statement,營業利益（損失）,9429157,"9,429,157",sii,https://mopsov.twse.com.tw/mops/web/ajax_t163sb04
中游,電源供應系統,2301,光寶科,2021,3,income_statement,營業外收入及支出,5045527,"5,045,527",sii,https://mopsov.twse.com.tw/mops/web/ajax_t163sb04
中游,電源供應系統,2301,光寶科,2021,3,income_statement,稅前淨利（淨損）,14474684,"14,474,684",sii,https://mopsov.twse.com.tw/mops/web/ajax_t163sb04
中游,電源供應系統,2301,光寶科,2021,3,income_statement,所得稅費用（利益）,3061017,"3,061,017",sii,https://mopsov.twse.com.tw/mops/web/ajax_t163sb04
中游,電源供應系統,2301,光寶科,2021,3,income_statement,繼續營業單位本期淨利（淨損）,11413667,"11,413,667",sii,https://mopsov.twse.com.tw/mops/web/ajax_t163sb04
中游,電源供應系統,2301,光寶科,2021,3,income_statement,停業單位損益,,--,sii,https://mopsov.twse.com.tw/mops/web/ajax_t163sb04
中游,電源供應系統,2301,光寶科,2021,3,income_statement,合併前非屬共同控制股權損益,,--,sii,https://mopsov.twse.com.tw/mops/web/ajax_t163sb04
中游,電源供應系統,2301,光寶科,2021,3,income_statement,本期淨利（淨損）,11413667,"11,413,667",sii,https://mopsov.twse.com.tw/mops/web/ajax_t163sb04
中游,電源供應系統,2301,光寶科,2021,3,income_statement,其他綜合損益（淨額）,-514680,"-514,680",sii,https://mopsov.twse.com.tw/mops/web/ajax_t163sb04
中游,電源供應系統,2301,光寶科,2021,3,income_statement,合併前非屬共同控制股權綜合損益淨額,,--,sii,https://mopsov.twse.com.tw/mops/web/ajax_t163sb04
中游,電源供應系統,2301,光寶科,2021,3,income_statement,本期綜合損益總額,10898987,"10,898,987",sii,https://mopsov.twse.com.tw/mops/web/ajax_t163sb04
中游,電源供應系統,2301,光寶科,2021,3,income_statement,淨利（淨損）歸屬於母公司業主,11377338,"11,377,338",sii,https://mopsov.twse.com.tw/mops/web/ajax_t163sb04
中游,電源供應系統,2301,光寶科,2021,3,income_statement,淨利（淨損）歸屬於共同控制下前手權益,,--,sii,https://mopsov.twse.com.tw/mops/web/ajax_t163sb04
中游,電源供應系統,2301,光寶科,2021,3,income_statement,淨利（淨損）歸屬於非控制權益,36329,"36,329",sii,https://mopsov.twse.com.tw/mops/web/ajax_t163sb04
中游,電源供應系統,2301,光寶科,2021,3,income_statement,綜合損益總額歸屬於母公司業主,10898255,"10,898,255",sii,https://mopsov.twse.com.tw/mops/web/ajax_t163sb04
中游,電源供應系統,2301,光寶科,2021,3,income_statement,綜合損益總額歸屬於共同控制下前手權益,,--,sii,https://mopsov.twse.com.tw/mops/web/ajax_t163sb04
中游,電源供應系統,2301,光寶科,2021,3,income_statement,綜合損益總額歸屬於非控制權益,732,732,sii,https://mopsov.twse.com.tw/mops/web/ajax_t163sb04
中游,電源供應系統,2301,光寶科,2021,3,income_statement,基本每股盈餘（元）,4.9,4.90,sii,https://mopsov.twse.com.tw/mops/web/ajax_t163sb04
中游,電源供應系統,2308,台達電,2021,3,income_statement,營業收入,230901339,"230,901,339",sii,https://mopsov.twse.com.tw/mops/web/ajax_t163sb04
中游,電源供應系統,2308,台達電,2021,3,income_statement,營業成本,163070655,"163,070,655",sii,https://mopsov.twse.com.tw/mops/web/ajax_t163sb04
中游,電源供應系統,2308,台達電,2021,3,income_statement,原始認列生物資產及農產品之利益（損失）,,--,sii,https://mopsov.twse.com.tw/mops/web/ajax_t163sb04
中游,電源供應系統,2308,台達電,2021,3,income_statement,生物資產當期公允價值減出售成本之變動利益（損失）,,--,sii,https://mopsov.twse.com.tw/mops/web/ajax_t163sb04
中游,電源供應系統,2308,台達電,2021,3,income_statement,營業毛利（毛損）,67830684,"67,830,684",sii,https://mopsov.twse.com.tw/mops/web/ajax_t163sb04
中游,電源供應系統,2308,台達電,2021,3,income_statement,未實現銷貨（損）益,,--,sii,https://mopsov.twse.com.tw/mops/web/ajax_t163sb04
中游,電源供應系統,2308,台達電,2021,3,income_statement,已實現銷貨（損）益,,--,sii,https://mopsov.twse.com.tw/mops/web/ajax_t163sb04
中游,電源供應系統,2308,台達電,2021,3,income_statement,營業毛利（毛損）淨額,67830684,"67,830,684",sii,https://mopsov.twse.com.tw/mops/web/ajax_t163sb04
中游,電源供應系統,2308,台達電,2021,3,income_statement,營業費用,43771084,"43,771,084",sii,https://mopsov.twse.com.tw/mops/web/ajax_t163sb04
中游,電源供應系統,2308,台達電,2021,3,income_statement,其他收益及費損淨額,,--,sii,https://mopsov.twse.com.tw/mops/web/ajax_t163sb04
中游,電源供應系統,2308,台達電,2021,3,income_statement,營業利益（損失）,24059600,"24,059,600",sii,https://mopsov.twse.com.tw/mops/web/ajax_t163sb04
中游,電源供應系統,2308,台達電,2021,3,income_statement,營業外收入及支出,3122828,"3,122,828",sii,https://mopsov.twse.com.tw/mops/web/ajax_t163sb04
中游,電源供應系統,2308,台達電,2021,3,income_statement,稅前淨利（淨損）,27182428,"27,182,428",sii,https://mopsov.twse.com.tw/mops/web/ajax_t163sb04
中游,電源供應系統,2308,台達電,2021,3,income_statement,所得稅費用（利益）,5477836,"5,477,836",sii,https://mopsov.twse.com.tw/mops/web/ajax_t163sb04
中游,電源供應系統,2308,台達電,2021,3,income_statement,繼續營業單位本期淨利（淨損）,21704592,"21,704,592",sii,https://mopsov.twse.com.tw/mops/web/ajax_t163sb04
中游,電源供應系統,2308,台達電,2021,3,income_statement,停業單位損益,,--,sii,https://mopsov.twse.com.tw/mops/web/ajax_t163sb04
中游,電源供應系統,2308,台達電,2021,3,income_statement,合併前非屬共同控制股權損益,,--,sii,https://mopsov.twse.com.tw/mops/web/ajax_t163sb04
中游,電源供應系統,2308,台達電,2021,3,income_statement,本期淨利（淨損）,21704592,"21,704,592",sii,https://mopsov.twse.com.tw/mops/web/ajax_t163sb04
中游,電源供應系統,2308,台達電,2021,3,income_statement,其他綜合損益（淨額）,-4252248,"-4,252,248",sii,https://mopsov.twse.com.tw/mops/web/ajax_t163sb04
中游,電源供應系統,2308,台達電,2021,3,income_statement,合併前非屬共同控制股權綜合損益淨額,,--,sii,https://mopsov.twse.com.tw/mops/web/ajax_t163sb04
中游,電源供應系統,2308,台達電,2021,3,income_statement,本期綜合損益總額,17452344,"17,452,344",sii,https://mopsov.twse.com.tw/mops/web/ajax_t163sb04
中游,電源供應系統,2308,台達電,2021,3,income_statement,淨利（淨損）歸屬於母公司業主,20538751,"20,538,751",sii,https://mopsov.twse.com.tw/mops/web/ajax_t163sb04
中游,電源供應系統,2308,台達電,2021,3,income_statement,淨利（淨損）歸屬於共同控制下前手權益,,--,sii,https://mopsov.twse.com.tw/mops/web/ajax_t163sb04
中游,電源供應系統,2308,台達電,2021,3,income_statement,淨利（淨損）歸屬於非控制權益,1165841,"1,165,841",sii,https://mopsov.twse.com.tw/mops/web/ajax_t163sb04
中游,電源供應系統,2308,台達電,2021,3,income_statement,綜合損益總額歸屬於母公司業主,17409734,"17,409,734",sii,https://mopsov.twse.com.tw/mops/web/ajax_t163sb04
中游,電源供應系統,2308,台達電,2021,3,income_statement,綜合損益總額歸屬於共同控制下前手權益,,--,sii,https://mopsov.twse.com.tw/mops/web/ajax_t163sb04
中游,電源供應系統,2308,台達電,2021,3,income_statement,綜合損益總額歸屬於非控制權益,42610,"42,610",sii,https://mopsov.twse.com.tw/mops/web/ajax_t163sb04
中游,電源供應系統,2308,台達電,2021,3,income_statement,基本每股盈餘（元）,7.91,7.91,sii,https://mopsov.twse.com.tw/mops/web/ajax_t163sb04
中游,電源供應系統,2301,光寶科,2021,3,balance_sheet,流動資產,144513352,"144,513,352",sii,https://mopsov.twse.com.tw/mops/web/ajax_t163sb05
中游,電源供應系統,2301,光寶科,2021,3,balance_sheet,非流動資產,36851837,"36,851,837",sii,https://mopsov.twse.com.tw/mops/web/ajax_t163sb05
中游,電源供應系統,2301,光寶科,2021,3,balance_sheet,資產總計,181365189,"181,365,189",sii,https://mopsov.twse.com.tw/mops/web/ajax_t163sb05
中游,電源供應系統,2301,光寶科,2021,3,balance_sheet,流動負債,108779317,"108,779,317",sii,https://mopsov.twse.com.tw/mops/web/ajax_t163sb05
中游,電源供應系統,2301,光寶科,2021,3,balance_sheet,非流動負債,2487778,"2,487,778",sii,https://mopsov.twse.com.tw/mops/web/ajax_t163sb05
中游,電源供應系統,2301,光寶科,2021,3,balance_sheet,負債總計,111267095,"111,267,095",sii,https://mopsov.twse.com.tw/mops/web/ajax_t163sb05
中游,電源供應系統,2301,光寶科,2021,3,balance_sheet,股本,23508670,"23,508,670",sii,https://mopsov.twse.com.tw/mops/web/ajax_t163sb05
中游,電源供應系統,2301,光寶科,2021,3,balance_sheet,權益─具證券性質之虛擬通貨,,--,sii,https://mopsov.twse.com.tw/mops/web/ajax_t163sb05
中游,電源供應系統,2301,光寶科,2021,3,balance_sheet,資本公積,21745221,"21,745,221",sii,https://mopsov.twse.com.tw/mops/web/ajax_t163sb05
中游,電源供應系統,2301,光寶科,2021,3,balance_sheet,保留盈餘,34227470,"34,227,470",sii,https://mopsov.twse.com.tw/mops/web/ajax_t163sb05
中游,電源供應系統,2301,光寶科,2021,3,balance_sheet,其他權益,-6217634,"-6,217,634",sii,https://mopsov.twse.com.tw/mops/web/ajax_t163sb05
中游,電源供應系統,2301,光寶科,2021,3,balance_sheet,庫藏股票,-3700808,"-3,700,808",sii,https://mopsov.twse.com.tw/mops/web/ajax_t163sb05
中游,電源供應系統,2301,光寶科,2021,3,balance_sheet,歸屬於母公司業主之權益合計,69562919,"69,562,919",sii,https://mopsov.twse.com.tw/mops/web/ajax_t163sb05
中游,電源供應系統,2301,光寶科,2021,3,balance_sheet,共同控制下前手權益,,--,sii,https://mopsov.twse.com.tw/mops/web/ajax_t163sb05
中游,電源供應系統,2301,光寶科,2021,3,balance_sheet,合併前非屬共同控制股權,,--,sii,https://mopsov.twse.com.tw/mops/web/ajax_t163sb05
中游,電源供應系統,2301,光寶科,2021,3,balance_sheet,非控制權益,535175,"535,175",sii,https://mopsov.twse.com.tw/mops/web/ajax_t163sb05
中游,電源供應系統,2301,光寶科,2021,3,balance_sheet,權益總計,70098094,"70,098,094",sii,https://mopsov.twse.com.tw/mops/web/ajax_t163sb05
中游,電源供應系統,2301,光寶科,2021,3,balance_sheet,待註銷股本股數（單位：股）,,--,sii,https://mopsov.twse.com.tw/mops/web/ajax_t163sb05
中游,電源供應系統,2301,光寶科,2021,3,balance_sheet,預收股款（權益項下）之約當發行股數（單位：股）,0,0,sii,https://mopsov.twse.com.tw/mops/web/ajax_t163sb05
中游,電源供應系統,2301,光寶科,2021,3,balance_sheet,母公司暨子公司所持有之母公司庫藏股股數（單位：股）,67303500,"67,303,500",sii,https://mopsov.twse.com.tw/mops/web/ajax_t163sb05
中游,電源供應系統,2301,光寶科,2021,3,balance_sheet,每股參考淨值,30.46,30.46,sii,https://mopsov.twse.com.tw/mops/web/ajax_t163sb05
中游,電源供應系統,2308,台達電,2021,3,balance_sheet,流動資產,190872503,"190,872,503",sii,https://mopsov.twse.com.tw/mops/web/ajax_t163sb05
中游,電源供應系統,2308,台達電,2021,3,balance_sheet,非流動資產,164751154,"164,751,154",sii,https://mopsov.twse.com.tw/mops/web/ajax_t163sb05
中游,電源供應系統,2308,台達電,2021,3,balance_sheet,資產總計,355623657,"355,623,657",sii,https://mopsov.twse.com.tw/mops/web/ajax_t163sb05
中游,電源供應系統,2308,台達電,2021,3,balance_sheet,流動負債,102881487,"102,881,487",sii,https://mopsov.twse.com.tw/mops/web/ajax_t163sb05
中游,電源供應系統,2308,台達電,2021,3,balance_sheet,非流動負債,72663877,"72,663,877",sii,https://mopsov.twse.com.tw/mops/web/ajax_t163sb05
中游,電源供應系統,2308,台達電,2021,3,balance_sheet,負債總計,175545364,"175,545,364",sii,https://mopsov.twse.com.tw/mops/web/ajax_t163sb05
中游,電源供應系統,2308,台達電,2021,3,balance_sheet,股本,25975433,"25,975,433",sii,https://mopsov.twse.com.tw/mops/web/ajax_t163sb05
中游,電源供應系統,2308,台達電,2021,3,balance_sheet,權益─具證券性質之虛擬通貨,,--,sii,https://mopsov.twse.com.tw/mops/web/ajax_t163sb05
中游,電源供應系統,2308,台達電,2021,3,balance_sheet,資本公積,49089538,"49,089,538",sii,https://mopsov.twse.com.tw/mops/web/ajax_t163sb05
中游,電源供應系統,2308,台達電,2021,3,balance_sheet,保留盈餘,89582733,"89,582,733",sii,https://mopsov.twse.com.tw/mops/web/ajax_t163sb05
中游,電源供應系統,2308,台達電,2021,3,balance_sheet,其他權益,-15738077,"-15,738,077",sii,https://mopsov.twse.com.tw/mops/web/ajax_t163sb05
中游,電源供應系統,2308,台達電,2021,3,balance_sheet,庫藏股票,,--,sii,https://mopsov.twse.com.tw/mops/web/ajax_t163sb05
中游,電源供應系統,2308,台達電,2021,3,balance_sheet,歸屬於母公司業主之權益合計,148909627,"148,909,627",sii,https://mopsov.twse.com.tw/mops/web/ajax_t163sb05
中游,電源供應系統,2308,台達電,2021,3,balance_sheet,共同控制下前手權益,,--,sii,https://mopsov.twse.com.tw/mops/web/ajax_t163sb05
中游,電源供應系統,2308,台達電,2021,3,balance_sheet,合併前非屬共同控制股權,,--,sii,https://mopsov.twse.com.tw/mops/web/ajax_t163sb05
中游,電源供應系統,2308,台達電,2021,3,balance_sheet,非控制權益,31168666,"31,168,666",sii,https://mopsov.twse.com.tw/mops/web/ajax_t163sb05
中游,電源供應系統,2308,台達電,2021,3,balance_sheet,權益總計,180078293,"180,078,293",sii,https://mopsov.twse.com.tw/mops/web/ajax_t163sb05
中游,電源供應系統,2308,台達電,2021,3,balance_sheet,待註銷股本股數（單位：股）,0,0,sii,https://mopsov.twse.com.tw/mops/web/ajax_t163sb05
中游,電源供應系統,2308,台達電,2021,3,balance_sheet,預收股款（權益項下）之約當發行股數（單位：股）,0,0,sii,https://mopsov.twse.com.tw/mops/web/ajax_t163sb05
中游,電源供應系統,2308,台達電,2021,3,balance_sheet,母公司暨子公司所持有之母公司庫藏股股數（單位：股）,0,0,sii,https://mopsov.twse.com.tw/mops/web/ajax_t163sb05
中游,電源供應系統,2308,台達電,2021,3,balance_sheet,每股參考淨值,57.33,57.33,sii,https://mopsov.twse.com.tw/mops/web/ajax_t163sb05
中游,電源供應系統,2301,光寶科,2021,3,cash_flow,營業活動之淨現金流入（流出）,9204794,"9,204,794",sii,https://mopsov.twse.com.tw/mops/web/ajax_t163sb20
中游,電源供應系統,2301,光寶科,2021,3,cash_flow,投資活動之淨現金流入（流出）,-1698836,"-1,698,836",sii,https://mopsov.twse.com.tw/mops/web/ajax_t163sb20
中游,電源供應系統,2301,光寶科,2021,3,cash_flow,籌資活動之淨現金流入（流出）,-8650662,"-8,650,662",sii,https://mopsov.twse.com.tw/mops/web/ajax_t163sb20
中游,電源供應系統,2301,光寶科,2021,3,cash_flow,匯率變動對現金及約當現金之影響,-904025,"-904,025",sii,https://mopsov.twse.com.tw/mops/web/ajax_t163sb20
中游,電源供應系統,2301,光寶科,2021,3,cash_flow,本期現金及約當現金增加（減少）數,-2048729,"-2,048,729",sii,https://mopsov.twse.com.tw/mops/web/ajax_t163sb20
中游,電源供應系統,2301,光寶科,2021,3,cash_flow,期初現金及約當現金餘額,71508036,"71,508,036",sii,https://mopsov.twse.com.tw/mops/web/ajax_t163sb20
中游,電源供應系統,2301,光寶科,2021,3,cash_flow,期末現金及約當現金餘額,69459307,"69,459,307",sii,https://mopsov.twse.com.tw/mops/web/ajax_t163sb20
中游,電源供應系統,2308,台達電,2021,3,cash_flow,營業活動之淨現金流入（流出）,23050350,"23,050,350",sii,https://mopsov.twse.com.tw/mops/web/ajax_t163sb20
中游,電源供應系統,2308,台達電,2021,3,cash_flow,投資活動之淨現金流入（流出）,-18223711,"-18,223,711",sii,https://mopsov.twse.com.tw/mops/web/ajax_t163sb20
中游,電源供應系統,2308,台達電,2021,3,cash_flow,籌資活動之淨現金流入（流出）,-7005180,"-7,005,180",sii,https://mopsov.twse.com.tw/mops/web/ajax_t163sb20
中游,電源供應系統,2308,台達電,2021,3,cash_flow,匯率變動對現金及約當現金之影響,-2140174,"-2,140,174",sii,https://mopsov.twse.com.tw/mops/web/ajax_t163sb20
中游,電源供應系統,2308,台達電,2021,3,cash_flow,本期現金及約當現金增加（減少）數,-4318715,"-4,318,715",sii,https://mopsov.twse.com.tw/mops/web/ajax_t163sb20
中游,電源供應系統,2308,台達電,2021,3,cash_flow,期初現金及約當現金餘額,58711985,"58,711,985",sii,https://mopsov.twse.com.tw/mops/web/ajax_t163sb20
中游,電源供應系統,2308,台達電,2021,3,cash_flow,期末現金及約當現金餘額,54393270,"54,393,270",sii,https://mopsov.twse.com.tw/mops/web/ajax_t163sb20
中游,電源供應系統,2301,光寶科,2021,4,income_statement,營業收入,164827947,"164,827,947",sii,https://mopsov.twse.com.tw/mops/web/ajax_t163sb04
中游,電源供應系統,2301,光寶科,2021,4,income_statement,營業成本,134330418,"134,330,418",sii,https://mopsov.twse.com.tw/mops/web/ajax_t163sb04
中游,電源供應系統,2301,光寶科,2021,4,income_statement,原始認列生物資產及農產品之利益（損失）,,--,sii,https://mopsov.twse.com.tw/mops/web/ajax_t163sb04
中游,電源供應系統,2301,光寶科,2021,4,income_statement,生物資產當期公允價值減出售成本之變動利益（損失）,,--,sii,https://mopsov.twse.com.tw/mops/web/ajax_t163sb04
中游,電源供應系統,2301,光寶科,2021,4,income_statement,營業毛利（毛損）,30497529,"30,497,529",sii,https://mopsov.twse.com.tw/mops/web/ajax_t163sb04
中游,電源供應系統,2301,光寶科,2021,4,income_statement,未實現銷貨（損）益,,--,sii,https://mopsov.twse.com.tw/mops/web/ajax_t163sb04
中游,電源供應系統,2301,光寶科,2021,4,income_statement,已實現銷貨（損）益,,--,sii,https://mopsov.twse.com.tw/mops/web/ajax_t163sb04
中游,電源供應系統,2301,光寶科,2021,4,income_statement,營業毛利（毛損）淨額,30497529,"30,497,529",sii,https://mopsov.twse.com.tw/mops/web/ajax_t163sb04
中游,電源供應系統,2301,光寶科,2021,4,income_statement,營業費用,17455390,"17,455,390",sii,https://mopsov.twse.com.tw/mops/web/ajax_t163sb04
中游,電源供應系統,2301,光寶科,2021,4,income_statement,其他收益及費損淨額,,--,sii,https://mopsov.twse.com.tw/mops/web/ajax_t163sb04
中游,電源供應系統,2301,光寶科,2021,4,income_statement,營業利益（損失）,13042139,"13,042,139",sii,https://mopsov.twse.com.tw/mops/web/ajax_t163sb04
中游,電源供應系統,2301,光寶科,2021,4,income_statement,營業外收入及支出,4590108,"4,590,108",sii,https://mopsov.twse.com.tw/mops/web/ajax_t163sb04
中游,電源供應系統,2301,光寶科,2021,4,income_statement,稅前淨利（淨損）,17632247,"17,632,247",sii,https://mopsov.twse.com.tw/mops/web/ajax_t163sb04
中游,電源供應系統,2301,光寶科,2021,4,income_statement,所得稅費用（利益）,3702761,"3,702,761",sii,https://mopsov.twse.com.tw/mops/web/ajax_t163sb04
中游,電源供應系統,2301,光寶科,2021,4,income_statement,繼續營業單位本期淨利（淨損）,13929486,"13,929,486",sii,https://mopsov.twse.com.tw/mops/web/ajax_t163sb04
中游,電源供應系統,2301,光寶科,2021,4,income_statement,停業單位損益,,--,sii,https://mopsov.twse.com.tw/mops/web/ajax_t163sb04
中游,電源供應系統,2301,光寶科,2021,4,income_statement,合併前非屬共同控制股權損益,,--,sii,https://mopsov.twse.com.tw/mops/web/ajax_t163sb04
中游,電源供應系統,2301,光寶科,2021,4,income_statement,本期淨利（淨損）,13929486,"13,929,486",sii,https://mopsov.twse.com.tw/mops/web/ajax_t163sb04
中游,電源供應系統,2301,光寶科,2021,4,income_statement,其他綜合損益（淨額）,-376443,"-376,443",sii,https://mopsov.twse.com.tw/mops/web/ajax_t163sb04
中游,電源供應系統,2301,光寶科,2021,4,income_statement,合併前非屬共同控制股權綜合損益淨額,,--,sii,https://mopsov.twse.com.tw/mops/web/ajax_t163sb04
中游,電源供應系統,2301,光寶科,2021,4,income_statement,本期綜合損益總額,13553043,"13,553,043",sii,https://mopsov.twse.com.tw/mops/web/ajax_t163sb04
中游,電源供應系統,2301,光寶科,2021,4,income_statement,淨利（淨損）歸屬於母公司業主,13886552,"13,886,552",sii,https://mopsov.twse.com.tw/mops/web/ajax_t163sb04
中游,電源供應系統,2301,光寶科,2021,4,income_statement,淨利（淨損）歸屬於共同控制下前手權益,,--,sii,https://mopsov.twse.com.tw/mops/web/ajax_t163sb04
中游,電源供應系統,2301,光寶科,2021,4,income_statement,淨利（淨損）歸屬於非控制權益,42934,"42,934",sii,https://mopsov.twse.com.tw/mops/web/ajax_t163sb04
中游,電源供應系統,2301,光寶科,2021,4,income_statement,綜合損益總額歸屬於母公司業主,13558786,"13,558,786",sii,https://mopsov.twse.com.tw/mops/web/ajax_t163sb04
中游,電源供應系統,2301,光寶科,2021,4,income_statement,綜合損益總額歸屬於共同控制下前手權益,,--,sii,https://mopsov.twse.com.tw/mops/web/ajax_t163sb04
中游,電源供應系統,2301,光寶科,2021,4,income_statement,綜合損益總額歸屬於非控制權益,-5743,"-5,743",sii,https://mopsov.twse.com.tw/mops/web/ajax_t163sb04
中游,電源供應系統,2301,光寶科,2021,4,income_statement,基本每股盈餘（元）,6.01,6.01,sii,https://mopsov.twse.com.tw/mops/web/ajax_t163sb04
中游,電源供應系統,2308,台達電,2021,4,income_statement,營業收入,314670796,"314,670,796",sii,https://mopsov.twse.com.tw/mops/web/ajax_t163sb04
中游,電源供應系統,2308,台達電,2021,4,income_statement,營業成本,224461345,"224,461,345",sii,https://mopsov.twse.com.tw/mops/web/ajax_t163sb04
中游,電源供應系統,2308,台達電,2021,4,income_statement,原始認列生物資產及農產品之利益（損失）,,--,sii,https://mopsov.twse.com.tw/mops/web/ajax_t163sb04
中游,電源供應系統,2308,台達電,2021,4,income_statement,生物資產當期公允價值減出售成本之變動利益（損失）,,--,sii,https://mopsov.twse.com.tw/mops/web/ajax_t163sb04
中游,電源供應系統,2308,台達電,2021,4,income_statement,營業毛利（毛損）,90209451,"90,209,451",sii,https://mopsov.twse.com.tw/mops/web/ajax_t163sb04
中游,電源供應系統,2308,台達電,2021,4,income_statement,未實現銷貨（損）益,,--,sii,https://mopsov.twse.com.tw/mops/web/ajax_t163sb04
中游,電源供應系統,2308,台達電,2021,4,income_statement,已實現銷貨（損）益,,--,sii,https://mopsov.twse.com.tw/mops/web/ajax_t163sb04
中游,電源供應系統,2308,台達電,2021,4,income_statement,營業毛利（毛損）淨額,90209451,"90,209,451",sii,https://mopsov.twse.com.tw/mops/web/ajax_t163sb04
中游,電源供應系統,2308,台達電,2021,4,income_statement,營業費用,58844710,"58,844,710",sii,https://mopsov.twse.com.tw/mops/web/ajax_t163sb04
中游,電源供應系統,2308,台達電,2021,4,income_statement,其他收益及費損淨額,,--,sii,https://mopsov.twse.com.tw/mops/web/ajax_t163sb04
中游,電源供應系統,2308,台達電,2021,4,income_statement,營業利益（損失）,31364741,"31,364,741",sii,https://mopsov.twse.com.tw/mops/web/ajax_t163sb04
中游,電源供應系統,2308,台達電,2021,4,income_statement,營業外收入及支出,4262806,"4,262,806",sii,https://mopsov.twse.com.tw/mops/web/ajax_t163sb04
中游,電源供應系統,2308,台達電,2021,4,income_statement,稅前淨利（淨損）,35627547,"35,627,547",sii,https://mopsov.twse.com.tw/mops/web/ajax_t163sb04
中游,電源供應系統,2308,台達電,2021,4,income_statement,所得稅費用（利益）,7128314,"7,128,314",sii,https://mopsov.twse.com.tw/mops/web/ajax_t163sb04
中游,電源供應系統,2308,台達電,2021,4,income_statement,繼續營業單位本期淨利（淨損）,28499233,"28,499,233",sii,https://mopsov.twse.com.tw/mops/web/ajax_t163sb04
中游,電源供應系統,2308,台達電,2021,4,income_statement,停業單位損益,,--,sii,https://mopsov.twse.com.tw/mops/web/ajax_t163sb04
中游,電源供應系統,2308,台達電,2021,4,income_statement,合併前非屬共同控制股權損益,,--,sii,https://mopsov.twse.com.tw/mops/web/ajax_t163sb04
中游,電源供應系統,2308,台達電,2021,4,income_statement,本期淨利（淨損）,28499233,"28,499,233",sii,https://mopsov.twse.com.tw/mops/web/ajax_t163sb04
中游,電源供應系統,2308,台達電,2021,4,income_statement,其他綜合損益（淨額）,-4958506,"-4,958,506",sii,https://mopsov.twse.com.tw/mops/web/ajax_t163sb04
中游,電源供應系統,2308,台達電,2021,4,income_statement,合併前非屬共同控制股權綜合損益淨額,,--,sii,https://mopsov.twse.com.tw/mops/web/ajax_t163sb04
中游,電源供應系統,2308,台達電,2021,4,income_statement,本期綜合損益總額,23540727,"23,540,727",sii,https://mopsov.twse.com.tw/mops/web/ajax_t163sb04
中游,電源供應系統,2308,台達電,2021,4,income_statement,淨利（淨損）歸屬於母公司業主,26796302,"26,796,302",sii,https://mopsov.twse.com.tw/mops/web/ajax_t163sb04
中游,電源供應系統,2308,台達電,2021,4,income_statement,淨利（淨損）歸屬於共同控制下前手權益,,--,sii,https://mopsov.twse.com.tw/mops/web/ajax_t163sb04
中游,電源供應系統,2308,台達電,2021,4,income_statement,淨利（淨損）歸屬於非控制權益,1702931,"1,702,931",sii,https://mopsov.twse.com.tw/mops/web/ajax_t163sb04
中游,電源供應系統,2308,台達電,2021,4,income_statement,綜合損益總額歸屬於母公司業主,23262018,"23,262,018",sii,https://mopsov.twse.com.tw/mops/web/ajax_t163sb04
中游,電源供應系統,2308,台達電,2021,4,income_statement,綜合損益總額歸屬於共同控制下前手權益,,--,sii,https://mopsov.twse.com.tw/mops/web/ajax_t163sb04
中游,電源供應系統,2308,台達電,2021,4,income_statement,綜合損益總額歸屬於非控制權益,278709,"278,709",sii,https://mopsov.twse.com.tw/mops/web/ajax_t163sb04
中游,電源供應系統,2308,台達電,2021,4,income_statement,基本每股盈餘（元）,10.32,10.32,sii,https://mopsov.twse.com.tw/mops/web/ajax_t163sb04
中游,電源供應系統,2301,光寶科,2021,4,balance_sheet,流動資產,147110891,"147,110,891",sii,https://mopsov.twse.com.tw/mops/web/ajax_t163sb05
中游,電源供應系統,2301,光寶科,2021,4,balance_sheet,非流動資產,36432528,"36,432,528",sii,https://mopsov.twse.com.tw/mops/web/ajax_t163sb05
中游,電源供應系統,2301,光寶科,2021,4,balance_sheet,資產總計,183543419,"183,543,419",sii,https://mopsov.twse.com.tw/mops/web/ajax_t163sb05
中游,電源供應系統,2301,光寶科,2021,4,balance_sheet,流動負債,107915125,"107,915,125",sii,https://mopsov.twse.com.tw/mops/web/ajax_t163sb05
中游,電源供應系統,2301,光寶科,2021,4,balance_sheet,非流動負債,2754767,"2,754,767",sii,https://mopsov.twse.com.tw/mops/web/ajax_t163sb05
中游,電源供應系統,2301,光寶科,2021,4,balance_sheet,負債總計,110669892,"110,669,892",sii,https://mopsov.twse.com.tw/mops/web/ajax_t163sb05
中游,電源供應系統,2301,光寶科,2021,4,balance_sheet,股本,23508670,"23,508,670",sii,https://mopsov.twse.com.tw/mops/web/ajax_t163sb05
中游,電源供應系統,2301,光寶科,2021,4,balance_sheet,權益─具證券性質之虛擬通貨,,--,sii,https://mopsov.twse.com.tw/mops/web/ajax_t163sb05
中游,電源供應系統,2301,光寶科,2021,4,balance_sheet,資本公積,21836342,"21,836,342",sii,https://mopsov.twse.com.tw/mops/web/ajax_t163sb05
中游,電源供應系統,2301,光寶科,2021,4,balance_sheet,保留盈餘,36753852,"36,753,852",sii,https://mopsov.twse.com.tw/mops/web/ajax_t163sb05
中游,電源供應系統,2301,光寶科,2021,4,balance_sheet,其他權益,-6056988,"-6,056,988",sii,https://mopsov.twse.com.tw/mops/web/ajax_t163sb05
中游,電源供應系統,2301,光寶科,2021,4,balance_sheet,庫藏股票,-3700808,"-3,700,808",sii,https://mopsov.twse.com.tw/mops/web/ajax_t163sb05
中游,電源供應系統,2301,光寶科,2021,4,balance_sheet,歸屬於母公司業主之權益合計,72341068,"72,341,068",sii,https://mopsov.twse.com.tw/mops/web/ajax_t163sb05
中游,電源供應系統,2301,光寶科,2021,4,balance_sheet,共同控制下前手權益,,--,sii,https://mopsov.twse.com.tw/mops/web/ajax_t163sb05
中游,電源供應系統,2301,光寶科,2021,4,balance_sheet,合併前非屬共同控制股權,,--,sii,https://mopsov.twse.com.tw/mops/web/ajax_t163sb05
中游,電源供應系統,2301,光寶科,2021,4,balance_sheet,非控制權益,532459,"532,459",sii,https://mopsov.twse.com.tw/mops/web/ajax_t163sb05
中游,電源供應系統,2301,光寶科,2021,4,balance_sheet,權益總計,72873527,"72,873,527",sii,https://mopsov.twse.com.tw/mops/web/ajax_t163sb05
中游,電源供應系統,2301,光寶科,2021,4,balance_sheet,待註銷股本股數（單位：股）,,--,sii,https://mopsov.twse.com.tw/mops/web/ajax_t163sb05
中游,電源供應系統,2301,光寶科,2021,4,balance_sheet,預收股款（權益項下）之約當發行股數（單位：股）,0,0,sii,https://mopsov.twse.com.tw/mops/web/ajax_t163sb05
中游,電源供應系統,2301,光寶科,2021,4,balance_sheet,母公司暨子公司所持有之母公司庫藏股股數（單位：股）,67303500,"67,303,500",sii,https://mopsov.twse.com.tw/mops/web/ajax_t163sb05
中游,電源供應系統,2301,光寶科,2021,4,balance_sheet,每股參考淨值,31.68,31.68,sii,https://mopsov.twse.com.tw/mops/web/ajax_t163sb05
中游,電源供應系統,2308,台達電,2021,4,balance_sheet,流動資產,196878194,"196,878,194",sii,https://mopsov.twse.com.tw/mops/web/ajax_t163sb05
中游,電源供應系統,2308,台達電,2021,4,balance_sheet,非流動資產,168234116,"168,234,116",sii,https://mopsov.twse.com.tw/mops/web/ajax_t163sb05
中游,電源供應系統,2308,台達電,2021,4,balance_sheet,資產總計,365112310,"365,112,310",sii,https://mopsov.twse.com.tw/mops/web/ajax_t163sb05
中游,電源供應系統,2308,台達電,2021,4,balance_sheet,流動負債,108169477,"108,169,477",sii,https://mopsov.twse.com.tw/mops/web/ajax_t163sb05
中游,電源供應系統,2308,台達電,2021,4,balance_sheet,非流動負債,70818175,"70,818,175",sii,https://mopsov.twse.com.tw/mops/web/ajax_t163sb05
中游,電源供應系統,2308,台達電,2021,4,balance_sheet,負債總計,178987652,"178,987,652",sii,https://mopsov.twse.com.tw/mops/web/ajax_t163sb05
中游,電源供應系統,2308,台達電,2021,4,balance_sheet,股本,25975433,"25,975,433",sii,https://mopsov.twse.com.tw/mops/web/ajax_t163sb05
中游,電源供應系統,2308,台達電,2021,4,balance_sheet,權益─具證券性質之虛擬通貨,,--,sii,https://mopsov.twse.com.tw/mops/web/ajax_t163sb05
中游,電源供應系統,2308,台達電,2021,4,balance_sheet,資本公積,49114151,"49,114,151",sii,https://mopsov.twse.com.tw/mops/web/ajax_t163sb05
中游,電源供應系統,2308,台達電,2021,4,balance_sheet,保留盈餘,95863661,"95,863,661",sii,https://mopsov.twse.com.tw/mops/web/ajax_t163sb05
中游,電源供應系統,2308,台達電,2021,4,balance_sheet,其他權益,-16166723,"-16,166,723",sii,https://mopsov.twse.com.tw/mops/web/ajax_t163sb05
中游,電源供應系統,2308,台達電,2021,4,balance_sheet,庫藏股票,,--,sii,https://mopsov.twse.com.tw/mops/web/ajax_t163sb05
中游,電源供應系統,2308,台達電,2021,4,balance_sheet,歸屬於母公司業主之權益合計,154786522,"154,786,522",sii,https://mopsov.twse.com.tw/mops/web/ajax_t163sb05
中游,電源供應系統,2308,台達電,2021,4,balance_sheet,共同控制下前手權益,,--,sii,https://mopsov.twse.com.tw/mops/web/ajax_t163sb05
中游,電源供應系統,2308,台達電,2021,4,balance_sheet,合併前非屬共同控制股權,,--,sii,https://mopsov.twse.com.tw/mops/web/ajax_t163sb05
中游,電源供應系統,2308,台達電,2021,4,balance_sheet,非控制權益,31338136,"31,338,136",sii,https://mopsov.twse.com.tw/mops/web/ajax_t163sb05
中游,電源供應系統,2308,台達電,2021,4,balance_sheet,權益總計,186124658,"186,124,658",sii,https://mopsov.twse.com.tw/mops/web/ajax_t163sb05
中游,電源供應系統,2308,台達電,2021,4,balance_sheet,待註銷股本股數（單位：股）,0,0,sii,https://mopsov.twse.com.tw/mops/web/ajax_t163sb05
中游,電源供應系統,2308,台達電,2021,4,balance_sheet,預收股款（權益項下）之約當發行股數（單位：股）,0,0,sii,https://mopsov.twse.com.tw/mops/web/ajax_t163sb05
中游,電源供應系統,2308,台達電,2021,4,balance_sheet,母公司暨子公司所持有之母公司庫藏股股數（單位：股）,0,0,sii,https://mopsov.twse.com.tw/mops/web/ajax_t163sb05
中游,電源供應系統,2308,台達電,2021,4,balance_sheet,每股參考淨值,59.59,59.59,sii,https://mopsov.twse.com.tw/mops/web/ajax_t163sb05
中游,電源供應系統,2301,光寶科,2021,4,cash_flow,營業活動之淨現金流入（流出）,12159640,"12,159,640",sii,https://mopsov.twse.com.tw/mops/web/ajax_t163sb20
中游,電源供應系統,2301,光寶科,2021,4,cash_flow,投資活動之淨現金流入（流出）,-3103331,"-3,103,331",sii,https://mopsov.twse.com.tw/mops/web/ajax_t163sb20
中游,電源供應系統,2301,光寶科,2021,4,cash_flow,籌資活動之淨現金流入（流出）,-11778765,"-11,778,765",sii,https://mopsov.twse.com.tw/mops/web/ajax_t163sb20
中游,電源供應系統,2301,光寶科,2021,4,cash_flow,匯率變動對現金及約當現金之影響,-509745,"-509,745",sii,https://mopsov.twse.com.tw/mops/web/ajax_t163sb20
中游,電源供應系統,2301,光寶科,2021,4,cash_flow,本期現金及約當現金增加（減少）數,-3232201,"-3,232,201",sii,https://mopsov.twse.com.tw/mops/web/ajax_t163sb20
中游,電源供應系統,2301,光寶科,2021,4,cash_flow,期初現金及約當現金餘額,71508036,"71,508,036",sii,https://mopsov.twse.com.tw/mops/web/ajax_t163sb20
中游,電源供應系統,2301,光寶科,2021,4,cash_flow,期末現金及約當現金餘額,68275835,"68,275,835",sii,https://mopsov.twse.com.tw/mops/web/ajax_t163sb20
中游,電源供應系統,2308,台達電,2021,4,cash_flow,營業活動之淨現金流入（流出）,28319366,"28,319,366",sii,https://mopsov.twse.com.tw/mops/web/ajax_t163sb20
中游,電源供應系統,2308,台達電,2021,4,cash_flow,投資活動之淨現金流入（流出）,-26481259,"-26,481,259",sii,https://mopsov.twse.com.tw/mops/web/ajax_t163sb20
中游,電源供應系統,2308,台達電,2021,4,cash_flow,籌資活動之淨現金流入（流出）,-8336860,"-8,336,860",sii,https://mopsov.twse.com.tw/mops/web/ajax_t163sb20
中游,電源供應系統,2308,台達電,2021,4,cash_flow,匯率變動對現金及約當現金之影響,-2358179,"-2,358,179",sii,https://mopsov.twse.com.tw/mops/web/ajax_t163sb20
中游,電源供應系統,2308,台達電,2021,4,cash_flow,本期現金及約當現金增加（減少）數,-8856932,"-8,856,932",sii,https://mopsov.twse.com.tw/mops/web/ajax_t163sb20
中游,電源供應系統,2308,台達電,2021,4,cash_flow,期初現金及約當現金餘額,58711985,"58,711,985",sii,https://mopsov.twse.com.tw/mops/web/ajax_t163sb20
中游,電源供應系統,2308,台達電,2021,4,cash_flow,期末現金及約當現金餘額,49855053,"49,855,053",sii,https://mopsov.twse.com.tw/mops/web/ajax_t163sb20
中游,電源供應系統,2301,光寶科,2022,1,income_statement,營業收入,41229948,"41,229,948",sii,https://mopsov.twse.com.tw/mops/web/ajax_t163sb04
中游,電源供應系統,2301,光寶科,2022,1,income_statement,營業成本,34163091,"34,163,091",sii,https://mopsov.twse.com.tw/mops/web/ajax_t163sb04
中游,電源供應系統,2301,光寶科,2022,1,income_statement,原始認列生物資產及農產品之利益（損失）,,--,sii,https://mopsov.twse.com.tw/mops/web/ajax_t163sb04
中游,電源供應系統,2301,光寶科,2022,1,income_statement,生物資產當期公允價值減出售成本之變動利益（損失）,,--,sii,https://mopsov.twse.com.tw/mops/web/ajax_t163sb04
中游,電源供應系統,2301,光寶科,2022,1,income_statement,營業毛利（毛損）,7066857,"7,066,857",sii,https://mopsov.twse.com.tw/mops/web/ajax_t163sb04
中游,電源供應系統,2301,光寶科,2022,1,income_statement,未實現銷貨（損）益,,--,sii,https://mopsov.twse.com.tw/mops/web/ajax_t163sb04
中游,電源供應系統,2301,光寶科,2022,1,income_statement,已實現銷貨（損）益,,--,sii,https://mopsov.twse.com.tw/mops/web/ajax_t163sb04
中游,電源供應系統,2301,光寶科,2022,1,income_statement,營業毛利（毛損）淨額,7066857,"7,066,857",sii,https://mopsov.twse.com.tw/mops/web/ajax_t163sb04
中游,電源供應系統,2301,光寶科,2022,1,income_statement,營業費用,4085620,"4,085,620",sii,https://mopsov.twse.com.tw/mops/web/ajax_t163sb04
中游,電源供應系統,2301,光寶科,2022,1,income_statement,其他收益及費損淨額,,--,sii,https://mopsov.twse.com.tw/mops/web/ajax_t163sb04
中游,電源供應系統,2301,光寶科,2022,1,income_statement,營業利益（損失）,2981237,"2,981,237",sii,https://mopsov.twse.com.tw/mops/web/ajax_t163sb04
中游,電源供應系統,2301,光寶科,2022,1,income_statement,營業外收入及支出,-324370,"-324,370",sii,https://mopsov.twse.com.tw/mops/web/ajax_t163sb04
中游,電源供應系統,2301,光寶科,2022,1,income_statement,稅前淨利（淨損）,2656867,"2,656,867",sii,https://mopsov.twse.com.tw/mops/web/ajax_t163sb04
中游,電源供應系統,2301,光寶科,2022,1,income_statement,所得稅費用（利益）,544653,"544,653",sii,https://mopsov.twse.com.tw/mops/web/ajax_t163sb04
中游,電源供應系統,2301,光寶科,2022,1,income_statement,繼續營業單位本期淨利（淨損）,2112214,"2,112,214",sii,https://mopsov.twse.com.tw/mops/web/ajax_t163sb04
中游,電源供應系統,2301,光寶科,2022,1,income_statement,停業單位損益,,--,sii,https://mopsov.twse.com.tw/mops/web/ajax_t163sb04
中游,電源供應系統,2301,光寶科,2022,1,income_statement,合併前非屬共同控制股權損益,,--,sii,https://mopsov.twse.com.tw/mops/web/ajax_t163sb04
中游,電源供應系統,2301,光寶科,2022,1,income_statement,本期淨利（淨損）,2112214,"2,112,214",sii,https://mopsov.twse.com.tw/mops/web/ajax_t163sb04
中游,電源供應系統,2301,光寶科,2022,1,income_statement,其他綜合損益（淨額）,2865157,"2,865,157",sii,https://mopsov.twse.com.tw/mops/web/ajax_t163sb04
中游,電源供應系統,2301,光寶科,2022,1,income_statement,合併前非屬共同控制股權綜合損益淨額,,--,sii,https://mopsov.twse.com.tw/mops/web/ajax_t163sb04
中游,電源供應系統,2301,光寶科,2022,1,income_statement,本期綜合損益總額,4977371,"4,977,371",sii,https://mopsov.twse.com.tw/mops/web/ajax_t163sb04
中游,電源供應系統,2301,光寶科,2022,1,income_statement,淨利（淨損）歸屬於母公司業主,2103750,"2,103,750",sii,https://mopsov.twse.com.tw/mops/web/ajax_t163sb04
中游,電源供應系統,2301,光寶科,2022,1,income_statement,淨利（淨損）歸屬於共同控制下前手權益,,--,sii,https://mopsov.twse.com.tw/mops/web/ajax_t163sb04
中游,電源供應系統,2301,光寶科,2022,1,income_statement,淨利（淨損）歸屬於非控制權益,8464,"8,464",sii,https://mopsov.twse.com.tw/mops/web/ajax_t163sb04
中游,電源供應系統,2301,光寶科,2022,1,income_statement,綜合損益總額歸屬於母公司業主,4939238,"4,939,238",sii,https://mopsov.twse.com.tw/mops/web/ajax_t163sb04
中游,電源供應系統,2301,光寶科,2022,1,income_statement,綜合損益總額歸屬於共同控制下前手權益,,--,sii,https://mopsov.twse.com.tw/mops/web/ajax_t163sb04
中游,電源供應系統,2301,光寶科,2022,1,income_statement,綜合損益總額歸屬於非控制權益,38133,"38,133",sii,https://mopsov.twse.com.tw/mops/web/ajax_t163sb04
中游,電源供應系統,2301,光寶科,2022,1,income_statement,基本每股盈餘（元）,0.92,0.92,sii,https://mopsov.twse.com.tw/mops/web/ajax_t163sb04
中游,電源供應系統,2308,台達電,2022,1,income_statement,營業收入,82538075,"82,538,075",sii,https://mopsov.twse.com.tw/mops/web/ajax_t163sb04
中游,電源供應系統,2308,台達電,2022,1,income_statement,營業成本,60025519,"60,025,519",sii,https://mopsov.twse.com.tw/mops/web/ajax_t163sb04
中游,電源供應系統,2308,台達電,2022,1,income_statement,原始認列生物資產及農產品之利益（損失）,,--,sii,https://mopsov.twse.com.tw/mops/web/ajax_t163sb04
中游,電源供應系統,2308,台達電,2022,1,income_statement,生物資產當期公允價值減出售成本之變動利益（損失）,,--,sii,https://mopsov.twse.com.tw/mops/web/ajax_t163sb04
中游,電源供應系統,2308,台達電,2022,1,income_statement,營業毛利（毛損）,22512556,"22,512,556",sii,https://mopsov.twse.com.tw/mops/web/ajax_t163sb04
中游,電源供應系統,2308,台達電,2022,1,income_statement,未實現銷貨（損）益,,--,sii,https://mopsov.twse.com.tw/mops/web/ajax_t163sb04
中游,電源供應系統,2308,台達電,2022,1,income_statement,已實現銷貨（損）益,,--,sii,https://mopsov.twse.com.tw/mops/web/ajax_t163sb04
中游,電源供應系統,2308,台達電,2022,1,income_statement,營業毛利（毛損）淨額,22512556,"22,512,556",sii,https://mopsov.twse.com.tw/mops/web/ajax_t163sb04
中游,電源供應系統,2308,台達電,2022,1,income_statement,營業費用,15043436,"15,043,436",sii,https://mopsov.twse.com.tw/mops/web/ajax_t163sb04
中游,電源供應系統,2308,台達電,2022,1,income_statement,其他收益及費損淨額,,--,sii,https://mopsov.twse.com.tw/mops/web/ajax_t163sb04
中游,電源供應系統,2308,台達電,2022,1,income_statement,營業利益（損失）,7469120,"7,469,120",sii,https://mopsov.twse.com.tw/mops/web/ajax_t163sb04
中游,電源供應系統,2308,台達電,2022,1,income_statement,營業外收入及支出,1070257,"1,070,257",sii,https://mopsov.twse.com.tw/mops/web/ajax_t163sb04
中游,電源供應系統,2308,台達電,2022,1,income_statement,稅前淨利（淨損）,8539377,"8,539,377",sii,https://mopsov.twse.com.tw/mops/web/ajax_t163sb04
中游,電源供應系統,2308,台達電,2022,1,income_statement,所得稅費用（利益）,1708587,"1,708,587",sii,https://mopsov.twse.com.tw/mops/web/ajax_t163sb04
中游,電源供應系統,2308,台達電,2022,1,income_statement,繼續營業單位本期淨利（淨損）,6830790,"6,830,790",sii,https://mopsov.twse.com.tw/mops/web/ajax_t163sb04
中游,電源供應系統,2308,台達電,2022,1,income_statement,停業單位損益,,--,sii,https://mopsov.twse.com.tw/mops/web/ajax_t163sb04
中游,電源供應系統,2308,台達電,2022,1,income_statement,合併前非屬共同控制股權損益,,--,sii,https://mopsov.twse.com.tw/mops/web/ajax_t163sb04
中游,電源供應系統,2308,台達電,2022,1,income_statement,本期淨利（淨損）,6830790,"6,830,790",sii,https://mopsov.twse.com.tw/mops/web/ajax_t163sb04
中游,電源供應系統,2308,台達電,2022,1,income_statement,其他綜合損益（淨額）,7105808,"7,105,808",sii,https://mopsov.twse.com.tw/mops/web/ajax_t163sb04
中游,電源供應系統,2308,台達電,2022,1,income_statement,合併前非屬共同控制股權綜合損益淨額,,--,sii,https://mopsov.twse.com.tw/mops/web/ajax_t163sb04
中游,電源供應系統,2308,台達電,2022,1,income_statement,本期綜合損益總額,13936598,"13,936,598",sii,https://mopsov.twse.com.tw/mops/web/ajax_t163sb04
中游,電源供應系統,2308,台達電,2022,1,income_statement,淨利（淨損）歸屬於母公司業主,6058622,"6,058,622",sii,https://mopsov.twse.com.tw/mops/web/ajax_t163sb04
中游,電源供應系統,2308,台達電,2022,1,income_statement,淨利（淨損）歸屬於共同控制下前手權益,,--,sii,https://mopsov.twse.com.tw/mops/web/ajax_t163sb04
中游,電源供應系統,2308,台達電,2022,1,income_statement,淨利（淨損）歸屬於非控制權益,772168,"772,168",sii,https://mopsov.twse.com.tw/mops/web/ajax_t163sb04
中游,電源供應系統,2308,台達電,2022,1,income_statement,綜合損益總額歸屬於母公司業主,11989100,"11,989,100",sii,https://mopsov.twse.com.tw/mops/web/ajax_t163sb04
中游,電源供應系統,2308,台達電,2022,1,income_statement,綜合損益總額歸屬於共同控制下前手權益,,--,sii,https://mopsov.twse.com.tw/mops/web/ajax_t163sb04
中游,電源供應系統,2308,台達電,2022,1,income_statement,綜合損益總額歸屬於非控制權益,1947498,"1,947,498",sii,https://mopsov.twse.com.tw/mops/web/ajax_t163sb04
中游,電源供應系統,2308,台達電,2022,1,income_statement,基本每股盈餘（元）,2.33,2.33,sii,https://mopsov.twse.com.tw/mops/web/ajax_t163sb04
中游,電源供應系統,2301,光寶科,2022,1,balance_sheet,流動資產,150602378,"150,602,378",sii,https://mopsov.twse.com.tw/mops/web/ajax_t163sb05
中游,電源供應系統,2301,光寶科,2022,1,balance_sheet,非流動資產,35379160,"35,379,160",sii,https://mopsov.twse.com.tw/mops/web/ajax_t163sb05
中游,電源供應系統,2301,光寶科,2022,1,balance_sheet,資產總計,185981538,"185,981,538",sii,https://mopsov.twse.com.tw/mops/web/ajax_t163sb05
中游,電源供應系統,2301,光寶科,2022,1,balance_sheet,流動負債,110997393,"110,997,393",sii,https://mopsov.twse.com.tw/mops/web/ajax_t163sb05
中游,電源供應系統,2301,光寶科,2022,1,balance_sheet,非流動負債,2784657,"2,784,657",sii,https://mopsov.twse.com.tw/mops/web/ajax_t163sb05
中游,電源供應系統,2301,光寶科,2022,1,balance_sheet,負債總計,113782050,"113,782,050",sii,https://mopsov.twse.com.tw/mops/web/ajax_t163sb05
中游,電源供應系統,2301,光寶科,2022,1,balance_sheet,股本,23508670,"23,508,670",sii,https://mopsov.twse.com.tw/mops/web/ajax_t163sb05
中游,電源供應系統,2301,光寶科,2022,1,balance_sheet,權益─具證券性質之虛擬通貨,,--,sii,https://mopsov.twse.com.tw/mops/web/ajax_t163sb05
中游,電源供應系統,2301,光寶科,2022,1,balance_sheet,資本公積,21932661,"21,932,661",sii,https://mopsov.twse.com.tw/mops/web/ajax_t163sb05
中游,電源供應系統,2301,光寶科,2022,1,balance_sheet,保留盈餘,33081589,"33,081,589",sii,https://mopsov.twse.com.tw/mops/web/ajax_t163sb05
中游,電源供應系統,2301,光寶科,2022,1,balance_sheet,其他權益,-3221500,"-3,221,500",sii,https://mopsov.twse.com.tw/mops/web/ajax_t163sb05
中游,電源供應系統,2301,光寶科,2022,1,balance_sheet,庫藏股票,-3700808,"-3,700,808",sii,https://mopsov.twse.com.tw/mops/web/ajax_t163sb05
中游,電源供應系統,2301,光寶科,2022,1,balance_sheet,歸屬於母公司業主之權益合計,71600612,"71,600,612",sii,https://mopsov.twse.com.tw/mops/web/ajax_t163sb05
中游,電源供應系統,2301,光寶科,2022,1,balance_sheet,共同控制下前手權益,,--,sii,https://mopsov.twse.com.tw/mops/web/ajax_t163sb05
中游,電源供應系統,2301,光寶科,2022,1,balance_sheet,合併前非屬共同控制股權,,--,sii,https://mopsov.twse.com.tw/mops/web/ajax_t163sb05
中游,電源供應系統,2301,光寶科,2022,1,balance_sheet,非控制權益,598876,"598,876",sii,https://mopsov.twse.com.tw/mops/web/ajax_t163sb05
中游,電源供應系統,2301,光寶科,2022,1,balance_sheet,權益總計,72199488,"72,199,488",sii,https://mopsov.twse.com.tw/mops/web/ajax_t163sb05
中游,電源供應系統,2301,光寶科,2022,1,balance_sheet,待註銷股本股數（單位：股）,,--,sii,https://mopsov.twse.com.tw/mops/web/ajax_t163sb05
中游,電源供應系統,2301,光寶科,2022,1,balance_sheet,預收股款（權益項下）之約當發行股數（單位：股）,0,0,sii,https://mopsov.twse.com.tw/mops/web/ajax_t163sb05
中游,電源供應系統,2301,光寶科,2022,1,balance_sheet,母公司暨子公司所持有之母公司庫藏股股數（單位：股）,67303500,"67,303,500",sii,https://mopsov.twse.com.tw/mops/web/ajax_t163sb05
中游,電源供應系統,2301,光寶科,2022,1,balance_sheet,每股參考淨值,31.35,31.35,sii,https://mopsov.twse.com.tw/mops/web/ajax_t163sb05
中游,電源供應系統,2308,台達電,2022,1,balance_sheet,流動資產,201707992,"201,707,992",sii,https://mopsov.twse.com.tw/mops/web/ajax_t163sb05
中游,電源供應系統,2308,台達電,2022,1,balance_sheet,非流動資產,172485323,"172,485,323",sii,https://mopsov.twse.com.tw/mops/web/ajax_t163sb05
中游,電源供應系統,2308,台達電,2022,1,balance_sheet,資產總計,374193315,"374,193,315",sii,https://mopsov.twse.com.tw/mops/web/ajax_t163sb05
中游,電源供應系統,2308,台達電,2022,1,balance_sheet,流動負債,103655143,"103,655,143",sii,https://mopsov.twse.com.tw/mops/web/ajax_t163sb05
中游,電源供應系統,2308,台達電,2022,1,balance_sheet,非流動負債,70684968,"70,684,968",sii,https://mopsov.twse.com.tw/mops/web/ajax_t163sb05
中游,電源供應系統,2308,台達電,2022,1,balance_sheet,負債總計,174340111,"174,340,111",sii,https://mopsov.twse.com.tw/mops/web/ajax_t163sb05
中游,電源供應系統,2308,台達電,2022,1,balance_sheet,股本,25975433,"25,975,433",sii,https://mopsov.twse.com.tw/mops/web/ajax_t163sb05
中游,電源供應系統,2308,台達電,2022,1,balance_sheet,權益─具證券性質之虛擬通貨,,--,sii,https://mopsov.twse.com.tw/mops/web/ajax_t163sb05
中游,電源供應系統,2308,台達電,2022,1,balance_sheet,資本公積,48944961,"48,944,961",sii,https://mopsov.twse.com.tw/mops/web/ajax_t163sb05
中游,電源供應系統,2308,台達電,2022,1,balance_sheet,保留盈餘,102050896,"102,050,896",sii,https://mopsov.twse.com.tw/mops/web/ajax_t163sb05
中游,電源供應系統,2308,台達電,2022,1,balance_sheet,其他權益,-10364858,"-10,364,858",sii,https://mopsov.twse.com.tw/mops/web/ajax_t163sb05
中游,電源供應系統,2308,台達電,2022,1,balance_sheet,庫藏股票,,--,sii,https://mopsov.twse.com.tw/mops/web/ajax_t163sb05
中游,電源供應系統,2308,台達電,2022,1,balance_sheet,歸屬於母公司業主之權益合計,166606432,"166,606,432",sii,https://mopsov.twse.com.tw/mops/web/ajax_t163sb05
中游,電源供應系統,2308,台達電,2022,1,balance_sheet,共同控制下前手權益,,--,sii,https://mopsov.twse.com.tw/mops/web/ajax_t163sb05
中游,電源供應系統,2308,台達電,2022,1,balance_sheet,合併前非屬共同控制股權,,--,sii,https://mopsov.twse.com.tw/mops/web/ajax_t163sb05
中游,電源供應系統,2308,台達電,2022,1,balance_sheet,非控制權益,33246772,"33,246,772",sii,https://mopsov.twse.com.tw/mops/web/ajax_t163sb05
中游,電源供應系統,2308,台達電,2022,1,balance_sheet,權益總計,199853204,"199,853,204",sii,https://mopsov.twse.com.tw/mops/web/ajax_t163sb05
中游,電源供應系統,2308,台達電,2022,1,balance_sheet,待註銷股本股數（單位：股）,,--,sii,https://mopsov.twse.com.tw/mops/web/ajax_t163sb05
中游,電源供應系統,2308,台達電,2022,1,balance_sheet,預收股款（權益項下）之約當發行股數（單位：股）,0,0,sii,https://mopsov.twse.com.tw/mops/web/ajax_t163sb05
中游,電源供應系統,2308,台達電,2022,1,balance_sheet,母公司暨子公司所持有之母公司庫藏股股數（單位：股）,0,0,sii,https://mopsov.twse.com.tw/mops/web/ajax_t163sb05
中游,電源供應系統,2308,台達電,2022,1,balance_sheet,每股參考淨值,64.14,64.14,sii,https://mopsov.twse.com.tw/mops/web/ajax_t163sb05
中游,電源供應系統,2301,光寶科,2022,1,cash_flow,營業活動之淨現金流入（流出）,5850984,"5,850,984",sii,https://mopsov.twse.com.tw/mops/web/ajax_t163sb20
中游,電源供應系統,2301,光寶科,2022,1,cash_flow,投資活動之淨現金流入（流出）,-6360854,"-6,360,854",sii,https://mopsov.twse.com.tw/mops/web/ajax_t163sb20
中游,電源供應系統,2301,光寶科,2022,1,cash_flow,籌資活動之淨現金流入（流出）,-1262681,"-1,262,681",sii,https://mopsov.twse.com.tw/mops/web/ajax_t163sb20
中游,電源供應系統,2301,光寶科,2022,1,cash_flow,匯率變動對現金及約當現金之影響,2013941,"2,013,941",sii,https://mopsov.twse.com.tw/mops/web/ajax_t163sb20
中游,電源供應系統,2301,光寶科,2022,1,cash_flow,本期現金及約當現金增加（減少）數,241390,"241,390",sii,https://mopsov.twse.com.tw/mops/web/ajax_t163sb20
中游,電源供應系統,2301,光寶科,2022,1,cash_flow,期初現金及約當現金餘額,68275835,"68,275,835",sii,https://mopsov.twse.com.tw/mops/web/ajax_t163sb20
中游,電源供應系統,2301,光寶科,2022,1,cash_flow,期末現金及約當現金餘額,68517225,"68,517,225",sii,https://mopsov.twse.com.tw/mops/web/ajax_t163sb20
中游,電源供應系統,2308,台達電,2022,1,cash_flow,營業活動之淨現金流入（流出）,6995341,"6,995,341",sii,https://mopsov.twse.com.tw/mops/web/ajax_t163sb20
中游,電源供應系統,2308,台達電,2022,1,cash_flow,投資活動之淨現金流入（流出）,-4507280,"-4,507,280",sii,https://mopsov.twse.com.tw/mops/web/ajax_t163sb20
中游,電源供應系統,2308,台達電,2022,1,cash_flow,籌資活動之淨現金流入（流出）,-2758786,"-2,758,786",sii,https://mopsov.twse.com.tw/mops/web/ajax_t163sb20
中游,電源供應系統,2308,台達電,2022,1,cash_flow,匯率變動對現金及約當現金之影響,3581533,"3,581,533",sii,https://mopsov.twse.com.tw/mops/web/ajax_t163sb20
中游,電源供應系統,2308,台達電,2022,1,cash_flow,本期現金及約當現金增加（減少）數,3310808,"3,310,808",sii,https://mopsov.twse.com.tw/mops/web/ajax_t163sb20
中游,電源供應系統,2308,台達電,2022,1,cash_flow,期初現金及約當現金餘額,49855053,"49,855,053",sii,https://mopsov.twse.com.tw/mops/web/ajax_t163sb20
中游,電源供應系統,2308,台達電,2022,1,cash_flow,期末現金及約當現金餘額,53165861,"53,165,861",sii,https://mopsov.twse.com.tw/mops/web/ajax_t163sb20
中游,電源供應系統,2301,光寶科,2022,2,income_statement,營業收入,84187253,"84,187,253",sii,https://mopsov.twse.com.tw/mops/web/ajax_t163sb04
中游,電源供應系統,2301,光寶科,2022,2,income_statement,營業成本,68343185,"68,343,185",sii,https://mopsov.twse.com.tw/mops/web/ajax_t163sb04
中游,電源供應系統,2301,光寶科,2022,2,income_statement,原始認列生物資產及農產品之利益（損失）,,--,sii,https://mopsov.twse.com.tw/mops/web/ajax_t163sb04
中游,電源供應系統,2301,光寶科,2022,2,income_statement,生物資產當期公允價值減出售成本之變動利益（損失）,,--,sii,https://mopsov.twse.com.tw/mops/web/ajax_t163sb04
中游,電源供應系統,2301,光寶科,2022,2,income_statement,營業毛利（毛損）,15844068,"15,844,068",sii,https://mopsov.twse.com.tw/mops/web/ajax_t163sb04
中游,電源供應系統,2301,光寶科,2022,2,income_statement,未實現銷貨（損）益,,--,sii,https://mopsov.twse.com.tw/mops/web/ajax_t163sb04
中游,電源供應系統,2301,光寶科,2022,2,income_statement,已實現銷貨（損）益,,--,sii,https://mopsov.twse.com.tw/mops/web/ajax_t163sb04
中游,電源供應系統,2301,光寶科,2022,2,income_statement,營業毛利（毛損）淨額,15844068,"15,844,068",sii,https://mopsov.twse.com.tw/mops/web/ajax_t163sb04
中游,電源供應系統,2301,光寶科,2022,2,income_statement,營業費用,8492785,"8,492,785",sii,https://mopsov.twse.com.tw/mops/web/ajax_t163sb04
中游,電源供應系統,2301,光寶科,2022,2,income_statement,其他收益及費損淨額,,--,sii,https://mopsov.twse.com.tw/mops/web/ajax_t163sb04
中游,電源供應系統,2301,光寶科,2022,2,income_statement,營業利益（損失）,7351283,"7,351,283",sii,https://mopsov.twse.com.tw/mops/web/ajax_t163sb04
中游,電源供應系統,2301,光寶科,2022,2,income_statement,營業外收入及支出,298804,"298,804",sii,https://mopsov.twse.com.tw/mops/web/ajax_t163sb04
中游,電源供應系統,2301,光寶科,2022,2,income_statement,稅前淨利（淨損）,7650087,"7,650,087",sii,https://mopsov.twse.com.tw/mops/web/ajax_t163sb04
中游,電源供應系統,2301,光寶科,2022,2,income_statement,所得稅費用（利益）,1568263,"1,568,263",sii,https://mopsov.twse.com.tw/mops/web/ajax_t163sb04
中游,電源供應系統,2301,光寶科,2022,2,income_statement,繼續營業單位本期淨利（淨損）,6081824,"6,081,824",sii,https://mopsov.twse.com.tw/mops/web/ajax_t163sb04
中游,電源供應系統,2301,光寶科,2022,2,income_statement,停業單位損益,,--,sii,https://mopsov.twse.com.tw/mops/web/ajax_t163sb04
中游,電源供應系統,2301,光寶科,2022,2,income_statement,合併前非屬共同控制股權損益,,--,sii,https://mopsov.twse.com.tw/mops/web/ajax_t163sb04
中游,電源供應系統,2301,光寶科,2022,2,income_statement,本期淨利（淨損）,6081824,"6,081,824",sii,https://mopsov.twse.com.tw/mops/web/ajax_t163sb04
中游,電源供應系統,2301,光寶科,2022,2,income_statement,其他綜合損益（淨額）,2866694,"2,866,694",sii,https://mopsov.twse.com.tw/mops/web/ajax_t163sb04
中游,電源供應系統,2301,光寶科,2022,2,income_statement,合併前非屬共同控制股權綜合損益淨額,,--,sii,https://mopsov.twse.com.tw/mops/web/ajax_t163sb04
中游,電源供應系統,2301,光寶科,2022,2,income_statement,本期綜合損益總額,8948518,"8,948,518",sii,https://mopsov.twse.com.tw/mops/web/ajax_t163sb04
中游,電源供應系統,2301,光寶科,2022,2,income_statement,淨利（淨損）歸屬於母公司業主,6063789,"6,063,789",sii,https://mopsov.twse.com.tw/mops/web/ajax_t163sb04
中游,電源供應系統,2301,光寶科,2022,2,income_statement,淨利（淨損）歸屬於共同控制下前手權益,,--,sii,https://mopsov.twse.com.tw/mops/web/ajax_t163sb04
中游,電源供應系統,2301,光寶科,2022,2,income_statement,淨利（淨損）歸屬於非控制權益,18035,"18,035",sii,https://mopsov.twse.com.tw/mops/web/ajax_t163sb04
中游,電源供應系統,2301,光寶科,2022,2,income_statement,綜合損益總額歸屬於母公司業主,8906225,"8,906,225",sii,https://mopsov.twse.com.tw/mops/web/ajax_t163sb04
中游,電源供應系統,2301,光寶科,2022,2,income_statement,綜合損益總額歸屬於共同控制下前手權益,,--,sii,https://mopsov.twse.com.tw/mops/web/ajax_t163sb04
中游,電源供應系統,2301,光寶科,2022,2,income_statement,綜合損益總額歸屬於非控制權益,42293,"42,293",sii,https://mopsov.twse.com.tw/mops/web/ajax_t163sb04
中游,電源供應系統,2301,光寶科,2022,2,income_statement,基本每股盈餘（元）,2.66,2.66,sii,https://mopsov.twse.com.tw/mops/web/ajax_t163sb04
中游,電源供應系統,2308,台達電,2022,2,income_statement,營業收入,172534868,"172,534,868",sii,https://mopsov.twse.com.tw/mops/web/ajax_t163sb04
中游,電源供應系統,2308,台達電,2022,2,income_statement,營業成本,123552139,"123,552,139",sii,https://mopsov.twse.com.tw/mops/web/ajax_t163sb04
中游,電源供應系統,2308,台達電,2022,2,income_statement,原始認列生物資產及農產品之利益（損失）,,--,sii,https://mopsov.twse.com.tw/mops/web/ajax_t163sb04
中游,電源供應系統,2308,台達電,2022,2,income_statement,生物資產當期公允價值減出售成本之變動利益（損失）,,--,sii,https://mopsov.twse.com.tw/mops/web/ajax_t163sb04
中游,電源供應系統,2308,台達電,2022,2,income_statement,營業毛利（毛損）,48982729,"48,982,729",sii,https://mopsov.twse.com.tw/mops/web/ajax_t163sb04
中游,電源供應系統,2308,台達電,2022,2,income_statement,未實現銷貨（損）益,,--,sii,https://mopsov.twse.com.tw/mops/web/ajax_t163sb04
中游,電源供應系統,2308,台達電,2022,2,income_statement,已實現銷貨（損）益,,--,sii,https://mopsov.twse.com.tw/mops/web/ajax_t163sb04
中游,電源供應系統,2308,台達電,2022,2,income_statement,營業毛利（毛損）淨額,48982729,"48,982,729",sii,https://mopsov.twse.com.tw/mops/web/ajax_t163sb04
中游,電源供應系統,2308,台達電,2022,2,income_statement,營業費用,31858838,"31,858,838",sii,https://mopsov.twse.com.tw/mops/web/ajax_t163sb04
中游,電源供應系統,2308,台達電,2022,2,income_statement,其他收益及費損淨額,,--,sii,https://mopsov.twse.com.tw/mops/web/ajax_t163sb04
中游,電源供應系統,2308,台達電,2022,2,income_statement,營業利益（損失）,17123891,"17,123,891",sii,https://mopsov.twse.com.tw/mops/web/ajax_t163sb04
中游,電源供應系統,2308,台達電,2022,2,income_statement,營業外收入及支出,2246551,"2,246,551",sii,https://mopsov.twse.com.tw/mops/web/ajax_t163sb04
中游,電源供應系統,2308,台達電,2022,2,income_statement,稅前淨利（淨損）,19370442,"19,370,442",sii,https://mopsov.twse.com.tw/mops/web/ajax_t163sb04
中游,電源供應系統,2308,台達電,2022,2,income_statement,所得稅費用（利益）,3698130,"3,698,130",sii,https://mopsov.twse.com.tw/mops/web/ajax_t163sb04
中游,電源供應系統,2308,台達電,2022,2,income_statement,繼續營業單位本期淨利（淨損）,15672312,"15,672,312",sii,https://mopsov.twse.com.tw/mops/web/ajax_t163sb04
中游,電源供應系統,2308,台達電,2022,2,income_statement,停業單位損益,,--,sii,https://mopsov.twse.com.tw/mops/web/ajax_t163sb04
中游,電源供應系統,2308,台達電,2022,2,income_statement,合併前非屬共同控制股權損益,,--,sii,https://mopsov.twse.com.tw/mops/web/ajax_t163sb04
中游,電源供應系統,2308,台達電,2022,2,income_statement,本期淨利（淨損）,15672312,"15,672,312",sii,https://mopsov.twse.com.tw/mops/web/ajax_t163sb04
中游,電源供應系統,2308,台達電,2022,2,income_statement,其他綜合損益（淨額）,10421104,"10,421,104",sii,https://mopsov.twse.com.tw/mops/web/ajax_t163sb04
中游,電源供應系統,2308,台達電,2022,2,income_statement,合併前非屬共同控制股權綜合損益淨額,,--,sii,https://mopsov.twse.com.tw/mops/web/ajax_t163sb04
中游,電源供應系統,2308,台達電,2022,2,income_statement,本期綜合損益總額,26093416,"26,093,416",sii,https://mopsov.twse.com.tw/mops/web/ajax_t163sb04
中游,電源供應系統,2308,台達電,2022,2,income_statement,淨利（淨損）歸屬於母公司業主,13686562,"13,686,562",sii,https://mopsov.twse.com.tw/mops/web/ajax_t163sb04
中游,電源供應系統,2308,台達電,2022,2,income_statement,淨利（淨損）歸屬於共同控制下前手權益,,--,sii,https://mopsov.twse.com.tw/mops/web/ajax_t163sb04
中游,電源供應系統,2308,台達電,2022,2,income_statement,淨利（淨損）歸屬於非控制權益,1985750,"1,985,750",sii,https://mopsov.twse.com.tw/mops/web/ajax_t163sb04
中游,電源供應系統,2308,台達電,2022,2,income_statement,綜合損益總額歸屬於母公司業主,22244564,"22,244,564",sii,https://mopsov.twse.com.tw/mops/web/ajax_t163sb04
中游,電源供應系統,2308,台達電,2022,2,income_statement,綜合損益總額歸屬於共同控制下前手權益,,--,sii,https://mopsov.twse.com.tw/mops/web/ajax_t163sb04
中游,電源供應系統,2308,台達電,2022,2,income_statement,綜合損益總額歸屬於非控制權益,3848852,"3,848,852",sii,https://mopsov.twse.com.tw/mops/web/ajax_t163sb04
中游,電源供應系統,2308,台達電,2022,2,income_statement,基本每股盈餘（元）,5.27,5.27,sii,https://mopsov.twse.com.tw/mops/web/ajax_t163sb04
中游,電源供應系統,2301,光寶科,2022,2,balance_sheet,流動資產,157965478,"157,965,478",sii,https://mopsov.twse.com.tw/mops/web/ajax_t163sb05
中游,電源供應系統,2301,光寶科,2022,2,balance_sheet,非流動資產,35214354,"35,214,354",sii,https://mopsov.twse.com.tw/mops/web/ajax_t163sb05
中游,電源供應系統,2301,光寶科,2022,2,balance_sheet,資產總計,193179832,"193,179,832",sii,https://mopsov.twse.com.tw/mops/web/ajax_t163sb05
中游,電源供應系統,2301,光寶科,2022,2,balance_sheet,流動負債,114091600,"114,091,600",sii,https://mopsov.twse.com.tw/mops/web/ajax_t163sb05
中游,電源供應系統,2301,光寶科,2022,2,balance_sheet,非流動負債,2937201,"2,937,201",sii,https://mopsov.twse.com.tw/mops/web/ajax_t163sb05
中游,電源供應系統,2301,光寶科,2022,2,balance_sheet,負債總計,117028801,"117,028,801",sii,https://mopsov.twse.com.tw/mops/web/ajax_t163sb05
中游,電源供應系統,2301,光寶科,2022,2,balance_sheet,股本,23508670,"23,508,670",sii,https://mopsov.twse.com.tw/mops/web/ajax_t163sb05
中游,電源供應系統,2301,光寶科,2022,2,balance_sheet,權益─具證券性質之虛擬通貨,,--,sii,https://mopsov.twse.com.tw/mops/web/ajax_t163sb05
中游,電源供應系統,2301,光寶科,2022,2,balance_sheet,資本公積,21934461,"21,934,461",sii,https://mopsov.twse.com.tw/mops/web/ajax_t163sb05
中游,電源供應系統,2301,光寶科,2022,2,balance_sheet,保留盈餘,37041628,"37,041,628",sii,https://mopsov.twse.com.tw/mops/web/ajax_t163sb05
中游,電源供應系統,2301,光寶科,2022,2,balance_sheet,其他權益,-3214552,"-3,214,552",sii,https://mopsov.twse.com.tw/mops/web/ajax_t163sb05
中游,電源供應系統,2301,光寶科,2022,2,balance_sheet,庫藏股票,-3700808,"-3,700,808",sii,https://mopsov.twse.com.tw/mops/web/ajax_t163sb05
中游,電源供應系統,2301,光寶科,2022,2,balance_sheet,歸屬於母公司業主之權益合計,75569399,"75,569,399",sii,https://mopsov.twse.com.tw/mops/web/ajax_t163sb05
中游,電源供應系統,2301,光寶科,2022,2,balance_sheet,共同控制下前手權益,,--,sii,https://mopsov.twse.com.tw/mops/web/ajax_t163sb05
中游,電源供應系統,2301,光寶科,2022,2,balance_sheet,合併前非屬共同控制股權,,--,sii,https://mopsov.twse.com.tw/mops/web/ajax_t163sb05
中游,電源供應系統,2301,光寶科,2022,2,balance_sheet,非控制權益,581632,"581,632",sii,https://mopsov.twse.com.tw/mops/web/ajax_t163sb05
中游,電源供應系統,2301,光寶科,2022,2,balance_sheet,權益總計,76151031,"76,151,031",sii,https://mopsov.twse.com.tw/mops/web/ajax_t163sb05
中游,電源供應系統,2301,光寶科,2022,2,balance_sheet,待註銷股本股數（單位：股）,,--,sii,https://mopsov.twse.com.tw/mops/web/ajax_t163sb05
中游,電源供應系統,2301,光寶科,2022,2,balance_sheet,預收股款（權益項下）之約當發行股數（單位：股）,0,0,sii,https://mopsov.twse.com.tw/mops/web/ajax_t163sb05
中游,電源供應系統,2301,光寶科,2022,2,balance_sheet,母公司暨子公司所持有之母公司庫藏股股數（單位：股）,67303500,"67,303,500",sii,https://mopsov.twse.com.tw/mops/web/ajax_t163sb05
中游,電源供應系統,2301,光寶科,2022,2,balance_sheet,每股參考淨值,33.09,33.09,sii,https://mopsov.twse.com.tw/mops/web/ajax_t163sb05
中游,電源供應系統,2308,台達電,2022,2,balance_sheet,流動資產,217632394,"217,632,394",sii,https://mopsov.twse.com.tw/mops/web/ajax_t163sb05
中游,電源供應系統,2308,台達電,2022,2,balance_sheet,非流動資產,176316277,"176,316,277",sii,https://mopsov.twse.com.tw/mops/web/ajax_t163sb05
中游,電源供應系統,2308,台達電,2022,2,balance_sheet,資產總計,393948671,"393,948,671",sii,https://mopsov.twse.com.tw/mops/web/ajax_t163sb05
中游,電源供應系統,2308,台達電,2022,2,balance_sheet,流動負債,122523326,"122,523,326",sii,https://mopsov.twse.com.tw/mops/web/ajax_t163sb05
中游,電源供應系統,2308,台達電,2022,2,balance_sheet,非流動負債,74390790,"74,390,790",sii,https://mopsov.twse.com.tw/mops/web/ajax_t163sb05
中游,電源供應系統,2308,台達電,2022,2,balance_sheet,負債總計,196914116,"196,914,116",sii,https://mopsov.twse.com.tw/mops/web/ajax_t163sb05
中游,電源供應系統,2308,台達電,2022,2,balance_sheet,股本,25975433,"25,975,433",sii,https://mopsov.twse.com.tw/mops/web/ajax_t163sb05
中游,電源供應系統,2308,台達電,2022,2,balance_sheet,權益─具證券性質之虛擬通貨,,--,sii,https://mopsov.twse.com.tw/mops/web/ajax_t163sb05
中游,電源供應系統,2308,台達電,2022,2,balance_sheet,資本公積,49019740,"49,019,740",sii,https://mopsov.twse.com.tw/mops/web/ajax_t163sb05
中游,電源供應系統,2308,台達電,2022,2,balance_sheet,保留盈餘,95480572,"95,480,572",sii,https://mopsov.twse.com.tw/mops/web/ajax_t163sb05
中游,電源供應系統,2308,台達電,2022,2,balance_sheet,其他權益,-7826201,"-7,826,201",sii,https://mopsov.twse.com.tw/mops/web/ajax_t163sb05
中游,電源供應系統,2308,台達電,2022,2,balance_sheet,庫藏股票,,--,sii,https://mopsov.twse.com.tw/mops/web/ajax_t163sb05
中游,電源供應系統,2308,台達電,2022,2,balance_sheet,歸屬於母公司業主之權益合計,162649544,"162,649,544",sii,https://mopsov.twse.com.tw/mops/web/ajax_t163sb05
中游,電源供應系統,2308,台達電,2022,2,balance_sheet,共同控制下前手權益,,--,sii,https://mopsov.twse.com.tw/mops/web/ajax_t163sb05
中游,電源供應系統,2308,台達電,2022,2,balance_sheet,合併前非屬共同控制股權,,--,sii,https://mopsov.twse.com.tw/mops/web/ajax_t163sb05
中游,電源供應系統,2308,台達電,2022,2,balance_sheet,非控制權益,34385011,"34,385,011",sii,https://mopsov.twse.com.tw/mops/web/ajax_t163sb05
中游,電源供應系統,2308,台達電,2022,2,balance_sheet,權益總計,197034555,"197,034,555",sii,https://mopsov.twse.com.tw/mops/web/ajax_t163sb05
中游,電源供應系統,2308,台達電,2022,2,balance_sheet,待註銷股本股數（單位：股）,,--,sii,https://mopsov.twse.com.tw/mops/web/ajax_t163sb05
中游,電源供應系統,2308,台達電,2022,2,balance_sheet,預收股款（權益項下）之約當發行股數（單位：股）,0,0,sii,https://mopsov.twse.com.tw/mops/web/ajax_t163sb05
中游,電源供應系統,2308,台達電,2022,2,balance_sheet,母公司暨子公司所持有之母公司庫藏股股數（單位：股）,0,0,sii,https://mopsov.twse.com.tw/mops/web/ajax_t163sb05
中游,電源供應系統,2308,台達電,2022,2,balance_sheet,每股參考淨值,62.62,62.62,sii,https://mopsov.twse.com.tw/mops/web/ajax_t163sb05
中游,電源供應系統,2301,光寶科,2022,2,cash_flow,營業活動之淨現金流入（流出）,5455984,"5,455,984",sii,https://mopsov.twse.com.tw/mops/web/ajax_t163sb20
中游,電源供應系統,2301,光寶科,2022,2,cash_flow,投資活動之淨現金流入（流出）,-9677384,"-9,677,384",sii,https://mopsov.twse.com.tw/mops/web/ajax_t163sb20
中游,電源供應系統,2301,光寶科,2022,2,cash_flow,籌資活動之淨現金流入（流出）,3896938,"3,896,938",sii,https://mopsov.twse.com.tw/mops/web/ajax_t163sb20
中游,電源供應系統,2301,光寶科,2022,2,cash_flow,匯率變動對現金及約當現金之影響,2516303,"2,516,303",sii,https://mopsov.twse.com.tw/mops/web/ajax_t163sb20
中游,電源供應系統,2301,光寶科,2022,2,cash_flow,本期現金及約當現金增加（減少）數,2191841,"2,191,841",sii,https://mopsov.twse.com.tw/mops/web/ajax_t163sb20
中游,電源供應系統,2301,光寶科,2022,2,cash_flow,期初現金及約當現金餘額,68275835,"68,275,835",sii,https://mopsov.twse.com.tw/mops/web/ajax_t163sb20
中游,電源供應系統,2301,光寶科,2022,2,cash_flow,期末現金及約當現金餘額,70467676,"70,467,676",sii,https://mopsov.twse.com.tw/mops/web/ajax_t163sb20
中游,電源供應系統,2308,台達電,2022,2,cash_flow,營業活動之淨現金流入（流出）,18392656,"18,392,656",sii,https://mopsov.twse.com.tw/mops/web/ajax_t163sb20
中游,電源供應系統,2308,台達電,2022,2,cash_flow,投資活動之淨現金流入（流出）,-10022770,"-10,022,770",sii,https://mopsov.twse.com.tw/mops/web/ajax_t163sb20
中游,電源供應系統,2308,台達電,2022,2,cash_flow,籌資活動之淨現金流入（流出）,-2078917,"-2,078,917",sii,https://mopsov.twse.com.tw/mops/web/ajax_t163sb20
中游,電源供應系統,2308,台達電,2022,2,cash_flow,匯率變動對現金及約當現金之影響,4902716,"4,902,716",sii,https://mopsov.twse.com.tw/mops/web/ajax_t163sb20
中游,電源供應系統,2308,台達電,2022,2,cash_flow,本期現金及約當現金增加（減少）數,11193685,"11,193,685",sii,https://mopsov.twse.com.tw/mops/web/ajax_t163sb20
中游,電源供應系統,2308,台達電,2022,2,cash_flow,期初現金及約當現金餘額,49855053,"49,855,053",sii,https://mopsov.twse.com.tw/mops/web/ajax_t163sb20
中游,電源供應系統,2308,台達電,2022,2,cash_flow,期末現金及約當現金餘額,61048738,"61,048,738",sii,https://mopsov.twse.com.tw/mops/web/ajax_t163sb20
中游,電源供應系統,2301,光寶科,2022,3,income_statement,營業收入,130361572,"130,361,572",sii,https://mopsov.twse.com.tw/mops/web/ajax_t163sb04
中游,電源供應系統,2301,光寶科,2022,3,income_statement,營業成本,105514836,"105,514,836",sii,https://mopsov.twse.com.tw/mops/web/ajax_t163sb04
中游,電源供應系統,2301,光寶科,2022,3,income_statement,原始認列生物資產及農產品之利益（損失）,,--,sii,https://mopsov.twse.com.tw/mops/web/ajax_t163sb04
中游,電源供應系統,2301,光寶科,2022,3,income_statement,生物資產當期公允價值減出售成本之變動利益（損失）,,--,sii,https://mopsov.twse.com.tw/mops/web/ajax_t163sb04
中游,電源供應系統,2301,光寶科,2022,3,income_statement,營業毛利（毛損）,24846736,"24,846,736",sii,https://mopsov.twse.com.tw/mops/web/ajax_t163sb04
中游,電源供應系統,2301,光寶科,2022,3,income_statement,未實現銷貨（損）益,,--,sii,https://mopsov.twse.com.tw/mops/web/ajax_t163sb04
中游,電源供應系統,2301,光寶科,2022,3,income_statement,已實現銷貨（損）益,,--,sii,https://mopsov.twse.com.tw/mops/web/ajax_t163sb04
中游,電源供應系統,2301,光寶科,2022,3,income_statement,營業毛利（毛損）淨額,24846736,"24,846,736",sii,https://mopsov.twse.com.tw/mops/web/ajax_t163sb04
中游,電源供應系統,2301,光寶科,2022,3,income_statement,營業費用,13101261,"13,101,261",sii,https://mopsov.twse.com.tw/mops/web/ajax_t163sb04
中游,電源供應系統,2301,光寶科,2022,3,income_statement,其他收益及費損淨額,,--,sii,https://mopsov.twse.com.tw/mops/web/ajax_t163sb04
中游,電源供應系統,2301,光寶科,2022,3,income_statement,營業利益（損失）,11745475,"11,745,475",sii,https://mopsov.twse.com.tw/mops/web/ajax_t163sb04
中游,電源供應系統,2301,光寶科,2022,3,income_statement,營業外收入及支出,1252790,"1,252,790",sii,https://mopsov.twse.com.tw/mops/web/ajax_t163sb04
中游,電源供應系統,2301,光寶科,2022,3,income_statement,稅前淨利（淨損）,12998265,"12,998,265",sii,https://mopsov.twse.com.tw/mops/web/ajax_t163sb04
中游,電源供應系統,2301,光寶科,2022,3,income_statement,所得稅費用（利益）,2664640,"2,664,640",sii,https://mopsov.twse.com.tw/mops/web/ajax_t163sb04
中游,電源供應系統,2301,光寶科,2022,3,income_statement,繼續營業單位本期淨利（淨損）,10333625,"10,333,625",sii,https://mopsov.twse.com.tw/mops/web/ajax_t163sb04
中游,電源供應系統,2301,光寶科,2022,3,income_statement,停業單位損益,,--,sii,https://mopsov.twse.com.tw/mops/web/ajax_t163sb04
中游,電源供應系統,2301,光寶科,2022,3,income_statement,合併前非屬共同控制股權損益,,--,sii,https://mopsov.twse.com.tw/mops/web/ajax_t163sb04
中游,電源供應系統,2301,光寶科,2022,3,income_statement,本期淨利（淨損）,10333625,"10,333,625",sii,https://mopsov.twse.com.tw/mops/web/ajax_t163sb04
中游,電源供應系統,2301,光寶科,2022,3,income_statement,其他綜合損益（淨額）,5064989,"5,064,989",sii,https://mopsov.twse.com.tw/mops/web/ajax_t163sb04
中游,電源供應系統,2301,光寶科,2022,3,income_statement,合併前非屬共同控制股權綜合損益淨額,,--,sii,https://mopsov.twse.com.tw/mops/web/ajax_t163sb04
中游,電源供應系統,2301,光寶科,2022,3,income_statement,本期綜合損益總額,15398614,"15,398,614",sii,https://mopsov.twse.com.tw/mops/web/ajax_t163sb04
中游,電源供應系統,2301,光寶科,2022,3,income_statement,淨利（淨損）歸屬於母公司業主,10303564,"10,303,564",sii,https://mopsov.twse.com.tw/mops/web/ajax_t163sb04
中游,電源供應系統,2301,光寶科,2022,3,income_statement,淨利（淨損）歸屬於共同控制下前手權益,,--,sii,https://mopsov.twse.com.tw/mops/web/ajax_t163sb04
中游,電源供應系統,2301,光寶科,2022,3,income_statement,淨利（淨損）歸屬於非控制權益,30061,"30,061",sii,https://mopsov.twse.com.tw/mops/web/ajax_t163sb04
中游,電源供應系統,2301,光寶科,2022,3,income_statement,綜合損益總額歸屬於母公司業主,15321137,"15,321,137",sii,https://mopsov.twse.com.tw/mops/web/ajax_t163sb04
中游,電源供應系統,2301,光寶科,2022,3,income_statement,綜合損益總額歸屬於共同控制下前手權益,,--,sii,https://mopsov.twse.com.tw/mops/web/ajax_t163sb04
中游,電源供應系統,2301,光寶科,2022,3,income_statement,綜合損益總額歸屬於非控制權益,77477,"77,477",sii,https://mopsov.twse.com.tw/mops/web/ajax_t163sb04
中游,電源供應系統,2301,光寶科,2022,3,income_statement,基本每股盈餘（元）,4.51,4.51,sii,https://mopsov.twse.com.tw/mops/web/ajax_t163sb04
中游,電源供應系統,2308,台達電,2022,3,income_statement,營業收入,278783021,"278,783,021",sii,https://mopsov.twse.com.tw/mops/web/ajax_t163sb04
中游,電源供應系統,2308,台達電,2022,3,income_statement,營業成本,197622962,"197,622,962",sii,https://mopsov.twse.com.tw/mops/web/ajax_t163sb04
中游,電源供應系統,2308,台達電,2022,3,income_statement,原始認列生物資產及農產品之利益（損失）,,--,sii,https://mopsov.twse.com.tw/mops/web/ajax_t163sb04
中游,電源供應系統,2308,台達電,2022,3,income_statement,生物資產當期公允價值減出售成本之變動利益（損失）,,--,sii,https://mopsov.twse.com.tw/mops/web/ajax_t163sb04
中游,電源供應系統,2308,台達電,2022,3,income_statement,營業毛利（毛損）,81160059,"81,160,059",sii,https://mopsov.twse.com.tw/mops/web/ajax_t163sb04
中游,電源供應系統,2308,台達電,2022,3,income_statement,未實現銷貨（損）益,,--,sii,https://mopsov.twse.com.tw/mops/web/ajax_t163sb04
中游,電源供應系統,2308,台達電,2022,3,income_statement,已實現銷貨（損）益,,--,sii,https://mopsov.twse.com.tw/mops/web/ajax_t163sb04
中游,電源供應系統,2308,台達電,2022,3,income_statement,營業毛利（毛損）淨額,81160059,"81,160,059",sii,https://mopsov.twse.com.tw/mops/web/ajax_t163sb04
中游,電源供應系統,2308,台達電,2022,3,income_statement,營業費用,50498487,"50,498,487",sii,https://mopsov.twse.com.tw/mops/web/ajax_t163sb04
中游,電源供應系統,2308,台達電,2022,3,income_statement,其他收益及費損淨額,,--,sii,https://mopsov.twse.com.tw/mops/web/ajax_t163sb04
中游,電源供應系統,2308,台達電,2022,3,income_statement,營業利益（損失）,30661572,"30,661,572",sii,https://mopsov.twse.com.tw/mops/web/ajax_t163sb04
中游,電源供應系統,2308,台達電,2022,3,income_statement,營業外收入及支出,3880209,"3,880,209",sii,https://mopsov.twse.com.tw/mops/web/ajax_t163sb04
中游,電源供應系統,2308,台達電,2022,3,income_statement,稅前淨利（淨損）,34541781,"34,541,781",sii,https://mopsov.twse.com.tw/mops/web/ajax_t163sb04
中游,電源供應系統,2308,台達電,2022,3,income_statement,所得稅費用（利益）,6647699,"6,647,699",sii,https://mopsov.twse.com.tw/mops/web/ajax_t163sb04
中游,電源供應系統,2308,台達電,2022,3,income_statement,繼續營業單位本期淨利（淨損）,27894082,"27,894,082",sii,https://mopsov.twse.com.tw/mops/web/ajax_t163sb04
中游,電源供應系統,2308,台達電,2022,3,income_statement,停業單位損益,,--,sii,https://mopsov.twse.com.tw/mops/web/ajax_t163sb04
中游,電源供應系統,2308,台達電,2022,3,income_statement,合併前非屬共同控制股權損益,,--,sii,https://mopsov.twse.com.tw/mops/web/ajax_t163sb04
中游,電源供應系統,2308,台達電,2022,3,income_statement,本期淨利（淨損）,27894082,"27,894,082",sii,https://mopsov.twse.com.tw/mops/web/ajax_t163sb04
中游,電源供應系統,2308,台達電,2022,3,income_statement,其他綜合損益（淨額）,20339555,"20,339,555",sii,https://mopsov.twse.com.tw/mops/web/ajax_t163sb04
中游,電源供應系統,2308,台達電,2022,3,income_statement,合併前非屬共同控制股權綜合損益淨額,,--,sii,https://mopsov.twse.com.tw/mops/web/ajax_t163sb04
中游,電源供應系統,2308,台達電,2022,3,income_statement,本期綜合損益總額,48233637,"48,233,637",sii,https://mopsov.twse.com.tw/mops/web/ajax_t163sb04
中游,電源供應系統,2308,台達電,2022,3,income_statement,淨利（淨損）歸屬於母公司業主,24755470,"24,755,470",sii,https://mopsov.twse.com.tw/mops/web/ajax_t163sb04
中游,電源供應系統,2308,台達電,2022,3,income_statement,淨利（淨損）歸屬於共同控制下前手權益,,--,sii,https://mopsov.twse.com.tw/mops/web/ajax_t163sb04
中游,電源供應系統,2308,台達電,2022,3,income_statement,淨利（淨損）歸屬於非控制權益,3138612,"3,138,612",sii,https://mopsov.twse.com.tw/mops/web/ajax_t163sb04
中游,電源供應系統,2308,台達電,2022,3,income_statement,綜合損益總額歸屬於母公司業主,41483935,"41,483,935",sii,https://mopsov.twse.com.tw/mops/web/ajax_t163sb04
中游,電源供應系統,2308,台達電,2022,3,income_statement,綜合損益總額歸屬於共同控制下前手權益,,--,sii,https://mopsov.twse.com.tw/mops/web/ajax_t163sb04
中游,電源供應系統,2308,台達電,2022,3,income_statement,綜合損益總額歸屬於非控制權益,6749702,"6,749,702",sii,https://mopsov.twse.com.tw/mops/web/ajax_t163sb04
中游,電源供應系統,2308,台達電,2022,3,income_statement,基本每股盈餘（元）,9.53,9.53,sii,https://mopsov.twse.com.tw/mops/web/ajax_t163sb04
中游,電源供應系統,2301,光寶科,2022,3,balance_sheet,流動資產,167656008,"167,656,008",sii,https://mopsov.twse.com.tw/mops/web/ajax_t163sb05
中游,電源供應系統,2301,光寶科,2022,3,balance_sheet,非流動資產,35241099,"35,241,099",sii,https://mopsov.twse.com.tw/mops/web/ajax_t163sb05
中游,電源供應系統,2301,光寶科,2022,3,balance_sheet,資產總計,202897107,"202,897,107",sii,https://mopsov.twse.com.tw/mops/web/ajax_t163sb05
中游,電源供應系統,2301,光寶科,2022,3,balance_sheet,流動負債,116985063,"116,985,063",sii,https://mopsov.twse.com.tw/mops/web/ajax_t163sb05
中游,電源供應系統,2301,光寶科,2022,3,balance_sheet,非流動負債,6398903,"6,398,903",sii,https://mopsov.twse.com.tw/mops/web/ajax_t163sb05
中游,電源供應系統,2301,光寶科,2022,3,balance_sheet,負債總計,123383966,"123,383,966",sii,https://mopsov.twse.com.tw/mops/web/ajax_t163sb05
中游,電源供應系統,2301,光寶科,2022,3,balance_sheet,股本,23508670,"23,508,670",sii,https://mopsov.twse.com.tw/mops/web/ajax_t163sb05
中游,電源供應系統,2301,光寶科,2022,3,balance_sheet,權益─具證券性質之虛擬通貨,,--,sii,https://mopsov.twse.com.tw/mops/web/ajax_t163sb05
中游,電源供應系統,2301,光寶科,2022,3,balance_sheet,資本公積,22811662,"22,811,662",sii,https://mopsov.twse.com.tw/mops/web/ajax_t163sb05
中游,電源供應系統,2301,光寶科,2022,3,balance_sheet,保留盈餘,37815795,"37,815,795",sii,https://mopsov.twse.com.tw/mops/web/ajax_t163sb05
中游,電源供應系統,2301,光寶科,2022,3,balance_sheet,其他權益,-1771929,"-1,771,929",sii,https://mopsov.twse.com.tw/mops/web/ajax_t163sb05
中游,電源供應系統,2301,光寶科,2022,3,balance_sheet,庫藏股票,-3468412,"-3,468,412",sii,https://mopsov.twse.com.tw/mops/web/ajax_t163sb05
中游,電源供應系統,2301,光寶科,2022,3,balance_sheet,歸屬於母公司業主之權益合計,78895786,"78,895,786",sii,https://mopsov.twse.com.tw/mops/web/ajax_t163sb05
中游,電源供應系統,2301,光寶科,2022,3,balance_sheet,共同控制下前手權益,,--,sii,https://mopsov.twse.com.tw/mops/web/ajax_t163sb05
中游,電源供應系統,2301,光寶科,2022,3,balance_sheet,合併前非屬共同控制股權,,--,sii,https://mopsov.twse.com.tw/mops/web/ajax_t163sb05
中游,電源供應系統,2301,光寶科,2022,3,balance_sheet,非控制權益,617355,"617,355",sii,https://mopsov.twse.com.tw/mops/web/ajax_t163sb05
中游,電源供應系統,2301,光寶科,2022,3,balance_sheet,權益總計,79513141,"79,513,141",sii,https://mopsov.twse.com.tw/mops/web/ajax_t163sb05
中游,電源供應系統,2301,光寶科,2022,3,balance_sheet,待註銷股本股數（單位：股）,,--,sii,https://mopsov.twse.com.tw/mops/web/ajax_t163sb05
中游,電源供應系統,2301,光寶科,2022,3,balance_sheet,預收股款（權益項下）之約當發行股數（單位：股）,0,0,sii,https://mopsov.twse.com.tw/mops/web/ajax_t163sb05
中游,電源供應系統,2301,光寶科,2022,3,balance_sheet,母公司暨子公司所持有之母公司庫藏股股數（單位：股）,62582090,"62,582,090",sii,https://mopsov.twse.com.tw/mops/web/ajax_t163sb05
中游,電源供應系統,2301,光寶科,2022,3,balance_sheet,每股參考淨值,34.48,34.48,sii,https://mopsov.twse.com.tw/mops/web/ajax_t163sb05
中游,電源供應系統,2308,台達電,2022,3,balance_sheet,流動資產,243567817,"243,567,817",sii,https://mopsov.twse.com.tw/mops/web/ajax_t163sb05
中游,電源供應系統,2308,台達電,2022,3,balance_sheet,非流動資產,184735136,"184,735,136",sii,https://mopsov.twse.com.tw/mops/web/ajax_t163sb05
中游,電源供應系統,2308,台達電,2022,3,balance_sheet,資產總計,428302953,"428,302,953",sii,https://mopsov.twse.com.tw/mops/web/ajax_t163sb05
中游,電源供應系統,2308,台達電,2022,3,balance_sheet,流動負債,122804293,"122,804,293",sii,https://mopsov.twse.com.tw/mops/web/ajax_t163sb05
中游,電源供應系統,2308,台達電,2022,3,balance_sheet,非流動負債,86263794,"86,263,794",sii,https://mopsov.twse.com.tw/mops/web/ajax_t163sb05
中游,電源供應系統,2308,台達電,2022,3,balance_sheet,負債總計,209068087,"209,068,087",sii,https://mopsov.twse.com.tw/mops/web/ajax_t163sb05
中游,電源供應系統,2308,台達電,2022,3,balance_sheet,股本,25975433,"25,975,433",sii,https://mopsov.twse.com.tw/mops/web/ajax_t163sb05
中游,電源供應系統,2308,台達電,2022,3,balance_sheet,權益─具證券性質之虛擬通貨,,--,sii,https://mopsov.twse.com.tw/mops/web/ajax_t163sb05
中游,電源供應系統,2308,台達電,2022,3,balance_sheet,資本公積,49111839,"49,111,839",sii,https://mopsov.twse.com.tw/mops/web/ajax_t163sb05
中游,電源供應系統,2308,台達電,2022,3,balance_sheet,保留盈餘,106592037,"106,592,037",sii,https://mopsov.twse.com.tw/mops/web/ajax_t163sb05
中游,電源供應系統,2308,台達電,2022,3,balance_sheet,其他權益,301714,"301,714",sii,https://mopsov.twse.com.tw/mops/web/ajax_t163sb05
中游,電源供應系統,2308,台達電,2022,3,balance_sheet,庫藏股票,,--,sii,https://mopsov.twse.com.tw/mops/web/ajax_t163sb05
中游,電源供應系統,2308,台達電,2022,3,balance_sheet,歸屬於母公司業主之權益合計,181981023,"181,981,023",sii,https://mopsov.twse.com.tw/mops/web/ajax_t163sb05
中游,電源供應系統,2308,台達電,2022,3,balance_sheet,共同控制下前手權益,,--,sii,https://mopsov.twse.com.tw/mops/web/ajax_t163sb05
中游,電源供應系統,2308,台達電,2022,3,balance_sheet,合併前非屬共同控制股權,,--,sii,https://mopsov.twse.com.tw/mops/web/ajax_t163sb05
中游,電源供應系統,2308,台達電,2022,3,balance_sheet,非控制權益,37253843,"37,253,843",sii,https://mopsov.twse.com.tw/mops/web/ajax_t163sb05
中游,電源供應系統,2308,台達電,2022,3,balance_sheet,權益總計,219234866,"219,234,866",sii,https://mopsov.twse.com.tw/mops/web/ajax_t163sb05
中游,電源供應系統,2308,台達電,2022,3,balance_sheet,待註銷股本股數（單位：股）,0,0,sii,https://mopsov.twse.com.tw/mops/web/ajax_t163sb05
中游,電源供應系統,2308,台達電,2022,3,balance_sheet,預收股款（權益項下）之約當發行股數（單位：股）,0,0,sii,https://mopsov.twse.com.tw/mops/web/ajax_t163sb05
中游,電源供應系統,2308,台達電,2022,3,balance_sheet,母公司暨子公司所持有之母公司庫藏股股數（單位：股）,0,0,sii,https://mopsov.twse.com.tw/mops/web/ajax_t163sb05
中游,電源供應系統,2308,台達電,2022,3,balance_sheet,每股參考淨值,70.06,70.06,sii,https://mopsov.twse.com.tw/mops/web/ajax_t163sb05
中游,電源供應系統,2301,光寶科,2022,3,cash_flow,營業活動之淨現金流入（流出）,13086967,"13,086,967",sii,https://mopsov.twse.com.tw/mops/web/ajax_t163sb20
中游,電源供應系統,2301,光寶科,2022,3,cash_flow,投資活動之淨現金流入（流出）,-14559521,"-14,559,521",sii,https://mopsov.twse.com.tw/mops/web/ajax_t163sb20
中游,電源供應系統,2301,光寶科,2022,3,cash_flow,籌資活動之淨現金流入（流出）,-1022102,"-1,022,102",sii,https://mopsov.twse.com.tw/mops/web/ajax_t163sb20
中游,電源供應系統,2301,光寶科,2022,3,cash_flow,匯率變動對現金及約當現金之影響,4725483,"4,725,483",sii,https://mopsov.twse.com.tw/mops/web/ajax_t163sb20
中游,電源供應系統,2301,光寶科,2022,3,cash_flow,本期現金及約當現金增加（減少）數,2230827,"2,230,827",sii,https://mopsov.twse.com.tw/mops/web/ajax_t163sb20
中游,電源供應系統,2301,光寶科,2022,3,cash_flow,期初現金及約當現金餘額,68275835,"68,275,835",sii,https://mopsov.twse.com.tw/mops/web/ajax_t163sb20
中游,電源供應系統,2301,光寶科,2022,3,cash_flow,期末現金及約當現金餘額,70506662,"70,506,662",sii,https://mopsov.twse.com.tw/mops/web/ajax_t163sb20
中游,電源供應系統,2308,台達電,2022,3,cash_flow,營業活動之淨現金流入（流出）,30172861,"30,172,861",sii,https://mopsov.twse.com.tw/mops/web/ajax_t163sb20
中游,電源供應系統,2308,台達電,2022,3,cash_flow,投資活動之淨現金流入（流出）,-18392726,"-18,392,726",sii,https://mopsov.twse.com.tw/mops/web/ajax_t163sb20
中游,電源供應系統,2308,台達電,2022,3,cash_flow,籌資活動之淨現金流入（流出）,-7533694,"-7,533,694",sii,https://mopsov.twse.com.tw/mops/web/ajax_t163sb20
中游,電源供應系統,2308,台達電,2022,3,cash_flow,匯率變動對現金及約當現金之影響,10839858,"10,839,858",sii,https://mopsov.twse.com.tw/mops/web/ajax_t163sb20
中游,電源供應系統,2308,台達電,2022,3,cash_flow,本期現金及約當現金增加（減少）數,15086299,"15,086,299",sii,https://mopsov.twse.com.tw/mops/web/ajax_t163sb20
中游,電源供應系統,2308,台達電,2022,3,cash_flow,期初現金及約當現金餘額,49855053,"49,855,053",sii,https://mopsov.twse.com.tw/mops/web/ajax_t163sb20
中游,電源供應系統,2308,台達電,2022,3,cash_flow,期末現金及約當現金餘額,64941352,"64,941,352",sii,https://mopsov.twse.com.tw/mops/web/ajax_t163sb20
中游,電源供應系統,2301,光寶科,2022,4,income_statement,營業收入,173456216,"173,456,216",sii,https://mopsov.twse.com.tw/mops/web/ajax_t163sb04
中游,電源供應系統,2301,光寶科,2022,4,income_statement,營業成本,140193784,"140,193,784",sii,https://mopsov.twse.com.tw/mops/web/ajax_t163sb04
中游,電源供應系統,2301,光寶科,2022,4,income_statement,原始認列生物資產及農產品之利益（損失）,,--,sii,https://mopsov.twse.com.tw/mops/web/ajax_t163sb04
中游,電源供應系統,2301,光寶科,2022,4,income_statement,生物資產當期公允價值減出售成本之變動利益（損失）,,--,sii,https://mopsov.twse.com.tw/mops/web/ajax_t163sb04
中游,電源供應系統,2301,光寶科,2022,4,income_statement,營業毛利（毛損）,33262432,"33,262,432",sii,https://mopsov.twse.com.tw/mops/web/ajax_t163sb04
中游,電源供應系統,2301,光寶科,2022,4,income_statement,未實現銷貨（損）益,,--,sii,https://mopsov.twse.com.tw/mops/web/ajax_t163sb04
中游,電源供應系統,2301,光寶科,2022,4,income_statement,已實現銷貨（損）益,,--,sii,https://mopsov.twse.com.tw/mops/web/ajax_t163sb04
中游,電源供應系統,2301,光寶科,2022,4,income_statement,營業毛利（毛損）淨額,33262432,"33,262,432",sii,https://mopsov.twse.com.tw/mops/web/ajax_t163sb04
中游,電源供應系統,2301,光寶科,2022,4,income_statement,營業費用,18189572,"18,189,572",sii,https://mopsov.twse.com.tw/mops/web/ajax_t163sb04
中游,電源供應系統,2301,光寶科,2022,4,income_statement,其他收益及費損淨額,,--,sii,https://mopsov.twse.com.tw/mops/web/ajax_t163sb04
中游,電源供應系統,2301,光寶科,2022,4,income_statement,營業利益（損失）,15072860,"15,072,860",sii,https://mopsov.twse.com.tw/mops/web/ajax_t163sb04
中游,電源供應系統,2301,光寶科,2022,4,income_statement,營業外收入及支出,2772929,"2,772,929",sii,https://mopsov.twse.com.tw/mops/web/ajax_t163sb04
中游,電源供應系統,2301,光寶科,2022,4,income_statement,稅前淨利（淨損）,17845789,"17,845,789",sii,https://mopsov.twse.com.tw/mops/web/ajax_t163sb04
中游,電源供應系統,2301,光寶科,2022,4,income_statement,所得稅費用（利益）,3658386,"3,658,386",sii,https://mopsov.twse.com.tw/mops/web/ajax_t163sb04
中游,電源供應系統,2301,光寶科,2022,4,income_statement,繼續營業單位本期淨利（淨損）,14187403,"14,187,403",sii,https://mopsov.twse.com.tw/mops/web/ajax_t163sb04
中游,電源供應系統,2301,光寶科,2022,4,income_statement,停業單位損益,,--,sii,https://mopsov.twse.com.tw/mops/web/ajax_t163sb04
中游,電源供應系統,2301,光寶科,2022,4,income_statement,合併前非屬共同控制股權損益,,--,sii,https://mopsov.twse.com.tw/mops/web/ajax_t163sb04
中游,電源供應系統,2301,光寶科,2022,4,income_statement,本期淨利（淨損）,14187403,"14,187,403",sii,https://mopsov.twse.com.tw/mops/web/ajax_t163sb04
中游,電源供應系統,2301,光寶科,2022,4,income_statement,其他綜合損益（淨額）,3576981,"3,576,981",sii,https://mopsov.twse.com.tw/mops/web/ajax_t163sb04
中游,電源供應系統,2301,光寶科,2022,4,income_statement,合併前非屬共同控制股權綜合損益淨額,,--,sii,https://mopsov.twse.com.tw/mops/web/ajax_t163sb04
中游,電源供應系統,2301,光寶科,2022,4,income_statement,本期綜合損益總額,17764384,"17,764,384",sii,https://mopsov.twse.com.tw/mops/web/ajax_t163sb04
中游,電源供應系統,2301,光寶科,2022,4,income_statement,淨利（淨損）歸屬於母公司業主,14151016,"14,151,016",sii,https://mopsov.twse.com.tw/mops/web/ajax_t163sb04
中游,電源供應系統,2301,光寶科,2022,4,income_statement,淨利（淨損）歸屬於共同控制下前手權益,,--,sii,https://mopsov.twse.com.tw/mops/web/ajax_t163sb04
中游,電源供應系統,2301,光寶科,2022,4,income_statement,淨利（淨損）歸屬於非控制權益,36387,"36,387",sii,https://mopsov.twse.com.tw/mops/web/ajax_t163sb04
中游,電源供應系統,2301,光寶科,2022,4,income_statement,綜合損益總額歸屬於母公司業主,17661812,"17,661,812",sii,https://mopsov.twse.com.tw/mops/web/ajax_t163sb04
中游,電源供應系統,2301,光寶科,2022,4,income_statement,綜合損益總額歸屬於共同控制下前手權益,,--,sii,https://mopsov.twse.com.tw/mops/web/ajax_t163sb04
中游,電源供應系統,2301,光寶科,2022,4,income_statement,綜合損益總額歸屬於非控制權益,102572,"102,572",sii,https://mopsov.twse.com.tw/mops/web/ajax_t163sb04
中游,電源供應系統,2301,光寶科,2022,4,income_statement,基本每股盈餘（元）,6.19,6.19,sii,https://mopsov.twse.com.tw/mops/web/ajax_t163sb04
中游,電源供應系統,2308,台達電,2022,4,income_statement,營業收入,384443308,"384,443,308",sii,https://mopsov.twse.com.tw/mops/web/ajax_t163sb04
中游,電源供應系統,2308,台達電,2022,4,income_statement,營業成本,273670745,"273,670,745",sii,https://mopsov.twse.com.tw/mops/web/ajax_t163sb04
中游,電源供應系統,2308,台達電,2022,4,income_statement,原始認列生物資產及農產品之利益（損失）,,--,sii,https://mopsov.twse.com.tw/mops/web/ajax_t163sb04
中游,電源供應系統,2308,台達電,2022,4,income_statement,生物資產當期公允價值減出售成本之變動利益（損失）,,--,sii,https://mopsov.twse.com.tw/mops/web/ajax_t163sb04
中游,電源供應系統,2308,台達電,2022,4,income_statement,營業毛利（毛損）,110772563,"110,772,563",sii,https://mopsov.twse.com.tw/mops/web/ajax_t163sb04
中游,電源供應系統,2308,台達電,2022,4,income_statement,未實現銷貨（損）益,,--,sii,https://mopsov.twse.com.tw/mops/web/ajax_t163sb04
中游,電源供應系統,2308,台達電,2022,4,income_statement,已實現銷貨（損）益,,--,sii,https://mopsov.twse.com.tw/mops/web/ajax_t163sb04
中游,電源供應系統,2308,台達電,2022,4,income_statement,營業毛利（毛損）淨額,110772563,"110,772,563",sii,https://mopsov.twse.com.tw/mops/web/ajax_t163sb04
中游,電源供應系統,2308,台達電,2022,4,income_statement,營業費用,69333739,"69,333,739",sii,https://mopsov.twse.com.tw/mops/web/ajax_t163sb04
中游,電源供應系統,2308,台達電,2022,4,income_statement,其他收益及費損淨額,,--,sii,https://mopsov.twse.com.tw/mops/web/ajax_t163sb04
中游,電源供應系統,2308,台達電,2022,4,income_statement,營業利益（損失）,41438824,"41,438,824",sii,https://mopsov.twse.com.tw/mops/web/ajax_t163sb04
中游,電源供應系統,2308,台達電,2022,4,income_statement,營業外收入及支出,4626474,"4,626,474",sii,https://mopsov.twse.com.tw/mops/web/ajax_t163sb04
中游,電源供應系統,2308,台達電,2022,4,income_statement,稅前淨利（淨損）,46065298,"46,065,298",sii,https://mopsov.twse.com.tw/mops/web/ajax_t163sb04
中游,電源供應系統,2308,台達電,2022,4,income_statement,所得稅費用（利益）,9074560,"9,074,560",sii,https://mopsov.twse.com.tw/mops/web/ajax_t163sb04
中游,電源供應系統,2308,台達電,2022,4,income_statement,繼續營業單位本期淨利（淨損）,36990738,"36,990,738",sii,https://mopsov.twse.com.tw/mops/web/ajax_t163sb04
中游,電源供應系統,2308,台達電,2022,4,income_statement,停業單位損益,,--,sii,https://mopsov.twse.com.tw/mops/web/ajax_t163sb04
中游,電源供應系統,2308,台達電,2022,4,income_statement,合併前非屬共同控制股權損益,,--,sii,https://mopsov.twse.com.tw/mops/web/ajax_t163sb04
中游,電源供應系統,2308,台達電,2022,4,income_statement,本期淨利（淨損）,36990738,"36,990,738",sii,https://mopsov.twse.com.tw/mops/web/ajax_t163sb04
中游,電源供應系統,2308,台達電,2022,4,income_statement,其他綜合損益（淨額）,17160926,"17,160,926",sii,https://mopsov.twse.com.tw/mops/web/ajax_t163sb04
中游,電源供應系統,2308,台達電,2022,4,income_statement,合併前非屬共同控制股權綜合損益淨額,,--,sii,https://mopsov.twse.com.tw/mops/web/ajax_t163sb04
中游,電源供應系統,2308,台達電,2022,4,income_statement,本期綜合損益總額,54151664,"54,151,664",sii,https://mopsov.twse.com.tw/mops/web/ajax_t163sb04
中游,電源供應系統,2308,台達電,2022,4,income_statement,淨利（淨損）歸屬於母公司業主,32665728,"32,665,728",sii,https://mopsov.twse.com.tw/mops/web/ajax_t163sb04
中游,電源供應系統,2308,台達電,2022,4,income_statement,淨利（淨損）歸屬於共同控制下前手權益,,--,sii,https://mopsov.twse.com.tw/mops/web/ajax_t163sb04
中游,電源供應系統,2308,台達電,2022,4,income_statement,淨利（淨損）歸屬於非控制權益,4325010,"4,325,010",sii,https://mopsov.twse.com.tw/mops/web/ajax_t163sb04
中游,電源供應系統,2308,台達電,2022,4,income_statement,綜合損益總額歸屬於母公司業主,46081891,"46,081,891",sii,https://mopsov.twse.com.tw/mops/web/ajax_t163sb04
中游,電源供應系統,2308,台達電,2022,4,income_statement,綜合損益總額歸屬於共同控制下前手權益,,--,sii,https://mopsov.twse.com.tw/mops/web/ajax_t163sb04
中游,電源供應系統,2308,台達電,2022,4,income_statement,綜合損益總額歸屬於非控制權益,8069773,"8,069,773",sii,https://mopsov.twse.com.tw/mops/web/ajax_t163sb04
中游,電源供應系統,2308,台達電,2022,4,income_statement,基本每股盈餘（元）,12.58,12.58,sii,https://mopsov.twse.com.tw/mops/web/ajax_t163sb04
中游,電源供應系統,2301,光寶科,2022,4,balance_sheet,流動資產,164953214,"164,953,214",sii,https://mopsov.twse.com.tw/mops/web/ajax_t163sb05
中游,電源供應系統,2301,光寶科,2022,4,balance_sheet,非流動資產,34828523,"34,828,523",sii,https://mopsov.twse.com.tw/mops/web/ajax_t163sb05
中游,電源供應系統,2301,光寶科,2022,4,balance_sheet,資產總計,199781737,"199,781,737",sii,https://mopsov.twse.com.tw/mops/web/ajax_t163sb05
中游,電源供應系統,2301,光寶科,2022,4,balance_sheet,流動負債,111781109,"111,781,109",sii,https://mopsov.twse.com.tw/mops/web/ajax_t163sb05
中游,電源供應系統,2301,光寶科,2022,4,balance_sheet,非流動負債,6013501,"6,013,501",sii,https://mopsov.twse.com.tw/mops/web/ajax_t163sb05
中游,電源供應系統,2301,光寶科,2022,4,balance_sheet,負債總計,117794610,"117,794,610",sii,https://mopsov.twse.com.tw/mops/web/ajax_t163sb05
中游,電源供應系統,2301,光寶科,2022,4,balance_sheet,股本,23630830,"23,630,830",sii,https://mopsov.twse.com.tw/mops/web/ajax_t163sb05
中游,電源供應系統,2301,光寶科,2022,4,balance_sheet,權益─具證券性質之虛擬通貨,,--,sii,https://mopsov.twse.com.tw/mops/web/ajax_t163sb05
中游,電源供應系統,2301,光寶科,2022,4,balance_sheet,資本公積,22706153,"22,706,153",sii,https://mopsov.twse.com.tw/mops/web/ajax_t163sb05
中游,電源供應系統,2301,光寶科,2022,4,balance_sheet,保留盈餘,41731318,"41,731,318",sii,https://mopsov.twse.com.tw/mops/web/ajax_t163sb05
中游,電源供應系統,2301,光寶科,2022,4,balance_sheet,其他權益,-3243884,"-3,243,884",sii,https://mopsov.twse.com.tw/mops/web/ajax_t163sb05
中游,電源供應系統,2301,光寶科,2022,4,balance_sheet,庫藏股票,-3468412,"-3,468,412",sii,https://mopsov.twse.com.tw/mops/web/ajax_t163sb05
中游,電源供應系統,2301,光寶科,2022,4,balance_sheet,歸屬於母公司業主之權益合計,81356005,"81,356,005",sii,https://mopsov.twse.com.tw/mops/web/ajax_t163sb05
中游,電源供應系統,2301,光寶科,2022,4,balance_sheet,共同控制下前手權益,,--,sii,https://mopsov.twse.com.tw/mops/web/ajax_t163sb05
中游,電源供應系統,2301,光寶科,2022,4,balance_sheet,合併前非屬共同控制股權,,--,sii,https://mopsov.twse.com.tw/mops/web/ajax_t163sb05
中游,電源供應系統,2301,光寶科,2022,4,balance_sheet,非控制權益,631122,"631,122",sii,https://mopsov.twse.com.tw/mops/web/ajax_t163sb05
中游,電源供應系統,2301,光寶科,2022,4,balance_sheet,權益總計,81987127,"81,987,127",sii,https://mopsov.twse.com.tw/mops/web/ajax_t163sb05
中游,電源供應系統,2301,光寶科,2022,4,balance_sheet,待註銷股本股數（單位：股）,,--,sii,https://mopsov.twse.com.tw/mops/web/ajax_t163sb05
中游,電源供應系統,2301,光寶科,2022,4,balance_sheet,預收股款（權益項下）之約當發行股數（單位：股）,0,0,sii,https://mopsov.twse.com.tw/mops/web/ajax_t163sb05
中游,電源供應系統,2301,光寶科,2022,4,balance_sheet,母公司暨子公司所持有之母公司庫藏股股數（單位：股）,62582090,"62,582,090",sii,https://mopsov.twse.com.tw/mops/web/ajax_t163sb05
中游,電源供應系統,2301,光寶科,2022,4,balance_sheet,每股參考淨值,35.36,35.36,sii,https://mopsov.twse.com.tw/mops/web/ajax_t163sb05
中游,電源供應系統,2308,台達電,2022,4,balance_sheet,流動資產,240450466,"240,450,466",sii,https://mopsov.twse.com.tw/mops/web/ajax_t163sb05
中游,電源供應系統,2308,台達電,2022,4,balance_sheet,非流動資產,185423340,"185,423,340",sii,https://mopsov.twse.com.tw/mops/web/ajax_t163sb05
中游,電源供應系統,2308,台達電,2022,4,balance_sheet,資產總計,425873806,"425,873,806",sii,https://mopsov.twse.com.tw/mops/web/ajax_t163sb05
中游,電源供應系統,2308,台達電,2022,4,balance_sheet,流動負債,125013428,"125,013,428",sii,https://mopsov.twse.com.tw/mops/web/ajax_t163sb05
中游,電源供應系統,2308,台達電,2022,4,balance_sheet,非流動負債,75493193,"75,493,193",sii,https://mopsov.twse.com.tw/mops/web/ajax_t163sb05
中游,電源供應系統,2308,台達電,2022,4,balance_sheet,負債總計,200506621,"200,506,621",sii,https://mopsov.twse.com.tw/mops/web/ajax_t163sb05
中游,電源供應系統,2308,台達電,2022,4,balance_sheet,股本,25975433,"25,975,433",sii,https://mopsov.twse.com.tw/mops/web/ajax_t163sb05
中游,電源供應系統,2308,台達電,2022,4,balance_sheet,權益─具證券性質之虛擬通貨,,--,sii,https://mopsov.twse.com.tw/mops/web/ajax_t163sb05
中游,電源供應系統,2308,台達電,2022,4,balance_sheet,資本公積,49321767,"49,321,767",sii,https://mopsov.twse.com.tw/mops/web/ajax_t163sb05
中游,電源供應系統,2308,台達電,2022,4,balance_sheet,保留盈餘,114460385,"114,460,385",sii,https://mopsov.twse.com.tw/mops/web/ajax_t163sb05
中游,電源供應系統,2308,台達電,2022,4,balance_sheet,其他權益,-2968678,"-2,968,678",sii,https://mopsov.twse.com.tw/mops/web/ajax_t163sb05
中游,電源供應系統,2308,台達電,2022,4,balance_sheet,庫藏股票,,--,sii,https://mopsov.twse.com.tw/mops/web/ajax_t163sb05
中游,電源供應系統,2308,台達電,2022,4,balance_sheet,歸屬於母公司業主之權益合計,186788907,"186,788,907",sii,https://mopsov.twse.com.tw/mops/web/ajax_t163sb05
中游,電源供應系統,2308,台達電,2022,4,balance_sheet,共同控制下前手權益,,--,sii,https://mopsov.twse.com.tw/mops/web/ajax_t163sb05
中游,電源供應系統,2308,台達電,2022,4,balance_sheet,合併前非屬共同控制股權,,--,sii,https://mopsov.twse.com.tw/mops/web/ajax_t163sb05
中游,電源供應系統,2308,台達電,2022,4,balance_sheet,非控制權益,38578278,"38,578,278",sii,https://mopsov.twse.com.tw/mops/web/ajax_t163sb05
中游,電源供應系統,2308,台達電,2022,4,balance_sheet,權益總計,225367185,"225,367,185",sii,https://mopsov.twse.com.tw/mops/web/ajax_t163sb05
中游,電源供應系統,2308,台達電,2022,4,balance_sheet,待註銷股本股數（單位：股）,0,0,sii,https://mopsov.twse.com.tw/mops/web/ajax_t163sb05
中游,電源供應系統,2308,台達電,2022,4,balance_sheet,預收股款（權益項下）之約當發行股數（單位：股）,0,0,sii,https://mopsov.twse.com.tw/mops/web/ajax_t163sb05
中游,電源供應系統,2308,台達電,2022,4,balance_sheet,母公司暨子公司所持有之母公司庫藏股股數（單位：股）,0,0,sii,https://mopsov.twse.com.tw/mops/web/ajax_t163sb05
中游,電源供應系統,2308,台達電,2022,4,balance_sheet,每股參考淨值,71.91,71.91,sii,https://mopsov.twse.com.tw/mops/web/ajax_t163sb05
中游,電源供應系統,2301,光寶科,2022,4,cash_flow,營業活動之淨現金流入（流出）,25035963,"25,035,963",sii,https://mopsov.twse.com.tw/mops/web/ajax_t163sb20
中游,電源供應系統,2301,光寶科,2022,4,cash_flow,投資活動之淨現金流入（流出）,-4518211,"-4,518,211",sii,https://mopsov.twse.com.tw/mops/web/ajax_t163sb20
中游,電源供應系統,2301,光寶科,2022,4,cash_flow,籌資活動之淨現金流入（流出）,-2227232,"-2,227,232",sii,https://mopsov.twse.com.tw/mops/web/ajax_t163sb20
中游,電源供應系統,2301,光寶科,2022,4,cash_flow,匯率變動對現金及約當現金之影響,4499174,"4,499,174",sii,https://mopsov.twse.com.tw/mops/web/ajax_t163sb20
中游,電源供應系統,2301,光寶科,2022,4,cash_flow,本期現金及約當現金增加（減少）數,22789694,"22,789,694",sii,https://mopsov.twse.com.tw/mops/web/ajax_t163sb20
中游,電源供應系統,2301,光寶科,2022,4,cash_flow,期初現金及約當現金餘額,68275835,"68,275,835",sii,https://mopsov.twse.com.tw/mops/web/ajax_t163sb20
中游,電源供應系統,2301,光寶科,2022,4,cash_flow,期末現金及約當現金餘額,91065529,"91,065,529",sii,https://mopsov.twse.com.tw/mops/web/ajax_t163sb20
中游,電源供應系統,2308,台達電,2022,4,cash_flow,營業活動之淨現金流入（流出）,46529108,"46,529,108",sii,https://mopsov.twse.com.tw/mops/web/ajax_t163sb20
中游,電源供應系統,2308,台達電,2022,4,cash_flow,投資活動之淨現金流入（流出）,-24719243,"-24,719,243",sii,https://mopsov.twse.com.tw/mops/web/ajax_t163sb20
中游,電源供應系統,2308,台達電,2022,4,cash_flow,籌資活動之淨現金流入（流出）,-19739172,"-19,739,172",sii,https://mopsov.twse.com.tw/mops/web/ajax_t163sb20
中游,電源供應系統,2308,台達電,2022,4,cash_flow,匯率變動對現金及約當現金之影響,9621090,"9,621,090",sii,https://mopsov.twse.com.tw/mops/web/ajax_t163sb20
中游,電源供應系統,2308,台達電,2022,4,cash_flow,本期現金及約當現金增加（減少）數,11691783,"11,691,783",sii,https://mopsov.twse.com.tw/mops/web/ajax_t163sb20
中游,電源供應系統,2308,台達電,2022,4,cash_flow,期初現金及約當現金餘額,49855053,"49,855,053",sii,https://mopsov.twse.com.tw/mops/web/ajax_t163sb20
中游,電源供應系統,2308,台達電,2022,4,cash_flow,期末現金及約當現金餘額,61546836,"61,546,836",sii,https://mopsov.twse.com.tw/mops/web/ajax_t163sb20
中游,電源供應系統,2301,光寶科,2023,1,income_statement,營業收入,34174180,"34,174,180",sii,https://mopsov.twse.com.tw/mops/web/ajax_t163sb04
中游,電源供應系統,2301,光寶科,2023,1,income_statement,營業成本,27752378,"27,752,378",sii,https://mopsov.twse.com.tw/mops/web/ajax_t163sb04
中游,電源供應系統,2301,光寶科,2023,1,income_statement,原始認列生物資產及農產品之利益（損失）,,--,sii,https://mopsov.twse.com.tw/mops/web/ajax_t163sb04
中游,電源供應系統,2301,光寶科,2023,1,income_statement,生物資產當期公允價值減出售成本之變動利益（損失）,,--,sii,https://mopsov.twse.com.tw/mops/web/ajax_t163sb04
中游,電源供應系統,2301,光寶科,2023,1,income_statement,營業毛利（毛損）,6421802,"6,421,802",sii,https://mopsov.twse.com.tw/mops/web/ajax_t163sb04
中游,電源供應系統,2301,光寶科,2023,1,income_statement,未實現銷貨（損）益,,--,sii,https://mopsov.twse.com.tw/mops/web/ajax_t163sb04
中游,電源供應系統,2301,光寶科,2023,1,income_statement,已實現銷貨（損）益,,--,sii,https://mopsov.twse.com.tw/mops/web/ajax_t163sb04
中游,電源供應系統,2301,光寶科,2023,1,income_statement,營業毛利（毛損）淨額,6421802,"6,421,802",sii,https://mopsov.twse.com.tw/mops/web/ajax_t163sb04
中游,電源供應系統,2301,光寶科,2023,1,income_statement,營業費用,4268252,"4,268,252",sii,https://mopsov.twse.com.tw/mops/web/ajax_t163sb04
中游,電源供應系統,2301,光寶科,2023,1,income_statement,其他收益及費損淨額,,--,sii,https://mopsov.twse.com.tw/mops/web/ajax_t163sb04
中游,電源供應系統,2301,光寶科,2023,1,income_statement,營業利益（損失）,2153550,"2,153,550",sii,https://mopsov.twse.com.tw/mops/web/ajax_t163sb04
中游,電源供應系統,2301,光寶科,2023,1,income_statement,營業外收入及支出,821036,"821,036",sii,https://mopsov.twse.com.tw/mops/web/ajax_t163sb04
中游,電源供應系統,2301,光寶科,2023,1,income_statement,稅前淨利（淨損）,2974586,"2,974,586",sii,https://mopsov.twse.com.tw/mops/web/ajax_t163sb04
中游,電源供應系統,2301,光寶科,2023,1,income_statement,所得稅費用（利益）,609790,"609,790",sii,https://mopsov.twse.com.tw/mops/web/ajax_t163sb04
中游,電源供應系統,2301,光寶科,2023,1,income_statement,繼續營業單位本期淨利（淨損）,2364796,"2,364,796",sii,https://mopsov.twse.com.tw/mops/web/ajax_t163sb04
中游,電源供應系統,2301,光寶科,2023,1,income_statement,停業單位損益,,--,sii,https://mopsov.twse.com.tw/mops/web/ajax_t163sb04
中游,電源供應系統,2301,光寶科,2023,1,income_statement,合併前非屬共同控制股權損益,,--,sii,https://mopsov.twse.com.tw/mops/web/ajax_t163sb04
中游,電源供應系統,2301,光寶科,2023,1,income_statement,本期淨利（淨損）,2364796,"2,364,796",sii,https://mopsov.twse.com.tw/mops/web/ajax_t163sb04
中游,電源供應系統,2301,光寶科,2023,1,income_statement,其他綜合損益（淨額）,-163851,"-163,851",sii,https://mopsov.twse.com.tw/mops/web/ajax_t163sb04
中游,電源供應系統,2301,光寶科,2023,1,income_statement,合併前非屬共同控制股權綜合損益淨額,,--,sii,https://mopsov.twse.com.tw/mops/web/ajax_t163sb04
中游,電源供應系統,2301,光寶科,2023,1,income_statement,本期綜合損益總額,2200945,"2,200,945",sii,https://mopsov.twse.com.tw/mops/web/ajax_t163sb04
中游,電源供應系統,2301,光寶科,2023,1,income_statement,淨利（淨損）歸屬於母公司業主,2352973,"2,352,973",sii,https://mopsov.twse.com.tw/mops/web/ajax_t163sb04
中游,電源供應系統,2301,光寶科,2023,1,income_statement,淨利（淨損）歸屬於共同控制下前手權益,,--,sii,https://mopsov.twse.com.tw/mops/web/ajax_t163sb04
中游,電源供應系統,2301,光寶科,2023,1,income_statement,淨利（淨損）歸屬於非控制權益,11823,"11,823",sii,https://mopsov.twse.com.tw/mops/web/ajax_t163sb04
中游,電源供應系統,2301,光寶科,2023,1,income_statement,綜合損益總額歸屬於母公司業主,2183715,"2,183,715",sii,https://mopsov.twse.com.tw/mops/web/ajax_t163sb04
中游,電源供應系統,2301,光寶科,2023,1,income_statement,綜合損益總額歸屬於共同控制下前手權益,,--,sii,https://mopsov.twse.com.tw/mops/web/ajax_t163sb04
中游,電源供應系統,2301,光寶科,2023,1,income_statement,綜合損益總額歸屬於非控制權益,17230,"17,230",sii,https://mopsov.twse.com.tw/mops/web/ajax_t163sb04
中游,電源供應系統,2301,光寶科,2023,1,income_statement,基本每股盈餘（元）,1.03,1.03,sii,https://mopsov.twse.com.tw/mops/web/ajax_t163sb04
中游,電源供應系統,2308,台達電,2023,1,income_statement,營業收入,92859244,"92,859,244",sii,https://mopsov.twse.com.tw/mops/web/ajax_t163sb04
中游,電源供應系統,2308,台達電,2023,1,income_statement,營業成本,67291540,"67,291,540",sii,https://mopsov.twse.com.tw/mops/web/ajax_t163sb04
中游,電源供應系統,2308,台達電,2023,1,income_statement,原始認列生物資產及農產品之利益（損失）,,--,sii,https://mopsov.twse.com.tw/mops/web/ajax_t163sb04
中游,電源供應系統,2308,台達電,2023,1,income_statement,生物資產當期公允價值減出售成本之變動利益（損失）,,--,sii,https://mopsov.twse.com.tw/mops/web/ajax_t163sb04
中游,電源供應系統,2308,台達電,2023,1,income_statement,營業毛利（毛損）,25567704,"25,567,704",sii,https://mopsov.twse.com.tw/mops/web/ajax_t163sb04
中游,電源供應系統,2308,台達電,2023,1,income_statement,未實現銷貨（損）益,,--,sii,https://mopsov.twse.com.tw/mops/web/ajax_t163sb04
中游,電源供應系統,2308,台達電,2023,1,income_statement,已實現銷貨（損）益,,--,sii,https://mopsov.twse.com.tw/mops/web/ajax_t163sb04
中游,電源供應系統,2308,台達電,2023,1,income_statement,營業毛利（毛損）淨額,25567704,"25,567,704",sii,https://mopsov.twse.com.tw/mops/web/ajax_t163sb04
中游,電源供應系統,2308,台達電,2023,1,income_statement,營業費用,17161116,"17,161,116",sii,https://mopsov.twse.com.tw/mops/web/ajax_t163sb04
中游,電源供應系統,2308,台達電,2023,1,income_statement,其他收益及費損淨額,,--,sii,https://mopsov.twse.com.tw/mops/web/ajax_t163sb04
中游,電源供應系統,2308,台達電,2023,1,income_statement,營業利益（損失）,8406588,"8,406,588",sii,https://mopsov.twse.com.tw/mops/web/ajax_t163sb04
中游,電源供應系統,2308,台達電,2023,1,income_statement,營業外收入及支出,1552713,"1,552,713",sii,https://mopsov.twse.com.tw/mops/web/ajax_t163sb04
中游,電源供應系統,2308,台達電,2023,1,income_statement,稅前淨利（淨損）,9959301,"9,959,301",sii,https://mopsov.twse.com.tw/mops/web/ajax_t163sb04
中游,電源供應系統,2308,台達電,2023,1,income_statement,所得稅費用（利益）,1988220,"1,988,220",sii,https://mopsov.twse.com.tw/mops/web/ajax_t163sb04
中游,電源供應系統,2308,台達電,2023,1,income_statement,繼續營業單位本期淨利（淨損）,7971081,"7,971,081",sii,https://mopsov.twse.com.tw/mops/web/ajax_t163sb04
中游,電源供應系統,2308,台達電,2023,1,income_statement,停業單位損益,,--,sii,https://mopsov.twse.com.tw/mops/web/ajax_t163sb04
中游,電源供應系統,2308,台達電,2023,1,income_statement,合併前非屬共同控制股權損益,,--,sii,https://mopsov.twse.com.tw/mops/web/ajax_t163sb04
中游,電源供應系統,2308,台達電,2023,1,income_statement,本期淨利（淨損）,7971081,"7,971,081",sii,https://mopsov.twse.com.tw/mops/web/ajax_t163sb04
中游,電源供應系統,2308,台達電,2023,1,income_statement,其他綜合損益（淨額）,-285356,"-285,356",sii,https://mopsov.twse.com.tw/mops/web/ajax_t163sb04
中游,電源供應系統,2308,台達電,2023,1,income_statement,合併前非屬共同控制股權綜合損益淨額,,--,sii,https://mopsov.twse.com.tw/mops/web/ajax_t163sb04
中游,電源供應系統,2308,台達電,2023,1,income_statement,本期綜合損益總額,7685725,"7,685,725",sii,https://mopsov.twse.com.tw/mops/web/ajax_t163sb04
中游,電源供應系統,2308,台達電,2023,1,income_statement,淨利（淨損）歸屬於母公司業主,6907725,"6,907,725",sii,https://mopsov.twse.com.tw/mops/web/ajax_t163sb04
中游,電源供應系統,2308,台達電,2023,1,income_statement,淨利（淨損）歸屬於共同控制下前手權益,,--,sii,https://mopsov.twse.com.tw/mops/web/ajax_t163sb04
中游,電源供應系統,2308,台達電,2023,1,income_statement,淨利（淨損）歸屬於非控制權益,1063356,"1,063,356",sii,https://mopsov.twse.com.tw/mops/web/ajax_t163sb04
中游,電源供應系統,2308,台達電,2023,1,income_statement,綜合損益總額歸屬於母公司業主,6486767,"6,486,767",sii,https://mopsov.twse.com.tw/mops/web/ajax_t163sb04
中游,電源供應系統,2308,台達電,2023,1,income_statement,綜合損益總額歸屬於共同控制下前手權益,,--,sii,https://mopsov.twse.com.tw/mops/web/ajax_t163sb04
中游,電源供應系統,2308,台達電,2023,1,income_statement,綜合損益總額歸屬於非控制權益,1198958,"1,198,958",sii,https://mopsov.twse.com.tw/mops/web/ajax_t163sb04
中游,電源供應系統,2308,台達電,2023,1,income_statement,基本每股盈餘（元）,2.66,2.66,sii,https://mopsov.twse.com.tw/mops/web/ajax_t163sb04
中游,電源供應系統,2301,光寶科,2023,1,balance_sheet,流動資產,149469331,"149,469,331",sii,https://mopsov.twse.com.tw/mops/web/ajax_t163sb05
中游,電源供應系統,2301,光寶科,2023,1,balance_sheet,非流動資產,34765170,"34,765,170",sii,https://mopsov.twse.com.tw/mops/web/ajax_t163sb05
中游,電源供應系統,2301,光寶科,2023,1,balance_sheet,資產總計,184234501,"184,234,501",sii,https://mopsov.twse.com.tw/mops/web/ajax_t163sb05
中游,電源供應系統,2301,光寶科,2023,1,balance_sheet,流動負債,100961833,"100,961,833",sii,https://mopsov.twse.com.tw/mops/web/ajax_t163sb05
中游,電源供應系統,2301,光寶科,2023,1,balance_sheet,非流動負債,5871501,"5,871,501",sii,https://mopsov.twse.com.tw/mops/web/ajax_t163sb05
中游,電源供應系統,2301,光寶科,2023,1,balance_sheet,負債總計,106833334,"106,833,334",sii,https://mopsov.twse.com.tw/mops/web/ajax_t163sb05
中游,電源供應系統,2301,光寶科,2023,1,balance_sheet,股本,23619970,"23,619,970",sii,https://mopsov.twse.com.tw/mops/web/ajax_t163sb05
中游,電源供應系統,2301,光寶科,2023,1,balance_sheet,權益─具證券性質之虛擬通貨,,--,sii,https://mopsov.twse.com.tw/mops/web/ajax_t163sb05
中游,電源供應系統,2301,光寶科,2023,1,balance_sheet,資本公積,22756394,"22,756,394",sii,https://mopsov.twse.com.tw/mops/web/ajax_t163sb05
中游,電源供應系統,2301,光寶科,2023,1,balance_sheet,保留盈餘,37118012,"37,118,012",sii,https://mopsov.twse.com.tw/mops/web/ajax_t163sb05
中游,電源供應系統,2301,光寶科,2023,1,balance_sheet,其他權益,-3294615,"-3,294,615",sii,https://mopsov.twse.com.tw/mops/web/ajax_t163sb05
中游,電源供應系統,2301,光寶科,2023,1,balance_sheet,庫藏股票,-3445820,"-3,445,820",sii,https://mopsov.twse.com.tw/mops/web/ajax_t163sb05
中游,電源供應系統,2301,光寶科,2023,1,balance_sheet,歸屬於母公司業主之權益合計,76753941,"76,753,941",sii,https://mopsov.twse.com.tw/mops/web/ajax_t163sb05
中游,電源供應系統,2301,光寶科,2023,1,balance_sheet,共同控制下前手權益,,--,sii,https://mopsov.twse.com.tw/mops/web/ajax_t163sb05
中游,電源供應系統,2301,光寶科,2023,1,balance_sheet,合併前非屬共同控制股權,,--,sii,https://mopsov.twse.com.tw/mops/web/ajax_t163sb05
中游,電源供應系統,2301,光寶科,2023,1,balance_sheet,非控制權益,647226,"647,226",sii,https://mopsov.twse.com.tw/mops/web/ajax_t163sb05
中游,電源供應系統,2301,光寶科,2023,1,balance_sheet,權益總計,77401167,"77,401,167",sii,https://mopsov.twse.com.tw/mops/web/ajax_t163sb05
中游,電源供應系統,2301,光寶科,2023,1,balance_sheet,待註銷股本股數（單位：股）,,--,sii,https://mopsov.twse.com.tw/mops/web/ajax_t163sb05
中游,電源供應系統,2301,光寶科,2023,1,balance_sheet,預收股款（權益項下）之約當發行股數（單位：股）,0,0,sii,https://mopsov.twse.com.tw/mops/web/ajax_t163sb05
中游,電源供應系統,2301,光寶科,2023,1,balance_sheet,母公司暨子公司所持有之母公司庫藏股股數（單位：股）,62120090,"62,120,090",sii,https://mopsov.twse.com.tw/mops/web/ajax_t163sb05
中游,電源供應系統,2301,光寶科,2023,1,balance_sheet,每股參考淨值,33.37,33.37,sii,https://mopsov.twse.com.tw/mops/web/ajax_t163sb05
中游,電源供應系統,2308,台達電,2023,1,balance_sheet,流動資產,238393011,"238,393,011",sii,https://mopsov.twse.com.tw/mops/web/ajax_t163sb05
中游,電源供應系統,2308,台達電,2023,1,balance_sheet,非流動資產,188244328,"188,244,328",sii,https://mopsov.twse.com.tw/mops/web/ajax_t163sb05
中游,電源供應系統,2308,台達電,2023,1,balance_sheet,資產總計,426637339,"426,637,339",sii,https://mopsov.twse.com.tw/mops/web/ajax_t163sb05
中游,電源供應系統,2308,台達電,2023,1,balance_sheet,流動負債,117211011,"117,211,011",sii,https://mopsov.twse.com.tw/mops/web/ajax_t163sb05
中游,電源供應系統,2308,台達電,2023,1,balance_sheet,非流動負債,75587349,"75,587,349",sii,https://mopsov.twse.com.tw/mops/web/ajax_t163sb05
中游,電源供應系統,2308,台達電,2023,1,balance_sheet,負債總計,192798360,"192,798,360",sii,https://mopsov.twse.com.tw/mops/web/ajax_t163sb05
中游,電源供應系統,2308,台達電,2023,1,balance_sheet,股本,25975433,"25,975,433",sii,https://mopsov.twse.com.tw/mops/web/ajax_t163sb05
中游,電源供應系統,2308,台達電,2023,1,balance_sheet,權益─具證券性質之虛擬通貨,,--,sii,https://mopsov.twse.com.tw/mops/web/ajax_t163sb05
中游,電源供應系統,2308,台達電,2023,1,balance_sheet,資本公積,49321767,"49,321,767",sii,https://mopsov.twse.com.tw/mops/web/ajax_t163sb05
中游,電源供應系統,2308,台達電,2023,1,balance_sheet,保留盈餘,121387297,"121,387,297",sii,https://mopsov.twse.com.tw/mops/web/ajax_t163sb05
中游,電源供應系統,2308,台達電,2023,1,balance_sheet,其他權益,-3408823,"-3,408,823",sii,https://mopsov.twse.com.tw/mops/web/ajax_t163sb05
中游,電源供應系統,2308,台達電,2023,1,balance_sheet,庫藏股票,,--,sii,https://mopsov.twse.com.tw/mops/web/ajax_t163sb05
中游,電源供應系統,2308,台達電,2023,1,balance_sheet,歸屬於母公司業主之權益合計,193275674,"193,275,674",sii,https://mopsov.twse.com.tw/mops/web/ajax_t163sb05
中游,電源供應系統,2308,台達電,2023,1,balance_sheet,共同控制下前手權益,,--,sii,https://mopsov.twse.com.tw/mops/web/ajax_t163sb05
中游,電源供應系統,2308,台達電,2023,1,balance_sheet,合併前非屬共同控制股權,,--,sii,https://mopsov.twse.com.tw/mops/web/ajax_t163sb05
中游,電源供應系統,2308,台達電,2023,1,balance_sheet,非控制權益,40563305,"40,563,305",sii,https://mopsov.twse.com.tw/mops/web/ajax_t163sb05
中游,電源供應系統,2308,台達電,2023,1,balance_sheet,權益總計,233838979,"233,838,979",sii,https://mopsov.twse.com.tw/mops/web/ajax_t163sb05
中游,電源供應系統,2308,台達電,2023,1,balance_sheet,待註銷股本股數（單位：股）,,--,sii,https://mopsov.twse.com.tw/mops/web/ajax_t163sb05
中游,電源供應系統,2308,台達電,2023,1,balance_sheet,預收股款（權益項下）之約當發行股數（單位：股）,0,0,sii,https://mopsov.twse.com.tw/mops/web/ajax_t163sb05
中游,電源供應系統,2308,台達電,2023,1,balance_sheet,母公司暨子公司所持有之母公司庫藏股股數（單位：股）,0,0,sii,https://mopsov.twse.com.tw/mops/web/ajax_t163sb05
中游,電源供應系統,2308,台達電,2023,1,balance_sheet,每股參考淨值,74.41,74.41,sii,https://mopsov.twse.com.tw/mops/web/ajax_t163sb05
中游,電源供應系統,2301,光寶科,2023,1,cash_flow,營業活動之淨現金流入（流出）,7270658,"7,270,658",sii,https://mopsov.twse.com.tw/mops/web/ajax_t163sb20
中游,電源供應系統,2301,光寶科,2023,1,cash_flow,投資活動之淨現金流入（流出）,-8614267,"-8,614,267",sii,https://mopsov.twse.com.tw/mops/web/ajax_t163sb20
中游,電源供應系統,2301,光寶科,2023,1,cash_flow,籌資活動之淨現金流入（流出）,-11910694,"-11,910,694",sii,https://mopsov.twse.com.tw/mops/web/ajax_t163sb20
中游,電源供應系統,2301,光寶科,2023,1,cash_flow,匯率變動對現金及約當現金之影響,-136675,"-136,675",sii,https://mopsov.twse.com.tw/mops/web/ajax_t163sb20
中游,電源供應系統,2301,光寶科,2023,1,cash_flow,本期現金及約當現金增加（減少）數,-13390978,"-13,390,978",sii,https://mopsov.twse.com.tw/mops/web/ajax_t163sb20
中游,電源供應系統,2301,光寶科,2023,1,cash_flow,期初現金及約當現金餘額,91065529,"91,065,529",sii,https://mopsov.twse.com.tw/mops/web/ajax_t163sb20
中游,電源供應系統,2301,光寶科,2023,1,cash_flow,期末現金及約當現金餘額,77674551,"77,674,551",sii,https://mopsov.twse.com.tw/mops/web/ajax_t163sb20
中游,電源供應系統,2308,台達電,2023,1,cash_flow,營業活動之淨現金流入（流出）,16319757,"16,319,757",sii,https://mopsov.twse.com.tw/mops/web/ajax_t163sb20
中游,電源供應系統,2308,台達電,2023,1,cash_flow,投資活動之淨現金流入（流出）,-6905272,"-6,905,272",sii,https://mopsov.twse.com.tw/mops/web/ajax_t163sb20
中游,電源供應系統,2308,台達電,2023,1,cash_flow,籌資活動之淨現金流入（流出）,-1258255,"-1,258,255",sii,https://mopsov.twse.com.tw/mops/web/ajax_t163sb20
中游,電源供應系統,2308,台達電,2023,1,cash_flow,匯率變動對現金及約當現金之影響,-510145,"-510,145",sii,https://mopsov.twse.com.tw/mops/web/ajax_t163sb20
中游,電源供應系統,2308,台達電,2023,1,cash_flow,本期現金及約當現金增加（減少）數,7646085,"7,646,085",sii,https://mopsov.twse.com.tw/mops/web/ajax_t163sb20
中游,電源供應系統,2308,台達電,2023,1,cash_flow,期初現金及約當現金餘額,61546836,"61,546,836",sii,https://mopsov.twse.com.tw/mops/web/ajax_t163sb20
中游,電源供應系統,2308,台達電,2023,1,cash_flow,期末現金及約當現金餘額,69192921,"69,192,921",sii,https://mopsov.twse.com.tw/mops/web/ajax_t163sb20
中游,電源供應系統,2301,光寶科,2023,2,income_statement,營業收入,71467200,"71,467,200",sii,https://mopsov.twse.com.tw/mops/web/ajax_t163sb04
中游,電源供應系統,2301,光寶科,2023,2,income_statement,營業成本,56367170,"56,367,170",sii,https://mopsov.twse.com.tw/mops/web/ajax_t163sb04
中游,電源供應系統,2301,光寶科,2023,2,income_statement,原始認列生物資產及農產品之利益（損失）,,--,sii,https://mopsov.twse.com.tw/mops/web/ajax_t163sb04
中游,電源供應系統,2301,光寶科,2023,2,income_statement,生物資產當期公允價值減出售成本之變動利益（損失）,,--,sii,https://mopsov.twse.com.tw/mops/web/ajax_t163sb04
中游,電源供應系統,2301,光寶科,2023,2,income_statement,營業毛利（毛損）,15100030,"15,100,030",sii,https://mopsov.twse.com.tw/mops/web/ajax_t163sb04
中游,電源供應系統,2301,光寶科,2023,2,income_statement,未實現銷貨（損）益,,--,sii,https://mopsov.twse.com.tw/mops/web/ajax_t163sb04
中游,電源供應系統,2301,光寶科,2023,2,income_statement,已實現銷貨（損）益,,--,sii,https://mopsov.twse.com.tw/mops/web/ajax_t163sb04
中游,電源供應系統,2301,光寶科,2023,2,income_statement,營業毛利（毛損）淨額,15100030,"15,100,030",sii,https://mopsov.twse.com.tw/mops/web/ajax_t163sb04
中游,電源供應系統,2301,光寶科,2023,2,income_statement,營業費用,8621447,"8,621,447",sii,https://mopsov.twse.com.tw/mops/web/ajax_t163sb04
中游,電源供應系統,2301,光寶科,2023,2,income_statement,其他收益及費損淨額,,--,sii,https://mopsov.twse.com.tw/mops/web/ajax_t163sb04
中游,電源供應系統,2301,光寶科,2023,2,income_statement,營業利益（損失）,6478583,"6,478,583",sii,https://mopsov.twse.com.tw/mops/web/ajax_t163sb04
中游,電源供應系統,2301,光寶科,2023,2,income_statement,營業外收入及支出,1790903,"1,790,903",sii,https://mopsov.twse.com.tw/mops/web/ajax_t163sb04
中游,電源供應系統,2301,光寶科,2023,2,income_statement,稅前淨利（淨損）,8269486,"8,269,486",sii,https://mopsov.twse.com.tw/mops/web/ajax_t163sb04
中游,電源供應系統,2301,光寶科,2023,2,income_statement,所得稅費用（利益）,1695245,"1,695,245",sii,https://mopsov.twse.com.tw/mops/web/ajax_t163sb04
中游,電源供應系統,2301,光寶科,2023,2,income_statement,繼續營業單位本期淨利（淨損）,6574241,"6,574,241",sii,https://mopsov.twse.com.tw/mops/web/ajax_t163sb04
中游,電源供應系統,2301,光寶科,2023,2,income_statement,停業單位損益,,--,sii,https://mopsov.twse.com.tw/mops/web/ajax_t163sb04
中游,電源供應系統,2301,光寶科,2023,2,income_statement,合併前非屬共同控制股權損益,,--,sii,https://mopsov.twse.com.tw/mops/web/ajax_t163sb04
中游,電源供應系統,2301,光寶科,2023,2,income_statement,本期淨利（淨損）,6574241,"6,574,241",sii,https://mopsov.twse.com.tw/mops/web/ajax_t163sb04
中游,電源供應系統,2301,光寶科,2023,2,income_statement,其他綜合損益（淨額）,-229599,"-229,599",sii,https://mopsov.twse.com.tw/mops/web/ajax_t163sb04
中游,電源供應系統,2301,光寶科,2023,2,income_statement,合併前非屬共同控制股權綜合損益淨額,,--,sii,https://mopsov.twse.com.tw/mops/web/ajax_t163sb04
中游,電源供應系統,2301,光寶科,2023,2,income_statement,本期綜合損益總額,6344642,"6,344,642",sii,https://mopsov.twse.com.tw/mops/web/ajax_t163sb04
中游,電源供應系統,2301,光寶科,2023,2,income_statement,淨利（淨損）歸屬於母公司業主,6553059,"6,553,059",sii,https://mopsov.twse.com.tw/mops/web/ajax_t163sb04
中游,電源供應系統,2301,光寶科,2023,2,income_statement,淨利（淨損）歸屬於共同控制下前手權益,,--,sii,https://mopsov.twse.com.tw/mops/web/ajax_t163sb04
中游,電源供應系統,2301,光寶科,2023,2,income_statement,淨利（淨損）歸屬於非控制權益,21182,"21,182",sii,https://mopsov.twse.com.tw/mops/web/ajax_t163sb04
中游,電源供應系統,2301,光寶科,2023,2,income_statement,綜合損益總額歸屬於母公司業主,6307499,"6,307,499",sii,https://mopsov.twse.com.tw/mops/web/ajax_t163sb04
中游,電源供應系統,2301,光寶科,2023,2,income_statement,綜合損益總額歸屬於共同控制下前手權益,,--,sii,https://mopsov.twse.com.tw/mops/web/ajax_t163sb04
中游,電源供應系統,2301,光寶科,2023,2,income_statement,綜合損益總額歸屬於非控制權益,37143,"37,143",sii,https://mopsov.twse.com.tw/mops/web/ajax_t163sb04
中游,電源供應系統,2301,光寶科,2023,2,income_statement,基本每股盈餘（元）,2.86,2.86,sii,https://mopsov.twse.com.tw/mops/web/ajax_t163sb04
中游,電源供應系統,2308,台達電,2023,2,income_statement,營業收入,193410636,"193,410,636",sii,https://mopsov.twse.com.tw/mops/web/ajax_t163sb04
中游,電源供應系統,2308,台達電,2023,2,income_statement,營業成本,138472195,"138,472,195",sii,https://mopsov.twse.com.tw/mops/web/ajax_t163sb04
中游,電源供應系統,2308,台達電,2023,2,income_statement,原始認列生物資產及農產品之利益（損失）,,--,sii,https://mopsov.twse.com.tw/mops/web/ajax_t163sb04
中游,電源供應系統,2308,台達電,2023,2,income_statement,生物資產當期公允價值減出售成本之變動利益（損失）,,--,sii,https://mopsov.twse.com.tw/mops/web/ajax_t163sb04
中游,電源供應系統,2308,台達電,2023,2,income_statement,營業毛利（毛損）,54938441,"54,938,441",sii,https://mopsov.twse.com.tw/mops/web/ajax_t163sb04
中游,電源供應系統,2308,台達電,2023,2,income_statement,未實現銷貨（損）益,,--,sii,https://mopsov.twse.com.tw/mops/web/ajax_t163sb04
中游,電源供應系統,2308,台達電,2023,2,income_statement,已實現銷貨（損）益,,--,sii,https://mopsov.twse.com.tw/mops/web/ajax_t163sb04
中游,電源供應系統,2308,台達電,2023,2,income_statement,營業毛利（毛損）淨額,54938441,"54,938,441",sii,https://mopsov.twse.com.tw/mops/web/ajax_t163sb04
中游,電源供應系統,2308,台達電,2023,2,income_statement,營業費用,36249237,"36,249,237",sii,https://mopsov.twse.com.tw/mops/web/ajax_t163sb04
中游,電源供應系統,2308,台達電,2023,2,income_statement,其他收益及費損淨額,,--,sii,https://mopsov.twse.com.tw/mops/web/ajax_t163sb04
中游,電源供應系統,2308,台達電,2023,2,income_statement,營業利益（損失）,18689204,"18,689,204",sii,https://mopsov.twse.com.tw/mops/web/ajax_t163sb04
中游,電源供應系統,2308,台達電,2023,2,income_statement,營業外收入及支出,3218171,"3,218,171",sii,https://mopsov.twse.com.tw/mops/web/ajax_t163sb04
中游,電源供應系統,2308,台達電,2023,2,income_statement,稅前淨利（淨損）,21907375,"21,907,375",sii,https://mopsov.twse.com.tw/mops/web/ajax_t163sb04
中游,電源供應系統,2308,台達電,2023,2,income_statement,所得稅費用（利益）,4413105,"4,413,105",sii,https://mopsov.twse.com.tw/mops/web/ajax_t163sb04
中游,電源供應系統,2308,台達電,2023,2,income_statement,繼續營業單位本期淨利（淨損）,17494270,"17,494,270",sii,https://mopsov.twse.com.tw/mops/web/ajax_t163sb04
中游,電源供應系統,2308,台達電,2023,2,income_statement,停業單位損益,,--,sii,https://mopsov.twse.com.tw/mops/web/ajax_t163sb04
中游,電源供應系統,2308,台達電,2023,2,income_statement,合併前非屬共同控制股權損益,,--,sii,https://mopsov.twse.com.tw/mops/web/ajax_t163sb04
中游,電源供應系統,2308,台達電,2023,2,income_statement,本期淨利（淨損）,17494270,"17,494,270",sii,https://mopsov.twse.com.tw/mops/web/ajax_t163sb04
中游,電源供應系統,2308,台達電,2023,2,income_statement,其他綜合損益（淨額）,1002406,"1,002,406",sii,https://mopsov.twse.com.tw/mops/web/ajax_t163sb04
中游,電源供應系統,2308,台達電,2023,2,income_statement,合併前非屬共同控制股權綜合損益淨額,,--,sii,https://mopsov.twse.com.tw/mops/web/ajax_t163sb04
中游,電源供應系統,2308,台達電,2023,2,income_statement,本期綜合損益總額,18496676,"18,496,676",sii,https://mopsov.twse.com.tw/mops/web/ajax_t163sb04
中游,電源供應系統,2308,台達電,2023,2,income_statement,淨利（淨損）歸屬於母公司業主,15056991,"15,056,991",sii,https://mopsov.twse.com.tw/mops/web/ajax_t163sb04
中游,電源供應系統,2308,台達電,2023,2,income_statement,淨利（淨損）歸屬於共同控制下前手權益,,--,sii,https://mopsov.twse.com.tw/mops/web/ajax_t163sb04
中游,電源供應系統,2308,台達電,2023,2,income_statement,淨利（淨損）歸屬於非控制權益,2437279,"2,437,279",sii,https://mopsov.twse.com.tw/mops/web/ajax_t163sb04
中游,電源供應系統,2308,台達電,2023,2,income_statement,綜合損益總額歸屬於母公司業主,15892752,"15,892,752",sii,https://mopsov.twse.com.tw/mops/web/ajax_t163sb04
中游,電源供應系統,2308,台達電,2023,2,income_statement,綜合損益總額歸屬於共同控制下前手權益,,--,sii,https://mopsov.twse.com.tw/mops/web/ajax_t163sb04
中游,電源供應系統,2308,台達電,2023,2,income_statement,綜合損益總額歸屬於非控制權益,2603924,"2,603,924",sii,https://mopsov.twse.com.tw/mops/web/ajax_t163sb04
中游,電源供應系統,2308,台達電,2023,2,income_statement,基本每股盈餘（元）,5.8,5.80,sii,https://mopsov.twse.com.tw/mops/web/ajax_t163sb04
中游,電源供應系統,2301,光寶科,2023,2,balance_sheet,流動資產,153330223,"153,330,223",sii,https://mopsov.twse.com.tw/mops/web/ajax_t163sb05
中游,電源供應系統,2301,光寶科,2023,2,balance_sheet,非流動資產,33629934,"33,629,934",sii,https://mopsov.twse.com.tw/mops/web/ajax_t163sb05
中游,電源供應系統,2301,光寶科,2023,2,balance_sheet,資產總計,186960157,"186,960,157",sii,https://mopsov.twse.com.tw/mops/web/ajax_t163sb05
中游,電源供應系統,2301,光寶科,2023,2,balance_sheet,流動負債,99452031,"99,452,031",sii,https://mopsov.twse.com.tw/mops/web/ajax_t163sb05
中游,電源供應系統,2301,光寶科,2023,2,balance_sheet,非流動負債,5823314,"5,823,314",sii,https://mopsov.twse.com.tw/mops/web/ajax_t163sb05
中游,電源供應系統,2301,光寶科,2023,2,balance_sheet,負債總計,105275345,"105,275,345",sii,https://mopsov.twse.com.tw/mops/web/ajax_t163sb05
中游,電源供應系統,2301,光寶科,2023,2,balance_sheet,股本,23683522,"23,683,522",sii,https://mopsov.twse.com.tw/mops/web/ajax_t163sb05
中游,電源供應系統,2301,光寶科,2023,2,balance_sheet,權益─具證券性質之虛擬通貨,,--,sii,https://mopsov.twse.com.tw/mops/web/ajax_t163sb05
中游,電源供應系統,2301,光寶科,2023,2,balance_sheet,資本公積,23117644,"23,117,644",sii,https://mopsov.twse.com.tw/mops/web/ajax_t163sb05
中游,電源供應系統,2301,光寶科,2023,2,balance_sheet,保留盈餘,41386254,"41,386,254",sii,https://mopsov.twse.com.tw/mops/web/ajax_t163sb05
中游,電源供應系統,2301,光寶科,2023,2,balance_sheet,其他權益,-3701921,"-3,701,921",sii,https://mopsov.twse.com.tw/mops/web/ajax_t163sb05
中游,電源供應系統,2301,光寶科,2023,2,balance_sheet,庫藏股票,-3445820,"-3,445,820",sii,https://mopsov.twse.com.tw/mops/web/ajax_t163sb05
中游,電源供應系統,2301,光寶科,2023,2,balance_sheet,歸屬於母公司業主之權益合計,81039679,"81,039,679",sii,https://mopsov.twse.com.tw/mops/web/ajax_t163sb05
中游,電源供應系統,2301,光寶科,2023,2,balance_sheet,共同控制下前手權益,,--,sii,https://mopsov.twse.com.tw/mops/web/ajax_t163sb05
中游,電源供應系統,2301,光寶科,2023,2,balance_sheet,合併前非屬共同控制股權,,--,sii,https://mopsov.twse.com.tw/mops/web/ajax_t163sb05
中游,電源供應系統,2301,光寶科,2023,2,balance_sheet,非控制權益,645133,"645,133",sii,https://mopsov.twse.com.tw/mops/web/ajax_t163sb05
中游,電源供應系統,2301,光寶科,2023,2,balance_sheet,權益總計,81684812,"81,684,812",sii,https://mopsov.twse.com.tw/mops/web/ajax_t163sb05
中游,電源供應系統,2301,光寶科,2023,2,balance_sheet,待註銷股本股數（單位：股）,,--,sii,https://mopsov.twse.com.tw/mops/web/ajax_t163sb05
中游,電源供應系統,2301,光寶科,2023,2,balance_sheet,預收股款（權益項下）之約當發行股數（單位：股）,0,0,sii,https://mopsov.twse.com.tw/mops/web/ajax_t163sb05
中游,電源供應系統,2301,光寶科,2023,2,balance_sheet,母公司暨子公司所持有之母公司庫藏股股數（單位：股）,62120090,"62,120,090",sii,https://mopsov.twse.com.tw/mops/web/ajax_t163sb05
中游,電源供應系統,2301,光寶科,2023,2,balance_sheet,每股參考淨值,35.14,35.14,sii,https://mopsov.twse.com.tw/mops/web/ajax_t163sb05
中游,電源供應系統,2308,台達電,2023,2,balance_sheet,流動資產,251417357,"251,417,357",sii,https://mopsov.twse.com.tw/mops/web/ajax_t163sb05
中游,電源供應系統,2308,台達電,2023,2,balance_sheet,非流動資產,190311490,"190,311,490",sii,https://mopsov.twse.com.tw/mops/web/ajax_t163sb05
中游,電源供應系統,2308,台達電,2023,2,balance_sheet,資產總計,441728847,"441,728,847",sii,https://mopsov.twse.com.tw/mops/web/ajax_t163sb05
中游,電源供應系統,2308,台達電,2023,2,balance_sheet,流動負債,148725661,"148,725,661",sii,https://mopsov.twse.com.tw/mops/web/ajax_t163sb05
中游,電源供應系統,2308,台達電,2023,2,balance_sheet,非流動負債,75845888,"75,845,888",sii,https://mopsov.twse.com.tw/mops/web/ajax_t163sb05
中游,電源供應系統,2308,台達電,2023,2,balance_sheet,負債總計,224571549,"224,571,549",sii,https://mopsov.twse.com.tw/mops/web/ajax_t163sb05
中游,電源供應系統,2308,台達電,2023,2,balance_sheet,股本,25975433,"25,975,433",sii,https://mopsov.twse.com.tw/mops/web/ajax_t163sb05
中游,電源供應系統,2308,台達電,2023,2,balance_sheet,權益─具證券性質之虛擬通貨,,--,sii,https://mopsov.twse.com.tw/mops/web/ajax_t163sb05
中游,電源供應系統,2308,台達電,2023,2,balance_sheet,資本公積,49404548,"49,404,548",sii,https://mopsov.twse.com.tw/mops/web/ajax_t163sb05
中游,電源供應系統,2308,台達電,2023,2,balance_sheet,保留盈餘,103976877,"103,976,877",sii,https://mopsov.twse.com.tw/mops/web/ajax_t163sb05
中游,電源供應系統,2308,台達電,2023,2,balance_sheet,其他權益,-2152244,"-2,152,244",sii,https://mopsov.twse.com.tw/mops/web/ajax_t163sb05
中游,電源供應系統,2308,台達電,2023,2,balance_sheet,庫藏股票,,--,sii,https://mopsov.twse.com.tw/mops/web/ajax_t163sb05
中游,電源供應系統,2308,台達電,2023,2,balance_sheet,歸屬於母公司業主之權益合計,177204614,"177,204,614",sii,https://mopsov.twse.com.tw/mops/web/ajax_t163sb05
中游,電源供應系統,2308,台達電,2023,2,balance_sheet,共同控制下前手權益,,--,sii,https://mopsov.twse.com.tw/mops/web/ajax_t163sb05
中游,電源供應系統,2308,台達電,2023,2,balance_sheet,合併前非屬共同控制股權,,--,sii,https://mopsov.twse.com.tw/mops/web/ajax_t163sb05
中游,電源供應系統,2308,台達電,2023,2,balance_sheet,非控制權益,39952684,"39,952,684",sii,https://mopsov.twse.com.tw/mops/web/ajax_t163sb05
中游,電源供應系統,2308,台達電,2023,2,balance_sheet,權益總計,217157298,"217,157,298",sii,https://mopsov.twse.com.tw/mops/web/ajax_t163sb05
中游,電源供應系統,2308,台達電,2023,2,balance_sheet,待註銷股本股數（單位：股）,,--,sii,https://mopsov.twse.com.tw/mops/web/ajax_t163sb05
中游,電源供應系統,2308,台達電,2023,2,balance_sheet,預收股款（權益項下）之約當發行股數（單位：股）,0,0,sii,https://mopsov.twse.com.tw/mops/web/ajax_t163sb05
中游,電源供應系統,2308,台達電,2023,2,balance_sheet,母公司暨子公司所持有之母公司庫藏股股數（單位：股）,0,0,sii,https://mopsov.twse.com.tw/mops/web/ajax_t163sb05
中游,電源供應系統,2308,台達電,2023,2,balance_sheet,每股參考淨值,68.22,68.22,sii,https://mopsov.twse.com.tw/mops/web/ajax_t163sb05
中游,電源供應系統,2301,光寶科,2023,2,cash_flow,營業活動之淨現金流入（流出）,10755547,"10,755,547",sii,https://mopsov.twse.com.tw/mops/web/ajax_t163sb20
中游,電源供應系統,2301,光寶科,2023,2,cash_flow,投資活動之淨現金流入（流出）,-8020823,"-8,020,823",sii,https://mopsov.twse.com.tw/mops/web/ajax_t163sb20
中游,電源供應系統,2301,光寶科,2023,2,cash_flow,籌資活動之淨現金流入（流出）,-9581380,"-9,581,380",sii,https://mopsov.twse.com.tw/mops/web/ajax_t163sb20
中游,電源供應系統,2301,光寶科,2023,2,cash_flow,匯率變動對現金及約當現金之影響,-507416,"-507,416",sii,https://mopsov.twse.com.tw/mops/web/ajax_t163sb20
中游,電源供應系統,2301,光寶科,2023,2,cash_flow,本期現金及約當現金增加（減少）數,-7354072,"-7,354,072",sii,https://mopsov.twse.com.tw/mops/web/ajax_t163sb20
中游,電源供應系統,2301,光寶科,2023,2,cash_flow,期初現金及約當現金餘額,91065529,"91,065,529",sii,https://mopsov.twse.com.tw/mops/web/ajax_t163sb20
中游,電源供應系統,2301,光寶科,2023,2,cash_flow,期末現金及約當現金餘額,83711457,"83,711,457",sii,https://mopsov.twse.com.tw/mops/web/ajax_t163sb20
中游,電源供應系統,2308,台達電,2023,2,cash_flow,營業活動之淨現金流入（流出）,31428482,"31,428,482",sii,https://mopsov.twse.com.tw/mops/web/ajax_t163sb20
中游,電源供應系統,2308,台達電,2023,2,cash_flow,投資活動之淨現金流入（流出）,-13284622,"-13,284,622",sii,https://mopsov.twse.com.tw/mops/web/ajax_t163sb20
中游,電源供應系統,2308,台達電,2023,2,cash_flow,籌資活動之淨現金流入（流出）,-3712908,"-3,712,908",sii,https://mopsov.twse.com.tw/mops/web/ajax_t163sb20
中游,電源供應系統,2308,台達電,2023,2,cash_flow,匯率變動對現金及約當現金之影響,-608439,"-608,439",sii,https://mopsov.twse.com.tw/mops/web/ajax_t163sb20
中游,電源供應系統,2308,台達電,2023,2,cash_flow,本期現金及約當現金增加（減少）數,13822513,"13,822,513",sii,https://mopsov.twse.com.tw/mops/web/ajax_t163sb20
中游,電源供應系統,2308,台達電,2023,2,cash_flow,期初現金及約當現金餘額,61546836,"61,546,836",sii,https://mopsov.twse.com.tw/mops/web/ajax_t163sb20
中游,電源供應系統,2308,台達電,2023,2,cash_flow,期末現金及約當現金餘額,75369349,"75,369,349",sii,https://mopsov.twse.com.tw/mops/web/ajax_t163sb20
中游,電源供應系統,2301,光寶科,2023,3,income_statement,營業收入,111424424,"111,424,424",sii,https://mopsov.twse.com.tw/mops/web/ajax_t163sb04
中游,電源供應系統,2301,光寶科,2023,3,income_statement,營業成本,86892867,"86,892,867",sii,https://mopsov.twse.com.tw/mops/web/ajax_t163sb04
中游,電源供應系統,2301,光寶科,2023,3,income_statement,原始認列生物資產及農產品之利益（損失）,,--,sii,https://mopsov.twse.com.tw/mops/web/ajax_t163sb04
中游,電源供應系統,2301,光寶科,2023,3,income_statement,生物資產當期公允價值減出售成本之變動利益（損失）,,--,sii,https://mopsov.twse.com.tw/mops/web/ajax_t163sb04
中游,電源供應系統,2301,光寶科,2023,3,income_statement,營業毛利（毛損）,24531557,"24,531,557",sii,https://mopsov.twse.com.tw/mops/web/ajax_t163sb04
中游,電源供應系統,2301,光寶科,2023,3,income_statement,未實現銷貨（損）益,,--,sii,https://mopsov.twse.com.tw/mops/web/ajax_t163sb04
中游,電源供應系統,2301,光寶科,2023,3,income_statement,已實現銷貨（損）益,,--,sii,https://mopsov.twse.com.tw/mops/web/ajax_t163sb04
中游,電源供應系統,2301,光寶科,2023,3,income_statement,營業毛利（毛損）淨額,24531557,"24,531,557",sii,https://mopsov.twse.com.tw/mops/web/ajax_t163sb04
中游,電源供應系統,2301,光寶科,2023,3,income_statement,營業費用,13432968,"13,432,968",sii,https://mopsov.twse.com.tw/mops/web/ajax_t163sb04
中游,電源供應系統,2301,光寶科,2023,3,income_statement,其他收益及費損淨額,,--,sii,https://mopsov.twse.com.tw/mops/web/ajax_t163sb04
中游,電源供應系統,2301,光寶科,2023,3,income_statement,營業利益（損失）,11098589,"11,098,589",sii,https://mopsov.twse.com.tw/mops/web/ajax_t163sb04
中游,電源供應系統,2301,光寶科,2023,3,income_statement,營業外收入及支出,2915143,"2,915,143",sii,https://mopsov.twse.com.tw/mops/web/ajax_t163sb04
中游,電源供應系統,2301,光寶科,2023,3,income_statement,稅前淨利（淨損）,14013732,"14,013,732",sii,https://mopsov.twse.com.tw/mops/web/ajax_t163sb04
中游,電源供應系統,2301,光寶科,2023,3,income_statement,所得稅費用（利益）,2872815,"2,872,815",sii,https://mopsov.twse.com.tw/mops/web/ajax_t163sb04
中游,電源供應系統,2301,光寶科,2023,3,income_statement,繼續營業單位本期淨利（淨損）,11140917,"11,140,917",sii,https://mopsov.twse.com.tw/mops/web/ajax_t163sb04
中游,電源供應系統,2301,光寶科,2023,3,income_statement,停業單位損益,,--,sii,https://mopsov.twse.com.tw/mops/web/ajax_t163sb04
中游,電源供應系統,2301,光寶科,2023,3,income_statement,合併前非屬共同控制股權損益,,--,sii,https://mopsov.twse.com.tw/mops/web/ajax_t163sb04
中游,電源供應系統,2301,光寶科,2023,3,income_statement,本期淨利（淨損）,11140917,"11,140,917",sii,https://mopsov.twse.com.tw/mops/web/ajax_t163sb04
中游,電源供應系統,2301,光寶科,2023,3,income_statement,其他綜合損益（淨額）,2436770,"2,436,770",sii,https://mopsov.twse.com.tw/mops/web/ajax_t163sb04
中游,電源供應系統,2301,光寶科,2023,3,income_statement,合併前非屬共同控制股權綜合損益淨額,,--,sii,https://mopsov.twse.com.tw/mops/web/ajax_t163sb04
中游,電源供應系統,2301,光寶科,2023,3,income_statement,本期綜合損益總額,13577687,"13,577,687",sii,https://mopsov.twse.com.tw/mops/web/ajax_t163sb04
中游,電源供應系統,2301,光寶科,2023,3,income_statement,淨利（淨損）歸屬於母公司業主,11110767,"11,110,767",sii,https://mopsov.twse.com.tw/mops/web/ajax_t163sb04
中游,電源供應系統,2301,光寶科,2023,3,income_statement,淨利（淨損）歸屬於共同控制下前手權益,,--,sii,https://mopsov.twse.com.tw/mops/web/ajax_t163sb04
中游,電源供應系統,2301,光寶科,2023,3,income_statement,淨利（淨損）歸屬於非控制權益,30150,"30,150",sii,https://mopsov.twse.com.tw/mops/web/ajax_t163sb04
中游,電源供應系統,2301,光寶科,2023,3,income_statement,綜合損益總額歸屬於母公司業主,13515133,"13,515,133",sii,https://mopsov.twse.com.tw/mops/web/ajax_t163sb04
中游,電源供應系統,2301,光寶科,2023,3,income_statement,綜合損益總額歸屬於共同控制下前手權益,,--,sii,https://mopsov.twse.com.tw/mops/web/ajax_t163sb04
中游,電源供應系統,2301,光寶科,2023,3,income_statement,綜合損益總額歸屬於非控制權益,62554,"62,554",sii,https://mopsov.twse.com.tw/mops/web/ajax_t163sb04
中游,電源供應系統,2301,光寶科,2023,3,income_statement,基本每股盈餘（元）,4.86,4.86,sii,https://mopsov.twse.com.tw/mops/web/ajax_t163sb04
中游,電源供應系統,2308,台達電,2023,3,income_statement,營業收入,301206071,"301,206,071",sii,https://mopsov.twse.com.tw/mops/web/ajax_t163sb04
中游,電源供應系統,2308,台達電,2023,3,income_statement,營業成本,214397903,"214,397,903",sii,https://mopsov.twse.com.tw/mops/web/ajax_t163sb04
中游,電源供應系統,2308,台達電,2023,3,income_statement,原始認列生物資產及農產品之利益（損失）,,--,sii,https://mopsov.twse.com.tw/mops/web/ajax_t163sb04
中游,電源供應系統,2308,台達電,2023,3,income_statement,生物資產當期公允價值減出售成本之變動利益（損失）,,--,sii,https://mopsov.twse.com.tw/mops/web/ajax_t163sb04
中游,電源供應系統,2308,台達電,2023,3,income_statement,營業毛利（毛損）,86808168,"86,808,168",sii,https://mopsov.twse.com.tw/mops/web/ajax_t163sb04
中游,電源供應系統,2308,台達電,2023,3,income_statement,未實現銷貨（損）益,,--,sii,https://mopsov.twse.com.tw/mops/web/ajax_t163sb04
中游,電源供應系統,2308,台達電,2023,3,income_statement,已實現銷貨（損）益,,--,sii,https://mopsov.twse.com.tw/mops/web/ajax_t163sb04
中游,電源供應系統,2308,台達電,2023,3,income_statement,營業毛利（毛損）淨額,86808168,"86,808,168",sii,https://mopsov.twse.com.tw/mops/web/ajax_t163sb04
中游,電源供應系統,2308,台達電,2023,3,income_statement,營業費用,56221884,"56,221,884",sii,https://mopsov.twse.com.tw/mops/web/ajax_t163sb04
中游,電源供應系統,2308,台達電,2023,3,income_statement,其他收益及費損淨額,,--,sii,https://mopsov.twse.com.tw/mops/web/ajax_t163sb04
中游,電源供應系統,2308,台達電,2023,3,income_statement,營業利益（損失）,30586284,"30,586,284",sii,https://mopsov.twse.com.tw/mops/web/ajax_t163sb04
中游,電源供應系統,2308,台達電,2023,3,income_statement,營業外收入及支出,5092021,"5,092,021",sii,https://mopsov.twse.com.tw/mops/web/ajax_t163sb04
中游,電源供應系統,2308,台達電,2023,3,income_statement,稅前淨利（淨損）,35678305,"35,678,305",sii,https://mopsov.twse.com.tw/mops/web/ajax_t163sb04
中游,電源供應系統,2308,台達電,2023,3,income_statement,所得稅費用（利益）,7154287,"7,154,287",sii,https://mopsov.twse.com.tw/mops/web/ajax_t163sb04
中游,電源供應系統,2308,台達電,2023,3,income_statement,繼續營業單位本期淨利（淨損）,28524018,"28,524,018",sii,https://mopsov.twse.com.tw/mops/web/ajax_t163sb04
中游,電源供應系統,2308,台達電,2023,3,income_statement,停業單位損益,,--,sii,https://mopsov.twse.com.tw/mops/web/ajax_t163sb04
中游,電源供應系統,2308,台達電,2023,3,income_statement,合併前非屬共同控制股權損益,,--,sii,https://mopsov.twse.com.tw/mops/web/ajax_t163sb04
中游,電源供應系統,2308,台達電,2023,3,income_statement,本期淨利（淨損）,28524018,"28,524,018",sii,https://mopsov.twse.com.tw/mops/web/ajax_t163sb04
中游,電源供應系統,2308,台達電,2023,3,income_statement,其他綜合損益（淨額）,7521889,"7,521,889",sii,https://mopsov.twse.com.tw/mops/web/ajax_t163sb04
中游,電源供應系統,2308,台達電,2023,3,income_statement,合併前非屬共同控制股權綜合損益淨額,,--,sii,https://mopsov.twse.com.tw/mops/web/ajax_t163sb04
中游,電源供應系統,2308,台達電,2023,3,income_statement,本期綜合損益總額,36045907,"36,045,907",sii,https://mopsov.twse.com.tw/mops/web/ajax_t163sb04
中游,電源供應系統,2308,台達電,2023,3,income_statement,淨利（淨損）歸屬於母公司業主,24419495,"24,419,495",sii,https://mopsov.twse.com.tw/mops/web/ajax_t163sb04
中游,電源供應系統,2308,台達電,2023,3,income_statement,淨利（淨損）歸屬於共同控制下前手權益,,--,sii,https://mopsov.twse.com.tw/mops/web/ajax_t163sb04
中游,電源供應系統,2308,台達電,2023,3,income_statement,淨利（淨損）歸屬於非控制權益,4104523,"4,104,523",sii,https://mopsov.twse.com.tw/mops/web/ajax_t163sb04
中游,電源供應系統,2308,台達電,2023,3,income_statement,綜合損益總額歸屬於母公司業主,30694543,"30,694,543",sii,https://mopsov.twse.com.tw/mops/web/ajax_t163sb04
中游,電源供應系統,2308,台達電,2023,3,income_statement,綜合損益總額歸屬於共同控制下前手權益,,--,sii,https://mopsov.twse.com.tw/mops/web/ajax_t163sb04
中游,電源供應系統,2308,台達電,2023,3,income_statement,綜合損益總額歸屬於非控制權益,5351364,"5,351,364",sii,https://mopsov.twse.com.tw/mops/web/ajax_t163sb04
中游,電源供應系統,2308,台達電,2023,3,income_statement,基本每股盈餘（元）,9.4,9.40,sii,https://mopsov.twse.com.tw/mops/web/ajax_t163sb04
中游,電源供應系統,2301,光寶科,2023,3,balance_sheet,流動資產,167110944,"167,110,944",sii,https://mopsov.twse.com.tw/mops/web/ajax_t163sb05
中游,電源供應系統,2301,光寶科,2023,3,balance_sheet,非流動資產,33346993,"33,346,993",sii,https://mopsov.twse.com.tw/mops/web/ajax_t163sb05
中游,電源供應系統,2301,光寶科,2023,3,balance_sheet,資產總計,200457937,"200,457,937",sii,https://mopsov.twse.com.tw/mops/web/ajax_t163sb05
中游,電源供應系統,2301,光寶科,2023,3,balance_sheet,流動負債,109929257,"109,929,257",sii,https://mopsov.twse.com.tw/mops/web/ajax_t163sb05
中游,電源供應系統,2301,光寶科,2023,3,balance_sheet,非流動負債,6018631,"6,018,631",sii,https://mopsov.twse.com.tw/mops/web/ajax_t163sb05
中游,電源供應系統,2301,光寶科,2023,3,balance_sheet,負債總計,115947888,"115,947,888",sii,https://mopsov.twse.com.tw/mops/web/ajax_t163sb05
中游,電源供應系統,2301,光寶科,2023,3,balance_sheet,股本,23682458,"23,682,458",sii,https://mopsov.twse.com.tw/mops/web/ajax_t163sb05
中游,電源供應系統,2301,光寶科,2023,3,balance_sheet,權益─具證券性質之虛擬通貨,,--,sii,https://mopsov.twse.com.tw/mops/web/ajax_t163sb05
中游,電源供應系統,2301,光寶科,2023,3,balance_sheet,資本公積,23168789,"23,168,789",sii,https://mopsov.twse.com.tw/mops/web/ajax_t163sb05
中游,電源供應系統,2301,光寶科,2023,3,balance_sheet,保留盈餘,41287790,"41,287,790",sii,https://mopsov.twse.com.tw/mops/web/ajax_t163sb05
中游,電源供應系統,2301,光寶科,2023,3,balance_sheet,其他權益,-854472,"-854,472",sii,https://mopsov.twse.com.tw/mops/web/ajax_t163sb05
中游,電源供應系統,2301,光寶科,2023,3,balance_sheet,庫藏股票,-3445820,"-3,445,820",sii,https://mopsov.twse.com.tw/mops/web/ajax_t163sb05
中游,電源供應系統,2301,光寶科,2023,3,balance_sheet,歸屬於母公司業主之權益合計,83838745,"83,838,745",sii,https://mopsov.twse.com.tw/mops/web/ajax_t163sb05
中游,電源供應系統,2301,光寶科,2023,3,balance_sheet,共同控制下前手權益,,--,sii,https://mopsov.twse.com.tw/mops/web/ajax_t163sb05
中游,電源供應系統,2301,光寶科,2023,3,balance_sheet,合併前非屬共同控制股權,,--,sii,https://mopsov.twse.com.tw/mops/web/ajax_t163sb05
中游,電源供應系統,2301,光寶科,2023,3,balance_sheet,非控制權益,671304,"671,304",sii,https://mopsov.twse.com.tw/mops/web/ajax_t163sb05
中游,電源供應系統,2301,光寶科,2023,3,balance_sheet,權益總計,84510049,"84,510,049",sii,https://mopsov.twse.com.tw/mops/web/ajax_t163sb05
中游,電源供應系統,2301,光寶科,2023,3,balance_sheet,待註銷股本股數（單位：股）,,--,sii,https://mopsov.twse.com.tw/mops/web/ajax_t163sb05
中游,電源供應系統,2301,光寶科,2023,3,balance_sheet,預收股款（權益項下）之約當發行股數（單位：股）,0,0,sii,https://mopsov.twse.com.tw/mops/web/ajax_t163sb05
中游,電源供應系統,2301,光寶科,2023,3,balance_sheet,母公司暨子公司所持有之母公司庫藏股股數（單位：股）,62120090,"62,120,090",sii,https://mopsov.twse.com.tw/mops/web/ajax_t163sb05
中游,電源供應系統,2301,光寶科,2023,3,balance_sheet,每股參考淨值,36.35,36.35,sii,https://mopsov.twse.com.tw/mops/web/ajax_t163sb05
中游,電源供應系統,2308,台達電,2023,3,balance_sheet,流動資產,258890787,"258,890,787",sii,https://mopsov.twse.com.tw/mops/web/ajax_t163sb05
中游,電源供應系統,2308,台達電,2023,3,balance_sheet,非流動資產,202216902,"202,216,902",sii,https://mopsov.twse.com.tw/mops/web/ajax_t163sb05
中游,電源供應系統,2308,台達電,2023,3,balance_sheet,資產總計,461107689,"461,107,689",sii,https://mopsov.twse.com.tw/mops/web/ajax_t163sb05
中游,電源供應系統,2308,台達電,2023,3,balance_sheet,流動負債,128339648,"128,339,648",sii,https://mopsov.twse.com.tw/mops/web/ajax_t163sb05
中游,電源供應系統,2308,台達電,2023,3,balance_sheet,非流動負債,92172914,"92,172,914",sii,https://mopsov.twse.com.tw/mops/web/ajax_t163sb05
中游,電源供應系統,2308,台達電,2023,3,balance_sheet,負債總計,220512562,"220,512,562",sii,https://mopsov.twse.com.tw/mops/web/ajax_t163sb05
中游,電源供應系統,2308,台達電,2023,3,balance_sheet,股本,25975433,"25,975,433",sii,https://mopsov.twse.com.tw/mops/web/ajax_t163sb05
中游,電源供應系統,2308,台達電,2023,3,balance_sheet,權益─具證券性質之虛擬通貨,,--,sii,https://mopsov.twse.com.tw/mops/web/ajax_t163sb05
中游,電源供應系統,2308,台達電,2023,3,balance_sheet,資本公積,54688468,"54,688,468",sii,https://mopsov.twse.com.tw/mops/web/ajax_t163sb05
中游,電源供應系統,2308,台達電,2023,3,balance_sheet,保留盈餘,113337935,"113,337,935",sii,https://mopsov.twse.com.tw/mops/web/ajax_t163sb05
中游,電源供應系統,2308,台達電,2023,3,balance_sheet,其他權益,3481388,"3,481,388",sii,https://mopsov.twse.com.tw/mops/web/ajax_t163sb05
中游,電源供應系統,2308,台達電,2023,3,balance_sheet,庫藏股票,,--,sii,https://mopsov.twse.com.tw/mops/web/ajax_t163sb05
中游,電源供應系統,2308,台達電,2023,3,balance_sheet,歸屬於母公司業主之權益合計,197483224,"197,483,224",sii,https://mopsov.twse.com.tw/mops/web/ajax_t163sb05
中游,電源供應系統,2308,台達電,2023,3,balance_sheet,共同控制下前手權益,,--,sii,https://mopsov.twse.com.tw/mops/web/ajax_t163sb05
中游,電源供應系統,2308,台達電,2023,3,balance_sheet,合併前非屬共同控制股權,,--,sii,https://mopsov.twse.com.tw/mops/web/ajax_t163sb05
中游,電源供應系統,2308,台達電,2023,3,balance_sheet,非控制權益,43111903,"43,111,903",sii,https://mopsov.twse.com.tw/mops/web/ajax_t163sb05
中游,電源供應系統,2308,台達電,2023,3,balance_sheet,權益總計,240595127,"240,595,127",sii,https://mopsov.twse.com.tw/mops/web/ajax_t163sb05
中游,電源供應系統,2308,台達電,2023,3,balance_sheet,待註銷股本股數（單位：股）,,--,sii,https://mopsov.twse.com.tw/mops/web/ajax_t163sb05
中游,電源供應系統,2308,台達電,2023,3,balance_sheet,預收股款（權益項下）之約當發行股數（單位：股）,0,0,sii,https://mopsov.twse.com.tw/mops/web/ajax_t163sb05
中游,電源供應系統,2308,台達電,2023,3,balance_sheet,母公司暨子公司所持有之母公司庫藏股股數（單位：股）,0,0,sii,https://mopsov.twse.com.tw/mops/web/ajax_t163sb05
中游,電源供應系統,2308,台達電,2023,3,balance_sheet,每股參考淨值,76.03,76.03,sii,https://mopsov.twse.com.tw/mops/web/ajax_t163sb05
中游,電源供應系統,2301,光寶科,2023,3,cash_flow,營業活動之淨現金流入（流出）,17845611,"17,845,611",sii,https://mopsov.twse.com.tw/mops/web/ajax_t163sb20
中游,電源供應系統,2301,光寶科,2023,3,cash_flow,投資活動之淨現金流入（流出）,-3462190,"-3,462,190",sii,https://mopsov.twse.com.tw/mops/web/ajax_t163sb20
中游,電源供應系統,2301,光寶科,2023,3,cash_flow,籌資活動之淨現金流入（流出）,-12555056,"-12,555,056",sii,https://mopsov.twse.com.tw/mops/web/ajax_t163sb20
中游,電源供應系統,2301,光寶科,2023,3,cash_flow,匯率變動對現金及約當現金之影響,2251655,"2,251,655",sii,https://mopsov.twse.com.tw/mops/web/ajax_t163sb20
中游,電源供應系統,2301,光寶科,2023,3,cash_flow,本期現金及約當現金增加（減少）數,4080020,"4,080,020",sii,https://mopsov.twse.com.tw/mops/web/ajax_t163sb20
中游,電源供應系統,2301,光寶科,2023,3,cash_flow,期初現金及約當現金餘額,91065529,"91,065,529",sii,https://mopsov.twse.com.tw/mops/web/ajax_t163sb20
中游,電源供應系統,2301,光寶科,2023,3,cash_flow,期末現金及約當現金餘額,95145549,"95,145,549",sii,https://mopsov.twse.com.tw/mops/web/ajax_t163sb20
中游,電源供應系統,2308,台達電,2023,3,cash_flow,營業活動之淨現金流入（流出）,46662488,"46,662,488",sii,https://mopsov.twse.com.tw/mops/web/ajax_t163sb20
中游,電源供應系統,2308,台達電,2023,3,cash_flow,投資活動之淨現金流入（流出）,-27346372,"-27,346,372",sii,https://mopsov.twse.com.tw/mops/web/ajax_t163sb20
中游,電源供應系統,2308,台達電,2023,3,cash_flow,籌資活動之淨現金流入（流出）,-14526027,"-14,526,027",sii,https://mopsov.twse.com.tw/mops/web/ajax_t163sb20
中游,電源供應系統,2308,台達電,2023,3,cash_flow,匯率變動對現金及約當現金之影響,3669580,"3,669,580",sii,https://mopsov.twse.com.tw/mops/web/ajax_t163sb20
中游,電源供應系統,2308,台達電,2023,3,cash_flow,本期現金及約當現金增加（減少）數,8459669,"8,459,669",sii,https://mopsov.twse.com.tw/mops/web/ajax_t163sb20
中游,電源供應系統,2308,台達電,2023,3,cash_flow,期初現金及約當現金餘額,61546836,"61,546,836",sii,https://mopsov.twse.com.tw/mops/web/ajax_t163sb20
中游,電源供應系統,2308,台達電,2023,3,cash_flow,期末現金及約當現金餘額,70006505,"70,006,505",sii,https://mopsov.twse.com.tw/mops/web/ajax_t163sb20
中游,電源供應系統,2301,光寶科,2023,4,income_statement,營業收入,148333455,"148,333,455",sii,https://mopsov.twse.com.tw/mops/web/ajax_t163sb04
中游,電源供應系統,2301,光寶科,2023,4,income_statement,營業成本,115665373,"115,665,373",sii,https://mopsov.twse.com.tw/mops/web/ajax_t163sb04
中游,電源供應系統,2301,光寶科,2023,4,income_statement,原始認列生物資產及農產品之利益（損失）,,--,sii,https://mopsov.twse.com.tw/mops/web/ajax_t163sb04
中游,電源供應系統,2301,光寶科,2023,4,income_statement,生物資產當期公允價值減出售成本之變動利益（損失）,,--,sii,https://mopsov.twse.com.tw/mops/web/ajax_t163sb04
中游,電源供應系統,2301,光寶科,2023,4,income_statement,營業毛利（毛損）,32668082,"32,668,082",sii,https://mopsov.twse.com.tw/mops/web/ajax_t163sb04
中游,電源供應系統,2301,光寶科,2023,4,income_statement,未實現銷貨（損）益,,--,sii,https://mopsov.twse.com.tw/mops/web/ajax_t163sb04
中游,電源供應系統,2301,光寶科,2023,4,income_statement,已實現銷貨（損）益,,--,sii,https://mopsov.twse.com.tw/mops/web/ajax_t163sb04
中游,電源供應系統,2301,光寶科,2023,4,income_statement,營業毛利（毛損）淨額,32668082,"32,668,082",sii,https://mopsov.twse.com.tw/mops/web/ajax_t163sb04
中游,電源供應系統,2301,光寶科,2023,4,income_statement,營業費用,18151806,"18,151,806",sii,https://mopsov.twse.com.tw/mops/web/ajax_t163sb04
中游,電源供應系統,2301,光寶科,2023,4,income_statement,其他收益及費損淨額,,--,sii,https://mopsov.twse.com.tw/mops/web/ajax_t163sb04
中游,電源供應系統,2301,光寶科,2023,4,income_statement,營業利益（損失）,14516276,"14,516,276",sii,https://mopsov.twse.com.tw/mops/web/ajax_t163sb04
中游,電源供應系統,2301,光寶科,2023,4,income_statement,營業外收入及支出,3849503,"3,849,503",sii,https://mopsov.twse.com.tw/mops/web/ajax_t163sb04
中游,電源供應系統,2301,光寶科,2023,4,income_statement,稅前淨利（淨損）,18365779,"18,365,779",sii,https://mopsov.twse.com.tw/mops/web/ajax_t163sb04
中游,電源供應系統,2301,光寶科,2023,4,income_statement,所得稅費用（利益）,3766992,"3,766,992",sii,https://mopsov.twse.com.tw/mops/web/ajax_t163sb04
中游,電源供應系統,2301,光寶科,2023,4,income_statement,繼續營業單位本期淨利（淨損）,14598787,"14,598,787",sii,https://mopsov.twse.com.tw/mops/web/ajax_t163sb04
中游,電源供應系統,2301,光寶科,2023,4,income_statement,停業單位損益,,--,sii,https://mopsov.twse.com.tw/mops/web/ajax_t163sb04
中游,電源供應系統,2301,光寶科,2023,4,income_statement,合併前非屬共同控制股權損益,,--,sii,https://mopsov.twse.com.tw/mops/web/ajax_t163sb04
中游,電源供應系統,2301,光寶科,2023,4,income_statement,本期淨利（淨損）,14598787,"14,598,787",sii,https://mopsov.twse.com.tw/mops/web/ajax_t163sb04
中游,電源供應系統,2301,光寶科,2023,4,income_statement,其他綜合損益（淨額）,-707519,"-707,519",sii,https://mopsov.twse.com.tw/mops/web/ajax_t163sb04
中游,電源供應系統,2301,光寶科,2023,4,income_statement,合併前非屬共同控制股權綜合損益淨額,,--,sii,https://mopsov.twse.com.tw/mops/web/ajax_t163sb04
中游,電源供應系統,2301,光寶科,2023,4,income_statement,本期綜合損益總額,13891268,"13,891,268",sii,https://mopsov.twse.com.tw/mops/web/ajax_t163sb04
中游,電源供應系統,2301,光寶科,2023,4,income_statement,淨利（淨損）歸屬於母公司業主,14570616,"14,570,616",sii,https://mopsov.twse.com.tw/mops/web/ajax_t163sb04
中游,電源供應系統,2301,光寶科,2023,4,income_statement,淨利（淨損）歸屬於共同控制下前手權益,,--,sii,https://mopsov.twse.com.tw/mops/web/ajax_t163sb04
中游,電源供應系統,2301,光寶科,2023,4,income_statement,淨利（淨損）歸屬於非控制權益,28171,"28,171",sii,https://mopsov.twse.com.tw/mops/web/ajax_t163sb04
中游,電源供應系統,2301,光寶科,2023,4,income_statement,綜合損益總額歸屬於母公司業主,13846160,"13,846,160",sii,https://mopsov.twse.com.tw/mops/web/ajax_t163sb04
中游,電源供應系統,2301,光寶科,2023,4,income_statement,綜合損益總額歸屬於共同控制下前手權益,,--,sii,https://mopsov.twse.com.tw/mops/web/ajax_t163sb04
中游,電源供應系統,2301,光寶科,2023,4,income_statement,綜合損益總額歸屬於非控制權益,45108,"45,108",sii,https://mopsov.twse.com.tw/mops/web/ajax_t163sb04
中游,電源供應系統,2301,光寶科,2023,4,income_statement,基本每股盈餘（元）,6.36,6.36,sii,https://mopsov.twse.com.tw/mops/web/ajax_t163sb04
中游,電源供應系統,2308,台達電,2023,4,income_statement,營業收入,401226501,"401,226,501",sii,https://mopsov.twse.com.tw/mops/web/ajax_t163sb04
中游,電源供應系統,2308,台達電,2023,4,income_statement,營業成本,284013473,"284,013,473",sii,https://mopsov.twse.com.tw/mops/web/ajax_t163sb04
中游,電源供應系統,2308,台達電,2023,4,income_statement,原始認列生物資產及農產品之利益（損失）,,--,sii,https://mopsov.twse.com.tw/mops/web/ajax_t163sb04
中游,電源供應系統,2308,台達電,2023,4,income_statement,生物資產當期公允價值減出售成本之變動利益（損失）,,--,sii,https://mopsov.twse.com.tw/mops/web/ajax_t163sb04
中游,電源供應系統,2308,台達電,2023,4,income_statement,營業毛利（毛損）,117213028,"117,213,028",sii,https://mopsov.twse.com.tw/mops/web/ajax_t163sb04
中游,電源供應系統,2308,台達電,2023,4,income_statement,未實現銷貨（損）益,,--,sii,https://mopsov.twse.com.tw/mops/web/ajax_t163sb04
中游,電源供應系統,2308,台達電,2023,4,income_statement,已實現銷貨（損）益,,--,sii,https://mopsov.twse.com.tw/mops/web/ajax_t163sb04
中游,電源供應系統,2308,台達電,2023,4,income_statement,營業毛利（毛損）淨額,117213028,"117,213,028",sii,https://mopsov.twse.com.tw/mops/web/ajax_t163sb04
中游,電源供應系統,2308,台達電,2023,4,income_statement,營業費用,76263191,"76,263,191",sii,https://mopsov.twse.com.tw/mops/web/ajax_t163sb04
中游,電源供應系統,2308,台達電,2023,4,income_statement,其他收益及費損淨額,,--,sii,https://mopsov.twse.com.tw/mops/web/ajax_t163sb04
中游,電源供應系統,2308,台達電,2023,4,income_statement,營業利益（損失）,40949837,"40,949,837",sii,https://mopsov.twse.com.tw/mops/web/ajax_t163sb04
中游,電源供應系統,2308,台達電,2023,4,income_statement,營業外收入及支出,7692274,"7,692,274",sii,https://mopsov.twse.com.tw/mops/web/ajax_t163sb04
中游,電源供應系統,2308,台達電,2023,4,income_statement,稅前淨利（淨損）,48642111,"48,642,111",sii,https://mopsov.twse.com.tw/mops/web/ajax_t163sb04
中游,電源供應系統,2308,台達電,2023,4,income_statement,所得稅費用（利益）,9761744,"9,761,744",sii,https://mopsov.twse.com.tw/mops/web/ajax_t163sb04
中游,電源供應系統,2308,台達電,2023,4,income_statement,繼續營業單位本期淨利（淨損）,38880367,"38,880,367",sii,https://mopsov.twse.com.tw/mops/web/ajax_t163sb04
中游,電源供應系統,2308,台達電,2023,4,income_statement,停業單位損益,,--,sii,https://mopsov.twse.com.tw/mops/web/ajax_t163sb04
中游,電源供應系統,2308,台達電,2023,4,income_statement,合併前非屬共同控制股權損益,,--,sii,https://mopsov.twse.com.tw/mops/web/ajax_t163sb04
中游,電源供應系統,2308,台達電,2023,4,income_statement,本期淨利（淨損）,38880367,"38,880,367",sii,https://mopsov.twse.com.tw/mops/web/ajax_t163sb04
中游,電源供應系統,2308,台達電,2023,4,income_statement,其他綜合損益（淨額）,-669400,"-669,400",sii,https://mopsov.twse.com.tw/mops/web/ajax_t163sb04
中游,電源供應系統,2308,台達電,2023,4,income_statement,合併前非屬共同控制股權綜合損益淨額,,--,sii,https://mopsov.twse.com.tw/mops/web/ajax_t163sb04
中游,電源供應系統,2308,台達電,2023,4,income_statement,本期綜合損益總額,38210967,"38,210,967",sii,https://mopsov.twse.com.tw/mops/web/ajax_t163sb04
中游,電源供應系統,2308,台達電,2023,4,income_statement,淨利（淨損）歸屬於母公司業主,33392665,"33,392,665",sii,https://mopsov.twse.com.tw/mops/web/ajax_t163sb04
中游,電源供應系統,2308,台達電,2023,4,income_statement,淨利（淨損）歸屬於共同控制下前手權益,,--,sii,https://mopsov.twse.com.tw/mops/web/ajax_t163sb04
中游,電源供應系統,2308,台達電,2023,4,income_statement,淨利（淨損）歸屬於非控制權益,5487702,"5,487,702",sii,https://mopsov.twse.com.tw/mops/web/ajax_t163sb04
中游,電源供應系統,2308,台達電,2023,4,income_statement,綜合損益總額歸屬於母公司業主,32410943,"32,410,943",sii,https://mopsov.twse.com.tw/mops/web/ajax_t163sb04
中游,電源供應系統,2308,台達電,2023,4,income_statement,綜合損益總額歸屬於共同控制下前手權益,,--,sii,https://mopsov.twse.com.tw/mops/web/ajax_t163sb04
中游,電源供應系統,2308,台達電,2023,4,income_statement,綜合損益總額歸屬於非控制權益,5800024,"5,800,024",sii,https://mopsov.twse.com.tw/mops/web/ajax_t163sb04
中游,電源供應系統,2308,台達電,2023,4,income_statement,基本每股盈餘（元）,12.86,12.86,sii,https://mopsov.twse.com.tw/mops/web/ajax_t163sb04
中游,電源供應系統,2301,光寶科,2023,4,balance_sheet,流動資產,155618441,"155,618,441",sii,https://mopsov.twse.com.tw/mops/web/ajax_t163sb05
中游,電源供應系統,2301,光寶科,2023,4,balance_sheet,非流動資產,33353819,"33,353,819",sii,https://mopsov.twse.com.tw/mops/web/ajax_t163sb05
中游,電源供應系統,2301,光寶科,2023,4,balance_sheet,資產總計,188972260,"188,972,260",sii,https://mopsov.twse.com.tw/mops/web/ajax_t163sb05
中游,電源供應系統,2301,光寶科,2023,4,balance_sheet,流動負債,98001423,"98,001,423",sii,https://mopsov.twse.com.tw/mops/web/ajax_t163sb05
中游,電源供應系統,2301,光寶科,2023,4,balance_sheet,非流動負債,5903425,"5,903,425",sii,https://mopsov.twse.com.tw/mops/web/ajax_t163sb05
中游,電源供應系統,2301,光寶科,2023,4,balance_sheet,負債總計,103904848,"103,904,848",sii,https://mopsov.twse.com.tw/mops/web/ajax_t163sb05
中游,電源供應系統,2301,光寶科,2023,4,balance_sheet,股本,23531300,"23,531,300",sii,https://mopsov.twse.com.tw/mops/web/ajax_t163sb05
中游,電源供應系統,2301,光寶科,2023,4,balance_sheet,權益─具證券性質之虛擬通貨,,--,sii,https://mopsov.twse.com.tw/mops/web/ajax_t163sb05
中游,電源供應系統,2301,光寶科,2023,4,balance_sheet,資本公積,22734080,"22,734,080",sii,https://mopsov.twse.com.tw/mops/web/ajax_t163sb05
中游,電源供應系統,2301,光寶科,2023,4,balance_sheet,保留盈餘,44673713,"44,673,713",sii,https://mopsov.twse.com.tw/mops/web/ajax_t163sb05
中游,電源供應系統,2301,光寶科,2023,4,balance_sheet,其他權益,-3831534,"-3,831,534",sii,https://mopsov.twse.com.tw/mops/web/ajax_t163sb05
中游,電源供應系統,2301,光寶科,2023,4,balance_sheet,庫藏股票,-2726963,"-2,726,963",sii,https://mopsov.twse.com.tw/mops/web/ajax_t163sb05
中游,電源供應系統,2301,光寶科,2023,4,balance_sheet,歸屬於母公司業主之權益合計,84380596,"84,380,596",sii,https://mopsov.twse.com.tw/mops/web/ajax_t163sb05
中游,電源供應系統,2301,光寶科,2023,4,balance_sheet,共同控制下前手權益,,--,sii,https://mopsov.twse.com.tw/mops/web/ajax_t163sb05
中游,電源供應系統,2301,光寶科,2023,4,balance_sheet,合併前非屬共同控制股權,,--,sii,https://mopsov.twse.com.tw/mops/web/ajax_t163sb05
中游,電源供應系統,2301,光寶科,2023,4,balance_sheet,非控制權益,686816,"686,816",sii,https://mopsov.twse.com.tw/mops/web/ajax_t163sb05
中游,電源供應系統,2301,光寶科,2023,4,balance_sheet,權益總計,85067412,"85,067,412",sii,https://mopsov.twse.com.tw/mops/web/ajax_t163sb05
中游,電源供應系統,2301,光寶科,2023,4,balance_sheet,待註銷股本股數（單位：股）,,--,sii,https://mopsov.twse.com.tw/mops/web/ajax_t163sb05
中游,電源供應系統,2301,光寶科,2023,4,balance_sheet,預收股款（權益項下）之約當發行股數（單位：股）,0,0,sii,https://mopsov.twse.com.tw/mops/web/ajax_t163sb05
中游,電源供應系統,2301,光寶科,2023,4,balance_sheet,母公司暨子公司所持有之母公司庫藏股股數（單位：股）,47004221,"47,004,221",sii,https://mopsov.twse.com.tw/mops/web/ajax_t163sb05
中游,電源供應系統,2301,光寶科,2023,4,balance_sheet,每股參考淨值,36.59,36.59,sii,https://mopsov.twse.com.tw/mops/web/ajax_t163sb05
中游,電源供應系統,2308,台達電,2023,4,balance_sheet,流動資產,259958184,"259,958,184",sii,https://mopsov.twse.com.tw/mops/web/ajax_t163sb05
中游,電源供應系統,2308,台達電,2023,4,balance_sheet,非流動資產,197788394,"197,788,394",sii,https://mopsov.twse.com.tw/mops/web/ajax_t163sb05
中游,電源供應系統,2308,台達電,2023,4,balance_sheet,資產總計,457746578,"457,746,578",sii,https://mopsov.twse.com.tw/mops/web/ajax_t163sb05
中游,電源供應系統,2308,台達電,2023,4,balance_sheet,流動負債,126084553,"126,084,553",sii,https://mopsov.twse.com.tw/mops/web/ajax_t163sb05
中游,電源供應系統,2308,台達電,2023,4,balance_sheet,非流動負債,88926532,"88,926,532",sii,https://mopsov.twse.com.tw/mops/web/ajax_t163sb05
中游,電源供應系統,2308,台達電,2023,4,balance_sheet,負債總計,215011085,"215,011,085",sii,https://mopsov.twse.com.tw/mops/web/ajax_t163sb05
中游,電源供應系統,2308,台達電,2023,4,balance_sheet,股本,25975433,"25,975,433",sii,https://mopsov.twse.com.tw/mops/web/ajax_t163sb05
中游,電源供應系統,2308,台達電,2023,4,balance_sheet,權益─具證券性質之虛擬通貨,,--,sii,https://mopsov.twse.com.tw/mops/web/ajax_t163sb05
中游,電源供應系統,2308,台達電,2023,4,balance_sheet,資本公積,54636991,"54,636,991",sii,https://mopsov.twse.com.tw/mops/web/ajax_t163sb05
中游,電源供應系統,2308,台達電,2023,4,balance_sheet,保留盈餘,122547092,"122,547,092",sii,https://mopsov.twse.com.tw/mops/web/ajax_t163sb05
中游,電源供應系統,2308,台達電,2023,4,balance_sheet,其他權益,-3995738,"-3,995,738",sii,https://mopsov.twse.com.tw/mops/web/ajax_t163sb05
中游,電源供應系統,2308,台達電,2023,4,balance_sheet,庫藏股票,,--,sii,https://mopsov.twse.com.tw/mops/web/ajax_t163sb05
中游,電源供應系統,2308,台達電,2023,4,balance_sheet,歸屬於母公司業主之權益合計,199163778,"199,163,778",sii,https://mopsov.twse.com.tw/mops/web/ajax_t163sb05
中游,電源供應系統,2308,台達電,2023,4,balance_sheet,共同控制下前手權益,,--,sii,https://mopsov.twse.com.tw/mops/web/ajax_t163sb05
中游,電源供應系統,2308,台達電,2023,4,balance_sheet,合併前非屬共同控制股權,,--,sii,https://mopsov.twse.com.tw/mops/web/ajax_t163sb05
中游,電源供應系統,2308,台達電,2023,4,balance_sheet,非控制權益,43571715,"43,571,715",sii,https://mopsov.twse.com.tw/mops/web/ajax_t163sb05
中游,電源供應系統,2308,台達電,2023,4,balance_sheet,權益總計,242735493,"242,735,493",sii,https://mopsov.twse.com.tw/mops/web/ajax_t163sb05
中游,電源供應系統,2308,台達電,2023,4,balance_sheet,待註銷股本股數（單位：股）,0,0,sii,https://mopsov.twse.com.tw/mops/web/ajax_t163sb05
中游,電源供應系統,2308,台達電,2023,4,balance_sheet,預收股款（權益項下）之約當發行股數（單位：股）,0,0,sii,https://mopsov.twse.com.tw/mops/web/ajax_t163sb05
中游,電源供應系統,2308,台達電,2023,4,balance_sheet,母公司暨子公司所持有之母公司庫藏股股數（單位：股）,0,0,sii,https://mopsov.twse.com.tw/mops/web/ajax_t163sb05
中游,電源供應系統,2308,台達電,2023,4,balance_sheet,每股參考淨值,76.67,76.67,sii,https://mopsov.twse.com.tw/mops/web/ajax_t163sb05
中游,電源供應系統,2301,光寶科,2023,4,cash_flow,營業活動之淨現金流入（流出）,27265558,"27,265,558",sii,https://mopsov.twse.com.tw/mops/web/ajax_t163sb20
中游,電源供應系統,2301,光寶科,2023,4,cash_flow,投資活動之淨現金流入（流出）,-3339904,"-3,339,904",sii,https://mopsov.twse.com.tw/mops/web/ajax_t163sb20
中游,電源供應系統,2301,光寶科,2023,4,cash_flow,籌資活動之淨現金流入（流出）,-22045215,"-22,045,215",sii,https://mopsov.twse.com.tw/mops/web/ajax_t163sb20
中游,電源供應系統,2301,光寶科,2023,4,cash_flow,匯率變動對現金及約當現金之影響,-203935,"-203,935",sii,https://mopsov.twse.com.tw/mops/web/ajax_t163sb20
中游,電源供應系統,2301,光寶科,2023,4,cash_flow,本期現金及約當現金增加（減少）數,1676504,"1,676,504",sii,https://mopsov.twse.com.tw/mops/web/ajax_t163sb20
中游,電源供應系統,2301,光寶科,2023,4,cash_flow,期初現金及約當現金餘額,91065529,"91,065,529",sii,https://mopsov.twse.com.tw/mops/web/ajax_t163sb20
中游,電源供應系統,2301,光寶科,2023,4,cash_flow,期末現金及約當現金餘額,92742033,"92,742,033",sii,https://mopsov.twse.com.tw/mops/web/ajax_t163sb20
中游,電源供應系統,2308,台達電,2023,4,cash_flow,營業活動之淨現金流入（流出）,71086413,"71,086,413",sii,https://mopsov.twse.com.tw/mops/web/ajax_t163sb20
中游,電源供應系統,2308,台達電,2023,4,cash_flow,投資活動之淨現金流入（流出）,-33501693,"-33,501,693",sii,https://mopsov.twse.com.tw/mops/web/ajax_t163sb20
中游,電源供應系統,2308,台達電,2023,4,cash_flow,籌資活動之淨現金流入（流出）,-10478062,"-10,478,062",sii,https://mopsov.twse.com.tw/mops/web/ajax_t163sb20
中游,電源供應系統,2308,台達電,2023,4,cash_flow,匯率變動對現金及約當現金之影響,-1197578,"-1,197,578",sii,https://mopsov.twse.com.tw/mops/web/ajax_t163sb20
中游,電源供應系統,2308,台達電,2023,4,cash_flow,本期現金及約當現金增加（減少）數,25909080,"25,909,080",sii,https://mopsov.twse.com.tw/mops/web/ajax_t163sb20
中游,電源供應系統,2308,台達電,2023,4,cash_flow,期初現金及約當現金餘額,61546836,"61,546,836",sii,https://mopsov.twse.com.tw/mops/web/ajax_t163sb20
中游,電源供應系統,2308,台達電,2023,4,cash_flow,期末現金及約當現金餘額,87455916,"87,455,916",sii,https://mopsov.twse.com.tw/mops/web/ajax_t163sb20
中游,電源供應系統,2301,光寶科,2024,1,income_statement,營業收入,28775904,"28,775,904",sii,https://mopsov.twse.com.tw/mops/web/ajax_t163sb04
中游,電源供應系統,2301,光寶科,2024,1,income_statement,營業成本,22928567,"22,928,567",sii,https://mopsov.twse.com.tw/mops/web/ajax_t163sb04
中游,電源供應系統,2301,光寶科,2024,1,income_statement,原始認列生物資產及農產品之利益（損失）,,--,sii,https://mopsov.twse.com.tw/mops/web/ajax_t163sb04
中游,電源供應系統,2301,光寶科,2024,1,income_statement,生物資產當期公允價值減出售成本之變動利益（損失）,,--,sii,https://mopsov.twse.com.tw/mops/web/ajax_t163sb04
中游,電源供應系統,2301,光寶科,2024,1,income_statement,營業毛利（毛損）,5847337,"5,847,337",sii,https://mopsov.twse.com.tw/mops/web/ajax_t163sb04
中游,電源供應系統,2301,光寶科,2024,1,income_statement,未實現銷貨（損）益,,--,sii,https://mopsov.twse.com.tw/mops/web/ajax_t163sb04
中游,電源供應系統,2301,光寶科,2024,1,income_statement,已實現銷貨（損）益,,--,sii,https://mopsov.twse.com.tw/mops/web/ajax_t163sb04
中游,電源供應系統,2301,光寶科,2024,1,income_statement,營業毛利（毛損）淨額,5847337,"5,847,337",sii,https://mopsov.twse.com.tw/mops/web/ajax_t163sb04
中游,電源供應系統,2301,光寶科,2024,1,income_statement,營業費用,3616674,"3,616,674",sii,https://mopsov.twse.com.tw/mops/web/ajax_t163sb04
中游,電源供應系統,2301,光寶科,2024,1,income_statement,其他收益及費損淨額,,--,sii,https://mopsov.twse.com.tw/mops/web/ajax_t163sb04
中游,電源供應系統,2301,光寶科,2024,1,income_statement,營業利益（損失）,2230663,"2,230,663",sii,https://mopsov.twse.com.tw/mops/web/ajax_t163sb04
中游,電源供應系統,2301,光寶科,2024,1,income_statement,營業外收入及支出,898118,"898,118",sii,https://mopsov.twse.com.tw/mops/web/ajax_t163sb04
中游,電源供應系統,2301,光寶科,2024,1,income_statement,稅前淨利（淨損）,3128781,"3,128,781",sii,https://mopsov.twse.com.tw/mops/web/ajax_t163sb04
中游,電源供應系統,2301,光寶科,2024,1,income_statement,所得稅費用（利益）,735263,"735,263",sii,https://mopsov.twse.com.tw/mops/web/ajax_t163sb04
中游,電源供應系統,2301,光寶科,2024,1,income_statement,繼續營業單位本期淨利（淨損）,2393518,"2,393,518",sii,https://mopsov.twse.com.tw/mops/web/ajax_t163sb04
中游,電源供應系統,2301,光寶科,2024,1,income_statement,停業單位損益,,--,sii,https://mopsov.twse.com.tw/mops/web/ajax_t163sb04
中游,電源供應系統,2301,光寶科,2024,1,income_statement,合併前非屬共同控制股權損益,,--,sii,https://mopsov.twse.com.tw/mops/web/ajax_t163sb04
中游,電源供應系統,2301,光寶科,2024,1,income_statement,本期淨利（淨損）,2393518,"2,393,518",sii,https://mopsov.twse.com.tw/mops/web/ajax_t163sb04
中游,電源供應系統,2301,光寶科,2024,1,income_statement,其他綜合損益（淨額）,2650916,"2,650,916",sii,https://mopsov.twse.com.tw/mops/web/ajax_t163sb04
中游,電源供應系統,2301,光寶科,2024,1,income_statement,合併前非屬共同控制股權綜合損益淨額,,--,sii,https://mopsov.twse.com.tw/mops/web/ajax_t163sb04
中游,電源供應系統,2301,光寶科,2024,1,income_statement,本期綜合損益總額,5044434,"5,044,434",sii,https://mopsov.twse.com.tw/mops/web/ajax_t163sb04
中游,電源供應系統,2301,光寶科,2024,1,income_statement,淨利（淨損）歸屬於母公司業主,2387803,"2,387,803",sii,https://mopsov.twse.com.tw/mops/web/ajax_t163sb04
中游,電源供應系統,2301,光寶科,2024,1,income_statement,淨利（淨損）歸屬於共同控制下前手權益,,--,sii,https://mopsov.twse.com.tw/mops/web/ajax_t163sb04
中游,電源供應系統,2301,光寶科,2024,1,income_statement,淨利（淨損）歸屬於非控制權益,5715,"5,715",sii,https://mopsov.twse.com.tw/mops/web/ajax_t163sb04
中游,電源供應系統,2301,光寶科,2024,1,income_statement,綜合損益總額歸屬於母公司業主,5012891,"5,012,891",sii,https://mopsov.twse.com.tw/mops/web/ajax_t163sb04
中游,電源供應系統,2301,光寶科,2024,1,income_statement,綜合損益總額歸屬於共同控制下前手權益,,--,sii,https://mopsov.twse.com.tw/mops/web/ajax_t163sb04
中游,電源供應系統,2301,光寶科,2024,1,income_statement,綜合損益總額歸屬於非控制權益,31543,"31,543",sii,https://mopsov.twse.com.tw/mops/web/ajax_t163sb04
中游,電源供應系統,2301,光寶科,2024,1,income_statement,基本每股盈餘（元）,1.04,1.04,sii,https://mopsov.twse.com.tw/mops/web/ajax_t163sb04
中游,電源供應系統,2308,台達電,2024,1,income_statement,營業收入,91297990,"91,297,990",sii,https://mopsov.twse.com.tw/mops/web/ajax_t163sb04
中游,電源供應系統,2308,台達電,2024,1,income_statement,營業成本,64349444,"64,349,444",sii,https://mopsov.twse.com.tw/mops/web/ajax_t163sb04
中游,電源供應系統,2308,台達電,2024,1,income_statement,原始認列生物資產及農產品之利益（損失）,,--,sii,https://mopsov.twse.com.tw/mops/web/ajax_t163sb04
中游,電源供應系統,2308,台達電,2024,1,income_statement,生物資產當期公允價值減出售成本之變動利益（損失）,,--,sii,https://mopsov.twse.com.tw/mops/web/ajax_t163sb04
中游,電源供應系統,2308,台達電,2024,1,income_statement,營業毛利（毛損）,26948546,"26,948,546",sii,https://mopsov.twse.com.tw/mops/web/ajax_t163sb04
中游,電源供應系統,2308,台達電,2024,1,income_statement,未實現銷貨（損）益,,--,sii,https://mopsov.twse.com.tw/mops/web/ajax_t163sb04
中游,電源供應系統,2308,台達電,2024,1,income_statement,已實現銷貨（損）益,,--,sii,https://mopsov.twse.com.tw/mops/web/ajax_t163sb04
中游,電源供應系統,2308,台達電,2024,1,income_statement,營業毛利（毛損）淨額,26948546,"26,948,546",sii,https://mopsov.twse.com.tw/mops/web/ajax_t163sb04
中游,電源供應系統,2308,台達電,2024,1,income_statement,營業費用,19553862,"19,553,862",sii,https://mopsov.twse.com.tw/mops/web/ajax_t163sb04
中游,電源供應系統,2308,台達電,2024,1,income_statement,其他收益及費損淨額,,--,sii,https://mopsov.twse.com.tw/mops/web/ajax_t163sb04
中游,電源供應系統,2308,台達電,2024,1,income_statement,營業利益（損失）,7394684,"7,394,684",sii,https://mopsov.twse.com.tw/mops/web/ajax_t163sb04
中游,電源供應系統,2308,台達電,2024,1,income_statement,營業外收入及支出,1370674,"1,370,674",sii,https://mopsov.twse.com.tw/mops/web/ajax_t163sb04
中游,電源供應系統,2308,台達電,2024,1,income_statement,稅前淨利（淨損）,8765358,"8,765,358",sii,https://mopsov.twse.com.tw/mops/web/ajax_t163sb04
中游,電源供應系統,2308,台達電,2024,1,income_statement,所得稅費用（利益）,1798113,"1,798,113",sii,https://mopsov.twse.com.tw/mops/web/ajax_t163sb04
中游,電源供應系統,2308,台達電,2024,1,income_statement,繼續營業單位本期淨利（淨損）,6967245,"6,967,245",sii,https://mopsov.twse.com.tw/mops/web/ajax_t163sb04
中游,電源供應系統,2308,台達電,2024,1,income_statement,停業單位損益,,--,sii,https://mopsov.twse.com.tw/mops/web/ajax_t163sb04
中游,電源供應系統,2308,台達電,2024,1,income_statement,合併前非屬共同控制股權損益,,--,sii,https://mopsov.twse.com.tw/mops/web/ajax_t163sb04
中游,電源供應系統,2308,台達電,2024,1,income_statement,本期淨利（淨損）,6967245,"6,967,245",sii,https://mopsov.twse.com.tw/mops/web/ajax_t163sb04
中游,電源供應系統,2308,台達電,2024,1,income_statement,其他綜合損益（淨額）,7044985,"7,044,985",sii,https://mopsov.twse.com.tw/mops/web/ajax_t163sb04
中游,電源供應系統,2308,台達電,2024,1,income_statement,合併前非屬共同控制股權綜合損益淨額,,--,sii,https://mopsov.twse.com.tw/mops/web/ajax_t163sb04
中游,電源供應系統,2308,台達電,2024,1,income_statement,本期綜合損益總額,14012230,"14,012,230",sii,https://mopsov.twse.com.tw/mops/web/ajax_t163sb04
中游,電源供應系統,2308,台達電,2024,1,income_statement,淨利（淨損）歸屬於母公司業主,5763716,"5,763,716",sii,https://mopsov.twse.com.tw/mops/web/ajax_t163sb04
中游,電源供應系統,2308,台達電,2024,1,income_statement,淨利（淨損）歸屬於共同控制下前手權益,,--,sii,https://mopsov.twse.com.tw/mops/web/ajax_t163sb04
中游,電源供應系統,2308,台達電,2024,1,income_statement,淨利（淨損）歸屬於非控制權益,1203529,"1,203,529",sii,https://mopsov.twse.com.tw/mops/web/ajax_t163sb04
中游,電源供應系統,2308,台達電,2024,1,income_statement,綜合損益總額歸屬於母公司業主,11944806,"11,944,806",sii,https://mopsov.twse.com.tw/mops/web/ajax_t163sb04
中游,電源供應系統,2308,台達電,2024,1,income_statement,綜合損益總額歸屬於共同控制下前手權益,,--,sii,https://mopsov.twse.com.tw/mops/web/ajax_t163sb04
中游,電源供應系統,2308,台達電,2024,1,income_statement,綜合損益總額歸屬於非控制權益,2067424,"2,067,424",sii,https://mopsov.twse.com.tw/mops/web/ajax_t163sb04
中游,電源供應系統,2308,台達電,2024,1,income_statement,基本每股盈餘（元）,2.22,2.22,sii,https://mopsov.twse.com.tw/mops/web/ajax_t163sb04
中游,電源供應系統,2301,光寶科,2024,1,balance_sheet,流動資產,152798371,"152,798,371",sii,https://mopsov.twse.com.tw/mops/web/ajax_t163sb05
中游,電源供應系統,2301,光寶科,2024,1,balance_sheet,非流動資產,32473787,"32,473,787",sii,https://mopsov.twse.com.tw/mops/web/ajax_t163sb05
中游,電源供應系統,2301,光寶科,2024,1,balance_sheet,資產總計,185272158,"185,272,158",sii,https://mopsov.twse.com.tw/mops/web/ajax_t163sb05
中游,電源供應系統,2301,光寶科,2024,1,balance_sheet,流動負債,95300111,"95,300,111",sii,https://mopsov.twse.com.tw/mops/web/ajax_t163sb05
中游,電源供應系統,2301,光寶科,2024,1,balance_sheet,非流動負債,5795057,"5,795,057",sii,https://mopsov.twse.com.tw/mops/web/ajax_t163sb05
中游,電源供應系統,2301,光寶科,2024,1,balance_sheet,負債總計,101095168,"101,095,168",sii,https://mopsov.twse.com.tw/mops/web/ajax_t163sb05
中游,電源供應系統,2301,光寶科,2024,1,balance_sheet,股本,23475464,"23,475,464",sii,https://mopsov.twse.com.tw/mops/web/ajax_t163sb05
中游,電源供應系統,2301,光寶科,2024,1,balance_sheet,權益─具證券性質之虛擬通貨,,--,sii,https://mopsov.twse.com.tw/mops/web/ajax_t163sb05
中游,電源供應系統,2301,光寶科,2024,1,balance_sheet,資本公積,22437973,"22,437,973",sii,https://mopsov.twse.com.tw/mops/web/ajax_t163sb05
中游,電源供應系統,2301,光寶科,2024,1,balance_sheet,保留盈餘,41300773,"41,300,773",sii,https://mopsov.twse.com.tw/mops/web/ajax_t163sb05
中游,電源供應系統,2301,光寶科,2024,1,balance_sheet,其他權益,-1026724,"-1,026,724",sii,https://mopsov.twse.com.tw/mops/web/ajax_t163sb05
中游,電源供應系統,2301,光寶科,2024,1,balance_sheet,庫藏股票,-2726963,"-2,726,963",sii,https://mopsov.twse.com.tw/mops/web/ajax_t163sb05
中游,電源供應系統,2301,光寶科,2024,1,balance_sheet,歸屬於母公司業主之權益合計,83460523,"83,460,523",sii,https://mopsov.twse.com.tw/mops/web/ajax_t163sb05
中游,電源供應系統,2301,光寶科,2024,1,balance_sheet,共同控制下前手權益,,--,sii,https://mopsov.twse.com.tw/mops/web/ajax_t163sb05
中游,電源供應系統,2301,光寶科,2024,1,balance_sheet,合併前非屬共同控制股權,,--,sii,https://mopsov.twse.com.tw/mops/web/ajax_t163sb05
中游,電源供應系統,2301,光寶科,2024,1,balance_sheet,非控制權益,716467,"716,467",sii,https://mopsov.twse.com.tw/mops/web/ajax_t163sb05
中游,電源供應系統,2301,光寶科,2024,1,balance_sheet,權益總計,84176990,"84,176,990",sii,https://mopsov.twse.com.tw/mops/web/ajax_t163sb05
中游,電源供應系統,2301,光寶科,2024,1,balance_sheet,待註銷股本股數（單位：股）,,--,sii,https://mopsov.twse.com.tw/mops/web/ajax_t163sb05
中游,電源供應系統,2301,光寶科,2024,1,balance_sheet,預收股款（權益項下）之約當發行股數（單位：股）,0,0,sii,https://mopsov.twse.com.tw/mops/web/ajax_t163sb05
中游,電源供應系統,2301,光寶科,2024,1,balance_sheet,母公司暨子公司所持有之母公司庫藏股股數（單位：股）,47004221,"47,004,221",sii,https://mopsov.twse.com.tw/mops/web/ajax_t163sb05
中游,電源供應系統,2301,光寶科,2024,1,balance_sheet,每股參考淨值,36.28,36.28,sii,https://mopsov.twse.com.tw/mops/web/ajax_t163sb05
中游,電源供應系統,2308,台達電,2024,1,balance_sheet,流動資產,262562386,"262,562,386",sii,https://mopsov.twse.com.tw/mops/web/ajax_t163sb05
中游,電源供應系統,2308,台達電,2024,1,balance_sheet,非流動資產,209578478,"209,578,478",sii,https://mopsov.twse.com.tw/mops/web/ajax_t163sb05
中游,電源供應系統,2308,台達電,2024,1,balance_sheet,資產總計,472140864,"472,140,864",sii,https://mopsov.twse.com.tw/mops/web/ajax_t163sb05
中游,電源供應系統,2308,台達電,2024,1,balance_sheet,流動負債,123528801,"123,528,801",sii,https://mopsov.twse.com.tw/mops/web/ajax_t163sb05
中游,電源供應系統,2308,台達電,2024,1,balance_sheet,非流動負債,91855663,"91,855,663",sii,https://mopsov.twse.com.tw/mops/web/ajax_t163sb05
中游,電源供應系統,2308,台達電,2024,1,balance_sheet,負債總計,215384464,"215,384,464",sii,https://mopsov.twse.com.tw/mops/web/ajax_t163sb05
中游,電源供應系統,2308,台達電,2024,1,balance_sheet,股本,25975433,"25,975,433",sii,https://mopsov.twse.com.tw/mops/web/ajax_t163sb05
中游,電源供應系統,2308,台達電,2024,1,balance_sheet,權益─具證券性質之虛擬通貨,,--,sii,https://mopsov.twse.com.tw/mops/web/ajax_t163sb05
中游,電源供應系統,2308,台達電,2024,1,balance_sheet,資本公積,54636991,"54,636,991",sii,https://mopsov.twse.com.tw/mops/web/ajax_t163sb05
中游,電源供應系統,2308,台達電,2024,1,balance_sheet,保留盈餘,128312563,"128,312,563",sii,https://mopsov.twse.com.tw/mops/web/ajax_t163sb05
中游,電源供應系統,2308,台達電,2024,1,balance_sheet,其他權益,2183597,"2,183,597",sii,https://mopsov.twse.com.tw/mops/web/ajax_t163sb05
中游,電源供應系統,2308,台達電,2024,1,balance_sheet,庫藏股票,,--,sii,https://mopsov.twse.com.tw/mops/web/ajax_t163sb05
中游,電源供應系統,2308,台達電,2024,1,balance_sheet,歸屬於母公司業主之權益合計,211108584,"211,108,584",sii,https://mopsov.twse.com.tw/mops/web/ajax_t163sb05
中游,電源供應系統,2308,台達電,2024,1,balance_sheet,共同控制下前手權益,,--,sii,https://mopsov.twse.com.tw/mops/web/ajax_t163sb05
中游,電源供應系統,2308,台達電,2024,1,balance_sheet,合併前非屬共同控制股權,,--,sii,https://mopsov.twse.com.tw/mops/web/ajax_t163sb05
中游,電源供應系統,2308,台達電,2024,1,balance_sheet,非控制權益,45647816,"45,647,816",sii,https://mopsov.twse.com.tw/mops/web/ajax_t163sb05
中游,電源供應系統,2308,台達電,2024,1,balance_sheet,權益總計,256756400,"256,756,400",sii,https://mopsov.twse.com.tw/mops/web/ajax_t163sb05
中游,電源供應系統,2308,台達電,2024,1,balance_sheet,待註銷股本股數（單位：股）,0,0,sii,https://mopsov.twse.com.tw/mops/web/ajax_t163sb05
中游,電源供應系統,2308,台達電,2024,1,balance_sheet,預收股款（權益項下）之約當發行股數（單位：股）,0,0,sii,https://mopsov.twse.com.tw/mops/web/ajax_t163sb05
中游,電源供應系統,2308,台達電,2024,1,balance_sheet,母公司暨子公司所持有之母公司庫藏股股數（單位：股）,0,0,sii,https://mopsov.twse.com.tw/mops/web/ajax_t163sb05
中游,電源供應系統,2308,台達電,2024,1,balance_sheet,每股參考淨值,81.27,81.27,sii,https://mopsov.twse.com.tw/mops/web/ajax_t163sb05
中游,電源供應系統,2301,光寶科,2024,1,cash_flow,營業活動之淨現金流入（流出）,1595764,"1,595,764",sii,https://mopsov.twse.com.tw/mops/web/ajax_t163sb20
中游,電源供應系統,2301,光寶科,2024,1,cash_flow,投資活動之淨現金流入（流出）,-8539994,"-8,539,994",sii,https://mopsov.twse.com.tw/mops/web/ajax_t163sb20
中游,電源供應系統,2301,光寶科,2024,1,cash_flow,籌資活動之淨現金流入（流出）,-2567338,"-2,567,338",sii,https://mopsov.twse.com.tw/mops/web/ajax_t163sb20
中游,電源供應系統,2301,光寶科,2024,1,cash_flow,匯率變動對現金及約當現金之影響,1604369,"1,604,369",sii,https://mopsov.twse.com.tw/mops/web/ajax_t163sb20
中游,電源供應系統,2301,光寶科,2024,1,cash_flow,本期現金及約當現金增加（減少）數,-7907199,"-7,907,199",sii,https://mopsov.twse.com.tw/mops/web/ajax_t163sb20
中游,電源供應系統,2301,光寶科,2024,1,cash_flow,期初現金及約當現金餘額,92742033,"92,742,033",sii,https://mopsov.twse.com.tw/mops/web/ajax_t163sb20
中游,電源供應系統,2301,光寶科,2024,1,cash_flow,期末現金及約當現金餘額,84834834,"84,834,834",sii,https://mopsov.twse.com.tw/mops/web/ajax_t163sb20
中游,電源供應系統,2308,台達電,2024,1,cash_flow,營業活動之淨現金流入（流出）,15058092,"15,058,092",sii,https://mopsov.twse.com.tw/mops/web/ajax_t163sb20
中游,電源供應系統,2308,台達電,2024,1,cash_flow,投資活動之淨現金流入（流出）,-12289389,"-12,289,389",sii,https://mopsov.twse.com.tw/mops/web/ajax_t163sb20
中游,電源供應系統,2308,台達電,2024,1,cash_flow,籌資活動之淨現金流入（流出）,3201529,"3,201,529",sii,https://mopsov.twse.com.tw/mops/web/ajax_t163sb20
中游,電源供應系統,2308,台達電,2024,1,cash_flow,匯率變動對現金及約當現金之影響,3790519,"3,790,519",sii,https://mopsov.twse.com.tw/mops/web/ajax_t163sb20
中游,電源供應系統,2308,台達電,2024,1,cash_flow,本期現金及約當現金增加（減少）數,9760751,"9,760,751",sii,https://mopsov.twse.com.tw/mops/web/ajax_t163sb20
中游,電源供應系統,2308,台達電,2024,1,cash_flow,期初現金及約當現金餘額,87455916,"87,455,916",sii,https://mopsov.twse.com.tw/mops/web/ajax_t163sb20
中游,電源供應系統,2308,台達電,2024,1,cash_flow,期末現金及約當現金餘額,97216667,"97,216,667",sii,https://mopsov.twse.com.tw/mops/web/ajax_t163sb20
中游,電源供應系統,2301,光寶科,2024,2,income_statement,營業收入,62061396,"62,061,396",sii,https://mopsov.twse.com.tw/mops/web/ajax_t163sb04
中游,電源供應系統,2301,光寶科,2024,2,income_statement,營業成本,48826857,"48,826,857",sii,https://mopsov.twse.com.tw/mops/web/ajax_t163sb04
中游,電源供應系統,2301,光寶科,2024,2,income_statement,原始認列生物資產及農產品之利益（損失）,,--,sii,https://mopsov.twse.com.tw/mops/web/ajax_t163sb04
中游,電源供應系統,2301,光寶科,2024,2,income_statement,生物資產當期公允價值減出售成本之變動利益（損失）,,--,sii,https://mopsov.twse.com.tw/mops/web/ajax_t163sb04
中游,電源供應系統,2301,光寶科,2024,2,income_statement,營業毛利（毛損）,13234539,"13,234,539",sii,https://mopsov.twse.com.tw/mops/web/ajax_t163sb04
中游,電源供應系統,2301,光寶科,2024,2,income_statement,未實現銷貨（損）益,,--,sii,https://mopsov.twse.com.tw/mops/web/ajax_t163sb04
中游,電源供應系統,2301,光寶科,2024,2,income_statement,已實現銷貨（損）益,,--,sii,https://mopsov.twse.com.tw/mops/web/ajax_t163sb04
中游,電源供應系統,2301,光寶科,2024,2,income_statement,營業毛利（毛損）淨額,13234539,"13,234,539",sii,https://mopsov.twse.com.tw/mops/web/ajax_t163sb04
中游,電源供應系統,2301,光寶科,2024,2,income_statement,營業費用,7722556,"7,722,556",sii,https://mopsov.twse.com.tw/mops/web/ajax_t163sb04
中游,電源供應系統,2301,光寶科,2024,2,income_statement,其他收益及費損淨額,,--,sii,https://mopsov.twse.com.tw/mops/web/ajax_t163sb04
中游,電源供應系統,2301,光寶科,2024,2,income_statement,營業利益（損失）,5511983,"5,511,983",sii,https://mopsov.twse.com.tw/mops/web/ajax_t163sb04
中游,電源供應系統,2301,光寶科,2024,2,income_statement,營業外收入及支出,1700481,"1,700,481",sii,https://mopsov.twse.com.tw/mops/web/ajax_t163sb04
中游,電源供應系統,2301,光寶科,2024,2,income_statement,稅前淨利（淨損）,7212464,"7,212,464",sii,https://mopsov.twse.com.tw/mops/web/ajax_t163sb04
中游,電源供應系統,2301,光寶科,2024,2,income_statement,所得稅費用（利益）,1694929,"1,694,929",sii,https://mopsov.twse.com.tw/mops/web/ajax_t163sb04
中游,電源供應系統,2301,光寶科,2024,2,income_statement,繼續營業單位本期淨利（淨損）,5517535,"5,517,535",sii,https://mopsov.twse.com.tw/mops/web/ajax_t163sb04
中游,電源供應系統,2301,光寶科,2024,2,income_statement,停業單位損益,,--,sii,https://mopsov.twse.com.tw/mops/web/ajax_t163sb04
中游,電源供應系統,2301,光寶科,2024,2,income_statement,合併前非屬共同控制股權損益,,--,sii,https://mopsov.twse.com.tw/mops/web/ajax_t163sb04
中游,電源供應系統,2301,光寶科,2024,2,income_statement,本期淨利（淨損）,5517535,"5,517,535",sii,https://mopsov.twse.com.tw/mops/web/ajax_t163sb04
中游,電源供應系統,2301,光寶科,2024,2,income_statement,其他綜合損益（淨額）,3341722,"3,341,722",sii,https://mopsov.twse.com.tw/mops/web/ajax_t163sb04
中游,電源供應系統,2301,光寶科,2024,2,income_statement,合併前非屬共同控制股權綜合損益淨額,,--,sii,https://mopsov.twse.com.tw/mops/web/ajax_t163sb04
中游,電源供應系統,2301,光寶科,2024,2,income_statement,本期綜合損益總額,8859257,"8,859,257",sii,https://mopsov.twse.com.tw/mops/web/ajax_t163sb04
中游,電源供應系統,2301,光寶科,2024,2,income_statement,淨利（淨損）歸屬於母公司業主,5502694,"5,502,694",sii,https://mopsov.twse.com.tw/mops/web/ajax_t163sb04
中游,電源供應系統,2301,光寶科,2024,2,income_statement,淨利（淨損）歸屬於共同控制下前手權益,,--,sii,https://mopsov.twse.com.tw/mops/web/ajax_t163sb04
中游,電源供應系統,2301,光寶科,2024,2,income_statement,淨利（淨損）歸屬於非控制權益,14841,"14,841",sii,https://mopsov.twse.com.tw/mops/web/ajax_t163sb04
中游,電源供應系統,2301,光寶科,2024,2,income_statement,綜合損益總額歸屬於母公司業主,8808955,"8,808,955",sii,https://mopsov.twse.com.tw/mops/web/ajax_t163sb04
中游,電源供應系統,2301,光寶科,2024,2,income_statement,綜合損益總額歸屬於共同控制下前手權益,,--,sii,https://mopsov.twse.com.tw/mops/web/ajax_t163sb04
中游,電源供應系統,2301,光寶科,2024,2,income_statement,綜合損益總額歸屬於非控制權益,50302,"50,302",sii,https://mopsov.twse.com.tw/mops/web/ajax_t163sb04
中游,電源供應系統,2301,光寶科,2024,2,income_statement,基本每股盈餘（元）,2.4,2.40,sii,https://mopsov.twse.com.tw/mops/web/ajax_t163sb04
中游,電源供應系統,2308,台達電,2024,2,income_statement,營業收入,194741962,"194,741,962",sii,https://mopsov.twse.com.tw/mops/web/ajax_t163sb04
中游,電源供應系統,2308,台達電,2024,2,income_statement,營業成本,132491719,"132,491,719",sii,https://mopsov.twse.com.tw/mops/web/ajax_t163sb04
中游,電源供應系統,2308,台達電,2024,2,income_statement,原始認列生物資產及農產品之利益（損失）,,--,sii,https://mopsov.twse.com.tw/mops/web/ajax_t163sb04
中游,電源供應系統,2308,台達電,2024,2,income_statement,生物資產當期公允價值減出售成本之變動利益（損失）,,--,sii,https://mopsov.twse.com.tw/mops/web/ajax_t163sb04
中游,電源供應系統,2308,台達電,2024,2,income_statement,營業毛利（毛損）,62250243,"62,250,243",sii,https://mopsov.twse.com.tw/mops/web/ajax_t163sb04
中游,電源供應系統,2308,台達電,2024,2,income_statement,未實現銷貨（損）益,,--,sii,https://mopsov.twse.com.tw/mops/web/ajax_t163sb04
中游,電源供應系統,2308,台達電,2024,2,income_statement,已實現銷貨（損）益,,--,sii,https://mopsov.twse.com.tw/mops/web/ajax_t163sb04
中游,電源供應系統,2308,台達電,2024,2,income_statement,營業毛利（毛損）淨額,62250243,"62,250,243",sii,https://mopsov.twse.com.tw/mops/web/ajax_t163sb04
中游,電源供應系統,2308,台達電,2024,2,income_statement,營業費用,41722955,"41,722,955",sii,https://mopsov.twse.com.tw/mops/web/ajax_t163sb04
中游,電源供應系統,2308,台達電,2024,2,income_statement,其他收益及費損淨額,,--,sii,https://mopsov.twse.com.tw/mops/web/ajax_t163sb04
中游,電源供應系統,2308,台達電,2024,2,income_statement,營業利益（損失）,20527288,"20,527,288",sii,https://mopsov.twse.com.tw/mops/web/ajax_t163sb04
中游,電源供應系統,2308,台達電,2024,2,income_statement,營業外收入及支出,3273873,"3,273,873",sii,https://mopsov.twse.com.tw/mops/web/ajax_t163sb04
中游,電源供應系統,2308,台達電,2024,2,income_statement,稅前淨利（淨損）,23801161,"23,801,161",sii,https://mopsov.twse.com.tw/mops/web/ajax_t163sb04
中游,電源供應系統,2308,台達電,2024,2,income_statement,所得稅費用（利益）,4879900,"4,879,900",sii,https://mopsov.twse.com.tw/mops/web/ajax_t163sb04
中游,電源供應系統,2308,台達電,2024,2,income_statement,繼續營業單位本期淨利（淨損）,18921261,"18,921,261",sii,https://mopsov.twse.com.tw/mops/web/ajax_t163sb04
中游,電源供應系統,2308,台達電,2024,2,income_statement,停業單位損益,,--,sii,https://mopsov.twse.com.tw/mops/web/ajax_t163sb04
中游,電源供應系統,2308,台達電,2024,2,income_statement,合併前非屬共同控制股權損益,,--,sii,https://mopsov.twse.com.tw/mops/web/ajax_t163sb04
中游,電源供應系統,2308,台達電,2024,2,income_statement,本期淨利（淨損）,18921261,"18,921,261",sii,https://mopsov.twse.com.tw/mops/web/ajax_t163sb04
中游,電源供應系統,2308,台達電,2024,2,income_statement,其他綜合損益（淨額）,9506902,"9,506,902",sii,https://mopsov.twse.com.tw/mops/web/ajax_t163sb04
中游,電源供應系統,2308,台達電,2024,2,income_statement,合併前非屬共同控制股權綜合損益淨額,,--,sii,https://mopsov.twse.com.tw/mops/web/ajax_t163sb04
中游,電源供應系統,2308,台達電,2024,2,income_statement,本期綜合損益總額,28428163,"28,428,163",sii,https://mopsov.twse.com.tw/mops/web/ajax_t163sb04
中游,電源供應系統,2308,台達電,2024,2,income_statement,淨利（淨損）歸屬於母公司業主,15711783,"15,711,783",sii,https://mopsov.twse.com.tw/mops/web/ajax_t163sb04
中游,電源供應系統,2308,台達電,2024,2,income_statement,淨利（淨損）歸屬於共同控制下前手權益,,--,sii,https://mopsov.twse.com.tw/mops/web/ajax_t163sb04
中游,電源供應系統,2308,台達電,2024,2,income_statement,淨利（淨損）歸屬於非控制權益,3209478,"3,209,478",sii,https://mopsov.twse.com.tw/mops/web/ajax_t163sb04
中游,電源供應系統,2308,台達電,2024,2,income_statement,綜合損益總額歸屬於母公司業主,24061533,"24,061,533",sii,https://mopsov.twse.com.tw/mops/web/ajax_t163sb04
中游,電源供應系統,2308,台達電,2024,2,income_statement,綜合損益總額歸屬於共同控制下前手權益,,--,sii,https://mopsov.twse.com.tw/mops/web/ajax_t163sb04
中游,電源供應系統,2308,台達電,2024,2,income_statement,綜合損益總額歸屬於非控制權益,4366630,"4,366,630",sii,https://mopsov.twse.com.tw/mops/web/ajax_t163sb04
中游,電源供應系統,2308,台達電,2024,2,income_statement,基本每股盈餘（元）,6.05,6.05,sii,https://mopsov.twse.com.tw/mops/web/ajax_t163sb04
中游,電源供應系統,2301,光寶科,2024,2,balance_sheet,流動資產,160822684,"160,822,684",sii,https://mopsov.twse.com.tw/mops/web/ajax_t163sb05
中游,電源供應系統,2301,光寶科,2024,2,balance_sheet,非流動資產,31462923,"31,462,923",sii,https://mopsov.twse.com.tw/mops/web/ajax_t163sb05
中游,電源供應系統,2301,光寶科,2024,2,balance_sheet,資產總計,192285607,"192,285,607",sii,https://mopsov.twse.com.tw/mops/web/ajax_t163sb05
中游,電源供應系統,2301,光寶科,2024,2,balance_sheet,流動負債,98762028,"98,762,028",sii,https://mopsov.twse.com.tw/mops/web/ajax_t163sb05
中游,電源供應系統,2301,光寶科,2024,2,balance_sheet,非流動負債,5753580,"5,753,580",sii,https://mopsov.twse.com.tw/mops/web/ajax_t163sb05
中游,電源供應系統,2301,光寶科,2024,2,balance_sheet,負債總計,104515608,"104,515,608",sii,https://mopsov.twse.com.tw/mops/web/ajax_t163sb05
中游,電源供應系統,2301,光寶科,2024,2,balance_sheet,股本,23472500,"23,472,500",sii,https://mopsov.twse.com.tw/mops/web/ajax_t163sb05
中游,電源供應系統,2301,光寶科,2024,2,balance_sheet,權益─具證券性質之虛擬通貨,,--,sii,https://mopsov.twse.com.tw/mops/web/ajax_t163sb05
中游,電源供應系統,2301,光寶科,2024,2,balance_sheet,資本公積,22447040,"22,447,040",sii,https://mopsov.twse.com.tw/mops/web/ajax_t163sb05
中游,電源供應系統,2301,光寶科,2024,2,balance_sheet,保留盈餘,44424568,"44,424,568",sii,https://mopsov.twse.com.tw/mops/web/ajax_t163sb05
中游,電源供應系統,2301,光寶科,2024,2,balance_sheet,其他權益,-298920,"-298,920",sii,https://mopsov.twse.com.tw/mops/web/ajax_t163sb05
中游,電源供應系統,2301,光寶科,2024,2,balance_sheet,庫藏股票,-2726963,"-2,726,963",sii,https://mopsov.twse.com.tw/mops/web/ajax_t163sb05
中游,電源供應系統,2301,光寶科,2024,2,balance_sheet,歸屬於母公司業主之權益合計,87318225,"87,318,225",sii,https://mopsov.twse.com.tw/mops/web/ajax_t163sb05
中游,電源供應系統,2301,光寶科,2024,2,balance_sheet,共同控制下前手權益,,--,sii,https://mopsov.twse.com.tw/mops/web/ajax_t163sb05
中游,電源供應系統,2301,光寶科,2024,2,balance_sheet,合併前非屬共同控制股權,,--,sii,https://mopsov.twse.com.tw/mops/web/ajax_t163sb05
中游,電源供應系統,2301,光寶科,2024,2,balance_sheet,非控制權益,451774,"451,774",sii,https://mopsov.twse.com.tw/mops/web/ajax_t163sb05
中游,電源供應系統,2301,光寶科,2024,2,balance_sheet,權益總計,87769999,"87,769,999",sii,https://mopsov.twse.com.tw/mops/web/ajax_t163sb05
中游,電源供應系統,2301,光寶科,2024,2,balance_sheet,待註銷股本股數（單位：股）,,--,sii,https://mopsov.twse.com.tw/mops/web/ajax_t163sb05
中游,電源供應系統,2301,光寶科,2024,2,balance_sheet,預收股款（權益項下）之約當發行股數（單位：股）,0,0,sii,https://mopsov.twse.com.tw/mops/web/ajax_t163sb05
中游,電源供應系統,2301,光寶科,2024,2,balance_sheet,母公司暨子公司所持有之母公司庫藏股股數（單位：股）,47004221,"47,004,221",sii,https://mopsov.twse.com.tw/mops/web/ajax_t163sb05
中游,電源供應系統,2301,光寶科,2024,2,balance_sheet,每股參考淨值,37.96,37.96,sii,https://mopsov.twse.com.tw/mops/web/ajax_t163sb05
中游,電源供應系統,2308,台達電,2024,2,balance_sheet,流動資產,281977064,"281,977,064",sii,https://mopsov.twse.com.tw/mops/web/ajax_t163sb05
中游,電源供應系統,2308,台達電,2024,2,balance_sheet,非流動資產,211851194,"211,851,194",sii,https://mopsov.twse.com.tw/mops/web/ajax_t163sb05
中游,電源供應系統,2308,台達電,2024,2,balance_sheet,資產總計,493828258,"493,828,258",sii,https://mopsov.twse.com.tw/mops/web/ajax_t163sb05
中游,電源供應系統,2308,台達電,2024,2,balance_sheet,流動負債,143877495,"143,877,495",sii,https://mopsov.twse.com.tw/mops/web/ajax_t163sb05
中游,電源供應系統,2308,台達電,2024,2,balance_sheet,非流動負債,97446498,"97,446,498",sii,https://mopsov.twse.com.tw/mops/web/ajax_t163sb05
中游,電源供應系統,2308,台達電,2024,2,balance_sheet,負債總計,241323993,"241,323,993",sii,https://mopsov.twse.com.tw/mops/web/ajax_t163sb05
中游,電源供應系統,2308,台達電,2024,2,balance_sheet,股本,25975433,"25,975,433",sii,https://mopsov.twse.com.tw/mops/web/ajax_t163sb05
中游,電源供應系統,2308,台達電,2024,2,balance_sheet,權益─具證券性質之虛擬通貨,,--,sii,https://mopsov.twse.com.tw/mops/web/ajax_t163sb05
中游,電源供應系統,2308,台達電,2024,2,balance_sheet,資本公積,54638435,"54,638,435",sii,https://mopsov.twse.com.tw/mops/web/ajax_t163sb05
中游,電源供應系統,2308,台達電,2024,2,balance_sheet,保留盈餘,121557794,"121,557,794",sii,https://mopsov.twse.com.tw/mops/web/ajax_t163sb05
中游,電源供應系統,2308,台達電,2024,2,balance_sheet,其他權益,4352889,"4,352,889",sii,https://mopsov.twse.com.tw/mops/web/ajax_t163sb05
中游,電源供應系統,2308,台達電,2024,2,balance_sheet,庫藏股票,,--,sii,https://mopsov.twse.com.tw/mops/web/ajax_t163sb05
中游,電源供應系統,2308,台達電,2024,2,balance_sheet,歸屬於母公司業主之權益合計,206524551,"206,524,551",sii,https://mopsov.twse.com.tw/mops/web/ajax_t163sb05
中游,電源供應系統,2308,台達電,2024,2,balance_sheet,共同控制下前手權益,,--,sii,https://mopsov.twse.com.tw/mops/web/ajax_t163sb05
中游,電源供應系統,2308,台達電,2024,2,balance_sheet,合併前非屬共同控制股權,,--,sii,https://mopsov.twse.com.tw/mops/web/ajax_t163sb05
中游,電源供應系統,2308,台達電,2024,2,balance_sheet,非控制權益,45979714,"45,979,714",sii,https://mopsov.twse.com.tw/mops/web/ajax_t163sb05
中游,電源供應系統,2308,台達電,2024,2,balance_sheet,權益總計,252504265,"252,504,265",sii,https://mopsov.twse.com.tw/mops/web/ajax_t163sb05
中游,電源供應系統,2308,台達電,2024,2,balance_sheet,待註銷股本股數（單位：股）,0,0,sii,https://mopsov.twse.com.tw/mops/web/ajax_t163sb05
中游,電源供應系統,2308,台達電,2024,2,balance_sheet,預收股款（權益項下）之約當發行股數（單位：股）,0,0,sii,https://mopsov.twse.com.tw/mops/web/ajax_t163sb05
中游,電源供應系統,2308,台達電,2024,2,balance_sheet,母公司暨子公司所持有之母公司庫藏股股數（單位：股）,0,0,sii,https://mopsov.twse.com.tw/mops/web/ajax_t163sb05
中游,電源供應系統,2308,台達電,2024,2,balance_sheet,每股參考淨值,79.51,79.51,sii,https://mopsov.twse.com.tw/mops/web/ajax_t163sb05
中游,電源供應系統,2301,光寶科,2024,2,cash_flow,營業活動之淨現金流入（流出）,749902,"749,902",sii,https://mopsov.twse.com.tw/mops/web/ajax_t163sb20
中游,電源供應系統,2301,光寶科,2024,2,cash_flow,投資活動之淨現金流入（流出）,-1965409,"-1,965,409",sii,https://mopsov.twse.com.tw/mops/web/ajax_t163sb20
中游,電源供應系統,2301,光寶科,2024,2,cash_flow,籌資活動之淨現金流入（流出）,2563950,"2,563,950",sii,https://mopsov.twse.com.tw/mops/web/ajax_t163sb20
中游,電源供應系統,2301,光寶科,2024,2,cash_flow,匯率變動對現金及約當現金之影響,2635877,"2,635,877",sii,https://mopsov.twse.com.tw/mops/web/ajax_t163sb20
中游,電源供應系統,2301,光寶科,2024,2,cash_flow,本期現金及約當現金增加（減少）數,3984320,"3,984,320",sii,https://mopsov.twse.com.tw/mops/web/ajax_t163sb20
中游,電源供應系統,2301,光寶科,2024,2,cash_flow,期初現金及約當現金餘額,92742033,"92,742,033",sii,https://mopsov.twse.com.tw/mops/web/ajax_t163sb20
中游,電源供應系統,2301,光寶科,2024,2,cash_flow,期末現金及約當現金餘額,96726353,"96,726,353",sii,https://mopsov.twse.com.tw/mops/web/ajax_t163sb20
中游,電源供應系統,2308,台達電,2024,2,cash_flow,營業活動之淨現金流入（流出）,31925909,"31,925,909",sii,https://mopsov.twse.com.tw/mops/web/ajax_t163sb20
中游,電源供應系統,2308,台達電,2024,2,cash_flow,投資活動之淨現金流入（流出）,-20188671,"-20,188,671",sii,https://mopsov.twse.com.tw/mops/web/ajax_t163sb20
中游,電源供應系統,2308,台達電,2024,2,cash_flow,籌資活動之淨現金流入（流出）,1486753,"1,486,753",sii,https://mopsov.twse.com.tw/mops/web/ajax_t163sb20
中游,電源供應系統,2308,台達電,2024,2,cash_flow,匯率變動對現金及約當現金之影響,4887470,"4,887,470",sii,https://mopsov.twse.com.tw/mops/web/ajax_t163sb20
中游,電源供應系統,2308,台達電,2024,2,cash_flow,本期現金及約當現金增加（減少）數,18111461,"18,111,461",sii,https://mopsov.twse.com.tw/mops/web/ajax_t163sb20
中游,電源供應系統,2308,台達電,2024,2,cash_flow,期初現金及約當現金餘額,87455916,"87,455,916",sii,https://mopsov.twse.com.tw/mops/web/ajax_t163sb20
中游,電源供應系統,2308,台達電,2024,2,cash_flow,期末現金及約當現金餘額,105567377,"105,567,377",sii,https://mopsov.twse.com.tw/mops/web/ajax_t163sb20
中游,電源供應系統,2301,光寶科,2024,3,income_statement,營業收入,98834478,"98,834,478",sii,https://mopsov.twse.com.tw/mops/web/ajax_t163sb04
中游,電源供應系統,2301,光寶科,2024,3,income_statement,營業成本,77348511,"77,348,511",sii,https://mopsov.twse.com.tw/mops/web/ajax_t163sb04
中游,電源供應系統,2301,光寶科,2024,3,income_statement,原始認列生物資產及農產品之利益（損失）,,--,sii,https://mopsov.twse.com.tw/mops/web/ajax_t163sb04
中游,電源供應系統,2301,光寶科,2024,3,income_statement,生物資產當期公允價值減出售成本之變動利益（損失）,,--,sii,https://mopsov.twse.com.tw/mops/web/ajax_t163sb04
中游,電源供應系統,2301,光寶科,2024,3,income_statement,營業毛利（毛損）,21485967,"21,485,967",sii,https://mopsov.twse.com.tw/mops/web/ajax_t163sb04
中游,電源供應系統,2301,光寶科,2024,3,income_statement,未實現銷貨（損）益,,--,sii,https://mopsov.twse.com.tw/mops/web/ajax_t163sb04
中游,電源供應系統,2301,光寶科,2024,3,income_statement,已實現銷貨（損）益,,--,sii,https://mopsov.twse.com.tw/mops/web/ajax_t163sb04
中游,電源供應系統,2301,光寶科,2024,3,income_statement,營業毛利（毛損）淨額,21485967,"21,485,967",sii,https://mopsov.twse.com.tw/mops/web/ajax_t163sb04
中游,電源供應系統,2301,光寶科,2024,3,income_statement,營業費用,12049092,"12,049,092",sii,https://mopsov.twse.com.tw/mops/web/ajax_t163sb04
中游,電源供應系統,2301,光寶科,2024,3,income_statement,其他收益及費損淨額,,--,sii,https://mopsov.twse.com.tw/mops/web/ajax_t163sb04
中游,電源供應系統,2301,光寶科,2024,3,income_statement,營業利益（損失）,9436875,"9,436,875",sii,https://mopsov.twse.com.tw/mops/web/ajax_t163sb04
中游,電源供應系統,2301,光寶科,2024,3,income_statement,營業外收入及支出,2209623,"2,209,623",sii,https://mopsov.twse.com.tw/mops/web/ajax_t163sb04
中游,電源供應系統,2301,光寶科,2024,3,income_statement,稅前淨利（淨損）,11646498,"11,646,498",sii,https://mopsov.twse.com.tw/mops/web/ajax_t163sb04
中游,電源供應系統,2301,光寶科,2024,3,income_statement,所得稅費用（利益）,2736927,"2,736,927",sii,https://mopsov.twse.com.tw/mops/web/ajax_t163sb04
中游,電源供應系統,2301,光寶科,2024,3,income_statement,繼續營業單位本期淨利（淨損）,8909571,"8,909,571",sii,https://mopsov.twse.com.tw/mops/web/ajax_t163sb04
中游,電源供應系統,2301,光寶科,2024,3,income_statement,停業單位損益,,--,sii,https://mopsov.twse.com.tw/mops/web/ajax_t163sb04
中游,電源供應系統,2301,光寶科,2024,3,income_statement,合併前非屬共同控制股權損益,,--,sii,https://mopsov.twse.com.tw/mops/web/ajax_t163sb04
中游,電源供應系統,2301,光寶科,2024,3,income_statement,本期淨利（淨損）,8909571,"8,909,571",sii,https://mopsov.twse.com.tw/mops/web/ajax_t163sb04
中游,電源供應系統,2301,光寶科,2024,3,income_statement,其他綜合損益（淨額）,3046048,"3,046,048",sii,https://mopsov.twse.com.tw/mops/web/ajax_t163sb04
中游,電源供應系統,2301,光寶科,2024,3,income_statement,合併前非屬共同控制股權綜合損益淨額,,--,sii,https://mopsov.twse.com.tw/mops/web/ajax_t163sb04
中游,電源供應系統,2301,光寶科,2024,3,income_statement,本期綜合損益總額,11955619,"11,955,619",sii,https://mopsov.twse.com.tw/mops/web/ajax_t163sb04
中游,電源供應系統,2301,光寶科,2024,3,income_statement,淨利（淨損）歸屬於母公司業主,8892825,"8,892,825",sii,https://mopsov.twse.com.tw/mops/web/ajax_t163sb04
中游,電源供應系統,2301,光寶科,2024,3,income_statement,淨利（淨損）歸屬於共同控制下前手權益,,--,sii,https://mopsov.twse.com.tw/mops/web/ajax_t163sb04
中游,電源供應系統,2301,光寶科,2024,3,income_statement,淨利（淨損）歸屬於非控制權益,16746,"16,746",sii,https://mopsov.twse.com.tw/mops/web/ajax_t163sb04
中游,電源供應系統,2301,光寶科,2024,3,income_statement,綜合損益總額歸屬於母公司業主,11898320,"11,898,320",sii,https://mopsov.twse.com.tw/mops/web/ajax_t163sb04
中游,電源供應系統,2301,光寶科,2024,3,income_statement,綜合損益總額歸屬於共同控制下前手權益,,--,sii,https://mopsov.twse.com.tw/mops/web/ajax_t163sb04
中游,電源供應系統,2301,光寶科,2024,3,income_statement,綜合損益總額歸屬於非控制權益,57299,"57,299",sii,https://mopsov.twse.com.tw/mops/web/ajax_t163sb04
中游,電源供應系統,2301,光寶科,2024,3,income_statement,基本每股盈餘（元）,3.88,3.88,sii,https://mopsov.twse.com.tw/mops/web/ajax_t163sb04
中游,電源供應系統,2308,台達電,2024,3,income_statement,營業收入,306945074,"306,945,074",sii,https://mopsov.twse.com.tw/mops/web/ajax_t163sb04
中游,電源供應系統,2308,台達電,2024,3,income_statement,營業成本,205501211,"205,501,211",sii,https://mopsov.twse.com.tw/mops/web/ajax_t163sb04
中游,電源供應系統,2308,台達電,2024,3,income_statement,原始認列生物資產及農產品之利益（損失）,,--,sii,https://mopsov.twse.com.tw/mops/web/ajax_t163sb04
中游,電源供應系統,2308,台達電,2024,3,income_statement,生物資產當期公允價值減出售成本之變動利益（損失）,,--,sii,https://mopsov.twse.com.tw/mops/web/ajax_t163sb04
中游,電源供應系統,2308,台達電,2024,3,income_statement,營業毛利（毛損）,101443863,"101,443,863",sii,https://mopsov.twse.com.tw/mops/web/ajax_t163sb04
中游,電源供應系統,2308,台達電,2024,3,income_statement,未實現銷貨（損）益,,--,sii,https://mopsov.twse.com.tw/mops/web/ajax_t163sb04
中游,電源供應系統,2308,台達電,2024,3,income_statement,已實現銷貨（損）益,,--,sii,https://mopsov.twse.com.tw/mops/web/ajax_t163sb04
中游,電源供應系統,2308,台達電,2024,3,income_statement,營業毛利（毛損）淨額,101443863,"101,443,863",sii,https://mopsov.twse.com.tw/mops/web/ajax_t163sb04
中游,電源供應系統,2308,台達電,2024,3,income_statement,營業費用,64493538,"64,493,538",sii,https://mopsov.twse.com.tw/mops/web/ajax_t163sb04
中游,電源供應系統,2308,台達電,2024,3,income_statement,其他收益及費損淨額,,--,sii,https://mopsov.twse.com.tw/mops/web/ajax_t163sb04
中游,電源供應系統,2308,台達電,2024,3,income_statement,營業利益（損失）,36950325,"36,950,325",sii,https://mopsov.twse.com.tw/mops/web/ajax_t163sb04
中游,電源供應系統,2308,台達電,2024,3,income_statement,營業外收入及支出,4525639,"4,525,639",sii,https://mopsov.twse.com.tw/mops/web/ajax_t163sb04
中游,電源供應系統,2308,台達電,2024,3,income_statement,稅前淨利（淨損）,41475964,"41,475,964",sii,https://mopsov.twse.com.tw/mops/web/ajax_t163sb04
中游,電源供應系統,2308,台達電,2024,3,income_statement,所得稅費用（利益）,8407808,"8,407,808",sii,https://mopsov.twse.com.tw/mops/web/ajax_t163sb04
中游,電源供應系統,2308,台達電,2024,3,income_statement,繼續營業單位本期淨利（淨損）,33068156,"33,068,156",sii,https://mopsov.twse.com.tw/mops/web/ajax_t163sb04
中游,電源供應系統,2308,台達電,2024,3,income_statement,停業單位損益,,--,sii,https://mopsov.twse.com.tw/mops/web/ajax_t163sb04
中游,電源供應系統,2308,台達電,2024,3,income_statement,合併前非屬共同控制股權損益,,--,sii,https://mopsov.twse.com.tw/mops/web/ajax_t163sb04
中游,電源供應系統,2308,台達電,2024,3,income_statement,本期淨利（淨損）,33068156,"33,068,156",sii,https://mopsov.twse.com.tw/mops/web/ajax_t163sb04
中游,電源供應系統,2308,台達電,2024,3,income_statement,其他綜合損益（淨額）,10592791,"10,592,791",sii,https://mopsov.twse.com.tw/mops/web/ajax_t163sb04
中游,電源供應系統,2308,台達電,2024,3,income_statement,合併前非屬共同控制股權綜合損益淨額,,--,sii,https://mopsov.twse.com.tw/mops/web/ajax_t163sb04
中游,電源供應系統,2308,台達電,2024,3,income_statement,本期綜合損益總額,43660947,"43,660,947",sii,https://mopsov.twse.com.tw/mops/web/ajax_t163sb04
中游,電源供應系統,2308,台達電,2024,3,income_statement,淨利（淨損）歸屬於母公司業主,28051013,"28,051,013",sii,https://mopsov.twse.com.tw/mops/web/ajax_t163sb04
中游,電源供應系統,2308,台達電,2024,3,income_statement,淨利（淨損）歸屬於共同控制下前手權益,,--,sii,https://mopsov.twse.com.tw/mops/web/ajax_t163sb04
中游,電源供應系統,2308,台達電,2024,3,income_statement,淨利（淨損）歸屬於非控制權益,5017143,"5,017,143",sii,https://mopsov.twse.com.tw/mops/web/ajax_t163sb04
中游,電源供應系統,2308,台達電,2024,3,income_statement,綜合損益總額歸屬於母公司業主,36123192,"36,123,192",sii,https://mopsov.twse.com.tw/mops/web/ajax_t163sb04
中游,電源供應系統,2308,台達電,2024,3,income_statement,綜合損益總額歸屬於共同控制下前手權益,,--,sii,https://mopsov.twse.com.tw/mops/web/ajax_t163sb04
中游,電源供應系統,2308,台達電,2024,3,income_statement,綜合損益總額歸屬於非控制權益,7537755,"7,537,755",sii,https://mopsov.twse.com.tw/mops/web/ajax_t163sb04
中游,電源供應系統,2308,台達電,2024,3,income_statement,基本每股盈餘（元）,10.8,10.80,sii,https://mopsov.twse.com.tw/mops/web/ajax_t163sb04
中游,電源供應系統,2301,光寶科,2024,3,balance_sheet,流動資產,162662948,"162,662,948",sii,https://mopsov.twse.com.tw/mops/web/ajax_t163sb05
中游,電源供應系統,2301,光寶科,2024,3,balance_sheet,非流動資產,34314727,"34,314,727",sii,https://mopsov.twse.com.tw/mops/web/ajax_t163sb05
中游,電源供應系統,2301,光寶科,2024,3,balance_sheet,資產總計,196977675,"196,977,675",sii,https://mopsov.twse.com.tw/mops/web/ajax_t163sb05
中游,電源供應系統,2301,光寶科,2024,3,balance_sheet,流動負債,104784487,"104,784,487",sii,https://mopsov.twse.com.tw/mops/web/ajax_t163sb05
中游,電源供應系統,2301,光寶科,2024,3,balance_sheet,非流動負債,5741330,"5,741,330",sii,https://mopsov.twse.com.tw/mops/web/ajax_t163sb05
中游,電源供應系統,2301,光寶科,2024,3,balance_sheet,負債總計,110525817,"110,525,817",sii,https://mopsov.twse.com.tw/mops/web/ajax_t163sb05
中游,電源供應系統,2301,光寶科,2024,3,balance_sheet,股本,23472500,"23,472,500",sii,https://mopsov.twse.com.tw/mops/web/ajax_t163sb05
中游,電源供應系統,2301,光寶科,2024,3,balance_sheet,權益─具證券性質之虛擬通貨,,--,sii,https://mopsov.twse.com.tw/mops/web/ajax_t163sb05
中游,電源供應系統,2301,光寶科,2024,3,balance_sheet,資本公積,22452470,"22,452,470",sii,https://mopsov.twse.com.tw/mops/web/ajax_t163sb05
中游,電源供應系統,2301,光寶科,2024,3,balance_sheet,保留盈餘,43200280,"43,200,280",sii,https://mopsov.twse.com.tw/mops/web/ajax_t163sb05
中游,電源供應系統,2301,光寶科,2024,3,balance_sheet,其他權益,-405200,"-405,200",sii,https://mopsov.twse.com.tw/mops/web/ajax_t163sb05
中游,電源供應系統,2301,光寶科,2024,3,balance_sheet,庫藏股票,-2726963,"-2,726,963",sii,https://mopsov.twse.com.tw/mops/web/ajax_t163sb05
中游,電源供應系統,2301,光寶科,2024,3,balance_sheet,歸屬於母公司業主之權益合計,85993087,"85,993,087",sii,https://mopsov.twse.com.tw/mops/web/ajax_t163sb05
中游,電源供應系統,2301,光寶科,2024,3,balance_sheet,共同控制下前手權益,,--,sii,https://mopsov.twse.com.tw/mops/web/ajax_t163sb05
中游,電源供應系統,2301,光寶科,2024,3,balance_sheet,合併前非屬共同控制股權,,--,sii,https://mopsov.twse.com.tw/mops/web/ajax_t163sb05
中游,電源供應系統,2301,光寶科,2024,3,balance_sheet,非控制權益,458771,"458,771",sii,https://mopsov.twse.com.tw/mops/web/ajax_t163sb05
中游,電源供應系統,2301,光寶科,2024,3,balance_sheet,權益總計,86451858,"86,451,858",sii,https://mopsov.twse.com.tw/mops/web/ajax_t163sb05
中游,電源供應系統,2301,光寶科,2024,3,balance_sheet,待註銷股本股數（單位：股）,,--,sii,https://mopsov.twse.com.tw/mops/web/ajax_t163sb05
中游,電源供應系統,2301,光寶科,2024,3,balance_sheet,預收股款（權益項下）之約當發行股數（單位：股）,0,0,sii,https://mopsov.twse.com.tw/mops/web/ajax_t163sb05
中游,電源供應系統,2301,光寶科,2024,3,balance_sheet,母公司暨子公司所持有之母公司庫藏股股數（單位：股）,47004221,"47,004,221",sii,https://mopsov.twse.com.tw/mops/web/ajax_t163sb05
中游,電源供應系統,2301,光寶科,2024,3,balance_sheet,每股參考淨值,37.38,37.38,sii,https://mopsov.twse.com.tw/mops/web/ajax_t163sb05
中游,電源供應系統,2308,台達電,2024,3,balance_sheet,流動資產,308468362,"308,468,362",sii,https://mopsov.twse.com.tw/mops/web/ajax_t163sb05
中游,電源供應系統,2308,台達電,2024,3,balance_sheet,非流動資產,214100317,"214,100,317",sii,https://mopsov.twse.com.tw/mops/web/ajax_t163sb05
中游,電源供應系統,2308,台達電,2024,3,balance_sheet,資產總計,522568679,"522,568,679",sii,https://mopsov.twse.com.tw/mops/web/ajax_t163sb05
中游,電源供應系統,2308,台達電,2024,3,balance_sheet,流動負債,135970693,"135,970,693",sii,https://mopsov.twse.com.tw/mops/web/ajax_t163sb05
中游,電源供應系統,2308,台達電,2024,3,balance_sheet,非流動負債,118874197,"118,874,197",sii,https://mopsov.twse.com.tw/mops/web/ajax_t163sb05
中游,電源供應系統,2308,台達電,2024,3,balance_sheet,負債總計,254844890,"254,844,890",sii,https://mopsov.twse.com.tw/mops/web/ajax_t163sb05
中游,電源供應系統,2308,台達電,2024,3,balance_sheet,股本,25975433,"25,975,433",sii,https://mopsov.twse.com.tw/mops/web/ajax_t163sb05
中游,電源供應系統,2308,台達電,2024,3,balance_sheet,權益─具證券性質之虛擬通貨,,--,sii,https://mopsov.twse.com.tw/mops/web/ajax_t163sb05
中游,電源供應系統,2308,台達電,2024,3,balance_sheet,資本公積,54638435,"54,638,435",sii,https://mopsov.twse.com.tw/mops/web/ajax_t163sb05
中游,電源供應系統,2308,台達電,2024,3,balance_sheet,保留盈餘,133898224,"133,898,224",sii,https://mopsov.twse.com.tw/mops/web/ajax_t163sb05
中游,電源供應系統,2308,台達電,2024,3,balance_sheet,其他權益,4074151,"4,074,151",sii,https://mopsov.twse.com.tw/mops/web/ajax_t163sb05
中游,電源供應系統,2308,台達電,2024,3,balance_sheet,庫藏股票,,--,sii,https://mopsov.twse.com.tw/mops/web/ajax_t163sb05
中游,電源供應系統,2308,台達電,2024,3,balance_sheet,歸屬於母公司業主之權益合計,218586243,"218,586,243",sii,https://mopsov.twse.com.tw/mops/web/ajax_t163sb05
中游,電源供應系統,2308,台達電,2024,3,balance_sheet,共同控制下前手權益,,--,sii,https://mopsov.twse.com.tw/mops/web/ajax_t163sb05
中游,電源供應系統,2308,台達電,2024,3,balance_sheet,合併前非屬共同控制股權,,--,sii,https://mopsov.twse.com.tw/mops/web/ajax_t163sb05
中游,電源供應系統,2308,台達電,2024,3,balance_sheet,非控制權益,49137546,"49,137,546",sii,https://mopsov.twse.com.tw/mops/web/ajax_t163sb05
中游,電源供應系統,2308,台達電,2024,3,balance_sheet,權益總計,267723789,"267,723,789",sii,https://mopsov.twse.com.tw/mops/web/ajax_t163sb05
中游,電源供應系統,2308,台達電,2024,3,balance_sheet,待註銷股本股數（單位：股）,0,0,sii,https://mopsov.twse.com.tw/mops/web/ajax_t163sb05
中游,電源供應系統,2308,台達電,2024,3,balance_sheet,預收股款（權益項下）之約當發行股數（單位：股）,0,0,sii,https://mopsov.twse.com.tw/mops/web/ajax_t163sb05
中游,電源供應系統,2308,台達電,2024,3,balance_sheet,母公司暨子公司所持有之母公司庫藏股股數（單位：股）,0,0,sii,https://mopsov.twse.com.tw/mops/web/ajax_t163sb05
中游,電源供應系統,2308,台達電,2024,3,balance_sheet,每股參考淨值,84.15,84.15,sii,https://mopsov.twse.com.tw/mops/web/ajax_t163sb05
中游,電源供應系統,2301,光寶科,2024,3,cash_flow,營業活動之淨現金流入（流出）,7253528,"7,253,528",sii,https://mopsov.twse.com.tw/mops/web/ajax_t163sb20
中游,電源供應系統,2301,光寶科,2024,3,cash_flow,投資活動之淨現金流入（流出）,-3040846,"-3,040,846",sii,https://mopsov.twse.com.tw/mops/web/ajax_t163sb20
中游,電源供應系統,2301,光寶科,2024,3,cash_flow,籌資活動之淨現金流入（流出）,-1283178,"-1,283,178",sii,https://mopsov.twse.com.tw/mops/web/ajax_t163sb20
中游,電源供應系統,2301,光寶科,2024,3,cash_flow,匯率變動對現金及約當現金之影響,3347494,"3,347,494",sii,https://mopsov.twse.com.tw/mops/web/ajax_t163sb20
中游,電源供應系統,2301,光寶科,2024,3,cash_flow,本期現金及約當現金增加（減少）數,6276998,"6,276,998",sii,https://mopsov.twse.com.tw/mops/web/ajax_t163sb20
中游,電源供應系統,2301,光寶科,2024,3,cash_flow,期初現金及約當現金餘額,92742033,"92,742,033",sii,https://mopsov.twse.com.tw/mops/web/ajax_t163sb20
中游,電源供應系統,2301,光寶科,2024,3,cash_flow,期末現金及約當現金餘額,99019031,"99,019,031",sii,https://mopsov.twse.com.tw/mops/web/ajax_t163sb20
中游,電源供應系統,2308,台達電,2024,3,cash_flow,營業活動之淨現金流入（流出）,51190776,"51,190,776",sii,https://mopsov.twse.com.tw/mops/web/ajax_t163sb20
中游,電源供應系統,2308,台達電,2024,3,cash_flow,投資活動之淨現金流入（流出）,-27037744,"-27,037,744",sii,https://mopsov.twse.com.tw/mops/web/ajax_t163sb20
中游,電源供應系統,2308,台達電,2024,3,cash_flow,籌資活動之淨現金流入（流出）,3529093,"3,529,093",sii,https://mopsov.twse.com.tw/mops/web/ajax_t163sb20
中游,電源供應系統,2308,台達電,2024,3,cash_flow,匯率變動對現金及約當現金之影響,5306774,"5,306,774",sii,https://mopsov.twse.com.tw/mops/web/ajax_t163sb20
中游,電源供應系統,2308,台達電,2024,3,cash_flow,本期現金及約當現金增加（減少）數,32988899,"32,988,899",sii,https://mopsov.twse.com.tw/mops/web/ajax_t163sb20
中游,電源供應系統,2308,台達電,2024,3,cash_flow,期初現金及約當現金餘額,87455916,"87,455,916",sii,https://mopsov.twse.com.tw/mops/web/ajax_t163sb20
中游,電源供應系統,2308,台達電,2024,3,cash_flow,期末現金及約當現金餘額,120444815,"120,444,815",sii,https://mopsov.twse.com.tw/mops/web/ajax_t163sb20
中游,電源供應系統,2301,光寶科,2024,4,income_statement,營業收入,137133894,"137,133,894",sii,https://mopsov.twse.com.tw/mops/web/ajax_t163sb04
中游,電源供應系統,2301,光寶科,2024,4,income_statement,營業成本,107504163,"107,504,163",sii,https://mopsov.twse.com.tw/mops/web/ajax_t163sb04
中游,電源供應系統,2301,光寶科,2024,4,income_statement,原始認列生物資產及農產品之利益（損失）,,--,sii,https://mopsov.twse.com.tw/mops/web/ajax_t163sb04
中游,電源供應系統,2301,光寶科,2024,4,income_statement,生物資產當期公允價值減出售成本之變動利益（損失）,,--,sii,https://mopsov.twse.com.tw/mops/web/ajax_t163sb04
中游,電源供應系統,2301,光寶科,2024,4,income_statement,營業毛利（毛損）,29629731,"29,629,731",sii,https://mopsov.twse.com.tw/mops/web/ajax_t163sb04
中游,電源供應系統,2301,光寶科,2024,4,income_statement,未實現銷貨（損）益,,--,sii,https://mopsov.twse.com.tw/mops/web/ajax_t163sb04
中游,電源供應系統,2301,光寶科,2024,4,income_statement,已實現銷貨（損）益,,--,sii,https://mopsov.twse.com.tw/mops/web/ajax_t163sb04
中游,電源供應系統,2301,光寶科,2024,4,income_statement,營業毛利（毛損）淨額,29629731,"29,629,731",sii,https://mopsov.twse.com.tw/mops/web/ajax_t163sb04
中游,電源供應系統,2301,光寶科,2024,4,income_statement,營業費用,16695798,"16,695,798",sii,https://mopsov.twse.com.tw/mops/web/ajax_t163sb04
中游,電源供應系統,2301,光寶科,2024,4,income_statement,其他收益及費損淨額,,--,sii,https://mopsov.twse.com.tw/mops/web/ajax_t163sb04
中游,電源供應系統,2301,光寶科,2024,4,income_statement,營業利益（損失）,12933933,"12,933,933",sii,https://mopsov.twse.com.tw/mops/web/ajax_t163sb04
中游,電源供應系統,2301,光寶科,2024,4,income_statement,營業外收入及支出,2700702,"2,700,702",sii,https://mopsov.twse.com.tw/mops/web/ajax_t163sb04
中游,電源供應系統,2301,光寶科,2024,4,income_statement,稅前淨利（淨損）,15634635,"15,634,635",sii,https://mopsov.twse.com.tw/mops/web/ajax_t163sb04
中游,電源供應系統,2301,光寶科,2024,4,income_statement,所得稅費用（利益）,3674139,"3,674,139",sii,https://mopsov.twse.com.tw/mops/web/ajax_t163sb04
中游,電源供應系統,2301,光寶科,2024,4,income_statement,繼續營業單位本期淨利（淨損）,11960496,"11,960,496",sii,https://mopsov.twse.com.tw/mops/web/ajax_t163sb04
中游,電源供應系統,2301,光寶科,2024,4,income_statement,停業單位損益,,--,sii,https://mopsov.twse.com.tw/mops/web/ajax_t163sb04
中游,電源供應系統,2301,光寶科,2024,4,income_statement,合併前非屬共同控制股權損益,,--,sii,https://mopsov.twse.com.tw/mops/web/ajax_t163sb04
中游,電源供應系統,2301,光寶科,2024,4,income_statement,本期淨利（淨損）,11960496,"11,960,496",sii,https://mopsov.twse.com.tw/mops/web/ajax_t163sb04
中游,電源供應系統,2301,光寶科,2024,4,income_statement,其他綜合損益（淨額）,4667938,"4,667,938",sii,https://mopsov.twse.com.tw/mops/web/ajax_t163sb04
中游,電源供應系統,2301,光寶科,2024,4,income_statement,合併前非屬共同控制股權綜合損益淨額,,--,sii,https://mopsov.twse.com.tw/mops/web/ajax_t163sb04
中游,電源供應系統,2301,光寶科,2024,4,income_statement,本期綜合損益總額,16628434,"16,628,434",sii,https://mopsov.twse.com.tw/mops/web/ajax_t163sb04
中游,電源供應系統,2301,光寶科,2024,4,income_statement,淨利（淨損）歸屬於母公司業主,11941951,"11,941,951",sii,https://mopsov.twse.com.tw/mops/web/ajax_t163sb04
中游,電源供應系統,2301,光寶科,2024,4,income_statement,淨利（淨損）歸屬於共同控制下前手權益,,--,sii,https://mopsov.twse.com.tw/mops/web/ajax_t163sb04
中游,電源供應系統,2301,光寶科,2024,4,income_statement,淨利（淨損）歸屬於非控制權益,18545,"18,545",sii,https://mopsov.twse.com.tw/mops/web/ajax_t163sb04
中游,電源供應系統,2301,光寶科,2024,4,income_statement,綜合損益總額歸屬於母公司業主,16581267,"16,581,267",sii,https://mopsov.twse.com.tw/mops/web/ajax_t163sb04
中游,電源供應系統,2301,光寶科,2024,4,income_statement,綜合損益總額歸屬於共同控制下前手權益,,--,sii,https://mopsov.twse.com.tw/mops/web/ajax_t163sb04
中游,電源供應系統,2301,光寶科,2024,4,income_statement,綜合損益總額歸屬於非控制權益,47167,"47,167",sii,https://mopsov.twse.com.tw/mops/web/ajax_t163sb04
中游,電源供應系統,2301,光寶科,2024,4,income_statement,基本每股盈餘（元）,5.21,5.21,sii,https://mopsov.twse.com.tw/mops/web/ajax_t163sb04
中游,電源供應系統,2308,台達電,2024,4,income_statement,營業收入,421147557,"421,147,557",sii,https://mopsov.twse.com.tw/mops/web/ajax_t163sb04
中游,電源供應系統,2308,台達電,2024,4,income_statement,營業成本,284567383,"284,567,383",sii,https://mopsov.twse.com.tw/mops/web/ajax_t163sb04
中游,電源供應系統,2308,台達電,2024,4,income_statement,原始認列生物資產及農產品之利益（損失）,,--,sii,https://mopsov.twse.com.tw/mops/web/ajax_t163sb04
中游,電源供應系統,2308,台達電,2024,4,income_statement,生物資產當期公允價值減出售成本之變動利益（損失）,,--,sii,https://mopsov.twse.com.tw/mops/web/ajax_t163sb04
中游,電源供應系統,2308,台達電,2024,4,income_statement,營業毛利（毛損）,136580174,"136,580,174",sii,https://mopsov.twse.com.tw/mops/web/ajax_t163sb04
中游,電源供應系統,2308,台達電,2024,4,income_statement,未實現銷貨（損）益,,--,sii,https://mopsov.twse.com.tw/mops/web/ajax_t163sb04
中游,電源供應系統,2308,台達電,2024,4,income_statement,已實現銷貨（損）益,,--,sii,https://mopsov.twse.com.tw/mops/web/ajax_t163sb04
中游,電源供應系統,2308,台達電,2024,4,income_statement,營業毛利（毛損）淨額,136580174,"136,580,174",sii,https://mopsov.twse.com.tw/mops/web/ajax_t163sb04
中游,電源供應系統,2308,台達電,2024,4,income_statement,營業費用,88928406,"88,928,406",sii,https://mopsov.twse.com.tw/mops/web/ajax_t163sb04
中游,電源供應系統,2308,台達電,2024,4,income_statement,其他收益及費損淨額,,--,sii,https://mopsov.twse.com.tw/mops/web/ajax_t163sb04
中游,電源供應系統,2308,台達電,2024,4,income_statement,營業利益（損失）,47651768,"47,651,768",sii,https://mopsov.twse.com.tw/mops/web/ajax_t163sb04
中游,電源供應系統,2308,台達電,2024,4,income_statement,營業外收入及支出,3663860,"3,663,860",sii,https://mopsov.twse.com.tw/mops/web/ajax_t163sb04
中游,電源供應系統,2308,台達電,2024,4,income_statement,稅前淨利（淨損）,51315628,"51,315,628",sii,https://mopsov.twse.com.tw/mops/web/ajax_t163sb04
中游,電源供應系統,2308,台達電,2024,4,income_statement,所得稅費用（利益）,10924528,"10,924,528",sii,https://mopsov.twse.com.tw/mops/web/ajax_t163sb04
中游,電源供應系統,2308,台達電,2024,4,income_statement,繼續營業單位本期淨利（淨損）,40391100,"40,391,100",sii,https://mopsov.twse.com.tw/mops/web/ajax_t163sb04
中游,電源供應系統,2308,台達電,2024,4,income_statement,停業單位損益,,--,sii,https://mopsov.twse.com.tw/mops/web/ajax_t163sb04
中游,電源供應系統,2308,台達電,2024,4,income_statement,合併前非屬共同控制股權損益,,--,sii,https://mopsov.twse.com.tw/mops/web/ajax_t163sb04
中游,電源供應系統,2308,台達電,2024,4,income_statement,本期淨利（淨損）,40391100,"40,391,100",sii,https://mopsov.twse.com.tw/mops/web/ajax_t163sb04
中游,電源供應系統,2308,台達電,2024,4,income_statement,其他綜合損益（淨額）,14650451,"14,650,451",sii,https://mopsov.twse.com.tw/mops/web/ajax_t163sb04
中游,電源供應系統,2308,台達電,2024,4,income_statement,合併前非屬共同控制股權綜合損益淨額,,--,sii,https://mopsov.twse.com.tw/mops/web/ajax_t163sb04
中游,電源供應系統,2308,台達電,2024,4,income_statement,本期綜合損益總額,55041551,"55,041,551",sii,https://mopsov.twse.com.tw/mops/web/ajax_t163sb04
中游,電源供應系統,2308,台達電,2024,4,income_statement,淨利（淨損）歸屬於母公司業主,35228577,"35,228,577",sii,https://mopsov.twse.com.tw/mops/web/ajax_t163sb04
中游,電源供應系統,2308,台達電,2024,4,income_statement,淨利（淨損）歸屬於共同控制下前手權益,,--,sii,https://mopsov.twse.com.tw/mops/web/ajax_t163sb04
中游,電源供應系統,2308,台達電,2024,4,income_statement,淨利（淨損）歸屬於非控制權益,5162523,"5,162,523",sii,https://mopsov.twse.com.tw/mops/web/ajax_t163sb04
中游,電源供應系統,2308,台達電,2024,4,income_statement,綜合損益總額歸屬於母公司業主,47165181,"47,165,181",sii,https://mopsov.twse.com.tw/mops/web/ajax_t163sb04
中游,電源供應系統,2308,台達電,2024,4,income_statement,綜合損益總額歸屬於共同控制下前手權益,,--,sii,https://mopsov.twse.com.tw/mops/web/ajax_t163sb04
中游,電源供應系統,2308,台達電,2024,4,income_statement,綜合損益總額歸屬於非控制權益,7876370,"7,876,370",sii,https://mopsov.twse.com.tw/mops/web/ajax_t163sb04
中游,電源供應系統,2308,台達電,2024,4,income_statement,基本每股盈餘（元）,13.56,13.56,sii,https://mopsov.twse.com.tw/mops/web/ajax_t163sb04
中游,電源供應系統,2301,光寶科,2024,4,balance_sheet,流動資產,169116615,"169,116,615",sii,https://mopsov.twse.com.tw/mops/web/ajax_t163sb05
中游,電源供應系統,2301,光寶科,2024,4,balance_sheet,非流動資產,35566154,"35,566,154",sii,https://mopsov.twse.com.tw/mops/web/ajax_t163sb05
中游,電源供應系統,2301,光寶科,2024,4,balance_sheet,資產總計,204682769,"204,682,769",sii,https://mopsov.twse.com.tw/mops/web/ajax_t163sb05
中游,電源供應系統,2301,光寶科,2024,4,balance_sheet,流動負債,107869245,"107,869,245",sii,https://mopsov.twse.com.tw/mops/web/ajax_t163sb05
中游,電源供應系統,2301,光寶科,2024,4,balance_sheet,非流動負債,5902800,"5,902,800",sii,https://mopsov.twse.com.tw/mops/web/ajax_t163sb05
中游,電源供應系統,2301,光寶科,2024,4,balance_sheet,負債總計,113772045,"113,772,045",sii,https://mopsov.twse.com.tw/mops/web/ajax_t163sb05
中游,電源供應系統,2301,光寶科,2024,4,balance_sheet,股本,23472500,"23,472,500",sii,https://mopsov.twse.com.tw/mops/web/ajax_t163sb05
中游,電源供應系統,2301,光寶科,2024,4,balance_sheet,權益─具證券性質之虛擬通貨,,--,sii,https://mopsov.twse.com.tw/mops/web/ajax_t163sb05
中游,電源供應系統,2301,光寶科,2024,4,balance_sheet,資本公積,22716565,"22,716,565",sii,https://mopsov.twse.com.tw/mops/web/ajax_t163sb05
中游,電源供應系統,2301,光寶科,2024,4,balance_sheet,保留盈餘,46299554,"46,299,554",sii,https://mopsov.twse.com.tw/mops/web/ajax_t163sb05
中游,電源供應系統,2301,光寶科,2024,4,balance_sheet,其他權益,1011497,"1,011,497",sii,https://mopsov.twse.com.tw/mops/web/ajax_t163sb05
中游,電源供應系統,2301,光寶科,2024,4,balance_sheet,庫藏股票,-2726963,"-2,726,963",sii,https://mopsov.twse.com.tw/mops/web/ajax_t163sb05
中游,電源供應系統,2301,光寶科,2024,4,balance_sheet,歸屬於母公司業主之權益合計,90773153,"90,773,153",sii,https://mopsov.twse.com.tw/mops/web/ajax_t163sb05
中游,電源供應系統,2301,光寶科,2024,4,balance_sheet,共同控制下前手權益,,--,sii,https://mopsov.twse.com.tw/mops/web/ajax_t163sb05
中游,電源供應系統,2301,光寶科,2024,4,balance_sheet,合併前非屬共同控制股權,,--,sii,https://mopsov.twse.com.tw/mops/web/ajax_t163sb05
中游,電源供應系統,2301,光寶科,2024,4,balance_sheet,非控制權益,137571,"137,571",sii,https://mopsov.twse.com.tw/mops/web/ajax_t163sb05
中游,電源供應系統,2301,光寶科,2024,4,balance_sheet,權益總計,90910724,"90,910,724",sii,https://mopsov.twse.com.tw/mops/web/ajax_t163sb05
中游,電源供應系統,2301,光寶科,2024,4,balance_sheet,待註銷股本股數（單位：股）,,--,sii,https://mopsov.twse.com.tw/mops/web/ajax_t163sb05
中游,電源供應系統,2301,光寶科,2024,4,balance_sheet,預收股款（權益項下）之約當發行股數（單位：股）,0,0,sii,https://mopsov.twse.com.tw/mops/web/ajax_t163sb05
中游,電源供應系統,2301,光寶科,2024,4,balance_sheet,母公司暨子公司所持有之母公司庫藏股股數（單位：股）,47004221,"47,004,221",sii,https://mopsov.twse.com.tw/mops/web/ajax_t163sb05
中游,電源供應系統,2301,光寶科,2024,4,balance_sheet,每股參考淨值,39.46,39.46,sii,https://mopsov.twse.com.tw/mops/web/ajax_t163sb05
中游,電源供應系統,2308,台達電,2024,4,balance_sheet,流動資產,310924848,"310,924,848",sii,https://mopsov.twse.com.tw/mops/web/ajax_t163sb05
中游,電源供應系統,2308,台達電,2024,4,balance_sheet,非流動資產,220972869,"220,972,869",sii,https://mopsov.twse.com.tw/mops/web/ajax_t163sb05
中游,電源供應系統,2308,台達電,2024,4,balance_sheet,資產總計,531897717,"531,897,717",sii,https://mopsov.twse.com.tw/mops/web/ajax_t163sb05
中游,電源供應系統,2308,台達電,2024,4,balance_sheet,流動負債,152283126,"152,283,126",sii,https://mopsov.twse.com.tw/mops/web/ajax_t163sb05
中游,電源供應系統,2308,台達電,2024,4,balance_sheet,非流動負債,100049255,"100,049,255",sii,https://mopsov.twse.com.tw/mops/web/ajax_t163sb05
中游,電源供應系統,2308,台達電,2024,4,balance_sheet,負債總計,252332381,"252,332,381",sii,https://mopsov.twse.com.tw/mops/web/ajax_t163sb05
中游,電源供應系統,2308,台達電,2024,4,balance_sheet,股本,25975433,"25,975,433",sii,https://mopsov.twse.com.tw/mops/web/ajax_t163sb05
中游,電源供應系統,2308,台達電,2024,4,balance_sheet,權益─具證券性質之虛擬通貨,,--,sii,https://mopsov.twse.com.tw/mops/web/ajax_t163sb05
中游,電源供應系統,2308,台達電,2024,4,balance_sheet,資本公積,55097489,"55,097,489",sii,https://mopsov.twse.com.tw/mops/web/ajax_t163sb05
中游,電源供應系統,2308,台達電,2024,4,balance_sheet,保留盈餘,141467800,"141,467,800",sii,https://mopsov.twse.com.tw/mops/web/ajax_t163sb05
中游,電源供應系統,2308,台達電,2024,4,balance_sheet,其他權益,7546564,"7,546,564",sii,https://mopsov.twse.com.tw/mops/web/ajax_t163sb05
中游,電源供應系統,2308,台達電,2024,4,balance_sheet,庫藏股票,,--,sii,https://mopsov.twse.com.tw/mops/web/ajax_t163sb05
中游,電源供應系統,2308,台達電,2024,4,balance_sheet,歸屬於母公司業主之權益合計,230087286,"230,087,286",sii,https://mopsov.twse.com.tw/mops/web/ajax_t163sb05
中游,電源供應系統,2308,台達電,2024,4,balance_sheet,共同控制下前手權益,,--,sii,https://mopsov.twse.com.tw/mops/web/ajax_t163sb05
中游,電源供應系統,2308,台達電,2024,4,balance_sheet,合併前非屬共同控制股權,,--,sii,https://mopsov.twse.com.tw/mops/web/ajax_t163sb05
中游,電源供應系統,2308,台達電,2024,4,balance_sheet,非控制權益,49478050,"49,478,050",sii,https://mopsov.twse.com.tw/mops/web/ajax_t163sb05
中游,電源供應系統,2308,台達電,2024,4,balance_sheet,權益總計,279565336,"279,565,336",sii,https://mopsov.twse.com.tw/mops/web/ajax_t163sb05
中游,電源供應系統,2308,台達電,2024,4,balance_sheet,待註銷股本股數（單位：股）,0,0,sii,https://mopsov.twse.com.tw/mops/web/ajax_t163sb05
中游,電源供應系統,2308,台達電,2024,4,balance_sheet,預收股款（權益項下）之約當發行股數（單位：股）,0,0,sii,https://mopsov.twse.com.tw/mops/web/ajax_t163sb05
中游,電源供應系統,2308,台達電,2024,4,balance_sheet,母公司暨子公司所持有之母公司庫藏股股數（單位：股）,0,0,sii,https://mopsov.twse.com.tw/mops/web/ajax_t163sb05
中游,電源供應系統,2308,台達電,2024,4,balance_sheet,每股參考淨值,88.58,88.58,sii,https://mopsov.twse.com.tw/mops/web/ajax_t163sb05
中游,電源供應系統,2301,光寶科,2024,4,cash_flow,營業活動之淨現金流入（流出）,12411121,"12,411,121",sii,https://mopsov.twse.com.tw/mops/web/ajax_t163sb20
中游,電源供應系統,2301,光寶科,2024,4,cash_flow,投資活動之淨現金流入（流出）,-4843197,"-4,843,197",sii,https://mopsov.twse.com.tw/mops/web/ajax_t163sb20
中游,電源供應系統,2301,光寶科,2024,4,cash_flow,籌資活動之淨現金流入（流出）,-3362827,"-3,362,827",sii,https://mopsov.twse.com.tw/mops/web/ajax_t163sb20
中游,電源供應系統,2301,光寶科,2024,4,cash_flow,匯率變動對現金及約當現金之影響,3736477,"3,736,477",sii,https://mopsov.twse.com.tw/mops/web/ajax_t163sb20
中游,電源供應系統,2301,光寶科,2024,4,cash_flow,本期現金及約當現金增加（減少）數,7941574,"7,941,574",sii,https://mopsov.twse.com.tw/mops/web/ajax_t163sb20
中游,電源供應系統,2301,光寶科,2024,4,cash_flow,期初現金及約當現金餘額,92742033,"92,742,033",sii,https://mopsov.twse.com.tw/mops/web/ajax_t163sb20
中游,電源供應系統,2301,光寶科,2024,4,cash_flow,期末現金及約當現金餘額,100683607,"100,683,607",sii,https://mopsov.twse.com.tw/mops/web/ajax_t163sb20
中游,電源供應系統,2308,台達電,2024,4,cash_flow,營業活動之淨現金流入（流出）,72894957,"72,894,957",sii,https://mopsov.twse.com.tw/mops/web/ajax_t163sb20
中游,電源供應系統,2308,台達電,2024,4,cash_flow,投資活動之淨現金流入（流出）,-40360023,"-40,360,023",sii,https://mopsov.twse.com.tw/mops/web/ajax_t163sb20
中游,電源供應系統,2308,台達電,2024,4,cash_flow,籌資活動之淨現金流入（流出）,-11117582,"-11,117,582",sii,https://mopsov.twse.com.tw/mops/web/ajax_t163sb20
中游,電源供應系統,2308,台達電,2024,4,cash_flow,匯率變動對現金及約當現金之影響,8585982,"8,585,982",sii,https://mopsov.twse.com.tw/mops/web/ajax_t163sb20
中游,電源供應系統,2308,台達電,2024,4,cash_flow,本期現金及約當現金增加（減少）數,30003334,"30,003,334",sii,https://mopsov.twse.com.tw/mops/web/ajax_t163sb20
中游,電源供應系統,2308,台達電,2024,4,cash_flow,期初現金及約當現金餘額,87455916,"87,455,916",sii,https://mopsov.twse.com.tw/mops/web/ajax_t163sb20
中游,電源供應系統,2308,台達電,2024,4,cash_flow,期末現金及約當現金餘額,117459250,"117,459,250",sii,https://mopsov.twse.com.tw/mops/web/ajax_t163sb20
中游,電源供應系統,2301,光寶科,2025,1,income_statement,營業收入,36416560,"36,416,560",sii,https://mopsov.twse.com.tw/mops/web/ajax_t163sb04
中游,電源供應系統,2301,光寶科,2025,1,income_statement,營業成本,28194791,"28,194,791",sii,https://mopsov.twse.com.tw/mops/web/ajax_t163sb04
中游,電源供應系統,2301,光寶科,2025,1,income_statement,原始認列生物資產及農產品之利益（損失）,,--,sii,https://mopsov.twse.com.tw/mops/web/ajax_t163sb04
中游,電源供應系統,2301,光寶科,2025,1,income_statement,生物資產當期公允價值減出售成本之變動利益（損失）,,--,sii,https://mopsov.twse.com.tw/mops/web/ajax_t163sb04
中游,電源供應系統,2301,光寶科,2025,1,income_statement,營業毛利（毛損）,8221769,"8,221,769",sii,https://mopsov.twse.com.tw/mops/web/ajax_t163sb04
中游,電源供應系統,2301,光寶科,2025,1,income_statement,未實現銷貨（損）益,,--,sii,https://mopsov.twse.com.tw/mops/web/ajax_t163sb04
中游,電源供應系統,2301,光寶科,2025,1,income_statement,已實現銷貨（損）益,,--,sii,https://mopsov.twse.com.tw/mops/web/ajax_t163sb04
中游,電源供應系統,2301,光寶科,2025,1,income_statement,營業毛利（毛損）淨額,8221769,"8,221,769",sii,https://mopsov.twse.com.tw/mops/web/ajax_t163sb04
中游,電源供應系統,2301,光寶科,2025,1,income_statement,營業費用,4546494,"4,546,494",sii,https://mopsov.twse.com.tw/mops/web/ajax_t163sb04
中游,電源供應系統,2301,光寶科,2025,1,income_statement,其他收益及費損淨額,,--,sii,https://mopsov.twse.com.tw/mops/web/ajax_t163sb04
中游,電源供應系統,2301,光寶科,2025,1,income_statement,營業利益（損失）,3675275,"3,675,275",sii,https://mopsov.twse.com.tw/mops/web/ajax_t163sb04
中游,電源供應系統,2301,光寶科,2025,1,income_statement,營業外收入及支出,993786,"993,786",sii,https://mopsov.twse.com.tw/mops/web/ajax_t163sb04
中游,電源供應系統,2301,光寶科,2025,1,income_statement,稅前淨利（淨損）,4669061,"4,669,061",sii,https://mopsov.twse.com.tw/mops/web/ajax_t163sb04
中游,電源供應系統,2301,光寶科,2025,1,income_statement,所得稅費用（利益）,1213956,"1,213,956",sii,https://mopsov.twse.com.tw/mops/web/ajax_t163sb04
中游,電源供應系統,2301,光寶科,2025,1,income_statement,繼續營業單位本期淨利（淨損）,3455105,"3,455,105",sii,https://mopsov.twse.com.tw/mops/web/ajax_t163sb04
中游,電源供應系統,2301,光寶科,2025,1,income_statement,停業單位損益,,--,sii,https://mopsov.twse.com.tw/mops/web/ajax_t163sb04
中游,電源供應系統,2301,光寶科,2025,1,income_statement,合併前非屬共同控制股權損益,,--,sii,https://mopsov.twse.com.tw/mops/web/ajax_t163sb04
中游,電源供應系統,2301,光寶科,2025,1,income_statement,本期淨利（淨損）,3455105,"3,455,105",sii,https://mopsov.twse.com.tw/mops/web/ajax_t163sb04
中游,電源供應系統,2301,光寶科,2025,1,income_statement,其他綜合損益（淨額）,1398047,"1,398,047",sii,https://mopsov.twse.com.tw/mops/web/ajax_t163sb04
中游,電源供應系統,2301,光寶科,2025,1,income_statement,合併前非屬共同控制股權綜合損益淨額,,--,sii,https://mopsov.twse.com.tw/mops/web/ajax_t163sb04
中游,電源供應系統,2301,光寶科,2025,1,income_statement,本期綜合損益總額,4853152,"4,853,152",sii,https://mopsov.twse.com.tw/mops/web/ajax_t163sb04
中游,電源供應系統,2301,光寶科,2025,1,income_statement,淨利（淨損）歸屬於母公司業主,3455561,"3,455,561",sii,https://mopsov.twse.com.tw/mops/web/ajax_t163sb04
中游,電源供應系統,2301,光寶科,2025,1,income_statement,淨利（淨損）歸屬於共同控制下前手權益,,--,sii,https://mopsov.twse.com.tw/mops/web/ajax_t163sb04
中游,電源供應系統,2301,光寶科,2025,1,income_statement,淨利（淨損）歸屬於非控制權益,-456,-456,sii,https://mopsov.twse.com.tw/mops/web/ajax_t163sb04
中游,電源供應系統,2301,光寶科,2025,1,income_statement,綜合損益總額歸屬於母公司業主,4851829,"4,851,829",sii,https://mopsov.twse.com.tw/mops/web/ajax_t163sb04
中游,電源供應系統,2301,光寶科,2025,1,income_statement,綜合損益總額歸屬於共同控制下前手權益,,--,sii,https://mopsov.twse.com.tw/mops/web/ajax_t163sb04
中游,電源供應系統,2301,光寶科,2025,1,income_statement,綜合損益總額歸屬於非控制權益,1323,"1,323",sii,https://mopsov.twse.com.tw/mops/web/ajax_t163sb04
中游,電源供應系統,2301,光寶科,2025,1,income_statement,基本每股盈餘（元）,1.51,1.51,sii,https://mopsov.twse.com.tw/mops/web/ajax_t163sb04
中游,電源供應系統,2308,台達電,2025,1,income_statement,營業收入,118919406,"118,919,406",sii,https://mopsov.twse.com.tw/mops/web/ajax_t163sb04
中游,電源供應系統,2308,台達電,2025,1,income_statement,營業成本,81130984,"81,130,984",sii,https://mopsov.twse.com.tw/mops/web/ajax_t163sb04
中游,電源供應系統,2308,台達電,2025,1,income_statement,原始認列生物資產及農產品之利益（損失）,,--,sii,https://mopsov.twse.com.tw/mops/web/ajax_t163sb04
中游,電源供應系統,2308,台達電,2025,1,income_statement,生物資產當期公允價值減出售成本之變動利益（損失）,,--,sii,https://mopsov.twse.com.tw/mops/web/ajax_t163sb04
中游,電源供應系統,2308,台達電,2025,1,income_statement,營業毛利（毛損）,37788422,"37,788,422",sii,https://mopsov.twse.com.tw/mops/web/ajax_t163sb04
中游,電源供應系統,2308,台達電,2025,1,income_statement,未實現銷貨（損）益,,--,sii,https://mopsov.twse.com.tw/mops/web/ajax_t163sb04
中游,電源供應系統,2308,台達電,2025,1,income_statement,已實現銷貨（損）益,,--,sii,https://mopsov.twse.com.tw/mops/web/ajax_t163sb04
中游,電源供應系統,2308,台達電,2025,1,income_statement,營業毛利（毛損）淨額,37788422,"37,788,422",sii,https://mopsov.twse.com.tw/mops/web/ajax_t163sb04
中游,電源供應系統,2308,台達電,2025,1,income_statement,營業費用,23752418,"23,752,418",sii,https://mopsov.twse.com.tw/mops/web/ajax_t163sb04
中游,電源供應系統,2308,台達電,2025,1,income_statement,其他收益及費損淨額,,--,sii,https://mopsov.twse.com.tw/mops/web/ajax_t163sb04
中游,電源供應系統,2308,台達電,2025,1,income_statement,營業利益（損失）,14036004,"14,036,004",sii,https://mopsov.twse.com.tw/mops/web/ajax_t163sb04
中游,電源供應系統,2308,台達電,2025,1,income_statement,營業外收入及支出,1626894,"1,626,894",sii,https://mopsov.twse.com.tw/mops/web/ajax_t163sb04
中游,電源供應系統,2308,台達電,2025,1,income_statement,稅前淨利（淨損）,15662898,"15,662,898",sii,https://mopsov.twse.com.tw/mops/web/ajax_t163sb04
中游,電源供應系統,2308,台達電,2025,1,income_statement,所得稅費用（利益）,3619576,"3,619,576",sii,https://mopsov.twse.com.tw/mops/web/ajax_t163sb04
中游,電源供應系統,2308,台達電,2025,1,income_statement,繼續營業單位本期淨利（淨損）,12043322,"12,043,322",sii,https://mopsov.twse.com.tw/mops/web/ajax_t163sb04
中游,電源供應系統,2308,台達電,2025,1,income_statement,停業單位損益,,--,sii,https://mopsov.twse.com.tw/mops/web/ajax_t163sb04
中游,電源供應系統,2308,台達電,2025,1,income_statement,合併前非屬共同控制股權損益,,--,sii,https://mopsov.twse.com.tw/mops/web/ajax_t163sb04
中游,電源供應系統,2308,台達電,2025,1,income_statement,本期淨利（淨損）,12043322,"12,043,322",sii,https://mopsov.twse.com.tw/mops/web/ajax_t163sb04
中游,電源供應系統,2308,台達電,2025,1,income_statement,其他綜合損益（淨額）,5638068,"5,638,068",sii,https://mopsov.twse.com.tw/mops/web/ajax_t163sb04
中游,電源供應系統,2308,台達電,2025,1,income_statement,合併前非屬共同控制股權綜合損益淨額,,--,sii,https://mopsov.twse.com.tw/mops/web/ajax_t163sb04
中游,電源供應系統,2308,台達電,2025,1,income_statement,本期綜合損益總額,17681390,"17,681,390",sii,https://mopsov.twse.com.tw/mops/web/ajax_t163sb04
中游,電源供應系統,2308,台達電,2025,1,income_statement,淨利（淨損）歸屬於母公司業主,10230942,"10,230,942",sii,https://mopsov.twse.com.tw/mops/web/ajax_t163sb04
中游,電源供應系統,2308,台達電,2025,1,income_statement,淨利（淨損）歸屬於共同控制下前手權益,,--,sii,https://mopsov.twse.com.tw/mops/web/ajax_t163sb04
中游,電源供應系統,2308,台達電,2025,1,income_statement,淨利（淨損）歸屬於非控制權益,1812380,"1,812,380",sii,https://mopsov.twse.com.tw/mops/web/ajax_t163sb04
中游,電源供應系統,2308,台達電,2025,1,income_statement,綜合損益總額歸屬於母公司業主,14888193,"14,888,193",sii,https://mopsov.twse.com.tw/mops/web/ajax_t163sb04
中游,電源供應系統,2308,台達電,2025,1,income_statement,綜合損益總額歸屬於共同控制下前手權益,,--,sii,https://mopsov.twse.com.tw/mops/web/ajax_t163sb04
中游,電源供應系統,2308,台達電,2025,1,income_statement,綜合損益總額歸屬於非控制權益,2793197,"2,793,197",sii,https://mopsov.twse.com.tw/mops/web/ajax_t163sb04
中游,電源供應系統,2308,台達電,2025,1,income_statement,基本每股盈餘（元）,3.94,3.94,sii,https://mopsov.twse.com.tw/mops/web/ajax_t163sb04
中游,電源供應系統,2301,光寶科,2025,1,balance_sheet,流動資產,171215194,"171,215,194",sii,https://mopsov.twse.com.tw/mops/web/ajax_t163sb05
中游,電源供應系統,2301,光寶科,2025,1,balance_sheet,非流動資產,37077009,"37,077,009",sii,https://mopsov.twse.com.tw/mops/web/ajax_t163sb05
中游,電源供應系統,2301,光寶科,2025,1,balance_sheet,資產總計,208292203,"208,292,203",sii,https://mopsov.twse.com.tw/mops/web/ajax_t163sb05
中游,電源供應系統,2301,光寶科,2025,1,balance_sheet,流動負債,112190835,"112,190,835",sii,https://mopsov.twse.com.tw/mops/web/ajax_t163sb05
中游,電源供應系統,2301,光寶科,2025,1,balance_sheet,非流動負債,6339624,"6,339,624",sii,https://mopsov.twse.com.tw/mops/web/ajax_t163sb05
中游,電源供應系統,2301,光寶科,2025,1,balance_sheet,負債總計,118530459,"118,530,459",sii,https://mopsov.twse.com.tw/mops/web/ajax_t163sb05
中游,電源供應系統,2301,光寶科,2025,1,balance_sheet,股本,23411788,"23,411,788",sii,https://mopsov.twse.com.tw/mops/web/ajax_t163sb05
中游,電源供應系統,2301,光寶科,2025,1,balance_sheet,權益─具證券性質之虛擬通貨,,--,sii,https://mopsov.twse.com.tw/mops/web/ajax_t163sb05
中游,電源供應系統,2301,光寶科,2025,1,balance_sheet,資本公積,22388687,"22,388,687",sii,https://mopsov.twse.com.tw/mops/web/ajax_t163sb05
中游,電源供應系統,2301,光寶科,2025,1,balance_sheet,保留盈餘,44039051,"44,039,051",sii,https://mopsov.twse.com.tw/mops/web/ajax_t163sb05
中游,電源供應系統,2301,光寶科,2025,1,balance_sheet,其他權益,2510287,"2,510,287",sii,https://mopsov.twse.com.tw/mops/web/ajax_t163sb05
中游,電源供應系統,2301,光寶科,2025,1,balance_sheet,庫藏股票,-2726963,"-2,726,963",sii,https://mopsov.twse.com.tw/mops/web/ajax_t163sb05
中游,電源供應系統,2301,光寶科,2025,1,balance_sheet,歸屬於母公司業主之權益合計,89622850,"89,622,850",sii,https://mopsov.twse.com.tw/mops/web/ajax_t163sb05
中游,電源供應系統,2301,光寶科,2025,1,balance_sheet,共同控制下前手權益,,--,sii,https://mopsov.twse.com.tw/mops/web/ajax_t163sb05
中游,電源供應系統,2301,光寶科,2025,1,balance_sheet,合併前非屬共同控制股權,,--,sii,https://mopsov.twse.com.tw/mops/web/ajax_t163sb05
中游,電源供應系統,2301,光寶科,2025,1,balance_sheet,非控制權益,138894,"138,894",sii,https://mopsov.twse.com.tw/mops/web/ajax_t163sb05
中游,電源供應系統,2301,光寶科,2025,1,balance_sheet,權益總計,89761744,"89,761,744",sii,https://mopsov.twse.com.tw/mops/web/ajax_t163sb05
中游,電源供應系統,2301,光寶科,2025,1,balance_sheet,待註銷股本股數（單位：股）,,--,sii,https://mopsov.twse.com.tw/mops/web/ajax_t163sb05
中游,電源供應系統,2301,光寶科,2025,1,balance_sheet,預收股款（權益項下）之約當發行股數（單位：股）,0,0,sii,https://mopsov.twse.com.tw/mops/web/ajax_t163sb05
中游,電源供應系統,2301,光寶科,2025,1,balance_sheet,母公司暨子公司所持有之母公司庫藏股股數（單位：股）,47004221,"47,004,221",sii,https://mopsov.twse.com.tw/mops/web/ajax_t163sb05
中游,電源供應系統,2301,光寶科,2025,1,balance_sheet,每股參考淨值,39.07,39.07,sii,https://mopsov.twse.com.tw/mops/web/ajax_t163sb05
中游,電源供應系統,2308,台達電,2025,1,balance_sheet,流動資產,338083519,"338,083,519",sii,https://mopsov.twse.com.tw/mops/web/ajax_t163sb05
中游,電源供應系統,2308,台達電,2025,1,balance_sheet,非流動資產,228485154,"228,485,154",sii,https://mopsov.twse.com.tw/mops/web/ajax_t163sb05
中游,電源供應系統,2308,台達電,2025,1,balance_sheet,資產總計,566568673,"566,568,673",sii,https://mopsov.twse.com.tw/mops/web/ajax_t163sb05
中游,電源供應系統,2308,台達電,2025,1,balance_sheet,流動負債,157927281,"157,927,281",sii,https://mopsov.twse.com.tw/mops/web/ajax_t163sb05
中游,電源供應系統,2308,台達電,2025,1,balance_sheet,非流動負債,109171894,"109,171,894",sii,https://mopsov.twse.com.tw/mops/web/ajax_t163sb05
中游,電源供應系統,2308,台達電,2025,1,balance_sheet,負債總計,267099175,"267,099,175",sii,https://mopsov.twse.com.tw/mops/web/ajax_t163sb05
中游,電源供應系統,2308,台達電,2025,1,balance_sheet,股本,25975433,"25,975,433",sii,https://mopsov.twse.com.tw/mops/web/ajax_t163sb05
中游,電源供應系統,2308,台達電,2025,1,balance_sheet,權益─具證券性質之虛擬通貨,,--,sii,https://mopsov.twse.com.tw/mops/web/ajax_t163sb05
中游,電源供應系統,2308,台達電,2025,1,balance_sheet,資本公積,55091548,"55,091,548",sii,https://mopsov.twse.com.tw/mops/web/ajax_t163sb05
中游,電源供應系統,2308,台達電,2025,1,balance_sheet,保留盈餘,151686727,"151,686,727",sii,https://mopsov.twse.com.tw/mops/web/ajax_t163sb05
中游,電源供應系統,2308,台達電,2025,1,balance_sheet,其他權益,12215830,"12,215,830",sii,https://mopsov.twse.com.tw/mops/web/ajax_t163sb05
中游,電源供應系統,2308,台達電,2025,1,balance_sheet,庫藏股票,,--,sii,https://mopsov.twse.com.tw/mops/web/ajax_t163sb05
中游,電源供應系統,2308,台達電,2025,1,balance_sheet,歸屬於母公司業主之權益合計,244969538,"244,969,538",sii,https://mopsov.twse.com.tw/mops/web/ajax_t163sb05
中游,電源供應系統,2308,台達電,2025,1,balance_sheet,共同控制下前手權益,,--,sii,https://mopsov.twse.com.tw/mops/web/ajax_t163sb05
中游,電源供應系統,2308,台達電,2025,1,balance_sheet,合併前非屬共同控制股權,,--,sii,https://mopsov.twse.com.tw/mops/web/ajax_t163sb05
中游,電源供應系統,2308,台達電,2025,1,balance_sheet,非控制權益,54499960,"54,499,960",sii,https://mopsov.twse.com.tw/mops/web/ajax_t163sb05
中游,電源供應系統,2308,台達電,2025,1,balance_sheet,權益總計,299469498,"299,469,498",sii,https://mopsov.twse.com.tw/mops/web/ajax_t163sb05
中游,電源供應系統,2308,台達電,2025,1,balance_sheet,待註銷股本股數（單位：股）,0,0,sii,https://mopsov.twse.com.tw/mops/web/ajax_t163sb05
中游,電源供應系統,2308,台達電,2025,1,balance_sheet,預收股款（權益項下）之約當發行股數（單位：股）,0,0,sii,https://mopsov.twse.com.tw/mops/web/ajax_t163sb05
中游,電源供應系統,2308,台達電,2025,1,balance_sheet,母公司暨子公司所持有之母公司庫藏股股數（單位：股）,0,0,sii,https://mopsov.twse.com.tw/mops/web/ajax_t163sb05
中游,電源供應系統,2308,台達電,2025,1,balance_sheet,每股參考淨值,94.31,94.31,sii,https://mopsov.twse.com.tw/mops/web/ajax_t163sb05
中游,電源供應系統,2301,光寶科,2025,1,cash_flow,營業活動之淨現金流入（流出）,6488122,"6,488,122",sii,https://mopsov.twse.com.tw/mops/web/ajax_t163sb20
中游,電源供應系統,2301,光寶科,2025,1,cash_flow,投資活動之淨現金流入（流出）,-1542003,"-1,542,003",sii,https://mopsov.twse.com.tw/mops/web/ajax_t163sb20
中游,電源供應系統,2301,光寶科,2025,1,cash_flow,籌資活動之淨現金流入（流出）,-1327899,"-1,327,899",sii,https://mopsov.twse.com.tw/mops/web/ajax_t163sb20
中游,電源供應系統,2301,光寶科,2025,1,cash_flow,匯率變動對現金及約當現金之影響,1371043,"1,371,043",sii,https://mopsov.twse.com.tw/mops/web/ajax_t163sb20
中游,電源供應系統,2301,光寶科,2025,1,cash_flow,本期現金及約當現金增加（減少）數,4989263,"4,989,263",sii,https://mopsov.twse.com.tw/mops/web/ajax_t163sb20
中游,電源供應系統,2301,光寶科,2025,1,cash_flow,期初現金及約當現金餘額,100683607,"100,683,607",sii,https://mopsov.twse.com.tw/mops/web/ajax_t163sb20
中游,電源供應系統,2301,光寶科,2025,1,cash_flow,期末現金及約當現金餘額,105672870,"105,672,870",sii,https://mopsov.twse.com.tw/mops/web/ajax_t163sb20
中游,電源供應系統,2308,台達電,2025,1,cash_flow,營業活動之淨現金流入（流出）,16266606,"16,266,606",sii,https://mopsov.twse.com.tw/mops/web/ajax_t163sb20
中游,電源供應系統,2308,台達電,2025,1,cash_flow,投資活動之淨現金流入（流出）,-11843464,"-11,843,464",sii,https://mopsov.twse.com.tw/mops/web/ajax_t163sb20
中游,電源供應系統,2308,台達電,2025,1,cash_flow,籌資活動之淨現金流入（流出）,14638384,"14,638,384",sii,https://mopsov.twse.com.tw/mops/web/ajax_t163sb20
中游,電源供應系統,2308,台達電,2025,1,cash_flow,匯率變動對現金及約當現金之影響,3770320,"3,770,320",sii,https://mopsov.twse.com.tw/mops/web/ajax_t163sb20
中游,電源供應系統,2308,台達電,2025,1,cash_flow,本期現金及約當現金增加（減少）數,22831846,"22,831,846",sii,https://mopsov.twse.com.tw/mops/web/ajax_t163sb20
中游,電源供應系統,2308,台達電,2025,1,cash_flow,期初現金及約當現金餘額,117459250,"117,459,250",sii,https://mopsov.twse.com.tw/mops/web/ajax_t163sb20
中游,電源供應系統,2308,台達電,2025,1,cash_flow,期末現金及約當現金餘額,140291096,"140,291,096",sii,https://mopsov.twse.com.tw/mops/web/ajax_t163sb20
中游,電源供應系統,2301,光寶科,2025,2,income_statement,營業收入,76837936,"76,837,936",sii,https://mopsov.twse.com.tw/mops/web/ajax_t163sb04
中游,電源供應系統,2301,光寶科,2025,2,income_statement,營業成本,59674226,"59,674,226",sii,https://mopsov.twse.com.tw/mops/web/ajax_t163sb04
中游,電源供應系統,2301,光寶科,2025,2,income_statement,原始認列生物資產及農產品之利益（損失）,,--,sii,https://mopsov.twse.com.tw/mops/web/ajax_t163sb04
中游,電源供應系統,2301,光寶科,2025,2,income_statement,生物資產當期公允價值減出售成本之變動利益（損失）,,--,sii,https://mopsov.twse.com.tw/mops/web/ajax_t163sb04
中游,電源供應系統,2301,光寶科,2025,2,income_statement,營業毛利（毛損）,17163710,"17,163,710",sii,https://mopsov.twse.com.tw/mops/web/ajax_t163sb04
中游,電源供應系統,2301,光寶科,2025,2,income_statement,未實現銷貨（損）益,,--,sii,https://mopsov.twse.com.tw/mops/web/ajax_t163sb04
中游,電源供應系統,2301,光寶科,2025,2,income_statement,已實現銷貨（損）益,,--,sii,https://mopsov.twse.com.tw/mops/web/ajax_t163sb04
中游,電源供應系統,2301,光寶科,2025,2,income_statement,營業毛利（毛損）淨額,17163710,"17,163,710",sii,https://mopsov.twse.com.tw/mops/web/ajax_t163sb04
中游,電源供應系統,2301,光寶科,2025,2,income_statement,營業費用,9761789,"9,761,789",sii,https://mopsov.twse.com.tw/mops/web/ajax_t163sb04
中游,電源供應系統,2301,光寶科,2025,2,income_statement,其他收益及費損淨額,,--,sii,https://mopsov.twse.com.tw/mops/web/ajax_t163sb04
中游,電源供應系統,2301,光寶科,2025,2,income_statement,營業利益（損失）,7401921,"7,401,921",sii,https://mopsov.twse.com.tw/mops/web/ajax_t163sb04
中游,電源供應系統,2301,光寶科,2025,2,income_statement,營業外收入及支出,1529457,"1,529,457",sii,https://mopsov.twse.com.tw/mops/web/ajax_t163sb04
中游,電源供應系統,2301,光寶科,2025,2,income_statement,稅前淨利（淨損）,8931378,"8,931,378",sii,https://mopsov.twse.com.tw/mops/web/ajax_t163sb04
中游,電源供應系統,2301,光寶科,2025,2,income_statement,所得稅費用（利益）,2322158,"2,322,158",sii,https://mopsov.twse.com.tw/mops/web/ajax_t163sb04
中游,電源供應系統,2301,光寶科,2025,2,income_statement,繼續營業單位本期淨利（淨損）,6609220,"6,609,220",sii,https://mopsov.twse.com.tw/mops/web/ajax_t163sb04
中游,電源供應系統,2301,光寶科,2025,2,income_statement,停業單位損益,,--,sii,https://mopsov.twse.com.tw/mops/web/ajax_t163sb04
中游,電源供應系統,2301,光寶科,2025,2,income_statement,合併前非屬共同控制股權損益,,--,sii,https://mopsov.twse.com.tw/mops/web/ajax_t163sb04
中游,電源供應系統,2301,光寶科,2025,2,income_statement,本期淨利（淨損）,6609220,"6,609,220",sii,https://mopsov.twse.com.tw/mops/web/ajax_t163sb04
中游,電源供應系統,2301,光寶科,2025,2,income_statement,其他綜合損益（淨額）,-8624573,"-8,624,573",sii,https://mopsov.twse.com.tw/mops/web/ajax_t163sb04
中游,電源供應系統,2301,光寶科,2025,2,income_statement,合併前非屬共同控制股權綜合損益淨額,,--,sii,https://mopsov.twse.com.tw/mops/web/ajax_t163sb04
中游,電源供應系統,2301,光寶科,2025,2,income_statement,本期綜合損益總額,-2015353,"-2,015,353",sii,https://mopsov.twse.com.tw/mops/web/ajax_t163sb04
中游,電源供應系統,2301,光寶科,2025,2,income_statement,淨利（淨損）歸屬於母公司業主,6610756,"6,610,756",sii,https://mopsov.twse.com.tw/mops/web/ajax_t163sb04
中游,電源供應系統,2301,光寶科,2025,2,income_statement,淨利（淨損）歸屬於共同控制下前手權益,,--,sii,https://mopsov.twse.com.tw/mops/web/ajax_t163sb04
中游,電源供應系統,2301,光寶科,2025,2,income_statement,淨利（淨損）歸屬於非控制權益,-1536,"-1,536",sii,https://mopsov.twse.com.tw/mops/web/ajax_t163sb04
中游,電源供應系統,2301,光寶科,2025,2,income_statement,綜合損益總額歸屬於母公司業主,-1999408,"-1,999,408",sii,https://mopsov.twse.com.tw/mops/web/ajax_t163sb04
中游,電源供應系統,2301,光寶科,2025,2,income_statement,綜合損益總額歸屬於共同控制下前手權益,,--,sii,https://mopsov.twse.com.tw/mops/web/ajax_t163sb04
中游,電源供應系統,2301,光寶科,2025,2,income_statement,綜合損益總額歸屬於非控制權益,-15945,"-15,945",sii,https://mopsov.twse.com.tw/mops/web/ajax_t163sb04
中游,電源供應系統,2301,光寶科,2025,2,income_statement,基本每股盈餘（元）,2.89,2.89,sii,https://mopsov.twse.com.tw/mops/web/ajax_t163sb04
中游,電源供應系統,2308,台達電,2025,2,income_statement,營業收入,242954492,"242,954,492",sii,https://mopsov.twse.com.tw/mops/web/ajax_t163sb04
中游,電源供應系統,2308,台達電,2025,2,income_statement,營業成本,161117207,"161,117,207",sii,https://mopsov.twse.com.tw/mops/web/ajax_t163sb04
中游,電源供應系統,2308,台達電,2025,2,income_statement,原始認列生物資產及農產品之利益（損失）,,--,sii,https://mopsov.twse.com.tw/mops/web/ajax_t163sb04
中游,電源供應系統,2308,台達電,2025,2,income_statement,生物資產當期公允價值減出售成本之變動利益（損失）,,--,sii,https://mopsov.twse.com.tw/mops/web/ajax_t163sb04
中游,電源供應系統,2308,台達電,2025,2,income_statement,營業毛利（毛損）,81837285,"81,837,285",sii,https://mopsov.twse.com.tw/mops/web/ajax_t163sb04
中游,電源供應系統,2308,台達電,2025,2,income_statement,未實現銷貨（損）益,,--,sii,https://mopsov.twse.com.tw/mops/web/ajax_t163sb04
中游,電源供應系統,2308,台達電,2025,2,income_statement,已實現銷貨（損）益,,--,sii,https://mopsov.twse.com.tw/mops/web/ajax_t163sb04
中游,電源供應系統,2308,台達電,2025,2,income_statement,營業毛利（毛損）淨額,81837285,"81,837,285",sii,https://mopsov.twse.com.tw/mops/web/ajax_t163sb04
中游,電源供應系統,2308,台達電,2025,2,income_statement,營業費用,49132511,"49,132,511",sii,https://mopsov.twse.com.tw/mops/web/ajax_t163sb04
中游,電源供應系統,2308,台達電,2025,2,income_statement,其他收益及費損淨額,,--,sii,https://mopsov.twse.com.tw/mops/web/ajax_t163sb04
中游,電源供應系統,2308,台達電,2025,2,income_statement,營業利益（損失）,32704774,"32,704,774",sii,https://mopsov.twse.com.tw/mops/web/ajax_t163sb04
中游,電源供應系統,2308,台達電,2025,2,income_statement,營業外收入及支出,2529313,"2,529,313",sii,https://mopsov.twse.com.tw/mops/web/ajax_t163sb04
中游,電源供應系統,2308,台達電,2025,2,income_statement,稅前淨利（淨損）,35234087,"35,234,087",sii,https://mopsov.twse.com.tw/mops/web/ajax_t163sb04
中游,電源供應系統,2308,台達電,2025,2,income_statement,所得稅費用（利益）,7857035,"7,857,035",sii,https://mopsov.twse.com.tw/mops/web/ajax_t163sb04
中游,電源供應系統,2308,台達電,2025,2,income_statement,繼續營業單位本期淨利（淨損）,27377052,"27,377,052",sii,https://mopsov.twse.com.tw/mops/web/ajax_t163sb04
中游,電源供應系統,2308,台達電,2025,2,income_statement,停業單位損益,,--,sii,https://mopsov.twse.com.tw/mops/web/ajax_t163sb04
中游,電源供應系統,2308,台達電,2025,2,income_statement,合併前非屬共同控制股權損益,,--,sii,https://mopsov.twse.com.tw/mops/web/ajax_t163sb04
中游,電源供應系統,2308,台達電,2025,2,income_statement,本期淨利（淨損）,27377052,"27,377,052",sii,https://mopsov.twse.com.tw/mops/web/ajax_t163sb04
中游,電源供應系統,2308,台達電,2025,2,income_statement,其他綜合損益（淨額）,-27710066,"-27,710,066",sii,https://mopsov.twse.com.tw/mops/web/ajax_t163sb04
中游,電源供應系統,2308,台達電,2025,2,income_statement,合併前非屬共同控制股權綜合損益淨額,,--,sii,https://mopsov.twse.com.tw/mops/web/ajax_t163sb04
中游,電源供應系統,2308,台達電,2025,2,income_statement,本期綜合損益總額,-333014,"-333,014",sii,https://mopsov.twse.com.tw/mops/web/ajax_t163sb04
中游,電源供應系統,2308,台達電,2025,2,income_statement,淨利（淨損）歸屬於母公司業主,24178986,"24,178,986",sii,https://mopsov.twse.com.tw/mops/web/ajax_t163sb04
中游,電源供應系統,2308,台達電,2025,2,income_statement,淨利（淨損）歸屬於共同控制下前手權益,,--,sii,https://mopsov.twse.com.tw/mops/web/ajax_t163sb04
中游,電源供應系統,2308,台達電,2025,2,income_statement,淨利（淨損）歸屬於非控制權益,3198066,"3,198,066",sii,https://mopsov.twse.com.tw/mops/web/ajax_t163sb04
中游,電源供應系統,2308,台達電,2025,2,income_statement,綜合損益總額歸屬於母公司業主,286446,"286,446",sii,https://mopsov.twse.com.tw/mops/web/ajax_t163sb04
中游,電源供應系統,2308,台達電,2025,2,income_statement,綜合損益總額歸屬於共同控制下前手權益,,--,sii,https://mopsov.twse.com.tw/mops/web/ajax_t163sb04
中游,電源供應系統,2308,台達電,2025,2,income_statement,綜合損益總額歸屬於非控制權益,-619460,"-619,460",sii,https://mopsov.twse.com.tw/mops/web/ajax_t163sb04
中游,電源供應系統,2308,台達電,2025,2,income_statement,基本每股盈餘（元）,9.31,9.31,sii,https://mopsov.twse.com.tw/mops/web/ajax_t163sb04
中游,電源供應系統,2301,光寶科,2025,2,balance_sheet,流動資產,156455283,"156,455,283",sii,https://mopsov.twse.com.tw/mops/web/ajax_t163sb05
中游,電源供應系統,2301,光寶科,2025,2,balance_sheet,非流動資產,38414237,"38,414,237",sii,https://mopsov.twse.com.tw/mops/web/ajax_t163sb05
中游,電源供應系統,2301,光寶科,2025,2,balance_sheet,資產總計,194869520,"194,869,520",sii,https://mopsov.twse.com.tw/mops/web/ajax_t163sb05
中游,電源供應系統,2301,光寶科,2025,2,balance_sheet,流動負債,108243082,"108,243,082",sii,https://mopsov.twse.com.tw/mops/web/ajax_t163sb05
中游,電源供應系統,2301,光寶科,2025,2,balance_sheet,非流動負債,5986699,"5,986,699",sii,https://mopsov.twse.com.tw/mops/web/ajax_t163sb05
中游,電源供應系統,2301,光寶科,2025,2,balance_sheet,負債總計,114229781,"114,229,781",sii,https://mopsov.twse.com.tw/mops/web/ajax_t163sb05
中游,電源供應系統,2301,光寶科,2025,2,balance_sheet,股本,23409948,"23,409,948",sii,https://mopsov.twse.com.tw/mops/web/ajax_t163sb05
中游,電源供應系統,2301,光寶科,2025,2,balance_sheet,權益─具證券性質之虛擬通貨,,--,sii,https://mopsov.twse.com.tw/mops/web/ajax_t163sb05
中游,電源供應系統,2301,光寶科,2025,2,balance_sheet,資本公積,22385704,"22,385,704",sii,https://mopsov.twse.com.tw/mops/web/ajax_t163sb05
中游,電源供應系統,2301,光寶科,2025,2,balance_sheet,保留盈餘,47200932,"47,200,932",sii,https://mopsov.twse.com.tw/mops/web/ajax_t163sb05
中游,電源供應系統,2301,光寶科,2025,2,balance_sheet,其他權益,-7484923,"-7,484,923",sii,https://mopsov.twse.com.tw/mops/web/ajax_t163sb05
中游,電源供應系統,2301,光寶科,2025,2,balance_sheet,庫藏股票,-5022548,"-5,022,548",sii,https://mopsov.twse.com.tw/mops/web/ajax_t163sb05
中游,電源供應系統,2301,光寶科,2025,2,balance_sheet,歸屬於母公司業主之權益合計,80489113,"80,489,113",sii,https://mopsov.twse.com.tw/mops/web/ajax_t163sb05
中游,電源供應系統,2301,光寶科,2025,2,balance_sheet,共同控制下前手權益,,--,sii,https://mopsov.twse.com.tw/mops/web/ajax_t163sb05
中游,電源供應系統,2301,光寶科,2025,2,balance_sheet,合併前非屬共同控制股權,,--,sii,https://mopsov.twse.com.tw/mops/web/ajax_t163sb05
中游,電源供應系統,2301,光寶科,2025,2,balance_sheet,非控制權益,150626,"150,626",sii,https://mopsov.twse.com.tw/mops/web/ajax_t163sb05
中游,電源供應系統,2301,光寶科,2025,2,balance_sheet,權益總計,80639739,"80,639,739",sii,https://mopsov.twse.com.tw/mops/web/ajax_t163sb05
中游,電源供應系統,2301,光寶科,2025,2,balance_sheet,待註銷股本股數（單位：股）,,--,sii,https://mopsov.twse.com.tw/mops/web/ajax_t163sb05
中游,電源供應系統,2301,光寶科,2025,2,balance_sheet,預收股款（權益項下）之約當發行股數（單位：股）,0,0,sii,https://mopsov.twse.com.tw/mops/web/ajax_t163sb05
中游,電源供應系統,2301,光寶科,2025,2,balance_sheet,母公司暨子公司所持有之母公司庫藏股股數（單位：股）,71223221,"71,223,221",sii,https://mopsov.twse.com.tw/mops/web/ajax_t163sb05
中游,電源供應系統,2301,光寶科,2025,2,balance_sheet,每股參考淨值,35.46,35.46,sii,https://mopsov.twse.com.tw/mops/web/ajax_t163sb05
中游,電源供應系統,2308,台達電,2025,2,balance_sheet,流動資產,331615258,"331,615,258",sii,https://mopsov.twse.com.tw/mops/web/ajax_t163sb05
中游,電源供應系統,2308,台達電,2025,2,balance_sheet,非流動資產,214803658,"214,803,658",sii,https://mopsov.twse.com.tw/mops/web/ajax_t163sb05
中游,電源供應系統,2308,台達電,2025,2,balance_sheet,資產總計,546418916,"546,418,916",sii,https://mopsov.twse.com.tw/mops/web/ajax_t163sb05
中游,電源供應系統,2308,台達電,2025,2,balance_sheet,流動負債,183955819,"183,955,819",sii,https://mopsov.twse.com.tw/mops/web/ajax_t163sb05
中游,電源供應系統,2308,台達電,2025,2,balance_sheet,非流動負債,101565234,"101,565,234",sii,https://mopsov.twse.com.tw/mops/web/ajax_t163sb05
中游,電源供應系統,2308,台達電,2025,2,balance_sheet,負債總計,285521053,"285,521,053",sii,https://mopsov.twse.com.tw/mops/web/ajax_t163sb05
中游,電源供應系統,2308,台達電,2025,2,balance_sheet,股本,25975433,"25,975,433",sii,https://mopsov.twse.com.tw/mops/web/ajax_t163sb05
中游,電源供應系統,2308,台達電,2025,2,balance_sheet,權益─具證券性質之虛擬通貨,,--,sii,https://mopsov.twse.com.tw/mops/web/ajax_t163sb05
中游,電源供應系統,2308,台達電,2025,2,balance_sheet,資本公積,55104321,"55,104,321",sii,https://mopsov.twse.com.tw/mops/web/ajax_t163sb05
中游,電源供應系統,2308,台達電,2025,2,balance_sheet,保留盈餘,147455841,"147,455,841",sii,https://mopsov.twse.com.tw/mops/web/ajax_t163sb05
中游,電源供應系統,2308,台達電,2025,2,balance_sheet,其他權益,-16337834,"-16,337,834",sii,https://mopsov.twse.com.tw/mops/web/ajax_t163sb05
中游,電源供應系統,2308,台達電,2025,2,balance_sheet,庫藏股票,,--,sii,https://mopsov.twse.com.tw/mops/web/ajax_t163sb05
中游,電源供應系統,2308,台達電,2025,2,balance_sheet,歸屬於母公司業主之權益合計,212197761,"212,197,761",sii,https://mopsov.twse.com.tw/mops/web/ajax_t163sb05
中游,電源供應系統,2308,台達電,2025,2,balance_sheet,共同控制下前手權益,,--,sii,https://mopsov.twse.com.tw/mops/web/ajax_t163sb05
中游,電源供應系統,2308,台達電,2025,2,balance_sheet,合併前非屬共同控制股權,,--,sii,https://mopsov.twse.com.tw/mops/web/ajax_t163sb05
中游,電源供應系統,2308,台達電,2025,2,balance_sheet,非控制權益,48700102,"48,700,102",sii,https://mopsov.twse.com.tw/mops/web/ajax_t163sb05
中游,電源供應系統,2308,台達電,2025,2,balance_sheet,權益總計,260897863,"260,897,863",sii,https://mopsov.twse.com.tw/mops/web/ajax_t163sb05
中游,電源供應系統,2308,台達電,2025,2,balance_sheet,待註銷股本股數（單位：股）,0,0,sii,https://mopsov.twse.com.tw/mops/web/ajax_t163sb05
中游,電源供應系統,2308,台達電,2025,2,balance_sheet,預收股款（權益項下）之約當發行股數（單位：股）,0,0,sii,https://mopsov.twse.com.tw/mops/web/ajax_t163sb05
中游,電源供應系統,2308,台達電,2025,2,balance_sheet,母公司暨子公司所持有之母公司庫藏股股數（單位：股）,0,0,sii,https://mopsov.twse.com.tw/mops/web/ajax_t163sb05
中游,電源供應系統,2308,台達電,2025,2,balance_sheet,每股參考淨值,81.69,81.69,sii,https://mopsov.twse.com.tw/mops/web/ajax_t163sb05
中游,電源供應系統,2301,光寶科,2025,2,cash_flow,營業活動之淨現金流入（流出）,4136890,"4,136,890",sii,https://mopsov.twse.com.tw/mops/web/ajax_t163sb20
中游,電源供應系統,2301,光寶科,2025,2,cash_flow,投資活動之淨現金流入（流出）,-3196780,"-3,196,780",sii,https://mopsov.twse.com.tw/mops/web/ajax_t163sb20
中游,電源供應系統,2301,光寶科,2025,2,cash_flow,籌資活動之淨現金流入（流出）,-1484803,"-1,484,803",sii,https://mopsov.twse.com.tw/mops/web/ajax_t163sb20
中游,電源供應系統,2301,光寶科,2025,2,cash_flow,匯率變動對現金及約當現金之影響,-7908414,"-7,908,414",sii,https://mopsov.twse.com.tw/mops/web/ajax_t163sb20
中游,電源供應系統,2301,光寶科,2025,2,cash_flow,本期現金及約當現金增加（減少）數,-8453107,"-8,453,107",sii,https://mopsov.twse.com.tw/mops/web/ajax_t163sb20
中游,電源供應系統,2301,光寶科,2025,2,cash_flow,期初現金及約當現金餘額,100683607,"100,683,607",sii,https://mopsov.twse.com.tw/mops/web/ajax_t163sb20
中游,電源供應系統,2301,光寶科,2025,2,cash_flow,期末現金及約當現金餘額,92230500,"92,230,500",sii,https://mopsov.twse.com.tw/mops/web/ajax_t163sb20
中游,電源供應系統,2308,台達電,2025,2,cash_flow,營業活動之淨現金流入（流出）,43593574,"43,593,574",sii,https://mopsov.twse.com.tw/mops/web/ajax_t163sb20
中游,電源供應系統,2308,台達電,2025,2,cash_flow,投資活動之淨現金流入（流出）,-22248950,"-22,248,950",sii,https://mopsov.twse.com.tw/mops/web/ajax_t163sb20
中游,電源供應系統,2308,台達電,2025,2,cash_flow,籌資活動之淨現金流入（流出）,17193906,"17,193,906",sii,https://mopsov.twse.com.tw/mops/web/ajax_t163sb20
中游,電源供應系統,2308,台達電,2025,2,cash_flow,匯率變動對現金及約當現金之影響,-16469812,"-16,469,812",sii,https://mopsov.twse.com.tw/mops/web/ajax_t163sb20
中游,電源供應系統,2308,台達電,2025,2,cash_flow,本期現金及約當現金增加（減少）數,22068718,"22,068,718",sii,https://mopsov.twse.com.tw/mops/web/ajax_t163sb20
中游,電源供應系統,2308,台達電,2025,2,cash_flow,期初現金及約當現金餘額,117459250,"117,459,250",sii,https://mopsov.twse.com.tw/mops/web/ajax_t163sb20
中游,電源供應系統,2308,台達電,2025,2,cash_flow,期末現金及約當現金餘額,139527968,"139,527,968",sii,https://mopsov.twse.com.tw/mops/web/ajax_t163sb20
中游,電源供應系統,2301,光寶科,2025,3,income_statement,營業收入,121728442,"121,728,442",sii,https://mopsov.twse.com.tw/mops/web/ajax_t163sb04
中游,電源供應系統,2301,光寶科,2025,3,income_statement,營業成本,93322019,"93,322,019",sii,https://mopsov.twse.com.tw/mops/web/ajax_t163sb04
中游,電源供應系統,2301,光寶科,2025,3,income_statement,原始認列生物資產及農產品之利益（損失）,,--,sii,https://mopsov.twse.com.tw/mops/web/ajax_t163sb04
中游,電源供應系統,2301,光寶科,2025,3,income_statement,生物資產當期公允價值減出售成本之變動利益（損失）,,--,sii,https://mopsov.twse.com.tw/mops/web/ajax_t163sb04
中游,電源供應系統,2301,光寶科,2025,3,income_statement,營業毛利（毛損）,28406423,"28,406,423",sii,https://mopsov.twse.com.tw/mops/web/ajax_t163sb04
中游,電源供應系統,2301,光寶科,2025,3,income_statement,未實現銷貨（損）益,,--,sii,https://mopsov.twse.com.tw/mops/web/ajax_t163sb04
中游,電源供應系統,2301,光寶科,2025,3,income_statement,已實現銷貨（損）益,,--,sii,https://mopsov.twse.com.tw/mops/web/ajax_t163sb04
中游,電源供應系統,2301,光寶科,2025,3,income_statement,營業毛利（毛損）淨額,28406423,"28,406,423",sii,https://mopsov.twse.com.tw/mops/web/ajax_t163sb04
中游,電源供應系統,2301,光寶科,2025,3,income_statement,營業費用,16321720,"16,321,720",sii,https://mopsov.twse.com.tw/mops/web/ajax_t163sb04
中游,電源供應系統,2301,光寶科,2025,3,income_statement,其他收益及費損淨額,,--,sii,https://mopsov.twse.com.tw/mops/web/ajax_t163sb04
中游,電源供應系統,2301,光寶科,2025,3,income_statement,營業利益（損失）,12084703,"12,084,703",sii,https://mopsov.twse.com.tw/mops/web/ajax_t163sb04
中游,電源供應系統,2301,光寶科,2025,3,income_statement,營業外收入及支出,2415785,"2,415,785",sii,https://mopsov.twse.com.tw/mops/web/ajax_t163sb04
中游,電源供應系統,2301,光寶科,2025,3,income_statement,稅前淨利（淨損）,14500488,"14,500,488",sii,https://mopsov.twse.com.tw/mops/web/ajax_t163sb04
中游,電源供應系統,2301,光寶科,2025,3,income_statement,所得稅費用（利益）,3246630,"3,246,630",sii,https://mopsov.twse.com.tw/mops/web/ajax_t163sb04
中游,電源供應系統,2301,光寶科,2025,3,income_statement,繼續營業單位本期淨利（淨損）,11253858,"11,253,858",sii,https://mopsov.twse.com.tw/mops/web/ajax_t163sb04
中游,電源供應系統,2301,光寶科,2025,3,income_statement,停業單位損益,,--,sii,https://mopsov.twse.com.tw/mops/web/ajax_t163sb04
中游,電源供應系統,2301,光寶科,2025,3,income_statement,合併前非屬共同控制股權損益,,--,sii,https://mopsov.twse.com.tw/mops/web/ajax_t163sb04
中游,電源供應系統,2301,光寶科,2025,3,income_statement,本期淨利（淨損）,11253858,"11,253,858",sii,https://mopsov.twse.com.tw/mops/web/ajax_t163sb04
中游,電源供應系統,2301,光寶科,2025,3,income_statement,其他綜合損益（淨額）,-5566853,"-5,566,853",sii,https://mopsov.twse.com.tw/mops/web/ajax_t163sb04
中游,電源供應系統,2301,光寶科,2025,3,income_statement,合併前非屬共同控制股權綜合損益淨額,,--,sii,https://mopsov.twse.com.tw/mops/web/ajax_t163sb04
中游,電源供應系統,2301,光寶科,2025,3,income_statement,本期綜合損益總額,5687005,"5,687,005",sii,https://mopsov.twse.com.tw/mops/web/ajax_t163sb04
中游,電源供應系統,2301,光寶科,2025,3,income_statement,淨利（淨損）歸屬於母公司業主,11256043,"11,256,043",sii,https://mopsov.twse.com.tw/mops/web/ajax_t163sb04
中游,電源供應系統,2301,光寶科,2025,3,income_statement,淨利（淨損）歸屬於共同控制下前手權益,,--,sii,https://mopsov.twse.com.tw/mops/web/ajax_t163sb04
中游,電源供應系統,2301,光寶科,2025,3,income_statement,淨利（淨損）歸屬於非控制權益,-2185,"-2,185",sii,https://mopsov.twse.com.tw/mops/web/ajax_t163sb04
中游,電源供應系統,2301,光寶科,2025,3,income_statement,綜合損益總額歸屬於母公司業主,5698856,"5,698,856",sii,https://mopsov.twse.com.tw/mops/web/ajax_t163sb04
中游,電源供應系統,2301,光寶科,2025,3,income_statement,綜合損益總額歸屬於共同控制下前手權益,,--,sii,https://mopsov.twse.com.tw/mops/web/ajax_t163sb04
中游,電源供應系統,2301,光寶科,2025,3,income_statement,綜合損益總額歸屬於非控制權益,-11851,"-11,851",sii,https://mopsov.twse.com.tw/mops/web/ajax_t163sb04
中游,電源供應系統,2301,光寶科,2025,3,income_statement,基本每股盈餘（元）,4.94,4.94,sii,https://mopsov.twse.com.tw/mops/web/ajax_t163sb04
中游,電源供應系統,2308,台達電,2025,3,income_statement,營業收入,393272069,"393,272,069",sii,https://mopsov.twse.com.tw/mops/web/ajax_t163sb04
中游,電源供應系統,2308,台達電,2025,3,income_statement,營業成本,259018707,"259,018,707",sii,https://mopsov.twse.com.tw/mops/web/ajax_t163sb04
中游,電源供應系統,2308,台達電,2025,3,income_statement,原始認列生物資產及農產品之利益（損失）,,--,sii,https://mopsov.twse.com.tw/mops/web/ajax_t163sb04
中游,電源供應系統,2308,台達電,2025,3,income_statement,生物資產當期公允價值減出售成本之變動利益（損失）,,--,sii,https://mopsov.twse.com.tw/mops/web/ajax_t163sb04
中游,電源供應系統,2308,台達電,2025,3,income_statement,營業毛利（毛損）,134253362,"134,253,362",sii,https://mopsov.twse.com.tw/mops/web/ajax_t163sb04
中游,電源供應系統,2308,台達電,2025,3,income_statement,未實現銷貨（損）益,,--,sii,https://mopsov.twse.com.tw/mops/web/ajax_t163sb04
中游,電源供應系統,2308,台達電,2025,3,income_statement,已實現銷貨（損）益,,--,sii,https://mopsov.twse.com.tw/mops/web/ajax_t163sb04
中游,電源供應系統,2308,台達電,2025,3,income_statement,營業毛利（毛損）淨額,134253362,"134,253,362",sii,https://mopsov.twse.com.tw/mops/web/ajax_t163sb04
中游,電源供應系統,2308,台達電,2025,3,income_statement,營業費用,76739753,"76,739,753",sii,https://mopsov.twse.com.tw/mops/web/ajax_t163sb04
中游,電源供應系統,2308,台達電,2025,3,income_statement,其他收益及費損淨額,,--,sii,https://mopsov.twse.com.tw/mops/web/ajax_t163sb04
中游,電源供應系統,2308,台達電,2025,3,income_statement,營業利益（損失）,57513609,"57,513,609",sii,https://mopsov.twse.com.tw/mops/web/ajax_t163sb04
中游,電源供應系統,2308,台達電,2025,3,income_statement,營業外收入及支出,4703766,"4,703,766",sii,https://mopsov.twse.com.tw/mops/web/ajax_t163sb04
中游,電源供應系統,2308,台達電,2025,3,income_statement,稅前淨利（淨損）,62217375,"62,217,375",sii,https://mopsov.twse.com.tw/mops/web/ajax_t163sb04
中游,電源供應系統,2308,台達電,2025,3,income_statement,所得稅費用（利益）,13918803,"13,918,803",sii,https://mopsov.twse.com.tw/mops/web/ajax_t163sb04
中游,電源供應系統,2308,台達電,2025,3,income_statement,繼續營業單位本期淨利（淨損）,48298572,"48,298,572",sii,https://mopsov.twse.com.tw/mops/web/ajax_t163sb04
中游,電源供應系統,2308,台達電,2025,3,income_statement,停業單位損益,,--,sii,https://mopsov.twse.com.tw/mops/web/ajax_t163sb04
中游,電源供應系統,2308,台達電,2025,3,income_statement,合併前非屬共同控制股權損益,,--,sii,https://mopsov.twse.com.tw/mops/web/ajax_t163sb04
中游,電源供應系統,2308,台達電,2025,3,income_statement,本期淨利（淨損）,48298572,"48,298,572",sii,https://mopsov.twse.com.tw/mops/web/ajax_t163sb04
中游,電源供應系統,2308,台達電,2025,3,income_statement,其他綜合損益（淨額）,-16029062,"-16,029,062",sii,https://mopsov.twse.com.tw/mops/web/ajax_t163sb04
中游,電源供應系統,2308,台達電,2025,3,income_statement,合併前非屬共同控制股權綜合損益淨額,,--,sii,https://mopsov.twse.com.tw/mops/web/ajax_t163sb04
中游,電源供應系統,2308,台達電,2025,3,income_statement,本期綜合損益總額,32269510,"32,269,510",sii,https://mopsov.twse.com.tw/mops/web/ajax_t163sb04
中游,電源供應系統,2308,台達電,2025,3,income_statement,淨利（淨損）歸屬於母公司業主,42784710,"42,784,710",sii,https://mopsov.twse.com.tw/mops/web/ajax_t163sb04
中游,電源供應系統,2308,台達電,2025,3,income_statement,淨利（淨損）歸屬於共同控制下前手權益,,--,sii,https://mopsov.twse.com.tw/mops/web/ajax_t163sb04
中游,電源供應系統,2308,台達電,2025,3,income_statement,淨利（淨損）歸屬於非控制權益,5513862,"5,513,862",sii,https://mopsov.twse.com.tw/mops/web/ajax_t163sb04
中游,電源供應系統,2308,台達電,2025,3,income_statement,綜合損益總額歸屬於母公司業主,28839821,"28,839,821",sii,https://mopsov.twse.com.tw/mops/web/ajax_t163sb04
中游,電源供應系統,2308,台達電,2025,3,income_statement,綜合損益總額歸屬於共同控制下前手權益,,--,sii,https://mopsov.twse.com.tw/mops/web/ajax_t163sb04
中游,電源供應系統,2308,台達電,2025,3,income_statement,綜合損益總額歸屬於非控制權益,3429689,"3,429,689",sii,https://mopsov.twse.com.tw/mops/web/ajax_t163sb04
中游,電源供應系統,2308,台達電,2025,3,income_statement,基本每股盈餘（元）,16.47,16.47,sii,https://mopsov.twse.com.tw/mops/web/ajax_t163sb04
中游,電源供應系統,2301,光寶科,2025,3,balance_sheet,流動資產,164226683,"164,226,683",sii,https://mopsov.twse.com.tw/mops/web/ajax_t163sb05
中游,電源供應系統,2301,光寶科,2025,3,balance_sheet,非流動資產,39715964,"39,715,964",sii,https://mopsov.twse.com.tw/mops/web/ajax_t163sb05
中游,電源供應系統,2301,光寶科,2025,3,balance_sheet,資產總計,203942647,"203,942,647",sii,https://mopsov.twse.com.tw/mops/web/ajax_t163sb05
中游,電源供應系統,2301,光寶科,2025,3,balance_sheet,流動負債,114252464,"114,252,464",sii,https://mopsov.twse.com.tw/mops/web/ajax_t163sb05
中游,電源供應系統,2301,光寶科,2025,3,balance_sheet,非流動負債,5906789,"5,906,789",sii,https://mopsov.twse.com.tw/mops/web/ajax_t163sb05
中游,電源供應系統,2301,光寶科,2025,3,balance_sheet,負債總計,120159253,"120,159,253",sii,https://mopsov.twse.com.tw/mops/web/ajax_t163sb05
中游,電源供應系統,2301,光寶科,2025,3,balance_sheet,股本,23167758,"23,167,758",sii,https://mopsov.twse.com.tw/mops/web/ajax_t163sb05
中游,電源供應系統,2301,光寶科,2025,3,balance_sheet,權益─具證券性質之虛擬通貨,,--,sii,https://mopsov.twse.com.tw/mops/web/ajax_t163sb05
中游,電源供應系統,2301,光寶科,2025,3,balance_sheet,資本公積,21508231,"21,508,231",sii,https://mopsov.twse.com.tw/mops/web/ajax_t163sb05
中游,電源供應系統,2301,光寶科,2025,3,balance_sheet,保留盈餘,46096463,"46,096,463",sii,https://mopsov.twse.com.tw/mops/web/ajax_t163sb05
中游,電源供應系統,2301,光寶科,2025,3,balance_sheet,其他權益,-4416815,"-4,416,815",sii,https://mopsov.twse.com.tw/mops/web/ajax_t163sb05
中游,電源供應系統,2301,光寶科,2025,3,balance_sheet,庫藏股票,-2726963,"-2,726,963",sii,https://mopsov.twse.com.tw/mops/web/ajax_t163sb05
中游,電源供應系統,2301,光寶科,2025,3,balance_sheet,歸屬於母公司業主之權益合計,83628674,"83,628,674",sii,https://mopsov.twse.com.tw/mops/web/ajax_t163sb05
中游,電源供應系統,2301,光寶科,2025,3,balance_sheet,共同控制下前手權益,,--,sii,https://mopsov.twse.com.tw/mops/web/ajax_t163sb05
中游,電源供應系統,2301,光寶科,2025,3,balance_sheet,合併前非屬共同控制股權,,--,sii,https://mopsov.twse.com.tw/mops/web/ajax_t163sb05
中游,電源供應系統,2301,光寶科,2025,3,balance_sheet,非控制權益,154720,"154,720",sii,https://mopsov.twse.com.tw/mops/web/ajax_t163sb05
中游,電源供應系統,2301,光寶科,2025,3,balance_sheet,權益總計,83783394,"83,783,394",sii,https://mopsov.twse.com.tw/mops/web/ajax_t163sb05
中游,電源供應系統,2301,光寶科,2025,3,balance_sheet,待註銷股本股數（單位：股）,,--,sii,https://mopsov.twse.com.tw/mops/web/ajax_t163sb05
中游,電源供應系統,2301,光寶科,2025,3,balance_sheet,預收股款（權益項下）之約當發行股數（單位：股）,0,0,sii,https://mopsov.twse.com.tw/mops/web/ajax_t163sb05
中游,電源供應系統,2301,光寶科,2025,3,balance_sheet,母公司暨子公司所持有之母公司庫藏股股數（單位：股）,47004221,"47,004,221",sii,https://mopsov.twse.com.tw/mops/web/ajax_t163sb05
中游,電源供應系統,2301,光寶科,2025,3,balance_sheet,每股參考淨值,36.84,36.84,sii,https://mopsov.twse.com.tw/mops/web/ajax_t163sb05
中游,電源供應系統,2308,台達電,2025,3,balance_sheet,流動資產,363445294,"363,445,294",sii,https://mopsov.twse.com.tw/mops/web/ajax_t163sb05
中游,電源供應系統,2308,台達電,2025,3,balance_sheet,非流動資產,227144341,"227,144,341",sii,https://mopsov.twse.com.tw/mops/web/ajax_t163sb05
中游,電源供應系統,2308,台達電,2025,3,balance_sheet,資產總計,590589635,"590,589,635",sii,https://mopsov.twse.com.tw/mops/web/ajax_t163sb05
中游,電源供應系統,2308,台達電,2025,3,balance_sheet,流動負債,184615390,"184,615,390",sii,https://mopsov.twse.com.tw/mops/web/ajax_t163sb05
中游,電源供應系統,2308,台達電,2025,3,balance_sheet,非流動負債,112463713,"112,463,713",sii,https://mopsov.twse.com.tw/mops/web/ajax_t163sb05
中游,電源供應系統,2308,台達電,2025,3,balance_sheet,負債總計,297079103,"297,079,103",sii,https://mopsov.twse.com.tw/mops/web/ajax_t163sb05
中游,電源供應系統,2308,台達電,2025,3,balance_sheet,股本,25975433,"25,975,433",sii,https://mopsov.twse.com.tw/mops/web/ajax_t163sb05
中游,電源供應系統,2308,台達電,2025,3,balance_sheet,權益─具證券性質之虛擬通貨,,--,sii,https://mopsov.twse.com.tw/mops/web/ajax_t163sb05
中游,電源供應系統,2308,台達電,2025,3,balance_sheet,資本公積,55093579,"55,093,579",sii,https://mopsov.twse.com.tw/mops/web/ajax_t163sb05
中游,電源供應系統,2308,台達電,2025,3,balance_sheet,保留盈餘,166061106,"166,061,106",sii,https://mopsov.twse.com.tw/mops/web/ajax_t163sb05
中游,電源供應系統,2308,台達電,2025,3,balance_sheet,其他權益,-6389724,"-6,389,724",sii,https://mopsov.twse.com.tw/mops/web/ajax_t163sb05
中游,電源供應系統,2308,台達電,2025,3,balance_sheet,庫藏股票,,--,sii,https://mopsov.twse.com.tw/mops/web/ajax_t163sb05
中游,電源供應系統,2308,台達電,2025,3,balance_sheet,歸屬於母公司業主之權益合計,240740394,"240,740,394",sii,https://mopsov.twse.com.tw/mops/web/ajax_t163sb05
中游,電源供應系統,2308,台達電,2025,3,balance_sheet,共同控制下前手權益,,--,sii,https://mopsov.twse.com.tw/mops/web/ajax_t163sb05
中游,電源供應系統,2308,台達電,2025,3,balance_sheet,合併前非屬共同控制股權,,--,sii,https://mopsov.twse.com.tw/mops/web/ajax_t163sb05
中游,電源供應系統,2308,台達電,2025,3,balance_sheet,非控制權益,52770138,"52,770,138",sii,https://mopsov.twse.com.tw/mops/web/ajax_t163sb05
中游,電源供應系統,2308,台達電,2025,3,balance_sheet,權益總計,293510532,"293,510,532",sii,https://mopsov.twse.com.tw/mops/web/ajax_t163sb05
中游,電源供應系統,2308,台達電,2025,3,balance_sheet,待註銷股本股數（單位：股）,0,0,sii,https://mopsov.twse.com.tw/mops/web/ajax_t163sb05
中游,電源供應系統,2308,台達電,2025,3,balance_sheet,預收股款（權益項下）之約當發行股數（單位：股）,0,0,sii,https://mopsov.twse.com.tw/mops/web/ajax_t163sb05
中游,電源供應系統,2308,台達電,2025,3,balance_sheet,母公司暨子公司所持有之母公司庫藏股股數（單位：股）,0,0,sii,https://mopsov.twse.com.tw/mops/web/ajax_t163sb05
中游,電源供應系統,2308,台達電,2025,3,balance_sheet,每股參考淨值,92.68,92.68,sii,https://mopsov.twse.com.tw/mops/web/ajax_t163sb05
中游,電源供應系統,2301,光寶科,2025,3,cash_flow,營業活動之淨現金流入（流出）,8426029,"8,426,029",sii,https://mopsov.twse.com.tw/mops/web/ajax_t163sb20
中游,電源供應系統,2301,光寶科,2025,3,cash_flow,投資活動之淨現金流入（流出）,-5268157,"-5,268,157",sii,https://mopsov.twse.com.tw/mops/web/ajax_t163sb20
中游,電源供應系統,2301,光寶科,2025,3,cash_flow,籌資活動之淨現金流入（流出）,-10889625,"-10,889,625",sii,https://mopsov.twse.com.tw/mops/web/ajax_t163sb20
中游,電源供應系統,2301,光寶科,2025,3,cash_flow,匯率變動對現金及約當現金之影響,-6253087,"-6,253,087",sii,https://mopsov.twse.com.tw/mops/web/ajax_t163sb20
中游,電源供應系統,2301,光寶科,2025,3,cash_flow,本期現金及約當現金增加（減少）數,-13984840,"-13,984,840",sii,https://mopsov.twse.com.tw/mops/web/ajax_t163sb20
中游,電源供應系統,2301,光寶科,2025,3,cash_flow,期初現金及約當現金餘額,100683607,"100,683,607",sii,https://mopsov.twse.com.tw/mops/web/ajax_t163sb20
中游,電源供應系統,2301,光寶科,2025,3,cash_flow,期末現金及約當現金餘額,86698767,"86,698,767",sii,https://mopsov.twse.com.tw/mops/web/ajax_t163sb20
中游,電源供應系統,2308,台達電,2025,3,cash_flow,營業活動之淨現金流入（流出）,60317197,"60,317,197",sii,https://mopsov.twse.com.tw/mops/web/ajax_t163sb20
中游,電源供應系統,2308,台達電,2025,3,cash_flow,投資活動之淨現金流入（流出）,-36071843,"-36,071,843",sii,https://mopsov.twse.com.tw/mops/web/ajax_t163sb20
中游,電源供應系統,2308,台達電,2025,3,cash_flow,籌資活動之淨現金流入（流出）,6118454,"6,118,454",sii,https://mopsov.twse.com.tw/mops/web/ajax_t163sb20
中游,電源供應系統,2308,台達電,2025,3,cash_flow,匯率變動對現金及約當現金之影響,-9467175,"-9,467,175",sii,https://mopsov.twse.com.tw/mops/web/ajax_t163sb20
中游,電源供應系統,2308,台達電,2025,3,cash_flow,本期現金及約當現金增加（減少）數,20896633,"20,896,633",sii,https://mopsov.twse.com.tw/mops/web/ajax_t163sb20
中游,電源供應系統,2308,台達電,2025,3,cash_flow,期初現金及約當現金餘額,117459250,"117,459,250",sii,https://mopsov.twse.com.tw/mops/web/ajax_t163sb20
中游,電源供應系統,2308,台達電,2025,3,cash_flow,期末現金及約當現金餘額,138355883,"138,355,883",sii,https://mopsov.twse.com.tw/mops/web/ajax_t163sb20
中游,電源供應系統,2301,光寶科,2025,4,income_statement,營業收入,166084859,"166,084,859",sii,https://mopsov.twse.com.tw/mops/web/ajax_t163sb04
中游,電源供應系統,2301,光寶科,2025,4,income_statement,營業成本,128045601,"128,045,601",sii,https://mopsov.twse.com.tw/mops/web/ajax_t163sb04
中游,電源供應系統,2301,光寶科,2025,4,income_statement,原始認列生物資產及農產品之利益（損失）,,--,sii,https://mopsov.twse.com.tw/mops/web/ajax_t163sb04
中游,電源供應系統,2301,光寶科,2025,4,income_statement,生物資產當期公允價值減出售成本之變動利益（損失）,,--,sii,https://mopsov.twse.com.tw/mops/web/ajax_t163sb04
中游,電源供應系統,2301,光寶科,2025,4,income_statement,營業毛利（毛損）,38039258,"38,039,258",sii,https://mopsov.twse.com.tw/mops/web/ajax_t163sb04
中游,電源供應系統,2301,光寶科,2025,4,income_statement,未實現銷貨（損）益,,--,sii,https://mopsov.twse.com.tw/mops/web/ajax_t163sb04
中游,電源供應系統,2301,光寶科,2025,4,income_statement,已實現銷貨（損）益,,--,sii,https://mopsov.twse.com.tw/mops/web/ajax_t163sb04
中游,電源供應系統,2301,光寶科,2025,4,income_statement,營業毛利（毛損）淨額,38039258,"38,039,258",sii,https://mopsov.twse.com.tw/mops/web/ajax_t163sb04
中游,電源供應系統,2301,光寶科,2025,4,income_statement,營業費用,21301456,"21,301,456",sii,https://mopsov.twse.com.tw/mops/web/ajax_t163sb04
中游,電源供應系統,2301,光寶科,2025,4,income_statement,其他收益及費損淨額,,--,sii,https://mopsov.twse.com.tw/mops/web/ajax_t163sb04
中游,電源供應系統,2301,光寶科,2025,4,income_statement,營業利益（損失）,16737802,"16,737,802",sii,https://mopsov.twse.com.tw/mops/web/ajax_t163sb04
中游,電源供應系統,2301,光寶科,2025,4,income_statement,營業外收入及支出,2975365,"2,975,365",sii,https://mopsov.twse.com.tw/mops/web/ajax_t163sb04
中游,電源供應系統,2301,光寶科,2025,4,income_statement,稅前淨利（淨損）,19713167,"19,713,167",sii,https://mopsov.twse.com.tw/mops/web/ajax_t163sb04
中游,電源供應系統,2301,光寶科,2025,4,income_statement,所得稅費用（利益）,4601373,"4,601,373",sii,https://mopsov.twse.com.tw/mops/web/ajax_t163sb04
中游,電源供應系統,2301,光寶科,2025,4,income_statement,繼續營業單位本期淨利（淨損）,15111794,"15,111,794",sii,https://mopsov.twse.com.tw/mops/web/ajax_t163sb04
中游,電源供應系統,2301,光寶科,2025,4,income_statement,停業單位損益,,--,sii,https://mopsov.twse.com.tw/mops/web/ajax_t163sb04
中游,電源供應系統,2301,光寶科,2025,4,income_statement,合併前非屬共同控制股權損益,,--,sii,https://mopsov.twse.com.tw/mops/web/ajax_t163sb04
中游,電源供應系統,2301,光寶科,2025,4,income_statement,本期淨利（淨損）,15111794,"15,111,794",sii,https://mopsov.twse.com.tw/mops/web/ajax_t163sb04
中游,電源供應系統,2301,光寶科,2025,4,income_statement,其他綜合損益（淨額）,-3124192,"-3,124,192",sii,https://mopsov.twse.com.tw/mops/web/ajax_t163sb04
中游,電源供應系統,2301,光寶科,2025,4,income_statement,合併前非屬共同控制股權綜合損益淨額,,--,sii,https://mopsov.twse.com.tw/mops/web/ajax_t163sb04
中游,電源供應系統,2301,光寶科,2025,4,income_statement,本期綜合損益總額,11987602,"11,987,602",sii,https://mopsov.twse.com.tw/mops/web/ajax_t163sb04
中游,電源供應系統,2301,光寶科,2025,4,income_statement,淨利（淨損）歸屬於母公司業主,15115934,"15,115,934",sii,https://mopsov.twse.com.tw/mops/web/ajax_t163sb04
中游,電源供應系統,2301,光寶科,2025,4,income_statement,淨利（淨損）歸屬於共同控制下前手權益,,--,sii,https://mopsov.twse.com.tw/mops/web/ajax_t163sb04
中游,電源供應系統,2301,光寶科,2025,4,income_statement,淨利（淨損）歸屬於非控制權益,-4140,"-4,140",sii,https://mopsov.twse.com.tw/mops/web/ajax_t163sb04
中游,電源供應系統,2301,光寶科,2025,4,income_statement,綜合損益總額歸屬於母公司業主,11997519,"11,997,519",sii,https://mopsov.twse.com.tw/mops/web/ajax_t163sb04
中游,電源供應系統,2301,光寶科,2025,4,income_statement,綜合損益總額歸屬於共同控制下前手權益,,--,sii,https://mopsov.twse.com.tw/mops/web/ajax_t163sb04
中游,電源供應系統,2301,光寶科,2025,4,income_statement,綜合損益總額歸屬於非控制權益,-9917,"-9,917",sii,https://mopsov.twse.com.tw/mops/web/ajax_t163sb04
中游,電源供應系統,2301,光寶科,2025,4,income_statement,基本每股盈餘（元）,6.64,6.64,sii,https://mopsov.twse.com.tw/mops/web/ajax_t163sb04
中游,電源供應系統,2308,台達電,2025,4,income_statement,營業收入,554885168,"554,885,168",sii,https://mopsov.twse.com.tw/mops/web/ajax_t163sb04
中游,電源供應系統,2308,台達電,2025,4,income_statement,營業成本,364728610,"364,728,610",sii,https://mopsov.twse.com.tw/mops/web/ajax_t163sb04
中游,電源供應系統,2308,台達電,2025,4,income_statement,原始認列生物資產及農產品之利益（損失）,,--,sii,https://mopsov.twse.com.tw/mops/web/ajax_t163sb04
中游,電源供應系統,2308,台達電,2025,4,income_statement,生物資產當期公允價值減出售成本之變動利益（損失）,,--,sii,https://mopsov.twse.com.tw/mops/web/ajax_t163sb04
中游,電源供應系統,2308,台達電,2025,4,income_statement,營業毛利（毛損）,190156558,"190,156,558",sii,https://mopsov.twse.com.tw/mops/web/ajax_t163sb04
中游,電源供應系統,2308,台達電,2025,4,income_statement,未實現銷貨（損）益,,--,sii,https://mopsov.twse.com.tw/mops/web/ajax_t163sb04
中游,電源供應系統,2308,台達電,2025,4,income_statement,已實現銷貨（損）益,,--,sii,https://mopsov.twse.com.tw/mops/web/ajax_t163sb04
中游,電源供應系統,2308,台達電,2025,4,income_statement,營業毛利（毛損）淨額,190156558,"190,156,558",sii,https://mopsov.twse.com.tw/mops/web/ajax_t163sb04
中游,電源供應系統,2308,台達電,2025,4,income_statement,營業費用,106224484,"106,224,484",sii,https://mopsov.twse.com.tw/mops/web/ajax_t163sb04
中游,電源供應系統,2308,台達電,2025,4,income_statement,其他收益及費損淨額,,--,sii,https://mopsov.twse.com.tw/mops/web/ajax_t163sb04
中游,電源供應系統,2308,台達電,2025,4,income_statement,營業利益（損失）,83932074,"83,932,074",sii,https://mopsov.twse.com.tw/mops/web/ajax_t163sb04
中游,電源供應系統,2308,台達電,2025,4,income_statement,營業外收入及支出,3933922,"3,933,922",sii,https://mopsov.twse.com.tw/mops/web/ajax_t163sb04
中游,電源供應系統,2308,台達電,2025,4,income_statement,稅前淨利（淨損）,87865996,"87,865,996",sii,https://mopsov.twse.com.tw/mops/web/ajax_t163sb04
中游,電源供應系統,2308,台達電,2025,4,income_statement,所得稅費用（利益）,19929688,"19,929,688",sii,https://mopsov.twse.com.tw/mops/web/ajax_t163sb04
中游,電源供應系統,2308,台達電,2025,4,income_statement,繼續營業單位本期淨利（淨損）,67936308,"67,936,308",sii,https://mopsov.twse.com.tw/mops/web/ajax_t163sb04
中游,電源供應系統,2308,台達電,2025,4,income_statement,停業單位損益,,--,sii,https://mopsov.twse.com.tw/mops/web/ajax_t163sb04
中游,電源供應系統,2308,台達電,2025,4,income_statement,合併前非屬共同控制股權損益,,--,sii,https://mopsov.twse.com.tw/mops/web/ajax_t163sb04
中游,電源供應系統,2308,台達電,2025,4,income_statement,本期淨利（淨損）,67936308,"67,936,308",sii,https://mopsov.twse.com.tw/mops/web/ajax_t163sb04
中游,電源供應系統,2308,台達電,2025,4,income_statement,其他綜合損益（淨額）,-3829458,"-3,829,458",sii,https://mopsov.twse.com.tw/mops/web/ajax_t163sb04
中游,電源供應系統,2308,台達電,2025,4,income_statement,合併前非屬共同控制股權綜合損益淨額,,--,sii,https://mopsov.twse.com.tw/mops/web/ajax_t163sb04
中游,電源供應系統,2308,台達電,2025,4,income_statement,本期綜合損益總額,64106850,"64,106,850",sii,https://mopsov.twse.com.tw/mops/web/ajax_t163sb04
中游,電源供應系統,2308,台達電,2025,4,income_statement,淨利（淨損）歸屬於母公司業主,60108399,"60,108,399",sii,https://mopsov.twse.com.tw/mops/web/ajax_t163sb04
中游,電源供應系統,2308,台達電,2025,4,income_statement,淨利（淨損）歸屬於共同控制下前手權益,,--,sii,https://mopsov.twse.com.tw/mops/web/ajax_t163sb04
中游,電源供應系統,2308,台達電,2025,4,income_statement,淨利（淨損）歸屬於非控制權益,7827909,"7,827,909",sii,https://mopsov.twse.com.tw/mops/web/ajax_t163sb04
中游,電源供應系統,2308,台達電,2025,4,income_statement,綜合損益總額歸屬於母公司業主,56178885,"56,178,885",sii,https://mopsov.twse.com.tw/mops/web/ajax_t163sb04
中游,電源供應系統,2308,台達電,2025,4,income_statement,綜合損益總額歸屬於共同控制下前手權益,,--,sii,https://mopsov.twse.com.tw/mops/web/ajax_t163sb04
中游,電源供應系統,2308,台達電,2025,4,income_statement,綜合損益總額歸屬於非控制權益,7927965,"7,927,965",sii,https://mopsov.twse.com.tw/mops/web/ajax_t163sb04
中游,電源供應系統,2308,台達電,2025,4,income_statement,基本每股盈餘（元）,23.14,23.14,sii,https://mopsov.twse.com.tw/mops/web/ajax_t163sb04
中游,電源供應系統,2301,光寶科,2025,4,balance_sheet,流動資產,164020954,"164,020,954",sii,https://mopsov.twse.com.tw/mops/web/ajax_t163sb05
中游,電源供應系統,2301,光寶科,2025,4,balance_sheet,非流動資產,41666429,"41,666,429",sii,https://mopsov.twse.com.tw/mops/web/ajax_t163sb05
中游,電源供應系統,2301,光寶科,2025,4,balance_sheet,資產總計,205687383,"205,687,383",sii,https://mopsov.twse.com.tw/mops/web/ajax_t163sb05
中游,電源供應系統,2301,光寶科,2025,4,balance_sheet,流動負債,109597232,"109,597,232",sii,https://mopsov.twse.com.tw/mops/web/ajax_t163sb05
中游,電源供應系統,2301,光寶科,2025,4,balance_sheet,非流動負債,6111358,"6,111,358",sii,https://mopsov.twse.com.tw/mops/web/ajax_t163sb05
中游,電源供應系統,2301,光寶科,2025,4,balance_sheet,負債總計,115708590,"115,708,590",sii,https://mopsov.twse.com.tw/mops/web/ajax_t163sb05
中游,電源供應系統,2301,光寶科,2025,4,balance_sheet,股本,23167758,"23,167,758",sii,https://mopsov.twse.com.tw/mops/web/ajax_t163sb05
中游,電源供應系統,2301,光寶科,2025,4,balance_sheet,權益─具證券性質之虛擬通貨,,--,sii,https://mopsov.twse.com.tw/mops/web/ajax_t163sb05
中游,電源供應系統,2301,光寶科,2025,4,balance_sheet,資本公積,21560557,"21,560,557",sii,https://mopsov.twse.com.tw/mops/web/ajax_t163sb05
中游,電源供應系統,2301,光寶科,2025,4,balance_sheet,保留盈餘,49832936,"49,832,936",sii,https://mopsov.twse.com.tw/mops/web/ajax_t163sb05
中游,電源供應系統,2301,光寶科,2025,4,balance_sheet,其他權益,-2012223,"-2,012,223",sii,https://mopsov.twse.com.tw/mops/web/ajax_t163sb05
中游,電源供應系統,2301,光寶科,2025,4,balance_sheet,庫藏股票,-2726963,"-2,726,963",sii,https://mopsov.twse.com.tw/mops/web/ajax_t163sb05
中游,電源供應系統,2301,光寶科,2025,4,balance_sheet,歸屬於母公司業主之權益合計,89822065,"89,822,065",sii,https://mopsov.twse.com.tw/mops/web/ajax_t163sb05
中游,電源供應系統,2301,光寶科,2025,4,balance_sheet,共同控制下前手權益,,--,sii,https://mopsov.twse.com.tw/mops/web/ajax_t163sb05
中游,電源供應系統,2301,光寶科,2025,4,balance_sheet,合併前非屬共同控制股權,,--,sii,https://mopsov.twse.com.tw/mops/web/ajax_t163sb05
中游,電源供應系統,2301,光寶科,2025,4,balance_sheet,非控制權益,156728,"156,728",sii,https://mopsov.twse.com.tw/mops/web/ajax_t163sb05
中游,電源供應系統,2301,光寶科,2025,4,balance_sheet,權益總計,89978793,"89,978,793",sii,https://mopsov.twse.com.tw/mops/web/ajax_t163sb05
中游,電源供應系統,2301,光寶科,2025,4,balance_sheet,待註銷股本股數（單位：股）,,--,sii,https://mopsov.twse.com.tw/mops/web/ajax_t163sb05
中游,電源供應系統,2301,光寶科,2025,4,balance_sheet,預收股款（權益項下）之約當發行股數（單位：股）,0,0,sii,https://mopsov.twse.com.tw/mops/web/ajax_t163sb05
中游,電源供應系統,2301,光寶科,2025,4,balance_sheet,母公司暨子公司所持有之母公司庫藏股股數（單位：股）,47004221,"47,004,221",sii,https://mopsov.twse.com.tw/mops/web/ajax_t163sb05
中游,電源供應系統,2301,光寶科,2025,4,balance_sheet,每股參考淨值,39.57,39.57,sii,https://mopsov.twse.com.tw/mops/web/ajax_t163sb05
中游,電源供應系統,2308,台達電,2025,4,balance_sheet,流動資產,395780787,"395,780,787",sii,https://mopsov.twse.com.tw/mops/web/ajax_t163sb05
中游,電源供應系統,2308,台達電,2025,4,balance_sheet,非流動資產,243837813,"243,837,813",sii,https://mopsov.twse.com.tw/mops/web/ajax_t163sb05
中游,電源供應系統,2308,台達電,2025,4,balance_sheet,資產總計,639618600,"639,618,600",sii,https://mopsov.twse.com.tw/mops/web/ajax_t163sb05
中游,電源供應系統,2308,台達電,2025,4,balance_sheet,流動負債,209664989,"209,664,989",sii,https://mopsov.twse.com.tw/mops/web/ajax_t163sb05
中游,電源供應系統,2308,台達電,2025,4,balance_sheet,非流動負債,104564608,"104,564,608",sii,https://mopsov.twse.com.tw/mops/web/ajax_t163sb05
中游,電源供應系統,2308,台達電,2025,4,balance_sheet,負債總計,314229597,"314,229,597",sii,https://mopsov.twse.com.tw/mops/web/ajax_t163sb05
中游,電源供應系統,2308,台達電,2025,4,balance_sheet,股本,25975433,"25,975,433",sii,https://mopsov.twse.com.tw/mops/web/ajax_t163sb05
中游,電源供應系統,2308,台達電,2025,4,balance_sheet,權益─具證券性質之虛擬通貨,,--,sii,https://mopsov.twse.com.tw/mops/web/ajax_t163sb05
中游,電源供應系統,2308,台達電,2025,4,balance_sheet,資本公積,55072097,"55,072,097",sii,https://mopsov.twse.com.tw/mops/web/ajax_t163sb05
中游,電源供應系統,2308,台達電,2025,4,balance_sheet,保留盈餘,183526435,"183,526,435",sii,https://mopsov.twse.com.tw/mops/web/ajax_t163sb05
中游,電源供應系統,2308,台達電,2025,4,balance_sheet,其他權益,3484011,"3,484,011",sii,https://mopsov.twse.com.tw/mops/web/ajax_t163sb05
中游,電源供應系統,2308,台達電,2025,4,balance_sheet,庫藏股票,,--,sii,https://mopsov.twse.com.tw/mops/web/ajax_t163sb05
中游,電源供應系統,2308,台達電,2025,4,balance_sheet,歸屬於母公司業主之權益合計,268057976,"268,057,976",sii,https://mopsov.twse.com.tw/mops/web/ajax_t163sb05
中游,電源供應系統,2308,台達電,2025,4,balance_sheet,共同控制下前手權益,,--,sii,https://mopsov.twse.com.tw/mops/web/ajax_t163sb05
中游,電源供應系統,2308,台達電,2025,4,balance_sheet,合併前非屬共同控制股權,,--,sii,https://mopsov.twse.com.tw/mops/web/ajax_t163sb05
中游,電源供應系統,2308,台達電,2025,4,balance_sheet,非控制權益,57331027,"57,331,027",sii,https://mopsov.twse.com.tw/mops/web/ajax_t163sb05
中游,電源供應系統,2308,台達電,2025,4,balance_sheet,權益總計,325389003,"325,389,003",sii,https://mopsov.twse.com.tw/mops/web/ajax_t163sb05
中游,電源供應系統,2308,台達電,2025,4,balance_sheet,待註銷股本股數（單位：股）,0,0,sii,https://mopsov.twse.com.tw/mops/web/ajax_t163sb05
中游,電源供應系統,2308,台達電,2025,4,balance_sheet,預收股款（權益項下）之約當發行股數（單位：股）,0,0,sii,https://mopsov.twse.com.tw/mops/web/ajax_t163sb05
中游,電源供應系統,2308,台達電,2025,4,balance_sheet,母公司暨子公司所持有之母公司庫藏股股數（單位：股）,0,0,sii,https://mopsov.twse.com.tw/mops/web/ajax_t163sb05
中游,電源供應系統,2308,台達電,2025,4,balance_sheet,每股參考淨值,103.2,103.20,sii,https://mopsov.twse.com.tw/mops/web/ajax_t163sb05
中游,電源供應系統,2301,光寶科,2025,4,cash_flow,營業活動之淨現金流入（流出）,14532847,"14,532,847",sii,https://mopsov.twse.com.tw/mops/web/ajax_t163sb20
中游,電源供應系統,2301,光寶科,2025,4,cash_flow,投資活動之淨現金流入（流出）,-7394760,"-7,394,760",sii,https://mopsov.twse.com.tw/mops/web/ajax_t163sb20
中游,電源供應系統,2301,光寶科,2025,4,cash_flow,籌資活動之淨現金流入（流出）,-23098917,"-23,098,917",sii,https://mopsov.twse.com.tw/mops/web/ajax_t163sb20
中游,電源供應系統,2301,光寶科,2025,4,cash_flow,匯率變動對現金及約當現金之影響,-3748425,"-3,748,425",sii,https://mopsov.twse.com.tw/mops/web/ajax_t163sb20
中游,電源供應系統,2301,光寶科,2025,4,cash_flow,本期現金及約當現金增加（減少）數,-19709255,"-19,709,255",sii,https://mopsov.twse.com.tw/mops/web/ajax_t163sb20
中游,電源供應系統,2301,光寶科,2025,4,cash_flow,期初現金及約當現金餘額,100683607,"100,683,607",sii,https://mopsov.twse.com.tw/mops/web/ajax_t163sb20
中游,電源供應系統,2301,光寶科,2025,4,cash_flow,期末現金及約當現金餘額,80974352,"80,974,352",sii,https://mopsov.twse.com.tw/mops/web/ajax_t163sb20
中游,電源供應系統,2308,台達電,2025,4,cash_flow,營業活動之淨現金流入（流出）,98474281,"98,474,281",sii,https://mopsov.twse.com.tw/mops/web/ajax_t163sb20
中游,電源供應系統,2308,台達電,2025,4,cash_flow,投資活動之淨現金流入（流出）,-53214206,"-53,214,206",sii,https://mopsov.twse.com.tw/mops/web/ajax_t163sb20
中游,電源供應系統,2308,台達電,2025,4,cash_flow,籌資活動之淨現金流入（流出）,-9401397,"-9,401,397",sii,https://mopsov.twse.com.tw/mops/web/ajax_t163sb20
中游,電源供應系統,2308,台達電,2025,4,cash_flow,匯率變動對現金及約當現金之影響,-2145753,"-2,145,753",sii,https://mopsov.twse.com.tw/mops/web/ajax_t163sb20
中游,電源供應系統,2308,台達電,2025,4,cash_flow,本期現金及約當現金增加（減少）數,33712925,"33,712,925",sii,https://mopsov.twse.com.tw/mops/web/ajax_t163sb20
中游,電源供應系統,2308,台達電,2025,4,cash_flow,期初現金及約當現金餘額,117459250,"117,459,250",sii,https://mopsov.twse.com.tw/mops/web/ajax_t163sb20
中游,電源供應系統,2308,台達電,2025,4,cash_flow,期末現金及約當現金餘額,151172175,"151,172,175",sii,https://mopsov.twse.com.tw/mops/web/ajax_t163sb20
中游,電源供應系統,2301,光寶科,2026,1,income_statement,營業收入,43407292,"43,407,292",sii,https://mopsov.twse.com.tw/mops/web/ajax_t163sb04
中游,電源供應系統,2301,光寶科,2026,1,income_statement,營業成本,34004359,"34,004,359",sii,https://mopsov.twse.com.tw/mops/web/ajax_t163sb04
中游,電源供應系統,2301,光寶科,2026,1,income_statement,原始認列生物資產及農產品之利益（損失）,,--,sii,https://mopsov.twse.com.tw/mops/web/ajax_t163sb04
中游,電源供應系統,2301,光寶科,2026,1,income_statement,生物資產當期公允價值減出售成本之變動利益（損失）,,--,sii,https://mopsov.twse.com.tw/mops/web/ajax_t163sb04
中游,電源供應系統,2301,光寶科,2026,1,income_statement,營業毛利（毛損）,9402933,"9,402,933",sii,https://mopsov.twse.com.tw/mops/web/ajax_t163sb04
中游,電源供應系統,2301,光寶科,2026,1,income_statement,未實現銷貨（損）益,,--,sii,https://mopsov.twse.com.tw/mops/web/ajax_t163sb04
中游,電源供應系統,2301,光寶科,2026,1,income_statement,已實現銷貨（損）益,,--,sii,https://mopsov.twse.com.tw/mops/web/ajax_t163sb04
中游,電源供應系統,2301,光寶科,2026,1,income_statement,營業毛利（毛損）淨額,9402933,"9,402,933",sii,https://mopsov.twse.com.tw/mops/web/ajax_t163sb04
中游,電源供應系統,2301,光寶科,2026,1,income_statement,營業費用,5303628,"5,303,628",sii,https://mopsov.twse.com.tw/mops/web/ajax_t163sb04
中游,電源供應系統,2301,光寶科,2026,1,income_statement,其他收益及費損淨額,,--,sii,https://mopsov.twse.com.tw/mops/web/ajax_t163sb04
中游,電源供應系統,2301,光寶科,2026,1,income_statement,營業利益（損失）,4099305,"4,099,305",sii,https://mopsov.twse.com.tw/mops/web/ajax_t163sb04
中游,電源供應系統,2301,光寶科,2026,1,income_statement,營業外收入及支出,870596,"870,596",sii,https://mopsov.twse.com.tw/mops/web/ajax_t163sb04
中游,電源供應系統,2301,光寶科,2026,1,income_statement,稅前淨利（淨損）,4969901,"4,969,901",sii,https://mopsov.twse.com.tw/mops/web/ajax_t163sb04
中游,電源供應系統,2301,光寶科,2026,1,income_statement,所得稅費用（利益）,1195242,"1,195,242",sii,https://mopsov.twse.com.tw/mops/web/ajax_t163sb04
中游,電源供應系統,2301,光寶科,2026,1,income_statement,繼續營業單位本期淨利（淨損）,3774659,"3,774,659",sii,https://mopsov.twse.com.tw/mops/web/ajax_t163sb04
中游,電源供應系統,2301,光寶科,2026,1,income_statement,停業單位損益,,--,sii,https://mopsov.twse.com.tw/mops/web/ajax_t163sb04
中游,電源供應系統,2301,光寶科,2026,1,income_statement,合併前非屬共同控制股權損益,,--,sii,https://mopsov.twse.com.tw/mops/web/ajax_t163sb04
中游,電源供應系統,2301,光寶科,2026,1,income_statement,本期淨利（淨損）,3774659,"3,774,659",sii,https://mopsov.twse.com.tw/mops/web/ajax_t163sb04
中游,電源供應系統,2301,光寶科,2026,1,income_statement,其他綜合損益（淨額）,1347911,"1,347,911",sii,https://mopsov.twse.com.tw/mops/web/ajax_t163sb04
中游,電源供應系統,2301,光寶科,2026,1,income_statement,合併前非屬共同控制股權綜合損益淨額,,--,sii,https://mopsov.twse.com.tw/mops/web/ajax_t163sb04
中游,電源供應系統,2301,光寶科,2026,1,income_statement,本期綜合損益總額,5122570,"5,122,570",sii,https://mopsov.twse.com.tw/mops/web/ajax_t163sb04
中游,電源供應系統,2301,光寶科,2026,1,income_statement,淨利（淨損）歸屬於母公司業主,3775414,"3,775,414",sii,https://mopsov.twse.com.tw/mops/web/ajax_t163sb04
中游,電源供應系統,2301,光寶科,2026,1,income_statement,淨利（淨損）歸屬於共同控制下前手權益,,--,sii,https://mopsov.twse.com.tw/mops/web/ajax_t163sb04
中游,電源供應系統,2301,光寶科,2026,1,income_statement,淨利（淨損）歸屬於非控制權益,-755,-755,sii,https://mopsov.twse.com.tw/mops/web/ajax_t163sb04
中游,電源供應系統,2301,光寶科,2026,1,income_statement,綜合損益總額歸屬於母公司業主,5120931,"5,120,931",sii,https://mopsov.twse.com.tw/mops/web/ajax_t163sb04
中游,電源供應系統,2301,光寶科,2026,1,income_statement,綜合損益總額歸屬於共同控制下前手權益,,--,sii,https://mopsov.twse.com.tw/mops/web/ajax_t163sb04
中游,電源供應系統,2301,光寶科,2026,1,income_statement,綜合損益總額歸屬於非控制權益,1639,"1,639",sii,https://mopsov.twse.com.tw/mops/web/ajax_t163sb04
中游,電源供應系統,2301,光寶科,2026,1,income_statement,基本每股盈餘（元）,1.66,1.66,sii,https://mopsov.twse.com.tw/mops/web/ajax_t163sb04
中游,電源供應系統,2308,台達電,2026,1,income_statement,營業收入,159352652,"159,352,652",sii,https://mopsov.twse.com.tw/mops/web/ajax_t163sb04
中游,電源供應系統,2308,台達電,2026,1,income_statement,營業成本,100391781,"100,391,781",sii,https://mopsov.twse.com.tw/mops/web/ajax_t163sb04
中游,電源供應系統,2308,台達電,2026,1,income_statement,原始認列生物資產及農產品之利益（損失）,,--,sii,https://mopsov.twse.com.tw/mops/web/ajax_t163sb04
中游,電源供應系統,2308,台達電,2026,1,income_statement,生物資產當期公允價值減出售成本之變動利益（損失）,,--,sii,https://mopsov.twse.com.tw/mops/web/ajax_t163sb04
中游,電源供應系統,2308,台達電,2026,1,income_statement,營業毛利（毛損）,58960871,"58,960,871",sii,https://mopsov.twse.com.tw/mops/web/ajax_t163sb04
中游,電源供應系統,2308,台達電,2026,1,income_statement,未實現銷貨（損）益,,--,sii,https://mopsov.twse.com.tw/mops/web/ajax_t163sb04
中游,電源供應系統,2308,台達電,2026,1,income_statement,已實現銷貨（損）益,,--,sii,https://mopsov.twse.com.tw/mops/web/ajax_t163sb04
中游,電源供應系統,2308,台達電,2026,1,income_statement,營業毛利（毛損）淨額,58960871,"58,960,871",sii,https://mopsov.twse.com.tw/mops/web/ajax_t163sb04
中游,電源供應系統,2308,台達電,2026,1,income_statement,營業費用,30543568,"30,543,568",sii,https://mopsov.twse.com.tw/mops/web/ajax_t163sb04
中游,電源供應系統,2308,台達電,2026,1,income_statement,其他收益及費損淨額,,--,sii,https://mopsov.twse.com.tw/mops/web/ajax_t163sb04
中游,電源供應系統,2308,台達電,2026,1,income_statement,營業利益（損失）,28417303,"28,417,303",sii,https://mopsov.twse.com.tw/mops/web/ajax_t163sb04
中游,電源供應系統,2308,台達電,2026,1,income_statement,營業外收入及支出,2675520,"2,675,520",sii,https://mopsov.twse.com.tw/mops/web/ajax_t163sb04
中游,電源供應系統,2308,台達電,2026,1,income_statement,稅前淨利（淨損）,31092823,"31,092,823",sii,https://mopsov.twse.com.tw/mops/web/ajax_t163sb04
中游,電源供應系統,2308,台達電,2026,1,income_statement,所得稅費用（利益）,7258274,"7,258,274",sii,https://mopsov.twse.com.tw/mops/web/ajax_t163sb04
中游,電源供應系統,2308,台達電,2026,1,income_statement,繼續營業單位本期淨利（淨損）,23834549,"23,834,549",sii,https://mopsov.twse.com.tw/mops/web/ajax_t163sb04
中游,電源供應系統,2308,台達電,2026,1,income_statement,停業單位損益,,--,sii,https://mopsov.twse.com.tw/mops/web/ajax_t163sb04
中游,電源供應系統,2308,台達電,2026,1,income_statement,合併前非屬共同控制股權損益,,--,sii,https://mopsov.twse.com.tw/mops/web/ajax_t163sb04
中游,電源供應系統,2308,台達電,2026,1,income_statement,本期淨利（淨損）,23834549,"23,834,549",sii,https://mopsov.twse.com.tw/mops/web/ajax_t163sb04
中游,電源供應系統,2308,台達電,2026,1,income_statement,其他綜合損益（淨額）,4678040,"4,678,040",sii,https://mopsov.twse.com.tw/mops/web/ajax_t163sb04
中游,電源供應系統,2308,台達電,2026,1,income_statement,合併前非屬共同控制股權綜合損益淨額,,--,sii,https://mopsov.twse.com.tw/mops/web/ajax_t163sb04
中游,電源供應系統,2308,台達電,2026,1,income_statement,本期綜合損益總額,28512589,"28,512,589",sii,https://mopsov.twse.com.tw/mops/web/ajax_t163sb04
中游,電源供應系統,2308,台達電,2026,1,income_statement,淨利（淨損）歸屬於母公司業主,20555591,"20,555,591",sii,https://mopsov.twse.com.tw/mops/web/ajax_t163sb04
中游,電源供應系統,2308,台達電,2026,1,income_statement,淨利（淨損）歸屬於共同控制下前手權益,,--,sii,https://mopsov.twse.com.tw/mops/web/ajax_t163sb04
中游,電源供應系統,2308,台達電,2026,1,income_statement,淨利（淨損）歸屬於非控制權益,3278958,"3,278,958",sii,https://mopsov.twse.com.tw/mops/web/ajax_t163sb04
中游,電源供應系統,2308,台達電,2026,1,income_statement,綜合損益總額歸屬於母公司業主,25520122,"25,520,122",sii,https://mopsov.twse.com.tw/mops/web/ajax_t163sb04
中游,電源供應系統,2308,台達電,2026,1,income_statement,綜合損益總額歸屬於共同控制下前手權益,,--,sii,https://mopsov.twse.com.tw/mops/web/ajax_t163sb04
中游,電源供應系統,2308,台達電,2026,1,income_statement,綜合損益總額歸屬於非控制權益,2992467,"2,992,467",sii,https://mopsov.twse.com.tw/mops/web/ajax_t163sb04
中游,電源供應系統,2308,台達電,2026,1,income_statement,基本每股盈餘（元）,7.91,7.91,sii,https://mopsov.twse.com.tw/mops/web/ajax_t163sb04
中游,電源供應系統,2301,光寶科,2026,1,balance_sheet,流動資產,165353065,"165,353,065",sii,https://mopsov.twse.com.tw/mops/web/ajax_t163sb05
中游,電源供應系統,2301,光寶科,2026,1,balance_sheet,非流動資產,45338156,"45,338,156",sii,https://mopsov.twse.com.tw/mops/web/ajax_t163sb05
中游,電源供應系統,2301,光寶科,2026,1,balance_sheet,資產總計,210691221,"210,691,221",sii,https://mopsov.twse.com.tw/mops/web/ajax_t163sb05
中游,電源供應系統,2301,光寶科,2026,1,balance_sheet,流動負債,116511425,"116,511,425",sii,https://mopsov.twse.com.tw/mops/web/ajax_t163sb05
中游,電源供應系統,2301,光寶科,2026,1,balance_sheet,非流動負債,5916382,"5,916,382",sii,https://mopsov.twse.com.tw/mops/web/ajax_t163sb05
中游,電源供應系統,2301,光寶科,2026,1,balance_sheet,負債總計,122427807,"122,427,807",sii,https://mopsov.twse.com.tw/mops/web/ajax_t163sb05
中游,電源供應系統,2301,光寶科,2026,1,balance_sheet,股本,23161078,"23,161,078",sii,https://mopsov.twse.com.tw/mops/web/ajax_t163sb05
中游,電源供應系統,2301,光寶科,2026,1,balance_sheet,權益─具證券性質之虛擬通貨,,--,sii,https://mopsov.twse.com.tw/mops/web/ajax_t163sb05
中游,電源供應系統,2301,光寶科,2026,1,balance_sheet,資本公積,21575010,"21,575,010",sii,https://mopsov.twse.com.tw/mops/web/ajax_t163sb05
中游,電源供應系統,2301,光寶科,2026,1,balance_sheet,保留盈餘,46800183,"46,800,183",sii,https://mopsov.twse.com.tw/mops/web/ajax_t163sb05
中游,電源供應系統,2301,光寶科,2026,1,balance_sheet,其他權益,-704261,"-704,261",sii,https://mopsov.twse.com.tw/mops/web/ajax_t163sb05
中游,電源供應系統,2301,光寶科,2026,1,balance_sheet,庫藏股票,-2726963,"-2,726,963",sii,https://mopsov.twse.com.tw/mops/web/ajax_t163sb05
中游,電源供應系統,2301,光寶科,2026,1,balance_sheet,歸屬於母公司業主之權益合計,88105047,"88,105,047",sii,https://mopsov.twse.com.tw/mops/web/ajax_t163sb05
中游,電源供應系統,2301,光寶科,2026,1,balance_sheet,共同控制下前手權益,,--,sii,https://mopsov.twse.com.tw/mops/web/ajax_t163sb05
中游,電源供應系統,2301,光寶科,2026,1,balance_sheet,合併前非屬共同控制股權,,--,sii,https://mopsov.twse.com.tw/mops/web/ajax_t163sb05
中游,電源供應系統,2301,光寶科,2026,1,balance_sheet,非控制權益,158367,"158,367",sii,https://mopsov.twse.com.tw/mops/web/ajax_t163sb05
中游,電源供應系統,2301,光寶科,2026,1,balance_sheet,權益總計,88263414,"88,263,414",sii,https://mopsov.twse.com.tw/mops/web/ajax_t163sb05
中游,電源供應系統,2301,光寶科,2026,1,balance_sheet,待註銷股本股數（單位：股）,,--,sii,https://mopsov.twse.com.tw/mops/web/ajax_t163sb05
中游,電源供應系統,2301,光寶科,2026,1,balance_sheet,預收股款（權益項下）之約當發行股數（單位：股）,0,0,sii,https://mopsov.twse.com.tw/mops/web/ajax_t163sb05
中游,電源供應系統,2301,光寶科,2026,1,balance_sheet,母公司暨子公司所持有之母公司庫藏股股數（單位：股）,47004221,"47,004,221",sii,https://mopsov.twse.com.tw/mops/web/ajax_t163sb05
中游,電源供應系統,2301,光寶科,2026,1,balance_sheet,每股參考淨值,38.83,38.83,sii,https://mopsov.twse.com.tw/mops/web/ajax_t163sb05
中游,電源供應系統,2308,台達電,2026,1,balance_sheet,流動資產,431011083,"431,011,083",sii,https://mopsov.twse.com.tw/mops/web/ajax_t163sb05
中游,電源供應系統,2308,台達電,2026,1,balance_sheet,非流動資產,253162892,"253,162,892",sii,https://mopsov.twse.com.tw/mops/web/ajax_t163sb05
中游,電源供應系統,2308,台達電,2026,1,balance_sheet,資產總計,684173975,"684,173,975",sii,https://mopsov.twse.com.tw/mops/web/ajax_t163sb05
中游,電源供應系統,2308,台達電,2026,1,balance_sheet,流動負債,220629087,"220,629,087",sii,https://mopsov.twse.com.tw/mops/web/ajax_t163sb05
中游,電源供應系統,2308,台達電,2026,1,balance_sheet,非流動負債,106285681,"106,285,681",sii,https://mopsov.twse.com.tw/mops/web/ajax_t163sb05
中游,電源供應系統,2308,台達電,2026,1,balance_sheet,負債總計,326914768,"326,914,768",sii,https://mopsov.twse.com.tw/mops/web/ajax_t163sb05
中游,電源供應系統,2308,台達電,2026,1,balance_sheet,股本,25975433,"25,975,433",sii,https://mopsov.twse.com.tw/mops/web/ajax_t163sb05
中游,電源供應系統,2308,台達電,2026,1,balance_sheet,權益─具證券性質之虛擬通貨,,--,sii,https://mopsov.twse.com.tw/mops/web/ajax_t163sb05
中游,電源供應系統,2308,台達電,2026,1,balance_sheet,資本公積,61046509,"61,046,509",sii,https://mopsov.twse.com.tw/mops/web/ajax_t163sb05
中游,電源供應系統,2308,台達電,2026,1,balance_sheet,保留盈餘,204081142,"204,081,142",sii,https://mopsov.twse.com.tw/mops/web/ajax_t163sb05
中游,電源供應系統,2308,台達電,2026,1,balance_sheet,其他權益,8439662,"8,439,662",sii,https://mopsov.twse.com.tw/mops/web/ajax_t163sb05
中游,電源供應系統,2308,台達電,2026,1,balance_sheet,庫藏股票,,--,sii,https://mopsov.twse.com.tw/mops/web/ajax_t163sb05
中游,電源供應系統,2308,台達電,2026,1,balance_sheet,歸屬於母公司業主之權益合計,299542746,"299,542,746",sii,https://mopsov.twse.com.tw/mops/web/ajax_t163sb05
中游,電源供應系統,2308,台達電,2026,1,balance_sheet,共同控制下前手權益,,--,sii,https://mopsov.twse.com.tw/mops/web/ajax_t163sb05
中游,電源供應系統,2308,台達電,2026,1,balance_sheet,合併前非屬共同控制股權,,--,sii,https://mopsov.twse.com.tw/mops/web/ajax_t163sb05
中游,電源供應系統,2308,台達電,2026,1,balance_sheet,非控制權益,57716461,"57,716,461",sii,https://mopsov.twse.com.tw/mops/web/ajax_t163sb05
中游,電源供應系統,2308,台達電,2026,1,balance_sheet,權益總計,357259207,"357,259,207",sii,https://mopsov.twse.com.tw/mops/web/ajax_t163sb05
中游,電源供應系統,2308,台達電,2026,1,balance_sheet,待註銷股本股數（單位：股）,0,0,sii,https://mopsov.twse.com.tw/mops/web/ajax_t163sb05
中游,電源供應系統,2308,台達電,2026,1,balance_sheet,預收股款（權益項下）之約當發行股數（單位：股）,0,0,sii,https://mopsov.twse.com.tw/mops/web/ajax_t163sb05
中游,電源供應系統,2308,台達電,2026,1,balance_sheet,母公司暨子公司所持有之母公司庫藏股股數（單位：股）,0,0,sii,https://mopsov.twse.com.tw/mops/web/ajax_t163sb05
中游,電源供應系統,2308,台達電,2026,1,balance_sheet,每股參考淨值,115.32,115.32,sii,https://mopsov.twse.com.tw/mops/web/ajax_t163sb05
中游,電源供應系統,2301,光寶科,2026,1,cash_flow,營業活動之淨現金流入（流出）,-1240042,"-1,240,042",sii,https://mopsov.twse.com.tw/mops/web/ajax_t163sb20
中游,電源供應系統,2301,光寶科,2026,1,cash_flow,投資活動之淨現金流入（流出）,-3772090,"-3,772,090",sii,https://mopsov.twse.com.tw/mops/web/ajax_t163sb20
中游,電源供應系統,2301,光寶科,2026,1,cash_flow,籌資活動之淨現金流入（流出）,-6762822,"-6,762,822",sii,https://mopsov.twse.com.tw/mops/web/ajax_t163sb20
中游,電源供應系統,2301,光寶科,2026,1,cash_flow,匯率變動對現金及約當現金之影響,1933764,"1,933,764",sii,https://mopsov.twse.com.tw/mops/web/ajax_t163sb20
中游,電源供應系統,2301,光寶科,2026,1,cash_flow,本期現金及約當現金增加（減少）數,-9841190,"-9,841,190",sii,https://mopsov.twse.com.tw/mops/web/ajax_t163sb20
中游,電源供應系統,2301,光寶科,2026,1,cash_flow,期初現金及約當現金餘額,80974352,"80,974,352",sii,https://mopsov.twse.com.tw/mops/web/ajax_t163sb20
中游,電源供應系統,2301,光寶科,2026,1,cash_flow,期末現金及約當現金餘額,71133162,"71,133,162",sii,https://mopsov.twse.com.tw/mops/web/ajax_t163sb20
中游,電源供應系統,2308,台達電,2026,1,cash_flow,營業活動之淨現金流入（流出）,19931192,"19,931,192",sii,https://mopsov.twse.com.tw/mops/web/ajax_t163sb20
中游,電源供應系統,2308,台達電,2026,1,cash_flow,投資活動之淨現金流入（流出）,-12318347,"-12,318,347",sii,https://mopsov.twse.com.tw/mops/web/ajax_t163sb20
中游,電源供應系統,2308,台達電,2026,1,cash_flow,籌資活動之淨現金流入（流出）,-327737,"-327,737",sii,https://mopsov.twse.com.tw/mops/web/ajax_t163sb20
中游,電源供應系統,2308,台達電,2026,1,cash_flow,匯率變動對現金及約當現金之影響,2476813,"2,476,813",sii,https://mopsov.twse.com.tw/mops/web/ajax_t163sb20
中游,電源供應系統,2308,台達電,2026,1,cash_flow,本期現金及約當現金增加（減少）數,9761921,"9,761,921",sii,https://mopsov.twse.com.tw/mops/web/ajax_t163sb20
中游,電源供應系統,2308,台達電,2026,1,cash_flow,期初現金及約當現金餘額,151172175,"151,172,175",sii,https://mopsov.twse.com.tw/mops/web/ajax_t163sb20
中游,電源供應系統,2308,台達電,2026,1,cash_flow,期末現金及約當現金餘額,160934096,"160,934,096",sii,https://mopsov.twse.com.tw/mops/web/ajax_t163sb20
中游,電源供應系統,2301,光寶科,2026,2,income_statement,營業收入,96110746,"96,110,746",sii,https://mopsov.twse.com.tw/mops/web/ajax_t163sb04
中游,電源供應系統,2301,光寶科,2026,2,income_statement,營業成本,72359356,"72,359,356",sii,https://mopsov.twse.com.tw/mops/web/ajax_t163sb04
中游,電源供應系統,2301,光寶科,2026,2,income_statement,原始認列生物資產及農產品之利益（損失）,,--,sii,https://mopsov.twse.com.tw/mops/web/ajax_t163sb04
中游,電源供應系統,2301,光寶科,2026,2,income_statement,生物資產當期公允價值減出售成本之變動利益（損失）,,--,sii,https://mopsov.twse.com.tw/mops/web/ajax_t163sb04
中游,電源供應系統,2301,光寶科,2026,2,income_statement,營業毛利（毛損）,23751390,"23,751,390",sii,https://mopsov.twse.com.tw/mops/web/ajax_t163sb04
中游,電源供應系統,2301,光寶科,2026,2,income_statement,未實現銷貨（損）益,,--,sii,https://mopsov.twse.com.tw/mops/web/ajax_t163sb04
中游,電源供應系統,2301,光寶科,2026,2,income_statement,已實現銷貨（損）益,,--,sii,https://mopsov.twse.com.tw/mops/web/ajax_t163sb04
中游,電源供應系統,2301,光寶科,2026,2,income_statement,營業毛利（毛損）淨額,23751390,"23,751,390",sii,https://mopsov.twse.com.tw/mops/web/ajax_t163sb04
中游,電源供應系統,2301,光寶科,2026,2,income_statement,營業費用,11449535,"11,449,535",sii,https://mopsov.twse.com.tw/mops/web/ajax_t163sb04
中游,電源供應系統,2301,光寶科,2026,2,income_statement,其他收益及費損淨額,,--,sii,https://mopsov.twse.com.tw/mops/web/ajax_t163sb04
中游,電源供應系統,2301,光寶科,2026,2,income_statement,營業利益（損失）,12301855,"12,301,855",sii,https://mopsov.twse.com.tw/mops/web/ajax_t163sb04
中游,電源供應系統,2301,光寶科,2026,2,income_statement,營業外收入及支出,2036325,"2,036,325",sii,https://mopsov.twse.com.tw/mops/web/ajax_t163sb04
中游,電源供應系統,2301,光寶科,2026,2,income_statement,稅前淨利（淨損）,14338180,"14,338,180",sii,https://mopsov.twse.com.tw/mops/web/ajax_t163sb04
中游,電源供應系統,2301,光寶科,2026,2,income_statement,所得稅費用（利益）,3443634,"3,443,634",sii,https://mopsov.twse.com.tw/mops/web/ajax_t163sb04
中游,電源供應系統,2301,光寶科,2026,2,income_statement,繼續營業單位本期淨利（淨損）,10894546,"10,894,546",sii,https://mopsov.twse.com.tw/mops/web/ajax_t163sb04
中游,電源供應系統,2301,光寶科,2026,2,income_statement,停業單位損益,,--,sii,https://mopsov.twse.com.tw/mops/web/ajax_t163sb04
中游,電源供應系統,2301,光寶科,2026,2,income_statement,合併前非屬共同控制股權損益,,--,sii,https://mopsov.twse.com.tw/mops/web/ajax_t163sb04
中游,電源供應系統,2301,光寶科,2026,2,income_statement,本期淨利（淨損）,10894546,"10,894,546",sii,https://mopsov.twse.com.tw/mops/web/ajax_t163sb04
中游,電源供應系統,2301,光寶科,2026,2,income_statement,其他綜合損益（淨額）,1919222,"1,919,222",sii,https://mopsov.twse.com.tw/mops/web/ajax_t163sb04
中游,電源供應系統,2301,光寶科,2026,2,income_statement,合併前非屬共同控制股權綜合損益淨額,,--,sii,https://mopsov.twse.com.tw/mops/web/ajax_t163sb04
中游,電源供應系統,2301,光寶科,2026,2,income_statement,本期綜合損益總額,12813768,"12,813,768",sii,https://mopsov.twse.com.tw/mops/web/ajax_t163sb04
中游,電源供應系統,2301,光寶科,2026,2,income_statement,淨利（淨損）歸屬於母公司業主,10891244,"10,891,244",sii,https://mopsov.twse.com.tw/mops/web/ajax_t163sb04
中游,電源供應系統,2301,光寶科,2026,2,income_statement,淨利（淨損）歸屬於共同控制下前手權益,,--,sii,https://mopsov.twse.com.tw/mops/web/ajax_t163sb04
中游,電源供應系統,2301,光寶科,2026,2,income_statement,淨利（淨損）歸屬於非控制權益,3302,"3,302",sii,https://mopsov.twse.com.tw/mops/web/ajax_t163sb04
中游,電源供應系統,2301,光寶科,2026,2,income_statement,綜合損益總額歸屬於母公司業主,12808633,"12,808,633",sii,https://mopsov.twse.com.tw/mops/web/ajax_t163sb04
中游,電源供應系統,2301,光寶科,2026,2,income_statement,綜合損益總額歸屬於共同控制下前手權益,,--,sii,https://mopsov.twse.com.tw/mops/web/ajax_t163sb04
中游,電源供應系統,2301,光寶科,2026,2,income_statement,綜合損益總額歸屬於非控制權益,5135,"5,135",sii,https://mopsov.twse.com.tw/mops/web/ajax_t163sb04
中游,電源供應系統,2301,光寶科,2026,2,income_statement,基本每股盈餘（元）,4.8,4.80,sii,https://mopsov.twse.com.tw/mops/web/ajax_t163sb04
中游,電源供應系統,2308,台達電,2026,2,income_statement,營業收入,342608732,"342,608,732",sii,https://mopsov.twse.com.tw/mops/web/ajax_t163sb04
中游,電源供應系統,2308,台達電,2026,2,income_statement,營業成本,218339911,"218,339,911",sii,https://mopsov.twse.com.tw/mops/web/ajax_t163sb04
中游,電源供應系統,2308,台達電,2026,2,income_statement,原始認列生物資產及農產品之利益（損失）,,--,sii,https://mopsov.twse.com.tw/mops/web/ajax_t163sb04
中游,電源供應系統,2308,台達電,2026,2,income_statement,生物資產當期公允價值減出售成本之變動利益（損失）,,--,sii,https://mopsov.twse.com.tw/mops/web/ajax_t163sb04
中游,電源供應系統,2308,台達電,2026,2,income_statement,營業毛利（毛損）,124268821,"124,268,821",sii,https://mopsov.twse.com.tw/mops/web/ajax_t163sb04
中游,電源供應系統,2308,台達電,2026,2,income_statement,未實現銷貨（損）益,,--,sii,https://mopsov.twse.com.tw/mops/web/ajax_t163sb04
中游,電源供應系統,2308,台達電,2026,2,income_statement,已實現銷貨（損）益,,--,sii,https://mopsov.twse.com.tw/mops/web/ajax_t163sb04
中游,電源供應系統,2308,台達電,2026,2,income_statement,營業毛利（毛損）淨額,124268821,"124,268,821",sii,https://mopsov.twse.com.tw/mops/web/ajax_t163sb04
中游,電源供應系統,2308,台達電,2026,2,income_statement,營業費用,65281476,"65,281,476",sii,https://mopsov.twse.com.tw/mops/web/ajax_t163sb04
中游,電源供應系統,2308,台達電,2026,2,income_statement,其他收益及費損淨額,,--,sii,https://mopsov.twse.com.tw/mops/web/ajax_t163sb04
中游,電源供應系統,2308,台達電,2026,2,income_statement,營業利益（損失）,58987345,"58,987,345",sii,https://mopsov.twse.com.tw/mops/web/ajax_t163sb04
中游,電源供應系統,2308,台達電,2026,2,income_statement,營業外收入及支出,7105092,"7,105,092",sii,https://mopsov.twse.com.tw/mops/web/ajax_t163sb04
中游,電源供應系統,2308,台達電,2026,2,income_statement,稅前淨利（淨損）,66092437,"66,092,437",sii,https://mopsov.twse.com.tw/mops/web/ajax_t163sb04
中游,電源供應系統,2308,台達電,2026,2,income_statement,所得稅費用（利益）,15088837,"15,088,837",sii,https://mopsov.twse.com.tw/mops/web/ajax_t163sb04
中游,電源供應系統,2308,台達電,2026,2,income_statement,繼續營業單位本期淨利（淨損）,51003600,"51,003,600",sii,https://mopsov.twse.com.tw/mops/web/ajax_t163sb04
中游,電源供應系統,2308,台達電,2026,2,income_statement,停業單位損益,,--,sii,https://mopsov.twse.com.tw/mops/web/ajax_t163sb04
中游,電源供應系統,2308,台達電,2026,2,income_statement,合併前非屬共同控制股權損益,,--,sii,https://mopsov.twse.com.tw/mops/web/ajax_t163sb04
中游,電源供應系統,2308,台達電,2026,2,income_statement,本期淨利（淨損）,51003600,"51,003,600",sii,https://mopsov.twse.com.tw/mops/web/ajax_t163sb04
中游,電源供應系統,2308,台達電,2026,2,income_statement,其他綜合損益（淨額）,3340412,"3,340,412",sii,https://mopsov.twse.com.tw/mops/web/ajax_t163sb04
中游,電源供應系統,2308,台達電,2026,2,income_statement,合併前非屬共同控制股權綜合損益淨額,,--,sii,https://mopsov.twse.com.tw/mops/web/ajax_t163sb04
中游,電源供應系統,2308,台達電,2026,2,income_statement,本期綜合損益總額,54344012,"54,344,012",sii,https://mopsov.twse.com.tw/mops/web/ajax_t163sb04
中游,電源供應系統,2308,台達電,2026,2,income_statement,淨利（淨損）歸屬於母公司業主,45691231,"45,691,231",sii,https://mopsov.twse.com.tw/mops/web/ajax_t163sb04
中游,電源供應系統,2308,台達電,2026,2,income_statement,淨利（淨損）歸屬於共同控制下前手權益,,--,sii,https://mopsov.twse.com.tw/mops/web/ajax_t163sb04
中游,電源供應系統,2308,台達電,2026,2,income_statement,淨利（淨損）歸屬於非控制權益,5312369,"5,312,369",sii,https://mopsov.twse.com.tw/mops/web/ajax_t163sb04
中游,電源供應系統,2308,台達電,2026,2,income_statement,綜合損益總額歸屬於母公司業主,49830610,"49,830,610",sii,https://mopsov.twse.com.tw/mops/web/ajax_t163sb04
中游,電源供應系統,2308,台達電,2026,2,income_statement,綜合損益總額歸屬於共同控制下前手權益,,--,sii,https://mopsov.twse.com.tw/mops/web/ajax_t163sb04
中游,電源供應系統,2308,台達電,2026,2,income_statement,綜合損益總額歸屬於非控制權益,4513402,"4,513,402",sii,https://mopsov.twse.com.tw/mops/web/ajax_t163sb04
中游,電源供應系統,2308,台達電,2026,2,income_statement,基本每股盈餘（元）,17.59,17.59,sii,https://mopsov.twse.com.tw/mops/web/ajax_t163sb04
中游,電源供應系統,2301,光寶科,2026,2,balance_sheet,流動資產,190058403,"190,058,403",sii,https://mopsov.twse.com.tw/mops/web/ajax_t163sb05
中游,電源供應系統,2301,光寶科,2026,2,balance_sheet,非流動資產,49106010,"49,106,010",sii,https://mopsov.twse.com.tw/mops/web/ajax_t163sb05
中游,電源供應系統,2301,光寶科,2026,2,balance_sheet,資產總計,239164413,"239,164,413",sii,https://mopsov.twse.com.tw/mops/web/ajax_t163sb05
中游,電源供應系統,2301,光寶科,2026,2,balance_sheet,流動負債,137099769,"137,099,769",sii,https://mopsov.twse.com.tw/mops/web/ajax_t163sb05
中游,電源供應系統,2301,光寶科,2026,2,balance_sheet,非流動負債,5452678,"5,452,678",sii,https://mopsov.twse.com.tw/mops/web/ajax_t163sb05
中游,電源供應系統,2301,光寶科,2026,2,balance_sheet,負債總計,142552447,"142,552,447",sii,https://mopsov.twse.com.tw/mops/web/ajax_t163sb05
中游,電源供應系統,2301,光寶科,2026,2,balance_sheet,股本,23161078,"23,161,078",sii,https://mopsov.twse.com.tw/mops/web/ajax_t163sb05
中游,電源供應系統,2301,光寶科,2026,2,balance_sheet,權益─具證券性質之虛擬通貨,,--,sii,https://mopsov.twse.com.tw/mops/web/ajax_t163sb05
中游,電源供應系統,2301,光寶科,2026,2,balance_sheet,資本公積,21582720,"21,582,720",sii,https://mopsov.twse.com.tw/mops/web/ajax_t163sb05
中游,電源供應系統,2301,光寶科,2026,2,balance_sheet,保留盈餘,53924633,"53,924,633",sii,https://mopsov.twse.com.tw/mops/web/ajax_t163sb05
中游,電源供應系統,2301,光寶科,2026,2,balance_sheet,其他權益,-137874,"-137,874",sii,https://mopsov.twse.com.tw/mops/web/ajax_t163sb05
中游,電源供應系統,2301,光寶科,2026,2,balance_sheet,庫藏股票,-2726963,"-2,726,963",sii,https://mopsov.twse.com.tw/mops/web/ajax_t163sb05
中游,電源供應系統,2301,光寶科,2026,2,balance_sheet,歸屬於母公司業主之權益合計,95803594,"95,803,594",sii,https://mopsov.twse.com.tw/mops/web/ajax_t163sb05
中游,電源供應系統,2301,光寶科,2026,2,balance_sheet,共同控制下前手權益,,--,sii,https://mopsov.twse.com.tw/mops/web/ajax_t163sb05
中游,電源供應系統,2301,光寶科,2026,2,balance_sheet,合併前非屬共同控制股權,,--,sii,https://mopsov.twse.com.tw/mops/web/ajax_t163sb05
中游,電源供應系統,2301,光寶科,2026,2,balance_sheet,非控制權益,808372,"808,372",sii,https://mopsov.twse.com.tw/mops/web/ajax_t163sb05
中游,電源供應系統,2301,光寶科,2026,2,balance_sheet,權益總計,96611966,"96,611,966",sii,https://mopsov.twse.com.tw/mops/web/ajax_t163sb05
中游,電源供應系統,2301,光寶科,2026,2,balance_sheet,待註銷股本股數（單位：股）,,--,sii,https://mopsov.twse.com.tw/mops/web/ajax_t163sb05
中游,電源供應系統,2301,光寶科,2026,2,balance_sheet,預收股款（權益項下）之約當發行股數（單位：股）,0,0,sii,https://mopsov.twse.com.tw/mops/web/ajax_t163sb05
中游,電源供應系統,2301,光寶科,2026,2,balance_sheet,母公司暨子公司所持有之母公司庫藏股股數（單位：股）,47004221,"47,004,221",sii,https://mopsov.twse.com.tw/mops/web/ajax_t163sb05
中游,電源供應系統,2301,光寶科,2026,2,balance_sheet,每股參考淨值,42.22,42.22,sii,https://mopsov.twse.com.tw/mops/web/ajax_t163sb05
中游,電源供應系統,2308,台達電,2026,2,balance_sheet,流動資產,487049600,"487,049,600",sii,https://mopsov.twse.com.tw/mops/web/ajax_t163sb05
中游,電源供應系統,2308,台達電,2026,2,balance_sheet,非流動資產,267383732,"267,383,732",sii,https://mopsov.twse.com.tw/mops/web/ajax_t163sb05
中游,電源供應系統,2308,台達電,2026,2,balance_sheet,資產總計,754433332,"754,433,332",sii,https://mopsov.twse.com.tw/mops/web/ajax_t163sb05
中游,電源供應系統,2308,台達電,2026,2,balance_sheet,流動負債,304502192,"304,502,192",sii,https://mopsov.twse.com.tw/mops/web/ajax_t163sb05
中游,電源供應系統,2308,台達電,2026,2,balance_sheet,非流動負債,99706248,"99,706,248",sii,https://mopsov.twse.com.tw/mops/web/ajax_t163sb05
中游,電源供應系統,2308,台達電,2026,2,balance_sheet,負債總計,404208440,"404,208,440",sii,https://mopsov.twse.com.tw/mops/web/ajax_t163sb05
中游,電源供應系統,2308,台達電,2026,2,balance_sheet,股本,25975433,"25,975,433",sii,https://mopsov.twse.com.tw/mops/web/ajax_t163sb05
中游,電源供應系統,2308,台達電,2026,2,balance_sheet,權益─具證券性質之虛擬通貨,,--,sii,https://mopsov.twse.com.tw/mops/web/ajax_t163sb05
中游,電源供應系統,2308,台達電,2026,2,balance_sheet,資本公積,61035518,"61,035,518",sii,https://mopsov.twse.com.tw/mops/web/ajax_t163sb05
中游,電源供應系統,2308,台達電,2026,2,balance_sheet,保留盈餘,199126013,"199,126,013",sii,https://mopsov.twse.com.tw/mops/web/ajax_t163sb05
中游,電源供應系統,2308,台達電,2026,2,balance_sheet,其他權益,7573776,"7,573,776",sii,https://mopsov.twse.com.tw/mops/web/ajax_t163sb05
中游,電源供應系統,2308,台達電,2026,2,balance_sheet,庫藏股票,,--,sii,https://mopsov.twse.com.tw/mops/web/ajax_t163sb05
中游,電源供應系統,2308,台達電,2026,2,balance_sheet,歸屬於母公司業主之權益合計,293710740,"293,710,740",sii,https://mopsov.twse.com.tw/mops/web/ajax_t163sb05
中游,電源供應系統,2308,台達電,2026,2,balance_sheet,共同控制下前手權益,,--,sii,https://mopsov.twse.com.tw/mops/web/ajax_t163sb05
中游,電源供應系統,2308,台達電,2026,2,balance_sheet,合併前非屬共同控制股權,,--,sii,https://mopsov.twse.com.tw/mops/web/ajax_t163sb05
中游,電源供應系統,2308,台達電,2026,2,balance_sheet,非控制權益,56514152,"56,514,152",sii,https://mopsov.twse.com.tw/mops/web/ajax_t163sb05
中游,電源供應系統,2308,台達電,2026,2,balance_sheet,權益總計,350224892,"350,224,892",sii,https://mopsov.twse.com.tw/mops/web/ajax_t163sb05
中游,電源供應系統,2308,台達電,2026,2,balance_sheet,待註銷股本股數（單位：股）,0,0,sii,https://mopsov.twse.com.tw/mops/web/ajax_t163sb05
中游,電源供應系統,2308,台達電,2026,2,balance_sheet,預收股款（權益項下）之約當發行股數（單位：股）,0,0,sii,https://mopsov.twse.com.tw/mops/web/ajax_t163sb05
中游,電源供應系統,2308,台達電,2026,2,balance_sheet,母公司暨子公司所持有之母公司庫藏股股數（單位：股）,0,0,sii,https://mopsov.twse.com.tw/mops/web/ajax_t163sb05
中游,電源供應系統,2308,台達電,2026,2,balance_sheet,每股參考淨值,113.07,113.07,sii,https://mopsov.twse.com.tw/mops/web/ajax_t163sb05
中游,電源供應系統,2301,光寶科,2026,2,cash_flow,營業活動之淨現金流入（流出）,-4238093,"-4,238,093",sii,https://mopsov.twse.com.tw/mops/web/ajax_t163sb20
中游,電源供應系統,2301,光寶科,2026,2,cash_flow,投資活動之淨現金流入（流出）,-7933001,"-7,933,001",sii,https://mopsov.twse.com.tw/mops/web/ajax_t163sb20
中游,電源供應系統,2301,光寶科,2026,2,cash_flow,籌資活動之淨現金流入（流出）,3923872,"3,923,872",sii,https://mopsov.twse.com.tw/mops/web/ajax_t163sb20
中游,電源供應系統,2301,光寶科,2026,2,cash_flow,匯率變動對現金及約當現金之影響,2462884,"2,462,884",sii,https://mopsov.twse.com.tw/mops/web/ajax_t163sb20
中游,電源供應系統,2301,光寶科,2026,2,cash_flow,本期現金及約當現金增加（減少）數,-5784338,"-5,784,338",sii,https://mopsov.twse.com.tw/mops/web/ajax_t163sb20
中游,電源供應系統,2301,光寶科,2026,2,cash_flow,期初現金及約當現金餘額,80974352,"80,974,352",sii,https://mopsov.twse.com.tw/mops/web/ajax_t163sb20
中游,電源供應系統,2301,光寶科,2026,2,cash_flow,期末現金及約當現金餘額,75190014,"75,190,014",sii,https://mopsov.twse.com.tw/mops/web/ajax_t163sb20
中游,電源供應系統,2308,台達電,2026,2,cash_flow,營業活動之淨現金流入（流出）,63100603,"63,100,603",sii,https://mopsov.twse.com.tw/mops/web/ajax_t163sb20
中游,電源供應系統,2308,台達電,2026,2,cash_flow,投資活動之淨現金流入（流出）,-30282455,"-30,282,455",sii,https://mopsov.twse.com.tw/mops/web/ajax_t163sb20
中游,電源供應系統,2308,台達電,2026,2,cash_flow,籌資活動之淨現金流入（流出）,-2619624,"-2,619,624",sii,https://mopsov.twse.com.tw/mops/web/ajax_t163sb20
中游,電源供應系統,2308,台達電,2026,2,cash_flow,匯率變動對現金及約當現金之影響,979505,"979,505",sii,https://mopsov.twse.com.tw/mops/web/ajax_t163sb20
中游,電源供應系統,2308,台達電,2026,2,cash_flow,本期現金及約當現金增加（減少）數,31178029,"31,178,029",sii,https://mopsov.twse.com.tw/mops/web/ajax_t163sb20
中游,電源供應系統,2308,台達電,2026,2,cash_flow,期初現金及約當現金餘額,151172175,"151,172,175",sii,https://mopsov.twse.com.tw/mops/web/ajax_t163sb20
中游,電源供應系統,2308,台達電,2026,2,cash_flow,期末現金及約當現金餘額,182350204,"182,350,204",sii,https://mopsov.twse.com.tw/mops/web/ajax_t163sb20
